<?xml version="1.0" encoding="utf-8"?>
<COLLADA xmlns="http://www.collada.org/2005/11/COLLADASchema" version="1.4.1">
  <asset>
    <contributor>
      <author>Blender User</author>
      <authoring_tool>Blender 2.76.0 commit date:2015-10-11, commit time:06:55, hash:48f7dd6</authoring_tool>
    </contributor>
    <created>2015-11-14T16:45:10</created>
    <modified>2015-11-14T16:45:10</modified>
    <unit name="meter" meter="1"/>
    <up_axis>Z_UP</up_axis>
  </asset>
  <library_images/>
  <library_effects>
    <effect id="Miscellaneous_Default_888-MoveIt-60-TCP-04-effect">
      <profile_COMMON>
        <technique sid="common">
          <lambert>
            <emission>
              <color sid="emission">0 0 0 1</color>
            </emission>
            <ambient>
              <color sid="ambient">0 0 0 1</color>
            </ambient>
            <diffuse>
              <color sid="diffuse">0.6 0.6 0.6 1</color>
            </diffuse>
            <index_of_refraction>
              <float sid="index_of_refraction">1</float>
            </index_of_refraction>
          </lambert>
        </technique>
      </profile_COMMON>
    </effect>
    <effect id="__105_229_888-MoveIt-60-TCP-04-effect">
      <profile_COMMON>
        <technique sid="common">
          <lambert>
            <emission>
              <color sid="emission">0 0 0 1</color>
            </emission>
            <ambient>
              <color sid="ambient">0 0 0 1</color>
            </ambient>
            <diffuse>
              <color sid="diffuse">0 0.3294118 0.7184314 1</color>
            </diffuse>
            <index_of_refraction>
              <float sid="index_of_refraction">1</float>
            </index_of_refraction>
          </lambert>
        </technique>
      </profile_COMMON>
    </effect>
    <effect id="__105_229_3_888-MoveIt-60-TCP-04-effect">
      <profile_COMMON>
        <technique sid="common">
          <lambert>
            <emission>
              <color sid="emission">0 0 0 1</color>
            </emission>
            <ambient>
              <color sid="ambient">0 0 0 1</color>
            </ambient>
            <diffuse>
              <color sid="diffuse">0 0.3294118 0.7184314 1</color>
            </diffuse>
            <index_of_refraction>
              <float sid="index_of_refraction">1</float>
            </index_of_refraction>
          </lambert>
        </technique>
      </profile_COMMON>
    </effect>
    <effect id="__105_229_2_888-MoveIt-60-TCP-04-effect">
      <profile_COMMON>
        <technique sid="common">
          <lambert>
            <emission>
              <color sid="emission">0 0 0 1</color>
            </emission>
            <ambient>
              <color sid="ambient">0 0 0 1</color>
            </ambient>
            <diffuse>
              <color sid="diffuse">0 0.3294118 0.7184314 1</color>
            </diffuse>
            <index_of_refraction>
              <float sid="index_of_refraction">1</float>
            </index_of_refraction>
          </lambert>
        </technique>
      </profile_COMMON>
    </effect>
    <effect id="__105_229_1_888-MoveIt-60-TCP-04-effect">
      <profile_COMMON>
        <technique sid="common">
          <lambert>
            <emission>
              <color sid="emission">0 0 0 1</color>
            </emission>
            <ambient>
              <color sid="ambient">0 0 0 1</color>
            </ambient>
            <diffuse>
              <color sid="diffuse">0 0.3294118 0.7184314 1</color>
            </diffuse>
            <index_of_refraction>
              <float sid="index_of_refraction">1</float>
            </index_of_refraction>
          </lambert>
        </technique>
      </profile_COMMON>
    </effect>
  </library_effects>
  <library_materials>
    <material id="Miscellaneous_Default_888-MoveIt-60-TCP-04-material" name="Miscellaneous_Default_888-MoveIt-60-TCP-04">
      <instance_effect url="#Miscellaneous_Default_888-MoveIt-60-TCP-04-effect"/>
    </material>
    <material id="__105_229_888-MoveIt-60-TCP-04-material" name="__105_229_888-MoveIt-60-TCP-04">
      <instance_effect url="#__105_229_888-MoveIt-60-TCP-04-effect"/>
    </material>
    <material id="__105_229_3_888-MoveIt-60-TCP-04-material" name="__105_229_3_888-MoveIt-60-TCP-04">
      <instance_effect url="#__105_229_3_888-MoveIt-60-TCP-04-effect"/>
    </material>
    <material id="__105_229_2_888-MoveIt-60-TCP-04-material" name="__105_229_2_888-MoveIt-60-TCP-04">
      <instance_effect url="#__105_229_2_888-MoveIt-60-TCP-04-effect"/>
    </material>
    <material id="__105_229_1_888-MoveIt-60-TCP-04-material" name="__105_229_1_888-MoveIt-60-TCP-04">
      <instance_effect url="#__105_229_1_888-MoveIt-60-TCP-04-effect"/>
    </material>
  </library_materials>
  <library_geometries>
    <geometry id="Untitled_015-mesh" name="Untitled.015">
      <mesh>
        <source id="Untitled_015-mesh-positions">
          <float_array id="Untitled_015-mesh-positions-array" count="6744">0 1.177165 0.1614173 -0.05520796 1.177165 0.1516826 -0.103757 1.177165 0.1236528 -0.1397915 1.177165 0.08070862 -0.158965 1.177165 0.02802979 -0.158965 1.177165 -0.02802979 -0.1397915 1.177165 -0.08070862 -0.103757 1.177165 -0.1236528 -0.05520796 1.177165 -0.1516826 0 1.177165 -0.1614173 0.05520796 1.177165 -0.1516826 0.103757 1.177165 -0.1236528 0.1397915 1.177165 -0.08070862 0.158965 1.177165 -0.02802979 0.158965 1.177165 0.02802979 0.1397915 1.177165 0.08070862 0.103757 1.177165 0.1236528 0.05520796 1.177165 0.1516826 -0.1653543 1.181102 0 -0.1553822 1.181102 0.05655449 -0.1266688 1.181102 0.1062877 -0.08267712 1.181102 0.143201 -0.02871346 1.181102 0.1628422 0.02871346 1.181102 0.1628422 0.08267712 1.181102 0.143201 0.1266688 1.181102 0.1062877 0.1553822 1.181102 0.05655449 0.1653543 1.181102 0 0.1553822 1.181102 -0.05655449 0.1266688 1.181102 -0.1062877 0.08267712 1.181102 -0.143201 0.02871346 1.181102 -0.1628422 -0.02871346 1.181102 -0.1628422 -0.08267712 1.181102 -0.143201 -0.1266688 1.181102 -0.1062877 -0.1553822 1.181102 -0.05655449 0 1.181102 0.1614173 -0.05520796 1.181102 0.1516826 -0.103757 1.181102 0.1236528 -0.1397915 1.181102 0.08070862 -0.158965 1.181102 0.02802979 -0.158965 1.181102 -0.02802979 -0.1397915 1.181102 -0.08070862 -0.103757 1.181102 -0.1236528 -0.05520796 1.181102 -0.1516826 0 1.181102 -0.1614173 0.05520796 1.181102 -0.1516826 0.103757 1.181102 -0.1236528 0.1397915 1.181102 -0.08070862 0.158965 1.181102 -0.02802979 0.158965 1.181102 0.02802979 0.1397915 1.181102 0.08070862 0.103757 1.181102 0.1236528 0.05520796 1.181102 0.1516826 0.6692914 3.413458 -0.07753223 0.6692914 3.441276 -0.05988234 0.6692914 3.474222 -0.05988234 0.6692914 3.50204 -0.07753223 0.6692914 3.494 -0.06583684 0.6692914 3.488982 -0.0525608 0.6692914 3.487277 -0.03847092 0.6692914 3.487277 0.03835469 0.6692914 3.488982 0.05244451 0.6692914 3.494 0.06572055 0.6692914 3.50204 0.077416 0.6692914 3.505482 0.08170568 0.6692914 3.509074 0.08726704 0.6692914 3.513952 0.09834527 0.6692914 3.516326 0.1089785 0.6692914 3.516468 0.1101853 0.6692914 3.516311 0.1089804 0.6692914 3.505427 0.08174598 0.6692914 3.482782 0.06310671 0.6692914 3.453963 0.05765986 0.6692914 3.426078 0.06674897 0.6692914 3.406005 0.0881322 0.6692914 3.398694 0.1165354 0.6692914 3.40039 0.1024251 0.6692914 3.405408 0.08912861 0.6692914 3.405956 0.08810532 0.6692914 3.413458 0.077416 0.6692914 3.421498 0.06572055 0.6692914 3.426516 0.05244451 0.6692914 3.428221 0.03835469 0.6692914 3.428221 -0.03847092 0.6692914 3.426516 -0.0525608 0.6692914 3.421498 -0.06583684 -0.6692914 3.428221 -0.03847092 -0.6692914 3.426516 -0.0525608 -0.6692914 3.421498 -0.06583684 -0.6692914 3.413458 -0.07753223 -0.6692914 3.50204 -0.07753223 -0.6692914 3.494 -0.06583684 -0.6692914 3.488982 -0.0525608 -0.6692914 3.487277 -0.03847092 -0.6692914 3.487277 0.03835469 -0.6692914 3.488982 0.05244451 -0.6692914 3.494 0.06572055 -0.6692914 3.50204 0.077416 -0.6692914 3.428221 0.03835469 -0.6692914 3.413458 0.077416 -0.6692914 3.421498 0.06572055 -0.6692914 3.426516 0.05244451 0.6692914 3.426253 -0.1165935 0.6692914 3.433622 -0.1368388 0.6692914 3.45228 -0.1476111 0.6692914 3.473497 -0.1438699 0.6692914 3.487345 -0.1273658 0.6692914 3.487345 -0.1058213 0.6692914 3.473497 -0.08931714 0.6692914 3.45228 -0.08557593 0.6692914 3.433622 -0.09634822 -0.6692914 3.426253 -0.1165935 -0.6692914 3.433622 -0.09634822 -0.6692914 3.45228 -0.08557593 -0.6692914 3.473497 -0.08931714 -0.6692914 3.487345 -0.1058213 -0.6692914 3.487345 -0.1273658 -0.6692914 3.473497 -0.1438699 -0.6692914 3.45228 -0.1476111 -0.6692914 3.433622 -0.1368388 0.6692914 3.426253 0.1164773 0.6692914 3.433622 0.09623199 0.6692914 3.45228 0.0854597 0.6692914 3.473497 0.08920091 0.6692914 3.487345 0.105705 0.6692914 3.487345 0.1272495 0.6692914 3.473497 0.1437537 0.6692914 3.45228 0.1474949 0.6692914 3.433622 0.1367226 -0.6692914 3.426253 0.1164773 -0.6692914 3.433622 0.1367226 -0.6692914 3.45228 0.1474949 -0.6692914 3.473497 0.1437537 -0.6692914 3.487345 0.1272495 -0.6692914 3.487345 0.105705 -0.6692914 3.473497 0.08920091 -0.6692914 3.45228 0.0854597 -0.6692914 3.433622 0.09623199 -0.6692914 3.398694 0.1165354 -0.6692914 3.40039 0.1024251 -0.6692914 3.405408 0.08912861 -0.6692914 3.405956 0.08810532 0.6692914 3.407164 0.1469515 0.6692914 3.430094 0.1686567 0.6692914 3.460928 0.1754468 0.6692914 3.490854 0.1653807 0.6692914 3.511317 0.1413358 -0.6692914 3.505482 0.08170568 -0.6692914 3.509074 0.08726704 -0.6692914 3.513952 0.09834527 -0.6692914 3.516326 0.1089785 -0.6692914 3.516468 0.1101853 -0.6692914 3.511317 0.1413358 -0.6692914 3.490854 0.1653807 -0.6692914 3.460928 0.1754468 -0.6692914 3.430094 0.1686567 -0.6692914 3.407164 0.1469515 -0.6692914 3.474222 -0.05988234 -0.6692914 3.441276 -0.05988234 -0.6692914 3.406005 0.0881322 -0.6692914 3.426078 0.06674897 -0.6692914 3.453963 0.05765986 -0.6692914 3.482782 0.06310671 -0.6692914 3.505427 0.08174598 -0.6692914 3.516311 0.1089804 0.6692914 3.465362 -0.1751559 -0.6692914 3.465362 -0.1751559 -0.6692914 3.4068 -0.182769 -0.8661417 3.4068 -0.182769 -0.8661417 2.66501 -0.2792016 -0.6692914 2.66501 -0.2792016 -0.6692914 2.606448 -0.2868148 0.6692914 2.606448 -0.2868148 0.6692914 2.66501 -0.2792016 0.8661417 2.66501 -0.2792016 0.8661417 3.4068 -0.182769 0.6692914 3.4068 -0.182769 0.6692914 3.493623 -0.1635034 0.6692914 3.512272 -0.1392815 0.6692914 3.516311 -0.1089804 0.6692914 3.523925 -0.1675428 0.6692914 3.399187 -0.1242066 0.6692914 3.410839 -0.1524679 0.6692914 3.435061 -0.1711165 -0.6692914 3.516311 -0.1089804 -0.6692914 3.512272 -0.1392815 -0.6692914 3.493623 -0.1635034 -0.6692914 3.523925 -0.1675428 -0.6692914 3.48703 -0.1204001 -0.6692914 3.477733 -0.1383311 -0.6692914 3.459085 -0.1460909 -0.6692914 3.439812 -0.1400485 -0.6692914 3.428932 -0.1230313 -0.6692914 3.431536 -0.1030018 -0.6692914 3.446405 -0.08933204 -0.6692914 3.466583 -0.08841818 -0.6692914 3.482626 -0.1006879 -0.6692914 3.48703 0.1204001 -0.6692914 3.482626 0.1006879 -0.6692914 3.466583 0.08841818 -0.6692914 3.446405 0.08933204 -0.6692914 3.431536 0.1030018 -0.6692914 3.428932 0.1230313 -0.6692914 3.439812 0.1400485 -0.6692914 3.459085 0.1460909 -0.6692914 3.477733 0.1383311 0.6692914 3.48703 0.1204001 0.6692914 3.477733 0.1383311 0.6692914 3.459085 0.1460909 0.6692914 3.439812 0.1400485 0.6692914 3.428932 0.1230313 0.6692914 3.431536 0.1030018 0.6692914 3.446405 0.08933204 0.6692914 3.466583 0.08841818 0.6692914 3.482626 0.1006879 0.6692914 2.601773 0.2874225 -0.6692914 2.601773 0.2874225 -0.6692914 2.5738 0.2819266 -0.6692914 2.551661 0.2639669 -0.6692914 2.540515 0.2377284 -0.6692914 2.540103 0.2346156 -0.6692914 2.539986 0.2333682 -0.6692914 2.539858 0.2314853 -0.6692914 2.539829 0.2308593 -0.6692914 2.53978 0.2283464 -0.6692914 2.5415 0.2142898 -0.6692914 2.546518 0.2010468 -0.6692914 2.554543 0.1893792 0.6692914 2.554543 0.1893792 0.6692914 2.546518 0.2010468 0.6692914 2.5415 0.2142898 0.6692914 2.53978 0.2283464 0.6692914 2.539829 0.2308593 0.6692914 2.539858 0.2314853 0.6692914 2.539986 0.2333682 0.6692914 2.540103 0.2346156 0.6692914 2.540515 0.2377284 0.6692914 2.551661 0.2639669 0.6692914 2.5738 0.2819266 -0.6692914 2.611074 0.2862133 0.6692914 2.611074 0.2862133 0.6692914 2.638215 0.2724483 0.6692914 2.654898 0.2469973 0.6692914 2.656694 0.2166186 0.6692914 2.643126 0.1893792 -0.6692914 2.643126 0.1893792 -0.6692914 2.656694 0.2166186 -0.6692914 2.654898 0.2469973 -0.6692914 2.638215 0.2724483 0.6692914 2.641337 0.1872513 0.6692914 2.614461 0.1713021 0.6692914 2.583209 0.1713021 0.6692914 2.556333 0.1872513 0.6692914 2.563417 0.176028 0.6692914 2.567816 0.163506 0.6692914 2.569307 0.1503179 0.6692914 2.569307 -0.1501298 0.6692914 2.567602 -0.1642196 0.6692914 2.562584 -0.1774957 0.6692914 2.554543 -0.1891911 0.6692914 2.582362 -0.1715412 0.6692914 2.615307 -0.1715412 0.6692914 2.643126 -0.1891911 0.6692914 2.635086 -0.1774957 0.6692914 2.630068 -0.1642196 0.6692914 2.628362 -0.1501298 0.6692914 2.628362 0.1503179 0.6692914 2.629854 0.163506 0.6692914 2.634253 0.176028 0.6692914 2.540272 0.2358655 0.6692914 2.539837 0.230859 0.6692914 2.540002 0.2333669 -0.6692914 2.540272 0.2358655 -0.6692914 2.540002 0.2333669 -0.6692914 2.539837 0.230859 -0.6692914 2.556333 0.1872513 -0.6692914 2.583209 0.1713021 -0.6692914 2.614461 0.1713021 -0.6692914 2.641337 0.1872513 -0.6692914 2.634253 0.176028 -0.6692914 2.629854 0.163506 -0.6692914 2.628362 0.1503179 -0.6692914 2.628362 -0.1501298 -0.6692914 2.630068 -0.1642196 -0.6692914 2.635086 -0.1774957 -0.6692914 2.643126 -0.1891911 -0.6692914 2.615307 -0.1715412 -0.6692914 2.582362 -0.1715412 -0.6692914 2.554543 -0.1891911 -0.6692914 2.562584 -0.1774957 -0.6692914 2.567602 -0.1642196 -0.6692914 2.569307 -0.1501298 -0.6692914 2.569307 0.1503179 -0.6692914 2.567816 0.163506 -0.6692914 2.563417 0.176028 -0.6692914 2.641922 0.1879699 -0.6692914 2.642518 0.1886793 0.6692914 2.642518 0.1886793 0.6692914 2.641922 0.1879699 0.6692914 2.555747 0.1879699 0.6692914 2.555151 0.1886793 -0.6692914 2.555151 0.1886793 -0.6692914 2.555747 0.1879699 0.6692914 2.630331 0.2284405 0.6692914 2.622962 0.2486857 0.6692914 2.604304 0.2594581 0.6692914 2.583086 0.2557169 0.6692914 2.569238 0.2392128 0.6692914 2.569238 0.2176682 0.6692914 2.583086 0.2011641 0.6692914 2.604304 0.1974229 0.6692914 2.622962 0.2081952 -0.6692914 2.630331 0.2284405 -0.6692914 2.622962 0.2081952 -0.6692914 2.604304 0.1974229 -0.6692914 2.583086 0.2011641 -0.6692914 2.569238 0.2176682 -0.6692914 2.569238 0.2392128 -0.6692914 2.583086 0.2557169 -0.6692914 2.604304 0.2594581 -0.6692914 2.622962 0.2486857 0.6692914 2.630331 -0.2282524 0.6692914 2.622962 -0.2080071 0.6692914 2.604304 -0.1972348 0.6692914 2.583086 -0.200976 0.6692914 2.569238 -0.2174801 0.6692914 2.569238 -0.2390246 0.6692914 2.583086 -0.2555288 0.6692914 2.604304 -0.25927 0.6692914 2.622962 -0.2484977 -0.6692914 2.630331 -0.2282524 -0.6692914 2.622962 -0.2484977 -0.6692914 2.604304 -0.25927 -0.6692914 2.583086 -0.2555288 -0.6692914 2.569238 -0.2390246 -0.6692914 2.569238 -0.2174801 -0.6692914 2.583086 -0.200976 -0.6692914 2.604304 -0.1972348 -0.6692914 2.622962 -0.2080071 0.6692914 2.547885 0.2944279 0.8661417 2.547885 0.2944279 0.8661417 1.806096 0.3908605 0.6692914 1.806096 0.3908605 0.6692914 1.750891 0.3980371 -0.6692914 1.750891 0.3980371 -0.6692914 1.806096 0.3908605 -0.8661417 1.806096 0.3908605 -0.8661417 2.547885 0.2944279 -0.6692914 2.547885 0.2944279 -0.6692914 2.547885 -0.2944279 -0.8661417 2.547885 -0.2944279 -0.8661417 1.806096 -0.3908605 -0.6692914 1.806096 -0.3908605 -0.6692914 1.747533 -0.3984736 0.6692914 1.747533 -0.3984736 0.6692914 1.806096 -0.3908605 0.8661417 1.806096 -0.3908605 0.8661417 2.547885 -0.2944279 0.6692914 2.547885 -0.2944279 -0.6692914 2.643219 0.1892972 -0.6692914 2.649035 0.1971483 -0.6692914 2.65447 0.2084474 -0.6692914 2.656731 0.2166113 -0.6692914 2.657397 0.2206393 -0.6692914 2.66501 0.2792016 -0.6692914 2.541456 0.2142792 -0.6692914 2.541686 0.2133705 -0.6692914 2.54644 0.2010067 -0.6692914 2.547326 0.1993671 -0.6692914 2.55445 0.1892972 0.6692914 2.55445 0.1892972 0.6692914 2.547326 0.1993671 0.6692914 2.54644 0.2010067 0.6692914 2.541686 0.2133705 0.6692914 2.541456 0.2142792 0.6692914 2.628116 0.232059 0.6692914 2.618818 0.2499899 0.6692914 2.600171 0.2577497 0.6692914 2.580898 0.2517074 0.6692914 2.570018 0.2346901 0.6692914 2.572621 0.2146607 0.6692914 2.587491 0.2009909 0.6692914 2.607668 0.2000771 0.6692914 2.623712 0.2123468 0.6692914 2.634709 -0.2751623 0.6692914 2.653358 -0.2509405 0.6692914 2.657397 -0.2206393 0.6692914 2.540272 -0.2358655 0.6692914 2.551925 -0.2641267 0.6692914 2.576147 -0.2827754 -0.6692914 2.657397 -0.2206393 -0.6692914 2.653358 -0.2509405 -0.6692914 2.634709 -0.2751623 -0.6692914 2.628116 -0.232059 -0.6692914 2.618818 -0.2499899 -0.6692914 2.600171 -0.2577497 -0.6692914 2.580898 -0.2517074 -0.6692914 2.570018 -0.2346901 -0.6692914 2.572621 -0.2146607 -0.6692914 2.587491 -0.2009909 -0.6692914 2.607668 -0.2000771 -0.6692914 2.623712 -0.2123468 0.6692914 1.680865 0.3399606 0.6692914 1.680922 0.3424881 0.6692914 1.681086 0.3450109 0.6692914 1.681358 0.3475244 0.6692914 1.681529 0.3488371 0.6692914 1.681345 0.347526 0.6692914 1.681159 0.3458907 0.6692914 1.681077 0.3450117 0.6692914 1.680938 0.3429293 -0.6692914 1.681358 0.3475244 -0.6692914 1.681086 0.3450109 -0.6692914 1.680922 0.3424881 -0.6692914 1.680865 0.3399606 -0.6692914 1.680938 0.3429293 -0.6692914 1.681077 0.3450117 -0.6692914 1.681159 0.3458907 -0.6692914 1.681345 0.347526 -0.6692914 1.681529 0.3488371 0.6692914 1.778572 0.3846591 0.6692914 1.795778 0.35918 0.6692914 1.797844 0.3285053 0.6692914 1.784212 0.3009487 -0.6692914 1.784212 0.3009487 -0.6692914 1.797844 0.3285053 -0.6692914 1.795778 0.35918 -0.6692914 1.778572 0.3846591 0.6692914 1.74415 0.3989134 -0.6692914 1.74415 0.3989134 -0.6692914 1.715528 0.3937921 -0.6692914 1.692819 0.3756326 -0.6692914 1.682579 0.3258882 -0.6692914 1.687596 0.3126295 -0.6692914 1.695629 0.3009487 0.6692914 1.695629 0.3009487 0.6692914 1.687596 0.3126295 0.6692914 1.682579 0.3258882 0.6692914 1.692819 0.3756326 0.6692914 1.715528 0.3937921 -0.6692914 1.710393 -0.2617887 -0.6692914 1.708687 -0.2758785 -0.6692914 1.70367 -0.2891545 -0.6692914 1.695629 -0.30085 0.6692914 1.695629 -0.30085 0.6692914 1.70367 -0.2891545 0.6692914 1.708687 -0.2758785 0.6692914 1.710393 -0.2617887 -0.6692914 1.784212 -0.30085 -0.6692914 1.776171 -0.2891545 -0.6692914 1.771153 -0.2758785 -0.6692914 1.769448 -0.2617887 0.6692914 1.769448 -0.2617887 0.6692914 1.771153 -0.2758785 0.6692914 1.776171 -0.2891545 0.6692914 1.784212 -0.30085 -0.6692914 1.782914 0.2994263 -0.6692914 1.783341 0.2999386 -0.6692914 1.783773 0.3004461 0.6692914 1.783773 0.3004461 0.6692914 1.783341 0.2999386 0.6692914 1.782914 0.2994263 0.6692914 1.775567 0.2880646 0.6692914 1.770998 0.2753288 0.6692914 1.769448 0.2618874 -0.6692914 1.769448 0.2618874 -0.6692914 1.770998 0.2753288 -0.6692914 1.775567 0.2880646 -0.6692914 1.710393 0.2618874 0.6692914 1.710393 0.2618874 -0.6692914 1.696927 0.2994263 -0.6692914 1.704274 0.2880646 -0.6692914 1.708843 0.2753288 0.6692914 1.708843 0.2753288 0.6692914 1.704274 0.2880646 0.6692914 1.696927 0.2994263 0.6692914 1.6965 0.2999386 0.6692914 1.696067 0.3004461 -0.6692914 1.696067 0.3004461 -0.6692914 1.6965 0.2999386 0.6692914 1.708424 -0.3399113 0.6692914 1.715793 -0.3601565 0.6692914 1.734451 -0.3709288 0.6692914 1.755668 -0.3671876 0.6692914 1.769517 -0.3506835 0.6692914 1.769517 -0.329139 0.6692914 1.755668 -0.3126349 0.6692914 1.734451 -0.3088937 0.6692914 1.715793 -0.319666 -0.6692914 1.708424 -0.3399113 -0.6692914 1.715793 -0.319666 -0.6692914 1.734451 -0.3088937 -0.6692914 1.755668 -0.3126349 -0.6692914 1.769517 -0.329139 -0.6692914 1.769517 -0.3506835 -0.6692914 1.755668 -0.3671876 -0.6692914 1.734451 -0.3709288 -0.6692914 1.715793 -0.3601565 0.6692914 1.708424 0.34001 0.6692914 1.715793 0.3197647 0.6692914 1.734451 0.3089924 0.6692914 1.755668 0.3127336 0.6692914 1.769517 0.3292377 0.6692914 1.769517 0.3507823 0.6692914 1.755668 0.3672864 0.6692914 1.734451 0.3710275 0.6692914 1.715793 0.3602553 -0.6692914 1.708424 0.34001 -0.6692914 1.715793 0.3602553 -0.6692914 1.734451 0.3710275 -0.6692914 1.755668 0.3672864 -0.6692914 1.769517 0.3507823 -0.6692914 1.769517 0.3292377 -0.6692914 1.755668 0.3127336 -0.6692914 1.734451 0.3089924 -0.6692914 1.715793 0.3197647 0.6692914 1.723448 -0.2832001 0.6692914 1.756393 -0.2832001 0.6692914 1.755775 0.2830243 0.6692914 1.724065 0.2830243 -0.6692914 1.756393 -0.2832001 -0.6692914 1.723448 -0.2832001 -0.6692914 1.724065 0.2830243 -0.6692914 1.755775 0.2830243 0.8661417 3.523925 -0.1675428 0.8661417 4.394285 -0.05439585 -0.8661417 4.394285 -0.05439585 -0.8661417 3.523925 -0.1675428 -0.8661417 2.66501 0.2792016 -0.8661417 3.4068 0.182769 -0.6692914 3.4068 0.182769 -0.6692914 3.523925 0.1675428 -0.8661417 3.523925 0.1675428 -0.8661417 4.394285 0.05439585 0.8661417 4.394285 0.05439585 0.8661417 3.523925 0.1675428 0.6692914 3.523925 0.1675428 0.6692914 3.4068 0.182769 0.8661417 3.4068 0.182769 0.8661417 2.66501 0.2792016 0.6692914 2.66501 0.2792016 -0.6692914 1.798483 -0.3322982 -0.6692914 1.794443 -0.3625993 -0.6692914 1.775795 -0.3868212 -0.6692914 1.769202 -0.3437178 -0.6692914 1.759904 -0.3616488 -0.6692914 1.741256 -0.3694086 -0.6692914 1.721983 -0.3633662 -0.6692914 1.711103 -0.346349 -0.6692914 1.713707 -0.3263195 -0.6692914 1.728576 -0.3126497 -0.6692914 1.748754 -0.3117359 -0.6692914 1.764798 -0.3240057 0.6692914 1.681358 -0.3475244 0.6692914 1.693011 -0.3757856 0.6692914 1.717232 -0.3944343 0.6692914 1.688971 -0.4060867 0.6692914 1.769202 -0.3437178 0.6692914 1.764798 -0.3240057 0.6692914 1.748754 -0.3117359 0.6692914 1.728576 -0.3126497 0.6692914 1.713707 -0.3263195 0.6692914 1.711103 -0.346349 0.6692914 1.721983 -0.3633662 0.6692914 1.741256 -0.3694086 0.6692914 1.759904 -0.3616488 -0.6692914 1.688971 0.4060867 -0.6692914 1.784261 0.3009056 -0.6692914 1.790369 0.3092122 -0.6692914 1.795635 0.3203303 -0.6692914 1.797863 0.3285016 -0.6692914 1.798483 0.3322982 -0.6692914 1.769202 0.3437178 -0.6692914 1.764798 0.3240057 -0.6692914 1.748754 0.3117359 -0.6692914 1.728576 0.3126497 -0.6692914 1.713707 0.3263195 -0.6692914 1.711103 0.346349 -0.6692914 1.721983 0.3633662 -0.6692914 1.741256 0.3694086 -0.6692914 1.759904 0.3616488 0.6692914 1.798483 0.3322982 0.6692914 1.797863 0.3285016 0.6692914 1.795635 0.3203303 0.6692914 1.790369 0.3092122 0.6692914 1.784261 0.3009056 0.6692914 1.688971 0.4060867 0.6692914 1.69558 0.3009056 0.6692914 1.688188 0.3114284 0.6692914 1.687556 0.3126084 0.6692914 1.682719 0.3252306 0.6692914 1.682556 0.3258826 -0.2570148 1.181102 -0.3062273 -0.2664135 1.181102 -0.2773009 -0.2910198 1.181102 -0.2594234 -0.3214349 1.181102 -0.2594234 -0.3460412 1.181102 -0.2773009 -0.35544 1.181102 -0.3062273 -0.3460412 1.181102 -0.3351538 -0.3214349 1.181102 -0.3530313 -0.2910198 1.181102 -0.3530313 -0.2664135 1.181102 -0.3351538 -0.2570148 1.181102 0.3062273 -0.2664135 1.181102 0.3351538 -0.2910198 1.181102 0.3530313 -0.3214349 1.181102 0.3530313 -0.3460412 1.181102 0.3351538 -0.35544 1.181102 0.3062273 -0.3460412 1.181102 0.2773009 -0.3214349 1.181102 0.2594234 -0.2910198 1.181102 0.2594234 -0.2664135 1.181102 0.2773009 0.35544 1.181102 0.3062273 0.3460412 1.181102 0.3351538 0.3214349 1.181102 0.3530313 0.2910198 1.181102 0.3530313 0.2664135 1.181102 0.3351538 0.2570148 1.181102 0.3062273 0.2664135 1.181102 0.2773009 0.2910198 1.181102 0.2594234 0.3214349 1.181102 0.2594234 0.3460412 1.181102 0.2773009 0.35544 1.181102 -0.3062273 0.3460412 1.181102 -0.2773009 0.3214349 1.181102 -0.2594234 0.2910198 1.181102 -0.2594234 0.2664135 1.181102 -0.2773009 0.2570148 1.181102 -0.3062273 0.2664135 1.181102 -0.3351538 0.2910198 1.181102 -0.3530313 0.3214349 1.181102 -0.3530313 0.3460412 1.181102 -0.3351538 0.4527559 1.181102 0.09842514 0.4527559 1.181102 -0.09842514 0.4606678 1.181102 -0.1279527 0.4822835 1.181102 -0.1495684 0.511811 1.181102 -0.1574803 0.5708662 1.181102 -0.1574803 0.6003937 1.181102 -0.1495684 0.6220094 1.181102 -0.1279527 0.6299213 1.181102 -0.09842514 0.6299213 1.181102 0.09842514 0.6220094 1.181102 0.1279527 0.6003937 1.181102 0.1495684 0.5708662 1.181102 0.1574803 0.511811 1.181102 0.1574803 0.4822835 1.181102 0.1495684 0.4606678 1.181102 0.1279527 -0.511811 1.181102 0.1574803 -0.5708662 1.181102 0.1574803 -0.6003937 1.181102 0.1495684 -0.6220094 1.181102 0.1279527 -0.6299213 1.181102 0.09842514 -0.6299213 1.181102 -0.09842514 -0.6220094 1.181102 -0.1279527 -0.6003937 1.181102 -0.1495684 -0.5708662 1.181102 -0.1574803 -0.511811 1.181102 -0.1574803 -0.4822835 1.181102 -0.1495684 -0.4606678 1.181102 -0.1279527 -0.4527559 1.181102 -0.09842514 -0.4527559 1.181102 0.09842514 -0.4606678 1.181102 0.1279527 -0.4822835 1.181102 0.1495684 0.738189 1.181102 -0.3149606 0.7287902 1.181102 -0.2860342 0.7041839 1.181102 -0.2681567 0.6737688 1.181102 -0.2681567 0.6491625 1.181102 -0.2860342 0.6397638 1.181102 -0.3149606 0.6491625 1.181102 -0.343887 0.6737688 1.181102 -0.3617646 0.7041839 1.181102 -0.3617646 0.7287902 1.181102 -0.343887 0.738189 1.181102 0.3149606 0.7287902 1.181102 0.343887 0.7041839 1.181102 0.3617646 0.6737688 1.181102 0.3617646 0.6491625 1.181102 0.343887 0.6397638 1.181102 0.3149606 0.6491625 1.181102 0.2860342 0.6737688 1.181102 0.2681567 0.7041839 1.181102 0.2681567 0.7287902 1.181102 0.2860342 -0.6397638 1.181102 -0.3149606 -0.6491625 1.181102 -0.2860342 -0.6737688 1.181102 -0.2681567 -0.7041839 1.181102 -0.2681567 -0.7287902 1.181102 -0.2860342 -0.738189 1.181102 -0.3149606 -0.7287902 1.181102 -0.343887 -0.7041839 1.181102 -0.3617646 -0.6737688 1.181102 -0.3617646 -0.6491625 1.181102 -0.343887 -0.6397638 1.181102 0.3149606 -0.6491625 1.181102 0.343887 -0.6737688 1.181102 0.3617646 -0.7041839 1.181102 0.3617646 -0.7287902 1.181102 0.343887 -0.738189 1.181102 0.3149606 -0.7287902 1.181102 0.2860342 -0.7041839 1.181102 0.2681567 -0.6737688 1.181102 0.2681567 -0.6491625 1.181102 0.2860342 0.1377952 1.181102 0.3641732 0.1088688 1.181102 0.3547744 0.09099131 1.181102 0.3301681 0.09099131 1.181102 0.2997531 0.1088688 1.181102 0.2751468 0.1377952 1.181102 0.265748 0.1667217 1.181102 0.2751468 0.1845992 1.181102 0.2997531 0.1845992 1.181102 0.3301681 0.1667217 1.181102 0.3547744 -0.3641732 1.181102 0.1377952 -0.3547744 1.181102 0.1088688 -0.3301681 1.181102 0.09099131 -0.2997531 1.181102 0.09099131 -0.2751468 1.181102 0.1088688 -0.265748 1.181102 0.1377952 -0.2751468 1.181102 0.1667217 -0.2997531 1.181102 0.1845992 -0.3301681 1.181102 0.1845992 -0.3547744 1.181102 0.1667217 -0.1377952 1.181102 -0.3641732 -0.1088688 1.181102 -0.3547744 -0.09099131 1.181102 -0.3301681 -0.09099131 1.181102 -0.2997531 -0.1088688 1.181102 -0.2751468 -0.1377952 1.181102 -0.265748 -0.1667217 1.181102 -0.2751468 -0.1845992 1.181102 -0.2997531 -0.1845992 1.181102 -0.3301681 -0.1667217 1.181102 -0.3547744 0.3641732 1.181102 -0.1377952 0.3547744 1.181102 -0.1088688 0.3301681 1.181102 -0.09099131 0.2997531 1.181102 -0.09099131 0.2751468 1.181102 -0.1088688 0.265748 1.181102 -0.1377952 0.2751468 1.181102 -0.1667217 0.2997531 1.181102 -0.1845992 0.3301681 1.181102 -0.1845992 0.3547744 1.181102 -0.1667217 -0.1833407 1.181102 -0.2227108 -0.1925516 1.181102 -0.1974042 -0.2158742 1.181102 -0.1839388 -0.2423958 1.181102 -0.1886153 -0.2597066 1.181102 -0.2092454 -0.2597066 1.181102 -0.2361761 -0.2423958 1.181102 -0.2568063 -0.2158742 1.181102 -0.2614828 -0.1925516 1.181102 -0.2480174 -0.2755905 1.181102 0 -0.2848014 1.181102 0.02530658 -0.3081241 1.181102 0.03877192 -0.3346457 1.181102 0.03409546 -0.3519564 1.181102 0.01346534 -0.3519564 1.181102 -0.01346534 -0.3346457 1.181102 -0.03409546 -0.3081241 1.181102 -0.03877192 -0.2848014 1.181102 -0.02530658 -0.1833407 1.181102 0.2227108 -0.1925516 1.181102 0.2480174 -0.2158742 1.181102 0.2614828 -0.2423958 1.181102 0.2568063 -0.2597066 1.181102 0.2361761 -0.2597066 1.181102 0.2092454 -0.2423958 1.181102 0.1886153 -0.2158742 1.181102 0.1839388 -0.1925516 1.181102 0.1974042 0.03937005 1.181102 0.3149606 0.03015923 1.181102 0.3402672 0.006836533 1.181102 0.3537326 -0.01968502 1.181102 0.3490561 -0.03699576 1.181102 0.328426 -0.03699576 1.181102 0.3014953 -0.01968502 1.181102 0.2808651 0.006836533 1.181102 0.2761887 0.03015923 1.181102 0.289654 0.2620809 1.181102 0.2227108 0.25287 1.181102 0.2480174 0.2295473 1.181102 0.2614828 0.2030257 1.181102 0.2568063 0.185715 1.181102 0.2361761 0.185715 1.181102 0.2092454 0.2030257 1.181102 0.1886153 0.2295473 1.181102 0.1839388 0.25287 1.181102 0.1974042 0.3543307 1.181102 0 0.3451198 1.181102 0.02530658 0.3217971 1.181102 0.03877192 0.2952756 1.181102 0.03409546 0.2779648 1.181102 0.01346534 0.2779648 1.181102 -0.01346534 0.2952756 1.181102 -0.03409546 0.3217971 1.181102 -0.03877192 0.3451198 1.181102 -0.02530658 0.2620809 1.181102 -0.2227108 0.25287 1.181102 -0.1974042 0.2295473 1.181102 -0.1839388 0.2030257 1.181102 -0.1886153 0.185715 1.181102 -0.2092454 0.185715 1.181102 -0.2361761 0.2030257 1.181102 -0.2568063 0.2295473 1.181102 -0.2614828 0.25287 1.181102 -0.2480174 0.03937005 1.181102 -0.3149606 0.03015923 1.181102 -0.289654 0.006836533 1.181102 -0.2761887 -0.01968502 1.181102 -0.2808651 -0.03699576 1.181102 -0.3014953 -0.03699576 1.181102 -0.328426 -0.01968502 1.181102 -0.3490561 0.006836533 1.181102 -0.3537326 0.03015923 1.181102 -0.3402672 0.8070866 1.181102 0.4221721 0.8070866 1.181102 -0.4221721 0.8661417 1.181102 -0.4221721 0.8661417 1.181102 0.4221721 0.1614173 1.102362 0 0.1516826 1.102362 -0.05520796 0.1236528 1.102362 -0.103757 0.08070862 1.102362 -0.1397915 0.02802979 1.102362 -0.158965 -0.02802979 1.102362 -0.158965 -0.08070862 1.102362 -0.1397915 -0.1236528 1.102362 -0.103757 -0.1516826 1.102362 -0.05520796 -0.1614173 1.102362 0 -0.1516826 1.102362 0.05520796 -0.1236528 1.102362 0.103757 -0.08070862 1.102362 0.1397915 -0.02802979 1.102362 0.158965 0.02802979 1.102362 0.158965 0.08070862 1.102362 0.1397915 0.1236528 1.102362 0.103757 0.1516826 1.102362 0.05520796 0 1.122047 0.1614173 -0.05520796 1.122047 0.1516826 -0.103757 1.122047 0.1236528 -0.1397915 1.122047 0.08070862 -0.158965 1.122047 0.02802979 -0.158965 1.122047 -0.02802979 -0.1397915 1.122047 -0.08070862 -0.103757 1.122047 -0.1236528 -0.05520796 1.122047 -0.1516826 0 1.122047 -0.1614173 0.05520796 1.122047 -0.1516826 0.103757 1.122047 -0.1236528 0.1397915 1.122047 -0.08070862 0.158965 1.122047 -0.02802979 0.158965 1.122047 0.02802979 0.1397915 1.122047 0.08070862 0.103757 1.122047 0.1236528 0.05520796 1.122047 0.1516826 -0.8661417 1.181102 -0.4221721 -0.8661417 1.188108 -0.4546396 -0.8661417 1.207877 -0.4813299 -0.8661417 1.236894 -0.4974938 -0.8661417 1.269993 -0.5002552 0.8661417 1.269993 -0.5002552 0.8661417 1.236894 -0.4974938 0.8661417 1.207877 -0.4813299 0.8661417 1.188108 -0.4546396 -0.8070866 1.181102 -0.4221721 -0.8661417 1.220472 0.4221721 -0.8661417 1.226627 0.4433076 -0.8661417 1.243165 0.4578354 -0.8661417 1.264918 0.4612137 0.8661417 1.264918 0.4612137 0.8661417 1.243165 0.4578354 0.8661417 1.226627 0.4433076 0.8661417 1.220472 0.4221721 -0.6692914 1.688971 -0.4060867 -0.8661417 1.688971 -0.4060867 -0.8661417 1.264918 -0.4612137 0.8661417 1.264918 -0.4612137 0.8661417 1.688971 -0.4060867 0.8661417 1.688971 0.4060867 -0.8661417 1.688971 0.4060867 -0.8661417 4.517471 -0.07808309 -0.8661417 1.181102 0.4221721 -0.8661417 1.188108 0.4546396 -0.8661417 1.207877 0.4813299 -0.8661417 1.236894 0.4974938 -0.8661417 1.269993 0.5002552 -0.8661417 4.517471 0.07808309 -0.8661417 4.552413 0.06454902 -0.8661417 4.577144 0.03639596 -0.8661417 4.58606 0 -0.8661417 4.577144 -0.03639596 -0.8661417 4.552413 -0.06454902 -0.8661417 3.48703 -0.1204001 -0.8661417 3.482626 -0.1006879 -0.8661417 3.466583 -0.08841818 -0.8661417 3.446405 -0.08933204 -0.8661417 3.431536 -0.1030018 -0.8661417 3.428932 -0.1230313 -0.8661417 3.439812 -0.1400485 -0.8661417 3.459085 -0.1460909 -0.8661417 3.477733 -0.1383311 -0.8661417 2.628116 -0.232059 -0.8661417 2.623712 -0.2123468 -0.8661417 2.607668 -0.2000771 -0.8661417 2.587491 -0.2009909 -0.8661417 2.572621 -0.2146607 -0.8661417 2.570018 -0.2346901 -0.8661417 2.580898 -0.2517074 -0.8661417 2.600171 -0.2577497 -0.8661417 2.618818 -0.2499899 -0.8661417 1.769202 -0.3437178 -0.8661417 1.764798 -0.3240057 -0.8661417 1.748754 -0.3117359 -0.8661417 1.728576 -0.3126497 -0.8661417 1.713707 -0.3263195 -0.8661417 1.711103 -0.346349 -0.8661417 1.721983 -0.3633662 -0.8661417 1.741256 -0.3694086 -0.8661417 1.759904 -0.3616488 -0.8661417 3.48703 0.1204001 -0.8661417 3.477733 0.1383311 -0.8661417 3.459085 0.1460909 -0.8661417 3.439812 0.1400485 -0.8661417 3.428932 0.1230313 -0.8661417 3.431536 0.1030018 -0.8661417 3.446405 0.08933204 -0.8661417 3.466583 0.08841818 -0.8661417 3.482626 0.1006879 -0.8661417 2.628116 0.232059 -0.8661417 2.618818 0.2499899 -0.8661417 2.600171 0.2577497 -0.8661417 2.580898 0.2517074 -0.8661417 2.570018 0.2346901 -0.8661417 2.572621 0.2146607 -0.8661417 2.587491 0.2009909 -0.8661417 2.607668 0.2000771 -0.8661417 2.623712 0.2123468 -0.8661417 1.769202 0.3437178 -0.8661417 1.759904 0.3616488 -0.8661417 1.741256 0.3694086 -0.8661417 1.721983 0.3633662 -0.8661417 1.711103 0.346349 -0.8661417 1.713707 0.3263195 -0.8661417 1.728576 0.3126497 -0.8661417 1.748754 0.3117359 -0.8661417 1.764798 0.3240057 -0.8661417 4.411756 -0.04762881 -0.8661417 4.424122 -0.03355228 -0.8661417 4.42858 -0.01535433 -0.8661417 4.42858 0.01535433 -0.8661417 4.424122 0.03355228 -0.8661417 4.411756 0.04762881 -0.8661417 3.516311 0.1089804 -0.8661417 3.504659 0.08071923 -0.8661417 3.480437 0.06207048 -0.8661417 3.450136 0.0580312 -0.8661417 3.421875 0.06968361 -0.8661417 3.403226 0.0939055 -0.8661417 3.399187 0.1242066 -0.8661417 2.657397 0.2206393 -0.8661417 2.645745 0.1923781 -0.8661417 2.621523 0.1737294 -0.8661417 2.591222 0.16969 -0.8661417 2.56296 0.1813425 -0.8661417 2.544312 0.2055643 -0.8661417 2.540272 0.2358655 -0.8661417 1.798483 0.3322982 -0.8661417 1.78683 0.3040369 -0.8661417 1.762608 0.2853882 -0.8661417 1.732307 0.281349 -0.8661417 1.704046 0.2930014 -0.8661417 1.685397 0.3172233 -0.8661417 1.681358 0.3475244 -0.8661417 1.220472 -0.4221721 -0.8661417 1.226627 -0.4433076 -0.8661417 1.243165 -0.4578354 -0.8661417 1.681358 -0.3475244 -0.8661417 1.685397 -0.3172233 -0.8661417 1.704046 -0.2930014 -0.8661417 1.732307 -0.281349 -0.8661417 1.762608 -0.2853882 -0.8661417 1.78683 -0.3040369 -0.8661417 1.798483 -0.3322982 -0.8661417 2.540272 -0.2358655 -0.8661417 2.544312 -0.2055643 -0.8661417 2.56296 -0.1813425 -0.8661417 2.591222 -0.16969 -0.8661417 2.621523 -0.1737294 -0.8661417 2.645745 -0.1923781 -0.8661417 2.657397 -0.2206393 -0.8661417 3.399187 -0.1242066 -0.8661417 3.403226 -0.0939055 -0.8661417 3.421875 -0.06968361 -0.8661417 3.450136 -0.0580312 -0.8661417 3.480437 -0.06207048 -0.8661417 3.504659 -0.08071923 -0.8661417 3.516311 -0.1089804 0.8661417 4.517471 -0.07808309 0.8661417 4.552413 -0.06454902 0.8661417 4.577144 -0.03639596 0.8661417 4.58606 0 0.8661417 4.577144 0.03639596 0.8661417 4.552413 0.06454902 0.8661417 4.517471 0.07808309 0.8661417 1.269993 0.5002552 0.8661417 1.236894 0.4974938 0.8661417 1.207877 0.4813299 0.8661417 1.188108 0.4546396 0.8661417 1.769202 0.3437178 0.8661417 1.764798 0.3240057 0.8661417 1.748754 0.3117359 0.8661417 1.728576 0.3126497 0.8661417 1.713707 0.3263195 0.8661417 1.711103 0.346349 0.8661417 1.721983 0.3633662 0.8661417 1.741256 0.3694086 0.8661417 1.759904 0.3616488 0.8661417 2.628116 0.232059 0.8661417 2.623712 0.2123468 0.8661417 2.607668 0.2000771 0.8661417 2.587491 0.2009909 0.8661417 2.572621 0.2146607 0.8661417 2.570018 0.2346901 0.8661417 2.580898 0.2517074 0.8661417 2.600171 0.2577497 0.8661417 2.618818 0.2499899 0.8661417 3.48703 0.1204001 0.8661417 3.482626 0.1006879 0.8661417 3.466583 0.08841818 0.8661417 3.446405 0.08933204 0.8661417 3.431536 0.1030018 0.8661417 3.428932 0.1230313 0.8661417 3.439812 0.1400485 0.8661417 3.459085 0.1460909 0.8661417 3.477733 0.1383311 0.8661417 1.769202 -0.3437178 0.8661417 1.759904 -0.3616488 0.8661417 1.741256 -0.3694086 0.8661417 1.721983 -0.3633662 0.8661417 1.711103 -0.346349 0.8661417 1.713707 -0.3263195 0.8661417 1.728576 -0.3126497 0.8661417 1.748754 -0.3117359 0.8661417 1.764798 -0.3240057 0.8661417 2.628116 -0.232059 0.8661417 2.618818 -0.2499899 0.8661417 2.600171 -0.2577497 0.8661417 2.580898 -0.2517074 0.8661417 2.570018 -0.2346901 0.8661417 2.572621 -0.2146607 0.8661417 2.587491 -0.2009909 0.8661417 2.607668 -0.2000771 0.8661417 2.623712 -0.2123468 0.8661417 3.48703 -0.1204001 0.8661417 3.477733 -0.1383311 0.8661417 3.459085 -0.1460909 0.8661417 3.439812 -0.1400485 0.8661417 3.428932 -0.1230313 0.8661417 3.431536 -0.1030018 0.8661417 3.446405 -0.08933204 0.8661417 3.466583 -0.08841818 0.8661417 3.482626 -0.1006879 0.8661417 4.411756 0.04762881 0.8661417 4.424122 0.03355228 0.8661417 4.42858 0.01535433 0.8661417 4.42858 -0.01535433 0.8661417 4.424122 -0.03355228 0.8661417 4.411756 -0.04762881 0.8661417 3.516311 -0.1089804 0.8661417 3.504659 -0.08071923 0.8661417 3.480437 -0.06207048 0.8661417 3.450136 -0.0580312 0.8661417 3.421875 -0.06968361 0.8661417 3.403226 -0.0939055 0.8661417 3.399187 -0.1242066 0.8661417 2.657397 -0.2206393 0.8661417 2.645745 -0.1923781 0.8661417 2.621523 -0.1737294 0.8661417 2.591222 -0.16969 0.8661417 2.56296 -0.1813425 0.8661417 2.544312 -0.2055643 0.8661417 2.540272 -0.2358655 0.8661417 1.798483 -0.3322982 0.8661417 1.78683 -0.3040369 0.8661417 1.762608 -0.2853882 0.8661417 1.732307 -0.281349 0.8661417 1.704046 -0.2930014 0.8661417 1.685397 -0.3172233 0.8661417 1.681358 -0.3475244 0.8661417 1.243165 -0.4578354 0.8661417 1.226627 -0.4433076 0.8661417 1.220472 -0.4221721 0.8661417 1.681358 0.3475244 0.8661417 1.685397 0.3172233 0.8661417 1.704046 0.2930014 0.8661417 1.732307 0.281349 0.8661417 1.762608 0.2853882 0.8661417 1.78683 0.3040369 0.8661417 1.798483 0.3322982 0.8661417 2.540272 0.2358655 0.8661417 2.544312 0.2055643 0.8661417 2.56296 0.1813425 0.8661417 2.591222 0.16969 0.8661417 2.621523 0.1737294 0.8661417 2.645745 0.1923781 0.8661417 2.657397 0.2206393 0.8661417 3.399187 0.1242066 0.8661417 3.403226 0.0939055 0.8661417 3.421875 0.06968361 0.8661417 3.450136 0.0580312 0.8661417 3.480437 0.06207048 0.8661417 3.504659 0.08071923 0.8661417 3.516311 0.1089804 -0.8070866 1.181102 0.4221721 -0.6692914 2.540272 -0.2358655 -0.6692914 1.717232 -0.3944343 -0.6692914 1.693011 -0.3757856 -0.6692914 1.681358 -0.3475244 0.6692914 1.798483 -0.3322982 0.6692914 1.794443 -0.3625993 0.6692914 1.775795 -0.3868212 0.6692914 3.48703 -0.1204001 0.6692914 3.482626 -0.1006879 0.6692914 3.466583 -0.08841818 0.6692914 3.446405 -0.08933204 0.6692914 3.431536 -0.1030018 0.6692914 3.428932 -0.1230313 0.6692914 3.439812 -0.1400485 0.6692914 3.459085 -0.1460909 0.6692914 3.477733 -0.1383311 -0.6692914 3.399187 -0.1242066 -0.6692914 3.410839 -0.1524679 -0.6692914 3.435061 -0.1711165 0.6692914 2.628116 -0.232059 0.6692914 2.623712 -0.2123468 0.6692914 2.607668 -0.2000771 0.6692914 2.587491 -0.2009909 0.6692914 2.572621 -0.2146607 0.6692914 2.570018 -0.2346901 0.6692914 2.580898 -0.2517074 0.6692914 2.600171 -0.2577497 0.6692914 2.618818 -0.2499899 -0.6692914 2.551925 -0.2641267 -0.6692914 2.576147 -0.2827754 -0.6692914 3.399187 0.1242066 -0.6692914 3.398911 0.1216575 -0.6692914 3.398747 0.1190988 -0.6692914 2.628116 0.232059 -0.6692914 2.623712 0.2123468 -0.6692914 2.607668 0.2000771 -0.6692914 2.587491 0.2009909 -0.6692914 2.572621 0.2146607 -0.6692914 2.570018 0.2346901 -0.6692914 2.580898 0.2517074 -0.6692914 2.600171 0.2577497 -0.6692914 2.618818 0.2499899 -0.6692914 1.682556 0.3258826 -0.6692914 1.682719 0.3252306 -0.6692914 1.687556 0.3126084 -0.6692914 1.688188 0.3114284 -0.6692914 1.69558 0.3009056 -0.3149606 1.220472 -0.07874011 -0.283033 1.220472 -0.08811491 -0.2612422 1.220472 -0.1132628 -0.2565066 1.220472 -0.1461997 -0.2703297 1.220472 -0.1764681 -0.2983229 1.220472 -0.1944582 -0.3315984 1.220472 -0.1944582 -0.3595915 1.220472 -0.1764681 -0.3734146 1.220472 -0.1461997 -0.3686791 1.220472 -0.1132628 -0.3468883 1.220472 -0.08811491 -0.2559055 1.181102 -0.1377952 -0.2652803 1.181102 -0.1058676 -0.2904282 1.181102 -0.08407682 -0.323365 1.181102 -0.07934123 -0.3536335 1.181102 -0.09316438 -0.3716236 1.181102 -0.1211575 -0.3716236 1.181102 -0.154433 -0.3536335 1.181102 -0.1824261 -0.323365 1.181102 -0.1962493 -0.2904282 1.181102 -0.1915137 -0.2652803 1.181102 -0.1697229 0.1377952 1.220472 -0.2559055 0.1697229 1.220472 -0.2652803 0.1915137 1.220472 -0.2904282 0.1962493 1.220472 -0.323365 0.1824261 1.220472 -0.3536335 0.154433 1.220472 -0.3716236 0.1211575 1.220472 -0.3716236 0.09316438 1.220472 -0.3536335 0.07934123 1.220472 -0.323365 0.08407682 1.220472 -0.2904282 0.1058676 1.220472 -0.2652803 0.1968504 1.181102 -0.3149606 0.1874756 1.181102 -0.283033 0.1623276 1.181102 -0.2612422 0.1293908 1.181102 -0.2565066 0.0991224 1.181102 -0.2703297 0.08113229 1.181102 -0.2983229 0.08113229 1.181102 -0.3315984 0.0991224 1.181102 -0.3595915 0.1293908 1.181102 -0.3734146 0.1623276 1.181102 -0.3686791 0.1874756 1.181102 -0.3468883 0.3149606 1.220472 0.1968504 0.3468883 1.220472 0.1874756 0.3686791 1.220472 0.1623276 0.3734146 1.220472 0.1293908 0.3595915 1.220472 0.0991224 0.3315984 1.220472 0.08113229 0.2983229 1.220472 0.08113229 0.2703297 1.220472 0.0991224 0.2565066 1.220472 0.1293908 0.2612422 1.220472 0.1623276 0.283033 1.220472 0.1874756 0.3740158 1.181102 0.1377952 0.364641 1.181102 0.1697229 0.339493 1.181102 0.1915137 0.3065562 1.181102 0.1962493 0.2762877 1.181102 0.1824261 0.2582976 1.181102 0.154433 0.2582976 1.181102 0.1211575 0.2762877 1.181102 0.09316438 0.3065562 1.181102 0.07934123 0.339493 1.181102 0.08407682 0.364641 1.181102 0.1058676 -0.1377952 1.220472 0.3740158 -0.1058676 1.220472 0.364641 -0.08407682 1.220472 0.339493 -0.07934123 1.220472 0.3065562 -0.09316438 1.220472 0.2762877 -0.1211575 1.220472 0.2582976 -0.154433 1.220472 0.2582976 -0.1824261 1.220472 0.2762877 -0.1962493 1.220472 0.3065562 -0.1915137 1.220472 0.339493 -0.1697229 1.220472 0.364641 -0.07874011 1.181102 0.3149606 -0.08811491 1.181102 0.3468883 -0.1132628 1.181102 0.3686791 -0.1461997 1.181102 0.3734146 -0.1764681 1.181102 0.3595915 -0.1944582 1.181102 0.3315984 -0.1944582 1.181102 0.2983229 -0.1764681 1.181102 0.2703297 -0.1461997 1.181102 0.2565066 -0.1132628 1.181102 0.2612422 -0.08811491 1.181102 0.283033 0.6692914 3.398747 0.1190988 0.6692914 3.398911 0.1216575 0.6692914 3.399187 0.1242066 0.6692914 2.657397 0.2206393 0.6692914 2.656731 0.2166113 0.6692914 2.65447 0.2084474 0.6692914 2.649035 0.1971483 0.6692914 2.643219 0.1892972 0.6692914 1.769202 0.3437178 0.6692914 1.759904 0.3616488 0.6692914 1.741256 0.3694086 0.6692914 1.721983 0.3633662 0.6692914 1.711103 0.346349 0.6692914 1.713707 0.3263195 0.6692914 1.728576 0.3126497 0.6692914 1.748754 0.3117359 0.6692914 1.764798 0.3240057 -0.1909449 1.181102 0.3149606 -0.1825075 1.181102 0.2862257 -0.1598744 1.181102 0.266614 -0.1302313 1.181102 0.262352 -0.1029897 1.181102 0.2747928 -0.0867986 1.181102 0.2999867 -0.0867986 1.181102 0.3299346 -0.1029897 1.181102 0.3551284 -0.1302313 1.181102 0.3675692 -0.1598744 1.181102 0.3633072 -0.1825075 1.181102 0.3436955 0.3149606 1.181102 0.1909449 0.2862257 1.181102 0.1825075 0.266614 1.181102 0.1598744 0.262352 1.181102 0.1302313 0.2747928 1.181102 0.1029897 0.2999867 1.181102 0.0867986 0.3299346 1.181102 0.0867986 0.3551284 1.181102 0.1029897 0.3675692 1.181102 0.1302313 0.3633072 1.181102 0.1598744 0.3436955 1.181102 0.1825075 0.1909449 1.181102 -0.3149606 0.1825075 1.181102 -0.2862257 0.1598744 1.181102 -0.266614 0.1302313 1.181102 -0.262352 0.1029897 1.181102 -0.2747928 0.0867986 1.181102 -0.2999867 0.0867986 1.181102 -0.3299346 0.1029897 1.181102 -0.3551284 0.1302313 1.181102 -0.3675692 0.1598744 1.181102 -0.3633072 0.1825075 1.181102 -0.3436955 0.8070866 1.181102 -0.4330708 0.7874016 1.181102 -0.4330708 0.7775591 1.181102 -0.4357082 0.7703539 1.181102 -0.4429134 0.7677165 1.181102 -0.4527559 -0.7677165 1.181102 -0.4527559 -0.7703539 1.181102 -0.4429134 -0.7775591 1.181102 -0.4357082 -0.7874016 1.181102 -0.4330708 -0.8070866 1.181102 -0.4330708 -0.3149606 1.181102 -0.1909449 -0.2862257 1.181102 -0.1825075 -0.266614 1.181102 -0.1598744 -0.262352 1.181102 -0.1302313 -0.2747928 1.181102 -0.1029897 -0.2999867 1.181102 -0.0867986 -0.3299346 1.181102 -0.0867986 -0.3551284 1.181102 -0.1029897 -0.3675692 1.181102 -0.1302313 -0.3633072 1.181102 -0.1598744 -0.3436955 1.181102 -0.1825075 -0.7677165 1.122047 -0.4527559 0.7677165 1.122047 -0.4527559 0.7703539 1.122047 -0.4429134 0.7775591 1.122047 -0.4357082 0.7874016 1.122047 -0.4330708 0.8070866 1.122047 -0.4330708 0.8070866 1.122047 0.4330708 0.7874016 1.122047 0.4330708 0.7775591 1.122047 0.4357082 0.7703539 1.122047 0.4429134 0.7677165 1.122047 0.4527559 -0.7677165 1.122047 0.4527559 -0.7703539 1.122047 0.4429134 -0.7775591 1.122047 0.4357082 -0.7874016 1.122047 0.4330708 -0.8070866 1.122047 0.4330708 -0.8070866 1.122047 -0.4330708 -0.7874016 1.122047 -0.4330708 -0.7775591 1.122047 -0.4357082 -0.7703539 1.122047 -0.4429134 0.03937005 1.122047 -0.3149606 0.03015923 1.122047 -0.3402672 0.006836533 1.122047 -0.3537326 -0.01968502 1.122047 -0.3490561 -0.03699576 1.122047 -0.328426 -0.03699576 1.122047 -0.3014953 -0.01968502 1.122047 -0.2808651 0.006836533 1.122047 -0.2761887 0.03015923 1.122047 -0.289654 0.2620809 1.122047 -0.2227108 0.25287 1.122047 -0.2480174 0.2295473 1.122047 -0.2614828 0.2030257 1.122047 -0.2568063 0.185715 1.122047 -0.2361761 0.185715 1.122047 -0.2092454 0.2030257 1.122047 -0.1886153 0.2295473 1.122047 -0.1839388 0.25287 1.122047 -0.1974042 0.3543307 1.122047 0 0.3451198 1.122047 -0.02530658 0.3217971 1.122047 -0.03877192 0.2952756 1.122047 -0.03409546 0.2779648 1.122047 -0.01346534 0.2779648 1.122047 0.01346534 0.2952756 1.122047 0.03409546 0.3217971 1.122047 0.03877192 0.3451198 1.122047 0.02530658 0.2620809 1.122047 0.2227108 0.25287 1.122047 0.1974042 0.2295473 1.122047 0.1839388 0.2030257 1.122047 0.1886153 0.185715 1.122047 0.2092454 0.185715 1.122047 0.2361761 0.2030257 1.122047 0.2568063 0.2295473 1.122047 0.2614828 0.25287 1.122047 0.2480174 0.03937005 1.122047 0.3149606 0.03015923 1.122047 0.289654 0.006836533 1.122047 0.2761887 -0.01968502 1.122047 0.2808651 -0.03699576 1.122047 0.3014953 -0.03699576 1.122047 0.328426 -0.01968502 1.122047 0.3490561 0.006836533 1.122047 0.3537326 0.03015923 1.122047 0.3402672 -0.1833407 1.122047 0.2227108 -0.1925516 1.122047 0.1974042 -0.2158742 1.122047 0.1839388 -0.2423958 1.122047 0.1886153 -0.2597066 1.122047 0.2092454 -0.2597066 1.122047 0.2361761 -0.2423958 1.122047 0.2568063 -0.2158742 1.122047 0.2614828 -0.1925516 1.122047 0.2480174 -0.2755905 1.122047 0 -0.2848014 1.122047 -0.02530658 -0.3081241 1.122047 -0.03877192 -0.3346457 1.122047 -0.03409546 -0.3519564 1.122047 -0.01346534 -0.3519564 1.122047 0.01346534 -0.3346457 1.122047 0.03409546 -0.3081241 1.122047 0.03877192 -0.2848014 1.122047 0.02530658 -0.1833407 1.122047 -0.2227108 -0.1925516 1.122047 -0.2480174 -0.2158742 1.122047 -0.2614828 -0.2423958 1.122047 -0.2568063 -0.2597066 1.122047 -0.2361761 -0.2597066 1.122047 -0.2092454 -0.2423958 1.122047 -0.1886153 -0.2158742 1.122047 -0.1839388 -0.1925516 1.122047 -0.1974042 0.1781496 1.122047 -0.3149606 0.1687085 1.122047 -0.3408999 0.1448027 1.122047 -0.3547019 0.1176181 1.122047 -0.3499085 0.09987461 1.122047 -0.3287626 0.09987461 1.122047 -0.3011586 0.1176181 1.122047 -0.2800127 0.1448027 1.122047 -0.2752194 0.1687085 1.122047 -0.2890214 -0.3149606 1.122047 -0.1781496 -0.3408999 1.122047 -0.1687085 -0.3547019 1.122047 -0.1448027 -0.3499085 1.122047 -0.1176181 -0.3287626 1.122047 -0.09987461 -0.3011586 1.122047 -0.09987461 -0.2800127 1.122047 -0.1176181 -0.2752194 1.122047 -0.1448027 -0.2890214 1.122047 -0.1687085 -0.1781496 1.122047 0.3149606 -0.1687085 1.122047 0.3408999 -0.1448027 1.122047 0.3547019 -0.1176181 1.122047 0.3499085 -0.09987461 1.122047 0.3287626 -0.09987461 1.122047 0.3011586 -0.1176181 1.122047 0.2800127 -0.1448027 1.122047 0.2752194 -0.1687085 1.122047 0.2890214 0.3149606 1.122047 0.1781496 0.3408999 1.122047 0.1687085 0.3547019 1.122047 0.1448027 0.3499085 1.122047 0.1176181 0.3287626 1.122047 0.09987461 0.3011586 1.122047 0.09987461 0.2800127 1.122047 0.1176181 0.2752194 1.122047 0.1448027 0.2890214 1.122047 0.1687085 0.3641732 1.122047 -0.1377952 0.3547744 1.122047 -0.1667217 0.3301681 1.122047 -0.1845992 0.2997531 1.122047 -0.1845992 0.2751468 1.122047 -0.1667217 0.265748 1.122047 -0.1377952 0.2751468 1.122047 -0.1088688 0.2997531 1.122047 -0.09099131 0.3301681 1.122047 -0.09099131 0.3547744 1.122047 -0.1088688 -0.1377952 1.122047 -0.3641732 -0.1667217 1.122047 -0.3547744 -0.1845992 1.122047 -0.3301681 -0.1845992 1.122047 -0.2997531 -0.1667217 1.122047 -0.2751468 -0.1377952 1.122047 -0.265748 -0.1088688 1.122047 -0.2751468 -0.09099131 1.122047 -0.2997531 -0.09099131 1.122047 -0.3301681 -0.1088688 1.122047 -0.3547744 -0.3641732 1.122047 0.1377952 -0.3547744 1.122047 0.1667217 -0.3301681 1.122047 0.1845992 -0.2997531 1.122047 0.1845992 -0.2751468 1.122047 0.1667217 -0.265748 1.122047 0.1377952 -0.2751468 1.122047 0.1088688 -0.2997531 1.122047 0.09099131 -0.3301681 1.122047 0.09099131 -0.3547744 1.122047 0.1088688 0.1377952 1.122047 0.3641732 0.1667217 1.122047 0.3547744 0.1845992 1.122047 0.3301681 0.1845992 1.122047 0.2997531 0.1667217 1.122047 0.2751468 0.1377952 1.122047 0.265748 0.1088688 1.122047 0.2751468 0.09099131 1.122047 0.2997531 0.09099131 1.122047 0.3301681 0.1088688 1.122047 0.3547744 0.738189 1.122047 -0.3149606 0.7287902 1.122047 -0.343887 0.7041839 1.122047 -0.3617646 0.6737688 1.122047 -0.3617646 0.6491625 1.122047 -0.343887 0.6397638 1.122047 -0.3149606 0.6491625 1.122047 -0.2860342 0.6737688 1.122047 -0.2681567 0.7041839 1.122047 -0.2681567 0.7287902 1.122047 -0.2860342 0.738189 1.122047 0.3149606 0.7287902 1.122047 0.2860342 0.7041839 1.122047 0.2681567 0.6737688 1.122047 0.2681567 0.6491625 1.122047 0.2860342 0.6397638 1.122047 0.3149606 0.6491625 1.122047 0.343887 0.6737688 1.122047 0.3617646 0.7041839 1.122047 0.3617646 0.7287902 1.122047 0.343887 -0.6397638 1.122047 -0.3149606 -0.6491625 1.122047 -0.343887 -0.6737688 1.122047 -0.3617646 -0.7041839 1.122047 -0.3617646 -0.7287902 1.122047 -0.343887 -0.738189 1.122047 -0.3149606 -0.7287902 1.122047 -0.2860342 -0.7041839 1.122047 -0.2681567 -0.6737688 1.122047 -0.2681567 -0.6491625 1.122047 -0.2860342 -0.6397638 1.122047 0.3149606 -0.6491625 1.122047 0.2860342 -0.6737688 1.122047 0.2681567 -0.7041839 1.122047 0.2681567 -0.7287902 1.122047 0.2860342 -0.738189 1.122047 0.3149606 -0.7287902 1.122047 0.343887 -0.7041839 1.122047 0.3617646 -0.6737688 1.122047 0.3617646 -0.6491625 1.122047 0.343887 -0.4527559 1.122047 0.09842514 -0.4527559 1.122047 -0.09842514 -0.4606678 1.122047 -0.1279527 -0.4822835 1.122047 -0.1495684 -0.511811 1.122047 -0.1574803 -0.5708662 1.122047 -0.1574803 -0.6003937 1.122047 -0.1495684 -0.6220094 1.122047 -0.1279527 -0.6299213 1.122047 -0.09842514 -0.6299213 1.122047 0.09842514 -0.6220094 1.122047 0.1279527 -0.6003937 1.122047 0.1495684 -0.5708662 1.122047 0.1574803 -0.511811 1.122047 0.1574803 -0.4822835 1.122047 0.1495684 -0.4606678 1.122047 0.1279527 0.511811 1.122047 0.1574803 0.5708662 1.122047 0.1574803 0.6003937 1.122047 0.1495684 0.6220094 1.122047 0.1279527 0.6299213 1.122047 0.09842514 0.6299213 1.122047 -0.09842514 0.6220094 1.122047 -0.1279527 0.6003937 1.122047 -0.1495684 0.5708662 1.122047 -0.1574803 0.511811 1.122047 -0.1574803 0.4822835 1.122047 -0.1495684 0.4606678 1.122047 -0.1279527 0.4527559 1.122047 -0.09842514 0.4527559 1.122047 0.09842514 0.4606678 1.122047 0.1279527 0.4822835 1.122047 0.1495684 0.35544 1.122047 -0.3062273 0.3460412 1.122047 -0.3351538 0.3214349 1.122047 -0.3530313 0.2910198 1.122047 -0.3530313 0.2664135 1.122047 -0.3351538 0.2570148 1.122047 -0.3062273 0.2664135 1.122047 -0.2773009 0.2910198 1.122047 -0.2594234 0.3214349 1.122047 -0.2594234 0.3460412 1.122047 -0.2773009 0.35544 1.122047 0.3062273 0.3460412 1.122047 0.2773009 0.3214349 1.122047 0.2594234 0.2910198 1.122047 0.2594234 0.2664135 1.122047 0.2773009 0.2570148 1.122047 0.3062273 0.2664135 1.122047 0.3351538 0.2910198 1.122047 0.3530313 0.3214349 1.122047 0.3530313 0.3460412 1.122047 0.3351538 -0.2570148 1.122047 0.3062273 -0.2664135 1.122047 0.2773009 -0.2910198 1.122047 0.2594234 -0.3214349 1.122047 0.2594234 -0.3460412 1.122047 0.2773009 -0.35544 1.122047 0.3062273 -0.3460412 1.122047 0.3351538 -0.3214349 1.122047 0.3530313 -0.2910198 1.122047 0.3530313 -0.2664135 1.122047 0.3351538 -0.2570148 1.122047 -0.3062273 -0.2664135 1.122047 -0.3351538 -0.2910198 1.122047 -0.3530313 -0.3214349 1.122047 -0.3530313 -0.3460412 1.122047 -0.3351538 -0.35544 1.122047 -0.3062273 -0.3460412 1.122047 -0.2773009 -0.3214349 1.122047 -0.2594234 -0.2910198 1.122047 -0.2594234 -0.2664135 1.122047 -0.2773009 -0.7677165 1.062992 -0.4527559 -0.7617228 1.03286 -0.4527559 -0.7446541 1.007314 -0.4527559 -0.7191089 0.9902456 -0.4527559 -0.6889764 0.984252 -0.4527559 0.6889764 0.984252 -0.4527559 0.7191089 0.9902456 -0.4527559 0.7446541 1.007314 -0.4527559 0.7617228 1.03286 -0.4527559 0.7677165 1.062992 -0.4527559 0.7677165 1.122047 -0.511811 0.7677165 1.062992 -0.511811 0.7677165 1.151575 -0.5038991 0.7677165 1.17319 -0.4822835 0.8661417 1.122047 -0.4330708 0.8366142 1.17319 -0.4330708 0.8582298 1.151575 -0.4330708 0.8661417 0 -0.4330708 0.8070866 0 -0.4330708 0.8070866 0 0.4330708 0.8070866 -0.0080235 0.4329965 0.8070866 -0.01604419 0.4327735 0.8070866 -0.02405947 0.432402 0.8661417 -0.02405947 0.432402 0.8661417 -0.01604419 0.4327735 0.8661417 -0.0080235 0.4329965 0.8661417 0 0.4330708 0.8661417 -0.02405947 -0.432402 0.8070866 -0.02405947 -0.432402 0.8070866 -0.01604419 -0.4327735 0.8070866 -0.0080235 -0.4329965 0.8661417 -0.0080235 -0.4329965 0.8661417 -0.01604419 -0.4327735 0.8070866 -0.06155437 -0.4204691 0.8070866 -0.08859372 -0.3918834 0.8070866 -0.09842514 -0.3537835 0.8070866 -0.09842514 -0.2362204 0.8070866 -0.09243142 -0.2060879 0.8070866 -0.07536274 -0.1805427 0.8070866 -0.04981756 -0.163474 0.8070866 -0.01968502 -0.1574803 0.8070866 0 -0.1574803 0.8070866 0.05386143 -0.1479831 0.8070866 0.1012263 -0.1206369 0.8070866 0.1363819 -0.07874011 0.8070866 0.1550878 -0.02734613 0.8070866 0.1550878 0.02734613 0.8070866 0.1363819 0.07874011 0.8070866 0.1012263 0.1206369 0.8070866 0.05386143 0.1479831 0.8070866 0 0.1574803 0.8070866 -0.01968502 0.1574803 0.8070866 -0.04981756 0.163474 0.8070866 -0.07536274 0.1805427 0.8070866 -0.09243142 0.2060879 0.8070866 -0.09842514 0.2362204 0.8070866 -0.09842514 0.3537835 0.8070866 -0.08859372 0.3918834 0.8070866 -0.06155437 0.4204691 0.8070866 0.511811 -0.1968504 0.8070866 0.5905512 -0.1968504 0.8070866 0.6102362 -0.1915758 0.8070866 0.6246467 -0.1771653 0.8070866 0.6299213 -0.1574803 0.8070866 0.6299213 0.1574803 0.8070866 0.6246467 0.1771653 0.8070866 0.6102362 0.1915758 0.8070866 0.5905512 0.1968504 0.8070866 0.511811 0.1968504 0.8070866 0.492126 0.1915758 0.8070866 0.4777156 0.1771653 0.8070866 0.472441 0.1574803 0.8070866 0.472441 -0.1574803 0.8070866 0.4777156 -0.1771653 0.8070866 0.492126 -0.1915758 0.8070866 0.8267716 -0.1968504 0.8070866 0.9055118 -0.1968504 0.8070866 0.9251968 -0.1915758 0.8070866 0.9396073 -0.1771653 0.8070866 0.9448819 -0.1574803 0.8070866 0.9448819 0.1574803 0.8070866 0.9396073 0.1771653 0.8070866 0.9251968 0.1915758 0.8070866 0.9055118 0.1968504 0.8070866 0.8267716 0.1968504 0.8070866 0.8070866 0.1915758 0.8070866 0.7926762 0.1771653 0.8070866 0.7874016 0.1574803 0.8070866 0.7874016 -0.1574803 0.8070866 0.7926762 -0.1771653 0.8070866 0.8070866 -0.1915758 0.8070866 0.6771654 -0.3149606 0.8070866 0.6845341 -0.3352059 0.8070866 0.7031922 -0.3459782 0.8070866 0.7244095 -0.342237 0.8070866 0.738258 -0.3257329 0.8070866 0.738258 -0.3041883 0.8070866 0.7244095 -0.2876842 0.8070866 0.7031922 -0.2839431 0.8070866 0.6845341 -0.2947154 0.8070866 0.6771654 0.3149606 0.8070866 0.6845341 0.2947154 0.8070866 0.7031922 0.2839431 0.8070866 0.7244095 0.2876842 0.8070866 0.738258 0.3041883 0.8070866 0.738258 0.3257329 0.8070866 0.7244095 0.342237 0.8070866 0.7031922 0.3459782 0.8070866 0.6845341 0.3352059 0.8070866 -0.03937005 0.3149606 0.8070866 -0.03015923 0.289654 0.8070866 -0.006836533 0.2761887 0.8070866 0.01968502 0.2808651 0.8070866 0.03699576 0.3014953 0.8070866 0.03699576 0.328426 0.8070866 0.01968502 0.3490561 0.8070866 -0.006836533 0.3537326 0.8070866 -0.03015923 0.3402672 0.8070866 0.1833407 0.2227108 0.8070866 0.1925516 0.1974042 0.8070866 0.2158742 0.1839388 0.8070866 0.2423958 0.1886153 0.8070866 0.2597066 0.2092454 0.8070866 0.2597066 0.2361761 0.8070866 0.2423958 0.2568063 0.8070866 0.2158742 0.2614828 0.8070866 0.1925516 0.2480174 0.8070866 0.2755905 0 0.8070866 0.2848014 -0.02530658 0.8070866 0.3081241 -0.03877192 0.8070866 0.3346457 -0.03409546 0.8070866 0.3519564 -0.01346534 0.8070866 0.3519564 0.01346534 0.8070866 0.3346457 0.03409546 0.8070866 0.3081241 0.03877192 0.8070866 0.2848014 0.02530658 0.8070866 0.1833407 -0.2227108 0.8070866 0.1925516 -0.2480174 0.8070866 0.2158742 -0.2614828 0.8070866 0.2423958 -0.2568063 0.8070866 0.2597066 -0.2361761 0.8070866 0.2597066 -0.2092454 0.8070866 0.2423958 -0.1886153 0.8070866 0.2158742 -0.1839388 0.8070866 0.1925516 -0.1974042 0.8070866 -0.03937005 -0.3149606 0.8070866 -0.03015923 -0.3402672 0.8070866 -0.006836533 -0.3537326 0.8070866 0.01968502 -0.3490561 0.8070866 0.03699576 -0.328426 0.8070866 0.03699576 -0.3014953 0.8070866 0.01968502 -0.2808651 0.8070866 -0.006836533 -0.2761887 0.8070866 -0.03015923 -0.289654 0.8661417 0.511811 -0.1968504 0.8661417 0.5905512 -0.1968504 0.8661417 0.6102362 -0.1915758 0.8661417 0.6246467 -0.1771653 0.8661417 0.6299213 -0.1574803 0.8661417 0.6299213 0.1574803 0.8661417 0.6246467 0.1771653 0.8661417 0.6102362 0.1915758 0.8661417 0.5905512 0.1968504 0.8661417 0.511811 0.1968504 0.8661417 0.492126 0.1915758 0.8661417 0.4777156 0.1771653 0.8661417 0.472441 0.1574803 0.8661417 0.472441 -0.1574803 0.8661417 0.4777156 -0.1771653 0.8661417 0.492126 -0.1915758 0.8661417 -0.09842514 -0.2362204 0.8661417 -0.09842514 -0.3537835 0.8661417 -0.08859372 -0.3918834 0.8661417 -0.06155437 -0.4204691 0.8661417 1.122047 0.4330708 0.8661417 -0.06155437 0.4204691 0.8661417 -0.08859372 0.3918834 0.8661417 -0.09842514 0.3537835 0.8661417 -0.09842514 0.2362204 0.8661417 -0.09243142 0.2060879 0.8661417 -0.07536274 0.1805427 0.8661417 -0.04981756 0.163474 0.8661417 -0.01968502 0.1574803 0.8661417 0 0.1574803 0.8661417 0.05386143 0.1479831 0.8661417 0.1012263 0.1206369 0.8661417 0.1363819 0.07874011 0.8661417 0.1550878 0.02734613 0.8661417 0.1550878 -0.02734613 0.8661417 0.1363819 -0.07874011 0.8661417 0.1012263 -0.1206369 0.8661417 0.05386143 -0.1479831 0.8661417 0 -0.1574803 0.8661417 -0.01968502 -0.1574803 0.8661417 -0.04981756 -0.163474 0.8661417 -0.07536274 -0.1805427 0.8661417 -0.09243142 -0.2060879 0.8661417 0.9055118 -0.1968504 0.8661417 0.8267716 -0.1968504 0.8661417 0.8070866 -0.1915758 0.8661417 0.7926762 -0.1771653 0.8661417 0.7874016 -0.1574803 0.8661417 0.7874016 0.1574803 0.8661417 0.7926762 0.1771653 0.8661417 0.8070866 0.1915758 0.8661417 0.8267716 0.1968504 0.8661417 0.9055118 0.1968504 0.8661417 0.9251968 0.1915758 0.8661417 0.9396073 0.1771653 0.8661417 0.9448819 0.1574803 0.8661417 0.9448819 -0.1574803 0.8661417 0.9396073 -0.1771653 0.8661417 0.9251968 -0.1915758 0.8661417 0.6653544 -0.3149606 0.8661417 0.6736252 -0.2895054 0.8661417 0.6952788 -0.2737731 0.8661417 0.7220441 -0.2737731 0.8661417 0.7436976 -0.2895054 0.8661417 0.7519685 -0.3149606 0.8661417 0.7436976 -0.3404159 0.8661417 0.7220441 -0.3561481 0.8661417 0.6952788 -0.3561481 0.8661417 0.6736252 -0.3404159 0.8661417 0.6653544 0.3149606 0.8661417 0.6736252 0.3404159 0.8661417 0.6952788 0.3561481 0.8661417 0.7220441 0.3561481 0.8661417 0.7436976 0.3404159 0.8661417 0.7519685 0.3149606 0.8661417 0.7436976 0.2895054 0.8661417 0.7220441 0.2737731 0.8661417 0.6952788 0.2737731 0.8661417 0.6736252 0.2895054 0.8661417 -0.03937005 0.3149606 0.8661417 -0.03015923 0.3402672 0.8661417 -0.006836533 0.3537326 0.8661417 0.01968502 0.3490561 0.8661417 0.03699576 0.328426 0.8661417 0.03699576 0.3014953 0.8661417 0.01968502 0.2808651 0.8661417 -0.006836533 0.2761887 0.8661417 -0.03015923 0.289654 0.8661417 0.1833407 0.2227108 0.8661417 0.1925516 0.2480174 0.8661417 0.2158742 0.2614828 0.8661417 0.2423958 0.2568063 0.8661417 0.2597066 0.2361761 0.8661417 0.2597066 0.2092454 0.8661417 0.2423958 0.1886153 0.8661417 0.2158742 0.1839388 0.8661417 0.1925516 0.1974042 0.8661417 0.2755905 0 0.8661417 0.2848014 0.02530658 0.8661417 0.3081241 0.03877192 0.8661417 0.3346457 0.03409546 0.8661417 0.3519564 0.01346534 0.8661417 0.3519564 -0.01346534 0.8661417 0.3346457 -0.03409546 0.8661417 0.3081241 -0.03877192 0.8661417 0.2848014 -0.02530658 0.8661417 0.1833407 -0.2227108 0.8661417 0.1925516 -0.1974042 0.8661417 0.2158742 -0.1839388 0.8661417 0.2423958 -0.1886153 0.8661417 0.2597066 -0.2092454 0.8661417 0.2597066 -0.2361761 0.8661417 0.2423958 -0.2568063 0.8661417 0.2158742 -0.2614828 0.8661417 0.1925516 -0.2480174 0.8661417 -0.03937005 -0.3149606 0.8661417 -0.03015923 -0.289654 0.8661417 -0.006836533 -0.2761887 0.8661417 0.01968502 -0.2808651 0.8661417 0.03699576 -0.3014953 0.8661417 0.03699576 -0.328426 0.8661417 0.01968502 -0.3490561 0.8661417 -0.006836533 -0.3537326 0.8661417 -0.03015923 -0.3402672 0.8543307 0.6771654 -0.3149606 0.8543307 0.6845341 -0.2947154 0.8543307 0.7031922 -0.2839431 0.8543307 0.7244095 -0.2876842 0.8543307 0.738258 -0.3041883 0.8543307 0.738258 -0.3257329 0.8543307 0.7244095 -0.342237 0.8543307 0.7031922 -0.3459782 0.8543307 0.6845341 -0.3352059 0.8543307 0.6771654 0.3149606 0.8543307 0.6845341 0.3352059 0.8543307 0.7031922 0.3459782 0.8543307 0.7244095 0.342237 0.8543307 0.738258 0.3257329 0.8543307 0.738258 0.3041883 0.8543307 0.7244095 0.2876842 0.8543307 0.7031922 0.2839431 0.8543307 0.6845341 0.2947154 0.8070866 1.181102 0.4330708 0.8582298 1.151575 0.4330708 0.8366142 1.17319 0.4330708 0.7874016 1.181102 0.4330708 0.7677165 1.181102 0.4527559 0.7775591 1.181102 0.4357082 0.7703539 1.181102 0.4429134 0.7677165 1.17319 0.4822835 0.7677165 1.151575 0.5038991 0.7677165 1.122047 0.511811 0.7677165 1.062992 0.511811 0.7677165 1.062992 0.4527559 0.7617228 1.03286 0.4527559 0.7446541 1.007314 0.4527559 0.7191089 0.9902456 0.4527559 0.6889764 0.984252 0.4527559 -0.6889764 0.984252 0.4527559 -0.7191089 0.9902456 0.4527559 -0.7446541 1.007314 0.4527559 -0.7617228 1.03286 0.4527559 -0.7677165 1.062992 0.4527559 -0.7677165 1.122047 0.511811 -0.7677165 1.062992 0.511811 -0.7677165 1.181102 0.4527559 -0.7677165 1.151575 0.5038991 -0.7677165 1.17319 0.4822835 -0.7874016 1.181102 0.4330708 -0.7703539 1.181102 0.4429134 -0.7775591 1.181102 0.4357082 -0.8070866 1.181102 0.4330708 -0.8661417 1.122047 0.4330708 -0.8366142 1.17319 0.4330708 -0.8582298 1.151575 0.4330708 -0.8661417 0 0.4330708 -0.8070866 0 0.4330708 -0.8070866 -0.02405947 0.432402 -0.8070866 -0.01604419 0.4327735 -0.8070866 -0.0080235 0.4329965 -0.8661417 -0.0080235 0.4329965 -0.8661417 -0.01604419 0.4327735 -0.8661417 -0.02405947 0.432402 -0.8070866 -0.02405947 -0.432402 -0.8661417 -0.02405947 -0.432402 -0.8661417 -0.01604419 -0.4327735 -0.8661417 -0.0080235 -0.4329965 -0.8661417 0 -0.4330708 -0.8070866 0 -0.4330708 -0.8070866 -0.0080235 -0.4329965 -0.8070866 -0.01604419 -0.4327735 -0.8070866 -0.06155437 0.4204691 -0.8070866 -0.08859372 0.3918834 -0.8070866 -0.09842514 0.3537835 -0.8070866 -0.09842514 0.2362204 -0.8070866 -0.09243142 0.2060879 -0.8070866 -0.07536274 0.1805427 -0.8070866 -0.04981756 0.163474 -0.8070866 -0.01968502 0.1574803 -0.8070866 0 0.1574803 -0.8070866 0.05386143 0.1479831 -0.8070866 0.1012263 0.1206369 -0.8070866 0.1363819 0.07874011 -0.8070866 0.1550878 0.02734613 -0.8070866 0.1550878 -0.02734613 -0.8070866 0.1363819 -0.07874011 -0.8070866 0.1012263 -0.1206369 -0.8070866 0.05386143 -0.1479831 -0.8070866 0 -0.1574803 -0.8070866 -0.01968502 -0.1574803 -0.8070866 -0.04981756 -0.163474 -0.8070866 -0.07536274 -0.1805427 -0.8070866 -0.09243142 -0.2060879 -0.8070866 -0.09842514 -0.2362204 -0.8070866 -0.09842514 -0.3537835 -0.8070866 -0.08859372 -0.3918834 -0.8070866 -0.06155437 -0.4204691 -0.8070866 0.5905512 -0.1968504 -0.8070866 0.511811 -0.1968504 -0.8070866 0.492126 -0.1915758 -0.8070866 0.4777156 -0.1771653 -0.8070866 0.472441 -0.1574803 -0.8070866 0.472441 0.1574803 -0.8070866 0.4777156 0.1771653 -0.8070866 0.492126 0.1915758 -0.8070866 0.511811 0.1968504 -0.8070866 0.5905512 0.1968504 -0.8070866 0.6102362 0.1915758 -0.8070866 0.6246467 0.1771653 -0.8070866 0.6299213 0.1574803 -0.8070866 0.6299213 -0.1574803 -0.8070866 0.6246467 -0.1771653 -0.8070866 0.6102362 -0.1915758 -0.8070866 0.9055118 -0.1968504 -0.8070866 0.8267716 -0.1968504 -0.8070866 0.8070866 -0.1915758 -0.8070866 0.7926762 -0.1771653 -0.8070866 0.7874016 -0.1574803 -0.8070866 0.7874016 0.1574803 -0.8070866 0.7926762 0.1771653 -0.8070866 0.8070866 0.1915758 -0.8070866 0.8267716 0.1968504 -0.8070866 0.9055118 0.1968504 -0.8070866 0.9251968 0.1915758 -0.8070866 0.9396073 0.1771653 -0.8070866 0.9448819 0.1574803 -0.8070866 0.9448819 -0.1574803 -0.8070866 0.9396073 -0.1771653 -0.8070866 0.9251968 -0.1915758 -0.8070866 0.7401575 -0.3149606 -0.8070866 0.7327888 -0.3352059 -0.8070866 0.7141306 -0.3459782 -0.8070866 0.6929134 -0.342237 -0.8070866 0.6790648 -0.3257329 -0.8070866 0.6790648 -0.3041883 -0.8070866 0.6929134 -0.2876842 -0.8070866 0.7141306 -0.2839431 -0.8070866 0.7327888 -0.2947154 -0.8070866 0.7401575 0.3149606 -0.8070866 0.7327888 0.2947154 -0.8070866 0.7141306 0.2839431 -0.8070866 0.6929134 0.2876842 -0.8070866 0.6790648 0.3041883 -0.8070866 0.6790648 0.3257329 -0.8070866 0.6929134 0.342237 -0.8070866 0.7141306 0.3459782 -0.8070866 0.7327888 0.3352059 -0.8070866 0.03937005 0.3149606 -0.8070866 0.03015923 0.289654 -0.8070866 0.006836533 0.2761887 -0.8070866 -0.01968502 0.2808651 -0.8070866 -0.03699576 0.3014953 -0.8070866 -0.03699576 0.328426 -0.8070866 -0.01968502 0.3490561 -0.8070866 0.006836533 0.3537326 -0.8070866 0.03015923 0.3402672 -0.8070866 0.2620809 0.2227108 -0.8070866 0.25287 0.1974042 -0.8070866 0.2295473 0.1839388 -0.8070866 0.2030257 0.1886153 -0.8070866 0.185715 0.2092454 -0.8070866 0.185715 0.2361761 -0.8070866 0.2030257 0.2568063 -0.8070866 0.2295473 0.2614828 -0.8070866 0.25287 0.2480174 -0.8070866 0.3543307 0 -0.8070866 0.3451198 -0.02530658 -0.8070866 0.3217971 -0.03877192 -0.8070866 0.2952756 -0.03409546 -0.8070866 0.2779648 -0.01346534 -0.8070866 0.2779648 0.01346534 -0.8070866 0.2952756 0.03409546 -0.8070866 0.3217971 0.03877192 -0.8070866 0.3451198 0.02530658 -0.8070866 0.2620809 -0.2227108 -0.8070866 0.25287 -0.2480174 -0.8070866 0.2295473 -0.2614828 -0.8070866 0.2030257 -0.2568063 -0.8070866 0.185715 -0.2361761 -0.8070866 0.185715 -0.2092454 -0.8070866 0.2030257 -0.1886153 -0.8070866 0.2295473 -0.1839388 -0.8070866 0.25287 -0.1974042 -0.8070866 0.03937005 -0.3149606 -0.8070866 0.03015923 -0.3402672 -0.8070866 0.006836533 -0.3537326 -0.8070866 -0.01968502 -0.3490561 -0.8070866 -0.03699576 -0.328426 -0.8070866 -0.03699576 -0.3014953 -0.8070866 -0.01968502 -0.2808651 -0.8070866 0.006836533 -0.2761887 -0.8070866 0.03015923 -0.289654 -0.8661417 0.5905512 -0.1968504 -0.8661417 0.511811 -0.1968504 -0.8661417 0.492126 -0.1915758 -0.8661417 0.4777156 -0.1771653 -0.8661417 0.472441 -0.1574803 -0.8661417 0.472441 0.1574803 -0.8661417 0.4777156 0.1771653 -0.8661417 0.492126 0.1915758 -0.8661417 0.511811 0.1968504 -0.8661417 0.5905512 0.1968504 -0.8661417 0.6102362 0.1915758 -0.8661417 0.6246467 0.1771653 -0.8661417 0.6299213 0.1574803 -0.8661417 0.6299213 -0.1574803 -0.8661417 0.6246467 -0.1771653 -0.8661417 0.6102362 -0.1915758 -0.8661417 -0.09842514 -0.3537835 -0.8661417 -0.09842514 -0.2362204 -0.8661417 -0.09243142 -0.2060879 -0.8661417 -0.07536274 -0.1805427 -0.8661417 -0.04981756 -0.163474 -0.8661417 -0.01968502 -0.1574803 -0.8661417 0 -0.1574803 -0.8661417 0.05386143 -0.1479831 -0.8661417 0.1012263 -0.1206369 -0.8661417 0.1363819 -0.07874011 -0.8661417 0.1550878 -0.02734613 -0.8661417 0.1550878 0.02734613 -0.8661417 0.1363819 0.07874011 -0.8661417 0.1012263 0.1206369 -0.8661417 0.05386143 0.1479831 -0.8661417 0 0.1574803 -0.8661417 -0.01968502 0.1574803 -0.8661417 -0.04981756 0.163474 -0.8661417 -0.07536274 0.1805427 -0.8661417 -0.09243142 0.2060879 -0.8661417 -0.09842514 0.2362204 -0.8661417 -0.09842514 0.3537835 -0.8661417 -0.08859372 0.3918834 -0.8661417 -0.06155437 0.4204691 -0.8661417 1.122047 -0.4330708 -0.8661417 -0.06155437 -0.4204691 -0.8661417 -0.08859372 -0.3918834 -0.8661417 0.8267716 -0.1968504 -0.8661417 0.9055118 -0.1968504 -0.8661417 0.9251968 -0.1915758 -0.8661417 0.9396073 -0.1771653 -0.8661417 0.9448819 -0.1574803 -0.8661417 0.9448819 0.1574803 -0.8661417 0.9396073 0.1771653 -0.8661417 0.9251968 0.1915758 -0.8661417 0.9055118 0.1968504 -0.8661417 0.8267716 0.1968504 -0.8661417 0.8070866 0.1915758 -0.8661417 0.7926762 0.1771653 -0.8661417 0.7874016 0.1574803 -0.8661417 0.7874016 -0.1574803 -0.8661417 0.7926762 -0.1771653 -0.8661417 0.8070866 -0.1915758 -0.8661417 0.7401575 -0.3149606 -0.8661417 0.7327888 -0.2947154 -0.8661417 0.7141306 -0.2839431 -0.8661417 0.6929134 -0.2876842 -0.8661417 0.6790648 -0.3041883 -0.8661417 0.6790648 -0.3257329 -0.8661417 0.6929134 -0.342237 -0.8661417 0.7141306 -0.3459782 -0.8661417 0.7327888 -0.3352059 -0.8661417 0.7401575 0.3149606 -0.8661417 0.7327888 0.3352059 -0.8661417 0.7141306 0.3459782 -0.8661417 0.6929134 0.342237 -0.8661417 0.6790648 0.3257329 -0.8661417 0.6790648 0.3041883 -0.8661417 0.6929134 0.2876842 -0.8661417 0.7141306 0.2839431 -0.8661417 0.7327888 0.2947154 -0.8661417 0.03937005 0.3149606 -0.8661417 0.03015923 0.3402672 -0.8661417 0.006836533 0.3537326 -0.8661417 -0.01968502 0.3490561 -0.8661417 -0.03699576 0.328426 -0.8661417 -0.03699576 0.3014953 -0.8661417 -0.01968502 0.2808651 -0.8661417 0.006836533 0.2761887 -0.8661417 0.03015923 0.289654 -0.8661417 0.2620809 0.2227108 -0.8661417 0.25287 0.2480174 -0.8661417 0.2295473 0.2614828 -0.8661417 0.2030257 0.2568063 -0.8661417 0.185715 0.2361761 -0.8661417 0.185715 0.2092454 -0.8661417 0.2030257 0.1886153 -0.8661417 0.2295473 0.1839388 -0.8661417 0.25287 0.1974042 -0.8661417 0.3543307 0 -0.8661417 0.3451198 0.02530658 -0.8661417 0.3217971 0.03877192 -0.8661417 0.2952756 0.03409546 -0.8661417 0.2779648 0.01346534 -0.8661417 0.2779648 -0.01346534 -0.8661417 0.2952756 -0.03409546 -0.8661417 0.3217971 -0.03877192 -0.8661417 0.3451198 -0.02530658 -0.8661417 0.2620809 -0.2227108 -0.8661417 0.25287 -0.1974042 -0.8661417 0.2295473 -0.1839388 -0.8661417 0.2030257 -0.1886153 -0.8661417 0.185715 -0.2092454 -0.8661417 0.185715 -0.2361761 -0.8661417 0.2030257 -0.2568063 -0.8661417 0.2295473 -0.2614828 -0.8661417 0.25287 -0.2480174 -0.8661417 0.03937005 -0.3149606 -0.8661417 0.03015923 -0.289654 -0.8661417 0.006836533 -0.2761887 -0.8661417 -0.01968502 -0.2808651 -0.8661417 -0.03699576 -0.3014953 -0.8661417 -0.03699576 -0.328426 -0.8661417 -0.01968502 -0.3490561 -0.8661417 0.006836533 -0.3537326 -0.8661417 0.03015923 -0.3402672 -0.8582298 1.151575 -0.4330708 -0.8366142 1.17319 -0.4330708 -0.7677165 1.17319 -0.4822835 -0.7677165 1.151575 -0.5038991 -0.7677165 1.122047 -0.511811 -0.7677165 1.062992 -0.511811 -0.6889764 0.984252 -0.511811 -0.7617228 1.03286 -0.511811 -0.7446541 1.007314 -0.511811 -0.7191089 0.9902456 -0.511811 0.6889764 0.984252 -0.511811 0.7191089 0.9902456 -0.511811 0.7446541 1.007314 -0.511811 0.7617228 1.03286 -0.511811 -0.7617228 1.03286 0.511811 -0.7446541 1.007314 0.511811 -0.7191089 0.9902456 0.511811 -0.6889764 0.984252 0.511811 0.6889764 0.984252 0.511811 0.7191089 0.9902456 0.511811 0.7446541 1.007314 0.511811 0.7617228 1.03286 0.511811 0.1781496 1.168307 -0.3149606 0.1687085 1.168307 -0.2890214 0.1448027 1.168307 -0.2752194 0.1176181 1.168307 -0.2800127 0.09987461 1.168307 -0.3011586 0.09987461 1.168307 -0.3287626 0.1176181 1.168307 -0.3499085 0.1448027 1.168307 -0.3547019 0.1687085 1.168307 -0.3408999 -0.3149606 1.168307 -0.1781496 -0.2890214 1.168307 -0.1687085 -0.2752194 1.168307 -0.1448027 -0.2800127 1.168307 -0.1176181 -0.3011586 1.168307 -0.09987461 -0.3287626 1.168307 -0.09987461 -0.3499085 1.168307 -0.1176181 -0.3547019 1.168307 -0.1448027 -0.3408999 1.168307 -0.1687085 -0.1781496 1.168307 0.3149606 -0.1687085 1.168307 0.2890214 -0.1448027 1.168307 0.2752194 -0.1176181 1.168307 0.2800127 -0.09987461 1.168307 0.3011586 -0.09987461 1.168307 0.3287626 -0.1176181 1.168307 0.3499085 -0.1448027 1.168307 0.3547019 -0.1687085 1.168307 0.3408999 0.3149606 1.168307 0.1781496 0.2890214 1.168307 0.1687085 0.2752194 1.168307 0.1448027 0.2800127 1.168307 0.1176181 0.3011586 1.168307 0.09987461 0.3287626 1.168307 0.09987461 0.3499085 1.168307 0.1176181 0.3547019 1.168307 0.1448027 0.3408999 1.168307 0.1687085</float_array>
          <technique_common>
            <accessor source="#Untitled_015-mesh-positions-array" count="2248" stride="3">
              <param name="X" type="float"/>
              <param name="Y" type="float"/>
              <param name="Z" type="float"/>
            </accessor>
          </technique_common>
        </source>
        <source id="Untitled_015-mesh-normals">
          <float_array id="Untitled_015-mesh-normals-array" count="10740">0.2418388 0.7071089 -0.664463 0.1227819 0.7070994 -0.6963729 -1.65738e-5 0.7071084 -0.7071053 -0.1227819 0.7070993 -0.6963729 -0.2418385 0.7071086 -0.6644635 -0.3535629 0.7070979 -0.6123772 -0.4545171 0.7071068 -0.5416772 -0.5416843 0.7070983 -0.4545218 -0.6123824 0.7071005 -0.3535489 -0.6644727 0.707099 -0.241841 -0.6963649 0.7071039 -0.1228009 -0.7071136 0.7071 -7.39098e-6 -0.6963649 0.7071039 0.1228006 -0.6644679 0.7070994 0.2418531 -0.6123822 0.7071005 0.353549 -0.5416843 0.7070983 0.4545219 -0.4545174 0.7071071 0.5416767 -0.3535514 0.7071022 0.612379 -0.2418388 0.7071089 0.664463 -0.1227819 0.7070994 0.6963729 1.65738e-5 0.7071084 0.7071053 0.1227819 0.7070993 0.6963729 0.2418385 0.7071086 0.6644635 0.3535629 0.7070979 0.6123772 0.4545171 0.7071068 0.5416772 0.5416843 0.7070983 0.4545218 0.6123824 0.7071005 0.3535489 0.6644727 0.707099 0.241841 0.6963649 0.7071039 0.1228009 0.7071136 0.7071 7.39098e-6 0.6963649 0.7071039 -0.1228006 0.6644679 0.7070994 -0.2418531 0.6123822 0.7071005 -0.353549 0.5416843 0.7070983 -0.4545219 0.4545174 0.7071071 -0.5416767 0.3535514 0.7071022 -0.612379 -0.3420104 0 0.9396962 -0.3420103 0 0.9396963 -5.60624e-6 0 1 -5.58697e-6 0 1 0.3420232 0 0.9396916 0.3420231 0 0.9396916 0.6427838 0 0.7660477 0.6427831 0 0.7660483 0.8660212 0 0.5000075 0.8660207 0 0.5000082 0.9848067 0 0.173654 0.9848067 0 0.1736544 0.9848081 0 -0.1736466 0.984808 0 -0.1736469 0.8660236 0 -0.5000033 0.8660231 0 -0.5000041 0.6427806 0 -0.7660505 0.6427798 0 -0.7660511 0.3420104 0 -0.9396962 0.3420103 0 -0.9396963 5.60624e-6 0 -1 5.58697e-6 0 -1 -0.3420232 0 -0.9396916 -0.3420231 0 -0.9396916 -0.6427838 0 -0.7660477 -0.6427831 0 -0.7660483 -0.8660212 0 -0.5000075 -0.8660207 0 -0.5000082 -0.9848067 0 -0.173654 -0.9848067 0 -0.1736544 -0.9848081 0 0.1736466 -0.984808 0 0.1736469 -0.8660236 0 0.5000033 -0.8660231 0 0.5000041 -0.6427806 0 0.7660505 -0.6427798 0 0.7660511 0 -1 0 0 -1 4.04159e-7 0 -1 1.98399e-5 0 -1 4.04197e-7 0 -1 -1.33553e-6 0 -1 -2.1679e-5 0 -1 -8.06949e-5 0 -1 -1.61664e-6 0 -1 -4.04159e-7 0 -1 -1.98399e-5 0 -1 -4.04197e-7 0 -1 1.33553e-6 0 -1 2.1679e-5 0 -1 8.06949e-5 0 -1 1.61664e-6 1 0 0 1 1.76793e-7 0 1 4.73063e-7 0 1 4.78468e-7 0 1 4.9736e-6 0 1 3.60082e-6 0 1 3.97561e-6 0 1 1.67055e-5 0 1 8.923e-5 0 1 1.08399e-4 0 1 -2.43693e-6 0 1 1.10293e-6 0 1 3.61832e-5 0 1 -1.4329e-6 0 1 -7.15685e-6 0 1 -1.24235e-5 0 1 -1.02333e-6 0 1 8.53067e-5 0 1 8.95036e-5 0 0 -1 -1.20103e-5 0 -0.9711203 0.2385904 0 -1 7.53254e-6 0 -0.9711204 0.2385904 0 -0.8861589 0.4633817 0 -0.8861494 0.4633999 -1.19139e-6 -0.7499877 0.6614519 3.40212e-6 -0.7499952 0.6614432 -1.51456e-7 0.7500058 0.6614313 0 0.8861494 0.4633998 -4.46686e-7 0.7499989 0.6614392 0 0.8861589 0.4633815 0 0.9711203 0.2385904 0 0.9711204 0.2385904 0 1 7.689e-6 0 1 -1.18501e-5 0 1 -2.02358e-5 0 1 1.33552e-5 0 0.9711203 -0.2385904 0 0.9711202 -0.2385904 0 0.8861494 -0.4633997 0 0.7499849 -0.661455 0 0.7499977 -0.6614404 0 0.886159 -0.4633815 0 -1 -2.0016e-5 0 -1 1.34893e-5 0 -0.7500011 -0.6614366 0 -0.749989 -0.6614503 0 -0.8861589 -0.4633816 0 -0.8861494 -0.4633998 0 -0.9711203 -0.2385904 0 -0.9711202 -0.2385904 0 0.7660356 0.6427983 0 1 -1.52641e-5 0 1 1.52641e-5 0 0.7660356 -0.6427983 0 0.7660455 -0.6427865 0 0.1736544 -0.9848067 0 0.1736521 -0.9848071 0 -0.4999991 -0.866026 0 -0.5000014 -0.8660246 0 -0.9396925 -0.3420208 0 -0.9396926 -0.3420205 0 -0.9396926 0.3420205 0 -0.9396925 0.3420208 0 -0.5000011 0.8660249 0 -0.4999988 0.8660261 0 0.1736525 0.984807 0 0.1736548 0.9848067 0 0.7660455 0.6427865 0 1 -1.51833e-5 0 1 1.53246e-5 0 0.7660355 -0.6427982 0 0.7660455 -0.6427864 0 -0.9396926 0.3420206 0 -0.9396924 0.3420208 0 -0.5000013 0.8660247 0 -0.4999989 0.8660261 0 0.1736521 0.9848071 0 0.1736544 0.9848067 0 -0.971279 -0.2379437 0 -0.9999995 9.951e-4 0 -0.9999995 9.811e-4 0 -0.8565664 0.5160369 0 -0.8565757 0.5160215 0 -0.4682894 0.8835753 0 -0.4682979 0.8835707 0 0.05384033 0.9985496 0 0.05383789 0.9985497 0 0.5605842 0.8280975 0 0.5605838 0.8280978 0 0.9070914 0.4209338 0 0.9070867 0.4209438 0 0.9943097 -0.1065294 0 -0.8862962 -0.4631189 0 -0.8862943 -0.4631228 0 -0.9712731 -0.2379677 0 -0.8770247 -0.4804453 -1.91535e-6 -0.87703 -0.4804356 0 0.9919041 -0.1269891 0 0.9919032 -0.1269963 4.97594e-5 0.9943091 -0.1065347 0 0.9516867 -0.3070708 0 0.9516964 -0.3070406 9.14483e-6 0.8691008 -0.4946351 0 0.8691014 -0.4946339 0 0.8082932 -0.5887804 0 0.8082707 -0.5888112 -1 0 0 -1 0 0 -1 4.78468e-7 0 -1 -2.00286e-7 0 -1 -9.26254e-7 0 -1 2.69483e-6 0 -1 8.3077e-6 0 -1 1.9878e-6 0 -1 2.92094e-6 0 -1 -1.24498e-4 0 -1 -1.34213e-4 0 -1 -2.43693e-6 0 -1 4.04054e-7 0 -1 3.61826e-5 0 -1 -6.95973e-7 0 -1 -5.70022e-7 0 -1 -7.09857e-6 0 -1 -1.73848e-5 0 -1 1.27185e-5 0 -1 1.80802e-6 0 -1 3.37152e-5 0 -1 3.38721e-5 0 0 -0.1289144 0.9916558 0 -0.1289149 0.9916557 0 -0.1289159 0.9916556 0 -0.1289155 0.9916557 0 -0.1289151 0.9916557 0 -0.1289151 0.9916557 0 -0.1289149 0.9916557 0 -0.1289153 0.9916557 0 -0.1289151 0.9916557 0 -0.1289151 0.9916557 0 -0.1289152 0.9916557 -1 9.96617e-7 0 -1 7.1187e-7 0 -1 1.66102e-7 0 -1 1.66105e-7 0 -1 7.11877e-7 0 -1 9.96627e-7 0 1 1.73328e-6 0 1 1.28645e-5 0 1 1.80345e-6 0 1 -4.15783e-7 0 1 -6.43207e-6 0 1 -9.01778e-7 0 1 -2.07893e-7 0 1 -3.2158e-6 0 1 0 0 1 6.43186e-6 0 1 1.83423e-6 0 1 1.30894e-5 0 1 1.28231e-6 0 1 3.34339e-6 0 1 2.07504e-7 0 1 6.05706e-7 0 1 3.99425e-5 0 1 1.27196e-6 0 -1 8.26253e-7 0 -1 1.30894e-5 0 -1 1.42175e-6 0 -1 -6.35541e-6 0 -1 -1.22479e-6 0 -1 -3.38507e-6 0 -1 3.92627e-5 0 -1 6.05706e-7 0 -1 4.18853e-7 0 -1 6.59715e-6 0 -1 6.83848e-7 0 -1 -3.35384e-6 0 -1 -4.51139e-7 0 1.153e-5 0.04974788 0.9987619 0 -0.423923 0.9056983 -1.15847e-5 0.04975038 0.9987617 0 -0.4239223 0.9056985 0 -0.798812 0.6015807 0 -0.7988156 0.601576 0 -0.9875574 0.1572593 0 -0.987554 0.1572809 0 -0.9945194 0.1045529 0 -0.9965123 0.08344715 0 -0.9965131 0.08343684 -2.78698e-6 -0.9945176 0.1045693 0 -0.9986694 0.05157065 0 -0.9986687 0.05158436 0 -0.9991612 0.04095208 0 -0.9991618 0.04093647 0 -0.9999988 -0.001586675 0 -0.9999988 -0.001609683 0 -0.9708626 -0.2396369 0 -0.9708681 -0.2396147 0 -0.8859176 -0.4638426 0 -0.7500079 -0.661429 -3.07033e-5 -0.7500033 -0.6614342 0 -0.8859021 -0.4638724 -1.23084e-5 0.207259 0.9782862 0 0.6668366 0.7452041 1.23668e-5 0.2072644 0.978285 0 0.6668458 0.7451958 0 0.9493447 0.3142369 0 0.9493497 0.3142219 0 0.9797594 -0.2001788 0 0.9797572 -0.2001897 0 0.7499998 -0.6614381 0 0.7499989 -0.6614391 1 2.46836e-6 0 1 2.02179e-7 0 1 1.73625e-6 0 1 -3.92224e-7 0 1 -8.77096e-7 0 1 -6.08313e-7 0 1 1.73016e-6 0 1 -8.65075e-7 0 1 1.71505e-7 0 1 -6.45055e-7 0 1 1.08503e-6 0 1 -3.43032e-7 0 1 1.29025e-6 0 1 -2.17006e-6 0 1 2.23133e-5 0 1 8.7379e-6 0 1 7.2225e-5 0 1 -9.62446e-5 0 1 8.13713e-5 0 1 -1.9554e-5 1.04512e-6 -1 1.13105e-5 0 -1 -1.34571e-5 0 -1 -3.51854e-6 0 -1 6.3612e-5 0 -1 -4.78158e-6 0 -1 5.09421e-5 0 -1 -1.9555e-5 -4.58735e-7 -1 -2.4684e-6 0 -1 -2.02182e-7 0 -1 -1.73629e-6 0 -1 3.92215e-7 0 -1 8.77093e-7 0 -1 6.0831e-7 0 -1 1.74136e-6 0 -1 8.1287e-7 0 -1 -1.71516e-7 0 -1 8.6508e-7 0 -1 6.45128e-7 0 -1 -1.08503e-6 0 -1 1.08503e-6 0 0 0.7702484 -0.637744 0 0.7704374 -0.6375157 2.30382e-5 0.7802969 -0.6254093 0 0.7803127 -0.6253895 0 0.90026 -0.4353528 0 0.9002595 -0.4353538 0 0.9747463 -0.2233151 0 0.9747436 -0.2233275 0 1 -7.10413e-6 0 0.7603827 -0.6494753 0 0.7602871 -0.6495872 0 1 -2.04928e-5 0 -0.90026 -0.4353528 0 -0.9002496 -0.4353743 0 -0.7803094 -0.6253936 0 -0.7802985 -0.6254073 0 -0.7704386 -0.6375142 0 -0.7704384 -0.6375145 0 -0.7600987 -0.6498076 0 -0.7602871 -0.6495872 0 -0.9747465 -0.2233144 0 -0.9747463 -0.2233151 0 -1 -6.85826e-6 0 -1 -6.95884e-6 0 -1 2.00495e-5 0 -1 2.9318e-6 0 -0.9711204 0.2385903 0 -0.9711233 0.2385783 0 -0.8861447 0.4634087 5.36209e-7 -0.7500104 0.6614261 3.65777e-6 -0.7499935 0.6614453 0 -0.8861542 0.4633905 0 1 2.02693e-5 0 1 1.54451e-5 -1.17836e-6 0.750001 0.6614368 -1.49803e-6 0.7500177 0.6614177 0 0.8861542 0.4633905 0 0.8861542 0.4633905 0 0.9711203 0.2385903 0 0.9711203 0.2385904 0 -0.7660499 -0.6427811 0 -1 -1.52236e-5 0 -1 1.49813e-5 0 -0.7660502 0.6427807 0 -0.7660381 0.6427952 0 -0.1736561 0.9848064 0 -0.1736512 0.9848072 0 0.5000033 0.8660236 0 0.499999 0.8660261 0 0.9396946 0.3420148 0 0.9396926 0.3420205 0 0.9396925 -0.3420207 0 0.9396945 -0.342015 0 0.4999988 -0.8660261 0 0.5000031 -0.8660237 0 -0.1736509 -0.9848073 0 -0.1736558 -0.9848065 0 -0.7660378 -0.6427956 0 -0.7660502 -0.6427807 0 -1 -1.49813e-5 0 -1 1.52236e-5 0 -0.7660499 0.6427811 0 -0.7660378 0.6427956 0 -0.1736558 0.9848065 0 -0.1736509 0.9848073 0 0.9396926 -0.3420205 0 0.9396946 -0.3420148 0 0.499999 -0.8660261 0 0.5000033 -0.8660236 0 -0.1736512 -0.9848072 0 -0.1736561 -0.9848064 0 -0.7660381 -0.6427952 0 -0.1289152 -0.9916557 0 -0.1289152 -0.9916557 0 -0.1289151 -0.9916557 0 -0.1289155 -0.9916557 0 -0.1289153 -0.9916557 0 -0.1289162 -0.9916555 0 -0.1289154 -0.9916556 0 -0.1289152 -0.9916556 0 -0.1289151 -0.9916557 0 -0.1289153 -0.9916557 0 -0.1289151 -0.9916557 0 -0.1289147 0.9916558 0 -0.128915 0.9916557 0 -0.1289154 0.9916557 0 -0.1289152 0.9916557 0 -0.1289153 0.9916557 0 -0.1289153 0.9916557 0 -0.1289154 0.9916557 0 -0.1289154 0.9916556 0 -0.1289152 0.9916556 0 -0.1289151 0.9916557 0 -0.1289153 0.9916557 0 -0.1289151 0.9916557 1 8.49399e-6 0 1 5.42387e-6 0 1 0 0 1 -1.30797e-7 0 1 9.46242e-7 0 1 -1.07832e-5 0 1 -1.20067e-4 0 1 -1.16084e-4 0 1 3.77932e-5 0 1 -3.47571e-5 0 1 -7.99657e-6 0 1 5.67137e-5 0 1 1.29633e-4 0 1 1.54555e-6 0 1 7.608e-7 0 1 3.9596e-7 0 1 -9.31518e-5 0 1 2.15642e-5 0 1 -9.2314e-5 0 1 -1.66441e-5 0 1 -7.85256e-6 0 1 -7.60036e-5 0 1 -1.79162e-5 0 1 -5.62206e-5 0 1 -1.12077e-4 0 -1 -7.82144e-7 0 -1 -2.28718e-7 0 -1 5.42387e-6 0 -1 8.49399e-6 0 -1 1.07821e-5 0 -1 -2.1436e-4 0 -1 1.21635e-4 0 -1 -2.21917e-5 0 -1 1.90451e-5 0 -1 2.65599e-5 0 -1 -5.51919e-5 0 -1 2.08282e-5 0 -1 -6.14467e-6 0 -1 -2.66844e-5 0 -1 -1.387e-6 0 -1 -2.03397e-6 0 -1 -9.22588e-5 0 -1 -8.42753e-6 0 -1 -2.07725e-6 0 -1 -7.87362e-5 0 -1 1.93415e-5 0 -1 6.86722e-7 0 -1 -3.25655e-6 0 -1 -1.75501e-7 0 -1 -9.96623e-7 0 -1 -7.11873e-7 0 -1 1.16273e-6 0 -1 5.695e-6 0 -1 7.97301e-6 0 -1 -6.57599e-7 0 -1 -1.70051e-6 0 -1 -1.36947e-6 0 1 7.973e-6 0 1 5.695e-6 0 1 9.9663e-7 0 1 -1.42375e-6 0 1 -1.99325e-6 0 1 -2.05455e-6 0 1 -8.43105e-5 0 1 -8.07662e-6 0 1 -2.99771e-6 0 1 -1.40057e-5 0 1 -7.00612e-7 0 1 5.99533e-6 0 1 2.80087e-5 0 1 6.51754e-7 0 1 -3.50123e-6 0 1 -1.75147e-7 0 1 -1.44965e-5 -2.46422e-7 1 -2.224e-6 1.61439e-7 1 -4.25364e-5 0 1 3.78299e-5 0 1 -7.83341e-6 0 1 8.48039e-6 0 1 -4.33471e-5 0 -1 1.38553e-5 0 -1 -2.22446e-6 1.53261e-7 -1 -1.23144e-5 -2.2864e-7 -1.24345e-5 0.1857835 0.9825907 0 0.6545047 0.7560579 1.24934e-5 0.1857835 0.9825907 0 0.6545046 0.7560581 0 0.9458475 0.3246115 0 0.9458475 0.3246116 0 0.9808412 -0.1948096 0 0.9808401 -0.1948144 0 0.7499889 -0.6614504 0 0.7500091 -0.6614277 1.1761e-5 0.07163578 0.9974309 0 -0.4130411 0.9107125 -1.18168e-5 0.07163798 0.9974308 0 -0.413044 0.9107111 0 -0.7975816 0.6032112 0 -0.7975808 0.6032122 0 -0.9887692 0.1494504 0 -0.9887634 0.1494892 0 -0.9918766 0.127205 0 -0.9918887 0.1271101 0 -0.9950265 0.09961068 0 -0.9950312 0.0995633 0 -0.9964065 0.08470088 0 -0.9964074 0.08468991 0 -0.9987742 0.04949897 0 -0.9987781 0.04942107 0 -0.9991192 0.04196286 0 -0.999118 0.04199182 0 -0.9999998 -8.25022e-4 1.67813e-5 -0.9999997 -8.29496e-4 0 -0.9709911 -0.2391155 0 -0.8860252 -0.4636371 0 -0.8860245 -0.4636384 0 -0.9709854 -0.2391388 0 -0.7500042 -0.6614332 -3.00883e-5 -0.7500017 -0.6614359 0 -1 -5.97909e-6 0 -0.9711174 0.2386024 0 -1 -4.61563e-6 0 -0.9711205 0.2385897 0 -0.8861439 0.4634101 0 -0.8861541 0.4633908 -1.24029e-6 -0.7500006 0.6614372 3.44124e-6 -0.7499889 0.6614504 3.45218e-6 0.7499876 0.6614519 0 0.8861541 0.4633909 -1.90455e-7 0.7500081 0.6614287 0 0.8861493 0.4633999 0 1 7.66292e-6 0 1 -1.84737e-5 0 0.7649381 -0.6441038 0 0.7646774 -0.6444134 2.61335e-5 0.7719826 -0.6356437 0 0.7719752 -0.6356528 0 0.8963873 -0.4432719 0 0.8963921 -0.4432619 0 0.9737547 -0.2276005 0 0.7574571 -0.6528851 0 0.7571928 -0.6531916 -2.19839e-5 1 -1.44914e-5 0 1 7.97957e-6 0 0.9737517 -0.2276132 2.20018e-5 -1 1.91927e-5 0 -1 2.0925e-5 0 -0.8963915 -0.4432632 0 -0.8963867 -0.443273 0 -0.7719728 -0.6356557 0 -0.7719804 -0.6356464 0 -0.7648919 -0.6441587 0 -0.7648061 -0.6442607 0 -0.7575898 -0.6527311 0 -0.7571927 -0.6531916 0 -0.9737489 -0.2276251 0 -0.9737519 -0.2276124 0 0.7660471 0.6427845 0 1 7.40988e-6 0 1 -7.40988e-6 0 0.7660474 -0.6427841 0 0.7660403 -0.6427927 0 0.1736475 -0.9848079 0 0.1736468 -0.9848081 0 -0.5000015 -0.8660247 0 -0.4999988 -0.8660261 0 -0.4999988 0.8660261 0 -0.5000015 0.8660247 0 0.1736462 0.9848082 0 0.1736469 0.984808 0 0.7660399 0.6427931 0 0.7660474 0.6427841 0 0.1736468 0.9848081 0 0.1736475 0.9848079 0 0.7660403 0.6427927 1 -2.00411e-6 0 1 -1.08501e-6 0 1 -1.74135e-6 0 1 -6.28283e-6 0 1 1.82449e-6 0 1 5.743e-6 0 1 1.74558e-6 0 1 1.17845e-6 0 1 1.08752e-6 0 1 -8.1164e-7 0 1 2.1676e-6 0 1 -6.56343e-6 0 1 2.17002e-6 0 1 -1.2902e-6 0 1 3.52144e-6 0 1 4.95841e-6 0 -1 2.00411e-6 0 -1 1.08501e-6 0 -1 1.74135e-6 0 -1 6.28283e-6 0 -1 -1.82451e-6 0 -1 -5.743e-6 0 -1 -1.74559e-6 0 -1 -1.17847e-6 0 -1 1.05252e-6 0 -1 -9.16025e-7 0 -1 -3.04068e-6 0 -1 6.45098e-7 0 -1 -1.08501e-6 0 -1 5.743e-6 0 0 -0.128916 0.9916556 0 -0.1289155 0.9916557 0 -0.1289144 0.9916558 0 -0.128915 0.9916557 0 -0.1289343 0.9916532 0 -0.1289093 0.9916564 0 -0.1289153 0.9916557 0 -0.1289139 -0.9916559 0 -0.1289148 -0.9916558 0 -0.1289148 -0.9916557 0 -0.128915 -0.9916557 0 -0.1289155 -0.9916557 0 -0.128915 -0.9916557 0 -0.1289154 -0.9916557 0 -0.128915 -0.9916557 0 -0.1289289 -0.9916539 0 -0.1289153 -0.9916557 0 -0.1289151 -0.9916557 0 -0.1289152 -0.9916557 0 -0.1289193 -0.9916551 0 -0.1289153 -0.9916557 0 -0.1289151 -0.9916557 1 7.97294e-6 0 1 5.69496e-6 0 1 1.32884e-6 0 1 -1.73331e-6 0 1 -1.28638e-5 0 1 -1.80346e-6 0 1 -4.1578e-7 0 1 -6.43164e-6 0 1 -9.01723e-7 0 1 -8.31557e-7 0 1 -7.78778e-6 0 1 -1.17842e-4 0 1 2.42629e-6 0 1 4.15788e-7 0 1 6.43182e-6 0 1 4.85954e-7 0 1 -6.43174e-6 0 -1 -7.97295e-6 0 -1 -5.69496e-6 0 -1 -1.49495e-6 0 -1 -7.11885e-7 0 -1 -9.96639e-7 0 -1 -1.80346e-6 0 -1 -1.28638e-5 0 -1 -1.73331e-6 0 -1 -6.43176e-6 0 -1 1.38768e-6 0 -1 1.28636e-5 0 -1 8.3157e-7 0 -1 2.42629e-6 0 -1 -1.19646e-4 0 -1 -2.06516e-5 0 -1 -1.66312e-6 0 1 -1.8489e-7 0 1 -6.63793e-7 0 1 -9.54413e-7 0 1 2.60779e-6 0 1 3.36989e-5 0 1 3.94086e-5 0 1 3.1254e-5 0 1 8.00272e-5 0 1 6.30182e-5 0 1 2.4223e-5 0 1 -9.46992e-6 0 1 3.85351e-7 0 1 1.16147e-6 0 1 1.72508e-6 0 1 -3.56361e-6 0 1 -2.59887e-5 0 1 -3.45257e-6 0 1 -1.26778e-5 0 1 -2.17568e-6 0 1 -9.34153e-6 0 1 -2.42686e-6 0 1 -1.24221e-5 0 1 -8.2904e-7 0 -1 3.09568e-5 0 -1 -3.1448e-5 0 -1 -1.43451e-5 0 -1 7.92855e-7 0 -1 -2.15557e-5 0 -1 3.1254e-5 0 -1 7.93169e-6 0 -1 3.2148e-5 0 -1 -9.47015e-6 0 -1 1.98296e-6 0 -1 2.32294e-6 0 -1 3.45016e-6 0 -1 -2.88698e-5 0 -1 -3.76871e-5 0 -1 2.0001e-5 0 -1 -3.96079e-7 0 -1 -1.76837e-4 0 -1 -1.71701e-4 0 -1 1.24022e-7 0 -1 3.81452e-5 0 -1 3.59695e-5 0 0 -1 2.46247e-6 0 -1 -3.77093e-6 0 -1 5.91058e-6 0 -1 -2.86681e-6 0 -1 1.37023e-5 0 -1 -5.70841e-6 0 -1 -8.56395e-7 0 -1 -6.85115e-6 0 -1 -6.54228e-7 0 -1 -1.63557e-7 0 -1 -1.47201e-6 0 -1 -3.27114e-7 0 -1 -2.2898e-6 0 -1 -1.47201e-6 0 -1 -3.27114e-7 0 -1 -2.28979e-6 0 -1 2.13552e-7 0 -1 -1.61846e-6 0 -1 -2.13552e-7 0 -1 0 0 -1 1.50263e-6 0 -1 4.25787e-6 0 -1 -1.16529e-5 0 -1 0 0 -1 -3.06119e-7 0 -1 1.61846e-6 0 -1 1.16529e-5 0 -1 -5.15661e-6 0 -1 1.44964e-6 0 -1 1.5946e-5 0 -1 -1.06121e-6 0 -1 1.06121e-6 0 -1 -5.30604e-7 0 -1 -1.94213e-7 0 -1 4.45569e-6 0 -1 -7.97299e-6 0 -1 -5.25299e-6 0 -1 6.54226e-7 0 -1 -1.30845e-6 0 -1 9.8134e-7 0 -1 6.86939e-6 0 -1 -4.52063e-7 0 -1 -8.30278e-6 0 -1 6.85112e-6 0 -1 6.54227e-7 0 -1 -1.30845e-6 0 -1 9.81341e-7 0 -1 6.86938e-6 0 -1 -4.52059e-7 0 -1 -8.3028e-6 0 -1 6.85115e-6 0 -1 -2.74046e-5 0 -1 3.44381e-6 0 -1 -7.29626e-6 0 -1 1.15401e-6 0 -1 -2.42601e-6 0 -1 -1.15401e-6 0 -1 2.42601e-6 0 -1 5.58346e-6 0 -1 -5.15659e-6 0 -1 1.37023e-5 0 -1 -4.19779e-6 0 -1 3.77093e-6 0 -1 0 0 -1 0 0 -1 -3.77092e-6 0 -1 4.57959e-6 0 -1 -1.63557e-7 0 -1 -1.47201e-6 0 -1 4.98359e-6 0 -1 -6.26295e-7 0 -1 0 0 -1 6.26295e-7 0 -1 -4.98359e-6 0 -1 5.41004e-6 0 -1 -5.41004e-6 0 -1 4.53275e-6 0 -1 -1.52797e-6 0 -1 0 0 -1 1.52797e-6 0 -1 -4.53275e-6 0 -1 8.11507e-6 0 -1 -8.11506e-6 0 -1 -4.50837e-7 0 -1 -9.01674e-7 0 -1 9.01674e-7 0 -1 4.50837e-7 0 -1 2.70502e-6 0 -1 -2.70502e-6 0 -1 -4.50838e-7 0 -1 -9.01674e-7 0 -1 9.01674e-7 0 -1 4.50838e-7 0 -1 2.70502e-6 0 -1 -2.70502e-6 0 -1 -4.50837e-7 0 -1 -9.01674e-7 0 -1 9.01674e-7 0 -1 4.50837e-7 0 -1 2.70502e-6 0 -1 -2.70502e-6 0 -1 4.53275e-6 0 -1 -1.52797e-6 0 -1 0 0 -1 1.52797e-6 0 -1 -4.53275e-6 0 -1 8.11506e-6 0 -1 -8.11507e-6 0 -1 1.23233e-5 0 -1 1.28299e-5 0 -1 -2.03997e-5 0 -1 5.38677e-6 0.9396923 2.67941e-5 -0.3420209 0.9848076 -2.9806e-5 -0.1736494 1 -2.37376e-5 1.25595e-6 0.9848077 2.16365e-5 0.1736493 0.9396926 2.67718e-5 0.3420204 0.866025 -2.91727e-5 0.5000007 0.7660452 -2.28826e-5 0.6427869 0.6427879 -2.79918e-5 0.7660442 0.5000003 -2.27541e-5 0.8660253 0.3420197 2.30838e-5 0.9396928 0.1736473 2.87257e-5 0.9848079 -1.26916e-6 2.3352e-5 1 -0.173647 2.87127e-5 0.984808 -0.3420196 -2.84016e-5 0.9396929 -0.5000002 -2.27597e-5 0.8660252 -0.642788 -2.79937e-5 0.7660441 -0.7660449 -2.28602e-5 0.6427872 -0.8660259 -2.91094e-5 0.4999992 -0.9396923 2.67941e-5 0.3420209 -0.9848076 -2.9806e-5 0.1736494 -1 -2.37376e-5 -1.25595e-6 -0.9848077 2.16365e-5 -0.1736493 -0.9396926 2.67718e-5 -0.3420204 -0.866025 -2.91727e-5 -0.5000007 -0.7660452 -2.28826e-5 -0.6427869 -0.6427879 -2.79918e-5 -0.7660442 -0.5000003 -2.27541e-5 -0.8660253 -0.3420197 2.30838e-5 -0.9396928 -0.1736473 2.87257e-5 -0.9848079 1.26916e-6 2.3352e-5 -1 0.173647 2.87127e-5 -0.984808 0.3420196 -2.84016e-5 -0.9396929 0.5000002 -2.27597e-5 -0.8660252 0.642788 -2.79937e-5 -0.7660441 0.7660449 -2.28602e-5 -0.6427872 0.8660259 -2.91094e-5 -0.4999992 0 -1 2.03997e-5 0 -0.9110304 -0.4123393 0 -1 -1.23233e-5 0 -0.9110314 -0.4123372 0 -0.659955 -0.7513052 0 -0.6599571 -0.7513034 0 -0.2914509 -0.9565858 0 0.1288998 -0.9916576 0 0.1288932 -0.9916586 0 1 1.96099e-5 0 1 3.02494e-6 0 0.8436802 -0.5368462 0 0.8436824 -0.5368428 0 0.4236032 -0.905848 0 0.423599 -0.9058498 0 -0.1289302 -0.9916537 0 -0.1289209 -0.9916549 0 -0.1289157 0.9916557 0 -0.1289153 0.9916557 0 -0.128912 0.9916561 0 -0.1289152 0.9916557 0 -0.1289294 0.9916538 0 -0.1289159 -0.9916556 0 -0.1289154 -0.9916557 0 -0.128915 -0.9916557 0 -0.1289152 -0.9916557 -1 2.70503e-6 0 -1 0 0 -1 0 0 -1 5.39482e-7 0 -1 -1.2054e-6 0 -1 8.42077e-7 0 -1 -2.63379e-6 0 -1 -9.95726e-7 0 -1 1.36097e-6 0 -1 -1.03696e-6 0 -1 5.27732e-7 0 -1 -3.83407e-7 0 -1 -1.1727e-6 0 -1 -1.00302e-6 0 -1 3.82553e-6 0 -1 -7.17692e-7 0 -1 -1.57919e-7 0 -1 3.6027e-6 0 -1 -6.17175e-7 0 -1 1.06606e-6 0 -1 -1.01401e-6 0 -1 1.69509e-6 0 -1 0 0 -1 -1.05457e-6 0 -1 0 0 -1 5.8185e-7 0 -1 0 0 -1 1.23516e-7 0 -1 -2.22207e-6 0 -1 -9.1389e-7 0 -1 -5.58185e-7 0 -1 0 0 -1 -1.23444e-6 0 -1 2.35201e-7 0 -1 -5.27629e-7 0 -1 -1.83274e-7 0 -1 6.19371e-7 0 -1 -2.27795e-7 0 -1 -1.00772e-6 0 -1 -6.71963e-7 0 -1 -9.96203e-7 0 -1 -3.87714e-6 0 -1 -2.99653e-7 0 -1 -1.05131e-6 0 -1 3.68128e-7 0 -1 -9.20398e-7 0 -1 1.22694e-6 0 -1 0 0 -1 -1.93125e-6 0 -1 2.96247e-7 0 -1 2.91833e-7 0 -1 5.83666e-7 0 -1 -2.2399e-7 0 -1 3.67627e-7 0 -1 -1.02949e-6 0 -1 2.51457e-6 0 -1 9.66486e-7 0 -1 1.75341e-6 0 -1 1.96312e-6 0 -1 5.89001e-7 0 -1 -2.34539e-6 0 -1 1.41911e-6 0 -1 1.10896e-6 0 -1 2.40815e-6 0 -1 1.4357e-7 0 -1 -4.96087e-7 0 -1 -5.60758e-6 0 -1 -5.28675e-7 0 -1 -4.42553e-7 0 -1 -1.06777e-6 0 -1 4.18504e-7 0 -1 -1.54066e-7 0 -1 2.91833e-7 0 -1 1.45917e-7 0 -1 5.92494e-7 0 -1 -1.64759e-6 0 -1 5.31798e-7 0 -1 -1.09696e-6 0 -1 1.07328e-6 0 -1 5.89005e-7 0 -1 -2.3454e-6 0 -1 -5.484e-7 0 -1 -3.16055e-7 0 -1 -4.28917e-7 0 -1 -2.91833e-7 0 -1 -1.45917e-7 0 -1 5.92498e-7 0 -1 5.67317e-7 0 -1 1.41019e-6 0 -1 0 0 -1 8.95328e-7 0 -1 5.89003e-7 0 -1 -7.66813e-7 0 -1 8.55949e-7 0 -1 1.99325e-6 0 -1 1.31325e-6 0 -1 -1.31325e-6 0 -1 2.6265e-6 0 -1 1.99325e-6 0 -1 1.99324e-7 0 1 -7.17692e-7 0 1 -1.57919e-7 0 1 3.6027e-6 0 1 -6.17175e-7 0 1 1.06606e-6 0 1 -1.01401e-6 0 1 1.69509e-6 0 1 0 0 1 0 0 1 -1.05457e-6 0 1 0 0 1 5.8185e-7 0 1 0 0 1 1.23516e-7 0 1 -2.22207e-6 0 1 -9.1389e-7 0 1 -5.58185e-7 0 1 0 0 1 -1.23444e-6 0 1 2.35201e-7 0 1 -5.27629e-7 0 1 -1.83274e-7 0 1 6.19371e-7 0 1 -2.27795e-7 0 1 0 0 1 -2.36712e-6 0 1 8.6101e-7 0 1 4.58673e-7 0 1 -1.47251e-7 0 1 -1.28154e-7 0 1 -4.90772e-7 0 1 9.69419e-7 0 1 2.83652e-7 0 1 -5.31134e-6 0 1 -5.69046e-7 0 1 1.43569e-7 0 1 2.26223e-6 0 1 1.10896e-6 0 1 1.41911e-6 0 1 -1.00772e-6 0 1 -3.80649e-6 0 1 0 0 1 1.6965e-6 0 1 0 0 1 3.29587e-7 0 1 4.41752e-7 0 1 3.84468e-7 0 1 1.47234e-6 0 1 9.69429e-7 0 1 2.83657e-7 0 1 2.96248e-7 0 1 3.82553e-6 0 1 3.68128e-7 0 1 -9.20398e-7 0 1 1.22694e-6 0 1 0 0 1 -1.93125e-6 0 1 2.96247e-7 0 1 2.91833e-7 0 1 5.83666e-7 0 1 -2.3454e-6 0 1 -5.484e-7 0 1 -3.16055e-7 0 1 -4.28917e-7 0 1 -2.91833e-7 0 1 -1.45917e-7 0 1 5.92498e-7 0 1 5.67317e-7 0 1 1.41019e-6 0 1 0 0 1 8.95328e-7 0 1 5.89003e-7 0 1 -7.66813e-7 0 1 2.91833e-7 0 1 1.45917e-7 0 1 5.92494e-7 0 1 -1.64759e-6 0 1 5.31798e-7 0 1 -1.09696e-6 0 1 1.07328e-6 0 1 5.89005e-7 0 1 -2.34539e-6 0 1 2.40815e-6 0 1 1.4357e-7 0 1 -4.96087e-7 0 1 -5.60758e-6 0 1 -5.28675e-7 0 1 -4.42553e-7 0 1 -1.06777e-6 0 1 4.18504e-7 0 1 -1.54066e-7 0 1 8.55949e-7 0 1 1.99325e-6 0 1 1.31325e-6 0 1 -1.31325e-6 0 1 2.6265e-6 0 1 1.99325e-6 0 1 1.99324e-7 0 0 0.1288965 -0.9916581 1.06766e-6 0.1289122 -0.9916561 0 -1 -1.2517e-5 0 -1 -5.38677e-6 0 0.1288965 0.9916581 0 0.1288932 0.9916586 -1.06766e-6 0.1289122 0.9916561 0 0.1288998 0.9916576 0 0.5726869 -0.8197743 0 0.5726913 -0.8197712 0 0.8867591 -0.462232 0 0.886763 -0.4622243 0 1 -1.40936e-5 0 1 1.40936e-5 0 0.886763 0.4622243 0 0.8867591 0.462232 0 0.5726869 0.8197743 0 0.5726913 0.8197712 0 -1 1.04308e-5 0 -1 -3.37511e-6 0 -0.8867507 -0.462248 0 -0.8867573 -0.4622355 0 -0.5726844 -0.8197759 0 -0.5726845 -0.8197759 0 -0.5726845 0.8197759 0 -0.5726844 0.8197759 0 -0.8867507 0.462248 0 -0.8867573 0.4622355 0 -1 3.37511e-6 0 -1 -1.04308e-5 0 -0.2914509 0.9565858 0 -0.6599571 0.7513034 0 -0.659955 0.7513052 0 -0.9110314 0.4123373 0 -0.9110304 0.4123393 0 0.423599 0.9058498 0 0.4236032 0.905848 0 0.8436802 0.5368462 0 0.8436824 0.5368428 0 1 -6.3628e-6 0 1 -2.04146e-5 0 -0.9916551 -0.1289203 0 -0.9916561 -0.1289118 0 -0.9916564 -0.12891 0 -0.9916551 -0.1289201 1 -1.99328e-6 0 1 -1.42377e-6 0 1 -1.66105e-6 0 1 -5.69495e-6 0 1 -7.97294e-6 0 0 -0.8425169 -0.53867 0 -0.9916554 0.1289176 0 -0.9916554 0.1289176 0 -0.6767876 0.7361785 0 -0.6767833 0.7361823 0 -0.04524672 0.9989759 0 -0.04524105 0.9989761 0 0.6074699 0.7943427 0 0.6074653 0.7943463 0 0.9759432 0.218025 0 0.975942 0.2180308 0 0.8877571 -0.4603122 0 0.8877592 -0.4603081 0 0.3841824 -0.9232572 0 0.3841868 -0.9232554 0 -0.2991536 -0.954205 0 -0.2991572 -0.9542039 0 -0.8425147 -0.5386735 0 0.9916557 0.1289149 0 0.9916532 0.1289345 0 0.9916557 0.128915 0 0.991653 0.1289358 0 -0.9916547 -0.1289229 0 -0.9916557 -0.128915 0 -0.9916554 -0.1289174 0 -0.9916557 -0.1289151 7.8911e-6 -0.2789368 0.9603095 1.24769e-5 -0.6074718 0.7943413 1.66898e-5 -0.9232524 0.3841939 -1.91871e-5 -0.9232518 0.3841956 -1.24723e-5 -0.607472 0.7943412 -1.53203e-5 -0.1289143 0.9916558 2.03419e-5 0.278939 0.9603089 7.35279e-7 0.3841839 0.9232566 8.54e-6 0.7943382 0.607476 -9.91859e-6 0.7943377 0.6074766 -8.07922e-7 0.3841841 0.9232566 -2.03503e-5 0.278939 0.9603089 1.52979e-5 -0.1289142 0.9916558 -7.8911e-6 -0.2789368 0.9603096 0 -0.7943408 -0.6074724 0 -0.9916591 -0.128889 0 -0.7943438 -0.6074684 0 -0.3841837 -0.9232567 0 -0.3841844 -0.9232564 -1.23637e-5 0.1289061 -0.9916569 1.24223e-5 0.1289077 -0.9916567 0 -0.9916583 -0.1288954 0 0.9916567 0.128907 0 0.9916559 0.1289133 0 0.9232548 -0.3841885 0 0.9232586 -0.3841794 0 0.6074721 -0.794341 0 0.6074737 -0.7943398 -1.24223e-5 0.1289246 -0.9916544 1.23637e-5 0.12892 -0.9916551 -1 -5.07573e-6 0 -1 -2.195e-4 0 -1 -2.42607e-6 0 -1 -5.07621e-6 0 -1 2.59724e-4 0 -1 -2.42673e-6 0 -1 2.07884e-7 0 -1 3.21583e-6 0 -1 4.5089e-7 0 0 -0.6767854 0.7361804 0 -0.9916554 0.1289173 0 -0.9916554 0.1289173 0 -0.8425195 -0.5386661 0 -0.8425148 -0.5386735 0 -0.2991616 -0.9542025 0 -0.2991533 -0.954205 0 0.3841912 -0.9232535 0 0.3841738 -0.9232609 0 0.8877679 -0.4602915 0 0.8877527 -0.4603207 0 0.9759418 0.2180317 0 0.9759447 0.2180182 0 0.607473 0.7943405 0 0.6074727 0.7943406 0 -0.0452466 0.9989759 0 -0.04524672 0.9989759 0 -0.6767854 0.7361804 0 0.9916564 0.1289092 0 0.9916561 0.1289118 0 0.9916551 0.1289194 0 0.9916551 0.12892 -5.00213e-5 -0.9916585 -0.1288937 2.02041e-5 -0.9232617 0.3841719 0 -0.9916588 -0.1288912 -2.20002e-5 -0.9232622 0.3841705 0 -0.9916546 -0.1289235 0 -0.9916543 -0.1289254 -1.26166e-5 -0.607472 0.794341 0 -0.2789399 0.9603086 -1.84099e-6 -0.1289123 0.9916561 -2.8695e-5 0.3841804 0.9232581 9.15676e-6 0.278936 0.9603098 1.19545e-5 0.7943467 0.6074649 1.17447e-5 0.794337 0.6074774 8.90344e-7 0.384184 0.9232566 2.04835e-5 0.278939 0.9603089 -1.51885e-5 -0.1289144 0.9916558 7.81566e-6 -0.2789366 0.9603095 1.26204e-5 -0.607472 0.7943412 0 0.9916529 0.1289361 -4.96697e-6 0.9916524 0.1289408 0 0.9232531 -0.3841927 0 0.9232572 -0.3841824 0 0.6074699 -0.7943427 0 0.6074696 -0.7943431 -1.24223e-5 0.1289287 -0.9916539 1.23637e-5 0.1289287 -0.9916539 0 -0.794344 -0.6074684 0 -0.7943372 -0.6074771 0 -0.3841853 -0.923256 0 -0.3841822 -0.9232574 1.24223e-5 0.1289045 -0.991657 -1.23637e-5 0.128911 -0.9916563 0 -0.9916563 -0.1289099 0 -0.9916553 -0.1289182 -1 -1.54092e-6 0 -1 -6.32329e-5 0 -1 -6.57108e-6 0 -1 -2.10759e-5 0 -1 -1.50551e-6 0 -1 2.07032e-5 0 -1 3.64772e-7 0 -1 3.86405e-6 0 -1 8.92194e-7 0 -1 2.10731e-5 0 -1 2.53273e-6 0 -1 2.70663e-5 0 -1 2.95142e-5 0 -1 -1.96721e-5 0 -1 -2.01921e-6 0 0 -0.6767859 0.73618 0 -0.9916551 0.1289197 0 -0.991657 0.1289049 0 -0.8425263 -0.5386553 0 -0.8425068 -0.5386856 0 -0.2991607 -0.9542027 0 -0.2991531 -0.9542052 0 0.384183 -0.9232571 0 0.3841823 -0.9232574 0 0.887764 -0.460299 0 0.8877575 -0.4603116 0 0.9759417 0.2180318 0 0.9759447 0.2180183 0 0.6074728 0.7943404 0 0.607476 0.7943381 0 -0.04524052 0.9989761 0 -0.04524189 0.9989761 0 -0.6767911 0.7361751 0 0.9916558 0.1289141 0 0.9916553 0.1289181 0 0.9916556 0.1289155 0 0.9916563 0.1289101 -5.00213e-5 -0.991658 -0.1288968 -1.15777e-5 -0.9232537 0.3841909 0 -0.991653 -0.1289354 0 -0.7943385 -0.6074753 -1.24443e-5 -0.6074722 0.794341 1.0462e-5 -0.9232538 0.3841906 0 -0.2789399 0.9603086 -3.33833e-6 -0.1289079 0.9916567 -2.88151e-5 0.3841812 0.9232578 8.81124e-6 0.2789354 0.9603099 1.19722e-5 0.7943469 0.6074646 1.22034e-5 0.7943367 0.6074777 1.02911e-6 0.3841837 0.9232566 2.0748e-5 0.2789384 0.9603091 -1.54497e-5 -0.1289137 0.9916558 8.04197e-6 -0.2789374 0.9603093 1.24499e-5 -0.6074721 0.7943411 0 0.9916524 0.1289398 5.12265e-5 0.9916527 0.1289376 0 0.9232569 -0.3841831 0 0.9232568 -0.3841835 0 0.6074717 -0.7943414 0 0.6074714 -0.7943416 -1.24223e-5 0.1289237 -0.9916545 1.23637e-5 0.1289238 -0.9916546 0 -0.7943437 -0.6074686 0 -0.3841806 -0.923258 0 -0.3841842 -0.9232565 1.24223e-5 0.1289077 -0.9916566 -1.23637e-5 0.1289061 -0.9916568 0 -0.9916551 -0.12892 0 -0.9916561 -0.1289119 -1 -9.96627e-7 0 -1 -7.11876e-7 0 -1 1.16273e-6 0 -1 5.69496e-6 0 -1 7.97294e-6 0 0 -0.6767874 0.7361786 0 -0.9916554 0.1289176 0 -0.9916553 0.1289176 0 -0.842517 -0.5386698 0 -0.8425146 -0.5386736 0 -0.2991574 -0.9542039 0 -0.2991534 -0.954205 0 0.384187 -0.9232553 0 0.3841822 -0.9232574 0 0.8877593 -0.460308 0 0.8877571 -0.4603124 0 0.975942 0.2180308 0 0.9759433 0.218025 0 -0.04524123 0.9989761 0 -0.04524648 0.9989759 0 -0.6767836 0.7361821 0 0.9916557 0.128915 0 0.9916557 0.1289151 0 -0.9916557 -0.1289149 0 -0.9916557 -0.128915 1 -9.11068e-6 0 1 -8.44952e-7 0 1 0 0 1 -2.19924e-7 0 1 2.35363e-5 0 1 0 0 0 -0.6767854 -0.7361804 0 -0.9916554 -0.1289173 0 -0.9916554 -0.1289173 0 -0.8425195 0.5386661 0 -0.8425148 0.5386735 0 -0.2991616 0.9542025 0 -0.2991533 0.954205 0 0.3841912 0.9232535 0 0.3841738 0.9232609 0 0.8877679 0.4602915 0 0.8877527 0.4603207 0 0.9759418 -0.2180317 0 0.9759447 -0.2180182 0 0.607473 -0.7943405 0 0.6074727 -0.7943406 0 -0.0452466 -0.9989759 0 -0.04524672 -0.9989759 0 -0.6767854 -0.7361804 0 0.9916571 -0.1289041 3.31231e-6 0.9916524 -0.1289402 0 0.9916757 -0.1287612 9.66687e-7 0.991656 -0.128913 0 0.9916541 -0.1289268 -7.07852e-6 -0.9232565 -0.3841843 1.38883e-6 -0.9999995 -9.65627e-4 3.50387e-6 -0.9916575 0.1289007 7.61484e-6 -0.9990997 0.04242533 5.89254e-6 -0.9963164 0.08575332 1.91974e-5 -0.8762012 -0.4819458 3.4933e-5 -0.6074731 -0.7943403 3.0003e-5 -0.5362871 -0.8440356 -1.63959e-6 -0.128915 -0.9916557 -2.99213e-5 -0.06410515 -0.9979432 -1.55708e-5 0.3841858 -0.9232558 5.09729e-5 0.4239068 -0.9057058 -1.61892e-5 0.7943434 -0.607469 2.88436e-5 0.807353 -0.5900688 0 -0.9916597 0.1288838 0 -0.9916563 0.1289099 0 -0.9916553 0.1289182 1 -2.87369e-5 0 1 -1.387e-6 0 1 -1.01699e-6 0 1 -4.61295e-5 0 1 -4.21377e-6 0 1 -3.81873e-7 0 1 -1.84091e-6 0 1 3.43097e-6 0 1 2.51605e-7 0 1 -1.03863e-6 0 1 -4.22394e-5 0 1 -4.90936e-6 0 1 -3.61391e-5 0 1 -3.89838e-6 0 1 -5.10691e-7 0 1 -2.32808e-5 0 0 -0.6767859 -0.73618 0 -0.9916551 -0.1289197 0 -0.991657 -0.1289049 0 -0.8425263 0.5386553 0 -0.8425068 0.5386856 0 -0.2991607 0.9542027 0 -0.2991531 0.9542052 0 0.384183 0.9232571 0 0.3841823 0.9232574 0 0.887764 0.460299 0 0.8877575 0.4603116 0 0.9759417 -0.2180318 0 0.9759447 -0.2180183 0 0.6074728 -0.7943404 0 0.607476 -0.7943381 0 -0.04524052 -0.9989761 0 -0.04524189 -0.9989761 0 -0.6767911 -0.7361751 -1.13947e-6 0.9916532 -0.1289344 0 0.9916553 -0.1289181 -6.63754e-6 0.991657 -0.1289045 0 0.9916563 -0.1289101 1.4049e-5 -0.9232565 -0.3841844 7.12927e-7 -0.971602 -0.2366214 -4.5374e-6 -0.9916588 0.128892 4.85685e-7 -0.9999988 0.001578748 4.80353e-5 -0.9990248 0.04415553 6.41681e-6 -0.6074722 -0.7943411 1.88872e-6 -0.7515798 -0.6596423 8.42381e-7 -0.8722172 -0.4891188 -1.00263e-6 -0.8872039 -0.4613777 1.07265e-6 -0.1289136 -0.9916558 2.90491e-6 -0.2646167 -0.9643537 3.81889e-6 -0.7196933 -0.6942922 -2.29841e-5 0.3841851 -0.9232562 -2.54214e-5 0.2646004 -0.9643582 -3.97573e-7 0.7943578 -0.6074503 -4.61051e-6 0.7197144 -0.6942703 2.34905e-6 0.7515943 -0.6596258 8.0117e-7 0.8500519 -0.526699 1.40676e-6 0.9420923 -0.3353539 -5.91506e-7 0.9803791 -0.1971212 1.92656e-6 -0.9677298 -0.2519908 8.01019e-5 -0.9962362 0.08668005 0 -0.9916587 0.1288924 0 -0.9916552 0.1289193 2.29938e-7 -0.9916562 0.1289117 0 -0.9916538 0.1289296 1 1.0245e-5 0 1 -2.88698e-5 0 1 2.00011e-5 0 0 -0.6767874 -0.7361786 0 -0.9916554 -0.1289176 0 -0.9916553 -0.1289176 0 -0.842517 0.5386698 0 -0.8425146 0.5386736 0 -0.2991574 0.9542039 0 -0.2991534 0.954205 0 0.384187 0.9232553 0 0.3841822 0.9232574 0 0.8877593 0.460308 0 0.8877571 0.4603124 0 0.975942 -0.2180308 0 0.9759433 -0.218025 0 0.6074653 -0.7943463 0 -0.04524123 -0.9989761 0 -0.04524648 -0.9989759 0 -0.6767836 -0.7361821 5.06826e-6 0.9916561 -0.1289111 0 0.9916557 -0.128915 6.20314e-7 0.9916586 -0.1288928 0 0.9916557 -0.1289151 2.4192e-5 -0.923256 -0.3841857 -1.42166e-6 -0.9999997 8.3753e-4 -1.44891e-6 -0.9916566 0.1289086 -1.32082e-4 -0.9990493 0.04359698 1.75287e-5 -0.9962638 0.08636403 -1.02511e-5 -0.6074712 -0.7943417 2.27336e-6 -0.7508168 -0.6605107 1.01514e-6 -0.8760084 -0.4822961 -3.60321e-6 -0.8867044 -0.4623368 -1.76639e-5 -0.1289142 -0.9916558 -1.08089e-5 -0.2684802 -0.9632853 4.01353e-6 -0.7280337 -0.6855415 -1.4361e-6 0.2684795 -0.9632855 1.81897e-5 0.3841832 -0.9232569 5.26849e-6 0.7280242 -0.6855515 9.7556e-6 0.7943422 -0.6074706 5.62457e-6 0.7508237 -0.6605027 -1.98348e-6 0.8542708 -0.5198283 -2.51131e-6 0.9434267 -0.3315815 -8.47969e-7 0.9811553 -0.1932211 -2.08319e-6 -0.9686121 -0.2485771 -4.37628e-6 -0.9713793 -0.2375339 0 -0.9916569 0.1289054 -2.62256e-7 -0.9916562 0.1289114 0 -0.9916498 0.12896 0 -1 1.69144e-6 0 -1 -9.40569e-7 0 -1 1.52842e-6 0 -1 -1.10358e-6 0 -1 0 0 -1 -4.88272e-7 0 -1 -3.49819e-7 0 -1 -2.23685e-6 0 -1 1.63977e-6 0 -1 0 0 -1 4.88272e-7 0 -1 -7.51675e-7 0 -1 2.99881e-6 0 -1 -3.74907e-6 0 -1 4.947e-6 0 -1 6.93167e-6 0 -1 -4.51377e-6 -0.5406394 1.15465e-5 -0.8412545 -0.4154158 -1.26865e-5 -0.9096317 2.34153e-6 1.21687e-5 -1 0.1423125 -1.19787e-5 -0.9898218 0.5406424 1.21817e-5 -0.8412525 0.6548593 -1.2273e-5 -0.755751 0.9096324 1.25133e-5 -0.4154144 0.9594928 -1.22171e-5 -0.2817335 0.9898212 1.15987e-5 0.1423171 0.9594936 -1.21146e-5 0.2817305 0.7557482 8.82079e-7 0.6548624 0.6548626 -7.97212e-7 0.755748 0.1423126 -1.20252e-5 0.9898217 -0.8412538 -1.28448e-5 -0.5406404 -0.9096339 -2.97744e-5 -0.4154109 -1 -1.25319e-5 1.96231e-6 -0.9898215 1.23493e-5 0.1423144 -0.8412528 -1.24313e-5 0.540642 -0.7557513 1.20606e-5 0.654859 -0.4154135 0 0.9096328 -0.2817347 9.46224e-7 0.9594925 0.281733 1.1079e-5 0.9594929 -0.5406407 1.21854e-5 -0.8412538 -0.4154126 3.02233e-5 -0.9096332 2.1312e-6 1.20383e-5 -1 0.1423135 -1.1744e-5 -0.9898216 0.5406411 1.2042e-5 -0.8412534 0.6548592 -1.19992e-5 -0.755751 0.9096329 1.1608e-5 -0.4154133 0.9594928 -1.2137e-5 -0.2817333 0.9898212 1.1906e-5 0.1423172 0.9594936 -1.16061e-5 0.2817304 0.7557486 1.10778e-6 0.6548619 0.6548618 2.44752e-6 0.7557487 0.142313 -1.18576e-5 0.9898217 -0.8412545 -1.18911e-5 -0.5406394 -0.9096316 1.23456e-5 -0.4154161 -1 -1.10324e-5 2.32346e-6 -0.9898215 1.25673e-5 0.1423144 -0.8412528 -1.13919e-5 0.5406421 -0.7557511 1.16974e-5 0.654859 -0.4154136 -1.05175e-6 0.9096327 -0.2817345 9.55537e-7 0.9594925 0.2817332 1.14031e-5 0.9594929 -0.5406405 1.25282e-5 -0.8412538 -0.4154157 -1.21109e-5 -0.9096318 2.33065e-6 1.18185e-5 -1 0.1423141 -1.20755e-5 -0.9898216 0.5406429 1.12951e-5 -0.8412523 0.6548596 -1.19489e-5 -0.7557507 0.9096325 1.1351e-5 -0.4154143 0.9594927 -1.22674e-5 -0.2817336 0.9898213 1.07661e-5 0.1423167 0.9594938 -1.23195e-5 0.2817302 0.7557489 -3.86324e-7 0.6548617 0.6548625 0 0.7557481 0.1423126 -1.17011e-5 0.9898218 -0.8412547 -1.07214e-5 -0.5406391 -0.9096317 1.27815e-5 -0.4154156 -1 -1.1256e-5 1.84999e-7 -0.9898217 1.19563e-5 0.142313 -0.8412533 -1.16639e-5 0.5406411 -0.7557502 1.22637e-5 0.65486 -0.4154135 1.35944e-7 0.9096327 -0.2817345 9.68575e-7 0.9594925 0.2817344 1.14106e-5 0.9594925 -0.5406396 1.13733e-5 -0.8412544 -0.4154155 -1.26064e-5 -0.9096319 2.37564e-6 1.13864e-5 -1 0.142314 -1.21407e-5 -0.9898216 0.5406417 1.15372e-5 -0.841253 0.6548603 -1.22488e-5 -0.75575 0.9096322 1.19433e-5 -0.4154146 0.9594923 -1.16862e-5 -0.2817348 0.9898213 1.21035e-5 0.1423165 0.9594938 -1.18334e-5 0.2817303 0.755749 1.06625e-6 0.6548616 0.6548621 -1.26287e-6 0.7557484 0.1423135 -1.12206e-5 0.9898217 -0.841255 -1.21873e-5 -0.5406388 -0.9096319 1.19135e-5 -0.4154153 -1 -1.20942e-5 2.25425e-6 -0.9898218 1.17458e-5 0.1423125 -0.8412527 -1.18855e-5 0.5406423 -0.75575 1.22059e-5 0.6548603 -0.4154141 -5.82746e-7 0.9096325 -0.2817341 -2.18116e-6 0.9594926 0.2817353 1.22078e-5 0.9594922 -1 0 0 -1 2.35363e-5 0 -1 0 0 -1 -2.19924e-7 0 -1 -9.25705e-6 0 -1 -3.04882e-6 0 -1 -3.73241e-5 0 -1 1.4591e-5 0 0 -0.8425193 0.5386663 0 -0.9916554 -0.1289173 0 -0.6767855 -0.7361804 0 -0.6767854 -0.7361805 0 -0.0452466 -0.9989759 0 -0.04524666 -0.9989759 0 0.9759447 -0.2180181 0 0.8877528 0.4603207 0 0.3841738 0.9232608 0 -0.2991535 0.954205 0 -0.2991614 0.9542026 0 -0.8425148 0.5386732 -9.66687e-7 0.991656 -0.128913 0 0.9916757 -0.1287612 8.53668e-6 0.9916588 -0.1288909 0 0.9916571 -0.1289041 -4.18234e-6 -0.9916564 0.1289089 0 -0.9916553 0.1289181 0 -0.991655 0.1289204 0 -0.9916564 0.12891 -2.88459e-5 0.8073531 -0.5900688 1.61862e-5 0.7943434 -0.607469 -5.09513e-5 0.4239069 -0.9057058 1.5588e-5 0.3841856 -0.9232559 -2.17543e-5 -0.06409883 -0.9979436 1.64146e-6 -0.128915 -0.9916557 2.188e-5 -0.5362908 -0.8440334 -3.49311e-5 -0.6074732 -0.7943403 -1.9175e-5 -0.876201 -0.4819461 7.06641e-6 -0.9232565 -0.3841845 3.15241e-6 -0.9999995 -9.65679e-4 -7.63009e-6 -0.9990997 0.04242533 2.8437e-4 -0.9963313 0.08557957 -1 -1.10948e-5 0 -1 -3.47572e-5 0 -1 -2.32632e-4 0 -1 3.77932e-5 0 -1 9.54036e-5 0 -1 7.89086e-7 0 -1 8.43955e-5 0 -1 5.67135e-5 0 -1 -2.1567e-5 0 0 -0.8425262 0.5386554 0 -0.991657 -0.1289048 0 -0.9916551 -0.1289198 0 -0.676786 -0.7361799 0 -0.676791 -0.7361752 0 -0.04524177 -0.9989761 0 -0.04524064 -0.9989761 0 0.6074762 -0.7943379 0 0.6074727 -0.7943407 0 0.9759447 -0.2180182 0 0.9759417 -0.2180318 0 0.8877576 0.4603113 0 0.8877638 0.4602992 0 0.3841824 0.9232572 0 0.3841828 0.9232571 0 -0.2991533 0.9542051 0 -0.2991606 0.9542028 0 -0.842507 0.5386854 0 0.9916563 -0.1289099 -2.14204e-6 0.9916566 -0.1289076 0 0.9916553 -0.1289182 0 0.9916527 -0.1289387 -4.05034e-7 -0.9916587 0.1288924 -1.48593e-6 -0.9916588 0.1288918 0 -0.9916538 0.1289296 -2.29938e-7 -0.9916562 0.1289117 1.68039e-5 0.7943403 -0.607473 -1.76509e-6 0.9420922 -0.3353539 -8.17585e-7 0.9803791 -0.1971213 1.98362e-5 0.3841843 -0.9232564 -4.08245e-6 0.7197107 -0.6942741 3.76655e-7 0.7515943 -0.6596257 -2.20374e-7 0.8500518 -0.5266991 -5.96791e-6 0.2646016 -0.9643579 -1.95671e-6 -0.1289151 -0.9916557 -1.97245e-5 -0.2646011 -0.964358 -6.41588e-6 -0.6074721 -0.794341 -5.32728e-6 -0.7196931 -0.6942924 -2.31899e-6 -0.7515797 -0.6596424 -1.40453e-5 -0.9232565 -0.3841843 -2.31224e-6 -0.8722172 -0.4891189 -1.51706e-6 -0.8872039 -0.4613777 -1.8304e-6 -0.9677297 -0.2519909 -1.268e-6 -0.971602 -0.2366214 2.99281e-6 -0.9999988 0.001579046 -4.80142e-5 -0.9990248 0.04415559 -8.00866e-5 -0.9962362 0.08668005 -1 1.27745e-6 0 -1 1.5186e-7 0 -1 1.99599e-5 0 -1 -2.93174e-7 0 -1 -7.25495e-5 0 -1 -2.6023e-5 0 -1 1.04569e-4 0 -1 -2.2853e-5 0 -1 -3.45834e-6 0 -1 -1.21519e-5 0 -1 1.99986e-5 0 -1 1.23717e-6 0 -1 4.29022e-5 0 0 -0.8425169 0.53867 0 -0.9916554 -0.1289176 0 -0.9916554 -0.1289176 0 -0.6767876 -0.7361785 0 -0.6767833 -0.7361823 0 -0.04524672 -0.9989759 0 -0.04524105 -0.9989761 0 0.9759432 -0.218025 0 0.975942 -0.2180308 0 0.8877571 0.4603122 0 0.8877592 0.4603081 0 0.3841824 0.9232572 0 0.3841868 0.9232554 0 -0.2991536 0.954205 0 -0.2991572 0.9542039 0 -0.8425147 0.5386735 0 0.9916557 -0.1289149 6.17979e-6 0.9916528 -0.1289371 0 0.9916557 -0.128915 0 0.9916544 -0.1289249 0 -0.9916569 0.1289054 -4.2934e-6 -0.9916539 0.1289282 0 -0.9916498 0.12896 2.62256e-7 -0.9916562 0.1289114 -9.78913e-6 0.7943423 -0.6074706 2.89199e-6 0.9434267 -0.3315815 1.10292e-6 0.9811553 -0.1932211 -1.82041e-5 0.3841832 -0.923257 -2.36672e-6 0.728024 -0.6855517 -5.55057e-6 0.7508236 -0.6605029 2.07801e-6 0.8542708 -0.5198283 1.38022e-6 0.2684794 -0.9632855 1.77599e-5 -0.1289147 -0.9916557 1.0794e-5 -0.2684796 -0.9632854 1.03731e-5 -0.6074714 -0.7943417 -4.78281e-6 -0.7280338 -0.6855413 -3.3332e-6 -0.7508171 -0.6605104 2.59001e-6 -0.9232566 -0.3841838 0 -0.8760083 -0.4822962 3.14249e-7 -0.8867044 -0.462337 1.88639e-6 -0.9686123 -0.2485767 1.64565e-6 -0.9713792 -0.2375344 3.28012e-6 -0.9999997 8.15331e-4 1.32074e-4 -0.9990493 0.04359698 -1.75293e-5 -0.9962638 0.08636403 0 1 8.2969e-7 0 1 9.05043e-7 0 1 2.4609e-6 0 1 4.47095e-6 0 1 8.43569e-6 0 1 -5.08791e-6 0 1 6.84384e-7 0 1 -3.75905e-6 0 1 1.87605e-6 0 1 -5.12381e-7 0 1 3.30618e-5 0 1 3.48668e-7 0 1 -8.88334e-7 0 1 7.18769e-7 0 1 -8.22409e-7 0 1 -6.71319e-7 0 1 3.00823e-6 0 1 -4.08099e-7 0 1 -2.53242e-6 0 1 0 0 1 -1.67632e-6 0 1 0 0 1 -5.12911e-7 0 1 9.91532e-7 0 1 2.04654e-6 0 1 1.65295e-5 0 1 1.53512e-6 0 1 2.58867e-6 0 1 -7.80878e-7 0 1 -3.87333e-6 0 1 0 0 1 -3.75402e-6 0 1 0 0 1 -2.07428e-6 0 1 3.48327e-7 0 1 3.23231e-6 0 1 -1.37792e-6 0 1 -6.88613e-6 0 1 -4.32089e-7 0 1 -8.04755e-6 0 1 -1.97543e-6 0 1 1.54486e-6 0 1 6.31571e-6 0 1 1.28231e-6 0 0.9916551 0.12892 0 0.9916561 0.1289118 0 -0.8425193 -0.5386663 0 -0.9916554 0.1289173 0 -0.6767855 0.7361804 0 -0.6767854 0.7361805 0 -0.0452466 0.9989759 0 -0.04524666 0.9989759 0 0.9759447 0.2180181 0 0.8877528 -0.4603207 0 0.3841738 -0.9232608 0 -0.2991535 -0.954205 0 -0.2991614 -0.9542026 0 -0.8425148 -0.5386732 0 -0.9916553 -0.1289181 0 -0.9916564 -0.12891 1 -6.57595e-7 0 1 -1.5344e-6 0 1 -6.57599e-7 0 0 0.9916563 0.1289099 0 0.9916553 0.1289182 0 -0.8425262 -0.5386554 0 -0.991657 0.1289048 0 -0.9916551 0.1289198 0 -0.676786 0.7361799 0 -0.676791 0.7361752 0 -0.04524177 0.9989761 0 -0.04524064 0.9989761 0 0.6074762 0.7943379 0 0.6074727 0.7943407 0 0.9759447 0.2180182 0 0.9759417 0.2180318 0 0.8877576 -0.4603113 0 0.8877638 -0.4602992 0 0.3841824 -0.9232572 0 0.3841828 -0.9232571 0 -0.2991533 -0.9542051 0 -0.2991606 -0.9542028 0 -0.842507 -0.5386854 0 1 0 0 1 4.10527e-6 0 1 2.84531e-5 0 1 2.74954e-5 0 1 5.15986e-6 0 1 2.33904e-5 0 1 2.57993e-6 0 1 1.02632e-6 0 1 6.46834e-6 0 1 0 0 1 -6.46834e-6 0 1 -1.02632e-6 0 1 -2.57992e-6 0 1 -2.33904e-5 0 1 -5.15985e-6 0 1 -2.74959e-5 0 1 -2.84534e-5 0 1 -4.10529e-6 0 1 -6.93631e-7 0 1 -6.43821e-6 0 1 -1.90627e-6 0 1 6.93629e-7 0 1 6.43817e-6 0 1 1.90626e-6 0 1 9.02834e-6 0 1 3.59295e-5 0 1 -1.57485e-5 0 1 -5.28529e-6 0 1 8.53805e-6 0 1 2.01968e-5 0 1 1.7831e-6 0 1 1.36332e-6 0 1 8.23246e-6 0 1 -1.30179e-5 0 1 -9.04456e-6 0 1 -2.62178e-6 0 1 -1.46096e-5 0 1 -1.4161e-5 0 1 1.0021e-6 0 1 2.74415e-6 0 1 1.36332e-6 0 1 8.93499e-6 0 1 9.87884e-6 0 1 1.57308e-6 0 1 4.31374e-6 0 1 8.31624e-6 0 1 5.73296e-6 -1.45584e-5 1 0 0 1 1.25748e-6 -2.02358e-5 1 1.59132e-7 6.34789e-6 1 0 -6.3628e-6 1 0 0 1 2.7521e-6 0 1 0 0 1 3.36672e-6 1.85519e-6 1 -1.13361e-5 -1.85678e-6 1 6.78003e-6 0 1 3.81253e-6 0 1 1.28764e-5 0 1 1.38726e-6 0 1 9.5314e-7 0 1 3.21912e-6 0 1 3.46819e-7 0 1 -3.81254e-6 0 1 -1.28764e-5 0 1 2.42526e-6 0 1 1.28764e-5 0 1 1.38726e-6 0 1 -4.76571e-7 0 1 -1.60957e-6 0 1 -1.73409e-7 0 -1 8.95109e-7 0 -1 2.43199e-7 0 -1 7.40811e-7 0 -1 -1.9041e-6 0 -1 2.90545e-6 0 -1 -1.50311e-7 0 -1 -1.22065e-6 0 -1 -9.15585e-7 0 -1 -1.46703e-6 0 -1 -7.54816e-7 0 -1 -2.09179e-6 0 -1 4.65237e-7 0 -1 -6.96739e-7 0 -1 -8.22733e-7 0 -1 -3.9363e-7 0 -1 1.36237e-6 0 -1 3.02543e-7 0 -1 -9.04167e-7 0 -1 1.0897e-6 0 -1 -2.47911e-7 0 -1 1.89597e-6 0 -1 -1.35851e-6 0 -1 -2.19428e-6 0 -1 0 0 -1 7.68035e-7 0 -1 4.15445e-7 0 -1 1.70108e-6 0 -1 1.09627e-6 0 -1 1.4112e-6 0 -1 1.40149e-6 0 -1 6.00357e-7 0 -1 3.63482e-7 0 -1 -2.26108e-6 0 -1 -1.05364e-6 0 -1 1.41078e-7 0 -1 -1.58097e-6 0 -1 -8.22001e-7 0 -1 -2.7915e-6 0 -1 1.40426e-6 0 -1 -6.14698e-7 0 -1 2.36571e-7 0 -1 1.43522e-7 0 -1 -2.13692e-6 0 -1 4.36368e-7 0 -1 -3.44565e-6 0 -1 -7.29751e-7 0 -1 4.38836e-7 0 -1 -3.19896e-7 0 -1 5.0301e-7 0 -1 1.05837e-6 0 -1 -1.30141e-6 0 -1 -1.12062e-6 0 -1 5.94246e-7 0 -1 3.62802e-6 0 -1 1.3497e-6 0 -1 4.39174e-7 0 -1 0 0 -1 -1.19107e-6 0 -1 -1.58861e-6 0 -1 1.03352e-6 0 -1 -3.9675e-6 0 -1 4.63755e-6 0 -1 -6.94471e-6 0 -1 2.28566e-6 0 -1 -4.95811e-7 0 -1 1.07167e-6 0 -1 0 0 -1 -1.7474e-7 0 -1 -3.00179e-7 0 -1 -1.42129e-7 0 -1 -9.24978e-7 0 -1 -1.19659e-6 0 -1 1.2843e-6 0 -1 0 0 -1 1.71465e-6 0 -1 0 0 -1 4.22762e-7 0 -1 1.58097e-6 0 -1 2.68766e-7 0 -1 -2.56148e-6 0 -1 6.04516e-7 0 -1 -5.94246e-7 0 -1 -9.28754e-7 0 -1 9.62716e-7 0 -1 6.25563e-7 0 -1 3.47816e-6 0 -1 -7.60837e-6 0 -1 4.2255e-7 0 -1 -5.79288e-6 0 -1 1.65842e-6 0 -1 7.64924e-6 0 -1 -9.51332e-6 0 -1 8.79274e-7 0 -1 7.61501e-6 0 -1 -5.47499e-6 0 -1 3.34295e-6 0 -1 -5.32194e-6 0 -1 1.53099e-6 0 -1 1.56551e-7 0 -1 2.29736e-6 0 -1 -8.34917e-7 0 -1 8.34917e-7 0 -1 1.31587e-7 0 -1 2.70179e-6 0 -1 3.73548e-7 0 -1 8.17702e-7 0 -1 -9.73013e-7 0 -1 -1.29574e-6 0 -1 -2.29736e-6 0 -1 -1.56551e-7 0 -1 -1.53099e-6 0 -1 -3.34295e-6 0 -1 5.32194e-6 0 -1 7.98013e-6 0 -1 -1.32383e-6 0 -1 5.79906e-6 0 -1 0 0 -1 -9.13838e-7 0 -1 6.41315e-7 0 -1 1.00844e-5 0 -1 7.56173e-6 0 -1 1.78731e-6 0 -1 -1.61514e-5 0 -1 2.89646e-5 0 -1 -2.36469e-5 0 -1 1.90765e-6 0 -1 -2.66181e-6 0 -1 -6.74159e-6 0 -1 9.51332e-6 0 -1 -8.79274e-7 0 -1 -8.03626e-6 0 -1 5.47499e-6 0 -1 -7.98013e-6 0 -1 1.32383e-6 0 -1 3.47009e-6 0 -1 2.43413e-6 0 -1 3.16025e-7 0 -1 1.99639e-7 0 -1 6.76661e-7 0 -1 -3.38279e-7 0 -1 -6.75954e-7 0 -1 1.69869e-5 0 -1 -5.0301e-7 0 -1 -3.79342e-6 0 -1 3.79343e-6 0 -1 8.46967e-7 0 -1 0 0 -1 -2.22145e-6 0 -1 -2.74065e-7 0 -1 1.22048e-6 0 -1 -2.32232e-7 0 -1 1.22141e-6 0 -1 -1.31587e-7 0 -1 -2.70179e-6 0 -1 -2.06876e-7 0 -1 -5.7319e-7 0 -1 -3.69976e-7 0 -1 -3.62095e-6 0 -1 4.56724e-6 0 -1 -1.59283e-6 0 -1 3.8144e-6 0 -1 -7.21986e-6 0 -1 1.962e-6 0 -1 -6.16235e-7 0 -1 -2.19117e-6 0 -1 -6.7605e-6 0 -1 -4.86398e-7 0 -1 -6.35178e-6 0 -1 3.54079e-6 0 -1 -1.31482e-6 0 -1 3.98957e-6 0 -1 6.68025e-7 0 -1 1.00674e-6 0 -1 6.87045e-7 0 -1 -7.4452e-7 0 -1 6.44484e-6 0 -1 2.48676e-6 0 -1 8.14186e-7 0 -1 6.21979e-7 0 -1 6.249e-6 0 -1 -3.19023e-6 0 -1 8.53043e-7 0 -1 4.20875e-7 0 -1 -3.69208e-7 0 -1 -4.11615e-7 0 -1 -2.48676e-6 0 -1 -1.34409e-5 0 -1 0 0 -1 2.15691e-7 0 -1 0 0 -1 0 0 -1 -2.15691e-7 0 -1 0 0 -1 0 0 -1 1.40532e-6 0 -1 -4.63755e-6 0 -1 6.94471e-6 0 -1 4.73672e-6 0 -1 -1.09112e-6 0 -1 -1.40841e-7 0 -1 -6.1302e-6 0 -1 9.43833e-6 0 -1 0 0 -1 3.92678e-6 0 -1 -1.00507e-6 0 -1 -4.73672e-6 0 -1 1.09112e-6 0 -1 1.40841e-7 0 -1 6.1302e-6 0 -1 -9.43833e-6 0 -1 -1.1902e-6 0 -1 1.89283e-7 0 -1 0 0 -1 0 0 -1 -2.09637e-6 0 -1 0 0 -1 -3.92678e-6 0 -1 1.00507e-6 0 -1 0 0 -1 0 0 -1 0 0 -1 0 0 -1 0 0 -1 0 0 -1 0 0 -1 -1.68455e-6 0 -1 1.61471e-6 0 -1 3.53316e-7 0 -1 0 0 -1 0 0 -1 -1.79157e-7 0 -1 7.60839e-7 0 -1 -4.08851e-7 0 -1 -8.34917e-7 0 -1 -1.22141e-6 0 0 1 1 0 -8.18819e-6 1 7.40588e-6 -3.38559e-5 1 -4.35114e-6 0 1 0 1.14292e-5 2.36928e-6 0 -1 0.5000019 0 -0.8660244 -8.18074e-6 0 -1 0.5000004 0 -0.8660252 0.8660258 0 -0.4999995 0.8660243 0 -0.500002 0 0 -1 0 -2.05645e-5 -1 0 -2.11117e-5 -1 0 -2.0572e-5 1 1.76718e-6 -2.11061e-5 1 0 -0.01852732 0.9998285 0 -0.01852726 0.9998285 0 -0.03704726 0.9993135 0 -0.03704708 0.9993136 0 -0.05553174 0.998457 6.09688e-5 -0.05554336 0.9984564 -5.35412e-5 -0.05554383 -0.9984562 0 -0.05553156 -0.998457 0 -0.03704726 -0.9993136 0 -0.03704708 -0.9993135 0 -0.01852732 -0.9998285 0 -0.01852726 -0.9998285 -1 1.77442e-7 0 -1 6.45157e-7 0 -1 0 0 -1 -8.65362e-7 0 -1 0 0 -1 4.17854e-7 0 -1 2.7285e-7 0 -1 -2.99649e-7 0 -1 1.16877e-5 0 -1 2.77847e-6 0 -1 1.72128e-6 0 -1 0 0 -1 4.16217e-6 0 -1 -6.75212e-6 0 -1 3.38897e-7 0 -1 5.24215e-7 0 -1 -8.67653e-7 0 -1 -1.05306e-6 0 -1 -1.64852e-6 0 -1 0 0 -1 1.79757e-7 0 -1 4.84999e-7 0 -1 6.50358e-7 0 -1 6.41366e-7 0 -1 0 0 -1 -2.95244e-7 0 -1 0 0 -1 -3.27415e-7 0 -1 -4.182e-7 0 -1 0 0 -1 -1.76951e-7 0 -1 0 0 -1 0 0 -1 0 0 -1 0 0 -1 -1.76951e-7 0 -1 -2.0627e-7 0 -1 0 0 -1 -3.07554e-7 0 -1 -2.80691e-7 0 -1 -7.81611e-7 0 -1 4.26265e-7 0 -1 4.77515e-7 0 -1 -1.37819e-7 0 -1 -1.12685e-6 0 -1 -1.34403e-7 0 -1 -1.21818e-6 0 -1 -2.08622e-6 0 -1 -3.71194e-7 0 -1 2.4746e-6 0 -1 -1.1689e-5 0 -1 -6.59682e-6 0 -1 1.62282e-7 0 -1 -4.75948e-6 0 -1 1.70531e-7 0 -1 6.52776e-7 0 -1 9.64736e-7 0 -1 1.04444e-6 0 -1 2.97693e-7 0 -1 0 0 -1 -2.58405e-7 0 -1 0 0 -1 2.8157e-6 0 -1 0 0 -1 1.08058e-6 0 -1 -2.13169e-6 0 -1 -1.06584e-6 0 -1 0 0 -1 2.8157e-6 0 -1 -2.15889e-7 0 -1 0 0 -1 -2.83715e-7 0 -1 -1.91158e-7 0 -1 -1.34087e-7 0 -1 -7.30865e-7 0 -1 -1.52509e-6 0 -1 0 0 -1 -5.6743e-7 0 -1 7.54094e-7 0 -1 0 0 -1 1.51519e-6 0 -1 -5.76549e-7 0 -1 -2.1737e-6 0 -1 6.45059e-7 0 -1 -4.13302e-7 0 -1 1.36038e-6 0 -1 1.5413e-6 0 -1 0 0 -1 9.28704e-7 0 -1 0 0 -1 6.76497e-7 0 -1 2.1185e-6 0 -1 -2.15475e-7 0 -1 -6.24741e-7 0 -1 -5.43618e-7 0 4.50875e-5 1.81347e-5 1 0 -1.84476e-5 1 0 1.508e-5 1 0 9.0599e-6 1 -5.00258e-5 -1 1.02073e-5 0 -1 -5.0664e-6 0 -0.8660253 0.5000002 0 -0.8660264 0.4999986 0 -0.4999995 0.8660258 0 -0.4999997 0.8660256 0 -1 1.9595e-5 0 -1 2.12491e-5 0 -8.64267e-6 -1 0 1.8537e-5 -1 0 -0.4999996 -0.8660258 0 -0.4999998 -0.8660256 0 -0.8660253 -0.5000004 0 -0.8660263 -0.4999986 4.50875e-5 -1.80602e-5 -1 0 -1.46776e-5 -1 0 1 -8.71718e-6 0 1 2.98023e-6 0 0.8660262 -0.4999988 0 0.8660249 -0.500001 0 0.5000005 -0.8660252 0 0.4999997 -0.8660256 0 1 -1.75685e-5 0 1 2.22027e-5 0 0.4999999 0.8660256 0 0.5000005 0.8660252 0 0.8660256 0.4999996 0 0.8660253 0.5000003 1 -7.34913e-7 0 1 0 0 1 5.10332e-7 0 1 1.21081e-6 0 1 -2.39786e-7 0 1 0 0 1 -1.06773e-6 0 1 -1.21209e-6 0 1 -1.21651e-6 0 1 6.11664e-6 0 1 6.79074e-6 0 1 -1.53184e-5 4.50867e-5 1 1.44749e-7 0 1 5.68147e-7 0 1 -2.5888e-7 0 1 -5.01701e-7 0 1 1.50735e-7 0 1 1.2387e-7 0 1 -2.4354e-6 0 1 8.26077e-7 0 1 -2.38993e-6 0 1 -8.26078e-7 0 1 2.38993e-6 0 1 2.43541e-6 0 1 -1.23873e-7 0 1 -1.45462e-6 0 1 1.19529e-6 0 1 -2.78821e-7 0 1 -2.54008e-7 0 1 -2.5183e-6 0 1 -7.96196e-7 0 1 -9.91256e-7 0 1 3.1515e-6 0 1 1.07972e-5 0 1 2.31599e-7 0 1 -1.36564e-7 0 1 1.17403e-5 0 1 5.03715e-7 0 1 -4.94907e-6 0 1 -6.63259e-7 0 1 3.6001e-6 0 1 2.12366e-6 0 1 0 0 1 5.84117e-7 0 1 1.64852e-6 0 1 0 0 1 4.88398e-7 0 1 -9.10501e-7 0 1 -8.97913e-7 0 1 3.91419e-7 0 1 0 0 1 0 0 1 5.13521e-7 0 1 7.65415e-7 0 1 4.182e-7 0 1 0 0 1 0 0 1 2.01189e-7 0 1 -1.35894e-6 0 1 0 0 1 0 0 1 0 0 1 1.76951e-7 0 1 6.51045e-7 0 1 0 0 1 -1.84902e-7 0 1 1.53083e-6 0 1 0 0 1 1.1969e-6 0 1 -1.92009e-7 0 1 -3.92222e-7 0 1 -1.49371e-6 0 1 1.49371e-6 0 1 1.59533e-6 0 1 -1.59533e-6 0 1 9.17866e-7 0 1 -8.79232e-7 0 1 -2.66536e-7 0 1 -1.55767e-6 0 1 1.50758e-6 0 1 1.34507e-6 0 1 3.15149e-6 0 1 1.68244e-6 0 1 0 0 1 -1.39268e-6 0 1 5.77383e-7 0 1 -6.3629e-7 0 1 4.30716e-7 0 1 0 0 1 -3.67149e-7 0 1 -1.4621e-6 0 1 2.21624e-6 0 1 2.66302e-7 0 1 -3.72714e-7 0 1 -1.84902e-7 0 1 -1.17679e-6 0 1 -4.21873e-7 0 1 -2.70866e-7 0 1 0 0 1 -9.44565e-7 0 1 5.1986e-7 0 1 2.66536e-7 0 1 -9.17865e-7 0 1 7.45308e-7 0 1 0 0 0 -1.8537e-5 1 0 8.64267e-6 1 0 -1 7.19726e-6 0 -1 -9.08971e-7 0 -0.8660258 0.4999992 0 -0.8660234 0.5000038 0 -1 1.55568e-5 0 -1 -2.0653e-5 0 -0.8660258 -0.4999994 0 -0.8660233 -0.5000038 4.50875e-5 -1.81347e-5 -1 0 -1.508e-5 -1 0 1 -7.19726e-6 0 1 9.08971e-7 0 0.8660269 -0.4999974 0 0.8660236 -0.5000033 0 0.500001 -0.8660249 0 1 -1.55568e-5 0 1 2.0653e-5 0 0.4999996 0.8660258 0 0.5000013 0.8660247 0 0.8660261 0.4999989 0 0.8660244 0.500002 0.7071022 0.5720753 -0.4156156 0.707106 0.7071076 0 0.7071004 0.7071133 4.98025e-7 0.707102 0.5720762 0.4156148 0.7071027 0.5416781 0.4545224 0.7070956 0.2185273 0.672504 0.7071061 0.1227878 0.6963649 0.7070941 -0.2185 0.6725145 0.7070933 -0.3535552 0.612387 0.707112 -0.5720589 0.4156216 0.7071113 -0.6644592 0.2418423 0.7070974 -0.7071162 -6.74045e-7 0.7071117 -0.6644586 -0.2418424 0.7071127 -0.572058 -0.4156216 0.7071227 -0.3535507 -0.6123556 0.7070944 -0.2184997 -0.6725143 0.7071065 0.1227877 -0.6963645 0.7070967 0.2185264 -0.6725032 0.7071043 0.5416776 -0.4545206 0 0.766043 -0.6427894 0 1 -1.61523e-7 0 1 -1.81714e-7 0 0.7660436 0.6427887 0 0.7660447 0.6427874 0 0.1736484 0.9848078 0 0.1736506 0.9848074 0 -0.5000025 0.866024 0 -0.5000002 0.8660253 0 -0.9396935 0.3420181 0 -0.9396927 -0.3420199 0 -0.9396933 -0.3420184 0 -0.5000006 -0.8660251 0 -0.5000018 -0.8660244 0 0.1736513 -0.9848072 0 0.1736482 -0.9848078 0 0.7660453 -0.6427866 0.7071065 0.7071071 0 0.7071008 0.7071129 3.88129e-7 0.7071022 0.572076 0.4156147 0.707106 0.1227878 0.6963651 0.7070944 -0.2184997 0.6725143 0.7070933 -0.3535567 0.6123862 0.7071125 -0.5720585 0.4156213 0.7071116 -0.6644589 0.2418422 0.7070974 -0.7071162 6.69388e-7 0.7071115 -0.6644588 -0.2418425 0.7071121 -0.5720585 -0.4156219 0.7070933 -0.3535566 -0.6123862 0.7070943 -0.2184999 -0.6725143 0.7071068 0.1227877 -0.6963642 0 -1 5.44637e-6 6.14737e-5 -1 -1.22264e-5 -2.25159e-6 -1 1.79037e-5 0 -1 -1.98707e-5 0 -2.10702e-5 1 0 -0.3826833 0.9238796 0 -5.30481e-6 1 0 -0.3826836 0.9238795 0 -0.707107 0.7071066 0 -0.7071066 0.7071071 0 -0.9238796 0.3826835 0 -0.9238798 0.382683 3.00955e-5 -1.86786e-5 1 0 -2.28733e-6 1 3.3164e-6 -1.85221e-5 -1 0 -2.28733e-6 -1 0 -0.3420201 -0.9396927 0 -0.3420202 -0.9396927 0 -0.6427881 -0.7660441 0 -0.6427875 -0.7660446 0 -0.8660254 -0.5000001 0 -0.8660249 -0.500001 0 -0.9848079 -0.1736482 0 -0.9848077 -0.1736484 0 -0.9848079 0.173648 0 -0.9848079 0.1736482 0 -0.8660257 0.4999996 0 -0.8660252 0.5000004 0 -0.6427875 0.7660446 0 -0.642787 0.7660451 0 -0.3420201 0.9396927 0 -0.3420201 0.9396927 0 -5.30481e-6 -1 0 -2.10702e-5 -1 3.38471e-5 -1 -1.82912e-5 0 -0.9238796 -0.3826835 0 -1 -5.28246e-6 0 -0.9238798 -0.3826829 0 -0.707107 -0.7071066 0 -0.7071066 -0.7071071 0 -0.3826833 -0.9238797 0 -0.3826836 -0.9238795 0 -1 1.99676e-5 0 -1 1.17943e-5 0 -0.5317408 0.8469073 0 -0.5317412 0.846907 0 -0.8751404 0.4838692 0 -0.8751406 0.4838688 0 -0.8751403 -0.4838694 0 -0.8751407 -0.4838687 0 -0.5317407 -0.8469072 0 -0.5317413 -0.8469069 1.28001e-5 5.00258e-5 1 -2.13534e-5 0 1 1 0 -7.71135e-6 0.8660253 0 0.5000002 1 0 -1.14096e-5 0.8660248 0 0.5000011 0.4999986 0 0.8660263 0.5000035 0 0.8660236 1 -2.67046e-7 0 1 -2.42769e-7 0 1 7.20471e-6 -3.38559e-5 1 -4.25428e-6 0 -1 0 8.18819e-6 -1 7.40588e-6 3.38559e-5 -1 -4.35114e-6 0 -1 0 -1.14292e-5 -2.36928e-6 0 1 -0.5000019 0 0.8660244 8.18074e-6 0 1 -0.5000004 0 0.8660252 -0.8660258 0 0.4999995 -0.8660243 0 0.500002 0 -2.05645e-5 1 0 -2.11117e-5 1 5.35412e-5 -0.05554383 0.9984562 0 -0.05553156 0.998457 0 -0.03704726 0.9993136 0 -0.03704708 0.9993135 0 -0.01852726 0.9998285 -6.09688e-5 -0.05554336 -0.9984564 0 -0.05553174 -0.998457 0 -0.03704708 -0.9993136 0 -0.03704726 -0.9993135 0 -0.01852726 -0.9998285 -1.76718e-6 -2.11061e-5 -1 0 -2.0572e-5 -1 1 0 0 1 6.45157e-7 0 1 1.7274e-7 0 1 1.36038e-6 0 1 -4.13304e-7 0 1 3.83869e-7 0 1 -2.95753e-7 0 1 -9.55701e-7 0 1 0 0 1 4.24503e-6 0 1 1.06127e-6 0 1 -1.28961e-7 0 1 4.92713e-7 0 1 4.9764e-7 0 1 3.99227e-7 0 1 9.25483e-7 0 1 -4.81297e-7 0 1 9.32586e-7 0 1 1.99864e-7 0 1 0 0 1 2.47694e-7 0 1 9.90539e-7 0 1 -1.2109e-5 0 1 -1.39189e-7 0 1 3.72309e-7 0 1 -3.32812e-7 0 1 1.06754e-6 0 1 -8.93344e-7 0 1 -3.06416e-6 0 1 -1.94263e-7 0 1 -1.44059e-6 0 1 -4.9592e-7 0 1 -4.22102e-7 0 1 -2.05056e-7 0 1 -8.31115e-7 0 1 -2.05056e-7 0 1 -7.10678e-7 0 1 0 0 1 -1.69931e-7 0 1 2.16526e-7 0 1 -5.59604e-7 0 1 2.63619e-7 0 1 -2.48427e-7 0 1 0 0 1 1.43082e-7 0 1 2.03279e-7 0 1 -1.00986e-6 0 1 -1.42159e-7 0 1 -1.54872e-6 0 1 1.23665e-6 0 1 -7.34431e-7 0 1 5.32216e-7 0 1 -1.93354e-7 0 1 -3.37324e-7 0 1 -9.06126e-7 0 1 1.84166e-7 0 1 1.71888e-7 0 1 2.57832e-6 0 1 -5.69002e-7 0 1 1.79476e-7 0 1 -1.35318e-6 0 1 0 0 1 1.99629e-6 0 1 1.06754e-6 0 1 5.21575e-6 0 1 0 0 1 -2.05514e-7 0 1 -1.58914e-6 0 1 -2.27936e-5 0 1 6.42374e-7 0 1 1.61777e-6 0 1 0 0 1 0 0 1 0 0 1 0 0 1 4.54681e-7 0 1 -1.9608e-7 0 1 -5.69579e-7 0 1 -1.85528e-7 0 1 -8.67654e-7 0 1 -2.16944e-6 0 1 -5.8008e-7 0 1 0 0 1 -2.48427e-7 0 1 -5.91552e-7 0 1 2.86164e-7 0 1 0 0 1 -9.28704e-7 0 1 0 0 1 -1.76335e-6 0 1 -1.51152e-6 0 1 1.84701e-6 0 1 6.44943e-7 0 1 -2.47796e-6 0 1 1.64886e-6 0 1 0 0 1 -8.65362e-7 0 1 0 0 1 -7.2636e-7 0 1 -2.35287e-6 0 0 0.8660255 0.4999999 0 0.8660255 0.4999998 0 0.5000008 0.866025 0 0.4999994 0.8660258 0 0.5000002 -0.8660254 0 0.5000002 -0.8660254 0 0.866025 -0.5000007 0 0.8660259 -0.4999993 0 -0.8660252 -0.5000007 0 -0.8660265 -0.4999982 0 -0.5 -0.8660254 0 -0.4999991 -0.8660259 0 -0.4999992 0.8660259 0 -0.5000002 0.8660254 0 -0.8660265 0.4999982 0 -0.8660251 0.5000007 -1 1.28832e-6 0 -1 6.52019e-7 0 -1 0 0 -1 0 0 -1 -3.68331e-7 0 -1 -3.43776e-7 0 -1 -5.15665e-6 0 -1 -8.89128e-7 0 -1 9.35433e-7 0 -1 -5.32216e-7 0 -1 7.34431e-7 0 -1 -2.74444e-7 0 -1 1.3683e-7 0 -1 4.41602e-7 0 -1 -2.71172e-6 0 -1 -4.63164e-7 0 -1 2.41452e-7 0 -1 1.99616e-7 0 -1 3.05047e-7 0 -1 -2.69855e-6 0 -1 4.12788e-7 0 -1 2.00728e-7 0 -1 -2.74444e-7 0 -1 5.63717e-7 0 -1 -8.05688e-7 0 -1 2.93169e-7 0 -1 -2.82599e-7 0 -1 6.8521e-7 0 -1 0 0 -1 -8.42554e-7 0 -1 0 0 -1 0 0 -1 0 0 -1 1.63857e-6 0 -1 -1.62168e-6 0 -1 4.81641e-7 0 -1 2.38866e-5 4.9669e-6 -1 9.3014e-7 0 -1 0 0 -1 3.7371e-7 0 -1 8.90496e-7 0 -1 2.96383e-7 0 -1 0 0 -1 1.94263e-7 0 -1 6.4416e-7 0 -1 -1.84166e-7 0 -1 -1.71888e-7 0 -1 -2.57832e-6 0 -1 -1.45837e-7 0 -1 -1.46938e-7 0 -1 0 0 -1 4.04113e-7 0 -1 -4.79965e-7 0 -1 9.82916e-6 0 -1 1.22977e-5 0 -1 -3.23277e-7 0 -1 2.77895e-7 0 -1 -1.8999e-6 0 -1 2.92375e-7 0 -1 3.60675e-7 0 -1 -9.85731e-7 0 -1 5.3737e-7 0 -1 -6.21378e-6 0 -1 -6.66156e-7 0 -1 2.58642e-6 0 -1 8.34881e-7 0 -1 9.99932e-6 0 -1 -3.70432e-7 0 -1 2.7082e-7 0 -1 -2.17587e-6 0 -1 6.24331e-7 0 -1 0 0 -1 -3.14922e-7 0 -1 2.9926e-6 0 -1 7.8352e-6 0 -1 1.63857e-6 0 -1 8.07891e-7 0 -1 4.40837e-7 0 -1 1.50758e-6 0 -1 3.15149e-6 0 -1 -9.91256e-7 0 -1 2.32176e-7 0 -1 -2.82599e-7 0 -1 6.06814e-7 0 -1 -7.86405e-7 0 -1 9.9401e-7 0 -1 0 0 -1 1.30148e-6 0 -1 2.42873e-6 0 -1 2.79559e-6 0 0 0.8660259 0.4999992 0 0.8660247 0.5000015 0 0.5000015 0.8660246 0 0.4999991 0.8660259 0 0.5000008 -0.8660251 0 0.8660237 -0.500003 0 0.8660267 -0.4999979 0 -0.8660257 -0.4999997 0 -0.8660235 -0.5000033 0 -0.8660236 0.5000035 0 -0.8660256 0.4999997 0 -0.7660448 0.6427872 0 -0.7660436 0.6427888 0 -1 0 0 -1 1.61523e-7 0 -0.7660441 -0.6427881 0 -0.7660442 -0.6427879 0 -0.1736478 -0.9848079 0 -0.1736482 -0.9848078 0 0.5000007 -0.8660251 0 0.5000005 -0.8660251 0 0.939693 -0.3420193 0 0.9396928 -0.3420196 0 0.939693 0.3420192 0 0.9396929 0.3420194 0 0.5000009 0.866025 0 0.5000002 0.8660253 0 -0.1736488 0.9848077 0 -0.1736477 0.9848079 0 -1 -1.99676e-5 -3.38471e-5 -1 1.82912e-5 0 -1 -1.17943e-5 0 -1 5.28246e-6 0 -0.5317408 -0.8469073 0 -0.5317412 -0.846907 0 -0.8751404 -0.4838692 0 -0.8751406 -0.4838688 0 -0.9238796 0.3826835 0 -0.9238798 0.3826829 0 -0.707107 0.7071066 0 -0.3826833 0.9238797 -3.3164e-6 -1.85221e-5 1 0 -0.3420206 0.9396925 0 -0.3420202 0.9396926 0 -0.6427881 0.7660441 0 -0.6427873 0.7660447 0 -0.8660256 0.4999998 0 -0.8660253 0.5000003 0 -0.9848079 0.1736482 0 -0.9848077 0.1736484 0 -0.9848079 -0.173648 0 -0.9848079 -0.1736482 0 -0.8660257 -0.4999996 0 -0.8660252 -0.5000004 0 -0.6427875 -0.7660446 0 -0.642787 -0.7660451 0 -0.3420201 -0.9396927 -3.00955e-5 -1.86786e-5 -1 0 -0.3826833 -0.9238796 0 -0.707107 -0.7071066 0 -0.9238796 -0.3826835 0 -0.9238798 -0.382683 0 -1 -5.44637e-6 2.25159e-6 -1 -1.79037e-5 -6.14737e-5 -1 1.22264e-5 0 -1 1.98707e-5 0 -0.8751403 0.4838694 0 -0.8751407 0.4838687 0 -0.5317407 0.8469072 0 -0.5317413 0.8469069 -1.28001e-5 5.00258e-5 -1 2.13534e-5 0 -1 -1 0 7.71135e-6 -0.8660253 0 -0.5000002 -1 0 1.14096e-5 -0.8660248 0 -0.5000011 -0.4999986 0 -0.8660263 -0.5000035 0 -0.8660236 -1 -2.67046e-7 0 -1 -2.42769e-7 0 -1 7.20471e-6 3.38559e-5 -1 -4.25428e-6 0 -1.23009e-5 -1 0 -0.3826835 -0.9238795 0 -4.08292e-6 -1 0 -0.3826829 -0.9238798 0 -0.7071071 -0.7071065 0 -0.7071075 -0.7071061 0 -0.9238801 -0.3826823 0 -0.9238794 -0.3826839 0 4.18723e-6 -1 0 1.20923e-5 -1 4.78449e-5 0.9238795 -0.3826836 0 0.9238799 -0.3826826 0 0.7071071 -0.7071065 0 0.7071075 -0.7071061 0 0.3826836 -0.9238795 0 0.382683 -0.9238798 0 0 -6.36279e-6 -1 0 2.26498e-6 -1 0 0.4999988 -0.8660262 0 0.4999998 -0.8660256 0 0.8660249 -0.5000011 0 0.866025 -0.5000008 -6.34789e-6 1 0 -2.18749e-5 1 0 0 1 0 1.71959e-5 1 8.49063e-7 0 1 2.85835e-6 6.3628e-6 1 0 0 1 0 0 1 -3.55811e-5 0 1 0 0 1 -3.36672e-6 -1.85519e-6 1 1.13361e-5 1.85678e-6 1 -6.78003e-6 0.8660257 0.4999995 0 0.8660258 0.4999995 0 0.5000013 0.8660248 0 0.5000019 0.8660243 0 0 -6.36279e-6 1 0 0.4999988 0.8660262 0 2.26498e-6 1 0 0.4999998 0.8660256 0 0.8660249 0.5000011 0 0.866025 0.5000008 1.23009e-5 -1 0 0.3826835 -0.9238795 0 4.08292e-6 -1 0 0.3826829 -0.9238798 0 0.7071071 -0.7071065 0 0.9238801 -0.3826823 0 0.9238794 -0.3826839 0 -4.18723e-6 -1 0 -1.20923e-5 -1 -4.78449e-5 -0.9238795 -0.3826836 0 -0.9238799 -0.3826826 0 -0.7071071 -0.7071065 0 -0.3826836 -0.9238795 0 -0.382683 -0.9238798 0 -0.5000013 0.8660248 0 -0.500002 0.8660243 0 -0.8660258 0.4999995 0 -0.8660257 0.4999995 0 -0.7660445 0 -0.6427876 -1 0 -1.91809e-7 -1 0 4.34093e-7 -0.7660452 0 0.6427869 -0.7660445 0 0.6427875 -0.1736482 0 0.9848078 -0.1736486 0 0.9848077 0.5000004 0 0.8660253 0.4999996 0 0.8660257 0.9396928 0 0.3420197 0.939693 0 0.3420193 0.9396927 0 -0.3420199 0.9396926 0 -0.3420205 0.5000005 0 -0.8660252 0.4999996 0 -0.8660258 -0.1736487 0 -0.9848077 -0.1736482 0 -0.9848078 -0.7660446 0 -0.6427875 -0.7660438 0 -0.6427884 -1 0 0 -1 0 2.22094e-7 -0.7660449 0 0.642787 -0.7660443 0 0.6427878 -0.1736491 0 0.9848076 -0.1736479 0 0.9848078 0.5000006 0 0.8660252 0.5000007 0 0.8660251 0.9396928 0 0.3420197 0.9396926 0 0.3420203 0.9396929 0 -0.3420195 0.9396927 0 -0.3420202 0.5000007 0 -0.8660251 0.4999997 0 -0.8660258 -0.1736489 0 -0.9848077 -0.7660449 0 -0.6427872 -0.7660444 0 -0.6427877 -1 0 -3.12951e-7 -1 0 -2.82665e-7 -0.7660452 0 0.6427869 -0.7660444 0 0.6427877 -0.1736478 0 0.9848079 -0.1736478 0 0.9848079 0.5000008 0 0.866025 0.5 0 0.8660255 0.9396928 0 0.3420199 0.9396925 0 0.3420205 0.9396928 0 -0.3420196 0.9396926 0 -0.3420203 0.4999998 0 -0.8660256 -0.1736481 0 -0.9848078 -0.1736479 0 -0.9848079 -0.7660452 0 -0.6427868 -0.766044 0 -0.6427881 -1 0 -5.04759e-7 -1 0 -2.11999e-7 -0.7660447 0 0.6427873 -0.7660441 0 0.6427881 -0.1736486 0 0.9848077 -0.1736478 0 0.9848079 0.5000004 0 0.8660252 0.5000002 0 0.8660253 0.5000012 0 -0.8660248 0.4999998 0 -0.8660256 -0.173649 0 -0.9848076 -0.1736488 0 -0.9848077 -0.766045 0 -0.642787 -0.7660443 0 -0.6427878 -1 0 -4.34093e-7 -1 0 1.91809e-7 -0.7660453 0 0.6427868 -0.7660443 0 0.6427879 -0.1736482 0 0.9848078 -0.1736478 0 0.9848079 0.4999996 0 0.8660256 0.9396926 0 0.3420202 0.9396924 0 0.3420207 0.9396933 0 -0.3420185 0.9396927 0 -0.3420201 0.5000005 0 -0.8660252 0.4999992 0 -0.8660258 -0.1736495 0 -0.9848076 -0.7660449 0 -0.6427871 0.5000002 0 0.8660254 -0.766044 0 -0.6427882 -1 0 -1.41333e-7 -1 0 -1.71618e-7 -0.7660441 0 0.6427881 -0.1736479 0 0.9848078 -0.1736479 0 0.9848079 0.5000004 0 0.8660252 0.9396928 0 0.3420197 0.9396928 0 0.3420196 0.9396928 0 -0.3420197 0.5000004 0 -0.8660253 -0.1736483 0 -0.9848078 -0.1736481 0 -0.9848078 -0.7660446 0 -0.6427875 0.5000007 0 0.8660251 0.5000007 0 -0.866025 -0.5948466 0.7071048 -0.3823094 -0.7071079 0.7071056 3.1099e-7 -0.7071155 0.7070981 -2.28174e-7 -0.5948662 0.7071086 0.3822719 -0.5416686 0.7071152 0.4545144 -0.2937393 0.707106 0.6432095 -0.1227878 0.7071115 0.6963595 0.1006698 0.7071222 0.6998885 0.3535595 0.7070983 0.6123787 0.463063 0.707107 0.5343897 0.6644625 0.7071073 0.241845 0.6784645 0.707111 0.1991983 0.6784647 0.7071112 -0.199197 0.664467 0.7071017 -0.2418487 0.4630622 0.7071075 -0.5343898 0.3535572 0.7070991 -0.6123791 0.1006706 0.7071225 -0.6998881 -0.1227877 0.707112 -0.6963591 -0.2937387 0.7071062 -0.6432095 -0.5416685 0.7071158 -0.4545135 -1 0 -6.35997e-7 -1 0 -1.51428e-7 -0.7660449 0 0.6427873 -0.766044 0 0.6427882 -0.1736481 0 0.9848078 -0.1736478 0 0.9848079 0.5 0 0.8660256 0.4999999 0 0.8660255 0.9396927 0 0.34202 0.9396926 0 -0.3420202 0.4999999 0 -0.8660255 0.5000002 0 -0.8660254 -0.1736488 0 -0.9848077 -0.1736477 0 -0.9848079 -0.7660449 0 -0.6427872 -0.3823112 0.7071052 0.5948449 -1.09957e-6 0.7071097 0.7071039 7.45058e-7 0.7070994 0.7071143 0.3822736 0.7071086 0.594865 0.4545143 0.7071165 0.5416669 0.6432101 0.7071059 0.2937379 0.6963576 0.7071136 0.1227865 0.6999075 0.7071082 -0.1006357 0.6123771 0.7071012 -0.3535566 0.5343908 0.7071067 -0.4630624 0.241843 0.7071083 -0.6644622 0.1992012 0.7071106 -0.6784641 -0.1992002 0.7071103 -0.6784647 -0.2418482 0.7071017 -0.6644673 -0.5343902 0.7071073 -0.4630622 -0.6123757 0.7071022 -0.3535569 -0.6999074 0.7071083 -0.1006356 -0.6963579 0.7071135 0.1227858 -0.6432087 0.7071066 0.2937396 -0.4545152 0.7071136 0.54167 -0.6427882 0 0.7660441 0 0 1 -3.93712e-7 0 1 0.642787 0 0.766045 0.6427877 0 0.7660444 0.9848077 0 0.1736484 0.9848079 0 0.1736479 0.8660254 0 -0.5 0.8660258 0 -0.4999997 0.3420202 0 -0.9396926 0.3420204 0 -0.9396926 -0.3420204 0 -0.9396926 -0.3420202 0 -0.9396926 -0.8660255 0 -0.4999999 -0.8660256 0 -0.5 -0.9848077 0 0.173649 -0.9848078 0 0.1736484 -0.642787 0 0.766045 0.5948466 0.7071048 0.3823094 0.7071079 0.7071056 -3.1099e-7 0.7071155 0.7070981 2.28174e-7 0.5948662 0.7071086 -0.3822719 0.5416686 0.7071152 -0.4545144 0.2937393 0.707106 -0.6432095 0.1227878 0.7071115 -0.6963595 -0.1006698 0.7071222 -0.6998885 -0.3535595 0.7070983 -0.6123787 -0.463063 0.707107 -0.5343897 -0.6644625 0.7071073 -0.241845 -0.6784645 0.707111 -0.1991983 -0.6784647 0.7071112 0.199197 -0.664467 0.7071017 0.2418487 -0.4630622 0.7071075 0.5343898 -0.3535572 0.7070991 0.6123791 -0.1006706 0.7071225 0.6998881 0.1227877 0.707112 0.6963591 0.2937387 0.7071062 0.6432095 0.5416685 0.7071158 0.4545135 0.766044 0 0.6427881 1 0 6.35997e-7 1 0 1.51428e-7 0.7660449 0 -0.6427873 0.766044 0 -0.6427882 0.1736481 0 -0.9848078 0.1736478 0 -0.9848079 -0.5 0 -0.8660256 -0.4999999 0 -0.8660255 -0.9396927 0 -0.34202 -0.9396928 0 -0.3420197 -0.9396926 0 0.3420202 -0.4999999 0 0.8660255 -0.5000002 0 0.8660254 0.1736488 0 0.9848077 0.1736477 0 0.9848079 0.7660449 0 0.6427872 0.3823112 0.7071052 -0.5948449 1.09957e-6 0.7071097 -0.7071039 -7.45058e-7 0.7070994 -0.7071143 -0.3822736 0.7071086 -0.594865 -0.4545143 0.7071165 -0.5416669 -0.6432101 0.7071059 -0.2937379 -0.6963576 0.7071136 -0.1227865 -0.6999075 0.7071082 0.1006357 -0.6123771 0.7071012 0.3535566 -0.5343908 0.7071067 0.4630624 -0.241843 0.7071083 0.6644622 -0.1992012 0.7071106 0.6784641 0.1992002 0.7071103 0.6784647 0.2418482 0.7071017 0.6644673 0.5343902 0.7071073 0.4630622 0.6123757 0.7071022 0.3535569 0.6999074 0.7071083 0.1006356 0.6963579 0.7071135 -0.1227858 0.6432087 0.7071066 -0.2937396 0.4545152 0.7071136 -0.54167 0.6427882 0 -0.7660441 0 0 -1 3.93712e-7 0 -1 -0.642787 0 -0.766045 -0.6427877 0 -0.7660444 -0.9848077 0 -0.1736484 -0.9848079 0 -0.1736479 -0.8660254 0 0.5 -0.8660258 0 0.4999997 -0.3420202 0 0.9396926 -0.3420204 0 0.9396926 0.3420204 0 0.9396926 0.3420202 0 0.9396926 0.8660255 0 0.4999999 0.8660256 0 0.5 0.9848077 0 -0.173649 0.9848078 0 -0.1736484 0.642787 0 -0.766045 -0.8090168 0 -0.5877856 -0.8090171 0 -0.5877851 -1 0 2.59339e-7 -1 0 0 -0.8090166 0 0.5877858 -0.8090173 0 0.5877851 -0.3090168 0 0.9510566 -0.3090173 0 0.9510564 0.3090161 0 0.9510568 0.309017 0 0.9510566 0.8090169 0 0.5877856 0.8090175 0 0.5877847 1 0 -1.89517e-7 1 0 0 0.8090167 0 -0.5877858 0.8090174 0 -0.5877848 0.3090165 0 -0.9510568 0.3090175 0 -0.9510564 -0.3090169 0 -0.9510566 -0.3090171 0 -0.9510565 -0.5877848 0 0.8090174 -0.5877863 0 0.8090164 3.09212e-7 0 1 -1.49619e-6 0 1 0.587785 0 0.8090172 0.5877856 0 0.8090167 0.9510565 0 0.3090173 0.9510568 0 0.3090163 0.9510564 0 -0.3090177 0.9510568 0 -0.3090163 0.5877848 0 -0.8090174 0.5877863 0 -0.8090162 1.79542e-7 0 -1 -2.49364e-7 0 -1 -0.5877856 0 -0.8090168 -0.5877861 0 -0.8090165 -0.9510567 0 -0.3090167 -0.9510566 0 -0.3090168 -0.9510565 0 0.3090171 -0.9510566 0 0.3090169 0.8090168 0 0.5877856 0.8090171 0 0.5877851 1 0 -2.59339e-7 1 0 0 0.8090166 0 -0.5877858 0.8090173 0 -0.5877851 0.3090168 0 -0.9510566 0.3090173 0 -0.9510564 -0.3090161 0 -0.9510568 -0.309017 0 -0.9510566 -0.8090169 0 -0.5877856 -0.8090175 0 -0.5877847 -1 0 1.89517e-7 -1 0 0 -0.8090167 0 0.5877858 -0.8090174 0 0.5877848 -0.3090165 0 0.9510568 -0.3090175 0 0.9510564 0.3090169 0 0.9510566 0.3090171 0 0.9510565 0.5877848 0 -0.8090174 0.5877863 0 -0.8090164 -3.09212e-7 0 -1 1.49619e-6 0 -1 -0.587785 0 -0.8090172 -0.5877856 0 -0.8090167 -0.9510565 0 -0.3090173 -0.9510568 0 -0.3090163 -0.9510564 0 0.3090177 -0.9510568 0 0.3090163 -0.5877848 0 0.8090174 -0.5877863 0 0.8090162 -1.79542e-7 0 1 2.49364e-7 0 1 0.5877856 0 0.8090168 0.5877861 0 0.8090165 0.9510567 0 0.3090167 0.9510566 0 0.3090168 0.9510565 0 -0.3090171 0.9510566 0 -0.3090169 -0.8090175 0 -0.5877846 -0.8090173 0 -0.587785 -1 0 4.78779e-7 -1 0 2.39389e-7 -0.8090171 0 0.5877851 -0.309017 0 0.9510566 0.3090163 0 0.9510567 0.3090173 0 0.9510565 0.8090169 0 0.5877853 0.8090177 0 0.5877845 1 0 0 1 0 1.69568e-7 0.8090168 0 -0.5877856 0.8090179 0 -0.5877841 0.309017 0 -0.9510566 0.3090184 0 -0.9510561 -0.3090179 0 -0.9510563 -0.3090172 0 -0.9510565 -0.8090169 0 -0.5877853 -0.8090177 0 -0.5877845 -1 0 0 -1 0 -1.69568e-7 -0.8090168 0 0.5877856 -0.8090179 0 0.5877841 -0.309017 0 0.9510566 -0.3090184 0 0.9510561 0.3090179 0 0.9510563 0.3090172 0 0.9510565 0.8090175 0 0.5877846 0.8090173 0 0.587785 1 0 -4.78779e-7 1 0 -2.39389e-7 0.8090171 0 -0.5877851 0.309017 0 -0.9510566 -0.3090163 0 -0.9510567 -0.3090173 0 -0.9510565 0 0 -1 1.22786e-5 0 -1 -1.33663e-5 0 -1 4.47035e-7 -4.96777e-6 -1 1 0 6.16908e-6 0.866026 0 -0.499999 1 0 3.8743e-7 0.8660254 0 -0.5000001 0.5000004 0 -0.8660252 0.4999989 0 -0.866026 1 0 -5.69224e-6 1 4.96777e-6 -5.81145e-7 -1.22786e-5 0 1 -4.47035e-7 -4.96777e-6 1 0.4999989 0 0.8660261 0.8660259 0 0.4999991 0.8660252 0 0.5000004 0 0 1 1.33663e-5 0 1 -1 0 -5.66244e-6 -0.8660258 0 0.4999994 -1 4.50813e-5 1.3411e-7 -0.8660252 0 0.5000005 -0.5000004 0 0.8660252 -0.4999989 0 0.866026 -1 4.96777e-6 0 -1 0 5.1558e-6 -0.5000006 0 -0.8660252 -0.4999989 0 -0.8660261 -0.8660258 0 -0.4999996 -0.866025 0 -0.5000008 1 4.50813e-5 -1.3411e-7 1 0 -5.1558e-6 1 0 5.66244e-6 1 4.96777e-6 0 0.8660258 0 -0.4999994 0.8660252 0 -0.5000005 -0.8660259 0 -0.4999991 -0.8660252 0 -0.5000004 -1 4.96777e-6 5.81145e-7 -1 0 5.69224e-6 -1 0 -6.16908e-6 -1 0 -3.8743e-7 -0.866026 0 0.499999 -0.8660254 0 0.5000001 0.8660258 0 0.4999996 0.866025 0 0.5000008 -0.8090171 0 -0.5877852 -0.809017 0 -0.5877854 -1 0 4.78779e-7 -1 0 2.3939e-7 -0.8090164 0 0.5877863 -0.8090173 0 0.5877849 -0.3090167 0 0.9510567 -0.3090177 0 0.9510563 0.3090165 0 0.9510567 0.3090167 0 0.9510566 0.809017 0 0.5877854 0.8090171 0 0.5877851 0.8090165 0 -0.5877861 0.8090177 0 -0.5877844 0.3090164 0 -0.9510567 0.309018 0 -0.9510563 -0.3090175 0 -0.9510564 -0.309017 0 -0.9510565 -0.8090168 0 -0.5877855 -0.8090168 0 -0.5877856 -1 0 0 -1 0 -1.89517e-7 -0.8090165 0 0.587786 -0.8090175 0 0.5877846 -0.3090168 0 0.9510566 -0.309018 0 0.9510563 0.3090169 0 0.9510566 0.3090168 0 0.9510565 0.809017 0 0.5877852 0.8090163 0 -0.5877863 0.8090175 0 -0.5877847 0.3090163 0 -0.9510568 0.3090177 0 -0.9510563 -0.3090171 0 -0.9510565 -0.8090171 0 -0.5877851 -0.8090165 0 0.5877861 -0.8090177 0 0.5877844 -0.3090164 0 0.9510567 0.3090175 0 0.9510564 0.309017 0 0.9510565 0.8090171 0 0.5877852 1 0 -4.78779e-7 1 0 -2.3939e-7 0.8090164 0 -0.5877863 0.8090173 0 -0.5877849 0.3090167 0 -0.9510567 -0.3090165 0 -0.9510567 -0.3090167 0 -0.9510566 -0.809017 0 -0.5877852 -0.8090163 0 0.5877863 -0.8090175 0 0.5877847 -0.3090163 0 0.9510568 0.3090171 0 0.9510565 0.8090168 0 0.5877855 0.8090168 0 0.5877856 1 0 0 1 0 1.89517e-7 0.8090165 0 -0.587786 0.8090175 0 -0.5877846 0.3090168 0 -0.9510566 -0.3090169 0 -0.9510566 -0.3090168 0 -0.9510565 0 0.7660444 -0.6427878 0 1 -2.01904e-7 0 1 -3.23046e-7 0 0.7660449 0.6427872 0 0.7660444 0.6427878 0 0.1736482 0.9848077 0 0.1736478 0.9848079 0 -0.4999999 0.8660255 0 -0.4999992 0.8660258 0 -0.9396926 0.3420203 0 -0.9396924 0.3420208 0 -0.9396927 -0.3420201 0 -0.9396926 -0.3420202 0 -0.5000001 -0.8660254 0 -0.4999998 -0.8660255 0 0.1736486 -0.9848077 0 0.1736485 -0.9848078 0 0.7660448 -0.6427873 0 -0.7660443 -0.6427878 0 -0.7660448 -0.6427873 0 -1 -4.03807e-7 0 -1 0 0 -0.7660441 0.642788 0 -0.7660447 0.6427875 0 -0.1736481 0.9848078 0 -0.1736487 0.9848077 0 0.4999992 0.866026 0 0.4999998 0.8660255 0 0.9396925 0.3420206 0 0.9396927 0.3420201 0 0.9396927 -0.3420201 0 0.9396926 -0.3420202 0 0.4999999 -0.8660255 0 -0.1736483 -0.9848078 0 -0.1736484 -0.9848077 0 0.7660447 -0.6427873 0 1 0 0 1 -1.21142e-7 0 0.7660446 0.6427876 0 0.7660441 0.6427879 0 0.1736481 0.9848078 0 0.1736482 0.9848078 0 -0.5000002 0.8660254 0 -0.4999997 0.8660256 0 -0.9396927 0.34202 0 -0.9396926 0.3420203 0 -0.9396926 -0.3420203 0 -0.9396927 -0.34202 0 -0.5000002 -0.8660253 0 -0.5000005 -0.8660252 0 0.1736482 -0.9848078 0 0.1736484 -0.9848077 0 0.7660447 -0.6427873 0 -0.766045 -0.642787 0 -0.7660445 -0.6427876 0 -1 9.08567e-7 0 -1 -6.66283e-7 0 -0.766044 0.6427882 0 -0.7660449 0.6427872 0 -0.1736484 0.9848078 0 -0.1736483 0.9848077 0 0.4999998 0.8660256 0 0.5 0.8660255 0 0.9396926 0.3420203 0 0.9396926 0.3420203 0 0.9396926 -0.3420203 0 0.9396926 -0.3420203 0 0.5000001 -0.8660253 0 -0.1736484 -0.9848077 0 -0.1736483 -0.9848077 0 0.7660446 -0.6427876 0 1 -1.71618e-6 0 1 1.4739e-6 0 0.766045 0.642787 0 0.7660435 0.6427887 0 0.1736481 0.9848078 0 0.1736479 0.9848078 0 -0.5000004 0.8660253 0 -0.5000001 0.8660253 0 -0.9396927 0.3420199 0 -0.9396927 0.3420199 0 -0.9396927 -0.3420199 0 -0.9396927 -0.3420199 0 -0.5000006 -0.8660252 0 -0.5000001 -0.8660253 0 0.1736483 -0.9848077 0 0.1736484 -0.9848078 0 0.7660439 -0.6427883 0 -0.7660449 -0.6427872 0 -0.7660444 -0.6427877 0 -1 9.28757e-7 0 -1 -7.06663e-7 0 -0.7660452 0.6427867 0 -0.1736478 0.9848079 0 -0.1736482 0.9848078 0 0.5000003 0.8660253 0 0.9396927 0.3420199 0 0.9396927 0.3420199 0 0.9396927 -0.3420199 0 0.9396927 -0.3420199 0 0.5000001 -0.8660253 0 0.5000004 -0.8660252 0 -0.1736479 -0.9848078 0 -0.1736475 -0.984808 0 0.7660445 -0.6427877 0 1 0 0 1 0 0 0.7660448 0.6427872 0 0.7660446 0.6427876 0 0.1736484 0.9848077 0 0.1736482 0.9848078 0 -0.5000005 0.8660252 0 -0.5 -0.8660255 0 0.1736481 -0.9848078 0 0.1736484 -0.9848078 0 0.7660444 -0.6427877 0 -0.7660447 -0.6427875 0 -0.7660441 -0.6427881 0 -0.7660444 0.6427878 0 -0.7660452 0.6427868 0 -0.1736483 0.9848077 0 -0.1736484 0.9848077 0 0.5000001 0.8660253 0 0.4999997 -0.8660256 0 0.4999998 -0.8660255 0 -0.1736484 -0.9848077 0 -0.1736481 -0.9848078 0 0.7660441 -0.642788 0 1 0 0 1 3.93712e-7 0 0.7660448 0.6427873 0 0.7660443 0.6427878 0 0.1736484 0.9848077 0 0.1736482 0.9848078 0 -0.4999998 0.8660256 0 -0.9396926 0.3420202 0 -0.9396927 0.3420201 0 -0.9396925 -0.3420206 0 -0.4999998 -0.8660255 0 -0.4999991 -0.866026 0 0.1736481 -0.9848078 0 0.7660447 -0.6427874 0 -0.7660444 -0.6427878 0 -1 3.23046e-7 0 -1 2.01904e-7 0 -0.7660444 0.6427878 0 -0.7660448 0.6427873 0 -0.1736485 0.9848078 0 0.5000001 0.8660254 0 0.9396926 0.3420202 0 0.9396924 -0.3420208 0 0.9396926 -0.3420203 0 0.4999993 -0.8660258 0 -0.1736478 -0.9848079 0 -0.1736482 -0.9848077</float_array>
          <technique_common>
            <accessor source="#Untitled_015-mesh-normals-array" count="3580" stride="3">
              <param name="X" type="float"/>
              <param name="Y" type="float"/>
              <param name="Z" type="float"/>
            </accessor>
          </technique_common>
        </source>
        <source id="Untitled_015-mesh-map-0">
          <float_array id="Untitled_015-mesh-map-0-array" count="27816">0 0.5070182 0.01414209 0.5794493 0 0.6518805 0 0.6518805 0.01414209 0.5794493 0.01414209 0.7243117 0 0.6518805 0.01414209 0.7243117 0 0.7967428 0 0.7967428 0.01414209 0.7243117 0.01414209 0.869174 0 0.7967428 0.01414209 0.869174 0 0.9416052 0 0.9416052 0.01414209 0.869174 0.01414209 1.014036 0 0.9416052 0.01414209 1.014036 0 1.086467 0 1.086467 0.01414209 1.014036 0.01414209 1.158899 0 1.086467 0.01414209 1.158899 0 1.23133 0 1.23133 0.01414209 1.158899 0.01414209 1.303761 0 1.23133 0.01414209 1.303761 0 1.376192 0 -1.23133 0.01414209 -1.303761 0.01414209 -1.158899 0 -1.23133 0.01414209 -1.158899 0 -1.086467 0 -1.086467 0.01414209 -1.158899 0.01414209 -1.014036 0 -1.086467 0.01414209 -1.014036 0 -0.9416052 0 -0.9416052 0.01414209 -1.014036 0.01414209 -0.869174 0 -0.9416052 0.01414209 -0.869174 0 -0.7967428 0 -0.7967428 0.01414209 -0.869174 0.01414209 -0.7243117 0 -0.7967428 0.01414209 -0.7243117 0 -0.6518805 0 -0.6518805 0.01414209 -0.7243117 0.01414209 -0.5794493 0 -0.6518805 0.01414209 -0.5794493 0 -0.5070182 0 -0.5070182 0.01414209 -0.5794493 0.01414209 -0.434587 0 -0.5070182 0.01414209 -0.434587 0 -0.3621558 0 -0.3621558 0.01414209 -0.434587 0.01414209 -0.2897247 0 -0.3621558 0.01414209 -0.2897247 0 -0.2172935 0 -0.2172935 0.01414209 -0.2897247 0.01414209 -0.1448623 0 -0.2172935 0.01414209 -0.1448623 0 -0.07243114 0 -0.07243114 0.01414209 -0.1448623 0.01414209 0 0 -0.07243114 0.01414209 0 0 0.07243114 0 0.07243114 0.01414209 0 0.01414209 0.1448623 0 0.07243114 0.01414209 0.1448623 0 0.2172935 0 0.2172935 0.01414209 0.1448623 0.01414209 0.2897247 0 0.2172935 0.01414209 0.2897247 0 0.3621558 0 0.3621558 0.01414209 0.2897247 0.01414209 0.434587 0 0.3621558 0.01414209 0.434587 0 0.5070182 0 0.5070182 0.01414209 0.434587 0.01414209 0.5794493 0.07874011 -0.4507622 0.07480311 -0.4507622 0.07874011 -0.5071075 0.07874011 -0.5071075 0.07480311 -0.4507622 0.07480311 -0.5071075 0.07874011 0.5071075 0.07480311 0.5071075 0.07874011 0.4507622 0.07874011 0.4507622 0.07480311 0.5071075 0.07480311 0.4507622 0.07874011 0.4507622 0.07480311 0.4507622 0.07874011 0.3944169 0.07874011 0.3944169 0.07480311 0.4507622 0.07480311 0.3944169 0.07874011 0.3944169 0.07480311 0.3944169 0.07874011 0.3380717 0.07874011 0.3380717 0.07480311 0.3944169 0.07480311 0.3380717 0.07874011 0.3380717 0.07480311 0.3380717 0.07874011 0.2817264 0.07874011 0.2817264 0.07480311 0.3380717 0.07480311 0.2817264 0.07874011 0.2817264 0.07480311 0.2817264 0.07874011 0.2253811 0.07874011 0.2253811 0.07480311 0.2817264 0.07480311 0.2253811 0.07874011 0.2253811 0.07480311 0.2253811 0.07874011 0.1690358 0.07874011 0.1690358 0.07480311 0.2253811 0.07480311 0.1690358 0.07874011 0.1690358 0.07480311 0.1690358 0.07874011 0.1126905 0.07874011 0.1126905 0.07480311 0.1690358 0.07480311 0.1126905 0.07874011 0.1126905 0.07480311 0.1126905 0.07874011 0.05634522 0.07874011 0.05634522 0.07480311 0.1126905 0.07480311 0.05634522 0.07874011 0.05634522 0.07480311 0.05634522 0.07874011 0 0.07874011 0 0.07480311 0.05634522 0.07480311 0 0.07874011 0 0.07480311 0 0.07874011 -0.05634522 0.07874011 -0.05634522 0.07480311 0 0.07480311 -0.05634522 0.07874011 -0.05634522 0.07480311 -0.05634522 0.07874011 -0.1126905 0.07874011 -0.1126905 0.07480311 -0.05634522 0.07480311 -0.1126905 0.07874011 -0.1126905 0.07480311 -0.1126905 0.07874011 -0.1690358 0.07874011 -0.1690358 0.07480311 -0.1126905 0.07480311 -0.1690358 0.07874011 -0.1690358 0.07480311 -0.1690358 0.07874011 -0.2253811 0.07874011 -0.2253811 0.07480311 -0.1690358 0.07480311 -0.2253811 0.07874011 -0.2253811 0.07480311 -0.2253811 0.07874011 -0.2817264 0.07874011 -0.2817264 0.07480311 -0.2253811 0.07480311 -0.2817264 0.07874011 -0.2817264 0.07480311 -0.2817264 0.07874011 -0.3380717 0.07874011 -0.3380717 0.07480311 -0.2817264 0.07480311 -0.3380717 0.07874011 -0.3380717 0.07480311 -0.3380717 0.07874011 -0.3944169 0.07874011 -0.3944169 0.07480311 -0.3380717 0.07480311 -0.3944169 0.07874011 -0.3944169 0.07480311 -0.3944169 0.07874011 -0.4507622 0.07874011 -0.4507622 0.07480311 -0.3944169 0.07480311 -0.4507622 -0.5683655 -0.7107595 -0.5398409 -0.7071767 -0.5118111 -0.7007874 -0.5118111 -0.7007874 -0.5398409 -0.7071767 -0.4837812 -0.7071767 -0.5118111 -0.7007874 -0.4837812 -0.7071767 -0.4552565 -0.7107595 -0.4552565 -0.7107595 -0.4837812 -0.7071767 -0.4311023 -0.7263503 -0.4552565 -0.7107595 -0.4311023 -0.7263503 -0.4055233 -0.739473 -0.4055233 -0.739473 -0.4311023 -0.7263503 -0.3881582 -0.7623847 -0.4055233 -0.739473 -0.3881582 -0.7623847 -0.36861 -0.7834646 -0.36861 -0.7834646 -0.3881582 -0.7623847 -0.3601284 -0.8109338 -0.36861 -0.7834646 -0.3601284 -0.8109338 -0.3489688 -0.8374283 -0.3489688 -0.8374283 -0.3601284 -0.8109338 -0.3503937 -0.8661417 -0.3489688 -0.8374283 -0.3503937 -0.8661417 -0.3489688 -0.8948553 -0.3489688 -0.8948553 -0.3503937 -0.8661417 -0.3601284 -0.9213497 -0.3489688 -0.8948553 -0.3601284 -0.9213497 -0.36861 -0.9488189 -0.36861 -0.9488189 -0.3601284 -0.9213497 -0.3881582 -0.9698988 -0.36861 -0.9488189 -0.3881582 -0.9698988 -0.4055233 -0.9928106 -0.4055233 -0.9928106 -0.3881582 -0.9698988 -0.4311023 -1.005933 -0.4055233 -0.9928106 -0.4311023 -1.005933 -0.4552565 -1.021524 -0.4552565 -1.021524 -0.4311023 -1.005933 -0.4837812 -1.025107 -0.4552565 -1.021524 -0.4837812 -1.025107 -0.5118111 -1.031496 -0.5118111 -1.031496 -0.4837812 -1.025107 -0.5398409 -1.025107 -0.5118111 -1.031496 -0.5398409 -1.025107 -0.5683655 -1.021524 -0.5683655 -1.021524 -0.5398409 -1.025107 -0.5925197 -1.005933 -0.5683655 -1.021524 -0.5925197 -1.005933 -0.6180987 -0.9928106 -0.6180987 -0.9928106 -0.5925197 -1.005933 -0.6354638 -0.9698988 -0.6180987 -0.9928106 -0.6354638 -0.9698988 -0.6550121 -0.9488189 -0.6550121 -0.9488189 -0.6354638 -0.9698988 -0.6634937 -0.9213497 -0.6550121 -0.9488189 -0.6634937 -0.9213497 -0.6746532 -0.8948553 -0.6746532 -0.8948553 -0.6634937 -0.9213497 -0.6732284 -0.8661417 -0.6746532 -0.8948553 -0.6732284 -0.8661417 -0.6746532 -0.8374283 -0.6746532 -0.8374283 -0.6732284 -0.8661417 -0.6634937 -0.8109338 -0.6746532 -0.8374283 -0.6634937 -0.8109338 -0.6550121 -0.7834646 -0.6550121 -0.7834646 -0.6634937 -0.8109338 -0.6354638 -0.7623847 -0.6550121 -0.7834646 -0.6354638 -0.7623847 -0.6180987 -0.739473 -0.6180987 -0.739473 -0.6354638 -0.7623847 -0.5925197 -0.7263503 -0.6180987 -0.739473 -0.5925197 -0.7263503 -0.5683655 -0.7107595 -0.5683655 -0.7107595 -0.5925197 -0.7263503 -0.5398409 -0.7071767 -0.115887 0.132874 -0.09823709 0.1050553 -0.1041916 0.1248335 -0.1041916 0.1248335 -0.09823709 0.1050553 -0.0909155 0.1198157 -0.0909155 0.1198157 -0.09823709 0.1050553 -0.07682567 0.1181102 -0.07682567 0.1181102 -0.09823709 0.1050553 -0.09823709 0.07210999 -0.07682567 0.1181102 -0.09823709 0.07210999 -0.07682567 0.05905508 -0.07682567 0.05905508 -0.09823709 0.07210999 -0.0909155 0.05734962 -0.0909155 0.05734962 -0.09823709 0.07210999 -0.1041916 0.05233174 -0.1041916 0.05233174 -0.09823709 0.07210999 -0.115887 0.04429131 0 0.05905508 0.0193051 0.09236818 -0.07682567 0.05905508 -0.07682567 0.05905508 0.0193051 0.09236818 0 0.1181102 -0.07682567 0.05905508 0 0.1181102 -0.07682567 0.1181102 0.0193051 0.09236818 0 0.05905508 0.02475196 0.06354939 0.02475196 0.06354939 0 0.05905508 0.01408982 0.05734962 0.02475196 0.06354939 0.01408982 0.05734962 0.02736586 0.05233174 0.02736586 0.05233174 0.03906124 0.04429131 0.02475196 0.06354939 0.02475196 0.06354939 0.03906124 0.04429131 0.04339128 0.04090499 0.04339128 0.04090499 0.03906124 0.04429131 0.04335093 0.04084962 0.04339128 0.04090499 0.04335093 0.04084962 0.04891234 0.03725749 0.04339128 0.04090499 0.04891234 0.03725749 0.07062572 0.03002029 0.07062572 0.03002029 0.04891234 0.03725749 0.05999058 0.03237998 0.07062572 0.03002029 0.05999058 0.03237998 0.07062381 0.03000557 0.07062381 0.03000557 0.07183057 0.02986365 0.07062572 0.03002029 0 0.1181102 0.0193051 0.09236818 0.01408982 0.1198157 0.01408982 0.1198157 0.0193051 0.09236818 0.02839422 0.1202533 0.01408982 0.1198157 0.02839422 0.1202533 0.02736586 0.1248335 0.02736586 0.1248335 0.02839422 0.1202533 0.03906124 0.132874 0.03906124 0.132874 0.02839422 0.1202533 0.0497775 0.1403268 0.03906124 0.132874 0.0497775 0.1403268 0.04975062 0.1403759 0.04975062 0.1403759 0.0497775 0.1403268 0.05077385 0.1409235 0.05077385 0.1409235 0.0497775 0.1403268 0.06407034 0.1459416 0.06407034 0.1459416 0.0497775 0.1403268 0.07818067 0.1476377 -1.338583 0.09276354 -1.338583 0.07853651 0 0.09276354 0 0.09276354 -1.338583 0.07853651 0 0.07853651 0 0.07853651 -1.338583 0.07853651 0 0.06430941 0 0.06430941 -1.338583 0.07853651 -1.338583 0.06430941 0 0.06430941 -1.338583 0.06430941 -1.338583 0.05008238 -1.338583 0.05008238 0 0.05008238 0 0.06430941 -1.338583 -0.05008238 -1.338583 -0.06430941 0 -0.05008238 0 -0.05008238 -1.338583 -0.06430941 0 -0.06430941 0 -0.06430941 -1.338583 -0.06430941 0 -0.07853651 0 -0.07853651 -1.338583 -0.06430941 -1.338583 -0.07853651 0 -0.07853651 -1.338583 -0.07853651 -1.338583 -0.09276354 -1.338583 -0.09276354 0 -0.09276354 0 -0.07853651 0 -0.09276354 -1.338583 -0.09276354 0 -0.1069906 0 -0.1069906 -1.338583 -0.09276354 -1.338583 -0.1069906 0 -0.1069906 -1.338583 -0.1069906 -1.338583 -0.1212177 -1.338583 -0.1354447 0 -0.1354447 -1.338583 -0.1212177 -1.338583 -0.1212177 0 -0.1354447 0 -0.1212177 -1.338583 -0.1212177 0 -0.1212177 0 -0.1069906 0.07682567 1.338583 0 1.338583 0.07682567 0 0.07682567 0 0 1.338583 0 0 0 1.338583 -0.07682567 1.338583 0 0 0 0 -0.07682567 1.338583 -0.07682567 0 0 0.1354447 -1.338583 0.1354447 0 0.1212177 0 0.1212177 -1.338583 0.1354447 -1.338583 0.1212177 0 0.1212177 -1.338583 0.1212177 -1.338583 0.1069906 -1.338583 0.09276354 0 0.09276354 -1.338583 0.1069906 -1.338583 0.1069906 0 0.09276354 0 0.1069906 -1.338583 0.1069906 0 0.1069906 0 0.1212177 0 -0.02748548 -1.338583 -0.04947388 0 -0.04947388 0 -0.04947388 -1.338583 -0.04947388 -1.338583 -0.07146227 0 -0.04947388 -1.338583 -0.07146227 0 -0.07146227 0 -0.07146227 -1.338583 -0.07146227 -1.338583 -0.09345066 0 -0.07146227 -1.338583 -0.09345066 0 -0.09345066 0 0.1044449 -1.338583 0.1044449 -1.338583 0.08245646 0 0.1044449 -1.338583 0.08245646 0 0.08245646 0 0.08245646 -1.338583 0.08245646 -1.338583 0.06046807 0 0.08245646 -1.338583 0.06046807 0 0.06046807 0 0.06046807 -1.338583 0.06046807 -1.338583 0.03847968 0 0.06046807 -1.338583 0.03847968 0 0.03847968 0 0.03847968 -1.338583 0.03847968 -1.338583 0.01649129 0 0.03847968 -1.338583 0.01649129 0 0.01649129 0 0.01649129 -1.338583 0.01649129 -1.338583 -0.005497097 0 0.01649129 -1.338583 -0.005497097 0 -0.005497097 0 -0.005497097 -1.338583 -0.005497097 -1.338583 -0.02748548 0 -0.005497097 -1.338583 -0.02748548 0 -0.02748548 0 -0.02748548 -1.338583 -0.02748548 -1.338583 -0.04947388 0 -0.02748548 -1.338583 -0.04947388 0 -0.04947388 0 -0.04947388 -1.338583 -0.04947388 -1.338583 -0.07146227 0 -0.04947388 -1.338583 -0.07146227 0 -0.07146227 0 -0.07146227 -1.338583 -0.07146227 -1.338583 -0.09345066 0 -0.07146227 -1.338583 -0.09345066 0 -0.09345066 0 0.1044449 -1.338583 0.1044449 -1.338583 0.08245646 0 0.1044449 -1.338583 0.08245646 0 0.08245646 0 0.08245646 -1.338583 0.08245646 -1.338583 0.06046807 0 0.08245646 -1.338583 0.06046807 0 0.06046807 0 0.06046807 -1.338583 0.06046807 -1.338583 0.03847968 0 0.06046807 -1.338583 0.03847968 0 0.03847968 0 0.03847968 -1.338583 0.03847968 -1.338583 0.01649129 0 0.03847968 -1.338583 0.01649129 0 0.01649129 0 0.01649129 -1.338583 0.01649129 -1.338583 -0.005497097 0 0.01649129 -1.338583 -0.005497097 0 -0.005497097 0 -0.005497097 -1.338583 -0.005497097 -1.338583 -0.02748548 0 -0.005497097 -1.338583 -0.02748548 0 -0.02748548 0 -0.02748548 -1.338583 -0.02748548 -1.338583 -0.04947388 1.338583 -0.07857525 0 -0.09282165 1.338583 -0.09282165 1.338583 -0.09282165 0 -0.09282165 0 -0.1247838 1.338583 -0.09282165 0 -0.1247838 1.338583 -0.1247838 1.338583 -0.1247838 0 -0.1247838 0 -0.156746 1.338583 -0.1247838 0 -0.156746 1.338583 -0.156746 1.338583 -0.156746 0 -0.156746 0 -0.1887081 1.338583 -0.156746 0 -0.1887081 1.338583 -0.1887081 1.338583 0.1823461 0 0.1823461 0 0.1503839 1.338583 0.1823461 0 0.1503839 1.338583 0.1503839 1.338583 0.1503839 0 0.1503839 1.338583 0.1184217 1.338583 0.1184217 0 0.1503839 0 0.1184217 1.338583 0.1184217 0 0.1184217 0 0.08645957 1.338583 -0.06432878 0 -0.06432878 1.338583 -0.07857525 1.338583 -0.07857525 0 -0.06432878 0 -0.07857525 1.338583 -0.07857525 0 -0.07857525 0 -0.09282165 0 -0.06432878 1.338583 -0.06432878 0 -0.06316828 0 -0.06316828 1.338583 -0.06432878 1.338583 -0.06316828 0 -0.06316828 1.338583 -0.06316828 1.338583 -0.05008238 1.338583 -0.05008238 0 -0.05008238 0 -0.06316828 0 0.08524447 1.338583 0.08524447 0 0.08645957 0 0.08645957 1.338583 0.08524447 1.338583 0.08645957 0 0.08645957 1.338583 0.08645957 1.338583 0.1184217 0 0.08524447 0 0.07433384 1.338583 0.08524447 1.338583 0.08524447 0 0.07433384 1.338583 0.07433384 1.338583 0.07433384 0 0.07433384 1.338583 0.06220811 1.338583 0.06220811 0 0.07433384 0 0.06220811 1.338583 0.06220811 0 0.06220811 1.338583 0.05558401 1.338583 0.05558401 0 0.06220811 0 0.05558401 1.338583 0.05558401 0 0.05558401 0 0.05008238 0 0.05008238 1.338583 0.05008238 1.338583 0.05558401 0.115887 0.04429131 0.09823709 0.07210999 0.1041916 0.05233174 0.1041916 0.05233174 0.09823709 0.07210999 0.0909155 0.05734962 0.0909155 0.05734962 0.09823709 0.07210999 0.07682567 0.05905508 0.07682567 0.05905508 0.09823709 0.07210999 0.09823709 0.1050553 0.07682567 0.05905508 0.09823709 0.1050553 0.07682567 0.1181102 0.07682567 0.1181102 0.09823709 0.1050553 0.0909155 0.1198157 0.0909155 0.1198157 0.09823709 0.1050553 0.1041916 0.1248335 0.1041916 0.1248335 0.09823709 0.1050553 0.115887 0.132874 0.07682567 0.1181102 0 0.1181102 0.07682567 0.05905508 0.07682567 0.05905508 0 0.1181102 -0.0193051 0.09236818 0.07682567 0.05905508 -0.0193051 0.09236818 0 0.05905508 0 0.05905508 -0.0193051 0.09236818 -0.02475196 0.06354939 0 0.05905508 -0.02475196 0.06354939 -0.01408982 0.05734962 -0.01408982 0.05734962 -0.02475196 0.06354939 -0.02736586 0.05233174 -0.02736586 0.05233174 -0.02475196 0.06354939 -0.03906124 0.04429131 -0.03906124 0.04429131 -0.02475196 0.06354939 -0.04339128 0.04090499 -0.03906124 0.04429131 -0.04339128 0.04090499 -0.04335093 0.04084962 -0.04335093 0.04084962 -0.04339128 0.04090499 -0.04891234 0.03725749 -0.04891234 0.03725749 -0.04339128 0.04090499 -0.07062572 0.03002029 -0.04891234 0.03725749 -0.07062572 0.03002029 -0.05999058 0.03237998 -0.05999058 0.03237998 -0.07062572 0.03002029 -0.07062381 0.03000557 -0.07062381 0.03000557 -0.07062572 0.03002029 -0.07183057 0.02986365 0 0.1181102 -0.01408982 0.1198157 -0.0193051 0.09236818 -0.0193051 0.09236818 -0.01408982 0.1198157 -0.02839422 0.1202533 -0.02839422 0.1202533 -0.01408982 0.1198157 -0.02736586 0.1248335 -0.02839422 0.1202533 -0.02736586 0.1248335 -0.03906124 0.132874 -0.02839422 0.1202533 -0.03906124 0.132874 -0.0497775 0.1403268 -0.0497775 0.1403268 -0.03906124 0.132874 -0.04975062 0.1403759 -0.0497775 0.1403268 -0.04975062 0.1403759 -0.05077385 0.1409235 -0.05077385 0.1409235 -0.06407034 0.1459416 -0.0497775 0.1403268 -0.0497775 0.1403268 -0.06407034 0.1459416 -0.07818067 0.1476377 2.308599 -0.1968504 2.249544 -0.1968504 2.308599 -1.535433 2.308599 -1.535433 2.249544 -0.1968504 2.249544 -1.535433 2.249544 -1.535433 2.249544 -0.1968504 1.501512 -0.1968504 2.249544 -1.535433 1.501512 -0.1968504 1.501512 -1.535433 1.501512 -1.535433 1.501512 -0.1968504 1.442457 -0.1968504 1.501512 -1.535433 1.442457 -0.1968504 1.442457 -1.535433 2.249544 0 1.501512 0 2.249544 -0.1968504 2.249544 -0.1968504 1.501512 0 1.501512 -0.1968504 1.501512 -1.732283 2.249544 -1.732283 1.501512 -1.535433 1.501512 -1.535433 2.249544 -1.732283 2.249544 -1.535433 -0.05856233 0.007613062 -0.04690986 0.0358743 -0.05094921 0.0661754 -0.05094921 0.0661754 -0.04690986 0.0358743 -0.02268803 0.05452299 -0.05094921 0.0661754 -0.02268803 0.05452299 0.007613062 0.05856233 -0.007613062 -0.05856233 -0.0358743 -0.04690986 -0.0661754 -0.05094921 -0.0661754 -0.05094921 -0.0358743 -0.04690986 -0.05452299 -0.02268803 -0.0661754 -0.05094921 -0.05452299 -0.02268803 -0.05856233 0.007613062 -0.007613062 0.05856233 0.02268803 0.05452299 0.05094921 0.0661754 0.05094921 0.0661754 0.02268803 0.05452299 0.04690986 0.0358743 0.05094921 0.0661754 0.04690986 0.0358743 0.05856233 0.007613062 0.02173751 0.01998382 0.01077228 0.02959656 0.003806531 0.02928113 0.003806531 0.02928113 0.01077228 0.02959656 -0.01077228 0.02959656 0.003806531 0.02928113 -0.01077228 0.02959656 -0.01590555 0.02487748 -0.01590555 0.02487748 -0.01077228 0.02959656 -0.02727639 0.01574802 -0.01590555 0.02487748 -0.02727639 0.01574802 -0.02817529 0.008833289 -0.02817529 0.008833289 -0.02727639 0.01574802 -0.03101754 -0.005469202 -0.02817529 0.008833289 -0.03101754 -0.005469202 -0.02726149 -0.01134401 -0.02726149 -0.01134401 -0.03101754 -0.005469202 -0.02024525 -0.02412736 -0.02726149 -0.01134401 -0.02024525 -0.02412736 -0.0135917 -0.02621334 -0.0135917 -0.02621334 -0.02024525 -0.02412736 0 -0.03149604 -0.0135917 -0.02621334 0 -0.03149604 0.006437718 -0.02881717 0.006437718 -0.02881717 0 -0.03149604 0.02024525 -0.02412736 0.006437718 -0.02881717 0.02024525 -0.02412736 0.02345496 -0.01793712 0.02345496 -0.01793712 0.02024525 -0.02412736 0.03101754 -0.005469202 0.02345496 -0.01793712 0.03101754 -0.005469202 0.02949732 0.001335859 0.02949732 0.001335859 0.03101754 -0.005469202 0.02727639 0.01574802 0.02949732 0.001335859 0.02727639 0.01574802 0.02173751 0.01998382 0.02173751 0.01998382 0.02727639 0.01574802 0.01077228 0.02959656 0.01590555 0.02487748 0.01088851 0.02959656 -0.003806531 0.02928113 -0.003806531 0.02928113 0.01088851 0.02959656 -0.01065599 0.02959656 -0.003806531 0.02928113 -0.01065599 0.02959656 -0.02173751 0.01998382 -0.02173751 0.01998382 -0.01065599 0.02959656 -0.0271601 0.01574802 -0.02173751 0.01998382 -0.0271601 0.01574802 -0.02949732 0.001335859 -0.02949732 0.001335859 -0.0271601 0.01574802 -0.03090131 -0.005469202 -0.02949732 0.001335859 -0.03090131 -0.005469202 -0.02345496 -0.01793712 -0.02345496 -0.01793712 -0.03090131 -0.005469202 -0.02012902 -0.02412736 -0.02345496 -0.01793712 -0.02012902 -0.02412736 -0.006437718 -0.02881717 -0.006437718 -0.02881717 -0.02012902 -0.02412736 1.16239e-4 -0.03149604 -0.006437718 -0.02881717 1.16239e-4 -0.03149604 0.0135917 -0.02621334 0.0135917 -0.02621334 1.16239e-4 -0.03149604 0.02036148 -0.02412736 0.0135917 -0.02621334 0.02036148 -0.02412736 0.02726149 -0.01134401 0.02726149 -0.01134401 0.02036148 -0.02412736 0.03113377 -0.005469202 0.02726149 -0.01134401 0.03113377 -0.005469202 0.02817529 0.008833289 0.02817529 0.008833289 0.03113377 -0.005469202 0.02739262 0.01574802 0.02817529 0.008833289 0.02739262 0.01574802 0.01590555 0.02487748 0.01590555 0.02487748 0.02739262 0.01574802 0.01088851 0.02959656 0.02173751 0.01998382 0.01065599 0.02959656 0.003806531 0.02928113 0.003806531 0.02928113 0.01065599 0.02959656 -0.01088851 0.02959656 0.003806531 0.02928113 -0.01088851 0.02959656 -0.01590555 0.02487748 -0.01590555 0.02487748 -0.01088851 0.02959656 -0.02739262 0.01574802 -0.01590555 0.02487748 -0.02739262 0.01574802 -0.02817529 0.008833289 -0.02817529 0.008833289 -0.02739262 0.01574802 -0.03113377 -0.005469202 -0.02817529 0.008833289 -0.03113377 -0.005469202 -0.02726149 -0.01134401 -0.02726149 -0.01134401 -0.03113377 -0.005469202 -0.02036148 -0.02412736 -0.02726149 -0.01134401 -0.02036148 -0.02412736 -0.0135917 -0.02621334 -0.0135917 -0.02621334 -0.02036148 -0.02412736 -1.16239e-4 -0.03149604 -0.0135917 -0.02621334 -1.16239e-4 -0.03149604 0.006437718 -0.02881717 0.006437718 -0.02881717 -1.16239e-4 -0.03149604 0.02012902 -0.02412736 0.006437718 -0.02881717 0.02012902 -0.02412736 0.02345496 -0.01793712 0.02345496 -0.01793712 0.02012902 -0.02412736 0.03090131 -0.005469202 0.02345496 -0.01793712 0.03090131 -0.005469202 0.02949732 0.001335859 0.02949732 0.001335859 0.03090131 -0.005469202 0.0271601 0.01574802 0.02949732 0.001335859 0.0271601 0.01574802 0.02173751 0.01998382 0.02173751 0.01998382 0.0271601 0.01574802 0.01065599 0.02959656 1.338583 -0.002939522 1.338583 0.02585256 0 -0.002939522 0 -0.002939522 1.338583 0.02585256 0 0.02585256 0 0.02585256 1.338583 0.02585256 1.338583 0.0546447 0 0.02585256 1.338583 0.0546447 0 0.0546447 0 0.0546447 1.338583 0.0546447 0 0.08343684 0 0.08343684 1.338583 0.0546447 1.338583 0.08343684 0 0.08343684 1.338583 0.08343684 1.338583 0.08657711 1.338583 0.08783006 0 0.08783006 1.338583 0.08657711 1.338583 0.08657711 0 0.08783006 0 0.08657711 1.338583 0.08657711 0 0.08657711 0 0.08343684 0 0.08783006 1.338583 0.08783006 0 0.08971732 0 0.08971732 1.338583 0.08783006 1.338583 0.08971732 0 0.08971732 1.338583 0.08971732 0 0.09034401 0 0.09034401 1.338583 0.08971732 1.338583 0.09034401 0 0.09034401 1.338583 0.09034401 0 0.09285759 0 0.09285759 1.338583 0.09034401 1.338583 0.09285759 0 0.09285759 1.338583 0.09285759 0 0.1070533 0 0.1070533 1.338583 0.09285759 1.338583 0.1070533 0 0.1070533 1.338583 0.1070533 1.338583 0.121249 1.338583 0.1354447 0 0.1354447 1.338583 0.121249 1.338583 0.121249 0 0.1354447 0 0.121249 1.338583 0.121249 0 0.121249 0 0.1070533 0 -0.0123291 0 -0.04310804 1.338583 -0.0123291 1.338583 -0.0123291 0 -0.04310804 1.338583 -0.04310804 1.338583 -0.04310804 0 -0.04310804 0 -0.07388693 1.338583 -0.04310804 0 -0.07388693 1.338583 -0.07388693 1.338583 -0.07388693 0 -0.07388693 0 -0.1046658 1.338583 -0.07388693 0 -0.1046658 1.338583 -0.1046658 1.338583 -0.1046658 0 -0.1046658 0 -0.1354447 1.338583 -0.1046658 0 -0.1354447 1.338583 -0.1354447 -0.3373812 0.1310846 -0.321432 0.1042087 -0.3261578 0.1240005 -0.3261578 0.1240005 -0.321432 0.1042087 -0.3136358 0.1196016 -0.3136358 0.1196016 -0.321432 0.1042087 -0.3004478 0.1181102 -0.3004478 0.1181102 -0.321432 0.1042087 -0.321432 0.07295662 -0.3004478 0.1181102 -0.321432 0.07295662 -0.3004478 0.05905508 -0.3004478 0.05905508 -0.321432 0.07295662 -0.3136358 0.05756372 -0.3136358 0.05756372 -0.321432 0.07295662 -0.3261578 0.05316483 -0.3261578 0.05316483 -0.321432 0.07295662 -0.3373812 0.04608064 -0.3004478 0.05905508 0 0.05905508 -0.3004478 0.1181102 -0.3004478 0.1181102 0 0.05905508 0 0.1181102 0 0.1181102 0 0.05905508 0.02141135 0.1050553 0 0.1181102 0.02141135 0.1050553 0.01408982 0.1198157 0.01408982 0.1198157 0.02141135 0.1050553 0.02736586 0.1248335 0.02736586 0.1248335 0.02141135 0.1050553 0.03906124 0.132874 0.02141135 0.1050553 0 0.05905508 0.02141135 0.07210999 0.02141135 0.07210999 0 0.05905508 0.01408982 0.05734962 0.02141135 0.07210999 0.01408982 0.05734962 0.02736586 0.05233174 0.02736586 0.05233174 0.03906124 0.04429131 0.02141135 0.07210999 -0.3878583 0.03026247 -0.3847455 0.02985125 -0.3859953 0.03002029 -0.3859953 0.03002029 -0.3847455 0.02985125 -0.3834967 0.02974945 -0.3834967 0.02974945 -0.3847455 0.02985125 -0.3834981 0.02973347 -0.3834967 0.02974945 -0.3834981 0.02973347 -0.3816152 0.0296061 -0.3834967 0.02974945 -0.3816152 0.0296061 -0.3809888 0.02958506 -0.3809888 0.02958506 -0.3816152 0.0296061 -0.3809892 0.02957707 -0.3809888 0.02958506 -0.3809892 0.02957707 -0.3784763 0.0295276 0.3878583 0.03026247 0.3859953 0.03002029 0.3847455 0.02985125 0.3847455 0.02985125 0.3859953 0.03002029 0.3834967 0.02974945 0.3847455 0.02985125 0.3834967 0.02974945 0.3834981 0.02973347 0.3834981 0.02973347 0.3834967 0.02974945 0.3816152 0.0296061 0.3816152 0.0296061 0.3834967 0.02974945 0.3809888 0.02958506 0.3816152 0.0296061 0.3809888 0.02958506 0.3809892 0.02957707 0.3809892 0.02957707 0.3809888 0.02958506 0.3784763 0.0295276 0.3373812 0.04608064 0.321432 0.07295662 0.3261578 0.05316483 0.3261578 0.05316483 0.321432 0.07295662 0.3136358 0.05756372 0.3136358 0.05756372 0.321432 0.07295662 0.3004478 0.05905508 0.3004478 0.05905508 0.321432 0.07295662 0.3004478 0.1181102 0.3004478 0.05905508 0.3004478 0.1181102 0 0.1181102 0.321432 0.07295662 0.321432 0.1042087 0.3004478 0.1181102 0.3004478 0.1181102 0.321432 0.1042087 0.3136358 0.1196016 0.3136358 0.1196016 0.321432 0.1042087 0.3261578 0.1240005 0.3261578 0.1240005 0.321432 0.1042087 0.3373812 0.1310846 -0.01408982 0.1198157 -0.02141135 0.1050553 0 0.1181102 0 0.1181102 -0.02141135 0.1050553 -0.02141135 0.07210999 0 0.1181102 -0.02141135 0.07210999 0 0.05905508 0 0.05905508 -0.02141135 0.07210999 -0.01408982 0.05734962 -0.01408982 0.05734962 -0.02141135 0.07210999 -0.02736586 0.05233174 -0.02736586 0.05233174 -0.02141135 0.07210999 -0.03906124 0.04429131 -0.01408982 0.1198157 -0.02736586 0.1248335 -0.02141135 0.1050553 -0.02141135 0.1050553 -0.02736586 0.1248335 -0.03906124 0.132874 0 0.05905508 0.3004478 0.05905508 0 0.1181102 -1.338583 0.05193603 0 0.05193603 -1.338583 0.05286282 -1.338583 0.05286282 0 0.05193603 0 0.05286282 -1.338583 0.05286282 0 0.05286282 -1.338583 0.06616306 -1.338583 0.06616306 0 0.05286282 0 0.06616306 -1.338583 0.06616306 0 0.06616306 -1.338583 0.0794633 -1.338583 0.0794633 0 0.06616306 0 0.0794633 -1.338583 0.0794633 0 0.0794633 0 0.09276354 0 0.05193603 -1.338583 0.05193603 0 0.05100917 0 0.05100917 -1.338583 0.05193603 -1.338583 0.05100917 0 0.05100917 -1.338583 0.05100917 -1.338583 0.05008238 -1.338583 0.05008238 0 0.05008238 0 0.05100917 0 0.09276354 -1.338583 0.09276354 -1.338583 0.0794633 -1.338583 -0.06616306 0 -0.06616306 -1.338583 -0.05286282 -1.338583 -0.05286282 0 -0.06616306 0 -0.05286282 -1.338583 -0.05286282 0 -0.05286282 -1.338583 -0.05193603 -1.338583 -0.05193603 0 -0.05286282 0 -0.05193603 -1.338583 -0.05193603 0 -0.05193603 -1.338583 -0.05100917 -1.338583 -0.05100917 0 -0.05193603 0 -0.05100917 -1.338583 -0.05100917 0 -0.05100917 0 -0.05008238 0 -0.06616306 -1.338583 -0.06616306 0 -0.0794633 0 -0.0794633 -1.338583 -0.06616306 -1.338583 -0.0794633 0 -0.0794633 -1.338583 -0.0794633 -1.338583 -0.09276354 -1.338583 -0.09276354 0 -0.09276354 0 -0.0794633 0 -0.05008238 -1.338583 -0.05008238 -1.338583 -0.05100917 0 -0.09276354 -1.338583 -0.09276354 0 -0.1069906 0 -0.1069906 -1.338583 -0.09276354 -1.338583 -0.1069906 0 -0.1069906 -1.338583 -0.1069906 -1.338583 -0.1212177 -1.338583 -0.1354447 0 -0.1354447 -1.338583 -0.1212177 -1.338583 -0.1212177 0 -0.1354447 0 -0.1212177 -1.338583 -0.1212177 0 -0.1212177 0 -0.1069906 0.3004478 1.338583 0 1.338583 0.3004478 0 0.3004478 0 0 1.338583 0 0 0 1.338583 -0.3004478 1.338583 0 0 0 0 -0.3004478 1.338583 -0.3004478 0 0 0.1354447 -1.338583 0.1354447 0 0.1212177 0 0.1212177 -1.338583 0.1354447 -1.338583 0.1212177 0 0.1212177 -1.338583 0.1212177 -1.338583 0.1069906 -1.338583 0.09276354 0 0.09276354 -1.338583 0.1069906 -1.338583 0.1069906 0 0.09276354 0 0.1069906 -1.338583 0.1069906 0 0.1069906 0 0.1212177 0 -0.02748548 -1.338583 -0.04947388 0 -0.04947388 0 -0.04947388 -1.338583 -0.04947388 -1.338583 -0.07146227 0 -0.04947388 -1.338583 -0.07146227 0 -0.07146227 0 -0.07146227 -1.338583 -0.07146227 -1.338583 -0.09345066 0 -0.07146227 -1.338583 -0.09345066 0 -0.09345066 0 0.1044449 -1.338583 0.1044449 -1.338583 0.08245646 0 0.1044449 -1.338583 0.08245646 0 0.08245646 0 0.08245646 -1.338583 0.08245646 -1.338583 0.06046807 0 0.08245646 -1.338583 0.06046807 0 0.06046807 0 0.06046807 -1.338583 0.06046807 -1.338583 0.03847968 0 0.06046807 -1.338583 0.03847968 0 0.03847968 0 0.03847968 -1.338583 0.03847968 -1.338583 0.01649129 0 0.03847968 -1.338583 0.01649129 0 0.01649129 0 0.01649129 -1.338583 0.01649129 -1.338583 -0.005497097 0 0.01649129 -1.338583 -0.005497097 0 -0.005497097 0 -0.005497097 -1.338583 -0.005497097 -1.338583 -0.02748548 0 -0.005497097 -1.338583 -0.02748548 0 -0.02748548 0 -0.02748548 -1.338583 -0.02748548 -1.338583 -0.04947388 0 -0.02748548 -1.338583 -0.04947388 0 -0.04947388 0 -0.04947388 -1.338583 -0.04947388 -1.338583 -0.07146227 0 -0.04947388 -1.338583 -0.07146227 0 -0.07146227 0 -0.07146227 -1.338583 -0.07146227 -1.338583 -0.09345066 0 -0.07146227 -1.338583 -0.09345066 0 -0.09345066 0 0.1044449 -1.338583 0.1044449 -1.338583 0.08245646 0 0.1044449 -1.338583 0.08245646 0 0.08245646 0 0.08245646 -1.338583 0.08245646 -1.338583 0.06046807 0 0.08245646 -1.338583 0.06046807 0 0.06046807 0 0.06046807 -1.338583 0.06046807 -1.338583 0.03847968 0 0.06046807 -1.338583 0.03847968 0 0.03847968 0 0.03847968 -1.338583 0.03847968 -1.338583 0.01649129 0 0.03847968 -1.338583 0.01649129 0 0.01649129 0 0.01649129 -1.338583 0.01649129 -1.338583 -0.005497097 0 0.01649129 -1.338583 -0.005497097 0 -0.005497097 0 -0.005497097 -1.338583 -0.005497097 -1.338583 -0.02748548 0 -0.005497097 -1.338583 -0.02748548 0 -0.02748548 0 -0.02748548 -1.338583 -0.02748548 -1.338583 -0.04947388 2.532393 -1.535433 2.586734 -1.535433 2.532393 -0.1968504 2.532393 -0.1968504 2.586734 -1.535433 2.586734 -0.1968504 2.586734 -0.1968504 2.586734 -1.535433 3.334766 -1.535433 2.586734 -0.1968504 3.334766 -1.535433 3.334766 -0.1968504 3.334766 -0.1968504 3.334766 -1.535433 3.390434 -1.535433 3.334766 -0.1968504 3.390434 -1.535433 3.390434 -0.1968504 2.586734 -1.732283 3.334766 -1.732283 2.586734 -1.535433 2.586734 -1.535433 3.334766 -1.732283 3.334766 -1.535433 3.334766 0 2.586734 0 3.334766 -0.1968504 3.334766 -0.1968504 2.586734 0 2.586734 -0.1968504 1.442457 -0.1968504 1.383402 -0.1968504 1.442457 -1.535433 1.442457 -1.535433 1.383402 -0.1968504 1.383402 -1.535433 1.383402 -1.535433 1.383402 -0.1968504 0.6353706 -0.1968504 1.383402 -1.535433 0.6353706 -0.1968504 0.6353706 -1.535433 0.6353706 -1.535433 0.6353706 -0.1968504 0.5763155 -1.535433 0.5763155 -1.535433 0.6353706 -0.1968504 0.5763155 -0.1968504 1.383402 0 0.6353706 0 1.383402 -0.1968504 1.383402 -0.1968504 0.6353706 0 0.6353706 -0.1968504 0.6353706 -1.732283 1.383402 -1.732283 0.6353706 -1.535433 0.6353706 -1.535433 1.383402 -1.732283 1.383402 -1.535433 -0.009476006 -0.0583201 -0.0357145 -0.04717391 -0.0661754 -0.05094921 -0.0661754 -0.05094921 -0.0357145 -0.04717391 -0.05367422 -0.02503472 -0.0661754 -0.05094921 -0.05367422 -0.02503472 -0.05917006 0.00293833 0.03957307 0.04368376 0.03895515 0.04438471 0.03887319 0.04429131 0.03887319 0.04429131 0.03895515 0.04438471 0.03110402 0.05020004 0.03887319 0.04429131 0.03110402 0.05020004 0.01980495 0.05563515 0.03957307 0.04368376 0.04028242 0.04308724 0.03895515 0.04438471 0.03895515 0.04438471 0.04028242 0.04308724 0.04100102 0.04250198 0.03887319 0.04429131 0.01980495 0.05563515 0.01163375 0.05785971 0.01163375 0.05785971 0.01980495 0.05563515 0.01164108 0.05789637 0.01163375 0.05785971 0.01164108 0.05789637 0.007613062 0.05856233 0.01163375 0.05785971 0.007613062 0.05856233 -0.01874488 0.05606377 -0.01874488 0.05606377 0.007613062 0.05856233 -0.05094921 0.0661754 -0.01874488 0.05606377 -0.05094921 0.0661754 -0.04419589 0.03938043 -0.04419589 0.03938043 -0.05094921 0.0661754 -0.05796086 0.01223975 0.04100102 -0.04250198 0.04028242 -0.04308724 0.03895515 -0.04438471 0.03895515 -0.04438471 0.04028242 -0.04308724 0.03957307 -0.04368376 0.03895515 -0.04438471 0.03957307 -0.04368376 0.03887319 -0.04429131 0.03895515 -0.04438471 0.03887319 -0.04429131 0.0288853 -0.05150866 0.0288853 -0.05150866 0.03887319 -0.04429131 0.02720552 -0.05231726 0.0288853 -0.05150866 0.02720552 -0.05231726 0.02724564 -0.05239444 0.02724564 -0.05239444 0.02720552 -0.05231726 0.0148819 -0.05714923 0.0148819 -0.05714923 0.02720552 -0.05231726 0.01396262 -0.05733466 0.0148819 -0.05714923 0.01396262 -0.05733466 0.01397317 -0.05737817 0.01397317 -0.05737817 0.01396262 -0.05733466 -9.40432e-5 -0.05905503 0.05917006 0.00293833 0.05367422 -0.02503472 0.0661754 -0.05094921 0.0661754 -0.05094921 0.05367422 -0.02503472 0.0357145 -0.04717391 0.0661754 -0.05094921 0.0357145 -0.04717391 0.009476006 -0.0583201 -0.03957307 -0.04368376 -0.03895515 -0.04438471 -0.03887319 -0.04429131 -0.03887319 -0.04429131 -0.03895515 -0.04438471 -0.0288853 -0.05150866 -0.03887319 -0.04429131 -0.0288853 -0.05150866 -0.02720552 -0.05231726 -0.02720552 -0.05231726 -0.0288853 -0.05150866 -0.02724564 -0.05239444 -0.02720552 -0.05231726 -0.02724564 -0.05239444 -0.0148819 -0.05714923 -0.03957307 -0.04368376 -0.04028242 -0.04308724 -0.03895515 -0.04438471 -0.03895515 -0.04438471 -0.04028242 -0.04308724 -0.04100102 -0.04250198 -0.02720552 -0.05231726 -0.0148819 -0.05714923 -0.01396262 -0.05733466 -0.01396262 -0.05733466 -0.0148819 -0.05714923 -0.01397317 -0.05737817 -0.01396262 -0.05733466 -0.01397317 -0.05737817 9.40432e-5 -0.05905503 0.02173751 0.01998382 0.02043336 0.02412736 0.003806531 0.02928113 0.003806531 0.02928113 0.02043336 0.02412736 1.88086e-4 0.03149604 0.003806531 0.02928113 1.88086e-4 0.03149604 -0.01590555 0.02487748 -0.01590555 0.02487748 1.88086e-4 0.03149604 -0.02005714 0.02412736 -0.01590555 0.02487748 -0.02005714 0.02412736 -0.02817529 0.008833289 -0.02817529 0.008833289 -0.02005714 0.02412736 -0.03082942 0.005469202 -0.02817529 0.008833289 -0.03082942 0.005469202 -0.02726149 -0.01134401 -0.02726149 -0.01134401 -0.03082942 0.005469202 -0.02708828 -0.01574802 -0.02726149 -0.01134401 -0.02708828 -0.01574802 -0.0135917 -0.02621334 -0.0135917 -0.02621334 -0.02708828 -0.01574802 -0.01058417 -0.02959656 -0.0135917 -0.02621334 -0.01058417 -0.02959656 0.006437718 -0.02881717 0.006437718 -0.02881717 -0.01058417 -0.02959656 0.01096034 -0.02959656 0.006437718 -0.02881717 0.01096034 -0.02959656 0.02345496 -0.01793712 0.02345496 -0.01793712 0.01096034 -0.02959656 0.02746444 -0.01574802 0.02345496 -0.01793712 0.02746444 -0.01574802 0.02949732 0.001335859 0.02949732 0.001335859 0.02746444 -0.01574802 0.03120565 0.005469202 0.02949732 0.001335859 0.03120565 0.005469202 0.02173751 0.01998382 0.02173751 0.01998382 0.03120565 0.005469202 0.02043336 0.02412736 -0.05856233 0.007613062 -0.04690986 0.0358743 -0.05094921 0.0661754 -0.05094921 0.0661754 -0.04690986 0.0358743 -0.02268803 0.05452299 -0.05094921 0.0661754 -0.02268803 0.05452299 0.007613062 0.05856233 -0.007613062 -0.05856233 -0.0358743 -0.04690986 -0.0661754 -0.05094921 -0.0661754 -0.05094921 -0.0358743 -0.04690986 -0.05452299 -0.02268803 -0.0661754 -0.05094921 -0.05452299 -0.02268803 -0.05856233 0.007613062 -0.007613062 0.05856233 0.02268803 0.05452299 0.05094921 0.0661754 0.05094921 0.0661754 0.02268803 0.05452299 0.04690986 0.0358743 0.05094921 0.0661754 0.04690986 0.0358743 0.05856233 0.007613062 0.02173751 0.01998382 0.02024525 0.02412736 0.003806531 0.02928113 0.003806531 0.02928113 0.02024525 0.02412736 0 0.03149604 0.003806531 0.02928113 0 0.03149604 -0.01590555 0.02487748 -0.01590555 0.02487748 0 0.03149604 -0.02024525 0.02412736 -0.01590555 0.02487748 -0.02024525 0.02412736 -0.02817529 0.008833289 -0.02817529 0.008833289 -0.02024525 0.02412736 -0.03101754 0.005469202 -0.02817529 0.008833289 -0.03101754 0.005469202 -0.02726149 -0.01134401 -0.02726149 -0.01134401 -0.03101754 0.005469202 -0.02727639 -0.01574802 -0.02726149 -0.01134401 -0.02727639 -0.01574802 -0.0135917 -0.02621334 -0.0135917 -0.02621334 -0.02727639 -0.01574802 -0.01077228 -0.02959656 -0.0135917 -0.02621334 -0.01077228 -0.02959656 0.006437718 -0.02881717 0.006437718 -0.02881717 -0.01077228 -0.02959656 0.01077228 -0.02959656 0.006437718 -0.02881717 0.01077228 -0.02959656 0.02345496 -0.01793712 0.02345496 -0.01793712 0.01077228 -0.02959656 0.02727639 -0.01574802 0.02345496 -0.01793712 0.02727639 -0.01574802 0.02949732 0.001335859 0.02949732 0.001335859 0.02727639 -0.01574802 0.03101754 0.005469202 0.02949732 0.001335859 0.03101754 0.005469202 0.02173751 0.01998382 0.02173751 0.01998382 0.03101754 0.005469202 0.02024525 0.02412736 0.08104193 0.1475656 0.08060073 0.1475815 0.0831235 0.1474172 0.08104193 0.1475656 0.0831235 0.1474172 0.08312422 0.1474256 0.08312422 0.1474256 0.0831235 0.1474172 0.08400326 0.1473442 0.08400326 0.1473442 0.0831235 0.1474172 0.08563697 0.147145 0.08400326 0.1473442 0.08563697 0.147145 0.08563858 0.1471576 0.08563858 0.1471576 0.08563697 0.147145 0.0869497 0.1469743 -0.0831235 0.1474172 -0.08400326 0.1473442 -0.08563697 0.147145 -0.08563697 0.147145 -0.08400326 0.1473442 -0.08563858 0.1471576 -0.08563697 0.147145 -0.08563858 0.1471576 -0.0869497 0.1469743 -0.08060073 0.1475815 -0.08104193 0.1475656 -0.0831235 0.1474172 -0.0831235 0.1474172 -0.08104193 0.1475656 -0.08312422 0.1474256 -0.0831235 0.1474172 -0.08312422 0.1474256 -0.08400326 0.1473442 0 0.1744921 0 0.1433897 1.338583 0.1744921 1.338583 0.1744921 0 0.1433897 1.338583 0.1433897 1.338583 0.1433897 0 0.1433897 0 0.1122872 1.338583 0.1433897 0 0.1122872 1.338583 0.1122872 1.338583 0.1122872 0 0.1122872 0 0.0811848 1.338583 0.1122872 0 0.0811848 1.338583 0.0811848 1.338583 0.0811848 0 0.0811848 0 0.05008238 1.338583 0.0811848 0 0.05008238 1.338583 0.05008238 1.338583 0.1812934 1.338583 0.2106724 0 0.1812934 0 0.1812934 1.338583 0.2106724 0 0.2106724 0 -0.1603818 1.338583 -0.1603818 1.338583 -0.1310029 0 -0.1603818 1.338583 -0.1310029 0 -0.1310029 0 -0.1310029 1.338583 -0.1310029 1.338583 -0.1016239 0 -0.1310029 1.338583 -0.1016239 0 -0.1016239 0 -0.1016239 1.338583 -0.1016239 0 -0.1003 0 -0.1003 1.338583 -0.1016239 1.338583 -0.1003 0 -0.1003 1.338583 -0.1003 0 -0.09865397 0 -0.09865397 1.338583 -0.1003 1.338583 -0.09865397 0 -0.09865397 1.338583 -0.09865397 0 -0.09777122 0 -0.09777122 1.338583 -0.09865397 1.338583 -0.09777122 0 -0.09777122 1.338583 -0.09777122 0 -0.09568411 0 -0.09568411 1.338583 -0.09777122 1.338583 -0.09568411 0 -0.09568411 1.338583 -0.09568411 0 -0.09524261 0 -0.09524261 1.338583 -0.09568411 1.338583 -0.09524261 0 -0.09524261 1.338583 -0.09524261 0 -0.09271419 0 -0.09271419 1.338583 -0.09524261 1.338583 -0.09271419 0 -0.09271419 1.338583 -0.09271419 1.338583 -0.0785036 1.338583 -0.06429296 0 -0.06429296 1.338583 -0.0785036 1.338583 -0.0785036 0 -0.06429296 0 -0.0785036 1.338583 -0.0785036 0 -0.0785036 0 -0.09271419 1.338583 -0.06429296 1.338583 -0.05008238 0 -0.06429296 0 -0.06429296 1.338583 -0.05008238 0 -0.05008238 -1.338583 0.09276354 -1.338583 0.07853651 0 0.09276354 0 0.09276354 -1.338583 0.07853651 0 0.07853651 0 0.07853651 -1.338583 0.07853651 0 0.06430941 0 0.06430941 -1.338583 0.07853651 -1.338583 0.06430941 0 0.06430941 -1.338583 0.06430941 -1.338583 0.05008238 -1.338583 0.05008238 0 0.05008238 0 0.06430941 -1.338583 -0.05008238 -1.338583 -0.06430941 0 -0.05008238 0 -0.05008238 -1.338583 -0.06430941 0 -0.06430941 0 -0.06430941 -1.338583 -0.06430941 0 -0.07853651 0 -0.07853651 -1.338583 -0.06430941 -1.338583 -0.07853651 0 -0.07853651 -1.338583 -0.07853651 -1.338583 -0.09276354 -1.338583 -0.09276354 0 -0.09276354 0 -0.07853651 -1.338583 -0.1341111 0 -0.1341111 -1.338583 -0.1334443 -1.338583 -0.1334443 0 -0.1341111 0 -0.1334443 -1.338583 -0.1334443 0 -0.1334443 -1.338583 -0.1198841 -1.338583 -0.1198841 0 -0.1334443 0 -0.1198841 -1.338583 -0.1198841 0 -0.1198841 0 -0.1063238 0 -0.1341111 -1.338583 -0.1341111 0 -0.1347779 0 -0.1347779 -1.338583 -0.1341111 -1.338583 -0.1347779 0 -0.1347779 -1.338583 -0.1347779 0 -0.1354447 0 -0.1354447 -1.338583 -0.1347779 -1.338583 -0.1354447 0 -0.09276354 -1.338583 -0.09276354 0 -0.1063238 0 -0.1063238 -1.338583 -0.09276354 -1.338583 -0.1063238 0 -0.1063238 -1.338583 -0.1063238 -1.338583 -0.1198841 0.5236762 1.338583 0 1.338583 0.5236762 0 0.5236762 0 0 1.338583 0 0 0 1.338583 -0.5236762 1.338583 0 0 0 0 -0.5236762 1.338583 -0.5236762 0 -1.338583 0.1198841 0 0.1198841 -1.338583 0.1334443 -1.338583 0.1334443 0 0.1198841 0 0.1334443 -1.338583 0.1334443 0 0.1334443 -1.338583 0.1341111 -1.338583 0.1341111 0 0.1334443 0 0.1341111 -1.338583 0.1341111 0 0.1341111 -1.338583 0.1347779 -1.338583 0.1347779 0 0.1341111 0 0.1347779 -1.338583 0.1347779 0 0.1347779 -1.338583 0.1354447 -1.338583 0.1354447 0 0.1347779 0 0.1354447 -1.338583 0.1198841 -1.338583 0.1063238 0 0.1198841 0 0.1198841 -1.338583 0.1063238 0 0.1063238 0 0.1063238 -1.338583 0.1063238 0 0.09276354 0 0.09276354 -1.338583 0.1063238 -1.338583 0.09276354 0 -0.02748548 -1.338583 -0.04947388 0 -0.04947388 0 -0.04947388 -1.338583 -0.04947388 -1.338583 -0.07146227 0 -0.04947388 -1.338583 -0.07146227 0 -0.07146227 0 -0.07146227 -1.338583 -0.07146227 -1.338583 -0.09345066 0 -0.07146227 -1.338583 -0.09345066 0 -0.09345066 0 0.1044449 -1.338583 0.1044449 -1.338583 0.08245646 0 0.1044449 -1.338583 0.08245646 0 0.08245646 0 0.08245646 -1.338583 0.08245646 -1.338583 0.06046807 0 0.08245646 -1.338583 0.06046807 0 0.06046807 0 0.06046807 -1.338583 0.06046807 -1.338583 0.03847968 0 0.06046807 -1.338583 0.03847968 0 0.03847968 0 0.03847968 -1.338583 0.03847968 -1.338583 0.01649129 0 0.03847968 -1.338583 0.01649129 0 0.01649129 0 0.01649129 -1.338583 0.01649129 -1.338583 -0.005497097 0 0.01649129 -1.338583 -0.005497097 0 -0.005497097 0 -0.005497097 -1.338583 -0.005497097 -1.338583 -0.02748548 0 -0.005497097 -1.338583 -0.02748548 0 -0.02748548 0 -0.02748548 -1.338583 -0.02748548 -1.338583 -0.04947388 0 -0.02748548 -1.338583 -0.04947388 0 -0.04947388 0 -0.04947388 -1.338583 -0.04947388 -1.338583 -0.07146227 0 -0.04947388 -1.338583 -0.07146227 0 -0.07146227 0 -0.07146227 -1.338583 -0.07146227 -1.338583 -0.09345066 0 -0.07146227 -1.338583 -0.09345066 0 -0.09345066 0 0.1044449 -1.338583 0.1044449 -1.338583 0.08245646 0 0.1044449 -1.338583 0.08245646 0 0.08245646 0 0.08245646 -1.338583 0.08245646 -1.338583 0.06046807 0 0.08245646 -1.338583 0.06046807 0 0.06046807 0 0.06046807 -1.338583 0.06046807 -1.338583 0.03847968 0 0.06046807 -1.338583 0.03847968 0 0.03847968 0 0.03847968 -1.338583 0.03847968 -1.338583 0.01649129 0 0.03847968 -1.338583 0.01649129 0 0.01649129 0 0.01649129 -1.338583 0.01649129 -1.338583 -0.005497097 0 0.01649129 -1.338583 -0.005497097 0 -0.005497097 0 -0.005497097 -1.338583 -0.005497097 -1.338583 -0.02748548 0 -0.005497097 -1.338583 -0.02748548 0 -0.02748548 0 -0.02748548 -1.338583 -0.02748548 -1.338583 -0.04947388 -0.5627374 0.132874 -0.5450875 0.1050553 -0.551042 0.1248335 -0.551042 0.1248335 -0.5450875 0.1050553 -0.537766 0.1198157 -0.537766 0.1198157 -0.5450875 0.1050553 -0.5236762 0.1181102 -0.5236762 0.1181102 -0.5450875 0.1050553 0.02113693 0.1044378 -0.5236762 0.1181102 0.02113693 0.1044378 0 0.1181102 0 0.1181102 0.02113693 0.1044378 0.01344138 0.1196603 0.01344138 0.1196603 0.02113693 0.1044378 0.02617716 0.124229 0.02617716 0.124229 0.02113693 0.1044378 0.03753882 0.1315765 -0.5450875 0.1050553 -0.5450875 0.07210999 0.02113693 0.1044378 0.02113693 0.1044378 -0.5450875 0.07210999 0.02113693 0.07272756 0.02113693 0.07272756 -0.5450875 0.07210999 -0.5236762 0.05905508 0.02113693 0.07272756 -0.5236762 0.05905508 0 0.05905508 -0.5627374 0.04429131 -0.551042 0.05233174 -0.5450875 0.07210999 -0.5450875 0.07210999 -0.551042 0.05233174 -0.537766 0.05734962 -0.5450875 0.07210999 -0.537766 0.05734962 -0.5236762 0.05905508 0 0.05905508 0.01344138 0.05750507 0.02113693 0.07272756 0.02113693 0.07272756 0.01344138 0.05750507 0.02617716 0.05293637 0.02113693 0.07272756 0.02617716 0.05293637 0.03753882 0.04558879 0.5627374 0.04429131 0.5450875 0.07210999 0.551042 0.05233174 0.551042 0.05233174 0.5450875 0.07210999 0.537766 0.05734962 0.537766 0.05734962 0.5450875 0.07210999 0.5236762 0.05905508 0.5236762 0.05905508 0.5450875 0.07210999 -0.02113693 0.07272756 0.5236762 0.05905508 -0.02113693 0.07272756 0 0.05905508 0 0.05905508 -0.02113693 0.07272756 -0.01344138 0.05750507 -0.01344138 0.05750507 -0.02113693 0.07272756 -0.02617716 0.05293637 -0.02617716 0.05293637 -0.02113693 0.07272756 -0.03753882 0.04558879 -0.02113693 0.07272756 0.5450875 0.07210999 -0.02113693 0.1044378 -0.02113693 0.1044378 0.5450875 0.07210999 0.5450875 0.1050553 -0.02113693 0.1044378 0.5450875 0.1050553 0.5236762 0.1181102 0.5236762 0.1181102 0.5450875 0.1050553 0.537766 0.1198157 0.537766 0.1198157 0.5450875 0.1050553 0.551042 0.1248335 0.551042 0.1248335 0.5450875 0.1050553 0.5627374 0.132874 0.5236762 0.1181102 0 0.1181102 -0.02113693 0.1044378 -0.02113693 0.1044378 0 0.1181102 -0.01344138 0.1196603 -0.02113693 0.1044378 -0.01344138 0.1196603 -0.02617716 0.124229 -0.02617716 0.124229 -0.03753882 0.1315765 -0.02113693 0.1044378 2.308599 -1.535433 2.367654 -1.535433 2.308599 -0.1968504 2.308599 -0.1968504 2.367654 -1.535433 2.367654 -0.1968504 2.367654 -0.1968504 2.367654 -1.535433 3.245339 -1.732283 2.367654 -0.1968504 3.245339 -1.732283 3.245339 0 2.367654 -1.535433 2.367654 -1.732283 3.245339 -1.732283 3.245339 0 2.367654 0 2.367654 -0.1968504 2.523014 -0.1968504 2.468624 -0.1968504 2.523014 -1.535433 2.523014 -1.535433 2.468624 -0.1968504 2.468624 -1.535433 2.468624 -1.535433 2.468624 -0.1968504 1.720592 -0.1968504 2.468624 -1.535433 1.720592 -0.1968504 1.720592 -1.535433 1.720592 -1.535433 1.720592 -0.1968504 1.602482 -0.1968504 1.720592 -1.535433 1.602482 -0.1968504 1.602482 -1.535433 1.602482 -1.535433 1.602482 -0.1968504 0.7247976 -1.732283 1.602482 -1.535433 0.7247976 -1.732283 1.602482 -1.732283 2.468624 0 1.720592 0 2.468624 -0.1968504 2.468624 -0.1968504 1.720592 0 1.720592 -0.1968504 1.602482 0 0.7247976 0 1.602482 -0.1968504 1.602482 -0.1968504 0.7247976 0 0.7247976 -1.732283 1.720592 -1.732283 2.468624 -1.732283 1.720592 -1.535433 1.720592 -1.535433 2.468624 -1.732283 2.468624 -1.535433 -0.05856233 -0.007613062 -0.05452299 0.02268803 -0.0661754 0.05094921 -0.0661754 0.05094921 -0.05452299 0.02268803 -0.0358743 0.04690986 -0.0661754 0.05094921 -0.0358743 0.04690986 -0.007613062 0.05856233 -0.01998382 0.02173751 -0.02959656 0.01077228 -0.02928113 0.003806531 -0.02928113 0.003806531 -0.02959656 0.01077228 -0.02959656 -0.01077228 -0.02928113 0.003806531 -0.02959656 -0.01077228 -0.02487748 -0.01590555 -0.02487748 -0.01590555 -0.02959656 -0.01077228 -0.01574802 -0.02727639 -0.02487748 -0.01590555 -0.01574802 -0.02727639 -0.008833289 -0.02817529 -0.008833289 -0.02817529 -0.01574802 -0.02727639 0.005469202 -0.03101754 -0.008833289 -0.02817529 0.005469202 -0.03101754 0.01134401 -0.02726149 0.01134401 -0.02726149 0.005469202 -0.03101754 0.02412736 -0.02024525 0.01134401 -0.02726149 0.02412736 -0.02024525 0.02621334 -0.0135917 0.02621334 -0.0135917 0.02412736 -0.02024525 0.03149604 0 0.02621334 -0.0135917 0.03149604 0 0.02881717 0.006437718 0.02881717 0.006437718 0.03149604 0 0.02412736 0.02024525 0.02881717 0.006437718 0.02412736 0.02024525 0.01793712 0.02345496 0.01793712 0.02345496 0.02412736 0.02024525 0.005469202 0.03101754 0.01793712 0.02345496 0.005469202 0.03101754 -0.001335859 0.02949732 -0.001335859 0.02949732 0.005469202 0.03101754 -0.01574802 0.02727639 -0.001335859 0.02949732 -0.01574802 0.02727639 -0.01998382 0.02173751 -0.01998382 0.02173751 -0.01574802 0.02727639 -0.02959656 0.01077228 -0.05856233 0.007613062 -0.04690986 0.0358743 -0.05094921 0.0661754 -0.05094921 0.0661754 -0.04690986 0.0358743 -0.02268803 0.05452299 -0.05094921 0.0661754 -0.02268803 0.05452299 0.007613062 0.05856233 0.02487748 -0.01590555 0.02959656 -0.01077228 0.02928113 0.003806531 0.02928113 0.003806531 0.02959656 -0.01077228 0.02959656 0.01077228 0.02928113 0.003806531 0.02959656 0.01077228 0.01998382 0.02173751 0.01998382 0.02173751 0.02959656 0.01077228 0.01574802 0.02727639 0.01998382 0.02173751 0.01574802 0.02727639 0.001335859 0.02949732 0.001335859 0.02949732 0.01574802 0.02727639 -0.005469202 0.03101754 0.001335859 0.02949732 -0.005469202 0.03101754 -0.01793712 0.02345496 -0.01793712 0.02345496 -0.005469202 0.03101754 -0.02412736 0.02024525 -0.01793712 0.02345496 -0.02412736 0.02024525 -0.02881717 0.006437718 -0.02881717 0.006437718 -0.02412736 0.02024525 -0.03149604 0 -0.02881717 0.006437718 -0.03149604 0 -0.02621334 -0.0135917 -0.02621334 -0.0135917 -0.03149604 0 -0.02412736 -0.02024525 -0.02621334 -0.0135917 -0.02412736 -0.02024525 -0.01134401 -0.02726149 -0.01134401 -0.02726149 -0.02412736 -0.02024525 -0.005469202 -0.03101754 -0.01134401 -0.02726149 -0.005469202 -0.03101754 0.008833289 -0.02817529 0.008833289 -0.02817529 -0.005469202 -0.03101754 0.01574802 -0.02727639 0.008833289 -0.02817529 0.01574802 -0.02727639 0.02487748 -0.01590555 0.02487748 -0.01590555 0.01574802 -0.02727639 0.02959656 -0.01077228 0.05839163 -0.008925795 0.04710131 -0.0357213 0.05094921 -0.0661754 0.05094921 -0.0661754 0.04710131 -0.0357213 0.0243923 -0.05388087 0.05094921 -0.0661754 0.0243923 -0.05388087 -0.004230022 -0.0590021 -0.0438531 0.03946512 -0.04434031 0.03900563 -0.04429131 0.03896254 -0.04429131 0.03896254 -0.04434031 0.03900563 -0.05044871 0.03069901 -0.04429131 0.03896254 -0.05044871 0.03069901 -0.05571436 0.0195809 -0.0438531 0.03946512 -0.04342061 0.0399726 -0.04434031 0.03900563 -0.04434031 0.03900563 -0.04342061 0.0399726 -0.04299384 0.04048496 -0.04429131 0.03896254 -0.05571436 0.0195809 -0.05792361 0.01140594 -0.05792361 0.01140594 -0.05571436 0.0195809 -0.05794239 0.01140964 -0.05792361 0.01140594 -0.05794239 0.01140964 -0.05856233 0.007613062 -0.05792361 0.01140594 -0.05856233 0.007613062 -0.05585712 -0.01926863 -0.05585712 -0.01926863 -0.05856233 0.007613062 -0.0661754 -0.05094921 -0.05585712 -0.01926863 -0.0661754 -0.05094921 -0.03865182 -0.04474776 -0.03865182 -0.04474776 -0.0661754 -0.05094921 -0.01097089 -0.05812579 -0.02487748 0.01590555 -0.02959656 0.01067358 -0.02928113 -0.003806531 -0.02928113 -0.003806531 -0.02959656 0.01067358 -0.02959656 -0.01087099 -0.02928113 -0.003806531 -0.02959656 -0.01087099 -0.01998382 -0.02173751 -0.01998382 -0.02173751 -0.02959656 -0.01087099 -0.01574802 -0.0273751 -0.01998382 -0.02173751 -0.01574802 -0.0273751 -0.001335859 -0.02949732 -0.001335859 -0.02949732 -0.01574802 -0.0273751 0.005469202 -0.03111624 -0.001335859 -0.02949732 0.005469202 -0.03111624 0.01793712 -0.02345496 0.01793712 -0.02345496 0.005469202 -0.03111624 0.02412736 -0.02034395 0.01793712 -0.02345496 0.02412736 -0.02034395 0.02881717 -0.006437718 0.02881717 -0.006437718 0.02412736 -0.02034395 0.03149604 -9.87112e-5 0.02881717 -0.006437718 0.03149604 -9.87112e-5 0.02621334 0.0135917 0.02621334 0.0135917 0.03149604 -9.87112e-5 0.02412736 0.02014654 0.02621334 0.0135917 0.02412736 0.02014654 0.01134401 0.02726149 0.01134401 0.02726149 0.02412736 0.02014654 0.005469202 0.03091883 0.01134401 0.02726149 0.005469202 0.03091883 -0.008833289 0.02817529 -0.008833289 0.02817529 0.005469202 0.03091883 -0.01574802 0.02717763 -0.008833289 0.02817529 -0.01574802 0.02717763 -0.02487748 0.01590555 -0.02487748 0.01590555 -0.01574802 0.02717763 -0.02959656 0.01067358 0.04299384 0.04048496 0.04342061 0.0399726 0.04434031 0.03900563 0.04434031 0.03900563 0.04342061 0.0399726 0.0438531 0.03946512 0.04434031 0.03900563 0.0438531 0.03946512 0.04429131 0.03896254 0.05792361 0.01140594 0.05571436 0.0195809 0.04429131 0.03896254 0.04429131 0.03896254 0.05571436 0.0195809 0.05044871 0.03069901 0.04429131 0.03896254 0.05044871 0.03069901 0.04434031 0.03900563 0.05585712 -0.01926863 0.05856233 0.007613062 0.05792361 0.01140594 0.05792361 0.01140594 0.05856233 0.007613062 0.05794239 0.01140964 0.05792361 0.01140594 0.05794239 0.01140964 0.05571436 0.0195809 0.05856233 0.007613062 0.05585712 -0.01926863 0.0661754 -0.05094921 0.0661754 -0.05094921 0.05585712 -0.01926863 0.03865182 -0.04474776 0.0661754 -0.05094921 0.03865182 -0.04474776 0.01097089 -0.05812579 0.004230022 -0.0590021 -0.0243923 -0.05388087 -0.05094921 -0.0661754 -0.05094921 -0.0661754 -0.0243923 -0.05388087 -0.04710131 -0.0357213 -0.05094921 -0.0661754 -0.04710131 -0.0357213 -0.05839163 -0.008925795 -0.05905508 -4.93556e-5 -0.05734175 0.01402306 -0.05736464 0.0140286 -0.05736464 0.0140286 -0.05734175 0.01402306 -0.05720126 0.01468068 -0.05720126 0.01468068 -0.05734175 0.01402306 -0.05232411 0.0272817 -0.05720126 0.01468068 -0.05232411 0.0272817 -0.05236464 0.02730286 -0.05236464 0.02730286 -0.05232411 0.0272817 -0.0517323 0.02848285 -0.0517323 0.02848285 -0.05232411 0.0272817 -0.04429131 0.03896254 -0.0517323 0.02848285 -0.04429131 0.03896254 -0.04434031 0.03900563 -0.04434031 0.03900563 -0.04429131 0.03896254 -0.0438531 0.03946512 -0.04434031 0.03900563 -0.0438531 0.03946512 -0.04342061 0.0399726 -0.04342061 0.0399726 -0.04299384 0.04048496 -0.04434031 0.03900563 -0.8180385 -0.609127 -0.789112 -0.5997282 -0.8469648 -0.5997282 -0.8469648 -0.5997282 -0.789112 -0.5997282 -0.8648424 -0.5751219 -0.8648424 -0.5751219 -0.789112 -0.5997282 -0.7712344 -0.5751219 -0.8648424 -0.5751219 -0.7712344 -0.5751219 -0.8648424 -0.5447069 -0.8648424 -0.5447069 -0.7712344 -0.5751219 -0.7712344 -0.5447069 -0.8648424 -0.5447069 -0.7712344 -0.5447069 -0.8469648 -0.5201005 -0.8469648 -0.5201005 -0.7712344 -0.5447069 -0.789112 -0.5201005 -0.8469648 -0.5201005 -0.789112 -0.5201005 -0.8180385 -0.5107018 -0.2345101 -0.5997282 -0.2055836 -0.609127 -0.2055836 -0.5107018 -0.2055836 -0.5107018 -0.2055836 -0.609127 -0.1766572 -0.5997282 -0.2055836 -0.5107018 -0.1766572 -0.5997282 -0.1766572 -0.5201005 -0.1766572 -0.5201005 -0.1766572 -0.5997282 -0.1587797 -0.5751219 -0.1766572 -0.5201005 -0.1587797 -0.5751219 -0.1587797 -0.5447069 -0.2055836 -0.5107018 -0.2345101 -0.5201005 -0.2345101 -0.5997282 -0.2345101 -0.5997282 -0.2345101 -0.5201005 -0.2523877 -0.5751219 -0.2523877 -0.5751219 -0.2345101 -0.5201005 -0.2523877 -0.5447069 -0.2345101 -1.212183 -0.2055836 -1.221582 -0.2055836 -1.123157 -0.2055836 -1.123157 -0.2055836 -1.221582 -0.1766572 -1.212183 -0.2055836 -1.123157 -0.1766572 -1.212183 -0.1766572 -1.132555 -0.1766572 -1.132555 -0.1766572 -1.212183 -0.1587797 -1.187577 -0.1766572 -1.132555 -0.1587797 -1.187577 -0.1587797 -1.157162 -0.2055836 -1.123157 -0.2345101 -1.132555 -0.2345101 -1.212183 -0.2345101 -1.212183 -0.2345101 -1.132555 -0.2523877 -1.187577 -0.2523877 -1.187577 -0.2345101 -1.132555 -0.2523877 -1.157162 -0.8469648 -1.212183 -0.8180385 -1.221582 -0.8180385 -1.123157 -0.8180385 -1.123157 -0.8180385 -1.221582 -0.789112 -1.212183 -0.8180385 -1.123157 -0.789112 -1.212183 -0.789112 -1.132555 -0.789112 -1.132555 -0.789112 -1.212183 -0.7712344 -1.187577 -0.789112 -1.132555 -0.7712344 -1.187577 -0.7712344 -1.157162 -0.8180385 -1.123157 -0.8469648 -1.132555 -0.8469648 -1.212183 -0.8469648 -1.212183 -0.8469648 -1.132555 -0.8648424 -1.187577 -0.8648424 -1.187577 -0.8469648 -1.132555 -0.8648424 -1.157162 -0.6102362 -1.318898 -0.4133859 -1.496063 -0.4133859 -1.318898 -0.4133859 -1.318898 -0.4133859 -1.496063 -0.3838583 -1.488151 -0.4133859 -1.318898 -0.3838583 -1.488151 -0.3838583 -1.32681 -0.3838583 -1.32681 -0.3838583 -1.488151 -0.3622426 -1.466535 -0.3838583 -1.32681 -0.3622426 -1.466535 -0.3543307 -1.437008 -0.6397638 -1.32681 -0.6397638 -1.488151 -0.6102362 -1.318898 -0.6102362 -1.318898 -0.6397638 -1.488151 -0.6102362 -1.496063 -0.6102362 -1.318898 -0.6102362 -1.496063 -0.4133859 -1.496063 -0.6613795 -1.348425 -0.6692914 -1.377953 -0.6397638 -1.32681 -0.6397638 -1.32681 -0.6692914 -1.377953 -0.6692914 -1.437008 -0.6397638 -1.32681 -0.6692914 -1.437008 -0.6613795 -1.466535 -0.6613795 -1.466535 -0.6397638 -1.488151 -0.6397638 -1.32681 -0.3543307 -1.437008 -0.3543307 -1.377953 -0.3838583 -1.32681 -0.3838583 -1.32681 -0.3543307 -1.377953 -0.3622426 -1.348425 -0.3543307 -0.2952756 -0.6692914 -0.2952756 -0.3543307 -0.3543307 -0.3543307 -0.3543307 -0.6692914 -0.2952756 -0.6692914 -0.3543307 -0.3543307 -0.3543307 -0.6692914 -0.3543307 -0.4133859 -0.4133859 -0.4133859 -0.4133859 -0.6692914 -0.3543307 -0.6102362 -0.4133859 -0.6102362 -0.4133859 -0.6692914 -0.3543307 -0.6613795 -0.3838583 -0.6102362 -0.4133859 -0.6613795 -0.3838583 -0.6397638 -0.4054739 -0.3622426 -0.265748 -0.4133859 -0.2362204 -0.3543307 -0.2952756 -0.3543307 -0.2952756 -0.4133859 -0.2362204 -0.6102362 -0.2362204 -0.3543307 -0.2952756 -0.6102362 -0.2362204 -0.6692914 -0.2952756 -0.6692914 -0.2952756 -0.6102362 -0.2362204 -0.6613795 -0.265748 -0.6613795 -0.265748 -0.6102362 -0.2362204 -0.6397638 -0.2441323 -0.3622426 -0.265748 -0.3838583 -0.2441323 -0.4133859 -0.2362204 -0.3838583 -0.4054739 -0.3622426 -0.3838583 -0.4133859 -0.4133859 -0.4133859 -0.4133859 -0.3622426 -0.3838583 -0.3543307 -0.3543307 -0.8556981 -1.594932 -0.8267717 -1.604331 -0.8267717 -1.505905 -0.8267717 -1.505905 -0.8267717 -1.604331 -0.7978453 -1.594932 -0.8267717 -1.505905 -0.7978453 -1.594932 -0.7978453 -1.515304 -0.7978453 -1.515304 -0.7978453 -1.594932 -0.7799677 -1.570326 -0.7978453 -1.515304 -0.7799677 -1.570326 -0.7799677 -1.539911 -0.8267717 -1.505905 -0.8556981 -1.515304 -0.8556981 -1.594932 -0.8556981 -1.594932 -0.8556981 -1.515304 -0.8735756 -1.570326 -0.8735756 -1.570326 -0.8556981 -1.515304 -0.8735756 -1.539911 -0.2257768 -1.594932 -0.1968504 -1.604331 -0.1968504 -1.505905 -0.1968504 -1.505905 -0.1968504 -1.604331 -0.1679239 -1.594932 -0.1968504 -1.505905 -0.1679239 -1.594932 -0.1679239 -1.515304 -0.1679239 -1.515304 -0.1679239 -1.594932 -0.1500464 -1.570326 -0.1679239 -1.515304 -0.1500464 -1.570326 -0.1500464 -1.539911 -0.1968504 -1.505905 -0.2257768 -1.515304 -0.2257768 -1.594932 -0.2257768 -1.594932 -0.2257768 -1.515304 -0.2436544 -1.570326 -0.2436544 -1.570326 -0.2257768 -1.515304 -0.2436544 -1.539911 -0.8267717 -0.2263779 -0.7978453 -0.2169792 -0.8556981 -0.2169792 -0.8556981 -0.2169792 -0.7978453 -0.2169792 -0.8735756 -0.1923729 -0.8735756 -0.1923729 -0.7978453 -0.2169792 -0.7799677 -0.1923729 -0.8735756 -0.1923729 -0.7799677 -0.1923729 -0.8735756 -0.1619578 -0.8735756 -0.1619578 -0.7799677 -0.1923729 -0.7799677 -0.1619578 -0.8735756 -0.1619578 -0.7799677 -0.1619578 -0.8556981 -0.1373515 -0.8556981 -0.1373515 -0.7799677 -0.1619578 -0.7978453 -0.1373515 -0.8556981 -0.1373515 -0.7978453 -0.1373515 -0.8267717 -0.1279528 -0.1968504 -0.2263779 -0.1679239 -0.2169792 -0.2257768 -0.2169792 -0.2257768 -0.2169792 -0.1679239 -0.2169792 -0.2436544 -0.1923729 -0.2436544 -0.1923729 -0.1679239 -0.2169792 -0.1500464 -0.1923729 -0.2436544 -0.1923729 -0.1500464 -0.1923729 -0.2436544 -0.1619578 -0.2436544 -0.1619578 -0.1500464 -0.1923729 -0.1500464 -0.1619578 -0.2436544 -0.1619578 -0.1500464 -0.1619578 -0.2257768 -0.1373515 -0.2257768 -0.1373515 -0.1500464 -0.1619578 -0.1679239 -0.1373515 -0.2257768 -0.1373515 -0.1679239 -0.1373515 -0.1968504 -0.1279528 -0.1476378 -1.003937 -0.1570366 -0.9750106 -0.1570366 -1.032863 -0.1570366 -1.032863 -0.1570366 -0.9750106 -0.1816428 -0.9571331 -0.1570366 -1.032863 -0.1816428 -0.9571331 -0.1816428 -1.050741 -0.1816428 -1.050741 -0.1816428 -0.9571331 -0.2120579 -0.9571331 -0.1816428 -1.050741 -0.2120579 -0.9571331 -0.2120579 -1.050741 -0.2120579 -1.050741 -0.2120579 -0.9571331 -0.2366642 -1.032863 -0.2366642 -1.032863 -0.2120579 -0.9571331 -0.2366642 -0.9750106 -0.2366642 -1.032863 -0.2366642 -0.9750106 -0.2460629 -1.003937 -0.4029422 -0.5113673 -0.4029422 -0.590995 -0.3740158 -0.5019685 -0.3740158 -0.5019685 -0.4029422 -0.590995 -0.3740158 -0.6003937 -0.3740158 -0.5019685 -0.3740158 -0.6003937 -0.3450893 -0.590995 -0.4208197 -0.5359736 -0.4208197 -0.5663886 -0.4029422 -0.5113673 -0.4029422 -0.5113673 -0.4208197 -0.5663886 -0.4029422 -0.590995 -0.3740158 -0.5019685 -0.3450893 -0.590995 -0.3450893 -0.5113673 -0.3450893 -0.5113673 -0.3450893 -0.590995 -0.3272118 -0.5663886 -0.3450893 -0.5113673 -0.3272118 -0.5663886 -0.3272118 -0.5359736 -0.8665854 -0.7572729 -0.7869579 -0.7572729 -0.8759843 -0.7283465 -0.8759843 -0.7283465 -0.7869579 -0.7572729 -0.7775591 -0.7283465 -0.8759843 -0.7283465 -0.7775591 -0.7283465 -0.8665854 -0.69942 -0.8665854 -0.69942 -0.7775591 -0.7283465 -0.7869579 -0.69942 -0.8665854 -0.69942 -0.7869579 -0.69942 -0.8419792 -0.6815426 -0.8419792 -0.6815426 -0.7869579 -0.69942 -0.8115642 -0.6815426 -0.8419792 -0.7751504 -0.8115642 -0.7751504 -0.8665854 -0.7572729 -0.8665854 -0.7572729 -0.8115642 -0.7751504 -0.7869579 -0.7572729 -0.6785328 -1.220916 -0.6496063 -1.230315 -0.6496063 -1.13189 -0.6496063 -1.13189 -0.6496063 -1.230315 -0.6206799 -1.220916 -0.6496063 -1.13189 -0.6206799 -1.220916 -0.6206799 -1.141289 -0.6206799 -1.141289 -0.6206799 -1.220916 -0.6028023 -1.19631 -0.6206799 -1.141289 -0.6028023 -1.19631 -0.6028023 -1.165895 -0.6496063 -1.13189 -0.6785328 -1.141289 -0.6785328 -1.220916 -0.6785328 -1.220916 -0.6785328 -1.141289 -0.6964102 -1.19631 -0.6964102 -1.19631 -0.6785328 -1.141289 -0.6964102 -1.165895 -0.7345218 -0.682801 -0.7092152 -0.6735902 -0.7598285 -0.6735902 -0.7598285 -0.6735902 -0.7092152 -0.6735902 -0.7732938 -0.6502675 -0.7732938 -0.6502675 -0.7092152 -0.6735902 -0.6957499 -0.6502675 -0.7732938 -0.6502675 -0.6957499 -0.6502675 -0.7686173 -0.6237459 -0.7686173 -0.6237459 -0.6957499 -0.6502675 -0.7004263 -0.6237459 -0.7686173 -0.6237459 -0.7004263 -0.6237459 -0.7479872 -0.6064352 -0.7479872 -0.6064352 -0.7004263 -0.6237459 -0.7210565 -0.6064352 -0.4865044 -0.5813403 -0.4983457 -0.5141853 -0.5118111 -0.5905512 -0.5118111 -0.5905512 -0.4983457 -0.5141853 -0.5252764 -0.5141853 -0.5118111 -0.5905512 -0.5252764 -0.5141853 -0.5371177 -0.5813403 -0.5371177 -0.5813403 -0.5252764 -0.5141853 -0.5459065 -0.5314961 -0.5371177 -0.5813403 -0.5459065 -0.5314961 -0.550583 -0.5580177 -0.473039 -0.5580177 -0.4777156 -0.5314961 -0.4865044 -0.5813403 -0.4865044 -0.5813403 -0.4777156 -0.5314961 -0.4983457 -0.5141853 -0.2637936 -0.6735902 -0.2756349 -0.6064352 -0.2891002 -0.682801 -0.2891002 -0.682801 -0.2756349 -0.6064352 -0.3025656 -0.6064352 -0.2891002 -0.682801 -0.3025656 -0.6064352 -0.3144068 -0.6735902 -0.3144068 -0.6735902 -0.3025656 -0.6064352 -0.3231957 -0.6237459 -0.3144068 -0.6735902 -0.3231957 -0.6237459 -0.3278722 -0.6502675 -0.2503283 -0.6502675 -0.2550047 -0.6237459 -0.2637936 -0.6735902 -0.2637936 -0.6735902 -0.2550047 -0.6237459 -0.2756349 -0.6064352 -0.1715438 -0.896301 -0.183385 -0.829146 -0.1968504 -0.9055118 -0.1968504 -0.9055118 -0.183385 -0.829146 -0.2103157 -0.829146 -0.1968504 -0.9055118 -0.2103157 -0.829146 -0.222157 -0.896301 -0.222157 -0.896301 -0.2103157 -0.829146 -0.2309459 -0.8464567 -0.222157 -0.896301 -0.2309459 -0.8464567 -0.2356224 -0.8729783 -0.1580784 -0.8729783 -0.1627549 -0.8464567 -0.1715438 -0.896301 -0.1715438 -0.896301 -0.1627549 -0.8464567 -0.183385 -0.829146 -0.2637936 -1.119012 -0.2756349 -1.051857 -0.2891002 -1.128223 -0.2891002 -1.128223 -0.2756349 -1.051857 -0.3025656 -1.051857 -0.2891002 -1.128223 -0.3025656 -1.051857 -0.3144068 -1.119012 -0.3144068 -1.119012 -0.3025656 -1.051857 -0.3231957 -1.069168 -0.3144068 -1.119012 -0.3231957 -1.069168 -0.3278722 -1.095689 -0.2503283 -1.095689 -0.2550047 -1.069168 -0.2637936 -1.119012 -0.2637936 -1.119012 -0.2550047 -1.069168 -0.2756349 -1.051857 -0.4865044 -1.211262 -0.4983457 -1.144106 -0.5118111 -1.220472 -0.5118111 -1.220472 -0.4983457 -1.144106 -0.5252764 -1.144106 -0.5118111 -1.220472 -0.5252764 -1.144106 -0.5371177 -1.211262 -0.5371177 -1.211262 -0.5252764 -1.144106 -0.5459065 -1.161417 -0.5371177 -1.211262 -0.5459065 -1.161417 -0.550583 -1.187939 -0.473039 -1.187939 -0.4777156 -1.161417 -0.4865044 -1.211262 -0.4865044 -1.211262 -0.4777156 -1.161417 -0.4983457 -1.144106 -0.7092152 -1.119012 -0.7210565 -1.051857 -0.7345218 -1.128223 -0.7345218 -1.128223 -0.7210565 -1.051857 -0.7479872 -1.051857 -0.7345218 -1.128223 -0.7479872 -1.051857 -0.7598285 -1.119012 -0.7598285 -1.119012 -0.7479872 -1.051857 -0.7686173 -1.069168 -0.7598285 -1.119012 -0.7686173 -1.069168 -0.7732938 -1.095689 -0.6957499 -1.095689 -0.7004263 -1.069168 -0.7092152 -1.119012 -0.7092152 -1.119012 -0.7004263 -1.069168 -0.7210565 -1.051857 -0.8014651 -0.896301 -0.8133063 -0.829146 -0.8267717 -0.9055118 -0.8267717 -0.9055118 -0.8133063 -0.829146 -0.840237 -0.829146 -0.8267717 -0.9055118 -0.840237 -0.829146 -0.8520783 -0.896301 -0.8520783 -0.896301 -0.840237 -0.829146 -0.8608672 -0.8464567 -0.8520783 -0.896301 -0.8608672 -0.8464567 -0.8655437 -0.8729783 -0.7879997 -0.8729783 -0.7926762 -0.8464567 -0.8014651 -0.896301 -0.8014651 -0.896301 -0.7926762 -0.8464567 -0.8133063 -0.829146 -0.08963894 -1.673228 -0.9339831 -1.673228 -0.08963894 -1.732283 -0.08963894 -1.732283 -0.9339831 -1.673228 -0.9339831 -1.732283 0 0.1972084 0.01968502 0.2253811 0 0.2535538 0 0.2535538 0.01968502 0.2253811 0.01968502 0.2817264 0 0.2535538 0.01968502 0.2817264 0 0.309899 0 0.309899 0.01968502 0.2817264 0.01968502 0.3380717 0 0.309899 0.01968502 0.3380717 0 0.3662443 0 0.3662443 0.01968502 0.3380717 0.01968502 0.3944169 0 0.3662443 0.01968502 0.3944169 0 0.4225896 0 0.4225896 0.01968502 0.3944169 0.01968502 0.4507622 0 0.4225896 0.01968502 0.4507622 0 0.4789348 0 0.4789348 0.01968502 0.4507622 0.01968502 0.5071075 0 0.4789348 0.01968502 0.5071075 0 0.5352801 0 -0.4789348 0.01968502 -0.5071075 0.01968502 -0.4507622 0 -0.4789348 0.01968502 -0.4507622 0 -0.4225896 0 -0.4225896 0.01968502 -0.4507622 0.01968502 -0.3944169 0 -0.4225896 0.01968502 -0.3944169 0 -0.3662443 0 -0.3662443 0.01968502 -0.3944169 0.01968502 -0.3380717 0 -0.3662443 0.01968502 -0.3380717 0 -0.309899 0 -0.309899 0.01968502 -0.3380717 0.01968502 -0.2817264 0 -0.309899 0.01968502 -0.2817264 0 -0.2535538 0 -0.2535538 0.01968502 -0.2817264 0.01968502 -0.2253811 0 -0.2535538 0.01968502 -0.2253811 0 -0.1972084 0 -0.1972084 0.01968502 -0.2253811 0.01968502 -0.1690358 0 -0.1972084 0.01968502 -0.1690358 0 -0.1408632 0 -0.1408632 0.01968502 -0.1690358 0.01968502 -0.1126905 0 -0.1408632 0.01968502 -0.1126905 0 -0.08451789 0 -0.08451789 0.01968502 -0.1126905 0.01968502 -0.05634522 0 -0.08451789 0.01968502 -0.05634522 0 -0.02817261 0 -0.02817261 0.01968502 -0.05634522 0.01968502 0 0 -0.02817261 0.01968502 0 0 0.02817261 0 0.02817261 0.01968502 0 0.01968502 0.05634522 0 0.02817261 0.01968502 0.05634522 0 0.08451789 0 0.08451789 0.01968502 0.05634522 0.01968502 0.1126905 0 0.08451789 0.01968502 0.1126905 0 0.1408632 0 0.1408632 0.01968502 0.1126905 0.01968502 0.1690358 0 0.1408632 0.01968502 0.1690358 0 0.1972084 0 0.1972084 0.01968502 0.1690358 0.01968502 0.2253811 0 0 0 -0.03346592 0.05905508 0 0.05905508 0 0 -0.03346592 1.732283 -0.03346592 0.05905508 0 1.732283 -0.03346592 1.673228 0 1.673228 0 1.732283 -0.03346592 1.732283 0 0 -0.03346592 0 -0.0669319 1.732283 -0.03346592 1.732283 -0.03346592 0 -0.0669319 1.732283 -0.0669319 1.732283 -0.0669319 0 -0.0669319 0 -0.1003979 1.732283 -0.0669319 0 -0.1003979 1.732283 -0.1003979 1.732283 -0.1003979 0 -0.1003979 0 -0.1338639 1.732283 -0.1003979 0 -0.1338639 1.732283 -0.1338639 1.732283 0.1236847 0 0.1236847 1.732283 0.1013741 1.732283 0.1013741 0 0.1236847 0 0.1013741 1.732283 0.1013741 0 0.1013741 0 0.07906341 1.732283 0.1013741 0 0.07906341 1.732283 0.07906341 1.732283 0.07906341 0 0.07906341 0 0.0567528 1.732283 0.07906341 0 0.0567528 1.732283 0.0567528 0.5763155 -0.1968504 0.5172604 -0.1968504 0.5763155 -1.535433 0.5763155 -1.535433 0.5172604 -0.1968504 0.5172604 -1.535433 0.5172604 -1.535433 0.5172604 -0.1968504 0.08963894 -1.732283 0.5172604 -1.535433 0.08963894 -1.732283 0.5172604 -1.732283 0.5172604 0 0.08963894 0 0.5172604 -0.1968504 0.5172604 -0.1968504 0.08963894 0 0.08963894 -1.732283 3.397232 -1.535433 3.452876 -1.535433 3.397232 -0.1968504 3.397232 -0.1968504 3.452876 -1.535433 3.452876 -0.1968504 3.452876 -0.1968504 3.452876 -1.535433 3.880497 -1.732283 3.452876 -0.1968504 3.880497 -1.732283 3.880497 0 3.452876 -1.535433 3.452876 -1.732283 3.880497 -1.732283 3.880497 0 3.452876 0 3.452876 -0.1968504 0.08889096 1.012066 1.483908 0.7910127 3.336368 0.5898942 3.336368 0.5898942 1.483908 0.7910127 2.225697 0.69458 3.336368 0.5898942 2.225697 0.69458 2.342822 0.6793538 2.342822 0.6793538 2.225697 0.69458 2.277982 0.657902 2.342822 0.6793538 2.277982 0.657902 2.296631 0.6501422 0.05579125 1.009305 0.08381557 0.9730247 0.08889096 1.012066 0.08889096 1.012066 0.08381557 0.9730247 0.5078688 0.9178978 0.08889096 1.012066 0.5078688 0.9178978 0.6249935 0.9026715 0.6249935 0.9026715 0.5078688 0.9178978 0.560154 0.8812197 0.6249935 0.9026715 0.560154 0.8812197 0.5788019 0.8734599 0.05579125 1.009305 0.02677506 0.9931409 0.08381557 0.9730247 0.08381557 0.9730247 0.02677506 0.9931409 0.06206297 0.9696465 0.06206297 0.9696465 0.02677506 0.9931409 0.007005393 0.9664506 0.06206297 0.9696465 0.007005393 0.9664506 0.04552429 0.9551186 0.04552429 0.9551186 0.007005393 0.9664506 0 0.9339831 0.04552429 0.9551186 0 0.9339831 0.03937005 0.9339831 0.03937005 0.9339831 0 0.9339831 0.03937005 0.08963894 0.03937005 0.08963894 0 0.9339831 0 0.08963894 0.03937005 0.08963894 0 0.08963894 0.04552429 0.06850337 0.04552429 0.06850337 0 0.08963894 0.007005393 0.05717146 0.04552429 0.06850337 0.007005393 0.05717146 0.06206297 0.05397558 0.06206297 0.05397558 0.007005393 0.05717146 0.02677506 0.03048115 0.06206297 0.05397558 0.02677506 0.03048115 0.08381557 0.05059736 0.08381557 0.05059736 0.02677506 0.03048115 0.05579125 0.01431721 0.08381557 0.05059736 0.05579125 0.01431721 0.08889096 0.01155579 3.336368 0.4337279 1.483908 0.2326093 0.08889096 0.01155579 0.08889096 0.01155579 1.483908 0.2326093 1.366783 0.2173832 0.08889096 0.01155579 1.366783 0.2173832 0.6249935 0.1209505 3.371312 0.447262 3.230654 0.4641821 3.336368 0.4337279 3.336368 0.4337279 3.230654 0.4641821 3.213183 0.4574152 3.336368 0.4337279 3.213183 0.4574152 2.342822 0.3442682 3.230654 0.4641821 3.371312 0.447262 3.243019 0.4782587 3.243019 0.4782587 3.371312 0.447262 3.396041 0.4754151 3.243019 0.4782587 3.396041 0.4754151 3.247478 0.4964567 3.247478 0.4964567 3.396041 0.4754151 3.404958 0.5118111 3.247478 0.4964567 3.404958 0.5118111 3.247478 0.5271654 3.247478 0.5271654 3.404958 0.5118111 3.396041 0.548207 3.247478 0.5271654 3.396041 0.548207 3.243019 0.5453634 3.243019 0.5453634 3.396041 0.548207 3.371312 0.5763601 3.243019 0.5453634 3.371312 0.5763601 3.230654 0.5594399 3.230654 0.5594399 3.371312 0.5763601 3.336368 0.5898942 3.230654 0.5594399 3.336368 0.5898942 3.213183 0.5662069 3.213183 0.5662069 3.336368 0.5898942 2.342822 0.6793538 2.301524 0.612499 2.335209 0.6207915 2.305928 0.6322112 2.305928 0.6322112 2.335209 0.6207915 2.342822 0.6793538 2.305928 0.6322112 2.342822 0.6793538 2.296631 0.6501422 2.335209 0.6207915 2.301524 0.612499 2.323557 0.5925303 2.323557 0.5925303 2.301524 0.612499 2.28548 0.6002293 2.323557 0.5925303 2.28548 0.6002293 2.240772 0.5814946 2.240772 0.5814946 2.28548 0.6002293 2.265303 0.6011431 2.240772 0.5814946 2.265303 0.6011431 2.222124 0.6057166 2.222124 0.6057166 2.265303 0.6011431 2.250433 0.6148129 2.222124 0.6057166 2.250433 0.6148129 2.218084 0.6360177 2.218084 0.6360177 2.250433 0.6148129 2.247829 0.6348423 2.218084 0.6360177 2.247829 0.6348423 2.258709 0.6518595 2.218084 0.6360177 2.258709 0.6518595 2.225697 0.69458 2.225697 0.69458 2.258709 0.6518595 2.277982 0.657902 1.44261 0.7241579 1.476295 0.7324504 1.447013 0.7438701 1.447013 0.7438701 1.476295 0.7324504 1.483908 0.7910127 1.447013 0.7438701 1.483908 0.7910127 1.437716 0.761801 1.437716 0.761801 1.483908 0.7910127 1.419068 0.7695608 1.419068 0.7695608 1.483908 0.7910127 1.366783 0.8062389 1.419068 0.7695608 1.366783 0.8062389 1.399795 0.7635184 1.399795 0.7635184 1.366783 0.8062389 1.35917 0.7476766 1.399795 0.7635184 1.35917 0.7476766 1.388915 0.7465012 1.388915 0.7465012 1.35917 0.7476766 1.391519 0.7264717 1.391519 0.7264717 1.35917 0.7476766 1.363209 0.7173753 1.391519 0.7264717 1.363209 0.7173753 1.406388 0.7128019 1.406388 0.7128019 1.363209 0.7173753 1.381858 0.6931536 1.406388 0.7128019 1.381858 0.6931536 1.426566 0.7118882 1.426566 0.7118882 1.381858 0.6931536 1.464642 0.7041891 1.426566 0.7118882 1.464642 0.7041891 1.44261 0.7241579 1.44261 0.7241579 1.464642 0.7041891 1.476295 0.7324504 0.5836955 0.8358167 0.6173804 0.8441092 0.5880992 0.8555288 0.5880992 0.8555288 0.6173804 0.8441092 0.6249935 0.9026715 0.5880992 0.8555288 0.6249935 0.9026715 0.5788019 0.8734599 0.6173804 0.8441092 0.5836955 0.8358167 0.605728 0.815848 0.605728 0.815848 0.5836955 0.8358167 0.5676513 0.823547 0.605728 0.815848 0.5676513 0.823547 0.5229437 0.8048124 0.5229437 0.8048124 0.5676513 0.823547 0.547474 0.8244608 0.5229437 0.8048124 0.547474 0.8244608 0.5042951 0.8290343 0.5042951 0.8290343 0.547474 0.8244608 0.5326047 0.8381306 0.5042951 0.8290343 0.5326047 0.8381306 0.5002557 0.8593355 0.5002557 0.8593355 0.5326047 0.8381306 0.5300009 0.8581601 0.5002557 0.8593355 0.5300009 0.8581601 0.5408809 0.8751773 0.5002557 0.8593355 0.5408809 0.8751773 0.5078688 0.9178978 0.5078688 0.9178978 0.5408809 0.8751773 0.560154 0.8812197 2.296631 0.3734799 2.342822 0.3442682 2.305928 0.3914109 2.305928 0.3914109 2.342822 0.3442682 2.335209 0.4028306 2.305928 0.3914109 2.335209 0.4028306 2.301524 0.4111231 2.301524 0.4111231 2.335209 0.4028306 2.323557 0.4310917 2.301524 0.4111231 2.323557 0.4310917 2.28548 0.4233928 2.28548 0.4233928 2.323557 0.4310917 2.240772 0.4421274 2.28548 0.4233928 2.240772 0.4421274 2.265303 0.422479 2.265303 0.422479 2.240772 0.4421274 2.222124 0.4179055 2.265303 0.422479 2.222124 0.4179055 2.250433 0.4088092 2.250433 0.4088092 2.222124 0.4179055 2.218084 0.3876044 2.250433 0.4088092 2.218084 0.3876044 2.247829 0.3887797 2.247829 0.3887797 2.218084 0.3876044 2.258709 0.3717625 2.258709 0.3717625 2.218084 0.3876044 2.225697 0.329042 2.258709 0.3717625 2.225697 0.329042 2.277982 0.3657201 2.277982 0.3657201 2.225697 0.329042 2.342822 0.3442682 2.277982 0.3657201 2.342822 0.3442682 2.296631 0.3734799 1.437716 0.261821 1.483908 0.2326093 1.447013 0.2797521 1.447013 0.2797521 1.483908 0.2326093 1.476295 0.2911717 1.447013 0.2797521 1.476295 0.2911717 1.44261 0.2994642 1.44261 0.2994642 1.476295 0.2911717 1.464642 0.3194329 1.44261 0.2994642 1.464642 0.3194329 1.426566 0.3117339 1.426566 0.3117339 1.464642 0.3194329 1.381858 0.3304685 1.426566 0.3117339 1.381858 0.3304685 1.406388 0.3108201 1.406388 0.3108201 1.381858 0.3304685 1.363209 0.3062466 1.406388 0.3108201 1.363209 0.3062466 1.391519 0.2971503 1.391519 0.2971503 1.363209 0.3062466 1.35917 0.2759455 1.391519 0.2971503 1.35917 0.2759455 1.388915 0.2771208 1.388915 0.2771208 1.35917 0.2759455 1.399795 0.2601037 1.399795 0.2601037 1.35917 0.2759455 1.366783 0.2173832 1.399795 0.2601037 1.366783 0.2173832 1.419068 0.2540613 1.419068 0.2540613 1.366783 0.2173832 1.483908 0.2326093 1.419068 0.2540613 1.483908 0.2326093 1.437716 0.261821 0.5788019 0.1501622 0.6249935 0.1209505 0.5880992 0.1680932 0.5880992 0.1680932 0.6249935 0.1209505 0.6173804 0.1795128 0.5880992 0.1680932 0.6173804 0.1795128 0.5836955 0.1878053 0.5836955 0.1878053 0.6173804 0.1795128 0.605728 0.2077741 0.5836955 0.1878053 0.605728 0.2077741 0.5676513 0.200075 0.5676513 0.200075 0.605728 0.2077741 0.5229437 0.2188096 0.5676513 0.200075 0.5229437 0.2188096 0.547474 0.1991612 0.547474 0.1991612 0.5229437 0.2188096 0.5042951 0.1945878 0.547474 0.1991612 0.5042951 0.1945878 0.5326047 0.1854915 0.5326047 0.1854915 0.5042951 0.1945878 0.5002557 0.1642866 0.5326047 0.1854915 0.5002557 0.1642866 0.5300009 0.165462 0.5300009 0.165462 0.5002557 0.1642866 0.5408809 0.1484448 0.5408809 0.1484448 0.5002557 0.1642866 0.5078688 0.1057243 0.5408809 0.1484448 0.5078688 0.1057243 0.560154 0.1424024 0.560154 0.1424024 0.5078688 0.1057243 0.6249935 0.1209505 0.560154 0.1424024 0.6249935 0.1209505 0.5788019 0.1501622 2.323557 0.4310917 2.299335 0.4497405 2.240772 0.4421274 2.240772 0.4421274 2.299335 0.4497405 2.269034 0.4537798 2.342822 0.3442682 2.225697 0.329042 3.336368 0.4337279 3.336368 0.4337279 2.225697 0.329042 1.483908 0.2326093 1.464642 0.3194329 1.44042 0.3380817 1.381858 0.3304685 1.381858 0.3304685 1.44042 0.3380817 1.410119 0.342121 0.605728 0.2077741 0.5815061 0.2264227 0.5229437 0.2188096 0.5229437 0.2188096 0.5815061 0.2264227 0.5512049 0.2304621 0.6249935 0.1209505 0.5078688 0.1057243 0.08889096 0.01155579 0.08889096 0.01155579 0.5078688 0.1057243 0.08381557 0.05059736 0.5512049 0.79316 0.5815061 0.7971993 0.5229437 0.8048124 0.5229437 0.8048124 0.5815061 0.7971993 0.605728 0.815848 0.6249935 0.9026715 1.366783 0.8062389 0.08889096 1.012066 0.08889096 1.012066 1.366783 0.8062389 1.483908 0.7910127 1.410119 0.6815011 1.44042 0.6855405 1.381858 0.6931536 1.381858 0.6931536 1.44042 0.6855405 1.464642 0.7041891 2.269034 0.5698422 2.299335 0.5738816 2.240772 0.5814946 2.240772 0.5814946 2.299335 0.5738816 2.323557 0.5925303 0 0.9339831 -0.03937005 0.9339831 0 0.08963894 0 0.08963894 -0.03937005 0.9339831 -0.03937005 0.08963894 0 0.08963894 -0.03937005 0.08963894 -0.04552429 0.06850337 -0.03937005 0.9339831 0 0.9339831 -0.04552429 0.9551186 -0.04552429 0.9551186 0 0.9339831 -0.007005393 0.9664506 -0.04552429 0.9551186 -0.007005393 0.9664506 -0.06206297 0.9696465 -0.06206297 0.9696465 -0.007005393 0.9664506 -0.02677506 0.9931409 -0.06206297 0.9696465 -0.02677506 0.9931409 -0.08381557 0.9730247 -0.08381557 0.9730247 -0.02677506 0.9931409 -0.05579125 1.009305 -0.08381557 0.9730247 -0.05579125 1.009305 -0.08889096 1.012066 -3.336368 0.5898942 -1.483908 0.7910127 -0.08889096 1.012066 -0.08889096 1.012066 -1.483908 0.7910127 -1.366783 0.8062389 -0.08889096 1.012066 -1.366783 0.8062389 -0.6249935 0.9026715 -3.371312 0.5763601 -3.230654 0.5594399 -3.336368 0.5898942 -3.336368 0.5898942 -3.230654 0.5594399 -3.213183 0.5662069 -3.336368 0.5898942 -3.213183 0.5662069 -2.342822 0.6793538 -3.230654 0.5594399 -3.371312 0.5763601 -3.243019 0.5453634 -3.243019 0.5453634 -3.371312 0.5763601 -3.396041 0.548207 -3.243019 0.5453634 -3.396041 0.548207 -3.247478 0.5271654 -3.247478 0.5271654 -3.396041 0.548207 -3.404958 0.5118111 -3.247478 0.5271654 -3.404958 0.5118111 -3.247478 0.4964567 -3.247478 0.4964567 -3.404958 0.5118111 -3.396041 0.4754151 -3.247478 0.4964567 -3.396041 0.4754151 -3.243019 0.4782587 -3.243019 0.4782587 -3.396041 0.4754151 -3.371312 0.447262 -3.243019 0.4782587 -3.371312 0.447262 -3.230654 0.4641821 -3.230654 0.4641821 -3.371312 0.447262 -3.336368 0.4337279 -3.230654 0.4641821 -3.336368 0.4337279 -3.213183 0.4574152 -3.213183 0.4574152 -3.336368 0.4337279 -2.342822 0.3442682 -2.342822 0.3442682 -3.336368 0.4337279 -2.225697 0.329042 -2.342822 0.3442682 -2.225697 0.329042 -2.277982 0.3657201 -2.277982 0.3657201 -2.225697 0.329042 -2.258709 0.3717625 -2.258709 0.3717625 -2.225697 0.329042 -2.218084 0.3876044 -2.258709 0.3717625 -2.218084 0.3876044 -2.247829 0.3887797 -2.247829 0.3887797 -2.218084 0.3876044 -2.250433 0.4088092 -2.250433 0.4088092 -2.218084 0.3876044 -2.222124 0.4179055 -2.250433 0.4088092 -2.222124 0.4179055 -2.265303 0.422479 -2.265303 0.422479 -2.222124 0.4179055 -2.240772 0.4421274 -2.265303 0.422479 -2.240772 0.4421274 -2.28548 0.4233928 -2.28548 0.4233928 -2.240772 0.4421274 -2.323557 0.4310917 -2.28548 0.4233928 -2.323557 0.4310917 -2.301524 0.4111231 -2.301524 0.4111231 -2.323557 0.4310917 -2.335209 0.4028306 -2.301524 0.4111231 -2.335209 0.4028306 -2.305928 0.3914109 -2.305928 0.3914109 -2.335209 0.4028306 -2.342822 0.3442682 -2.305928 0.3914109 -2.342822 0.3442682 -2.296631 0.3734799 -2.296631 0.3734799 -2.342822 0.3442682 -2.277982 0.3657201 -2.225697 0.329042 -3.336368 0.4337279 -1.483908 0.2326093 -1.483908 0.2326093 -3.336368 0.4337279 -0.08889096 0.01155579 -1.483908 0.2326093 -0.08889096 0.01155579 -1.366783 0.2173832 -1.366783 0.2173832 -0.08889096 0.01155579 -0.6249935 0.1209505 -0.6249935 0.1209505 -0.08889096 0.01155579 -0.5078688 0.1057243 -0.6249935 0.1209505 -0.5078688 0.1057243 -0.560154 0.1424024 -0.560154 0.1424024 -0.5078688 0.1057243 -0.5408809 0.1484448 -0.5408809 0.1484448 -0.5078688 0.1057243 -0.5002557 0.1642866 -0.5408809 0.1484448 -0.5002557 0.1642866 -0.5300009 0.165462 -0.5300009 0.165462 -0.5002557 0.1642866 -0.5326047 0.1854915 -0.5326047 0.1854915 -0.5002557 0.1642866 -0.5042951 0.1945878 -0.5326047 0.1854915 -0.5042951 0.1945878 -0.547474 0.1991612 -0.547474 0.1991612 -0.5042951 0.1945878 -0.5229437 0.2188096 -0.547474 0.1991612 -0.5229437 0.2188096 -0.5676513 0.200075 -0.5676513 0.200075 -0.5229437 0.2188096 -0.605728 0.2077741 -0.5676513 0.200075 -0.605728 0.2077741 -0.5836955 0.1878053 -0.5836955 0.1878053 -0.605728 0.2077741 -0.6173804 0.1795128 -0.5836955 0.1878053 -0.6173804 0.1795128 -0.5880992 0.1680932 -0.5880992 0.1680932 -0.6173804 0.1795128 -0.6249935 0.1209505 -0.5880992 0.1680932 -0.6249935 0.1209505 -0.5788019 0.1501622 -0.5788019 0.1501622 -0.6249935 0.1209505 -0.560154 0.1424024 -0.5078688 0.1057243 -0.08889096 0.01155579 -0.08381557 0.05059736 -0.08381557 0.05059736 -0.08889096 0.01155579 -0.05579125 0.01431721 -0.08381557 0.05059736 -0.05579125 0.01431721 -0.02677506 0.03048115 -0.08381557 0.05059736 -0.02677506 0.03048115 -0.06206297 0.05397558 -0.06206297 0.05397558 -0.02677506 0.03048115 -0.007005393 0.05717146 -0.06206297 0.05397558 -0.007005393 0.05717146 -0.04552429 0.06850337 -0.04552429 0.06850337 -0.007005393 0.05717146 0 0.08963894 -1.44261 0.2994642 -1.476295 0.2911717 -1.447013 0.2797521 -1.447013 0.2797521 -1.476295 0.2911717 -1.483908 0.2326093 -1.447013 0.2797521 -1.483908 0.2326093 -1.437716 0.261821 -1.437716 0.261821 -1.483908 0.2326093 -1.419068 0.2540613 -1.419068 0.2540613 -1.483908 0.2326093 -1.366783 0.2173832 -1.419068 0.2540613 -1.366783 0.2173832 -1.399795 0.2601037 -1.399795 0.2601037 -1.366783 0.2173832 -1.35917 0.2759455 -1.399795 0.2601037 -1.35917 0.2759455 -1.388915 0.2771208 -1.388915 0.2771208 -1.35917 0.2759455 -1.391519 0.2971503 -1.391519 0.2971503 -1.35917 0.2759455 -1.363209 0.3062466 -1.391519 0.2971503 -1.363209 0.3062466 -1.406388 0.3108201 -1.406388 0.3108201 -1.363209 0.3062466 -1.381858 0.3304685 -1.406388 0.3108201 -1.381858 0.3304685 -1.426566 0.3117339 -1.426566 0.3117339 -1.381858 0.3304685 -1.464642 0.3194329 -1.426566 0.3117339 -1.464642 0.3194329 -1.44261 0.2994642 -1.44261 0.2994642 -1.464642 0.3194329 -1.476295 0.2911717 -0.5788019 0.8734599 -0.6249935 0.9026715 -0.5880992 0.8555288 -0.5880992 0.8555288 -0.6249935 0.9026715 -0.6173804 0.8441092 -0.5880992 0.8555288 -0.6173804 0.8441092 -0.5836955 0.8358167 -0.5836955 0.8358167 -0.6173804 0.8441092 -0.605728 0.815848 -0.5836955 0.8358167 -0.605728 0.815848 -0.5676513 0.823547 -0.5676513 0.823547 -0.605728 0.815848 -0.5229437 0.8048124 -0.5676513 0.823547 -0.5229437 0.8048124 -0.547474 0.8244608 -0.547474 0.8244608 -0.5229437 0.8048124 -0.5042951 0.8290343 -0.547474 0.8244608 -0.5042951 0.8290343 -0.5326047 0.8381306 -0.5326047 0.8381306 -0.5042951 0.8290343 -0.5002557 0.8593355 -0.5326047 0.8381306 -0.5002557 0.8593355 -0.5300009 0.8581601 -0.5300009 0.8581601 -0.5002557 0.8593355 -0.5408809 0.8751773 -0.5408809 0.8751773 -0.5002557 0.8593355 -0.5078688 0.9178978 -0.5408809 0.8751773 -0.5078688 0.9178978 -0.560154 0.8812197 -0.560154 0.8812197 -0.5078688 0.9178978 -0.6249935 0.9026715 -0.560154 0.8812197 -0.6249935 0.9026715 -0.5788019 0.8734599 -1.437716 0.761801 -1.483908 0.7910127 -1.447013 0.7438701 -1.447013 0.7438701 -1.483908 0.7910127 -1.476295 0.7324504 -1.447013 0.7438701 -1.476295 0.7324504 -1.44261 0.7241579 -1.44261 0.7241579 -1.476295 0.7324504 -1.464642 0.7041891 -1.44261 0.7241579 -1.464642 0.7041891 -1.426566 0.7118882 -1.426566 0.7118882 -1.464642 0.7041891 -1.381858 0.6931536 -1.426566 0.7118882 -1.381858 0.6931536 -1.406388 0.7128019 -1.406388 0.7128019 -1.381858 0.6931536 -1.363209 0.7173753 -1.406388 0.7128019 -1.363209 0.7173753 -1.391519 0.7264717 -1.391519 0.7264717 -1.363209 0.7173753 -1.35917 0.7476766 -1.391519 0.7264717 -1.35917 0.7476766 -1.388915 0.7465012 -1.388915 0.7465012 -1.35917 0.7476766 -1.399795 0.7635184 -1.399795 0.7635184 -1.35917 0.7476766 -1.366783 0.8062389 -1.399795 0.7635184 -1.366783 0.8062389 -1.419068 0.7695608 -1.419068 0.7695608 -1.366783 0.8062389 -1.483908 0.7910127 -1.419068 0.7695608 -1.483908 0.7910127 -1.437716 0.761801 -2.296631 0.6501422 -2.342822 0.6793538 -2.305928 0.6322112 -2.305928 0.6322112 -2.342822 0.6793538 -2.335209 0.6207915 -2.305928 0.6322112 -2.335209 0.6207915 -2.301524 0.612499 -2.301524 0.612499 -2.335209 0.6207915 -2.323557 0.5925303 -2.301524 0.612499 -2.323557 0.5925303 -2.28548 0.6002293 -2.28548 0.6002293 -2.323557 0.5925303 -2.240772 0.5814946 -2.28548 0.6002293 -2.240772 0.5814946 -2.265303 0.6011431 -2.265303 0.6011431 -2.240772 0.5814946 -2.222124 0.6057166 -2.265303 0.6011431 -2.222124 0.6057166 -2.250433 0.6148129 -2.250433 0.6148129 -2.222124 0.6057166 -2.218084 0.6360177 -2.250433 0.6148129 -2.218084 0.6360177 -2.247829 0.6348423 -2.247829 0.6348423 -2.218084 0.6360177 -2.258709 0.6518595 -2.258709 0.6518595 -2.218084 0.6360177 -2.225697 0.69458 -2.258709 0.6518595 -2.225697 0.69458 -2.277982 0.657902 -2.277982 0.657902 -2.225697 0.69458 -2.342822 0.6793538 -2.277982 0.657902 -2.342822 0.6793538 -2.296631 0.6501422 -2.323557 0.5925303 -2.299335 0.5738816 -2.240772 0.5814946 -2.240772 0.5814946 -2.299335 0.5738816 -2.269034 0.5698422 -2.342822 0.6793538 -2.225697 0.69458 -3.336368 0.5898942 -3.336368 0.5898942 -2.225697 0.69458 -1.483908 0.7910127 -1.464642 0.7041891 -1.44042 0.6855405 -1.381858 0.6931536 -1.381858 0.6931536 -1.44042 0.6855405 -1.410119 0.6815011 -0.605728 0.815848 -0.5815061 0.7971993 -0.5229437 0.8048124 -0.5229437 0.8048124 -0.5815061 0.7971993 -0.5512049 0.79316 -0.6249935 0.9026715 -0.5078688 0.9178978 -0.08889096 1.012066 -0.08889096 1.012066 -0.5078688 0.9178978 -0.08381557 0.9730247 -0.5512049 0.2304621 -0.5815061 0.2264227 -0.5229437 0.2188096 -0.5229437 0.2188096 -0.5815061 0.2264227 -0.605728 0.2077741 -1.410119 0.342121 -1.44042 0.3380817 -1.381858 0.3304685 -1.381858 0.3304685 -1.44042 0.3380817 -1.464642 0.3194329 -2.269034 0.4537798 -2.299335 0.4497405 -2.240772 0.4421274 -2.240772 0.4421274 -2.299335 0.4497405 -2.323557 0.4310917 -3.364443 -1.732283 -0.08963894 -1.732283 -3.364443 0 -3.364443 0 -0.08963894 -1.732283 -0.08963894 0 -0.9339831 -0.05905508 -0.08963894 -0.05905508 -0.9339831 0 -0.9339831 0 -0.08963894 -0.05905508 -0.08963894 0 -0.6056935 0 -3.880497 0 -0.6056935 -1.732283 -0.6056935 -1.732283 -3.880497 0 -3.880497 -1.732283 0 -0.1338639 0 -0.1716991 1.732283 -0.1338639 1.732283 -0.1338639 0 -0.1716991 1.732283 -0.1716991 1.732283 -0.1716991 0 -0.1716991 1.732283 -0.2095343 1.732283 -0.2095343 0 -0.1716991 0 -0.2095343 1.732283 -0.2095343 0 -0.2095343 1.732283 -0.2473695 1.732283 -0.2473695 0 -0.2095343 0 -0.2473695 1.732283 0.2473695 0 0.2473695 1.732283 0.2095343 1.732283 0.2095343 0 0.2473695 0 0.2095343 1.732283 0.2095343 0 0.2095343 1.732283 0.1716991 1.732283 0.1716991 0 0.2095343 0 0.1716991 1.732283 0.1716991 0 0.1716991 0 0.1338639 0 0.1338639 1.732283 0.1338639 1.732283 0.1716991 1.732283 0.1236847 0 0.1236847 1.732283 0.1047672 1.732283 0.1047672 0 0.1236847 0 0.1047672 1.732283 0.1047672 0 0.1047672 0 0.08584952 1.732283 0.1047672 0 0.08584952 1.732283 0.08584952 1.732283 0.08584952 0 0.08584952 0 0.0669319 1.732283 0.08584952 0 0.0669319 1.732283 0.0669319 -1.732283 -0.0669319 -1.732283 -0.08584952 0 -0.0669319 0 -0.0669319 -1.732283 -0.08584952 0 -0.08584952 0 -0.08584952 -1.732283 -0.08584952 -1.732283 -0.1047672 0 -0.08584952 -1.732283 -0.1047672 0 -0.1047672 0 -0.1047672 -1.732283 -0.1047672 0 -0.1236847 0 -0.1236847 -1.732283 -0.1047672 -1.732283 -0.1236847 0 0.1338639 0 0.1003979 1.732283 0.1338639 1.732283 0.1338639 0 0.1003979 1.732283 0.1003979 1.732283 0.1003979 0 0.1003979 0 0.0669319 1.732283 0.1003979 0 0.0669319 1.732283 0.0669319 1.732283 0.0669319 0 0.0669319 0 0.03346592 1.732283 0.0669319 0 0.03346592 1.732283 0.03346592 1.732283 0.03346592 0 0.03346592 1.673228 0 1.732283 0.03346592 1.673228 0 1.732283 0 0 0 0.05905508 0 0 0.03346592 0 0.03346592 0.05905508 0 1.673228 0 0 -0.0567528 0 -0.07906341 1.732283 -0.0567528 1.732283 -0.0567528 0 -0.07906341 1.732283 -0.07906341 1.732283 -0.07906341 0 -0.07906341 0 -0.1013741 1.732283 -0.07906341 0 -0.1013741 1.732283 -0.1013741 1.732283 -0.1013741 0 -0.1013741 1.732283 -0.1236847 1.732283 -0.1236847 0 -0.1013741 0 -0.1236847 0 0.1968504 -0.05905508 0.1968504 0 0 0 0 -0.05905508 0.1968504 -0.05905508 0 -0.007613062 0.05856233 0.02268803 0.05452299 0.05094921 0.0661754 0.05094921 0.0661754 0.02268803 0.05452299 0.04690986 0.0358743 0.05094921 0.0661754 0.04690986 0.0358743 0.05856233 0.007613062 0 0.01679694 -0.1968504 -0.003817141 0 -0.003817141 0 -0.003817141 -0.1968504 -0.003817141 -0.1968504 -0.02443128 0 -0.003817141 -0.1968504 -0.02443128 0 -0.02443128 0 -0.02443128 -0.1968504 -0.02443128 -0.1968504 -0.04504537 0 -0.02443128 -0.1968504 -0.04504537 0 -0.04504537 0 -0.04504537 -0.1968504 -0.04504537 -0.1968504 -0.06565952 0 -0.04504537 -0.1968504 -0.06565952 0 -0.06565952 0 -0.06565952 -0.1968504 -0.06565952 -0.1968504 -0.08627367 0 -0.06565952 -0.1968504 -0.08627367 0 -0.08627367 0 0.09925341 -0.1968504 0.09925341 -0.1968504 0.07863932 0 0.09925341 -0.1968504 0.07863932 0 0.07863932 0 0.07863932 -0.1968504 0.07863932 -0.1968504 0.05802518 0 0.07863932 -0.1968504 0.05802518 0 0.05802518 0 0.05802518 -0.1968504 0.05802518 -0.1968504 0.03741103 0 0.05802518 -0.1968504 0.03741103 0 0.03741103 0 0.03741103 -0.1968504 0.03741103 -0.1968504 0.01679694 0 0.03741103 -0.1968504 0.01679694 0 0.01679694 0 0.01679694 -0.1968504 0.01679694 -0.1968504 -0.003817141 0 0.1968504 -0.05905508 0.1968504 0 0 0 0 -0.05905508 0.1968504 -0.05905508 0 0 0.1968504 -0.05905508 0.1968504 0 0 0 0 -0.05905508 0.1968504 -0.05905508 0 0 0.1094577 0.1968504 0.1313191 0 0.1428459 0 0.1428459 0.1968504 0.1313191 0.1968504 0.1622403 0 0.1428459 0.1968504 0.1622403 -1.338583 0.1428459 -1.338583 0.1428459 0.1968504 0.1622403 -1.535433 0.1622403 -1.338583 0.1428459 -1.535433 0.1622403 -1.535433 0.1313191 0.1968504 0.1313191 0 0.1094577 0.1968504 0.1003979 0.1968504 0.1003979 0 0.1094577 0 0.07606941 0.1968504 0.1003979 0 0.07606941 0.1968504 0.06947672 0.1968504 0.06947672 0 0.07606941 0 0.04268115 0.1968504 0.06947672 0 0.04268115 0.1968504 0.0385555 0.1968504 0.0385555 0 0.04268115 -1.338583 0.04268115 0.1968504 0.0385555 -1.338583 0.04268115 -1.535433 0.0385555 -1.535433 0.0385555 -1.338583 0.04268115 -1.535433 0.06947672 -1.535433 0.06947672 -1.338583 0.04268115 -1.338583 0.07606941 -1.535433 0.06947672 -1.338583 0.07606941 -1.535433 0.1003979 -1.535433 0.1003979 -1.338583 0.07606941 -1.338583 0.1094577 -1.535433 0.1003979 -1.338583 0.1094577 -1.535433 0.1313191 -1.535433 0.1313191 -1.338583 0.1094577 -1.338583 0.1428459 0 -0.1469716 -1.338583 -0.1778928 0 -0.1778928 0 -0.1778928 -1.338583 -0.1778928 0.1968504 -0.2088139 0 -0.1778928 0.1968504 -0.2088139 0.1968504 -0.1778928 -1.338583 -0.1778928 0 -0.1469716 -1.338583 -0.1469716 -1.338583 -0.1469716 0 -0.1469716 0 -0.1160504 -1.338583 -0.1469716 0 -0.1160504 -1.338583 -0.1160504 -1.338583 -0.1160504 0 -0.1160504 -1.338583 -0.0851292 -1.338583 -0.0851292 0 -0.1160504 0 -0.0851292 -1.535433 -0.1778928 -1.535433 -0.208814 -1.338583 -0.1778928 -1.338583 -0.1778928 -1.535433 -0.208814 0.1968504 -0.2088139 -1.535433 0.007634341 -1.338583 0.007634341 -1.535433 0.0385555 -1.535433 0.0385555 -1.338583 0.007634341 0 0.007634341 -1.535433 0.0385555 0 0.007634341 0.1968504 0.0385555 0.1968504 0.0385555 0 0.007634341 0.1968504 0.007634341 -1.338583 0.007634341 -1.338583 -0.02328681 0 0.007634341 0 0.007634341 -1.338583 -0.02328681 0 -0.02328681 0 -0.02328681 -1.338583 -0.02328681 -1.338583 -0.05420798 0 -0.02328681 -1.338583 -0.05420798 0 -0.05420798 0 -0.05420798 -1.338583 -0.05420798 -1.338583 -0.0851292 0 -0.05420798 -1.338583 -0.0851292 0 -0.0851292 0.02024525 -0.02412736 0.0135917 -0.02621334 0 -0.03149604 0 -0.03149604 0.0135917 -0.02621334 -0.006437718 -0.02881717 0 -0.03149604 -0.006437718 -0.02881717 -0.02024525 -0.02412736 -0.02024525 -0.02412736 -0.006437718 -0.02881717 -0.02345496 -0.01793712 -0.02024525 -0.02412736 -0.02345496 -0.01793712 -0.03101754 -0.005469202 -0.03101754 -0.005469202 -0.02345496 -0.01793712 -0.02949732 0.001335859 -0.03101754 -0.005469202 -0.02949732 0.001335859 -0.02727639 0.01574802 -0.02727639 0.01574802 -0.02949732 0.001335859 -0.02173751 0.01998382 -0.02727639 0.01574802 -0.02173751 0.01998382 -0.01077228 0.02959656 -0.01077228 0.02959656 -0.02173751 0.01998382 -0.003806531 0.02928113 -0.01077228 0.02959656 -0.003806531 0.02928113 0.01077228 0.02959656 0.01077228 0.02959656 -0.003806531 0.02928113 0.01590555 0.02487748 0.01077228 0.02959656 0.01590555 0.02487748 0.02727639 0.01574802 0.02727639 0.01574802 0.01590555 0.02487748 0.02817529 0.008833289 0.02727639 0.01574802 0.02817529 0.008833289 0.03101754 -0.005469202 0.03101754 -0.005469202 0.02817529 0.008833289 0.02726149 -0.01134401 0.03101754 -0.005469202 0.02726149 -0.01134401 0.02024525 -0.02412736 0.02024525 -0.02412736 0.02726149 -0.01134401 0.0135917 -0.02621334 0 -0.02195048 -0.1968504 -0.04256457 0 -0.04256457 0 -0.04256457 -0.1968504 -0.04256457 -0.1968504 -0.06317871 0 -0.04256457 -0.1968504 -0.06317871 0 -0.06317871 0 -0.06317871 -0.1968504 -0.06317871 -0.1968504 -0.08379286 0 -0.06317871 -0.1968504 -0.08379286 0 -0.08379286 0 0.1017342 -0.1968504 0.1017342 -0.1968504 0.08112013 0 0.1017342 -0.1968504 0.08112013 0 0.08112013 0 0.08112013 -0.1968504 0.08112013 -0.1968504 0.06050598 0 0.08112013 -0.1968504 0.06050598 0 0.06050598 0 0.06050598 -0.1968504 0.06050598 -0.1968504 0.03989189 0 0.06050598 -0.1968504 0.03989189 0 0.03989189 0 0.03989189 -0.1968504 0.03989189 -0.1968504 0.01927775 0 0.03989189 -0.1968504 0.01927775 0 0.01927775 0 0.01927775 -0.1968504 0.01927775 -0.1968504 -0.001336336 0 0.01927775 -0.1968504 -0.001336336 0 -0.001336336 0 -0.001336336 -0.1968504 -0.001336336 -0.1968504 -0.02195048 0 -0.001336336 -0.1968504 -0.02195048 0 -0.02195048 0 -0.02195048 -0.1968504 -0.02195048 -0.1968504 -0.04256457 0 -0.1968504 0.05905508 -0.1968504 0 0 0 0 0.05905508 -0.1968504 0.05905508 0 0.1968504 0.0851292 0.1968504 0.1160504 0 0.0851292 0 0.0851292 0.1968504 0.1160504 -1.535433 0.1160504 0 0.0851292 -1.535433 0.1160504 -1.338583 0.0851292 -1.338583 0.0851292 -1.535433 0.1160504 -1.535433 0.0851292 -1.535433 0.1160504 0.1968504 0.1160504 0 0.1354447 0 0.1354447 0.1968504 0.1160504 0.1968504 0.1469716 0 0.1354447 0.1968504 0.1469716 0 0.168833 0 0.168833 0.1968504 0.1469716 0.1968504 0.1778928 0 0.168833 0.1968504 0.1778928 0.1968504 0.208814 0 0.168833 0.1968504 0.208814 0 0.2022212 0 -0.168833 0.1968504 -0.1622403 0.1968504 -0.1313191 0 -0.168833 0.1968504 -0.1313191 0 -0.1354447 0 -0.1354447 0.1968504 -0.1313191 -1.535433 -0.1313191 0 -0.1354447 -1.535433 -0.1313191 -1.338583 -0.1354447 -1.338583 -0.1354447 -1.535433 -0.1313191 -1.535433 -0.1622403 -1.338583 -0.1354447 -1.535433 -0.1622403 -1.338583 -0.168833 -1.338583 0.2022213 -1.535433 0.2088139 -1.535433 0.1778928 -1.338583 0.2022213 -1.535433 0.1778928 -1.338583 0.168833 -1.338583 0.168833 -1.535433 0.1778928 -1.535433 0.1469716 -1.338583 0.168833 -1.535433 0.1469716 -1.338583 0.1354447 -1.338583 0.1354447 -1.535433 0.1469716 -1.535433 0.1160504 -1.338583 0.1354447 -1.535433 0.1160504 0 0.1354447 0.1968504 -0.1003979 0 -0.1003979 0.1968504 -0.1313191 0.1968504 -0.1313191 0 -0.1003979 -1.338583 -0.1003979 0.1968504 -0.1313191 -1.338583 -0.1003979 -1.535433 -0.1313191 -1.535433 -0.1313191 -1.338583 -0.1003979 -1.535433 -0.1003979 0 -0.1003979 0 -0.06947672 -1.338583 -0.1003979 -1.338583 -0.1003979 0 -0.06947672 -1.338583 -0.06947672 -1.338583 -0.06947672 0 -0.06947672 0 -0.0385555 -1.338583 -0.06947672 0 -0.0385555 -1.338583 -0.0385555 -1.338583 -0.0385555 0 -0.0385555 0 -0.007634341 -1.338583 -0.0385555 0 -0.007634341 -1.338583 -0.007634341 -1.338583 0.0851292 -1.338583 0.05420798 0 0.0851292 0 0.0851292 -1.338583 0.05420798 0 0.05420798 0 0.05420798 -1.338583 0.05420798 -1.338583 0.02328681 0 0.05420798 -1.338583 0.02328681 0 0.02328681 0 0.02328681 -1.338583 0.02328681 -1.338583 -0.007634341 0 0.02328681 -1.338583 -0.007634341 0 -0.007634341 0 -0.1968504 0.05905508 -0.1968504 0 0 0 0 0.05905508 -0.1968504 0.05905508 0 -0.02024525 0.02412736 -0.003806531 0.02928113 0 0.03149604 0 0.03149604 -0.003806531 0.02928113 0.01590555 0.02487748 0 0.03149604 0.01590555 0.02487748 0.02024525 0.02412736 0.02024525 0.02412736 0.01590555 0.02487748 0.02817529 0.008833289 0.02024525 0.02412736 0.02817529 0.008833289 0.03101754 0.005469202 0.03101754 0.005469202 0.02817529 0.008833289 0.02726149 -0.01134401 0.03101754 0.005469202 0.02726149 -0.01134401 0.02727639 -0.01574802 0.02727639 -0.01574802 0.02726149 -0.01134401 0.0135917 -0.02621334 0.02727639 -0.01574802 0.0135917 -0.02621334 0.01077228 -0.02959656 0.01077228 -0.02959656 0.0135917 -0.02621334 -0.006437718 -0.02881717 0.01077228 -0.02959656 -0.006437718 -0.02881717 -0.01077228 -0.02959656 -0.01077228 -0.02959656 -0.006437718 -0.02881717 -0.02345496 -0.01793712 -0.01077228 -0.02959656 -0.02345496 -0.01793712 -0.02727639 -0.01574802 -0.02727639 -0.01574802 -0.02345496 -0.01793712 -0.02949732 0.001335859 -0.02727639 -0.01574802 -0.02949732 0.001335859 -0.03101754 0.005469202 -0.03101754 0.005469202 -0.02949732 0.001335859 -0.02173751 0.01998382 -0.03101754 0.005469202 -0.02173751 0.01998382 -0.02024525 0.02412736 -0.02024525 0.02412736 -0.02173751 0.01998382 -0.003806531 0.02928113 0 -0.02195048 -0.1968504 -0.04256457 0 -0.04256457 0 -0.04256457 -0.1968504 -0.04256457 -0.1968504 -0.06317871 0 -0.04256457 -0.1968504 -0.06317871 0 -0.06317871 0 -0.06317871 -0.1968504 -0.06317871 -0.1968504 -0.08379286 0 -0.06317871 -0.1968504 -0.08379286 0 -0.08379286 0 0.1017342 -0.1968504 0.1017342 -0.1968504 0.08112013 0 0.1017342 -0.1968504 0.08112013 0 0.08112013 0 0.08112013 -0.1968504 0.08112013 -0.1968504 0.06050598 0 0.08112013 -0.1968504 0.06050598 0 0.06050598 0 0.06050598 -0.1968504 0.06050598 -0.1968504 0.03989189 0 0.06050598 -0.1968504 0.03989189 0 0.03989189 0 0.03989189 -0.1968504 0.03989189 -0.1968504 0.01927775 0 0.03989189 -0.1968504 0.01927775 0 0.01927775 0 0.01927775 -0.1968504 0.01927775 -0.1968504 -0.001336336 0 0.01927775 -0.1968504 -0.001336336 0 -0.001336336 0 -0.001336336 -0.1968504 -0.001336336 -0.1968504 -0.02195048 0 -0.001336336 -0.1968504 -0.02195048 0 -0.02195048 0 -0.02195048 -0.1968504 -0.02195048 -0.1968504 -0.04256457 0 -0.1968504 0.05905508 -0.1968504 0 0 0 0 0.05905508 -0.1968504 0.05905508 0 0.1968504 0.0851292 0.1968504 0.1160504 0 0.0851292 0 0.0851292 0.1968504 0.1160504 -1.338583 0.0851292 0 0.0851292 -1.338583 0.0851292 -1.338583 0.05420798 0.1968504 0.1469716 0 0.1354447 0.1968504 0.1160504 0.1968504 0.1160504 0 0.1354447 -1.535433 0.1160504 0.1968504 0.1160504 -1.535433 0.1160504 -1.338583 0.0851292 -1.338583 0.0851292 -1.535433 0.1160504 -1.535433 0.0851292 0 0.1354447 0.1968504 0.1469716 0 0.168833 0 0.168833 0.1968504 0.1469716 0.1968504 0.1778928 0 0.168833 0.1968504 0.1778928 0.1968504 0.208814 0 0.168833 0.1968504 0.208814 0 0.2022212 0 -0.168833 0.1968504 -0.1622403 0.1968504 -0.1313191 0 -0.168833 0.1968504 -0.1313191 0 -0.1354447 0 -0.1354447 0.1968504 -0.1313191 -1.535433 -0.1313191 0 -0.1354447 -1.535433 -0.1313191 -1.338583 -0.1354447 -1.338583 -0.1354447 -1.535433 -0.1313191 -1.535433 -0.1622403 -1.338583 -0.1354447 -1.535433 -0.1622403 -1.338583 -0.168833 -1.338583 0.2022213 -1.535433 0.2088139 -1.535433 0.1778928 -1.338583 0.2022213 -1.535433 0.1778928 -1.338583 0.168833 -1.338583 0.168833 -1.535433 0.1778928 -1.535433 0.1469716 -1.338583 0.168833 -1.535433 0.1469716 -1.338583 0.1354447 -1.338583 0.1354447 -1.535433 0.1469716 -1.535433 0.1160504 -1.338583 0.1354447 -1.535433 0.1160504 0 0.1354447 0.1968504 -0.1003979 0 -0.1003979 0.1968504 -0.1313191 0.1968504 -0.1313191 0 -0.1003979 -1.338583 -0.1003979 0.1968504 -0.1313191 -1.338583 -0.1003979 -1.535433 -0.1313191 -1.535433 -0.1313191 -1.338583 -0.1003979 -1.535433 -0.1003979 0 -0.1003979 0 -0.06947672 -1.338583 -0.1003979 -1.338583 -0.1003979 0 -0.06947672 -1.338583 -0.06947672 -1.338583 -0.06947672 0 -0.06947672 0 -0.0385555 -1.338583 -0.06947672 0 -0.0385555 -1.338583 -0.0385555 -1.338583 -0.0385555 0 -0.0385555 0 -0.007634341 -1.338583 -0.0385555 0 -0.007634341 -1.338583 -0.007634341 0 0.0851292 -1.338583 0.05420798 0 0.05420798 0 0.05420798 -1.338583 0.05420798 -1.338583 0.02328681 0 0.05420798 -1.338583 0.02328681 0 0.02328681 0 0.02328681 -1.338583 0.02328681 -1.338583 -0.007634341 0 0.02328681 -1.338583 -0.007634341 0 -0.007634341 0 -0.1968504 0.05905508 -0.1968504 0 0 0 0 0.05905508 -0.1968504 0.05905508 0 0.007613062 0.05856233 0.0358743 0.04690986 0.0661754 0.05094921 0.0661754 0.05094921 0.0358743 0.04690986 0.05452299 0.02268803 0.0661754 0.05094921 0.05452299 0.02268803 0.05856233 -0.007613062 0 -0.06833225 -0.1968504 -0.0889464 0 -0.0889464 0 0.09658074 -0.1968504 0.09658074 -0.1968504 0.07596659 0 0.09658074 -0.1968504 0.07596659 0 0.07596659 0 0.07596659 -0.1968504 0.07596659 -0.1968504 0.05535244 0 0.07596659 -0.1968504 0.05535244 0 0.05535244 0 0.05535244 -0.1968504 0.05535244 -0.1968504 0.03473836 0 0.05535244 -0.1968504 0.03473836 0 0.03473836 0 0.03473836 -0.1968504 0.03473836 -0.1968504 0.01412421 0 0.03473836 -0.1968504 0.01412421 0 0.01412421 0 0.01412421 -0.1968504 0.01412421 -0.1968504 -0.006489872 0 0.01412421 -0.1968504 -0.006489872 0 -0.006489872 0 -0.006489872 -0.1968504 -0.006489872 -0.1968504 -0.02710396 0 -0.006489872 -0.1968504 -0.02710396 0 -0.02710396 0 -0.02710396 -0.1968504 -0.02710396 -0.1968504 -0.0477181 0 -0.02710396 -0.1968504 -0.0477181 0 -0.0477181 0 -0.0477181 -0.1968504 -0.0477181 -0.1968504 -0.06833225 0 -0.0477181 -0.1968504 -0.06833225 0 -0.06833225 0 -0.06833225 -0.1968504 -0.06833225 -0.1968504 -0.0889464 0 -0.1968504 0.05905508 -0.1968504 0 0 0 0 0.05905508 -0.1968504 0.05905508 0 0 -0.1968504 0.05905508 -0.1968504 0 0 0 0 0.05905508 -0.1968504 0.05905508 0 5.81196e-5 -0.05905508 -0.03035795 -0.05058485 -0.002505242 -0.05900192 -0.002505242 -0.05900192 -0.03035795 -0.05058485 -0.005063951 -0.05883759 -0.005063951 -0.05883759 -0.03035795 -0.05058485 -0.007613062 -0.05856233 -0.007613062 -0.05856233 -0.03035795 -0.05058485 -0.0661754 -0.05094921 -0.0661754 -0.05094921 -0.03035795 -0.05058485 -0.05206316 -0.02765518 -0.0661754 -0.05094921 -0.05206316 -0.02765518 -0.0588532 0.00317949 -0.0661754 -0.05094921 -0.0588532 0.00317949 -0.05094921 0.0661754 -0.05094921 0.0661754 -0.0588532 0.00317949 -0.04878711 0.03310537 -0.05094921 0.0661754 -0.04878711 0.03310537 -0.02474224 0.05356824 -0.02474224 0.05356824 0.006408214 0.05871891 -0.05094921 0.0661754 0 -0.02195048 -0.1968504 -0.04256457 0 -0.04256457 0 -0.04256457 -0.1968504 -0.04256457 -0.1968504 -0.06317871 0 -0.04256457 -0.1968504 -0.06317871 0 -0.06317871 0 -0.06317871 -0.1968504 -0.06317871 -0.1968504 -0.08379286 0 -0.06317871 -0.1968504 -0.08379286 0 -0.08379286 0 0.1017342 -0.1968504 0.1017342 -0.1968504 0.08112013 0 0.1017342 -0.1968504 0.08112013 0 0.08112013 0 0.08112013 -0.1968504 0.08112013 -0.1968504 0.06050598 0 0.08112013 -0.1968504 0.06050598 0 0.06050598 0 0.06050598 -0.1968504 0.06050598 -0.1968504 0.03989189 0 0.06050598 -0.1968504 0.03989189 0 0.03989189 0 0.03989189 -0.1968504 0.03989189 -0.1968504 0.01927775 0 0.03989189 -0.1968504 0.01927775 0 0.01927775 0 0.01927775 -0.1968504 0.01927775 -0.1968504 -0.001336336 0 0.01927775 -0.1968504 -0.001336336 0 -0.001336336 0 -0.001336336 -0.1968504 -0.001336336 -0.1968504 -0.02195048 0 -0.001336336 -0.1968504 -0.02195048 0 -0.02195048 0 -0.02195048 -0.1968504 -0.02195048 -0.1968504 -0.04256457 0 0 0 0.1968504 -0.001214981 0 -0.001214981 0 0 0.1968504 -0.05905508 0.1968504 -0.001214981 0 -0.05905508 0.1968504 -0.05905508 0 0.1968504 0.1160504 0 0.09282165 0.1968504 0.0851292 0.1968504 0.0851292 0 0.09282165 0 0.09025752 0.1968504 0.0851292 0 0.09025752 0 0.08769333 0 0.09282165 0.1968504 0.1160504 0 0.1224608 0 0.1224608 0.1968504 0.1160504 0.1968504 0.1469716 0 0.1224608 0.1968504 0.1469716 0 0.1520999 0 0.1520999 0.1968504 0.1469716 0.1968504 0.1778928 0 0.1520999 0.1968504 0.1778928 0 0.181739 0 0.181739 0.1968504 0.1778928 0.1968504 0.208814 0 0.181739 0.1968504 0.208814 0 0.2113781 0 -0.1596761 0.1968504 -0.1622403 0.1968504 -0.1313191 0 -0.1596761 0.1968504 -0.1313191 0 -0.130037 0 -0.130037 0.1968504 -0.1313191 0.1968504 -0.1003979 0 -0.130037 0.1968504 -0.1003979 0 -0.1003979 0 0.08769333 0 0.0851292 0.1968504 0.0851292 0 0.1968504 -0.05905508 0.1968504 0 0 0 0 -0.05905508 0.1968504 -0.05905508 0 -0.02043336 0.02412736 -0.003806531 0.02928113 -1.88086e-4 0.03149604 -1.88086e-4 0.03149604 -0.003806531 0.02928113 0.01590555 0.02487748 -1.88086e-4 0.03149604 0.01590555 0.02487748 0.02005714 0.02412736 0.02005714 0.02412736 0.01590555 0.02487748 0.02817529 0.008833289 0.02005714 0.02412736 0.02817529 0.008833289 0.03082942 0.005469202 0.03082942 0.005469202 0.02817529 0.008833289 0.02726149 -0.01134401 0.03082942 0.005469202 0.02726149 -0.01134401 0.02708828 -0.01574802 0.02708828 -0.01574802 0.02726149 -0.01134401 0.0135917 -0.02621334 0.02708828 -0.01574802 0.0135917 -0.02621334 0.01058417 -0.02959656 0.01058417 -0.02959656 0.0135917 -0.02621334 -0.006437718 -0.02881717 0.01058417 -0.02959656 -0.006437718 -0.02881717 -0.01096034 -0.02959656 -0.01096034 -0.02959656 -0.006437718 -0.02881717 -0.02345496 -0.01793712 -0.01096034 -0.02959656 -0.02345496 -0.01793712 -0.02746444 -0.01574802 -0.02746444 -0.01574802 -0.02345496 -0.01793712 -0.02949732 0.001335859 -0.02746444 -0.01574802 -0.02949732 0.001335859 -0.03120565 0.005469202 -0.03120565 0.005469202 -0.02949732 0.001335859 -0.02173751 0.01998382 -0.03120565 0.005469202 -0.02173751 0.01998382 -0.02043336 0.02412736 -0.02043336 0.02412736 -0.02173751 0.01998382 -0.003806531 0.02928113 0 -0.02195048 -0.1968504 -0.04256457 0 -0.04256457 0 -0.04256457 -0.1968504 -0.04256457 -0.1968504 -0.06317871 0 -0.04256457 -0.1968504 -0.06317871 0 -0.06317871 0 -0.06317871 -0.1968504 -0.06317871 -0.1968504 -0.08379286 0 -0.06317871 -0.1968504 -0.08379286 0 -0.08379286 0 0.1017342 -0.1968504 0.1017342 -0.1968504 0.08112013 0 0.1017342 -0.1968504 0.08112013 0 0.08112013 0 0.08112013 -0.1968504 0.08112013 -0.1968504 0.06050598 0 0.08112013 -0.1968504 0.06050598 0 0.06050598 0 0.06050598 -0.1968504 0.06050598 -0.1968504 0.03989189 0 0.06050598 -0.1968504 0.03989189 0 0.03989189 0 0.03989189 -0.1968504 0.03989189 -0.1968504 0.01927775 0 0.03989189 -0.1968504 0.01927775 0 0.01927775 0 0.01927775 -0.1968504 0.01927775 -0.1968504 -0.001336336 0 0.01927775 -0.1968504 -0.001336336 0 -0.001336336 0 -0.001336336 -0.1968504 -0.001336336 -0.1968504 -0.02195048 0 -0.001336336 -0.1968504 -0.02195048 0 -0.02195048 0 -0.02195048 -0.1968504 -0.02195048 -0.1968504 -0.04256457 0 0.1968504 -0.05905508 0.1968504 0 0 0 0 -0.05905508 0.1968504 -0.05905508 0 0.1968504 0.1160504 0 0.1068705 0.1968504 0.0851292 0.1968504 0.0851292 0 0.1068705 0 0.09266948 0.1968504 0.0851292 0 0.09266948 0 0.09015607 0.1968504 0.1469716 0 0.1353033 0.1968504 0.1160504 0.1968504 0.1160504 0 0.1353033 0 0.1229458 0.1968504 0.1160504 0 0.1229458 0 0.1210821 0.1968504 0.1778928 0 0.1697127 0.1968504 0.1469716 0.1968504 0.1469716 0 0.1697127 0 0.1380839 0.1968504 0.1469716 0 0.1380839 0 0.1353033 0.1968504 0.1778928 0.1968504 0.208814 0 0.1697127 0 0.1697127 0.1968504 0.208814 0 0.2013415 0 -0.1697127 0.1968504 -0.1622403 0.1968504 -0.1313191 0 -0.1697127 0.1968504 -0.1313191 0 -0.1380839 0 -0.1380839 0.1968504 -0.1313191 0 -0.1353033 0 -0.1353033 0.1968504 -0.1313191 0 -0.1255219 0 -0.1255219 0.1968504 -0.1313191 0 -0.1129599 0 -0.1129599 0.1968504 -0.1313191 0.1968504 -0.1003979 0 -0.1129599 0.1968504 -0.1003979 0 -0.1044814 0 -0.1044814 0.1968504 -0.1003979 0 -0.1003979 0 0.1210821 0 0.1078076 0.1968504 0.1160504 0.1968504 0.1160504 0 0.1078076 0 0.1068705 0 0.09015607 0 0.08764261 0.1968504 0.0851292 0.1968504 0.0851292 0 0.08764261 0 0.0851292 0 0 0 0.1968504 -0.05717647 0 -0.05717647 0 0 0.1968504 -0.05905508 0.1968504 -0.05717647 0 -0.05905508 0.1968504 -0.05905508 0 0.05232411 0.0272817 0.0517323 0.02848285 0.04429131 0.03896254 0.04429131 0.03896254 0.0517323 0.02848285 0.04434031 0.03900563 0.04429131 0.03896254 0.04434031 0.03900563 0.0438531 0.03946512 0.0438531 0.03946512 0.04434031 0.03900563 0.04342061 0.0399726 0.04342061 0.0399726 0.04434031 0.03900563 0.04299384 0.04048496 0.05734175 0.01402306 0.05720126 0.01468068 0.05232411 0.0272817 0.05232411 0.0272817 0.05720126 0.01468068 0.05236464 0.02730286 0.05232411 0.0272817 0.05236464 0.02730286 0.0517323 0.02848285 0.05905508 -4.93556e-5 0.05736464 0.0140286 0.05734175 0.01402306 0.05734175 0.01402306 0.05736464 0.0140286 0.05720126 0.01468068 0 0.02443128 -0.1968504 0.003817141 0 0.003817141 0 0.003817141 -0.1968504 0.003817141 -0.1968504 -0.01679694 0 0.003817141 -0.1968504 -0.01679694 0 -0.01679694 0 -0.01679694 -0.1968504 -0.01679694 -0.1968504 -0.03741103 0 -0.01679694 -0.1968504 -0.03741103 0 -0.03741103 0 -0.03741103 -0.1968504 -0.03741103 -0.1968504 -0.05802518 0 -0.03741103 -0.1968504 -0.05802518 0 -0.05802518 0 -0.05802518 -0.1968504 -0.05802518 -0.1968504 -0.07863932 0 -0.05802518 -0.1968504 -0.07863932 0 -0.07863932 0 0.1068878 -0.1968504 0.1068878 -0.1968504 0.08627367 0 0.1068878 -0.1968504 0.08627367 0 0.08627367 0 0.08627367 -0.1968504 0.08627367 -0.1968504 0.06565952 0 0.08627367 -0.1968504 0.06565952 0 0.06565952 0 0.06565952 -0.1968504 0.06565952 -0.1968504 0.04504537 0 0.06565952 -0.1968504 0.04504537 0 0.04504537 0 0.04504537 -0.1968504 0.04504537 -0.1968504 0.02443128 0 0.04504537 -0.1968504 0.02443128 0 0.02443128 0 0.02443128 -0.1968504 0.02443128 -0.1968504 0.003817141 0 0.1968504 -0.05905508 0.1968504 0 0 0 0 -0.05905508 0.1968504 -0.05905508 0 0.1968504 0.208814 0 0.1854777 0.1968504 0.1778928 0.1968504 0.1778928 0 0.1854777 0 0.1829494 0.1968504 0.1778928 0 0.1829494 0 0.1804211 0.1968504 -0.1313191 0 -0.1429201 0.1968504 -0.1622403 0.1968504 -0.1622403 0 -0.1429201 0 -0.1558052 0.1968504 -0.1622403 0 -0.1558052 0 -0.1571441 0.1968504 -0.1003979 0 -0.1088156 0.1968504 -0.1313191 0.1968504 -0.1313191 0 -0.1088156 0 -0.1409196 0.1968504 -0.1313191 0 -0.1409196 0 -0.1429201 0 -0.1088156 0.1968504 -0.1003979 0 -0.07671153 0 -0.07671153 0.1968504 -0.1003979 0.1968504 -0.06947672 0 -0.07671153 0.1968504 -0.06947672 0 -0.04460746 0 -0.04460746 0.1968504 -0.06947672 0.1968504 -0.0385555 0 -0.04460746 0.1968504 -0.0385555 0 -0.042607 0 -0.042607 0.1968504 -0.0385555 0 -0.03228306 0 -0.03228306 0.1968504 -0.0385555 0 -0.01995867 0 -0.01995867 0.1968504 -0.0385555 0.1968504 -0.007634341 0 -0.01995867 0.1968504 -0.007634341 0 -0.01148188 0 -0.01148188 0.1968504 -0.007634341 0 -0.007634341 0 -0.1571441 0 -0.1706908 0.1968504 -0.1622403 0.1968504 -0.1622403 0 -0.1706908 0 -0.1713631 0.1968504 0.208814 0 0.1996912 0 0.1854777 0 0.1804211 0 0.1778928 0.1968504 0.1778928 0 0 0 0.1968504 -0.05773133 0 -0.05773133 0 0 0.1968504 -0.05905508 0.1968504 -0.05773133 0 -0.05905508 0.1968504 -0.05905508 0 0.05520796 -0.1516826 0 0.1614173 0 -0.1614173 0 -0.1614173 0 0.1614173 -0.05520796 0.1516826 0 -0.1614173 -0.05520796 0.1516826 -0.05520796 -0.1516826 -0.05520796 -0.1516826 -0.05520796 0.1516826 -0.103757 0.1236528 -0.05520796 -0.1516826 -0.103757 0.1236528 -0.103757 -0.1236528 -0.103757 -0.1236528 -0.103757 0.1236528 -0.1397915 0.08070862 -0.103757 -0.1236528 -0.1397915 0.08070862 -0.158965 0.02802979 0 0.1614173 0.05520796 -0.1516826 0.05520796 0.1516826 0.05520796 0.1516826 0.05520796 -0.1516826 0.103757 -0.1236528 0.05520796 0.1516826 0.103757 -0.1236528 0.103757 0.1236528 0.103757 0.1236528 0.103757 -0.1236528 0.1397915 -0.08070862 0.103757 0.1236528 0.1397915 -0.08070862 0.1397915 0.08070862 0.1397915 0.08070862 0.1397915 -0.08070862 0.158965 -0.02802979 0.1397915 0.08070862 0.158965 -0.02802979 0.158965 0.02802979 -0.158965 0.02802979 -0.158965 -0.02802979 -0.103757 -0.1236528 -0.103757 -0.1236528 -0.158965 -0.02802979 -0.1397915 -0.08070862 -3.91567 0.03373217 -3.955041 0.02529913 -3.91567 0 -3.91567 0 -3.955041 0.02529913 -3.955041 -0.008433043 -3.91567 0 -3.955041 -0.008433043 -3.91567 -0.03373217 -3.91567 -0.03373217 -3.955041 -0.008433043 -3.955041 -0.04216521 -3.91567 -0.03373217 -3.955041 -0.04216521 -3.91567 -0.06746441 -3.91567 -0.06746441 -3.955041 -0.04216521 -3.955041 -0.07589745 -3.91567 -0.06746441 -3.955041 -0.07589745 -3.91567 -0.1011966 -3.91567 -0.1011966 -3.955041 -0.07589745 -3.955041 -0.1096296 -3.91567 -0.1011966 -3.955041 -0.1096296 -3.91567 -0.1349288 -3.91567 -0.1349288 -3.955041 -0.1096296 -3.955041 -0.1433619 -3.91567 -0.1349288 -3.955041 -0.1433619 -3.955041 -0.1770941 -3.955041 0.02529913 -3.91567 0.03373217 -3.955041 0.0590313 -3.955041 0.0590313 -3.91567 0.03373217 -3.91567 0.06746441 -3.955041 0.0590313 -3.91567 0.06746441 -3.955041 0.09276354 -3.955041 0.09276354 -3.91567 0.06746441 -3.91567 0.1011966 -3.955041 0.09276354 -3.91567 0.1011966 -3.955041 0.1264957 -3.955041 0.1264957 -3.91567 0.1011966 -3.91567 0.1349288 -3.955041 0.1264957 -3.91567 0.1349288 -3.955041 0.160228 -3.955041 0.160228 -3.91567 0.1349288 -3.91567 0.168661 -3.955041 0.160228 -3.91567 0.168661 -3.91567 0.2023932 -3.955041 0.160228 -3.91567 0.2023932 -3.955041 0.1939601 -3.955041 -0.1770941 -3.91567 -0.168661 -3.91567 -0.1349288 -3.91567 0.03373217 -3.955041 0.02529913 -3.91567 0 -3.91567 0 -3.955041 0.02529913 -3.955041 -0.008433043 -3.91567 0 -3.955041 -0.008433043 -3.91567 -0.03373217 -3.91567 -0.03373217 -3.955041 -0.008433043 -3.955041 -0.04216521 -3.91567 -0.03373217 -3.955041 -0.04216521 -3.91567 -0.06746441 -3.91567 -0.06746441 -3.955041 -0.04216521 -3.955041 -0.07589745 -3.91567 -0.06746441 -3.955041 -0.07589745 -3.91567 -0.1011966 -3.91567 -0.1011966 -3.955041 -0.07589745 -3.955041 -0.1096296 -3.91567 -0.1011966 -3.955041 -0.1096296 -3.91567 -0.1349288 -3.91567 -0.1349288 -3.955041 -0.1096296 -3.955041 -0.1433619 -3.91567 -0.1349288 -3.955041 -0.1433619 -3.955041 -0.1770941 -3.955041 0.02529913 -3.91567 0.03373217 -3.955041 0.0590313 -3.955041 0.0590313 -3.91567 0.03373217 -3.91567 0.06746441 -3.955041 0.0590313 -3.91567 0.06746441 -3.955041 0.09276354 -3.955041 0.09276354 -3.91567 0.06746441 -3.91567 0.1011966 -3.955041 0.09276354 -3.91567 0.1011966 -3.955041 0.1264957 -3.955041 0.1264957 -3.91567 0.1011966 -3.91567 0.1349288 -3.955041 0.1264957 -3.91567 0.1349288 -3.955041 0.160228 -3.955041 0.160228 -3.91567 0.1349288 -3.91567 0.168661 -3.955041 0.160228 -3.91567 0.168661 -3.91567 0.2023932 -3.955041 0.160228 -3.91567 0.2023932 -3.955041 0.1939601 -3.955041 -0.1770941 -3.91567 -0.168661 -3.91567 -0.1349288 -3.91567 0.03373217 -3.955041 0.02529913 -3.91567 0 -3.91567 0 -3.955041 0.02529913 -3.955041 -0.008433043 -3.91567 0 -3.955041 -0.008433043 -3.91567 -0.03373217 -3.91567 -0.03373217 -3.955041 -0.008433043 -3.955041 -0.04216521 -3.91567 -0.03373217 -3.955041 -0.04216521 -3.91567 -0.06746441 -3.91567 -0.06746441 -3.955041 -0.04216521 -3.955041 -0.07589745 -3.91567 -0.06746441 -3.955041 -0.07589745 -3.91567 -0.1011966 -3.91567 -0.1011966 -3.955041 -0.07589745 -3.955041 -0.1096296 -3.91567 -0.1011966 -3.955041 -0.1096296 -3.91567 -0.1349288 -3.91567 -0.1349288 -3.955041 -0.1096296 -3.955041 -0.1433619 -3.91567 -0.1349288 -3.955041 -0.1433619 -3.955041 -0.1770941 -3.955041 0.02529913 -3.91567 0.03373217 -3.955041 0.0590313 -3.955041 0.0590313 -3.91567 0.03373217 -3.91567 0.06746441 -3.955041 0.0590313 -3.91567 0.06746441 -3.955041 0.09276354 -3.955041 0.09276354 -3.91567 0.06746441 -3.91567 0.1011966 -3.955041 0.09276354 -3.91567 0.1011966 -3.955041 0.1264957 -3.955041 0.1264957 -3.91567 0.1011966 -3.91567 0.1349288 -3.955041 0.1264957 -3.91567 0.1349288 -3.955041 0.160228 -3.955041 0.160228 -3.91567 0.1349288 -3.91567 0.168661 -3.955041 0.160228 -3.91567 0.168661 -3.91567 0.2023932 -3.955041 0.160228 -3.91567 0.2023932 -3.955041 0.1939601 -3.955041 -0.1770941 -3.91567 -0.168661 -3.91567 -0.1349288 -3.91567 0.03373217 -3.955041 0.02529913 -3.91567 0 -3.91567 0 -3.955041 0.02529913 -3.955041 -0.008433043 -3.91567 0 -3.955041 -0.008433043 -3.91567 -0.03373217 -3.91567 -0.03373217 -3.955041 -0.008433043 -3.955041 -0.04216521 -3.91567 -0.03373217 -3.955041 -0.04216521 -3.91567 -0.06746441 -3.91567 -0.06746441 -3.955041 -0.04216521 -3.955041 -0.07589745 -3.91567 -0.06746441 -3.955041 -0.07589745 -3.91567 -0.1011966 -3.91567 -0.1011966 -3.955041 -0.07589745 -3.955041 -0.1096296 -3.91567 -0.1011966 -3.955041 -0.1096296 -3.91567 -0.1349288 -3.91567 -0.1349288 -3.955041 -0.1096296 -3.955041 -0.1433619 -3.91567 -0.1349288 -3.955041 -0.1433619 -3.955041 -0.1770941 -3.955041 0.02529913 -3.91567 0.03373217 -3.955041 0.0590313 -3.955041 0.0590313 -3.91567 0.03373217 -3.91567 0.06746441 -3.955041 0.0590313 -3.91567 0.06746441 -3.955041 0.09276354 -3.955041 0.09276354 -3.91567 0.06746441 -3.91567 0.1011966 -3.955041 0.09276354 -3.91567 0.1011966 -3.955041 0.1264957 -3.955041 0.1264957 -3.91567 0.1011966 -3.91567 0.1349288 -3.955041 0.1264957 -3.91567 0.1349288 -3.955041 0.160228 -3.955041 0.160228 -3.91567 0.1349288 -3.91567 0.168661 -3.955041 0.160228 -3.91567 0.168661 -3.91567 0.2023932 -3.955041 0.160228 -3.91567 0.2023932 -3.955041 0.1939601 -3.955041 -0.1770941 -3.91567 -0.168661 -3.91567 -0.1349288 -0.006408214 0.05871891 0.02474224 0.05356824 0.05094921 0.0661754 0.05094921 0.0661754 0.02474224 0.05356824 0.04878711 0.03310537 0.05094921 0.0661754 0.04878711 0.03310537 0.0588532 0.00317949 0.05094921 0.0661754 0.0588532 0.00317949 0.0661754 -0.05094921 0.0661754 -0.05094921 0.0588532 0.00317949 0.05206316 -0.02765518 0.0661754 -0.05094921 0.05206316 -0.02765518 0.03035795 -0.05058485 -5.81196e-5 -0.05905508 0.002505242 -0.05900192 0.03035795 -0.05058485 0.03035795 -0.05058485 0.002505242 -0.05900192 0.005063951 -0.05883759 0.03035795 -0.05058485 0.005063951 -0.05883759 0.007613062 -0.05856233 0.007613062 -0.05856233 0.0661754 -0.05094921 0.03035795 -0.05058485 0 -0.02958482 -0.1968504 -0.05019891 0 -0.05019891 0 -0.05019891 -0.1968504 -0.05019891 -0.1968504 -0.07081305 0 -0.05019891 -0.1968504 -0.07081305 0 -0.07081305 0 -0.07081305 -0.1968504 -0.07081305 -0.1968504 -0.0914272 0 -0.07081305 -0.1968504 -0.0914272 0 -0.0914272 0 0.09409993 -0.1968504 0.09409987 -0.1968504 0.07348579 0 0.09409993 -0.1968504 0.07348579 0 0.07348579 0 0.07348579 -0.1968504 0.07348579 -0.1968504 0.05287164 0 0.07348579 -0.1968504 0.05287164 0 0.05287164 0 0.05287164 -0.1968504 0.05287164 -0.1968504 0.03225749 0 0.05287164 -0.1968504 0.03225749 0 0.03225749 0 0.03225749 -0.1968504 0.03225749 -0.1968504 0.0116434 0 0.03225749 -0.1968504 0.0116434 0 0.0116434 0 0.0116434 -0.1968504 0.0116434 -0.1968504 -0.008970677 0 0.0116434 -0.1968504 -0.008970677 0 -0.008970677 0 -0.008970677 -0.1968504 -0.008970677 -0.1968504 -0.02958482 0 -0.008970677 -0.1968504 -0.02958482 0 -0.02958482 0 -0.02958482 -0.1968504 -0.02958482 -0.1968504 -0.05019891 -0.05905508 0 -0.05905508 -0.1968504 -0.001214981 0 -0.001214981 0 -0.05905508 -0.1968504 0 -0.1968504 -0.001214981 0 0 -0.1968504 0 0 0 -0.1968504 0.05905508 -0.1968504 0 0 0 0 0.05905508 -0.1968504 0.05905508 0 0 -0.0851292 0.1968504 -0.0851292 0 -0.05549007 0 -0.05549007 0.1968504 -0.0851292 0.1968504 -0.05420798 0 -0.05549007 0.1968504 -0.05420798 0 -0.02585095 0 -0.02585095 0.1968504 -0.05420798 0.1968504 -0.02328681 0 -0.02585095 0.1968504 -0.02328681 0 0.003788113 0 0.003788113 0.1968504 -0.02328681 0.1968504 0.007634341 0 0.003788113 0.1968504 0.007634341 0 0.03342717 0 0.03342717 0.1968504 0.007634341 0.1968504 0.0385555 0 0.03342717 0.1968504 0.0385555 0 0.0630663 0 0.0630663 0.1968504 0.0385555 0.1968504 0.06947672 0 0.0630663 0.1968504 0.06947672 0 0.09270542 0 0.09270542 0.1968504 0.06947672 0.1968504 0.1003979 0 0.09270542 0.1968504 0.1003979 0 0.09526956 0 0.09526956 0.1968504 0.1003979 0 0.09783375 0 0.09783375 0.1968504 0.1003979 0 0.1003979 -0.01163375 0.05785971 -0.01980495 0.05563515 -0.03887319 0.04429131 -0.03887319 0.04429131 -0.01980495 0.05563515 -0.03110402 0.05020004 -0.03887319 0.04429131 -0.03110402 0.05020004 -0.03895515 0.04438471 0.01874488 0.05606377 -0.007613062 0.05856233 -0.01163375 0.05785971 -0.01163375 0.05785971 -0.007613062 0.05856233 -0.01164108 0.05789637 -0.01163375 0.05785971 -0.01164108 0.05789637 -0.01980495 0.05563515 -0.007613062 0.05856233 0.01874488 0.05606377 0.05094921 0.0661754 0.05094921 0.0661754 0.01874488 0.05606377 0.04419589 0.03938043 0.05094921 0.0661754 0.04419589 0.03938043 0.05796086 0.01223975 -0.04100102 0.04250198 -0.04028242 0.04308724 -0.03895515 0.04438471 -0.03895515 0.04438471 -0.04028242 0.04308724 -0.03957307 0.04368376 -0.03895515 0.04438471 -0.03957307 0.04368376 -0.03887319 0.04429131 0 -0.02958482 -0.1968504 -0.05019891 0 -0.05019891 0 -0.05019891 -0.1968504 -0.05019891 -0.1968504 -0.07081305 0 -0.05019891 -0.1968504 -0.07081305 0 -0.07081305 0 -0.07081305 -0.1968504 -0.07081305 -0.1968504 -0.0914272 0 -0.07081305 -0.1968504 -0.0914272 0 -0.0914272 0 0.09409993 -0.1968504 0.09409987 -0.1968504 0.07348579 0 0.09409993 -0.1968504 0.07348579 0 0.07348579 0 0.07348579 -0.1968504 0.07348579 -0.1968504 0.05287164 0 0.07348579 -0.1968504 0.05287164 0 0.05287164 0 0.05287164 -0.1968504 0.05287164 -0.1968504 0.03225749 0 0.05287164 -0.1968504 0.03225749 0 0.03225749 0 0.03225749 -0.1968504 0.03225749 -0.1968504 0.0116434 0 0.03225749 -0.1968504 0.0116434 0 0.0116434 0 0.0116434 -0.1968504 0.0116434 -0.1968504 -0.008970677 0 0.0116434 -0.1968504 -0.008970677 0 -0.008970677 0 -0.008970677 -0.1968504 -0.008970677 -0.1968504 -0.02958482 0 -0.008970677 -0.1968504 -0.02958482 0 -0.02958482 0 -0.02958482 -0.1968504 -0.02958482 -0.1968504 -0.05019891 -0.05905508 -0.1968504 0 -0.1968504 -0.05905508 0 -0.05905508 0 0 -0.1968504 0 0 0 0 0 -0.1968504 0.001878619 0 0.001878619 0 0 -0.1968504 0.05905508 -0.1968504 0.001878619 0 0.05905508 -0.1968504 0.05905508 0 0.1968504 -0.05420798 0 -0.07256716 0.1968504 -0.0851292 0.1968504 -0.0851292 0 -0.07256716 0 -0.08104568 0.1968504 -0.0851292 0 -0.08104568 0 -0.0851292 0.1968504 -0.02328681 0 -0.04744315 0.1968504 -0.05420798 0.1968504 -0.05420798 0 -0.04744315 0 -0.05022376 0.1968504 -0.05420798 0 -0.05022376 0 -0.06000518 0 -0.04744315 0.1968504 -0.02328681 0 -0.01581436 0 -0.01581436 0.1968504 -0.02328681 0.1968504 0.007634341 0 -0.01581436 0.1968504 0.007634341 0 0.01581436 0 0.01581436 0.1968504 0.007634341 0.1968504 0.0385555 0 0.01581436 0.1968504 0.0385555 0 0.04744315 0 0.04744315 0.1968504 0.0385555 0 0.05022376 0 0.05022376 0.1968504 0.0385555 0.1968504 0.06947672 0 0.05022376 0.1968504 0.06947672 0 0.0625813 0 0.0625813 0.1968504 0.06947672 0 0.06444495 0 0.06444495 0.1968504 0.06947672 0 0.07771944 0 0.07771944 0.1968504 0.06947672 0 0.07865655 0 0.07865655 0.1968504 0.06947672 0.1968504 0.1003979 0 0.07865655 0.1968504 0.1003979 0 0.09285759 0 0.09285759 0.1968504 0.1003979 0 0.095371 0 0.095371 0.1968504 0.1003979 0 0.09788447 0 0.09788447 0.1968504 0.1003979 0 0.1003979 0 -0.06000518 0 -0.07256716 0.1968504 -0.05420798 -0.02412736 -0.02034395 -0.02881717 -0.006437718 -0.03149604 -9.87112e-5 -0.03149604 -9.87112e-5 -0.02881717 -0.006437718 -0.02621334 0.0135917 -0.03149604 -9.87112e-5 -0.02621334 0.0135917 -0.02412736 0.02014654 -0.02412736 0.02014654 -0.02621334 0.0135917 -0.01134401 0.02726149 -0.02412736 0.02014654 -0.01134401 0.02726149 -0.005469202 0.03091883 -0.005469202 0.03091883 -0.01134401 0.02726149 0.008833289 0.02817529 -0.005469202 0.03091883 0.008833289 0.02817529 0.01574802 0.02717763 0.01574802 0.02717763 0.008833289 0.02817529 0.02487748 0.01590555 0.01574802 0.02717763 0.02487748 0.01590555 0.02959656 0.01067358 0.02959656 0.01067358 0.02487748 0.01590555 0.02928113 -0.003806531 0.02959656 0.01067358 0.02928113 -0.003806531 0.02959656 -0.01087099 0.02959656 -0.01087099 0.02928113 -0.003806531 0.01998382 -0.02173751 0.02959656 -0.01087099 0.01998382 -0.02173751 0.01574802 -0.0273751 0.01574802 -0.0273751 0.01998382 -0.02173751 0.001335859 -0.02949732 0.01574802 -0.0273751 0.001335859 -0.02949732 -0.005469202 -0.03111624 -0.005469202 -0.03111624 0.001335859 -0.02949732 -0.01793712 -0.02345496 -0.005469202 -0.03111624 -0.01793712 -0.02345496 -0.02412736 -0.02034395 -0.02412736 -0.02034395 -0.01793712 -0.02345496 -0.02881717 -0.006437718 0 0.1095605 -0.1968504 0.0889464 0 0.0889464 0 0.0889464 -0.1968504 0.0889464 -0.1968504 0.06833225 0 0.0889464 -0.1968504 0.06833225 0 0.06833225 0 0.06833225 -0.1968504 0.06833225 -0.1968504 0.0477181 0 0.06833225 -0.1968504 0.0477181 0 0.0477181 0 0.0477181 -0.1968504 0.0477181 -0.1968504 0.02710396 0 0.0477181 -0.1968504 0.02710396 0 0.02710396 0 0.02710396 -0.1968504 0.02710396 -0.1968504 0.006489872 0 0.02710396 -0.1968504 0.006489872 0 0.006489872 0 0.006489872 -0.1968504 0.006489872 -0.1968504 -0.01412421 0 0.006489872 -0.1968504 -0.01412421 0 -0.01412421 0 -0.01412421 -0.1968504 -0.01412421 -0.1968504 -0.03473836 0 -0.01412421 -0.1968504 -0.03473836 0 -0.03473836 0 -0.03473836 -0.1968504 -0.03473836 -0.1968504 -0.05535244 0 -0.03473836 -0.1968504 -0.05535244 0 -0.05535244 0 -0.05535244 -0.1968504 -0.05535244 -0.1968504 -0.07596659 0 -0.05535244 -0.1968504 -0.07596659 0 -0.07596659 0 0.1095605 -0.1968504 0.1095605 -0.1968504 0.0889464 -0.05905508 -0.1968504 0 -0.1968504 -0.05905508 0 -0.05905508 0 0 -0.1968504 0 0 0 0 0 -0.1968504 0.001323759 0 0.001323759 0 0 -0.1968504 0.05905508 -0.1968504 0.001323759 0 0.05905508 -0.1968504 0.05905508 0 0.1968504 -0.1469716 0 -0.1655684 0.1968504 -0.1778928 0.1968504 -0.1778928 0 -0.1655684 0 -0.1740452 0.1968504 -0.1778928 0 -0.1740452 0 -0.1778928 0.1968504 -0.1160504 0 -0.1409196 0.1968504 -0.1469716 0.1968504 -0.1469716 0 -0.1409196 0 -0.1429201 0.1968504 -0.1469716 0 -0.1429201 0 -0.153244 0 -0.1409196 0.1968504 -0.1160504 0 -0.1088156 0 -0.1088156 0.1968504 -0.1160504 0.1968504 -0.0851292 0 -0.1088156 0.1968504 -0.0851292 0 -0.07671153 0 -0.07671153 0.1968504 -0.0851292 0.1968504 -0.05420798 0 -0.07671153 0.1968504 -0.05420798 0 -0.04460746 0 -0.04460746 0.1968504 -0.05420798 0 -0.042607 0 -0.042607 0.1968504 -0.05420798 0.1968504 -0.02328681 0 -0.042607 0.1968504 -0.02328681 0 -0.02972185 0 -0.02972185 0.1968504 -0.02328681 0 -0.02838301 0 -0.02838301 0.1968504 -0.02328681 0 -0.01483625 0 -0.01483625 0.1968504 -0.02328681 0 -0.01416403 0 -0.01416403 0.1968504 -0.02328681 0.1968504 0.007634341 0 -0.01416403 0.1968504 0.007634341 0 4.93556e-5 0 4.93556e-5 0.1968504 0.007634341 0 0.002577662 0 0.002577662 0.1968504 0.007634341 0 0.005105972 0 0.005105972 0.1968504 0.007634341 0 0.007634341 0 -0.153244 0 -0.1655684 0.1968504 -0.1469716 0.08963894 0 0.625074 -0.4974627 0.9339831 0 0.9339831 0 0.625074 -0.4974627 0.6580107 -0.4927271 0.9339831 0 0.6580107 -0.4927271 0.6882792 -0.5065503 0.08963894 -1.732283 0.1377952 -0.7283465 0.08963894 0 0.08963894 0 0.1377952 -0.7283465 0.14717 -0.6964189 0.08963894 0 0.14717 -0.6964189 0.172318 -0.674628 0.9339831 -1.732283 0.4126886 -1.225733 0.08963894 -1.732283 0.08963894 -1.732283 0.4126886 -1.225733 0.3824202 -1.239556 0.08963894 -1.732283 0.3824202 -1.239556 0.3494834 -1.234821 0.9339831 0 0.8834346 -0.9872993 0.9339831 -1.732283 0.9339831 -1.732283 0.8834346 -0.9872993 0.8834346 -1.020575 0.9339831 -1.732283 0.8834346 -1.020575 0.8654446 -1.048568 0.599926 -0.5192535 0.2355232 -0.6837155 0.5905512 -0.5511811 0.5905512 -0.5511811 0.2355232 -0.6837155 0.2535133 -0.7117087 0.5905512 -0.5511811 0.2535133 -0.7117087 0.599926 -0.5831087 0.599926 -0.5831087 0.2535133 -0.7117087 0.2535133 -0.7449842 0.599926 -0.5831087 0.2535133 -0.7449842 0.3824202 -1.122648 0.3824202 -1.122648 0.2535133 -0.7449842 0.3494834 -1.127384 0.3494834 -1.127384 0.2535133 -0.7449842 0.2355232 -0.7729774 0.3494834 -1.127384 0.2355232 -0.7729774 0.3243354 -1.149175 0.3243354 -1.149175 0.2355232 -0.7729774 0.2052548 -0.7868005 0.3243354 -1.149175 0.2052548 -0.7868005 0.3149606 -1.181102 0.3149606 -1.181102 0.2052548 -0.7868005 0.172318 -0.7820649 0.3149606 -1.181102 0.172318 -0.7820649 0.14717 -0.7602741 0.2355232 -0.6837155 0.599926 -0.5192535 0.08963894 0 0.08963894 0 0.599926 -0.5192535 0.625074 -0.4974627 0.6882792 -0.5065503 0.7062693 -0.5345434 0.9339831 0 0.9339831 0 0.7062693 -0.5345434 0.8654446 -0.9593062 0.9339831 0 0.8654446 -0.9593062 0.8834346 -0.9872993 0.7062693 -0.5345434 0.7062693 -0.5678189 0.8654446 -0.9593062 0.8654446 -0.9593062 0.7062693 -0.5678189 0.8351761 -0.945483 0.8351761 -0.945483 0.7062693 -0.5678189 0.8022393 -0.9502186 0.8022393 -0.9502186 0.7062693 -0.5678189 0.6882792 -0.595812 0.8022393 -0.9502186 0.6882792 -0.595812 0.7770913 -0.9720095 0.7770913 -0.9720095 0.6882792 -0.595812 0.6580107 -0.6096351 0.7770913 -0.9720095 0.6580107 -0.6096351 0.7677165 -1.003937 0.7677165 -1.003937 0.6580107 -0.6096351 0.625074 -0.6048995 0.7677165 -1.003937 0.625074 -0.6048995 0.4306787 -1.164465 0.4306787 -1.164465 0.625074 -0.6048995 0.4126886 -1.136471 0.4126886 -1.136471 0.625074 -0.6048995 0.599926 -0.5831087 0.4126886 -1.136471 0.599926 -0.5831087 0.3824202 -1.122648 0.8654446 -1.048568 0.8351761 -1.062391 0.9339831 -1.732283 0.9339831 -1.732283 0.8351761 -1.062391 0.8022393 -1.057655 0.9339831 -1.732283 0.8022393 -1.057655 0.7770913 -1.035865 0.7677165 -1.003937 0.4306787 -1.164465 0.7770913 -1.035865 0.7770913 -1.035865 0.4306787 -1.164465 0.4306787 -1.19774 0.7770913 -1.035865 0.4306787 -1.19774 0.9339831 -1.732283 0.9339831 -1.732283 0.4306787 -1.19774 0.4126886 -1.225733 0.3494834 -1.234821 0.3243354 -1.21303 0.08963894 -1.732283 0.08963894 -1.732283 0.3243354 -1.21303 0.3149606 -1.181102 0.08963894 -1.732283 0.3149606 -1.181102 0.14717 -0.7602741 0.172318 -0.674628 0.2052548 -0.6698925 0.08963894 0 0.08963894 0 0.2052548 -0.6698925 0.2355232 -0.6837155 0.14717 -0.7602741 0.1377952 -0.7283465 0.08963894 -1.732283 -0.03458321 1.732283 -0.06529188 1.732283 -0.03458321 0 -0.03458321 0 -0.06529188 1.732283 -0.06529188 0 0.05856233 0.007613062 0.05452299 -0.02268803 0.0661754 -0.05094921 0.0661754 -0.05094921 0.05452299 -0.02268803 0.0358743 -0.04690986 0.0661754 -0.05094921 0.0358743 -0.04690986 0.007613062 -0.05856233 0 0.1968504 -0.05905508 0.1968504 0 0 0 0 -0.05905508 0.1968504 -0.05905508 0 0 -0.02958482 -0.1968504 -0.05019891 0 -0.05019891 0 -0.05019891 -0.1968504 -0.05019891 -0.1968504 -0.07081305 0 -0.05019891 -0.1968504 -0.07081305 0 -0.07081305 0 -0.07081305 -0.1968504 -0.07081305 -0.1968504 -0.0914272 0 -0.07081305 -0.1968504 -0.0914272 0 -0.0914272 0 0.09409993 -0.1968504 0.09409987 -0.1968504 0.07348579 0 0.09409993 -0.1968504 0.07348579 0 0.07348579 0 0.07348579 -0.1968504 0.07348579 -0.1968504 0.05287164 0 0.07348579 -0.1968504 0.05287164 0 0.05287164 0 0.05287164 -0.1968504 0.05287164 -0.1968504 0.03225749 0 0.05287164 -0.1968504 0.03225749 0 0.03225749 0 0.03225749 -0.1968504 0.03225749 -0.1968504 0.0116434 0 0.03225749 -0.1968504 0.0116434 0 0.0116434 0 0.0116434 -0.1968504 0.0116434 -0.1968504 -0.008970677 0 0.0116434 -0.1968504 -0.008970677 0 -0.008970677 0 -0.008970677 -0.1968504 -0.008970677 -0.1968504 -0.02958482 0 -0.008970677 -0.1968504 -0.02958482 0 -0.02958482 0 -0.02958482 -0.1968504 -0.02958482 -0.1968504 -0.05019891 0 0.1968504 -0.05905508 0.1968504 0 0 0 0 -0.05905508 0.1968504 -0.05905508 0 0.05856233 0.007613062 0.05452299 -0.02268803 0.0661754 -0.05094921 0.0661754 -0.05094921 0.05452299 -0.02268803 0.0358743 -0.04690986 0.0661754 -0.05094921 0.0358743 -0.04690986 0.007613062 -0.05856233 0 0.1968504 -0.05905508 0.1968504 0 0 0 0 -0.05905508 0.1968504 -0.05905508 0 0 -0.02958482 -0.1968504 -0.05019891 0 -0.05019891 0 -0.05019891 -0.1968504 -0.05019891 -0.1968504 -0.07081305 0 -0.05019891 -0.1968504 -0.07081305 0 -0.07081305 0 -0.07081305 -0.1968504 -0.07081305 -0.1968504 -0.0914272 0 -0.07081305 -0.1968504 -0.0914272 0 -0.0914272 0 0.09409993 -0.1968504 0.09409987 -0.1968504 0.07348579 0 0.09409993 -0.1968504 0.07348579 0 0.07348579 0 0.07348579 -0.1968504 0.07348579 -0.1968504 0.05287164 0 0.07348579 -0.1968504 0.05287164 0 0.05287164 0 0.05287164 -0.1968504 0.05287164 -0.1968504 0.03225749 0 0.05287164 -0.1968504 0.03225749 0 0.03225749 0 0.03225749 -0.1968504 0.03225749 -0.1968504 0.0116434 0 0.03225749 -0.1968504 0.0116434 0 0.0116434 0 0.0116434 -0.1968504 0.0116434 -0.1968504 -0.008970677 0 0.0116434 -0.1968504 -0.008970677 0 -0.008970677 0 -0.008970677 -0.1968504 -0.008970677 -0.1968504 -0.02958482 0 -0.008970677 -0.1968504 -0.02958482 0 -0.02958482 0 -0.02958482 -0.1968504 -0.02958482 -0.1968504 -0.05019891 -1.826188 -0.3810961 -1.829532 -0.3380339 -1.85 -0.3 -1.85 -0.3 -1.829532 -0.3380339 -1.829532 -0.2619661 -1.85 -0.3 -1.829532 -0.2619661 -1.826188 -0.2189038 -1.826188 -0.2189038 -1.829532 -0.2619661 -1.788406 -0.1979738 -1.826188 -0.2189038 -1.788406 -0.1979738 -1.762312 -0.1635552 -1.762312 -0.1635552 -1.788406 -0.1979738 -1.719213 -0.1663741 -1.762312 -0.1635552 -1.719213 -0.1663741 -1.678653 -0.1515268 -1.678653 -0.1515268 -1.719213 -0.1663741 -1.643919 -0.1771997 -1.678653 -0.1515268 -1.643919 -0.1771997 -1.601771 -0.1866375 -1.601771 -0.1866375 -1.643919 -0.1771997 -1.586431 -0.2270135 -1.601771 -0.1866375 -1.586431 -0.2270135 -1.556076 -0.2577401 -1.556076 -0.2577401 -1.586431 -0.2270135 -1.565 -0.3 -1.556076 -0.2577401 -1.565 -0.3 -1.556076 -0.3422599 -1.556076 -0.3422599 -1.565 -0.3 -1.586431 -0.3729865 -1.556076 -0.3422599 -1.586431 -0.3729865 -1.601771 -0.4133625 -1.601771 -0.4133625 -1.586431 -0.3729865 -1.643919 -0.4228003 -1.601771 -0.4133625 -1.643919 -0.4228003 -1.678653 -0.4484732 -1.678653 -0.4484732 -1.643919 -0.4228003 -1.719213 -0.4336259 -1.678653 -0.4484732 -1.719213 -0.4336259 -1.762312 -0.4364448 -1.762312 -0.4364448 -1.719213 -0.4336259 -1.788406 -0.4020262 -1.762312 -0.4364448 -1.788406 -0.4020262 -1.826188 -0.3810961 -1.826188 -0.3810961 -1.788406 -0.4020262 -1.829532 -0.3380339 -2.777014 -0.6364308 -2.828653 -0.6015268 -2.85 -0.615 -2.85 -0.615 -2.828653 -0.6015268 -2.912312 -0.6135552 -2.85 -0.615 -2.912312 -0.6135552 -2.922987 -0.6364308 -2.922987 -0.6364308 -2.912312 -0.6135552 -2.976188 -0.6689039 -2.922987 -0.6364308 -2.976188 -0.6689039 -2.9728 -0.693919 -2.9728 -0.693919 -2.976188 -0.6689039 -3 -0.75 -2.9728 -0.693919 -3 -0.75 -2.983626 -0.7692125 -2.983626 -0.7692125 -3 -0.75 -2.976188 -0.8310961 -2.983626 -0.7692125 -2.976188 -0.8310961 -2.952026 -0.8384062 -2.952026 -0.8384062 -2.976188 -0.8310961 -2.912312 -0.8864448 -2.952026 -0.8384062 -2.912312 -0.8864448 -2.888034 -0.8795316 -2.888034 -0.8795316 -2.912312 -0.8864448 -2.828653 -0.8984733 -2.888034 -0.8795316 -2.828653 -0.8984733 -2.811966 -0.8795316 -2.811966 -0.8795316 -2.828653 -0.8984733 -2.751771 -0.8633624 -2.811966 -0.8795316 -2.751771 -0.8633624 -2.747974 -0.8384062 -2.747974 -0.8384062 -2.751771 -0.8633624 -2.706076 -0.7922599 -2.747974 -0.8384062 -2.706076 -0.7922599 -2.716374 -0.7692125 -2.716374 -0.7692125 -2.706076 -0.7922599 -2.706076 -0.7077401 -2.716374 -0.7692125 -2.706076 -0.7077401 -2.7272 -0.693919 -2.7272 -0.693919 -2.706076 -0.7077401 -2.751771 -0.6366376 -2.7272 -0.693919 -2.751771 -0.6366376 -2.777014 -0.6364308 -2.777014 -0.6364308 -2.751771 -0.6366376 -2.828653 -0.6015268 -2.526188 -1.981096 -2.513569 -1.972987 -2.55 -1.9 -2.55 -1.9 -2.513569 -1.972987 -2.535 -1.9 -2.55 -1.9 -2.535 -1.9 -2.513569 -1.827013 -2.513569 -1.972987 -2.526188 -1.981096 -2.456081 -2.0228 -2.456081 -2.0228 -2.526188 -1.981096 -2.462312 -2.036445 -2.456081 -2.0228 -2.462312 -2.036445 -2.380788 -2.033626 -2.380788 -2.033626 -2.462312 -2.036445 -2.378653 -2.048473 -2.380788 -2.033626 -2.378653 -2.048473 -2.301771 -2.013363 -2.380788 -2.033626 -2.301771 -2.013363 -2.311594 -2.002026 -2.311594 -2.002026 -2.301771 -2.013363 -2.256076 -1.94226 -2.311594 -2.002026 -2.256076 -1.94226 -2.270468 -1.938034 -2.270468 -1.938034 -2.256076 -1.94226 -2.270468 -1.861966 -2.270468 -1.861966 -2.256076 -1.94226 -2.256076 -1.85774 -2.270468 -1.861966 -2.256076 -1.85774 -2.311594 -1.797974 -2.311594 -1.797974 -2.256076 -1.85774 -2.301771 -1.786638 -2.311594 -1.797974 -2.301771 -1.786638 -2.380788 -1.766374 -2.380788 -1.766374 -2.301771 -1.786638 -2.378653 -1.751527 -2.380788 -1.766374 -2.378653 -1.751527 -2.462312 -1.763555 -2.380788 -1.766374 -2.462312 -1.763555 -2.456081 -1.7772 -2.456081 -1.7772 -2.462312 -1.763555 -2.526188 -1.818904 -2.456081 -1.7772 -2.526188 -1.818904 -2.513569 -1.827013 -2.513569 -1.827013 -2.526188 -1.818904 -2.55 -1.9 -4.1 -2.172317 -0.07499998 -2.206699 0 -2.172317 0 -2.172317 -0.07499998 -2.206699 -0.04999995 -2.2 0 -2.172317 -0.04999995 -2.2 0 -2.2 -4.1 -2.2 -4.05 -2.2 -4.1 -2.172317 -4.1 -2.172317 -4.05 -2.2 -4.025 -2.206699 -4.1 -2.172317 -4.025 -2.206699 -0.07499998 -2.206699 -0.07499998 -2.206699 -4.025 -2.206699 -0.09330123 -2.225 -0.09330123 -2.225 -4.025 -2.206699 -4.006699 -2.225 -0.09330123 -2.225 -4.006699 -2.225 -0.1 -2.25 -0.1 -2.25 -4.006699 -2.225 -4 -2.25 -1.322986 -1.563569 -1.312312 -1.586445 -1.25 -1.585 -1.25 -1.585 -1.312312 -1.586445 -1.228653 -1.598473 -1.25 -1.585 -1.228653 -1.598473 -1.177013 -1.563569 -1.177013 -1.563569 -1.228653 -1.598473 -1.151771 -1.563362 -1.177013 -1.563569 -1.151771 -1.563362 -1.1272 -1.506081 -1.1272 -1.506081 -1.151771 -1.563362 -1.106076 -1.49226 -1.1272 -1.506081 -1.106076 -1.49226 -1.116374 -1.430787 -1.116374 -1.430787 -1.106076 -1.49226 -1.106076 -1.40774 -1.116374 -1.430787 -1.106076 -1.40774 -1.147974 -1.361594 -1.147974 -1.361594 -1.106076 -1.40774 -1.151771 -1.336638 -1.147974 -1.361594 -1.151771 -1.336638 -1.211966 -1.320468 -1.211966 -1.320468 -1.151771 -1.336638 -1.228653 -1.301527 -1.211966 -1.320468 -1.228653 -1.301527 -1.288034 -1.320468 -1.288034 -1.320468 -1.228653 -1.301527 -1.312312 -1.313555 -1.288034 -1.320468 -1.312312 -1.313555 -1.352026 -1.361594 -1.352026 -1.361594 -1.312312 -1.313555 -1.376188 -1.368904 -1.352026 -1.361594 -1.376188 -1.368904 -1.383626 -1.430787 -1.383626 -1.430787 -1.376188 -1.368904 -1.4 -1.45 -1.383626 -1.430787 -1.4 -1.45 -1.3728 -1.506081 -1.3728 -1.506081 -1.4 -1.45 -1.376188 -1.531096 -1.3728 -1.506081 -1.376188 -1.531096 -1.322986 -1.563569 -1.322986 -1.563569 -1.376188 -1.531096 -1.312312 -1.586445 2.190228 -0.714726 2.326527 -0.4011272 2.05 -0.69 2.05 -0.69 2.326527 -0.4011272 2.067365 -0.3984808 2.05 -0.69 2.067365 -0.3984808 2 -0.3866025 2.313543 -0.7859218 2.565685 -0.6209172 2.190228 -0.714726 2.190228 -0.714726 2.565685 -0.6209172 2.521716 -0.5685166 2.190228 -0.714726 2.521716 -0.5685166 2.4 -0.425 2.4 -0.425 2.521716 -0.5685166 2.521716 -0.5001126 2.4 -0.425 2.521716 -0.5001126 2.473473 -0.4011272 2.473473 -0.4011272 2.521716 -0.5001126 2.565685 -0.447712 2.473473 -0.4011272 2.565685 -0.447712 2.518882 -0.3386271 2.518882 -0.3386271 2.565685 -0.447712 2.63305 -0.4358338 2.518882 -0.3386271 2.63305 -0.4358338 2.72669 -0.3956557 2.72669 -0.3956557 2.63305 -0.4358338 2.69229 -0.4700358 2.72669 -0.3956557 2.69229 -0.4700358 2.78919 -0.4410646 2.78919 -0.4410646 2.69229 -0.4700358 2.715686 -0.5343146 2.78919 -0.4410646 2.715686 -0.5343146 2.866445 -0.4410646 2.866445 -0.4410646 2.715686 -0.5343146 2.85 -0.6475 2.866445 -0.4410646 2.85 -0.6475 2.915886 -0.6714805 2.405071 -0.895 2.761232 -0.80125 2.313543 -0.7859218 2.313543 -0.7859218 2.761232 -0.80125 2.749057 -0.732201 2.313543 -0.7859218 2.749057 -0.732201 2.565685 -0.6209172 2.565685 -0.6209172 2.749057 -0.732201 2.63305 -0.6327953 2.63305 -0.6327953 2.749057 -0.732201 2.784114 -0.6714805 2.63305 -0.6327953 2.784114 -0.6714805 2.69229 -0.5985934 2.69229 -0.5985934 2.784114 -0.6714805 2.85 -0.6475 2.69229 -0.5985934 2.85 -0.6475 2.715686 -0.5343146 2.453771 -1.028804 2.8 -1.013398 2.405071 -0.895 2.405071 -0.895 2.8 -1.013398 2.814943 -0.8463186 2.405071 -0.895 2.814943 -0.8463186 2.761232 -0.80125 2.8 -1.013398 2.453771 -1.028804 2.756031 -1.065798 2.756031 -1.065798 2.453771 -1.028804 2.453771 -1.171196 2.756031 -1.065798 2.453771 -1.171196 2.756031 -1.134202 2.756031 -1.134202 2.453771 -1.171196 2.8 -1.186602 2.8 -1.186602 2.453771 -1.171196 2.811373 -1.331118 2.8 -1.186602 2.811373 -1.331118 2.867365 -1.198481 2.867365 -1.198481 2.811373 -1.331118 2.888627 -1.331118 2.867365 -1.198481 2.888627 -1.331118 2.926604 -1.164279 2.926604 -1.164279 2.888627 -1.331118 3.2 -1.35 2.926604 -1.164279 3.2 -1.35 2.95 -1.1 2.95 -1.1 3.2 -1.35 3.2 -0.85 2.95 -1.1 3.2 -0.85 2.926604 -1.035721 2.926604 -1.035721 3.2 -0.85 2.867365 -1.001519 2.867365 -1.001519 3.2 -0.85 2.885057 -0.8463186 2.867365 -1.001519 2.885057 -0.8463186 2.814943 -0.8463186 2.453771 -1.171196 2.405071 -1.305 2.811373 -1.331118 2.811373 -1.331118 2.405071 -1.305 2.748873 -1.376527 2.748873 -1.376527 2.405071 -1.305 2.725 -1.45 2.725 -1.45 2.405071 -1.305 2.313543 -1.414078 2.725 -1.45 2.313543 -1.414078 2.565685 -1.579083 2.565685 -1.579083 2.313543 -1.414078 2.190228 -1.485274 2.565685 -1.579083 2.190228 -1.485274 2.521716 -1.631483 2.521716 -1.631483 2.190228 -1.485274 2.067365 -1.801519 2.521716 -1.631483 2.067365 -1.801519 2.521716 -1.699887 2.521716 -1.699887 2.067365 -1.801519 2.34875 -1.811232 2.521716 -1.699887 2.34875 -1.811232 2.417799 -1.799057 2.190228 -1.485274 2.05 -1.51 2.067365 -1.801519 2.067365 -1.801519 2.05 -1.51 2 -1.813397 2 -1.813397 2.05 -1.51 1.773473 -1.798873 2 -1.813397 1.773473 -1.798873 1.818882 -1.861373 2.05 -1.51 1.909772 -1.485274 1.773473 -1.798873 1.773473 -1.798873 1.909772 -1.485274 1.7 -1.775 1.7 -1.775 1.909772 -1.485274 1.584315 -1.665686 1.7 -1.775 1.584315 -1.665686 1.560919 -1.729964 1.584315 -1.665686 1.909772 -1.485274 1.560919 -1.601407 1.560919 -1.601407 1.909772 -1.485274 1.786457 -1.414078 1.560919 -1.601407 1.786457 -1.414078 1.501679 -1.567205 1.501679 -1.567205 1.786457 -1.414078 1.350943 -1.467799 1.501679 -1.567205 1.350943 -1.467799 1.434315 -1.579083 1.434315 -1.579083 1.350943 -1.467799 1.315886 -1.528519 1.434315 -1.579083 1.315886 -1.528519 1.390345 -1.631483 1.390345 -1.631483 1.315886 -1.528519 1.25 -1.5525 1.390345 -1.631483 1.25 -1.5525 1.233555 -1.758935 1.233555 -1.758935 1.25 -1.5525 1.184114 -1.528519 1.233555 -1.758935 1.184114 -1.528519 0.825 -1.479904 0.825 -1.479904 1.184114 -1.528519 1.149057 -1.467799 0.825 -1.479904 1.149057 -1.467799 0.8799038 -1.425 0.8799038 -1.425 1.149057 -1.467799 1.161232 -1.39875 0.8799038 -1.425 1.161232 -1.39875 0.9 -1.35 0.9 -1.35 1.161232 -1.39875 1.214943 -1.353681 0.9 -1.35 1.214943 -1.353681 1.2 -1.186602 1.2 -1.186602 1.214943 -1.353681 1.267365 -1.198481 1.267365 -1.198481 1.214943 -1.353681 1.285057 -1.353681 1.267365 -1.198481 1.285057 -1.353681 1.326604 -1.164279 1.326604 -1.164279 1.285057 -1.353681 1.646229 -1.171196 1.326604 -1.164279 1.646229 -1.171196 1.35 -1.1 1.35 -1.1 1.646229 -1.171196 1.646229 -1.028804 1.35 -1.1 1.646229 -1.028804 1.326604 -1.035721 1.326604 -1.035721 1.646229 -1.028804 1.288627 -0.8688821 1.326604 -1.035721 1.288627 -0.8688821 1.267365 -1.001519 1.267365 -1.001519 1.288627 -0.8688821 1.211373 -0.8688821 1.267365 -1.001519 1.211373 -0.8688821 1.2 -1.013398 1.2 -1.013398 1.211373 -0.8688821 0.9 -0.85 1.2 -1.013398 0.9 -0.85 1.156031 -1.065798 1.156031 -1.065798 0.9 -0.85 0.9 -1.35 1.156031 -1.065798 0.9 -1.35 1.156031 -1.134202 1.156031 -1.134202 0.9 -1.35 1.2 -1.186602 1.350943 -1.467799 1.786457 -1.414078 1.338768 -1.39875 1.338768 -1.39875 1.786457 -1.414078 1.694929 -1.305 1.338768 -1.39875 1.694929 -1.305 1.285057 -1.353681 1.285057 -1.353681 1.694929 -1.305 1.646229 -1.171196 1.646229 -1.028804 1.694929 -0.895 1.288627 -0.8688821 1.288627 -0.8688821 1.694929 -0.895 1.351127 -0.8234732 1.351127 -0.8234732 1.694929 -0.895 1.375 -0.75 1.375 -0.75 1.694929 -0.895 1.786457 -0.7859218 1.375 -0.75 1.786457 -0.7859218 1.501679 -0.6327953 1.501679 -0.6327953 1.786457 -0.7859218 1.560919 -0.5985934 1.560919 -0.5985934 1.786457 -0.7859218 1.909772 -0.714726 1.560919 -0.5985934 1.909772 -0.714726 1.584315 -0.5343146 1.584315 -0.5343146 1.909772 -0.714726 1.75125 -0.3887676 1.584315 -0.5343146 1.75125 -0.3887676 1.682201 -0.4009428 1.75125 -0.3887676 1.909772 -0.714726 2 -0.3866025 2 -0.3866025 1.909772 -0.714726 2.05 -0.69 4 -2.25 1.7 -2.025 0.1 -2.25 0.1 -2.25 1.7 -2.025 1.31081 -1.9967 0.1 -2.25 1.31081 -1.9967 1.233555 -1.9967 4.006699 -2.225 3.761373 -2.018882 4 -2.25 4 -2.25 3.761373 -2.018882 2.866445 -1.9967 4 -2.25 2.866445 -1.9967 2.78919 -1.9967 3.761373 -2.018882 4.006699 -2.225 3.838627 -2.018882 3.838627 -2.018882 4.006699 -2.225 4.025 -2.206699 3.838627 -2.018882 4.025 -2.206699 4.05 -2.2 3.838627 -2.018882 4.05 -2.2 3.901127 -1.973473 3.901127 -1.973473 4.05 -2.2 4.1 -2.2 3.901127 -1.973473 4.1 -2.2 3.925 -1.9 3.925 -1.9 4.1 -2.2 3.901127 -1.826527 3.901127 -1.826527 4.1 -2.2 3.901127 -0.3734732 3.901127 -1.826527 3.901127 -0.3734732 3.65 -1.35 3.65 -1.35 3.901127 -0.3734732 3.65 -0.85 3.65 -0.85 3.901127 -0.3734732 3.838627 -0.4188821 3.65 -0.85 3.838627 -0.4188821 3.629904 -0.775 3.629904 -0.775 3.838627 -0.4188821 3.575 -0.7200962 3.575 -0.7200962 3.838627 -0.4188821 3.761373 -0.4188821 3.575 -0.7200962 3.761373 -0.4188821 3.5 -0.7 3.5 -0.7 3.761373 -0.4188821 3.698873 -0.3734732 3.5 -0.7 3.698873 -0.3734732 3.35 -0.7 3.35 -0.7 3.698873 -0.3734732 2.928945 -0.3956557 3.35 -0.7 2.928945 -0.3956557 3.275 -0.7200962 3.275 -0.7200962 2.928945 -0.3956557 2.866445 -0.4410646 3.275 -0.7200962 2.866445 -0.4410646 2.915886 -0.6714805 4.1 -2.2 4.1 0 3.901127 -0.3734732 3.901127 -0.3734732 4.1 0 3.925 -0.3 3.925 -0.3 4.1 0 3.901127 -0.2265268 3.901127 -0.2265268 4.1 0 4.05 0 3.901127 -0.2265268 4.05 0 3.838627 -0.1811179 3.838627 -0.1811179 4.05 0 4.025 0.006698727 3.838627 -0.1811179 4.025 0.006698727 4.006699 0.02499997 3.838627 -0.1811179 4.006699 0.02499997 3.761373 -0.1811179 3.761373 -0.1811179 4.006699 0.02499997 4 0.04999995 3.761373 -0.1811179 4 0.04999995 2.866445 -0.2033004 2.866445 -0.2033004 4 0.04999995 2.78919 -0.2033004 2.78919 -0.2033004 4 0.04999995 2.4 -0.175 2.78919 -0.2033004 2.4 -0.175 2.473473 -0.1988729 4 0.04999995 0.1 0.04999995 2.4 -0.175 2.4 -0.175 0.1 0.04999995 1.682201 -0.1990572 2.4 -0.175 1.682201 -0.1990572 2.067365 -0.2015192 2.067365 -0.2015192 1.682201 -0.1990572 1.75125 -0.2112324 2.067365 -0.2015192 1.75125 -0.2112324 2 -0.2133975 2 -0.2133975 1.75125 -0.2112324 1.796318 -0.264943 2 -0.2133975 1.796318 -0.264943 1.956031 -0.265798 1.956031 -0.265798 1.796318 -0.264943 1.796318 -0.3350571 1.956031 -0.265798 1.796318 -0.3350571 1.956031 -0.334202 1.956031 -0.334202 1.796318 -0.3350571 2 -0.3866025 2 -0.3866025 1.796318 -0.3350571 1.75125 -0.3887676 0.09330123 0.02499997 0.3386271 -0.1811179 0.1 0.04999995 0.1 0.04999995 0.3386271 -0.1811179 1.233555 -0.2033004 0.1 0.04999995 1.233555 -0.2033004 1.31081 -0.2033004 0.3386271 -0.1811179 0.09330123 0.02499997 0.2613729 -0.1811179 0.2613729 -0.1811179 0.09330123 0.02499997 0.07499998 0.006698727 0.2613729 -0.1811179 0.07499998 0.006698727 0.04999995 0 0.2613729 -0.1811179 0.04999995 0 0.1988729 -0.2265268 0.1988729 -0.2265268 0.04999995 0 0 0 0.1988729 -0.2265268 0 0 0.175 -0.3 0.175 -0.3 0 0 0.1988729 -0.3734732 0.1988729 -0.3734732 0 0 0 -2.2 0.1988729 -0.3734732 0 -2.2 0.1988729 -1.826527 0.1988729 -1.826527 0 -2.2 0.175 -1.9 0.175 -1.9 0 -2.2 0.1988729 -1.973473 0.1988729 -1.973473 0 -2.2 0.04999995 -2.2 0.1988729 -1.973473 0.04999995 -2.2 0.2613729 -2.018882 0.2613729 -2.018882 0.04999995 -2.2 0.07499998 -2.206699 0.2613729 -2.018882 0.07499998 -2.206699 0.09330123 -2.225 0.2613729 -2.018882 0.09330123 -2.225 0.3386271 -2.018882 0.3386271 -2.018882 0.09330123 -2.225 0.1 -2.25 0.3386271 -2.018882 0.1 -2.25 1.233555 -1.9967 2.126605 -1.964279 2.303682 -1.935057 2.15 -1.9 2.15 -1.9 2.303682 -1.935057 2.303682 -1.864943 2.15 -1.9 2.303682 -1.864943 2.126605 -1.835721 2.126605 -1.835721 2.303682 -1.864943 2.34875 -1.811232 2.126605 -1.835721 2.34875 -1.811232 2.067365 -1.801519 2.303682 -1.935057 2.126605 -1.964279 2.34875 -1.988768 2.34875 -1.988768 2.126605 -1.964279 2.067365 -1.998481 2.34875 -1.988768 2.067365 -1.998481 2.417799 -2.000943 2.417799 -2.000943 2.067365 -1.998481 1.7 -2.025 2.417799 -2.000943 1.7 -2.025 4 -2.25 2.067365 -1.998481 2 -1.986603 1.7 -2.025 1.7 -2.025 2 -1.986603 1.773473 -2.001127 1.773473 -2.001127 2 -1.986603 1.818882 -1.938627 1.818882 -1.938627 2 -1.986603 1.956031 -1.934202 1.818882 -1.938627 1.956031 -1.934202 1.956031 -1.865798 1.818882 -1.938627 1.956031 -1.865798 1.818882 -1.861373 1.818882 -1.861373 1.956031 -1.865798 2 -1.813397 2.69229 -1.729964 2.78919 -1.758935 2.715686 -1.665686 2.715686 -1.665686 2.78919 -1.758935 2.866445 -1.758935 2.715686 -1.665686 2.866445 -1.758935 2.888627 -1.568882 2.888627 -1.568882 2.866445 -1.758935 2.928945 -1.804344 2.888627 -1.568882 2.928945 -1.804344 3.35 -1.5 3.35 -1.5 2.928945 -1.804344 3.698873 -1.826527 3.35 -1.5 3.698873 -1.826527 3.5 -1.5 3.5 -1.5 3.698873 -1.826527 3.761373 -1.781118 3.5 -1.5 3.761373 -1.781118 3.575 -1.479904 3.575 -1.479904 3.761373 -1.781118 3.838627 -1.781118 3.575 -1.479904 3.838627 -1.781118 3.629904 -1.425 3.629904 -1.425 3.838627 -1.781118 3.65 -1.35 3.65 -1.35 3.838627 -1.781118 3.901127 -1.826527 2.78919 -1.758935 2.69229 -1.729964 2.72669 -1.804344 2.72669 -1.804344 2.69229 -1.729964 2.63305 -1.764166 2.72669 -1.804344 2.63305 -1.764166 2.47852 -1.834114 2.47852 -1.834114 2.63305 -1.764166 2.565685 -1.752288 2.47852 -1.834114 2.565685 -1.752288 2.417799 -1.799057 2.417799 -1.799057 2.565685 -1.752288 2.521716 -1.699887 2.565685 -1.579083 2.63305 -1.567205 2.725 -1.45 2.725 -1.45 2.63305 -1.567205 2.748873 -1.523473 2.748873 -1.523473 2.63305 -1.567205 2.69229 -1.601407 2.748873 -1.523473 2.69229 -1.601407 2.811373 -1.568882 2.811373 -1.568882 2.69229 -1.601407 2.715686 -1.665686 2.811373 -1.568882 2.715686 -1.665686 2.888627 -1.568882 2.8 -1.013398 2.867365 -1.001519 2.814943 -0.8463186 2.126605 -0.3642787 2.281118 -0.3386271 2.15 -0.3 2.15 -0.3 2.281118 -0.3386271 2.281118 -0.2613729 2.15 -0.3 2.281118 -0.2613729 2.126605 -0.2357212 2.126605 -0.2357212 2.281118 -0.2613729 2.326527 -0.1988729 2.126605 -0.2357212 2.326527 -0.1988729 2.067365 -0.2015192 2.067365 -0.2015192 2.326527 -0.1988729 2.4 -0.175 2.281118 -0.3386271 2.126605 -0.3642787 2.326527 -0.4011272 2.326527 -0.4011272 2.126605 -0.3642787 2.067365 -0.3984808 1.375 -0.75 1.501679 -0.6327953 1.351127 -0.6765269 1.351127 -0.6765269 1.501679 -0.6327953 1.434315 -0.6209172 1.351127 -0.6765269 1.434315 -0.6209172 1.288627 -0.6311179 1.288627 -0.6311179 1.434315 -0.6209172 1.390345 -0.5685166 1.288627 -0.6311179 1.390345 -0.5685166 1.211373 -0.6311179 1.211373 -0.6311179 1.390345 -0.5685166 1.233555 -0.4410646 1.211373 -0.6311179 1.233555 -0.4410646 1.171055 -0.3956557 1.390345 -0.5685166 1.390345 -0.5001126 1.233555 -0.4410646 1.233555 -0.4410646 1.390345 -0.5001126 1.31081 -0.4410646 1.31081 -0.4410646 1.390345 -0.5001126 1.434315 -0.447712 1.31081 -0.4410646 1.434315 -0.447712 1.37331 -0.3956557 1.37331 -0.3956557 1.434315 -0.447712 1.501679 -0.4358338 1.37331 -0.3956557 1.501679 -0.4358338 1.62148 -0.3658857 1.62148 -0.3658857 1.501679 -0.4358338 1.682201 -0.4009428 1.682201 -0.4009428 1.501679 -0.4358338 1.560919 -0.4700358 1.682201 -0.4009428 1.560919 -0.4700358 1.584315 -0.5343146 1.7 -1.775 1.560919 -1.729964 1.626527 -1.798873 1.626527 -1.798873 1.560919 -1.729964 1.501679 -1.764166 1.626527 -1.798873 1.501679 -1.764166 1.581118 -1.861373 1.581118 -1.861373 1.501679 -1.764166 1.37331 -1.804344 1.581118 -1.861373 1.37331 -1.804344 1.397183 -1.877817 1.501679 -1.764166 1.434315 -1.752288 1.37331 -1.804344 1.37331 -1.804344 1.434315 -1.752288 1.31081 -1.758935 1.31081 -1.758935 1.434315 -1.752288 1.390345 -1.699887 1.31081 -1.758935 1.390345 -1.699887 1.233555 -1.758935 1.233555 -1.758935 1.390345 -1.699887 1.390345 -1.631483 2.47852 -1.965886 2.72669 -1.951291 2.5025 -1.9 2.5025 -1.9 2.72669 -1.951291 2.702818 -1.877817 2.5025 -1.9 2.702818 -1.877817 2.47852 -1.834114 2.47852 -1.834114 2.702818 -1.877817 2.72669 -1.804344 2.72669 -1.951291 2.47852 -1.965886 2.78919 -1.9967 2.78919 -1.9967 2.47852 -1.965886 2.417799 -2.000943 2.78919 -1.9967 2.417799 -2.000943 4 -2.25 1.62148 -0.2341142 1.37331 -0.2487094 1.5975 -0.3 1.5975 -0.3 1.37331 -0.2487094 1.397183 -0.3221825 1.5975 -0.3 1.397183 -0.3221825 1.62148 -0.3658857 1.62148 -0.3658857 1.397183 -0.3221825 1.37331 -0.3956557 1.37331 -0.2487094 1.62148 -0.2341142 1.31081 -0.2033004 1.31081 -0.2033004 1.62148 -0.2341142 1.682201 -0.1990572 1.31081 -0.2033004 1.682201 -0.1990572 0.1 0.04999995 2.915886 -0.6714805 2.950943 -0.732201 3.275 -0.7200962 3.275 -0.7200962 2.950943 -0.732201 3.220096 -0.775 3.220096 -0.775 2.950943 -0.732201 2.938768 -0.80125 3.220096 -0.775 2.938768 -0.80125 3.2 -0.85 3.2 -0.85 2.938768 -0.80125 2.885057 -0.8463186 2.951127 -1.376527 2.975 -1.45 3.220096 -1.425 3.220096 -1.425 2.975 -1.45 2.951127 -1.523473 3.220096 -1.425 2.951127 -1.523473 3.275 -1.479904 3.275 -1.479904 2.951127 -1.523473 2.888627 -1.568882 3.275 -1.479904 2.888627 -1.568882 3.35 -1.5 2.888627 -1.331118 2.951127 -1.376527 3.2 -1.35 3.2 -1.35 2.951127 -1.376527 3.220096 -1.425 1.7 -2.025 1.626527 -2.001127 1.31081 -1.9967 1.31081 -1.9967 1.626527 -2.001127 1.37331 -1.951291 1.37331 -1.951291 1.626527 -2.001127 1.581118 -1.938627 1.37331 -1.951291 1.581118 -1.938627 1.397183 -1.877817 1.397183 -1.877817 1.581118 -1.938627 1.581118 -1.861373 1.148873 -0.8234732 1.125 -0.75 0.8799038 -0.775 0.8799038 -0.775 1.125 -0.75 1.148873 -0.6765269 0.8799038 -0.775 1.148873 -0.6765269 0.825 -0.7200962 0.825 -0.7200962 1.148873 -0.6765269 1.211373 -0.6311179 0.825 -0.7200962 1.211373 -0.6311179 0.75 -0.7 0.75 -0.7 1.211373 -0.6311179 1.171055 -0.3956557 0.75 -0.7 1.171055 -0.3956557 0.4011272 -0.3734732 0.4011272 -0.3734732 1.171055 -0.3956557 1.147183 -0.3221825 0.4011272 -0.3734732 1.147183 -0.3221825 0.425 -0.3 0.425 -0.3 1.147183 -0.3221825 1.171055 -0.2487094 0.425 -0.3 1.171055 -0.2487094 0.4011272 -0.2265268 0.4011272 -0.2265268 1.171055 -0.2487094 1.233555 -0.2033004 0.4011272 -0.2265268 1.233555 -0.2033004 0.3386271 -0.1811179 1.211373 -0.8688821 1.148873 -0.8234732 0.9 -0.85 0.9 -0.85 1.148873 -0.8234732 0.8799038 -0.775 2.78919 -0.2033004 2.473473 -0.1988729 2.72669 -0.2487094 2.72669 -0.2487094 2.473473 -0.1988729 2.518882 -0.2613729 2.72669 -0.2487094 2.518882 -0.2613729 2.702818 -0.3221825 2.702818 -0.3221825 2.518882 -0.2613729 2.518882 -0.3386271 2.702818 -0.3221825 2.518882 -0.3386271 2.72669 -0.3956557 2.4 -0.425 2.326527 -0.4011272 2.190228 -0.714726 3.761373 -2.018882 3.698873 -1.973473 2.866445 -1.9967 2.866445 -1.9967 3.698873 -1.973473 2.928945 -1.951291 2.928945 -1.951291 3.698873 -1.973473 3.675 -1.9 2.928945 -1.951291 3.675 -1.9 2.952818 -1.877817 2.952818 -1.877817 3.675 -1.9 3.698873 -1.826527 2.952818 -1.877817 3.698873 -1.826527 2.928945 -1.804344 2.928945 -0.3956557 3.698873 -0.3734732 2.952818 -0.3221825 2.952818 -0.3221825 3.698873 -0.3734732 3.675 -0.3 2.952818 -0.3221825 3.675 -0.3 2.928945 -0.2487094 2.928945 -0.2487094 3.675 -0.3 3.698873 -0.2265268 2.928945 -0.2487094 3.698873 -0.2265268 2.866445 -0.2033004 2.866445 -0.2033004 3.698873 -0.2265268 3.761373 -0.1811179 0.4011272 -1.973473 1.171055 -1.951291 0.425 -1.9 0.425 -1.9 1.171055 -1.951291 1.147183 -1.877817 0.425 -1.9 1.147183 -1.877817 0.4011272 -1.826527 0.4011272 -1.826527 1.147183 -1.877817 1.171055 -1.804344 0.4011272 -1.826527 1.171055 -1.804344 0.75 -1.5 0.75 -1.5 1.171055 -1.804344 0.825 -1.479904 0.825 -1.479904 1.171055 -1.804344 1.233555 -1.758935 1.171055 -1.951291 0.4011272 -1.973473 1.233555 -1.9967 1.233555 -1.9967 0.4011272 -1.973473 0.3386271 -2.018882 0.1988729 -0.3734732 0.1988729 -1.826527 0.45 -1.35 0.45 -1.35 0.1988729 -1.826527 0.2613729 -1.781118 0.45 -1.35 0.2613729 -1.781118 0.4700962 -1.425 0.4700962 -1.425 0.2613729 -1.781118 0.525 -1.479904 0.525 -1.479904 0.2613729 -1.781118 0.3386271 -1.781118 0.525 -1.479904 0.3386271 -1.781118 0.6 -1.5 0.6 -1.5 0.3386271 -1.781118 0.4011272 -1.826527 0.6 -1.5 0.4011272 -1.826527 0.75 -1.5 0.75 -0.7 0.4011272 -0.3734732 0.6 -0.7 0.6 -0.7 0.4011272 -0.3734732 0.3386271 -0.4188821 0.6 -0.7 0.3386271 -0.4188821 0.525 -0.7200962 0.525 -0.7200962 0.3386271 -0.4188821 0.2613729 -0.4188821 0.525 -0.7200962 0.2613729 -0.4188821 0.4700962 -0.775 0.4700962 -0.775 0.2613729 -0.4188821 0.45 -0.85 0.45 -0.85 0.2613729 -0.4188821 0.1988729 -0.3734732 0.45 -0.85 0.1988729 -0.3734732 0.45 -1.35 0.92664 0 -2.97336 0 0.92664 -0.15 0.92664 -0.15 -2.97336 0 -2.97336 -0.15 0.92664 -0.15 -2.97336 -0.15 0.9114159 -0.2265366 0.9114159 -0.2265366 -2.97336 -0.15 -2.958136 -0.2265366 0.9114159 -0.2265366 -2.958136 -0.2265366 0.8680614 -0.2914214 0.8680614 -0.2914214 -2.958136 -0.2265366 -2.914781 -0.2914214 0.8680614 -0.2914214 -2.914781 -0.2914214 0.72664 -0.35 0.72664 -0.35 -2.914781 -0.2914214 -2.77336 -0.35 -2.77336 -0.35 -2.914781 -0.2914214 -2.849897 -0.3347759 0.72664 -0.35 0.8031767 -0.3347759 0.8680614 -0.2914214 0.175 0.07499998 0.02499997 0.07499998 0.175 -0.07499998 0.175 -0.07499998 0.02499997 0.07499998 0.02499997 -0.07499998 -0.03749996 0.07499998 -0.03749996 -0.07499998 0.03749996 0.0549038 0.03749996 0.0549038 -0.03749996 -0.07499998 0.09240376 0 0.09240376 0 -0.03749996 -0.07499998 0.1125 -0.07499998 5.49476 0 5.49476 0.0261799 5.34476 0 5.34476 0 5.49476 0.0261799 5.34476 0.0261799 5.34476 0.0261799 5.49476 0.0261799 5.34476 0.05235987 5.34476 0.05235987 5.49476 0.0261799 5.49476 0.05235987 5.34476 0.05235987 5.49476 0.05235987 5.34476 0.07853978 5.34476 0.07853978 5.49476 0.05235987 5.49476 0.07853978 0 0.07499998 -0.04999995 0.07499998 0 -0.07499998 0 -0.07499998 -0.04999995 0.07499998 -0.04999995 -0.07499998 -0.1125 -0.07499998 0.03749996 -0.07499998 -0.09240376 0 -0.09240376 0 0.03749996 -0.07499998 -0.03749996 0.0549038 -0.03749996 0.0549038 0.03749996 -0.07499998 0.03749996 0.07499998 0.675 0.07499998 -2.175 0.07499998 0.675 -0.07499998 0.675 -0.07499998 -2.175 0.07499998 -2.175 -0.07499998 -0.07499998 0 0.07499998 0 -0.07499998 0.02038085 -0.07499998 0.02038085 0.07499998 0 0.07499998 0.02038085 -0.07499998 0.02038085 0.07499998 0.02038085 -0.07499998 0.0407617 -0.07499998 0.0407617 0.07499998 0.02038085 0.07499998 0.0407617 -0.07499998 0.0407617 0.07499998 0.0407617 -0.07499998 0.06114256 -0.07499998 0.06114256 0.07499998 0.0407617 0.07499998 0.06114256 -0.07499998 3.394609 0.07499998 3.394609 -0.07499998 3.41499 -0.07499998 3.41499 0.07499998 3.394609 0.07499998 3.41499 -0.07499998 3.41499 0.07499998 3.41499 -0.07499998 3.435371 -0.07499998 3.435371 0.07499998 3.41499 0.07499998 3.435371 -0.07499998 3.435371 0.07499998 3.435371 -0.07499998 3.455752 -0.07499998 3.455752 0.07499998 3.435371 0.07499998 3.455752 0 -2.2 0.45 -0.7 0 0 0 0 0.45 -0.7 0.4633975 -0.65 0 0 0.4633975 -0.65 0.5 -0.6133975 2.85 -2.2 1.063892 -1.978785 0 -2.2 0 -2.2 1.063892 -1.978785 1.01 -1.969282 0 -2.2 1.01 -1.969282 0.9748246 -1.927362 2.87038 -2.199811 2.867365 -1.998481 2.85 -2.2 2.85 -2.2 2.867365 -1.998481 2.8 -1.986603 2.85 -2.2 2.8 -1.986603 2.756031 -1.934202 2.87038 -2.199811 2.890753 -2.199245 2.867365 -1.998481 2.867365 -1.998481 2.890753 -2.199245 2.911111 -2.198301 2.867365 -1.998481 2.911111 -2.198301 3.006348 -2.167991 3.006348 -2.167991 3.075028 -2.095384 2.867365 -1.998481 2.867365 -1.998481 3.075028 -2.095384 2.926604 -1.964279 2.926604 -1.964279 3.075028 -2.095384 3.1 -1.99861 2.926604 -1.964279 3.1 -1.99861 2.95 -1.9 2.95 -1.9 3.1 -1.99861 3.1 -1.7 2.95 -1.9 3.1 -1.7 2.926604 -1.835721 2.926604 -1.835721 3.1 -1.7 2.867365 -1.801519 2.867365 -1.801519 3.1 -1.7 3.084776 -1.623463 2.867365 -1.801519 3.084776 -1.623463 3.041421 -1.558579 3.041421 -1.558579 2.976537 -1.515224 2.867365 -1.801519 2.867365 -1.801519 2.976537 -1.515224 2.9 -1.5 2.867365 -1.801519 2.9 -1.5 2.85 -1.5 2.867365 -1.801519 2.85 -1.5 2.8 -1.813397 2.8 -1.813397 2.85 -1.5 2.713192 -1.475877 2.8 -1.813397 2.713192 -1.475877 2.384315 -1.665686 2.384315 -1.665686 2.713192 -1.475877 2.360919 -1.601407 2.360919 -1.601407 2.713192 -1.475877 2.592885 -1.406418 2.360919 -1.601407 2.592885 -1.406418 2.301679 -1.567205 2.301679 -1.567205 2.592885 -1.406418 2.50359 -1.3 2.301679 -1.567205 2.50359 -1.3 2.067365 -1.198481 2.067365 -1.198481 2.50359 -1.3 2.126605 -1.164279 2.126605 -1.164279 2.50359 -1.3 2.456077 -1.169459 2.126605 -1.164279 2.456077 -1.169459 2.15 -1.1 2.15 -1.1 2.456077 -1.169459 2.456077 -1.030541 2.15 -1.1 2.456077 -1.030541 2.126605 -1.035721 2.126605 -1.035721 2.456077 -1.030541 2.50359 -0.9 2.126605 -1.035721 2.50359 -0.9 2.067365 -1.001519 2.067365 -1.001519 2.50359 -0.9 2.301679 -0.6327953 2.067365 -1.001519 2.301679 -0.6327953 2.234315 -0.6209172 2.50359 -0.9 2.592885 -0.7935822 2.301679 -0.6327953 2.301679 -0.6327953 2.592885 -0.7935822 2.360919 -0.5985934 2.360919 -0.5985934 2.592885 -0.7935822 2.713192 -0.724123 2.360919 -0.5985934 2.713192 -0.724123 2.384315 -0.5343146 2.384315 -0.5343146 2.713192 -0.724123 2.8 -0.3866025 2.384315 -0.5343146 2.8 -0.3866025 2.360919 -0.4700358 2.360919 -0.4700358 2.8 -0.3866025 2.756031 -0.334202 2.360919 -0.4700358 2.756031 -0.334202 2.756031 -0.265798 2.713192 -0.724123 2.85 -0.7 2.8 -0.3866025 2.8 -0.3866025 2.85 -0.7 2.867365 -0.3984808 2.867365 -0.3984808 2.85 -0.7 2.9 -0.7 2.867365 -0.3984808 2.9 -0.7 2.976537 -0.684776 2.976537 -0.684776 3.041421 -0.6414214 2.867365 -0.3984808 2.867365 -0.3984808 3.041421 -0.6414214 3.084776 -0.5765367 2.867365 -0.3984808 3.084776 -0.5765367 3.1 -0.5 3.1 -0.2013899 2.95 -0.3 3.1 -0.5 3.1 -0.5 2.95 -0.3 2.926604 -0.3642787 3.1 -0.5 2.926604 -0.3642787 2.867365 -0.3984808 2.95 -0.3 3.1 -0.2013899 2.926604 -0.2357212 2.926604 -0.2357212 3.1 -0.2013899 3.075028 -0.1046161 2.926604 -0.2357212 3.075028 -0.1046161 2.867365 -0.2015192 2.867365 -0.2015192 3.075028 -0.1046161 3.006348 -0.03200852 2.867365 -0.2015192 3.006348 -0.03200852 2.911111 -0.001698791 2.911111 -0.001698791 2.890753 -7.55149e-4 2.867365 -0.2015192 2.867365 -0.2015192 2.890753 -7.55149e-4 2.87038 -1.88804e-4 2.867365 -0.2015192 2.87038 -1.88804e-4 2.85 0 0 0 1.063892 -0.2212154 2.85 0 2.85 0 1.063892 -0.2212154 1.111284 -0.2485769 2.85 0 1.111284 -0.2485769 2.234315 -0.447712 2.234315 -0.447712 1.111284 -0.2485769 1.55 -0.6 2.234315 -0.447712 1.55 -0.6 1.6 -0.6133975 1.35 -1.6 1.13 -1.9 1.55 -1.6 1.55 -1.6 1.13 -1.9 1.111284 -1.951423 1.55 -1.6 1.111284 -1.951423 2.234315 -1.752288 2.234315 -1.752288 1.111284 -1.951423 2.85 -2.2 2.234315 -1.752288 2.85 -2.2 2.301679 -1.764166 2.301679 -1.764166 2.85 -2.2 2.756031 -1.934202 2.301679 -1.764166 2.756031 -1.934202 2.360919 -1.729964 2.360919 -1.729964 2.756031 -1.934202 2.756031 -1.865798 2.360919 -1.729964 2.756031 -1.865798 2.8 -1.813397 1.13 -1.9 1.35 -1.6 1.111284 -1.848577 1.111284 -1.848577 1.35 -1.6 1.3 -1.586603 1.111284 -1.848577 1.3 -1.586603 1.063892 -1.821215 1.063892 -1.821215 1.3 -1.586603 1.263398 -1.55 1.063892 -1.821215 1.263398 -1.55 0.8366025 -1.55 0.8366025 -1.55 1.263398 -1.55 0.85 -1.5 0.85 -1.5 1.263398 -1.55 1.25 -1.5 0.85 -1.5 1.25 -1.5 0.85 -0.7 0.85 -0.7 1.25 -1.5 1.25 -0.7 0.85 -0.7 1.25 -0.7 0.8366025 -0.65 0.8366025 -0.65 1.25 -0.7 1.263398 -0.65 0.8366025 -0.65 1.263398 -0.65 1.063892 -0.3787846 1.063892 -0.3787846 1.263398 -0.65 1.3 -0.6133975 1.063892 -0.3787846 1.3 -0.6133975 1.111284 -0.351423 1.111284 -0.351423 1.3 -0.6133975 1.35 -0.6 1.111284 -0.351423 1.35 -0.6 1.13 -0.3 1.13 -0.3 1.35 -0.6 1.55 -0.6 1.13 -0.3 1.55 -0.6 1.111284 -0.2485769 2.234315 -0.447712 1.6 -0.6133975 2.190346 -0.5001126 2.190346 -0.5001126 1.6 -0.6133975 1.636603 -0.65 2.190346 -0.5001126 1.636603 -0.65 2.190346 -0.5685166 2.190346 -0.5685166 1.636603 -0.65 1.65 -0.7 2.190346 -0.5685166 1.65 -0.7 2.234315 -0.6209172 2.234315 -0.6209172 1.65 -0.7 2.067365 -1.001519 1.65 -1.5 1.956031 -1.065798 1.65 -0.7 1.65 -0.7 1.956031 -1.065798 2 -1.013398 1.65 -0.7 2 -1.013398 2.067365 -1.001519 1.636603 -1.55 2.190346 -1.631483 1.65 -1.5 1.65 -1.5 2.190346 -1.631483 2.234315 -1.579083 1.65 -1.5 2.234315 -1.579083 2.067365 -1.198481 2.067365 -1.198481 2.234315 -1.579083 2.301679 -1.567205 2.190346 -1.631483 1.636603 -1.55 2.190346 -1.699887 2.190346 -1.699887 1.636603 -1.55 1.6 -1.586603 2.190346 -1.699887 1.6 -1.586603 2.234315 -1.752288 2.234315 -1.752288 1.6 -1.586603 1.55 -1.6 0.55 -1.6 0.9748246 -1.872638 0.75 -1.6 0.75 -1.6 0.9748246 -1.872638 1.01 -1.830718 0.75 -1.6 1.01 -1.830718 0.8 -1.586603 0.8 -1.586603 1.01 -1.830718 1.063892 -1.821215 0.8 -1.586603 1.063892 -1.821215 0.8366025 -1.55 0.5 -1.586603 0 -2.2 0.55 -1.6 0.55 -1.6 0 -2.2 0.9748246 -1.927362 0.55 -1.6 0.9748246 -1.927362 0.9748246 -1.872638 0.5 -1.586603 0.4633975 -1.55 0 -2.2 0 -2.2 0.4633975 -1.55 0.45 -1.5 0 -2.2 0.45 -1.5 0.45 -0.7 0.5 -0.6133975 0.55 -0.6 0 0 0 0 0.55 -0.6 0.9748246 -0.2726384 0 0 0.9748246 -0.2726384 1.01 -0.230718 0.9748246 -0.2726384 0.55 -0.6 0.9748246 -0.3273616 0.9748246 -0.3273616 0.55 -0.6 0.75 -0.6 0.9748246 -0.3273616 0.75 -0.6 1.01 -0.369282 1.01 -0.369282 0.75 -0.6 0.8 -0.6133975 1.01 -0.369282 0.8 -0.6133975 1.063892 -0.3787846 1.063892 -0.3787846 0.8 -0.6133975 0.8366025 -0.65 1.111284 -1.951423 1.063892 -1.978785 2.85 -2.2 1.01 -0.230718 1.063892 -0.2212154 0 0 2.8 -0.2133975 2.85 0 2.756031 -0.265798 2.756031 -0.265798 2.85 0 2.301679 -0.4358338 2.756031 -0.265798 2.301679 -0.4358338 2.360919 -0.4700358 2.8 -0.2133975 2.867365 -0.2015192 2.85 0 2.234315 -0.447712 2.301679 -0.4358338 2.85 0 2.067365 -1.198481 2 -1.186602 1.65 -1.5 1.65 -1.5 2 -1.186602 1.956031 -1.134202 1.65 -1.5 1.956031 -1.134202 1.956031 -1.065798 2.384315 -1.665686 2.360919 -1.729964 2.8 -1.813397 0.1 0.07499998 -0.1 0.07499998 0.1 -0.07499998 0.1 -0.07499998 -0.1 0.07499998 -0.1 -0.07499998 0.07499998 0.1570796 -0.07499998 0.1570796 0.07499998 0.1047197 0.07499998 0.1047197 -0.07499998 0.1570796 -0.07499998 0.1047197 0.07499998 0.1047197 -0.07499998 0.1047197 0.07499998 0.05235987 0.07499998 0.05235987 -0.07499998 0.1047197 -0.07499998 0.05235987 0.07499998 0.05235987 -0.07499998 0.05235987 -0.07499998 0 -0.07499998 0 0.07499998 0 0.07499998 0.05235987 0.4 0.07499998 -0.4 0.07499998 0.4 -0.07499998 0.4 -0.07499998 -0.4 0.07499998 -0.4 -0.07499998 0.07499998 0.1570796 -0.07499998 0.1570796 0.07499998 0.1047197 0.07499998 0.1047197 -0.07499998 0.1570796 -0.07499998 0.1047197 0.07499998 0.1047197 -0.07499998 0.1047197 0.07499998 0.05235987 0.07499998 0.05235987 -0.07499998 0.1047197 -0.07499998 0.05235987 0.07499998 0.05235987 -0.07499998 0.05235987 -0.07499998 0 -0.07499998 0 0.07499998 0 0.07499998 0.05235987 0.1 0.07499998 -0.1 0.07499998 0.1 -0.07499998 0.1 -0.07499998 -0.1 0.07499998 -0.1 -0.07499998 0.07499998 0.1570796 -0.07499998 0.1570796 0.07499998 0.1047197 0.07499998 0.1047197 -0.07499998 0.1570796 -0.07499998 0.1047197 0.07499998 0.1047197 -0.07499998 0.1047197 0.07499998 0.05235987 0.07499998 0.05235987 -0.07499998 0.1047197 -0.07499998 0.05235987 0.07499998 0.05235987 -0.07499998 0.05235987 -0.07499998 0 -0.07499998 0 0.07499998 0 0.07499998 0.05235987 0.4 0.07499998 -0.4 0.07499998 0.4 -0.07499998 0.4 -0.07499998 -0.4 0.07499998 -0.4 -0.07499998 0.07499998 0.1570796 -0.07499998 0.1570796 0.07499998 0.1047197 0.07499998 0.1047197 -0.07499998 0.1570796 -0.07499998 0.1047197 0.07499998 0.1047197 -0.07499998 0.1047197 0.07499998 0.05235987 0.07499998 0.05235987 -0.07499998 0.1047197 -0.07499998 0.05235987 0.07499998 0.05235987 -0.07499998 0.05235987 -0.07499998 0 -0.07499998 0 0.07499998 0 0.07499998 0.05235987 -3.1 -1.99861 -2.95 -1.9 -3.1 -1.7 -3.1 -1.7 -2.95 -1.9 -2.926604 -1.835721 -3.1 -1.7 -2.926604 -1.835721 -2.867365 -1.801519 -2.95 -1.9 -3.1 -1.99861 -2.926604 -1.964279 -2.926604 -1.964279 -3.1 -1.99861 -3.075028 -2.095384 -2.926604 -1.964279 -3.075028 -2.095384 -2.867365 -1.998481 -2.867365 -1.998481 -3.075028 -2.095384 -3.006348 -2.167991 -2.867365 -1.998481 -3.006348 -2.167991 -2.911111 -2.198301 -2.911111 -2.198301 -2.890753 -2.199245 -2.867365 -1.998481 -2.867365 -1.998481 -2.890753 -2.199245 -2.87038 -2.199811 -2.867365 -1.998481 -2.87038 -2.199811 -2.85 -2.2 0 -2.2 -1.083992 -2.004616 -2.85 -2.2 -2.85 -2.2 -1.083992 -2.004616 -1.138992 -1.964656 -2.85 -2.2 -1.138992 -1.964656 -2.234315 -1.752288 -2.234315 -1.752288 -1.138992 -1.964656 -1.16 -1.9 -2.234315 -1.752288 -1.16 -1.9 -1.55 -1.6 -1.55 -1.6 -1.16 -1.9 -1.138992 -1.835344 -1.55 -1.6 -1.138992 -1.835344 -1.35 -1.6 -1.35 -1.6 -1.138992 -1.835344 -1.3 -1.586603 -1.3 -1.586603 -1.138992 -1.835344 -1.083992 -1.795384 -1.3 -1.586603 -1.083992 -1.795384 -1.263398 -1.55 -1.263398 -1.55 -1.083992 -1.795384 -1.016008 -1.795384 -1.263398 -1.55 -1.016008 -1.795384 -0.8366025 -1.55 -0.8366025 -1.55 -1.016008 -1.795384 -0.8 -1.586603 -0.8 -1.586603 -1.016008 -1.795384 -0.9610082 -1.835344 -0.8 -1.586603 -0.9610082 -1.835344 -0.75 -1.6 -0.75 -1.6 -0.9610082 -1.835344 -0.55 -1.6 -0.55 -1.6 -0.9610082 -1.835344 -0.94 -1.9 -0.55 -1.6 -0.94 -1.9 0 -2.2 0 -2.2 -0.94 -1.9 -0.9610082 -1.964656 0 -2.2 -0.9610082 -1.964656 -1.016008 -2.004616 0 0 -0.45 -0.7 0 -2.2 0 -2.2 -0.45 -0.7 -0.45 -1.5 0 -2.2 -0.45 -1.5 -0.4633975 -1.55 -2.85 0 -1.083992 -0.1953837 0 0 0 0 -1.083992 -0.1953837 -1.016008 -0.1953837 0 0 -1.016008 -0.1953837 -0.9610082 -0.2353436 -2.87038 -1.88804e-4 -2.867365 -0.2015192 -2.85 0 -2.85 0 -2.867365 -0.2015192 -2.8 -0.2133975 -2.85 0 -2.8 -0.2133975 -2.756031 -0.265798 -2.87038 -1.88804e-4 -2.890753 -7.55149e-4 -2.867365 -0.2015192 -2.867365 -0.2015192 -2.890753 -7.55149e-4 -2.911111 -0.001698791 -2.867365 -0.2015192 -2.911111 -0.001698791 -3.006348 -0.03200852 -3.006348 -0.03200852 -3.075028 -0.1046161 -2.867365 -0.2015192 -2.867365 -0.2015192 -3.075028 -0.1046161 -2.926604 -0.2357212 -2.926604 -0.2357212 -3.075028 -0.1046161 -3.1 -0.2013899 -2.926604 -0.2357212 -3.1 -0.2013899 -2.95 -0.3 -2.95 -0.3 -3.1 -0.2013899 -3.1 -0.5 -2.95 -0.3 -3.1 -0.5 -2.926604 -0.3642787 -2.926604 -0.3642787 -3.1 -0.5 -2.867365 -0.3984808 -2.867365 -0.3984808 -3.1 -0.5 -3.084776 -0.5765367 -2.867365 -0.3984808 -3.084776 -0.5765367 -3.041421 -0.6414214 -3.041421 -0.6414214 -2.976537 -0.684776 -2.867365 -0.3984808 -2.867365 -0.3984808 -2.976537 -0.684776 -2.9 -0.7 -2.867365 -0.3984808 -2.9 -0.7 -2.85 -0.7 -2.867365 -0.3984808 -2.85 -0.7 -2.8 -0.3866025 -2.8 -0.3866025 -2.85 -0.7 -2.713192 -0.724123 -2.8 -0.3866025 -2.713192 -0.724123 -2.384315 -0.5343146 -2.384315 -0.5343146 -2.713192 -0.724123 -2.360919 -0.5985934 -2.360919 -0.5985934 -2.713192 -0.724123 -2.592885 -0.7935822 -2.360919 -0.5985934 -2.592885 -0.7935822 -2.301679 -0.6327953 -2.301679 -0.6327953 -2.592885 -0.7935822 -2.50359 -0.9 -2.301679 -0.6327953 -2.50359 -0.9 -2.067365 -1.001519 -2.067365 -1.001519 -2.50359 -0.9 -2.126605 -1.035721 -2.126605 -1.035721 -2.50359 -0.9 -2.456077 -1.030541 -2.126605 -1.035721 -2.456077 -1.030541 -2.15 -1.1 -2.15 -1.1 -2.456077 -1.030541 -2.456077 -1.169459 -2.15 -1.1 -2.456077 -1.169459 -2.126605 -1.164279 -2.126605 -1.164279 -2.456077 -1.169459 -2.50359 -1.3 -2.126605 -1.164279 -2.50359 -1.3 -2.067365 -1.198481 -2.067365 -1.198481 -2.50359 -1.3 -2.301679 -1.567205 -2.067365 -1.198481 -2.301679 -1.567205 -2.234315 -1.579083 -2.50359 -1.3 -2.592885 -1.406418 -2.301679 -1.567205 -2.301679 -1.567205 -2.592885 -1.406418 -2.360919 -1.601407 -2.360919 -1.601407 -2.592885 -1.406418 -2.713192 -1.475877 -2.360919 -1.601407 -2.713192 -1.475877 -2.384315 -1.665686 -2.384315 -1.665686 -2.713192 -1.475877 -2.8 -1.813397 -2.384315 -1.665686 -2.8 -1.813397 -2.360919 -1.729964 -2.360919 -1.729964 -2.8 -1.813397 -2.756031 -1.865798 -2.360919 -1.729964 -2.756031 -1.865798 -2.756031 -1.934202 -2.713192 -1.475877 -2.85 -1.5 -2.8 -1.813397 -2.8 -1.813397 -2.85 -1.5 -2.867365 -1.801519 -2.867365 -1.801519 -2.85 -1.5 -2.9 -1.5 -2.867365 -1.801519 -2.9 -1.5 -2.976537 -1.515224 -2.976537 -1.515224 -3.041421 -1.558579 -2.867365 -1.801519 -2.867365 -1.801519 -3.041421 -1.558579 -3.084776 -1.623463 -2.867365 -1.801519 -3.084776 -1.623463 -3.1 -1.7 -1.263398 -1.55 -0.8366025 -1.55 -1.25 -1.5 -1.25 -1.5 -0.8366025 -1.55 -0.85 -1.5 -1.25 -1.5 -0.85 -1.5 -1.25 -0.7 -1.25 -0.7 -0.85 -1.5 -0.85 -0.7 -1.25 -0.7 -0.85 -0.7 -1.263398 -0.65 -1.263398 -0.65 -0.85 -0.7 -0.8366025 -0.65 -1.263398 -0.65 -0.8366025 -0.65 -1.083992 -0.4046162 -1.083992 -0.4046162 -0.8366025 -0.65 -1.016008 -0.4046162 -1.016008 -0.4046162 -0.8366025 -0.65 -0.8 -0.6133975 -1.016008 -0.4046162 -0.8 -0.6133975 -0.9610082 -0.3646564 -0.9610082 -0.3646564 -0.8 -0.6133975 -0.75 -0.6 -0.9610082 -0.3646564 -0.75 -0.6 -0.55 -0.6 -0.5 -0.6133975 0 0 -0.55 -0.6 -0.55 -0.6 0 0 -0.94 -0.3 -0.55 -0.6 -0.94 -0.3 -0.9610082 -0.3646564 -0.5 -0.6133975 -0.4633975 -0.65 0 0 0 0 -0.4633975 -0.65 -0.45 -0.7 -0.4633975 -1.55 -0.5 -1.586603 0 -2.2 0 -2.2 -0.5 -1.586603 -0.55 -1.6 -1.55 -1.6 -1.6 -1.586603 -2.234315 -1.752288 -2.234315 -1.752288 -1.6 -1.586603 -2.190346 -1.699887 -2.190346 -1.699887 -1.6 -1.586603 -1.636603 -1.55 -2.190346 -1.699887 -1.636603 -1.55 -2.190346 -1.631483 -2.190346 -1.631483 -1.636603 -1.55 -1.65 -1.5 -2.190346 -1.631483 -1.65 -1.5 -2.234315 -1.579083 -2.234315 -1.579083 -1.65 -1.5 -2.067365 -1.198481 -1.65 -0.7 -1.956031 -1.065798 -1.65 -1.5 -1.65 -1.5 -1.956031 -1.065798 -1.956031 -1.134202 -1.65 -1.5 -1.956031 -1.134202 -2 -1.186602 -1.636603 -0.65 -2.190346 -0.5685166 -1.65 -0.7 -1.65 -0.7 -2.190346 -0.5685166 -2.234315 -0.6209172 -1.65 -0.7 -2.234315 -0.6209172 -2.067365 -1.001519 -2.067365 -1.001519 -2.234315 -0.6209172 -2.301679 -0.6327953 -2.190346 -0.5685166 -1.636603 -0.65 -2.190346 -0.5001126 -2.190346 -0.5001126 -1.636603 -0.65 -1.6 -0.6133975 -2.190346 -0.5001126 -1.6 -0.6133975 -2.234315 -0.447712 -2.234315 -0.447712 -1.6 -0.6133975 -1.55 -0.6 -2.234315 -0.447712 -1.55 -0.6 -1.16 -0.3 -1.16 -0.3 -1.55 -0.6 -1.138992 -0.3646564 -1.138992 -0.3646564 -1.55 -0.6 -1.35 -0.6 -1.138992 -0.3646564 -1.35 -0.6 -1.3 -0.6133975 -1.138992 -0.3646564 -1.3 -0.6133975 -1.083992 -0.4046162 -1.083992 -0.4046162 -1.3 -0.6133975 -1.263398 -0.65 -1.016008 -2.004616 -1.083992 -2.004616 0 -2.2 -1.16 -0.3 -1.138992 -0.2353436 -2.234315 -0.447712 -2.234315 -0.447712 -1.138992 -0.2353436 -2.85 0 -2.234315 -0.447712 -2.85 0 -2.301679 -0.4358338 -2.301679 -0.4358338 -2.85 0 -2.756031 -0.265798 -2.301679 -0.4358338 -2.756031 -0.265798 -2.360919 -0.4700358 -2.360919 -0.4700358 -2.756031 -0.265798 -2.756031 -0.334202 -2.360919 -0.4700358 -2.756031 -0.334202 -2.8 -0.3866025 -1.138992 -0.2353436 -1.083992 -0.1953837 -2.85 0 -0.9610082 -0.2353436 -0.94 -0.3 0 0 -2.384315 -0.5343146 -2.360919 -0.4700358 -2.8 -0.3866025 -2.067365 -1.001519 -2 -1.013398 -1.65 -0.7 -1.65 -0.7 -2 -1.013398 -1.956031 -1.065798 -2 -1.186602 -2.067365 -1.198481 -1.65 -1.5 -2.234315 -1.752288 -2.301679 -1.764166 -2.85 -2.2 -2.85 -2.2 -2.301679 -1.764166 -2.756031 -1.934202 -2.85 -2.2 -2.756031 -1.934202 -2.8 -1.986603 -2.301679 -1.764166 -2.360919 -1.729964 -2.756031 -1.934202 -2.8 -1.986603 -2.867365 -1.998481 -2.85 -2.2 0.1 0.07499998 -0.1 0.07499998 0.1 -0.07499998 0.1 -0.07499998 -0.1 0.07499998 -0.1 -0.07499998 0.07499998 0.1570796 -0.07499998 0.1570796 0.07499998 0.1047197 0.07499998 0.1047197 -0.07499998 0.1570796 -0.07499998 0.1047197 0.07499998 0.1047197 -0.07499998 0.1047197 0.07499998 0.05235987 0.07499998 0.05235987 -0.07499998 0.1047197 -0.07499998 0.05235987 0.07499998 0.05235987 -0.07499998 0.05235987 -0.07499998 0 -0.07499998 0 0.07499998 0 0.07499998 0.05235987 0.4 0.07499998 -0.4 0.07499998 0.4 -0.07499998 0.4 -0.07499998 -0.4 0.07499998 -0.4 -0.07499998 0.07499998 0.1570796 -0.07499998 0.1570796 0.07499998 0.1047197 0.07499998 0.1047197 -0.07499998 0.1570796 -0.07499998 0.1047197 0.07499998 0.1047197 -0.07499998 0.1047197 0.07499998 0.05235987 0.07499998 0.05235987 -0.07499998 0.1047197 -0.07499998 0.05235987 0.07499998 0.05235987 -0.07499998 0.05235987 -0.07499998 0 -0.07499998 0 0.07499998 0 0.07499998 0.05235987 0.1 0.07499998 -0.1 0.07499998 0.1 -0.07499998 0.1 -0.07499998 -0.1 0.07499998 -0.1 -0.07499998 0.07499998 0.1570796 -0.07499998 0.1570796 0.07499998 0.1047197 0.07499998 0.1047197 -0.07499998 0.1570796 -0.07499998 0.1047197 0.07499998 0.1047197 -0.07499998 0.1047197 0.07499998 0.05235987 0.07499998 0.05235987 -0.07499998 0.1047197 -0.07499998 0.05235987 0.07499998 0.05235987 -0.07499998 0.05235987 -0.07499998 0 -0.07499998 0 0.07499998 0 0.07499998 0.05235987 0.4 0.07499998 -0.4 0.07499998 0.4 -0.07499998 0.4 -0.07499998 -0.4 0.07499998 -0.4 -0.07499998 0.07499998 0.1570796 -0.07499998 0.1570796 0.07499998 0.1047197 0.07499998 0.1047197 -0.07499998 0.1570796 -0.07499998 0.1047197 0.07499998 0.1047197 -0.07499998 0.1047197 0.07499998 0.05235987 0.07499998 0.05235987 -0.07499998 0.1047197 -0.07499998 0.05235987 0.07499998 0.05235987 -0.07499998 0.05235987 -0.07499998 0 -0.07499998 0 0.07499998 0 0.07499998 0.05235987 0.02121317 -0.05969023 0.02121317 0 -0.02121317 0 -0.02121317 0 0.02121317 0 0.02121317 0.05969023 -0.02121317 0 0.02121317 0.05969023 -0.02121317 0.0663225 -0.02121317 0.0663225 0.02121317 0.05969023 0.02121317 0.1193805 -0.02121317 0.0663225 0.02121317 0.1193805 -0.02121317 0.132645 -0.02121317 0.132645 0.02121317 0.1193805 0.02121317 0.1790708 -0.02121317 0.132645 0.02121317 0.1790708 -0.02121317 0.1989675 -0.02121317 0.1989675 0.02121317 0.1790708 0.02121317 0.238761 -0.02121317 0.1989675 0.02121317 0.238761 -0.02121317 0.26529 -0.02121317 0.26529 0.02121317 0.238761 0.02121317 0.2984513 -0.02121317 0.26529 0.02121317 0.2984513 -0.02121317 0.3316125 -0.02121317 -0.26529 0.02121317 -0.2984513 0.02121317 -0.238761 -0.02121317 -0.26529 0.02121317 -0.238761 -0.02121317 -0.1989675 -0.02121317 -0.1989675 0.02121317 -0.238761 0.02121317 -0.1790708 -0.02121317 -0.1989675 0.02121317 -0.1790708 -0.02121317 -0.132645 -0.02121317 -0.132645 0.02121317 -0.1790708 0.02121317 -0.1193805 -0.02121317 -0.132645 0.02121317 -0.1193805 -0.02121317 -0.0663225 -0.02121317 -0.0663225 0.02121317 -0.1193805 0.02121317 -0.05969023 -0.02121317 -0.0663225 0.02121317 -0.05969023 -0.02121317 0 4.965 -0.0558505 5.085 0 4.965 0 4.965 0 5.085 0 5.085 0.0558505 4.965 0 5.085 0.0558505 4.965 0.0558505 4.965 0.0558505 5.085 0.0558505 5.085 0.111701 4.965 0.0558505 5.085 0.111701 4.965 0.111701 4.965 0.111701 5.085 0.111701 5.085 0.1675516 4.965 0.111701 5.085 0.1675516 4.965 0.1675516 4.965 0.1675516 5.085 0.1675516 5.085 0.2234022 4.965 0.1675516 5.085 0.2234022 4.965 0.2234021 4.965 -0.2792527 5.085 -0.2792527 5.085 -0.2234021 4.965 -0.2792527 5.085 -0.2234021 4.965 -0.2234021 4.965 -0.2234021 5.085 -0.2234021 5.085 -0.1675516 4.965 -0.2234021 5.085 -0.1675516 4.965 -0.1675516 4.965 -0.1675516 5.085 -0.1675516 5.085 -0.111701 4.965 -0.1675516 5.085 -0.111701 4.965 -0.111701 4.965 -0.111701 5.085 -0.111701 5.085 -0.0558505 4.965 -0.111701 5.085 -0.0558505 4.965 -0.0558505 4.965 -0.0558505 5.085 -0.0558505 5.085 0 0.02121317 -0.05969023 0.02121317 0 -0.02121317 0 -0.02121317 0 0.02121317 0 0.02121317 0.05969023 -0.02121317 0 0.02121317 0.05969023 -0.02121317 0.0663225 -0.02121317 0.0663225 0.02121317 0.05969023 0.02121317 0.1193805 -0.02121317 0.0663225 0.02121317 0.1193805 -0.02121317 0.132645 -0.02121317 0.132645 0.02121317 0.1193805 0.02121317 0.1790708 -0.02121317 0.132645 0.02121317 0.1790708 -0.02121317 0.1989675 -0.02121317 0.1989675 0.02121317 0.1790708 0.02121317 0.238761 -0.02121317 0.1989675 0.02121317 0.238761 -0.02121317 0.26529 -0.02121317 0.26529 0.02121317 0.238761 0.02121317 0.2984513 -0.02121317 0.26529 0.02121317 0.2984513 -0.02121317 0.3316125 -0.02121317 -0.26529 0.02121317 -0.2984513 0.02121317 -0.238761 -0.02121317 -0.26529 0.02121317 -0.238761 -0.02121317 -0.1989675 -0.02121317 -0.1989675 0.02121317 -0.238761 0.02121317 -0.1790708 -0.02121317 -0.1989675 0.02121317 -0.1790708 -0.02121317 -0.132645 -0.02121317 -0.132645 0.02121317 -0.1790708 0.02121317 -0.1193805 -0.02121317 -0.132645 0.02121317 -0.1193805 -0.02121317 -0.0663225 -0.02121317 -0.0663225 0.02121317 -0.1193805 0.02121317 -0.05969023 -0.02121317 -0.0663225 0.02121317 -0.05969023 -0.02121317 0 4.932 -0.0558505 5.052 0 4.932 0 4.932 0 5.052 0 5.052 0.0558505 4.932 0 5.052 0.0558505 4.932 0.0558505 4.932 0.0558505 5.052 0.0558505 5.052 0.111701 4.932 0.0558505 5.052 0.111701 4.932 0.111701 4.932 0.111701 5.052 0.111701 5.052 0.1675516 4.932 0.111701 5.052 0.1675516 4.932 0.1675516 4.932 0.1675516 5.052 0.1675516 5.052 0.2234022 4.932 0.1675516 5.052 0.2234022 4.932 0.2234021 4.932 -0.2792527 5.052 -0.2792527 5.052 -0.2234021 4.932 -0.2792527 5.052 -0.2234021 4.932 -0.2234021 4.932 -0.2234021 5.052 -0.2234021 5.052 -0.1675516 4.932 -0.2234021 5.052 -0.1675516 4.932 -0.1675516 4.932 -0.1675516 5.052 -0.1675516 5.052 -0.111701 4.932 -0.1675516 5.052 -0.111701 4.932 -0.111701 4.932 -0.111701 5.052 -0.111701 5.052 -0.0558505 4.932 -0.111701 5.052 -0.0558505 4.932 -0.0558505 4.932 -0.0558505 5.052 -0.0558505 5.052 0 0.1356071 0.07499998 -0.1630029 0.07499998 0.1356071 -0.07499998 0.1356071 -0.07499998 -0.1630029 0.07499998 -0.1630029 -0.07499998 -0.1677809 0.3141593 -0.1677809 0.2356194 -0.0177809 0.3141593 -0.0177809 0.3141593 -0.1677809 0.2356194 -0.0177809 0.2356194 -0.0177809 0.2356194 -0.1677809 0.2356194 -0.0177809 0.1570796 -0.0177809 0.1570796 -0.1677809 0.2356194 -0.1677809 0.1570796 -0.0177809 0.1570796 -0.1677809 0.1570796 -0.1677809 0.07853978 -0.0177809 0.1570796 -0.1677809 0.07853978 -0.0177809 0.07853978 -0.0177809 0.07853978 -0.1677809 0.07853978 -0.1677809 0 -0.0177809 0.07853978 -0.1677809 0 -0.0177809 0 0.5123476 0.07499998 0.4623476 0.07499998 0.5123476 -0.07499998 0.5123476 -0.07499998 0.4623476 0.07499998 0.4623476 -0.07499998 0.07499998 1.256637 -0.07499998 1.256637 0.07499998 1.117011 0.07499998 1.117011 -0.07499998 1.256637 -0.07499998 1.117011 0.07499998 1.117011 -0.07499998 1.117011 0.07499998 0.9773844 0.07499998 0.9773844 -0.07499998 1.117011 -0.07499998 0.9773844 0.07499998 0.9773844 -0.07499998 0.9773844 0.07499998 0.8377581 0.07499998 0.8377581 -0.07499998 0.9773844 -0.07499998 0.8377581 0.07499998 0.8377581 -0.07499998 0.8377581 0.07499998 0.6981317 0.07499998 0.6981317 -0.07499998 0.8377581 -0.07499998 0.6981317 0.07499998 0.6981317 -0.07499998 0.6981317 0.07499998 0.5585054 0.07499998 0.5585054 -0.07499998 0.6981317 -0.07499998 0.5585054 0.07499998 0.5585054 -0.07499998 0.5585054 0.07499998 0.418879 0.07499998 0.418879 -0.07499998 0.5585054 -0.07499998 0.418879 0.07499998 0.418879 -0.07499998 0.418879 0.07499998 0.2792527 0.07499998 0.2792527 -0.07499998 0.418879 -0.07499998 0.2792527 0.07499998 0.2792527 -0.07499998 0.2792527 0.07499998 0.1396263 0.07499998 0.1396263 -0.07499998 0.2792527 -0.07499998 0.1396263 0.07499998 0.1396263 -0.07499998 0.1396263 0.07499998 0 0.07499998 0 -0.07499998 0.1396263 -0.07499998 0 -0.4623476 0.07499998 -0.5123476 0.07499998 -0.4623476 -0.07499998 -0.4623476 -0.07499998 -0.5123476 0.07499998 -0.5123476 -0.07499998 -0.1677809 0.3141593 -0.1677809 0.2356194 -0.0177809 0.3141593 -0.0177809 0.3141593 -0.1677809 0.2356194 -0.0177809 0.2356194 -0.0177809 0.2356194 -0.1677809 0.2356194 -0.0177809 0.1570796 -0.0177809 0.1570796 -0.1677809 0.2356194 -0.1677809 0.1570796 -0.0177809 0.1570796 -0.1677809 0.1570796 -0.1677809 0.07853978 -0.0177809 0.1570796 -0.1677809 0.07853978 -0.0177809 0.07853978 -0.0177809 0.07853978 -0.1677809 0.07853978 -0.1677809 0 -0.0177809 0.07853978 -0.1677809 0 -0.0177809 0 0.1630029 0.07499998 -0.1356071 0.07499998 0.1630029 -0.07499998 0.1630029 -0.07499998 -0.1356071 0.07499998 -0.1356071 -0.07499998 -0.170055 0.3030424 -0.170055 0.2020283 -0.02005499 0.3030424 -0.02005499 0.3030424 -0.170055 0.2020283 -0.02005499 0.2020283 -0.02005499 0.2020283 -0.170055 0.2020283 -0.170055 0.1010141 -0.02005499 0.2020283 -0.170055 0.1010141 -0.02005499 0.1010141 -0.02005499 0.1010141 -0.170055 0.1010141 -0.170055 0 -0.02005499 0.1010141 -0.170055 0 -0.02005499 0 -0.1677809 0.3030424 -0.1677809 0.2020283 -0.0177809 0.3030424 -0.0177809 0.3030424 -0.1677809 0.2020283 -0.0177809 0.2020283 -0.0177809 0.2020283 -0.1677809 0.2020283 -0.1677809 0.1010141 -0.0177809 0.2020283 -0.1677809 0.1010141 -0.0177809 0.1010141 -0.0177809 0.1010141 -0.1677809 0.1010141 -0.1677809 0 -0.0177809 0.1010141 -0.1677809 0 -0.0177809 0 -0.675 -0.07499998 2.175 -0.07499998 -0.675 0.07499998 -0.675 0.07499998 2.175 -0.07499998 2.175 0.07499998 -0.03749996 0.07499998 -0.03749996 -0.07499998 0.03749996 0.0549038 0.03749996 0.0549038 -0.03749996 -0.07499998 0.09240376 0 0.09240376 0 -0.03749996 -0.07499998 0.1125 -0.07499998 0 -0.07499998 0.04999995 -0.07499998 0 0.07499998 0 0.07499998 0.04999995 -0.07499998 0.04999995 0.07499998 5.49476 0 5.49476 0.0261799 5.34476 0 5.34476 0 5.49476 0.0261799 5.34476 0.0261799 5.34476 0.0261799 5.49476 0.0261799 5.34476 0.05235987 5.34476 0.05235987 5.49476 0.0261799 5.49476 0.05235987 5.34476 0.05235987 5.49476 0.05235987 5.34476 0.07853978 5.34476 0.07853978 5.49476 0.05235987 5.49476 0.07853978 0.03749996 0.07499998 -0.03749996 0.0549038 0.03749996 -0.07499998 0.03749996 -0.07499998 -0.03749996 0.0549038 -0.09240376 0 0.03749996 -0.07499998 -0.09240376 0 -0.1125 -0.07499998 -0.175 -0.07499998 -0.02499997 -0.07499998 -0.175 0.07499998 -0.175 0.07499998 -0.02499997 -0.07499998 -0.02499997 0.07499998 2.97336 0 -0.92664 0 2.97336 -0.15 2.97336 -0.15 -0.92664 0 -0.92664 -0.15 2.97336 -0.15 -0.92664 -0.15 2.958136 -0.2265366 2.958136 -0.2265366 -0.92664 -0.15 -0.9114159 -0.2265366 2.958136 -0.2265366 -0.9114159 -0.2265366 2.914781 -0.2914214 2.914781 -0.2914214 -0.9114159 -0.2265366 -0.8680614 -0.2914214 2.914781 -0.2914214 -0.8680614 -0.2914214 2.77336 -0.35 2.77336 -0.35 -0.8680614 -0.2914214 -0.72664 -0.35 -0.72664 -0.35 -0.8680614 -0.2914214 -0.8031767 -0.3347759 2.77336 -0.35 2.849897 -0.3347759 2.914781 -0.2914214 0.175 0.07499998 0.02499997 0.07499998 0.175 -0.07499998 0.175 -0.07499998 0.02499997 0.07499998 0.02499997 -0.07499998 -0.03749996 0.07499998 -0.03749996 -0.07499998 0.03749996 0.0549038 0.03749996 0.0549038 -0.03749996 -0.07499998 0.09240376 0 0.09240376 0 -0.03749996 -0.07499998 0.1125 -0.07499998 5.49476 0 5.49476 0.0261799 5.34476 0 5.34476 0 5.49476 0.0261799 5.34476 0.0261799 5.34476 0.0261799 5.49476 0.0261799 5.34476 0.05235987 5.34476 0.05235987 5.49476 0.0261799 5.49476 0.05235987 5.34476 0.05235987 5.49476 0.05235987 5.34476 0.07853978 5.34476 0.07853978 5.49476 0.05235987 5.49476 0.07853978 0 0.07499998 -0.04999995 0.07499998 0 -0.07499998 0 -0.07499998 -0.04999995 0.07499998 -0.04999995 -0.07499998 -0.1125 -0.07499998 0.03749996 -0.07499998 -0.09240376 0 -0.09240376 0 0.03749996 -0.07499998 -0.03749996 0.0549038 -0.03749996 0.0549038 0.03749996 -0.07499998 0.03749996 0.07499998 0.675 0.07499998 -2.175 0.07499998 0.675 -0.07499998 0.675 -0.07499998 -2.175 0.07499998 -2.175 -0.07499998 0.07499998 0.06114256 -0.07499998 0.06114256 0.07499998 0.0407617 0.07499998 0.0407617 -0.07499998 0.06114256 -0.07499998 0.0407617 0.07499998 0.0407617 -0.07499998 0.0407617 0.07499998 0.02038085 0.07499998 0.02038085 -0.07499998 0.0407617 -0.07499998 0.02038085 0.07499998 0.02038085 -0.07499998 0.02038085 0.07499998 0 0.07499998 0 -0.07499998 0.02038085 -0.07499998 0 -0.07499998 3.394609 0.07499998 3.394609 -0.07499998 3.41499 -0.07499998 3.41499 0.07499998 3.394609 0.07499998 3.41499 -0.07499998 3.41499 0.07499998 3.41499 -0.07499998 3.435371 -0.07499998 3.435371 0.07499998 3.41499 0.07499998 3.435371 -0.07499998 3.435371 0.07499998 3.435371 -0.07499998 3.455752 -0.07499998 3.455752 0.07499998 3.435371 0.07499998 3.455752 4.35 0 3.9 -0.7 4.35 -2.2 4.35 -2.2 3.9 -0.7 3.9 -1.5 4.35 -2.2 3.9 -1.5 3.886602 -1.55 1.5 0 3.313892 -0.2212154 4.35 0 4.35 0 3.313892 -0.2212154 3.361284 -0.2485769 4.35 0 3.361284 -0.2485769 3.38 -0.3 1.47962 -1.88804e-4 1.517365 -0.2015192 1.5 0 1.5 0 1.517365 -0.2015192 1.576604 -0.2357212 1.5 0 1.576604 -0.2357212 2.08305 -0.4358338 2.08305 -0.4358338 1.576604 -0.2357212 1.6 -0.3 2.08305 -0.4358338 1.6 -0.3 2.015686 -0.447712 2.015686 -0.447712 1.6 -0.3 1.576604 -0.3642787 2.015686 -0.447712 1.576604 -0.3642787 1.971716 -0.5001126 1.971716 -0.5001126 1.576604 -0.3642787 1.517365 -0.3984808 1.971716 -0.5001126 1.517365 -0.3984808 1.971716 -0.5685166 1.971716 -0.5685166 1.517365 -0.3984808 1.5 -0.7 1.971716 -0.5685166 1.5 -0.7 1.636808 -0.724123 1.517365 -0.2015192 1.47962 -1.88804e-4 1.343652 -0.03200852 1.343652 -0.03200852 1.47962 -1.88804e-4 1.459248 -7.55149e-4 1.343652 -0.03200852 1.459248 -7.55149e-4 1.438889 -0.001698791 1.343652 -0.03200852 1.274972 -0.1046161 1.517365 -0.2015192 1.517365 -0.2015192 1.274972 -0.1046161 1.45 -0.2133975 1.45 -0.2133975 1.274972 -0.1046161 1.25 -0.2013899 1.45 -0.2133975 1.25 -0.2013899 1.406031 -0.265798 1.406031 -0.265798 1.25 -0.2013899 1.406031 -0.334202 1.406031 -0.334202 1.25 -0.2013899 1.25 -0.5 1.406031 -0.334202 1.25 -0.5 1.45 -0.3866025 1.45 -0.3866025 1.25 -0.5 1.517365 -0.3984808 1.517365 -0.3984808 1.25 -0.5 1.265224 -0.5765367 1.517365 -0.3984808 1.265224 -0.5765367 1.5 -0.7 1.5 -0.7 1.265224 -0.5765367 1.308579 -0.6414214 1.5 -0.7 1.308579 -0.6414214 1.45 -0.7 1.45 -0.7 1.308579 -0.6414214 1.373463 -0.684776 1.971716 -0.5685166 1.636808 -0.724123 2.015686 -0.6209172 2.015686 -0.6209172 1.636808 -0.724123 1.757115 -0.7935822 2.015686 -0.6209172 1.757115 -0.7935822 2.08305 -0.6327953 2.08305 -0.6327953 1.757115 -0.7935822 1.84641 -0.9 2.08305 -0.6327953 1.84641 -0.9 2.317365 -1.001519 2.317365 -1.001519 1.84641 -0.9 2.25 -1.013398 2.25 -1.013398 1.84641 -0.9 1.893923 -1.030541 2.25 -1.013398 1.893923 -1.030541 2.206031 -1.065798 2.206031 -1.065798 1.893923 -1.030541 2.206031 -1.134202 2.206031 -1.134202 1.893923 -1.030541 1.893923 -1.169459 2.206031 -1.134202 1.893923 -1.169459 2.25 -1.186602 2.25 -1.186602 1.893923 -1.169459 1.84641 -1.3 2.25 -1.186602 1.84641 -1.3 2.317365 -1.198481 2.317365 -1.198481 1.84641 -1.3 2.08305 -1.567205 2.317365 -1.198481 2.08305 -1.567205 2.7 -1.5 2.7 -1.5 2.08305 -1.567205 2.14229 -1.601407 2.7 -1.5 2.14229 -1.601407 2.713397 -1.55 2.713397 -1.55 2.14229 -1.601407 2.165685 -1.665686 2.713397 -1.55 2.165685 -1.665686 2.75 -1.586603 2.75 -1.586603 2.165685 -1.665686 2.14229 -1.729964 2.75 -1.586603 2.14229 -1.729964 2.8 -1.6 2.8 -1.6 2.14229 -1.729964 3.224825 -1.872638 2.8 -1.6 3.224825 -1.872638 3 -1.6 3 -1.6 3.224825 -1.872638 3.26 -1.830718 3 -1.6 3.26 -1.830718 3.05 -1.586603 3.05 -1.586603 3.26 -1.830718 3.313892 -1.821215 3.05 -1.586603 3.313892 -1.821215 3.55 -1.586603 3.55 -1.586603 3.313892 -1.821215 3.6 -1.6 3.6 -1.6 3.313892 -1.821215 3.361284 -1.848577 3.6 -1.6 3.361284 -1.848577 3.8 -1.6 3.8 -1.6 3.361284 -1.848577 3.38 -1.9 3.8 -1.6 3.38 -1.9 4.35 -2.2 4.35 -2.2 3.38 -1.9 3.361284 -1.951423 4.35 -2.2 3.361284 -1.951423 3.313892 -1.978785 1.84641 -1.3 1.757115 -1.406418 2.08305 -1.567205 2.08305 -1.567205 1.757115 -1.406418 2.015686 -1.579083 2.015686 -1.579083 1.757115 -1.406418 1.636808 -1.475877 2.015686 -1.579083 1.636808 -1.475877 1.971716 -1.631483 1.971716 -1.631483 1.636808 -1.475877 1.5 -1.5 1.971716 -1.631483 1.5 -1.5 1.517365 -1.801519 1.517365 -1.801519 1.5 -1.5 1.265224 -1.623463 1.517365 -1.801519 1.265224 -1.623463 1.25 -1.7 1.265224 -1.623463 1.5 -1.5 1.308579 -1.558579 1.308579 -1.558579 1.5 -1.5 1.45 -1.5 1.308579 -1.558579 1.45 -1.5 1.373463 -1.515224 1.25 -1.99861 1.406031 -1.865798 1.25 -1.7 1.25 -1.7 1.406031 -1.865798 1.45 -1.813397 1.25 -1.7 1.45 -1.813397 1.517365 -1.801519 1.274972 -2.095384 1.45 -1.986603 1.25 -1.99861 1.25 -1.99861 1.45 -1.986603 1.406031 -1.934202 1.25 -1.99861 1.406031 -1.934202 1.406031 -1.865798 1.45 -1.986603 1.274972 -2.095384 1.517365 -1.998481 1.517365 -1.998481 1.274972 -2.095384 1.343652 -2.167991 1.517365 -1.998481 1.343652 -2.167991 1.47962 -2.199811 1.47962 -2.199811 1.343652 -2.167991 1.459248 -2.199245 1.459248 -2.199245 1.343652 -2.167991 1.438889 -2.198301 1.47962 -2.199811 1.5 -2.2 1.517365 -1.998481 1.517365 -1.998481 1.5 -2.2 1.576604 -1.964279 1.576604 -1.964279 1.5 -2.2 2.08305 -1.764166 1.576604 -1.964279 2.08305 -1.764166 1.6 -1.9 1.6 -1.9 2.08305 -1.764166 2.015686 -1.752288 1.6 -1.9 2.015686 -1.752288 1.576604 -1.835721 1.576604 -1.835721 2.015686 -1.752288 1.971716 -1.699887 1.576604 -1.835721 1.971716 -1.699887 1.517365 -1.801519 1.517365 -1.801519 1.971716 -1.699887 1.971716 -1.631483 4.35 -2.2 3.313892 -1.978785 1.5 -2.2 1.5 -2.2 3.313892 -1.978785 3.26 -1.969282 1.5 -2.2 3.26 -1.969282 2.08305 -1.764166 2.08305 -1.764166 3.26 -1.969282 3.224825 -1.927362 2.08305 -1.764166 3.224825 -1.927362 2.14229 -1.729964 2.14229 -1.729964 3.224825 -1.927362 3.224825 -1.872638 2.7 -0.7 2.4 -1.1 2.7 -1.5 2.7 -1.5 2.4 -1.1 2.376605 -1.164279 2.7 -1.5 2.376605 -1.164279 2.317365 -1.198481 2.713397 -0.65 2.14229 -0.5985934 2.7 -0.7 2.7 -0.7 2.14229 -0.5985934 2.08305 -0.6327953 2.7 -0.7 2.08305 -0.6327953 2.317365 -1.001519 2.14229 -0.5985934 2.713397 -0.65 2.165685 -0.5343146 2.165685 -0.5343146 2.713397 -0.65 2.75 -0.6133975 2.165685 -0.5343146 2.75 -0.6133975 2.14229 -0.4700358 2.14229 -0.4700358 2.75 -0.6133975 2.8 -0.6 2.14229 -0.4700358 2.8 -0.6 3.224825 -0.3273616 3.224825 -0.3273616 2.8 -0.6 3 -0.6 3.224825 -0.3273616 3 -0.6 3.26 -0.369282 3.26 -0.369282 3 -0.6 3.05 -0.6133975 3.26 -0.369282 3.05 -0.6133975 3.313892 -0.3787846 3.313892 -0.3787846 3.05 -0.6133975 3.55 -0.6133975 3.313892 -0.3787846 3.55 -0.6133975 3.6 -0.6 3.55 -0.6133975 3.05 -0.6133975 3.513398 -0.65 3.513398 -0.65 3.05 -0.6133975 3.086603 -0.65 3.513398 -0.65 3.086603 -0.65 3.5 -0.7 3.5 -0.7 3.086603 -0.65 3.1 -0.7 3.5 -0.7 3.1 -0.7 3.5 -1.5 3.5 -1.5 3.1 -0.7 3.1 -1.5 3.5 -1.5 3.1 -1.5 3.513398 -1.55 3.513398 -1.55 3.1 -1.5 3.086603 -1.55 3.513398 -1.55 3.086603 -1.55 3.55 -1.586603 3.55 -1.586603 3.086603 -1.55 3.05 -1.586603 3.313892 -0.3787846 3.6 -0.6 3.361284 -0.351423 3.361284 -0.351423 3.6 -0.6 3.8 -0.6 3.361284 -0.351423 3.8 -0.6 3.38 -0.3 3.38 -0.3 3.8 -0.6 4.35 0 3.8 -0.6 3.85 -0.6133975 4.35 0 4.35 0 3.85 -0.6133975 3.886602 -0.65 4.35 0 3.886602 -0.65 3.9 -0.7 3.886602 -1.55 3.85 -1.586603 4.35 -2.2 4.35 -2.2 3.85 -1.586603 3.8 -1.6 3.224825 -0.3273616 3.224825 -0.2726384 2.14229 -0.4700358 2.14229 -0.4700358 3.224825 -0.2726384 2.08305 -0.4358338 2.08305 -0.4358338 3.224825 -0.2726384 3.26 -0.230718 2.08305 -0.4358338 3.26 -0.230718 1.5 0 1.5 0 3.26 -0.230718 3.313892 -0.2212154 2.317365 -1.001519 2.376605 -1.035721 2.7 -0.7 2.7 -0.7 2.376605 -1.035721 2.4 -1.1 0.1 0.07499998 -0.1 0.07499998 0.1 -0.07499998 0.1 -0.07499998 -0.1 0.07499998 -0.1 -0.07499998 0.07499998 0 0.07499998 0.05235987 -0.07499998 0 -0.07499998 0 0.07499998 0.05235987 -0.07499998 0.05235987 -0.07499998 0.05235987 0.07499998 0.05235987 -0.07499998 0.1047197 -0.07499998 0.1047197 0.07499998 0.05235987 0.07499998 0.1047197 -0.07499998 0.1047197 0.07499998 0.1047197 -0.07499998 0.1570796 -0.07499998 0.1570796 0.07499998 0.1047197 0.07499998 0.1570796 0.4 0.07499998 -0.4 0.07499998 0.4 -0.07499998 0.4 -0.07499998 -0.4 0.07499998 -0.4 -0.07499998 0.07499998 0 0.07499998 0.05235987 -0.07499998 0 -0.07499998 0 0.07499998 0.05235987 -0.07499998 0.05235987 -0.07499998 0.05235987 0.07499998 0.05235987 -0.07499998 0.1047197 -0.07499998 0.1047197 0.07499998 0.05235987 0.07499998 0.1047197 -0.07499998 0.1047197 0.07499998 0.1047197 -0.07499998 0.1570796 -0.07499998 0.1570796 0.07499998 0.1047197 0.07499998 0.1570796 0.1 0.07499998 -0.1 0.07499998 0.1 -0.07499998 0.1 -0.07499998 -0.1 0.07499998 -0.1 -0.07499998 0.07499998 0 0.07499998 0.05235987 -0.07499998 0 -0.07499998 0 0.07499998 0.05235987 -0.07499998 0.05235987 -0.07499998 0.05235987 0.07499998 0.05235987 -0.07499998 0.1047197 -0.07499998 0.1047197 0.07499998 0.05235987 0.07499998 0.1047197 -0.07499998 0.1047197 0.07499998 0.1047197 -0.07499998 0.1570796 -0.07499998 0.1570796 0.07499998 0.1047197 0.07499998 0.1570796 0.4 0.07499998 -0.4 0.07499998 0.4 -0.07499998 0.4 -0.07499998 -0.4 0.07499998 -0.4 -0.07499998 0.07499998 0 0.07499998 0.05235987 -0.07499998 0 -0.07499998 0 0.07499998 0.05235987 -0.07499998 0.05235987 -0.07499998 0.05235987 0.07499998 0.05235987 -0.07499998 0.1047197 -0.07499998 0.1047197 0.07499998 0.05235987 0.07499998 0.1047197 -0.07499998 0.1047197 0.07499998 0.1047197 -0.07499998 0.1570796 -0.07499998 0.1570796 0.07499998 0.1047197 0.07499998 0.1570796 -1.25 -1.7 -1.406031 -1.865798 -1.25 -1.99861 -1.25 -1.99861 -1.406031 -1.865798 -1.406031 -1.934202 -1.25 -1.99861 -1.406031 -1.934202 -1.45 -1.986603 -1.265224 -1.623463 -1.517365 -1.801519 -1.25 -1.7 -1.25 -1.7 -1.517365 -1.801519 -1.45 -1.813397 -1.25 -1.7 -1.45 -1.813397 -1.406031 -1.865798 -1.517365 -1.801519 -1.265224 -1.623463 -1.5 -1.5 -1.5 -1.5 -1.265224 -1.623463 -1.308579 -1.558579 -1.5 -1.5 -1.308579 -1.558579 -1.45 -1.5 -1.45 -1.5 -1.308579 -1.558579 -1.373463 -1.515224 -1.517365 -1.801519 -1.5 -1.5 -1.971716 -1.631483 -1.971716 -1.631483 -1.5 -1.5 -1.636808 -1.475877 -1.971716 -1.631483 -1.636808 -1.475877 -2.015686 -1.579083 -2.015686 -1.579083 -1.636808 -1.475877 -1.757115 -1.406418 -2.015686 -1.579083 -1.757115 -1.406418 -2.08305 -1.567205 -2.08305 -1.567205 -1.757115 -1.406418 -1.84641 -1.3 -2.08305 -1.567205 -1.84641 -1.3 -2.317365 -1.198481 -2.317365 -1.198481 -1.84641 -1.3 -2.25 -1.186602 -2.25 -1.186602 -1.84641 -1.3 -1.893923 -1.169459 -2.25 -1.186602 -1.893923 -1.169459 -2.206031 -1.134202 -2.206031 -1.134202 -1.893923 -1.169459 -1.893923 -1.030541 -2.206031 -1.134202 -1.893923 -1.030541 -2.206031 -1.065798 -2.206031 -1.065798 -1.893923 -1.030541 -2.25 -1.013398 -2.25 -1.013398 -1.893923 -1.030541 -1.84641 -0.9 -2.25 -1.013398 -1.84641 -0.9 -2.317365 -1.001519 -2.317365 -1.001519 -1.84641 -0.9 -2.08305 -0.6327953 -2.317365 -1.001519 -2.08305 -0.6327953 -2.7 -0.7 -2.7 -0.7 -2.08305 -0.6327953 -2.14229 -0.5985934 -2.7 -0.7 -2.14229 -0.5985934 -2.713397 -0.65 -2.713397 -0.65 -2.14229 -0.5985934 -2.165685 -0.5343146 -2.713397 -0.65 -2.165685 -0.5343146 -2.75 -0.6133975 -2.75 -0.6133975 -2.165685 -0.5343146 -2.14229 -0.4700358 -2.75 -0.6133975 -2.14229 -0.4700358 -2.8 -0.6 -2.8 -0.6 -2.14229 -0.4700358 -3.224825 -0.3273616 -2.8 -0.6 -3.224825 -0.3273616 -3 -0.6 -3 -0.6 -3.224825 -0.3273616 -3.26 -0.369282 -3 -0.6 -3.26 -0.369282 -3.05 -0.6133975 -3.05 -0.6133975 -3.26 -0.369282 -3.313892 -0.3787846 -3.05 -0.6133975 -3.313892 -0.3787846 -3.55 -0.6133975 -3.55 -0.6133975 -3.313892 -0.3787846 -3.6 -0.6 -3.6 -0.6 -3.313892 -0.3787846 -3.361284 -0.351423 -3.6 -0.6 -3.361284 -0.351423 -3.8 -0.6 -3.8 -0.6 -3.361284 -0.351423 -3.38 -0.3 -3.8 -0.6 -3.38 -0.3 -4.35 0 -4.35 0 -3.38 -0.3 -3.361284 -0.2485769 -4.35 0 -3.361284 -0.2485769 -3.313892 -0.2212154 -1.84641 -0.9 -1.757115 -0.7935822 -2.08305 -0.6327953 -2.08305 -0.6327953 -1.757115 -0.7935822 -2.015686 -0.6209172 -2.015686 -0.6209172 -1.757115 -0.7935822 -1.636808 -0.724123 -2.015686 -0.6209172 -1.636808 -0.724123 -1.971716 -0.5685166 -1.971716 -0.5685166 -1.636808 -0.724123 -1.5 -0.7 -1.971716 -0.5685166 -1.5 -0.7 -1.517365 -0.3984808 -1.517365 -0.3984808 -1.5 -0.7 -1.265224 -0.5765367 -1.517365 -0.3984808 -1.265224 -0.5765367 -1.25 -0.5 -1.265224 -0.5765367 -1.5 -0.7 -1.308579 -0.6414214 -1.308579 -0.6414214 -1.5 -0.7 -1.45 -0.7 -1.308579 -0.6414214 -1.45 -0.7 -1.373463 -0.684776 -1.25 -0.2013899 -1.406031 -0.334202 -1.25 -0.5 -1.25 -0.5 -1.406031 -0.334202 -1.45 -0.3866025 -1.25 -0.5 -1.45 -0.3866025 -1.517365 -0.3984808 -1.274972 -0.1046161 -1.45 -0.2133975 -1.25 -0.2013899 -1.25 -0.2013899 -1.45 -0.2133975 -1.406031 -0.265798 -1.25 -0.2013899 -1.406031 -0.265798 -1.406031 -0.334202 -1.45 -0.2133975 -1.274972 -0.1046161 -1.517365 -0.2015192 -1.517365 -0.2015192 -1.274972 -0.1046161 -1.343652 -0.03200852 -1.517365 -0.2015192 -1.343652 -0.03200852 -1.47962 -1.88804e-4 -1.47962 -1.88804e-4 -1.343652 -0.03200852 -1.459248 -7.55149e-4 -1.459248 -7.55149e-4 -1.343652 -0.03200852 -1.438889 -0.001698791 -1.47962 -1.88804e-4 -1.5 0 -1.517365 -0.2015192 -1.517365 -0.2015192 -1.5 0 -1.576604 -0.2357212 -1.576604 -0.2357212 -1.5 0 -2.08305 -0.4358338 -1.576604 -0.2357212 -2.08305 -0.4358338 -1.6 -0.3 -1.6 -0.3 -2.08305 -0.4358338 -2.015686 -0.447712 -1.6 -0.3 -2.015686 -0.447712 -1.576604 -0.3642787 -1.576604 -0.3642787 -2.015686 -0.447712 -1.971716 -0.5001126 -1.576604 -0.3642787 -1.971716 -0.5001126 -1.517365 -0.3984808 -1.517365 -0.3984808 -1.971716 -0.5001126 -1.971716 -0.5685166 -4.35 0 -3.313892 -0.2212154 -1.5 0 -1.5 0 -3.313892 -0.2212154 -3.26 -0.230718 -1.5 0 -3.26 -0.230718 -2.08305 -0.4358338 -2.08305 -0.4358338 -3.26 -0.230718 -3.224825 -0.2726384 -2.08305 -0.4358338 -3.224825 -0.2726384 -2.14229 -0.4700358 -2.14229 -0.4700358 -3.224825 -0.2726384 -3.224825 -0.3273616 -4.35 -2.2 -3.9 -0.7 -4.35 0 -4.35 0 -3.9 -0.7 -3.886602 -0.65 -4.35 0 -3.886602 -0.65 -3.85 -0.6133975 -1.5 -2.2 -3.313892 -1.978785 -4.35 -2.2 -4.35 -2.2 -3.313892 -1.978785 -3.361284 -1.951423 -4.35 -2.2 -3.361284 -1.951423 -3.38 -1.9 -1.47962 -2.199811 -1.517365 -1.998481 -1.5 -2.2 -1.5 -2.2 -1.517365 -1.998481 -1.576604 -1.964279 -1.5 -2.2 -1.576604 -1.964279 -2.08305 -1.764166 -2.08305 -1.764166 -1.576604 -1.964279 -1.6 -1.9 -2.08305 -1.764166 -1.6 -1.9 -2.015686 -1.752288 -2.015686 -1.752288 -1.6 -1.9 -1.576604 -1.835721 -2.015686 -1.752288 -1.576604 -1.835721 -1.971716 -1.699887 -1.971716 -1.699887 -1.576604 -1.835721 -1.517365 -1.801519 -1.971716 -1.699887 -1.517365 -1.801519 -1.971716 -1.631483 -1.517365 -1.998481 -1.47962 -2.199811 -1.343652 -2.167991 -1.343652 -2.167991 -1.47962 -2.199811 -1.459248 -2.199245 -1.343652 -2.167991 -1.459248 -2.199245 -1.438889 -2.198301 -1.343652 -2.167991 -1.274972 -2.095384 -1.517365 -1.998481 -1.517365 -1.998481 -1.274972 -2.095384 -1.45 -1.986603 -1.45 -1.986603 -1.274972 -2.095384 -1.25 -1.99861 -3.8 -1.6 -3.361284 -1.848577 -3.6 -1.6 -3.6 -1.6 -3.361284 -1.848577 -3.313892 -1.821215 -3.6 -1.6 -3.313892 -1.821215 -3.55 -1.586603 -3.55 -1.586603 -3.313892 -1.821215 -3.05 -1.586603 -3.55 -1.586603 -3.05 -1.586603 -3.513398 -1.55 -3.513398 -1.55 -3.05 -1.586603 -3.086603 -1.55 -3.513398 -1.55 -3.086603 -1.55 -3.5 -1.5 -3.5 -1.5 -3.086603 -1.55 -3.1 -1.5 -3.5 -1.5 -3.1 -1.5 -3.5 -0.7 -3.5 -0.7 -3.1 -1.5 -3.1 -0.7 -3.5 -0.7 -3.1 -0.7 -3.513398 -0.65 -3.513398 -0.65 -3.1 -0.7 -3.086603 -0.65 -3.513398 -0.65 -3.086603 -0.65 -3.55 -0.6133975 -3.55 -0.6133975 -3.086603 -0.65 -3.05 -0.6133975 -3.85 -1.586603 -4.35 -2.2 -3.8 -1.6 -3.8 -1.6 -4.35 -2.2 -3.38 -1.9 -3.8 -1.6 -3.38 -1.9 -3.361284 -1.848577 -3.85 -1.586603 -3.886602 -1.55 -4.35 -2.2 -4.35 -2.2 -3.886602 -1.55 -3.9 -1.5 -4.35 -2.2 -3.9 -1.5 -3.9 -0.7 -3.85 -0.6133975 -3.8 -0.6 -4.35 0 -3 -1.6 -3.224825 -1.872638 -2.8 -1.6 -2.8 -1.6 -3.224825 -1.872638 -2.14229 -1.729964 -2.8 -1.6 -2.14229 -1.729964 -2.75 -1.586603 -2.75 -1.586603 -2.14229 -1.729964 -2.165685 -1.665686 -2.75 -1.586603 -2.165685 -1.665686 -2.713397 -1.55 -2.713397 -1.55 -2.165685 -1.665686 -2.14229 -1.601407 -2.713397 -1.55 -2.14229 -1.601407 -2.7 -1.5 -2.7 -1.5 -2.14229 -1.601407 -2.08305 -1.567205 -2.7 -1.5 -2.08305 -1.567205 -2.317365 -1.198481 -3.224825 -1.872638 -3 -1.6 -3.26 -1.830718 -3.26 -1.830718 -3 -1.6 -3.05 -1.586603 -3.26 -1.830718 -3.05 -1.586603 -3.313892 -1.821215 -2.7 -1.5 -2.4 -1.1 -2.7 -0.7 -2.7 -0.7 -2.4 -1.1 -2.376605 -1.035721 -2.7 -0.7 -2.376605 -1.035721 -2.317365 -1.001519 -3.224825 -1.872638 -3.224825 -1.927362 -2.14229 -1.729964 -2.14229 -1.729964 -3.224825 -1.927362 -2.08305 -1.764166 -2.08305 -1.764166 -3.224825 -1.927362 -3.26 -1.969282 -2.08305 -1.764166 -3.26 -1.969282 -1.5 -2.2 -1.5 -2.2 -3.26 -1.969282 -3.313892 -1.978785 -2.317365 -1.198481 -2.376605 -1.164279 -2.7 -1.5 -2.7 -1.5 -2.376605 -1.164279 -2.4 -1.1 0.1 0.07499998 -0.1 0.07499998 0.1 -0.07499998 0.1 -0.07499998 -0.1 0.07499998 -0.1 -0.07499998 0.07499998 0 0.07499998 0.05235987 -0.07499998 0 -0.07499998 0 0.07499998 0.05235987 -0.07499998 0.05235987 -0.07499998 0.05235987 0.07499998 0.05235987 -0.07499998 0.1047197 -0.07499998 0.1047197 0.07499998 0.05235987 0.07499998 0.1047197 -0.07499998 0.1047197 0.07499998 0.1047197 -0.07499998 0.1570796 -0.07499998 0.1570796 0.07499998 0.1047197 0.07499998 0.1570796 0.4 0.07499998 -0.4 0.07499998 0.4 -0.07499998 0.4 -0.07499998 -0.4 0.07499998 -0.4 -0.07499998 0.07499998 0 0.07499998 0.05235987 -0.07499998 0 -0.07499998 0 0.07499998 0.05235987 -0.07499998 0.05235987 -0.07499998 0.05235987 0.07499998 0.05235987 -0.07499998 0.1047197 -0.07499998 0.1047197 0.07499998 0.05235987 0.07499998 0.1047197 -0.07499998 0.1047197 0.07499998 0.1047197 -0.07499998 0.1570796 -0.07499998 0.1570796 0.07499998 0.1047197 0.07499998 0.1570796 0.1 0.07499998 -0.1 0.07499998 0.1 -0.07499998 0.1 -0.07499998 -0.1 0.07499998 -0.1 -0.07499998 0.07499998 0 0.07499998 0.05235987 -0.07499998 0 -0.07499998 0 0.07499998 0.05235987 -0.07499998 0.05235987 -0.07499998 0.05235987 0.07499998 0.05235987 -0.07499998 0.1047197 -0.07499998 0.1047197 0.07499998 0.05235987 0.07499998 0.1047197 -0.07499998 0.1047197 0.07499998 0.1047197 -0.07499998 0.1570796 -0.07499998 0.1570796 0.07499998 0.1047197 0.07499998 0.1570796 0.4 0.07499998 -0.4 0.07499998 0.4 -0.07499998 0.4 -0.07499998 -0.4 0.07499998 -0.4 -0.07499998 0.07499998 0 0.07499998 0.05235987 -0.07499998 0 -0.07499998 0 0.07499998 0.05235987 -0.07499998 0.05235987 -0.07499998 0.05235987 0.07499998 0.05235987 -0.07499998 0.1047197 -0.07499998 0.1047197 0.07499998 0.05235987 0.07499998 0.1047197 -0.07499998 0.1047197 0.07499998 0.1047197 -0.07499998 0.1570796 -0.07499998 0.1570796 0.07499998 0.1047197 0.07499998 0.1570796 0.715 0.1954768 0.865 0.1954768 0.715 0.2513274 0.715 0.2513274 0.865 0.1954768 0.865 0.2513274 0.715 -0.2513274 0.865 -0.2513274 0.715 -0.1954768 0.715 -0.1954768 0.865 -0.2513274 0.865 -0.1954768 0.715 -0.1954768 0.865 -0.1954768 0.715 -0.1396263 0.715 -0.1396263 0.865 -0.1954768 0.865 -0.1396263 0.715 -0.1396263 0.865 -0.1396263 0.715 -0.08377575 0.715 -0.08377575 0.865 -0.1396263 0.865 -0.08377575 0.715 -0.08377575 0.865 -0.08377575 0.715 -0.02792525 0.715 -0.02792525 0.865 -0.08377575 0.865 -0.02792525 0.715 -0.02792525 0.865 -0.02792525 0.715 0.02792525 0.715 0.02792525 0.865 -0.02792525 0.865 0.02792525 0.715 0.02792525 0.865 0.02792525 0.715 0.08377575 0.715 0.08377575 0.865 0.02792525 0.865 0.08377575 0.715 0.08377575 0.865 0.08377575 0.715 0.1396263 0.715 0.1396263 0.865 0.08377575 0.865 0.1396263 0.715 0.1396263 0.865 0.1396263 0.715 0.1954768 0.715 0.1954768 0.865 0.1396263 0.865 0.1954768 0.682 0.1954768 0.832 0.1954768 0.682 0.2513274 0.682 0.2513274 0.832 0.1954768 0.832 0.2513274 0.682 -0.2513274 0.832 -0.2513274 0.682 -0.1954768 0.682 -0.1954768 0.832 -0.2513274 0.832 -0.1954768 0.682 -0.1954768 0.832 -0.1954768 0.682 -0.1396263 0.682 -0.1396263 0.832 -0.1954768 0.832 -0.1396263 0.682 -0.1396263 0.832 -0.1396263 0.682 -0.08377575 0.682 -0.08377575 0.832 -0.1396263 0.832 -0.08377575 0.682 -0.08377575 0.832 -0.08377575 0.682 -0.02792525 0.682 -0.02792525 0.832 -0.08377575 0.832 -0.02792525 0.682 -0.02792525 0.832 -0.02792525 0.682 0.02792525 0.682 0.02792525 0.832 -0.02792525 0.832 0.02792525 0.682 0.02792525 0.832 0.02792525 0.682 0.08377575 0.682 0.08377575 0.832 0.02792525 0.832 0.08377575 0.682 0.08377575 0.832 0.08377575 0.682 0.1396263 0.682 0.1396263 0.832 0.08377575 0.832 0.1396263 0.682 0.1396263 0.832 0.1396263 0.682 0.1954768 0.682 0.1954768 0.832 0.1396263 0.832 0.1954768 0.1630029 0.07499998 -0.1356071 0.07499998 0.1630029 -0.07499998 0.1630029 -0.07499998 -0.1356071 0.07499998 -0.1356071 -0.07499998 -0.1677809 0.3030424 -0.1677809 0.2020283 -0.0177809 0.3030424 -0.0177809 0.3030424 -0.1677809 0.2020283 -0.0177809 0.2020283 -0.0177809 0.2020283 -0.1677809 0.2020283 -0.1677809 0.1010141 -0.0177809 0.2020283 -0.1677809 0.1010141 -0.0177809 0.1010141 -0.0177809 0.1010141 -0.1677809 0.1010141 -0.1677809 0 -0.0177809 0.1010141 -0.1677809 0 -0.0177809 0 -0.1677809 0.3141593 -0.1677809 0.2356194 -0.0177809 0.3141593 -0.0177809 0.3141593 -0.1677809 0.2356194 -0.0177809 0.2356194 -0.0177809 0.2356194 -0.1677809 0.2356194 -0.0177809 0.1570796 -0.0177809 0.1570796 -0.1677809 0.2356194 -0.1677809 0.1570796 -0.0177809 0.1570796 -0.1677809 0.1570796 -0.1677809 0.07853978 -0.0177809 0.1570796 -0.1677809 0.07853978 -0.0177809 0.07853978 -0.0177809 0.07853978 -0.1677809 0.07853978 -0.1677809 0 -0.0177809 0.07853978 -0.1677809 0 -0.0177809 0 -0.4623476 0.07499998 -0.5123476 0.07499998 -0.4623476 -0.07499998 -0.4623476 -0.07499998 -0.5123476 0.07499998 -0.5123476 -0.07499998 -0.07499998 0 0.07499998 0 -0.07499998 0.1396263 -0.07499998 0.1396263 0.07499998 0 0.07499998 0.1396263 -0.07499998 0.1396263 0.07499998 0.1396263 -0.07499998 0.2792527 -0.07499998 0.2792527 0.07499998 0.1396263 0.07499998 0.2792527 -0.07499998 0.2792527 0.07499998 0.2792527 -0.07499998 0.418879 -0.07499998 0.418879 0.07499998 0.2792527 0.07499998 0.418879 -0.07499998 0.418879 0.07499998 0.418879 -0.07499998 0.5585054 -0.07499998 0.5585054 0.07499998 0.418879 0.07499998 0.5585054 -0.07499998 0.5585054 0.07499998 0.5585054 -0.07499998 0.6981317 -0.07499998 0.6981317 0.07499998 0.5585054 0.07499998 0.6981317 -0.07499998 0.6981317 0.07499998 0.6981317 -0.07499998 0.8377581 -0.07499998 0.8377581 0.07499998 0.6981317 0.07499998 0.8377581 -0.07499998 0.8377581 0.07499998 0.8377581 -0.07499998 0.9773844 -0.07499998 0.9773844 0.07499998 0.8377581 0.07499998 0.9773844 -0.07499998 0.9773844 0.07499998 0.9773844 -0.07499998 1.117011 -0.07499998 1.117011 0.07499998 0.9773844 0.07499998 1.117011 -0.07499998 1.117011 0.07499998 1.117011 -0.07499998 1.256637 -0.07499998 1.256637 0.07499998 1.117011 0.07499998 1.256637 0.5123476 0.07499998 0.4623476 0.07499998 0.5123476 -0.07499998 0.5123476 -0.07499998 0.4623476 0.07499998 0.4623476 -0.07499998 -0.1677809 0.3141593 -0.1677809 0.2356194 -0.0177809 0.3141593 -0.0177809 0.3141593 -0.1677809 0.2356194 -0.0177809 0.2356194 -0.0177809 0.2356194 -0.1677809 0.2356194 -0.0177809 0.1570796 -0.0177809 0.1570796 -0.1677809 0.2356194 -0.1677809 0.1570796 -0.0177809 0.1570796 -0.1677809 0.1570796 -0.1677809 0.07853978 -0.0177809 0.1570796 -0.1677809 0.07853978 -0.0177809 0.07853978 -0.0177809 0.07853978 -0.1677809 0.07853978 -0.1677809 0 -0.0177809 0.07853978 -0.1677809 0 -0.0177809 0 0.1356071 0.07499998 -0.1630029 0.07499998 0.1356071 -0.07499998 0.1356071 -0.07499998 -0.1630029 0.07499998 -0.1630029 -0.07499998 -0.1677809 0.3030424 -0.1677809 0.2020283 -0.0177809 0.3030424 -0.0177809 0.3030424 -0.1677809 0.2020283 -0.0177809 0.2020283 -0.0177809 0.2020283 -0.1677809 0.2020283 -0.1677809 0.1010141 -0.0177809 0.2020283 -0.1677809 0.1010141 -0.0177809 0.1010141 -0.0177809 0.1010141 -0.1677809 0.1010141 -0.1677809 0 -0.0177809 0.1010141 -0.1677809 0 -0.0177809 0 -0.675 -0.07499998 2.175 -0.07499998 -0.675 0.07499998 -0.675 0.07499998 2.175 -0.07499998 2.175 0.07499998 -0.03749996 0.07499998 -0.03749996 -0.07499998 0.03749996 0.0549038 0.03749996 0.0549038 -0.03749996 -0.07499998 0.09240376 0 0.09240376 0 -0.03749996 -0.07499998 0.1125 -0.07499998 0 -0.07499998 0.04999995 -0.07499998 0 0.07499998 0 0.07499998 0.04999995 -0.07499998 0.04999995 0.07499998 5.49476 0 5.49476 0.0261799 5.34476 0 5.34476 0 5.49476 0.0261799 5.34476 0.0261799 5.34476 0.0261799 5.49476 0.0261799 5.34476 0.05235987 5.34476 0.05235987 5.49476 0.0261799 5.49476 0.05235987 5.34476 0.05235987 5.49476 0.05235987 5.34476 0.07853978 5.34476 0.07853978 5.49476 0.05235987 5.49476 0.07853978 0.03749996 0.07499998 -0.03749996 0.0549038 0.03749996 -0.07499998 0.03749996 -0.07499998 -0.03749996 0.0549038 -0.09240376 0 0.03749996 -0.07499998 -0.09240376 0 -0.1125 -0.07499998 -0.175 -0.07499998 -0.02499997 -0.07499998 -0.175 0.07499998 -0.175 0.07499998 -0.02499997 -0.07499998 -0.02499997 0.07499998 -0.1677809 0.3141593 -0.1677809 0.2356194 -0.0177809 0.3141593 -0.0177809 0.3141593 -0.1677809 0.2356194 -0.0177809 0.2356194 -0.0177809 0.2356194 -0.1677809 0.2356194 -0.0177809 0.1570796 -0.0177809 0.1570796 -0.1677809 0.2356194 -0.1677809 0.1570796 -0.0177809 0.1570796 -0.1677809 0.1570796 -0.1677809 0.07853978 -0.0177809 0.1570796 -0.1677809 0.07853978 -0.0177809 0.07853978 -0.0177809 0.07853978 -0.1677809 0.07853978 -0.1677809 0 -0.0177809 0.07853978 -0.1677809 0 -0.0177809 0 1.75 0.07499998 -1.75 0.07499998 1.75 -0.07499998 1.75 -0.07499998 -1.75 0.07499998 -1.75 -0.07499998 -0.1677809 0.3141593 -0.1677809 0.2356194 -0.0177809 0.3141593 -0.0177809 0.3141593 -0.1677809 0.2356194 -0.0177809 0.2356194 -0.0177809 0.2356194 -0.1677809 0.2356194 -0.0177809 0.1570796 -0.0177809 0.1570796 -0.1677809 0.2356194 -0.1677809 0.1570796 -0.0177809 0.1570796 -0.1677809 0.1570796 -0.1677809 0.07853978 -0.0177809 0.1570796 -0.1677809 0.07853978 -0.0177809 0.07853978 -0.0177809 0.07853978 -0.1677809 0.07853978 -0.1677809 0 -0.0177809 0.07853978 -0.1677809 0 -0.0177809 0 2.97336 0 -0.92664 0 2.97336 -0.15 2.97336 -0.15 -0.92664 0 -0.92664 -0.15 2.97336 -0.15 -0.92664 -0.15 2.958136 -0.2265366 2.958136 -0.2265366 -0.92664 -0.15 -0.9114159 -0.2265366 2.958136 -0.2265366 -0.9114159 -0.2265366 2.914781 -0.2914214 2.914781 -0.2914214 -0.9114159 -0.2265366 -0.8680614 -0.2914214 2.914781 -0.2914214 -0.8680614 -0.2914214 2.77336 -0.35 2.77336 -0.35 -0.8680614 -0.2914214 -0.72664 -0.35 -0.72664 -0.35 -0.8680614 -0.2914214 -0.8031767 -0.3347759 2.77336 -0.35 2.849897 -0.3347759 2.914781 -0.2914214 -3.9 0 -3.9 -0.07853978 0 0 0 0 -3.9 -0.07853978 0 -0.07853978 0 -0.07853978 -3.9 -0.07853978 -3.9 -0.1570796 0 -0.07853978 -3.9 -0.1570796 0 -0.1570796 0 -0.1570796 -3.9 -0.1570796 -3.9 -0.2356194 0 -0.1570796 -3.9 -0.2356194 0 -0.2356194 -4.1 0 -4.1 -0.0276829 -4.05 0 -4.05 0 -4.1 -0.0276829 0 -0.0276829 -4.05 0 0 -0.0276829 -0.04999995 0 -0.04999995 0 0 -0.0276829 0 0 -4.05 0 -0.04999995 0 -4.025 0.006698727 -4.025 0.006698727 -0.04999995 0 -0.07499998 0.006698727 -4.025 0.006698727 -0.07499998 0.006698727 -4.006699 0.02499997 -4.006699 0.02499997 -0.07499998 0.006698727 -0.09330123 0.02499997 -4.006699 0.02499997 -0.09330123 0.02499997 -4 0.04999995 -4 0.04999995 -0.09330123 0.02499997 -0.1 0.04999995 -2.2 0 -2.2 -0.07853978 0 0 0 0 -2.2 -0.07853978 0 -0.07853978 0 -0.07853978 -2.2 -0.07853978 -2.2 -0.1570796 0 -0.07853978 -2.2 -0.1570796 0 -0.1570796 0 -0.1570796 -2.2 -0.1570796 -0.0276829 -0.2356194 0 -0.1570796 -0.0276829 -0.2356194 0 -0.2356194 -2.2 -0.2356194 -2.172317 -0.2356194 -2.2 -0.1570796 -2.2 -0.1570796 -2.172317 -0.2356194 -0.0276829 -0.2356194 -3.9 0 -3.9 -0.07853978 0 0 0 0 -3.9 -0.07853978 0 -0.07853978 0 -0.07853978 -3.9 -0.07853978 -3.9 -0.1570796 0 -0.07853978 -3.9 -0.1570796 0 -0.1570796 0 -0.1570796 -3.9 -0.1570796 -3.9 -0.2356194 0 -0.1570796 -3.9 -0.2356194 0 -0.2356194 0.92664 0 -2.97336 0 0.92664 -0.15 0.92664 -0.15 -2.97336 0 -2.97336 -0.15 0.92664 -0.15 -2.97336 -0.15 0.9114159 -0.2265366 0.9114159 -0.2265366 -2.97336 -0.15 -2.958136 -0.2265366 0.9114159 -0.2265366 -2.958136 -0.2265366 0.8680614 -0.2914214 0.8680614 -0.2914214 -2.958136 -0.2265366 -2.914781 -0.2914214 0.8680614 -0.2914214 -2.914781 -0.2914214 0.72664 -0.35 0.72664 -0.35 -2.914781 -0.2914214 -2.77336 -0.35 -2.77336 -0.35 -2.914781 -0.2914214 -2.849897 -0.3347759 0.72664 -0.35 0.8031767 -0.3347759 0.8680614 -0.2914214 -0.1677809 0.3141593 -0.1677809 0.2356194 -0.0177809 0.3141593 -0.0177809 0.3141593 -0.1677809 0.2356194 -0.0177809 0.2356194 -0.0177809 0.2356194 -0.1677809 0.2356194 -0.0177809 0.1570796 -0.0177809 0.1570796 -0.1677809 0.2356194 -0.1677809 0.1570796 -0.0177809 0.1570796 -0.1677809 0.1570796 -0.1677809 0.07853978 -0.0177809 0.1570796 -0.1677809 0.07853978 -0.0177809 0.07853978 -0.0177809 0.07853978 -0.1677809 0.07853978 -0.1677809 0 -0.0177809 0.07853978 -0.1677809 0 -0.0177809 0 1.75 0.07499998 -1.75 0.07499998 1.75 -0.07499998 1.75 -0.07499998 -1.75 0.07499998 -1.75 -0.07499998 -0.1677809 0.3141593 -0.1677809 0.2356194 -0.0177809 0.3141593 -0.0177809 0.3141593 -0.1677809 0.2356194 -0.0177809 0.2356194 -0.0177809 0.2356194 -0.1677809 0.2356194 -0.0177809 0.1570796 -0.0177809 0.1570796 -0.1677809 0.2356194 -0.1677809 0.1570796 -0.0177809 0.1570796 -0.1677809 0.1570796 -0.1677809 0.07853978 -0.0177809 0.1570796 -0.1677809 0.07853978 -0.0177809 0.07853978 -0.0177809 0.07853978 -0.1677809 0.07853978 -0.1677809 0 -0.0177809 0.07853978 -0.1677809 0 -0.0177809 0 0 0 -0.0276829 0 0 -0.07853978 0 -0.07853978 -0.0276829 0 -2.172317 0 0 -0.07853978 -2.172317 0 -2.2 -0.07853978 -2.2 -0.07853978 -2.172317 0 -2.2 0 -2.2 -0.07853978 -2.2 -0.1570796 0 -0.07853978 0 -0.07853978 -2.2 -0.1570796 0 -0.1570796 0 -0.1570796 -2.2 -0.1570796 -2.2 -0.2356194 0 -0.1570796 -2.2 -0.2356194 0 -0.2356194 0.15 0.06981313 0 0 0.15 0 0.15 0 0 0 0 -0.06981313 0.15 0 0 -0.06981313 0.15 -0.06981313 0.15 -0.06981313 0 -0.06981313 0 -0.1396263 0.15 -0.06981313 0 -0.1396263 0.15 -0.1396263 0.15 -0.1396263 0 -0.1396263 0 -0.2094395 0.15 -0.1396263 0 -0.2094395 0.15 -0.2094395 0.15 -0.2094395 0 -0.2094395 0 -0.2792527 0.15 -0.2094395 0 -0.2792527 0.15 -0.2792527 0.15 0.3490658 0 0.3490658 0 0.2792527 0.15 0.3490658 0 0.2792527 0.15 0.2792527 0.15 0.2792527 0 0.2792527 0 0.2094395 0.15 0.2792527 0 0.2094395 0.15 0.2094395 0.15 0.2094395 0 0.2094395 0 0.1396263 0.15 0.2094395 0 0.1396263 0.15 0.1396263 0.15 0.1396263 0 0.1396263 0 0.06981313 0.15 0.1396263 0 0.06981313 0.15 0.06981313 0.15 0.06981313 0 0.06981313 0 0 0.15 0.06981313 0 0 0.15 0 0.15 0 0 0 0 -0.06981313 0.15 0 0 -0.06981313 0.15 -0.06981313 0.15 -0.06981313 0 -0.06981313 0 -0.1396263 0.15 -0.06981313 0 -0.1396263 0.15 -0.1396263 0.15 -0.1396263 0 -0.1396263 0 -0.2094395 0.15 -0.1396263 0 -0.2094395 0.15 -0.2094395 0.15 -0.2094395 0 -0.2094395 0 -0.2792527 0.15 -0.2094395 0 -0.2792527 0.15 -0.2792527 0.15 0.3490658 0 0.3490658 0 0.2792527 0.15 0.3490658 0 0.2792527 0.15 0.2792527 0.15 0.2792527 0 0.2792527 0 0.2094395 0.15 0.2792527 0 0.2094395 0.15 0.2094395 0.15 0.2094395 0 0.2094395 0 0.1396263 0.15 0.2094395 0 0.1396263 0.15 0.1396263 0.15 0.1396263 0 0.1396263 0 0.06981313 0.15 0.1396263 0 0.06981313 0.15 0.06981313 0.15 0.06981313 0 0.06981313 0 0 0.15 0.06981313 0 0 0.15 0 0.15 0 0 0 0 -0.06981313 0.15 0 0 -0.06981313 0.15 -0.06981313 0.15 -0.06981313 0 -0.06981313 0 -0.1396263 0.15 -0.06981313 0 -0.1396263 0.15 -0.1396263 0.15 -0.1396263 0 -0.1396263 0 -0.2094395 0.15 -0.1396263 0 -0.2094395 0.15 -0.2094395 0.15 -0.2094395 0 -0.2094395 0 -0.2792527 0.15 -0.2094395 0 -0.2792527 0.15 -0.2792527 0.15 0.3490658 0 0.3490658 0 0.2792527 0.15 0.3490658 0 0.2792527 0.15 0.2792527 0.15 0.2792527 0 0.2792527 0 0.2094395 0.15 0.2792527 0 0.2094395 0.15 0.2094395 0.15 0.2094395 0 0.2094395 0 0.1396263 0.15 0.2094395 0 0.1396263 0.15 0.1396263 0.15 0.1396263 0 0.1396263 0 0.06981313 0.15 0.1396263 0 0.06981313 0.15 0.06981313 0.15 0.06981313 0 0.06981313 0 0 0.15 0.06981313 0 0 0.15 0 0.15 0 0 0 0 -0.06981313 0.15 0 0 -0.06981313 0.15 -0.06981313 0.15 -0.06981313 0 -0.06981313 0 -0.1396263 0.15 -0.06981313 0 -0.1396263 0.15 -0.1396263 0.15 -0.1396263 0 -0.1396263 0 -0.2094395 0.15 -0.1396263 0 -0.2094395 0.15 -0.2094395 0.15 -0.2094395 0 -0.2094395 0 -0.2792527 0.15 -0.2094395 0 -0.2792527 0.15 -0.2792527 0.15 0.3490658 0 0.3490658 0 0.2792527 0.15 0.3490658 0 0.2792527 0.15 0.2792527 0.15 0.2792527 0 0.2792527 0 0.2094395 0.15 0.2792527 0 0.2094395 0.15 0.2094395 0.15 0.2094395 0 0.2094395 0 0.1396263 0.15 0.2094395 0 0.1396263 0.15 0.1396263 0.15 0.1396263 0 0.1396263 0 0.06981313 0.15 0.1396263 0 0.06981313 0.15 0.06981313 0.15 0.06981313 0 0.06981313 0 0 0.15 0.06981313 0 0 0.15 0 0.15 0 0 0 0 -0.06981313 0.15 0 0 -0.06981313 0.15 -0.06981313 0.15 -0.06981313 0 -0.06981313 0 -0.1396263 0.15 -0.06981313 0 -0.1396263 0.15 -0.1396263 0.15 -0.1396263 0 -0.1396263 0 -0.2094395 0.15 -0.1396263 0 -0.2094395 0.15 -0.2094395 0.15 -0.2094395 0 -0.2094395 0 -0.2792527 0.15 -0.2094395 0 -0.2792527 0.15 -0.2792527 0.15 0.3490658 0 0.3490658 0 0.2792527 0.15 0.3490658 0 0.2792527 0.15 0.2792527 0.15 0.2792527 0 0.2792527 0 0.2094395 0.15 0.2792527 0 0.2094395 0.15 0.2094395 0.15 0.2094395 0 0.2094395 0 0.1396263 0.15 0.2094395 0 0.1396263 0.15 0.1396263 0.15 0.1396263 0 0.1396263 0 0.06981313 0.15 0.1396263 0 0.06981313 0.15 0.06981313 0.15 0.06981313 0 0.06981313 0 0 0.15 0.06981313 0 0 0.15 0 0.15 0 0 0 0 -0.06981313 0.15 0 0 -0.06981313 0.15 -0.06981313 0.15 -0.06981313 0 -0.06981313 0 -0.1396263 0.15 -0.06981313 0 -0.1396263 0.15 -0.1396263 0.15 -0.1396263 0 -0.1396263 0 -0.2094395 0.15 -0.1396263 0 -0.2094395 0.15 -0.2094395 0.15 -0.2094395 0 -0.2094395 0 -0.2792527 0.15 -0.2094395 0 -0.2792527 0.15 -0.2792527 0.15 0.3490658 0 0.3490658 0 0.2792527 0.15 0.3490658 0 0.2792527 0.15 0.2792527 0.15 0.2792527 0 0.2792527 0 0.2094395 0.15 0.2792527 0 0.2094395 0.15 0.2094395 0.15 0.2094395 0 0.2094395 0 0.1396263 0.15 0.2094395 0 0.1396263 0.15 0.1396263 0.15 0.1396263 0 0.1396263 0 0.06981313 0.15 0.1396263 0 0.06981313 0.15 0.06981313 0.15 0.06981313 0 0.06981313 0 0 0.15 0.06981313 0 0 0.15 0 0.15 0 0 0 0 -0.06981313 0.15 0 0 -0.06981313 0.15 -0.06981313 0.15 -0.06981313 0 -0.06981313 0 -0.1396263 0.15 -0.06981313 0 -0.1396263 0.15 -0.1396263 0.15 -0.1396263 0 -0.1396263 0 -0.2094395 0.15 -0.1396263 0 -0.2094395 0.15 -0.2094395 0.15 -0.2094395 0 -0.2094395 0 -0.2792527 0.15 -0.2094395 0 -0.2792527 0.15 -0.2792527 0.15 0.3490658 0 0.3490658 0 0.2792527 0.15 0.3490658 0 0.2792527 0.15 0.2792527 0.15 0.2792527 0 0.2792527 0 0.2094395 0.15 0.2792527 0 0.2094395 0.15 0.2094395 0.15 0.2094395 0 0.2094395 0 0.1396263 0.15 0.2094395 0 0.1396263 0.15 0.1396263 0.15 0.1396263 0 0.1396263 0 0.06981313 0.15 0.1396263 0 0.06981313 0.15 0.06981313 0.15 0.06981313 0 0.06981313 0 0 0.15 0.06981313 0 0 0.15 0 0.15 0 0 0 0 -0.06981313 0.15 0 0 -0.06981313 0.15 -0.06981313 0.15 -0.06981313 0 -0.06981313 0 -0.1396263 0.15 -0.06981313 0 -0.1396263 0.15 -0.1396263 0.15 -0.1396263 0 -0.1396263 0 -0.2094395 0.15 -0.1396263 0 -0.2094395 0.15 -0.2094395 0.15 -0.2094395 0 -0.2094395 0 -0.2792527 0.15 -0.2094395 0 -0.2792527 0.15 -0.2792527 0.15 0.3490658 0 0.3490658 0 0.2792527 0.15 0.3490658 0 0.2792527 0.15 0.2792527 0.15 0.2792527 0 0.2792527 0 0.2094395 0.15 0.2792527 0 0.2094395 0.15 0.2094395 0.15 0.2094395 0 0.2094395 0 0.1396263 0.15 0.2094395 0 0.1396263 0.15 0.1396263 0.15 0.1396263 0 0.1396263 0 0.06981313 0.15 0.1396263 0 0.06981313 0.15 0.06981313 0.15 0.06981313 0 0.06981313 0 0 0.02298092 -0.06782984 0.02298092 0 -0.02298092 0 -0.02298092 0 0.02298092 0 0.02298092 0.06782984 -0.02298092 0 0.02298092 0.06782984 -0.02298092 0.08290314 -0.02298092 0.08290314 0.02298092 0.06782984 0.02298092 0.1356596 -0.02298092 0.08290314 0.02298092 0.1356596 -0.02298092 0.1658062 -0.02298092 0.1658062 0.02298092 0.1356596 0.02298092 0.2034895 -0.02298092 0.1658062 0.02298092 0.2034895 -0.02298092 0.2487094 -0.02298092 0.2487094 0.02298092 0.2034895 0.02298092 0.2713193 -0.02298092 0.2487094 0.02298092 0.2713193 -0.02298092 0.3316125 -0.02298092 0.3316125 0.02298092 0.2713193 0.02298092 0.3391492 -0.02298092 0.3316125 0.02298092 0.3391492 0.02298092 0.4069791 -0.02298092 0.3316125 0.02298092 0.4069791 -0.02298092 0.4145157 -0.02298092 -0.3316126 0.02298092 -0.3391492 0.02298092 -0.2713193 -0.02298092 -0.3316126 0.02298092 -0.2713193 -0.02298092 -0.2487094 -0.02298092 -0.2487094 0.02298092 -0.2713193 0.02298092 -0.2034895 -0.02298092 -0.2487094 0.02298092 -0.2034895 -0.02298092 -0.1658062 -0.02298092 -0.1658062 0.02298092 -0.2034895 0.02298092 -0.1356596 -0.02298092 -0.1658062 0.02298092 -0.1356596 -0.02298092 -0.08290314 -0.02298092 -0.08290314 0.02298092 -0.1356596 0.02298092 -0.06782984 -0.02298092 -0.08290314 0.02298092 -0.06782984 -0.02298092 0 4.5855 -0.07155847 4.703 0 4.5855 0 4.5855 0 4.703 0 4.703 0.07155847 4.5855 0 4.703 0.07155847 4.5855 0.07155847 4.5855 0.07155847 4.703 0.07155847 4.703 0.143117 4.5855 0.07155847 4.703 0.143117 4.5855 0.143117 4.5855 0.143117 4.703 0.143117 4.703 0.2146755 4.5855 0.143117 4.703 0.2146755 4.5855 0.2146755 4.5855 0.2146755 4.703 0.2146755 4.703 0.286234 4.5855 0.2146755 4.703 0.286234 4.5855 0.286234 4.5855 -0.3577925 4.703 -0.3577925 4.703 -0.286234 4.5855 -0.3577925 4.703 -0.286234 4.5855 -0.286234 4.5855 -0.286234 4.703 -0.286234 4.703 -0.2146755 4.5855 -0.286234 4.703 -0.2146755 4.5855 -0.2146755 4.5855 -0.2146755 4.703 -0.2146755 4.703 -0.143117 4.5855 -0.2146755 4.703 -0.143117 4.5855 -0.143117 4.5855 -0.143117 4.703 -0.143117 4.703 -0.07155847 4.5855 -0.143117 4.703 -0.07155847 4.5855 -0.07155847 4.5855 -0.07155847 4.703 -0.07155847 4.703 0 0.02298092 -0.06782984 0.02298092 0 -0.02298092 0 -0.02298092 0 0.02298092 0 0.02298092 0.06782984 -0.02298092 0 0.02298092 0.06782984 -0.02298092 0.08290314 -0.02298092 0.08290314 0.02298092 0.06782984 0.02298092 0.1356596 -0.02298092 0.08290314 0.02298092 0.1356596 -0.02298092 0.1658062 -0.02298092 0.1658062 0.02298092 0.1356596 0.02298092 0.2034895 -0.02298092 0.1658062 0.02298092 0.2034895 -0.02298092 0.2487094 -0.02298092 0.2487094 0.02298092 0.2034895 0.02298092 0.2713193 -0.02298092 0.2487094 0.02298092 0.2713193 -0.02298092 0.3316125 -0.02298092 0.3316125 0.02298092 0.2713193 0.02298092 0.3391492 -0.02298092 0.3316125 0.02298092 0.3391492 0.02298092 0.4069791 -0.02298092 0.3316125 0.02298092 0.4069791 -0.02298092 0.4145157 -0.02298092 -0.3316126 0.02298092 -0.3391492 0.02298092 -0.2713193 -0.02298092 -0.3316126 0.02298092 -0.2713193 -0.02298092 -0.2487094 -0.02298092 -0.2487094 0.02298092 -0.2713193 0.02298092 -0.2034895 -0.02298092 -0.2487094 0.02298092 -0.2034895 -0.02298092 -0.1658062 -0.02298092 -0.1658062 0.02298092 -0.2034895 0.02298092 -0.1356596 -0.02298092 -0.1658062 0.02298092 -0.1356596 -0.02298092 -0.08290314 -0.02298092 -0.08290314 0.02298092 -0.1356596 0.02298092 -0.06782984 -0.02298092 -0.08290314 0.02298092 -0.06782984 -0.02298092 0 4.5855 -0.07155847 4.703 0 4.5855 0 4.5855 0 4.703 0 4.703 0.07155847 4.5855 0 4.703 0.07155847 4.5855 0.07155847 4.5855 0.07155847 4.703 0.07155847 4.703 0.143117 4.5855 0.07155847 4.703 0.143117 4.5855 0.143117 4.5855 0.143117 4.703 0.143117 4.703 0.2146755 4.5855 0.143117 4.703 0.2146755 4.5855 0.2146755 4.5855 0.2146755 4.703 0.2146755 4.703 0.286234 4.5855 0.2146755 4.703 0.286234 4.5855 0.286234 4.5855 -0.3577925 4.703 -0.3577925 4.703 -0.286234 4.5855 -0.3577925 4.703 -0.286234 4.5855 -0.286234 4.5855 -0.286234 4.703 -0.286234 4.703 -0.2146755 4.5855 -0.286234 4.703 -0.2146755 4.5855 -0.2146755 4.5855 -0.2146755 4.703 -0.2146755 4.703 -0.143117 4.5855 -0.2146755 4.703 -0.143117 4.5855 -0.143117 4.5855 -0.143117 4.703 -0.143117 4.703 -0.07155847 4.5855 -0.143117 4.703 -0.07155847 4.5855 -0.07155847 4.5855 -0.07155847 4.703 -0.07155847 4.703 0 0.02298092 -0.06782984 0.02298092 0 -0.02298092 0 -0.02298092 0 0.02298092 0 0.02298092 0.06782984 -0.02298092 0 0.02298092 0.06782984 -0.02298092 0.08290314 -0.02298092 0.08290314 0.02298092 0.06782984 0.02298092 0.1356596 -0.02298092 0.08290314 0.02298092 0.1356596 -0.02298092 0.1658062 -0.02298092 0.1658062 0.02298092 0.1356596 0.02298092 0.2034895 -0.02298092 0.1658062 0.02298092 0.2034895 -0.02298092 0.2487094 -0.02298092 0.2487094 0.02298092 0.2034895 0.02298092 0.2713193 -0.02298092 0.2487094 0.02298092 0.2713193 -0.02298092 0.3316125 -0.02298092 0.3316125 0.02298092 0.2713193 0.02298092 0.3391492 -0.02298092 0.3316125 0.02298092 0.3391492 0.02298092 0.4069791 -0.02298092 0.3316125 0.02298092 0.4069791 -0.02298092 0.4145157 -0.02298092 -0.3316126 0.02298092 -0.3391492 0.02298092 -0.2713193 -0.02298092 -0.3316126 0.02298092 -0.2713193 -0.02298092 -0.2487094 -0.02298092 -0.2487094 0.02298092 -0.2713193 0.02298092 -0.2034895 -0.02298092 -0.2487094 0.02298092 -0.2034895 -0.02298092 -0.1658062 -0.02298092 -0.1658062 0.02298092 -0.2034895 0.02298092 -0.1356596 -0.02298092 -0.1658062 0.02298092 -0.1356596 -0.02298092 -0.08290314 -0.02298092 -0.08290314 0.02298092 -0.1356596 0.02298092 -0.06782984 -0.02298092 -0.08290314 0.02298092 -0.06782984 -0.02298092 0 4.5855 -0.07155847 4.703 0 4.5855 0 4.5855 0 4.703 0 4.703 0.07155847 4.5855 0 4.703 0.07155847 4.5855 0.07155847 4.5855 0.07155847 4.703 0.07155847 4.703 0.143117 4.5855 0.07155847 4.703 0.143117 4.5855 0.143117 4.5855 0.143117 4.703 0.143117 4.703 0.2146755 4.5855 0.143117 4.703 0.2146755 4.5855 0.2146755 4.5855 0.2146755 4.703 0.2146755 4.703 0.286234 4.5855 0.2146755 4.703 0.286234 4.5855 0.286234 4.5855 -0.3577925 4.703 -0.3577925 4.703 -0.286234 4.5855 -0.3577925 4.703 -0.286234 4.5855 -0.286234 4.5855 -0.286234 4.703 -0.286234 4.703 -0.2146755 4.5855 -0.286234 4.703 -0.2146755 4.5855 -0.2146755 4.5855 -0.2146755 4.703 -0.2146755 4.703 -0.143117 4.5855 -0.2146755 4.703 -0.143117 4.5855 -0.143117 4.5855 -0.143117 4.703 -0.143117 4.703 -0.07155847 4.5855 -0.143117 4.703 -0.07155847 4.5855 -0.07155847 4.5855 -0.07155847 4.703 -0.07155847 4.703 0 0.02298092 -0.06782984 0.02298092 0 -0.02298092 0 -0.02298092 0 0.02298092 0 0.02298092 0.06782984 -0.02298092 0 0.02298092 0.06782984 -0.02298092 0.08290314 -0.02298092 0.08290314 0.02298092 0.06782984 0.02298092 0.1356596 -0.02298092 0.08290314 0.02298092 0.1356596 -0.02298092 0.1658062 -0.02298092 0.1658062 0.02298092 0.1356596 0.02298092 0.2034895 -0.02298092 0.1658062 0.02298092 0.2034895 -0.02298092 0.2487094 -0.02298092 0.2487094 0.02298092 0.2034895 0.02298092 0.2713193 -0.02298092 0.2487094 0.02298092 0.2713193 -0.02298092 0.3316125 -0.02298092 0.3316125 0.02298092 0.2713193 0.02298092 0.3391492 -0.02298092 0.3316125 0.02298092 0.3391492 0.02298092 0.4069791 -0.02298092 0.3316125 0.02298092 0.4069791 -0.02298092 0.4145157 -0.02298092 -0.3316126 0.02298092 -0.3391492 0.02298092 -0.2713193 -0.02298092 -0.3316126 0.02298092 -0.2713193 -0.02298092 -0.2487094 -0.02298092 -0.2487094 0.02298092 -0.2713193 0.02298092 -0.2034895 -0.02298092 -0.2487094 0.02298092 -0.2034895 -0.02298092 -0.1658062 -0.02298092 -0.1658062 0.02298092 -0.2034895 0.02298092 -0.1356596 -0.02298092 -0.1658062 0.02298092 -0.1356596 -0.02298092 -0.08290314 -0.02298092 -0.08290314 0.02298092 -0.1356596 0.02298092 -0.06782984 -0.02298092 -0.08290314 0.02298092 -0.06782984 -0.02298092 0 4.5855 -0.07155847 4.703 0 4.5855 0 4.5855 0 4.703 0 4.703 0.07155847 4.5855 0 4.703 0.07155847 4.5855 0.07155847 4.5855 0.07155847 4.703 0.07155847 4.703 0.143117 4.5855 0.07155847 4.703 0.143117 4.5855 0.143117 4.5855 0.143117 4.703 0.143117 4.703 0.2146755 4.5855 0.143117 4.703 0.2146755 4.5855 0.2146755 4.5855 0.2146755 4.703 0.2146755 4.703 0.286234 4.5855 0.2146755 4.703 0.286234 4.5855 0.286234 4.5855 -0.3577925 4.703 -0.3577925 4.703 -0.286234 4.5855 -0.3577925 4.703 -0.286234 4.5855 -0.286234 4.5855 -0.286234 4.703 -0.286234 4.703 -0.2146755 4.5855 -0.286234 4.703 -0.2146755 4.5855 -0.2146755 4.5855 -0.2146755 4.703 -0.2146755 4.703 -0.143117 4.5855 -0.2146755 4.703 -0.143117 4.5855 -0.143117 4.5855 -0.143117 4.703 -0.143117 4.703 -0.07155847 4.5855 -0.143117 4.703 -0.07155847 4.5855 -0.07155847 4.5855 -0.07155847 4.703 -0.07155847 4.703 0 0.15 0.07853978 0 0.07853978 0.15 0 0.15 0 0 0.07853978 0 0 0.15 0 0 0 0.15 -0.07853978 0.15 -0.07853978 0 0 0 -0.07853978 0.15 -0.07853978 0 -0.07853978 0.15 -0.1570796 0.15 -0.1570796 0 -0.07853978 0 -0.1570796 0.15 -0.1570796 0 -0.1570796 0.15 -0.2356194 0.15 -0.2356194 0 -0.1570796 0 -0.2356194 0.15 -0.2356194 0 -0.2356194 0.15 -0.3141593 0.15 -0.3141593 0 -0.2356194 0 -0.3141593 0.15 -0.3141593 0 -0.3141593 0.15 -0.3926991 0.15 -0.3926991 0 -0.3141593 0 -0.3926991 0.15 0.3926991 0 0.3926991 0.15 0.3141593 0.15 0.3141593 0 0.3926991 0 0.3141593 0.15 0.3141593 0 0.3141593 0.15 0.2356194 0.15 0.2356194 0 0.3141593 0 0.2356194 0.15 0.2356194 0 0.2356194 0.15 0.1570796 0.15 0.1570796 0 0.2356194 0 0.1570796 0.15 0.1570796 0 0.1570796 0.15 0.07853978 0.15 0.07853978 0 0.1570796 0 0.07853978 0.15 0.07853978 0 0.07853978 0.15 0 0.15 0 0 0.07853978 0 0 0.15 0 0 0 0.15 -0.07853978 0.15 -0.07853978 0 0 0 -0.07853978 0.15 -0.07853978 0 -0.07853978 0.15 -0.1570796 0.15 -0.1570796 0 -0.07853978 0 -0.1570796 0.15 -0.1570796 0 -0.1570796 0.15 -0.2356194 0.15 -0.2356194 0 -0.1570796 0 -0.2356194 0.15 -0.2356194 0 -0.2356194 0.15 -0.3141593 0.15 -0.3141593 0 -0.2356194 0 -0.3141593 0.15 -0.3141593 0 -0.3141593 0.15 -0.3926991 0.15 -0.3926991 0 -0.3141593 0 -0.3926991 0.15 0.3926991 0 0.3926991 0.15 0.3141593 0.15 0.3141593 0 0.3926991 0 0.3141593 0.15 0.3141593 0 0.3141593 0.15 0.2356194 0.15 0.2356194 0 0.3141593 0 0.2356194 0.15 0.2356194 0 0.2356194 0.15 0.1570796 0.15 0.1570796 0 0.2356194 0 0.1570796 0.15 0.1570796 0 0.1570796 0.15 0.07853978 0.15 0.07853978 0 0.1570796 0 0.07853978 0.15 0.07853978 0 0.07853978 0.15 0 0.15 0 0 0.07853978 0 0 0.15 0 0 0 0.15 -0.07853978 0.15 -0.07853978 0 0 0 -0.07853978 0.15 -0.07853978 0 -0.07853978 0.15 -0.1570796 0.15 -0.1570796 0 -0.07853978 0 -0.1570796 0.15 -0.1570796 0 -0.1570796 0.15 -0.2356194 0.15 -0.2356194 0 -0.1570796 0 -0.2356194 0.15 -0.2356194 0 -0.2356194 0.15 -0.3141593 0.15 -0.3141593 0 -0.2356194 0 -0.3141593 0.15 -0.3141593 0 -0.3141593 0.15 -0.3926991 0.15 -0.3926991 0 -0.3141593 0 -0.3926991 0.15 0.3926991 0 0.3926991 0.15 0.3141593 0.15 0.3141593 0 0.3926991 0 0.3141593 0.15 0.3141593 0 0.3141593 0.15 0.2356194 0.15 0.2356194 0 0.3141593 0 0.2356194 0.15 0.2356194 0 0.2356194 0.15 0.1570796 0.15 0.1570796 0 0.2356194 0 0.1570796 0.15 0.1570796 0 0.1570796 0.15 0.07853978 0.15 0.07853978 0 0.1570796 0 0.07853978 0.15 0.07853978 0 0.07853978 0.15 0 0.15 0 0 0.07853978 0 0 0.15 0 0 0 0.15 -0.07853978 0.15 -0.07853978 0 0 0 -0.07853978 0.15 -0.07853978 0 -0.07853978 0.15 -0.1570796 0.15 -0.1570796 0 -0.07853978 0 -0.1570796 0.15 -0.1570796 0 -0.1570796 0.15 -0.2356194 0.15 -0.2356194 0 -0.1570796 0 -0.2356194 0.15 -0.2356194 0 -0.2356194 0.15 -0.3141593 0.15 -0.3141593 0 -0.2356194 0 -0.3141593 0.15 -0.3141593 0 -0.3141593 0.15 -0.3926991 0.15 -0.3926991 0 -0.3141593 0 -0.3926991 0.15 0.3926991 0 0.3926991 0.15 0.3141593 0.15 0.3141593 0 0.3926991 0 0.3141593 0.15 0.3141593 0 0.3141593 0.15 0.2356194 0.15 0.2356194 0 0.3141593 0 0.2356194 0.15 0.2356194 0 0.2356194 0.15 0.1570796 0.15 0.1570796 0 0.2356194 0 0.1570796 0.15 0.1570796 0 0.1570796 0.15 0.07853978 0.15 0.07853978 0 0.1570796 0 0.07853978 -0.07499998 0.3141593 0.07499998 0.3141593 -0.07499998 0.3926991 -0.07499998 0.3926991 0.07499998 0.3141593 0.07499998 0.3926991 -0.07499998 -0.3926991 0.07499998 -0.3926991 -0.07499998 -0.3141593 -0.07499998 -0.3141593 0.07499998 -0.3926991 0.07499998 -0.3141593 -0.07499998 -0.3141593 0.07499998 -0.3141593 -0.07499998 -0.2356194 -0.07499998 -0.2356194 0.07499998 -0.3141593 0.07499998 -0.2356194 -0.07499998 -0.2356194 0.07499998 -0.2356194 -0.07499998 -0.1570796 -0.07499998 -0.1570796 0.07499998 -0.2356194 0.07499998 -0.1570796 -0.07499998 -0.1570796 0.07499998 -0.1570796 -0.07499998 -0.07853978 -0.07499998 -0.07853978 0.07499998 -0.1570796 0.07499998 -0.07853978 -0.07499998 -0.07853978 0.07499998 -0.07853978 -0.07499998 0 -0.07499998 0 0.07499998 -0.07853978 0.07499998 0 -0.07499998 0 0.07499998 0 -0.07499998 0.07853978 -0.07499998 0.07853978 0.07499998 0 0.07499998 0.07853978 -0.07499998 0.07853978 0.07499998 0.07853978 -0.07499998 0.1570796 -0.07499998 0.1570796 0.07499998 0.07853978 0.07499998 0.1570796 -0.07499998 0.1570796 0.07499998 0.1570796 -0.07499998 0.2356194 -0.07499998 0.2356194 0.07499998 0.1570796 0.07499998 0.2356194 -0.07499998 0.2356194 0.07499998 0.2356194 -0.07499998 0.3141593 -0.07499998 0.3141593 0.07499998 0.2356194 0.07499998 0.3141593 -0.07499998 0.3141593 0.07499998 0.3141593 -0.07499998 0.3926991 -0.07499998 0.3926991 0.07499998 0.3141593 0.07499998 0.3926991 -0.07499998 -0.3926991 0.07499998 -0.3926991 -0.07499998 -0.3141593 -0.07499998 -0.3141593 0.07499998 -0.3926991 0.07499998 -0.3141593 -0.07499998 -0.3141593 0.07499998 -0.3141593 -0.07499998 -0.2356194 -0.07499998 -0.2356194 0.07499998 -0.3141593 0.07499998 -0.2356194 -0.07499998 -0.2356194 0.07499998 -0.2356194 -0.07499998 -0.1570796 -0.07499998 -0.1570796 0.07499998 -0.2356194 0.07499998 -0.1570796 -0.07499998 -0.1570796 0.07499998 -0.1570796 -0.07499998 -0.07853978 -0.07499998 -0.07853978 0.07499998 -0.1570796 0.07499998 -0.07853978 -0.07499998 -0.07853978 0.07499998 -0.07853978 -0.07499998 0 -0.07499998 0 0.07499998 -0.07853978 0.07499998 0 -0.07499998 0 0.07499998 0 -0.07499998 0.07853978 -0.07499998 0.07853978 0.07499998 0 0.07499998 0.07853978 -0.07499998 0.07853978 0.07499998 0.07853978 -0.07499998 0.1570796 -0.07499998 0.1570796 0.07499998 0.07853978 0.07499998 0.1570796 -0.07499998 0.1570796 0.07499998 0.1570796 -0.07499998 0.2356194 -0.07499998 0.2356194 0.07499998 0.1570796 0.07499998 0.2356194 -0.07499998 0.2356194 0.07499998 0.2356194 -0.07499998 0.3141593 -0.07499998 0.3141593 0.07499998 0.2356194 0.07499998 0.3141593 -0.07499998 0.3141593 0.07499998 0.3141593 -0.07499998 0.3926991 -0.07499998 0.3926991 0.07499998 0.3141593 0.07499998 0.3926991 -0.07499998 -0.3926991 0.07499998 -0.3926991 -0.07499998 -0.3141593 -0.07499998 -0.3141593 0.07499998 -0.3926991 0.07499998 -0.3141593 -0.07499998 -0.3141593 0.07499998 -0.3141593 -0.07499998 -0.2356194 -0.07499998 -0.2356194 0.07499998 -0.3141593 0.07499998 -0.2356194 -0.07499998 -0.2356194 0.07499998 -0.2356194 -0.07499998 -0.1570796 -0.07499998 -0.1570796 0.07499998 -0.2356194 0.07499998 -0.1570796 -0.07499998 -0.1570796 0.07499998 -0.1570796 -0.07499998 -0.07853978 -0.07499998 -0.07853978 0.07499998 -0.1570796 0.07499998 -0.07853978 -0.07499998 -0.07853978 0.07499998 -0.07853978 -0.07499998 0 -0.07499998 0 0.07499998 -0.07853978 0.07499998 0 -0.07499998 0 0.07499998 0 -0.07499998 0.07853978 -0.07499998 0.07853978 0.07499998 0 0.07499998 0.07853978 -0.07499998 0.07853978 0.07499998 0.07853978 -0.07499998 0.1570796 -0.07499998 0.1570796 0.07499998 0.07853978 0.07499998 0.1570796 -0.07499998 0.1570796 0.07499998 0.1570796 -0.07499998 0.2356194 -0.07499998 0.2356194 0.07499998 0.1570796 0.07499998 0.2356194 -0.07499998 0.2356194 0.07499998 0.2356194 -0.07499998 0.3141593 -0.07499998 0.3141593 0.07499998 0.2356194 0.07499998 0.3141593 -0.07499998 0.3141593 0.07499998 0.3141593 -0.07499998 0.3926991 -0.07499998 0.3926991 0.07499998 0.3141593 0.07499998 0.3926991 -0.07499998 -0.3926991 0.07499998 -0.3926991 -0.07499998 -0.3141593 -0.07499998 -0.3141593 0.07499998 -0.3926991 0.07499998 -0.3141593 -0.07499998 -0.3141593 0.07499998 -0.3141593 -0.07499998 -0.2356194 -0.07499998 -0.2356194 0.07499998 -0.3141593 0.07499998 -0.2356194 -0.07499998 -0.2356194 0.07499998 -0.2356194 -0.07499998 -0.1570796 -0.07499998 -0.1570796 0.07499998 -0.2356194 0.07499998 -0.1570796 -0.07499998 -0.1570796 0.07499998 -0.1570796 -0.07499998 -0.07853978 -0.07499998 -0.07853978 0.07499998 -0.1570796 0.07499998 -0.07853978 -0.07499998 -0.07853978 0.07499998 -0.07853978 -0.07499998 0 -0.07499998 0 0.07499998 -0.07853978 0.07499998 0 -0.07499998 0 0.07499998 0 -0.07499998 0.07853978 -0.07499998 0.07853978 0.07499998 0 0.07499998 0.07853978 -0.07499998 0.07853978 0.07499998 0.07853978 -0.07499998 0.1570796 -0.07499998 0.1570796 0.07499998 0.07853978 0.07499998 0.1570796 -0.07499998 0.1570796 0.07499998 0.1570796 -0.07499998 0.2356194 -0.07499998 0.2356194 0.07499998 0.1570796 0.07499998 0.2356194 -0.07499998 0.2356194 0.07499998 0.2356194 -0.07499998 0.3141593 -0.07499998 0.3141593 0.07499998 0.2356194 0.07499998 0.3141593 -0.07499998 -0.07499998 0.07499998 -0.07499998 -0.07499998 0.07499998 -0.07499998 0.07499998 0.07499998 -0.07499998 0.07499998 0.07499998 9.155522 0 9.155522 0.07853978 9.005521 0 9.005521 0 9.155522 0.07853978 9.005521 0.07853978 9.005521 0.07853978 9.155522 0.07853978 9.155522 0.1570796 9.005521 0.07853978 9.155522 0.1570796 9.005521 0.1570796 9.005521 0.1570796 9.155522 0.1570796 9.155522 0.2356194 9.005521 0.1570796 9.155522 0.2356194 9.005521 0.2356194 0.25 0.07499998 -0.25 0.07499998 0.25 -0.07499998 0.25 -0.07499998 -0.25 0.07499998 -0.25 -0.07499998 8.850837 0 8.850837 0.07853978 8.700837 0 8.700837 0 8.850837 0.07853978 8.700837 0.07853978 8.700837 0.07853978 8.850837 0.07853978 8.850837 0.1570796 8.700837 0.07853978 8.850837 0.1570796 8.700837 0.1570796 8.700837 0.1570796 8.850837 0.1570796 8.850837 0.2356194 8.700837 0.1570796 8.850837 0.2356194 8.700837 0.2356194 -0.07499998 -0.07499998 0.07499998 -0.07499998 -0.07499998 0.07499998 -0.07499998 0.07499998 0.07499998 -0.07499998 0.07499998 0.07499998 8.851787 0 8.851787 0.07853978 8.701787 0 8.701787 0 8.851787 0.07853978 8.701787 0.07853978 8.701787 0.07853978 8.851787 0.07853978 8.851787 0.1570796 8.701787 0.07853978 8.851787 0.1570796 8.701787 0.1570796 8.701787 0.1570796 8.851787 0.1570796 8.851787 0.2356194 8.701787 0.1570796 8.851787 0.2356194 8.701787 0.2356194 -0.25 -0.07499998 0.25 -0.07499998 -0.25 0.07499998 -0.25 0.07499998 0.25 -0.07499998 0.25 0.07499998 9.320285 0 9.320285 0.07853978 9.170286 0 9.170286 0 9.320285 0.07853978 9.170286 0.07853978 9.170286 0.07853978 9.320285 0.07853978 9.320285 0.1570796 9.170286 0.07853978 9.320285 0.1570796 9.170286 0.1570796 9.170286 0.1570796 9.320285 0.1570796 9.320285 0.2356194 9.170286 0.1570796 9.320285 0.2356194 9.170286 0.2356194 0.25 0.07499998 -0.25 0.07499998 0.25 -0.07499998 0.25 -0.07499998 -0.25 0.07499998 -0.25 -0.07499998 9.444761 0 9.444761 0.07853978 9.29476 0 9.29476 0 9.444761 0.07853978 9.29476 0.07853978 9.29476 0.07853978 9.444761 0.07853978 9.444761 0.1570796 9.29476 0.07853978 9.444761 0.1570796 9.29476 0.1570796 9.29476 0.1570796 9.444761 0.1570796 9.444761 0.2356194 9.29476 0.1570796 9.444761 0.2356194 9.29476 0.2356194 -0.07499998 -0.07499998 0.07499998 -0.07499998 -0.07499998 0.07499998 -0.07499998 0.07499998 0.07499998 -0.07499998 0.07499998 0.07499998 9.444761 0 9.444761 0.07853978 9.29476 0 9.29476 0 9.444761 0.07853978 9.29476 0.07853978 9.29476 0.07853978 9.444761 0.07853978 9.444761 0.1570796 9.29476 0.07853978 9.444761 0.1570796 9.29476 0.1570796 9.29476 0.1570796 9.444761 0.1570796 9.444761 0.2356194 9.29476 0.1570796 9.444761 0.2356194 9.29476 0.2356194 -0.25 -0.07499998 0.25 -0.07499998 -0.25 0.07499998 -0.25 0.07499998 0.25 -0.07499998 0.25 0.07499998 9.444761 0 9.444761 0.07853978 9.29476 0 9.29476 0 9.444761 0.07853978 9.29476 0.07853978 9.29476 0.07853978 9.444761 0.07853978 9.444761 0.1570796 9.29476 0.07853978 9.444761 0.1570796 9.29476 0.1570796 9.29476 0.1570796 9.444761 0.1570796 9.444761 0.2356194 9.29476 0.1570796 9.444761 0.2356194 9.29476 0.2356194 -0.07499998 -0.07499998 0.07499998 -0.07499998 -0.07499998 0.07499998 -0.07499998 0.07499998 0.07499998 -0.07499998 0.07499998 0.07499998 9.444761 0 9.444761 0.07853978 9.29476 0 9.29476 0 9.444761 0.07853978 9.29476 0.07853978 9.29476 0.07853978 9.444761 0.07853978 9.444761 0.1570796 9.29476 0.07853978 9.444761 0.1570796 9.29476 0.1570796 9.29476 0.1570796 9.444761 0.1570796 9.444761 0.2356194 9.29476 0.1570796 9.444761 0.2356194 9.29476 0.2356194 0.15 0.07853978 0 0.07853978 0.15 0 0.15 0 0 0.07853978 0 0 0.15 0 0 0 0.15 -0.07853978 0.15 -0.07853978 0 0 0 -0.07853978 0.15 -0.07853978 0 -0.07853978 0.15 -0.1570796 0.15 -0.1570796 0 -0.07853978 0 -0.1570796 0.15 -0.1570796 0 -0.1570796 0.15 -0.2356194 0.15 -0.2356194 0 -0.1570796 0 -0.2356194 0.15 -0.2356194 0 -0.2356194 0.15 -0.3141593 0.15 -0.3141593 0 -0.2356194 0 -0.3141593 0.15 -0.3141593 0 -0.3141593 0.15 -0.3926991 0.15 -0.3926991 0 -0.3141593 0 -0.3926991 0.15 0.3926991 0 0.3926991 0.15 0.3141593 0.15 0.3141593 0 0.3926991 0 0.3141593 0.15 0.3141593 0 0.3141593 0.15 0.2356194 0.15 0.2356194 0 0.3141593 0 0.2356194 0.15 0.2356194 0 0.2356194 0.15 0.1570796 0.15 0.1570796 0 0.2356194 0 0.1570796 0.15 0.1570796 0 0.1570796 0.15 0.07853978 0.15 0.07853978 0 0.1570796 0 0.07853978 0.15 0.07853978 0 0.07853978 0.15 0 0.15 0 0 0.07853978 0 0 0.15 0 0 0 0.15 -0.07853978 0.15 -0.07853978 0 0 0 -0.07853978 0.15 -0.07853978 0 -0.07853978 0.15 -0.1570796 0.15 -0.1570796 0 -0.07853978 0 -0.1570796 0.15 -0.1570796 0 -0.1570796 0.15 -0.2356194 0.15 -0.2356194 0 -0.1570796 0 -0.2356194 0.15 -0.2356194 0 -0.2356194 0.15 -0.3141593 0.15 -0.3141593 0 -0.2356194 0 -0.3141593 0.15 -0.3141593 0 -0.3141593 0.15 -0.3926991 0.15 -0.3926991 0 -0.3141593 0 -0.3926991 0.15 0.3926991 0 0.3926991 0.15 0.3141593 0.15 0.3141593 0 0.3926991 0 0.3141593 0.15 0.3141593 0 0.3141593 0.15 0.2356194 0.15 0.2356194 0 0.3141593 0 0.2356194 0.15 0.2356194 0 0.2356194 0.15 0.1570796 0.15 0.1570796 0 0.2356194 0 0.1570796 0.15 0.1570796 0 0.1570796 0.15 0.07853978 0.15 0.07853978 0 0.1570796 0 0.07853978 0.15 0.07853978 0 0.07853978 0.15 0 0.15 0 0 0.07853978 0 0 0.15 0 0 0 0.15 -0.07853978 0.15 -0.07853978 0 0 0 -0.07853978 0.15 -0.07853978 0 -0.07853978 0.15 -0.1570796 0.15 -0.1570796 0 -0.07853978 0 -0.1570796 0.15 -0.1570796 0 -0.1570796 0.15 -0.2356194 0.15 -0.2356194 0 -0.1570796 0 -0.2356194 0.15 -0.2356194 0 -0.2356194 0.15 -0.3141593 0.15 -0.3141593 0 -0.2356194 0 -0.3141593 0.15 -0.3141593 0 -0.3141593 0.15 -0.3926991 0.15 -0.3926991 0 -0.3141593 0 -0.3926991 0.15 0.3926991 0 0.3926991 0.15 0.3141593 0.15 0.3141593 0 0.3926991 0 0.3141593 0.15 0.3141593 0 0.3141593 0.15 0.2356194 0.15 0.2356194 0 0.3141593 0 0.2356194 0.15 0.2356194 0 0.2356194 0.15 0.1570796 0.15 0.1570796 0 0.2356194 0 0.1570796 0.15 0.1570796 0 0.1570796 0.15 0.07853978 0.15 0.07853978 0 0.1570796 0 0.07853978 0.15 0.07853978 0 0.07853978 0.15 0 0.15 0 0 0.07853978 0 0 0.15 0 0 0 0.15 -0.07853978 0.15 -0.07853978 0 0 0 -0.07853978 0.15 -0.07853978 0 -0.07853978 0.15 -0.1570796 0.15 -0.1570796 0 -0.07853978 0 -0.1570796 0.15 -0.1570796 0 -0.1570796 0.15 -0.2356194 0.15 -0.2356194 0 -0.1570796 0 -0.2356194 0.15 -0.2356194 0 -0.2356194 0.15 -0.3141593 0.15 -0.3141593 0 -0.2356194 0 -0.3141593 0.15 -0.3141593 0 -0.3141593 0.15 -0.3926991 0.15 -0.3926991 0 -0.3141593 0 -0.3926991 0.15 0.3926991 0 0.3926991 0.15 0.3141593 0.15 0.3141593 0 0.3926991 0 0.3141593 0.15 0.3141593 0 0.3141593 0.15 0.2356194 0.15 0.2356194 0 0.3141593 0 0.2356194 0.15 0.2356194 0 0.2356194 0.15 0.1570796 0.15 0.1570796 0 0.2356194 0 0.1570796 0.15 0.1570796 0 0.1570796 0.15 0.07853978 0.15 0.07853978 0 0.1570796 0 0.07853978 0.15 0.06981313 0 0 0.15 0 0.15 0 0 0 0 -0.06981313 0.15 0 0 -0.06981313 0.15 -0.06981313 0.15 -0.06981313 0 -0.06981313 0 -0.1396263 0.15 -0.06981313 0 -0.1396263 0.15 -0.1396263 0.15 -0.1396263 0 -0.1396263 0 -0.2094395 0.15 -0.1396263 0 -0.2094395 0.15 -0.2094395 0.15 -0.2094395 0 -0.2094395 0 -0.2792527 0.15 -0.2094395 0 -0.2792527 0.15 -0.2792527 0.15 0.3490658 0 0.3490658 0 0.2792527 0.15 0.3490658 0 0.2792527 0.15 0.2792527 0.15 0.2792527 0 0.2792527 0 0.2094395 0.15 0.2792527 0 0.2094395 0.15 0.2094395 0.15 0.2094395 0 0.2094395 0 0.1396263 0.15 0.2094395 0 0.1396263 0.15 0.1396263 0.15 0.1396263 0 0.1396263 0 0.06981313 0.15 0.1396263 0 0.06981313 0.15 0.06981313 0.15 0.06981313 0 0.06981313 0 0 4.25 0.2443461 4.4 0.2443461 4.25 0.3141593 4.25 0.3141593 4.4 0.2443461 4.4 0.3141593 4.25 -0.3141593 4.4 -0.3141593 4.25 -0.2443461 4.25 -0.2443461 4.4 -0.3141593 4.4 -0.2443461 4.25 -0.2443461 4.4 -0.2443461 4.25 -0.1745329 4.25 -0.1745329 4.4 -0.2443461 4.4 -0.1745329 4.25 -0.1745329 4.4 -0.1745329 4.25 -0.1047197 4.25 -0.1047197 4.4 -0.1745329 4.4 -0.1047197 4.25 -0.1047197 4.4 -0.1047197 4.25 -0.03490656 4.25 -0.03490656 4.4 -0.1047197 4.4 -0.03490656 4.25 -0.03490656 4.4 -0.03490656 4.25 0.03490656 4.25 0.03490656 4.4 -0.03490656 4.4 0.03490656 4.25 0.03490656 4.4 0.03490656 4.25 0.1047197 4.25 0.1047197 4.4 0.03490656 4.4 0.1047197 4.25 0.1047197 4.4 0.1047197 4.25 0.1745329 4.25 0.1745329 4.4 0.1047197 4.4 0.1745329 4.25 0.1745329 4.4 0.1745329 4.25 0.2443461 4.25 0.2443461 4.4 0.1745329 4.4 0.2443461 0.15 0.06981313 0 0 0.15 0 0.15 0 0 0 0 -0.06981313 0.15 0 0 -0.06981313 0.15 -0.06981313 0.15 -0.06981313 0 -0.06981313 0 -0.1396263 0.15 -0.06981313 0 -0.1396263 0.15 -0.1396263 0.15 -0.1396263 0 -0.1396263 0 -0.2094395 0.15 -0.1396263 0 -0.2094395 0.15 -0.2094395 0.15 -0.2094395 0 -0.2094395 0 -0.2792527 0.15 -0.2094395 0 -0.2792527 0.15 -0.2792527 0.15 0.3490658 0 0.3490658 0 0.2792527 0.15 0.3490658 0 0.2792527 0.15 0.2792527 0.15 0.2792527 0 0.2792527 0 0.2094395 0.15 0.2792527 0 0.2094395 0.15 0.2094395 0.15 0.2094395 0 0.2094395 0 0.1396263 0.15 0.2094395 0 0.1396263 0.15 0.1396263 0.15 0.1396263 0 0.1396263 0 0.06981313 0.15 0.1396263 0 0.06981313 0.15 0.06981313 0.15 0.06981313 0 0.06981313 0 0 4.25 0.2443461 4.4 0.2443461 4.25 0.3141593 4.25 0.3141593 4.4 0.2443461 4.4 0.3141593 4.25 -0.3141593 4.4 -0.3141593 4.25 -0.2443461 4.25 -0.2443461 4.4 -0.3141593 4.4 -0.2443461 4.25 -0.2443461 4.4 -0.2443461 4.25 -0.1745329 4.25 -0.1745329 4.4 -0.2443461 4.4 -0.1745329 4.25 -0.1745329 4.4 -0.1745329 4.25 -0.1047197 4.25 -0.1047197 4.4 -0.1745329 4.4 -0.1047197 4.25 -0.1047197 4.4 -0.1047197 4.25 -0.03490656 4.25 -0.03490656 4.4 -0.1047197 4.4 -0.03490656 4.25 -0.03490656 4.4 -0.03490656 4.25 0.03490656 4.25 0.03490656 4.4 -0.03490656 4.4 0.03490656 4.25 0.03490656 4.4 0.03490656 4.25 0.1047197 4.25 0.1047197 4.4 0.03490656 4.4 0.1047197 4.25 0.1047197 4.4 0.1047197 4.25 0.1745329 4.25 0.1745329 4.4 0.1047197 4.4 0.1745329 4.25 0.1745329 4.4 0.1745329 4.25 0.2443461 4.25 0.2443461 4.4 0.1745329 4.4 0.2443461 0.15 0.06981313 0 0 0.15 0 0.15 0 0 0 0 -0.06981313 0.15 0 0 -0.06981313 0.15 -0.06981313 0.15 -0.06981313 0 -0.06981313 0 -0.1396263 0.15 -0.06981313 0 -0.1396263 0.15 -0.1396263 0.15 -0.1396263 0 -0.1396263 0 -0.2094395 0.15 -0.1396263 0 -0.2094395 0.15 -0.2094395 0.15 -0.2094395 0 -0.2094395 0 -0.2792527 0.15 -0.2094395 0 -0.2792527 0.15 -0.2792527 0.15 0.3490658 0 0.3490658 0 0.2792527 0.15 0.3490658 0 0.2792527 0.15 0.2792527 0.15 0.2792527 0 0.2792527 0 0.2094395 0.15 0.2792527 0 0.2094395 0.15 0.2094395 0.15 0.2094395 0 0.2094395 0 0.1396263 0.15 0.2094395 0 0.1396263 0.15 0.1396263 0.15 0.1396263 0 0.1396263 0 0.06981313 0.15 0.1396263 0 0.06981313 0.15 0.06981313 0.15 0.06981313 0 0.06981313 0 0 4.25 0.2443461 4.4 0.2443461 4.25 0.3141593 4.25 0.3141593 4.4 0.2443461 4.4 0.3141593 4.25 -0.3141593 4.4 -0.3141593 4.25 -0.2443461 4.25 -0.2443461 4.4 -0.3141593 4.4 -0.2443461 4.25 -0.2443461 4.4 -0.2443461 4.25 -0.1745329 4.25 -0.1745329 4.4 -0.2443461 4.4 -0.1745329 4.25 -0.1745329 4.4 -0.1745329 4.25 -0.1047197 4.25 -0.1047197 4.4 -0.1745329 4.4 -0.1047197 4.25 -0.1047197 4.4 -0.1047197 4.25 -0.03490656 4.25 -0.03490656 4.4 -0.1047197 4.4 -0.03490656 4.25 -0.03490656 4.4 -0.03490656 4.25 0.03490656 4.25 0.03490656 4.4 -0.03490656 4.4 0.03490656 4.25 0.03490656 4.4 0.03490656 4.25 0.1047197 4.25 0.1047197 4.4 0.03490656 4.4 0.1047197 4.25 0.1047197 4.4 0.1047197 4.25 0.1745329 4.25 0.1745329 4.4 0.1047197 4.4 0.1745329 4.25 0.1745329 4.4 0.1745329 4.25 0.2443461 4.25 0.2443461 4.4 0.1745329 4.4 0.2443461 0.15 0.06981313 0 0 0.15 0 0.15 0 0 0 0 -0.06981313 0.15 0 0 -0.06981313 0.15 -0.06981313 0.15 -0.06981313 0 -0.06981313 0 -0.1396263 0.15 -0.06981313 0 -0.1396263 0.15 -0.1396263 0.15 -0.1396263 0 -0.1396263 0 -0.2094395 0.15 -0.1396263 0 -0.2094395 0.15 -0.2094395 0.15 -0.2094395 0 -0.2094395 0 -0.2792527 0.15 -0.2094395 0 -0.2792527 0.15 -0.2792527 0.15 0.3490658 0 0.3490658 0 0.2792527 0.15 0.3490658 0 0.2792527 0.15 0.2792527 0.15 0.2792527 0 0.2792527 0 0.2094395 0.15 0.2792527 0 0.2094395 0.15 0.2094395 0.15 0.2094395 0 0.2094395 0 0.1396263 0.15 0.2094395 0 0.1396263 0.15 0.1396263 0.15 0.1396263 0 0.1396263 0 0.06981313 0.15 0.1396263 0 0.06981313 0.15 0.06981313 0.15 0.06981313 0 0.06981313 0 0 4.25 0.2443461 4.4 0.2443461 4.25 0.3141593 4.25 0.3141593 4.4 0.2443461 4.4 0.3141593 4.25 -0.3141593 4.4 -0.3141593 4.25 -0.2443461 4.25 -0.2443461 4.4 -0.3141593 4.4 -0.2443461 4.25 -0.2443461 4.4 -0.2443461 4.25 -0.1745329 4.25 -0.1745329 4.4 -0.2443461 4.4 -0.1745329 4.25 -0.1745329 4.4 -0.1745329 4.25 -0.1047197 4.25 -0.1047197 4.4 -0.1745329 4.4 -0.1047197 4.25 -0.1047197 4.4 -0.1047197 4.25 -0.03490656 4.25 -0.03490656 4.4 -0.1047197 4.4 -0.03490656 4.25 -0.03490656 4.4 -0.03490656 4.25 0.03490656 4.25 0.03490656 4.4 -0.03490656 4.4 0.03490656 4.25 0.03490656 4.4 0.03490656 4.25 0.1047197 4.25 0.1047197 4.4 0.03490656 4.4 0.1047197 4.25 0.1047197 4.4 0.1047197 4.25 0.1745329 4.25 0.1745329 4.4 0.1047197 4.4 0.1745329 4.25 0.1745329 4.4 0.1745329 4.25 0.2443461 4.25 0.2443461 4.4 0.1745329 4.4 0.2443461 0.15 0.06981313 0 0 0.15 0 0.15 0 0 0 0 -0.06981313 0.15 0 0 -0.06981313 0.15 -0.06981313 0.15 -0.06981313 0 -0.06981313 0 -0.1396263 0.15 -0.06981313 0 -0.1396263 0.15 -0.1396263 0.15 -0.1396263 0 -0.1396263 0 -0.2094395 0.15 -0.1396263 0 -0.2094395 0.15 -0.2094395 0.15 -0.2094395 0 -0.2094395 0 -0.2792527 0.15 -0.2094395 0 -0.2792527 0.15 -0.2792527 0.15 0.3490658 0 0.3490658 0 0.2792527 0.15 0.3490658 0 0.2792527 0.15 0.2792527 0.15 0.2792527 0 0.2792527 0 0.2094395 0.15 0.2792527 0 0.2094395 0.15 0.2094395 0.15 0.2094395 0 0.2094395 0 0.1396263 0.15 0.2094395 0 0.1396263 0.15 0.1396263 0.15 0.1396263 0 0.1396263 0 0.06981313 0.15 0.1396263 0 0.06981313 0.15 0.06981313 0.15 0.06981313 0 0.06981313 0 0 4.25 0.2443461 4.4 0.2443461 4.25 0.3141593 4.25 0.3141593 4.4 0.2443461 4.4 0.3141593 4.25 -0.3141593 4.4 -0.3141593 4.25 -0.2443461 4.25 -0.2443461 4.4 -0.3141593 4.4 -0.2443461 4.25 -0.2443461 4.4 -0.2443461 4.25 -0.1745329 4.25 -0.1745329 4.4 -0.2443461 4.4 -0.1745329 4.25 -0.1745329 4.4 -0.1745329 4.25 -0.1047197 4.25 -0.1047197 4.4 -0.1745329 4.4 -0.1047197 4.25 -0.1047197 4.4 -0.1047197 4.25 -0.03490656 4.25 -0.03490656 4.4 -0.1047197 4.4 -0.03490656 4.25 -0.03490656 4.4 -0.03490656 4.25 0.03490656 4.25 0.03490656 4.4 -0.03490656 4.4 0.03490656 4.25 0.03490656 4.4 0.03490656 4.25 0.1047197 4.25 0.1047197 4.4 0.03490656 4.4 0.1047197 4.25 0.1047197 4.4 0.1047197 4.25 0.1745329 4.25 0.1745329 4.4 0.1047197 4.4 0.1745329 4.25 0.1745329 4.4 0.1745329 4.25 0.2443461 4.25 0.2443461 4.4 0.1745329 4.4 0.2443461</float_array>
          <technique_common>
            <accessor source="#Untitled_015-mesh-map-0-array" count="13908" stride="2">
              <param name="S" type="float"/>
              <param name="T" type="float"/>
            </accessor>
          </technique_common>
        </source>
        <vertices id="Untitled_015-mesh-vertices">
          <input semantic="POSITION" source="#Untitled_015-mesh-positions"/>
        </vertices>
        <polylist material="Miscellaneous_Default_888-MoveIt-60-TCP-04-material" count="2410">
          <input semantic="VERTEX" source="#Untitled_015-mesh-vertices" offset="0"/>
          <input semantic="NORMAL" source="#Untitled_015-mesh-normals" offset="1"/>
          <input semantic="TEXCOORD" source="#Untitled_015-mesh-map-0" offset="2" set="0"/>
          <vcount>3 3 3 3 3 3 3 3 3 3 3 3 3 3 3 3 3 3 3 3 3 3 3 3 3 3 3 3 3 3 3 3 3 3 3 3 3 3 3 3 3 3 3 3 3 3 3 3 3 3 3 3 3 3 3 3 3 3 3 3 3 3 3 3 3 3 3 3 3 3 3 3 3 3 3 3 3 3 3 3 3 3 3 3 3 3 3 3 3 3 3 3 3 3 3 3 3 3 3 3 3 3 3 3 3 3 3 3 3 3 3 3 3 3 3 3 3 3 3 3 3 3 3 3 3 3 3 3 3 3 3 3 3 3 3 3 3 3 3 3 3 3 3 3 3 3 3 3 3 3 3 3 3 3 3 3 3 3 3 3 3 3 3 3 3 3 3 3 3 3 3 3 3 3 3 3 3 3 3 3 3 3 3 3 3 3 3 3 3 3 3 3 3 3 3 3 3 3 3 3 3 3 3 3 3 3 3 3 3 3 3 3 3 3 3 3 3 3 3 3 3 3 3 3 3 3 3 3 3 3 3 3 3 3 3 3 3 3 3 3 3 3 3 3 3 3 3 3 3 3 3 3 3 3 3 3 3 3 3 3 3 3 3 3 3 3 3 3 3 3 3 3 3 3 3 3 3 3 3 3 3 3 3 3 3 3 3 3 3 3 3 3 3 3 3 3 3 3 3 3 3 3 3 3 3 3 3 3 3 3 3 3 3 3 3 3 3 3 3 3 3 3 3 3 3 3 3 3 3 3 3 3 3 3 3 3 3 3 3 3 3 3 3 3 3 3 3 3 3 3 3 3 3 3 3 3 3 3 3 3 3 3 3 3 3 3 3 3 3 3 3 3 3 3 3 3 3 3 3 3 3 3 3 3 3 3 3 3 3 3 3 3 3 3 3 3 3 3 3 3 3 3 3 3 3 3 3 3 3 3 3 3 3 3 3 3 3 3 3 3 3 3 3 3 3 3 3 3 3 3 3 3 3 3 3 3 3 3 3 3 3 3 3 3 3 3 3 3 3 3 3 3 3 3 3 3 3 3 3 3 3 3 3 3 3 3 3 3 3 3 3 3 3 3 3 3 3 3 3 3 3 3 3 3 3 3 3 3 3 3 3 3 3 3 3 3 3 3 3 3 3 3 3 3 3 3 3 3 3 3 3 3 3 3 3 3 3 3 3 3 3 3 3 3 3 3 3 3 3 3 3 3 3 3 3 3 3 3 3 3 3 3 3 3 3 3 3 3 3 3 3 3 3 3 3 3 3 3 3 3 3 3 3 3 3 3 3 3 3 3 3 3 3 3 3 3 3 3 3 3 3 3 3 3 3 3 3 3 3 3 3 3 3 3 3 3 3 3 3 3 3 3 3 3 3 3 3 3 3 3 3 3 3 3 3 3 3 3 3 3 3 3 3 3 3 3 3 3 3 3 3 3 3 3 3 3 3 3 3 3 3 3 3 3 3 3 3 3 3 3 3 3 3 3 3 3 3 3 3 3 3 3 3 3 3 3 3 3 3 3 3 3 3 3 3 3 3 3 3 3 3 3 3 3 3 3 3 3 3 3 3 3 3 3 3 3 3 3 3 3 3 3 3 3 3 3 3 3 3 3 3 3 3 3 3 3 3 3 3 3 3 3 3 3 3 3 3 3 3 3 3 3 3 3 3 3 3 3 3 3 3 3 3 3 3 3 3 3 3 3 3 3 3 3 3 3 3 3 3 3 3 3 3 3 3 3 3 3 3 3 3 3 3 3 3 3 3 3 3 3 3 3 3 3 3 3 3 3 3 3 3 3 3 3 3 3 3 3 3 3 3 3 3 3 3 3 3 3 3 3 3 3 3 3 3 3 3 3 3 3 3 3 3 3 3 3 3 3 3 3 3 3 3 3 3 3 3 3 3 3 3 3 3 3 3 3 3 3 3 3 3 3 3 3 3 3 3 3 3 3 3 3 3 3 3 3 3 3 3 3 3 3 3 3 3 3 3 3 3 3 3 3 3 3 3 3 3 3 3 3 3 3 3 3 3 3 3 3 3 3 3 3 3 3 3 3 3 3 3 3 3 3 3 3 3 3 3 3 3 3 3 3 3 3 3 3 3 3 3 3 3 3 3 3 3 3 3 3 3 3 3 3 3 3 3 3 3 3 3 3 3 3 3 3 3 3 3 3 3 3 3 3 3 3 3 3 3 3 3 3 3 3 3 3 3 3 3 3 3 3 3 3 3 3 3 3 3 3 3 3 3 3 3 3 3 3 3 3 3 3 3 3 3 3 3 3 3 3 3 3 3 3 3 3 3 3 3 3 3 3 3 3 3 3 3 3 3 3 3 3 3 3 3 3 3 3 3 3 3 3 3 3 3 3 3 3 3 3 3 3 3 3 3 3 3 3 3 3 3 3 3 3 3 3 3 3 3 3 3 3 3 3 3 3 3 3 3 3 3 3 3 3 3 3 3 3 3 3 3 3 3 3 3 3 3 3 3 3 3 3 3 3 3 3 3 3 3 3 3 3 3 3 3 3 3 3 3 3 3 3 3 3 3 3 3 3 3 3 3 3 3 3 3 3 3 3 3 3 3 3 3 3 3 3 3 3 3 3 3 3 3 3 3 3 3 3 3 3 3 3 3 3 3 3 3 3 3 3 3 3 3 3 3 3 3 3 3 3 3 3 3 3 3 3 3 3 3 3 3 3 3 3 3 3 3 3 3 3 3 3 3 3 3 3 3 3 3 3 3 3 3 3 3 3 3 3 3 3 3 3 3 3 3 3 3 3 3 3 3 3 3 3 3 3 3 3 3 3 3 3 3 3 3 3 3 3 3 3 3 3 3 3 3 3 3 3 3 3 3 3 3 3 3 3 3 3 3 3 3 3 3 3 3 3 3 3 3 3 3 3 3 3 3 3 3 3 3 3 3 3 3 3 3 3 3 3 3 3 3 3 3 3 3 3 3 3 3 3 3 3 3 3 3 3 3 3 3 3 3 3 3 3 3 3 3 3 3 3 3 3 3 3 3 3 3 3 3 3 3 3 3 3 3 3 3 3 3 3 3 3 3 3 3 3 3 3 3 3 3 3 3 3 3 3 3 3 3 3 3 3 3 3 3 3 3 3 3 3 3 3 3 3 3 3 3 3 3 3 3 3 3 3 3 3 3 3 3 3 3 3 3 3 3 3 3 3 3 3 3 3 3 3 3 3 3 3 3 3 3 3 3 3 3 3 3 3 3 3 3 3 3 3 3 3 3 3 3 3 3 3 3 3 3 3 3 3 3 3 3 3 3 3 3 3 3 3 3 3 3 3 3 3 3 3 3 3 3 3 3 3 3 3 3 3 3 3 3 3 3 3 3 3 3 3 3 3 3 3 3 3 3 3 3 3 3 3 3 3 3 3 3 3 3 3 3 3 3 3 3 3 3 3 3 3 3 3 3 3 3 3 3 3 3 3 3 3 3 3 3 3 3 3 3 3 3 3 3 3 3 3 3 3 3 3 3 3 3 3 3 3 3 3 3 3 3 3 3 3 3 3 3 3 3 3 3 3 3 3 3 3 3 3 3 3 3 3 3 3 3 3 3 3 3 3 3 3 3 3 3 3 3 3 3 3 3 3 3 3 3 3 3 3 3 3 3 3 3 3 3 3 3 3 3 3 3 3 3 3 3 3 3 3 3 3 3 3 3 3 3 3 3 3 3 3 3 3 3 3 3 3 3 3 3 3 3 3 3 3 3 3 3 3 3 3 3 3 3 3 3 3 3 3 3 3 3 3 3 3 3 3 3 3 3 3 3 3 3 3 3 3 3 3 3 3 3 3 3 3 3 3 3 3 3 3 3 3 3 3 3 3 3 3 3 3 3 3 3 3 3 3 3 3 3 3 3 3 3 3 3 3 3 3 3 3 3 3 3 3 3 3 3 3 3 3 3 3 3 3 3 3 3 3 3 3 3 3 3 3 3 3 3 3 3 3 3 3 3 3 3 3 3 3 3 3 3 3 3 3 3 3 3 3 3 3 3 3 3 3 3 3 3 3 3 3 3 3 3 3 3 3 3 3 3 3 3 3 3 3 3 3 3 3 3 3 3 3 3 3 3 3 3 3 3 3 3 3 3 3 3 3 3 3 3 3 3 3 3 3 3 3 3 3 3 3 3 3 3 3 3 3 3 3 3 3 3 3 3 3 3 3 3 3 3 3 3 3 3 3 3 3 3 3 3 3 3 3 3 3 3 3 3 3 3 3 3 3 3 3 3 3 3 3 3 3 3 3 3 3 3 3 3 3 3 3 3 3 3 3 3 3 3 3 3 3 3 3 3 3 3 3 3 3 3 3 3 3 3 3 3 3 3 3 3 3 3 3 3 3 3 3 3 3 3 3 3 3 3 3 3 3 3 3 3 3 3 3 3 3 3 3 3 3 3 3 3 3 3 3 3 3 3 3 3 3 3 3 3 3 3 3 3 3 3 3 3 3 3 3 3 3 3 3 3 3 3 3 3 3 3 3 3 3 3 3 3 3 3 3 3 3 3 3 3 3 3 3 3 3 3 3 3 3 3 3 3 3 3 3 3 3 3 3 3 3 3 3 3 3 3 3 3 3 3 3 3 3 3 3 3 3 3 3 3 3 3 3 3 3 3 3 3 3 3 3 3 3 3 3 3 3 3 3 3 3 3 3 3 3 3 3 3 3 3 3 3 3 3 3 3 3 3 3 3 3 3 3 3 3 3 3 3 3 3 3 3 3 3 3 3 3 3 3 3 3 3 3 3 3 3 3 3 3 3 3 3 3 3 3 3 3 3 3 3 3 3 3 3 3 3 3 3 3 3 3 3 3 3 3 3 3 3 3 3 3 3 3 3 3 3 3 3 3 3 3 3 3 3 3 3 3 3 3 3 3 3 3 3 3 3 3 3 3 3 3 3 3 3 3 3 3 3 3 3 3 3 3 3 3 3 3 3 3 3 3 3 3 3 3 3 3 3 3 3 3 3 3 3 3 3 3 3 3 3 3 3 3 3 3 3 3 3 3 3 3 3 3 3 3 3 3 3 3 3 3 3 3 3 3 3 3 3 3 3 3 3 3 3 3 3 3 3 3 3 3 3 3 3 3 3 3 3 3 3 3 3 3 3 3 3 3 3 3 3 3 3 3 3 3 3 3 3 3 3 3 3 3 3 3 3 3 3 3 3 3 3 3 3 3 3 3 3 3 3 3 3 3 3 3 3 3 3 3 3 3 3 3 3 3 3 3 3 3 3 3 3 3 3 3 3 3 3 3 3 3 3 3 3 3 3 3 3 3 3 3 3 3 3 3 3 3 3 3 3 3 3 3 3 3 3 3 3 3 3 3 3 3 3 3 3 3 3 3 3 3 3 3 3 3 3 3 3 3 3 3 3 3 3 3 3 3 3 3 3 3 3 3 3 3 3 3 3 3 3 3 3 3 3 3 3 3 </vcount>
          <p>1 0 0 22 1 1 0 2 2 0 2 3 22 1 4 23 3 5 0 2 6 23 3 7 17 4 8 17 4 9 23 3 10 24 5 11 17 4 12 24 5 13 16 6 14 16 6 15 24 5 16 25 7 17 16 6 18 25 7 19 15 8 20 15 8 21 25 7 22 26 9 23 15 8 24 26 9 25 14 10 26 14 10 27 26 9 28 27 11 29 14 10 30 27 11 31 13 12 32 13 12 33 27 11 34 28 13 35 13 12 36 28 13 37 12 14 38 12 14 39 28 13 40 29 15 41 12 14 42 29 15 43 11 16 44 11 16 45 29 15 46 30 17 47 11 16 48 30 17 49 10 18 50 10 18 51 30 17 52 31 19 53 10 18 54 31 19 55 9 20 56 9 20 57 31 19 58 32 21 59 9 20 60 32 21 61 8 22 62 8 22 63 32 21 64 33 23 65 8 22 66 33 23 67 7 24 68 7 24 69 33 23 70 34 25 71 7 24 72 34 25 73 6 26 74 6 26 75 34 25 76 35 27 77 6 26 78 35 27 79 5 28 80 5 28 81 35 27 82 18 29 83 5 28 84 18 29 85 4 30 86 4 30 87 18 29 88 19 31 89 4 30 90 19 31 91 3 32 92 3 32 93 19 31 94 20 33 95 3 32 96 20 33 97 2 34 98 2 34 99 20 33 100 21 35 101 2 34 102 21 35 103 1 0 104 1 0 105 21 35 106 22 1 107 1250 1876 6786 1273 1876 6787 1240 1876 6788 1240 1876 6789 1273 1876 6790 1274 1876 6791 1240 1876 6792 1274 1876 6793 1241 1876 6794 1241 1876 6795 1274 1876 6796 1275 1877 6797 1241 1876 6798 1275 1877 6799 1242 1878 6800 1242 1878 6801 1275 1877 6802 1276 1879 6803 1242 1878 6804 1276 1879 6805 1243 1880 6806 1243 1880 6807 1276 1879 6808 1277 1881 6809 1243 1880 6810 1277 1881 6811 1244 1882 6812 1244 1882 6813 1277 1881 6814 1278 1883 6815 1244 1882 6816 1278 1883 6817 1245 1884 6818 1245 1884 6819 1278 1883 6820 1268 1885 6821 1245 1884 6822 1268 1885 6823 1246 1886 6824 1246 1886 6825 1268 1885 6826 1269 1887 6827 1246 1886 6828 1269 1887 6829 1247 1888 6830 1247 1888 6831 1269 1887 6832 1270 1889 6833 1247 1888 6834 1270 1889 6835 1248 1890 6836 1248 1890 6837 1270 1889 6838 1271 1891 6839 1248 1890 6840 1271 1891 6841 1249 1892 6842 1249 1892 6843 1271 1891 6844 1272 1893 6845 1249 1892 6846 1272 1893 6847 1250 1876 6848 1250 1876 6849 1272 1893 6850 1273 1876 6851 1280 1894 6852 1221 1895 6853 1279 1896 6854 1279 1896 6855 1221 1895 6856 1220 1876 6857 1279 1896 6858 1220 1876 6859 1289 1876 6860 1289 1876 6861 1220 1876 6862 1219 1876 6863 1289 1876 6864 1219 1876 6865 1288 1876 6866 1288 1876 6867 1219 1876 6868 1218 1876 6869 1288 1876 6870 1218 1876 6871 1287 1897 6872 1287 1897 6873 1218 1876 6874 1228 1898 6875 1287 1897 6876 1228 1898 6877 1286 1899 6878 1286 1899 6879 1228 1898 6880 1227 1900 6881 1286 1899 6882 1227 1900 6883 1285 1901 6884 1285 1901 6885 1227 1900 6886 1226 1902 6887 1285 1901 6888 1226 1902 6889 1284 1903 6890 1284 1903 6891 1226 1902 6892 1225 1904 6893 1284 1903 6894 1225 1904 6895 1283 1905 6896 1283 1905 6897 1225 1904 6898 1224 1906 6899 1283 1905 6900 1224 1906 6901 1282 1876 6902 1282 1876 6903 1224 1906 6904 1223 1876 6905 1282 1876 6906 1223 1876 6907 1281 1876 6908 1281 1876 6909 1223 1876 6910 1222 1876 6911 1281 1876 6912 1222 1876 6913 1280 1894 6914 1280 1894 6915 1222 1876 6916 1221 1895 6917 1206 1907 6918 1300 1876 6919 1196 1876 6920 1196 1876 6921 1300 1876 6922 1290 1876 6923 1196 1876 6924 1290 1876 6925 1291 1908 6926 1300 1876 6927 1206 1907 6928 1299 1909 6929 1299 1909 6930 1206 1907 6931 1205 1910 6932 1299 1909 6933 1205 1910 6934 1298 1911 6935 1298 1911 6936 1205 1910 6937 1204 1876 6938 1298 1911 6939 1204 1876 6940 1203 1912 6941 1298 1911 6942 1203 1912 6943 1297 1913 6944 1297 1913 6945 1203 1912 6946 1202 1914 6947 1297 1913 6948 1202 1914 6949 1296 1915 6950 1296 1915 6951 1202 1914 6952 1295 1876 6953 1295 1876 6954 1202 1914 6955 1201 1916 6956 1295 1876 6957 1201 1916 6958 1294 1917 6959 1294 1917 6960 1201 1916 6961 1200 1918 6962 1294 1917 6963 1200 1918 6964 1293 1919 6965 1293 1919 6966 1200 1918 6967 1199 1876 6968 1293 1919 6969 1199 1876 6970 1198 1920 6971 1293 1919 6972 1198 1920 6973 1292 1921 6974 1292 1921 6975 1198 1920 6976 1197 1922 6977 1292 1921 6978 1197 1922 6979 1291 1908 6980 1291 1908 6981 1197 1922 6982 1196 1876 6983 818 1923 6984 1308 1924 6985 866 1925 6986 866 1925 6987 1308 1924 6988 1309 1876 6989 866 1925 6990 1309 1876 6991 1310 1926 6992 1301 1927 6993 1302 1876 6994 818 1923 6995 818 1923 6996 1302 1876 6997 1303 1928 6998 818 1923 6999 1303 1928 7000 1308 1924 7001 1308 1924 7002 1303 1928 7003 1307 1929 7004 1307 1929 7005 1303 1928 7006 1304 1930 7007 1307 1929 7008 1304 1930 7009 1306 1931 7010 1306 1931 7011 1304 1930 7012 1305 1932 7013 1312 1933 7014 1183 1934 7015 1311 1935 7016 1311 1935 7017 1183 1934 7018 1182 1876 7019 1311 1935 7020 1182 1876 7021 1321 1876 7022 1321 1876 7023 1182 1876 7024 1181 1876 7025 1321 1876 7026 1181 1876 7027 1320 1936 7028 1320 1936 7029 1181 1876 7030 1180 1937 7031 1320 1936 7032 1180 1937 7033 1319 1938 7034 1319 1938 7035 1180 1937 7036 1179 1876 7037 1319 1938 7038 1179 1876 7039 1318 1939 7040 1318 1939 7041 1179 1876 7042 1178 1940 7043 1318 1939 7044 1178 1940 7045 1317 1941 7046 1317 1941 7047 1178 1940 7048 1177 1942 7049 1317 1941 7050 1177 1942 7051 1316 1943 7052 1316 1943 7053 1177 1942 7054 1176 1876 7055 1316 1943 7056 1176 1876 7057 1315 1944 7058 1315 1944 7059 1176 1876 7060 1175 1945 7061 1315 1944 7062 1175 1945 7063 1314 1946 7064 1314 1946 7065 1175 1945 7066 1174 1876 7067 1314 1946 7068 1174 1876 7069 1313 1876 7070 1313 1876 7071 1174 1876 7072 1184 1876 7073 1313 1876 7074 1184 1876 7075 1312 1933 7076 1312 1933 7077 1184 1876 7078 1183 1934 7079 856 1947 7080 1486 1948 7081 839 72 7082 839 72 7083 1486 1948 7084 1380 1949 7085 839 72 7086 1380 1949 7087 1381 1950 7088 855 1951 7089 1372 1952 7090 856 1947 7091 856 1947 7092 1372 1952 7093 1373 1953 7094 856 1947 7095 1373 1953 7096 1485 1954 7097 1485 1954 7098 1373 1953 7099 1374 1955 7100 1485 1954 7101 1374 1955 7102 1484 1956 7103 1484 1956 7104 1374 1955 7105 1375 1957 7106 1484 1956 7107 1375 1957 7108 1483 1958 7109 1483 1958 7110 1375 1957 7111 1376 1959 7112 1483 1958 7113 1376 1959 7114 1576 72 7115 1576 72 7116 1376 1959 7117 1377 72 7118 1576 72 7119 1377 72 7120 1575 72 7121 1575 72 7122 1377 72 7123 1369 1960 7124 1575 72 7125 1369 1960 7126 1574 1961 7127 1574 1961 7128 1369 1960 7129 1441 1962 7130 1574 1961 7131 1441 1962 7132 1442 1963 7133 854 1964 7134 1447 1965 7135 855 1951 7136 855 1951 7137 1447 1965 7138 1448 1966 7139 855 1951 7140 1448 1966 7141 1372 1952 7142 1372 1952 7143 1448 1966 7144 1371 72 7145 1371 72 7146 1448 1966 7147 1449 1967 7148 1371 72 7149 1449 1967 7150 1370 1968 7151 1370 1968 7152 1449 1967 7153 1441 1962 7154 1370 1968 7155 1441 1962 7156 1369 1960 7157 853 1969 7158 1366 1970 7159 854 1964 7160 854 1964 7161 1366 1970 7162 1446 1971 7163 854 1964 7164 1446 1971 7165 1447 1965 7166 1366 1970 7167 853 1969 7168 1365 72 7169 1365 72 7170 853 1969 7171 852 1972 7172 1365 72 7173 852 1972 7174 1364 72 7175 1364 72 7176 852 1972 7177 1363 1973 7178 1363 1973 7179 852 1972 7180 1457 1974 7181 1363 1973 7182 1457 1974 7183 1362 1975 7184 1362 1975 7185 1457 1974 7186 1458 1976 7187 1362 1975 7188 1458 1976 7189 1361 1977 7190 1361 1977 7191 1458 1976 7192 1558 1978 7193 1361 1977 7194 1558 1978 7195 1360 72 7196 1360 72 7197 1558 1978 7198 1559 1979 7199 1360 72 7200 1559 1979 7201 1368 72 7202 1368 72 7203 1559 1979 7204 1367 1980 7205 1367 1980 7206 1559 1979 7207 1445 1981 7208 1367 1980 7209 1445 1981 7210 1446 1971 7211 852 1972 7212 851 1982 7213 1457 1974 7214 1457 1974 7215 851 1982 7216 1456 72 7217 1456 72 7218 851 1982 7219 1455 1983 7220 1455 1983 7221 851 1982 7222 850 1984 7223 1455 1983 7224 850 1984 7225 1357 1985 7226 1357 1985 7227 850 1984 7228 849 1986 7229 1357 1985 7230 849 1986 7231 1356 1987 7232 1356 1987 7233 849 1986 7234 1349 1988 7235 1356 1987 7236 1349 1988 7237 1355 1989 7238 1355 1989 7239 1349 1988 7240 1420 1990 7241 1355 1989 7242 1420 1990 7243 1421 1991 7244 849 1986 7245 848 1992 7246 1349 1988 7247 1349 1988 7248 848 1992 7249 1348 1993 7250 1348 1993 7251 848 1992 7252 1466 1994 7253 1348 1993 7254 1466 1994 7255 1467 1995 7256 848 1992 7257 847 1996 7258 1466 1994 7259 1466 1994 7260 847 1996 7261 1465 1997 7262 1465 1997 7263 847 1996 7264 1405 1998 7265 1465 1997 7266 1405 1998 7267 1406 72 7268 1405 1998 7269 847 1996 7270 1413 1999 7271 1413 1999 7272 847 1996 7273 846 2000 7274 1413 1999 7275 846 2000 7276 1412 72 7277 1412 72 7278 846 2000 7279 1430 72 7280 1412 72 7281 1430 72 7282 1411 72 7283 1411 72 7284 1430 72 7285 1431 2001 7286 1411 72 7287 1431 2001 7288 1410 2002 7289 1410 2002 7290 1431 2001 7291 1423 2003 7292 1410 2002 7293 1423 2003 7294 1599 2004 7295 1599 2004 7296 1423 2003 7297 1424 2005 7298 1599 2004 7299 1424 2005 7300 1533 2006 7301 1533 2006 7302 1424 2005 7303 1425 2007 7304 1533 2006 7305 1425 2007 7306 1532 2008 7307 1532 2008 7308 1425 2007 7309 1426 2009 7310 1532 2008 7311 1426 2009 7312 1531 2010 7313 1531 2010 7314 1426 2009 7315 1427 2011 7316 1531 2010 7317 1427 2011 7318 1399 2012 7319 1399 2012 7320 1427 2011 7321 1398 72 7322 1398 72 7323 1427 2011 7324 1428 2013 7325 1398 72 7326 1428 2013 7327 1397 72 7328 1397 72 7329 1428 2013 7330 844 2014 7331 1397 72 7332 844 2014 7333 1396 72 7334 1396 72 7335 844 2014 7336 843 72 7337 1396 72 7338 843 72 7339 1404 2015 7340 1404 2015 7341 843 72 7342 1477 2016 7343 1404 2015 7344 1477 2016 7345 1403 2017 7346 1403 2017 7347 1477 2016 7348 1478 2018 7349 1403 2017 7350 1478 2018 7351 1402 2019 7352 1402 2019 7353 1478 2018 7354 1530 2020 7355 1402 2019 7356 1530 2020 7357 1401 2021 7358 1401 2021 7359 1530 2020 7360 1531 2010 7361 1401 2021 7362 1531 2010 7363 1400 72 7364 1400 72 7365 1531 2010 7366 1399 2012 7367 1430 72 7368 846 2000 7369 1429 2022 7370 1429 2022 7371 846 2000 7372 845 2023 7373 1429 2022 7374 845 2023 7375 1428 2013 7376 1428 2013 7377 845 2023 7378 844 2014 7379 843 72 7380 842 2024 7381 1477 2016 7382 1477 2016 7383 842 2024 7384 1476 72 7385 1476 72 7386 842 2024 7387 1475 2025 7388 1475 2025 7389 842 2024 7390 841 2026 7391 1475 2025 7392 841 2026 7393 1389 2027 7394 1389 2027 7395 841 2026 7396 1388 2028 7397 1388 2028 7398 841 2026 7399 840 2029 7400 1388 2028 7401 840 2029 7402 1387 2030 7403 1387 2030 7404 840 2029 7405 1438 2031 7406 1387 2030 7407 1438 2031 7408 1439 2032 7409 1438 2031 7410 840 2029 7411 1381 1950 7412 1381 1950 7413 840 2029 7414 839 72 7415 1323 2033 7416 1460 2034 7417 1322 2035 7418 1322 2035 7419 1460 2034 7420 1594 2036 7421 1322 2035 7422 1594 2036 7423 1595 2037 7424 1324 2038 7425 1493 2039 7426 1323 2033 7427 1323 2033 7428 1493 2039 7429 1564 2040 7430 1323 2033 7431 1564 2040 7432 1565 2041 7433 1493 2039 7434 1324 2038 7435 1492 2042 7436 1492 2042 7437 1324 2038 7438 1325 2043 7439 1492 2042 7440 1325 2043 7441 1326 2044 7442 1492 2042 7443 1326 2044 7444 1491 2045 7445 1491 2045 7446 1326 2044 7447 1327 2046 7448 1491 2045 7449 1327 2046 7450 1490 72 7451 1490 72 7452 1327 2046 7453 1499 72 7454 1499 72 7455 1327 2046 7456 1501 72 7457 1499 72 7458 1501 72 7459 1551 2047 7460 1551 2047 7461 1501 72 7462 1550 2048 7463 1550 2048 7464 1501 72 7465 1502 2049 7466 1550 2048 7467 1502 2049 7468 1549 2050 7469 1549 2050 7470 1502 2049 7471 1548 72 7472 1548 72 7473 1502 2049 7474 1503 72 7475 1548 72 7476 1503 72 7477 1547 72 7478 1547 72 7479 1503 72 7480 1504 2051 7481 1547 72 7482 1504 2051 7483 1546 2052 7484 1546 2052 7485 1504 2051 7486 1573 2053 7487 1546 2052 7488 1573 2053 7489 1561 2054 7490 1561 2054 7491 1573 2053 7492 1574 1961 7493 1561 2054 7494 1574 1961 7495 1442 1963 7496 1327 2046 7497 1328 2055 7498 1501 72 7499 1501 72 7500 1328 2055 7501 1500 72 7502 1500 72 7503 1328 2055 7504 1509 2056 7505 1509 2056 7506 1328 2055 7507 1329 2057 7508 1509 2056 7509 1329 2057 7510 1508 2058 7511 1508 2058 7512 1329 2057 7513 1330 2059 7514 1508 2058 7515 1330 2059 7516 1331 2060 7517 1508 2058 7518 1331 2060 7519 1507 2061 7520 1507 2061 7521 1331 2060 7522 1332 2062 7523 1507 2061 7524 1332 2062 7525 1580 2063 7526 1580 2063 7527 1332 2062 7528 1579 2064 7529 1579 2064 7530 1332 2062 7531 1480 2065 7532 1579 2064 7533 1480 2065 7534 1481 2066 7535 1332 2062 7536 1333 2067 7537 1480 2065 7538 1480 2065 7539 1333 2067 7540 1434 2068 7541 1480 2065 7542 1434 2068 7543 1385 2069 7544 1385 2069 7545 1434 2068 7546 1435 2070 7547 1385 2069 7548 1435 2070 7549 1384 2071 7550 1384 2071 7551 1435 2070 7552 1436 2072 7553 1384 2071 7554 1436 2072 7555 1383 72 7556 1383 72 7557 1436 2072 7558 1437 2073 7559 1383 72 7560 1437 2073 7561 1382 2074 7562 1382 2074 7563 1437 2073 7564 1381 1950 7565 1381 1950 7566 1437 2073 7567 1438 2031 7568 1334 2075 7569 1528 2076 7570 1333 2067 7571 1333 2067 7572 1528 2076 7573 1589 2077 7574 1333 2067 7575 1589 2077 7576 1590 2078 7577 1528 2076 7578 1334 2075 7579 1527 2058 7580 1527 2058 7581 1334 2075 7582 1335 2059 7583 1527 2058 7584 1335 2059 7585 1336 2057 7586 1527 2058 7587 1336 2057 7588 1526 2056 7589 1526 2056 7590 1336 2057 7591 1337 2055 7592 1526 2056 7593 1337 2055 7594 1525 72 7595 1525 72 7596 1337 2055 7597 1524 72 7598 1524 72 7599 1337 2055 7600 1338 2046 7601 1524 72 7602 1338 2046 7603 1516 72 7604 1516 72 7605 1338 2046 7606 1515 72 7607 1515 72 7608 1338 2046 7609 1514 2045 7610 1514 2045 7611 1338 2046 7612 1339 2044 7613 1514 2045 7614 1339 2044 7615 1513 2042 7616 1513 2042 7617 1339 2044 7618 1340 2043 7619 1513 2042 7620 1340 2043 7621 1341 2079 7622 1513 2042 7623 1341 2079 7624 1512 2080 7625 1512 2080 7626 1341 2079 7627 1322 2035 7628 1512 2080 7629 1322 2035 7630 1595 2037 7631 1343 2081 7632 1418 72 7633 1342 72 7634 1342 72 7635 1418 72 7636 1419 2082 7637 1342 72 7638 1419 2082 7639 1350 2083 7640 1350 2083 7641 1419 2082 7642 1420 1990 7643 1350 2083 7644 1420 1990 7645 1349 1988 7646 1418 72 7647 1343 2081 7648 1417 2084 7649 1417 2084 7650 1343 2081 7651 1344 2085 7652 1417 2084 7653 1344 2085 7654 1416 2086 7655 1416 2086 7656 1344 2085 7657 1460 2034 7658 1416 2086 7659 1460 2034 7660 1323 2033 7661 1344 2085 7662 1345 2087 7663 1460 2034 7664 1460 2034 7665 1345 2087 7666 1469 2088 7667 1469 2088 7668 1345 2087 7669 1468 2089 7670 1468 2089 7671 1345 2087 7672 1346 2090 7673 1468 2089 7674 1346 2090 7675 1347 2091 7676 1468 2089 7677 1347 2091 7678 1467 1995 7679 1467 1995 7680 1347 2091 7681 1348 1993 7682 1352 72 7683 1569 72 7684 1351 2092 7685 1351 2092 7686 1569 72 7687 1570 2093 7688 1351 2092 7689 1570 2093 7690 1452 2094 7691 1452 2094 7692 1570 2093 7693 1571 2095 7694 1452 2094 7695 1571 2095 7696 1555 2096 7697 1555 2096 7698 1571 2095 7699 1496 2097 7700 1555 2096 7701 1496 2097 7702 1554 2098 7703 1554 2098 7704 1496 2097 7705 1497 72 7706 1554 2098 7707 1497 72 7708 1553 72 7709 1553 72 7710 1497 72 7711 1498 2099 7712 1553 72 7713 1498 2099 7714 1552 2100 7715 1552 2100 7716 1498 2099 7717 1551 2047 7718 1551 2047 7719 1498 2099 7720 1499 72 7721 1569 72 7722 1352 72 7723 1568 2101 7724 1568 2101 7725 1352 72 7726 1353 2102 7727 1568 2101 7728 1353 2102 7729 1422 2103 7730 1422 2103 7731 1353 2102 7732 1354 2104 7733 1422 2103 7734 1354 2104 7735 1421 1991 7736 1421 1991 7737 1354 2104 7738 1355 1989 7739 1357 1985 7740 1358 2105 7741 1455 1983 7742 1455 1983 7743 1358 2105 7744 1454 2106 7745 1454 2106 7746 1358 2105 7747 1359 2107 7748 1454 2106 7749 1359 2107 7750 1453 2108 7751 1453 2108 7752 1359 2107 7753 1351 2092 7754 1453 2108 7755 1351 2092 7756 1452 2094 7757 1366 1970 7758 1367 1980 7759 1446 1971 7760 1379 2109 7761 1487 2110 7762 1378 2111 7763 1378 2111 7764 1487 2110 7765 1488 72 7766 1378 2111 7767 1488 72 7768 1386 2112 7769 1386 2112 7770 1488 72 7771 1489 2113 7772 1386 2112 7773 1489 2113 7774 1385 2069 7775 1385 2069 7776 1489 2113 7777 1480 2065 7778 1487 2110 7779 1379 2109 7780 1486 1948 7781 1486 1948 7782 1379 2109 7783 1380 1949 7784 1475 2025 7785 1389 2027 7786 1474 2114 7787 1474 2114 7788 1389 2027 7789 1390 2115 7790 1474 2114 7791 1390 2115 7792 1473 2116 7793 1473 2116 7794 1390 2115 7795 1391 2117 7796 1473 2116 7797 1391 2117 7798 1472 2118 7799 1472 2118 7800 1391 2117 7801 1585 2119 7802 1472 2118 7803 1585 2119 7804 1586 2120 7805 1391 2117 7806 1392 2121 7807 1585 2119 7808 1585 2119 7809 1392 2121 7810 1584 2122 7811 1584 2122 7812 1392 2121 7813 1393 2123 7814 1584 2122 7815 1393 2123 7816 1583 2124 7817 1583 2124 7818 1393 2123 7819 1394 2125 7820 1583 2124 7821 1394 2125 7822 1440 2126 7823 1440 2126 7824 1394 2125 7825 1439 2032 7826 1439 2032 7827 1394 2125 7828 1395 2127 7829 1439 2032 7830 1395 2127 7831 1387 2030 7832 1465 1997 7833 1406 72 7834 1464 72 7835 1464 72 7836 1406 72 7837 1407 2128 7838 1464 72 7839 1407 2128 7840 1463 2129 7841 1463 2129 7842 1407 2128 7843 1601 2130 7844 1463 2129 7845 1601 2130 7846 1592 2131 7847 1407 2128 7848 1408 2132 7849 1601 2130 7850 1601 2130 7851 1408 2132 7852 1600 2133 7853 1600 2133 7854 1408 2132 7855 1409 2134 7856 1600 2133 7857 1409 2134 7858 1599 2004 7859 1599 2004 7860 1409 2134 7861 1410 2002 7862 1415 72 7863 1566 2135 7864 1414 2136 7865 1414 2136 7866 1566 2135 7867 1567 2137 7868 1414 2136 7869 1567 2137 7870 1422 2103 7871 1422 2103 7872 1567 2137 7873 1568 2101 7874 1566 2135 7875 1415 72 7876 1565 2041 7877 1565 2041 7878 1415 72 7879 1416 2086 7880 1565 2041 7881 1416 2086 7882 1323 2033 7883 1433 72 7884 1591 2138 7885 1432 2139 7886 1432 2139 7887 1591 2138 7888 1582 2140 7889 1432 2139 7890 1582 2140 7891 1440 2126 7892 1440 2126 7893 1582 2140 7894 1583 2124 7895 1591 2138 7896 1433 72 7897 1590 2078 7898 1590 2078 7899 1433 72 7900 1434 2068 7901 1590 2078 7902 1434 2068 7903 1333 2067 7904 1442 1963 7905 1443 2141 7906 1561 2054 7907 1561 2054 7908 1443 2141 7909 1560 2142 7910 1560 2142 7911 1443 2141 7912 1444 2143 7913 1560 2142 7914 1444 2143 7915 1559 1979 7916 1559 1979 7917 1444 2143 7918 1445 1981 7919 1459 2144 7920 1450 2145 7921 1557 2146 7922 1557 2146 7923 1450 2145 7924 1451 2147 7925 1557 2146 7926 1451 2147 7927 1556 2148 7928 1556 2148 7929 1451 2147 7930 1452 2094 7931 1556 2148 7932 1452 2094 7933 1555 2096 7934 1458 1976 7935 1459 2144 7936 1558 1978 7937 1558 1978 7938 1459 2144 7939 1557 2146 7940 1460 2034 7941 1461 2149 7942 1594 2036 7943 1594 2036 7944 1461 2149 7945 1593 2150 7946 1593 2150 7947 1461 2149 7948 1462 2151 7949 1593 2150 7950 1462 2151 7951 1592 2131 7952 1592 2131 7953 1462 2151 7954 1463 2129 7955 1479 2152 7956 1470 2153 7957 1545 2154 7958 1545 2154 7959 1470 2153 7960 1471 2155 7961 1545 2154 7962 1471 2155 7963 1544 2156 7964 1544 2156 7965 1471 2155 7966 1472 2118 7967 1544 2156 7968 1472 2118 7969 1543 2157 7970 1543 2157 7971 1472 2118 7972 1586 2120 7973 1543 2157 7974 1586 2120 7975 1521 2158 7976 1521 2158 7977 1586 2120 7978 1587 2159 7979 1521 2158 7980 1587 2159 7981 1520 2160 7982 1520 2160 7983 1587 2159 7984 1588 2161 7985 1520 2160 7986 1588 2161 7987 1529 2162 7988 1529 2162 7989 1588 2161 7990 1589 2077 7991 1529 2162 7992 1589 2077 7993 1528 2076 7994 1478 2018 7995 1479 2152 7996 1530 2020 7997 1530 2020 7998 1479 2152 7999 1545 2154 8000 1579 2064 8001 1481 2066 8002 1578 2163 8003 1578 2163 8004 1481 2066 8005 1482 2164 8006 1578 2163 8007 1482 2164 8008 1577 72 8009 1577 72 8010 1482 2164 8011 1483 1958 8012 1577 72 8013 1483 1958 8014 1576 72 8015 1485 1954 8016 1486 1948 8017 856 1947 8018 1493 2039 8019 1494 2165 8020 1564 2040 8021 1564 2040 8022 1494 2165 8023 1563 2166 8024 1563 2166 8025 1494 2165 8026 1495 2167 8027 1563 2166 8028 1495 2167 8029 1562 2168 8030 1562 2168 8031 1495 2167 8032 1496 2097 8033 1562 2168 8034 1496 2097 8035 1571 2095 8036 1573 2053 8037 1504 2051 8038 1572 2169 8039 1572 2169 8040 1504 2051 8041 1505 2170 8042 1572 2169 8043 1505 2170 8044 1581 2171 8045 1581 2171 8046 1505 2170 8047 1506 2172 8048 1581 2171 8049 1506 2172 8050 1580 2063 8051 1580 2063 8052 1506 2172 8053 1507 2061 8054 1511 2173 8055 1596 2174 8056 1510 2175 8057 1510 2175 8058 1596 2174 8059 1597 2176 8060 1510 2175 8061 1597 2176 8062 1519 2177 8063 1519 2177 8064 1597 2176 8065 1598 2178 8066 1519 2177 8067 1598 2178 8068 1534 2179 8069 1534 2179 8070 1598 2178 8071 1533 2006 8072 1533 2006 8073 1598 2178 8074 1599 2004 8075 1596 2174 8076 1511 2173 8077 1595 2037 8078 1595 2037 8079 1511 2173 8080 1512 2080 8081 1524 72 8082 1516 72 8083 1538 2180 8084 1538 2180 8085 1516 72 8086 1517 2099 8087 1538 2180 8088 1517 2099 8089 1537 2100 8090 1537 2100 8091 1517 2099 8092 1536 72 8093 1536 72 8094 1517 2099 8095 1518 72 8096 1536 72 8097 1518 72 8098 1535 72 8099 1535 72 8100 1518 72 8101 1519 2177 8102 1535 72 8103 1519 2177 8104 1534 2179 8105 1543 2157 8106 1521 2158 8107 1542 2181 8108 1542 2181 8109 1521 2158 8110 1522 72 8111 1542 2181 8112 1522 72 8113 1541 72 8114 1541 72 8115 1522 72 8116 1523 2049 8117 1541 72 8118 1523 2049 8119 1540 2050 8120 1540 2050 8121 1523 2049 8122 1539 2048 8123 1539 2048 8124 1523 2049 8125 1524 72 8126 1539 2048 8127 1524 72 8128 1538 2180 8129 1323 2182 8130 1322 2182 8131 1611 2182 8132 1611 2182 8133 1322 2182 8134 1602 2182 8135 1611 2182 8136 1602 2182 8137 1610 2182 8138 1610 2182 8139 1602 2182 8140 1603 2182 8141 1610 2182 8142 1603 2182 8143 1609 2182 8144 1609 2182 8145 1603 2182 8146 1604 2182 8147 1609 2182 8148 1604 2182 8149 1607 2182 8150 1607 2182 8151 1604 2182 8152 1606 2182 8153 1606 2182 8154 1604 2182 8155 1605 2182 8156 1607 2182 8157 1608 2182 8158 1609 2182 8159 1323 2183 8160 1611 2184 8161 1612 87 8162 1612 87 8163 1611 2184 8164 1613 2185 8165 1305 2186 8166 1323 2183 8167 1615 87 8168 1615 87 8169 1323 2183 8170 1614 87 8171 1614 87 8172 1323 2183 8173 1612 87 8174 1326 2187 8175 1325 2188 8176 1302 2189 8177 1302 2189 8178 1325 2188 8179 1303 2190 8180 1303 2190 8181 1325 2188 8182 1304 2191 8183 1304 2191 8184 1325 2188 8185 1324 2192 8186 1304 2191 8187 1324 2192 8188 1305 2186 8189 1305 2186 8190 1324 2192 8191 1323 2183 8192 1302 2189 8193 1301 2193 8194 1326 2187 8195 1326 2187 8196 1301 2193 8197 1327 2193 8198 1616 2193 8199 1327 2193 8200 1618 2193 8201 1618 2193 8202 1327 2193 8203 1617 2193 8204 1617 2193 8205 1327 2193 8206 1301 2193 8207 1620 2194 8208 1327 2193 8209 1619 2195 8210 1619 2195 8211 1327 2193 8212 1616 2193 8213 1628 2196 8214 1621 2197 8215 1627 2198 8216 1627 2198 8217 1621 2197 8218 1622 2199 8219 1627 2198 8220 1622 2199 8221 1626 2200 8222 1626 2200 8223 1622 2199 8224 1623 2201 8225 1626 2200 8226 1623 2201 8227 1625 2202 8228 1625 2202 8229 1623 2201 8230 1624 2203 8231 1629 2204 8232 1630 2205 8233 1634 2206 8234 1634 2206 8235 1630 2205 8236 1631 2207 8237 1634 2206 8238 1631 2207 8239 1633 2208 8240 1633 2208 8241 1631 2207 8242 1632 2209 8243 1633 2208 8244 1632 2209 8245 1619 2195 8246 1619 2195 8247 1632 2209 8248 1620 2194 8249 1327 2210 8250 1682 2211 8251 1328 2212 8252 1328 2212 8253 1682 2211 8254 1683 2213 8255 1328 2212 8256 1683 2213 8257 1684 2214 8258 1620 2215 8259 1695 2216 8260 1327 2210 8261 1327 2210 8262 1695 2216 8263 1696 194 8264 1327 2210 8265 1696 194 8266 1697 2217 8267 1632 2218 8268 1749 2219 8269 1620 2215 8270 1620 2215 8271 1749 2219 8272 1750 2220 8273 1620 2215 8274 1750 2220 8275 1751 2221 8276 1632 2218 8277 1631 2222 8278 1749 2219 8279 1749 2219 8280 1631 2222 8281 1630 2223 8282 1749 2219 8283 1630 2223 8284 1635 2224 8285 1635 2224 8286 1636 2225 8287 1749 2219 8288 1749 2219 8289 1636 2225 8290 1748 194 8291 1748 194 8292 1636 2225 8293 1637 194 8294 1748 194 8295 1637 194 8296 1747 2226 8297 1747 2226 8298 1637 194 8299 1638 2227 8300 1747 2226 8301 1638 2227 8302 1755 2228 8303 1755 2228 8304 1638 2227 8305 1754 2229 8306 1754 2229 8307 1638 2227 8308 1639 2230 8309 1754 2229 8310 1639 2230 8311 1640 2231 8312 1640 2231 8313 1641 2232 8314 1754 2229 8315 1754 2229 8316 1641 2232 8317 1642 2233 8318 1754 2229 8319 1642 2233 8320 1643 2234 8321 1754 2229 8322 1643 2234 8323 1753 2235 8324 1753 2235 8325 1643 2234 8326 1644 2236 8327 1753 2235 8328 1644 2236 8329 1738 2237 8330 1738 2237 8331 1644 2236 8332 1746 194 8333 1746 194 8334 1644 2236 8335 1645 2238 8336 1746 194 8337 1645 2238 8338 1745 2239 8339 1745 2239 8340 1645 2238 8341 1646 2240 8342 1745 2239 8343 1646 2240 8344 1731 2241 8345 1731 2241 8346 1646 2240 8347 1730 194 8348 1730 194 8349 1646 2240 8350 1647 194 8351 1730 194 8352 1647 194 8353 1729 2242 8354 1729 2242 8355 1647 194 8356 1648 2243 8357 1729 2242 8358 1648 2243 8359 1737 2244 8360 1737 2244 8361 1648 2243 8362 1649 2245 8363 1737 2244 8364 1649 2245 8365 1736 2246 8366 1736 2246 8367 1649 2245 8368 1722 2247 8369 1736 2246 8370 1722 2247 8371 1723 2248 8372 1649 2245 8373 1650 2238 8374 1722 2247 8375 1722 2247 8376 1650 2238 8377 1721 194 8378 1721 194 8379 1650 2238 8380 1651 194 8381 1721 194 8382 1651 194 8383 1720 2237 8384 1720 2237 8385 1651 194 8386 1714 2249 8387 1720 2237 8388 1714 2249 8389 1728 2250 8390 1728 2250 8391 1714 2249 8392 1715 2251 8393 1728 2250 8394 1715 2251 8395 1716 2252 8396 1651 194 8397 1652 194 8398 1714 2249 8399 1714 2249 8400 1652 194 8401 1713 2253 8402 1713 2253 8403 1652 194 8404 1653 2233 8405 1713 2253 8406 1653 2233 8407 1654 2232 8408 1654 2232 8409 1655 2231 8410 1713 2253 8411 1713 2253 8412 1655 2231 8413 1656 2230 8414 1713 2253 8415 1656 2230 8416 1657 2254 8417 1658 2255 8418 1711 2256 8419 1657 2254 8420 1657 2254 8421 1711 2256 8422 1712 2257 8423 1657 2254 8424 1712 2257 8425 1713 2253 8426 1711 2256 8427 1658 2255 8428 1719 2258 8429 1719 2258 8430 1658 2255 8431 1659 2225 8432 1719 2258 8433 1659 2225 8434 1718 2259 8435 1718 2259 8436 1659 2225 8437 1660 2224 8438 1718 2259 8439 1660 2224 8440 1624 2260 8441 1624 2260 8442 1623 2261 8443 1718 2259 8444 1718 2259 8445 1623 2261 8446 1622 2262 8447 1718 2259 8448 1622 2262 8449 1621 2263 8450 1328 2212 8451 1709 2264 8452 1621 2263 8453 1621 2263 8454 1709 2264 8455 1710 2265 8456 1621 2263 8457 1710 2265 8458 1726 194 8459 1726 194 8460 1710 2265 8461 1670 194 8462 1726 194 8463 1670 194 8464 1671 194 8465 1662 2266 8466 1693 194 8467 1661 194 8468 1661 194 8469 1693 194 8470 1694 2267 8471 1661 194 8472 1694 2267 8473 1741 2268 8474 1741 2268 8475 1694 2267 8476 1620 2215 8477 1741 2268 8478 1620 2215 8479 1740 2269 8480 1740 2269 8481 1620 2215 8482 1751 2221 8483 1740 2269 8484 1751 2221 8485 1739 2270 8486 1739 2270 8487 1751 2221 8488 1752 2251 8489 1739 2270 8490 1752 2251 8491 1753 2235 8492 1693 194 8493 1662 2266 8494 1701 2271 8495 1701 2271 8496 1662 2266 8497 1663 2272 8498 1701 2271 8499 1663 2272 8500 1700 2273 8501 1700 2273 8502 1663 2272 8503 1664 2274 8504 1700 2273 8505 1664 2274 8506 1691 2275 8507 1691 2275 8508 1664 2274 8509 1690 194 8510 1690 194 8511 1664 2274 8512 1665 194 8513 1690 194 8514 1665 194 8515 1689 194 8516 1689 194 8517 1665 194 8518 1666 194 8519 1689 194 8520 1666 194 8521 1688 2276 8522 1688 2276 8523 1666 194 8524 1667 2274 8525 1688 2276 8526 1667 2274 8527 1704 2277 8528 1704 2277 8529 1667 2274 8530 1668 2278 8531 1704 2277 8532 1668 2278 8533 1703 2271 8534 1703 2271 8535 1668 2278 8536 1669 2266 8537 1703 2271 8538 1669 2266 8539 1702 194 8540 1702 194 8541 1669 2266 8542 1670 194 8543 1702 194 8544 1670 194 8545 1710 2265 8546 1726 194 8547 1671 194 8548 1725 2279 8549 1725 2279 8550 1671 194 8551 1672 2280 8552 1725 2279 8553 1672 2280 8554 1724 2281 8555 1724 2281 8556 1672 2280 8557 1673 2282 8558 1724 2281 8559 1673 2282 8560 1723 2248 8561 1723 2248 8562 1673 2282 8563 1736 2246 8564 1674 2283 8565 1734 2284 8566 1673 2282 8567 1673 2282 8568 1734 2284 8569 1735 2285 8570 1673 2282 8571 1735 2285 8572 1736 2246 8573 1675 2286 8574 1743 2287 8575 1674 2283 8576 1674 2283 8577 1743 2287 8578 1744 2248 8579 1674 2283 8580 1744 2248 8581 1731 2241 8582 1731 2241 8583 1744 2248 8584 1745 2239 8585 1743 2287 8586 1675 2286 8587 1742 2288 8588 1742 2288 8589 1675 2286 8590 1676 2289 8591 1742 2288 8592 1676 2289 8593 1741 2268 8594 1741 2268 8595 1676 2289 8596 1661 194 8597 1678 2290 8598 1698 2291 8599 1677 194 8600 1677 194 8601 1698 2291 8602 1699 194 8603 1677 194 8604 1699 194 8605 1692 2292 8606 1692 2292 8607 1699 194 8608 1700 2273 8609 1692 2292 8610 1700 2273 8611 1691 2275 8612 1679 2293 8613 1327 2210 8614 1678 2290 8615 1678 2290 8616 1327 2210 8617 1697 2217 8618 1678 2290 8619 1697 2217 8620 1698 2291 8621 1679 2293 8622 1680 2294 8623 1327 2210 8624 1327 2210 8625 1680 2294 8626 1681 2295 8627 1327 2210 8628 1681 2295 8629 1682 2211 8630 1684 2214 8631 1685 2296 8632 1328 2212 8633 1328 2212 8634 1685 2296 8635 1707 2297 8636 1328 2212 8637 1707 2297 8638 1708 194 8639 1707 2297 8640 1685 2296 8641 1706 194 8642 1706 194 8643 1685 2296 8644 1686 2298 8645 1706 194 8646 1686 2298 8647 1705 2299 8648 1705 2299 8649 1686 2298 8650 1687 2300 8651 1705 2299 8652 1687 2300 8653 1704 2277 8654 1704 2277 8655 1687 2300 8656 1688 2276 8657 1694 2267 8658 1695 2216 8659 1620 2215 8660 1708 194 8661 1709 2264 8662 1328 2212 8663 1717 2301 8664 1621 2263 8665 1716 2252 8666 1716 2252 8667 1621 2263 8668 1727 2302 8669 1716 2252 8670 1727 2302 8671 1728 2250 8672 1717 2301 8673 1718 2259 8674 1621 2263 8675 1726 194 8676 1727 2302 8677 1621 2263 8678 1731 2241 8679 1732 2303 8680 1674 2283 8681 1674 2283 8682 1732 2303 8683 1733 2304 8684 1674 2283 8685 1733 2304 8686 1734 2284 8687 1738 2237 8688 1739 2270 8689 1753 2235 8690 1662 2305 8691 1661 2306 8692 1757 2307 8693 1757 2307 8694 1661 2306 8695 1756 2308 8696 1760 2309 8697 1665 2310 8698 1759 2311 8699 1759 2311 8700 1665 2310 8701 1664 2312 8702 1759 2311 8703 1664 2312 8704 1758 2313 8705 1758 2313 8706 1664 2312 8707 1663 2314 8708 1758 2313 8709 1663 2314 8710 1662 2305 8711 1662 2305 8712 1757 2307 8713 1758 2313 8714 1666 2315 8715 1665 2310 8716 1761 2316 8717 1761 2316 8718 1665 2310 8719 1760 2309 8720 1764 2317 8721 1669 2318 8722 1763 2319 8723 1763 2319 8724 1669 2318 8725 1668 2320 8726 1763 2319 8727 1668 2320 8728 1762 2321 8729 1762 2321 8730 1668 2320 8731 1667 2322 8732 1762 2321 8733 1667 2322 8734 1666 2315 8735 1666 2315 8736 1761 2316 8737 1762 2321 8738 1670 2323 8739 1669 2318 8740 1765 2324 8741 1765 2324 8742 1669 2318 8743 1764 2317 8744 1768 2325 8745 1673 2326 8746 1767 2327 8747 1767 2327 8748 1673 2326 8749 1672 2328 8750 1767 2327 8751 1672 2328 8752 1766 2329 8753 1766 2329 8754 1672 2328 8755 1671 2330 8756 1766 2329 8757 1671 2330 8758 1670 2323 8759 1670 2323 8760 1765 2324 8761 1766 2329 8762 1674 2331 8763 1673 2326 8764 1769 2332 8765 1769 2332 8766 1673 2326 8767 1768 2325 8768 1756 2308 8769 1661 2306 8770 1771 2333 8771 1771 2333 8772 1661 2306 8773 1676 2334 8774 1771 2333 8775 1676 2334 8776 1770 2335 8777 1770 2335 8778 1676 2334 8779 1675 2336 8780 1770 2335 8781 1675 2336 8782 1674 2331 8783 1674 2331 8784 1769 2332 8785 1770 2335 8786 1773 2337 8787 1871 2338 8788 1772 2339 8789 1772 2339 8790 1871 2338 8791 1872 2340 8792 1772 2339 8793 1872 2340 8794 1873 2341 8795 1871 2338 8796 1773 2337 8797 1879 87 8798 1879 87 8799 1773 2337 8800 1774 87 8801 1879 87 8802 1774 87 8803 1878 2342 8804 1878 2342 8805 1774 87 8806 1775 2343 8807 1878 2342 8808 1775 2343 8809 1629 2344 8810 1629 2344 8811 1634 2345 8812 1878 2342 8813 1878 2342 8814 1634 2345 8815 1633 2346 8816 1878 2342 8817 1633 2346 8818 1619 2347 8819 1616 2348 8820 1823 2349 8821 1619 2347 8822 1619 2347 8823 1823 2349 8824 1824 2350 8825 1619 2347 8826 1824 2350 8827 1868 2351 8828 1868 2351 8829 1824 2350 8830 1815 2352 8831 1868 2351 8832 1815 2352 8833 1756 2353 8834 1756 2353 8835 1815 2352 8836 1816 2354 8837 1756 2353 8838 1816 2354 8839 1757 87 8840 1757 87 8841 1816 2354 8842 1758 2355 8843 1758 2355 8844 1816 2354 8845 1817 2356 8846 1758 2355 8847 1817 2356 8848 1759 2357 8849 1759 2357 8850 1817 2356 8851 1818 2358 8852 1759 2357 8853 1818 2358 8854 1802 2359 8855 1802 2359 8856 1818 2358 8857 1801 2360 8858 1801 2360 8859 1818 2358 8860 1819 2361 8861 1801 2360 8862 1819 2361 8863 1800 87 8864 1800 87 8865 1819 2361 8866 1799 2362 8867 1799 2362 8868 1819 2361 8869 1820 2363 8870 1799 2362 8871 1820 2363 8872 1616 2348 8873 1616 2348 8874 1820 2363 8875 1821 2364 8876 1616 2348 8877 1821 2364 8878 1822 2365 8879 1776 2366 8880 1811 2367 8881 1616 2348 8882 1616 2348 8883 1811 2367 8884 1812 2368 8885 1616 2348 8886 1812 2368 8887 1813 2369 8888 1628 2370 8889 1827 2371 8890 1776 2366 8891 1776 2366 8892 1827 2371 8893 1828 2365 8894 1776 2366 8895 1828 2365 8896 1829 2372 8897 1627 2373 8898 1837 2374 8899 1628 2370 8900 1628 2370 8901 1837 2374 8902 1838 2375 8903 1628 2370 8904 1838 2375 8905 1839 2376 8906 1627 2373 8907 1626 2377 8908 1837 2374 8909 1837 2374 8910 1626 2377 8911 1625 2378 8912 1837 2374 8913 1625 2378 8914 1777 2343 8915 1777 2343 8916 1778 87 8917 1837 2374 8918 1837 2374 8919 1778 87 8920 1836 87 8921 1836 87 8922 1778 87 8923 1779 2337 8924 1836 87 8925 1779 2337 8926 1835 2379 8927 1835 2379 8928 1779 2337 8929 1780 2380 8930 1835 2379 8931 1780 2380 8932 1843 2381 8933 1843 2381 8934 1780 2380 8935 1842 2382 8936 1842 2382 8937 1780 2380 8938 1781 2383 8939 1842 2382 8940 1781 2383 8941 1782 87 8942 1782 87 8943 1783 2384 8944 1842 2382 8945 1842 2382 8946 1783 2384 8947 1784 2385 8948 1842 2382 8949 1784 2385 8950 1785 2386 8951 1842 2382 8952 1785 2386 8953 1841 2387 8954 1841 2387 8955 1785 2386 8956 1786 2388 8957 1841 2387 8958 1786 2388 8959 1844 2389 8960 1844 2389 8961 1786 2388 8962 1852 2390 8963 1852 2390 8964 1786 2388 8965 1787 2391 8966 1852 2390 8967 1787 2391 8968 1851 2392 8969 1851 2392 8970 1787 2391 8971 1788 2393 8972 1851 2392 8973 1788 2393 8974 1855 2394 8975 1855 2394 8976 1788 2393 8977 1854 2395 8978 1854 2395 8979 1788 2393 8980 1789 87 8981 1854 2395 8982 1789 87 8983 1853 2396 8984 1853 2396 8985 1789 87 8986 1790 2397 8987 1853 2396 8988 1790 2397 8989 1861 2398 8990 1861 2398 8991 1790 2397 8992 1791 2399 8993 1861 2398 8994 1791 2399 8995 1860 2400 8996 1860 2400 8997 1791 2399 8998 1864 2401 8999 1860 2400 9000 1864 2401 9001 1865 2402 9002 1791 2399 9003 1792 2391 9004 1864 2401 9005 1864 2401 9006 1792 2391 9007 1863 2403 9008 1863 2403 9009 1792 2391 9010 1793 2404 9011 1863 2403 9012 1793 2404 9013 1862 2405 9014 1862 2405 9015 1793 2404 9016 1874 2406 9017 1862 2405 9018 1874 2406 9019 1870 87 9020 1870 87 9021 1874 2406 9022 1875 87 9023 1870 87 9024 1875 87 9025 1876 2407 9026 1793 2404 9027 1794 87 9028 1874 2406 9029 1874 2406 9030 1794 87 9031 1873 2341 9032 1873 2341 9033 1794 87 9034 1795 2385 9035 1873 2341 9036 1795 2385 9037 1796 2384 9038 1796 2384 9039 1797 87 9040 1873 2341 9041 1873 2341 9042 1797 87 9043 1798 2383 9044 1873 2341 9045 1798 2383 9046 1772 2339 9047 1759 2357 9048 1802 2359 9049 1760 87 9050 1760 87 9051 1802 2359 9052 1803 87 9053 1760 87 9054 1803 87 9055 1761 87 9056 1761 87 9057 1803 87 9058 1804 87 9059 1761 87 9060 1804 87 9061 1762 2408 9062 1762 2408 9063 1804 87 9064 1805 2409 9065 1762 2408 9066 1805 2409 9067 1833 2410 9068 1833 2410 9069 1805 2409 9070 1832 2411 9071 1832 2411 9072 1805 2409 9073 1806 2412 9074 1832 2411 9075 1806 2412 9076 1831 2413 9077 1831 2413 9078 1806 2412 9079 1807 2414 9080 1831 2413 9081 1807 2414 9082 1808 2415 9083 1809 2416 9084 1776 2366 9085 1808 2415 9086 1808 2415 9087 1776 2366 9088 1830 2417 9089 1808 2415 9090 1830 2417 9091 1831 2413 9092 1809 2416 9093 1810 2418 9094 1776 2366 9095 1776 2366 9096 1810 2418 9097 1811 2367 9098 1813 2369 9099 1814 2419 9100 1616 2348 9101 1616 2348 9102 1814 2419 9103 1799 2362 9104 1756 2353 9105 1771 2420 9106 1868 2351 9107 1868 2351 9108 1771 2420 9109 1867 2421 9110 1867 2421 9111 1771 2420 9112 1770 2422 9113 1867 2421 9114 1770 2422 9115 1866 2423 9116 1866 2423 9117 1770 2422 9118 1769 2424 9119 1866 2423 9120 1769 2424 9121 1865 2402 9122 1865 2402 9123 1769 2424 9124 1860 2400 9125 1768 2425 9126 1857 2426 9127 1769 2424 9128 1769 2424 9129 1857 2426 9130 1858 2427 9131 1769 2424 9132 1858 2427 9133 1859 2428 9134 1767 2429 9135 1849 2430 9136 1768 2425 9137 1768 2425 9138 1849 2430 9139 1850 2431 9140 1768 2425 9141 1850 2431 9142 1855 2394 9143 1855 2394 9144 1850 2431 9145 1851 2392 9146 1849 2430 9147 1767 2429 9148 1848 2432 9149 1848 2432 9150 1767 2429 9151 1766 2433 9152 1848 2432 9153 1766 2433 9154 1847 2434 9155 1847 2434 9156 1766 2433 9157 1765 2435 9158 1847 2434 9159 1765 2435 9160 1825 2436 9161 1825 2436 9162 1765 2435 9163 1834 2437 9164 1834 2437 9165 1765 2435 9166 1764 2438 9167 1834 2437 9168 1764 2438 9169 1763 2439 9170 1834 2437 9171 1763 2439 9172 1833 2410 9173 1833 2410 9174 1763 2439 9175 1762 2408 9176 1822 2365 9177 1823 2349 9178 1616 2348 9179 1825 2436 9180 1826 2440 9181 1847 2434 9182 1847 2434 9183 1826 2440 9184 1628 2370 9185 1847 2434 9186 1628 2370 9187 1846 87 9188 1846 87 9189 1628 2370 9190 1839 2376 9191 1846 87 9192 1839 2376 9193 1845 87 9194 1845 87 9195 1839 2376 9196 1840 87 9197 1845 87 9198 1840 87 9199 1841 2387 9200 1826 2440 9201 1827 2371 9202 1628 2370 9203 1829 2372 9204 1830 2417 9205 1776 2366 9206 1844 2389 9207 1845 87 9208 1841 2387 9209 1855 2394 9210 1856 2428 9211 1768 2425 9212 1768 2425 9213 1856 2428 9214 1857 2426 9215 1859 2428 9216 1860 2400 9217 1769 2424 9218 1868 2351 9219 1869 2441 9220 1619 2347 9221 1619 2347 9222 1869 2441 9223 1876 2407 9224 1619 2347 9225 1876 2407 9226 1877 2375 9227 1869 2441 9228 1870 87 9229 1876 2407 9230 1877 2375 9231 1878 2342 9232 1619 2347 9233 1678 2305 9234 1677 2442 9235 1799 2307 9236 1799 2307 9237 1677 2442 9238 1800 2443 9239 1812 2444 9240 1681 2445 9241 1813 2446 9242 1813 2446 9243 1681 2445 9244 1680 2447 9245 1813 2446 9246 1680 2447 9247 1814 2313 9248 1814 2313 9249 1680 2447 9250 1679 2314 9251 1814 2313 9252 1679 2314 9253 1678 2305 9254 1678 2305 9255 1799 2307 9256 1814 2313 9257 1682 2448 9258 1681 2445 9259 1811 2449 9260 1811 2449 9261 1681 2445 9262 1812 2444 9263 1808 2317 9264 1685 2318 9265 1809 2319 9266 1809 2319 9267 1685 2318 9268 1684 2320 9269 1809 2319 9270 1684 2320 9271 1810 2450 9272 1810 2450 9273 1684 2320 9274 1683 2451 9275 1810 2450 9276 1683 2451 9277 1682 2448 9278 1682 2448 9279 1811 2449 9280 1810 2450 9281 1686 2452 9282 1685 2318 9283 1807 2453 9284 1807 2453 9285 1685 2318 9286 1808 2317 9287 1804 2454 9288 1689 2455 9289 1805 2456 9290 1805 2456 9291 1689 2455 9292 1688 2457 9293 1805 2456 9294 1688 2457 9295 1806 2458 9296 1806 2458 9297 1688 2457 9298 1687 2330 9299 1806 2458 9300 1687 2330 9301 1686 2452 9302 1686 2452 9303 1807 2453 9304 1806 2458 9305 1690 2459 9306 1689 2455 9307 1803 2460 9308 1803 2460 9309 1689 2455 9310 1804 2454 9311 1800 2443 9312 1677 2442 9313 1801 2461 9314 1801 2461 9315 1677 2442 9316 1692 2462 9317 1801 2461 9318 1692 2462 9319 1802 2463 9320 1802 2463 9321 1692 2462 9322 1691 2464 9323 1802 2463 9324 1691 2464 9325 1690 2459 9326 1690 2459 9327 1803 2460 9328 1802 2463 9329 1816 2465 9330 1815 2466 9331 1880 2467 9332 1880 2467 9333 1815 2466 9334 1824 2468 9335 1880 2467 9336 1824 2468 9337 1888 2469 9338 1888 2469 9339 1824 2468 9340 1823 2470 9341 1888 2469 9342 1823 2470 9343 1887 2471 9344 1887 2471 9345 1823 2470 9346 1822 2472 9347 1887 2471 9348 1822 2472 9349 1886 2473 9350 1886 2473 9351 1822 2472 9352 1821 2474 9353 1886 2473 9354 1821 2474 9355 1885 2475 9356 1885 2475 9357 1821 2474 9358 1820 2476 9359 1885 2475 9360 1820 2476 9361 1884 2477 9362 1884 2477 9363 1820 2476 9364 1819 2478 9365 1884 2477 9366 1819 2478 9367 1883 2479 9368 1883 2479 9369 1819 2478 9370 1818 2480 9371 1883 2479 9372 1818 2480 9373 1882 2481 9374 1882 2481 9375 1818 2480 9376 1817 2482 9377 1882 2481 9378 1817 2482 9379 1881 2483 9380 1881 2483 9381 1817 2482 9382 1816 2465 9383 1881 2483 9384 1816 2465 9385 1880 2467 9386 1701 2484 9387 1880 2485 9388 1693 2486 9389 1693 2486 9390 1880 2485 9391 1888 2487 9392 1693 2486 9393 1888 2487 9394 1694 2488 9395 1694 2488 9396 1888 2487 9397 1887 2489 9398 1694 2488 9399 1887 2489 9400 1695 2490 9401 1695 2490 9402 1887 2489 9403 1886 2491 9404 1695 2490 9405 1886 2491 9406 1696 2492 9407 1696 2492 9408 1886 2491 9409 1885 2493 9410 1696 2492 9411 1885 2493 9412 1697 149 9413 1697 149 9414 1885 2493 9415 1884 2494 9416 1697 149 9417 1884 2494 9418 1698 2495 9419 1698 2495 9420 1884 2494 9421 1883 2496 9422 1698 2495 9423 1883 2496 9424 1699 2497 9425 1699 2497 9426 1883 2496 9427 1882 2498 9428 1699 2497 9429 1882 2498 9430 1700 2499 9431 1700 2499 9432 1882 2498 9433 1881 2500 9434 1700 2499 9435 1881 2500 9436 1701 2484 9437 1701 2484 9438 1881 2500 9439 1880 2485 9440 1826 2465 9441 1825 2501 9442 1889 2502 9443 1889 2502 9444 1825 2501 9445 1834 2503 9446 1889 2502 9447 1834 2503 9448 1897 2469 9449 1897 2469 9450 1834 2503 9451 1833 2470 9452 1897 2469 9453 1833 2470 9454 1896 2504 9455 1896 2504 9456 1833 2470 9457 1832 2505 9458 1896 2504 9459 1832 2505 9460 1895 2506 9461 1895 2506 9462 1832 2505 9463 1831 2507 9464 1895 2506 9465 1831 2507 9466 1894 2508 9467 1894 2508 9468 1831 2507 9469 1830 2509 9470 1894 2508 9471 1830 2509 9472 1893 2510 9473 1893 2510 9474 1830 2509 9475 1829 2511 9476 1893 2510 9477 1829 2511 9478 1892 2512 9479 1892 2512 9480 1829 2511 9481 1828 2513 9482 1892 2512 9483 1828 2513 9484 1891 2514 9485 1891 2514 9486 1828 2513 9487 1827 2482 9488 1891 2514 9489 1827 2482 9490 1890 2483 9491 1890 2483 9492 1827 2482 9493 1826 2465 9494 1890 2483 9495 1826 2465 9496 1889 2502 9497 1710 2484 9498 1889 2485 9499 1702 2486 9500 1702 2486 9501 1889 2485 9502 1897 2487 9503 1702 2486 9504 1897 2487 9505 1703 2488 9506 1703 2488 9507 1897 2487 9508 1896 2489 9509 1703 2488 9510 1896 2489 9511 1704 2490 9512 1704 2490 9513 1896 2489 9514 1895 2491 9515 1704 2490 9516 1895 2491 9517 1705 2492 9518 1705 2492 9519 1895 2491 9520 1894 2493 9521 1705 2492 9522 1894 2493 9523 1706 149 9524 1706 149 9525 1894 2493 9526 1893 2494 9527 1706 149 9528 1893 2494 9529 1707 2495 9530 1707 2495 9531 1893 2494 9532 1892 2496 9533 1707 2495 9534 1892 2496 9535 1708 2497 9536 1708 2497 9537 1892 2496 9538 1891 2498 9539 1708 2497 9540 1891 2498 9541 1709 2499 9542 1709 2499 9543 1891 2498 9544 1890 2500 9545 1709 2499 9546 1890 2500 9547 1710 2484 9548 1710 2484 9549 1890 2500 9550 1889 2485 9551 1638 2515 9552 1637 2516 9553 1772 2517 9554 1772 2517 9555 1637 2516 9556 1773 2518 9557 1642 2519 9558 1641 2520 9559 1795 2521 9560 1795 2521 9561 1641 2520 9562 1796 2522 9563 1796 2522 9564 1641 2520 9565 1797 2523 9566 1797 2523 9567 1641 2520 9568 1640 2524 9569 1797 2523 9570 1640 2524 9571 1639 2525 9572 1797 2523 9573 1639 2525 9574 1798 2526 9575 1798 2526 9576 1639 2525 9577 1638 2515 9578 1798 2526 9579 1638 2515 9580 1772 2517 9581 1643 2527 9582 1642 2519 9583 1794 2528 9584 1794 2528 9585 1642 2519 9586 1795 2521 9587 1785 2529 9588 1652 2530 9589 1786 2531 9590 1786 2531 9591 1652 2530 9592 1651 2532 9593 1786 2531 9594 1651 2532 9595 1787 2533 9596 1787 2533 9597 1651 2532 9598 1650 2534 9599 1787 2533 9600 1650 2534 9601 1788 2535 9602 1788 2535 9603 1650 2534 9604 1649 2536 9605 1788 2535 9606 1649 2536 9607 1789 2537 9608 1789 2537 9609 1649 2536 9610 1648 2538 9611 1789 2537 9612 1648 2538 9613 1790 2539 9614 1790 2539 9615 1648 2538 9616 1647 2540 9617 1790 2539 9618 1647 2540 9619 1791 2541 9620 1791 2541 9621 1647 2540 9622 1646 2542 9623 1791 2541 9624 1646 2542 9625 1792 2543 9626 1792 2543 9627 1646 2542 9628 1645 2544 9629 1792 2543 9630 1645 2544 9631 1793 2545 9632 1793 2545 9633 1645 2544 9634 1644 2546 9635 1793 2545 9636 1644 2546 9637 1794 2528 9638 1794 2528 9639 1644 2546 9640 1643 2527 9641 1653 2547 9642 1652 2530 9643 1784 2548 9644 1784 2548 9645 1652 2530 9646 1785 2529 9647 1657 2549 9648 1656 2550 9649 1780 2551 9650 1780 2551 9651 1656 2550 9652 1781 2552 9653 1781 2552 9654 1656 2550 9655 1782 2553 9656 1782 2553 9657 1656 2550 9658 1655 2554 9659 1782 2553 9660 1655 2554 9661 1654 2555 9662 1782 2553 9663 1654 2555 9664 1783 2556 9665 1783 2556 9666 1654 2555 9667 1653 2547 9668 1783 2556 9669 1653 2547 9670 1784 2548 9671 1658 2557 9672 1657 2549 9673 1779 2558 9674 1779 2558 9675 1657 2549 9676 1780 2551 9677 1624 2203 9678 1660 2559 9679 1625 2202 9680 1625 2202 9681 1660 2559 9682 1777 2560 9683 1777 2560 9684 1660 2559 9685 1659 2561 9686 1777 2560 9687 1659 2561 9688 1778 2562 9689 1778 2562 9690 1659 2561 9691 1658 2557 9692 1778 2562 9693 1658 2557 9694 1779 2558 9695 1637 2516 9696 1636 2563 9697 1773 2518 9698 1773 2518 9699 1636 2563 9700 1774 2564 9701 1774 2564 9702 1636 2563 9703 1635 2565 9704 1774 2564 9705 1635 2565 9706 1775 2566 9707 1775 2566 9708 1635 2565 9709 1630 2205 9710 1775 2566 9711 1630 2205 9712 1629 2204 9713 1628 2196 9714 1776 2182 9715 1621 2197 9716 1621 2197 9717 1776 2182 9718 1328 2182 9719 1898 2182 9720 1328 2182 9721 1900 2182 9722 1900 2182 9723 1328 2182 9724 1899 2182 9725 1899 2182 9726 1328 2182 9727 1776 2182 9728 1329 2567 9729 1328 2182 9730 1901 2568 9731 1901 2568 9732 1328 2182 9733 1898 2182 9734 1332 2569 9735 1331 2570 9736 1902 2571 9737 1902 2571 9738 1331 2570 9739 1904 2572 9740 1904 2572 9741 1331 2570 9742 1903 2573 9743 1903 2573 9744 1331 2570 9745 1330 2574 9746 1903 2573 9747 1330 2574 9748 1901 2568 9749 1901 2568 9750 1330 2574 9751 1329 2567 9752 1902 2571 9753 1905 87 9754 1332 2569 9755 1332 2569 9756 1905 87 9757 1906 2575 9758 1332 2569 9759 1906 2575 9760 1907 2576 9761 1907 2576 9762 1908 2577 9763 1332 2569 9764 1332 2569 9765 1908 2577 9766 1909 2578 9767 1333 2193 9768 1332 2193 9769 1918 2193 9770 1918 2193 9771 1332 2193 9772 1909 2193 9773 1918 2193 9774 1909 2193 9775 1917 2193 9776 1917 2193 9777 1909 2193 9778 1910 2193 9779 1917 2193 9780 1910 2193 9781 1916 2193 9782 1916 2193 9783 1910 2193 9784 1911 2193 9785 1916 2193 9786 1911 2193 9787 1914 2193 9788 1914 2193 9789 1911 2193 9790 1913 2193 9791 1913 2193 9792 1911 2193 9793 1912 2193 9794 1914 2193 9795 1915 2193 9796 1916 2193 9797 1333 2579 9798 1918 2580 9799 1919 194 9800 1919 194 9801 1918 2580 9802 1920 2581 9803 1921 2582 9804 1333 2579 9805 1923 194 9806 1923 194 9807 1333 2579 9808 1922 194 9809 1922 194 9810 1333 2579 9811 1919 194 9812 1336 2583 9813 1335 2584 9814 1924 2585 9815 1924 2585 9816 1335 2584 9817 1926 2586 9818 1926 2586 9819 1335 2584 9820 1925 2587 9821 1925 2587 9822 1335 2584 9823 1334 2588 9824 1925 2587 9825 1334 2588 9826 1921 2582 9827 1921 2582 9828 1334 2588 9829 1333 2579 9830 1924 2585 9831 1927 2182 9832 1336 2583 9833 1336 2583 9834 1927 2182 9835 1337 2182 9836 1928 2182 9837 1337 2182 9838 1930 2182 9839 1930 2182 9840 1337 2182 9841 1929 2182 9842 1929 2182 9843 1337 2182 9844 1927 2182 9845 1932 2589 9846 1337 2182 9847 1931 2590 9848 1931 2590 9849 1337 2182 9850 1928 2182 9851 1938 2591 9852 1933 2592 9853 1937 2593 9854 1937 2593 9855 1933 2592 9856 1934 2594 9857 1937 2593 9858 1934 2594 9859 1936 2198 9860 1936 2198 9861 1934 2594 9862 1935 2595 9863 1936 2198 9864 1935 2595 9865 1931 2590 9866 1931 2590 9867 1935 2595 9868 1932 2589 9869 1939 2596 9870 1940 2597 9871 1946 2598 9872 1946 2598 9873 1940 2597 9874 1941 2599 9875 1946 2598 9876 1941 2599 9877 1945 2600 9878 1945 2600 9879 1941 2599 9880 1942 2208 9881 1945 2600 9882 1942 2208 9883 1944 2601 9884 1944 2601 9885 1942 2208 9886 1943 2602 9887 1337 2603 9888 2001 2604 9889 1338 2605 9890 1338 2605 9891 2001 2604 9892 2002 2606 9893 1338 2605 9894 2002 2606 9895 2003 2607 9896 1932 2608 9897 2021 2609 9898 1337 2603 9899 1337 2603 9900 2021 2609 9901 2022 2610 9902 1337 2603 9903 2022 2610 9904 2014 87 9905 1935 2611 9906 2030 2612 9907 1932 2608 9908 1932 2608 9909 2030 2612 9910 2031 2613 9911 1932 2608 9912 2031 2613 9913 2039 2614 9914 2039 2614 9915 2031 2613 9916 2023 2615 9917 2039 2614 9918 2023 2615 9919 2038 2616 9920 2038 2616 9921 2023 2615 9922 2024 2617 9923 2038 2616 9924 2024 2617 9925 2037 2618 9926 2037 2618 9927 2024 2617 9928 2025 2619 9929 2037 2618 9930 2025 2619 9931 2036 2620 9932 2036 2620 9933 2025 2619 9934 1955 2621 9935 2036 2620 9936 1955 2621 9937 1956 2622 9938 2030 2612 9939 1935 2611 9940 1947 2623 9941 1947 2623 9942 1935 2611 9943 1934 2624 9944 1947 2623 9945 1934 2624 9946 1933 2625 9947 1947 2623 9948 1948 2626 9949 2030 2612 9950 2030 2612 9951 1948 2626 9952 2029 2627 9953 2029 2627 9954 1948 2626 9955 1949 2628 9956 2029 2627 9957 1949 2628 9958 2028 2629 9959 2028 2629 9960 1949 2628 9961 2027 87 9962 2027 87 9963 1949 2628 9964 1950 2630 9965 2027 87 9966 1950 2630 9967 2026 2631 9968 2026 2631 9969 1950 2630 9970 2025 2619 9971 2025 2619 9972 1950 2630 9973 1951 2632 9974 2025 2619 9975 1951 2632 9976 1955 2621 9977 1955 2621 9978 1951 2632 9979 1952 87 9980 1955 2621 9981 1952 87 9982 1954 87 9983 1954 87 9984 1952 87 9985 1953 87 9986 2036 2620 9987 1956 2622 9988 2035 2633 9989 2035 2633 9990 1956 2622 9991 1957 2634 9992 2035 2633 9993 1957 2634 9994 2034 2635 9995 2034 2635 9996 1957 2634 9997 1958 2636 9998 2034 2635 9999 1958 2636 10000 2048 2637 10001 2048 2637 10002 1958 2636 10003 2047 87 10004 2047 87 10005 1958 2636 10006 1959 87 10007 2047 87 10008 1959 87 10009 2046 87 10010 2046 87 10011 1959 87 10012 2045 87 10013 2045 87 10014 1959 87 10015 1960 87 10016 2045 87 10017 1960 87 10018 2044 87 10019 2044 87 10020 1960 87 10021 1961 2638 10022 2044 87 10023 1961 2638 10024 2043 2639 10025 2043 2639 10026 1961 2638 10027 2057 2640 10028 2043 2639 10029 2057 2640 10030 1977 2641 10031 1977 2641 10032 2057 2640 10033 2058 2642 10034 1977 2641 10035 2058 2642 10036 1976 2643 10037 1976 2643 10038 2058 2642 10039 2050 2644 10040 1976 2643 10041 2050 2644 10042 1975 2645 10043 1975 2645 10044 2050 2644 10045 2051 2646 10046 1975 2645 10047 2051 2646 10048 1974 2647 10049 1974 2647 10050 2051 2646 10051 2010 2648 10052 1974 2647 10053 2010 2648 10054 1973 87 10055 1973 87 10056 2010 2648 10057 2011 87 10058 1973 87 10059 2011 87 10060 1988 87 10061 1988 87 10062 2011 87 10063 2012 2649 10064 1988 87 10065 2012 2649 10066 1991 87 10067 1991 87 10068 2012 2649 10069 1990 2650 10070 1990 2650 10071 2012 2649 10072 2013 2651 10073 1990 2650 10074 2013 2651 10075 1989 2652 10076 1989 2652 10077 2013 2651 10078 2005 87 10079 1989 2652 10080 2005 87 10081 1338 2605 10082 1338 2605 10083 2005 87 10084 2006 2610 10085 1338 2605 10086 2006 2610 10087 2007 2609 10088 1961 2638 10089 1962 2653 10090 2057 2640 10091 2057 2640 10092 1962 2653 10093 2056 2654 10094 2056 2654 10095 1962 2653 10096 1963 2655 10097 2056 2654 10098 1963 2655 10099 2055 2620 10100 2055 2620 10101 1963 2655 10102 1964 2621 10103 2055 2620 10104 1964 2621 10105 2066 2656 10106 2066 2656 10107 1964 2621 10108 1968 2632 10109 2066 2656 10110 1968 2632 10111 1969 2657 10112 1968 2632 10113 1964 2621 10114 1967 2658 10115 1967 2658 10116 1964 2621 10117 1965 2659 10118 1967 2658 10119 1965 2659 10120 1966 2660 10121 1970 2661 10122 2064 2662 10123 1969 2657 10124 1969 2657 10125 2064 2662 10126 2065 2663 10127 1969 2657 10128 2065 2663 10129 2066 2656 10130 1971 2664 10131 2062 2665 10132 1970 2661 10133 1970 2661 10134 2062 2665 10135 2063 2666 10136 1970 2661 10137 2063 2666 10138 2064 2662 10139 2062 2665 10140 1971 2664 10141 2061 2667 10142 2061 2667 10143 1971 2664 10144 1972 2668 10145 2061 2667 10146 1972 2668 10147 1945 2669 10148 1945 2669 10149 1972 2668 10150 1946 2670 10151 1946 2670 10152 1972 2668 10153 1939 2671 10154 1945 2669 10155 1944 2672 10156 2061 2667 10157 2061 2667 10158 1944 2672 10159 2060 2673 10160 2060 2673 10161 1944 2672 10162 2052 2674 10163 2060 2673 10164 2052 2674 10165 2059 2675 10166 2059 2675 10167 2052 2674 10168 2053 2676 10169 2059 2675 10170 2053 2676 10171 2067 2677 10172 2067 2677 10173 2053 2676 10174 2054 2678 10175 2067 2677 10176 2054 2678 10177 2066 2656 10178 2066 2656 10179 2054 2678 10180 2055 2620 10181 1338 2605 10182 2007 2609 10183 1944 2672 10184 1944 2672 10185 2007 2609 10186 2008 2679 10187 1944 2672 10188 2008 2679 10189 2052 2674 10190 2052 2674 10191 2008 2679 10192 2009 2680 10193 2052 2674 10194 2009 2680 10195 2051 2646 10196 2051 2646 10197 2009 2680 10198 2010 2648 10199 1978 2681 10200 2041 2682 10201 1977 2641 10202 1977 2641 10203 2041 2682 10204 2042 2683 10205 1977 2641 10206 2042 2683 10207 2043 2639 10208 1979 2684 10209 2033 87 10210 1978 2681 10211 1978 2681 10212 2033 87 10213 2034 2635 10214 1978 2681 10215 2034 2635 10216 2048 2637 10217 2033 87 10218 1979 2684 10219 2032 2685 10220 2032 2685 10221 1979 2684 10222 1980 2686 10223 2032 2685 10224 1980 2686 10225 2040 2687 10226 2040 2687 10227 1980 2686 10228 1981 2688 10229 2040 2687 10230 1981 2688 10231 2018 2689 10232 2018 2689 10233 1981 2688 10234 1982 2690 10235 2018 2689 10236 1982 2690 10237 2017 2691 10238 2017 2691 10239 1982 2690 10240 1983 2692 10241 2017 2691 10242 1983 2692 10243 2016 2693 10244 2016 2693 10245 1983 2692 10246 1996 2694 10247 2016 2693 10248 1996 2694 10249 1997 2695 10250 1996 2694 10251 1983 2692 10252 1995 87 10253 1995 87 10254 1983 2692 10255 1984 87 10256 1995 87 10257 1984 87 10258 1994 87 10259 1994 87 10260 1984 87 10261 1985 87 10262 1994 87 10263 1985 87 10264 1993 87 10265 1993 87 10266 1985 87 10267 1986 87 10268 1993 87 10269 1986 87 10270 1992 87 10271 1992 87 10272 1986 87 10273 1987 87 10274 1992 87 10275 1987 87 10276 1991 87 10277 1991 87 10278 1987 87 10279 1988 87 10280 2016 2693 10281 1997 2695 10282 2015 2696 10283 2015 2696 10284 1997 2695 10285 1998 2697 10286 2015 2696 10287 1998 2697 10288 2014 87 10289 2014 87 10290 1998 2697 10291 1337 2603 10292 1998 2697 10293 1999 2698 10294 1337 2603 10295 1337 2603 10296 1999 2698 10297 2000 2699 10298 1337 2603 10299 2000 2699 10300 2001 2604 10301 2003 2607 10302 2004 2700 10303 1338 2605 10304 1338 2605 10305 2004 2700 10306 1989 2652 10307 2018 2689 10308 2019 2701 10309 2040 2687 10310 2040 2687 10311 2019 2701 10312 2039 2614 10313 2039 2614 10314 2019 2701 10315 2020 2679 10316 2039 2614 10317 2020 2679 10318 1932 2608 10319 1932 2608 10320 2020 2679 10321 2021 2609 10322 2048 2637 10323 2049 2702 10324 1978 2681 10325 1978 2681 10326 2049 2702 10327 2041 2682 10328 1974 2308 10329 1973 2307 10330 2069 2306 10331 2069 2306 10332 1973 2307 10333 2068 2305 10334 1977 2332 10335 1976 2703 10336 2072 2331 10337 2072 2331 10338 1976 2703 10339 2071 2704 10340 2071 2704 10341 1976 2703 10342 2070 2705 10343 2070 2705 10344 1976 2703 10345 1975 2706 10346 2070 2705 10347 1975 2706 10348 2069 2306 10349 2069 2306 10350 1975 2706 10351 1974 2308 10352 1978 2325 10353 1977 2332 10354 2073 2326 10355 2073 2326 10356 1977 2332 10357 2072 2331 10358 1981 2324 10359 1980 2707 10360 2076 2323 10361 2076 2323 10362 1980 2707 10363 2075 2708 10364 2075 2708 10365 1980 2707 10366 2074 2709 10367 2074 2709 10368 1980 2707 10369 1979 2710 10370 2074 2709 10371 1979 2710 10372 2073 2326 10373 2073 2326 10374 1979 2710 10375 1978 2325 10376 1982 2317 10377 1981 2324 10378 2077 2318 10379 2077 2318 10380 1981 2324 10381 2076 2323 10382 1985 2316 10383 1984 2711 10384 2080 2315 10385 2080 2315 10386 1984 2711 10387 2079 2712 10388 2079 2712 10389 1984 2711 10390 2078 2713 10391 2078 2713 10392 1984 2711 10393 1983 2714 10394 2078 2713 10395 1983 2714 10396 2077 2318 10397 2077 2318 10398 1983 2714 10399 1982 2317 10400 1986 2309 10401 1985 2316 10402 2081 2310 10403 2081 2310 10404 1985 2316 10405 2080 2315 10406 1973 2307 10407 1988 2715 10408 2068 2305 10409 2068 2305 10410 1988 2715 10411 2083 2716 10412 2083 2716 10413 1988 2715 10414 2082 2717 10415 2082 2717 10416 1988 2715 10417 1987 2718 10418 2082 2717 10419 1987 2718 10420 2081 2310 10421 2081 2310 10422 1987 2718 10423 1986 2309 10424 2085 2719 10425 2185 194 10426 2084 194 10427 2084 194 10428 2185 194 10429 2186 194 10430 2084 194 10431 2186 194 10432 2187 194 10433 2086 2720 10434 2183 2721 10435 2085 2719 10436 2085 2719 10437 2183 2721 10438 2184 194 10439 2085 2719 10440 2184 194 10441 2185 194 10442 2183 2721 10443 2086 2720 10444 2090 2722 10445 2090 2722 10446 2086 2720 10447 2087 2723 10448 2090 2722 10449 2087 2723 10450 2089 2724 10451 2089 2724 10452 2087 2723 10453 2088 2725 10454 2183 2721 10455 2090 2722 10456 2176 2726 10457 2176 2726 10458 2090 2722 10459 2091 2727 10460 2176 2726 10461 2091 2727 10462 2175 2728 10463 2175 2728 10464 2091 2727 10465 2092 2729 10466 2175 2728 10467 2092 2729 10468 2174 2730 10469 2174 2730 10470 2092 2729 10471 2093 2731 10472 2174 2730 10473 2093 2731 10474 2170 2732 10475 2170 2732 10476 2093 2731 10477 2169 2733 10478 2169 2733 10479 2093 2731 10480 2094 2734 10481 2169 2733 10482 2094 2734 10483 2168 2735 10484 2168 2735 10485 2094 2734 10486 2095 2736 10487 2168 2735 10488 2095 2736 10489 2167 2737 10490 2167 2737 10491 2095 2736 10492 2166 2738 10493 2166 2738 10494 2095 2736 10495 2096 2739 10496 2166 2738 10497 2096 2739 10498 2165 2740 10499 2165 2740 10500 2096 2739 10501 2161 2741 10502 2165 2740 10503 2161 2741 10504 2073 2742 10505 2073 2742 10506 2161 2741 10507 2162 2743 10508 2073 2742 10509 2162 2743 10510 2074 2744 10511 2074 2744 10512 2162 2743 10513 2154 2745 10514 2074 2744 10515 2154 2745 10516 2075 194 10517 2075 194 10518 2154 2745 10519 2155 194 10520 2075 194 10521 2155 194 10522 2076 194 10523 2076 194 10524 2155 194 10525 2141 2746 10526 2076 194 10527 2141 2746 10528 2077 2747 10529 2077 2747 10530 2141 2746 10531 2142 2748 10532 2077 2747 10533 2142 2748 10534 2078 2749 10535 2078 2749 10536 2142 2748 10537 2143 2750 10538 2078 2749 10539 2143 2750 10540 2121 194 10541 2121 194 10542 2143 2750 10543 2120 2751 10544 2120 2751 10545 2143 2750 10546 2144 2752 10547 2120 2751 10548 2144 2752 10549 2119 2753 10550 2119 2753 10551 2144 2752 10552 2136 2754 10553 2119 2753 10554 2136 2754 10555 1928 2755 10556 1928 2755 10557 2136 2754 10558 2137 2756 10559 1928 2755 10560 2137 2756 10561 2138 2757 10562 2096 2739 10563 2097 2758 10564 2161 2741 10565 2161 2741 10566 2097 2758 10567 2160 194 10568 2160 194 10569 2097 2758 10570 2098 2759 10571 2160 194 10572 2098 2759 10573 2159 2760 10574 2159 2760 10575 2098 2759 10576 2099 2722 10577 2159 2760 10578 2099 2722 10579 2152 2761 10580 2152 2761 10581 2099 2722 10582 2103 2762 10583 2152 2761 10584 2103 2762 10585 2104 2763 10586 2103 2762 10587 2099 2722 10588 2102 2764 10589 2102 2764 10590 2099 2722 10591 2100 2765 10592 2102 2764 10593 2100 2765 10594 2101 2766 10595 2105 2767 10596 2150 194 10597 2104 2763 10598 2104 2763 10599 2150 194 10600 2151 194 10601 2104 2763 10602 2151 194 10603 2152 2761 10604 2106 2768 10605 2148 2769 10606 2105 2767 10607 2105 2767 10608 2148 2769 10609 2149 194 10610 2105 2767 10611 2149 194 10612 2150 194 10613 2148 2769 10614 2106 2768 10615 2147 2770 10616 2147 2770 10617 2106 2768 10618 2107 2771 10619 2147 2770 10620 2107 2771 10621 1936 2772 10622 1936 2772 10623 2107 2771 10624 1937 194 10625 1937 194 10626 2107 2771 10627 1938 194 10628 1936 2772 10629 1931 2773 10630 2147 2770 10631 2147 2770 10632 1931 2773 10633 2146 194 10634 2146 194 10635 1931 2773 10636 2156 2774 10637 2146 194 10638 2156 2774 10639 2145 2775 10640 2145 2775 10641 2156 2774 10642 2157 2776 10643 2145 2775 10644 2157 2776 10645 2153 2777 10646 2153 2777 10647 2157 2776 10648 2158 2778 10649 2153 2777 10650 2158 2778 10651 2152 2761 10652 2152 2761 10653 2158 2778 10654 2159 2760 10655 1928 2755 10656 2138 2757 10657 1931 2773 10658 1931 2773 10659 2138 2757 10660 2139 2779 10661 1931 2773 10662 2139 2779 10663 2156 2774 10664 2156 2774 10665 2139 2779 10666 2140 2780 10667 2156 2774 10668 2140 2780 10669 2155 194 10670 2155 194 10671 2140 2780 10672 2141 2746 10673 2108 2781 10674 2116 2782 10675 1928 2755 10676 1928 2755 10677 2116 2782 10678 2117 2783 10679 1928 2755 10680 2117 2783 10681 2118 2784 10682 1943 2773 10683 2134 2757 10684 2108 2781 10685 2108 2781 10686 2134 2757 10687 2135 2756 10688 2108 2781 10689 2135 2756 10690 2127 2754 10691 1942 2785 10692 2188 2770 10693 1943 2773 10694 1943 2773 10695 2188 2770 10696 2189 194 10697 1943 2773 10698 2189 194 10699 2179 2786 10700 2179 2786 10701 2189 194 10702 2181 2787 10703 2179 2786 10704 2181 2787 10705 2178 2788 10706 2178 2788 10707 2181 2787 10708 2182 2789 10709 2178 2788 10710 2182 2789 10711 2177 2790 10712 2177 2790 10713 2182 2789 10714 2183 2721 10715 2177 2790 10716 2183 2721 10717 2176 2726 10718 2188 2770 10719 1942 2785 10720 2109 2791 10721 2109 2791 10722 1942 2785 10723 1941 2792 10724 2109 2791 10725 1941 2792 10726 1940 2793 10727 2109 2791 10728 2110 194 10729 2188 2770 10730 2188 2770 10731 2110 194 10732 2187 194 10733 2187 194 10734 2110 194 10735 2084 194 10736 2112 2753 10737 2128 2794 10738 2111 2751 10739 2111 2751 10740 2128 2794 10741 2129 2795 10742 2111 2751 10743 2129 2795 10744 2126 194 10745 2126 194 10746 2129 2795 10747 2083 2796 10748 2126 194 10749 2083 2796 10750 2125 194 10751 2125 194 10752 2083 2796 10753 2082 194 10754 2125 194 10755 2082 194 10756 2124 194 10757 2124 194 10758 2082 194 10759 2081 194 10760 2124 194 10761 2081 194 10762 2123 194 10763 2123 194 10764 2081 194 10765 2080 194 10766 2123 194 10767 2080 194 10768 2122 194 10769 2122 194 10770 2080 194 10771 2079 194 10772 2122 194 10773 2079 194 10774 2121 194 10775 2121 194 10776 2079 194 10777 2078 2749 10778 2113 2797 10779 2108 2781 10780 2112 2753 10781 2112 2753 10782 2108 2781 10783 2127 2754 10784 2112 2753 10785 2127 2754 10786 2128 2794 10787 2113 2797 10788 2114 2798 10789 2108 2781 10790 2108 2781 10791 2114 2798 10792 2115 2799 10793 2108 2781 10794 2115 2799 10795 2116 2782 10796 2118 2784 10797 2119 2753 10798 1928 2755 10799 2068 2800 10800 2131 194 10801 2069 194 10802 2069 194 10803 2131 194 10804 2180 194 10805 2069 194 10806 2180 194 10807 2070 194 10808 2070 194 10809 2180 194 10810 2172 2801 10811 2070 194 10812 2172 2801 10813 2071 2802 10814 2071 2802 10815 2172 2801 10816 2173 2803 10817 2071 2802 10818 2173 2803 10819 2072 2804 10820 2072 2804 10821 2173 2803 10822 2174 2730 10823 2072 2804 10824 2174 2730 10825 2170 2732 10826 2131 194 10827 2068 2800 10828 2130 2805 10829 2130 2805 10830 2068 2800 10831 2083 2796 10832 2130 2805 10833 2083 2796 10834 2129 2795 10835 2072 2804 10836 2163 2806 10837 2073 2742 10838 2073 2742 10839 2163 2806 10840 2164 2807 10841 2073 2742 10842 2164 2807 10843 2165 2740 10844 2131 194 10845 2132 2780 10846 2180 194 10847 2180 194 10848 2132 2780 10849 2179 2786 10850 2179 2786 10851 2132 2780 10852 2133 2779 10853 2179 2786 10854 2133 2779 10855 1943 2773 10856 1943 2773 10857 2133 2779 10858 2134 2757 10859 2170 2732 10860 2171 2808 10861 2072 2804 10862 2072 2804 10863 2171 2808 10864 2163 2806 10865 1990 2443 10866 1989 2307 10867 2111 2442 10868 2111 2442 10869 1989 2307 10870 2112 2305 10871 1993 2460 10872 1992 2809 10873 2124 2459 10874 2124 2459 10875 1992 2809 10876 2125 2810 10877 2125 2810 10878 1992 2809 10879 2126 2811 10880 2126 2811 10881 1992 2809 10882 1991 2812 10883 2126 2811 10884 1991 2812 10885 2111 2442 10886 2111 2442 10887 1991 2812 10888 1990 2443 10889 1994 2454 10890 1993 2460 10891 2123 2455 10892 2123 2455 10893 1993 2460 10894 2124 2459 10895 1997 2453 10896 1996 2813 10897 2120 2452 10898 2120 2452 10899 1996 2813 10900 2121 2708 10901 2121 2708 10902 1996 2813 10903 2122 2814 10904 2122 2814 10905 1996 2813 10906 1995 2815 10907 2122 2814 10908 1995 2815 10909 2123 2455 10910 2123 2455 10911 1995 2815 10912 1994 2454 10913 1998 2317 10914 1997 2453 10915 2119 2318 10916 2119 2318 10917 1997 2453 10918 2120 2452 10919 2001 2449 10920 2000 2816 10921 2116 2448 10922 2116 2448 10923 2000 2816 10924 2117 2817 10925 2117 2817 10926 2000 2816 10927 2118 2713 10928 2118 2713 10929 2000 2816 10930 1999 2714 10931 2118 2713 10932 1999 2714 10933 2119 2318 10934 2119 2318 10935 1999 2714 10936 1998 2317 10937 2002 2444 10938 2001 2449 10939 2115 2445 10940 2115 2445 10941 2001 2449 10942 2116 2448 10943 1989 2307 10944 2004 2715 10945 2112 2305 10946 2112 2305 10947 2004 2715 10948 2113 2716 10949 2113 2716 10950 2004 2715 10951 2114 2818 10952 2114 2818 10953 2004 2715 10954 2003 2819 10955 2114 2818 10956 2003 2819 10957 2115 2445 10958 2115 2445 10959 2003 2819 10960 2002 2444 10961 2135 2820 10962 2006 2821 10963 2127 2822 10964 2127 2822 10965 2006 2821 10966 2005 2823 10967 2127 2822 10968 2005 2823 10969 2128 2824 10970 2128 2824 10971 2005 2823 10972 2013 2825 10973 2128 2824 10974 2013 2825 10975 2129 2826 10976 2129 2826 10977 2013 2825 10978 2012 2827 10979 2129 2826 10980 2012 2827 10981 2130 2828 10982 2130 2828 10983 2012 2827 10984 2011 2829 10985 2130 2828 10986 2011 2829 10987 2131 2830 10988 2131 2830 10989 2011 2829 10990 2010 2831 10991 2131 2830 10992 2010 2831 10993 2132 2832 10994 2132 2832 10995 2010 2831 10996 2009 2833 10997 2132 2832 10998 2009 2833 10999 2133 2834 11000 2133 2834 11001 2009 2833 11002 2008 2835 11003 2133 2834 11004 2008 2835 11005 2134 2836 11006 2134 2836 11007 2008 2835 11008 2007 2837 11009 2134 2836 11010 2007 2837 11011 2135 2820 11012 2135 2820 11013 2007 2837 11014 2006 2821 11015 2144 2820 11016 2015 2821 11017 2136 2822 11018 2136 2822 11019 2015 2821 11020 2014 2823 11021 2136 2822 11022 2014 2823 11023 2137 2824 11024 2137 2824 11025 2014 2823 11026 2022 2825 11027 2137 2824 11028 2022 2825 11029 2138 2826 11030 2138 2826 11031 2022 2825 11032 2021 2827 11033 2138 2826 11034 2021 2827 11035 2139 2828 11036 2139 2828 11037 2021 2827 11038 2020 2829 11039 2139 2828 11040 2020 2829 11041 2140 2830 11042 2140 2830 11043 2020 2829 11044 2019 2831 11045 2140 2830 11046 2019 2831 11047 2141 2832 11048 2141 2832 11049 2019 2831 11050 2018 2833 11051 2141 2832 11052 2018 2833 11053 2142 2834 11054 2142 2834 11055 2018 2833 11056 2017 2835 11057 2142 2834 11058 2017 2835 11059 2143 2836 11060 2143 2836 11061 2017 2835 11062 2016 2837 11063 2143 2836 11064 2016 2837 11065 2144 2820 11066 2144 2820 11067 2016 2837 11068 2015 2821 11069 1970 2838 11070 1969 2839 11071 2084 2840 11072 2084 2840 11073 1969 2839 11074 2085 2841 11075 1939 2596 11076 1972 2842 11077 1940 2597 11078 1940 2597 11079 1972 2842 11080 2109 2843 11081 2109 2843 11082 1972 2842 11083 1971 2844 11084 2109 2843 11085 1971 2844 11086 2110 2845 11087 2110 2845 11088 1971 2844 11089 1970 2838 11090 2110 2845 11091 1970 2838 11092 2084 2840 11093 1969 2839 11094 1968 2846 11095 2085 2841 11096 2085 2841 11097 1968 2846 11098 2086 2847 11099 2086 2847 11100 1968 2846 11101 2087 2848 11102 2087 2848 11103 1968 2846 11104 1967 2524 11105 2087 2848 11106 1967 2524 11107 1966 2849 11108 2087 2848 11109 1966 2849 11110 2088 2522 11111 2088 2522 11112 1966 2849 11113 1965 2521 11114 2088 2522 11115 1965 2521 11116 2089 2519 11117 1965 2521 11118 1964 2528 11119 2089 2519 11120 2089 2519 11121 1964 2528 11122 2090 2850 11123 2090 2850 11124 1964 2528 11125 2091 2851 11126 2091 2851 11127 1964 2528 11128 1963 2852 11129 2091 2851 11130 1963 2852 11131 2092 2853 11132 2092 2853 11133 1963 2852 11134 1962 2854 11135 2092 2853 11136 1962 2854 11137 2093 2855 11138 2093 2855 11139 1962 2854 11140 1961 2856 11141 2093 2855 11142 1961 2856 11143 2094 2857 11144 2094 2857 11145 1961 2856 11146 1960 2858 11147 2094 2857 11148 1960 2858 11149 2095 2859 11150 2095 2859 11151 1960 2858 11152 1959 2860 11153 2095 2859 11154 1959 2860 11155 2096 2861 11156 2096 2861 11157 1959 2860 11158 1958 2862 11159 2096 2861 11160 1958 2862 11161 2097 2863 11162 2097 2863 11163 1958 2862 11164 1957 2864 11165 2097 2863 11166 1957 2864 11167 2098 2865 11168 2098 2865 11169 1957 2864 11170 1956 2531 11171 2098 2865 11172 1956 2531 11173 2099 2530 11174 2099 2530 11175 1956 2531 11176 1955 2866 11177 1955 2866 11178 1954 2548 11179 2099 2530 11180 2099 2530 11181 1954 2548 11182 2100 2547 11183 1954 2548 11184 1953 2867 11185 2100 2547 11186 2100 2547 11187 1953 2867 11188 2101 2556 11189 2101 2556 11190 1953 2867 11191 2102 2868 11192 2102 2868 11193 1953 2867 11194 1952 2554 11195 2102 2868 11196 1952 2554 11197 1951 2869 11198 2102 2868 11199 1951 2869 11200 2103 2870 11201 2103 2870 11202 1951 2869 11203 1950 2871 11204 2103 2870 11205 1950 2871 11206 2104 2872 11207 1950 2871 11208 1949 2873 11209 2104 2872 11210 2104 2872 11211 1949 2873 11212 2105 2874 11213 1949 2873 11214 1948 2875 11215 2105 2874 11216 2105 2874 11217 1948 2875 11218 2106 2876 11219 2106 2876 11220 1948 2875 11221 1947 2877 11222 2106 2876 11223 1947 2877 11224 2107 2878 11225 2107 2878 11226 1947 2877 11227 1933 2592 11228 2107 2878 11229 1933 2592 11230 1938 2591 11231 1943 2602 11232 2108 2193 11233 1944 2601 11234 1944 2601 11235 2108 2193 11236 1338 2193 11237 1310 2193 11238 1338 2193 11239 2191 2193 11240 2191 2193 11241 1338 2193 11242 2190 2193 11243 2190 2193 11244 1338 2193 11245 2108 2193 11246 1339 2879 11247 1338 2193 11248 1309 2880 11249 1309 2880 11250 1338 2193 11251 1310 2193 11252 1322 2881 11253 1341 2882 11254 1306 2883 11255 1306 2883 11256 1341 2882 11257 1307 2884 11258 1307 2884 11259 1341 2882 11260 1308 2885 11261 1308 2885 11262 1341 2882 11263 1340 2886 11264 1308 2885 11265 1340 2886 11266 1309 2880 11267 1309 2880 11268 1340 2886 11269 1339 2879 11270 1306 2883 11271 2192 194 11272 1322 2881 11273 1322 2881 11274 2192 194 11275 2193 2887 11276 1322 2881 11277 2193 2887 11278 2194 2888 11279 2194 2888 11280 2195 2889 11281 1322 2881 11282 1322 2881 11283 2195 2889 11284 1602 2890 11285 1606 2891 11286 1605 2892 11287 2196 2893 11288 2196 2893 11289 1605 2892 11290 2199 2894 11291 2199 2894 11292 1605 2892 11293 2198 2895 11294 2198 2895 11295 1605 2892 11296 1604 2896 11297 2198 2895 11298 1604 2896 11299 1603 2897 11300 2198 2895 11301 1603 2897 11302 2197 2898 11303 2197 2898 11304 1603 2897 11305 1602 2890 11306 2197 2898 11307 1602 2890 11308 2195 2889 11309 1607 2899 11310 1606 2891 11311 2200 2900 11312 2200 2900 11313 1606 2891 11314 2196 2893 11315 1611 2184 11316 1610 2901 11317 1613 2185 11318 1613 2185 11319 1610 2901 11320 2203 2902 11321 2203 2902 11322 1610 2901 11323 2202 2903 11324 2202 2903 11325 1610 2901 11326 1609 2904 11327 2202 2903 11328 1609 2904 11329 1608 2905 11330 2202 2903 11331 1608 2905 11332 2201 2906 11333 2201 2906 11334 1608 2905 11335 1607 2899 11336 2201 2906 11337 1607 2899 11338 2200 2900 11339 2194 2907 11340 1612 2908 11341 2195 2193 11342 2195 2193 11343 1612 2908 11344 1613 2193 11345 2195 2193 11346 1613 2193 11347 2197 2193 11348 2197 2193 11349 1613 2193 11350 2203 2193 11351 2197 2193 11352 2203 2193 11353 2198 2193 11354 2198 2193 11355 2203 2193 11356 2202 2193 11357 2198 2193 11358 2202 2193 11359 2196 2193 11360 2196 2193 11361 2202 2193 11362 2200 2193 11363 2200 2193 11364 2202 2193 11365 2201 2193 11366 2196 2193 11367 2199 2193 11368 2198 2193 11369 2194 2907 11370 2193 2909 11371 1612 2908 11372 1612 2908 11373 2193 2909 11374 1614 2910 11375 1614 2910 11376 2193 2909 11377 2192 2911 11378 1614 2910 11379 2192 2911 11380 1615 2912 11381 1615 2912 11382 2192 2911 11383 1306 1931 11384 1615 2912 11385 1306 1931 11386 1305 1932 11387 1898 2913 11388 817 2914 11389 1901 2915 11390 1901 2915 11391 817 2914 11392 1115 2916 11393 1901 2915 11394 1115 2916 11395 1924 2917 11396 1924 2917 11397 1115 2916 11398 1927 2918 11399 1901 2915 11400 1924 2917 11401 1903 2919 11402 1903 2919 11403 1924 2917 11404 1926 2920 11405 1903 2919 11406 1926 2920 11407 1904 2921 11408 1904 2921 11409 1926 2920 11410 1925 2922 11411 1904 2921 11412 1925 2922 11413 1902 2923 11414 1902 2923 11415 1925 2922 11416 1921 2924 11417 1616 2348 11418 1618 2925 11419 1776 2366 11420 1776 2366 11421 1618 2925 11422 1899 2926 11423 1899 2926 11424 1618 2925 11425 1617 2927 11426 1899 2926 11427 1617 2927 11428 1900 2928 11429 1900 2928 11430 1617 2927 11431 817 2914 11432 1900 2928 11433 817 2914 11434 1898 2913 11435 1301 1927 11436 818 1923 11437 1617 2927 11438 1617 2927 11439 818 1923 11440 817 2914 11441 1907 2929 11442 1906 2930 11443 1919 2931 11444 1919 2931 11445 1906 2930 11446 1922 2932 11447 1922 2932 11448 1906 2930 11449 1905 2933 11450 1922 2932 11451 1905 2933 11452 1923 2934 11453 1923 2934 11454 1905 2933 11455 1902 2923 11456 1923 2934 11457 1902 2923 11458 1921 2924 11459 1907 2929 11460 1919 2931 11461 1908 2182 11462 1908 2182 11463 1919 2931 11464 1920 2182 11465 1908 2182 11466 1920 2182 11467 2211 2182 11468 2211 2182 11469 1920 2182 11470 2204 2182 11471 2211 2182 11472 2204 2182 11473 2210 2182 11474 2210 2182 11475 2204 2182 11476 2205 2182 11477 2210 2182 11478 2205 2182 11479 2208 2182 11480 2208 2182 11481 2205 2182 11482 2207 2182 11483 2207 2182 11484 2205 2182 11485 2206 2182 11486 2208 2182 11487 2209 2182 11488 2210 2182 11489 1913 2935 11490 1912 2936 11491 2208 2937 11492 2208 2937 11493 1912 2936 11494 2209 2938 11495 2209 2938 11496 1912 2936 11497 2210 2939 11498 2210 2939 11499 1912 2936 11500 1911 2904 11501 2210 2939 11502 1911 2904 11503 1910 2940 11504 2210 2939 11505 1910 2940 11506 2211 2941 11507 2211 2941 11508 1910 2940 11509 1909 2578 11510 2211 2941 11511 1909 2578 11512 1908 2577 11513 1914 2942 11514 1913 2935 11515 2207 2943 11516 2207 2943 11517 1913 2935 11518 2208 2937 11519 1918 2580 11520 1917 2944 11521 1920 2581 11522 1920 2581 11523 1917 2944 11524 2204 2945 11525 2204 2945 11526 1917 2944 11527 2205 2946 11528 2205 2946 11529 1917 2944 11530 1916 2896 11531 2205 2946 11532 1916 2896 11533 1915 2947 11534 2205 2946 11535 1915 2947 11536 2206 2948 11537 2206 2948 11538 1915 2947 11539 1914 2942 11540 2206 2948 11541 1914 2942 11542 2207 2943 11543 1927 2918 11544 1115 2916 11545 1929 2949 11546 1929 2949 11547 1115 2916 11548 866 1925 11549 1929 2949 11550 866 1925 11551 2191 2950 11552 2191 2950 11553 866 1925 11554 1310 1926 11555 2191 2950 11556 2190 2951 11557 1929 2949 11558 1929 2949 11559 2190 2951 11560 1930 2952 11561 1930 2952 11562 2190 2951 11563 2108 2781 11564 1930 2952 11565 2108 2781 11566 1928 2755 11567 1350 2953 11568 808 2954 11569 1342 2955 11570 1342 2955 11571 808 2954 11572 816 2956 11573 1342 2955 11574 816 2956 11575 1343 2957 11576 1343 2957 11577 816 2956 11578 815 2958 11579 1343 2957 11580 815 2958 11581 1344 2959 11582 1344 2959 11583 815 2958 11584 814 2960 11585 1344 2959 11586 814 2960 11587 1345 2961 11588 1345 2961 11589 814 2960 11590 813 2962 11591 1345 2961 11592 813 2962 11593 1346 2963 11594 1346 2963 11595 813 2962 11596 812 2964 11597 1346 2963 11598 812 2964 11599 1347 2965 11600 1347 2965 11601 812 2964 11602 811 2966 11603 1347 2965 11604 811 2966 11605 1348 2967 11606 1348 2967 11607 811 2966 11608 810 2968 11609 1348 2967 11610 810 2968 11611 1349 2969 11612 1349 2969 11613 810 2968 11614 809 2970 11615 1349 2969 11616 809 2970 11617 1350 2953 11618 1350 2953 11619 809 2970 11620 808 2954 11621 1359 2971 11622 799 2972 11623 1351 2973 11624 1351 2973 11625 799 2972 11626 807 2974 11627 1351 2973 11628 807 2974 11629 1352 2975 11630 1352 2975 11631 807 2974 11632 806 2976 11633 1352 2975 11634 806 2976 11635 1353 2977 11636 1353 2977 11637 806 2976 11638 805 2978 11639 1353 2977 11640 805 2978 11641 1354 2979 11642 1354 2979 11643 805 2978 11644 804 2980 11645 1354 2979 11646 804 2980 11647 1355 2981 11648 1355 2981 11649 804 2980 11650 803 2982 11651 1355 2981 11652 803 2982 11653 1356 2983 11654 1356 2983 11655 803 2982 11656 802 2984 11657 1356 2983 11658 802 2984 11659 1357 2985 11660 1357 2985 11661 802 2984 11662 801 2986 11663 1357 2985 11664 801 2986 11665 1358 2969 11666 1358 2969 11667 801 2986 11668 800 2987 11669 1358 2969 11670 800 2987 11671 1359 2971 11672 1359 2971 11673 800 2987 11674 799 2972 11675 1368 2988 11676 790 2989 11677 1360 2990 11678 1360 2990 11679 790 2989 11680 798 2991 11681 1360 2990 11682 798 2991 11683 1361 2992 11684 1361 2992 11685 798 2991 11686 797 2993 11687 1361 2992 11688 797 2993 11689 1362 2994 11690 1362 2994 11691 797 2993 11692 796 2995 11693 1362 2994 11694 796 2995 11695 1363 2996 11696 1363 2996 11697 796 2995 11698 795 2997 11699 1363 2996 11700 795 2997 11701 1364 2998 11702 1364 2998 11703 795 2997 11704 794 2999 11705 1364 2998 11706 794 2999 11707 1365 3000 11708 1365 3000 11709 794 2999 11710 793 2984 11711 1365 3000 11712 793 2984 11713 1366 3001 11714 1366 3001 11715 793 2984 11716 792 3002 11717 1366 3001 11718 792 3002 11719 1367 3003 11720 1367 3003 11721 792 3002 11722 791 3004 11723 1367 3003 11724 791 3004 11725 1368 2988 11726 1368 2988 11727 791 3004 11728 790 2989 11729 1377 3005 11730 781 3006 11731 1369 3007 11732 1369 3007 11733 781 3006 11734 789 3008 11735 1369 3007 11736 789 3008 11737 1370 3009 11738 1370 3009 11739 789 3008 11740 788 3010 11741 1370 3009 11742 788 3010 11743 1371 3011 11744 1371 3011 11745 788 3010 11746 787 3012 11747 1371 3011 11748 787 3012 11749 1372 3013 11750 1372 3013 11751 787 3012 11752 786 2980 11753 1372 3013 11754 786 2980 11755 1373 2981 11756 1373 2981 11757 786 2980 11758 785 2982 11759 1373 2981 11760 785 2982 11761 1374 2983 11762 1374 2983 11763 785 2982 11764 784 3014 11765 1374 2983 11766 784 3014 11767 1375 3015 11768 1375 3015 11769 784 3014 11770 783 3016 11771 1375 3015 11772 783 3016 11773 1376 3017 11774 1376 3017 11775 783 3016 11776 782 3018 11777 1376 3017 11778 782 3018 11779 1377 3005 11780 1377 3005 11781 782 3018 11782 781 3006 11783 1386 3019 11784 772 3020 11785 1378 3021 11786 1378 3021 11787 772 3020 11788 780 3022 11789 1378 3021 11790 780 3022 11791 1379 3023 11792 1379 3023 11793 780 3022 11794 779 3024 11795 1379 3023 11796 779 3024 11797 1380 3025 11798 1380 3025 11799 779 3024 11800 778 2978 11801 1380 3025 11802 778 2978 11803 1381 3026 11804 1381 3026 11805 778 2978 11806 777 3027 11807 1381 3026 11808 777 3027 11809 1382 3028 11810 1382 3028 11811 777 3027 11812 776 3029 11813 1382 3028 11814 776 3029 11815 1383 3030 11816 1383 3030 11817 776 3029 11818 775 3031 11819 1383 3030 11820 775 3031 11821 1384 3032 11822 1384 3032 11823 775 3031 11824 774 3033 11825 1384 3032 11826 774 3033 11827 1385 2969 11828 1385 2969 11829 774 3033 11830 773 3034 11831 1385 2969 11832 773 3034 11833 1386 3019 11834 1386 3019 11835 773 3034 11836 772 3020 11837 1395 3005 11838 763 3006 11839 1387 3007 11840 1387 3007 11841 763 3006 11842 771 3008 11843 1387 3007 11844 771 3008 11845 1388 3009 11846 1388 3009 11847 771 3008 11848 770 3010 11849 1388 3009 11850 770 3010 11851 1389 3011 11852 1389 3011 11853 770 3010 11854 769 3012 11855 1389 3011 11856 769 3012 11857 1390 3035 11858 1390 3035 11859 769 3012 11860 768 2980 11861 1390 3035 11862 768 2980 11863 1391 2981 11864 1391 2981 11865 768 2980 11866 767 2982 11867 1391 2981 11868 767 2982 11869 1392 3030 11870 1392 3030 11871 767 2982 11872 766 3014 11873 1392 3030 11874 766 3014 11875 1393 3015 11876 1393 3015 11877 766 3014 11878 765 3016 11879 1393 3015 11880 765 3016 11881 1394 3017 11882 1394 3017 11883 765 3016 11884 764 3018 11885 1394 3017 11886 764 3018 11887 1395 3005 11888 1395 3005 11889 764 3018 11890 763 3006 11891 1404 3036 11892 754 3037 11893 1396 3038 11894 1396 3038 11895 754 3037 11896 762 2957 11897 1396 3038 11898 762 2957 11899 1397 3039 11900 1397 3039 11901 762 2957 11902 761 3040 11903 1397 3039 11904 761 3040 11905 1398 3041 11906 1398 3041 11907 761 3040 11908 760 2978 11909 1398 3041 11910 760 2978 11911 1399 3042 11912 1399 3042 11913 760 2978 11914 759 3043 11915 1399 3042 11916 759 3043 11917 1400 3044 11918 1400 3044 11919 759 3043 11920 758 2999 11921 1400 3044 11922 758 2999 11923 1401 3045 11924 1401 3045 11925 758 2999 11926 757 2984 11927 1401 3045 11928 757 2984 11929 1402 3046 11930 1402 3046 11931 757 2984 11932 756 3047 11933 1402 3046 11934 756 3047 11935 1403 3048 11936 1403 3048 11937 756 3047 11938 755 3049 11939 1403 3048 11940 755 3049 11941 1404 3036 11942 1404 3036 11943 755 3049 11944 754 3037 11945 1413 2971 11946 745 2972 11947 1405 2973 11948 1405 2973 11949 745 2972 11950 753 2974 11951 1405 2973 11952 753 2974 11953 1406 2975 11954 1406 2975 11955 753 2974 11956 752 2976 11957 1406 2975 11958 752 2976 11959 1407 2977 11960 1407 2977 11961 752 2976 11962 751 2978 11963 1407 2977 11964 751 2978 11965 1408 3050 11966 1408 3050 11967 751 2978 11968 750 2980 11969 1408 3050 11970 750 2980 11971 1409 2981 11972 1409 2981 11973 750 2980 11974 749 2982 11975 1409 2981 11976 749 2982 11977 1410 3030 11978 1410 3030 11979 749 2982 11980 748 3051 11981 1410 3030 11982 748 3051 11983 1411 2985 11984 1411 2985 11985 748 3051 11986 747 2986 11987 1411 2985 11988 747 2986 11989 1412 2969 11990 1412 2969 11991 747 2986 11992 746 2987 11993 1412 2969 11994 746 2987 11995 1413 2971 11996 1413 2971 11997 746 2987 11998 745 2972 11999 1291 3052 12000 1290 3053 12001 2212 3054 12002 2212 3054 12003 1290 3053 12004 1300 3055 12005 2212 3054 12006 1300 3055 12007 2220 3056 12008 2220 3056 12009 1300 3055 12010 1299 3057 12011 2220 3056 12012 1299 3057 12013 2219 3058 12014 2219 3058 12015 1299 3057 12016 1298 3059 12017 2219 3058 12018 1298 3059 12019 2218 3060 12020 2218 3060 12021 1298 3059 12022 1297 3061 12023 2218 3060 12024 1297 3061 12025 2217 3062 12026 2217 3062 12027 1297 3061 12028 1296 3063 12029 2217 3062 12030 1296 3063 12031 1295 3064 12032 2217 3062 12033 1295 3064 12034 2216 3065 12035 2216 3065 12036 1295 3064 12037 1294 3066 12038 2216 3065 12039 1294 3066 12040 2215 3067 12041 2215 3067 12042 1294 3066 12043 1293 3068 12044 2215 3067 12045 1293 3068 12046 2214 3069 12047 2214 3069 12048 1293 3068 12049 1292 3070 12050 2214 3069 12051 1292 3070 12052 2213 3071 12053 2213 3071 12054 1292 3070 12055 1291 3052 12056 2213 3071 12057 1291 3052 12058 2212 3054 12059 1422 3005 12060 2212 3072 12061 1414 3073 12062 1414 3073 12063 2212 3072 12064 2220 3074 12065 1414 3073 12066 2220 3074 12067 1415 3075 12068 1415 3075 12069 2220 3074 12070 2219 3076 12071 1415 3075 12072 2219 3076 12073 1416 3077 12074 1416 3077 12075 2219 3076 12076 2218 3078 12077 1416 3077 12078 2218 3078 12079 1417 3079 12080 1417 3079 12081 2218 3078 12082 2217 3080 12083 1417 3079 12084 2217 3080 12085 1418 2962 12086 1418 2962 12087 2217 3080 12088 2216 3081 12089 1418 2962 12090 2216 3081 12091 1419 3081 12092 1419 3081 12093 2216 3081 12094 2215 3082 12095 1419 3081 12096 2215 3082 12097 1420 3083 12098 1420 3083 12099 2215 3082 12100 2214 3084 12101 1420 3083 12102 2214 3084 12103 1421 3085 12104 1421 3085 12105 2214 3084 12106 2213 3086 12107 1421 3085 12108 2213 3086 12109 1422 3005 12110 1422 3005 12111 2213 3086 12112 2212 3072 12113 1312 3087 12114 1311 3088 12115 2221 3089 12116 2221 3089 12117 1311 3088 12118 1321 3090 12119 2221 3089 12120 1321 3090 12121 2229 3091 12122 2229 3091 12123 1321 3090 12124 1320 3092 12125 2229 3091 12126 1320 3092 12127 2228 3093 12128 2228 3093 12129 1320 3092 12130 1319 3094 12131 2228 3093 12132 1319 3094 12133 2227 3095 12134 2227 3095 12135 1319 3094 12136 1318 3096 12137 2227 3095 12138 1318 3096 12139 2226 3097 12140 2226 3097 12141 1318 3096 12142 1317 3098 12143 2226 3097 12144 1317 3098 12145 1316 3099 12146 2226 3097 12147 1316 3099 12148 2225 3100 12149 2225 3100 12150 1316 3099 12151 1315 3101 12152 2225 3100 12153 1315 3101 12154 2224 3102 12155 2224 3102 12156 1315 3101 12157 1314 3103 12158 2224 3102 12159 1314 3103 12160 2223 3104 12161 2223 3104 12162 1314 3103 12163 1313 3105 12164 2223 3104 12165 1313 3105 12166 2222 3106 12167 2222 3106 12168 1313 3105 12169 1312 3087 12170 2222 3106 12171 1312 3087 12172 2221 3089 12173 1431 3107 12174 2221 3108 12175 1423 3109 12176 1423 3109 12177 2221 3108 12178 2229 3110 12179 1423 3109 12180 2229 3110 12181 1424 3111 12182 1424 3111 12183 2229 3110 12184 2228 3112 12185 1424 3111 12186 2228 3112 12187 1425 3113 12188 1425 3113 12189 2228 3112 12190 2227 3114 12191 1425 3113 12192 2227 3114 12193 1426 3115 12194 1426 3115 12195 2227 3114 12196 2226 3116 12197 1426 3115 12198 2226 3116 12199 1427 3117 12200 1427 3117 12201 2226 3116 12202 2225 3118 12203 1427 3117 12204 2225 3118 12205 1428 3119 12206 1428 3119 12207 2225 3118 12208 2224 3120 12209 1428 3119 12210 2224 3120 12211 1429 3121 12212 1429 3121 12213 2224 3120 12214 2223 3122 12215 1429 3121 12216 2223 3122 12217 1430 3123 12218 1430 3123 12219 2223 3122 12220 2222 3124 12221 1430 3123 12222 2222 3124 12223 1431 3107 12224 1431 3107 12225 2222 3124 12226 2221 3108 12227 1269 3125 12228 1268 3126 12229 2230 3127 12230 2230 3127 12231 1268 3126 12232 1278 3128 12233 2230 3127 12234 1278 3128 12235 2238 3129 12236 2238 3129 12237 1278 3128 12238 1277 3130 12239 2238 3129 12240 1277 3130 12241 2237 3131 12242 2237 3131 12243 1277 3130 12244 1276 3132 12245 2237 3131 12246 1276 3132 12247 2236 3133 12248 2236 3133 12249 1276 3132 12250 1275 3134 12251 2236 3133 12252 1275 3134 12253 2235 3135 12254 2235 3135 12255 1275 3134 12256 1274 3136 12257 2235 3135 12258 1274 3136 12259 1273 3137 12260 2235 3135 12261 1273 3137 12262 2234 3138 12263 2234 3138 12264 1273 3137 12265 1272 3139 12266 2234 3138 12267 1272 3139 12268 2233 3140 12269 2233 3140 12270 1272 3139 12271 1271 3141 12272 2233 3140 12273 1271 3141 12274 2232 3142 12275 2232 3142 12276 1271 3141 12277 1270 3143 12278 2232 3142 12279 1270 3143 12280 2231 3144 12281 2231 3144 12282 1270 3143 12283 1269 3125 12284 2231 3144 12285 1269 3125 12286 2230 3127 12287 1440 3145 12288 2230 3146 12289 1432 3147 12290 1432 3147 12291 2230 3146 12292 2238 3148 12293 1432 3147 12294 2238 3148 12295 1433 3149 12296 1433 3149 12297 2238 3148 12298 2237 3150 12299 1433 3149 12300 2237 3150 12301 1434 3151 12302 1434 3151 12303 2237 3150 12304 2236 3152 12305 1434 3151 12306 2236 3152 12307 1435 3153 12308 1435 3153 12309 2236 3152 12310 2235 3154 12311 1435 3153 12312 2235 3154 12313 1436 3155 12314 1436 3155 12315 2235 3154 12316 2234 3156 12317 1436 3155 12318 2234 3156 12319 1437 3156 12320 1437 3156 12321 2234 3156 12322 2233 3157 12323 1437 3156 12324 2233 3157 12325 1438 3158 12326 1438 3158 12327 2233 3157 12328 2232 3159 12329 1438 3158 12330 2232 3159 12331 1439 3160 12332 1439 3160 12333 2232 3159 12334 2231 3161 12335 1439 3160 12336 2231 3161 12337 1440 3145 12338 1440 3145 12339 2231 3161 12340 2230 3146 12341 1280 3162 12342 1279 3163 12343 2239 3164 12344 2239 3164 12345 1279 3163 12346 1289 3165 12347 2239 3164 12348 1289 3165 12349 2247 3166 12350 2247 3166 12351 1289 3165 12352 1288 3167 12353 2247 3166 12354 1288 3167 12355 2246 3168 12356 2246 3168 12357 1288 3167 12358 1287 3169 12359 2246 3168 12360 1287 3169 12361 2245 3170 12362 2245 3170 12363 1287 3169 12364 1286 3171 12365 2245 3170 12366 1286 3171 12367 2244 3172 12368 2244 3172 12369 1286 3171 12370 1285 3173 12371 2244 3172 12372 1285 3173 12373 1284 3174 12374 2244 3172 12375 1284 3174 12376 2243 3175 12377 2243 3175 12378 1284 3174 12379 1283 3176 12380 2243 3175 12381 1283 3176 12382 2242 3177 12383 2242 3177 12384 1283 3176 12385 1282 3178 12386 2242 3177 12387 1282 3178 12388 2241 3179 12389 2241 3179 12390 1282 3178 12391 1281 3180 12392 2241 3179 12393 1281 3180 12394 2240 3181 12395 2240 3181 12396 1281 3180 12397 1280 3162 12398 2240 3181 12399 1280 3162 12400 2239 3164 12401 1449 3182 12402 2239 3183 12403 1441 3184 12404 1441 3184 12405 2239 3183 12406 2247 3185 12407 1441 3184 12408 2247 3185 12409 1442 3186 12410 1442 3186 12411 2247 3185 12412 2246 3187 12413 1442 3186 12414 2246 3187 12415 1443 3188 12416 1443 3188 12417 2246 3187 12418 2245 3189 12419 1443 3188 12420 2245 3189 12421 1444 3190 12422 1444 3190 12423 2245 3189 12424 2244 3191 12425 1444 3190 12426 2244 3191 12427 1445 3192 12428 1445 3192 12429 2244 3191 12430 2243 3193 12431 1445 3192 12432 2243 3193 12433 1446 3194 12434 1446 3194 12435 2243 3193 12436 2242 3195 12437 1446 3194 12438 2242 3195 12439 1447 3196 12440 1447 3196 12441 2242 3195 12442 2241 3197 12443 1447 3196 12444 2241 3197 12445 1448 3198 12446 1448 3198 12447 2241 3197 12448 2240 3199 12449 1448 3198 12450 2240 3199 12451 1449 3182 12452 1449 3182 12453 2240 3199 12454 2239 3183 12455 1459 3200 12456 736 3201 12457 1450 3202 12458 1450 3202 12459 736 3201 12460 735 3203 12461 1450 3202 12462 735 3203 12463 1451 3204 12464 1451 3204 12465 735 3203 12466 744 3205 12467 1451 3204 12468 744 3205 12469 1452 3206 12470 1452 3206 12471 744 3205 12472 743 3207 12473 1452 3206 12474 743 3207 12475 1453 3208 12476 1453 3208 12477 743 3207 12478 742 3209 12479 1453 3208 12480 742 3209 12481 1454 3210 12482 1454 3210 12483 742 3209 12484 741 3211 12485 1454 3210 12486 741 3211 12487 1455 3212 12488 1455 3212 12489 741 3211 12490 740 3213 12491 1455 3212 12492 740 3213 12493 1456 3214 12494 1456 3214 12495 740 3213 12496 739 3215 12497 1456 3214 12498 739 3215 12499 1457 3216 12500 1457 3216 12501 739 3215 12502 738 3217 12503 1457 3216 12504 738 3217 12505 1458 3218 12506 1458 3218 12507 738 3217 12508 737 3219 12509 1458 3218 12510 737 3219 12511 1459 3200 12512 1459 3200 12513 737 3219 12514 736 3201 12515 1469 3220 12516 726 3221 12517 1460 3222 12518 1460 3222 12519 726 3221 12520 725 3223 12521 1460 3222 12522 725 3223 12523 1461 3224 12524 1461 3224 12525 725 3223 12526 734 3225 12527 1461 3224 12528 734 3225 12529 1462 3226 12530 1462 3226 12531 734 3225 12532 733 3227 12533 1462 3226 12534 733 3227 12535 1463 3228 12536 1463 3228 12537 733 3227 12538 732 3229 12539 1463 3228 12540 732 3229 12541 1464 3230 12542 1464 3230 12543 732 3229 12544 731 3231 12545 1464 3230 12546 731 3231 12547 1465 3232 12548 1465 3232 12549 731 3231 12550 730 3233 12551 1465 3232 12552 730 3233 12553 1466 3234 12554 1466 3234 12555 730 3233 12556 729 3235 12557 1466 3234 12558 729 3235 12559 1467 3236 12560 1467 3236 12561 729 3235 12562 728 3237 12563 1467 3236 12564 728 3237 12565 1468 3238 12566 1468 3238 12567 728 3237 12568 727 3239 12569 1468 3238 12570 727 3239 12571 1469 3220 12572 1469 3220 12573 727 3239 12574 726 3221 12575 1479 3240 12576 716 3241 12577 1470 3242 12578 1470 3242 12579 716 3241 12580 715 3243 12581 1470 3242 12582 715 3243 12583 1471 3244 12584 1471 3244 12585 715 3243 12586 724 3245 12587 1471 3244 12588 724 3245 12589 1472 3246 12590 1472 3246 12591 724 3245 12592 723 3247 12593 1472 3246 12594 723 3247 12595 1473 3248 12596 1473 3248 12597 723 3247 12598 722 3249 12599 1473 3248 12600 722 3249 12601 1474 3250 12602 1474 3250 12603 722 3249 12604 721 3251 12605 1474 3250 12606 721 3251 12607 1475 3252 12608 1475 3252 12609 721 3251 12610 720 3253 12611 1475 3252 12612 720 3253 12613 1476 3254 12614 1476 3254 12615 720 3253 12616 719 3255 12617 1476 3254 12618 719 3255 12619 1477 3256 12620 1477 3256 12621 719 3255 12622 718 3257 12623 1477 3256 12624 718 3257 12625 1478 3258 12626 1478 3258 12627 718 3257 12628 717 3259 12629 1478 3258 12630 717 3259 12631 1479 3240 12632 1479 3240 12633 717 3259 12634 716 3241 12635 1489 3260 12636 706 3261 12637 1480 3262 12638 1480 3262 12639 706 3261 12640 705 3263 12641 1480 3262 12642 705 3263 12643 1481 3264 12644 1481 3264 12645 705 3263 12646 714 3265 12647 1481 3264 12648 714 3265 12649 1482 3266 12650 1482 3266 12651 714 3265 12652 713 3267 12653 1482 3266 12654 713 3267 12655 1483 3268 12656 1483 3268 12657 713 3267 12658 712 3269 12659 1483 3268 12660 712 3269 12661 1484 3270 12662 1484 3270 12663 712 3269 12664 711 3271 12665 1484 3270 12666 711 3271 12667 1485 3272 12668 1485 3272 12669 711 3271 12670 710 3273 12671 1485 3272 12672 710 3273 12673 1486 3274 12674 1486 3274 12675 710 3273 12676 709 3275 12677 1486 3274 12678 709 3275 12679 1487 3276 12680 1487 3276 12681 709 3275 12682 708 3277 12683 1487 3276 12684 708 3277 12685 1488 3278 12686 1488 3278 12687 708 3277 12688 707 3279 12689 1488 3278 12690 707 3279 12691 1489 3260 12692 1489 3260 12693 707 3279 12694 706 3261 12695 1529 3280 12696 696 3281 12697 1520 3282 12698 1520 3282 12699 696 3281 12700 695 3283 12701 1520 3282 12702 695 3283 12703 1521 3284 12704 1521 3284 12705 695 3283 12706 704 3255 12707 1521 3284 12708 704 3255 12709 1522 3285 12710 1522 3285 12711 704 3255 12712 703 3206 12713 1522 3285 12714 703 3206 12715 1523 3286 12716 1523 3286 12717 703 3206 12718 702 3287 12719 1523 3286 12720 702 3287 12721 1524 3288 12722 1524 3288 12723 702 3287 12724 701 3289 12725 1524 3288 12726 701 3289 12727 1525 3290 12728 1525 3290 12729 701 3289 12730 700 3291 12731 1525 3290 12732 700 3291 12733 1526 3292 12734 1526 3292 12735 700 3291 12736 699 3293 12737 1526 3292 12738 699 3293 12739 1527 3294 12740 1527 3294 12741 699 3293 12742 698 3295 12743 1527 3294 12744 698 3295 12745 1528 3296 12746 1528 3296 12747 698 3295 12748 697 3297 12749 1528 3296 12750 697 3297 12751 1529 3280 12752 1529 3280 12753 697 3297 12754 696 3281 12755 1519 3298 12756 686 3299 12757 1510 3300 12758 1510 3300 12759 686 3299 12760 685 3301 12761 1510 3300 12762 685 3301 12763 1511 3302 12764 1511 3302 12765 685 3301 12766 694 3303 12767 1511 3302 12768 694 3303 12769 1512 3304 12770 1512 3304 12771 694 3303 12772 693 3305 12773 1512 3304 12774 693 3305 12775 1513 3306 12776 1513 3306 12777 693 3305 12778 692 3307 12779 1513 3306 12780 692 3307 12781 1514 3308 12782 1514 3308 12783 692 3307 12784 691 3309 12785 1514 3308 12786 691 3309 12787 1515 3310 12788 1515 3310 12789 691 3309 12790 690 3311 12791 1515 3310 12792 690 3311 12793 1516 3312 12794 1516 3312 12795 690 3311 12796 689 3215 12797 1516 3312 12798 689 3215 12799 1517 3313 12800 1517 3313 12801 689 3215 12802 688 3246 12803 1517 3313 12804 688 3246 12805 1518 3314 12806 1518 3314 12807 688 3246 12808 687 3315 12809 1518 3314 12810 687 3315 12811 1519 3298 12812 1519 3298 12813 687 3315 12814 686 3299 12815 1509 3280 12816 676 3281 12817 1500 3282 12818 1500 3282 12819 676 3281 12820 675 3283 12821 1500 3282 12822 675 3283 12823 1501 3284 12824 1501 3284 12825 675 3283 12826 684 3255 12827 1501 3284 12828 684 3255 12829 1502 3285 12830 1502 3285 12831 684 3255 12832 683 3206 12833 1502 3285 12834 683 3206 12835 1503 3286 12836 1503 3286 12837 683 3206 12838 682 3287 12839 1503 3286 12840 682 3287 12841 1504 3288 12842 1504 3288 12843 682 3287 12844 681 3289 12845 1504 3288 12846 681 3289 12847 1505 3290 12848 1505 3290 12849 681 3289 12850 680 3291 12851 1505 3290 12852 680 3291 12853 1506 3292 12854 1506 3292 12855 680 3291 12856 679 3293 12857 1506 3292 12858 679 3293 12859 1507 3294 12860 1507 3294 12861 679 3293 12862 678 3295 12863 1507 3294 12864 678 3295 12865 1508 3296 12866 1508 3296 12867 678 3295 12868 677 3297 12869 1508 3296 12870 677 3297 12871 1509 3280 12872 1509 3280 12873 677 3297 12874 676 3281 12875 1499 3298 12876 666 3299 12877 1490 3300 12878 1490 3300 12879 666 3299 12880 665 3301 12881 1490 3300 12882 665 3301 12883 1491 3302 12884 1491 3302 12885 665 3301 12886 674 3303 12887 1491 3302 12888 674 3303 12889 1492 3304 12890 1492 3304 12891 674 3303 12892 673 3305 12893 1492 3304 12894 673 3305 12895 1493 3306 12896 1493 3306 12897 673 3305 12898 672 3307 12899 1493 3306 12900 672 3307 12901 1494 3308 12902 1494 3308 12903 672 3307 12904 671 3309 12905 1494 3308 12906 671 3309 12907 1495 3310 12908 1495 3310 12909 671 3309 12910 670 3311 12911 1495 3310 12912 670 3311 12913 1496 3312 12914 1496 3312 12915 670 3311 12916 669 3215 12917 1496 3312 12918 669 3215 12919 1497 3313 12920 1497 3313 12921 669 3215 12922 668 3246 12923 1497 3313 12924 668 3246 12925 1498 3314 12926 1498 3314 12927 668 3246 12928 667 3315 12929 1498 3314 12930 667 3315 12931 1499 3298 12932 1499 3298 12933 667 3315 12934 666 3299 12935 650 3316 12936 649 3317 12937 1542 3318 12938 1542 3318 12939 649 3317 12940 1543 3319 12941 653 3320 12942 652 3321 12943 1539 3322 12944 1539 3322 12945 652 3321 12946 1540 3323 12947 1540 3323 12948 652 3321 12949 651 3324 12950 1540 3323 12951 651 3324 12952 1541 3325 12953 1541 3325 12954 651 3324 12955 650 3316 12956 1541 3325 12957 650 3316 12958 1542 3318 12959 1539 3322 12960 1538 3326 12961 653 3320 12962 653 3320 12963 1538 3326 12964 654 3327 12965 657 3328 12966 656 2978 12967 1535 3329 12968 1535 3329 12969 656 2978 12970 1536 3330 12971 1536 3330 12972 656 2978 12973 655 3331 12974 1536 3330 12975 655 3331 12976 1537 3332 12977 1537 3332 12978 655 3331 12979 654 3327 12980 1537 3332 12981 654 3327 12982 1538 3326 12983 658 3333 12984 657 3328 12985 1534 3334 12986 1534 3334 12987 657 3328 12988 1535 3329 12989 661 3335 12990 660 3336 12991 1531 3337 12992 1531 3337 12993 660 3336 12994 1532 3338 12995 1532 3338 12996 660 3336 12997 659 3339 12998 1532 3338 12999 659 3339 13000 1533 3340 13001 1533 3340 13002 659 3339 13003 658 3333 13004 1533 3340 13005 658 3333 13006 1534 3334 13007 662 3341 13008 661 3335 13009 1530 3342 13010 1530 3342 13011 661 3335 13012 1531 3337 13013 649 3317 13014 664 3343 13015 1543 3319 13016 1543 3319 13017 664 3343 13018 1544 3344 13019 1544 3344 13020 664 3343 13021 663 3345 13022 1544 3344 13023 663 3345 13024 1545 3346 13025 1545 3346 13026 663 3345 13027 662 3341 13028 1545 3346 13029 662 3341 13030 1530 3342 13031 1559 3347 13032 1558 3348 13033 633 3349 13034 633 3349 13035 1558 3348 13036 634 3350 13037 633 3349 13038 648 3351 13039 1559 3347 13040 1559 3347 13041 648 3351 13042 1560 3352 13043 1560 3352 13044 648 3351 13045 647 3324 13046 1560 3352 13047 647 3324 13048 1561 3325 13049 1561 3325 13050 647 3324 13051 646 3316 13052 1561 3325 13053 646 3316 13054 1546 3318 13055 646 3316 13056 645 3317 13057 1546 3318 13058 1546 3318 13059 645 3317 13060 1547 3319 13061 645 3317 13062 644 3343 13063 1547 3319 13064 1547 3319 13065 644 3343 13066 1548 3344 13067 1548 3344 13068 644 3343 13069 643 3353 13070 1548 3344 13071 643 3353 13072 1549 3354 13073 1549 3354 13074 643 3353 13075 642 3355 13076 1549 3354 13077 642 3355 13078 1550 3356 13079 642 3355 13080 641 3357 13081 1550 3356 13082 1550 3356 13083 641 3357 13084 1551 3358 13085 641 3357 13086 640 3359 13087 1551 3358 13088 1551 3358 13089 640 3359 13090 1552 3360 13091 1552 3360 13092 640 3359 13093 639 3339 13094 1552 3360 13095 639 3339 13096 1553 3340 13097 1553 3340 13098 639 3339 13099 638 3333 13100 1553 3340 13101 638 3333 13102 1554 3334 13103 638 3333 13104 637 3328 13105 1554 3334 13106 1554 3334 13107 637 3328 13108 1555 3329 13109 637 3328 13110 636 2978 13111 1555 3329 13112 1555 3329 13113 636 2978 13114 1556 3330 13115 1556 3330 13116 636 2978 13117 635 3361 13118 1556 3330 13119 635 3361 13120 1557 3362 13121 1557 3362 13122 635 3361 13123 634 3350 13124 1557 3362 13125 634 3350 13126 1558 3348 13127 1571 3363 13128 624 3364 13129 1562 3365 13130 1562 3365 13131 624 3364 13132 623 3366 13133 1562 3365 13134 623 3366 13135 1563 3367 13136 1563 3367 13137 623 3366 13138 632 3368 13139 1563 3367 13140 632 3368 13141 1564 3369 13142 1564 3369 13143 632 3368 13144 631 3370 13145 1564 3369 13146 631 3370 13147 1565 3371 13148 1565 3371 13149 631 3370 13150 630 3372 13151 1565 3371 13152 630 3372 13153 1566 3373 13154 1566 3373 13155 630 3372 13156 629 3374 13157 1566 3373 13158 629 3374 13159 1567 3290 13160 1567 3290 13161 629 3374 13162 628 3291 13163 1567 3290 13164 628 3291 13165 1568 3375 13166 1568 3375 13167 628 3291 13168 627 3376 13169 1568 3375 13170 627 3376 13171 1569 3377 13172 1569 3377 13173 627 3376 13174 626 3378 13175 1569 3377 13176 626 3378 13177 1570 3379 13178 1570 3379 13179 626 3378 13180 625 3380 13181 1570 3379 13182 625 3380 13183 1571 3363 13184 1571 3363 13185 625 3380 13186 624 3364 13187 1581 3381 13188 614 3382 13189 1572 3383 13190 1572 3383 13191 614 3382 13192 613 3384 13193 1572 3383 13194 613 3384 13195 1573 3385 13196 1573 3385 13197 613 3384 13198 622 3386 13199 1573 3385 13200 622 3386 13201 1574 3387 13202 1574 3387 13203 622 3386 13204 621 3388 13205 1574 3387 13206 621 3388 13207 1575 3389 13208 1575 3389 13209 621 3388 13210 620 3390 13211 1575 3389 13212 620 3390 13213 1576 3391 13214 1576 3391 13215 620 3390 13216 619 3309 13217 1576 3391 13218 619 3309 13219 1577 3310 13220 1577 3310 13221 619 3309 13222 618 3311 13223 1577 3310 13224 618 3311 13225 1578 3392 13226 1578 3392 13227 618 3311 13228 617 3393 13229 1578 3392 13230 617 3393 13231 1579 3394 13232 1579 3394 13233 617 3393 13234 616 3395 13235 1579 3394 13236 616 3395 13237 1580 3396 13238 1580 3396 13239 616 3395 13240 615 3249 13241 1580 3396 13242 615 3249 13243 1581 3381 13244 1581 3381 13245 615 3249 13246 614 3382 13247 1591 3364 13248 604 3397 13249 1582 3300 13250 1582 3300 13251 604 3397 13252 603 3301 13253 1582 3300 13254 603 3301 13255 1583 3398 13256 1583 3398 13257 603 3301 13258 612 3399 13259 1583 3398 13260 612 3399 13261 1584 3400 13262 1584 3400 13263 612 3399 13264 611 3388 13265 1584 3400 13266 611 3388 13267 1585 3401 13268 1585 3401 13269 611 3388 13270 610 3402 13271 1585 3401 13272 610 3402 13273 1586 3403 13274 1586 3403 13275 610 3402 13276 609 3373 13277 1586 3403 13278 609 3373 13279 1587 3404 13280 1587 3404 13281 609 3373 13282 608 3405 13283 1587 3404 13284 608 3405 13285 1588 3406 13286 1588 3406 13287 608 3405 13288 607 3407 13289 1588 3406 13290 607 3407 13291 1589 3408 13292 1589 3408 13293 607 3407 13294 606 3395 13295 1589 3408 13296 606 3395 13297 1590 3409 13298 1590 3409 13299 606 3395 13300 605 3410 13301 1590 3409 13302 605 3410 13303 1591 3364 13304 1591 3364 13305 605 3410 13306 604 3397 13307 1601 3411 13308 594 3281 13309 1592 3282 13310 1592 3282 13311 594 3281 13312 593 3283 13313 1592 3282 13314 593 3283 13315 1593 3412 13316 1593 3412 13317 593 3283 13318 602 3413 13319 1593 3412 13320 602 3413 13321 1594 3414 13322 1594 3414 13323 602 3413 13324 601 3370 13325 1594 3414 13326 601 3370 13327 1595 3415 13328 1595 3415 13329 601 3370 13330 600 3209 13331 1595 3415 13332 600 3209 13333 1596 3416 13334 1596 3416 13335 600 3209 13336 599 3417 13337 1596 3416 13338 599 3417 13339 1597 3418 13340 1597 3418 13341 599 3417 13342 598 3419 13343 1597 3418 13344 598 3419 13345 1598 3420 13346 1598 3420 13347 598 3419 13348 597 3421 13349 1598 3420 13350 597 3421 13351 1599 3422 13352 1599 3422 13353 597 3421 13354 596 3378 13355 1599 3422 13356 596 3378 13357 1600 3423 13358 1600 3423 13359 596 3378 13360 595 3424 13361 1600 3423 13362 595 3424 13363 1601 3411 13364 1601 3411 13365 595 3424 13366 594 3281 13367 1719 3425 13368 1835 3426 13369 1711 3427 13370 1711 3427 13371 1835 3426 13372 1843 3428 13373 1711 3427 13374 1843 3428 13375 1712 3429 13376 1712 3429 13377 1843 3428 13378 1842 3430 13379 1712 3429 13380 1842 3430 13381 1713 3431 13382 1713 3431 13383 1842 3430 13384 1841 3432 13385 1713 3431 13386 1841 3432 13387 1714 3433 13388 1714 3433 13389 1841 3432 13390 1840 3434 13391 1714 3433 13392 1840 3434 13393 1715 3435 13394 1715 3435 13395 1840 3434 13396 1839 3436 13397 1715 3435 13398 1839 3436 13399 1716 3437 13400 1716 3437 13401 1839 3436 13402 1838 3438 13403 1716 3437 13404 1838 3438 13405 1717 3439 13406 1717 3439 13407 1838 3438 13408 1837 3440 13409 1717 3439 13410 1837 3440 13411 1718 3441 13412 1718 3441 13413 1837 3440 13414 1836 3442 13415 1718 3441 13416 1836 3442 13417 1719 3425 13418 1719 3425 13419 1836 3442 13420 1835 3426 13421 2031 3443 13422 2146 3444 13423 2023 3445 13424 2023 3445 13425 2146 3444 13426 2145 3446 13427 2023 3445 13428 2145 3446 13429 2024 3447 13430 2024 3447 13431 2145 3446 13432 2153 3448 13433 2024 3447 13434 2153 3448 13435 2025 3449 13436 2025 3449 13437 2153 3448 13438 2152 3450 13439 2025 3449 13440 2152 3450 13441 2026 3451 13442 2026 3451 13443 2152 3450 13444 2151 3452 13445 2026 3451 13446 2151 3452 13447 2027 3453 13448 2027 3453 13449 2151 3452 13450 2150 3454 13451 2027 3453 13452 2150 3454 13453 2028 3455 13454 2028 3455 13455 2150 3454 13456 2149 3456 13457 2028 3455 13458 2149 3456 13459 2029 2910 13460 2029 2910 13461 2149 3456 13462 2148 3457 13463 2029 2910 13464 2148 3457 13465 2030 3458 13466 2030 3458 13467 2148 3457 13468 2147 3459 13469 2030 3458 13470 2147 3459 13471 2031 3443 13472 2031 3443 13473 2147 3459 13474 2146 3444 13475 1728 3460 13476 1844 3461 13477 1720 3462 13478 1720 3462 13479 1844 3461 13480 1852 3463 13481 1720 3462 13482 1852 3463 13483 1721 3464 13484 1721 3464 13485 1852 3463 13486 1851 3465 13487 1721 3464 13488 1851 3465 13489 1722 3466 13490 1722 3466 13491 1851 3465 13492 1850 3467 13493 1722 3466 13494 1850 3467 13495 1723 3468 13496 1723 3468 13497 1850 3467 13498 1849 3469 13499 1723 3468 13500 1849 3469 13501 1724 3470 13502 1724 3470 13503 1849 3469 13504 1848 3471 13505 1724 3470 13506 1848 3471 13507 1725 3472 13508 1725 3472 13509 1848 3471 13510 1847 3473 13511 1725 3472 13512 1847 3473 13513 1726 3474 13514 1726 3474 13515 1847 3473 13516 1846 3475 13517 1726 3474 13518 1846 3475 13519 1727 3476 13520 1727 3476 13521 1846 3475 13522 1845 3477 13523 1727 3476 13524 1845 3477 13525 1728 3460 13526 1728 3460 13527 1845 3477 13528 1844 3461 13529 2040 3478 13530 2155 3479 13531 2032 3480 13532 2032 3480 13533 2155 3479 13534 2154 3481 13535 2032 3480 13536 2154 3481 13537 2033 3482 13538 2033 3482 13539 2154 3481 13540 2162 3483 13541 2033 3482 13542 2162 3483 13543 2034 3484 13544 2034 3484 13545 2162 3483 13546 2161 3485 13547 2034 3484 13548 2161 3485 13549 2035 3486 13550 2035 3486 13551 2161 3485 13552 2160 3487 13553 2035 3486 13554 2160 3487 13555 2036 3488 13556 2036 3488 13557 2160 3487 13558 2159 3489 13559 2036 3488 13560 2159 3489 13561 2037 3490 13562 2037 3490 13563 2159 3489 13564 2158 3491 13565 2037 3490 13566 2158 3491 13567 2038 3492 13568 2038 3492 13569 2158 3491 13570 2157 3492 13571 2038 3492 13572 2157 3492 13573 2039 3493 13574 2039 3493 13575 2157 3492 13576 2156 3494 13577 2039 3493 13578 2156 3494 13579 2040 3478 13580 2040 3478 13581 2156 3494 13582 2155 3479 13583 1737 3495 13584 1853 3496 13585 1729 3497 13586 1729 3497 13587 1853 3496 13588 1861 3498 13589 1729 3497 13590 1861 3498 13591 1730 3499 13592 1730 3499 13593 1861 3498 13594 1860 3500 13595 1730 3499 13596 1860 3500 13597 1731 3501 13598 1731 3501 13599 1860 3500 13600 1859 3502 13601 1731 3501 13602 1859 3502 13603 1732 3503 13604 1732 3503 13605 1859 3502 13606 1858 3504 13607 1732 3503 13608 1858 3504 13609 1733 3505 13610 1733 3505 13611 1858 3504 13612 1857 3506 13613 1733 3505 13614 1857 3506 13615 1734 3507 13616 1734 3507 13617 1857 3506 13618 1856 3508 13619 1734 3507 13620 1856 3508 13621 1735 3509 13622 1735 3509 13623 1856 3508 13624 1855 3510 13625 1735 3509 13626 1855 3510 13627 1736 3511 13628 1736 3511 13629 1855 3510 13630 1854 3512 13631 1736 3511 13632 1854 3512 13633 1737 3495 13634 1737 3495 13635 1854 3512 13636 1853 3496 13637 2049 3513 13638 2164 3514 13639 2041 3515 13640 2041 3515 13641 2164 3514 13642 2163 3516 13643 2041 3515 13644 2163 3516 13645 2042 3482 13646 2042 3482 13647 2163 3516 13648 2171 3517 13649 2042 3482 13650 2171 3517 13651 2043 3518 13652 2043 3518 13653 2171 3517 13654 2170 3519 13655 2043 3518 13656 2170 3519 13657 2044 3520 13658 2044 3520 13659 2170 3519 13660 2169 2334 13661 2044 3520 13662 2169 2334 13663 2045 3521 13664 2045 3521 13665 2169 2334 13666 2168 3522 13667 2045 3521 13668 2168 3522 13669 2046 3523 13670 2046 3523 13671 2168 3522 13672 2167 3524 13673 2046 3523 13674 2167 3524 13675 2047 3525 13676 2047 3525 13677 2167 3524 13678 2166 3526 13679 2047 3525 13680 2166 3526 13681 2048 3527 13682 2048 3527 13683 2166 3526 13684 2165 3528 13685 2048 3527 13686 2165 3528 13687 2049 3513 13688 2049 3513 13689 2165 3528 13690 2164 3514 13691 1746 3529 13692 1862 3530 13693 1738 3531 13694 1738 3531 13695 1862 3530 13696 1870 3532 13697 1738 3531 13698 1870 3532 13699 1739 3533 13700 1739 3533 13701 1870 3532 13702 1869 3534 13703 1739 3533 13704 1869 3534 13705 1740 3535 13706 1740 3535 13707 1869 3534 13708 1868 3536 13709 1740 3535 13710 1868 3536 13711 1741 2492 13712 1741 2492 13713 1868 3536 13714 1867 3469 13715 1741 2492 13716 1867 3469 13717 1742 3470 13718 1742 3470 13719 1867 3469 13720 1866 3471 13721 1742 3470 13722 1866 3471 13723 1743 3472 13724 1743 3472 13725 1866 3471 13726 1865 3537 13727 1743 3472 13728 1865 3537 13729 1744 3438 13730 1744 3438 13731 1865 3537 13732 1864 3538 13733 1744 3438 13734 1864 3538 13735 1745 3539 13736 1745 3539 13737 1864 3538 13738 1863 3540 13739 1745 3539 13740 1863 3540 13741 1746 3529 13742 1746 3529 13743 1863 3540 13744 1862 3530 13745 2058 3541 13746 2173 3542 13747 2050 3480 13748 2050 3480 13749 2173 3542 13750 2172 3481 13751 2050 3480 13752 2172 3481 13753 2051 3543 13754 2051 3543 13755 2172 3481 13756 2180 3544 13757 2051 3543 13758 2180 3544 13759 2052 3545 13760 2052 3545 13761 2180 3544 13762 2179 3546 13763 2052 3545 13764 2179 3546 13765 2053 3547 13766 2053 3547 13767 2179 3546 13768 2178 3547 13769 2053 3547 13770 2178 3547 13771 2054 3488 13772 2054 3488 13773 2178 3547 13774 2177 3489 13775 2054 3488 13776 2177 3489 13777 2055 3490 13778 2055 3490 13779 2177 3489 13780 2176 3491 13781 2055 3490 13782 2176 3491 13783 2056 3548 13784 2056 3548 13785 2176 3491 13786 2175 3549 13787 2056 3548 13788 2175 3549 13789 2057 3550 13790 2057 3550 13791 2175 3549 13792 2174 3551 13793 2057 3550 13794 2174 3551 13795 2058 3541 13796 2058 3541 13797 2174 3551 13798 2173 3542 13799 1755 3552 13800 1871 3553 13801 1747 3554 13802 1747 3554 13803 1871 3553 13804 1879 3555 13805 1747 3554 13806 1879 3555 13807 1748 3556 13808 1748 3556 13809 1879 3555 13810 1878 3557 13811 1748 3556 13812 1878 3557 13813 1749 3558 13814 1749 3558 13815 1878 3557 13816 1877 3432 13817 1749 3558 13818 1877 3432 13819 1750 3559 13820 1750 3559 13821 1877 3432 13822 1876 3560 13823 1750 3559 13824 1876 3560 13825 1751 3561 13826 1751 3561 13827 1876 3560 13828 1875 3436 13829 1751 3561 13830 1875 3436 13831 1752 3562 13832 1752 3562 13833 1875 3436 13834 1874 3563 13835 1752 3562 13836 1874 3563 13837 1753 3564 13838 1753 3564 13839 1874 3563 13840 1873 3440 13841 1753 3564 13842 1873 3440 13843 1754 3565 13844 1754 3565 13845 1873 3440 13846 1872 3566 13847 1754 3565 13848 1872 3566 13849 1755 3552 13850 1755 3552 13851 1872 3566 13852 1871 3553 13853 2067 3567 13854 2182 3513 13855 2059 3568 13856 2059 3568 13857 2182 3513 13858 2181 3569 13859 2059 3568 13860 2181 3569 13861 2060 3570 13862 2060 3570 13863 2181 3569 13864 2189 3571 13865 2060 3570 13866 2189 3571 13867 2061 3572 13868 2061 3572 13869 2189 3571 13870 2188 3450 13871 2061 3572 13872 2188 3450 13873 2062 3452 13874 2062 3452 13875 2188 3450 13876 2187 3573 13877 2062 3452 13878 2187 3573 13879 2063 3574 13880 2063 3574 13881 2187 3573 13882 2186 3454 13883 2063 3574 13884 2186 3454 13885 2064 3575 13886 2064 3575 13887 2186 3454 13888 2185 3576 13889 2064 3575 13890 2185 3576 13891 2065 3577 13892 2065 3577 13893 2185 3576 13894 2184 3457 13895 2065 3577 13896 2184 3457 13897 2066 3578 13898 2066 3578 13899 2184 3457 13900 2183 3579 13901 2066 3578 13902 2183 3579 13903 2067 3567 13904 2067 3567 13905 2183 3579 13906 2182 3513 13907</p>
        </polylist>
        <polylist material="__105_229_888-MoveIt-60-TCP-04-material" count="1758">
          <input semantic="VERTEX" source="#Untitled_015-mesh-vertices" offset="0"/>
          <input semantic="NORMAL" source="#Untitled_015-mesh-normals" offset="1"/>
          <input semantic="TEXCOORD" source="#Untitled_015-mesh-map-0" offset="2" set="0"/>
          <vcount>3 3 3 3 3 3 3 3 3 3 3 3 3 3 3 3 3 3 3 3 3 3 3 3 3 3 3 3 3 3 3 3 3 3 3 3 3 3 3 3 3 3 3 3 3 3 3 3 3 3 3 3 3 3 3 3 3 3 3 3 3 3 3 3 3 3 3 3 3 3 3 3 3 3 3 3 3 3 3 3 3 3 3 3 3 3 3 3 3 3 3 3 3 3 3 3 3 3 3 3 3 3 3 3 3 3 3 3 3 3 3 3 3 3 3 3 3 3 3 3 3 3 3 3 3 3 3 3 3 3 3 3 3 3 3 3 3 3 3 3 3 3 3 3 3 3 3 3 3 3 3 3 3 3 3 3 3 3 3 3 3 3 3 3 3 3 3 3 3 3 3 3 3 3 3 3 3 3 3 3 3 3 3 3 3 3 3 3 3 3 3 3 3 3 3 3 3 3 3 3 3 3 3 3 3 3 3 3 3 3 3 3 3 3 3 3 3 3 3 3 3 3 3 3 3 3 3 3 3 3 3 3 3 3 3 3 3 3 3 3 3 3 3 3 3 3 3 3 3 3 3 3 3 3 3 3 3 3 3 3 3 3 3 3 3 3 3 3 3 3 3 3 3 3 3 3 3 3 3 3 3 3 3 3 3 3 3 3 3 3 3 3 3 3 3 3 3 3 3 3 3 3 3 3 3 3 3 3 3 3 3 3 3 3 3 3 3 3 3 3 3 3 3 3 3 3 3 3 3 3 3 3 3 3 3 3 3 3 3 3 3 3 3 3 3 3 3 3 3 3 3 3 3 3 3 3 3 3 3 3 3 3 3 3 3 3 3 3 3 3 3 3 3 3 3 3 3 3 3 3 3 3 3 3 3 3 3 3 3 3 3 3 3 3 3 3 3 3 3 3 3 3 3 3 3 3 3 3 3 3 3 3 3 3 3 3 3 3 3 3 3 3 3 3 3 3 3 3 3 3 3 3 3 3 3 3 3 3 3 3 3 3 3 3 3 3 3 3 3 3 3 3 3 3 3 3 3 3 3 3 3 3 3 3 3 3 3 3 3 3 3 3 3 3 3 3 3 3 3 3 3 3 3 3 3 3 3 3 3 3 3 3 3 3 3 3 3 3 3 3 3 3 3 3 3 3 3 3 3 3 3 3 3 3 3 3 3 3 3 3 3 3 3 3 3 3 3 3 3 3 3 3 3 3 3 3 3 3 3 3 3 3 3 3 3 3 3 3 3 3 3 3 3 3 3 3 3 3 3 3 3 3 3 3 3 3 3 3 3 3 3 3 3 3 3 3 3 3 3 3 3 3 3 3 3 3 3 3 3 3 3 3 3 3 3 3 3 3 3 3 3 3 3 3 3 3 3 3 3 3 3 3 3 3 3 3 3 3 3 3 3 3 3 3 3 3 3 3 3 3 3 3 3 3 3 3 3 3 3 3 3 3 3 3 3 3 3 3 3 3 3 3 3 3 3 3 3 3 3 3 3 3 3 3 3 3 3 3 3 3 3 3 3 3 3 3 3 3 3 3 3 3 3 3 3 3 3 3 3 3 3 3 3 3 3 3 3 3 3 3 3 3 3 3 3 3 3 3 3 3 3 3 3 3 3 3 3 3 3 3 3 3 3 3 3 3 3 3 3 3 3 3 3 3 3 3 3 3 3 3 3 3 3 3 3 3 3 3 3 3 3 3 3 3 3 3 3 3 3 3 3 3 3 3 3 3 3 3 3 3 3 3 3 3 3 3 3 3 3 3 3 3 3 3 3 3 3 3 3 3 3 3 3 3 3 3 3 3 3 3 3 3 3 3 3 3 3 3 3 3 3 3 3 3 3 3 3 3 3 3 3 3 3 3 3 3 3 3 3 3 3 3 3 3 3 3 3 3 3 3 3 3 3 3 3 3 3 3 3 3 3 3 3 3 3 3 3 3 3 3 3 3 3 3 3 3 3 3 3 3 3 3 3 3 3 3 3 3 3 3 3 3 3 3 3 3 3 3 3 3 3 3 3 3 3 3 3 3 3 3 3 3 3 3 3 3 3 3 3 3 3 3 3 3 3 3 3 3 3 3 3 3 3 3 3 3 3 3 3 3 3 3 3 3 3 3 3 3 3 3 3 3 3 3 3 3 3 3 3 3 3 3 3 3 3 3 3 3 3 3 3 3 3 3 3 3 3 3 3 3 3 3 3 3 3 3 3 3 3 3 3 3 3 3 3 3 3 3 3 3 3 3 3 3 3 3 3 3 3 3 3 3 3 3 3 3 3 3 3 3 3 3 3 3 3 3 3 3 3 3 3 3 3 3 3 3 3 3 3 3 3 3 3 3 3 3 3 3 3 3 3 3 3 3 3 3 3 3 3 3 3 3 3 3 3 3 3 3 3 3 3 3 3 3 3 3 3 3 3 3 3 3 3 3 3 3 3 3 3 3 3 3 3 3 3 3 3 3 3 3 3 3 3 3 3 3 3 3 3 3 3 3 3 3 3 3 3 3 3 3 3 3 3 3 3 3 3 3 3 3 3 3 3 3 3 3 3 3 3 3 3 3 3 3 3 3 3 3 3 3 3 3 3 3 3 3 3 3 3 3 3 3 3 3 3 3 3 3 3 3 3 3 3 3 3 3 3 3 3 3 3 3 3 3 3 3 3 3 3 3 3 3 3 3 3 3 3 3 3 3 3 3 3 3 3 3 3 3 3 3 3 3 3 3 3 3 3 3 3 3 3 3 3 3 3 3 3 3 3 3 3 3 3 3 3 3 3 3 3 3 3 3 3 3 3 3 3 3 3 3 3 3 3 3 3 3 3 3 3 3 3 3 3 3 3 3 3 3 3 3 3 3 3 3 3 3 3 3 3 3 3 3 3 3 3 3 3 3 3 3 3 3 3 3 3 3 3 3 3 3 3 3 3 3 3 3 3 3 3 3 3 3 3 3 3 3 3 3 3 3 3 3 3 3 3 3 3 3 3 3 3 3 3 3 3 3 3 3 3 3 3 3 3 3 3 3 3 3 3 3 3 3 3 3 3 3 3 3 3 3 3 3 3 3 3 3 3 3 3 3 3 3 3 3 3 3 3 3 3 3 3 3 3 3 3 3 3 3 3 3 3 3 3 3 3 3 3 3 3 3 3 3 3 3 3 3 3 3 3 3 3 3 3 3 3 3 3 3 3 3 3 3 3 3 3 3 3 3 3 3 3 3 3 3 3 3 3 3 3 3 3 3 3 3 3 3 3 3 3 3 3 3 3 3 3 3 3 3 3 3 3 3 3 3 3 3 3 3 3 3 3 3 3 3 3 3 3 3 3 3 3 3 3 3 3 3 3 3 3 3 3 3 3 3 3 3 3 3 3 3 3 3 3 3 3 3 3 3 3 3 3 3 3 3 3 3 3 3 3 3 3 3 3 3 3 3 3 3 3 3 3 3 3 3 3 3 3 3 3 3 3 3 3 3 3 3 3 3 3 3 3 3 3 3 3 3 3 3 3 3 3 3 3 3 3 3 3 3 3 3 3 3 3 3 3 3 3 3 3 3 3 3 3 3 3 3 3 3 3 3 3 3 3 3 3 3 3 3 3 3 3 3 3 3 3 3 3 3 3 3 3 3 3 3 3 3 3 3 3 3 3 3 3 3 3 3 3 3 3 3 3 3 3 3 3 3 3 3 3 3 3 3 3 3 3 3 3 3 3 3 3 3 3 3 3 3 3 3 3 3 3 3 3 3 3 3 3 3 3 3 3 3 3 3 3 3 3 3 3 3 3 3 3 3 3 3 3 3 3 3 3 3 3 3 3 3 3 3 3 3 3 3 3 3 3 3 3 3 3 3 3 3 3 3 3 3 3 3 3 3 3 3 3 3 3 3 3 3 3 3 3 3 3 3 3 3 3 3 3 3 3 3 3 3 3 3 3 3 3 3 3 3 3 3 3 3 3 3 3 3 3 3 3 3 3 3 3 3 </vcount>
          <p>37 36 108 1 37 109 36 38 110 36 38 111 1 37 112 0 39 113 36 38 114 0 39 115 53 40 116 53 40 117 0 39 118 17 41 119 53 40 120 17 41 121 52 42 122 52 42 123 17 41 124 16 43 125 52 42 126 16 43 127 51 44 128 51 44 129 16 43 130 15 45 131 51 44 132 15 45 133 50 46 134 50 46 135 15 45 136 14 47 137 50 46 138 14 47 139 49 48 140 49 48 141 14 47 142 13 49 143 49 48 144 13 49 145 48 50 146 48 50 147 13 49 148 12 51 149 48 50 150 12 51 151 47 52 152 47 52 153 12 51 154 11 53 155 47 52 156 11 53 157 46 54 158 46 54 159 11 53 160 10 55 161 46 54 162 10 55 163 45 56 164 45 56 165 10 55 166 9 57 167 45 56 168 9 57 169 44 58 170 44 58 171 9 57 172 8 59 173 44 58 174 8 59 175 43 60 176 43 60 177 8 59 178 7 61 179 43 60 180 7 61 181 42 62 182 42 62 183 7 61 184 6 63 185 42 62 186 6 63 187 41 64 188 41 64 189 6 63 190 5 65 191 41 64 192 5 65 193 40 66 194 40 66 195 5 65 196 4 67 197 40 66 198 4 67 199 39 68 200 39 68 201 4 67 202 3 69 203 39 68 204 3 69 205 38 70 206 38 70 207 3 69 208 2 71 209 38 70 210 2 71 211 37 36 212 37 36 213 2 71 214 1 37 215 35 72 216 41 72 217 18 72 218 18 72 219 41 72 220 40 72 221 18 72 222 40 72 223 19 73 224 19 73 225 40 72 226 39 74 227 19 73 228 39 74 229 20 75 230 20 75 231 39 74 232 38 76 233 20 75 234 38 76 235 21 77 236 21 77 237 38 76 238 37 78 239 21 77 240 37 78 241 22 79 242 22 79 243 37 78 244 36 72 245 22 79 246 36 72 247 23 79 248 23 79 249 36 72 250 53 78 251 23 79 252 53 78 253 24 77 254 24 77 255 53 78 256 52 76 257 24 77 258 52 76 259 25 72 260 25 72 261 52 76 262 51 72 263 25 72 264 51 72 265 26 72 266 26 72 267 51 72 268 50 72 269 26 72 270 50 72 271 27 72 272 27 72 273 50 72 274 49 72 275 27 72 276 49 72 277 28 80 278 28 80 279 49 72 280 48 81 281 28 80 282 48 81 283 29 82 284 29 82 285 48 81 286 47 83 287 29 82 288 47 83 289 30 84 290 30 84 291 47 83 292 46 85 293 30 84 294 46 85 295 31 86 296 31 86 297 46 85 298 45 72 299 31 86 300 45 72 301 32 86 302 32 86 303 45 72 304 44 85 305 32 86 306 44 85 307 33 84 308 33 84 309 44 85 310 43 83 311 33 84 312 43 83 313 34 72 314 34 72 315 43 83 316 42 72 317 34 72 318 42 72 319 35 72 320 35 72 321 42 72 322 41 72 323 167 216 792 168 217 793 166 218 794 166 218 795 168 217 796 177 219 797 177 219 798 168 217 799 171 220 800 177 219 801 171 220 802 174 221 803 174 221 804 171 220 805 172 222 806 174 221 807 172 222 808 173 222 809 169 223 810 170 224 811 168 217 812 168 217 813 170 224 814 171 220 815 175 225 816 176 226 817 174 221 818 174 221 819 176 226 820 177 219 821 166 227 822 178 228 823 181 229 824 181 229 825 178 228 826 179 194 827 181 229 828 179 194 829 180 194 830 182 194 831 183 194 832 177 230 833 177 230 834 183 194 835 184 231 836 177 230 837 184 231 838 166 232 839 185 87 840 186 87 841 188 87 842 188 87 843 186 87 844 187 87 845 188 87 846 187 87 847 167 87 848 190 233 849 117 234 850 189 235 851 189 235 852 117 234 853 116 87 854 189 235 855 116 87 856 197 236 857 197 236 858 116 87 859 115 237 860 197 236 861 115 237 862 196 238 863 196 238 864 115 237 865 114 87 866 196 238 867 114 87 868 195 87 869 195 87 870 114 87 871 113 87 872 195 87 873 113 87 874 194 87 875 194 87 876 113 87 877 112 87 878 194 87 879 112 87 880 193 87 881 193 87 882 112 87 883 120 87 884 193 87 885 120 87 886 192 239 887 192 239 888 120 87 889 119 240 890 192 239 891 119 240 892 191 241 893 191 241 894 119 240 895 118 242 896 191 241 897 118 242 898 190 233 899 190 233 900 118 242 901 117 234 902 199 87 903 135 87 904 198 243 905 198 243 906 135 87 907 134 244 908 198 243 909 134 244 910 206 245 911 206 245 912 134 244 913 133 246 914 206 245 915 133 246 916 205 247 917 205 247 918 133 246 919 132 87 920 205 247 921 132 87 922 204 87 923 204 87 924 132 87 925 131 87 926 204 87 927 131 87 928 203 87 929 203 87 930 131 87 931 130 87 932 203 87 933 130 87 934 202 87 935 202 87 936 130 87 937 138 87 938 202 87 939 138 87 940 201 87 941 201 87 942 138 87 943 137 248 944 201 87 945 137 248 946 200 249 947 200 249 948 137 248 949 136 250 950 200 249 951 136 250 952 199 87 953 199 87 954 136 250 955 135 87 956 208 251 957 126 252 958 207 253 959 207 253 960 126 252 961 125 254 962 207 253 963 125 254 964 215 255 965 215 255 966 125 254 967 124 256 968 215 255 969 124 256 970 214 257 971 214 257 972 124 256 973 123 258 974 214 257 975 123 258 976 213 194 977 213 194 978 123 258 979 122 194 980 213 194 981 122 194 982 212 194 983 212 194 984 122 194 985 121 194 986 212 194 987 121 194 988 211 259 989 211 259 990 121 194 991 129 260 992 211 259 993 129 260 994 210 261 995 210 261 996 129 260 997 128 262 998 210 261 999 128 262 1000 209 263 1001 209 263 1002 128 262 1003 127 194 1004 209 263 1005 127 194 1006 208 251 1007 208 251 1008 127 194 1009 126 252 1010 216 410 1479 340 411 1480 217 410 1481 217 410 1482 340 411 1483 349 412 1484 349 412 1485 340 411 1486 343 413 1487 349 412 1488 343 413 1489 346 414 1490 346 414 1491 343 413 1492 344 415 1493 346 414 1494 344 415 1495 345 416 1496 341 417 1497 342 418 1498 340 411 1499 340 411 1500 342 418 1501 343 413 1502 347 419 1503 348 420 1504 346 414 1505 346 414 1506 348 420 1507 349 412 1508 172 421 1509 350 422 1510 173 423 1511 173 423 1512 350 422 1513 359 424 1514 359 424 1515 350 422 1516 353 425 1517 359 424 1518 353 425 1519 356 426 1520 356 426 1521 353 425 1522 355 427 1523 355 427 1524 353 425 1525 354 428 1526 351 429 1527 352 430 1528 350 422 1529 350 422 1530 352 430 1531 353 425 1532 357 431 1533 358 432 1534 356 426 1535 356 426 1536 358 432 1537 359 424 1538 220 433 1539 219 434 1540 349 435 1541 349 435 1542 219 434 1543 218 436 1544 349 435 1545 218 436 1546 217 437 1547 297 438 1548 360 439 1549 246 440 1550 246 440 1551 360 439 1552 361 441 1553 246 440 1554 361 441 1555 362 442 1556 297 438 1557 296 87 1558 360 439 1559 360 439 1560 296 87 1561 279 87 1562 246 440 1563 362 442 1564 247 443 1565 247 443 1566 362 442 1567 363 444 1568 247 443 1569 363 444 1570 364 445 1571 247 443 1572 364 445 1573 248 446 1574 248 446 1575 364 445 1576 365 447 1577 248 446 1578 365 447 1579 249 448 1580 249 448 1581 365 447 1582 240 87 1583 276 87 1584 303 87 1585 370 449 1586 370 449 1587 303 87 1588 302 450 1589 370 449 1590 302 450 1591 228 451 1592 370 449 1593 228 451 1594 369 452 1595 369 452 1596 228 451 1597 227 453 1598 369 452 1599 227 453 1600 368 454 1601 368 454 1602 227 453 1603 367 455 1604 367 455 1605 227 453 1606 226 456 1607 367 455 1608 226 456 1609 366 457 1610 366 457 1611 226 456 1612 225 87 1613 216 194 1614 239 458 1615 340 459 1616 340 459 1617 239 458 1618 238 460 1619 340 459 1620 238 460 1621 237 461 1622 301 462 1623 371 463 1624 229 464 1625 229 464 1626 371 463 1627 372 465 1628 229 464 1629 372 465 1630 230 466 1631 230 466 1632 372 465 1633 373 467 1634 230 466 1635 373 467 1636 374 468 1637 301 462 1638 300 194 1639 371 463 1640 371 463 1641 300 194 1642 253 194 1643 230 466 1644 374 468 1645 231 469 1646 231 469 1647 374 468 1648 375 194 1649 231 469 1650 375 194 1651 232 194 1652 377 470 1653 305 471 1654 376 472 1655 376 472 1656 305 471 1657 304 473 1658 376 472 1659 304 473 1660 384 474 1661 384 474 1662 304 473 1663 312 475 1664 384 474 1665 312 475 1666 383 194 1667 383 194 1668 312 475 1669 311 194 1670 383 194 1671 311 194 1672 382 194 1673 382 194 1674 311 194 1675 310 194 1676 382 194 1677 310 194 1678 381 194 1679 381 194 1680 310 194 1681 309 476 1682 381 194 1683 309 476 1684 380 477 1685 380 477 1686 309 476 1687 308 478 1688 380 477 1689 308 478 1690 379 479 1691 379 479 1692 308 478 1693 307 480 1694 379 479 1695 307 480 1696 378 481 1697 378 481 1698 307 480 1699 306 194 1700 378 481 1701 306 194 1702 377 470 1703 377 470 1704 306 194 1705 305 471 1706 173 482 1707 385 483 1708 174 484 1709 174 484 1710 385 483 1711 386 485 1712 174 484 1713 386 485 1714 387 486 1715 388 194 1716 389 487 1717 359 488 1718 359 488 1719 389 487 1720 390 489 1721 359 488 1722 390 489 1723 173 482 1724 391 490 1725 392 491 1726 171 492 1727 171 492 1728 392 491 1729 393 493 1730 171 492 1731 393 493 1732 172 494 1733 395 87 1734 332 495 1735 394 496 1736 394 496 1737 332 495 1738 331 497 1739 394 496 1740 331 497 1741 402 498 1742 402 498 1743 331 497 1744 339 499 1745 402 498 1746 339 499 1747 401 500 1748 401 500 1749 339 499 1750 338 87 1751 401 500 1752 338 87 1753 400 87 1754 400 87 1755 338 87 1756 337 87 1757 400 87 1758 337 87 1759 399 87 1760 399 87 1761 337 87 1762 336 87 1763 399 87 1764 336 87 1765 398 501 1766 398 501 1767 336 87 1768 335 502 1769 398 501 1770 335 502 1771 397 503 1772 397 503 1773 335 502 1774 334 504 1775 397 503 1776 334 504 1777 396 505 1778 396 505 1779 334 504 1780 333 87 1781 396 505 1782 333 87 1783 395 87 1784 395 87 1785 333 87 1786 332 495 1787 166 638 2256 181 639 2257 167 640 2258 167 640 2259 181 639 2260 188 641 2261 188 641 2262 181 639 2263 526 642 2264 188 641 2265 526 642 2266 527 643 2267 181 639 2268 525 644 2269 526 642 2270 527 643 2271 528 644 2272 188 641 2273 240 645 2274 365 646 2275 241 647 2276 241 647 2277 365 646 2278 541 648 2279 541 648 2280 365 646 2281 531 649 2282 541 648 2283 531 649 2284 538 650 2285 538 650 2286 531 649 2287 532 651 2288 538 650 2289 532 651 2290 537 652 2291 537 652 2292 532 651 2293 535 653 2294 537 652 2295 535 653 2296 536 654 2297 529 655 2298 530 656 2299 365 646 2300 365 646 2301 530 656 2302 531 649 2303 533 654 2304 534 657 2305 532 651 2306 532 651 2307 534 657 2308 535 653 2309 539 658 2310 540 659 2311 538 650 2312 538 650 2313 540 659 2314 541 648 2315 542 660 2316 543 661 2317 353 662 2318 353 662 2319 543 661 2320 544 87 2321 353 662 2322 544 87 2323 354 87 2324 546 663 2325 495 664 2326 545 665 2327 545 665 2328 495 664 2329 494 87 2330 545 665 2331 494 87 2332 553 666 2333 553 666 2334 494 87 2335 493 667 2336 553 666 2337 493 667 2338 552 668 2339 552 668 2340 493 667 2341 492 87 2342 552 668 2343 492 87 2344 551 87 2345 551 87 2346 492 87 2347 491 87 2348 551 87 2349 491 87 2350 550 669 2351 550 669 2352 491 87 2353 490 670 2354 550 669 2355 490 670 2356 549 671 2357 549 671 2358 490 670 2359 498 672 2360 549 671 2361 498 672 2362 548 673 2363 548 673 2364 498 672 2365 497 674 2366 548 673 2367 497 674 2368 547 675 2369 547 675 2370 497 674 2371 496 676 2372 547 675 2373 496 676 2374 546 663 2375 546 663 2376 496 676 2377 495 664 2378 554 677 2379 555 678 2380 557 679 2381 557 679 2382 555 678 2383 556 680 2384 557 679 2385 556 680 2386 355 681 2387 559 194 2388 486 194 2389 558 682 2390 558 682 2391 486 194 2392 485 683 2393 558 682 2394 485 683 2395 566 684 2396 566 684 2397 485 683 2398 484 685 2399 566 684 2400 484 685 2401 565 686 2402 565 686 2403 484 685 2404 483 687 2405 565 686 2406 483 687 2407 564 688 2408 564 688 2409 483 687 2410 482 689 2411 564 688 2412 482 689 2413 563 690 2414 563 690 2415 482 689 2416 481 691 2417 563 690 2418 481 691 2419 562 692 2420 562 692 2421 481 691 2422 489 194 2423 562 692 2424 489 194 2425 561 194 2426 561 194 2427 489 194 2428 488 194 2429 561 194 2430 488 194 2431 560 194 2432 560 194 2433 488 194 2434 487 194 2435 560 194 2436 487 194 2437 559 194 2438 559 194 2439 487 194 2440 486 194 2441 420 87 2442 432 87 2443 567 693 2444 567 693 2445 432 87 2446 431 694 2447 567 693 2448 431 694 2449 430 695 2450 459 696 2451 568 697 2452 425 698 2453 425 698 2454 568 697 2455 569 87 2456 425 698 2457 569 87 2458 570 699 2459 459 696 2460 458 700 2461 568 697 2462 568 697 2463 458 700 2464 457 701 2465 425 698 2466 570 699 2467 426 702 2468 426 702 2469 570 699 2470 571 703 2471 426 702 2472 571 703 2473 572 87 2474 426 702 2475 572 87 2476 427 87 2477 427 87 2478 572 87 2479 346 704 2480 427 87 2481 346 704 2482 428 705 2483 428 705 2484 346 704 2485 345 706 2486 574 707 2487 513 708 2488 573 709 2489 573 709 2490 513 708 2491 512 710 2492 573 709 2493 512 710 2494 581 711 2495 581 711 2496 512 710 2497 511 712 2498 581 711 2499 511 712 2500 580 713 2501 580 713 2502 511 712 2503 510 714 2504 580 713 2505 510 714 2506 579 715 2507 579 715 2508 510 714 2509 509 87 2510 579 715 2511 509 87 2512 578 87 2513 578 87 2514 509 87 2515 508 87 2516 578 87 2517 508 87 2518 577 87 2519 577 87 2520 508 87 2521 516 87 2522 577 87 2523 516 87 2524 576 87 2525 576 87 2526 516 87 2527 515 87 2528 576 87 2529 515 87 2530 575 87 2531 575 87 2532 515 87 2533 514 87 2534 575 87 2535 514 87 2536 574 707 2537 574 707 2538 514 87 2539 513 708 2540 462 716 2541 461 717 2542 586 718 2543 586 718 2544 461 717 2545 460 194 2546 586 718 2547 460 194 2548 424 719 2549 423 720 2550 584 721 2551 424 719 2552 424 719 2553 584 721 2554 585 194 2555 424 719 2556 585 194 2557 586 718 2558 422 722 2559 582 723 2560 423 720 2561 423 720 2562 582 723 2563 583 724 2564 423 720 2565 583 724 2566 584 721 2567 582 723 2568 422 722 2569 343 725 2570 343 725 2571 422 722 2572 421 726 2573 343 725 2574 421 726 2575 344 727 2576 429 194 2577 440 194 2578 587 194 2579 587 194 2580 440 194 2581 439 194 2582 587 194 2583 439 194 2584 407 194 2585 403 728 2586 438 729 2587 592 730 2588 592 730 2589 438 729 2590 591 731 2591 591 731 2592 438 729 2593 437 732 2594 591 731 2595 437 732 2596 590 733 2597 590 733 2598 437 732 2599 589 734 2600 589 734 2601 437 732 2602 436 735 2603 589 734 2604 436 735 2605 588 736 2606 588 736 2607 436 735 2608 478 194 2609 588 736 2610 478 194 2611 477 194 2612 477 194 2613 476 194 2614 588 736 2615 593 72 2616 594 72 2617 602 72 2618 602 72 2619 594 72 2620 601 72 2621 601 72 2622 594 72 2623 595 72 2624 601 72 2625 595 72 2626 600 72 2627 600 72 2628 595 72 2629 596 72 2630 600 72 2631 596 72 2632 599 72 2633 599 72 2634 596 72 2635 597 72 2636 599 72 2637 597 72 2638 598 72 2639 612 737 2640 603 72 2641 608 72 2642 608 72 2643 603 72 2644 604 738 2645 608 72 2646 604 738 2647 607 739 2648 607 739 2649 604 738 2650 605 740 2651 607 739 2652 605 740 2653 606 741 2654 608 72 2655 609 742 2656 612 737 2657 612 737 2658 609 742 2659 611 743 2660 611 743 2661 609 742 2662 610 744 2663 622 72 2664 613 745 2665 618 746 2666 618 746 2667 613 745 2668 614 747 2669 618 746 2670 614 747 2671 617 748 2672 617 748 2673 614 747 2674 615 749 2675 617 748 2676 615 749 2677 616 72 2678 618 746 2679 619 72 2680 622 72 2681 622 72 2682 619 72 2683 621 72 2684 621 72 2685 619 72 2686 620 72 2687 632 72 2688 623 745 2689 628 746 2690 628 746 2691 623 745 2692 624 750 2693 628 746 2694 624 750 2695 627 751 2696 627 751 2697 624 750 2698 625 752 2699 627 751 2700 625 752 2701 626 72 2702 628 746 2703 629 72 2704 632 72 2705 632 72 2706 629 72 2707 631 72 2708 631 72 2709 629 72 2710 630 72 2711 634 753 2712 642 754 2713 633 755 2714 633 755 2715 642 754 2716 643 756 2717 633 755 2718 643 756 2719 648 757 2720 648 757 2721 643 756 2722 644 758 2723 648 757 2724 644 758 2725 645 759 2726 635 760 2727 640 761 2728 634 753 2729 634 753 2730 640 761 2731 641 762 2732 634 753 2733 641 762 2734 642 754 2735 636 72 2736 637 72 2737 635 760 2738 635 760 2739 637 72 2740 638 763 2741 635 760 2742 638 763 2743 639 764 2744 639 764 2745 640 761 2746 635 760 2747 645 759 2748 646 765 2749 648 757 2750 648 757 2751 646 765 2752 647 766 2753 650 72 2754 657 72 2755 649 767 2756 649 767 2757 657 72 2758 658 768 2759 649 767 2760 658 768 2761 662 769 2762 662 769 2763 658 768 2764 661 770 2765 661 770 2766 658 768 2767 659 771 2768 661 770 2769 659 771 2770 660 772 2771 651 72 2772 653 72 2773 650 72 2774 650 72 2775 653 72 2776 654 72 2777 650 72 2778 654 72 2779 657 72 2780 657 72 2781 654 72 2782 656 72 2783 656 72 2784 654 72 2785 655 72 2786 651 72 2787 652 72 2788 653 72 2789 663 72 2790 664 773 2791 662 769 2792 662 769 2793 664 773 2794 649 767 2795 674 774 2796 665 72 2797 670 72 2798 670 72 2799 665 72 2800 666 775 2801 670 72 2802 666 775 2803 669 776 2804 669 776 2805 666 775 2806 667 777 2807 669 776 2808 667 777 2809 668 72 2810 670 72 2811 671 778 2812 674 774 2813 674 774 2814 671 778 2815 673 779 2816 673 779 2817 671 778 2818 672 780 2819 684 781 2820 675 72 2821 680 72 2822 680 72 2823 675 72 2824 676 782 2825 680 72 2826 676 782 2827 679 783 2828 679 783 2829 676 782 2830 677 784 2831 679 783 2832 677 784 2833 678 72 2834 680 72 2835 681 785 2836 684 781 2837 684 781 2838 681 785 2839 683 786 2840 683 786 2841 681 785 2842 682 787 2843 685 72 2844 686 72 2845 694 72 2846 694 72 2847 686 72 2848 693 72 2849 693 72 2850 686 72 2851 687 72 2852 693 72 2853 687 72 2854 692 72 2855 692 72 2856 687 72 2857 688 72 2858 692 72 2859 688 72 2860 691 72 2861 691 72 2862 688 72 2863 689 72 2864 691 72 2865 689 72 2866 690 72 2867 695 72 2868 696 72 2869 704 72 2870 704 72 2871 696 72 2872 703 72 2873 703 72 2874 696 72 2875 697 72 2876 703 72 2877 697 72 2878 702 72 2879 702 72 2880 697 72 2881 698 72 2882 702 72 2883 698 72 2884 701 72 2885 701 72 2886 698 72 2887 699 72 2888 701 72 2889 699 72 2890 700 72 2891 705 788 2892 706 789 2893 714 790 2894 714 790 2895 706 789 2896 707 791 2897 714 790 2898 707 791 2899 713 792 2900 713 792 2901 707 791 2902 708 793 2903 713 792 2904 708 793 2905 712 794 2906 712 794 2907 708 793 2908 711 795 2909 711 795 2910 708 793 2911 709 796 2912 711 795 2913 709 796 2914 710 797 2915 716 798 2916 719 799 2917 715 800 2918 715 800 2919 719 799 2920 720 801 2921 715 800 2922 720 801 2923 721 802 2924 717 72 2925 718 803 2926 716 798 2927 716 798 2928 718 803 2929 719 799 2930 715 800 2931 721 802 2932 724 739 2933 724 739 2934 721 802 2935 722 740 2936 724 739 2937 722 740 2938 723 741 2939 726 72 2940 729 72 2941 725 72 2942 725 72 2943 729 72 2944 730 72 2945 725 72 2946 730 72 2947 734 72 2948 734 72 2949 730 72 2950 731 72 2951 734 72 2952 731 72 2953 733 72 2954 733 72 2955 731 72 2956 732 72 2957 727 72 2958 728 72 2959 726 72 2960 726 72 2961 728 72 2962 729 72 2963 744 72 2964 735 745 2965 740 804 2966 740 804 2967 735 745 2968 736 805 2969 740 804 2970 736 805 2971 739 748 2972 739 748 2973 736 805 2974 737 749 2975 739 748 2976 737 749 2977 738 72 2978 740 804 2979 741 72 2980 744 72 2981 744 72 2982 741 72 2983 743 72 2984 743 72 2985 741 72 2986 742 72 2987 745 72 2988 746 72 2989 753 72 2990 753 72 2991 746 72 2992 752 72 2993 752 72 2994 746 72 2995 747 72 2996 752 72 2997 747 72 2998 751 72 2999 751 72 3000 747 72 3001 748 72 3002 751 72 3003 748 72 3004 750 72 3005 750 72 3006 748 72 3007 749 72 3008 755 72 3009 758 72 3010 754 72 3011 754 72 3012 758 72 3013 759 72 3014 754 72 3015 759 72 3016 762 72 3017 762 72 3018 759 72 3019 760 72 3020 762 72 3021 760 72 3022 761 72 3023 756 72 3024 757 72 3025 755 72 3026 755 72 3027 757 72 3028 758 72 3029 764 806 3030 767 807 3031 763 808 3032 763 808 3033 767 807 3034 768 809 3035 763 808 3036 768 809 3037 771 810 3038 771 810 3039 768 809 3040 769 811 3041 771 810 3042 769 811 3043 770 72 3044 765 72 3045 766 812 3046 764 806 3047 764 806 3048 766 812 3049 767 807 3050 773 813 3051 776 814 3052 772 815 3053 772 815 3054 776 814 3055 777 816 3056 772 815 3057 777 816 3058 780 817 3059 780 817 3060 777 816 3061 778 818 3062 780 817 3063 778 818 3064 779 72 3065 774 72 3066 775 819 3067 773 813 3068 773 813 3069 775 819 3070 776 814 3071 782 820 3072 785 821 3073 781 72 3074 781 72 3075 785 821 3076 786 822 3077 781 72 3078 786 822 3079 789 823 3080 789 823 3081 786 822 3082 787 824 3083 789 823 3084 787 824 3085 788 72 3086 783 72 3087 784 825 3088 782 820 3089 782 820 3090 784 825 3091 785 821 3092 791 826 3093 794 827 3094 790 72 3095 790 72 3096 794 827 3097 795 828 3098 790 72 3099 795 828 3100 798 829 3101 798 829 3102 795 828 3103 796 830 3104 798 829 3105 796 830 3106 797 72 3107 792 72 3108 793 831 3109 791 826 3110 791 826 3111 793 831 3112 794 827 3113 800 832 3114 803 833 3115 799 72 3116 799 72 3117 803 833 3118 804 834 3119 799 72 3120 804 834 3121 807 835 3122 807 835 3123 804 834 3124 805 836 3125 807 835 3126 805 836 3127 806 72 3128 801 72 3129 802 837 3130 800 832 3131 800 832 3132 802 837 3133 803 833 3134 809 838 3135 812 839 3136 808 840 3137 808 840 3138 812 839 3139 813 841 3140 808 840 3141 813 841 3142 816 842 3143 816 842 3144 813 841 3145 814 843 3146 816 842 3147 814 843 3148 815 72 3149 810 72 3150 811 844 3151 809 838 3152 809 838 3153 811 844 3154 812 839 3155 817 845 3156 818 846 3157 820 847 3158 820 847 3159 818 846 3160 819 848 3161 822 849 3162 852 850 3163 821 851 3164 821 851 3165 852 850 3166 853 852 3167 821 851 3168 853 852 3169 838 853 3170 838 853 3171 853 852 3172 854 854 3173 838 853 3174 854 854 3175 837 855 3176 837 855 3177 854 854 3178 855 856 3179 837 855 3180 855 856 3181 836 857 3182 836 857 3183 855 856 3184 856 858 3185 836 857 3186 856 858 3187 835 859 3188 835 859 3189 856 858 3190 839 860 3191 835 859 3192 839 860 3193 834 861 3194 834 861 3195 839 860 3196 840 862 3197 834 861 3198 840 862 3199 833 863 3200 833 863 3201 840 862 3202 841 864 3203 833 863 3204 841 864 3205 832 865 3206 832 865 3207 841 864 3208 842 866 3209 832 865 3210 842 866 3211 831 867 3212 831 867 3213 842 866 3214 843 868 3215 831 867 3216 843 868 3217 830 869 3218 830 869 3219 843 868 3220 844 870 3221 830 869 3222 844 870 3223 829 871 3224 829 871 3225 844 870 3226 845 872 3227 829 871 3228 845 872 3229 828 873 3230 828 873 3231 845 872 3232 846 874 3233 828 873 3234 846 874 3235 827 875 3236 827 875 3237 846 874 3238 847 876 3239 827 875 3240 847 876 3241 826 877 3242 826 877 3243 847 876 3244 848 878 3245 826 877 3246 848 878 3247 825 879 3248 825 879 3249 848 878 3250 849 880 3251 825 879 3252 849 880 3253 824 881 3254 824 881 3255 849 880 3256 850 882 3257 824 881 3258 850 882 3259 823 883 3260 823 883 3261 850 882 3262 851 884 3263 823 883 3264 851 884 3265 822 849 3266 822 849 3267 851 884 3268 852 850 3269 857 885 3270 858 886 3271 866 887 3272 866 887 3273 858 886 3274 865 888 3275 866 887 3276 865 888 3277 818 846 3278 818 846 3279 865 888 3280 819 848 3281 858 886 3282 859 889 3283 865 888 3284 865 888 3285 859 889 3286 864 890 3287 864 890 3288 859 889 3289 860 891 3290 864 890 3291 860 891 3292 863 891 3293 863 891 3294 860 891 3295 861 892 3296 863 891 3297 861 892 3298 862 893 3299 874 894 3300 867 895 3301 873 896 3302 873 896 3303 867 895 3304 868 897 3305 873 896 3306 868 897 3307 869 898 3308 873 896 3309 869 898 3310 872 899 3311 872 899 3312 869 898 3313 870 900 3314 872 899 3315 870 900 3316 871 901 3317 354 222 3318 875 221 3319 355 902 3320 355 902 3321 875 221 3322 557 903 3323 557 903 3324 875 221 3325 878 904 3326 557 903 3327 878 904 3328 879 905 3329 876 905 3330 877 906 3331 875 221 3332 875 221 3333 877 906 3334 878 904 3335 429 907 3336 587 908 3337 430 909 3338 430 909 3339 587 908 3340 567 418 3341 567 418 3342 587 908 3343 871 901 3344 567 418 3345 871 901 3346 870 900 3347 587 908 3348 880 910 3349 871 901 3350 870 900 3351 881 910 3352 567 418 3353 861 911 3354 170 912 3355 882 913 3356 882 913 3357 170 912 3358 169 914 3359 882 913 3360 169 914 3361 528 915 3362 528 915 3363 169 914 3364 901 916 3365 528 915 3366 901 916 3367 902 917 3368 860 918 3369 877 919 3370 861 911 3371 861 911 3372 877 919 3373 876 920 3374 861 911 3375 876 920 3376 352 921 3377 352 921 3378 876 920 3379 919 922 3380 352 921 3381 919 922 3382 920 923 3383 860 918 3384 859 924 3385 877 919 3386 877 919 3387 859 924 3388 977 925 3389 977 925 3390 859 924 3391 858 194 3392 977 925 3393 858 194 3394 976 194 3395 976 194 3396 858 194 3397 857 194 3398 976 194 3399 857 194 3400 975 194 3401 975 194 3402 857 194 3403 867 194 3404 867 194 3405 857 194 3406 883 194 3407 867 194 3408 883 194 3409 868 926 3410 868 926 3411 883 194 3412 884 927 3413 868 926 3414 884 927 3415 869 928 3416 869 928 3417 884 927 3418 885 929 3419 869 928 3420 885 929 3421 870 930 3422 870 930 3423 885 929 3424 886 931 3425 870 930 3426 886 931 3427 887 932 3428 888 933 3429 529 912 3430 887 932 3431 887 932 3432 529 912 3433 348 934 3434 887 932 3435 348 934 3436 347 935 3437 889 936 3438 953 937 3439 888 933 3440 888 933 3441 953 937 3442 534 938 3443 888 933 3444 534 938 3445 533 939 3446 953 937 3447 889 936 3448 952 940 3449 952 940 3450 889 936 3451 890 941 3452 952 940 3453 890 941 3454 951 942 3455 951 942 3456 890 941 3457 891 943 3458 951 942 3459 891 943 3460 950 944 3461 950 944 3462 891 943 3463 892 945 3464 950 944 3465 892 945 3466 949 946 3467 949 946 3468 892 945 3469 893 947 3470 949 946 3471 893 947 3472 948 948 3473 948 948 3474 893 947 3475 882 913 3476 948 948 3477 882 913 3478 527 194 3479 527 194 3480 882 913 3481 528 915 3482 895 194 3483 998 194 3484 894 949 3485 894 949 3486 998 194 3487 528 915 3488 894 949 3489 528 915 3490 902 917 3491 998 194 3492 895 194 3493 997 194 3494 997 194 3495 895 194 3496 896 950 3497 997 194 3498 896 950 3499 994 951 3500 994 951 3501 896 950 3502 897 952 3503 994 951 3504 897 952 3505 993 953 3506 993 953 3507 897 952 3508 898 194 3509 993 953 3510 898 194 3511 992 194 3512 992 194 3513 898 194 3514 899 194 3515 992 194 3516 899 194 3517 900 194 3518 992 194 3519 900 194 3520 169 914 3521 169 914 3522 900 194 3523 901 916 3524 904 194 3525 991 194 3526 903 194 3527 903 194 3528 991 194 3529 170 912 3530 903 194 3531 170 912 3532 911 194 3533 911 194 3534 170 912 3535 910 194 3536 910 194 3537 170 912 3538 351 954 3539 910 194 3540 351 954 3541 909 955 3542 909 955 3543 351 954 3544 985 956 3545 909 955 3546 985 956 3547 908 957 3548 908 957 3549 985 956 3550 907 958 3551 907 958 3552 985 956 3553 986 959 3554 907 958 3555 986 959 3556 906 960 3557 906 960 3558 986 959 3559 987 961 3560 906 960 3561 987 961 3562 905 194 3563 905 194 3564 987 961 3565 990 962 3566 905 194 3567 990 962 3568 904 194 3569 904 194 3570 990 962 3571 991 194 3572 913 194 3573 984 194 3574 912 194 3575 912 194 3576 984 194 3577 352 921 3578 912 194 3579 352 921 3580 920 923 3581 984 194 3582 913 194 3583 983 194 3584 983 194 3585 913 194 3586 914 963 3587 983 194 3588 914 963 3589 980 964 3590 980 964 3591 914 963 3592 915 965 3593 980 964 3594 915 965 3595 979 966 3596 979 966 3597 915 965 3598 916 967 3599 979 966 3600 916 967 3601 978 968 3602 978 968 3603 916 967 3604 917 969 3605 978 968 3606 917 969 3607 918 970 3608 978 968 3609 918 970 3610 876 920 3611 876 920 3612 918 970 3613 919 922 3614 922 971 3615 533 939 3616 921 194 3617 921 194 3618 533 939 3619 954 972 3620 921 194 3621 954 972 3622 929 973 3623 929 973 3624 954 972 3625 955 974 3626 929 973 3627 955 974 3628 928 975 3629 928 975 3630 955 974 3631 958 976 3632 928 975 3633 958 976 3634 927 977 3635 927 977 3636 958 976 3637 959 194 3638 927 977 3639 959 194 3640 926 978 3641 926 978 3642 959 194 3643 960 979 3644 926 978 3645 960 979 3646 925 980 3647 925 980 3648 960 979 3649 924 194 3650 924 194 3651 960 979 3652 530 981 3653 924 194 3654 530 981 3655 923 982 3656 923 982 3657 530 981 3658 533 939 3659 923 982 3660 533 939 3661 922 971 3662 931 194 3663 529 912 3664 930 194 3665 930 194 3666 529 912 3667 961 194 3668 930 194 3669 961 194 3670 938 194 3671 938 194 3672 961 194 3673 962 983 3674 938 194 3675 962 983 3676 937 194 3677 937 194 3678 962 983 3679 965 984 3680 937 194 3681 965 984 3682 936 985 3683 936 985 3684 965 984 3685 966 986 3686 936 985 3687 966 986 3688 935 987 3689 935 987 3690 966 986 3691 967 988 3692 935 987 3693 967 988 3694 934 989 3695 934 989 3696 967 988 3697 933 990 3698 933 990 3699 967 988 3700 348 934 3701 933 990 3702 348 934 3703 932 194 3704 932 194 3705 348 934 3706 529 912 3707 932 194 3708 529 912 3709 931 194 3710 940 991 3711 347 935 3712 939 992 3713 939 992 3714 347 935 3715 968 993 3716 939 992 3717 968 993 3718 947 994 3719 947 994 3720 968 993 3721 969 995 3722 947 994 3723 969 995 3724 946 194 3725 946 194 3726 969 995 3727 972 996 3728 946 194 3729 972 996 3730 945 997 3731 945 997 3732 972 996 3733 973 998 3734 945 997 3735 973 998 3736 944 999 3737 944 999 3738 973 998 3739 974 1000 3740 944 999 3741 974 1000 3742 943 1001 3743 943 1001 3744 974 1000 3745 942 1002 3746 942 1002 3747 974 1000 3748 881 194 3749 942 1002 3750 881 194 3751 941 1003 3752 941 1003 3753 881 194 3754 347 935 3755 941 1003 3756 347 935 3757 940 991 3758 955 974 3759 956 1004 3760 958 976 3761 958 976 3762 956 1004 3763 957 1005 3764 533 939 3765 530 981 3766 888 933 3767 888 933 3768 530 981 3769 529 912 3770 962 983 3771 963 1006 3772 965 984 3773 965 984 3774 963 1006 3775 964 194 3776 969 995 3777 970 1007 3778 972 996 3779 972 996 3780 970 1007 3781 971 194 3782 347 935 3783 881 194 3784 887 932 3785 887 932 3786 881 194 3787 870 930 3788 981 194 3789 982 194 3790 980 964 3791 980 964 3792 982 194 3793 983 194 3794 352 921 3795 351 954 3796 861 911 3797 861 911 3798 351 954 3799 170 912 3800 988 194 3801 989 1008 3802 987 961 3803 987 961 3804 989 1008 3805 990 962 3806 995 1009 3807 996 1010 3808 994 951 3809 994 951 3810 996 1010 3811 997 194 3812 819 87 3813 1093 87 3814 820 87 3815 820 87 3816 1093 87 3817 874 87 3818 820 87 3819 874 87 3820 873 87 3821 1093 87 3822 819 87 3823 1092 1011 3824 1092 1011 3825 819 87 3826 865 1012 3827 1092 1011 3828 865 1012 3829 1091 1013 3830 1091 1013 3831 865 1012 3832 864 1014 3833 1091 1013 3834 864 1014 3835 878 1015 3836 878 1015 3837 864 1014 3838 863 1016 3839 878 1015 3840 863 1016 3841 862 1017 3842 999 1018 3843 175 1019 3844 862 1017 3845 862 1017 3846 175 1019 3847 358 1020 3848 862 1017 3849 358 1020 3850 357 1021 3851 1000 1022 3852 1069 1023 3853 999 1018 3854 999 1018 3855 1069 1023 3856 526 1024 3857 999 1018 3858 526 1024 3859 525 1025 3860 1069 1023 3861 1000 1022 3862 1068 1026 3863 1068 1026 3864 1000 1022 3865 1001 1027 3866 1068 1026 3867 1001 1027 3868 1067 1028 3869 1067 1028 3870 1001 1027 3871 1002 1029 3872 1067 1028 3873 1002 1029 3874 1066 1030 3875 1066 1030 3876 1002 1029 3877 1003 1031 3878 1066 1030 3879 1003 1031 3880 1065 1032 3881 1065 1032 3882 1003 1031 3883 1004 1033 3884 1065 1032 3885 1004 1033 3886 1064 1034 3887 1064 1034 3888 1004 1033 3889 1005 1035 3890 1064 1034 3891 1005 1035 3892 535 87 3893 535 87 3894 1005 1035 3895 536 1036 3896 536 1036 3897 1005 1035 3898 539 1037 3899 536 1036 3900 539 1037 3901 1035 1038 3902 1035 1038 3903 539 1037 3904 1034 1039 3905 1034 1039 3906 539 1037 3907 1108 1040 3908 1034 1039 3909 1108 1040 3910 1033 1041 3911 1033 1041 3912 1108 1040 3913 1032 1042 3914 1032 1042 3915 1108 1040 3916 1109 1043 3917 1032 1042 3918 1109 1043 3919 1031 1044 3920 1031 1044 3921 1109 1043 3922 1110 1045 3923 1031 1044 3924 1110 1045 3925 1030 1046 3926 1030 1046 3927 1110 1045 3928 1113 1047 3929 1030 1046 3930 1113 1047 3931 1029 1048 3932 1029 1048 3933 1113 1047 3934 1114 1049 3935 1029 1048 3936 1114 1049 3937 1028 1050 3938 1028 1050 3939 1114 1049 3940 536 1036 3941 1028 1050 3942 536 1036 3943 1036 1051 3944 1036 1051 3945 536 1036 3946 1035 1038 3947 539 1037 3948 1005 1035 3949 540 1052 3950 540 1052 3951 1005 1035 3952 1006 1053 3953 540 1052 3954 1006 1053 3955 341 1054 3956 341 1054 3957 1006 1053 3958 342 1055 3959 342 1055 3960 1006 1053 3961 880 87 3962 342 1055 3963 880 87 3964 1017 87 3965 1017 87 3966 880 87 3967 1016 1056 3968 1016 1056 3969 880 87 3970 1094 1057 3971 1016 1056 3972 1094 1057 3973 1015 1058 3974 1015 1058 3975 1094 1057 3976 1014 1059 3977 1014 1059 3978 1094 1057 3979 1095 1060 3980 1014 1059 3981 1095 1060 3982 1013 1061 3983 1013 1061 3984 1095 1060 3985 1096 87 3986 1013 1061 3987 1096 87 3988 1012 87 3989 1012 87 3990 1096 87 3991 1099 87 3992 1012 87 3993 1099 87 3994 1011 87 3995 1011 87 3996 1099 87 3997 1100 87 3998 1011 87 3999 1100 87 4000 1010 87 4001 1010 87 4002 1100 87 4003 342 1055 4004 1010 87 4005 342 1055 4006 1018 87 4007 1018 87 4008 342 1055 4009 1017 87 4010 880 87 4011 1006 1053 4012 871 1015 4013 871 1015 4014 1006 1053 4015 1007 1016 4016 871 1015 4017 1007 1016 4018 1008 1014 4019 871 1015 4020 1008 1014 4021 872 1062 4022 872 1062 4023 1008 1014 4024 1009 87 4025 872 1062 4026 1009 87 4027 873 87 4028 873 87 4029 1009 87 4030 820 87 4031 1020 87 4032 1107 87 4033 1019 87 4034 1019 87 4035 1107 87 4036 540 1052 4037 1019 87 4038 540 1052 4039 1027 87 4040 1027 87 4041 540 1052 4042 1026 87 4043 1026 87 4044 540 1052 4045 341 1054 4046 1026 87 4047 341 1054 4048 1025 1063 4049 1025 1063 4050 341 1054 4051 1101 1064 4052 1025 1063 4053 1101 1064 4054 1024 1065 4055 1024 1065 4056 1101 1064 4057 1023 1066 4058 1023 1066 4059 1101 1064 4060 1102 1067 4061 1023 1066 4062 1102 1067 4063 1022 1068 4064 1022 1068 4065 1102 1067 4066 1103 1069 4067 1022 1068 4068 1103 1069 4069 1021 87 4070 1021 87 4071 1103 1069 4072 1106 1070 4073 1021 87 4074 1106 1070 4075 1020 87 4076 1020 87 4077 1106 1070 4078 1107 87 4079 1038 1071 4080 357 1021 4081 1037 1072 4082 1037 1072 4083 357 1021 4084 1084 1073 4085 1037 1072 4086 1084 1073 4087 1045 1074 4088 1045 1074 4089 1084 1073 4090 1085 1075 4091 1045 1074 4092 1085 1075 4093 1044 87 4094 1044 87 4095 1085 1075 4096 1088 1076 4097 1044 87 4098 1088 1076 4099 1043 1077 4100 1043 1077 4101 1088 1076 4102 1089 1078 4103 1043 1077 4104 1089 1078 4105 1042 1079 4106 1042 1079 4107 1089 1078 4108 1090 1080 4109 1042 1079 4110 1090 1080 4111 1041 1081 4112 1041 1081 4113 1090 1080 4114 1040 1082 4115 1040 1082 4116 1090 1080 4117 879 87 4118 1040 1082 4119 879 87 4120 1039 1083 4121 1039 1083 4122 879 87 4123 357 1021 4124 1039 1083 4125 357 1021 4126 1038 1071 4127 1047 87 4128 175 1019 4129 1046 87 4130 1046 87 4131 175 1019 4132 1077 87 4133 1046 87 4134 1077 87 4135 1054 87 4136 1054 87 4137 1077 87 4138 1078 1084 4139 1054 87 4140 1078 1084 4141 1053 87 4142 1053 87 4143 1078 1084 4144 1081 1085 4145 1053 87 4146 1081 1085 4147 1052 1086 4148 1052 1086 4149 1081 1085 4150 1082 1087 4151 1052 1086 4152 1082 1087 4153 1051 1088 4154 1051 1088 4155 1082 1087 4156 1083 1089 4157 1051 1088 4158 1083 1089 4159 1050 1090 4160 1050 1090 4161 1083 1089 4162 1049 1091 4163 1049 1091 4164 1083 1089 4165 358 1020 4166 1049 1091 4167 358 1020 4168 1048 87 4169 1048 87 4170 358 1020 4171 175 1019 4172 1048 87 4173 175 1019 4174 1047 87 4175 1056 1092 4176 525 1025 4177 1055 87 4178 1055 87 4179 525 1025 4180 1070 1049 4181 1055 87 4182 1070 1049 4183 1063 1048 4184 1063 1048 4185 1070 1049 4186 1071 1093 4187 1063 1048 4188 1071 1093 4189 1062 1094 4190 1062 1094 4191 1071 1093 4192 1074 1095 4193 1062 1094 4194 1074 1095 4195 1061 1096 4196 1061 1096 4197 1074 1095 4198 1075 87 4199 1061 1096 4200 1075 87 4201 1060 1097 4202 1060 1097 4203 1075 87 4204 1076 1098 4205 1060 1097 4206 1076 1098 4207 1059 1099 4208 1059 1099 4209 1076 1098 4210 1058 87 4211 1058 87 4212 1076 1098 4213 176 1100 4214 1058 87 4215 176 1100 4216 1057 1101 4217 1057 1101 4218 176 1100 4219 525 1025 4220 1057 1101 4221 525 1025 4222 1056 1092 4223 1071 1093 4224 1072 1102 4225 1074 1095 4226 1074 1095 4227 1072 1102 4228 1073 1103 4229 525 1025 4230 176 1100 4231 999 1018 4232 999 1018 4233 176 1100 4234 175 1019 4235 1078 1084 4236 1079 1104 4237 1081 1085 4238 1081 1085 4239 1079 1104 4240 1080 87 4241 1085 1075 4242 1086 1105 4243 1088 1076 4244 1088 1076 4245 1086 1105 4246 1087 87 4247 357 1021 4248 879 87 4249 862 1017 4250 862 1017 4251 879 87 4252 878 1015 4253 1097 87 4254 1098 87 4255 1096 87 4256 1096 87 4257 1098 87 4258 1099 87 4259 1104 87 4260 1105 1106 4261 1103 1069 4262 1103 1069 4263 1105 1106 4264 1106 1070 4265 1111 1107 4266 1112 1108 4267 1110 1045 4268 1110 1045 4269 1112 1108 4270 1113 1047 4271 999 1109 4272 862 893 4273 882 1110 4274 882 1110 4275 862 893 4276 861 892 4277 866 887 4278 1115 1111 4279 857 885 4280 857 885 4281 1115 1111 4282 883 1112 4283 888 1113 4284 887 1114 4285 1005 1115 4286 1005 1115 4287 887 1114 4288 1006 1116 4289 882 1110 4290 893 1117 4291 999 1109 4292 999 1109 4293 893 1117 4294 1000 1118 4295 1000 1118 4296 893 1117 4297 1001 1119 4298 1001 1119 4299 893 1117 4300 892 1120 4301 1001 1119 4302 892 1120 4303 1002 1121 4304 1002 1121 4305 892 1120 4306 891 1122 4307 1002 1121 4308 891 1122 4309 1003 1123 4310 1003 1123 4311 891 1122 4312 890 1124 4313 1003 1123 4314 890 1124 4315 1004 1125 4316 1004 1125 4317 890 1124 4318 889 1126 4319 1004 1125 4320 889 1126 4321 888 1113 4322 888 1113 4323 1005 1115 4324 1004 1125 4325 951 1127 4326 1066 1128 4327 952 1129 4328 952 1129 4329 1066 1128 4330 1065 1130 4331 952 1129 4332 1065 1130 4333 1064 1131 4334 952 1129 4335 1064 1131 4336 953 1132 4337 953 1132 4338 1064 1131 4339 535 653 4340 953 1132 4341 535 653 4342 534 657 4343 526 642 4344 1069 1133 4345 527 643 4346 527 643 4347 1069 1133 4348 948 1134 4349 948 1134 4350 1069 1133 4351 1068 1135 4352 948 1134 4353 1068 1135 4354 949 1136 4355 949 1136 4356 1068 1135 4357 950 1137 4358 950 1137 4359 1068 1135 4360 1067 1138 4361 887 1114 4362 886 1139 4363 1006 1116 4364 1006 1116 4365 886 1139 4366 1007 1139 4367 1007 1139 4368 886 1139 4369 885 1140 4370 1007 1139 4371 885 1140 4372 1008 1141 4373 1008 1141 4374 885 1140 4375 884 1142 4376 1008 1141 4377 884 1142 4378 1009 1143 4379 1009 1143 4380 884 1142 4381 817 845 4382 1009 1143 4383 817 845 4384 820 847 4385 883 1112 4386 1115 1111 4387 884 1142 4388 884 1142 4389 1115 1111 4390 817 845 4391 877 906 4392 977 1144 4393 878 904 4394 878 904 4395 977 1144 4396 1091 1145 4397 1091 1145 4398 977 1144 4399 976 1146 4400 1091 1145 4401 976 1146 4402 1092 1147 4403 1092 1147 4404 976 1146 4405 1093 1148 4406 1093 1148 4407 976 1146 4408 975 1149 4409 985 1150 4410 351 1151 4411 1116 1152 4412 1116 1152 4413 351 1151 4414 350 1153 4415 354 1154 4416 1117 1155 4417 875 1156 4418 875 1156 4419 1117 1155 4420 1118 1157 4421 875 1156 4422 1118 1157 4423 1119 1158 4424 553 1159 4425 912 1160 4426 545 1161 4427 545 1161 4428 912 1160 4429 920 1162 4430 545 1161 4431 920 1162 4432 546 1163 4433 546 1163 4434 920 1162 4435 919 1164 4436 546 1163 4437 919 1164 4438 547 1165 4439 547 1165 4440 919 1164 4441 918 1166 4442 547 1165 4443 918 1166 4444 548 1167 4445 548 1167 4446 918 1166 4447 917 1168 4448 548 1167 4449 917 1168 4450 549 1169 4451 549 1169 4452 917 1168 4453 916 1170 4454 549 1169 4455 916 1170 4456 550 1171 4457 550 1171 4458 916 1170 4459 915 1172 4460 550 1171 4461 915 1172 4462 551 1173 4463 551 1173 4464 915 1172 4465 914 1174 4466 551 1173 4467 914 1174 4468 552 1175 4469 552 1175 4470 914 1174 4471 913 1176 4472 552 1175 4473 913 1176 4474 553 1159 4475 553 1159 4476 913 1176 4477 912 1160 4478 352 1177 4479 984 1178 4480 353 1179 4481 353 1179 4482 984 1178 4483 542 1180 4484 978 1181 4485 876 1182 4486 1119 1183 4487 1119 1183 4488 876 1182 4489 875 1184 4490 522 1185 4491 980 1186 4492 444 558 4493 444 558 4494 980 1186 4495 979 1187 4496 444 558 4497 979 1187 4498 445 559 4499 445 559 4500 979 1187 4501 1089 1188 4502 445 559 4503 1089 1188 4504 1088 1189 4505 980 1186 4506 522 1185 4507 981 1190 4508 981 1190 4509 522 1185 4510 521 1191 4511 981 1190 4512 521 1191 4513 982 1192 4514 982 1192 4515 521 1191 4516 449 560 4517 982 1192 4518 449 560 4519 983 1193 4520 983 1193 4521 449 560 4522 456 562 4523 983 1193 4524 456 562 4525 1085 1194 4526 1085 1194 4527 456 562 4528 1086 1195 4529 1086 1195 4530 456 562 4531 518 1196 4532 1086 1195 4533 518 1196 4534 1087 1197 4535 1087 1197 4536 518 1196 4537 517 1198 4538 1087 1197 4539 517 1198 4540 1088 1189 4541 1088 1189 4542 517 1198 4543 445 559 4544 1118 1199 4545 554 1200 4546 1119 1183 4547 1119 1183 4548 554 1200 4549 979 1187 4550 1119 1183 4551 979 1187 4552 978 1181 4553 554 1200 4554 1118 1199 4555 555 1201 4556 555 1201 4557 1118 1199 4558 1117 1202 4559 555 1201 4560 1117 1202 4561 556 1203 4562 556 1203 4563 1117 1202 4564 355 1204 4565 355 1204 4566 1117 1202 4567 354 1205 4568 1090 1206 4569 1089 1188 4570 554 1200 4571 554 1200 4572 1089 1188 4573 979 1187 4574 1084 1207 4575 1120 1208 4576 1085 1194 4577 1085 1194 4578 1120 1208 4579 542 1180 4580 1085 1194 4581 542 1180 4582 983 1193 4583 983 1193 4584 542 1180 4585 984 1178 4586 1120 1208 4587 1121 1209 4588 542 1180 4589 542 1180 4590 1121 1209 4591 543 1210 4592 543 1210 4593 1121 1209 4594 1122 1211 4595 543 1210 4596 1122 1211 4597 544 1212 4598 544 1212 4599 1122 1211 4600 355 1213 4601 544 1212 4602 355 1213 4603 354 1214 4604 111 1215 4605 1127 1216 4606 103 1217 4607 103 1217 4608 1127 1216 4609 1128 194 4610 103 1217 4611 1128 194 4612 104 194 4613 104 194 4614 1128 194 4615 1129 194 4616 104 194 4617 1129 194 4618 105 194 4619 105 194 4620 1129 194 4621 1130 194 4622 105 194 4623 1130 194 4624 106 194 4625 106 194 4626 1130 194 4627 1131 194 4628 106 194 4629 1131 194 4630 107 1218 4631 107 1218 4632 1131 194 4633 1123 1219 4634 107 1218 4635 1123 1219 4636 108 1220 4637 108 1220 4638 1123 1219 4639 1124 194 4640 108 1220 4641 1124 194 4642 109 194 4643 109 194 4644 1124 194 4645 1125 1221 4646 109 194 4647 1125 1221 4648 110 1222 4649 110 1222 4650 1125 1221 4651 1126 1223 4652 110 1222 4653 1126 1223 4654 111 1215 4655 111 1215 4656 1126 1223 4657 1127 1216 4658 1131 1224 4659 1055 1225 4660 1123 1226 4661 1123 1226 4662 1055 1225 4663 1063 1227 4664 1123 1226 4665 1063 1227 4666 1124 1228 4667 1124 1228 4668 1063 1227 4669 1062 1229 4670 1124 1228 4671 1062 1229 4672 1125 1230 4673 1125 1230 4674 1062 1229 4675 1061 1231 4676 1125 1230 4677 1061 1231 4678 1126 1232 4679 1126 1232 4680 1061 1231 4681 1060 1233 4682 1126 1232 4683 1060 1233 4684 1127 1234 4685 1127 1234 4686 1060 1233 4687 1059 1235 4688 1127 1234 4689 1059 1235 4690 1128 1236 4691 1128 1236 4692 1059 1235 4693 1058 1237 4694 1128 1236 4695 1058 1237 4696 1129 1238 4697 1129 1238 4698 1058 1237 4699 1057 1239 4700 1129 1238 4701 1057 1239 4702 1130 1240 4703 1130 1240 4704 1057 1239 4705 1056 1241 4706 1130 1240 4707 1056 1241 4708 1131 1224 4709 1131 1224 4710 1056 1241 4711 1055 1225 4712 1070 1242 4713 525 1243 4714 180 1244 4715 180 1244 4716 525 1243 4717 181 1245 4718 1076 1246 4719 1075 1247 4720 182 1248 4721 182 1248 4722 1075 1247 4723 993 1249 4724 182 1248 4725 993 1249 4726 1132 1250 4727 1132 1250 4728 993 1249 4729 992 1251 4730 993 1249 4731 1075 1247 4732 54 113 4733 54 113 4734 1075 1247 4735 1074 1252 4736 54 113 4737 1074 1252 4738 55 1253 4739 55 1253 4740 1074 1252 4741 1073 1254 4742 55 1253 4743 1073 1254 4744 1072 1255 4745 55 1253 4746 1072 1255 4747 56 1256 4748 56 1256 4749 1072 1255 4750 1071 1257 4751 56 1256 4752 1071 1257 4753 57 116 4754 57 116 4755 1071 1257 4756 997 1258 4757 57 116 4758 997 1258 4759 91 114 4760 91 114 4761 997 1258 4762 996 1259 4763 91 114 4764 996 1259 4765 158 1260 4766 158 1260 4767 996 1259 4768 995 1261 4769 158 1260 4770 995 1261 4771 159 1262 4772 159 1262 4773 995 1261 4774 994 1263 4775 159 1262 4776 994 1263 4777 90 112 4778 90 112 4779 994 1263 4780 993 1249 4781 90 112 4782 993 1249 4783 54 113 4784 1070 1242 4785 180 1244 4786 1071 1257 4787 1071 1257 4788 180 1244 4789 185 1264 4790 1071 1257 4791 185 1264 4792 997 1258 4793 997 1258 4794 185 1264 4795 998 1265 4796 180 1244 4797 179 1266 4798 185 1264 4799 185 1264 4800 179 1266 4801 186 1267 4802 186 1267 4803 179 1266 4804 178 1268 4805 186 1267 4806 178 1268 4807 187 1269 4808 187 1269 4809 178 1268 4810 166 1270 4811 187 1269 4812 166 1270 4813 167 1271 4814 1132 1250 4815 1133 1272 4816 182 1248 4817 182 1248 4818 1133 1272 4819 183 1273 4820 183 1273 4821 1133 1272 4822 1134 1274 4823 183 1273 4824 1134 1274 4825 184 1275 4826 184 1275 4827 1134 1274 4828 167 1276 4829 184 1275 4830 167 1276 4831 166 1277 4832 176 1278 4833 1076 1246 4834 177 1279 4835 177 1279 4836 1076 1246 4837 182 1248 4838 330 1280 4839 1135 1281 4840 322 1282 4841 322 1282 4842 1135 1281 4843 1136 1283 4844 322 1282 4845 1136 1283 4846 323 1284 4847 323 1284 4848 1136 1283 4849 1137 1285 4850 323 1284 4851 1137 1285 4852 324 1286 4853 324 1286 4854 1137 1285 4855 1138 1287 4856 324 1286 4857 1138 1287 4858 325 1288 4859 325 1288 4860 1138 1287 4861 1139 1289 4862 325 1288 4863 1139 1289 4864 326 1290 4865 326 1290 4866 1139 1289 4867 1140 1291 4868 326 1290 4869 1140 1291 4870 327 1292 4871 327 1292 4872 1140 1291 4873 1141 1293 4874 327 1292 4875 1141 1293 4876 328 1294 4877 328 1294 4878 1141 1293 4879 1142 194 4880 328 1294 4881 1142 194 4882 329 194 4883 329 194 4884 1142 194 4885 1143 194 4886 329 194 4887 1143 194 4888 330 1280 4889 330 1280 4890 1143 194 4891 1135 1281 4892 1143 1295 4893 1046 1296 4894 1135 1297 4895 1135 1297 4896 1046 1296 4897 1054 1298 4898 1135 1297 4899 1054 1298 4900 1136 1299 4901 1136 1299 4902 1054 1298 4903 1053 1300 4904 1136 1299 4905 1053 1300 4906 1137 1301 4907 1137 1301 4908 1053 1300 4909 1052 1302 4910 1137 1301 4911 1052 1302 4912 1138 1303 4913 1138 1303 4914 1052 1302 4915 1051 1304 4916 1138 1303 4917 1051 1304 4918 1139 1305 4919 1139 1305 4920 1051 1304 4921 1050 1306 4922 1139 1305 4923 1050 1306 4924 1140 1307 4925 1140 1307 4926 1050 1306 4927 1049 1308 4928 1140 1307 4929 1049 1308 4930 1141 1309 4931 1141 1309 4932 1049 1308 4933 1048 1310 4934 1141 1309 4935 1048 1310 4936 1142 1311 4937 1142 1311 4938 1048 1310 4939 1047 1312 4940 1142 1311 4941 1047 1312 4942 1143 1295 4943 1143 1295 4944 1047 1312 4945 1046 1296 4946 1077 1313 4947 175 1314 4948 387 1315 4949 387 1315 4950 175 1314 4951 174 1316 4952 1083 1317 4953 1082 1318 4954 388 1319 4955 388 1319 4956 1082 1318 4957 1116 1152 4958 388 1319 4959 1116 1152 4960 1144 1320 4961 1081 1321 4962 260 368 4963 1082 1318 4964 1082 1318 4965 260 368 4966 986 1322 4967 1082 1318 4968 986 1322 4969 1116 1152 4970 1116 1152 4971 986 1322 4972 985 1150 4973 260 368 4974 1081 1321 4975 261 1323 4976 261 1323 4977 1081 1321 4978 1080 1324 4979 261 1323 4980 1080 1324 4981 1079 1325 4982 261 1323 4983 1079 1325 4984 262 1326 4985 262 1326 4986 1079 1325 4987 1078 1327 4988 262 1326 4989 1078 1327 4990 263 372 4991 263 372 4992 1078 1327 4993 990 1328 4994 263 372 4995 990 1328 4996 286 373 4997 286 373 4998 990 1328 4999 989 1329 5000 286 373 5001 989 1329 5002 287 1330 5003 287 1330 5004 989 1329 5005 988 1331 5006 287 1330 5007 988 1331 5008 288 1332 5009 288 1332 5010 988 1331 5011 987 1333 5012 288 1332 5013 987 1333 5014 289 367 5015 289 367 5016 987 1333 5017 986 1322 5018 289 367 5019 986 1322 5020 260 368 5021 1077 1313 5022 387 1315 5023 1078 1327 5024 1078 1327 5025 387 1315 5026 391 1334 5027 1078 1327 5028 391 1334 5029 990 1328 5030 990 1328 5031 391 1334 5032 991 1335 5033 387 1315 5034 386 1336 5035 391 1334 5036 391 1334 5037 386 1336 5038 392 1337 5039 392 1337 5040 386 1336 5041 385 1338 5042 392 1337 5043 385 1338 5044 393 1339 5045 393 1339 5046 385 1338 5047 173 1340 5048 393 1339 5049 173 1340 5050 172 1341 5051 388 1319 5052 1144 1320 5053 389 1342 5054 389 1342 5055 1144 1320 5056 1145 1343 5057 389 1342 5058 1145 1343 5059 390 1344 5060 390 1344 5061 1145 1343 5062 172 1345 5063 390 1344 5064 172 1345 5065 173 1346 5066 358 1347 5067 1083 1317 5068 359 1348 5069 359 1348 5070 1083 1317 5071 388 1319 5072 355 1349 5073 1122 1350 5074 356 1351 5075 356 1351 5076 1122 1350 5077 1121 1352 5078 356 1351 5079 1121 1352 5080 1120 1353 5081 566 1354 5082 1037 1355 5083 558 1356 5084 558 1356 5085 1037 1355 5086 1045 1357 5087 558 1356 5088 1045 1357 5089 559 1358 5090 559 1358 5091 1045 1357 5092 1044 1359 5093 559 1358 5094 1044 1359 5095 560 1360 5096 560 1360 5097 1044 1359 5098 1043 1361 5099 560 1360 5100 1043 1361 5101 561 1362 5102 561 1362 5103 1043 1361 5104 1042 1363 5105 561 1362 5106 1042 1363 5107 562 1364 5108 562 1364 5109 1042 1363 5110 1041 1365 5111 562 1364 5112 1041 1365 5113 563 1366 5114 563 1366 5115 1041 1365 5116 1040 1167 5117 563 1366 5118 1040 1167 5119 564 1166 5120 564 1166 5121 1040 1167 5122 1039 1367 5123 564 1166 5124 1039 1367 5125 565 1368 5126 565 1368 5127 1039 1367 5128 1038 1369 5129 565 1368 5130 1038 1369 5131 566 1354 5132 566 1354 5133 1038 1369 5134 1037 1355 5135 1084 1207 5136 357 1370 5137 1120 1208 5138 1120 1208 5139 357 1370 5140 356 1371 5141 879 1372 5142 1090 1206 5143 557 1373 5144 557 1373 5145 1090 1206 5146 554 1200 5147 139 87 5148 157 1374 5149 1148 87 5150 1148 87 5151 157 1374 5152 1147 87 5153 1147 87 5154 157 1374 5155 1146 1375 5156 1146 1375 5157 157 1374 5158 531 1376 5159 531 1376 5160 157 1374 5161 156 1377 5162 531 1376 5163 156 1377 5164 155 1378 5165 531 1376 5166 155 1378 5167 532 1379 5168 532 1379 5169 155 1378 5170 154 87 5171 532 1379 5172 154 87 5173 153 87 5174 153 87 5175 152 87 5176 532 1379 5177 206 1380 5178 921 1381 5179 198 1382 5180 198 1382 5181 921 1381 5182 929 1383 5183 198 1382 5184 929 1383 5185 199 1384 5186 199 1384 5187 929 1383 5188 928 1385 5189 199 1384 5190 928 1385 5191 200 1386 5192 200 1386 5193 928 1385 5194 927 1387 5195 200 1386 5196 927 1387 5197 201 1388 5198 201 1388 5199 927 1387 5200 926 1389 5201 201 1388 5202 926 1389 5203 202 1390 5204 202 1390 5205 926 1389 5206 925 1391 5207 202 1390 5208 925 1391 5209 203 1392 5210 203 1392 5211 925 1391 5212 924 1393 5213 203 1392 5214 924 1393 5215 204 1394 5216 204 1394 5217 924 1393 5218 923 1395 5219 204 1394 5220 923 1395 5221 205 1396 5222 205 1396 5223 923 1395 5224 922 1397 5225 205 1396 5226 922 1397 5227 206 1380 5228 206 1380 5229 922 1397 5230 921 1381 5231 165 1398 5232 954 1399 5233 152 1400 5234 152 1400 5235 954 1399 5236 533 1401 5237 152 1400 5238 533 1401 5239 532 1402 5240 959 1403 5241 139 1404 5242 960 1405 5243 960 1405 5244 139 1404 5245 1148 1406 5246 960 1405 5247 1148 1406 5248 1147 1407 5249 139 1404 5250 959 1403 5251 160 1408 5252 160 1408 5253 959 1403 5254 958 1409 5255 160 1408 5256 958 1409 5257 161 1410 5258 161 1410 5259 958 1409 5260 957 1411 5261 161 1410 5262 957 1411 5263 162 1412 5264 162 1412 5265 957 1411 5266 956 1413 5267 162 1412 5268 956 1413 5269 163 1414 5270 163 1414 5271 956 1413 5272 955 1415 5273 163 1414 5274 955 1415 5275 164 1416 5276 164 1416 5277 955 1415 5278 954 1399 5279 164 1416 5280 954 1399 5281 165 1398 5282 1147 1407 5283 1146 1417 5284 960 1405 5285 530 1418 5286 960 1405 5287 531 1419 5288 531 1419 5289 960 1405 5290 1146 1417 5291 321 1420 5292 1149 1421 5293 313 1422 5294 313 1422 5295 1149 1421 5296 1150 1423 5297 313 1422 5298 1150 1423 5299 314 1424 5300 314 1424 5301 1150 1423 5302 1151 1425 5303 314 1424 5304 1151 1425 5305 315 1426 5306 315 1426 5307 1151 1425 5308 1152 1427 5309 315 1426 5310 1152 1427 5311 316 1428 5312 316 1428 5313 1152 1427 5314 1153 87 5315 316 1428 5316 1153 87 5317 317 1429 5318 317 1429 5319 1153 87 5320 1154 1430 5321 317 1429 5322 1154 1430 5323 318 1431 5324 318 1431 5325 1154 1430 5326 1155 1432 5327 318 1431 5328 1155 1432 5329 319 1433 5330 319 1433 5331 1155 1432 5332 1156 87 5333 319 1433 5334 1156 87 5335 320 1434 5336 320 1434 5337 1156 87 5338 1157 1435 5339 320 1434 5340 1157 1435 5341 321 1420 5342 321 1420 5343 1157 1435 5344 1149 1421 5345 1157 1436 5346 930 1437 5347 1149 1438 5348 1149 1438 5349 930 1437 5350 938 1439 5351 1149 1438 5352 938 1439 5353 1150 1440 5354 1150 1440 5355 938 1439 5356 937 1441 5357 1150 1440 5358 937 1441 5359 1151 1442 5360 1151 1442 5361 937 1441 5362 936 1443 5363 1151 1442 5364 936 1443 5365 1152 1444 5366 1152 1444 5367 936 1443 5368 935 1445 5369 1152 1444 5370 935 1445 5371 1153 1446 5372 1153 1446 5373 935 1445 5374 934 1447 5375 1153 1446 5376 934 1447 5377 1154 1448 5378 1154 1448 5379 934 1447 5380 933 1449 5381 1154 1448 5382 933 1449 5383 1155 1450 5384 1155 1450 5385 933 1449 5386 932 1451 5387 1155 1450 5388 932 1451 5389 1156 1452 5390 1156 1452 5391 932 1451 5392 931 1453 5393 1156 1452 5394 931 1453 5395 1157 1436 5396 1157 1436 5397 931 1453 5398 930 1437 5399 961 1454 5400 529 1455 5401 364 1456 5402 364 1456 5403 529 1455 5404 365 1457 5405 966 1458 5406 366 1459 5407 967 1460 5408 967 1460 5409 366 1459 5410 225 1461 5411 967 1460 5412 225 1461 5413 275 1462 5414 965 1463 5415 370 1464 5416 966 1458 5417 966 1458 5418 370 1464 5419 369 1465 5420 966 1458 5421 369 1465 5422 368 1466 5423 964 1467 5424 277 1468 5425 965 1463 5426 965 1463 5427 277 1468 5428 276 1469 5429 965 1463 5430 276 1469 5431 370 1464 5432 964 1467 5433 963 1470 5434 277 1468 5435 277 1468 5436 963 1470 5437 278 1471 5438 278 1471 5439 963 1470 5440 962 1472 5441 278 1471 5442 962 1472 5443 279 1473 5444 279 1473 5445 962 1472 5446 360 1474 5447 360 1474 5448 962 1472 5449 361 1475 5450 361 1475 5451 962 1472 5452 362 1476 5453 362 1476 5454 962 1472 5455 961 1454 5456 362 1476 5457 961 1454 5458 363 1477 5459 363 1477 5460 961 1454 5461 364 1456 5462 368 1466 5463 367 1478 5464 966 1458 5465 966 1458 5466 367 1478 5467 366 1459 5468 275 1462 5469 274 1479 5470 967 1460 5471 967 1460 5472 274 1479 5473 273 1480 5474 349 1481 5475 348 1482 5476 220 1483 5477 220 1483 5478 348 1482 5479 967 1460 5480 220 1483 5481 967 1460 5482 273 1480 5483 434 87 5484 1161 87 5485 435 87 5486 435 87 5487 1161 87 5488 1162 87 5489 435 87 5490 1162 87 5491 479 87 5492 479 87 5493 1162 87 5494 480 87 5495 480 87 5496 1162 87 5497 471 87 5498 433 1484 5499 1159 87 5500 434 87 5501 434 87 5502 1159 87 5503 1160 87 5504 434 87 5505 1160 87 5506 1161 87 5507 415 1485 5508 1158 1486 5509 433 1484 5510 433 1484 5511 1158 1486 5512 1159 87 5513 581 1487 5514 939 1488 5515 573 1489 5516 573 1489 5517 939 1488 5518 947 1490 5519 573 1489 5520 947 1490 5521 574 1491 5522 574 1491 5523 947 1490 5524 946 1492 5525 574 1491 5526 946 1492 5527 575 1493 5528 575 1493 5529 946 1492 5530 945 1494 5531 575 1493 5532 945 1494 5533 576 1495 5534 576 1495 5535 945 1494 5536 944 1496 5537 576 1495 5538 944 1496 5539 577 1497 5540 577 1497 5541 944 1496 5542 943 1498 5543 577 1497 5544 943 1498 5545 578 1499 5546 578 1499 5547 943 1498 5548 942 1500 5549 578 1499 5550 942 1500 5551 579 1268 5552 579 1268 5553 942 1500 5554 941 1501 5555 579 1268 5556 941 1501 5557 580 1502 5558 580 1502 5559 941 1501 5560 940 1503 5561 580 1502 5562 940 1503 5563 581 1487 5564 581 1487 5565 940 1503 5566 939 1488 5567 968 1504 5568 347 1505 5569 572 1506 5570 572 1506 5571 347 1505 5572 346 1507 5573 973 1508 5574 415 1509 5575 974 1510 5576 974 1510 5577 415 1509 5578 414 1511 5579 974 1510 5580 414 1511 5581 413 1512 5582 972 1513 5583 1162 1514 5584 973 1508 5585 973 1508 5586 1162 1514 5587 1161 1515 5588 973 1508 5589 1161 1515 5590 1160 1516 5591 971 1517 5592 523 1518 5593 972 1513 5594 972 1513 5595 523 1518 5596 471 1519 5597 972 1513 5598 471 1519 5599 1162 1514 5600 523 1518 5601 971 1517 5602 524 1520 5603 524 1520 5604 971 1517 5605 970 1521 5606 524 1520 5607 970 1521 5608 457 1522 5609 457 1522 5610 970 1521 5611 969 1523 5612 457 1522 5613 969 1523 5614 568 1524 5615 568 1524 5616 969 1523 5617 569 1525 5618 569 1525 5619 969 1523 5620 570 1526 5621 570 1526 5622 969 1523 5623 968 1504 5624 570 1526 5625 968 1504 5626 571 1527 5627 571 1527 5628 968 1504 5629 572 1506 5630 1160 1516 5631 1159 1528 5632 973 1508 5633 973 1508 5634 1159 1528 5635 1158 1529 5636 973 1508 5637 1158 1529 5638 415 1509 5639 413 1512 5640 412 1530 5641 974 1510 5642 567 1419 5643 881 1531 5644 420 1532 5645 420 1532 5646 881 1531 5647 974 1510 5648 420 1532 5649 974 1510 5650 412 1530 5651 838 1533 5652 830 1534 5653 821 1535 5654 821 1535 5655 830 1534 5656 829 1536 5657 821 1535 5658 829 1536 5659 822 1537 5660 822 1537 5661 829 1536 5662 828 1538 5663 822 1537 5664 828 1538 5665 823 1539 5666 823 1539 5667 828 1538 5668 827 1540 5669 823 1539 5670 827 1540 5671 826 1541 5672 830 1534 5673 838 1533 5674 831 1542 5675 831 1542 5676 838 1533 5677 837 1543 5678 831 1542 5679 837 1543 5680 832 1544 5681 832 1544 5682 837 1543 5683 836 1545 5684 832 1544 5685 836 1545 5686 833 1546 5687 833 1546 5688 836 1545 5689 835 1547 5690 833 1546 5691 835 1547 5692 834 1548 5693 826 1541 5694 825 1549 5695 823 1539 5696 823 1539 5697 825 1549 5698 824 72 5699 1164 1550 5700 1176 1551 5701 1163 1552 5702 1163 1552 5703 1176 1551 5704 1177 1553 5705 1163 1552 5706 1177 1553 5707 1173 1554 5708 1173 1554 5709 1177 1553 5710 1178 1555 5711 1173 1554 5712 1178 1555 5713 1172 1556 5714 1172 1556 5715 1178 1555 5716 1179 1557 5717 1172 1556 5718 1179 1557 5719 1171 1558 5720 1171 1558 5721 1179 1557 5722 1180 1559 5723 1171 1558 5724 1180 1559 5725 1170 1560 5726 1170 1560 5727 1180 1559 5728 1181 1561 5729 1170 1560 5730 1181 1561 5731 1182 1562 5732 1176 1551 5733 1164 1550 5734 1175 1563 5735 1175 1563 5736 1164 1550 5737 1165 1564 5738 1175 1563 5739 1165 1564 5740 1174 1565 5741 1174 1565 5742 1165 1564 5743 1166 1566 5744 1174 1565 5745 1166 1566 5746 1184 1567 5747 1184 1567 5748 1166 1566 5749 1167 1568 5750 1184 1567 5751 1167 1568 5752 1183 1569 5753 1183 1569 5754 1167 1568 5755 1168 1570 5756 1183 1569 5757 1168 1570 5758 1169 1571 5759 1183 1569 5760 1169 1571 5761 1182 1562 5762 1182 1562 5763 1169 1571 5764 1170 1560 5765 1186 1572 5766 1198 1573 5767 1185 1574 5768 1185 1574 5769 1198 1573 5770 1199 1575 5771 1185 1574 5772 1199 1575 5773 1195 1576 5774 1195 1576 5775 1199 1575 5776 1200 1577 5777 1195 1576 5778 1200 1577 5779 1194 1578 5780 1194 1578 5781 1200 1577 5782 1201 1579 5783 1194 1578 5784 1201 1579 5785 1193 1580 5786 1193 1580 5787 1201 1579 5788 1202 1581 5789 1193 1580 5790 1202 1581 5791 1192 1582 5792 1192 1582 5793 1202 1581 5794 1203 1583 5795 1192 1582 5796 1203 1583 5797 1204 1584 5798 1198 1573 5799 1186 1572 5800 1197 1585 5801 1197 1585 5802 1186 1572 5803 1187 1586 5804 1197 1585 5805 1187 1586 5806 1196 1587 5807 1196 1587 5808 1187 1586 5809 1188 1588 5810 1196 1587 5811 1188 1588 5812 1206 1589 5813 1206 1589 5814 1188 1588 5815 1189 1590 5816 1206 1589 5817 1189 1590 5818 1205 1591 5819 1205 1591 5820 1189 1590 5821 1190 1592 5822 1205 1591 5823 1190 1592 5824 1191 1593 5825 1205 1591 5826 1191 1593 5827 1204 1584 5828 1204 1584 5829 1191 1593 5830 1192 1582 5831 1208 1594 5832 1220 1595 5833 1207 1596 5834 1207 1596 5835 1220 1595 5836 1221 1597 5837 1207 1596 5838 1221 1597 5839 1217 1598 5840 1217 1598 5841 1221 1597 5842 1222 1599 5843 1217 1598 5844 1222 1599 5845 1216 1600 5846 1216 1600 5847 1222 1599 5848 1223 1601 5849 1216 1600 5850 1223 1601 5851 1215 1602 5852 1215 1602 5853 1223 1601 5854 1224 1603 5855 1215 1602 5856 1224 1603 5857 1214 1604 5858 1214 1604 5859 1224 1603 5860 1225 1605 5861 1214 1604 5862 1225 1605 5863 1226 1606 5864 1220 1595 5865 1208 1594 5866 1219 1607 5867 1219 1607 5868 1208 1594 5869 1209 1608 5870 1219 1607 5871 1209 1608 5872 1218 1609 5873 1218 1609 5874 1209 1608 5875 1210 1610 5876 1218 1609 5877 1210 1610 5878 1228 1611 5879 1228 1611 5880 1210 1610 5881 1211 1612 5882 1228 1611 5883 1211 1612 5884 1227 1613 5885 1227 1613 5886 1211 1612 5887 1212 1614 5888 1227 1613 5889 1212 1614 5890 1213 1615 5891 1227 1613 5892 1213 1615 5893 1226 1606 5894 1226 1606 5895 1213 1615 5896 1214 1604 5897 1230 1616 5898 1242 1617 5899 1229 1618 5900 1229 1618 5901 1242 1617 5902 1243 1619 5903 1229 1618 5904 1243 1619 5905 1239 1620 5906 1239 1620 5907 1243 1619 5908 1244 1621 5909 1239 1620 5910 1244 1621 5911 1238 1622 5912 1238 1622 5913 1244 1621 5914 1245 1623 5915 1238 1622 5916 1245 1623 5917 1237 1624 5918 1237 1624 5919 1245 1623 5920 1246 1625 5921 1237 1624 5922 1246 1625 5923 1236 1626 5924 1236 1626 5925 1246 1625 5926 1247 1627 5927 1236 1626 5928 1247 1627 5929 1248 1628 5930 1242 1617 5931 1230 1616 5932 1241 1629 5933 1241 1629 5934 1230 1616 5935 1231 1630 5936 1241 1629 5937 1231 1630 5938 1240 1631 5939 1240 1631 5940 1231 1630 5941 1232 1632 5942 1240 1631 5943 1232 1632 5944 1250 1633 5945 1250 1633 5946 1232 1632 5947 1233 1634 5948 1250 1633 5949 1233 1634 5950 1249 1635 5951 1249 1635 5952 1233 1634 5953 1234 1636 5954 1249 1635 5955 1234 1636 5956 1235 1637 5957 1249 1635 5958 1235 1637 5959 1248 1628 5960 1248 1628 5961 1235 1637 5962 1236 1626 5963 69 194 5964 147 194 5965 537 1638 5966 537 1638 5967 147 194 5968 146 194 5969 537 1638 5970 146 194 5971 145 1639 5972 537 1638 5973 145 1639 5974 538 1640 5975 538 1640 5976 145 1639 5977 144 1641 5978 538 1640 5979 144 1641 5980 143 1642 5981 76 194 5982 1251 1643 5983 143 1642 5984 143 1642 5985 1251 1643 5986 1252 1644 5987 143 1642 5988 1252 1644 5989 1253 1645 5990 1253 1645 5991 538 1640 5992 143 1642 5993 215 1646 5994 1028 1647 5995 207 1382 5996 207 1382 5997 1028 1647 5998 1036 1648 5999 207 1382 6000 1036 1648 6001 208 1649 6002 208 1649 6003 1036 1648 6004 1035 1650 6005 208 1649 6006 1035 1650 6007 209 1651 6008 209 1651 6009 1035 1650 6010 1034 1393 6011 209 1651 6012 1034 1393 6013 210 1394 6014 210 1394 6015 1034 1393 6016 1033 1652 6017 210 1394 6018 1033 1652 6019 211 1447 6020 211 1447 6021 1033 1652 6022 1032 1653 6023 211 1447 6024 1032 1653 6025 212 1389 6026 212 1389 6027 1032 1653 6028 1031 1654 6029 212 1389 6030 1031 1654 6031 213 1387 6032 213 1387 6033 1031 1654 6034 1030 1655 6035 213 1387 6036 1030 1655 6037 214 1656 6038 214 1656 6039 1030 1655 6040 1029 1657 6041 214 1656 6042 1029 1657 6043 215 1646 6044 215 1646 6045 1029 1657 6046 1028 1647 6047 537 1402 6048 536 1658 6049 69 1659 6050 69 1659 6051 536 1658 6052 1114 1660 6053 69 1659 6054 1114 1660 6055 70 1661 6056 1108 1662 6057 539 1663 6058 1253 1664 6059 1253 1664 6060 539 1663 6061 538 1665 6062 70 1661 6063 1114 1660 6064 71 1666 6065 71 1666 6066 1114 1660 6067 1113 1667 6068 71 1666 6069 1113 1667 6070 72 1668 6071 72 1668 6072 1113 1667 6073 1112 1669 6074 72 1668 6075 1112 1669 6076 73 1670 6077 73 1670 6078 1112 1669 6079 1111 1671 6080 73 1670 6081 1111 1671 6082 74 1672 6083 74 1672 6084 1111 1671 6085 1110 1673 6086 74 1672 6087 1110 1673 6088 75 1674 6089 75 1674 6090 1110 1673 6091 1109 1675 6092 75 1674 6093 1109 1675 6094 76 1676 6095 76 1676 6096 1109 1675 6097 1108 1662 6098 76 1676 6099 1108 1662 6100 1251 1677 6101 1251 1677 6102 1108 1662 6103 1252 1678 6104 1252 1678 6105 1108 1662 6106 1253 1664 6107 244 1679 6108 1256 1680 6109 245 1681 6110 245 1681 6111 1256 1680 6112 1257 1682 6113 245 1681 6114 1257 1682 6115 1258 1683 6116 243 1684 6117 1254 1685 6118 244 1679 6119 244 1679 6120 1254 1685 6121 1255 1686 6122 244 1679 6123 1255 1686 6124 1256 1680 6125 1254 1685 6126 243 1684 6127 541 194 6128 541 194 6129 243 1684 6130 242 194 6131 541 194 6132 242 194 6133 241 194 6134 250 194 6135 299 194 6136 1258 1683 6137 1258 1683 6138 299 194 6139 298 1687 6140 1258 1683 6141 298 1687 6142 245 1681 6143 384 1688 6144 1019 1689 6145 376 1690 6146 376 1690 6147 1019 1689 6148 1027 1691 6149 376 1690 6150 1027 1691 6151 377 1692 6152 377 1692 6153 1027 1691 6154 1026 1693 6155 377 1692 6156 1026 1693 6157 378 1694 6158 378 1694 6159 1026 1693 6160 1025 1695 6161 378 1694 6162 1025 1695 6163 379 1696 6164 379 1696 6165 1025 1695 6166 1024 1697 6167 379 1696 6168 1024 1697 6169 380 1698 6170 380 1698 6171 1024 1697 6172 1023 1699 6173 380 1698 6174 1023 1699 6175 381 1700 6176 381 1700 6177 1023 1699 6178 1022 1701 6179 381 1700 6180 1022 1701 6181 382 1702 6182 382 1702 6183 1022 1701 6184 1021 1703 6185 382 1702 6186 1021 1703 6187 383 1704 6188 383 1704 6189 1021 1703 6190 1020 1705 6191 383 1704 6192 1020 1705 6193 384 1688 6194 384 1688 6195 1020 1705 6196 1019 1689 6197 540 1706 6198 1107 1707 6199 541 1708 6200 541 1708 6201 1107 1707 6202 1254 1709 6203 270 1710 6204 1101 1711 6205 237 1712 6206 237 1712 6207 1101 1711 6208 341 1713 6209 237 1712 6210 341 1713 6211 340 1481 6212 1106 1714 6213 1256 1715 6214 1107 1707 6215 1107 1707 6216 1256 1715 6217 1255 1716 6218 1107 1707 6219 1255 1716 6220 1254 1709 6221 1105 1717 6222 250 1718 6223 1106 1714 6224 1106 1714 6225 250 1718 6226 1258 1719 6227 1106 1714 6228 1258 1719 6229 1257 1720 6230 250 1718 6231 1105 1717 6232 251 1721 6233 251 1721 6234 1105 1717 6235 1104 1722 6236 251 1721 6237 1104 1722 6238 252 1723 6239 252 1723 6240 1104 1722 6241 1103 1724 6242 252 1723 6243 1103 1724 6244 253 1725 6245 253 1725 6246 1103 1724 6247 371 1726 6248 371 1726 6249 1103 1724 6250 1102 1727 6251 371 1726 6252 1102 1727 6253 372 1728 6254 372 1728 6255 1102 1727 6256 373 1729 6257 373 1729 6258 1102 1727 6259 374 1730 6260 374 1730 6261 1102 1727 6262 375 1731 6263 375 1731 6264 1102 1727 6265 1101 1711 6266 375 1731 6267 1101 1711 6268 232 1732 6269 232 1732 6270 1101 1711 6271 271 1733 6272 271 1733 6273 1101 1711 6274 272 1734 6275 272 1734 6276 1101 1711 6277 270 1710 6278 1257 1720 6279 1256 1715 6280 1106 1714 6281 507 1735 6282 1263 194 6283 499 194 6284 499 194 6285 1263 194 6286 1264 194 6287 499 194 6288 1264 194 6289 500 194 6290 500 194 6291 1264 194 6292 1265 194 6293 500 194 6294 1265 194 6295 501 1736 6296 501 1736 6297 1265 194 6298 1266 1737 6299 501 1736 6300 1266 1737 6301 502 1738 6302 502 1738 6303 1266 1737 6304 1267 1739 6305 502 1738 6306 1267 1739 6307 503 1740 6308 503 1740 6309 1267 1739 6310 1259 1741 6311 503 1740 6312 1259 1741 6313 504 1742 6314 504 1742 6315 1259 1741 6316 1260 1743 6317 504 1742 6318 1260 1743 6319 505 1744 6320 505 1744 6321 1260 1743 6322 1261 1745 6323 505 1744 6324 1261 1745 6325 506 1746 6326 506 1746 6327 1261 1745 6328 1262 1747 6329 506 1746 6330 1262 1747 6331 507 1735 6332 507 1735 6333 1262 1747 6334 1263 194 6335 1267 1748 6336 1010 1749 6337 1259 1750 6338 1259 1750 6339 1010 1749 6340 1018 1751 6341 1259 1750 6342 1018 1751 6343 1260 1752 6344 1260 1752 6345 1018 1751 6346 1017 1753 6347 1260 1752 6348 1017 1753 6349 1261 1754 6350 1261 1754 6351 1017 1753 6352 1016 1268 6353 1261 1754 6354 1016 1268 6355 1262 1500 6356 1262 1500 6357 1016 1268 6358 1015 1755 6359 1262 1500 6360 1015 1755 6361 1263 1756 6362 1263 1756 6363 1015 1755 6364 1014 1757 6365 1263 1756 6366 1014 1757 6367 1264 1758 6368 1264 1758 6369 1014 1757 6370 1013 1759 6371 1264 1758 6372 1013 1759 6373 1265 1760 6374 1265 1760 6375 1013 1759 6376 1012 1761 6377 1265 1760 6378 1012 1761 6379 1266 1762 6380 1266 1762 6381 1012 1761 6382 1011 1763 6383 1266 1762 6384 1011 1763 6385 1267 1748 6386 1267 1748 6387 1011 1763 6388 1010 1749 6389 342 1764 6390 1100 1765 6391 343 1766 6392 343 1766 6393 1100 1765 6394 582 1767 6395 406 1768 6396 1094 1769 6397 407 1770 6398 407 1770 6399 1094 1769 6400 880 1771 6401 407 1770 6402 880 1771 6403 587 1419 6404 1099 1772 6405 584 1773 6406 1100 1765 6407 1100 1765 6408 584 1773 6409 583 1774 6410 1100 1765 6411 583 1774 6412 582 1767 6413 1098 1775 6414 462 1776 6415 1099 1772 6416 1099 1772 6417 462 1776 6418 586 1777 6419 1099 1772 6420 586 1777 6421 585 1778 6422 462 1776 6423 1098 1775 6424 519 1779 6425 519 1779 6426 1098 1775 6427 1097 1780 6428 519 1779 6429 1097 1780 6430 520 1781 6431 520 1781 6432 1097 1780 6433 1096 1782 6434 520 1781 6435 1096 1782 6436 476 1783 6437 476 1783 6438 1096 1782 6439 588 1784 6440 588 1784 6441 1096 1782 6442 1095 1785 6443 588 1784 6444 1095 1785 6445 589 1786 6446 589 1786 6447 1095 1785 6448 590 1787 6449 590 1787 6450 1095 1785 6451 591 1788 6452 591 1788 6453 1095 1785 6454 592 1789 6455 592 1789 6456 1095 1785 6457 1094 1769 6458 592 1789 6459 1094 1769 6460 403 1790 6461 403 1790 6462 1094 1769 6463 404 1791 6464 404 1791 6465 1094 1769 6466 405 1792 6467 405 1792 6468 1094 1769 6469 406 1768 6470 585 1778 6471 584 1773 6472 1099 1772 6473 867 895 6474 1172 1793 6475 975 1149 6476 975 1149 6477 1172 1793 6478 1171 1794 6479 975 1149 6480 1171 1794 6481 1170 1795 6482 874 894 6483 1229 1796 6484 867 895 6485 867 895 6486 1229 1796 6487 1239 1797 6488 867 895 6489 1239 1797 6490 1238 1798 6491 1093 1148 6492 1211 1799 6493 874 894 6494 874 894 6495 1211 1799 6496 1210 1800 6497 874 894 6498 1210 1800 6499 1209 1801 6500 975 1149 6501 1191 1802 6502 1093 1148 6503 1093 1148 6504 1191 1802 6505 1190 1803 6506 1093 1148 6507 1190 1803 6508 1189 1804 6509 1173 1805 6510 1236 1806 6511 1163 1807 6512 1163 1807 6513 1236 1806 6514 1235 1808 6515 1163 1807 6516 1235 1808 6517 1164 1809 6518 1164 1809 6519 1235 1808 6520 1234 1810 6521 1164 1809 6522 1234 1810 6523 1215 1811 6524 1215 1811 6525 1234 1810 6526 1216 1812 6527 1216 1812 6528 1234 1810 6529 1233 1813 6530 1216 1812 6531 1233 1813 6532 1217 1814 6533 1217 1814 6534 1233 1813 6535 1232 1815 6536 1217 1814 6537 1232 1815 6538 1207 1816 6539 1207 1816 6540 1232 1815 6541 1231 1817 6542 1207 1816 6543 1231 1817 6544 1230 1818 6545 1236 1806 6546 1173 1805 6547 867 895 6548 867 895 6549 1173 1805 6550 1172 1793 6551 1170 1795 6552 1169 1819 6553 975 1149 6554 975 1149 6555 1169 1819 6556 1192 1820 6557 975 1149 6558 1192 1820 6559 1191 1802 6560 1169 1819 6561 1168 1821 6562 1192 1820 6563 1192 1820 6564 1168 1821 6565 1193 1822 6566 1193 1822 6567 1168 1821 6568 1194 1823 6569 1194 1823 6570 1168 1821 6571 1167 1824 6572 1194 1823 6573 1167 1824 6574 1195 1825 6575 1195 1825 6576 1167 1824 6577 1166 1826 6578 1195 1825 6579 1166 1826 6580 1185 1827 6581 1185 1827 6582 1166 1826 6583 1165 1828 6584 1185 1827 6585 1165 1828 6586 1213 1829 6587 1213 1829 6588 1165 1828 6589 1214 1830 6590 1214 1830 6591 1165 1828 6592 1164 1809 6593 1214 1830 6594 1164 1809 6595 1215 1811 6596 1189 1804 6597 1188 1831 6598 1093 1148 6599 1093 1148 6600 1188 1831 6601 1187 1832 6602 1093 1148 6603 1187 1832 6604 1186 1833 6605 1185 1827 6606 1213 1829 6607 1186 1833 6608 1186 1833 6609 1213 1829 6610 1212 1834 6611 1186 1833 6612 1212 1834 6613 1093 1148 6614 1093 1148 6615 1212 1834 6616 1211 1799 6617 1209 1801 6618 1208 1835 6619 874 894 6620 874 894 6621 1208 1835 6622 1207 1816 6623 874 894 6624 1207 1816 6625 1230 1818 6626 1238 1798 6627 1237 1836 6628 867 895 6629 867 895 6630 1237 1836 6631 1236 1806 6632 1230 1818 6633 1229 1796 6634 874 894 6635 951 1127 6636 950 1137 6637 1066 1128 6638 1066 1128 6639 950 1137 6640 1067 1138 6641 167 87 6642 1134 87 6643 168 87 6644 168 87 6645 1134 87 6646 1133 87 6647 168 87 6648 1133 87 6649 1132 87 6650 528 1837 6651 998 1265 6652 188 1838 6653 188 1838 6654 998 1265 6655 185 1264 6656 197 1839 6657 894 1840 6658 189 1226 6659 189 1226 6660 894 1840 6661 902 1841 6662 189 1226 6663 902 1841 6664 190 1842 6665 190 1842 6666 902 1841 6667 901 1843 6668 190 1842 6669 901 1843 6670 191 1844 6671 191 1844 6672 901 1843 6673 900 1237 6674 191 1844 6675 900 1237 6676 192 1238 6677 192 1238 6678 900 1237 6679 899 1845 6680 192 1238 6681 899 1845 6682 193 1306 6683 193 1306 6684 899 1845 6685 898 1846 6686 193 1306 6687 898 1846 6688 194 1233 6689 194 1233 6690 898 1846 6691 897 1847 6692 194 1233 6693 897 1847 6694 195 1231 6695 195 1231 6696 897 1847 6697 896 1848 6698 195 1231 6699 896 1848 6700 196 1849 6701 196 1849 6702 896 1848 6703 895 1850 6704 196 1849 6705 895 1850 6706 197 1839 6707 197 1839 6708 895 1850 6709 894 1840 6710 992 1251 6711 169 1851 6712 1132 1250 6713 1132 1250 6714 169 1851 6715 168 1852 6716 172 87 6717 1145 1853 6718 350 1854 6719 350 1854 6720 1145 1853 6721 1144 1855 6722 350 1854 6723 1144 1855 6724 1116 87 6725 170 1856 6726 991 1335 6727 171 1857 6728 171 1857 6729 991 1335 6730 391 1334 6731 402 1858 6732 903 1859 6733 394 1860 6734 394 1860 6735 903 1859 6736 911 1861 6737 394 1860 6738 911 1861 6739 395 1862 6740 395 1862 6741 911 1861 6742 910 1863 6743 395 1862 6744 910 1863 6745 396 1864 6746 396 1864 6747 910 1863 6748 909 1865 6749 396 1864 6750 909 1865 6751 397 1866 6752 397 1866 6753 909 1865 6754 908 1867 6755 397 1866 6756 908 1867 6757 398 1868 6758 398 1868 6759 908 1867 6760 907 1869 6761 398 1868 6762 907 1869 6763 399 1870 6764 399 1870 6765 907 1869 6766 906 1871 6767 399 1870 6768 906 1871 6769 400 1872 6770 400 1872 6771 906 1871 6772 905 1873 6773 400 1872 6774 905 1873 6775 401 1874 6776 401 1874 6777 905 1873 6778 904 1875 6779 401 1874 6780 904 1875 6781 402 1858 6782 402 1858 6783 904 1875 6784 903 1859 6785</p>
        </polylist>
        <polylist material="__105_229_3_888-MoveIt-60-TCP-04-material" count="156">
          <input semantic="VERTEX" source="#Untitled_015-mesh-vertices" offset="0"/>
          <input semantic="NORMAL" source="#Untitled_015-mesh-normals" offset="1"/>
          <input semantic="TEXCOORD" source="#Untitled_015-mesh-map-0" offset="2" set="0"/>
          <vcount>3 3 3 3 3 3 3 3 3 3 3 3 3 3 3 3 3 3 3 3 3 3 3 3 3 3 3 3 3 3 3 3 3 3 3 3 3 3 3 3 3 3 3 3 3 3 3 3 3 3 3 3 3 3 3 3 3 3 3 3 3 3 3 3 3 3 3 3 3 3 3 3 3 3 3 3 3 3 3 3 3 3 3 3 3 3 3 3 3 3 3 3 3 3 3 3 3 3 3 3 3 3 3 3 3 3 3 3 3 3 3 3 3 3 3 3 3 3 3 3 3 3 3 3 3 3 3 3 3 3 3 3 3 3 3 3 3 3 3 3 3 3 3 3 3 3 3 3 3 3 3 3 3 3 3 3 </vcount>
          <p>54 87 324 55 87 325 86 87 326 86 87 327 55 87 328 85 87 329 85 87 330 55 87 331 84 87 332 84 87 333 55 87 334 56 87 335 84 87 336 56 87 337 60 88 338 60 88 339 56 87 340 59 87 341 59 87 342 56 87 343 58 87 344 58 87 345 56 87 346 57 87 347 61 87 348 73 89 349 60 88 350 60 88 351 73 89 352 83 90 353 60 88 354 83 90 355 84 87 356 73 89 357 61 87 358 72 91 359 72 91 360 61 87 361 62 92 362 72 91 363 62 92 364 63 93 365 63 93 366 64 94 367 72 91 368 72 91 369 64 94 370 71 95 371 71 95 372 64 94 373 65 96 374 71 95 375 65 96 376 66 97 377 71 95 378 66 97 379 70 98 380 70 98 381 66 97 382 67 99 383 70 98 384 67 99 385 68 87 386 68 87 387 69 87 388 70 98 389 83 90 390 73 89 391 82 100 392 82 100 393 73 89 394 74 101 395 82 100 396 74 101 397 81 102 398 81 102 399 74 101 400 80 103 401 80 103 402 74 101 403 75 104 404 80 103 405 75 104 406 79 105 407 79 105 408 75 104 409 78 87 410 78 87 411 75 104 412 77 87 413 77 87 414 75 104 415 76 87 416 87 106 417 88 107 418 84 108 419 84 108 420 88 107 421 85 109 422 85 109 423 88 107 424 86 110 425 86 110 426 88 107 427 89 111 428 86 110 429 89 111 430 90 112 431 90 112 432 54 113 433 86 110 434 91 114 435 92 115 436 57 116 437 57 116 438 92 115 439 58 117 440 58 117 441 92 115 442 59 118 443 59 118 444 92 115 445 93 119 446 59 118 447 93 119 448 94 120 449 94 120 450 60 121 451 59 118 452 61 122 453 95 123 454 62 124 455 62 124 456 95 123 457 96 125 458 62 124 459 96 125 460 97 126 461 98 127 462 64 128 463 97 126 464 97 126 465 64 128 466 63 129 467 97 126 468 63 129 469 62 124 470 94 120 471 95 123 472 60 121 473 60 121 474 95 123 475 61 122 476 99 130 477 87 106 478 83 131 479 83 131 480 87 106 481 84 108 482 80 132 483 100 133 484 81 134 485 81 134 486 100 133 487 101 135 488 81 134 489 101 135 490 102 136 491 99 130 492 83 131 493 102 136 494 102 136 495 83 131 496 82 137 497 102 136 498 82 137 499 81 134 500 104 138 501 112 139 502 103 140 503 103 140 504 112 139 505 113 141 506 103 140 507 113 141 508 111 142 509 111 142 510 113 141 511 114 143 512 111 142 513 114 143 514 110 144 515 110 144 516 114 143 517 115 145 518 110 144 519 115 145 520 109 146 521 109 146 522 115 145 523 116 147 524 109 146 525 116 147 526 108 148 527 108 148 528 116 147 529 117 149 530 108 148 531 117 149 532 107 150 533 107 150 534 117 149 535 118 151 536 107 150 537 118 151 538 106 152 539 106 152 540 118 151 541 119 153 542 106 152 543 119 153 544 105 154 545 105 154 546 119 153 547 120 155 548 105 154 549 120 155 550 104 138 551 104 138 552 120 155 553 112 139 554 122 138 555 130 156 556 121 157 557 121 157 558 130 156 559 131 158 560 121 157 561 131 158 562 129 159 563 129 159 564 131 158 565 132 143 566 129 159 567 132 143 568 128 144 569 128 144 570 132 143 571 133 145 572 128 144 573 133 145 574 127 146 575 127 146 576 133 145 577 134 147 578 127 146 579 134 147 580 126 148 581 126 148 582 134 147 583 135 160 584 126 148 585 135 160 586 125 161 587 125 161 588 135 160 589 136 162 590 125 161 591 136 162 592 124 163 593 124 163 594 136 162 595 137 164 596 124 163 597 137 164 598 123 165 599 123 165 600 137 164 601 138 155 602 123 165 603 138 155 604 122 138 605 122 138 606 138 155 607 130 156 608 140 166 609 76 167 610 139 168 611 139 168 612 76 167 613 143 169 614 139 168 615 143 169 616 157 170 617 157 170 618 143 169 619 144 171 620 157 170 621 144 171 622 156 172 623 156 172 624 144 171 625 145 173 626 156 172 627 145 173 628 155 174 629 155 174 630 145 173 631 146 175 632 155 174 633 146 175 634 154 176 635 154 176 636 146 175 637 153 177 638 153 177 639 146 175 640 147 178 641 153 177 642 147 178 643 69 179 644 141 180 645 78 181 646 140 166 647 140 166 648 78 181 649 77 182 650 140 166 651 77 182 652 76 167 653 78 181 654 141 180 655 79 183 656 79 183 657 141 180 658 142 184 659 79 183 660 142 184 661 100 133 662 100 133 663 80 132 664 79 183 665 68 185 666 151 186 667 69 179 668 69 179 669 151 186 670 152 187 671 69 179 672 152 187 673 153 177 674 68 185 675 67 188 676 151 186 677 151 186 678 67 188 679 150 189 680 150 189 681 67 188 682 149 190 683 149 190 684 67 188 685 66 191 686 149 190 687 66 191 688 148 192 689 148 192 690 66 191 691 65 193 692 148 192 693 65 193 694 64 128 695 64 128 696 98 127 697 148 192 698 91 194 699 158 194 700 92 194 701 92 194 702 158 194 703 93 194 704 93 194 705 158 194 706 94 195 707 94 195 708 158 194 709 159 194 710 94 195 711 159 194 712 87 194 713 87 194 714 159 194 715 88 194 716 88 194 717 159 194 718 89 194 719 89 194 720 159 194 721 90 194 722 87 194 723 99 196 724 94 195 725 94 195 726 99 196 727 162 197 728 94 195 729 162 197 730 95 198 731 95 198 732 162 197 733 163 199 734 95 198 735 163 199 736 96 200 737 96 200 738 163 199 739 97 201 740 97 201 741 163 199 742 98 202 743 98 202 744 163 199 745 164 203 746 98 202 747 164 203 748 148 204 749 148 204 750 164 203 751 149 205 752 149 205 753 164 203 754 165 206 755 149 205 756 165 206 757 150 207 758 150 207 759 165 206 760 151 208 761 151 208 762 165 206 763 152 194 764 99 196 765 102 209 766 162 197 767 162 197 768 102 209 769 161 210 770 161 210 771 102 209 772 101 211 773 161 210 774 101 211 775 100 212 776 161 210 777 100 212 778 160 213 779 160 213 780 100 212 781 142 194 782 160 213 783 142 194 784 141 194 785 141 194 786 140 214 787 160 213 788 160 213 789 140 214 790 139 215 791</p>
        </polylist>
        <polylist material="__105_229_2_888-MoveIt-60-TCP-04-material" count="156">
          <input semantic="VERTEX" source="#Untitled_015-mesh-vertices" offset="0"/>
          <input semantic="NORMAL" source="#Untitled_015-mesh-normals" offset="1"/>
          <input semantic="TEXCOORD" source="#Untitled_015-mesh-map-0" offset="2" set="0"/>
          <vcount>3 3 3 3 3 3 3 3 3 3 3 3 3 3 3 3 3 3 3 3 3 3 3 3 3 3 3 3 3 3 3 3 3 3 3 3 3 3 3 3 3 3 3 3 3 3 3 3 3 3 3 3 3 3 3 3 3 3 3 3 3 3 3 3 3 3 3 3 3 3 3 3 3 3 3 3 3 3 3 3 3 3 3 3 3 3 3 3 3 3 3 3 3 3 3 3 3 3 3 3 3 3 3 3 3 3 3 3 3 3 3 3 3 3 3 3 3 3 3 3 3 3 3 3 3 3 3 3 3 3 3 3 3 3 3 3 3 3 3 3 3 3 3 3 3 3 3 3 3 3 3 3 3 3 3 3 </vcount>
          <p>217 264 1011 218 265 1012 216 266 1013 216 266 1014 218 265 1015 239 267 1016 239 267 1017 218 265 1018 219 268 1019 239 267 1020 219 268 1021 238 269 1022 238 269 1023 219 268 1024 237 270 1025 237 270 1026 219 268 1027 220 271 1028 237 270 1029 220 271 1030 221 272 1031 222 273 1032 235 274 1033 221 272 1034 221 272 1035 235 274 1036 236 275 1037 221 272 1038 236 275 1039 237 270 1040 235 274 1041 222 273 1042 234 276 1043 234 276 1044 222 273 1045 223 277 1046 234 276 1047 223 277 1048 233 278 1049 233 278 1050 223 277 1051 224 279 1052 233 278 1053 224 279 1054 232 280 1055 232 280 1056 224 279 1057 225 281 1058 232 280 1059 225 281 1060 231 282 1061 231 282 1062 225 281 1063 226 283 1064 231 282 1065 226 283 1066 227 284 1067 228 285 1068 229 286 1069 227 284 1070 227 284 1071 229 286 1072 230 287 1073 227 284 1074 230 287 1075 231 282 1076 241 288 1077 242 289 1078 240 290 1079 240 290 1080 242 289 1081 249 291 1082 249 291 1083 242 289 1084 243 292 1085 249 291 1086 243 292 1087 248 293 1088 248 293 1089 243 292 1090 244 294 1091 248 293 1092 244 294 1093 247 295 1094 247 295 1095 244 294 1096 245 296 1097 247 295 1098 245 296 1099 246 297 1100 250 298 1101 251 299 1102 269 300 1103 269 300 1104 251 299 1105 268 87 1106 268 87 1107 251 299 1108 267 87 1109 267 87 1110 251 299 1111 252 301 1112 267 87 1113 252 301 1114 256 87 1115 256 87 1116 252 301 1117 255 302 1118 255 302 1119 252 301 1120 254 303 1121 254 303 1122 252 301 1123 253 87 1124 256 87 1125 257 304 1126 267 87 1127 267 87 1128 257 304 1129 266 305 1130 266 305 1131 257 304 1132 262 306 1133 266 305 1134 262 306 1135 265 307 1136 265 307 1137 262 306 1138 264 308 1139 264 308 1140 262 306 1141 263 87 1142 262 306 1143 257 304 1144 261 309 1145 261 309 1146 257 304 1147 258 310 1148 261 309 1149 258 310 1150 259 311 1151 259 311 1152 260 87 1153 261 309 1154 237 87 1155 236 87 1156 270 87 1157 270 87 1158 236 87 1159 272 312 1160 272 312 1161 236 87 1162 235 313 1163 272 312 1164 235 313 1165 234 314 1166 272 312 1167 234 314 1168 271 315 1169 271 315 1170 234 314 1171 233 316 1172 271 315 1173 233 316 1174 232 317 1175 220 194 1176 273 194 1177 221 318 1178 221 318 1179 273 194 1180 274 319 1181 221 318 1182 274 319 1183 222 320 1184 222 320 1185 274 319 1186 223 321 1187 223 321 1188 274 319 1189 275 322 1190 223 321 1191 275 322 1192 224 323 1193 224 323 1194 275 322 1195 225 324 1196 276 325 1197 277 326 1198 295 327 1199 295 327 1200 277 326 1201 294 194 1202 294 194 1203 277 326 1204 293 194 1205 293 194 1206 277 326 1207 282 194 1208 293 194 1209 282 194 1210 283 194 1211 277 326 1212 278 328 1213 282 194 1214 282 194 1215 278 328 1216 281 329 1217 281 329 1218 278 328 1219 280 330 1220 280 330 1221 278 328 1222 279 194 1223 284 331 1224 287 332 1225 283 194 1226 283 194 1227 287 332 1228 288 333 1229 283 194 1230 288 333 1231 292 334 1232 292 334 1233 288 333 1234 291 335 1235 291 335 1236 288 333 1237 290 336 1238 290 336 1239 288 333 1240 289 194 1241 284 331 1242 285 337 1243 287 332 1244 287 332 1245 285 337 1246 286 194 1247 292 334 1248 293 194 1249 283 194 1250 296 338 1251 299 339 1252 279 340 1253 279 340 1254 299 339 1255 250 341 1256 279 340 1257 250 341 1258 280 342 1259 280 342 1260 250 341 1261 269 343 1262 280 342 1263 269 343 1264 281 344 1265 281 344 1266 269 343 1267 268 345 1268 281 344 1269 268 345 1270 267 346 1271 299 339 1272 296 338 1273 298 347 1274 298 347 1275 296 338 1276 297 348 1277 298 347 1278 297 348 1279 246 297 1280 246 297 1281 245 296 1282 298 347 1283 267 346 1284 282 349 1285 281 344 1286 295 350 1287 254 351 1288 276 352 1289 276 352 1290 254 351 1291 253 353 1292 276 352 1293 253 353 1294 303 354 1295 303 354 1296 253 353 1297 300 355 1298 303 354 1299 300 355 1300 302 356 1301 302 356 1302 300 355 1303 301 357 1304 302 356 1305 301 357 1306 229 286 1307 254 351 1308 295 350 1309 255 358 1310 255 358 1311 295 350 1312 294 359 1313 255 358 1314 294 359 1315 293 360 1316 293 360 1317 256 361 1318 255 358 1319 229 286 1320 228 285 1321 302 356 1322 257 362 1323 292 363 1324 258 364 1325 258 364 1326 292 363 1327 291 365 1328 258 364 1329 291 365 1330 290 366 1331 289 367 1332 260 368 1333 290 366 1334 290 366 1335 260 368 1336 259 369 1337 290 366 1338 259 369 1339 258 364 1340 293 360 1341 292 363 1342 256 361 1343 256 361 1344 292 363 1345 257 362 1346 283 370 1347 282 349 1348 266 371 1349 266 371 1350 282 349 1351 267 346 1352 263 372 1353 286 373 1354 264 374 1355 264 374 1356 286 373 1357 285 375 1358 264 374 1359 285 375 1360 284 376 1361 283 370 1362 266 371 1363 284 376 1364 284 376 1365 266 371 1366 265 377 1367 284 376 1368 265 377 1369 264 374 1370 305 378 1371 313 379 1372 304 380 1373 304 380 1374 313 379 1375 314 381 1376 304 380 1377 314 381 1378 312 382 1379 312 382 1380 314 381 1381 315 383 1382 312 382 1383 315 383 1384 311 384 1385 311 384 1386 315 383 1387 316 385 1388 311 384 1389 316 385 1390 310 386 1391 310 386 1392 316 385 1393 317 387 1394 310 386 1395 317 387 1396 309 388 1397 309 388 1398 317 387 1399 318 389 1400 309 388 1401 318 389 1402 308 390 1403 308 390 1404 318 389 1405 319 391 1406 308 390 1407 319 391 1408 307 392 1409 307 392 1410 319 391 1411 320 393 1412 307 392 1413 320 393 1414 306 394 1415 306 394 1416 320 393 1417 321 395 1418 306 394 1419 321 395 1420 305 378 1421 305 378 1422 321 395 1423 313 379 1424 323 396 1425 331 397 1426 322 398 1427 322 398 1428 331 397 1429 332 399 1430 322 398 1431 332 399 1432 330 400 1433 330 400 1434 332 399 1435 333 401 1436 330 400 1437 333 401 1438 329 402 1439 329 402 1440 333 401 1441 334 385 1442 329 402 1443 334 385 1444 328 386 1445 328 386 1446 334 385 1447 335 387 1448 328 386 1449 335 387 1450 327 388 1451 327 388 1452 335 387 1453 336 403 1454 327 388 1455 336 403 1456 326 404 1457 326 404 1458 336 403 1459 337 405 1460 326 404 1461 337 405 1462 325 406 1463 325 406 1464 337 405 1465 338 407 1466 325 406 1467 338 407 1468 324 408 1469 324 408 1470 338 407 1471 339 409 1472 324 408 1473 339 409 1474 323 396 1475 323 396 1476 339 409 1477 331 397 1478</p>
        </polylist>
        <polylist material="__105_229_1_888-MoveIt-60-TCP-04-material" count="156">
          <input semantic="VERTEX" source="#Untitled_015-mesh-vertices" offset="0"/>
          <input semantic="NORMAL" source="#Untitled_015-mesh-normals" offset="1"/>
          <input semantic="TEXCOORD" source="#Untitled_015-mesh-map-0" offset="2" set="0"/>
          <vcount>3 3 3 3 3 3 3 3 3 3 3 3 3 3 3 3 3 3 3 3 3 3 3 3 3 3 3 3 3 3 3 3 3 3 3 3 3 3 3 3 3 3 3 3 3 3 3 3 3 3 3 3 3 3 3 3 3 3 3 3 3 3 3 3 3 3 3 3 3 3 3 3 3 3 3 3 3 3 3 3 3 3 3 3 3 3 3 3 3 3 3 3 3 3 3 3 3 3 3 3 3 3 3 3 3 3 3 3 3 3 3 3 3 3 3 3 3 3 3 3 3 3 3 3 3 3 3 3 3 3 3 3 3 3 3 3 3 3 3 3 3 3 3 3 3 3 3 3 3 3 3 3 3 3 3 3 </vcount>
          <p>411 506 1788 404 507 1789 405 508 1790 411 506 1791 405 508 1792 410 509 1793 410 509 1794 405 508 1795 409 510 1796 409 510 1797 405 508 1798 406 511 1799 409 510 1800 406 511 1801 408 512 1802 408 512 1803 406 511 1804 407 87 1805 413 513 1806 418 194 1807 412 194 1808 412 194 1809 418 194 1810 419 194 1811 412 194 1812 419 194 1813 420 194 1814 414 514 1815 416 515 1816 413 513 1817 413 513 1818 416 515 1819 417 194 1820 413 513 1821 417 194 1822 418 194 1823 344 516 1824 421 517 1825 345 518 1826 345 518 1827 421 517 1828 428 519 1829 428 519 1830 421 517 1831 422 520 1832 428 519 1833 422 520 1834 427 521 1835 427 521 1836 422 520 1837 423 522 1838 427 521 1839 423 522 1840 426 523 1841 426 523 1842 423 522 1843 424 524 1844 426 523 1845 424 524 1846 425 525 1847 430 526 1848 431 527 1849 429 528 1850 429 528 1851 431 527 1852 440 529 1853 440 529 1854 431 527 1855 432 530 1856 440 529 1857 432 530 1858 439 531 1859 439 531 1860 432 530 1861 420 532 1862 439 531 1863 420 532 1864 407 533 1865 407 533 1866 420 532 1867 408 534 1868 408 534 1869 420 532 1870 419 535 1871 408 534 1872 419 535 1873 409 536 1874 409 536 1875 419 535 1876 418 537 1877 409 536 1878 418 537 1879 410 538 1880 410 538 1881 418 537 1882 417 539 1883 410 538 1884 417 539 1885 411 540 1886 411 540 1887 417 539 1888 416 541 1889 411 540 1890 416 541 1891 404 542 1892 404 542 1893 416 541 1894 414 543 1895 404 542 1896 414 543 1897 403 544 1898 403 544 1899 414 543 1900 415 545 1901 403 544 1902 415 545 1903 433 546 1904 434 547 1905 437 548 1906 433 546 1907 433 546 1908 437 548 1909 438 549 1910 433 546 1911 438 549 1912 403 544 1913 434 547 1914 435 550 1915 437 548 1916 437 548 1917 435 550 1918 436 551 1919 441 552 1920 442 553 1921 448 554 1922 448 554 1923 442 553 1924 447 555 1925 447 555 1926 442 553 1927 446 556 1928 446 556 1929 442 553 1930 443 557 1931 446 556 1932 443 557 1933 444 558 1934 444 558 1935 445 559 1936 446 556 1937 449 560 1938 450 561 1939 456 562 1940 456 562 1941 450 561 1942 455 563 1943 455 563 1944 450 561 1945 454 376 1946 454 376 1947 450 561 1948 451 377 1949 454 376 1950 451 377 1951 452 564 1952 452 564 1953 453 565 1954 454 376 1955 458 566 1956 461 567 1957 457 568 1958 457 568 1959 461 567 1960 462 569 1961 457 568 1962 462 569 1963 468 570 1964 468 570 1965 462 569 1966 463 571 1967 468 570 1968 463 571 1969 464 572 1970 461 567 1971 458 566 1972 460 573 1973 460 573 1974 458 566 1975 459 574 1976 460 573 1977 459 574 1978 424 524 1979 424 524 1980 459 574 1981 425 525 1982 465 575 1983 466 576 1984 464 572 1985 464 572 1986 466 576 1987 467 577 1988 464 572 1989 467 577 1990 468 570 1991 452 564 1992 466 576 1993 453 565 1994 453 565 1995 466 576 1996 465 575 1997 469 578 1998 441 552 1999 470 579 2000 470 579 2001 441 552 2002 448 554 2003 472 580 2004 475 581 2005 471 582 2006 471 582 2007 475 581 2008 476 583 2009 471 582 2010 476 583 2011 480 584 2012 480 584 2013 476 583 2014 477 585 2015 480 584 2016 477 585 2017 479 586 2018 479 586 2019 477 585 2020 478 587 2021 479 586 2022 478 587 2023 435 550 2024 435 550 2025 478 587 2026 436 551 2027 472 580 2028 473 588 2029 475 581 2030 475 581 2031 473 588 2032 474 589 2033 474 589 2034 473 588 2035 470 579 2036 470 579 2037 473 588 2038 469 578 2039 482 590 2040 490 591 2041 481 592 2042 481 592 2043 490 591 2044 491 593 2045 481 592 2046 491 593 2047 489 594 2048 489 594 2049 491 593 2050 492 595 2051 489 594 2052 492 595 2053 488 596 2054 488 596 2055 492 595 2056 493 597 2057 488 596 2058 493 597 2059 487 598 2060 487 598 2061 493 597 2062 494 147 2063 487 598 2064 494 147 2065 486 148 2066 486 148 2067 494 147 2068 495 149 2069 486 148 2070 495 149 2071 485 150 2072 485 150 2073 495 149 2074 496 599 2075 485 150 2076 496 599 2077 484 600 2078 484 600 2079 496 599 2080 497 601 2081 484 600 2082 497 601 2083 483 602 2084 483 602 2085 497 601 2086 498 603 2087 483 602 2088 498 603 2089 482 590 2090 482 590 2091 498 603 2092 490 591 2093 500 604 2094 508 591 2095 499 592 2096 499 592 2097 508 591 2098 509 593 2099 499 592 2100 509 593 2101 507 594 2102 507 594 2103 509 593 2104 510 595 2105 507 594 2106 510 595 2107 506 596 2108 506 596 2109 510 595 2110 511 597 2111 506 596 2112 511 597 2113 505 598 2114 505 598 2115 511 597 2116 512 147 2117 505 598 2118 512 147 2119 504 148 2120 504 148 2121 512 147 2122 513 149 2123 504 148 2124 513 149 2125 503 150 2126 503 150 2127 513 149 2128 514 599 2129 503 150 2130 514 599 2131 502 600 2132 502 600 2133 514 599 2134 515 605 2135 502 600 2136 515 605 2137 501 606 2138 501 606 2139 515 605 2140 516 607 2141 501 606 2142 516 607 2143 500 604 2144 500 604 2145 516 607 2146 508 591 2147 445 87 2148 517 608 2149 446 609 2150 446 609 2151 517 608 2152 447 610 2153 447 610 2154 517 608 2155 448 611 2156 448 611 2157 517 608 2158 520 612 2159 448 611 2160 520 612 2161 470 613 2162 470 613 2163 520 612 2164 474 614 2165 474 614 2166 520 612 2167 475 615 2168 475 615 2169 520 612 2170 476 87 2171 517 608 2172 518 616 2173 520 612 2174 520 612 2175 518 616 2176 519 617 2177 519 617 2178 518 616 2179 453 618 2180 519 617 2181 453 618 2182 465 619 2183 456 87 2184 455 620 2185 518 616 2186 518 616 2187 455 620 2188 454 621 2189 518 616 2190 454 621 2191 453 618 2192 465 619 2193 464 87 2194 519 617 2195 519 617 2196 464 87 2197 463 622 2198 519 617 2199 463 622 2200 462 623 2201 449 194 2202 521 624 2203 450 625 2204 450 625 2205 521 624 2206 451 626 2207 451 626 2208 521 624 2209 452 627 2210 452 627 2211 521 624 2212 524 628 2213 452 627 2214 524 628 2215 466 629 2216 466 629 2217 524 628 2218 467 630 2219 467 630 2220 524 628 2221 468 631 2222 468 631 2223 524 628 2224 457 194 2225 524 628 2226 521 624 2227 523 632 2228 523 632 2229 521 624 2230 522 633 2231 523 632 2232 522 633 2233 441 634 2234 441 634 2235 522 633 2236 442 635 2237 442 635 2238 522 633 2239 443 636 2240 443 636 2241 522 633 2242 444 194 2243 441 634 2244 469 637 2245 523 632 2246 523 632 2247 469 637 2248 473 194 2249 523 632 2250 473 194 2251 472 194 2252 472 194 2253 471 194 2254 523 632 2255</p>
        </polylist>
      </mesh>
    </geometry>
    <geometry id="Untitled_014-mesh" name="Untitled.014">
      <mesh>
        <source id="Untitled_014-mesh-positions">
          <float_array id="Untitled_014-mesh-positions-array" count="744">0.08858263 1.122047 -0.3149606 0.09232872 1.122047 -0.3337935 0.1029967 1.122047 -0.3497592 0.1189624 1.122047 -0.3604272 0.1377952 1.122047 -0.3641732 0.1566281 1.122047 -0.3604272 0.1725938 1.122047 -0.3497592 0.1832618 1.122047 -0.3337935 0.1870079 1.122047 -0.3149606 0.1832618 1.122047 -0.2961277 0.1725938 1.122047 -0.280162 0.1566281 1.122047 -0.2694941 0.1377952 1.122047 -0.265748 0.1189624 1.122047 -0.2694941 0.1029967 1.122047 -0.280162 0.09232872 1.122047 -0.2961277 0.08858263 1.177165 -0.3149606 0.09232872 1.177165 -0.2961277 0.1029967 1.177165 -0.280162 0.1189624 1.177165 -0.2694941 0.1377952 1.177165 -0.265748 0.1566281 1.177165 -0.2694941 0.1725938 1.177165 -0.280162 0.1832618 1.177165 -0.2961277 0.1870079 1.177165 -0.3149606 0.1832618 1.177165 -0.3337935 0.1725938 1.177165 -0.3497592 0.1566281 1.177165 -0.3604272 0.1377952 1.177165 -0.3641732 0.1189624 1.177165 -0.3604272 0.1029967 1.177165 -0.3497592 0.09232872 1.177165 -0.3337935 0.8070866 0.7480315 -0.3149606 0.8070866 0.7446278 -0.3309739 0.8070866 0.7350051 -0.3442183 0.8070866 0.7208275 -0.3524038 0.8070866 0.7045462 -0.354115 0.8070866 0.6889764 -0.3490561 0.8070866 0.6768104 -0.3381018 0.8070866 0.6701517 -0.3231461 0.8070866 0.6701517 -0.3067751 0.8070866 0.6768104 -0.2918195 0.8070866 0.6889764 -0.2808651 0.8070866 0.7045462 -0.2758062 0.8070866 0.7208275 -0.2775174 0.8070866 0.7350051 -0.285703 0.8070866 0.7446278 -0.2989473 0.8622047 0.7480315 -0.3149606 0.8622047 0.7446278 -0.2989473 0.8622047 0.7350051 -0.285703 0.8622047 0.7208275 -0.2775174 0.8622047 0.7045462 -0.2758062 0.8622047 0.6889764 -0.2808651 0.8622047 0.6768104 -0.2918195 0.8622047 0.6701517 -0.3067751 0.8622047 0.6701517 -0.3231461 0.8622047 0.6768104 -0.3381018 0.8622047 0.6889764 -0.3490561 0.8622047 0.7045462 -0.354115 0.8622047 0.7208275 -0.3524038 0.8622047 0.7350051 -0.3442183 0.8622047 0.7446278 -0.3309739 -0.8070866 0.6692914 -0.3149606 -0.8070866 0.6726951 -0.3309739 -0.8070866 0.6823177 -0.3442183 -0.8070866 0.6964954 -0.3524038 -0.8070866 0.7127767 -0.354115 -0.8070866 0.7283465 -0.3490561 -0.8070866 0.7405125 -0.3381018 -0.8070866 0.7471712 -0.3231461 -0.8070866 0.7471712 -0.3067751 -0.8070866 0.7405125 -0.2918195 -0.8070866 0.7283465 -0.2808651 -0.8070866 0.7127767 -0.2758062 -0.8070866 0.6964954 -0.2775174 -0.8070866 0.6823177 -0.285703 -0.8070866 0.6726951 -0.2989473 -0.8661417 0.6692914 -0.3149606 -0.8661417 0.6726951 -0.2989473 -0.8661417 0.6823177 -0.285703 -0.8661417 0.6964954 -0.2775174 -0.8661417 0.7127767 -0.2758062 -0.8661417 0.7283465 -0.2808651 -0.8661417 0.7405125 -0.2918195 -0.8661417 0.7471712 -0.3067751 -0.8661417 0.7471712 -0.3231461 -0.8661417 0.7405125 -0.3381018 -0.8661417 0.7283465 -0.3490561 -0.8661417 0.7127767 -0.354115 -0.8661417 0.6964954 -0.3524038 -0.8661417 0.6823177 -0.3442183 -0.8661417 0.6726951 -0.3309739 0.8070866 0.7480315 0.3149606 0.8070866 0.7446278 0.2989473 0.8070866 0.7350051 0.285703 0.8070866 0.7208275 0.2775174 0.8070866 0.7045462 0.2758062 0.8070866 0.6889764 0.2808651 0.8070866 0.6768104 0.2918195 0.8070866 0.6701517 0.3067751 0.8070866 0.6701517 0.3231461 0.8070866 0.6768104 0.3381018 0.8070866 0.6889764 0.3490561 0.8070866 0.7045462 0.354115 0.8070866 0.7208275 0.3524038 0.8070866 0.7350051 0.3442183 0.8070866 0.7446278 0.3309739 0.8622047 0.7480315 0.3149606 0.8622047 0.7446278 0.3309739 0.8622047 0.7350051 0.3442183 0.8622047 0.7208275 0.3524038 0.8622047 0.7045462 0.354115 0.8622047 0.6889764 0.3490561 0.8622047 0.6768104 0.3381018 0.8622047 0.6701517 0.3231461 0.8622047 0.6701517 0.3067751 0.8622047 0.6768104 0.2918195 0.8622047 0.6889764 0.2808651 0.8622047 0.7045462 0.2758062 0.8622047 0.7208275 0.2775174 0.8622047 0.7350051 0.285703 0.8622047 0.7446278 0.2989473 -0.8070866 0.6692914 0.3149606 -0.8070866 0.6726951 0.2989473 -0.8070866 0.6823177 0.285703 -0.8070866 0.6964954 0.2775174 -0.8070866 0.7127767 0.2758062 -0.8070866 0.7283465 0.2808651 -0.8070866 0.7405125 0.2918195 -0.8070866 0.7471712 0.3067751 -0.8070866 0.7471712 0.3231461 -0.8070866 0.7405125 0.3381018 -0.8070866 0.7283465 0.3490561 -0.8070866 0.7127767 0.354115 -0.8070866 0.6964954 0.3524038 -0.8070866 0.6823177 0.3442183 -0.8070866 0.6726951 0.3309739 -0.8661417 0.6692914 0.3149606 -0.8661417 0.6726951 0.3309739 -0.8661417 0.6823177 0.3442183 -0.8661417 0.6964954 0.3524038 -0.8661417 0.7127767 0.354115 -0.8661417 0.7283465 0.3490561 -0.8661417 0.7405125 0.3381018 -0.8661417 0.7471712 0.3231461 -0.8661417 0.7471712 0.3067751 -0.8661417 0.7405125 0.2918195 -0.8661417 0.7283465 0.2808651 -0.8661417 0.7127767 0.2758062 -0.8661417 0.6964954 0.2775174 -0.8661417 0.6823177 0.285703 -0.8661417 0.6726951 0.2989473 -0.3149606 1.122047 -0.08858263 -0.3337935 1.122047 -0.09232872 -0.3497592 1.122047 -0.1029967 -0.3604272 1.122047 -0.1189624 -0.3641732 1.122047 -0.1377952 -0.3604272 1.122047 -0.1566281 -0.3497592 1.122047 -0.1725938 -0.3337935 1.122047 -0.1832618 -0.3149606 1.122047 -0.1870079 -0.2961277 1.122047 -0.1832618 -0.280162 1.122047 -0.1725938 -0.2694941 1.122047 -0.1566281 -0.265748 1.122047 -0.1377952 -0.2694941 1.122047 -0.1189624 -0.280162 1.122047 -0.1029967 -0.2961277 1.122047 -0.09232872 -0.3149606 1.177165 -0.08858263 -0.2961277 1.177165 -0.09232872 -0.280162 1.177165 -0.1029967 -0.2694941 1.177165 -0.1189624 -0.265748 1.177165 -0.1377952 -0.2694941 1.177165 -0.1566281 -0.280162 1.177165 -0.1725938 -0.2961277 1.177165 -0.1832618 -0.3149606 1.177165 -0.1870079 -0.3337935 1.177165 -0.1832618 -0.3497592 1.177165 -0.1725938 -0.3604272 1.177165 -0.1566281 -0.3641732 1.177165 -0.1377952 -0.3604272 1.177165 -0.1189624 -0.3497592 1.177165 -0.1029967 -0.3337935 1.177165 -0.09232872 -0.08858263 1.122047 0.3149606 -0.09232872 1.122047 0.3337935 -0.1029967 1.122047 0.3497592 -0.1189624 1.122047 0.3604272 -0.1377952 1.122047 0.3641732 -0.1566281 1.122047 0.3604272 -0.1725938 1.122047 0.3497592 -0.1832618 1.122047 0.3337935 -0.1870079 1.122047 0.3149606 -0.1832618 1.122047 0.2961277 -0.1725938 1.122047 0.280162 -0.1566281 1.122047 0.2694941 -0.1377952 1.122047 0.265748 -0.1189624 1.122047 0.2694941 -0.1029967 1.122047 0.280162 -0.09232872 1.122047 0.2961277 -0.08858263 1.177165 0.3149606 -0.09232872 1.177165 0.2961277 -0.1029967 1.177165 0.280162 -0.1189624 1.177165 0.2694941 -0.1377952 1.177165 0.265748 -0.1566281 1.177165 0.2694941 -0.1725938 1.177165 0.280162 -0.1832618 1.177165 0.2961277 -0.1870079 1.177165 0.3149606 -0.1832618 1.177165 0.3337935 -0.1725938 1.177165 0.3497592 -0.1566281 1.177165 0.3604272 -0.1377952 1.177165 0.3641732 -0.1189624 1.177165 0.3604272 -0.1029967 1.177165 0.3497592 -0.09232872 1.177165 0.3337935 0.3149606 1.122047 0.08858263 0.3337935 1.122047 0.09232872 0.3497592 1.122047 0.1029967 0.3604272 1.122047 0.1189624 0.3641732 1.122047 0.1377952 0.3604272 1.122047 0.1566281 0.3497592 1.122047 0.1725938 0.3337935 1.122047 0.1832618 0.3149606 1.122047 0.1870079 0.2961277 1.122047 0.1832618 0.280162 1.122047 0.1725938 0.2694941 1.122047 0.1566281 0.265748 1.122047 0.1377952 0.2694941 1.122047 0.1189624 0.280162 1.122047 0.1029967 0.2961277 1.122047 0.09232872 0.3149606 1.177165 0.08858263 0.2961277 1.177165 0.09232872 0.280162 1.177165 0.1029967 0.2694941 1.177165 0.1189624 0.265748 1.177165 0.1377952 0.2694941 1.177165 0.1566281 0.280162 1.177165 0.1725938 0.2961277 1.177165 0.1832618 0.3149606 1.177165 0.1870079 0.3337935 1.177165 0.1832618 0.3497592 1.177165 0.1725938 0.3604272 1.177165 0.1566281 0.3641732 1.177165 0.1377952 0.3604272 1.177165 0.1189624 0.3497592 1.177165 0.1029967 0.3337935 1.177165 0.09232872</float_array>
          <technique_common>
            <accessor source="#Untitled_014-mesh-positions-array" count="248" stride="3">
              <param name="X" type="float"/>
              <param name="Y" type="float"/>
              <param name="Z" type="float"/>
            </accessor>
          </technique_common>
        </source>
        <source id="Untitled_014-mesh-normals">
          <float_array id="Untitled_014-mesh-normals-array" count="621">0.9238799 0 0.3826826 0.9238795 0 0.3826838 1 0 3.482e-7 1 0 0 0.9238798 0 -0.382683 0.9238793 0 -0.3826841 0.7071076 0 -0.7071059 0.7071052 0 -0.7071084 0.3826843 0 -0.9238792 0.3826816 0 -0.9238803 0 0 -1 0 0 -1 -0.3826836 0 -0.9238796 -0.3826837 0 -0.9238795 -0.7071073 0 -0.7071064 -0.707106 0 -0.7071076 -0.9238799 0 -0.3826826 -0.9238789 0 -0.3826852 -1 0 -1.93444e-7 -1 0 0 -0.9238802 0 0.3826819 -0.9238792 0 0.3826843 -0.7071082 0 0.7071055 -0.7071056 0 0.707108 -0.3826845 0 0.9238792 -0.3826825 0 0.92388 0 0 1 0 0 1 0.3826836 0 0.9238796 0.382683 0 0.9238798 0.7071074 0 0.7071062 0.7071063 0 0.7071073 0 -0.9135448 0.4067384 0 -0.9135451 0.4067376 0 -1 3.24893e-6 0 -1 -3.39441e-6 0 -0.9135445 -0.4067389 0 -0.9135448 -0.4067382 0 -0.6691296 -0.7431458 0 -0.6691329 -0.7431428 0 -0.3090175 -0.9510564 0 -0.3090187 -0.951056 0 0.1045273 -0.9945221 0 0.1045279 -0.994522 0 0.4999997 -0.8660257 0 0.5000011 -0.8660247 0 0.8090165 -0.587786 0 0.809019 -0.5877825 0 0.9781476 -0.2079121 0 0.9781484 -0.2079084 0 0.9781481 0.2079092 0 0.9781476 0.2079116 0 0.8090183 0.5877835 0 0.8090173 0.587785 0 0.5000007 0.8660251 0 0.5000004 0.8660253 0 0.104528 0.994522 0 0.1045272 0.9945221 0 -0.3090173 0.9510565 0 -0.3090174 0.9510564 0 -0.6691322 0.7431434 0 -0.6691303 0.7431451 0 0.913547 0.4067331 0 1 0 0 1 0 0 0.9135472 -0.406733 0 0.9135456 -0.4067363 0 0.6691311 -0.7431445 0 0.6691269 -0.7431482 0 0.3090172 -0.9510565 0 0.3090156 -0.951057 0 -0.1045277 -0.994522 0 -0.104528 -0.994522 0 -0.5000002 -0.8660253 0 -0.5000002 -0.8660254 0 -0.809016 -0.5877867 0 -0.8090172 -0.5877851 0 -0.9781473 -0.2079132 0 -0.9781479 -0.2079107 0 -0.9781479 0.2079102 0 -0.9781472 0.2079135 0 -0.8090177 0.5877844 0 -0.8090155 0.5877874 0 -0.500001 0.8660249 0 -0.4999993 0.8660259 0 -0.1045282 0.994522 0 -0.1045272 0.994522 0 0.3090156 0.951057 0 0.3090161 0.9510568 0 0.6691281 0.7431471 0 0.6691303 0.7431452 0 0.9135463 0.4067348 0 -0.9135443 0.4067393 0 -0.9135449 -0.4067378 0 -0.9135449 -0.4067381 0 -0.6691301 -0.7431454 0 -0.6691324 -0.7431433 0 -0.3090171 -0.9510565 0 -0.3090178 -0.9510563 0 -0.3090177 0.9510563 0 -0.3090182 0.9510562 0 -0.6691316 0.743144 0 -0.6691309 0.7431446 0 0.9135466 0.4067341 0 0.9135473 -0.4067324 0 0.913546 -0.4067354 0 0.6691312 -0.7431443 0 0.6691272 -0.7431479 0 0.3090167 -0.9510566 0 0.3090148 -0.9510573 0 0.3090161 0.9510569 0 0.3090168 0.9510567 0 0.669128 0.7431471 0 0.6691302 0.7431452 0 0.913546 0.4067355 0.3826841 0 -0.9238793 0.3826819 0 -0.9238802 1.83772e-7 0 -1 -0.3826838 0 -0.9238794 -0.3826831 0 -0.9238797 -0.7071076 0 -0.707106 -0.7071066 0 -0.707107 -0.9238799 0 -0.3826828 -0.9238793 0 -0.382684 -1 0 -2.22461e-7 -1 0 0 -0.9238801 0 0.3826822 -0.9238792 0 0.3826843 -0.7071081 0 0.7071055 -0.7071062 0 0.7071074 -0.3826839 0 0.9238793 -0.3826834 0 0.9238796 8.12467e-7 0 1 -2.70822e-7 0 1 0.3826848 0 0.9238791 0.3826825 0 0.92388 0.7071076 0 0.7071061 0.7071062 0 0.7071075 0.9238796 0 0.3826832 0.9238795 0 0.3826838 1 0 1.35411e-7 1 0 0 0.92388 0 -0.3826824 0.9238794 0 -0.3826839 0.7071079 0 -0.7071058 0.7071056 0 -0.7071081 -0.9238799 0 -0.3826826 -0.9238795 0 -0.3826838 -1 0 -3.482e-7 -1 0 0 -0.9238798 0 0.382683 -0.9238793 0 0.3826841 -0.7071076 0 0.7071059 -0.7071052 0 0.7071084 -0.3826843 0 0.9238792 -0.3826816 0 0.9238803 0 0 1 0 0 1 0.3826837 0 0.9238795 0.7071073 0 0.7071064 0.707106 0 0.7071076 0.9238799 0 0.3826826 0.9238789 0 0.3826852 1 0 1.93444e-7 1 0 0 0.9238802 0 -0.3826819 0.9238792 0 -0.3826843 0.7071082 0 -0.7071055 0.7071056 0 -0.707108 0.3826845 0 -0.9238792 0.3826825 0 -0.92388 0 0 -1 0 0 -1 -0.382683 0 -0.9238798 -0.7071074 0 -0.7071062 -0.7071063 0 -0.7071073 -0.3826841 0 0.9238793 -0.3826819 0 0.9238802 -1.83772e-7 0 1 0.3826838 0 0.9238794 0.3826831 0 0.9238797 0.7071076 0 0.707106 0.7071066 0 0.707107 0.9238799 0 0.3826828 0.9238793 0 0.382684 1 0 2.22461e-7 1 0 0 0.9238801 0 -0.3826822 0.9238792 0 -0.3826843 0.7071081 0 -0.7071055 0.7071062 0 -0.7071074 0.3826839 0 -0.9238793 0.3826834 0 -0.9238796 -8.12467e-7 0 -1 2.70822e-7 0 -1 -0.3826848 0 -0.9238791 -0.3826825 0 -0.92388 -0.7071076 0 -0.7071061 -0.7071062 0 -0.7071075 -0.9238796 0 -0.3826832 -0.9238795 0 -0.3826838 -1 0 -1.35411e-7 -1 0 0 -0.92388 0 0.3826824 -0.9238794 0 0.3826839 -0.7071079 0 0.7071058 -0.7071056 0 0.7071081</float_array>
          <technique_common>
            <accessor source="#Untitled_014-mesh-normals-array" count="207" stride="3">
              <param name="X" type="float"/>
              <param name="Y" type="float"/>
              <param name="Z" type="float"/>
            </accessor>
          </technique_common>
        </source>
        <source id="Untitled_014-mesh-map-0">
          <float_array id="Untitled_014-mesh-map-0-array" count="1488">1.805315 0.1352801 1.860433 0.1352801 1.805315 0.1546059 1.805315 0.1546059 1.860433 0.1352801 1.860433 0.1546059 1.805315 -0.1546059 1.860433 -0.1546059 1.805315 -0.1352801 1.805315 -0.1352801 1.860433 -0.1546059 1.860433 -0.1352801 1.805315 -0.1352801 1.860433 -0.1352801 1.805315 -0.1159544 1.805315 -0.1159544 1.860433 -0.1352801 1.860433 -0.1159544 1.805315 -0.1159544 1.860433 -0.1159544 1.805315 -0.09662866 1.805315 -0.09662866 1.860433 -0.1159544 1.860433 -0.09662866 1.805315 -0.09662866 1.860433 -0.09662866 1.805315 -0.07730293 1.805315 -0.07730293 1.860433 -0.09662866 1.860433 -0.07730293 1.805315 -0.07730293 1.860433 -0.07730293 1.805315 -0.05797719 1.805315 -0.05797719 1.860433 -0.07730293 1.860433 -0.05797719 1.805315 -0.05797719 1.860433 -0.05797719 1.805315 -0.03865146 1.805315 -0.03865146 1.860433 -0.05797719 1.860433 -0.03865146 1.805315 -0.03865146 1.860433 -0.03865146 1.805315 -0.01932573 1.805315 -0.01932573 1.860433 -0.03865146 1.860433 -0.01932573 1.805315 -0.01932573 1.860433 -0.01932573 1.805315 0 1.805315 0 1.860433 -0.01932573 1.860433 0 1.805315 0 1.860433 0 1.805315 0.01932573 1.805315 0.01932573 1.860433 0 1.860433 0.01932573 1.805315 0.01932573 1.860433 0.01932573 1.805315 0.03865146 1.805315 0.03865146 1.860433 0.01932573 1.860433 0.03865146 1.805315 0.03865146 1.860433 0.03865146 1.805315 0.05797719 1.805315 0.05797719 1.860433 0.03865146 1.860433 0.05797719 1.805315 0.05797719 1.860433 0.05797719 1.805315 0.07730293 1.805315 0.07730293 1.860433 0.05797719 1.860433 0.07730293 1.805315 0.07730293 1.860433 0.07730293 1.805315 0.09662866 1.805315 0.09662866 1.860433 0.07730293 1.860433 0.09662866 1.805315 0.09662866 1.860433 0.09662866 1.805315 0.1159544 1.805315 0.1159544 1.860433 0.09662866 1.860433 0.1159544 1.805315 0.1159544 1.860433 0.1159544 1.805315 0.1352801 1.805315 0.1352801 1.860433 0.1159544 1.860433 0.1352801 1.954724 0.1071934 2.009843 0.1071934 1.954724 0.1236847 1.954724 0.1236847 2.009843 0.1071934 2.009843 0.1236847 1.954724 -0.1236847 2.009843 -0.1236847 1.954724 -0.1071934 1.954724 -0.1071934 2.009843 -0.1236847 2.009843 -0.1071934 1.954724 -0.1071934 2.009843 -0.1071934 1.954724 -0.09070211 1.954724 -0.09070211 2.009843 -0.1071934 2.009843 -0.09070211 1.954724 -0.09070211 2.009843 -0.09070211 1.954724 -0.07421082 1.954724 -0.07421082 2.009843 -0.09070211 2.009843 -0.07421082 1.954724 -0.07421082 2.009843 -0.07421082 1.954724 -0.05771952 1.954724 -0.05771952 2.009843 -0.07421082 2.009843 -0.05771952 1.954724 -0.05771952 2.009843 -0.05771952 1.954724 -0.04122823 1.954724 -0.04122823 2.009843 -0.05771952 2.009843 -0.04122823 1.954724 -0.04122823 2.009843 -0.04122823 1.954724 -0.02473694 1.954724 -0.02473694 2.009843 -0.04122823 2.009843 -0.02473694 1.954724 -0.02473694 2.009843 -0.02473694 1.954724 -0.008245646 1.954724 -0.008245646 2.009843 -0.02473694 2.009843 -0.008245646 1.954724 -0.008245646 2.009843 -0.008245646 1.954724 0.008245646 1.954724 0.008245646 2.009843 -0.008245646 2.009843 0.008245646 1.954724 0.008245646 2.009843 0.008245646 1.954724 0.02473694 1.954724 0.02473694 2.009843 0.008245646 2.009843 0.02473694 1.954724 0.02473694 2.009843 0.02473694 1.954724 0.04122823 1.954724 0.04122823 2.009843 0.02473694 2.009843 0.04122823 1.954724 0.04122823 2.009843 0.04122823 1.954724 0.05771952 1.954724 0.05771952 2.009843 0.04122823 2.009843 0.05771952 1.954724 0.05771952 2.009843 0.05771952 1.954724 0.07421082 1.954724 0.07421082 2.009843 0.05771952 2.009843 0.07421082 1.954724 0.07421082 2.009843 0.07421082 1.954724 0.09070211 1.954724 0.09070211 2.009843 0.07421082 2.009843 0.09070211 1.954724 0.09070211 2.009843 0.09070211 1.954724 0.1071934 1.954724 0.1071934 2.009843 0.09070211 2.009843 0.1071934 0.3405511 0.01649129 0.2814961 0 0.3405511 0 0.3405511 0 0.2814961 0 0.2814961 -0.01649129 0.3405511 0 0.2814961 -0.01649129 0.3405511 -0.01649129 0.3405511 -0.01649129 0.2814961 -0.01649129 0.2814961 -0.03298258 0.3405511 -0.01649129 0.2814961 -0.03298258 0.3405511 -0.03298258 0.3405511 -0.03298258 0.2814961 -0.03298258 0.2814961 -0.04947388 0.3405511 -0.03298258 0.2814961 -0.04947388 0.3405511 -0.04947388 0.3405511 -0.04947388 0.2814961 -0.04947388 0.2814961 -0.06596517 0.3405511 -0.04947388 0.2814961 -0.06596517 0.3405511 -0.06596517 0.3405511 -0.06596517 0.2814961 -0.06596517 0.2814961 -0.08245646 0.3405511 -0.06596517 0.2814961 -0.08245646 0.3405511 -0.08245646 0.3405511 -0.08245646 0.2814961 -0.08245646 0.2814961 -0.09894776 0.3405511 -0.08245646 0.2814961 -0.09894776 0.3405511 -0.09894776 0.3405511 -0.09894776 0.2814961 -0.09894776 0.2814961 -0.1154391 0.3405511 -0.09894776 0.2814961 -0.1154391 0.3405511 -0.1154391 0.3405511 0.1319304 0.2814961 0.1319304 0.2814961 0.1154391 0.3405511 0.1319304 0.2814961 0.1154391 0.3405511 0.1154391 0.3405511 0.1154391 0.2814961 0.1154391 0.2814961 0.09894776 0.3405511 0.1154391 0.2814961 0.09894776 0.3405511 0.09894776 0.3405511 0.09894776 0.2814961 0.09894776 0.2814961 0.08245646 0.3405511 0.09894776 0.2814961 0.08245646 0.3405511 0.08245646 0.3405511 0.08245646 0.2814961 0.08245646 0.2814961 0.06596517 0.3405511 0.08245646 0.2814961 0.06596517 0.3405511 0.06596517 0.3405511 0.06596517 0.2814961 0.06596517 0.2814961 0.04947388 0.3405511 0.06596517 0.2814961 0.04947388 0.3405511 0.04947388 0.3405511 0.04947388 0.2814961 0.04947388 0.2814961 0.03298258 0.3405511 0.04947388 0.2814961 0.03298258 0.3405511 0.03298258 0.3405511 0.03298258 0.2814961 0.03298258 0.2814961 0.01649129 0.3405511 0.03298258 0.2814961 0.01649129 0.3405511 0.01649129 0.3405511 0.01649129 0.2814961 0.01649129 0.2814961 0 1.941732 0.1071934 1.99685 0.1071934 1.941732 0.1236847 1.941732 0.1236847 1.99685 0.1071934 1.99685 0.1236847 1.941732 -0.1236847 1.99685 -0.1236847 1.941732 -0.1071934 1.941732 -0.1071934 1.99685 -0.1236847 1.99685 -0.1071934 1.941732 -0.1071934 1.99685 -0.1071934 1.941732 -0.09070211 1.941732 -0.09070211 1.99685 -0.1071934 1.99685 -0.09070211 1.941732 -0.09070211 1.99685 -0.09070211 1.941732 -0.07421082 1.941732 -0.07421082 1.99685 -0.09070211 1.99685 -0.07421082 1.941732 -0.07421082 1.99685 -0.07421082 1.941732 -0.05771952 1.941732 -0.05771952 1.99685 -0.07421082 1.99685 -0.05771952 1.941732 -0.05771952 1.99685 -0.05771952 1.941732 -0.04122823 1.941732 -0.04122823 1.99685 -0.05771952 1.99685 -0.04122823 1.941732 -0.04122823 1.99685 -0.04122823 1.941732 -0.02473694 1.941732 -0.02473694 1.99685 -0.04122823 1.99685 -0.02473694 1.941732 -0.02473694 1.99685 -0.02473694 1.941732 -0.008245646 1.941732 -0.008245646 1.99685 -0.02473694 1.99685 -0.008245646 1.941732 -0.008245646 1.99685 -0.008245646 1.941732 0.008245646 1.941732 0.008245646 1.99685 -0.008245646 1.99685 0.008245646 1.941732 0.008245646 1.99685 0.008245646 1.941732 0.02473694 1.941732 0.02473694 1.99685 0.008245646 1.99685 0.02473694 1.941732 0.02473694 1.99685 0.02473694 1.941732 0.04122823 1.941732 0.04122823 1.99685 0.02473694 1.99685 0.04122823 1.941732 0.04122823 1.99685 0.04122823 1.941732 0.05771952 1.941732 0.05771952 1.99685 0.04122823 1.99685 0.05771952 1.941732 0.05771952 1.99685 0.05771952 1.941732 0.07421082 1.941732 0.07421082 1.99685 0.05771952 1.99685 0.07421082 1.941732 0.07421082 1.99685 0.07421082 1.941732 0.09070211 1.941732 0.09070211 1.99685 0.07421082 1.99685 0.09070211 1.941732 0.09070211 1.99685 0.09070211 1.941732 0.1071934 1.941732 0.1071934 1.99685 0.09070211 1.99685 0.1071934 0.327559 0.01649129 0.268504 0 0.327559 0 0.327559 0 0.268504 0 0.268504 -0.01649129 0.327559 0 0.268504 -0.01649129 0.327559 -0.01649129 0.327559 -0.01649129 0.268504 -0.01649129 0.268504 -0.03298258 0.327559 -0.01649129 0.268504 -0.03298258 0.327559 -0.03298258 0.327559 -0.03298258 0.268504 -0.03298258 0.268504 -0.04947388 0.327559 -0.03298258 0.268504 -0.04947388 0.327559 -0.04947388 0.327559 -0.04947388 0.268504 -0.04947388 0.268504 -0.06596517 0.327559 -0.04947388 0.268504 -0.06596517 0.327559 -0.06596517 0.327559 -0.06596517 0.268504 -0.06596517 0.268504 -0.08245646 0.327559 -0.06596517 0.268504 -0.08245646 0.327559 -0.08245646 0.327559 -0.08245646 0.268504 -0.08245646 0.268504 -0.09894776 0.327559 -0.08245646 0.268504 -0.09894776 0.327559 -0.09894776 0.327559 -0.09894776 0.268504 -0.09894776 0.268504 -0.1154391 0.327559 -0.09894776 0.268504 -0.1154391 0.327559 -0.1154391 0.327559 0.1319304 0.268504 0.1319304 0.268504 0.1154391 0.327559 0.1319304 0.268504 0.1154391 0.327559 0.1154391 0.327559 0.1154391 0.268504 0.1154391 0.268504 0.09894776 0.327559 0.1154391 0.268504 0.09894776 0.327559 0.09894776 0.327559 0.09894776 0.268504 0.09894776 0.268504 0.08245646 0.327559 0.09894776 0.268504 0.08245646 0.327559 0.08245646 0.327559 0.08245646 0.268504 0.08245646 0.268504 0.06596517 0.327559 0.08245646 0.268504 0.06596517 0.327559 0.06596517 0.327559 0.06596517 0.268504 0.06596517 0.268504 0.04947388 0.327559 0.06596517 0.268504 0.04947388 0.327559 0.04947388 0.327559 0.04947388 0.268504 0.04947388 0.268504 0.03298258 0.327559 0.04947388 0.268504 0.03298258 0.327559 0.03298258 0.327559 0.03298258 0.268504 0.03298258 0.268504 0.01649129 0.327559 0.03298258 0.268504 0.01649129 0.327559 0.01649129 0.327559 0.01649129 0.268504 0.01649129 0.268504 0 1.805315 0.1352801 1.860433 0.1352801 1.805315 0.1546059 1.805315 0.1546059 1.860433 0.1352801 1.860433 0.1546059 1.805315 -0.1546059 1.860433 -0.1546059 1.805315 -0.1352801 1.805315 -0.1352801 1.860433 -0.1546059 1.860433 -0.1352801 1.805315 -0.1352801 1.860433 -0.1352801 1.805315 -0.1159544 1.805315 -0.1159544 1.860433 -0.1352801 1.860433 -0.1159544 1.805315 -0.1159544 1.860433 -0.1159544 1.805315 -0.09662866 1.805315 -0.09662866 1.860433 -0.1159544 1.860433 -0.09662866 1.805315 -0.09662866 1.860433 -0.09662866 1.805315 -0.07730293 1.805315 -0.07730293 1.860433 -0.09662866 1.860433 -0.07730293 1.805315 -0.07730293 1.860433 -0.07730293 1.805315 -0.05797719 1.805315 -0.05797719 1.860433 -0.07730293 1.860433 -0.05797719 1.805315 -0.05797719 1.860433 -0.05797719 1.805315 -0.03865146 1.805315 -0.03865146 1.860433 -0.05797719 1.860433 -0.03865146 1.805315 -0.03865146 1.860433 -0.03865146 1.805315 -0.01932573 1.805315 -0.01932573 1.860433 -0.03865146 1.860433 -0.01932573 1.805315 -0.01932573 1.860433 -0.01932573 1.805315 0 1.805315 0 1.860433 -0.01932573 1.860433 0 1.805315 0 1.860433 0 1.805315 0.01932573 1.805315 0.01932573 1.860433 0 1.860433 0.01932573 1.805315 0.01932573 1.860433 0.01932573 1.805315 0.03865146 1.805315 0.03865146 1.860433 0.01932573 1.860433 0.03865146 1.805315 0.03865146 1.860433 0.03865146 1.805315 0.05797719 1.805315 0.05797719 1.860433 0.03865146 1.860433 0.05797719 1.805315 0.05797719 1.860433 0.05797719 1.805315 0.07730293 1.805315 0.07730293 1.860433 0.05797719 1.860433 0.07730293 1.805315 0.07730293 1.860433 0.07730293 1.805315 0.09662866 1.805315 0.09662866 1.860433 0.07730293 1.860433 0.09662866 1.805315 0.09662866 1.860433 0.09662866 1.805315 0.1159544 1.805315 0.1159544 1.860433 0.09662866 1.860433 0.1159544 1.805315 0.1159544 1.860433 0.1159544 1.805315 0.1352801 1.805315 0.1352801 1.860433 0.1159544 1.860433 0.1352801 1.805315 0.1352801 1.860433 0.1352801 1.805315 0.1546059 1.805315 0.1546059 1.860433 0.1352801 1.860433 0.1546059 1.805315 -0.1546059 1.860433 -0.1546059 1.805315 -0.1352801 1.805315 -0.1352801 1.860433 -0.1546059 1.860433 -0.1352801 1.805315 -0.1352801 1.860433 -0.1352801 1.805315 -0.1159544 1.805315 -0.1159544 1.860433 -0.1352801 1.860433 -0.1159544 1.805315 -0.1159544 1.860433 -0.1159544 1.805315 -0.09662866 1.805315 -0.09662866 1.860433 -0.1159544 1.860433 -0.09662866 1.805315 -0.09662866 1.860433 -0.09662866 1.805315 -0.07730293 1.805315 -0.07730293 1.860433 -0.09662866 1.860433 -0.07730293 1.805315 -0.07730293 1.860433 -0.07730293 1.805315 -0.05797719 1.805315 -0.05797719 1.860433 -0.07730293 1.860433 -0.05797719 1.805315 -0.05797719 1.860433 -0.05797719 1.805315 -0.03865146 1.805315 -0.03865146 1.860433 -0.05797719 1.860433 -0.03865146 1.805315 -0.03865146 1.860433 -0.03865146 1.805315 -0.01932573 1.805315 -0.01932573 1.860433 -0.03865146 1.860433 -0.01932573 1.805315 -0.01932573 1.860433 -0.01932573 1.805315 0 1.805315 0 1.860433 -0.01932573 1.860433 0 1.805315 0 1.860433 0 1.805315 0.01932573 1.805315 0.01932573 1.860433 0 1.860433 0.01932573 1.805315 0.01932573 1.860433 0.01932573 1.805315 0.03865146 1.805315 0.03865146 1.860433 0.01932573 1.860433 0.03865146 1.805315 0.03865146 1.860433 0.03865146 1.805315 0.05797719 1.805315 0.05797719 1.860433 0.03865146 1.860433 0.05797719 1.805315 0.05797719 1.860433 0.05797719 1.805315 0.07730293 1.805315 0.07730293 1.860433 0.05797719 1.860433 0.07730293 1.805315 0.07730293 1.860433 0.07730293 1.805315 0.09662866 1.805315 0.09662866 1.860433 0.07730293 1.860433 0.09662866 1.805315 0.09662866 1.860433 0.09662866 1.805315 0.1159544 1.805315 0.1159544 1.860433 0.09662866 1.860433 0.1159544 1.805315 0.1159544 1.860433 0.1159544 1.805315 0.1352801 1.805315 0.1352801 1.860433 0.1159544 1.860433 0.1352801 1.805315 0.1352801 1.860433 0.1352801 1.805315 0.1546059 1.805315 0.1546059 1.860433 0.1352801 1.860433 0.1546059 1.805315 -0.1546059 1.860433 -0.1546059 1.805315 -0.1352801 1.805315 -0.1352801 1.860433 -0.1546059 1.860433 -0.1352801 1.805315 -0.1352801 1.860433 -0.1352801 1.805315 -0.1159544 1.805315 -0.1159544 1.860433 -0.1352801 1.860433 -0.1159544 1.805315 -0.1159544 1.860433 -0.1159544 1.805315 -0.09662866 1.805315 -0.09662866 1.860433 -0.1159544 1.860433 -0.09662866 1.805315 -0.09662866 1.860433 -0.09662866 1.805315 -0.07730293 1.805315 -0.07730293 1.860433 -0.09662866 1.860433 -0.07730293 1.805315 -0.07730293 1.860433 -0.07730293 1.805315 -0.05797719 1.805315 -0.05797719 1.860433 -0.07730293 1.860433 -0.05797719 1.805315 -0.05797719 1.860433 -0.05797719 1.805315 -0.03865146 1.805315 -0.03865146 1.860433 -0.05797719 1.860433 -0.03865146 1.805315 -0.03865146 1.860433 -0.03865146 1.805315 -0.01932573 1.805315 -0.01932573 1.860433 -0.03865146 1.860433 -0.01932573 1.805315 -0.01932573 1.860433 -0.01932573 1.805315 0 1.805315 0 1.860433 -0.01932573 1.860433 0 1.805315 0 1.860433 0 1.805315 0.01932573 1.805315 0.01932573 1.860433 0 1.860433 0.01932573 1.805315 0.01932573 1.860433 0.01932573 1.805315 0.03865146 1.805315 0.03865146 1.860433 0.01932573 1.860433 0.03865146 1.805315 0.03865146 1.860433 0.03865146 1.805315 0.05797719 1.805315 0.05797719 1.860433 0.03865146 1.860433 0.05797719 1.805315 0.05797719 1.860433 0.05797719 1.805315 0.07730293 1.805315 0.07730293 1.860433 0.05797719 1.860433 0.07730293 1.805315 0.07730293 1.860433 0.07730293 1.805315 0.09662866 1.805315 0.09662866 1.860433 0.07730293 1.860433 0.09662866 1.805315 0.09662866 1.860433 0.09662866 1.805315 0.1159544 1.805315 0.1159544 1.860433 0.09662866 1.860433 0.1159544 1.805315 0.1159544 1.860433 0.1159544 1.805315 0.1352801 1.805315 0.1352801 1.860433 0.1159544 1.860433 0.1352801</float_array>
          <technique_common>
            <accessor source="#Untitled_014-mesh-map-0-array" count="744" stride="2">
              <param name="S" type="float"/>
              <param name="T" type="float"/>
            </accessor>
          </technique_common>
        </source>
        <vertices id="Untitled_014-mesh-vertices">
          <input semantic="POSITION" source="#Untitled_014-mesh-positions"/>
        </vertices>
        <polylist count="248">
          <input semantic="VERTEX" source="#Untitled_014-mesh-vertices" offset="0"/>
          <input semantic="NORMAL" source="#Untitled_014-mesh-normals" offset="1"/>
          <input semantic="TEXCOORD" source="#Untitled_014-mesh-map-0" offset="2" set="0"/>
          <vcount>3 3 3 3 3 3 3 3 3 3 3 3 3 3 3 3 3 3 3 3 3 3 3 3 3 3 3 3 3 3 3 3 3 3 3 3 3 3 3 3 3 3 3 3 3 3 3 3 3 3 3 3 3 3 3 3 3 3 3 3 3 3 3 3 3 3 3 3 3 3 3 3 3 3 3 3 3 3 3 3 3 3 3 3 3 3 3 3 3 3 3 3 3 3 3 3 3 3 3 3 3 3 3 3 3 3 3 3 3 3 3 3 3 3 3 3 3 3 3 3 3 3 3 3 3 3 3 3 3 3 3 3 3 3 3 3 3 3 3 3 3 3 3 3 3 3 3 3 3 3 3 3 3 3 3 3 3 3 3 3 3 3 3 3 3 3 3 3 3 3 3 3 3 3 3 3 3 3 3 3 3 3 3 3 3 3 3 3 3 3 3 3 3 3 3 3 3 3 3 3 3 3 3 3 3 3 3 3 3 3 3 3 3 3 3 3 3 3 3 3 3 3 3 3 3 3 3 3 3 3 3 3 3 3 3 3 3 3 3 3 3 3 3 3 3 3 3 3 </vcount>
          <p>1 0 0 31 1 1 0 2 2 0 2 3 31 1 4 16 3 5 0 2 6 16 3 7 15 4 8 15 4 9 16 3 10 17 5 11 15 4 12 17 5 13 14 6 14 14 6 15 17 5 16 18 7 17 14 6 18 18 7 19 13 8 20 13 8 21 18 7 22 19 9 23 13 8 24 19 9 25 12 10 26 12 10 27 19 9 28 20 11 29 12 10 30 20 11 31 11 12 32 11 12 33 20 11 34 21 13 35 11 12 36 21 13 37 10 14 38 10 14 39 21 13 40 22 15 41 10 14 42 22 15 43 9 16 44 9 16 45 22 15 46 23 17 47 9 16 48 23 17 49 8 18 50 8 18 51 23 17 52 24 19 53 8 18 54 24 19 55 7 20 56 7 20 57 24 19 58 25 21 59 7 20 60 25 21 61 6 22 62 6 22 63 25 21 64 26 23 65 6 22 66 26 23 67 5 24 68 5 24 69 26 23 70 27 25 71 5 24 72 27 25 73 4 26 74 4 26 75 27 25 76 28 27 77 4 26 78 28 27 79 3 28 80 3 28 81 28 27 82 29 29 83 3 28 84 29 29 85 2 30 86 2 30 87 29 29 88 30 31 89 2 30 90 30 31 91 1 0 92 1 0 93 30 31 94 31 1 95 33 32 96 61 33 97 32 34 98 32 34 99 61 33 100 47 35 101 32 34 102 47 35 103 46 36 104 46 36 105 47 35 106 48 37 107 46 36 108 48 37 109 45 38 110 45 38 111 48 37 112 49 39 113 45 38 114 49 39 115 44 40 116 44 40 117 49 39 118 50 41 119 44 40 120 50 41 121 43 42 122 43 42 123 50 41 124 51 43 125 43 42 126 51 43 127 42 44 128 42 44 129 51 43 130 52 45 131 42 44 132 52 45 133 41 46 134 41 46 135 52 45 136 53 47 137 41 46 138 53 47 139 40 48 140 40 48 141 53 47 142 54 49 143 40 48 144 54 49 145 39 50 146 39 50 147 54 49 148 55 51 149 39 50 150 55 51 151 38 52 152 38 52 153 55 51 154 56 53 155 38 52 156 56 53 157 37 54 158 37 54 159 56 53 160 57 55 161 37 54 162 57 55 163 36 56 164 36 56 165 57 55 166 58 57 167 36 56 168 58 57 169 35 58 170 35 58 171 58 57 172 59 59 173 35 58 174 59 59 175 34 60 176 34 60 177 59 59 178 60 61 179 34 60 180 60 61 181 33 32 182 33 32 183 60 61 184 61 33 185 63 62 186 77 63 187 62 64 188 62 64 189 77 63 190 78 65 191 62 64 192 78 65 193 76 66 194 76 66 195 78 65 196 79 67 197 76 66 198 79 67 199 75 68 200 75 68 201 79 67 202 80 69 203 75 68 204 80 69 205 74 70 206 74 70 207 80 69 208 81 71 209 74 70 210 81 71 211 73 72 212 73 72 213 81 71 214 82 73 215 73 72 216 82 73 217 72 74 218 72 74 219 82 73 220 83 75 221 72 74 222 83 75 223 71 76 224 71 76 225 83 75 226 84 77 227 71 76 228 84 77 229 70 78 230 70 78 231 84 77 232 85 79 233 70 78 234 85 79 235 69 80 236 69 80 237 85 79 238 86 81 239 69 80 240 86 81 241 68 82 242 68 82 243 86 81 244 87 83 245 68 82 246 87 83 247 67 84 248 67 84 249 87 83 250 88 85 251 67 84 252 88 85 253 66 86 254 66 86 255 88 85 256 89 87 257 66 86 258 89 87 259 65 88 260 65 88 261 89 87 262 90 89 263 65 88 264 90 89 265 64 90 266 64 90 267 90 89 268 91 91 269 64 90 270 91 91 271 63 62 272 63 62 273 91 91 274 77 63 275 93 92 276 121 33 277 92 34 278 92 34 279 121 33 280 107 35 281 92 34 282 107 35 283 106 93 284 106 93 285 107 35 286 108 94 287 106 93 288 108 94 289 105 95 290 105 95 291 108 94 292 109 96 293 105 95 294 109 96 295 104 97 296 104 97 297 109 96 298 110 98 299 104 97 300 110 98 301 103 42 302 103 42 303 110 98 304 111 43 305 103 42 306 111 43 307 102 44 308 102 44 309 111 43 310 112 45 311 102 44 312 112 45 313 101 46 314 101 46 315 112 45 316 113 47 317 101 46 318 113 47 319 100 48 320 100 48 321 113 47 322 114 49 323 100 48 324 114 49 325 99 50 326 99 50 327 114 49 328 115 51 329 99 50 330 115 51 331 98 52 332 98 52 333 115 51 334 116 53 335 98 52 336 116 53 337 97 54 338 97 54 339 116 53 340 117 55 341 97 54 342 117 55 343 96 56 344 96 56 345 117 55 346 118 57 347 96 56 348 118 57 349 95 99 350 95 99 351 118 57 352 119 100 353 95 99 354 119 100 355 94 101 356 94 101 357 119 100 358 120 102 359 94 101 360 120 102 361 93 92 362 93 92 363 120 102 364 121 33 365 123 103 366 137 63 367 122 64 368 122 64 369 137 63 370 138 104 371 122 64 372 138 104 373 136 105 374 136 105 375 138 104 376 139 106 377 136 105 378 139 106 379 135 107 380 135 107 381 139 106 382 140 108 383 135 107 384 140 108 385 134 109 386 134 109 387 140 108 388 141 71 389 134 109 390 141 71 391 133 72 392 133 72 393 141 71 394 142 73 395 133 72 396 142 73 397 132 74 398 132 74 399 142 73 400 143 75 401 132 74 402 143 75 403 131 76 404 131 76 405 143 75 406 144 77 407 131 76 408 144 77 409 130 78 410 130 78 411 144 77 412 145 79 413 130 78 414 145 79 415 129 80 416 129 80 417 145 79 418 146 81 419 129 80 420 146 81 421 128 82 422 128 82 423 146 81 424 147 83 425 128 82 426 147 83 427 127 84 428 127 84 429 147 83 430 148 85 431 127 84 432 148 85 433 126 86 434 126 86 435 148 85 436 149 110 437 126 86 438 149 110 439 125 111 440 125 111 441 149 110 442 150 112 443 125 111 444 150 112 445 124 113 446 124 113 447 150 112 448 151 114 449 124 113 450 151 114 451 123 103 452 123 103 453 151 114 454 137 63 455 153 115 456 183 116 457 152 10 458 152 10 459 183 116 460 168 117 461 152 10 462 168 117 463 167 118 464 167 118 465 168 117 466 169 119 467 167 118 468 169 119 469 166 120 470 166 120 471 169 119 472 170 121 473 166 120 474 170 121 475 165 122 476 165 122 477 170 121 478 171 123 479 165 122 480 171 123 481 164 124 482 164 124 483 171 123 484 172 125 485 164 124 486 172 125 487 163 126 488 163 126 489 172 125 490 173 127 491 163 126 492 173 127 493 162 128 494 162 128 495 173 127 496 174 129 497 162 128 498 174 129 499 161 130 500 161 130 501 174 129 502 175 131 503 161 130 504 175 131 505 160 132 506 160 132 507 175 131 508 176 133 509 160 132 510 176 133 511 159 134 512 159 134 513 176 133 514 177 135 515 159 134 516 177 135 517 158 136 518 158 136 519 177 135 520 178 137 521 158 136 522 178 137 523 157 138 524 157 138 525 178 137 526 179 139 527 157 138 528 179 139 529 156 140 530 156 140 531 179 139 532 180 141 533 156 140 534 180 141 535 155 142 536 155 142 537 180 141 538 181 143 539 155 142 540 181 143 541 154 144 542 154 144 543 181 143 544 182 145 545 154 144 546 182 145 547 153 115 548 153 115 549 182 145 550 183 116 551 185 146 552 215 147 553 184 148 554 184 148 555 215 147 556 200 149 557 184 148 558 200 149 559 199 150 560 199 150 561 200 149 562 201 151 563 199 150 564 201 151 565 198 152 566 198 152 567 201 151 568 202 153 569 198 152 570 202 153 571 197 154 572 197 154 573 202 153 574 203 155 575 197 154 576 203 155 577 196 156 578 196 156 579 203 155 580 204 157 581 196 156 582 204 157 583 195 28 584 195 28 585 204 157 586 205 158 587 195 28 588 205 158 589 194 159 590 194 159 591 205 158 592 206 160 593 194 159 594 206 160 595 193 161 596 193 161 597 206 160 598 207 162 599 193 161 600 207 162 601 192 163 602 192 163 603 207 162 604 208 164 605 192 163 606 208 164 607 191 165 608 191 165 609 208 164 610 209 166 611 191 165 612 209 166 613 190 167 614 190 167 615 209 166 616 210 168 617 190 167 618 210 168 619 189 169 620 189 169 621 210 168 622 211 170 623 189 169 624 211 170 625 188 171 626 188 171 627 211 170 628 212 172 629 188 171 630 212 172 631 187 12 632 187 12 633 212 172 634 213 173 635 187 12 636 213 173 637 186 174 638 186 174 639 213 173 640 214 175 641 186 174 642 214 175 643 185 146 644 185 146 645 214 175 646 215 147 647 217 176 648 247 177 649 216 156 650 216 156 651 247 177 652 232 178 653 216 156 654 232 178 655 231 179 656 231 179 657 232 178 658 233 180 659 231 179 660 233 180 661 230 181 662 230 181 663 233 180 664 234 182 665 230 181 666 234 182 667 229 183 668 229 183 669 234 182 670 235 184 671 229 183 672 235 184 673 228 185 674 228 185 675 235 184 676 236 186 677 228 185 678 236 186 679 227 187 680 227 187 681 236 186 682 237 188 683 227 187 684 237 188 685 226 189 686 226 189 687 237 188 688 238 190 689 226 189 690 238 190 691 225 191 692 225 191 693 238 190 694 239 192 695 225 191 696 239 192 697 224 193 698 224 193 699 239 192 700 240 194 701 224 193 702 240 194 703 223 195 704 223 195 705 240 194 706 241 196 707 223 195 708 241 196 709 222 197 710 222 197 711 241 196 712 242 198 713 222 197 714 242 198 715 221 199 716 221 199 717 242 198 718 243 200 719 221 199 720 243 200 721 220 201 722 220 201 723 243 200 724 244 202 725 220 201 726 244 202 727 219 203 728 219 203 729 244 202 730 245 204 731 219 203 732 245 204 733 218 205 734 218 205 735 245 204 736 246 206 737 218 205 738 246 206 739 217 176 740 217 176 741 246 206 742 247 177 743</p>
        </polylist>
      </mesh>
    </geometry>
  </library_geometries>
  <library_controllers/>
  <library_visual_scenes>
    <visual_scene id="Scene" name="Scene">
      <node id="_88-MoveIt-60-TCP-04" name="_88-MoveIt-60-TCP-04" type="NODE">
        <matrix sid="transform">0.0254 0 0 0 0 1.91765e-9 -0.0254 0 0 0.0254 1.91765e-9 0 0 0 0 1</matrix>
        <instance_geometry url="#Untitled_015-mesh" name="_88-MoveIt-60-TCP-04">
          <bind_material>
            <technique_common>
              <instance_material symbol="Miscellaneous_Default_888-MoveIt-60-TCP-04-material" target="#Miscellaneous_Default_888-MoveIt-60-TCP-04-material">
                <bind_vertex_input semantic="UVChannel_1" input_semantic="TEXCOORD" input_set="0"/>
              </instance_material>
              <instance_material symbol="__105_229_888-MoveIt-60-TCP-04-material" target="#__105_229_888-MoveIt-60-TCP-04-material">
                <bind_vertex_input semantic="UVChannel_1" input_semantic="TEXCOORD" input_set="0"/>
              </instance_material>
              <instance_material symbol="__105_229_3_888-MoveIt-60-TCP-04-material" target="#__105_229_3_888-MoveIt-60-TCP-04-material">
                <bind_vertex_input semantic="UVChannel_1" input_semantic="TEXCOORD" input_set="0"/>
              </instance_material>
              <instance_material symbol="__105_229_2_888-MoveIt-60-TCP-04-material" target="#__105_229_2_888-MoveIt-60-TCP-04-material">
                <bind_vertex_input semantic="UVChannel_1" input_semantic="TEXCOORD" input_set="0"/>
              </instance_material>
              <instance_material symbol="__105_229_1_888-MoveIt-60-TCP-04-material" target="#__105_229_1_888-MoveIt-60-TCP-04-material">
                <bind_vertex_input semantic="UVChannel_1" input_semantic="TEXCOORD" input_set="0"/>
              </instance_material>
            </technique_common>
          </bind_material>
        </instance_geometry>
      </node>
      <node id="_88-MoveIt-60-TCP-04_001" name="_88-MoveIt-60-TCP-04_001" type="NODE">
        <matrix sid="transform">0.0254 0 0 0 0 1.91765e-9 -0.0254 0 0 0.0254 1.91765e-9 0 0 0 0 1</matrix>
        <instance_geometry url="#Untitled_014-mesh" name="_88-MoveIt-60-TCP-04_001"/>
      </node>
    </visual_scene>
  </library_visual_scenes>
  <scene>
    <instance_visual_scene url="#Scene"/>
  </scene>
</COLLADA>