<?xml version="1.0" encoding="utf-8"?>
<COLLADA xmlns="http://www.collada.org/2005/11/COLLADASchema" version="1.4.1">
  <asset>
    <contributor>
      <author>Blender User</author>
      <authoring_tool>Blender 2.76.0 commit date:2015-11-03, commit time:10:56, hash:f337fea</authoring_tool>
    </contributor>
    <created>2015-11-16T10:06:26</created>
    <modified>2015-11-16T10:06:26</modified>
    <unit name="meter" meter="1"/>
    <up_axis>Z_UP</up_axis>
  </asset>
  <library_images/>
  <library_effects>
    <effect id="Miscellaneous_Default_888-MoveIt-60-TCP-04-effect">
      <profile_COMMON>
        <technique sid="common">
          <phong>
            <emission>
              <color sid="emission">0 0 0 1</color>
            </emission>
            <ambient>
              <color sid="ambient">0 0 0 1</color>
            </ambient>
            <diffuse>
              <color sid="diffuse">0.6 0.6 0.6 1</color>
            </diffuse>
            <specular>
              <color sid="specular">0.5 0.5 0.5 1</color>
            </specular>
            <shininess>
              <float sid="shininess">50</float>
            </shininess>
            <index_of_refraction>
              <float sid="index_of_refraction">1</float>
            </index_of_refraction>
          </phong>
        </technique>
      </profile_COMMON>
    </effect>
    <effect id="__105_229_888-MoveIt-60-TCP-04-effect">
      <profile_COMMON>
        <technique sid="common">
          <phong>
            <emission>
              <color sid="emission">0 0 0 1</color>
            </emission>
            <ambient>
              <color sid="ambient">0 0 0 1</color>
            </ambient>
            <diffuse>
              <color sid="diffuse">0 0.3294118 0.7184314 1</color>
            </diffuse>
            <specular>
              <color sid="specular">0.5 0.5 0.5 1</color>
            </specular>
            <shininess>
              <float sid="shininess">50</float>
            </shininess>
            <index_of_refraction>
              <float sid="index_of_refraction">1</float>
            </index_of_refraction>
          </phong>
        </technique>
      </profile_COMMON>
    </effect>
    <effect id="__105_229_3_888-MoveIt-60-TCP-04-effect">
      <profile_COMMON>
        <technique sid="common">
          <phong>
            <emission>
              <color sid="emission">0 0 0 1</color>
            </emission>
            <ambient>
              <color sid="ambient">0 0 0 1</color>
            </ambient>
            <diffuse>
              <color sid="diffuse">0 0.3294118 0.7184314 1</color>
            </diffuse>
            <specular>
              <color sid="specular">0.5 0.5 0.5 1</color>
            </specular>
            <shininess>
              <float sid="shininess">50</float>
            </shininess>
            <index_of_refraction>
              <float sid="index_of_refraction">1</float>
            </index_of_refraction>
          </phong>
        </technique>
      </profile_COMMON>
    </effect>
    <effect id="__105_229_2_888-MoveIt-60-TCP-04-effect">
      <profile_COMMON>
        <technique sid="common">
          <phong>
            <emission>
              <color sid="emission">0 0 0 1</color>
            </emission>
            <ambient>
              <color sid="ambient">0 0 0 1</color>
            </ambient>
            <diffuse>
              <color sid="diffuse">0 0.3294118 0.7184314 1</color>
            </diffuse>
            <specular>
              <color sid="specular">0.5 0.5 0.5 1</color>
            </specular>
            <shininess>
              <float sid="shininess">50</float>
            </shininess>
            <index_of_refraction>
              <float sid="index_of_refraction">1</float>
            </index_of_refraction>
          </phong>
        </technique>
      </profile_COMMON>
    </effect>
    <effect id="__105_229_1_888-MoveIt-60-TCP-04-effect">
      <profile_COMMON>
        <technique sid="common">
          <phong>
            <emission>
              <color sid="emission">0 0 0 1</color>
            </emission>
            <ambient>
              <color sid="ambient">0 0 0 1</color>
            </ambient>
            <diffuse>
              <color sid="diffuse">0 0.3294118 0.7184314 1</color>
            </diffuse>
            <specular>
              <color sid="specular">0.5 0.5 0.5 1</color>
            </specular>
            <shininess>
              <float sid="shininess">50</float>
            </shininess>
            <index_of_refraction>
              <float sid="index_of_refraction">1</float>
            </index_of_refraction>
          </phong>
        </technique>
      </profile_COMMON>
    </effect>
  </library_effects>
  <library_materials>
    <material id="Miscellaneous_Default_888-MoveIt-60-TCP-04-material" name="Miscellaneous_Default_888-MoveIt-60-TCP-04">
      <instance_effect url="#Miscellaneous_Default_888-MoveIt-60-TCP-04-effect"/>
    </material>
    <material id="__105_229_888-MoveIt-60-TCP-04-material" name="__105_229_888-MoveIt-60-TCP-04">
      <instance_effect url="#__105_229_888-MoveIt-60-TCP-04-effect"/>
    </material>
    <material id="__105_229_3_888-MoveIt-60-TCP-04-material" name="__105_229_3_888-MoveIt-60-TCP-04">
      <instance_effect url="#__105_229_3_888-MoveIt-60-TCP-04-effect"/>
    </material>
    <material id="__105_229_2_888-MoveIt-60-TCP-04-material" name="__105_229_2_888-MoveIt-60-TCP-04">
      <instance_effect url="#__105_229_2_888-MoveIt-60-TCP-04-effect"/>
    </material>
    <material id="__105_229_1_888-MoveIt-60-TCP-04-material" name="__105_229_1_888-MoveIt-60-TCP-04">
      <instance_effect url="#__105_229_1_888-MoveIt-60-TCP-04-effect"/>
    </material>
  </library_materials>
  <library_geometries>
    <geometry id="Untitled_015-mesh" name="Untitled.015">
      <mesh>
        <source id="Untitled_015-mesh-positions">
          <float_array id="Untitled_015-mesh-positions-array" count="6744">0 1.177165 0.1614173 -0.0552079 1.177165 0.1516826 -0.103757 1.177165 0.1236528 -0.1397915 1.177165 0.08070862 -0.158965 1.177165 0.02802973 -0.158965 1.177165 -0.02802973 -0.1397915 1.177165 -0.08070862 -0.103757 1.177165 -0.1236528 -0.0552079 1.177165 -0.1516826 0 1.177165 -0.1614173 0.0552079 1.177165 -0.1516826 0.103757 1.177165 -0.1236528 0.1397915 1.177165 -0.08070862 0.158965 1.177165 -0.02802973 0.158965 1.177165 0.02802973 0.1397915 1.177165 0.08070862 0.103757 1.177165 0.1236528 0.0552079 1.177165 0.1516826 -0.1653543 1.181102 0 -0.1553822 1.181102 0.05655443 -0.1266688 1.181102 0.1062877 -0.08267712 1.181102 0.1432009 -0.02871346 1.181102 0.1628422 0.02871346 1.181102 0.1628422 0.08267712 1.181102 0.1432009 0.1266688 1.181102 0.1062877 0.1553822 1.181102 0.05655443 0.1653543 1.181102 0 0.1553822 1.181102 -0.05655443 0.1266688 1.181102 -0.1062877 0.08267712 1.181102 -0.1432009 0.02871346 1.181102 -0.1628422 -0.02871346 1.181102 -0.1628422 -0.08267712 1.181102 -0.1432009 -0.1266688 1.181102 -0.1062877 -0.1553822 1.181102 -0.05655443 0 1.181102 0.1614173 -0.0552079 1.181102 0.1516826 -0.103757 1.181102 0.1236528 -0.1397915 1.181102 0.08070862 -0.158965 1.181102 0.02802973 -0.158965 1.181102 -0.02802973 -0.1397915 1.181102 -0.08070862 -0.103757 1.181102 -0.1236528 -0.0552079 1.181102 -0.1516826 0 1.181102 -0.1614173 0.0552079 1.181102 -0.1516826 0.103757 1.181102 -0.1236528 0.1397915 1.181102 -0.08070862 0.158965 1.181102 -0.02802973 0.158965 1.181102 0.02802973 0.1397915 1.181102 0.08070862 0.103757 1.181102 0.1236528 0.0552079 1.181102 0.1516826 0.6692914 3.413458 -0.07753223 0.6692914 3.441276 -0.05988234 0.6692914 3.474222 -0.05988234 0.6692914 3.50204 -0.07753223 0.6692914 3.494 -0.06583684 0.6692914 3.488982 -0.05256074 0.6692914 3.487277 -0.03847092 0.6692914 3.487277 0.03835469 0.6692914 3.488982 0.05244445 0.6692914 3.494 0.06572055 0.6692914 3.50204 0.077416 0.6692914 3.505482 0.08170568 0.6692914 3.509074 0.08726704 0.6692914 3.513952 0.09834527 0.6692914 3.516326 0.1089785 0.6692914 3.516468 0.1101853 0.6692914 3.516311 0.1089804 0.6692914 3.505427 0.08174598 0.6692914 3.482782 0.06310671 0.6692914 3.453963 0.05765986 0.6692914 3.426078 0.06674897 0.6692914 3.406005 0.0881322 0.6692914 3.398694 0.1165354 0.6692914 3.40039 0.102425 0.6692914 3.405408 0.08912861 0.6692914 3.405956 0.08810532 0.6692914 3.413458 0.077416 0.6692914 3.421498 0.06572055 0.6692914 3.426516 0.05244445 0.6692914 3.428221 0.03835469 0.6692914 3.428221 -0.03847092 0.6692914 3.426516 -0.05256074 0.6692914 3.421498 -0.06583684 -0.6692914 3.428221 -0.03847092 -0.6692914 3.426516 -0.05256074 -0.6692914 3.421498 -0.06583684 -0.6692914 3.413458 -0.07753223 -0.6692914 3.50204 -0.07753223 -0.6692914 3.494 -0.06583684 -0.6692914 3.488982 -0.05256074 -0.6692914 3.487277 -0.03847092 -0.6692914 3.487277 0.03835469 -0.6692914 3.488982 0.05244445 -0.6692914 3.494 0.06572055 -0.6692914 3.50204 0.077416 -0.6692914 3.428221 0.03835469 -0.6692914 3.413458 0.077416 -0.6692914 3.421498 0.06572055 -0.6692914 3.426516 0.05244445 0.6692914 3.426253 -0.1165935 0.6692914 3.433622 -0.1368388 0.6692914 3.45228 -0.1476111 0.6692914 3.473497 -0.1438699 0.6692914 3.487345 -0.1273658 0.6692914 3.487345 -0.1058213 0.6692914 3.473497 -0.08931714 0.6692914 3.45228 -0.08557593 0.6692914 3.433622 -0.09634822 -0.6692914 3.426253 -0.1165935 -0.6692914 3.433622 -0.09634822 -0.6692914 3.45228 -0.08557593 -0.6692914 3.473497 -0.08931714 -0.6692914 3.487345 -0.1058213 -0.6692914 3.487345 -0.1273658 -0.6692914 3.473497 -0.1438699 -0.6692914 3.45228 -0.1476111 -0.6692914 3.433622 -0.1368388 0.6692914 3.426253 0.1164773 0.6692914 3.433622 0.09623199 0.6692914 3.45228 0.0854597 0.6692914 3.473497 0.08920091 0.6692914 3.487345 0.105705 0.6692914 3.487345 0.1272495 0.6692914 3.473497 0.1437537 0.6692914 3.45228 0.1474949 0.6692914 3.433622 0.1367226 -0.6692914 3.426253 0.1164773 -0.6692914 3.433622 0.1367226 -0.6692914 3.45228 0.1474949 -0.6692914 3.473497 0.1437537 -0.6692914 3.487345 0.1272495 -0.6692914 3.487345 0.105705 -0.6692914 3.473497 0.08920091 -0.6692914 3.45228 0.0854597 -0.6692914 3.433622 0.09623199 -0.6692914 3.398694 0.1165354 -0.6692914 3.40039 0.102425 -0.6692914 3.405408 0.08912861 -0.6692914 3.405956 0.08810532 0.6692914 3.407164 0.1469514 0.6692914 3.430094 0.1686567 0.6692914 3.460928 0.1754468 0.6692914 3.490854 0.1653807 0.6692914 3.511317 0.1413358 -0.6692914 3.505482 0.08170568 -0.6692914 3.509074 0.08726704 -0.6692914 3.513952 0.09834527 -0.6692914 3.516326 0.1089785 -0.6692914 3.516468 0.1101853 -0.6692914 3.511317 0.1413358 -0.6692914 3.490854 0.1653807 -0.6692914 3.460928 0.1754468 -0.6692914 3.430094 0.1686567 -0.6692914 3.407164 0.1469514 -0.6692914 3.474222 -0.05988234 -0.6692914 3.441276 -0.05988234 -0.6692914 3.406005 0.0881322 -0.6692914 3.426078 0.06674897 -0.6692914 3.453963 0.05765986 -0.6692914 3.482782 0.06310671 -0.6692914 3.505427 0.08174598 -0.6692914 3.516311 0.1089804 0.6692914 3.465362 -0.1751559 -0.6692914 3.465362 -0.1751559 -0.6692914 3.4068 -0.182769 -0.8661417 3.4068 -0.182769 -0.8661417 2.66501 -0.2792016 -0.6692914 2.66501 -0.2792016 -0.6692914 2.606448 -0.2868148 0.6692914 2.606448 -0.2868148 0.6692914 2.66501 -0.2792016 0.8661417 2.66501 -0.2792016 0.8661417 3.4068 -0.182769 0.6692914 3.4068 -0.182769 0.6692914 3.493623 -0.1635034 0.6692914 3.512272 -0.1392815 0.6692914 3.516311 -0.1089804 0.6692914 3.523925 -0.1675428 0.6692914 3.399187 -0.1242066 0.6692914 3.410839 -0.1524679 0.6692914 3.435061 -0.1711165 -0.6692914 3.516311 -0.1089804 -0.6692914 3.512272 -0.1392815 -0.6692914 3.493623 -0.1635034 -0.6692914 3.523925 -0.1675428 -0.6692914 3.48703 -0.1204001 -0.6692914 3.477733 -0.1383311 -0.6692914 3.459085 -0.1460909 -0.6692914 3.439812 -0.1400485 -0.6692914 3.428932 -0.1230313 -0.6692914 3.431536 -0.1030018 -0.6692914 3.446405 -0.08933204 -0.6692914 3.466583 -0.08841818 -0.6692914 3.482626 -0.1006879 -0.6692914 3.48703 0.1204001 -0.6692914 3.482626 0.1006879 -0.6692914 3.466583 0.08841818 -0.6692914 3.446405 0.08933204 -0.6692914 3.431536 0.1030018 -0.6692914 3.428932 0.1230313 -0.6692914 3.439812 0.1400485 -0.6692914 3.459085 0.1460909 -0.6692914 3.477733 0.1383311 0.6692914 3.48703 0.1204001 0.6692914 3.477733 0.1383311 0.6692914 3.459085 0.1460909 0.6692914 3.439812 0.1400485 0.6692914 3.428932 0.1230313 0.6692914 3.431536 0.1030018 0.6692914 3.446405 0.08933204 0.6692914 3.466583 0.08841818 0.6692914 3.482626 0.1006879 0.6692914 2.601773 0.2874225 -0.6692914 2.601773 0.2874225 -0.6692914 2.5738 0.2819266 -0.6692914 2.551661 0.2639669 -0.6692914 2.540515 0.2377284 -0.6692914 2.540103 0.2346156 -0.6692914 2.539986 0.2333682 -0.6692914 2.539858 0.2314853 -0.6692914 2.539829 0.2308593 -0.6692914 2.53978 0.2283464 -0.6692914 2.5415 0.2142898 -0.6692914 2.546518 0.2010468 -0.6692914 2.554543 0.1893792 0.6692914 2.554543 0.1893792 0.6692914 2.546518 0.2010468 0.6692914 2.5415 0.2142898 0.6692914 2.53978 0.2283464 0.6692914 2.539829 0.2308593 0.6692914 2.539858 0.2314853 0.6692914 2.539986 0.2333682 0.6692914 2.540103 0.2346156 0.6692914 2.540515 0.2377284 0.6692914 2.551661 0.2639669 0.6692914 2.5738 0.2819266 -0.6692914 2.611074 0.2862133 0.6692914 2.611074 0.2862133 0.6692914 2.638215 0.2724483 0.6692914 2.654898 0.2469972 0.6692914 2.656694 0.2166185 0.6692914 2.643126 0.1893792 -0.6692914 2.643126 0.1893792 -0.6692914 2.656694 0.2166185 -0.6692914 2.654898 0.2469972 -0.6692914 2.638215 0.2724483 0.6692914 2.641337 0.1872513 0.6692914 2.614461 0.1713021 0.6692914 2.583209 0.1713021 0.6692914 2.556333 0.1872513 0.6692914 2.563417 0.176028 0.6692914 2.567816 0.163506 0.6692914 2.569307 0.1503179 0.6692914 2.569307 -0.1501297 0.6692914 2.567602 -0.1642196 0.6692914 2.562584 -0.1774957 0.6692914 2.554543 -0.1891911 0.6692914 2.582362 -0.1715412 0.6692914 2.615307 -0.1715412 0.6692914 2.643126 -0.1891911 0.6692914 2.635086 -0.1774957 0.6692914 2.630068 -0.1642196 0.6692914 2.628362 -0.1501297 0.6692914 2.628362 0.1503179 0.6692914 2.629854 0.163506 0.6692914 2.634253 0.176028 0.6692914 2.540272 0.2358655 0.6692914 2.539837 0.230859 0.6692914 2.540002 0.2333669 -0.6692914 2.540272 0.2358655 -0.6692914 2.540002 0.2333669 -0.6692914 2.539837 0.230859 -0.6692914 2.556333 0.1872513 -0.6692914 2.583209 0.1713021 -0.6692914 2.614461 0.1713021 -0.6692914 2.641337 0.1872513 -0.6692914 2.634253 0.176028 -0.6692914 2.629854 0.163506 -0.6692914 2.628362 0.1503179 -0.6692914 2.628362 -0.1501297 -0.6692914 2.630068 -0.1642196 -0.6692914 2.635086 -0.1774957 -0.6692914 2.643126 -0.1891911 -0.6692914 2.615307 -0.1715412 -0.6692914 2.582362 -0.1715412 -0.6692914 2.554543 -0.1891911 -0.6692914 2.562584 -0.1774957 -0.6692914 2.567602 -0.1642196 -0.6692914 2.569307 -0.1501297 -0.6692914 2.569307 0.1503179 -0.6692914 2.567816 0.163506 -0.6692914 2.563417 0.176028 -0.6692914 2.641922 0.1879699 -0.6692914 2.642518 0.1886793 0.6692914 2.642518 0.1886793 0.6692914 2.641922 0.1879699 0.6692914 2.555747 0.1879699 0.6692914 2.555151 0.1886793 -0.6692914 2.555151 0.1886793 -0.6692914 2.555747 0.1879699 0.6692914 2.630331 0.2284405 0.6692914 2.622962 0.2486857 0.6692914 2.604304 0.2594581 0.6692914 2.583086 0.2557169 0.6692914 2.569238 0.2392128 0.6692914 2.569238 0.2176682 0.6692914 2.583086 0.2011641 0.6692914 2.604304 0.1974229 0.6692914 2.622962 0.2081952 -0.6692914 2.630331 0.2284405 -0.6692914 2.622962 0.2081952 -0.6692914 2.604304 0.1974229 -0.6692914 2.583086 0.2011641 -0.6692914 2.569238 0.2176682 -0.6692914 2.569238 0.2392128 -0.6692914 2.583086 0.2557169 -0.6692914 2.604304 0.2594581 -0.6692914 2.622962 0.2486857 0.6692914 2.630331 -0.2282524 0.6692914 2.622962 -0.208007 0.6692914 2.604304 -0.1972348 0.6692914 2.583086 -0.200976 0.6692914 2.569238 -0.2174801 0.6692914 2.569238 -0.2390246 0.6692914 2.583086 -0.2555288 0.6692914 2.604304 -0.25927 0.6692914 2.622962 -0.2484977 -0.6692914 2.630331 -0.2282524 -0.6692914 2.622962 -0.2484977 -0.6692914 2.604304 -0.25927 -0.6692914 2.583086 -0.2555288 -0.6692914 2.569238 -0.2390246 -0.6692914 2.569238 -0.2174801 -0.6692914 2.583086 -0.200976 -0.6692914 2.604304 -0.1972348 -0.6692914 2.622962 -0.208007 0.6692914 2.547885 0.2944279 0.8661417 2.547885 0.2944279 0.8661417 1.806096 0.3908605 0.6692914 1.806096 0.3908605 0.6692914 1.750891 0.3980371 -0.6692914 1.750891 0.3980371 -0.6692914 1.806096 0.3908605 -0.8661417 1.806096 0.3908605 -0.8661417 2.547885 0.2944279 -0.6692914 2.547885 0.2944279 -0.6692914 2.547885 -0.2944279 -0.8661417 2.547885 -0.2944279 -0.8661417 1.806096 -0.3908605 -0.6692914 1.806096 -0.3908605 -0.6692914 1.747533 -0.3984736 0.6692914 1.747533 -0.3984736 0.6692914 1.806096 -0.3908605 0.8661417 1.806096 -0.3908605 0.8661417 2.547885 -0.2944279 0.6692914 2.547885 -0.2944279 -0.6692914 2.643219 0.1892971 -0.6692914 2.649035 0.1971483 -0.6692914 2.65447 0.2084473 -0.6692914 2.656731 0.2166113 -0.6692914 2.657397 0.2206393 -0.6692914 2.66501 0.2792016 -0.6692914 2.541456 0.2142792 -0.6692914 2.541686 0.2133705 -0.6692914 2.54644 0.2010067 -0.6692914 2.547326 0.1993671 -0.6692914 2.55445 0.1892971 0.6692914 2.55445 0.1892971 0.6692914 2.547326 0.1993671 0.6692914 2.54644 0.2010067 0.6692914 2.541686 0.2133705 0.6692914 2.541456 0.2142792 0.6692914 2.628116 0.232059 0.6692914 2.618818 0.2499899 0.6692914 2.600171 0.2577497 0.6692914 2.580898 0.2517074 0.6692914 2.570018 0.2346901 0.6692914 2.572621 0.2146607 0.6692914 2.587491 0.2009909 0.6692914 2.607668 0.2000771 0.6692914 2.623712 0.2123468 0.6692914 2.634709 -0.2751623 0.6692914 2.653358 -0.2509405 0.6692914 2.657397 -0.2206393 0.6692914 2.540272 -0.2358655 0.6692914 2.551925 -0.2641267 0.6692914 2.576147 -0.2827754 -0.6692914 2.657397 -0.2206393 -0.6692914 2.653358 -0.2509405 -0.6692914 2.634709 -0.2751623 -0.6692914 2.628116 -0.232059 -0.6692914 2.618818 -0.2499899 -0.6692914 2.600171 -0.2577497 -0.6692914 2.580898 -0.2517074 -0.6692914 2.570018 -0.2346901 -0.6692914 2.572621 -0.2146607 -0.6692914 2.587491 -0.2009909 -0.6692914 2.607668 -0.2000771 -0.6692914 2.623712 -0.2123468 0.6692914 1.680865 0.3399606 0.6692914 1.680922 0.3424881 0.6692914 1.681086 0.3450109 0.6692914 1.681358 0.3475244 0.6692914 1.681529 0.3488371 0.6692914 1.681345 0.347526 0.6692914 1.681159 0.3458907 0.6692914 1.681077 0.3450117 0.6692914 1.680938 0.3429293 -0.6692914 1.681358 0.3475244 -0.6692914 1.681086 0.3450109 -0.6692914 1.680922 0.3424881 -0.6692914 1.680865 0.3399606 -0.6692914 1.680938 0.3429293 -0.6692914 1.681077 0.3450117 -0.6692914 1.681159 0.3458907 -0.6692914 1.681345 0.347526 -0.6692914 1.681529 0.3488371 0.6692914 1.778572 0.3846591 0.6692914 1.795778 0.35918 0.6692914 1.797844 0.3285053 0.6692914 1.784212 0.3009487 -0.6692914 1.784212 0.3009487 -0.6692914 1.797844 0.3285053 -0.6692914 1.795778 0.35918 -0.6692914 1.778572 0.3846591 0.6692914 1.74415 0.3989134 -0.6692914 1.74415 0.3989134 -0.6692914 1.715528 0.3937921 -0.6692914 1.692819 0.3756326 -0.6692914 1.682579 0.3258882 -0.6692914 1.687596 0.3126295 -0.6692914 1.695629 0.3009487 0.6692914 1.695629 0.3009487 0.6692914 1.687596 0.3126295 0.6692914 1.682579 0.3258882 0.6692914 1.692819 0.3756326 0.6692914 1.715528 0.3937921 -0.6692914 1.710393 -0.2617887 -0.6692914 1.708687 -0.2758785 -0.6692914 1.70367 -0.2891545 -0.6692914 1.695629 -0.30085 0.6692914 1.695629 -0.30085 0.6692914 1.70367 -0.2891545 0.6692914 1.708687 -0.2758785 0.6692914 1.710393 -0.2617887 -0.6692914 1.784212 -0.30085 -0.6692914 1.776171 -0.2891545 -0.6692914 1.771153 -0.2758785 -0.6692914 1.769448 -0.2617887 0.6692914 1.769448 -0.2617887 0.6692914 1.771153 -0.2758785 0.6692914 1.776171 -0.2891545 0.6692914 1.784212 -0.30085 -0.6692914 1.782914 0.2994263 -0.6692914 1.783341 0.2999386 -0.6692914 1.783773 0.3004461 0.6692914 1.783773 0.3004461 0.6692914 1.783341 0.2999386 0.6692914 1.782914 0.2994263 0.6692914 1.775567 0.2880646 0.6692914 1.770998 0.2753288 0.6692914 1.769448 0.2618874 -0.6692914 1.769448 0.2618874 -0.6692914 1.770998 0.2753288 -0.6692914 1.775567 0.2880646 -0.6692914 1.710393 0.2618874 0.6692914 1.710393 0.2618874 -0.6692914 1.696927 0.2994263 -0.6692914 1.704274 0.2880646 -0.6692914 1.708843 0.2753288 0.6692914 1.708843 0.2753288 0.6692914 1.704274 0.2880646 0.6692914 1.696927 0.2994263 0.6692914 1.6965 0.2999386 0.6692914 1.696067 0.3004461 -0.6692914 1.696067 0.3004461 -0.6692914 1.6965 0.2999386 0.6692914 1.708424 -0.3399113 0.6692914 1.715793 -0.3601565 0.6692914 1.734451 -0.3709288 0.6692914 1.755668 -0.3671876 0.6692914 1.769517 -0.3506835 0.6692914 1.769517 -0.329139 0.6692914 1.755668 -0.3126349 0.6692914 1.734451 -0.3088937 0.6692914 1.715793 -0.319666 -0.6692914 1.708424 -0.3399113 -0.6692914 1.715793 -0.319666 -0.6692914 1.734451 -0.3088937 -0.6692914 1.755668 -0.3126349 -0.6692914 1.769517 -0.329139 -0.6692914 1.769517 -0.3506835 -0.6692914 1.755668 -0.3671876 -0.6692914 1.734451 -0.3709288 -0.6692914 1.715793 -0.3601565 0.6692914 1.708424 0.34001 0.6692914 1.715793 0.3197647 0.6692914 1.734451 0.3089924 0.6692914 1.755668 0.3127336 0.6692914 1.769517 0.3292377 0.6692914 1.769517 0.3507823 0.6692914 1.755668 0.3672864 0.6692914 1.734451 0.3710275 0.6692914 1.715793 0.3602553 -0.6692914 1.708424 0.34001 -0.6692914 1.715793 0.3602553 -0.6692914 1.734451 0.3710275 -0.6692914 1.755668 0.3672864 -0.6692914 1.769517 0.3507823 -0.6692914 1.769517 0.3292377 -0.6692914 1.755668 0.3127336 -0.6692914 1.734451 0.3089924 -0.6692914 1.715793 0.3197647 0.6692914 1.723448 -0.2832001 0.6692914 1.756393 -0.2832001 0.6692914 1.755775 0.2830243 0.6692914 1.724065 0.2830243 -0.6692914 1.756393 -0.2832001 -0.6692914 1.723448 -0.2832001 -0.6692914 1.724065 0.2830243 -0.6692914 1.755775 0.2830243 0.8661417 3.523925 -0.1675428 0.8661417 4.394285 -0.05439585 -0.8661417 4.394285 -0.05439585 -0.8661417 3.523925 -0.1675428 -0.8661417 2.66501 0.2792016 -0.8661417 3.4068 0.182769 -0.6692914 3.4068 0.182769 -0.6692914 3.523925 0.1675428 -0.8661417 3.523925 0.1675428 -0.8661417 4.394285 0.05439585 0.8661417 4.394285 0.05439585 0.8661417 3.523925 0.1675428 0.6692914 3.523925 0.1675428 0.6692914 3.4068 0.182769 0.8661417 3.4068 0.182769 0.8661417 2.66501 0.2792016 0.6692914 2.66501 0.2792016 -0.6692914 1.798483 -0.3322982 -0.6692914 1.794443 -0.3625993 -0.6692914 1.775795 -0.3868212 -0.6692914 1.769202 -0.3437178 -0.6692914 1.759904 -0.3616488 -0.6692914 1.741256 -0.3694086 -0.6692914 1.721983 -0.3633662 -0.6692914 1.711103 -0.346349 -0.6692914 1.713707 -0.3263195 -0.6692914 1.728576 -0.3126497 -0.6692914 1.748754 -0.3117359 -0.6692914 1.764798 -0.3240057 0.6692914 1.681358 -0.3475244 0.6692914 1.693011 -0.3757856 0.6692914 1.717232 -0.3944343 0.6692914 1.688971 -0.4060867 0.6692914 1.769202 -0.3437178 0.6692914 1.764798 -0.3240057 0.6692914 1.748754 -0.3117359 0.6692914 1.728576 -0.3126497 0.6692914 1.713707 -0.3263195 0.6692914 1.711103 -0.346349 0.6692914 1.721983 -0.3633662 0.6692914 1.741256 -0.3694086 0.6692914 1.759904 -0.3616488 -0.6692914 1.688971 0.4060867 -0.6692914 1.784261 0.3009056 -0.6692914 1.790369 0.3092122 -0.6692914 1.795635 0.3203303 -0.6692914 1.797863 0.3285016 -0.6692914 1.798483 0.3322982 -0.6692914 1.769202 0.3437178 -0.6692914 1.764798 0.3240057 -0.6692914 1.748754 0.3117359 -0.6692914 1.728576 0.3126497 -0.6692914 1.713707 0.3263195 -0.6692914 1.711103 0.346349 -0.6692914 1.721983 0.3633662 -0.6692914 1.741256 0.3694086 -0.6692914 1.759904 0.3616488 0.6692914 1.798483 0.3322982 0.6692914 1.797863 0.3285016 0.6692914 1.795635 0.3203303 0.6692914 1.790369 0.3092122 0.6692914 1.784261 0.3009056 0.6692914 1.688971 0.4060867 0.6692914 1.69558 0.3009056 0.6692914 1.688188 0.3114284 0.6692914 1.687556 0.3126084 0.6692914 1.682719 0.3252306 0.6692914 1.682556 0.3258826 -0.2570148 1.181102 -0.3062273 -0.2664135 1.181102 -0.2773009 -0.2910198 1.181102 -0.2594234 -0.3214349 1.181102 -0.2594234 -0.3460412 1.181102 -0.2773009 -0.35544 1.181102 -0.3062273 -0.3460412 1.181102 -0.3351538 -0.3214349 1.181102 -0.3530313 -0.2910198 1.181102 -0.3530313 -0.2664135 1.181102 -0.3351538 -0.2570148 1.181102 0.3062273 -0.2664135 1.181102 0.3351538 -0.2910198 1.181102 0.3530313 -0.3214349 1.181102 0.3530313 -0.3460412 1.181102 0.3351538 -0.35544 1.181102 0.3062273 -0.3460412 1.181102 0.2773009 -0.3214349 1.181102 0.2594234 -0.2910198 1.181102 0.2594234 -0.2664135 1.181102 0.2773009 0.35544 1.181102 0.3062273 0.3460412 1.181102 0.3351538 0.3214349 1.181102 0.3530313 0.2910198 1.181102 0.3530313 0.2664135 1.181102 0.3351538 0.2570148 1.181102 0.3062273 0.2664135 1.181102 0.2773009 0.2910198 1.181102 0.2594234 0.3214349 1.181102 0.2594234 0.3460412 1.181102 0.2773009 0.35544 1.181102 -0.3062273 0.3460412 1.181102 -0.2773009 0.3214349 1.181102 -0.2594234 0.2910198 1.181102 -0.2594234 0.2664135 1.181102 -0.2773009 0.2570148 1.181102 -0.3062273 0.2664135 1.181102 -0.3351538 0.2910198 1.181102 -0.3530313 0.3214349 1.181102 -0.3530313 0.3460412 1.181102 -0.3351538 0.4527559 1.181102 0.09842514 0.4527559 1.181102 -0.09842514 0.4606678 1.181102 -0.1279526 0.4822835 1.181102 -0.1495684 0.511811 1.181102 -0.1574802 0.5708662 1.181102 -0.1574802 0.6003937 1.181102 -0.1495684 0.6220094 1.181102 -0.1279526 0.6299213 1.181102 -0.09842514 0.6299213 1.181102 0.09842514 0.6220094 1.181102 0.1279526 0.6003937 1.181102 0.1495684 0.5708662 1.181102 0.1574802 0.511811 1.181102 0.1574802 0.4822835 1.181102 0.1495684 0.4606678 1.181102 0.1279526 -0.511811 1.181102 0.1574802 -0.5708662 1.181102 0.1574802 -0.6003937 1.181102 0.1495684 -0.6220094 1.181102 0.1279526 -0.6299213 1.181102 0.09842514 -0.6299213 1.181102 -0.09842514 -0.6220094 1.181102 -0.1279526 -0.6003937 1.181102 -0.1495684 -0.5708662 1.181102 -0.1574802 -0.511811 1.181102 -0.1574802 -0.4822835 1.181102 -0.1495684 -0.4606678 1.181102 -0.1279526 -0.4527559 1.181102 -0.09842514 -0.4527559 1.181102 0.09842514 -0.4606678 1.181102 0.1279526 -0.4822835 1.181102 0.1495684 0.738189 1.181102 -0.3149606 0.7287902 1.181102 -0.2860342 0.7041839 1.181102 -0.2681567 0.6737688 1.181102 -0.2681567 0.6491625 1.181102 -0.2860342 0.6397638 1.181102 -0.3149606 0.6491625 1.181102 -0.343887 0.6737688 1.181102 -0.3617646 0.7041839 1.181102 -0.3617646 0.7287902 1.181102 -0.343887 0.738189 1.181102 0.3149606 0.7287902 1.181102 0.343887 0.7041839 1.181102 0.3617646 0.6737688 1.181102 0.3617646 0.6491625 1.181102 0.343887 0.6397638 1.181102 0.3149606 0.6491625 1.181102 0.2860342 0.6737688 1.181102 0.2681567 0.7041839 1.181102 0.2681567 0.7287902 1.181102 0.2860342 -0.6397638 1.181102 -0.3149606 -0.6491625 1.181102 -0.2860342 -0.6737688 1.181102 -0.2681567 -0.7041839 1.181102 -0.2681567 -0.7287902 1.181102 -0.2860342 -0.738189 1.181102 -0.3149606 -0.7287902 1.181102 -0.343887 -0.7041839 1.181102 -0.3617646 -0.6737688 1.181102 -0.3617646 -0.6491625 1.181102 -0.343887 -0.6397638 1.181102 0.3149606 -0.6491625 1.181102 0.343887 -0.6737688 1.181102 0.3617646 -0.7041839 1.181102 0.3617646 -0.7287902 1.181102 0.343887 -0.738189 1.181102 0.3149606 -0.7287902 1.181102 0.2860342 -0.7041839 1.181102 0.2681567 -0.6737688 1.181102 0.2681567 -0.6491625 1.181102 0.2860342 0.1377952 1.181102 0.3641732 0.1088688 1.181102 0.3547744 0.09099131 1.181102 0.3301681 0.09099131 1.181102 0.2997531 0.1088688 1.181102 0.2751468 0.1377952 1.181102 0.265748 0.1667217 1.181102 0.2751468 0.1845992 1.181102 0.2997531 0.1845992 1.181102 0.3301681 0.1667217 1.181102 0.3547744 -0.3641732 1.181102 0.1377952 -0.3547744 1.181102 0.1088688 -0.3301681 1.181102 0.09099131 -0.2997531 1.181102 0.09099131 -0.2751468 1.181102 0.1088688 -0.265748 1.181102 0.1377952 -0.2751468 1.181102 0.1667217 -0.2997531 1.181102 0.1845992 -0.3301681 1.181102 0.1845992 -0.3547744 1.181102 0.1667217 -0.1377952 1.181102 -0.3641732 -0.1088688 1.181102 -0.3547744 -0.09099131 1.181102 -0.3301681 -0.09099131 1.181102 -0.2997531 -0.1088688 1.181102 -0.2751468 -0.1377952 1.181102 -0.265748 -0.1667217 1.181102 -0.2751468 -0.1845992 1.181102 -0.2997531 -0.1845992 1.181102 -0.3301681 -0.1667217 1.181102 -0.3547744 0.3641732 1.181102 -0.1377952 0.3547744 1.181102 -0.1088688 0.3301681 1.181102 -0.09099131 0.2997531 1.181102 -0.09099131 0.2751468 1.181102 -0.1088688 0.265748 1.181102 -0.1377952 0.2751468 1.181102 -0.1667217 0.2997531 1.181102 -0.1845992 0.3301681 1.181102 -0.1845992 0.3547744 1.181102 -0.1667217 -0.1833407 1.181102 -0.2227108 -0.1925516 1.181102 -0.1974042 -0.2158741 1.181102 -0.1839388 -0.2423958 1.181102 -0.1886153 -0.2597066 1.181102 -0.2092454 -0.2597066 1.181102 -0.2361761 -0.2423958 1.181102 -0.2568063 -0.2158741 1.181102 -0.2614828 -0.1925516 1.181102 -0.2480174 -0.2755905 1.181102 0 -0.2848014 1.181102 0.02530658 -0.3081241 1.181102 0.03877186 -0.3346457 1.181102 0.0340954 -0.3519564 1.181102 0.01346534 -0.3519564 1.181102 -0.01346534 -0.3346457 1.181102 -0.0340954 -0.3081241 1.181102 -0.03877186 -0.2848014 1.181102 -0.02530658 -0.1833407 1.181102 0.2227108 -0.1925516 1.181102 0.2480174 -0.2158741 1.181102 0.2614828 -0.2423958 1.181102 0.2568063 -0.2597066 1.181102 0.2361761 -0.2597066 1.181102 0.2092454 -0.2423958 1.181102 0.1886153 -0.2158741 1.181102 0.1839388 -0.1925516 1.181102 0.1974042 0.03937 1.181102 0.3149606 0.03015923 1.181102 0.3402672 0.006836473 1.181102 0.3537326 -0.01968497 1.181102 0.3490561 -0.0369957 1.181102 0.328426 -0.0369957 1.181102 0.3014953 -0.01968497 1.181102 0.2808651 0.006836473 1.181102 0.2761887 0.03015923 1.181102 0.289654 0.2620809 1.181102 0.2227108 0.25287 1.181102 0.2480174 0.2295473 1.181102 0.2614828 0.2030256 1.181102 0.2568063 0.185715 1.181102 0.2361761 0.185715 1.181102 0.2092454 0.2030256 1.181102 0.1886153 0.2295473 1.181102 0.1839388 0.25287 1.181102 0.1974042 0.3543307 1.181102 0 0.3451198 1.181102 0.02530658 0.3217971 1.181102 0.03877186 0.2952756 1.181102 0.0340954 0.2779648 1.181102 0.01346534 0.2779648 1.181102 -0.01346534 0.2952756 1.181102 -0.0340954 0.3217971 1.181102 -0.03877186 0.3451198 1.181102 -0.02530658 0.2620809 1.181102 -0.2227108 0.25287 1.181102 -0.1974042 0.2295473 1.181102 -0.1839388 0.2030256 1.181102 -0.1886153 0.185715 1.181102 -0.2092454 0.185715 1.181102 -0.2361761 0.2030256 1.181102 -0.2568063 0.2295473 1.181102 -0.2614828 0.25287 1.181102 -0.2480174 0.03937 1.181102 -0.3149606 0.03015923 1.181102 -0.289654 0.006836473 1.181102 -0.2761887 -0.01968497 1.181102 -0.2808651 -0.0369957 1.181102 -0.3014953 -0.0369957 1.181102 -0.328426 -0.01968497 1.181102 -0.3490561 0.006836473 1.181102 -0.3537326 0.03015923 1.181102 -0.3402672 0.8070866 1.181102 0.4221721 0.8070866 1.181102 -0.4221721 0.8661417 1.181102 -0.4221721 0.8661417 1.181102 0.4221721 0.1614173 1.102362 0 0.1516826 1.102362 -0.0552079 0.1236528 1.102362 -0.103757 0.08070862 1.102362 -0.1397915 0.02802973 1.102362 -0.158965 -0.02802973 1.102362 -0.158965 -0.08070862 1.102362 -0.1397915 -0.1236528 1.102362 -0.103757 -0.1516826 1.102362 -0.0552079 -0.1614173 1.102362 0 -0.1516826 1.102362 0.0552079 -0.1236528 1.102362 0.103757 -0.08070862 1.102362 0.1397915 -0.02802973 1.102362 0.158965 0.02802973 1.102362 0.158965 0.08070862 1.102362 0.1397915 0.1236528 1.102362 0.103757 0.1516826 1.102362 0.0552079 0 1.122047 0.1614173 -0.0552079 1.122047 0.1516826 -0.103757 1.122047 0.1236528 -0.1397915 1.122047 0.08070862 -0.158965 1.122047 0.02802973 -0.158965 1.122047 -0.02802973 -0.1397915 1.122047 -0.08070862 -0.103757 1.122047 -0.1236528 -0.0552079 1.122047 -0.1516826 0 1.122047 -0.1614173 0.0552079 1.122047 -0.1516826 0.103757 1.122047 -0.1236528 0.1397915 1.122047 -0.08070862 0.158965 1.122047 -0.02802973 0.158965 1.122047 0.02802973 0.1397915 1.122047 0.08070862 0.103757 1.122047 0.1236528 0.0552079 1.122047 0.1516826 -0.8661417 1.181102 -0.4221721 -0.8661417 1.188108 -0.4546396 -0.8661417 1.207877 -0.4813299 -0.8661417 1.236894 -0.4974938 -0.8661417 1.269993 -0.5002552 0.8661417 1.269993 -0.5002552 0.8661417 1.236894 -0.4974938 0.8661417 1.207877 -0.4813299 0.8661417 1.188108 -0.4546396 -0.8070866 1.181102 -0.4221721 -0.8661417 1.220472 0.4221721 -0.8661417 1.226627 0.4433076 -0.8661417 1.243165 0.4578354 -0.8661417 1.264918 0.4612137 0.8661417 1.264918 0.4612137 0.8661417 1.243165 0.4578354 0.8661417 1.226627 0.4433076 0.8661417 1.220472 0.4221721 -0.6692914 1.688971 -0.4060867 -0.8661417 1.688971 -0.4060867 -0.8661417 1.264918 -0.4612137 0.8661417 1.264918 -0.4612137 0.8661417 1.688971 -0.4060867 0.8661417 1.688971 0.4060867 -0.8661417 1.688971 0.4060867 -0.8661417 4.517471 -0.07808309 -0.8661417 1.181102 0.4221721 -0.8661417 1.188108 0.4546396 -0.8661417 1.207877 0.4813299 -0.8661417 1.236894 0.4974938 -0.8661417 1.269993 0.5002552 -0.8661417 4.517471 0.07808309 -0.8661417 4.552413 0.06454902 -0.8661417 4.577144 0.0363959 -0.8661417 4.58606 0 -0.8661417 4.577144 -0.0363959 -0.8661417 4.552413 -0.06454902 -0.8661417 3.48703 -0.1204001 -0.8661417 3.482626 -0.1006879 -0.8661417 3.466583 -0.08841818 -0.8661417 3.446405 -0.08933204 -0.8661417 3.431536 -0.1030018 -0.8661417 3.428932 -0.1230313 -0.8661417 3.439812 -0.1400485 -0.8661417 3.459085 -0.1460909 -0.8661417 3.477733 -0.1383311 -0.8661417 2.628116 -0.232059 -0.8661417 2.623712 -0.2123468 -0.8661417 2.607668 -0.2000771 -0.8661417 2.587491 -0.2009909 -0.8661417 2.572621 -0.2146607 -0.8661417 2.570018 -0.2346901 -0.8661417 2.580898 -0.2517074 -0.8661417 2.600171 -0.2577497 -0.8661417 2.618818 -0.2499899 -0.8661417 1.769202 -0.3437178 -0.8661417 1.764798 -0.3240057 -0.8661417 1.748754 -0.3117359 -0.8661417 1.728576 -0.3126497 -0.8661417 1.713707 -0.3263195 -0.8661417 1.711103 -0.346349 -0.8661417 1.721983 -0.3633662 -0.8661417 1.741256 -0.3694086 -0.8661417 1.759904 -0.3616488 -0.8661417 3.48703 0.1204001 -0.8661417 3.477733 0.1383311 -0.8661417 3.459085 0.1460909 -0.8661417 3.439812 0.1400485 -0.8661417 3.428932 0.1230313 -0.8661417 3.431536 0.1030018 -0.8661417 3.446405 0.08933204 -0.8661417 3.466583 0.08841818 -0.8661417 3.482626 0.1006879 -0.8661417 2.628116 0.232059 -0.8661417 2.618818 0.2499899 -0.8661417 2.600171 0.2577497 -0.8661417 2.580898 0.2517074 -0.8661417 2.570018 0.2346901 -0.8661417 2.572621 0.2146607 -0.8661417 2.587491 0.2009909 -0.8661417 2.607668 0.2000771 -0.8661417 2.623712 0.2123468 -0.8661417 1.769202 0.3437178 -0.8661417 1.759904 0.3616488 -0.8661417 1.741256 0.3694086 -0.8661417 1.721983 0.3633662 -0.8661417 1.711103 0.346349 -0.8661417 1.713707 0.3263195 -0.8661417 1.728576 0.3126497 -0.8661417 1.748754 0.3117359 -0.8661417 1.764798 0.3240057 -0.8661417 4.411756 -0.04762876 -0.8661417 4.424122 -0.03355222 -0.8661417 4.42858 -0.01535427 -0.8661417 4.42858 0.01535427 -0.8661417 4.424122 0.03355222 -0.8661417 4.411756 0.04762876 -0.8661417 3.516311 0.1089804 -0.8661417 3.504659 0.08071923 -0.8661417 3.480437 0.06207042 -0.8661417 3.450136 0.0580312 -0.8661417 3.421875 0.06968361 -0.8661417 3.403226 0.0939055 -0.8661417 3.399187 0.1242066 -0.8661417 2.657397 0.2206393 -0.8661417 2.645745 0.1923781 -0.8661417 2.621523 0.1737294 -0.8661417 2.591222 0.16969 -0.8661417 2.56296 0.1813425 -0.8661417 2.544312 0.2055643 -0.8661417 2.540272 0.2358655 -0.8661417 1.798483 0.3322982 -0.8661417 1.78683 0.3040369 -0.8661417 1.762608 0.2853882 -0.8661417 1.732307 0.281349 -0.8661417 1.704046 0.2930014 -0.8661417 1.685397 0.3172233 -0.8661417 1.681358 0.3475244 -0.8661417 1.220472 -0.4221721 -0.8661417 1.226627 -0.4433076 -0.8661417 1.243165 -0.4578354 -0.8661417 1.681358 -0.3475244 -0.8661417 1.685397 -0.3172233 -0.8661417 1.704046 -0.2930014 -0.8661417 1.732307 -0.281349 -0.8661417 1.762608 -0.2853882 -0.8661417 1.78683 -0.3040369 -0.8661417 1.798483 -0.3322982 -0.8661417 2.540272 -0.2358655 -0.8661417 2.544312 -0.2055643 -0.8661417 2.56296 -0.1813425 -0.8661417 2.591222 -0.16969 -0.8661417 2.621523 -0.1737294 -0.8661417 2.645745 -0.1923781 -0.8661417 2.657397 -0.2206393 -0.8661417 3.399187 -0.1242066 -0.8661417 3.403226 -0.0939055 -0.8661417 3.421875 -0.06968361 -0.8661417 3.450136 -0.0580312 -0.8661417 3.480437 -0.06207042 -0.8661417 3.504659 -0.08071923 -0.8661417 3.516311 -0.1089804 0.8661417 4.517471 -0.07808309 0.8661417 4.552413 -0.06454902 0.8661417 4.577144 -0.0363959 0.8661417 4.58606 0 0.8661417 4.577144 0.0363959 0.8661417 4.552413 0.06454902 0.8661417 4.517471 0.07808309 0.8661417 1.269993 0.5002552 0.8661417 1.236894 0.4974938 0.8661417 1.207877 0.4813299 0.8661417 1.188108 0.4546396 0.8661417 1.769202 0.3437178 0.8661417 1.764798 0.3240057 0.8661417 1.748754 0.3117359 0.8661417 1.728576 0.3126497 0.8661417 1.713707 0.3263195 0.8661417 1.711103 0.346349 0.8661417 1.721983 0.3633662 0.8661417 1.741256 0.3694086 0.8661417 1.759904 0.3616488 0.8661417 2.628116 0.232059 0.8661417 2.623712 0.2123468 0.8661417 2.607668 0.2000771 0.8661417 2.587491 0.2009909 0.8661417 2.572621 0.2146607 0.8661417 2.570018 0.2346901 0.8661417 2.580898 0.2517074 0.8661417 2.600171 0.2577497 0.8661417 2.618818 0.2499899 0.8661417 3.48703 0.1204001 0.8661417 3.482626 0.1006879 0.8661417 3.466583 0.08841818 0.8661417 3.446405 0.08933204 0.8661417 3.431536 0.1030018 0.8661417 3.428932 0.1230313 0.8661417 3.439812 0.1400485 0.8661417 3.459085 0.1460909 0.8661417 3.477733 0.1383311 0.8661417 1.769202 -0.3437178 0.8661417 1.759904 -0.3616488 0.8661417 1.741256 -0.3694086 0.8661417 1.721983 -0.3633662 0.8661417 1.711103 -0.346349 0.8661417 1.713707 -0.3263195 0.8661417 1.728576 -0.3126497 0.8661417 1.748754 -0.3117359 0.8661417 1.764798 -0.3240057 0.8661417 2.628116 -0.232059 0.8661417 2.618818 -0.2499899 0.8661417 2.600171 -0.2577497 0.8661417 2.580898 -0.2517074 0.8661417 2.570018 -0.2346901 0.8661417 2.572621 -0.2146607 0.8661417 2.587491 -0.2009909 0.8661417 2.607668 -0.2000771 0.8661417 2.623712 -0.2123468 0.8661417 3.48703 -0.1204001 0.8661417 3.477733 -0.1383311 0.8661417 3.459085 -0.1460909 0.8661417 3.439812 -0.1400485 0.8661417 3.428932 -0.1230313 0.8661417 3.431536 -0.1030018 0.8661417 3.446405 -0.08933204 0.8661417 3.466583 -0.08841818 0.8661417 3.482626 -0.1006879 0.8661417 4.411756 0.04762876 0.8661417 4.424122 0.03355222 0.8661417 4.42858 0.01535427 0.8661417 4.42858 -0.01535427 0.8661417 4.424122 -0.03355222 0.8661417 4.411756 -0.04762876 0.8661417 3.516311 -0.1089804 0.8661417 3.504659 -0.08071923 0.8661417 3.480437 -0.06207042 0.8661417 3.450136 -0.0580312 0.8661417 3.421875 -0.06968361 0.8661417 3.403226 -0.0939055 0.8661417 3.399187 -0.1242066 0.8661417 2.657397 -0.2206393 0.8661417 2.645745 -0.1923781 0.8661417 2.621523 -0.1737294 0.8661417 2.591222 -0.16969 0.8661417 2.56296 -0.1813425 0.8661417 2.544312 -0.2055643 0.8661417 2.540272 -0.2358655 0.8661417 1.798483 -0.3322982 0.8661417 1.78683 -0.3040369 0.8661417 1.762608 -0.2853882 0.8661417 1.732307 -0.281349 0.8661417 1.704046 -0.2930014 0.8661417 1.685397 -0.3172233 0.8661417 1.681358 -0.3475244 0.8661417 1.243165 -0.4578354 0.8661417 1.226627 -0.4433076 0.8661417 1.220472 -0.4221721 0.8661417 1.681358 0.3475244 0.8661417 1.685397 0.3172233 0.8661417 1.704046 0.2930014 0.8661417 1.732307 0.281349 0.8661417 1.762608 0.2853882 0.8661417 1.78683 0.3040369 0.8661417 1.798483 0.3322982 0.8661417 2.540272 0.2358655 0.8661417 2.544312 0.2055643 0.8661417 2.56296 0.1813425 0.8661417 2.591222 0.16969 0.8661417 2.621523 0.1737294 0.8661417 2.645745 0.1923781 0.8661417 2.657397 0.2206393 0.8661417 3.399187 0.1242066 0.8661417 3.403226 0.0939055 0.8661417 3.421875 0.06968361 0.8661417 3.450136 0.0580312 0.8661417 3.480437 0.06207042 0.8661417 3.504659 0.08071923 0.8661417 3.516311 0.1089804 -0.8070866 1.181102 0.4221721 -0.6692914 2.540272 -0.2358655 -0.6692914 1.717232 -0.3944343 -0.6692914 1.693011 -0.3757856 -0.6692914 1.681358 -0.3475244 0.6692914 1.798483 -0.3322982 0.6692914 1.794443 -0.3625993 0.6692914 1.775795 -0.3868212 0.6692914 3.48703 -0.1204001 0.6692914 3.482626 -0.1006879 0.6692914 3.466583 -0.08841818 0.6692914 3.446405 -0.08933204 0.6692914 3.431536 -0.1030018 0.6692914 3.428932 -0.1230313 0.6692914 3.439812 -0.1400485 0.6692914 3.459085 -0.1460909 0.6692914 3.477733 -0.1383311 -0.6692914 3.399187 -0.1242066 -0.6692914 3.410839 -0.1524679 -0.6692914 3.435061 -0.1711165 0.6692914 2.628116 -0.232059 0.6692914 2.623712 -0.2123468 0.6692914 2.607668 -0.2000771 0.6692914 2.587491 -0.2009909 0.6692914 2.572621 -0.2146607 0.6692914 2.570018 -0.2346901 0.6692914 2.580898 -0.2517074 0.6692914 2.600171 -0.2577497 0.6692914 2.618818 -0.2499899 -0.6692914 2.551925 -0.2641267 -0.6692914 2.576147 -0.2827754 -0.6692914 3.399187 0.1242066 -0.6692914 3.398911 0.1216575 -0.6692914 3.398747 0.1190988 -0.6692914 2.628116 0.232059 -0.6692914 2.623712 0.2123468 -0.6692914 2.607668 0.2000771 -0.6692914 2.587491 0.2009909 -0.6692914 2.572621 0.2146607 -0.6692914 2.570018 0.2346901 -0.6692914 2.580898 0.2517074 -0.6692914 2.600171 0.2577497 -0.6692914 2.618818 0.2499899 -0.6692914 1.682556 0.3258826 -0.6692914 1.682719 0.3252306 -0.6692914 1.687556 0.3126084 -0.6692914 1.688188 0.3114284 -0.6692914 1.69558 0.3009056 -0.3149606 1.220472 -0.07874011 -0.283033 1.220472 -0.08811491 -0.2612422 1.220472 -0.1132628 -0.2565066 1.220472 -0.1461997 -0.2703297 1.220472 -0.1764681 -0.2983229 1.220472 -0.1944582 -0.3315984 1.220472 -0.1944582 -0.3595915 1.220472 -0.1764681 -0.3734146 1.220472 -0.1461997 -0.3686791 1.220472 -0.1132628 -0.3468883 1.220472 -0.08811491 -0.2559055 1.181102 -0.1377952 -0.2652803 1.181102 -0.1058676 -0.2904282 1.181102 -0.08407682 -0.323365 1.181102 -0.07934123 -0.3536335 1.181102 -0.09316438 -0.3716236 1.181102 -0.1211575 -0.3716236 1.181102 -0.154433 -0.3536335 1.181102 -0.182426 -0.323365 1.181102 -0.1962493 -0.2904282 1.181102 -0.1915137 -0.2652803 1.181102 -0.1697229 0.1377952 1.220472 -0.2559055 0.1697229 1.220472 -0.2652803 0.1915137 1.220472 -0.2904282 0.1962493 1.220472 -0.323365 0.182426 1.220472 -0.3536335 0.154433 1.220472 -0.3716236 0.1211575 1.220472 -0.3716236 0.09316438 1.220472 -0.3536335 0.07934123 1.220472 -0.323365 0.08407682 1.220472 -0.2904282 0.1058676 1.220472 -0.2652803 0.1968504 1.181102 -0.3149606 0.1874756 1.181102 -0.283033 0.1623276 1.181102 -0.2612422 0.1293908 1.181102 -0.2565066 0.0991224 1.181102 -0.2703297 0.08113229 1.181102 -0.2983229 0.08113229 1.181102 -0.3315984 0.0991224 1.181102 -0.3595915 0.1293908 1.181102 -0.3734146 0.1623276 1.181102 -0.3686791 0.1874756 1.181102 -0.3468883 0.3149606 1.220472 0.1968504 0.3468883 1.220472 0.1874756 0.3686791 1.220472 0.1623276 0.3734146 1.220472 0.1293908 0.3595915 1.220472 0.0991224 0.3315984 1.220472 0.08113229 0.2983229 1.220472 0.08113229 0.2703297 1.220472 0.0991224 0.2565066 1.220472 0.1293908 0.2612422 1.220472 0.1623276 0.283033 1.220472 0.1874756 0.3740158 1.181102 0.1377952 0.364641 1.181102 0.1697229 0.339493 1.181102 0.1915137 0.3065562 1.181102 0.1962493 0.2762877 1.181102 0.182426 0.2582976 1.181102 0.154433 0.2582976 1.181102 0.1211575 0.2762877 1.181102 0.09316438 0.3065562 1.181102 0.07934123 0.339493 1.181102 0.08407682 0.364641 1.181102 0.1058676 -0.1377952 1.220472 0.3740158 -0.1058676 1.220472 0.364641 -0.08407682 1.220472 0.339493 -0.07934123 1.220472 0.3065562 -0.09316438 1.220472 0.2762877 -0.1211575 1.220472 0.2582976 -0.154433 1.220472 0.2582976 -0.182426 1.220472 0.2762877 -0.1962493 1.220472 0.3065562 -0.1915137 1.220472 0.339493 -0.1697229 1.220472 0.364641 -0.07874011 1.181102 0.3149606 -0.08811491 1.181102 0.3468883 -0.1132628 1.181102 0.3686791 -0.1461997 1.181102 0.3734146 -0.1764681 1.181102 0.3595915 -0.1944582 1.181102 0.3315984 -0.1944582 1.181102 0.2983229 -0.1764681 1.181102 0.2703297 -0.1461997 1.181102 0.2565066 -0.1132628 1.181102 0.2612422 -0.08811491 1.181102 0.283033 0.6692914 3.398747 0.1190988 0.6692914 3.398911 0.1216575 0.6692914 3.399187 0.1242066 0.6692914 2.657397 0.2206393 0.6692914 2.656731 0.2166113 0.6692914 2.65447 0.2084473 0.6692914 2.649035 0.1971483 0.6692914 2.643219 0.1892971 0.6692914 1.769202 0.3437178 0.6692914 1.759904 0.3616488 0.6692914 1.741256 0.3694086 0.6692914 1.721983 0.3633662 0.6692914 1.711103 0.346349 0.6692914 1.713707 0.3263195 0.6692914 1.728576 0.3126497 0.6692914 1.748754 0.3117359 0.6692914 1.764798 0.3240057 -0.1909449 1.181102 0.3149606 -0.1825075 1.181102 0.2862257 -0.1598744 1.181102 0.266614 -0.1302313 1.181102 0.262352 -0.1029897 1.181102 0.2747928 -0.0867986 1.181102 0.2999867 -0.0867986 1.181102 0.3299346 -0.1029897 1.181102 0.3551284 -0.1302313 1.181102 0.3675692 -0.1598744 1.181102 0.3633072 -0.1825075 1.181102 0.3436955 0.3149606 1.181102 0.1909449 0.2862257 1.181102 0.1825075 0.266614 1.181102 0.1598744 0.262352 1.181102 0.1302313 0.2747928 1.181102 0.1029897 0.2999867 1.181102 0.0867986 0.3299346 1.181102 0.0867986 0.3551284 1.181102 0.1029897 0.3675692 1.181102 0.1302313 0.3633072 1.181102 0.1598744 0.3436955 1.181102 0.1825075 0.1909449 1.181102 -0.3149606 0.1825075 1.181102 -0.2862257 0.1598744 1.181102 -0.266614 0.1302313 1.181102 -0.262352 0.1029897 1.181102 -0.2747928 0.0867986 1.181102 -0.2999867 0.0867986 1.181102 -0.3299346 0.1029897 1.181102 -0.3551284 0.1302313 1.181102 -0.3675692 0.1598744 1.181102 -0.3633072 0.1825075 1.181102 -0.3436955 0.8070866 1.181102 -0.4330708 0.7874016 1.181102 -0.4330708 0.7775591 1.181102 -0.4357082 0.7703539 1.181102 -0.4429134 0.7677165 1.181102 -0.4527559 -0.7677165 1.181102 -0.4527559 -0.7703539 1.181102 -0.4429134 -0.7775591 1.181102 -0.4357082 -0.7874016 1.181102 -0.4330708 -0.8070866 1.181102 -0.4330708 -0.3149606 1.181102 -0.1909449 -0.2862257 1.181102 -0.1825075 -0.266614 1.181102 -0.1598744 -0.262352 1.181102 -0.1302313 -0.2747928 1.181102 -0.1029897 -0.2999867 1.181102 -0.0867986 -0.3299346 1.181102 -0.0867986 -0.3551284 1.181102 -0.1029897 -0.3675692 1.181102 -0.1302313 -0.3633072 1.181102 -0.1598744 -0.3436955 1.181102 -0.1825075 -0.7677165 1.122047 -0.4527559 0.7677165 1.122047 -0.4527559 0.7703539 1.122047 -0.4429134 0.7775591 1.122047 -0.4357082 0.7874016 1.122047 -0.4330708 0.8070866 1.122047 -0.4330708 0.8070866 1.122047 0.4330708 0.7874016 1.122047 0.4330708 0.7775591 1.122047 0.4357082 0.7703539 1.122047 0.4429134 0.7677165 1.122047 0.4527559 -0.7677165 1.122047 0.4527559 -0.7703539 1.122047 0.4429134 -0.7775591 1.122047 0.4357082 -0.7874016 1.122047 0.4330708 -0.8070866 1.122047 0.4330708 -0.8070866 1.122047 -0.4330708 -0.7874016 1.122047 -0.4330708 -0.7775591 1.122047 -0.4357082 -0.7703539 1.122047 -0.4429134 0.03937 1.122047 -0.3149606 0.03015923 1.122047 -0.3402672 0.006836473 1.122047 -0.3537326 -0.01968497 1.122047 -0.3490561 -0.0369957 1.122047 -0.328426 -0.0369957 1.122047 -0.3014953 -0.01968497 1.122047 -0.2808651 0.006836473 1.122047 -0.2761887 0.03015923 1.122047 -0.289654 0.2620809 1.122047 -0.2227108 0.25287 1.122047 -0.2480174 0.2295473 1.122047 -0.2614828 0.2030256 1.122047 -0.2568063 0.185715 1.122047 -0.2361761 0.185715 1.122047 -0.2092454 0.2030256 1.122047 -0.1886153 0.2295473 1.122047 -0.1839388 0.25287 1.122047 -0.1974042 0.3543307 1.122047 0 0.3451198 1.122047 -0.02530658 0.3217971 1.122047 -0.03877186 0.2952756 1.122047 -0.0340954 0.2779648 1.122047 -0.01346534 0.2779648 1.122047 0.01346534 0.2952756 1.122047 0.0340954 0.3217971 1.122047 0.03877186 0.3451198 1.122047 0.02530658 0.2620809 1.122047 0.2227108 0.25287 1.122047 0.1974042 0.2295473 1.122047 0.1839388 0.2030256 1.122047 0.1886153 0.185715 1.122047 0.2092454 0.185715 1.122047 0.2361761 0.2030256 1.122047 0.2568063 0.2295473 1.122047 0.2614828 0.25287 1.122047 0.2480174 0.03937 1.122047 0.3149606 0.03015923 1.122047 0.289654 0.006836473 1.122047 0.2761887 -0.01968497 1.122047 0.2808651 -0.0369957 1.122047 0.3014953 -0.0369957 1.122047 0.328426 -0.01968497 1.122047 0.3490561 0.006836473 1.122047 0.3537326 0.03015923 1.122047 0.3402672 -0.1833407 1.122047 0.2227108 -0.1925516 1.122047 0.1974042 -0.2158741 1.122047 0.1839388 -0.2423958 1.122047 0.1886153 -0.2597066 1.122047 0.2092454 -0.2597066 1.122047 0.2361761 -0.2423958 1.122047 0.2568063 -0.2158741 1.122047 0.2614828 -0.1925516 1.122047 0.2480174 -0.2755905 1.122047 0 -0.2848014 1.122047 -0.02530658 -0.3081241 1.122047 -0.03877186 -0.3346457 1.122047 -0.0340954 -0.3519564 1.122047 -0.01346534 -0.3519564 1.122047 0.01346534 -0.3346457 1.122047 0.0340954 -0.3081241 1.122047 0.03877186 -0.2848014 1.122047 0.02530658 -0.1833407 1.122047 -0.2227108 -0.1925516 1.122047 -0.2480174 -0.2158741 1.122047 -0.2614828 -0.2423958 1.122047 -0.2568063 -0.2597066 1.122047 -0.2361761 -0.2597066 1.122047 -0.2092454 -0.2423958 1.122047 -0.1886153 -0.2158741 1.122047 -0.1839388 -0.1925516 1.122047 -0.1974042 0.1781496 1.122047 -0.3149606 0.1687085 1.122047 -0.3408999 0.1448027 1.122047 -0.3547019 0.1176181 1.122047 -0.3499085 0.09987461 1.122047 -0.3287626 0.09987461 1.122047 -0.3011586 0.1176181 1.122047 -0.2800127 0.1448027 1.122047 -0.2752194 0.1687085 1.122047 -0.2890214 -0.3149606 1.122047 -0.1781496 -0.3408999 1.122047 -0.1687085 -0.3547019 1.122047 -0.1448027 -0.3499085 1.122047 -0.1176181 -0.3287626 1.122047 -0.09987461 -0.3011586 1.122047 -0.09987461 -0.2800127 1.122047 -0.1176181 -0.2752194 1.122047 -0.1448027 -0.2890214 1.122047 -0.1687085 -0.1781496 1.122047 0.3149606 -0.1687085 1.122047 0.3408999 -0.1448027 1.122047 0.3547019 -0.1176181 1.122047 0.3499085 -0.09987461 1.122047 0.3287626 -0.09987461 1.122047 0.3011586 -0.1176181 1.122047 0.2800127 -0.1448027 1.122047 0.2752194 -0.1687085 1.122047 0.2890214 0.3149606 1.122047 0.1781496 0.3408999 1.122047 0.1687085 0.3547019 1.122047 0.1448027 0.3499085 1.122047 0.1176181 0.3287626 1.122047 0.09987461 0.3011586 1.122047 0.09987461 0.2800127 1.122047 0.1176181 0.2752194 1.122047 0.1448027 0.2890214 1.122047 0.1687085 0.3641732 1.122047 -0.1377952 0.3547744 1.122047 -0.1667217 0.3301681 1.122047 -0.1845992 0.2997531 1.122047 -0.1845992 0.2751468 1.122047 -0.1667217 0.265748 1.122047 -0.1377952 0.2751468 1.122047 -0.1088688 0.2997531 1.122047 -0.09099131 0.3301681 1.122047 -0.09099131 0.3547744 1.122047 -0.1088688 -0.1377952 1.122047 -0.3641732 -0.1667217 1.122047 -0.3547744 -0.1845992 1.122047 -0.3301681 -0.1845992 1.122047 -0.2997531 -0.1667217 1.122047 -0.2751468 -0.1377952 1.122047 -0.265748 -0.1088688 1.122047 -0.2751468 -0.09099131 1.122047 -0.2997531 -0.09099131 1.122047 -0.3301681 -0.1088688 1.122047 -0.3547744 -0.3641732 1.122047 0.1377952 -0.3547744 1.122047 0.1667217 -0.3301681 1.122047 0.1845992 -0.2997531 1.122047 0.1845992 -0.2751468 1.122047 0.1667217 -0.265748 1.122047 0.1377952 -0.2751468 1.122047 0.1088688 -0.2997531 1.122047 0.09099131 -0.3301681 1.122047 0.09099131 -0.3547744 1.122047 0.1088688 0.1377952 1.122047 0.3641732 0.1667217 1.122047 0.3547744 0.1845992 1.122047 0.3301681 0.1845992 1.122047 0.2997531 0.1667217 1.122047 0.2751468 0.1377952 1.122047 0.265748 0.1088688 1.122047 0.2751468 0.09099131 1.122047 0.2997531 0.09099131 1.122047 0.3301681 0.1088688 1.122047 0.3547744 0.738189 1.122047 -0.3149606 0.7287902 1.122047 -0.343887 0.7041839 1.122047 -0.3617646 0.6737688 1.122047 -0.3617646 0.6491625 1.122047 -0.343887 0.6397638 1.122047 -0.3149606 0.6491625 1.122047 -0.2860342 0.6737688 1.122047 -0.2681567 0.7041839 1.122047 -0.2681567 0.7287902 1.122047 -0.2860342 0.738189 1.122047 0.3149606 0.7287902 1.122047 0.2860342 0.7041839 1.122047 0.2681567 0.6737688 1.122047 0.2681567 0.6491625 1.122047 0.2860342 0.6397638 1.122047 0.3149606 0.6491625 1.122047 0.343887 0.6737688 1.122047 0.3617646 0.7041839 1.122047 0.3617646 0.7287902 1.122047 0.343887 -0.6397638 1.122047 -0.3149606 -0.6491625 1.122047 -0.343887 -0.6737688 1.122047 -0.3617646 -0.7041839 1.122047 -0.3617646 -0.7287902 1.122047 -0.343887 -0.738189 1.122047 -0.3149606 -0.7287902 1.122047 -0.2860342 -0.7041839 1.122047 -0.2681567 -0.6737688 1.122047 -0.2681567 -0.6491625 1.122047 -0.2860342 -0.6397638 1.122047 0.3149606 -0.6491625 1.122047 0.2860342 -0.6737688 1.122047 0.2681567 -0.7041839 1.122047 0.2681567 -0.7287902 1.122047 0.2860342 -0.738189 1.122047 0.3149606 -0.7287902 1.122047 0.343887 -0.7041839 1.122047 0.3617646 -0.6737688 1.122047 0.3617646 -0.6491625 1.122047 0.343887 -0.4527559 1.122047 0.09842514 -0.4527559 1.122047 -0.09842514 -0.4606678 1.122047 -0.1279526 -0.4822835 1.122047 -0.1495684 -0.511811 1.122047 -0.1574802 -0.5708662 1.122047 -0.1574802 -0.6003937 1.122047 -0.1495684 -0.6220094 1.122047 -0.1279526 -0.6299213 1.122047 -0.09842514 -0.6299213 1.122047 0.09842514 -0.6220094 1.122047 0.1279526 -0.6003937 1.122047 0.1495684 -0.5708662 1.122047 0.1574802 -0.511811 1.122047 0.1574802 -0.4822835 1.122047 0.1495684 -0.4606678 1.122047 0.1279526 0.511811 1.122047 0.1574802 0.5708662 1.122047 0.1574802 0.6003937 1.122047 0.1495684 0.6220094 1.122047 0.1279526 0.6299213 1.122047 0.09842514 0.6299213 1.122047 -0.09842514 0.6220094 1.122047 -0.1279526 0.6003937 1.122047 -0.1495684 0.5708662 1.122047 -0.1574802 0.511811 1.122047 -0.1574802 0.4822835 1.122047 -0.1495684 0.4606678 1.122047 -0.1279526 0.4527559 1.122047 -0.09842514 0.4527559 1.122047 0.09842514 0.4606678 1.122047 0.1279526 0.4822835 1.122047 0.1495684 0.35544 1.122047 -0.3062273 0.3460412 1.122047 -0.3351538 0.3214349 1.122047 -0.3530313 0.2910198 1.122047 -0.3530313 0.2664135 1.122047 -0.3351538 0.2570148 1.122047 -0.3062273 0.2664135 1.122047 -0.2773009 0.2910198 1.122047 -0.2594234 0.3214349 1.122047 -0.2594234 0.3460412 1.122047 -0.2773009 0.35544 1.122047 0.3062273 0.3460412 1.122047 0.2773009 0.3214349 1.122047 0.2594234 0.2910198 1.122047 0.2594234 0.2664135 1.122047 0.2773009 0.2570148 1.122047 0.3062273 0.2664135 1.122047 0.3351538 0.2910198 1.122047 0.3530313 0.3214349 1.122047 0.3530313 0.3460412 1.122047 0.3351538 -0.2570148 1.122047 0.3062273 -0.2664135 1.122047 0.2773009 -0.2910198 1.122047 0.2594234 -0.3214349 1.122047 0.2594234 -0.3460412 1.122047 0.2773009 -0.35544 1.122047 0.3062273 -0.3460412 1.122047 0.3351538 -0.3214349 1.122047 0.3530313 -0.2910198 1.122047 0.3530313 -0.2664135 1.122047 0.3351538 -0.2570148 1.122047 -0.3062273 -0.2664135 1.122047 -0.3351538 -0.2910198 1.122047 -0.3530313 -0.3214349 1.122047 -0.3530313 -0.3460412 1.122047 -0.3351538 -0.35544 1.122047 -0.3062273 -0.3460412 1.122047 -0.2773009 -0.3214349 1.122047 -0.2594234 -0.2910198 1.122047 -0.2594234 -0.2664135 1.122047 -0.2773009 -0.7677165 1.062992 -0.4527559 -0.7617228 1.03286 -0.4527559 -0.7446541 1.007314 -0.4527559 -0.7191089 0.9902456 -0.4527559 -0.6889764 0.984252 -0.4527559 0.6889764 0.984252 -0.4527559 0.7191089 0.9902456 -0.4527559 0.7446541 1.007314 -0.4527559 0.7617228 1.03286 -0.4527559 0.7677165 1.062992 -0.4527559 0.7677165 1.122047 -0.511811 0.7677165 1.062992 -0.511811 0.7677165 1.151575 -0.5038991 0.7677165 1.17319 -0.4822835 0.8661417 1.122047 -0.4330708 0.8366142 1.17319 -0.4330708 0.8582298 1.151575 -0.4330708 0.8661417 0 -0.4330708 0.8070866 0 -0.4330708 0.8070866 0 0.4330708 0.8070866 -0.0080235 0.4329965 0.8070866 -0.01604413 0.4327735 0.8070866 -0.02405947 0.432402 0.8661417 -0.02405947 0.432402 0.8661417 -0.01604413 0.4327735 0.8661417 -0.0080235 0.4329965 0.8661417 0 0.4330708 0.8661417 -0.02405947 -0.432402 0.8070866 -0.02405947 -0.432402 0.8070866 -0.01604413 -0.4327735 0.8070866 -0.0080235 -0.4329965 0.8661417 -0.0080235 -0.4329965 0.8661417 -0.01604413 -0.4327735 0.8070866 -0.06155437 -0.4204691 0.8070866 -0.08859372 -0.3918834 0.8070866 -0.09842514 -0.3537835 0.8070866 -0.09842514 -0.2362204 0.8070866 -0.09243142 -0.2060879 0.8070866 -0.07536274 -0.1805427 0.8070866 -0.04981756 -0.163474 0.8070866 -0.01968497 -0.1574802 0.8070866 0 -0.1574802 0.8070866 0.05386137 -0.1479831 0.8070866 0.1012263 -0.1206369 0.8070866 0.1363819 -0.07874011 0.8070866 0.1550878 -0.02734613 0.8070866 0.1550878 0.02734613 0.8070866 0.1363819 0.07874011 0.8070866 0.1012263 0.1206369 0.8070866 0.05386137 0.1479831 0.8070866 0 0.1574802 0.8070866 -0.01968497 0.1574802 0.8070866 -0.04981756 0.163474 0.8070866 -0.07536274 0.1805427 0.8070866 -0.09243142 0.2060879 0.8070866 -0.09842514 0.2362204 0.8070866 -0.09842514 0.3537835 0.8070866 -0.08859372 0.3918834 0.8070866 -0.06155437 0.4204691 0.8070866 0.511811 -0.1968504 0.8070866 0.5905512 -0.1968504 0.8070866 0.6102362 -0.1915758 0.8070866 0.6246467 -0.1771653 0.8070866 0.6299213 -0.1574802 0.8070866 0.6299213 0.1574802 0.8070866 0.6246467 0.1771653 0.8070866 0.6102362 0.1915758 0.8070866 0.5905512 0.1968504 0.8070866 0.511811 0.1968504 0.8070866 0.492126 0.1915758 0.8070866 0.4777156 0.1771653 0.8070866 0.472441 0.1574802 0.8070866 0.472441 -0.1574802 0.8070866 0.4777156 -0.1771653 0.8070866 0.492126 -0.1915758 0.8070866 0.8267716 -0.1968504 0.8070866 0.9055118 -0.1968504 0.8070866 0.9251968 -0.1915758 0.8070866 0.9396073 -0.1771653 0.8070866 0.9448819 -0.1574802 0.8070866 0.9448819 0.1574802 0.8070866 0.9396073 0.1771653 0.8070866 0.9251968 0.1915758 0.8070866 0.9055118 0.1968504 0.8070866 0.8267716 0.1968504 0.8070866 0.8070866 0.1915758 0.8070866 0.7926762 0.1771653 0.8070866 0.7874016 0.1574802 0.8070866 0.7874016 -0.1574802 0.8070866 0.7926762 -0.1771653 0.8070866 0.8070866 -0.1915758 0.8070866 0.6771654 -0.3149606 0.8070866 0.6845341 -0.3352059 0.8070866 0.7031922 -0.3459782 0.8070866 0.7244095 -0.342237 0.8070866 0.738258 -0.3257329 0.8070866 0.738258 -0.3041883 0.8070866 0.7244095 -0.2876842 0.8070866 0.7031922 -0.2839431 0.8070866 0.6845341 -0.2947154 0.8070866 0.6771654 0.3149606 0.8070866 0.6845341 0.2947154 0.8070866 0.7031922 0.2839431 0.8070866 0.7244095 0.2876842 0.8070866 0.738258 0.3041883 0.8070866 0.738258 0.3257329 0.8070866 0.7244095 0.342237 0.8070866 0.7031922 0.3459782 0.8070866 0.6845341 0.3352059 0.8070866 -0.03937 0.3149606 0.8070866 -0.03015923 0.289654 0.8070866 -0.006836473 0.2761887 0.8070866 0.01968497 0.2808651 0.8070866 0.0369957 0.3014953 0.8070866 0.0369957 0.328426 0.8070866 0.01968497 0.3490561 0.8070866 -0.006836473 0.3537326 0.8070866 -0.03015923 0.3402672 0.8070866 0.1833407 0.2227108 0.8070866 0.1925516 0.1974042 0.8070866 0.2158741 0.1839388 0.8070866 0.2423958 0.1886153 0.8070866 0.2597066 0.2092454 0.8070866 0.2597066 0.2361761 0.8070866 0.2423958 0.2568063 0.8070866 0.2158741 0.2614828 0.8070866 0.1925516 0.2480174 0.8070866 0.2755905 0 0.8070866 0.2848014 -0.02530658 0.8070866 0.3081241 -0.03877186 0.8070866 0.3346457 -0.0340954 0.8070866 0.3519564 -0.01346534 0.8070866 0.3519564 0.01346534 0.8070866 0.3346457 0.0340954 0.8070866 0.3081241 0.03877186 0.8070866 0.2848014 0.02530658 0.8070866 0.1833407 -0.2227108 0.8070866 0.1925516 -0.2480174 0.8070866 0.2158741 -0.2614828 0.8070866 0.2423958 -0.2568063 0.8070866 0.2597066 -0.2361761 0.8070866 0.2597066 -0.2092454 0.8070866 0.2423958 -0.1886153 0.8070866 0.2158741 -0.1839388 0.8070866 0.1925516 -0.1974042 0.8070866 -0.03937 -0.3149606 0.8070866 -0.03015923 -0.3402672 0.8070866 -0.006836473 -0.3537326 0.8070866 0.01968497 -0.3490561 0.8070866 0.0369957 -0.328426 0.8070866 0.0369957 -0.3014953 0.8070866 0.01968497 -0.2808651 0.8070866 -0.006836473 -0.2761887 0.8070866 -0.03015923 -0.289654 0.8661417 0.511811 -0.1968504 0.8661417 0.5905512 -0.1968504 0.8661417 0.6102362 -0.1915758 0.8661417 0.6246467 -0.1771653 0.8661417 0.6299213 -0.1574802 0.8661417 0.6299213 0.1574802 0.8661417 0.6246467 0.1771653 0.8661417 0.6102362 0.1915758 0.8661417 0.5905512 0.1968504 0.8661417 0.511811 0.1968504 0.8661417 0.492126 0.1915758 0.8661417 0.4777156 0.1771653 0.8661417 0.472441 0.1574802 0.8661417 0.472441 -0.1574802 0.8661417 0.4777156 -0.1771653 0.8661417 0.492126 -0.1915758 0.8661417 -0.09842514 -0.2362204 0.8661417 -0.09842514 -0.3537835 0.8661417 -0.08859372 -0.3918834 0.8661417 -0.06155437 -0.4204691 0.8661417 1.122047 0.4330708 0.8661417 -0.06155437 0.4204691 0.8661417 -0.08859372 0.3918834 0.8661417 -0.09842514 0.3537835 0.8661417 -0.09842514 0.2362204 0.8661417 -0.09243142 0.2060879 0.8661417 -0.07536274 0.1805427 0.8661417 -0.04981756 0.163474 0.8661417 -0.01968497 0.1574802 0.8661417 0 0.1574802 0.8661417 0.05386137 0.1479831 0.8661417 0.1012263 0.1206369 0.8661417 0.1363819 0.07874011 0.8661417 0.1550878 0.02734613 0.8661417 0.1550878 -0.02734613 0.8661417 0.1363819 -0.07874011 0.8661417 0.1012263 -0.1206369 0.8661417 0.05386137 -0.1479831 0.8661417 0 -0.1574802 0.8661417 -0.01968497 -0.1574802 0.8661417 -0.04981756 -0.163474 0.8661417 -0.07536274 -0.1805427 0.8661417 -0.09243142 -0.2060879 0.8661417 0.9055118 -0.1968504 0.8661417 0.8267716 -0.1968504 0.8661417 0.8070866 -0.1915758 0.8661417 0.7926762 -0.1771653 0.8661417 0.7874016 -0.1574802 0.8661417 0.7874016 0.1574802 0.8661417 0.7926762 0.1771653 0.8661417 0.8070866 0.1915758 0.8661417 0.8267716 0.1968504 0.8661417 0.9055118 0.1968504 0.8661417 0.9251968 0.1915758 0.8661417 0.9396073 0.1771653 0.8661417 0.9448819 0.1574802 0.8661417 0.9448819 -0.1574802 0.8661417 0.9396073 -0.1771653 0.8661417 0.9251968 -0.1915758 0.8661417 0.6653544 -0.3149606 0.8661417 0.6736252 -0.2895054 0.8661417 0.6952788 -0.2737731 0.8661417 0.7220441 -0.2737731 0.8661417 0.7436976 -0.2895054 0.8661417 0.7519685 -0.3149606 0.8661417 0.7436976 -0.3404159 0.8661417 0.7220441 -0.3561481 0.8661417 0.6952788 -0.3561481 0.8661417 0.6736252 -0.3404159 0.8661417 0.6653544 0.3149606 0.8661417 0.6736252 0.3404159 0.8661417 0.6952788 0.3561481 0.8661417 0.7220441 0.3561481 0.8661417 0.7436976 0.3404159 0.8661417 0.7519685 0.3149606 0.8661417 0.7436976 0.2895054 0.8661417 0.7220441 0.2737731 0.8661417 0.6952788 0.2737731 0.8661417 0.6736252 0.2895054 0.8661417 -0.03937 0.3149606 0.8661417 -0.03015923 0.3402672 0.8661417 -0.006836473 0.3537326 0.8661417 0.01968497 0.3490561 0.8661417 0.0369957 0.328426 0.8661417 0.0369957 0.3014953 0.8661417 0.01968497 0.2808651 0.8661417 -0.006836473 0.2761887 0.8661417 -0.03015923 0.289654 0.8661417 0.1833407 0.2227108 0.8661417 0.1925516 0.2480174 0.8661417 0.2158741 0.2614828 0.8661417 0.2423958 0.2568063 0.8661417 0.2597066 0.2361761 0.8661417 0.2597066 0.2092454 0.8661417 0.2423958 0.1886153 0.8661417 0.2158741 0.1839388 0.8661417 0.1925516 0.1974042 0.8661417 0.2755905 0 0.8661417 0.2848014 0.02530658 0.8661417 0.3081241 0.03877186 0.8661417 0.3346457 0.0340954 0.8661417 0.3519564 0.01346534 0.8661417 0.3519564 -0.01346534 0.8661417 0.3346457 -0.0340954 0.8661417 0.3081241 -0.03877186 0.8661417 0.2848014 -0.02530658 0.8661417 0.1833407 -0.2227108 0.8661417 0.1925516 -0.1974042 0.8661417 0.2158741 -0.1839388 0.8661417 0.2423958 -0.1886153 0.8661417 0.2597066 -0.2092454 0.8661417 0.2597066 -0.2361761 0.8661417 0.2423958 -0.2568063 0.8661417 0.2158741 -0.2614828 0.8661417 0.1925516 -0.2480174 0.8661417 -0.03937 -0.3149606 0.8661417 -0.03015923 -0.289654 0.8661417 -0.006836473 -0.2761887 0.8661417 0.01968497 -0.2808651 0.8661417 0.0369957 -0.3014953 0.8661417 0.0369957 -0.328426 0.8661417 0.01968497 -0.3490561 0.8661417 -0.006836473 -0.3537326 0.8661417 -0.03015923 -0.3402672 0.8543307 0.6771654 -0.3149606 0.8543307 0.6845341 -0.2947154 0.8543307 0.7031922 -0.2839431 0.8543307 0.7244095 -0.2876842 0.8543307 0.738258 -0.3041883 0.8543307 0.738258 -0.3257329 0.8543307 0.7244095 -0.342237 0.8543307 0.7031922 -0.3459782 0.8543307 0.6845341 -0.3352059 0.8543307 0.6771654 0.3149606 0.8543307 0.6845341 0.3352059 0.8543307 0.7031922 0.3459782 0.8543307 0.7244095 0.342237 0.8543307 0.738258 0.3257329 0.8543307 0.738258 0.3041883 0.8543307 0.7244095 0.2876842 0.8543307 0.7031922 0.2839431 0.8543307 0.6845341 0.2947154 0.8070866 1.181102 0.4330708 0.8582298 1.151575 0.4330708 0.8366142 1.17319 0.4330708 0.7874016 1.181102 0.4330708 0.7677165 1.181102 0.4527559 0.7775591 1.181102 0.4357082 0.7703539 1.181102 0.4429134 0.7677165 1.17319 0.4822835 0.7677165 1.151575 0.5038991 0.7677165 1.122047 0.511811 0.7677165 1.062992 0.511811 0.7677165 1.062992 0.4527559 0.7617228 1.03286 0.4527559 0.7446541 1.007314 0.4527559 0.7191089 0.9902456 0.4527559 0.6889764 0.984252 0.4527559 -0.6889764 0.984252 0.4527559 -0.7191089 0.9902456 0.4527559 -0.7446541 1.007314 0.4527559 -0.7617228 1.03286 0.4527559 -0.7677165 1.062992 0.4527559 -0.7677165 1.122047 0.511811 -0.7677165 1.062992 0.511811 -0.7677165 1.181102 0.4527559 -0.7677165 1.151575 0.5038991 -0.7677165 1.17319 0.4822835 -0.7874016 1.181102 0.4330708 -0.7703539 1.181102 0.4429134 -0.7775591 1.181102 0.4357082 -0.8070866 1.181102 0.4330708 -0.8661417 1.122047 0.4330708 -0.8366142 1.17319 0.4330708 -0.8582298 1.151575 0.4330708 -0.8661417 0 0.4330708 -0.8070866 0 0.4330708 -0.8070866 -0.02405947 0.432402 -0.8070866 -0.01604413 0.4327735 -0.8070866 -0.0080235 0.4329965 -0.8661417 -0.0080235 0.4329965 -0.8661417 -0.01604413 0.4327735 -0.8661417 -0.02405947 0.432402 -0.8070866 -0.02405947 -0.432402 -0.8661417 -0.02405947 -0.432402 -0.8661417 -0.01604413 -0.4327735 -0.8661417 -0.0080235 -0.4329965 -0.8661417 0 -0.4330708 -0.8070866 0 -0.4330708 -0.8070866 -0.0080235 -0.4329965 -0.8070866 -0.01604413 -0.4327735 -0.8070866 -0.06155437 0.4204691 -0.8070866 -0.08859372 0.3918834 -0.8070866 -0.09842514 0.3537835 -0.8070866 -0.09842514 0.2362204 -0.8070866 -0.09243142 0.2060879 -0.8070866 -0.07536274 0.1805427 -0.8070866 -0.04981756 0.163474 -0.8070866 -0.01968497 0.1574802 -0.8070866 0 0.1574802 -0.8070866 0.05386137 0.1479831 -0.8070866 0.1012263 0.1206369 -0.8070866 0.1363819 0.07874011 -0.8070866 0.1550878 0.02734613 -0.8070866 0.1550878 -0.02734613 -0.8070866 0.1363819 -0.07874011 -0.8070866 0.1012263 -0.1206369 -0.8070866 0.05386137 -0.1479831 -0.8070866 0 -0.1574802 -0.8070866 -0.01968497 -0.1574802 -0.8070866 -0.04981756 -0.163474 -0.8070866 -0.07536274 -0.1805427 -0.8070866 -0.09243142 -0.2060879 -0.8070866 -0.09842514 -0.2362204 -0.8070866 -0.09842514 -0.3537835 -0.8070866 -0.08859372 -0.3918834 -0.8070866 -0.06155437 -0.4204691 -0.8070866 0.5905512 -0.1968504 -0.8070866 0.511811 -0.1968504 -0.8070866 0.492126 -0.1915758 -0.8070866 0.4777156 -0.1771653 -0.8070866 0.472441 -0.1574802 -0.8070866 0.472441 0.1574802 -0.8070866 0.4777156 0.1771653 -0.8070866 0.492126 0.1915758 -0.8070866 0.511811 0.1968504 -0.8070866 0.5905512 0.1968504 -0.8070866 0.6102362 0.1915758 -0.8070866 0.6246467 0.1771653 -0.8070866 0.6299213 0.1574802 -0.8070866 0.6299213 -0.1574802 -0.8070866 0.6246467 -0.1771653 -0.8070866 0.6102362 -0.1915758 -0.8070866 0.9055118 -0.1968504 -0.8070866 0.8267716 -0.1968504 -0.8070866 0.8070866 -0.1915758 -0.8070866 0.7926762 -0.1771653 -0.8070866 0.7874016 -0.1574802 -0.8070866 0.7874016 0.1574802 -0.8070866 0.7926762 0.1771653 -0.8070866 0.8070866 0.1915758 -0.8070866 0.8267716 0.1968504 -0.8070866 0.9055118 0.1968504 -0.8070866 0.9251968 0.1915758 -0.8070866 0.9396073 0.1771653 -0.8070866 0.9448819 0.1574802 -0.8070866 0.9448819 -0.1574802 -0.8070866 0.9396073 -0.1771653 -0.8070866 0.9251968 -0.1915758 -0.8070866 0.7401575 -0.3149606 -0.8070866 0.7327888 -0.3352059 -0.8070866 0.7141306 -0.3459782 -0.8070866 0.6929134 -0.342237 -0.8070866 0.6790648 -0.3257329 -0.8070866 0.6790648 -0.3041883 -0.8070866 0.6929134 -0.2876842 -0.8070866 0.7141306 -0.2839431 -0.8070866 0.7327888 -0.2947154 -0.8070866 0.7401575 0.3149606 -0.8070866 0.7327888 0.2947154 -0.8070866 0.7141306 0.2839431 -0.8070866 0.6929134 0.2876842 -0.8070866 0.6790648 0.3041883 -0.8070866 0.6790648 0.3257329 -0.8070866 0.6929134 0.342237 -0.8070866 0.7141306 0.3459782 -0.8070866 0.7327888 0.3352059 -0.8070866 0.03937 0.3149606 -0.8070866 0.03015923 0.289654 -0.8070866 0.006836473 0.2761887 -0.8070866 -0.01968497 0.2808651 -0.8070866 -0.0369957 0.3014953 -0.8070866 -0.0369957 0.328426 -0.8070866 -0.01968497 0.3490561 -0.8070866 0.006836473 0.3537326 -0.8070866 0.03015923 0.3402672 -0.8070866 0.2620809 0.2227108 -0.8070866 0.25287 0.1974042 -0.8070866 0.2295473 0.1839388 -0.8070866 0.2030256 0.1886153 -0.8070866 0.185715 0.2092454 -0.8070866 0.185715 0.2361761 -0.8070866 0.2030256 0.2568063 -0.8070866 0.2295473 0.2614828 -0.8070866 0.25287 0.2480174 -0.8070866 0.3543307 0 -0.8070866 0.3451198 -0.02530658 -0.8070866 0.3217971 -0.03877186 -0.8070866 0.2952756 -0.0340954 -0.8070866 0.2779648 -0.01346534 -0.8070866 0.2779648 0.01346534 -0.8070866 0.2952756 0.0340954 -0.8070866 0.3217971 0.03877186 -0.8070866 0.3451198 0.02530658 -0.8070866 0.2620809 -0.2227108 -0.8070866 0.25287 -0.2480174 -0.8070866 0.2295473 -0.2614828 -0.8070866 0.2030256 -0.2568063 -0.8070866 0.185715 -0.2361761 -0.8070866 0.185715 -0.2092454 -0.8070866 0.2030256 -0.1886153 -0.8070866 0.2295473 -0.1839388 -0.8070866 0.25287 -0.1974042 -0.8070866 0.03937 -0.3149606 -0.8070866 0.03015923 -0.3402672 -0.8070866 0.006836473 -0.3537326 -0.8070866 -0.01968497 -0.3490561 -0.8070866 -0.0369957 -0.328426 -0.8070866 -0.0369957 -0.3014953 -0.8070866 -0.01968497 -0.2808651 -0.8070866 0.006836473 -0.2761887 -0.8070866 0.03015923 -0.289654 -0.8661417 0.5905512 -0.1968504 -0.8661417 0.511811 -0.1968504 -0.8661417 0.492126 -0.1915758 -0.8661417 0.4777156 -0.1771653 -0.8661417 0.472441 -0.1574802 -0.8661417 0.472441 0.1574802 -0.8661417 0.4777156 0.1771653 -0.8661417 0.492126 0.1915758 -0.8661417 0.511811 0.1968504 -0.8661417 0.5905512 0.1968504 -0.8661417 0.6102362 0.1915758 -0.8661417 0.6246467 0.1771653 -0.8661417 0.6299213 0.1574802 -0.8661417 0.6299213 -0.1574802 -0.8661417 0.6246467 -0.1771653 -0.8661417 0.6102362 -0.1915758 -0.8661417 -0.09842514 -0.3537835 -0.8661417 -0.09842514 -0.2362204 -0.8661417 -0.09243142 -0.2060879 -0.8661417 -0.07536274 -0.1805427 -0.8661417 -0.04981756 -0.163474 -0.8661417 -0.01968497 -0.1574802 -0.8661417 0 -0.1574802 -0.8661417 0.05386137 -0.1479831 -0.8661417 0.1012263 -0.1206369 -0.8661417 0.1363819 -0.07874011 -0.8661417 0.1550878 -0.02734613 -0.8661417 0.1550878 0.02734613 -0.8661417 0.1363819 0.07874011 -0.8661417 0.1012263 0.1206369 -0.8661417 0.05386137 0.1479831 -0.8661417 0 0.1574802 -0.8661417 -0.01968497 0.1574802 -0.8661417 -0.04981756 0.163474 -0.8661417 -0.07536274 0.1805427 -0.8661417 -0.09243142 0.2060879 -0.8661417 -0.09842514 0.2362204 -0.8661417 -0.09842514 0.3537835 -0.8661417 -0.08859372 0.3918834 -0.8661417 -0.06155437 0.4204691 -0.8661417 1.122047 -0.4330708 -0.8661417 -0.06155437 -0.4204691 -0.8661417 -0.08859372 -0.3918834 -0.8661417 0.8267716 -0.1968504 -0.8661417 0.9055118 -0.1968504 -0.8661417 0.9251968 -0.1915758 -0.8661417 0.9396073 -0.1771653 -0.8661417 0.9448819 -0.1574802 -0.8661417 0.9448819 0.1574802 -0.8661417 0.9396073 0.1771653 -0.8661417 0.9251968 0.1915758 -0.8661417 0.9055118 0.1968504 -0.8661417 0.8267716 0.1968504 -0.8661417 0.8070866 0.1915758 -0.8661417 0.7926762 0.1771653 -0.8661417 0.7874016 0.1574802 -0.8661417 0.7874016 -0.1574802 -0.8661417 0.7926762 -0.1771653 -0.8661417 0.8070866 -0.1915758 -0.8661417 0.7401575 -0.3149606 -0.8661417 0.7327888 -0.2947154 -0.8661417 0.7141306 -0.2839431 -0.8661417 0.6929134 -0.2876842 -0.8661417 0.6790648 -0.3041883 -0.8661417 0.6790648 -0.3257329 -0.8661417 0.6929134 -0.342237 -0.8661417 0.7141306 -0.3459782 -0.8661417 0.7327888 -0.3352059 -0.8661417 0.7401575 0.3149606 -0.8661417 0.7327888 0.3352059 -0.8661417 0.7141306 0.3459782 -0.8661417 0.6929134 0.342237 -0.8661417 0.6790648 0.3257329 -0.8661417 0.6790648 0.3041883 -0.8661417 0.6929134 0.2876842 -0.8661417 0.7141306 0.2839431 -0.8661417 0.7327888 0.2947154 -0.8661417 0.03937 0.3149606 -0.8661417 0.03015923 0.3402672 -0.8661417 0.006836473 0.3537326 -0.8661417 -0.01968497 0.3490561 -0.8661417 -0.0369957 0.328426 -0.8661417 -0.0369957 0.3014953 -0.8661417 -0.01968497 0.2808651 -0.8661417 0.006836473 0.2761887 -0.8661417 0.03015923 0.289654 -0.8661417 0.2620809 0.2227108 -0.8661417 0.25287 0.2480174 -0.8661417 0.2295473 0.2614828 -0.8661417 0.2030256 0.2568063 -0.8661417 0.185715 0.2361761 -0.8661417 0.185715 0.2092454 -0.8661417 0.2030256 0.1886153 -0.8661417 0.2295473 0.1839388 -0.8661417 0.25287 0.1974042 -0.8661417 0.3543307 0 -0.8661417 0.3451198 0.02530658 -0.8661417 0.3217971 0.03877186 -0.8661417 0.2952756 0.0340954 -0.8661417 0.2779648 0.01346534 -0.8661417 0.2779648 -0.01346534 -0.8661417 0.2952756 -0.0340954 -0.8661417 0.3217971 -0.03877186 -0.8661417 0.3451198 -0.02530658 -0.8661417 0.2620809 -0.2227108 -0.8661417 0.25287 -0.1974042 -0.8661417 0.2295473 -0.1839388 -0.8661417 0.2030256 -0.1886153 -0.8661417 0.185715 -0.2092454 -0.8661417 0.185715 -0.2361761 -0.8661417 0.2030256 -0.2568063 -0.8661417 0.2295473 -0.2614828 -0.8661417 0.25287 -0.2480174 -0.8661417 0.03937 -0.3149606 -0.8661417 0.03015923 -0.289654 -0.8661417 0.006836473 -0.2761887 -0.8661417 -0.01968497 -0.2808651 -0.8661417 -0.0369957 -0.3014953 -0.8661417 -0.0369957 -0.328426 -0.8661417 -0.01968497 -0.3490561 -0.8661417 0.006836473 -0.3537326 -0.8661417 0.03015923 -0.3402672 -0.8582298 1.151575 -0.4330708 -0.8366142 1.17319 -0.4330708 -0.7677165 1.17319 -0.4822835 -0.7677165 1.151575 -0.5038991 -0.7677165 1.122047 -0.511811 -0.7677165 1.062992 -0.511811 -0.6889764 0.984252 -0.511811 -0.7617228 1.03286 -0.511811 -0.7446541 1.007314 -0.511811 -0.7191089 0.9902456 -0.511811 0.6889764 0.984252 -0.511811 0.7191089 0.9902456 -0.511811 0.7446541 1.007314 -0.511811 0.7617228 1.03286 -0.511811 -0.7617228 1.03286 0.511811 -0.7446541 1.007314 0.511811 -0.7191089 0.9902456 0.511811 -0.6889764 0.984252 0.511811 0.6889764 0.984252 0.511811 0.7191089 0.9902456 0.511811 0.7446541 1.007314 0.511811 0.7617228 1.03286 0.511811 0.1781496 1.168307 -0.3149606 0.1687085 1.168307 -0.2890214 0.1448027 1.168307 -0.2752194 0.1176181 1.168307 -0.2800127 0.09987461 1.168307 -0.3011586 0.09987461 1.168307 -0.3287626 0.1176181 1.168307 -0.3499085 0.1448027 1.168307 -0.3547019 0.1687085 1.168307 -0.3408999 -0.3149606 1.168307 -0.1781496 -0.2890214 1.168307 -0.1687085 -0.2752194 1.168307 -0.1448027 -0.2800127 1.168307 -0.1176181 -0.3011586 1.168307 -0.09987461 -0.3287626 1.168307 -0.09987461 -0.3499085 1.168307 -0.1176181 -0.3547019 1.168307 -0.1448027 -0.3408999 1.168307 -0.1687085 -0.1781496 1.168307 0.3149606 -0.1687085 1.168307 0.2890214 -0.1448027 1.168307 0.2752194 -0.1176181 1.168307 0.2800127 -0.09987461 1.168307 0.3011586 -0.09987461 1.168307 0.3287626 -0.1176181 1.168307 0.3499085 -0.1448027 1.168307 0.3547019 -0.1687085 1.168307 0.3408999 0.3149606 1.168307 0.1781496 0.2890214 1.168307 0.1687085 0.2752194 1.168307 0.1448027 0.2800127 1.168307 0.1176181 0.3011586 1.168307 0.09987461 0.3287626 1.168307 0.09987461 0.3499085 1.168307 0.1176181 0.3547019 1.168307 0.1448027 0.3408999 1.168307 0.1687085</float_array>
          <technique_common>
            <accessor source="#Untitled_015-mesh-positions-array" count="2248" stride="3">
              <param name="X" type="float"/>
              <param name="Y" type="float"/>
              <param name="Z" type="float"/>
            </accessor>
          </technique_common>
        </source>
        <source id="Untitled_015-mesh-normals">
          <float_array id="Untitled_015-mesh-normals-array" count="6303">-0.0340597 0.9950268 0.09360325 0.1670629 -0.2724158 -0.9475651 0 0.995026 0.09961551 -0.1670629 -0.2724158 -0.9475651 0.03409022 0.9950259 0.09360313 -0.4810805 -0.272418 -0.8332767 0.06402987 0.9950271 0.07629871 -0.737052 -0.2723888 -0.6185134 0.08624804 0.9950264 0.0498383 -0.904163 -0.2724148 -0.3290585 0.09811991 0.9950247 0.01727396 -0.96218 -0.2724147 0 0.09811991 0.9950247 -0.01727396 -0.904163 -0.2724148 0.3290585 0.08624804 0.9950264 -0.0498383 -0.737052 -0.2723888 0.6185134 0.06402975 0.9950247 -0.07632905 -0.4810805 -0.272418 0.8332767 0.0340597 0.9950268 -0.09360325 -0.1670629 -0.2724158 0.9475651 0 0.995026 -0.09961551 0.1670629 -0.2724158 0.9475651 -0.03409022 0.9950259 -0.09360313 0.4810805 -0.272418 0.8332767 -0.06402987 0.9950271 -0.07629871 0.737052 -0.2723888 0.6185134 -0.08624804 0.9950264 -0.0498383 0.904163 -0.2724148 0.3290585 -0.09811991 0.9950247 -0.01727396 0.96218 -0.2724147 0 -0.09811991 0.9950247 0.01727396 0.904163 -0.2724148 -0.3290585 -0.08624804 0.9950264 0.0498383 0.737052 -0.2723888 -0.6185134 -0.06402975 0.9950247 0.07632905 0.4810805 -0.272418 -0.8332767 0 1 0 0 1 3.98305e-6 0 1 -1.54361e-5 0 1 3.18643e-5 0 1 -3.08727e-5 0 1 3.18651e-5 0 1 -7.7181e-6 0 1 7.71813e-6 0 1 -3.18651e-5 0 1 3.08727e-5 0 1 -3.18648e-5 0 1 1.54361e-5 0 1 -7.29764e-6 0 1 4.1701e-6 0 1 -1.38061e-5 0 1 2.76127e-5 0 1 -8.34021e-6 0 1 2.08504e-6 0 1 -4.17009e-6 0 1 -5.52261e-5 0 1 1.09765e-5 0 1 -1.09765e-5 0 1 1.97576e-5 0 1 -5.48821e-6 0 1 -1.09766e-5 0 1 -1.9758e-5 0 1 5.48825e-6 0 1 9.87879e-6 0 1 5.11491e-6 0 1 -1.13262e-5 0 1 2.12779e-5 0 1 -9.06059e-6 0 1 1.10619e-5 0 1 5.52257e-5 0 1 -4.17011e-6 0 1 1.66805e-5 0 1 1.66802e-5 0 1 -2.08507e-6 0 -1 0 0 -1 -1.21113e-6 0 -1 -5.02031e-6 0 -1 8.07908e-6 0 -1 -1.47065e-6 0 -1 -2.85288e-6 0 -1 3.49318e-6 0 -1 -3.05055e-6 0 -1 4.30501e-6 0 -1 7.7394e-6 0 -1 -3.47994e-6 0 -1 5.86658e-7 0 -1 -1.64852e-6 0 -1 9.03798e-6 0 -1 6.44484e-6 0 -1 -1.06418e-6 0 -1 1.13976e-6 0 -1 3.85623e-6 0 -1 2.50351e-6 0 -1 2.79968e-6 0 -1 -2.20866e-6 0 -1 -3.45584e-6 0 -1 9.57434e-6 0 -1 -9.9791e-7 0 -1 1.634e-6 0 -1 2.51016e-6 0 -1 -8.07908e-6 0 -1 7.82899e-7 0 -1 -4.30534e-6 0 -1 -4.36363e-7 0 -1 1.21113e-6 0 -1 -5.34155e-6 0 -1 -3.65608e-6 0 -1 -3.40618e-6 0 -1 1.52957e-5 0 -1 -4.91021e-6 0 -1 -3.96981e-7 0 -1 2.39318e-6 0 -1 -7.17387e-6 0 -1 5.61301e-6 0 -1 -6.28972e-7 0 -1 5.00997e-6 0 -1 -2.40042e-6 0 -1 -2.16958e-6 0 -1 2.20866e-6 0 -1 -1.39984e-6 0 -1 6.25876e-7 0 -1 -4.19725e-6 0 -1 8.39451e-6 0 -1 -1.01345e-6 0 -1 8.40154e-7 0 -1 3.45584e-6 0 -1 -9.57434e-6 0 -1 9.9791e-7 0 -1 -5.11062e-6 0 -1 4.91021e-6 0 -1 -1.52957e-5 0 -1 2.48137e-6 0 -1 -2.99774e-6 0 -1 -5.90334e-7 0 -1 1.44731e-6 0 -1 9.8256e-6 0 -1 -1.27944e-5 0 -1 -1.90803e-6 0 -1 1.05287e-5 0 -1 2.02177e-6 0 -1 -4.59582e-6 0 -1 2.12199e-6 0 -1 1.30766e-6 0 -1 -3.65033e-6 0 -1 8.16415e-7 0 -1 6.67772e-7 0 -1 -1.79488e-6 0 -1 -2.12199e-6 0 -1 4.59582e-6 0 -1 -2.02177e-6 0 -1 -1.05287e-5 0 -1 8.39638e-6 0 -1 1.33304e-5 0 -1 3.54688e-6 0 -1 -1.74268e-5 0 -1 1.59537e-5 0 -1 3.10058e-5 0 -1 -5.43637e-6 0 -1 5.43637e-6 0 -1 1.27944e-5 0 -1 1.90803e-6 0 -1 -9.8256e-6 0 -1 -8.39638e-6 0 -1 -8.98584e-6 0 -1 8.98584e-6 0 -1 2.21965e-6 0 -1 5.31224e-6 0 -1 1.88546e-5 0 -1 -7.09375e-6 0 -1 -2.21477e-5 0 -1 7.12206e-6 0 -1 3.25612e-6 0 -1 -3.25609e-6 0 -1 -3.9117e-7 0 -1 1.86519e-6 0 -1 -8.16415e-7 0 -1 -1.30766e-6 0 -1 -3.8697e-6 0 -1 -4.30501e-6 0 -1 3.67067e-6 0 -1 -7.06545e-6 0 -1 -5.03127e-6 0 -1 3.6682e-6 0 -1 2.85595e-6 0 -1 2.22087e-6 0 -1 -8.02135e-6 0 -1 5.32872e-6 0 -1 -5.07662e-6 0 -1 -1.86519e-6 0 -1 -3.48508e-6 0 -1 1.13809e-5 0 -1 -2.91635e-6 0 -1 -3.79923e-6 0 -1 1.72821e-6 0 -1 -1.57626e-6 0 -1 7.00192e-6 0 -1 -4.11468e-6 0 -1 -1.88322e-6 0 -1 1.57626e-6 0 -1 -7.00192e-6 0 -1 4.11468e-6 0 -1 1.88322e-6 0 -1 9.56516e-6 0 -1 -5.61301e-6 0 -1 6.28972e-7 0 -1 -5.00997e-6 0 -1 1.38038e-6 0 -1 -9.53069e-6 0 -1 6.01673e-6 0 -1 -2.66609e-5 0 -1 -1.38038e-6 0 -1 9.53069e-6 0 -1 -6.01673e-6 0 -1 -6.47161e-7 0 -1 4.28878e-7 0 -1 7.17562e-6 0 -1 -4.48475e-7 0 -1 -6.86205e-6 0 -1 -6.61223e-7 0 -1 1.82804e-6 0 -1 4.71766e-6 0 -1 -4.93324e-6 0 -1 4.93324e-6 0 -1 -4.71766e-6 0 -1 -6.1231e-7 0 -1 6.86205e-6 0 -1 4.48475e-7 0 -1 -7.17562e-6 0 -1 -4.28878e-7 0 -1 -6.67772e-7 0 -1 6.1231e-7 0 -1 3.65033e-6 0 0 1 1 0 0 0.08810871 -0.7377083 -0.6693454 0.3188638 -0.7702721 -0.5522741 0.08810871 0.7377083 -0.6693454 0.3188638 0.7702721 -0.5522741 0.5522741 0.7702721 -0.3188638 0.5522741 -0.7702721 -0.3188638 0.6340285 0.7514954 -0.1823804 0.9064192 -0.3565249 0.2264827 0 0 -1 2.1364e-6 0 -1 0.7060647 -0.003265559 0.70814 -0.7060647 -0.003265559 0.70814 0.7050288 -0.01312333 0.7090573 -0.7050288 -0.01312333 0.7090573 0.7050291 -0.02627718 0.7086914 -0.7050297 -0.02624672 0.708692 0.6788719 -0.1294324 0.7227587 -0.6788719 -0.1294324 0.7227587 0.6788719 -0.1294324 -0.7227587 -0.6788719 -0.1294324 -0.7227587 0.7050291 -0.02627718 -0.7086914 -0.7050297 -0.02624672 -0.708692 0.7050288 -0.01312333 -0.7090573 -0.7050288 -0.01312333 -0.7090573 0.7060647 -0.003265559 -0.70814 -0.7060647 -0.003265559 -0.70814 -1 -3.8843e-7 0 -1 0 0 -1 8.84619e-7 0 -1 3.40901e-6 0 -1 -1.42904e-6 0 -1 -4.57782e-6 0 -1 7.10764e-6 0 -1 1.01436e-5 0 -1 -5.90339e-7 0 -1 -2.14631e-6 0 -1 3.3565e-6 0 -1 -1.24203e-6 0 -1 2.20232e-6 0 -1 5.09756e-7 0 -1 -4.68546e-6 0 -1 4.08915e-7 0 -1 6.07371e-7 0 -1 -1.06001e-6 0 -1 -3.50711e-7 0 -1 2.29621e-6 0 -1 -1.12405e-6 0 -1 1.1284e-6 0 -1 7.0525e-7 0 -1 2.29621e-6 0 -1 6.85201e-6 0 -1 7.96475e-7 0 -1 -8.89254e-7 0 -1 -4.68546e-6 0 -1 -1.00571e-6 0 -1 6.6809e-6 0 -1 -6.26861e-6 0 -1 -6.07385e-7 0 -1 -1.5372e-7 0 -1 -1.43209e-6 0 -1 1.50376e-6 0 -1 8.41574e-6 0 -1 -9.17441e-7 0 -1 -5.67913e-6 0 -1 1.53798e-6 0 -1 2.09239e-6 0 -1 4.66596e-7 0 -1 -6.3451e-7 0 -1 -8.35131e-7 0 -1 -4.59568e-7 0 -1 1.17802e-6 0 -1 -7.48259e-7 0 -1 -7.13337e-7 0 -1 -1.67026e-6 0 -1 -4.59568e-7 0 -1 -1.26902e-6 0 -1 1.85209e-6 0 -1 4.36224e-6 0 -1 -2.06765e-6 0 -1 -1.60022e-6 0 -1 6.34507e-6 0 -1 -1.97578e-6 0 -1 4.36353e-6 0 -1 1.42153e-5 0 -1 -1.83488e-6 0 -1 1.40756e-6 0 -1 -6.97573e-6 0 -1 1.1481e-6 0 0.7377083 -0.6693454 0.08810871 -0.7377083 -0.6693454 0.08810871 0.7702721 -0.5522741 0.3188638 -0.7702721 -0.5522741 0.3188638 0.7702721 -0.3188638 0.5522741 -0.7702721 -0.3188638 0.5522741 -0.7377083 -0.08810871 0.6693454 0.7377083 -0.08810871 0.6693454 0.7377083 -0.08810871 -0.6693454 -0.7377083 -0.08810871 -0.6693454 0.7702721 -0.3188638 -0.5522741 -0.7702721 -0.3188638 -0.5522741 0.7702721 -0.5522741 -0.3188638 -0.7702721 -0.5522741 -0.3188638 -0.7377083 -0.6693454 -0.08810871 0.7377083 -0.6693454 -0.08810871 0.7377083 0.6693454 -0.08810871 -0.7377083 0.6693454 -0.08810871 0.7702721 0.5522741 -0.3188638 -0.7702721 0.5522741 -0.3188638 0.7702721 0.3188638 -0.5522741 -0.7702721 0.3188638 -0.5522741 -0.7377083 0.08810871 -0.6693454 0.7377083 0.08810871 -0.6693454 0.7377083 0.08810871 0.6693454 -0.7377083 0.08810871 0.6693454 0.7702721 0.3188638 0.5522741 -0.7702721 0.3188638 0.5522741 0.7702721 0.5522741 0.3188638 -0.7702721 0.5522741 0.3188638 -0.7377083 0.6693454 0.08810871 0.7377083 0.6693454 0.08810871 1 3.3565e-6 0 1 -8.6017e-7 0 1 5.90339e-7 0 1 -1.51464e-5 0 1 3.86641e-6 0 1 1.47783e-7 0 1 3.62187e-7 0 1 -1.79228e-6 0 1 1.79229e-6 0 1 3.58291e-7 0 1 -2.34043e-7 0 1 7.76861e-7 0 1 -1.06818e-6 0 1 -5.27756e-6 0 1 -4.35983e-7 0 1 -3.55382e-6 0 1 -2.34289e-5 0 1 6.85381e-6 0 1 -2.14631e-6 0 1 -1.10116e-6 0 1 4.12438e-6 0 1 -2.54878e-6 0 1 1.06001e-6 0 1 3.50711e-7 0 1 -2.29621e-6 0 1 1.12405e-6 0 1 -1.1284e-6 0 1 -6.34725e-7 0 1 -2.29621e-6 0 1 7.01422e-7 0 1 -2.82782e-6 0 1 9.0094e-7 0 1 -8.89254e-7 0 1 7.72882e-7 0 1 2.88195e-6 0 1 -1.12553e-6 0 1 4.66596e-7 0 1 -6.3451e-7 0 1 8.35131e-7 0 1 -1.5707e-6 0 1 -4.59241e-6 0 1 2.24478e-6 0 1 1.67026e-6 0 1 -3.58023e-7 0 1 -2.88195e-6 0 1 -7.72878e-7 0 1 4.58721e-7 0 0.9490213 0.2573063 -0.1820768 0.9494799 0.3138279 0 0.4237942 0.9057586 0 0.9490213 0.2573063 0.1820768 0.4264162 0.6925449 0.5818512 0.9481755 0.1022093 0.3008599 0.429046 0.1533615 0.8901684 0.9477469 -0.09518975 0.3044912 0.4296174 -0.454521 0.7802818 0.9475708 -0.2573408 0.1894348 0.4295265 -0.8490732 0.3075414 0.9475234 -0.3196865 0 0.4295265 -0.8490732 -0.3075414 0.9475708 -0.2573408 -0.1894348 0.4296174 -0.454521 -0.7802818 0.9477469 -0.09518975 -0.3044912 0.429046 0.1533615 -0.8901684 0.9481755 0.1022093 -0.3008599 0.4264162 0.6925449 -0.5818512 -0.7927768 0.4669191 -0.3917799 -0.7927795 0.6095087 0 -0.7927768 0.4669191 0.3917799 -0.7927734 0.1058415 0.6002566 -0.7927754 -0.3047375 0.5278658 -0.7927763 -0.5727607 0.2084486 -0.7927763 -0.5727607 -0.2084486 -0.7927754 -0.3047375 -0.5278658 -0.7927734 0.1058415 -0.6002566 -0.792768 -0.3047652 -0.5278609 -0.685707 -0.07132351 0.7243749 -0.6657225 -0.2855407 0.6894056 0.685707 -0.07132351 0.7243749 0.6657225 -0.2855407 0.6894056 0.6657159 -0.5276469 0.5276469 -0.6657159 -0.5276469 0.5276469 -0.6657225 -0.6894056 0.2855407 0.6657225 -0.6894056 0.2855407 -0.685707 -0.7243749 0.07132351 0.685707 -0.7243749 0.07132351 0.7272651 -0.05981701 -0.6837452 -0.7272651 -0.05981701 -0.6837452 0.7483613 -0.2268492 -0.6232936 -0.7483613 -0.2268492 -0.6232936 0.7483607 -0.4263529 -0.5081138 -0.7483607 -0.4263529 -0.5081138 0.7483575 -0.5744295 -0.3316504 -0.7483575 -0.5744295 -0.3316504 0.7483672 -0.6532076 -0.1151803 -0.7483672 -0.6532076 -0.1151803 0.7483672 -0.6532076 0.1151803 -0.7483672 -0.6532076 0.1151803 0.7483575 -0.5744295 0.3316504 -0.7483575 -0.5744295 0.3316504 0.7483607 -0.4263529 0.5081138 -0.7483607 -0.4263529 0.5081138 0.7483613 -0.2268492 0.6232936 -0.7483613 -0.2268492 0.6232936 0.7272651 -0.05981701 0.6837452 -0.7272651 -0.05981701 0.6837452 -0.685707 -0.7243749 -0.07132351 -0.6657225 -0.6894056 -0.2855407 0.685707 -0.7243749 -0.07132351 0.6657225 -0.6894056 -0.2855407 0.6657159 -0.5276469 -0.5276469 -0.6657159 -0.5276469 -0.5276469 -0.6657225 -0.2855407 -0.6894056 0.6657225 -0.2855407 -0.6894056 -0.685707 -0.07132351 -0.7243749 0.685707 -0.07132351 -0.7243749 -0.6549456 -0.401818 0.6399912 0.6549456 -0.401818 0.6399912 -0.6549439 -0.6613225 0.3656516 0.6549439 -0.6613225 0.3656516 -0.6798144 -0.7275463 0.09235095 0.6798144 -0.7275463 0.09235095 -0.6798144 -0.7275463 -0.09235095 -0.6549439 -0.6613225 -0.3656516 0.6798308 -0.7275313 -0.09234905 0.6549439 -0.6613225 -0.3656516 -0.6549456 -0.401818 -0.6399912 0.6549456 -0.401818 -0.6399912 1.0682e-6 0 1 0.9064192 -0.3565249 -0.2264827 0.5522741 -0.7702721 0.3188638 0.6340249 0.7514912 0.18241 0.5522795 0.7702797 0.3188364 0.3188638 0.7702721 0.5522741 0.3188638 -0.7702721 0.5522741 0.08810871 0.7377083 0.6693454 0.08810871 -0.7377083 0.6693454 1 2.13639e-6 0 1 -5.34083e-7 0 -0.08810871 -0.7377083 0.6693454 -0.3188638 -0.7702721 0.5522741 -0.08810871 0.7377083 0.6693454 -0.3188585 0.7702592 0.5522953 -0.5522741 0.7702721 0.3188638 -0.5522741 -0.7702721 0.3188638 -0.6340285 0.7514954 0.1823804 -0.9064192 -0.3565249 -0.2264827 -2.1364e-6 0 1 0.7050297 -0.02624672 0.708692 0.7050297 -0.02624672 -0.708692 1 -3.8843e-7 0 1 9.28352e-7 0 1 -4.33083e-7 0 1 -3.17799e-6 0 1 -9.23939e-7 0 1 1.72461e-6 0 1 -1.80188e-6 0 1 1.54663e-6 0 1 -6.86941e-7 0 1 -1.023e-6 0 1 2.10268e-6 0 1 5.91651e-6 0 1 -1.21102e-5 0 1 -1.22282e-6 0 1 2.18332e-6 0 1 -3.10795e-6 0 1 -1.09203e-6 0 1 6.5907e-7 0 1 5.15663e-6 0 1 6.20508e-7 0 1 -9.80126e-7 0 1 -3.20744e-7 0 1 -3.8662e-6 0 1 -6.71162e-7 0 1 -3.35581e-7 0 1 4.54036e-7 0 1 -1.43732e-6 0 1 8.21845e-7 0 1 -6.3393e-7 0 1 -3.13969e-6 0 1 -4.36226e-6 0 1 6.45474e-6 0 1 -3.28116e-6 0 1 2.6496e-6 0 1 -2.30543e-7 0 1 -9.80126e-7 0 1 -1.55398e-6 0 1 2.39991e-6 0 1 -7.64264e-7 0 1 2.18332e-6 0 1 -2.25184e-6 0 1 2.55489e-6 0 1 -2.27957e-5 0 1 -1.84788e-6 0 1 1.72461e-6 0 1 -4.03574e-7 0 1 -9.00942e-7 0 1 -2.57578e-6 0 1 1.51983e-7 0 1 5.70567e-7 0 1 4.19561e-6 0 1 -7.76576e-7 0 1 -1.26786e-6 0 1 4.94893e-7 0 1 -1.56984e-6 0 1 1.60022e-6 0 1 -6.34511e-6 0 1 4.84105e-6 0 1 -5.24985e-6 0 1 3.5328e-6 0 1 8.84619e-7 0 1 6.43162e-7 0 -1 -2.25184e-6 0 -1 -2.18332e-6 0 -1 -5.99976e-7 0 -1 1.97072e-6 0 -1 9.80126e-7 0 -1 3.20744e-7 0 -1 -1.10865e-6 0 -1 1.12575e-6 0 -1 3.35581e-7 0 -1 6.41487e-7 0 -1 -2.27018e-7 0 -1 -9.89787e-7 0 -1 1.89594e-6 0 -1 -5.94854e-7 0 -1 -2.62493e-6 0 -1 2.6496e-6 0 -1 -8.66167e-7 0 -1 1.2378e-6 0 -1 9.80126e-7 0 -1 -6.11411e-7 0 -1 -8.4107e-7 0 -1 1.72461e-6 0 -1 4.03574e-7 0 -1 -7.96474e-7 0 -1 -9.00942e-7 0 -1 7.73313e-7 0 -1 2.06063e-7 0 -1 5.70567e-7 0 -1 -4.05707e-7 0 -1 7.76861e-7 0 -1 -5.27756e-6 0 -1 2.06411e-6 0 -1 4.23732e-6 0 -1 -9.23939e-7 0 -1 1.72461e-6 0 -1 5.5737e-7 0 -1 1.54663e-6 0 -1 -3.61564e-6 0 -1 7.83601e-6 0 -1 -1.06818e-6 0 -1 -2.80038e-6 0 -1 -3.35649e-6 0 -1 -3.88288e-7 0 -0.7927768 -0.4669191 0.3917799 0.7927768 -0.4669191 0.3917799 -0.7927795 -0.6095087 0 0.7927795 -0.6095087 0 -0.7927768 -0.4669191 -0.3917799 0.7927768 -0.4669191 -0.3917799 -0.7927734 -0.1058415 -0.6002566 0.7927734 -0.1058415 -0.6002566 -0.7927754 0.3047375 -0.5278658 0.7927754 0.3047375 -0.5278658 -0.7927763 0.5727607 -0.2084486 0.7927763 0.5727607 -0.2084486 -0.7927763 0.5727607 0.2084486 0.7927763 0.5727607 0.2084486 -0.792768 0.3047652 0.5278609 0.7927754 0.3047375 0.5278658 -0.7927734 -0.1058415 0.6002566 0.7927734 -0.1058415 0.6002566 -0.792768 0.3047652 -0.5278609 -0.7927754 0.3047375 0.5278658 0.6798144 -0.7275463 -0.09235095 -1.0682e-6 0 -1 -0.9064192 -0.3565249 0.2264827 -0.5522741 -0.7702721 -0.3188638 -0.6340249 0.7514912 -0.18241 -0.5522795 0.7702797 -0.3188364 -0.3188638 0.7702721 -0.5522741 -0.3188638 -0.7702721 -0.5522741 -0.08810871 0.7377083 -0.6693454 -0.08810871 -0.7377083 -0.6693454 -1 2.13639e-6 0 -1 -5.34083e-7 0 -0.07132351 -0.7243749 0.685707 -0.2855407 -0.6894056 0.6657225 -0.07132351 -0.7243749 -0.685707 -0.2855407 -0.6894056 -0.6657225 -0.5276469 -0.5276469 -0.6657159 -0.5276469 -0.5276469 0.6657159 -0.6894056 -0.2855407 0.6657225 -0.6894056 -0.2855407 -0.6657225 -0.7243749 -0.07132351 0.685707 -0.7243749 -0.07132351 -0.685707 0.7243749 -0.07132351 0.685707 0.6894056 -0.2855407 0.6657225 0.7243749 -0.07132351 -0.685707 0.6894056 -0.2855407 -0.6657225 0.5276469 -0.5276469 -0.6657159 0.5276469 -0.5276469 0.6657159 0.2855407 -0.6894056 0.6657225 0.2855407 -0.6894056 -0.6657225 0.07132351 -0.7243749 0.685707 0.07132351 -0.7243749 -0.685707 -0.6788713 0.09583055 -0.7279769 -0.6532222 0.3785844 -0.6557247 0.6788713 0.09583055 -0.7279769 0.6532222 0.3785844 -0.6557247 -0.6532297 0.6557323 -0.3785583 0.6532297 0.6557323 -0.3785583 0 1 -1.08525e-5 0 1 1.81657e-5 0 1 -2.12779e-5 0 1 9.06059e-6 0 1 -1.10619e-5 0.7279769 0.09583055 -0.6788713 0.6557247 0.3785844 -0.6532222 0.7279769 0.09583055 0.6788713 0.6557247 0.3785844 0.6532222 0.3785582 0.6557322 -0.6532296 0.3785582 0.6557322 0.6532296 0.774726 -0.03463912 0.6313475 0.09583055 0.7279769 0.6788713 0.09583055 0.7279769 -0.6788713 0.774726 -0.03463912 -0.6313475 0.6788713 0.09583055 0.7279769 0.6532222 0.3785844 0.6557247 -0.6788713 0.09583055 0.7279769 -0.6532222 0.3785844 0.6557247 0.6532297 0.6557323 0.3785583 -0.6532297 0.6557323 0.3785583 -0.09583055 0.7279769 0.6788713 -0.774726 -0.03463912 0.6313475 -0.3785582 0.6557322 0.6532296 -0.774726 -0.03463912 -0.6313475 -0.3785582 0.6557322 -0.6532296 -0.09583055 0.7279769 -0.6788713 -0.6557247 0.3785844 -0.6532222 -0.6557247 0.3785844 0.6532222 -0.7279769 0.09583055 -0.6788713 -0.7279769 0.09583055 0.6788713 -0.4669191 -0.7927768 -0.3917799 -0.7703633 -0.6376052 0 -0.6095279 -0.7927647 0 -0.5901249 -0.6376132 0.4951788 -0.4669191 -0.7927768 0.3917799 -0.133767 -0.6376134 0.7586538 -0.1058415 -0.7927734 0.6002566 0.3851833 -0.6376079 0.6671506 0.3047652 -0.792768 0.5278609 0.7238959 -0.6376168 0.2634763 0.5727607 -0.7927763 0.2084486 0.7238959 -0.6376168 -0.2634763 0.5727607 -0.7927763 -0.2084486 0.3851833 -0.6376079 -0.6671506 0.3047375 -0.7927754 -0.5278658 -0.133767 -0.6376134 -0.7586538 -0.1058415 -0.7927734 -0.6002566 -0.5901249 -0.6376132 -0.4951788 -0.6095087 -0.7927795 0 0.3047375 -0.7927754 0.5278658 0.3047652 -0.792768 -0.5278609 0.3047627 -0.7927921 -0.5278261 -0.2729035 0.947441 -0.166971 -0.3203632 0.9472948 0 -0.9027094 0.4302511 0 -0.2729035 0.947441 0.166971 -0.6901363 0.4327658 0.5800222 -0.1368471 0.9472788 0.2897167 -0.1556764 0.433367 0.8876699 0.04699885 0.9473324 0.3167846 0.4490585 0.4334022 0.7813508 0.2144313 0.9472701 0.2381146 0.8495572 0.429921 0.3056477 0.3072382 0.9479918 0.08316516 0.3072382 0.9479918 -0.08316516 0.8495572 0.429921 -0.3056477 0.2144313 0.9472701 -0.2381146 0.4490526 0.433427 -0.7813405 0.04699885 0.9473324 -0.3167846 -0.1556806 0.4333788 -0.8876636 -0.1368471 0.9472788 -0.2897167 -0.6901363 0.4327658 -0.5800222 -0.166971 0.947441 0.2729035 0 0.9472948 0.3203632 0 0.4302511 0.9027094 0.1669697 0.9474331 0.2729318 0.5800222 0.4327658 0.6901363 0.2896888 0.9472872 0.1368483 0.8876699 0.433367 0.1556764 0.3167846 0.9473324 -0.04699885 0.7813508 0.4334022 -0.4490585 0.2381146 0.9472701 -0.2144313 0.3056477 0.429921 -0.8495572 0.08316594 0.9480006 -0.3072106 -0.08316594 0.9480006 -0.3072106 -0.3056477 0.429921 -0.8495572 -0.2381146 0.9472701 -0.2144313 -0.7813508 0.4334022 -0.4490585 -0.3167846 0.9473324 -0.04699885 -0.8876636 0.4333788 0.1556806 -0.2896888 0.9472872 0.1368483 -0.5800222 0.4327658 0.6901363 -0.3917799 -0.7927768 0.4669191 0 -0.7927647 0.6095279 0.3917799 -0.7927768 0.4669191 0.6002586 -0.7927759 0.1058112 0.5278658 -0.7927754 -0.3047375 0.2084486 -0.7927763 -0.5727607 -0.2084486 -0.7927763 -0.5727607 -0.5278658 -0.7927754 -0.3047375 -0.6002566 -0.7927734 0.1058415 0.2729035 0.947441 0.166971 0.3203632 0.9472948 0 0.9027094 0.4302511 0 0.2729035 0.947441 -0.166971 0.6901363 0.4327658 -0.5800222 0.1368483 0.9472872 -0.2896888 0.1556764 0.433367 -0.8876699 -0.04699885 0.9473324 -0.3167846 -0.4490585 0.4334022 -0.7813508 -0.2144313 0.9472701 -0.2381146 -0.8495572 0.429921 -0.3056477 -0.3072382 0.9479918 -0.08316516 -0.3072382 0.9479918 0.08316516 -0.8495572 0.429921 0.3056477 -0.2144313 0.9472701 0.2381146 -0.4490526 0.433427 0.7813405 -0.04699885 0.9473324 0.3167846 0.1556806 0.4333788 0.8876636 0.1368483 0.9472872 0.2896888 0.6901363 0.4327658 0.5800222 0.4669191 -0.7927768 0.3917799 0.6095279 -0.7927647 0 0.4669191 -0.7927768 -0.3917799 0.1058415 -0.7927734 -0.6002566 -0.3047652 -0.792768 -0.5278609 -0.5727607 -0.7927763 -0.2084486 -0.5727607 -0.7927763 0.2084486 -0.3047375 -0.7927754 0.5278658 0.1058415 -0.7927734 0.6002566 0.1669697 0.9474331 -0.2729318 0 0.9472948 -0.3203632 0 0.4302511 -0.9027094 -0.166971 0.947441 -0.2729035 -0.5800222 0.4327658 -0.6901363 -0.2896888 0.9472872 -0.1368483 -0.8876699 0.433367 -0.1556764 -0.3167846 0.9473324 0.04699885 -0.7813508 0.4334022 0.4490585 -0.238113 0.9472639 0.2144604 -0.3056477 0.429921 0.8495572 -0.08316516 0.9479918 0.3072382 0.08316594 0.9480006 0.3072106 0.3056477 0.429921 0.8495572 0.2381146 0.9472701 0.2144313 0.7813508 0.4334022 0.4490585 0.3167846 0.9473324 0.04699885 0.8876636 0.4333788 -0.1556806 0.2896888 0.9472872 -0.1368483 0.5800222 0.4327658 -0.6901363 0.3917799 -0.7927768 -0.4669191 0 -0.7927647 -0.6095279 -0.3917799 -0.7927768 -0.4669191 -0.6002586 -0.7927759 -0.1058112 -0.5278658 -0.7927754 0.3047375 -0.2084486 -0.7927763 0.5727607 0.2084486 -0.7927763 0.5727607 0.5278658 -0.7927754 0.3047375 0.6002566 -0.7927734 -0.1058415 -0.5025059 -0.7837138 -0.365076 -0.6191112 -0.6437096 -0.4498215 -0.6211305 -0.7837072 0 -0.7652688 -0.6437109 0 -0.5025059 -0.7837138 0.365076 -0.6191112 -0.6437096 0.4498215 -0.1919361 -0.7837064 0.5907325 -0.2364624 -0.64371 0.7278208 0.1919361 -0.7837064 0.5907325 0.2364624 -0.64371 0.7278208 0.5025059 -0.7837138 0.365076 0.6191197 -0.6437184 0.4497972 0.6211305 -0.7837072 0 0.7652688 -0.6437109 0 0.5025059 -0.7837138 -0.365076 0.6191197 -0.6437184 -0.4497972 0.1919361 -0.7837064 -0.5907325 0.2364624 -0.64371 -0.7278208 -0.1919361 -0.7837064 -0.5907325 -0.2364624 -0.64371 -0.7278208 -0.365076 -0.7837138 0.5025059 -0.4497972 -0.6437184 0.6191197 0 -0.7837072 0.6211305 0 -0.6437109 0.7652688 0.3650673 -0.7837257 0.5024939 0.4497972 -0.6437184 0.6191197 0.5907325 -0.7837064 0.1919361 0.7278208 -0.64371 0.2364624 0.5907325 -0.7837064 -0.1919361 0.7278208 -0.64371 -0.2364624 0.365076 -0.7837138 -0.5025059 0.4497972 -0.6437184 -0.6191197 0 -0.7837072 -0.6211305 0 -0.6437109 -0.7652688 -0.365076 -0.7837138 -0.5025059 -0.4497972 -0.6437184 -0.6191197 -0.5907325 -0.7837064 -0.1919361 -0.7278208 -0.64371 -0.2364624 -0.5907325 -0.7837064 0.1919361 -0.7278208 -0.64371 0.2364624 0.6191112 -0.6437096 0.4498215 0.6191112 -0.6437096 -0.4498215 -0.6191197 -0.6437184 -0.4497972 -0.6191197 -0.6437184 0.4497972 0.365076 -0.7837138 0.5025059 0.7279769 -0.6788713 -0.09583055 0.6557323 -0.6532297 -0.3785583 0.6693454 -0.7377083 -0.08810871 0.3785582 -0.6532296 -0.6557322 0.09583055 -0.6788713 -0.7279769 0.09583055 -0.6788713 0.7279769 0.3785582 -0.6532296 0.6557322 0.6557323 -0.6532297 0.3785583 0.7279769 -0.6788713 0.09583055 0.6693454 -0.7377083 0.08810871 -0.7279769 -0.6788713 0.09583055 -0.6557323 -0.6532297 0.3785583 -0.6693454 -0.7377083 0.08810871 -0.3785582 -0.6532296 0.6557322 -0.09583055 -0.6788713 0.7279769 -0.09583055 -0.6788713 -0.7279769 -0.3785582 -0.6532296 -0.6557322 -0.6557323 -0.6532297 -0.3785583 -0.7279769 -0.6788713 -0.09583055 -0.6693454 -0.7377083 -0.08810871 0.378592 -0.6532351 -0.6557072 -0.3785658 -0.6532427 -0.6557148 0.7927647 0.6095279 0 -0.7927647 0.6095279 0 0.7927768 0.4669191 0.3917799 0.7927734 0.1058415 0.6002566 0.7927754 -0.3047375 0.5278658 -0.792768 -0.3047652 0.5278609 0.7927763 -0.5727607 0.2084486 0.7927763 -0.5727607 -0.2084486 0.792768 -0.3047652 -0.5278609 0.7927734 0.1058415 -0.6002566 0.7927768 0.4669191 -0.3917799 0.7927647 -0.6095279 0 -0.7927647 -0.6095279 0 0.792768 0.3047652 -0.5278609 0.7927795 0.6095087 0 0.792768 -0.3047652 0.5278609 0.792768 0.3047652 0.5278609 0.7927754 -0.3047375 -0.5278658 -0.2268492 -0.7483613 0.6232936 0 -0.7483549 0.6632987 0.2268492 -0.7483613 0.6232936 0.4263529 -0.7483607 0.5081138 0.5744353 -0.7483651 0.3316233 0.6532076 -0.7483672 0.1151803 0.6532076 -0.7483672 -0.1151803 0.5744353 -0.7483651 -0.3316233 0.4263463 -0.7483491 -0.5081364 0.2268492 -0.7483613 -0.6232936 0 -0.7483549 -0.6632987 -0.2268492 -0.7483613 -0.6232936 -0.4263529 -0.7483607 -0.5081138 -0.5744353 -0.7483651 -0.3316233 -0.6532076 -0.7483672 -0.1151803 -0.6532076 -0.7483672 0.1151803 -0.5744353 -0.7483651 0.3316233 -0.4263463 -0.7483491 0.5081364 0 -1 1.04006e-5 0 -1 -4.55262e-5 0 -1 -2.08009e-5 0 -1 4.55252e-5 0 -1 -1.04006e-5 0 -1 4.55262e-5 0 -1 2.08009e-5 0 -1 -4.55252e-5 0 -0.1289157 0.9916555 0 -0.128915 0.9916557 0 -0.1289151 0.9916557 0 -0.1289169 0.9916555 0 -0.1289185 0.9916552 0 -0.1289149 0.9916557 0 -0.1289151 0.9916557 -1 9.966e-7 0 -1 -4.60308e-6 0 -1 -9.96617e-7 0 1 -4.60308e-6 0 1 1.9932e-6 0 1 -1.32274e-5 0 1 2.74506e-4 0 1 6.61316e-6 0 1 1.6534e-6 0 1 -2.74095e-4 0 1 1.98391e-5 0 1 3.30639e-6 0 1 2.74505e-4 0 1 -1.34337e-5 0 1 2.01309e-4 0 1 -2.63371e-5 0 -1 -1.34337e-5 0 -1 2.74505e-4 0 -1 6.56541e-6 0 -1 3.22148e-6 0 -1 6.39931e-6 0 -1 -1.31686e-5 0 -1 -6.73394e-6 0 -1 2.01309e-4 0 -1 -1.7075e-6 0 0 -0.1289144 -0.9916557 0 -0.1289135 -0.9916558 0 -0.1289153 -0.9916557 0 -0.1289153 -0.9916557 0 -0.1289138 -0.9916558 0 -0.1289145 -0.9916557 0 -0.1289153 -0.9916557 0 -0.1289152 -0.9916557 0 -0.1289134 0.9916559 0 -0.1289153 0.9916557 0 -0.1289153 0.9916557 0 -0.1289153 0.9916557 0 -0.1289152 0.9916557 1 -2.50967e-6 0 1 1.89244e-6 0 1 -1.26638e-4 0 0.9999997 -7.71605e-4 0 1 -3.74357e-4 0 1 -1.85202e-5 0 0.9999958 -0.002926588 0 1 2.14705e-5 0 1 -1.17203e-6 0 1 1.6868e-6 0 1 -4.51518e-4 0 1 3.33207e-4 0 0.9999997 -8.6749e-4 0 0.9999998 6.88083e-4 0 -1 3.78488e-6 0 -1 -2.50967e-6 0 -1 1.26638e-4 0 -1 -5.74642e-5 0 -1 3.77358e-4 0 -1 -4.8795e-4 0 -1 -2.99564e-5 0 -1 1.62236e-5 0 -1 -3.63636e-5 0 -1 1.31281e-4 0 -1 2.98107e-5 0 -1 -9.59486e-5 0 -1 1.45683e-5 0 -1 9.96623e-7 0 -1 7.97336e-6 0 -1 7.9724e-6 0 -1 -2.30155e-6 0 -1 -9.96619e-7 0 1 7.97336e-6 0 1 1.99325e-6 0 1 1.54133e-5 0 1 -2.77254e-5 0 1 3.08195e-5 0 1 1.54141e-5 0 0 -0.1289129 0.991656 0 -0.1289144 0.9916558 0 -0.1289154 0.9916556 0 -0.1289154 0.9916557 0 -0.1289154 0.9916556 0 -0.1289156 -0.9916557 0 -0.1289151 -0.9916557 0 -0.128915 -0.9916557 0 -0.1289151 -0.9916557 0 -0.1289143 -0.9916558 0 -0.1289154 -0.9916556 0 -0.1289154 -0.9916556 0 -0.1289151 -0.9916557 0 -0.1289149 -0.9916557 0 -0.1289154 -0.9916557 1 -7.97242e-6 0 1 4.60326e-6 0 1 -1.984e-5 0 1 -1.15738e-5 0 1 -1.37118e-4 0 1 -3.30646e-6 0 1 6.61284e-6 0 -1 -9.96635e-7 0 -1 -2.64533e-5 0 -1 2.74506e-4 0 -1 6.61279e-6 0 -1 -1.37118e-4 0 -1 -1.32272e-5 0 1 2.44615e-6 0 0.9999998 6.68784e-4 0 0.9999995 -9.97506e-4 0 1 3.68343e-5 0 0.9999838 -0.005710065 0 1 -2.05217e-5 0 1 2.30529e-6 0 1 -2.66175e-5 0 1 3.22211e-6 0 1 3.06843e-4 0 1 -1.35079e-5 0 1 -3.40256e-6 0 1 -3.43466e-4 0 -0.9999994 -0.001182019 0 -1 3.68341e-5 0 -1 1.69726e-5 0 -0.9999838 -0.005710065 0 -1 -1.02608e-5 0 -1 2.44615e-6 0 -0.9999968 0.002554357 0 -0.9999991 0.001434504 0 -1 -1.04673e-4 0 -0.9999993 0.001208424 0 0 -1 6.54226e-7 0 -1 -5.23383e-6 0 -1 1.04677e-5 0 -1 1.96268e-6 0 -1 1.96269e-6 0 -1 -3.5606e-7 0 -1 3.20454e-6 0 -1 -4.27273e-6 0 -1 3.5606e-7 0 -1 4.27273e-6 0 -1 1.5946e-5 0 -1 -7.97302e-6 0 -1 -3.98651e-6 0 -1 3.98651e-6 0 -1 -5.23383e-6 0 -1 3.27115e-6 0 -1 1.04676e-5 0 -1 -5.23379e-6 0 -1 2.74046e-5 0 -1 -6.46936e-6 0 -1 6.46936e-6 0 -1 -1.37022e-5 0 -1 6.46937e-6 0 -1 -5.23383e-6 0 -1 -6.46935e-6 0 -1 5.23383e-6 0 -1 -1.37024e-5 0 -1 5.2338e-6 0 -1 -3.27114e-6 0 -1 2.61692e-6 0 -1 6.31172e-6 0 -1 -6.31172e-6 0 -1 -3.15587e-6 0 -1 1.59818e-5 0 -1 -1.59818e-5 0 -1 3.15585e-6 0 -1 -8.23937e-6 0 -1 8.23936e-6 0 -1 -9.46755e-6 0 -1 1.5982e-5 0 -1 -1.59818e-5 0 -1 9.4676e-6 0 -1 -3.15586e-6 0 -1 8.23937e-6 0 -1 -8.23937e-6 0 -1 3.15586e-6 0 -1 -1.59819e-5 0 -1 -3.15585e-6 0 -1 -8.23936e-6 0 -1 -9.4676e-6 0 -1 1.59818e-5 0 -1 -1.5982e-5 0 -1 9.46755e-6 0.7075224 -0.6581121 -0.257489 0.6451039 -0.7555816 -0.1137431 0.7529131 -0.65812 0 0.6451039 -0.7555816 0.1137431 0.7075224 -0.6581121 0.257489 0.5672855 -0.7555872 0.3275289 0.5767752 -0.6581079 0.4839675 0.4210429 -0.7555945 0.5017968 0.3764554 -0.658118 0.6520446 0.2240404 -0.755591 0.615539 0.1307426 -0.6581079 0.7414854 0 -0.7555824 0.6550537 -0.1307426 -0.6581079 0.7414854 -0.2240404 -0.755591 0.615539 -0.3764554 -0.658118 0.6520446 -0.4210429 -0.7555945 0.5017968 -0.5767752 -0.6581079 0.4839675 -0.5672855 -0.7555872 0.3275289 -0.7075224 -0.6581121 0.257489 -0.6451039 -0.7555816 0.1137431 -0.7529131 -0.65812 0 -0.6451039 -0.7555816 -0.1137431 -0.7075224 -0.6581121 -0.257489 -0.5672855 -0.7555872 -0.3275289 -0.5767752 -0.6581079 -0.4839675 -0.4210429 -0.7555945 -0.5017968 -0.3764554 -0.658118 -0.6520446 -0.2240404 -0.755591 -0.615539 -0.1307426 -0.6581079 -0.7414854 0 -0.7555824 -0.6550537 0.1307426 -0.6581079 -0.7414854 0.2240404 -0.755591 -0.615539 0.3764554 -0.658118 -0.6520446 0.4210429 -0.7555945 -0.5017968 0.5767752 -0.6581079 -0.4839675 0.5672855 -0.7555872 -0.3275289 -0.6839919 -0.7253756 -0.07736563 -0.6625809 -0.6823576 -0.308828 0.6625809 -0.6823576 -0.308828 0.6839919 -0.7253756 -0.07736563 -0.6625722 -0.4943197 -0.5627133 0.6625722 -0.4943197 -0.5627133 -0.6625811 -0.2182763 -0.7164788 0.6625811 -0.2182763 -0.7164788 -0.6839991 0.01678562 -0.7292898 0.6839991 0.01678562 -0.7292898 0.7403071 0.6655347 -0.09491503 -0.7403071 0.6655347 -0.09491503 0.7757672 0.5323767 -0.3387629 -0.7757672 0.5323767 -0.3387629 -0.7757763 0.2672902 -0.5716006 0.7757763 0.2672902 -0.5716006 -0.7403064 0.008331716 -0.6722179 0.7403064 0.008331716 -0.6722179 0 -0.1289162 0.9916556 0 -0.128917 0.9916555 0 -0.1289154 0.9916557 0 -0.1289153 0.9916557 0 -0.1289154 0.9916557 0 -0.1289167 -0.9916555 0 -0.1289159 -0.9916556 0 -0.1289154 -0.9916557 0 -0.1289154 -0.9916557 0 -0.1289153 -0.9916557 -1 -2.31152e-7 0 -1 5.05983e-7 0 -1 -8.01145e-7 0 -1 -2.06232e-6 0 -1 5.82888e-6 0 -1 -1.60226e-6 0 -1 -3.09348e-6 0 -1 -4.9482e-6 0 -1 6.2337e-7 0 -1 -3.71115e-6 0 -1 4.00736e-6 0 -1 -4.00561e-7 0 -1 7.46588e-7 0 -1 1.70167e-6 0 -1 -1.33171e-6 0 -1 1.33171e-6 0 -1 -9.98784e-7 0 -1 8.50836e-7 0 -1 -2.96843e-6 0 -1 3.38707e-6 0 -1 -3.15331e-6 0 -1 5.55836e-7 0 -1 -2.90861e-6 0 -1 3.56661e-6 0 -1 -6.28513e-6 0 -1 3.38704e-6 0 -1 -4.12477e-6 0 -1 5.32213e-7 0 -1 4.48627e-7 0 -1 4.1353e-6 0 -1 -3.15326e-6 0 -1 -1.94543e-6 0 -1 -1.57666e-6 0 -1 1.7613e-6 0 -1 -3.87814e-6 0 -1 -3.53539e-6 0 -1 -4.12465e-6 0 -1 -3.92807e-7 0 -1 1.76131e-6 0 -1 -3.92821e-7 0 -1 -4.12463e-6 0 -1 -1.99326e-6 0 -1 -1.45915e-6 0 -1 -9.96615e-7 0 -1 1.45916e-6 0 -1 -9.96631e-7 0 -1 2.91833e-6 0 -1 1.01197e-6 0 -1 -2.9183e-6 0 1 6.2337e-7 0 1 -3.71115e-6 0 1 4.00736e-6 0 1 -2.31152e-7 0 1 -4.00561e-7 0 1 5.05983e-7 0 1 7.46588e-7 0 1 1.70167e-6 0 1 -1.33171e-6 0 1 1.33171e-6 0 1 -9.98784e-7 0 1 8.50836e-7 0 1 4.48647e-7 0 1 -6.28514e-6 0 1 1.78331e-6 0 1 -3.87814e-6 0 1 1.7613e-6 0 1 -2.96843e-6 0 1 3.38707e-6 0 1 -4.12465e-6 0 1 1.01197e-6 0 1 5.05983e-7 0 1 4.48643e-7 0 1 1.76131e-6 0 1 4.1353e-6 0 1 -4.12463e-6 0 1 3.38704e-6 0 1 -4.12477e-6 0 1 5.32213e-7 0 1 4.48627e-7 0 1 -3.15326e-6 0 1 -3.92821e-7 0 1 -3.92807e-7 0 1 -1.57666e-6 0 1 -3.53539e-6 0 1 -1.99326e-6 0 1 -1.45915e-6 0 1 -9.96615e-7 0 1 1.45916e-6 0 1 -9.96631e-7 0 1 2.91833e-6 0 1 -2.9183e-6 0 0 0.1289152 -0.9916557 0 0.1289152 0.9916557 -0.6810986 0.1807045 -0.7095425 -0.6572654 0.4316051 -0.6178344 0.6810986 0.1807045 -0.7095425 0.6572654 0.4316051 -0.6178344 0.6572696 0.6683177 -0.3483505 -0.6572696 0.6683177 -0.3483505 0.657257 0.7536665 0 -0.657257 0.7536665 0 0.6572696 0.6683177 0.3483505 -0.6572696 0.6683177 0.3483505 0.6572654 0.4316051 0.6178344 -0.6572654 0.4316051 0.6178344 -0.6810986 0.1807045 0.7095425 0.6810986 0.1807045 0.7095425 -0.7351088 -0.6730639 -0.0812413 0.7351107 -0.6730656 -0.08121097 -0.7647995 -0.5713107 -0.2978018 0.7648065 -0.5713159 -0.297774 0.7647837 -0.3689786 -0.5281674 -0.7647923 -0.3689522 -0.5281733 0.7351055 -0.1673344 -0.6569774 -0.7351055 -0.1673344 -0.6569774 0.7351055 -0.1673344 0.6569774 0.7647923 -0.3689522 0.5281733 -0.7351055 -0.1673344 0.6569774 -0.7647837 -0.3689786 0.5281674 0.7647995 -0.5713107 0.2978018 -0.7648065 -0.5713159 0.297774 -0.7351107 -0.6730656 0.08121097 0.7351088 -0.6730639 0.0812413 -0.6839991 0.01678562 0.7292898 -0.6625811 -0.2182763 0.7164788 0.6839991 0.01678562 0.7292898 0.6625811 -0.2182763 0.7164788 -0.6625722 -0.4943197 0.5627133 0.6625722 -0.4943197 0.5627133 -0.6625809 -0.6823576 0.308828 0.6625809 -0.6823576 0.308828 0.6839919 -0.7253756 0.07736563 -0.6839919 -0.7253756 0.07736563 -0.7403064 0.008331716 0.6722179 -0.7757763 0.2672902 0.5716006 0.7403064 0.008331716 0.6722179 0.7757763 0.2672902 0.5716006 -0.7757672 0.5323767 0.3387629 0.7757672 0.5323767 0.3387629 0.7403071 0.6655347 0.09491503 -0.7403071 0.6655347 0.09491503 0 -0.9916563 -0.1289099 0 -0.9916551 -0.1289199 1 -1.99327e-6 0 0.7927765 -0.5135224 -0.3283296 -0.7927824 -0.6044214 0.07855492 0.7928617 -0.6043133 0.07858723 -0.7927722 -0.4125003 0.4487268 0.7927722 -0.4125003 0.4487268 -0.7927731 -0.02755904 0.6088935 0.7927731 -0.02755904 0.6088935 -0.7927754 0.3702629 0.4841619 0.7927754 0.3702629 0.4841619 -0.7927737 0.594855 0.1328817 0.7927737 0.594855 0.1328817 -0.7927708 0.5411082 -0.2805644 0.7927708 0.5411082 -0.2805644 -0.7927738 0.2341454 -0.5627485 0.7927964 0.234082 -0.562743 -0.7927731 -0.1823231 -0.5816091 0.7927731 -0.1823231 -0.5816091 -0.7927765 -0.5135224 -0.3283296 0 0.9916563 0.1289101 0 0.9916557 0.1289151 0 -0.9916563 -0.1289101 0 -0.9916551 -0.1289201 -0.772623 -0.176828 0.6097422 -0.6562256 -0.4581555 0.5995513 -0.06274765 -0.7771129 0.6262255 -0.6549341 -0.698576 0.2881893 0.06274765 -0.7771129 0.6262255 0.6549341 -0.698576 0.2881893 0.6562256 -0.4581555 0.5995513 -0.6557773 -0.0969001 0.7487099 -0.7731062 0.177254 0.6090058 -0.6551617 0.2907286 0.6973092 -0.06314355 0.7342538 0.6759322 -0.6541268 0.6015111 0.4585877 0.06314474 0.7342982 0.675884 0.6541268 0.6015111 0.4585877 0.6551617 0.2907286 0.6973092 0.7731062 0.177254 0.6090058 0.6557754 -0.09693032 0.7487077 0.772623 -0.176828 0.6097422 0.770246 -0.5065898 -0.387412 -0.04260432 -0.9971121 -0.06286883 0.04260432 -0.9971121 -0.06286883 -0.6788676 -0.7342598 0.001190245 -0.7702584 -0.5065779 -0.3874028 0.7702707 -0.245007 -0.5887738 -0.7702707 -0.245007 -0.5887738 -0.9797428 -0.02584934 0.1985853 0.9797363 -0.02581948 0.1986207 0.6788676 -0.7342598 0.001159667 0.6788731 0.709545 0.1888844 -0.04260396 0.9800444 0.1941595 0.04260396 0.9800444 0.1941595 -0.6788731 0.709545 0.1888844 -0.7702707 0.5887738 -0.245007 0.7702707 0.5887738 -0.245007 -0.7702794 0.3873829 -0.5065612 0.7702704 0.3874089 -0.5065552 -1 2.73963e-4 0 -1 -2.74095e-4 0 -1 2.64521e-5 0 -1 -1.37057e-4 0 -1 3.42654e-5 0 -1 -2.64549e-5 0 -1 1.37047e-4 0 -1 3.42759e-5 0 -1 -1.37052e-4 0 -0.792783 -0.4125059 0.4487025 0.7927711 -0.604436 0.07855683 -0.7928636 -0.6043147 0.07855695 0.792764 -0.5135448 -0.3283244 -0.7928127 -0.513465 -0.328332 0.7927688 -0.1823527 -0.5816059 -0.7927845 -0.1823187 -0.581595 0.7927681 0.2341742 -0.5627445 -0.7927964 0.234082 -0.562743 -0.7927025 0.5412253 -0.2805314 -0.7928653 0.5947329 0.1328818 -0.7927929 0.3701959 0.4841845 -0.7927739 -0.02752852 0.6088941 0.792783 -0.4125059 0.4487025 0 0.9916524 0.1289401 0 0.9916537 0.12893 0.6788676 -0.7342598 0.001190245 0.06274616 -0.777125 0.6262107 0.775496 -0.1719458 0.6074872 0.6517787 -0.09207791 0.7527989 0.6488918 0.2913024 0.7029101 0.7782132 0.1742655 0.6033372 0.6516518 0.60102 0.4627363 0.0664702 0.7326071 0.6773984 -0.654124 0.6015389 0.4585552 -0.06314498 0.7342397 0.6759473 0.7702765 0.5887782 -0.2449784 -0.7702704 0.3874089 -0.5065552 -0.9797371 -0.02578896 0.1986209 0.7702794 -0.5065612 -0.3873829 -0.7702794 -0.5065612 -0.3873829 -1 3.08266e-5 0 -1 1.92672e-6 0 -1 -1.8086e-5 0 -1 3.08195e-5 0 -1 -2.77064e-5 0 -1 -5.54086e-5 0 -1 -1.38629e-5 0 -1 1.5414e-5 0 -1 -2.77208e-5 0 -0.7927622 -0.4125257 0.4487212 0.7927691 -0.6044346 0.07858717 0.7927738 0.2341454 -0.5627485 0.792789 0.5410997 -0.2805295 -0.7927822 0.5410951 -0.2805576 -0.7927957 0.3702276 0.4841556 -0.7927724 -0.02758955 0.6088929 0 0.991655 0.1289202 0.6549479 -0.6985604 0.2881954 -0.04260438 -0.997114 -0.06283843 0.04260438 -0.997114 -0.06283843 0.7702704 -0.5065552 -0.3874089 0.06274735 -0.7771399 0.6261921 -0.6549479 -0.6985604 0.2881954 0.06647032 0.7325778 0.67743 -0.6541149 0.6015305 0.4585793 -0.06274735 -0.7771399 0.6261921 0.678877 0.7095491 0.188855 -0.0426042 0.9800503 0.1941301 0.0426042 0.9800503 0.1941301 -0.678877 0.7095491 0.188855 -0.7702584 0.3874028 -0.5065779 -0.9797363 -0.02581948 0.1986207 0.9797371 -0.02578896 0.1986209 -0.7702704 -0.5065552 -0.3874089 0 -0.9916551 -0.12892 0 -0.9916564 -0.1289098 -1 -9.96627e-7 0 -1 4.60326e-6 0 -1 -7.97242e-6 0 0.7927824 -0.6044214 0.07855492 -0.7928617 -0.6043133 0.07858723 1 -1.85318e-4 0 1 1.26712e-5 0 1 -2.24633e-6 0 0.792783 -0.4125059 -0.4487025 -0.7927711 -0.604436 -0.07855683 0.7928636 -0.6043147 -0.07855695 -0.792764 -0.5135448 0.3283244 0.792764 -0.5135448 0.3283244 -0.7927688 -0.1823527 0.5816059 0.7927731 -0.1823231 0.5816091 -0.7927681 0.2341742 0.5627445 0.7927681 0.2341742 0.5627445 -0.7927708 0.5411082 0.2805644 0.7927708 0.5411082 0.2805644 -0.7927737 0.594855 -0.1328817 0.7927737 0.594855 -0.1328817 -0.7927754 0.3702629 -0.4841619 0.7927398 0.3703827 -0.4841283 -0.7927731 -0.02755904 -0.6088935 0.7927731 -0.02755904 -0.6088935 -0.792783 -0.4125059 -0.4487025 0 0.9915697 -0.1295744 -2.30326e-6 0.9916538 -0.12893 0 0.9916542 -0.1289268 -0.6557075 -0.6970002 -0.2902387 0.02011197 -0.9996176 -0.01898276 -0.6802461 -0.7329835 5.79868e-4 0.7017843 -0.711764 0.02984756 0.7020912 -0.7094768 0.06091606 -0.7657811 -0.5633795 -0.3101334 -0.6553636 -0.4586386 -0.6001243 -0.7660903 -0.344469 -0.5426295 -0.6549645 -0.09714138 -0.7493898 -0.7664291 -0.0408957 -0.6410257 -0.6545168 0.2907268 -0.6979152 -0.7668319 0.2723251 -0.5812125 -0.654029 0.6011085 -0.4592547 -0.767338 0.5178456 -0.3781909 -0.6791494 0.7093941 -0.1884576 -0.7360577 0.6550602 -0.1706318 0.7047189 -0.7045053 0.08392781 0 -0.9916563 0.1289099 0 -0.9916551 0.1289199 1 2.56125e-5 0 1 3.24473e-5 0 1 2.05582e-6 0 1 -3.06827e-5 0 1 6.56416e-5 0 1 -3.10783e-5 0 1 5.54126e-5 0 1 -7.19614e-5 0 1 1.45683e-5 0 1 1.71987e-5 0 1 -2.99565e-5 0 0.7927722 -0.4125003 -0.4487268 -0.7927691 -0.6044346 -0.07858717 0.7927971 -0.6044021 -0.07855635 -0.7927765 -0.5135224 0.3283296 0.7927765 -0.5135224 0.3283296 -0.7927731 -0.1823231 0.5816091 -0.7927738 0.2341454 0.5627485 0.7927738 0.2341454 0.5627485 -0.792789 0.5410997 0.2805295 0.7927777 0.5411128 0.2805363 0.7927593 0.5948747 -0.1328793 0.7927957 0.3702276 -0.4841556 -0.7927722 -0.4125003 -0.4487268 0 0.9916563 -0.1289101 0 0.991655 -0.1289202 -0.6565649 -0.6964843 -0.289538 0.6910732 -0.7107885 -0.1311403 -0.6803889 -0.7328509 7.93492e-4 -0.002166807 -0.998726 -0.05041694 -0.7128036 -0.7006875 0.03079372 -0.6561997 -0.4580671 -0.5996471 0.6910596 -0.5622661 -0.4541955 0.6925215 -0.6123464 -0.3813736 0.6930409 -0.654525 -0.3021448 -0.6520403 -0.09259486 -0.7525091 -0.7721937 -0.1641011 -0.6138303 -0.06546396 -0.7274286 -0.6830535 -0.6488511 0.2920746 -0.7026271 -0.7752249 0.1668193 -0.60926 -0.6532614 0.5982354 -0.4640735 -0.06952285 0.7249544 -0.6852794 0.6954501 0.5534424 -0.4583128 0.6857703 0.623816 -0.3749305 0.686291 0.680706 -0.2562108 -0.6806345 0.7085594 -0.1862269 0.6954423 0.7015767 -0.155404 0.7032242 0.7033463 -0.1038264 0.693396 -0.6870785 -0.217083 -0.7137168 -0.6977859 0.06085479 -0.7059693 -0.7033752 0.08289003 0 -0.9916578 0.1288983 3.92556e-6 -0.9916551 0.1289199 0 -0.9916105 0.1292618 1 3.40657e-4 0 0.9999968 0.002554357 0 -0.7927824 -0.6044214 -0.07855492 0.7927711 -0.604436 -0.07855683 0.7926759 -0.5136996 0.3282953 0.7927025 0.5412253 0.2805314 0.7927754 0.3702629 -0.4841619 0 0.9916557 -0.1289151 -0.656378 -0.6967245 -0.2893837 -0.002411007 -0.9987422 -0.05008202 -0.6802309 -0.7329977 5.49336e-4 -0.005096733 -0.9993262 0.03634852 -0.7120736 -0.6994997 0.06042796 -0.6562198 -0.4580904 -0.5996071 0.6912839 -0.5639895 -0.4517105 0.6926456 -0.6135689 -0.3791773 0.6933039 -0.6550633 -0.3003696 -0.6558285 -0.09711229 -0.7486376 -0.7702119 -0.1710904 -0.6144117 -0.0648849 -0.7260946 -0.6845266 -0.7704296 0.1713049 -0.6140791 -0.6555473 0.2903268 -0.6971141 -0.06454801 0.7255318 -0.685155 -0.6562324 0.5988861 -0.4590147 0.6954444 0.5556658 -0.4556234 0.6854566 0.625914 -0.371996 0.6864392 0.6818003 -0.2528826 -0.6806142 0.7085701 -0.1862602 0.6961464 0.7013347 -0.1533292 0.7034612 0.703217 -0.1030929 0.6934476 -0.687527 -0.215493 0.69142 -0.7107083 -0.1297385 -0.7107433 -0.6984744 0.08353245 0 -0.9916566 0.1289079 2.08295e-6 -0.9916551 0.1289201 0 -0.9916438 0.1290067 0 -1 -9.40569e-7 0 -1 3.55887e-6 0 -1 -3.79407e-6 0 -1 4.1803e-6 0 -1 2.56184e-6 0 -1 -3.55887e-6 0 -1 3.79407e-6 0 -1 -4.1803e-6 0 -1 5.12368e-6 0 -1 -4.81469e-6 0 -1 -4.81469e-6 0 -1 -6.93164e-6 -0.3476735 0.7681046 -0.5377159 -0.3113578 0.6567751 -0.6868062 -0.001770079 0.768105 -0.6403216 0.1093816 0.6567782 -0.7461086 0.3446826 0.7681044 -0.5396385 0.4953876 0.6567731 -0.5685421 0.5817265 0.7681072 -0.2675923 0.724131 0.6567749 -0.2104304 0.6340622 0.7681016 0.08935952 0.7229493 0.6567828 0.214431 0.4656135 0.7767651 0.4240757 0.4810417 0.6399851 0.5991811 0.1026048 0.6320173 0.7681318 -0.6332451 0.6567755 -0.409447 -0.5831909 0.7681065 -0.2643876 -0.7540912 0.6567665 -0.002075254 -0.6335491 0.7681085 0.09287005 -0.6355023 0.6567742 0.4059365 -0.482757 0.7681141 0.4206499 -0.2987883 0.6490938 0.6995735 -0.152628 0.7832829 0.6026381 0.1779549 0.7916873 0.5844343 0.7229446 0.6567785 0.2144601 0.4656024 0.7767772 0.4240657 0.4655964 0.7767671 0.4240906 -0.3476793 0.7681172 -0.5376943 0.1093791 0.6567633 -0.7461221 0.4810505 0.6399968 0.5991615 -0.5831956 0.7681127 -0.2643592 -1 -2.24633e-6 0 -1 -1.85318e-4 0 -1 8.23297e-5 0 -1 -3.31325e-5 0 -1 1.26712e-5 0 -0.7928636 -0.6043147 -0.07855695 -0.7927398 0.3703827 -0.4841283 2.30326e-6 0.9916538 -0.12893 0 -0.9916551 0.12892 0 -0.9916564 0.1289098 0.7363377 0.6547293 -0.1706941 0.6791494 0.7093941 -0.1884576 0.7672854 0.5179429 -0.3781645 0.654029 0.6011085 -0.4592547 0.7668319 0.2723251 -0.5812125 0.6545168 0.2907268 -0.6979152 0.7664291 -0.0408957 -0.6410257 0.6549645 -0.09714138 -0.7493898 0.7660903 -0.344469 -0.5426295 0.6553636 -0.4586386 -0.6001243 0.7657554 -0.5634135 -0.3101354 0.6557075 -0.6970002 -0.2902387 -0.02011197 -0.9996176 -0.01898276 0.6802461 -0.7329835 5.79868e-4 -0.7017843 -0.711764 0.02984756 -0.7021219 -0.7094464 0.06091606 -0.7046884 -0.7045358 0.08392781 -1 -3.70405e-5 0 -0.9999997 -7.71605e-4 0 -1 -6.51723e-5 0 -0.9999958 -0.002926588 0 -1 1.07353e-5 0 -1 4.51518e-4 0 0.7927824 -0.6044214 -0.07855492 -0.7928047 0.3702014 -0.4841611 0.7927822 0.5410951 0.2805576 -0.7927401 0.5411691 0.2805339 0 0.9916551 -0.1289201 0 0.9916563 -0.1289101 -3.92556e-6 -0.9916551 0.1289199 0.6563479 0.5988801 -0.4588575 -0.686291 0.680706 -0.2562108 0.6806345 0.7085594 -0.1862269 -0.6954423 0.7015767 -0.155404 -0.7032547 0.7033157 -0.1038264 0.6556738 0.2901762 -0.6970578 0.06500494 0.7271094 -0.6834371 -0.6954384 0.5534636 -0.4583051 -0.6857703 0.623816 -0.3749305 0.7694422 0.1690746 -0.6159322 0.6558396 -0.09717494 -0.7486197 0.7693091 -0.1689568 -0.6161308 0.6561997 -0.4580671 -0.5996471 0.06546396 -0.7274286 -0.6830535 -0.6910779 -0.5622256 -0.454218 0.6565649 -0.6964843 -0.289538 -0.6925086 -0.6123656 -0.3813665 -0.6929898 -0.6545972 -0.3021053 -0.6935129 -0.6869514 -0.2171119 -0.6909522 -0.7109116 -0.13111 0.6803889 -0.7328509 7.93492e-4 0.002166807 -0.9987275 -0.05038648 0.7123805 -0.701119 0.03076338 0.7132654 -0.6982499 0.06082487 0.7059693 -0.7033752 0.08289003 -1 3.06837e-4 0 -1 -2.70157e-5 0 -1 -1.70128e-6 0 -1 2.47819e-5 0 -1 -1.71733e-4 0 -1 -2.66175e-5 0 -1 -5.70418e-5 0 -1 -2.60552e-5 0 -0.7927358 -0.5136073 0.3282948 -0.7927622 -0.4125257 -0.4487212 -0.7927025 0.5412253 0.2805314 -2.08295e-6 -0.9916551 0.1289201 0.6562324 0.5988861 -0.4590147 -0.6864392 0.6818003 -0.2528826 0.6806142 0.7085701 -0.1862602 -0.6961464 0.7013347 -0.1533292 -0.7034612 0.703217 -0.1030929 0.6555473 0.2903268 -0.6971141 0.06454801 0.7255318 -0.685155 -0.6955313 0.5555095 -0.4556814 -0.6854566 0.625914 -0.371996 0.7704296 0.1713049 -0.6140791 0.6558285 -0.09711229 -0.7486376 0.7702119 -0.1710904 -0.6144117 0.6562198 -0.4580904 -0.5996071 0.06488347 -0.726109 -0.6845115 -0.6912776 -0.5640093 -0.4516957 0.656551 -0.6965001 -0.2895318 -0.6925491 -0.6137171 -0.3791135 -0.6935205 -0.6547915 -0.3004625 -0.6934476 -0.687527 -0.215493 -0.6917704 -0.7102953 -0.1301323 0.001922667 -0.9987602 -0.04974573 0.005096733 -0.9993262 0.03634852 0.7117571 -0.6998243 0.06039649 0.7102039 -0.699034 0.08343845 0 1 -2.68374e-6 0 1 -1.98907e-6 0 1 -2.85804e-6 0 1 8.01557e-6 0 1 7.94e-7 0 1 -3.4281e-6 0 1 -2.27341e-6 0 1 -4.42954e-6 0 1 -5.23998e-7 0 1 -6.04625e-7 0 1 1.93907e-6 0 1 -7.85852e-7 0 1 -2.3366e-6 0 1 -5.23036e-6 0 1 1.18126e-6 0 1 1.18319e-5 0 1 6.16318e-7 0 1 7.4548e-6 0 1 -4.27376e-6 0 1 1.12533e-5 0 1 -3.11547e-6 0 1 5.90634e-7 0 1 8.27941e-6 0 1 -8.51576e-6 0 1 8.28028e-7 0 1 6.16463e-6 0 1 -1.07811e-6 0 1 1.05722e-6 0 1 -2.42971e-6 0 1 1.29271e-6 0 1 -4.47071e-7 0 1 3.14296e-6 0 1 5.42464e-6 0 1 -6.36446e-7 0 1 1.59555e-6 0 1 2.17749e-5 1 -1.99323e-6 0 0 0.9916538 0.12893 0 0.9916525 0.1289401 -0.7927711 -0.604436 0.07855683 0.7928636 -0.6043147 0.07855695 0.7928653 0.5947329 0.1328818 -0.7927681 0.2341742 -0.5627445 0.7927801 -0.1823483 -0.5815918 -0.792764 -0.5135448 -0.3283244 1 -1.99324e-6 0 1 -2.30155e-6 0 1 7.97239e-6 0 0 0.9916551 0.1289201 0 0.9916563 0.1289101 0.7927724 -0.02758955 0.6088929 1 -5.97435e-7 0 1 1.76493e-5 0 1 4.00033e-5 0 1 -4.74742e-5 0 1 3.61734e-5 0 1 -2.35839e-6 0 1 1.7648e-6 0 1 -1.85875e-4 0 0.9999999 6.3399e-4 0 -0.7209007 -0.6917852 0.04165905 -0.7351818 -0.6583035 0.1616917 0.7208999 -0.6917843 0.04168951 0.7351782 -0.6583003 0.1617215 0.7351777 -0.60071 0.3141039 -0.7351777 -0.60071 0.3141039 -0.7351707 0.6007043 0.3141314 0.7351777 0.60071 0.3141039 0.7351818 0.6583035 0.1616917 -0.7351782 0.6583003 0.1617215 -0.7208999 0.6917843 0.04168951 0.7208999 0.6917843 0.04168951 0.7208999 0.6917843 -0.04168951 -0.7208999 0.6917843 -0.04168951 0.7351818 0.6583035 -0.1616917 -0.7351782 0.6583003 -0.1617215 -0.7351707 0.6007043 -0.3141314 -0.715525 0.5606701 -0.4167411 0.715525 0.5606701 -0.4167411 0.7351777 0.60071 -0.3141039 0.7082089 -0.5798432 -0.402768 -0.7081964 -0.5798634 -0.4027609 0.7351777 -0.60071 -0.3141039 -0.7351777 -0.60071 -0.3141039 -0.7351818 -0.6583035 -0.1616917 -0.7209007 -0.6917852 -0.04165905 0.7208999 -0.6917843 -0.04168951 0.7351782 -0.6583003 -0.1617215 -0.6376114 0.5901537 0.4951468 0.6376052 0.7703633 0 -0.6376052 0.7703633 0 0.6376132 0.5901249 -0.4951788 -0.6376132 0.5901249 -0.4951788 0.6376134 0.133767 -0.7586538 -0.6376134 0.133767 -0.7586538 0.6376079 -0.3851833 -0.6671506 -0.6376079 -0.3851833 -0.6671506 0.6376348 -0.7238818 -0.2634711 -0.6376168 -0.7238959 -0.2634763 0.6376026 -0.7239104 0.2634704 -0.6376026 -0.7239104 0.2634704 0.6376079 -0.3851833 0.6671506 -0.6376079 -0.3851833 0.6671506 0.6376134 0.133767 0.7586538 -0.6376134 0.133767 0.7586538 0.6376132 0.5901249 0.4951788 -0.6376228 0.5901339 0.4951557 0.6376383 0.770336 0 0.6376228 0.5901339 -0.4951557 0.6376168 -0.7238959 -0.2634763 -0.6376078 -0.7239162 -0.263442 0.6376168 -0.7238959 0.2634763 -0.6376168 -0.7238959 0.2634763 -0.6810047 -0.7112491 -0.1742339 -0.7725228 -0.5439063 0.3276805 0.7725105 -0.5439192 0.3276883 -0.7725138 -0.2973531 0.5610736 0.7725138 -0.2973531 0.5610736 -0.7725142 0.03418201 0.6340769 0.7725142 0.03418201 0.6340769 -0.7725051 0.3559774 0.5258479 0.7725051 0.3559774 0.5258479 0.7725156 0.575999 0.2672919 -0.7725156 0.575999 0.2672919 -0.044954 0.9975638 -0.05334663 -0.6928806 -0.6564711 -0.2982655 0.6928769 -0.6564064 -0.2984165 0.6810083 -0.7112529 -0.1742043 0.693791 -0.6132206 -0.3776435 -0.6938338 -0.6132619 -0.3774976 0.6957639 0.708124 -0.1203044 -0.6954894 0.7083988 -0.120274 0.04495388 0.9975621 -0.05337703 0.6858028 0.6914795 -0.2270038 -0.6858028 0.6914795 -0.2270038 -0.6897319 0.6374526 -0.343401 0.6897086 0.6374593 -0.3434352 -0.6957826 0.5824944 -0.4202224 0.6957387 0.5825747 -0.4201838 -1 -5.97435e-7 0 -1 7.27776e-7 0 -1 -1.89342e-6 0 -1 1.76493e-5 0 -1 5.33376e-5 0 -1 -3.88136e-4 0 -1 -9.49482e-5 0 -1 3.61734e-5 0 -0.9999986 0.001650631 0 -1 -4.71677e-6 0 -1 -1.671e-5 0 -0.9999999 6.3399e-4 0 0.5386967 -0.8420589 -0.02725374 0.7656969 -0.2726588 0.582551 -0.5386967 -0.8420589 -0.02725374 -0.7656969 -0.2726588 0.582551 0.7656826 -0.5138121 0.386946 -0.7656826 -0.5138121 0.386946 -0.04330646 -0.9795996 0.1962373 0.04330623 -0.9795938 0.1962667 -0.7028462 -0.7068441 0.07986748 -0.7060067 -0.7058846 0.05728501 0.7055438 -0.7063373 0.05740666 0.7023663 -0.7073104 0.07995998 0.7038989 -0.7091482 0.04043817 -0.703092 -0.7099587 0.04025429 0.7040833 -0.7097294 0.02346944 -0.7045459 -0.7092764 0.02328646 -0.7351256 -0.6581857 -0.1624253 0.7352372 -0.6580542 -0.1624535 0.7351529 -0.6005315 -0.3145031 0.7200139 -0.5486779 -0.4248912 -0.7200139 -0.5486779 -0.4248912 -0.7351055 -0.6006093 -0.3144654 -0.5388711 0.8049342 -0.2483928 -0.7699723 0.4255006 0.4754912 0.5388752 0.8049404 -0.2483642 0.7699723 0.4255006 0.4754912 -0.7699485 0.6057835 0.2005137 0.7699531 0.6057872 0.2004845 -0.7704467 0.6245669 -0.1277821 0.7704313 0.6245792 -0.1278151 -0.736775 0.5622331 -0.3755749 0.7367666 0.5622267 -0.3756011 1 -4.93663e-6 0 1 -8.67811e-6 0 1 4.3392e-6 0 1 9.87328e-6 0 1 -4.22425e-6 0 1 1.01534e-5 0 1 8.44929e-6 0 1 -1.01543e-5 0 0.9999465 -0.01034873 0 0.9999992 -0.001369118 0 0.9999712 0.0075863 0 0.9999974 -0.002315521 0 -0.9999465 -0.01034873 0 -0.9999966 0.002622604 0 -0.9999712 0.0075863 0 -0.9999893 -0.004630863 0 -0.9999966 0.002615034 0 -1 4.93663e-6 0 -1 8.67841e-6 0 -1 -4.33905e-6 0 -1 -9.87328e-6 0 -1 4.22464e-6 0 -1 -1.01543e-5 0 -1 1.01534e-5 0 0.7054535 0.5460818 -0.4518076 -0.7053604 0.5462027 -0.4518067 -0.7332907 0.612098 -0.2960081 0.7332974 0.6121036 -0.2959803 -0.7332948 0.6627334 -0.1518656 0.7332982 0.6627365 -0.1518357 0.7200025 0.6928712 -0.03906422 -0.7051228 0.5392493 -0.4604478 0.7052725 0.5390029 -0.460507 -0.7200025 0.6928712 -0.03906422 -0.7332907 -0.612098 -0.2960081 0.7332907 -0.612098 -0.2960081 0.7054499 -0.5459874 -0.4519274 -0.7055469 -0.5458085 -0.4519919 0.7051228 -0.5392493 -0.4604478 -0.7052725 -0.5390029 -0.460507 0.7333124 -0.6627218 -0.1518324 -0.7333157 -0.6627247 -0.1518025 -0.7199886 -0.6928872 -0.0390346 0.7199886 -0.6928872 -0.0390346 -0.7208999 -0.6917843 0.04168951 -0.7351841 -0.6006848 0.3141372 0.7351841 -0.6006848 0.3141372 -0.7351777 0.60071 0.3141039 -0.7351747 0.6582971 0.1617512 -0.7209135 0.6917682 0.04171907 0.7209135 0.6917682 0.04171907 0.7351747 0.6582971 0.1617512 -0.6376132 -0.5901249 -0.4951788 0.6376052 -0.7703633 0 -0.6376052 -0.7703633 0 0.6376313 -0.5901134 0.4951691 -0.6376132 -0.5901249 0.4951788 0.6376134 -0.133767 0.7586538 -0.6376134 -0.133767 0.7586538 0.6376079 0.3851833 0.6671506 -0.6376079 0.3851833 0.6671506 0.6376348 0.7238818 0.2634711 -0.6376078 0.7239162 0.263442 0.6376168 0.7238959 -0.2634763 -0.6376026 0.7239104 -0.2634704 0.6376079 0.3851833 -0.6671506 -0.6376079 0.3851833 -0.6671506 0.6376134 -0.133767 -0.7586538 -0.6376134 -0.133767 -0.7586538 0.6376132 -0.5901249 -0.4951788 -0.6376313 -0.5901134 -0.4951691 0.6376132 -0.5901249 0.4951788 0.6376168 0.7238959 0.2634763 -0.6376168 0.7238959 0.2634763 -0.6376168 0.7238959 -0.2634763 0.9999737 0.007272481 0 0.9999985 -0.001772701 0 0.9999953 -0.003080666 0 0.9999774 0.006722509 0 -0.9999774 0.006722509 0 -0.9999737 0.007272481 0 -0.538659 0.8074086 -0.2407028 -0.7706497 0.4170804 0.4818124 0.538659 0.8074086 -0.2407028 0.7706497 0.4170804 0.4818124 -0.7706709 0.6027237 0.2068591 0.7706709 0.6027237 0.2068591 -0.7715981 0.6238524 -0.1242761 0.7715981 0.6238524 -0.1242761 -0.7373127 0.561797 -0.3751722 0.737212 0.5620341 -0.3750149 0.5385194 -0.8423731 -0.02011245 0.7669466 -0.2650589 0.5844115 -0.5385194 -0.8423731 -0.02011245 -0.7669466 -0.2650589 0.5844115 0.7669545 -0.5118116 0.3870785 -0.7669545 -0.5118116 0.3870785 0.04153621 -0.9794434 0.1973963 -0.04153698 -0.9794304 0.1974608 0.7047984 -0.7037302 0.08957231 -0.7053336 -0.7031973 0.08954387 0.7048322 -0.7055951 0.07312309 -0.7048401 -0.7056031 0.07297128 0.7038295 -0.7081022 0.05670428 -0.7041405 -0.7078028 0.05658268 0.7062493 -0.7070123 0.03668427 -0.7062187 -0.7070427 0.03668427 0.7355828 -0.6577274 -0.1622115 0.7351759 -0.600617 -0.3142862 -0.7353876 -0.6003102 -0.314377 -0.7355968 -0.6577126 -0.1622079 0.7201934 -0.5482785 -0.4251027 -0.7201895 -0.5482144 -0.4251919 -0.7209135 -0.6917682 0.04171907 -0.7351782 -0.6583003 0.1617215 0.7209135 -0.6917682 0.04171907 0.7351912 -0.6006906 0.3141097 -0.7351912 -0.6006906 0.3141097 -0.7351841 0.6006848 0.3141372 0.7351841 0.6006848 0.3141372 0.7351782 0.6583003 0.1617215 -0.7351818 0.6583035 0.1616917 0.7062169 0.5411379 -0.4565384 -0.7059461 0.5417208 -0.4562662 -0.7338084 0.6089841 -0.3011044 0.7338153 0.6089592 -0.3011377 0.7338327 0.6615024 -0.1546099 -0.7059569 0.5360524 -0.4628961 0.7056325 0.5366482 -0.4627003 0.7202515 0.6925706 -0.03979688 -0.7202515 0.6925706 -0.03979688 -0.7338327 0.6615024 -0.1546099 -0.7338153 -0.6089592 -0.3011377 0.7338084 -0.6089841 -0.3011044 0.7058154 -0.5415616 -0.4566574 -0.7058227 -0.5414451 -0.4567842 0.7059178 -0.5365037 -0.4624327 -0.7062454 -0.5357345 -0.4628241 -0.7338327 -0.6615024 -0.1546099 0.7338327 -0.6615024 -0.1546099 0.7202515 -0.6925706 -0.03979688 -0.7202515 -0.6925706 -0.03979688 -0.6376132 0.5901249 0.4951788 0.6376026 -0.7239104 -0.2634704 -0.6376026 -0.7239104 -0.2634704 0.6376155 -0.3851574 0.6671585 -0.6376155 -0.3851574 0.6671585 -0.6376313 0.5901134 0.4951691 -0.6376313 0.5901134 -0.4951691 0.6376155 -0.3851574 -0.6671585 -0.6376155 -0.3851574 -0.6671585 1 4.00221e-6 0 1 -8.44848e-6 0 1 -8.0489e-6 0 1 2.08126e-6 0 1 2.03324e-6 0 1 -9.9167e-6 0 1 7.29429e-6 0 1 -8.0047e-6 0 1 4.95804e-6 0 -1 -4.00235e-6 0 -1 8.44935e-6 0 -1 8.04887e-6 0 -1 -2.08109e-6 0 -1 -2.03312e-6 0 -1 9.91611e-6 0 -1 -7.29431e-6 0 -1 -4.22424e-6 0 -1 4.00221e-6 0 -1 2.08126e-6 0 -1 -9.9167e-6 0</float_array>
          <technique_common>
            <accessor source="#Untitled_015-mesh-normals-array" count="2101" stride="3">
              <param name="X" type="float"/>
              <param name="Y" type="float"/>
              <param name="Z" type="float"/>
            </accessor>
          </technique_common>
        </source>
        <source id="Untitled_015-mesh-map-0">
          <float_array id="Untitled_015-mesh-map-0-array" count="27816">0 0.5070182 0.01414203 0.5794493 0 0.6518805 0 0.6518805 0.01414203 0.5794493 0.01414203 0.7243117 0 0.6518805 0.01414203 0.7243117 0 0.7967428 0 0.7967428 0.01414203 0.7243117 0.01414203 0.869174 0 0.7967428 0.01414203 0.869174 0 0.9416052 0 0.9416052 0.01414203 0.869174 0.01414203 1.014036 0 0.9416052 0.01414203 1.014036 0 1.086467 0 1.086467 0.01414203 1.014036 0.01414203 1.158899 0 1.086467 0.01414203 1.158899 0 1.23133 0 1.23133 0.01414203 1.158899 0.01414203 1.303761 0 1.23133 0.01414203 1.303761 0 1.376192 0 -1.23133 0.01414203 -1.303761 0.01414203 -1.158899 0 -1.23133 0.01414203 -1.158899 0 -1.086467 0 -1.086467 0.01414203 -1.158899 0.01414203 -1.014036 0 -1.086467 0.01414203 -1.014036 0 -0.9416052 0 -0.9416052 0.01414203 -1.014036 0.01414203 -0.869174 0 -0.9416052 0.01414203 -0.869174 0 -0.7967428 0 -0.7967428 0.01414203 -0.869174 0.01414203 -0.7243117 0 -0.7967428 0.01414203 -0.7243117 0 -0.6518805 0 -0.6518805 0.01414203 -0.7243117 0.01414203 -0.5794493 0 -0.6518805 0.01414203 -0.5794493 0 -0.5070182 0 -0.5070182 0.01414203 -0.5794493 0.01414203 -0.434587 0 -0.5070182 0.01414203 -0.434587 0 -0.3621558 0 -0.3621558 0.01414203 -0.434587 0.01414203 -0.2897247 0 -0.3621558 0.01414203 -0.2897247 0 -0.2172935 0 -0.2172935 0.01414203 -0.2897247 0.01414203 -0.1448623 0 -0.2172935 0.01414203 -0.1448623 0 -0.07243114 0 -0.07243114 0.01414203 -0.1448623 0.01414203 0 0 -0.07243114 0.01414203 0 0 0.07243114 0 0.07243114 0.01414203 0 0.01414203 0.1448623 0 0.07243114 0.01414203 0.1448623 0 0.2172935 0 0.2172935 0.01414203 0.1448623 0.01414203 0.2897247 0 0.2172935 0.01414203 0.2897247 0 0.3621558 0 0.3621558 0.01414203 0.2897247 0.01414203 0.434587 0 0.3621558 0.01414203 0.434587 0 0.5070182 0 0.5070182 0.01414203 0.434587 0.01414203 0.5794493 -1.826188 -0.3810961 -1.829532 -0.3380339 -1.85 -0.3 -1.85 -0.3 -1.829532 -0.3380339 -1.829532 -0.2619661 -1.85 -0.3 -1.829532 -0.2619661 -1.826188 -0.2189038 -1.826188 -0.2189038 -1.829532 -0.2619661 -1.788406 -0.1979738 -1.826188 -0.2189038 -1.788406 -0.1979738 -1.762312 -0.1635552 -1.762312 -0.1635552 -1.788406 -0.1979738 -1.719213 -0.1663741 -1.762312 -0.1635552 -1.719213 -0.1663741 -1.678653 -0.1515268 -1.678653 -0.1515268 -1.719213 -0.1663741 -1.643919 -0.1771997 -1.678653 -0.1515268 -1.643919 -0.1771997 -1.601771 -0.1866375 -1.601771 -0.1866375 -1.643919 -0.1771997 -1.586431 -0.2270135 -1.601771 -0.1866375 -1.586431 -0.2270135 -1.556076 -0.2577401 -1.556076 -0.2577401 -1.586431 -0.2270135 -1.565 -0.3 -1.556076 -0.2577401 -1.565 -0.3 -1.556076 -0.3422599 -1.556076 -0.3422599 -1.565 -0.3 -1.586431 -0.3729865 -1.556076 -0.3422599 -1.586431 -0.3729865 -1.601771 -0.4133625 -1.601771 -0.4133625 -1.586431 -0.3729865 -1.643919 -0.4228003 -1.601771 -0.4133625 -1.643919 -0.4228003 -1.678653 -0.4484732 -1.678653 -0.4484732 -1.643919 -0.4228003 -1.719213 -0.4336259 -1.678653 -0.4484732 -1.719213 -0.4336259 -1.762312 -0.4364448 -1.762312 -0.4364448 -1.719213 -0.4336259 -1.788406 -0.4020262 -1.762312 -0.4364448 -1.788406 -0.4020262 -1.826188 -0.3810961 -1.826188 -0.3810961 -1.788406 -0.4020262 -1.829532 -0.3380339 -2.777014 -0.6364308 -2.828653 -0.6015268 -2.85 -0.615 -2.85 -0.615 -2.828653 -0.6015268 -2.912312 -0.6135552 -2.85 -0.615 -2.912312 -0.6135552 -2.922987 -0.6364308 -2.922987 -0.6364308 -2.912312 -0.6135552 -2.976188 -0.6689039 -2.922987 -0.6364308 -2.976188 -0.6689039 -2.9728 -0.693919 -2.9728 -0.693919 -2.976188 -0.6689039 -3 -0.75 -2.9728 -0.693919 -3 -0.75 -2.983626 -0.7692125 -2.983626 -0.7692125 -3 -0.75 -2.976188 -0.8310961 -2.983626 -0.7692125 -2.976188 -0.8310961 -2.952026 -0.8384062 -2.952026 -0.8384062 -2.976188 -0.8310961 -2.912312 -0.8864448 -2.952026 -0.8384062 -2.912312 -0.8864448 -2.888034 -0.8795316 -2.888034 -0.8795316 -2.912312 -0.8864448 -2.828653 -0.8984733 -2.888034 -0.8795316 -2.828653 -0.8984733 -2.811966 -0.8795316 -2.811966 -0.8795316 -2.828653 -0.8984733 -2.751771 -0.8633624 -2.811966 -0.8795316 -2.751771 -0.8633624 -2.747974 -0.8384062 -2.747974 -0.8384062 -2.751771 -0.8633624 -2.706076 -0.7922599 -2.747974 -0.8384062 -2.706076 -0.7922599 -2.716374 -0.7692125 -2.716374 -0.7692125 -2.706076 -0.7922599 -2.706076 -0.7077401 -2.716374 -0.7692125 -2.706076 -0.7077401 -2.7272 -0.693919 -2.7272 -0.693919 -2.706076 -0.7077401 -2.751771 -0.6366376 -2.7272 -0.693919 -2.751771 -0.6366376 -2.777014 -0.6364308 -2.777014 -0.6364308 -2.751771 -0.6366376 -2.828653 -0.6015268 -2.526188 -1.981096 -2.513569 -1.972987 -2.55 -1.9 -2.55 -1.9 -2.513569 -1.972987 -2.535 -1.9 -2.55 -1.9 -2.535 -1.9 -2.513569 -1.827013 -2.513569 -1.972987 -2.526188 -1.981096 -2.456081 -2.0228 -2.456081 -2.0228 -2.526188 -1.981096 -2.462312 -2.036445 -2.456081 -2.0228 -2.462312 -2.036445 -2.380788 -2.033626 -2.380788 -2.033626 -2.462312 -2.036445 -2.378653 -2.048473 -2.380788 -2.033626 -2.378653 -2.048473 -2.301771 -2.013363 -2.380788 -2.033626 -2.301771 -2.013363 -2.311594 -2.002026 -2.311594 -2.002026 -2.301771 -2.013363 -2.256076 -1.94226 -2.311594 -2.002026 -2.256076 -1.94226 -2.270468 -1.938034 -2.270468 -1.938034 -2.256076 -1.94226 -2.270468 -1.861966 -2.270468 -1.861966 -2.256076 -1.94226 -2.256076 -1.85774 -2.270468 -1.861966 -2.256076 -1.85774 -2.311594 -1.797974 -2.311594 -1.797974 -2.256076 -1.85774 -2.301771 -1.786638 -2.311594 -1.797974 -2.301771 -1.786638 -2.380788 -1.766374 -2.380788 -1.766374 -2.301771 -1.786638 -2.378653 -1.751527 -2.380788 -1.766374 -2.378653 -1.751527 -2.462312 -1.763555 -2.380788 -1.766374 -2.462312 -1.763555 -2.456081 -1.7772 -2.456081 -1.7772 -2.462312 -1.763555 -2.526188 -1.818904 -2.456081 -1.7772 -2.526188 -1.818904 -2.513569 -1.827013 -2.513569 -1.827013 -2.526188 -1.818904 -2.55 -1.9 -4.1 -2.172317 -0.07499998 -2.206699 0 -2.172317 0 -2.172317 -0.07499998 -2.206699 -0.04999995 -2.2 0 -2.172317 -0.04999995 -2.2 0 -2.2 -4.1 -2.2 -4.05 -2.2 -4.1 -2.172317 -4.1 -2.172317 -4.05 -2.2 -4.025 -2.206699 -4.1 -2.172317 -4.025 -2.206699 -0.07499998 -2.206699 -0.07499998 -2.206699 -4.025 -2.206699 -0.09330123 -2.225 -0.09330123 -2.225 -4.025 -2.206699 -4.006699 -2.225 -0.09330123 -2.225 -4.006699 -2.225 -0.1 -2.25 -0.1 -2.25 -4.006699 -2.225 -4 -2.25 -1.322986 -1.563569 -1.312312 -1.586445 -1.25 -1.585 -1.25 -1.585 -1.312312 -1.586445 -1.228653 -1.598473 -1.25 -1.585 -1.228653 -1.598473 -1.177013 -1.563569 -1.177013 -1.563569 -1.228653 -1.598473 -1.151771 -1.563362 -1.177013 -1.563569 -1.151771 -1.563362 -1.1272 -1.506081 -1.1272 -1.506081 -1.151771 -1.563362 -1.106076 -1.49226 -1.1272 -1.506081 -1.106076 -1.49226 -1.116374 -1.430787 -1.116374 -1.430787 -1.106076 -1.49226 -1.106076 -1.40774 -1.116374 -1.430787 -1.106076 -1.40774 -1.147974 -1.361594 -1.147974 -1.361594 -1.106076 -1.40774 -1.151771 -1.336638 -1.147974 -1.361594 -1.151771 -1.336638 -1.211966 -1.320468 -1.211966 -1.320468 -1.151771 -1.336638 -1.228653 -1.301527 -1.211966 -1.320468 -1.228653 -1.301527 -1.288034 -1.320468 -1.288034 -1.320468 -1.228653 -1.301527 -1.312312 -1.313555 -1.288034 -1.320468 -1.312312 -1.313555 -1.352026 -1.361594 -1.352026 -1.361594 -1.312312 -1.313555 -1.376188 -1.368904 -1.352026 -1.361594 -1.376188 -1.368904 -1.383626 -1.430787 -1.383626 -1.430787 -1.376188 -1.368904 -1.4 -1.45 -1.383626 -1.430787 -1.4 -1.45 -1.3728 -1.506081 -1.3728 -1.506081 -1.4 -1.45 -1.376188 -1.531096 -1.3728 -1.506081 -1.376188 -1.531096 -1.322986 -1.563569 -1.322986 -1.563569 -1.376188 -1.531096 -1.312312 -1.586445 2.190228 -0.714726 2.326527 -0.4011272 2.05 -0.69 2.05 -0.69 2.326527 -0.4011272 2.067365 -0.3984808 2.05 -0.69 2.067365 -0.3984808 2 -0.3866025 2.313543 -0.7859218 2.565685 -0.6209172 2.190228 -0.714726 2.190228 -0.714726 2.565685 -0.6209172 2.521716 -0.5685166 2.190228 -0.714726 2.521716 -0.5685166 2.4 -0.425 2.4 -0.425 2.521716 -0.5685166 2.521716 -0.5001126 2.4 -0.425 2.521716 -0.5001126 2.473473 -0.4011272 2.473473 -0.4011272 2.521716 -0.5001126 2.565685 -0.447712 2.473473 -0.4011272 2.565685 -0.447712 2.518882 -0.3386271 2.518882 -0.3386271 2.565685 -0.447712 2.63305 -0.4358338 2.518882 -0.3386271 2.63305 -0.4358338 2.72669 -0.3956557 2.72669 -0.3956557 2.63305 -0.4358338 2.69229 -0.4700358 2.72669 -0.3956557 2.69229 -0.4700358 2.78919 -0.4410646 2.78919 -0.4410646 2.69229 -0.4700358 2.715686 -0.5343146 2.78919 -0.4410646 2.715686 -0.5343146 2.866445 -0.4410646 2.866445 -0.4410646 2.715686 -0.5343146 2.85 -0.6475 2.866445 -0.4410646 2.85 -0.6475 2.915886 -0.6714805 2.405071 -0.8950001 2.761232 -0.80125 2.313543 -0.7859218 2.313543 -0.7859218 2.761232 -0.80125 2.749057 -0.732201 2.313543 -0.7859218 2.749057 -0.732201 2.565685 -0.6209172 2.565685 -0.6209172 2.749057 -0.732201 2.63305 -0.6327953 2.63305 -0.6327953 2.749057 -0.732201 2.784114 -0.6714805 2.63305 -0.6327953 2.784114 -0.6714805 2.69229 -0.5985934 2.69229 -0.5985934 2.784114 -0.6714805 2.85 -0.6475 2.69229 -0.5985934 2.85 -0.6475 2.715686 -0.5343146 2.453771 -1.028804 2.8 -1.013398 2.405071 -0.8950001 2.405071 -0.8950001 2.8 -1.013398 2.814943 -0.8463186 2.405071 -0.8950001 2.814943 -0.8463186 2.761232 -0.80125 2.8 -1.013398 2.453771 -1.028804 2.756031 -1.065798 2.756031 -1.065798 2.453771 -1.028804 2.453771 -1.171196 2.756031 -1.065798 2.453771 -1.171196 2.756031 -1.134202 2.756031 -1.134202 2.453771 -1.171196 2.8 -1.186602 2.8 -1.186602 2.453771 -1.171196 2.811373 -1.331118 2.8 -1.186602 2.811373 -1.331118 2.867365 -1.198481 2.867365 -1.198481 2.811373 -1.331118 2.888627 -1.331118 2.867365 -1.198481 2.888627 -1.331118 2.926604 -1.164279 2.926604 -1.164279 2.888627 -1.331118 3.2 -1.35 2.926604 -1.164279 3.2 -1.35 2.95 -1.1 2.95 -1.1 3.2 -1.35 3.2 -0.85 2.95 -1.1 3.2 -0.85 2.926604 -1.035721 2.926604 -1.035721 3.2 -0.85 2.867365 -1.001519 2.867365 -1.001519 3.2 -0.85 2.885057 -0.8463186 2.867365 -1.001519 2.885057 -0.8463186 2.814943 -0.8463186 2.453771 -1.171196 2.405071 -1.305 2.811373 -1.331118 2.811373 -1.331118 2.405071 -1.305 2.748873 -1.376527 2.748873 -1.376527 2.405071 -1.305 2.725 -1.45 2.725 -1.45 2.405071 -1.305 2.313543 -1.414078 2.725 -1.45 2.313543 -1.414078 2.565685 -1.579083 2.565685 -1.579083 2.313543 -1.414078 2.190228 -1.485274 2.565685 -1.579083 2.190228 -1.485274 2.521716 -1.631483 2.521716 -1.631483 2.190228 -1.485274 2.067365 -1.801519 2.521716 -1.631483 2.067365 -1.801519 2.521716 -1.699887 2.521716 -1.699887 2.067365 -1.801519 2.34875 -1.811232 2.521716 -1.699887 2.34875 -1.811232 2.417799 -1.799057 2.190228 -1.485274 2.05 -1.51 2.067365 -1.801519 2.067365 -1.801519 2.05 -1.51 2 -1.813397 2 -1.813397 2.05 -1.51 1.773473 -1.798873 2 -1.813397 1.773473 -1.798873 1.818882 -1.861373 2.05 -1.51 1.909772 -1.485274 1.773473 -1.798873 1.773473 -1.798873 1.909772 -1.485274 1.7 -1.775 1.7 -1.775 1.909772 -1.485274 1.584315 -1.665686 1.7 -1.775 1.584315 -1.665686 1.560919 -1.729964 1.584315 -1.665686 1.909772 -1.485274 1.560919 -1.601407 1.560919 -1.601407 1.909772 -1.485274 1.786457 -1.414078 1.560919 -1.601407 1.786457 -1.414078 1.501679 -1.567205 1.501679 -1.567205 1.786457 -1.414078 1.350943 -1.467799 1.501679 -1.567205 1.350943 -1.467799 1.434315 -1.579083 1.434315 -1.579083 1.350943 -1.467799 1.315886 -1.528519 1.434315 -1.579083 1.315886 -1.528519 1.390345 -1.631483 1.390345 -1.631483 1.315886 -1.528519 1.25 -1.5525 1.390345 -1.631483 1.25 -1.5525 1.233555 -1.758935 1.233555 -1.758935 1.25 -1.5525 1.184114 -1.528519 1.233555 -1.758935 1.184114 -1.528519 0.8250001 -1.479904 0.8250001 -1.479904 1.184114 -1.528519 1.149057 -1.467799 0.8250001 -1.479904 1.149057 -1.467799 0.8799038 -1.425 0.8799038 -1.425 1.149057 -1.467799 1.161232 -1.39875 0.8799038 -1.425 1.161232 -1.39875 0.9 -1.35 0.9 -1.35 1.161232 -1.39875 1.214943 -1.353681 0.9 -1.35 1.214943 -1.353681 1.2 -1.186602 1.2 -1.186602 1.214943 -1.353681 1.267365 -1.198481 1.267365 -1.198481 1.214943 -1.353681 1.285057 -1.353681 1.267365 -1.198481 1.285057 -1.353681 1.326604 -1.164279 1.326604 -1.164279 1.285057 -1.353681 1.646229 -1.171196 1.326604 -1.164279 1.646229 -1.171196 1.35 -1.1 1.35 -1.1 1.646229 -1.171196 1.646229 -1.028804 1.35 -1.1 1.646229 -1.028804 1.326604 -1.035721 1.326604 -1.035721 1.646229 -1.028804 1.288627 -0.8688821 1.326604 -1.035721 1.288627 -0.8688821 1.267365 -1.001519 1.267365 -1.001519 1.288627 -0.8688821 1.211373 -0.8688821 1.267365 -1.001519 1.211373 -0.8688821 1.2 -1.013398 1.2 -1.013398 1.211373 -0.8688821 0.9 -0.85 1.2 -1.013398 0.9 -0.85 1.156031 -1.065798 1.156031 -1.065798 0.9 -0.85 0.9 -1.35 1.156031 -1.065798 0.9 -1.35 1.156031 -1.134202 1.156031 -1.134202 0.9 -1.35 1.2 -1.186602 1.350943 -1.467799 1.786457 -1.414078 1.338768 -1.39875 1.338768 -1.39875 1.786457 -1.414078 1.694929 -1.305 1.338768 -1.39875 1.694929 -1.305 1.285057 -1.353681 1.285057 -1.353681 1.694929 -1.305 1.646229 -1.171196 1.646229 -1.028804 1.694929 -0.8950001 1.288627 -0.8688821 1.288627 -0.8688821 1.694929 -0.8950001 1.351127 -0.8234732 1.351127 -0.8234732 1.694929 -0.8950001 1.375 -0.75 1.375 -0.75 1.694929 -0.8950001 1.786457 -0.7859218 1.375 -0.75 1.786457 -0.7859218 1.501679 -0.6327953 1.501679 -0.6327953 1.786457 -0.7859218 1.560919 -0.5985934 1.560919 -0.5985934 1.786457 -0.7859218 1.909772 -0.714726 1.560919 -0.5985934 1.909772 -0.714726 1.584315 -0.5343146 1.584315 -0.5343146 1.909772 -0.714726 1.75125 -0.3887676 1.584315 -0.5343146 1.75125 -0.3887676 1.682201 -0.4009428 1.75125 -0.3887676 1.909772 -0.714726 2 -0.3866025 2 -0.3866025 1.909772 -0.714726 2.05 -0.69 4 -2.25 1.7 -2.025 0.1 -2.25 0.1 -2.25 1.7 -2.025 1.31081 -1.9967 0.1 -2.25 1.31081 -1.9967 1.233555 -1.9967 4.006699 -2.225 3.761373 -2.018882 4 -2.25 4 -2.25 3.761373 -2.018882 2.866445 -1.9967 4 -2.25 2.866445 -1.9967 2.78919 -1.9967 3.761373 -2.018882 4.006699 -2.225 3.838627 -2.018882 3.838627 -2.018882 4.006699 -2.225 4.025 -2.206699 3.838627 -2.018882 4.025 -2.206699 4.05 -2.2 3.838627 -2.018882 4.05 -2.2 3.901127 -1.973473 3.901127 -1.973473 4.05 -2.2 4.1 -2.2 3.901127 -1.973473 4.1 -2.2 3.925 -1.9 3.925 -1.9 4.1 -2.2 3.901127 -1.826527 3.901127 -1.826527 4.1 -2.2 3.901127 -0.3734732 3.901127 -1.826527 3.901127 -0.3734732 3.65 -1.35 3.65 -1.35 3.901127 -0.3734732 3.65 -0.85 3.65 -0.85 3.901127 -0.3734732 3.838627 -0.4188821 3.65 -0.85 3.838627 -0.4188821 3.629904 -0.775 3.629904 -0.775 3.838627 -0.4188821 3.575 -0.7200962 3.575 -0.7200962 3.838627 -0.4188821 3.761373 -0.4188821 3.575 -0.7200962 3.761373 -0.4188821 3.5 -0.7 3.5 -0.7 3.761373 -0.4188821 3.698873 -0.3734732 3.5 -0.7 3.698873 -0.3734732 3.35 -0.7 3.35 -0.7 3.698873 -0.3734732 2.928945 -0.3956557 3.35 -0.7 2.928945 -0.3956557 3.275 -0.7200962 3.275 -0.7200962 2.928945 -0.3956557 2.866445 -0.4410646 3.275 -0.7200962 2.866445 -0.4410646 2.915886 -0.6714805 4.1 -2.2 4.1 0 3.901127 -0.3734732 3.901127 -0.3734732 4.1 0 3.925 -0.3 3.925 -0.3 4.1 0 3.901127 -0.2265267 3.901127 -0.2265267 4.1 0 4.05 0 3.901127 -0.2265267 4.05 0 3.838627 -0.1811179 3.838627 -0.1811179 4.05 0 4.025 0.006698668 3.838627 -0.1811179 4.025 0.006698668 4.006699 0.02499997 3.838627 -0.1811179 4.006699 0.02499997 3.761373 -0.1811179 3.761373 -0.1811179 4.006699 0.02499997 4 0.04999995 3.761373 -0.1811179 4 0.04999995 2.866445 -0.2033004 2.866445 -0.2033004 4 0.04999995 2.78919 -0.2033004 2.78919 -0.2033004 4 0.04999995 2.4 -0.175 2.78919 -0.2033004 2.4 -0.175 2.473473 -0.1988729 4 0.04999995 0.1 0.04999995 2.4 -0.175 2.4 -0.175 0.1 0.04999995 1.682201 -0.1990572 2.4 -0.175 1.682201 -0.1990572 2.067365 -0.2015192 2.067365 -0.2015192 1.682201 -0.1990572 1.75125 -0.2112324 2.067365 -0.2015192 1.75125 -0.2112324 2 -0.2133975 2 -0.2133975 1.75125 -0.2112324 1.796318 -0.264943 2 -0.2133975 1.796318 -0.264943 1.956031 -0.265798 1.956031 -0.265798 1.796318 -0.264943 1.796318 -0.3350571 1.956031 -0.265798 1.796318 -0.3350571 1.956031 -0.334202 1.956031 -0.334202 1.796318 -0.3350571 2 -0.3866025 2 -0.3866025 1.796318 -0.3350571 1.75125 -0.3887676 0.09330123 0.02499997 0.3386271 -0.1811179 0.1 0.04999995 0.1 0.04999995 0.3386271 -0.1811179 1.233555 -0.2033004 0.1 0.04999995 1.233555 -0.2033004 1.31081 -0.2033004 0.3386271 -0.1811179 0.09330123 0.02499997 0.2613729 -0.1811179 0.2613729 -0.1811179 0.09330123 0.02499997 0.07499998 0.006698668 0.2613729 -0.1811179 0.07499998 0.006698668 0.04999995 0 0.2613729 -0.1811179 0.04999995 0 0.1988729 -0.2265267 0.1988729 -0.2265267 0.04999995 0 0 0 0.1988729 -0.2265267 0 0 0.175 -0.3 0.175 -0.3 0 0 0.1988729 -0.3734732 0.1988729 -0.3734732 0 0 0 -2.2 0.1988729 -0.3734732 0 -2.2 0.1988729 -1.826527 0.1988729 -1.826527 0 -2.2 0.175 -1.9 0.175 -1.9 0 -2.2 0.1988729 -1.973473 0.1988729 -1.973473 0 -2.2 0.04999995 -2.2 0.1988729 -1.973473 0.04999995 -2.2 0.2613729 -2.018882 0.2613729 -2.018882 0.04999995 -2.2 0.07499998 -2.206699 0.2613729 -2.018882 0.07499998 -2.206699 0.09330123 -2.225 0.2613729 -2.018882 0.09330123 -2.225 0.3386271 -2.018882 0.3386271 -2.018882 0.09330123 -2.225 0.1 -2.25 0.3386271 -2.018882 0.1 -2.25 1.233555 -1.9967 2.126605 -1.964279 2.303682 -1.935057 2.15 -1.9 2.15 -1.9 2.303682 -1.935057 2.303682 -1.864943 2.15 -1.9 2.303682 -1.864943 2.126605 -1.835721 2.126605 -1.835721 2.303682 -1.864943 2.34875 -1.811232 2.126605 -1.835721 2.34875 -1.811232 2.067365 -1.801519 2.303682 -1.935057 2.126605 -1.964279 2.34875 -1.988768 2.34875 -1.988768 2.126605 -1.964279 2.067365 -1.998481 2.34875 -1.988768 2.067365 -1.998481 2.417799 -2.000943 2.417799 -2.000943 2.067365 -1.998481 1.7 -2.025 2.417799 -2.000943 1.7 -2.025 4 -2.25 2.067365 -1.998481 2 -1.986603 1.7 -2.025 1.7 -2.025 2 -1.986603 1.773473 -2.001127 1.773473 -2.001127 2 -1.986603 1.818882 -1.938627 1.818882 -1.938627 2 -1.986603 1.956031 -1.934202 1.818882 -1.938627 1.956031 -1.934202 1.956031 -1.865798 1.818882 -1.938627 1.956031 -1.865798 1.818882 -1.861373 1.818882 -1.861373 1.956031 -1.865798 2 -1.813397 2.69229 -1.729964 2.78919 -1.758935 2.715686 -1.665686 2.715686 -1.665686 2.78919 -1.758935 2.866445 -1.758935 2.715686 -1.665686 2.866445 -1.758935 2.888627 -1.568882 2.888627 -1.568882 2.866445 -1.758935 2.928945 -1.804344 2.888627 -1.568882 2.928945 -1.804344 3.35 -1.5 3.35 -1.5 2.928945 -1.804344 3.698873 -1.826527 3.35 -1.5 3.698873 -1.826527 3.5 -1.5 3.5 -1.5 3.698873 -1.826527 3.761373 -1.781118 3.5 -1.5 3.761373 -1.781118 3.575 -1.479904 3.575 -1.479904 3.761373 -1.781118 3.838627 -1.781118 3.575 -1.479904 3.838627 -1.781118 3.629904 -1.425 3.629904 -1.425 3.838627 -1.781118 3.65 -1.35 3.65 -1.35 3.838627 -1.781118 3.901127 -1.826527 2.78919 -1.758935 2.69229 -1.729964 2.72669 -1.804344 2.72669 -1.804344 2.69229 -1.729964 2.63305 -1.764166 2.72669 -1.804344 2.63305 -1.764166 2.47852 -1.834114 2.47852 -1.834114 2.63305 -1.764166 2.565685 -1.752288 2.47852 -1.834114 2.565685 -1.752288 2.417799 -1.799057 2.417799 -1.799057 2.565685 -1.752288 2.521716 -1.699887 2.565685 -1.579083 2.63305 -1.567205 2.725 -1.45 2.725 -1.45 2.63305 -1.567205 2.748873 -1.523473 2.748873 -1.523473 2.63305 -1.567205 2.69229 -1.601407 2.748873 -1.523473 2.69229 -1.601407 2.811373 -1.568882 2.811373 -1.568882 2.69229 -1.601407 2.715686 -1.665686 2.811373 -1.568882 2.715686 -1.665686 2.888627 -1.568882 2.8 -1.013398 2.867365 -1.001519 2.814943 -0.8463186 2.126605 -0.3642787 2.281118 -0.3386271 2.15 -0.3 2.15 -0.3 2.281118 -0.3386271 2.281118 -0.2613729 2.15 -0.3 2.281118 -0.2613729 2.126605 -0.2357212 2.126605 -0.2357212 2.281118 -0.2613729 2.326527 -0.1988729 2.126605 -0.2357212 2.326527 -0.1988729 2.067365 -0.2015192 2.067365 -0.2015192 2.326527 -0.1988729 2.4 -0.175 2.281118 -0.3386271 2.126605 -0.3642787 2.326527 -0.4011272 2.326527 -0.4011272 2.126605 -0.3642787 2.067365 -0.3984808 1.375 -0.75 1.501679 -0.6327953 1.351127 -0.6765269 1.351127 -0.6765269 1.501679 -0.6327953 1.434315 -0.6209172 1.351127 -0.6765269 1.434315 -0.6209172 1.288627 -0.6311179 1.288627 -0.6311179 1.434315 -0.6209172 1.390345 -0.5685166 1.288627 -0.6311179 1.390345 -0.5685166 1.211373 -0.6311179 1.211373 -0.6311179 1.390345 -0.5685166 1.233555 -0.4410646 1.211373 -0.6311179 1.233555 -0.4410646 1.171055 -0.3956557 1.390345 -0.5685166 1.390345 -0.5001126 1.233555 -0.4410646 1.233555 -0.4410646 1.390345 -0.5001126 1.31081 -0.4410646 1.31081 -0.4410646 1.390345 -0.5001126 1.434315 -0.447712 1.31081 -0.4410646 1.434315 -0.447712 1.37331 -0.3956557 1.37331 -0.3956557 1.434315 -0.447712 1.501679 -0.4358338 1.37331 -0.3956557 1.501679 -0.4358338 1.62148 -0.3658857 1.62148 -0.3658857 1.501679 -0.4358338 1.682201 -0.4009428 1.682201 -0.4009428 1.501679 -0.4358338 1.560919 -0.4700358 1.682201 -0.4009428 1.560919 -0.4700358 1.584315 -0.5343146 1.7 -1.775 1.560919 -1.729964 1.626527 -1.798873 1.626527 -1.798873 1.560919 -1.729964 1.501679 -1.764166 1.626527 -1.798873 1.501679 -1.764166 1.581118 -1.861373 1.581118 -1.861373 1.501679 -1.764166 1.37331 -1.804344 1.581118 -1.861373 1.37331 -1.804344 1.397183 -1.877817 1.501679 -1.764166 1.434315 -1.752288 1.37331 -1.804344 1.37331 -1.804344 1.434315 -1.752288 1.31081 -1.758935 1.31081 -1.758935 1.434315 -1.752288 1.390345 -1.699887 1.31081 -1.758935 1.390345 -1.699887 1.233555 -1.758935 1.233555 -1.758935 1.390345 -1.699887 1.390345 -1.631483 2.47852 -1.965886 2.72669 -1.951291 2.5025 -1.9 2.5025 -1.9 2.72669 -1.951291 2.702818 -1.877817 2.5025 -1.9 2.702818 -1.877817 2.47852 -1.834114 2.47852 -1.834114 2.702818 -1.877817 2.72669 -1.804344 2.72669 -1.951291 2.47852 -1.965886 2.78919 -1.9967 2.78919 -1.9967 2.47852 -1.965886 2.417799 -2.000943 2.78919 -1.9967 2.417799 -2.000943 4 -2.25 1.62148 -0.2341142 1.37331 -0.2487094 1.5975 -0.3 1.5975 -0.3 1.37331 -0.2487094 1.397183 -0.3221825 1.5975 -0.3 1.397183 -0.3221825 1.62148 -0.3658857 1.62148 -0.3658857 1.397183 -0.3221825 1.37331 -0.3956557 1.37331 -0.2487094 1.62148 -0.2341142 1.31081 -0.2033004 1.31081 -0.2033004 1.62148 -0.2341142 1.682201 -0.1990572 1.31081 -0.2033004 1.682201 -0.1990572 0.1 0.04999995 2.915886 -0.6714805 2.950943 -0.732201 3.275 -0.7200962 3.275 -0.7200962 2.950943 -0.732201 3.220096 -0.775 3.220096 -0.775 2.950943 -0.732201 2.938768 -0.80125 3.220096 -0.775 2.938768 -0.80125 3.2 -0.85 3.2 -0.85 2.938768 -0.80125 2.885057 -0.8463186 2.951127 -1.376527 2.975 -1.45 3.220096 -1.425 3.220096 -1.425 2.975 -1.45 2.951127 -1.523473 3.220096 -1.425 2.951127 -1.523473 3.275 -1.479904 3.275 -1.479904 2.951127 -1.523473 2.888627 -1.568882 3.275 -1.479904 2.888627 -1.568882 3.35 -1.5 2.888627 -1.331118 2.951127 -1.376527 3.2 -1.35 3.2 -1.35 2.951127 -1.376527 3.220096 -1.425 1.7 -2.025 1.626527 -2.001127 1.31081 -1.9967 1.31081 -1.9967 1.626527 -2.001127 1.37331 -1.951291 1.37331 -1.951291 1.626527 -2.001127 1.581118 -1.938627 1.37331 -1.951291 1.581118 -1.938627 1.397183 -1.877817 1.397183 -1.877817 1.581118 -1.938627 1.581118 -1.861373 1.148873 -0.8234732 1.125 -0.75 0.8799038 -0.775 0.8799038 -0.775 1.125 -0.75 1.148873 -0.6765269 0.8799038 -0.775 1.148873 -0.6765269 0.8250001 -0.7200962 0.8250001 -0.7200962 1.148873 -0.6765269 1.211373 -0.6311179 0.8250001 -0.7200962 1.211373 -0.6311179 0.75 -0.7 0.75 -0.7 1.211373 -0.6311179 1.171055 -0.3956557 0.75 -0.7 1.171055 -0.3956557 0.4011272 -0.3734732 0.4011272 -0.3734732 1.171055 -0.3956557 1.147183 -0.3221825 0.4011272 -0.3734732 1.147183 -0.3221825 0.425 -0.3 0.425 -0.3 1.147183 -0.3221825 1.171055 -0.2487094 0.425 -0.3 1.171055 -0.2487094 0.4011272 -0.2265267 0.4011272 -0.2265267 1.171055 -0.2487094 1.233555 -0.2033004 0.4011272 -0.2265267 1.233555 -0.2033004 0.3386271 -0.1811179 1.211373 -0.8688821 1.148873 -0.8234732 0.9 -0.85 0.9 -0.85 1.148873 -0.8234732 0.8799038 -0.775 2.78919 -0.2033004 2.473473 -0.1988729 2.72669 -0.2487094 2.72669 -0.2487094 2.473473 -0.1988729 2.518882 -0.2613729 2.72669 -0.2487094 2.518882 -0.2613729 2.702818 -0.3221825 2.702818 -0.3221825 2.518882 -0.2613729 2.518882 -0.3386271 2.702818 -0.3221825 2.518882 -0.3386271 2.72669 -0.3956557 2.4 -0.425 2.326527 -0.4011272 2.190228 -0.714726 3.761373 -2.018882 3.698873 -1.973473 2.866445 -1.9967 2.866445 -1.9967 3.698873 -1.973473 2.928945 -1.951291 2.928945 -1.951291 3.698873 -1.973473 3.675 -1.9 2.928945 -1.951291 3.675 -1.9 2.952818 -1.877817 2.952818 -1.877817 3.675 -1.9 3.698873 -1.826527 2.952818 -1.877817 3.698873 -1.826527 2.928945 -1.804344 2.928945 -0.3956557 3.698873 -0.3734732 2.952818 -0.3221825 2.952818 -0.3221825 3.698873 -0.3734732 3.675 -0.3 2.952818 -0.3221825 3.675 -0.3 2.928945 -0.2487094 2.928945 -0.2487094 3.675 -0.3 3.698873 -0.2265267 2.928945 -0.2487094 3.698873 -0.2265267 2.866445 -0.2033004 2.866445 -0.2033004 3.698873 -0.2265267 3.761373 -0.1811179 0.4011272 -1.973473 1.171055 -1.951291 0.425 -1.9 0.425 -1.9 1.171055 -1.951291 1.147183 -1.877817 0.425 -1.9 1.147183 -1.877817 0.4011272 -1.826527 0.4011272 -1.826527 1.147183 -1.877817 1.171055 -1.804344 0.4011272 -1.826527 1.171055 -1.804344 0.75 -1.5 0.75 -1.5 1.171055 -1.804344 0.8250001 -1.479904 0.8250001 -1.479904 1.171055 -1.804344 1.233555 -1.758935 1.171055 -1.951291 0.4011272 -1.973473 1.233555 -1.9967 1.233555 -1.9967 0.4011272 -1.973473 0.3386271 -2.018882 0.1988729 -0.3734732 0.1988729 -1.826527 0.45 -1.35 0.45 -1.35 0.1988729 -1.826527 0.2613729 -1.781118 0.45 -1.35 0.2613729 -1.781118 0.4700962 -1.425 0.4700962 -1.425 0.2613729 -1.781118 0.525 -1.479904 0.525 -1.479904 0.2613729 -1.781118 0.3386271 -1.781118 0.525 -1.479904 0.3386271 -1.781118 0.6 -1.5 0.6 -1.5 0.3386271 -1.781118 0.4011272 -1.826527 0.6 -1.5 0.4011272 -1.826527 0.75 -1.5 0.75 -0.7 0.4011272 -0.3734732 0.6 -0.7 0.6 -0.7 0.4011272 -0.3734732 0.3386271 -0.4188821 0.6 -0.7 0.3386271 -0.4188821 0.525 -0.7200962 0.525 -0.7200962 0.3386271 -0.4188821 0.2613729 -0.4188821 0.525 -0.7200962 0.2613729 -0.4188821 0.4700962 -0.775 0.4700962 -0.775 0.2613729 -0.4188821 0.45 -0.85 0.45 -0.85 0.2613729 -0.4188821 0.1988729 -0.3734732 0.45 -0.85 0.1988729 -0.3734732 0.45 -1.35 0.92664 0 -2.97336 0 0.92664 -0.15 0.92664 -0.15 -2.97336 0 -2.97336 -0.15 0.92664 -0.15 -2.97336 -0.15 0.9114159 -0.2265366 0.9114159 -0.2265366 -2.97336 -0.15 -2.958136 -0.2265366 0.9114159 -0.2265366 -2.958136 -0.2265366 0.8680614 -0.2914214 0.8680614 -0.2914214 -2.958136 -0.2265366 -2.914781 -0.2914214 0.8680614 -0.2914214 -2.914781 -0.2914214 0.72664 -0.35 0.72664 -0.35 -2.914781 -0.2914214 -2.77336 -0.35 -2.77336 -0.35 -2.914781 -0.2914214 -2.849897 -0.3347759 0.72664 -0.35 0.8031767 -0.3347759 0.8680614 -0.2914214 0.175 0.07499998 0.02499997 0.07499998 0.175 -0.07499998 0.175 -0.07499998 0.02499997 0.07499998 0.02499997 -0.07499998 -0.03749996 0.07499998 -0.03749996 -0.07499998 0.03749996 0.0549038 0.03749996 0.0549038 -0.03749996 -0.07499998 0.09240376 0 0.09240376 0 -0.03749996 -0.07499998 0.1125 -0.07499998 5.49476 0 5.49476 0.02617985 5.34476 0 5.34476 0 5.49476 0.02617985 5.34476 0.02617985 5.34476 0.02617985 5.49476 0.02617985 5.34476 0.05235981 5.34476 0.05235981 5.49476 0.02617985 5.49476 0.05235981 5.34476 0.05235981 5.49476 0.05235981 5.34476 0.07853978 5.34476 0.07853978 5.49476 0.05235981 5.49476 0.07853978 0 0.07499998 -0.04999995 0.07499998 0 -0.07499998 0 -0.07499998 -0.04999995 0.07499998 -0.04999995 -0.07499998 -0.1125 -0.07499998 0.03749996 -0.07499998 -0.09240376 0 -0.09240376 0 0.03749996 -0.07499998 -0.03749996 0.0549038 -0.03749996 0.0549038 0.03749996 -0.07499998 0.03749996 0.07499998 0.675 0.07499998 -2.175 0.07499998 0.675 -0.07499998 0.675 -0.07499998 -2.175 0.07499998 -2.175 -0.07499998 -0.07499998 0 0.07499998 0 -0.07499998 0.02038085 -0.07499998 0.02038085 0.07499998 0 0.07499998 0.02038085 -0.07499998 0.02038085 0.07499998 0.02038085 -0.07499998 0.04076164 -0.07499998 0.04076164 0.07499998 0.02038085 0.07499998 0.04076164 -0.07499998 0.04076164 0.07499998 0.04076164 -0.07499998 0.06114256 -0.07499998 0.06114256 0.07499998 0.04076164 0.07499998 0.06114256 -0.07499998 3.394609 0.07499998 3.394609 -0.07499998 3.41499 -0.07499998 3.41499 0.07499998 3.394609 0.07499998 3.41499 -0.07499998 3.41499 0.07499998 3.41499 -0.07499998 3.435371 -0.07499998 3.435371 0.07499998 3.41499 0.07499998 3.435371 -0.07499998 3.435371 0.07499998 3.435371 -0.07499998 3.455752 -0.07499998 3.455752 0.07499998 3.435371 0.07499998 3.455752 0 -2.2 0.45 -0.7 0 0 0 0 0.45 -0.7 0.4633975 -0.65 0 0 0.4633975 -0.65 0.5 -0.6133975 2.85 -2.2 1.063892 -1.978785 0 -2.2 0 -2.2 1.063892 -1.978785 1.01 -1.969282 0 -2.2 1.01 -1.969282 0.9748246 -1.927362 2.87038 -2.199811 2.867365 -1.998481 2.85 -2.2 2.85 -2.2 2.867365 -1.998481 2.8 -1.986603 2.85 -2.2 2.8 -1.986603 2.756031 -1.934202 2.87038 -2.199811 2.890753 -2.199245 2.867365 -1.998481 2.867365 -1.998481 2.890753 -2.199245 2.911111 -2.198301 2.867365 -1.998481 2.911111 -2.198301 3.006348 -2.167991 3.006348 -2.167991 3.075028 -2.095384 2.867365 -1.998481 2.867365 -1.998481 3.075028 -2.095384 2.926604 -1.964279 2.926604 -1.964279 3.075028 -2.095384 3.1 -1.99861 2.926604 -1.964279 3.1 -1.99861 2.95 -1.9 2.95 -1.9 3.1 -1.99861 3.1 -1.7 2.95 -1.9 3.1 -1.7 2.926604 -1.835721 2.926604 -1.835721 3.1 -1.7 2.867365 -1.801519 2.867365 -1.801519 3.1 -1.7 3.084776 -1.623463 2.867365 -1.801519 3.084776 -1.623463 3.041421 -1.558579 3.041421 -1.558579 2.976537 -1.515224 2.867365 -1.801519 2.867365 -1.801519 2.976537 -1.515224 2.9 -1.5 2.867365 -1.801519 2.9 -1.5 2.85 -1.5 2.867365 -1.801519 2.85 -1.5 2.8 -1.813397 2.8 -1.813397 2.85 -1.5 2.713192 -1.475877 2.8 -1.813397 2.713192 -1.475877 2.384315 -1.665686 2.384315 -1.665686 2.713192 -1.475877 2.360919 -1.601407 2.360919 -1.601407 2.713192 -1.475877 2.592885 -1.406418 2.360919 -1.601407 2.592885 -1.406418 2.301679 -1.567205 2.301679 -1.567205 2.592885 -1.406418 2.50359 -1.3 2.301679 -1.567205 2.50359 -1.3 2.067365 -1.198481 2.067365 -1.198481 2.50359 -1.3 2.126605 -1.164279 2.126605 -1.164279 2.50359 -1.3 2.456077 -1.169459 2.126605 -1.164279 2.456077 -1.169459 2.15 -1.1 2.15 -1.1 2.456077 -1.169459 2.456077 -1.030541 2.15 -1.1 2.456077 -1.030541 2.126605 -1.035721 2.126605 -1.035721 2.456077 -1.030541 2.50359 -0.9 2.126605 -1.035721 2.50359 -0.9 2.067365 -1.001519 2.067365 -1.001519 2.50359 -0.9 2.301679 -0.6327953 2.067365 -1.001519 2.301679 -0.6327953 2.234315 -0.6209172 2.50359 -0.9 2.592885 -0.7935822 2.301679 -0.6327953 2.301679 -0.6327953 2.592885 -0.7935822 2.360919 -0.5985934 2.360919 -0.5985934 2.592885 -0.7935822 2.713192 -0.724123 2.360919 -0.5985934 2.713192 -0.724123 2.384315 -0.5343146 2.384315 -0.5343146 2.713192 -0.724123 2.8 -0.3866025 2.384315 -0.5343146 2.8 -0.3866025 2.360919 -0.4700358 2.360919 -0.4700358 2.8 -0.3866025 2.756031 -0.334202 2.360919 -0.4700358 2.756031 -0.334202 2.756031 -0.265798 2.713192 -0.724123 2.85 -0.7 2.8 -0.3866025 2.8 -0.3866025 2.85 -0.7 2.867365 -0.3984808 2.867365 -0.3984808 2.85 -0.7 2.9 -0.7 2.867365 -0.3984808 2.9 -0.7 2.976537 -0.684776 2.976537 -0.684776 3.041421 -0.6414214 2.867365 -0.3984808 2.867365 -0.3984808 3.041421 -0.6414214 3.084776 -0.5765367 2.867365 -0.3984808 3.084776 -0.5765367 3.1 -0.5 3.1 -0.2013899 2.95 -0.3 3.1 -0.5 3.1 -0.5 2.95 -0.3 2.926604 -0.3642787 3.1 -0.5 2.926604 -0.3642787 2.867365 -0.3984808 2.95 -0.3 3.1 -0.2013899 2.926604 -0.2357212 2.926604 -0.2357212 3.1 -0.2013899 3.075028 -0.1046161 2.926604 -0.2357212 3.075028 -0.1046161 2.867365 -0.2015192 2.867365 -0.2015192 3.075028 -0.1046161 3.006348 -0.03200846 2.867365 -0.2015192 3.006348 -0.03200846 2.911111 -0.001698732 2.911111 -0.001698732 2.890753 -7.55149e-4 2.867365 -0.2015192 2.867365 -0.2015192 2.890753 -7.55149e-4 2.87038 -1.88804e-4 2.867365 -0.2015192 2.87038 -1.88804e-4 2.85 0 0 0 1.063892 -0.2212154 2.85 0 2.85 0 1.063892 -0.2212154 1.111284 -0.2485769 2.85 0 1.111284 -0.2485769 2.234315 -0.447712 2.234315 -0.447712 1.111284 -0.2485769 1.55 -0.6 2.234315 -0.447712 1.55 -0.6 1.6 -0.6133975 1.35 -1.6 1.13 -1.9 1.55 -1.6 1.55 -1.6 1.13 -1.9 1.111284 -1.951423 1.55 -1.6 1.111284 -1.951423 2.234315 -1.752288 2.234315 -1.752288 1.111284 -1.951423 2.85 -2.2 2.234315 -1.752288 2.85 -2.2 2.301679 -1.764166 2.301679 -1.764166 2.85 -2.2 2.756031 -1.934202 2.301679 -1.764166 2.756031 -1.934202 2.360919 -1.729964 2.360919 -1.729964 2.756031 -1.934202 2.756031 -1.865798 2.360919 -1.729964 2.756031 -1.865798 2.8 -1.813397 1.13 -1.9 1.35 -1.6 1.111284 -1.848577 1.111284 -1.848577 1.35 -1.6 1.3 -1.586603 1.111284 -1.848577 1.3 -1.586603 1.063892 -1.821215 1.063892 -1.821215 1.3 -1.586603 1.263398 -1.55 1.063892 -1.821215 1.263398 -1.55 0.8366025 -1.55 0.8366025 -1.55 1.263398 -1.55 0.85 -1.5 0.85 -1.5 1.263398 -1.55 1.25 -1.5 0.85 -1.5 1.25 -1.5 0.85 -0.7 0.85 -0.7 1.25 -1.5 1.25 -0.7 0.85 -0.7 1.25 -0.7 0.8366025 -0.65 0.8366025 -0.65 1.25 -0.7 1.263398 -0.65 0.8366025 -0.65 1.263398 -0.65 1.063892 -0.3787846 1.063892 -0.3787846 1.263398 -0.65 1.3 -0.6133975 1.063892 -0.3787846 1.3 -0.6133975 1.111284 -0.351423 1.111284 -0.351423 1.3 -0.6133975 1.35 -0.6 1.111284 -0.351423 1.35 -0.6 1.13 -0.3 1.13 -0.3 1.35 -0.6 1.55 -0.6 1.13 -0.3 1.55 -0.6 1.111284 -0.2485769 2.234315 -0.447712 1.6 -0.6133975 2.190346 -0.5001126 2.190346 -0.5001126 1.6 -0.6133975 1.636603 -0.65 2.190346 -0.5001126 1.636603 -0.65 2.190346 -0.5685166 2.190346 -0.5685166 1.636603 -0.65 1.65 -0.7 2.190346 -0.5685166 1.65 -0.7 2.234315 -0.6209172 2.234315 -0.6209172 1.65 -0.7 2.067365 -1.001519 1.65 -1.5 1.956031 -1.065798 1.65 -0.7 1.65 -0.7 1.956031 -1.065798 2 -1.013398 1.65 -0.7 2 -1.013398 2.067365 -1.001519 1.636603 -1.55 2.190346 -1.631483 1.65 -1.5 1.65 -1.5 2.190346 -1.631483 2.234315 -1.579083 1.65 -1.5 2.234315 -1.579083 2.067365 -1.198481 2.067365 -1.198481 2.234315 -1.579083 2.301679 -1.567205 2.190346 -1.631483 1.636603 -1.55 2.190346 -1.699887 2.190346 -1.699887 1.636603 -1.55 1.6 -1.586603 2.190346 -1.699887 1.6 -1.586603 2.234315 -1.752288 2.234315 -1.752288 1.6 -1.586603 1.55 -1.6 0.55 -1.6 0.9748246 -1.872638 0.75 -1.6 0.75 -1.6 0.9748246 -1.872638 1.01 -1.830718 0.75 -1.6 1.01 -1.830718 0.8 -1.586603 0.8 -1.586603 1.01 -1.830718 1.063892 -1.821215 0.8 -1.586603 1.063892 -1.821215 0.8366025 -1.55 0.5 -1.586603 0 -2.2 0.55 -1.6 0.55 -1.6 0 -2.2 0.9748246 -1.927362 0.55 -1.6 0.9748246 -1.927362 0.9748246 -1.872638 0.5 -1.586603 0.4633975 -1.55 0 -2.2 0 -2.2 0.4633975 -1.55 0.45 -1.5 0 -2.2 0.45 -1.5 0.45 -0.7 0.5 -0.6133975 0.55 -0.6 0 0 0 0 0.55 -0.6 0.9748246 -0.2726384 0 0 0.9748246 -0.2726384 1.01 -0.230718 0.9748246 -0.2726384 0.55 -0.6 0.9748246 -0.3273616 0.9748246 -0.3273616 0.55 -0.6 0.75 -0.6 0.9748246 -0.3273616 0.75 -0.6 1.01 -0.369282 1.01 -0.369282 0.75 -0.6 0.8 -0.6133975 1.01 -0.369282 0.8 -0.6133975 1.063892 -0.3787846 1.063892 -0.3787846 0.8 -0.6133975 0.8366025 -0.65 1.111284 -1.951423 1.063892 -1.978785 2.85 -2.2 1.01 -0.230718 1.063892 -0.2212154 0 0 2.8 -0.2133975 2.85 0 2.756031 -0.265798 2.756031 -0.265798 2.85 0 2.301679 -0.4358338 2.756031 -0.265798 2.301679 -0.4358338 2.360919 -0.4700358 2.8 -0.2133975 2.867365 -0.2015192 2.85 0 2.234315 -0.447712 2.301679 -0.4358338 2.85 0 2.067365 -1.198481 2 -1.186602 1.65 -1.5 1.65 -1.5 2 -1.186602 1.956031 -1.134202 1.65 -1.5 1.956031 -1.134202 1.956031 -1.065798 2.384315 -1.665686 2.360919 -1.729964 2.8 -1.813397 0.1 0.07499998 -0.1 0.07499998 0.1 -0.07499998 0.1 -0.07499998 -0.1 0.07499998 -0.1 -0.07499998 0.07499998 0.1570796 -0.07499998 0.1570796 0.07499998 0.1047196 0.07499998 0.1047196 -0.07499998 0.1570796 -0.07499998 0.1047196 0.07499998 0.1047196 -0.07499998 0.1047196 0.07499998 0.05235981 0.07499998 0.05235981 -0.07499998 0.1047196 -0.07499998 0.05235981 0.07499998 0.05235981 -0.07499998 0.05235981 -0.07499998 0 -0.07499998 0 0.07499998 0 0.07499998 0.05235981 0.4 0.07499998 -0.4 0.07499998 0.4 -0.07499998 0.4 -0.07499998 -0.4 0.07499998 -0.4 -0.07499998 0.07499998 0.1570796 -0.07499998 0.1570796 0.07499998 0.1047196 0.07499998 0.1047196 -0.07499998 0.1570796 -0.07499998 0.1047196 0.07499998 0.1047196 -0.07499998 0.1047196 0.07499998 0.05235981 0.07499998 0.05235981 -0.07499998 0.1047196 -0.07499998 0.05235981 0.07499998 0.05235981 -0.07499998 0.05235981 -0.07499998 0 -0.07499998 0 0.07499998 0 0.07499998 0.05235981 0.1 0.07499998 -0.1 0.07499998 0.1 -0.07499998 0.1 -0.07499998 -0.1 0.07499998 -0.1 -0.07499998 0.07499998 0.1570796 -0.07499998 0.1570796 0.07499998 0.1047196 0.07499998 0.1047196 -0.07499998 0.1570796 -0.07499998 0.1047196 0.07499998 0.1047196 -0.07499998 0.1047196 0.07499998 0.05235981 0.07499998 0.05235981 -0.07499998 0.1047196 -0.07499998 0.05235981 0.07499998 0.05235981 -0.07499998 0.05235981 -0.07499998 0 -0.07499998 0 0.07499998 0 0.07499998 0.05235981 0.4 0.07499998 -0.4 0.07499998 0.4 -0.07499998 0.4 -0.07499998 -0.4 0.07499998 -0.4 -0.07499998 0.07499998 0.1570796 -0.07499998 0.1570796 0.07499998 0.1047196 0.07499998 0.1047196 -0.07499998 0.1570796 -0.07499998 0.1047196 0.07499998 0.1047196 -0.07499998 0.1047196 0.07499998 0.05235981 0.07499998 0.05235981 -0.07499998 0.1047196 -0.07499998 0.05235981 0.07499998 0.05235981 -0.07499998 0.05235981 -0.07499998 0 -0.07499998 0 0.07499998 0 0.07499998 0.05235981 -3.1 -1.99861 -2.95 -1.9 -3.1 -1.7 -3.1 -1.7 -2.95 -1.9 -2.926604 -1.835721 -3.1 -1.7 -2.926604 -1.835721 -2.867365 -1.801519 -2.95 -1.9 -3.1 -1.99861 -2.926604 -1.964279 -2.926604 -1.964279 -3.1 -1.99861 -3.075028 -2.095384 -2.926604 -1.964279 -3.075028 -2.095384 -2.867365 -1.998481 -2.867365 -1.998481 -3.075028 -2.095384 -3.006348 -2.167991 -2.867365 -1.998481 -3.006348 -2.167991 -2.911111 -2.198301 -2.911111 -2.198301 -2.890753 -2.199245 -2.867365 -1.998481 -2.867365 -1.998481 -2.890753 -2.199245 -2.87038 -2.199811 -2.867365 -1.998481 -2.87038 -2.199811 -2.85 -2.2 0 -2.2 -1.083992 -2.004616 -2.85 -2.2 -2.85 -2.2 -1.083992 -2.004616 -1.138992 -1.964656 -2.85 -2.2 -1.138992 -1.964656 -2.234315 -1.752288 -2.234315 -1.752288 -1.138992 -1.964656 -1.16 -1.9 -2.234315 -1.752288 -1.16 -1.9 -1.55 -1.6 -1.55 -1.6 -1.16 -1.9 -1.138992 -1.835344 -1.55 -1.6 -1.138992 -1.835344 -1.35 -1.6 -1.35 -1.6 -1.138992 -1.835344 -1.3 -1.586603 -1.3 -1.586603 -1.138992 -1.835344 -1.083992 -1.795384 -1.3 -1.586603 -1.083992 -1.795384 -1.263398 -1.55 -1.263398 -1.55 -1.083992 -1.795384 -1.016008 -1.795384 -1.263398 -1.55 -1.016008 -1.795384 -0.8366025 -1.55 -0.8366025 -1.55 -1.016008 -1.795384 -0.8 -1.586603 -0.8 -1.586603 -1.016008 -1.795384 -0.9610082 -1.835344 -0.8 -1.586603 -0.9610082 -1.835344 -0.75 -1.6 -0.75 -1.6 -0.9610082 -1.835344 -0.55 -1.6 -0.55 -1.6 -0.9610082 -1.835344 -0.94 -1.9 -0.55 -1.6 -0.94 -1.9 0 -2.2 0 -2.2 -0.94 -1.9 -0.9610082 -1.964656 0 -2.2 -0.9610082 -1.964656 -1.016008 -2.004616 0 0 -0.45 -0.7 0 -2.2 0 -2.2 -0.45 -0.7 -0.45 -1.5 0 -2.2 -0.45 -1.5 -0.4633975 -1.55 -2.85 0 -1.083992 -0.1953837 0 0 0 0 -1.083992 -0.1953837 -1.016008 -0.1953837 0 0 -1.016008 -0.1953837 -0.9610082 -0.2353436 -2.87038 -1.88804e-4 -2.867365 -0.2015192 -2.85 0 -2.85 0 -2.867365 -0.2015192 -2.8 -0.2133975 -2.85 0 -2.8 -0.2133975 -2.756031 -0.265798 -2.87038 -1.88804e-4 -2.890753 -7.55149e-4 -2.867365 -0.2015192 -2.867365 -0.2015192 -2.890753 -7.55149e-4 -2.911111 -0.001698732 -2.867365 -0.2015192 -2.911111 -0.001698732 -3.006348 -0.03200846 -3.006348 -0.03200846 -3.075028 -0.1046161 -2.867365 -0.2015192 -2.867365 -0.2015192 -3.075028 -0.1046161 -2.926604 -0.2357212 -2.926604 -0.2357212 -3.075028 -0.1046161 -3.1 -0.2013899 -2.926604 -0.2357212 -3.1 -0.2013899 -2.95 -0.3 -2.95 -0.3 -3.1 -0.2013899 -3.1 -0.5 -2.95 -0.3 -3.1 -0.5 -2.926604 -0.3642787 -2.926604 -0.3642787 -3.1 -0.5 -2.867365 -0.3984808 -2.867365 -0.3984808 -3.1 -0.5 -3.084776 -0.5765367 -2.867365 -0.3984808 -3.084776 -0.5765367 -3.041421 -0.6414214 -3.041421 -0.6414214 -2.976537 -0.684776 -2.867365 -0.3984808 -2.867365 -0.3984808 -2.976537 -0.684776 -2.9 -0.7 -2.867365 -0.3984808 -2.9 -0.7 -2.85 -0.7 -2.867365 -0.3984808 -2.85 -0.7 -2.8 -0.3866025 -2.8 -0.3866025 -2.85 -0.7 -2.713192 -0.724123 -2.8 -0.3866025 -2.713192 -0.724123 -2.384315 -0.5343146 -2.384315 -0.5343146 -2.713192 -0.724123 -2.360919 -0.5985934 -2.360919 -0.5985934 -2.713192 -0.724123 -2.592885 -0.7935822 -2.360919 -0.5985934 -2.592885 -0.7935822 -2.301679 -0.6327953 -2.301679 -0.6327953 -2.592885 -0.7935822 -2.50359 -0.9 -2.301679 -0.6327953 -2.50359 -0.9 -2.067365 -1.001519 -2.067365 -1.001519 -2.50359 -0.9 -2.126605 -1.035721 -2.126605 -1.035721 -2.50359 -0.9 -2.456077 -1.030541 -2.126605 -1.035721 -2.456077 -1.030541 -2.15 -1.1 -2.15 -1.1 -2.456077 -1.030541 -2.456077 -1.169459 -2.15 -1.1 -2.456077 -1.169459 -2.126605 -1.164279 -2.126605 -1.164279 -2.456077 -1.169459 -2.50359 -1.3 -2.126605 -1.164279 -2.50359 -1.3 -2.067365 -1.198481 -2.067365 -1.198481 -2.50359 -1.3 -2.301679 -1.567205 -2.067365 -1.198481 -2.301679 -1.567205 -2.234315 -1.579083 -2.50359 -1.3 -2.592885 -1.406418 -2.301679 -1.567205 -2.301679 -1.567205 -2.592885 -1.406418 -2.360919 -1.601407 -2.360919 -1.601407 -2.592885 -1.406418 -2.713192 -1.475877 -2.360919 -1.601407 -2.713192 -1.475877 -2.384315 -1.665686 -2.384315 -1.665686 -2.713192 -1.475877 -2.8 -1.813397 -2.384315 -1.665686 -2.8 -1.813397 -2.360919 -1.729964 -2.360919 -1.729964 -2.8 -1.813397 -2.756031 -1.865798 -2.360919 -1.729964 -2.756031 -1.865798 -2.756031 -1.934202 -2.713192 -1.475877 -2.85 -1.5 -2.8 -1.813397 -2.8 -1.813397 -2.85 -1.5 -2.867365 -1.801519 -2.867365 -1.801519 -2.85 -1.5 -2.9 -1.5 -2.867365 -1.801519 -2.9 -1.5 -2.976537 -1.515224 -2.976537 -1.515224 -3.041421 -1.558579 -2.867365 -1.801519 -2.867365 -1.801519 -3.041421 -1.558579 -3.084776 -1.623463 -2.867365 -1.801519 -3.084776 -1.623463 -3.1 -1.7 -1.263398 -1.55 -0.8366025 -1.55 -1.25 -1.5 -1.25 -1.5 -0.8366025 -1.55 -0.85 -1.5 -1.25 -1.5 -0.85 -1.5 -1.25 -0.7 -1.25 -0.7 -0.85 -1.5 -0.85 -0.7 -1.25 -0.7 -0.85 -0.7 -1.263398 -0.65 -1.263398 -0.65 -0.85 -0.7 -0.8366025 -0.65 -1.263398 -0.65 -0.8366025 -0.65 -1.083992 -0.4046162 -1.083992 -0.4046162 -0.8366025 -0.65 -1.016008 -0.4046162 -1.016008 -0.4046162 -0.8366025 -0.65 -0.8 -0.6133975 -1.016008 -0.4046162 -0.8 -0.6133975 -0.9610082 -0.3646564 -0.9610082 -0.3646564 -0.8 -0.6133975 -0.75 -0.6 -0.9610082 -0.3646564 -0.75 -0.6 -0.55 -0.6 -0.5 -0.6133975 0 0 -0.55 -0.6 -0.55 -0.6 0 0 -0.94 -0.3 -0.55 -0.6 -0.94 -0.3 -0.9610082 -0.3646564 -0.5 -0.6133975 -0.4633975 -0.65 0 0 0 0 -0.4633975 -0.65 -0.45 -0.7 -0.4633975 -1.55 -0.5 -1.586603 0 -2.2 0 -2.2 -0.5 -1.586603 -0.55 -1.6 -1.55 -1.6 -1.6 -1.586603 -2.234315 -1.752288 -2.234315 -1.752288 -1.6 -1.586603 -2.190346 -1.699887 -2.190346 -1.699887 -1.6 -1.586603 -1.636603 -1.55 -2.190346 -1.699887 -1.636603 -1.55 -2.190346 -1.631483 -2.190346 -1.631483 -1.636603 -1.55 -1.65 -1.5 -2.190346 -1.631483 -1.65 -1.5 -2.234315 -1.579083 -2.234315 -1.579083 -1.65 -1.5 -2.067365 -1.198481 -1.65 -0.7 -1.956031 -1.065798 -1.65 -1.5 -1.65 -1.5 -1.956031 -1.065798 -1.956031 -1.134202 -1.65 -1.5 -1.956031 -1.134202 -2 -1.186602 -1.636603 -0.65 -2.190346 -0.5685166 -1.65 -0.7 -1.65 -0.7 -2.190346 -0.5685166 -2.234315 -0.6209172 -1.65 -0.7 -2.234315 -0.6209172 -2.067365 -1.001519 -2.067365 -1.001519 -2.234315 -0.6209172 -2.301679 -0.6327953 -2.190346 -0.5685166 -1.636603 -0.65 -2.190346 -0.5001126 -2.190346 -0.5001126 -1.636603 -0.65 -1.6 -0.6133975 -2.190346 -0.5001126 -1.6 -0.6133975 -2.234315 -0.447712 -2.234315 -0.447712 -1.6 -0.6133975 -1.55 -0.6 -2.234315 -0.447712 -1.55 -0.6 -1.16 -0.3 -1.16 -0.3 -1.55 -0.6 -1.138992 -0.3646564 -1.138992 -0.3646564 -1.55 -0.6 -1.35 -0.6 -1.138992 -0.3646564 -1.35 -0.6 -1.3 -0.6133975 -1.138992 -0.3646564 -1.3 -0.6133975 -1.083992 -0.4046162 -1.083992 -0.4046162 -1.3 -0.6133975 -1.263398 -0.65 -1.016008 -2.004616 -1.083992 -2.004616 0 -2.2 -1.16 -0.3 -1.138992 -0.2353436 -2.234315 -0.447712 -2.234315 -0.447712 -1.138992 -0.2353436 -2.85 0 -2.234315 -0.447712 -2.85 0 -2.301679 -0.4358338 -2.301679 -0.4358338 -2.85 0 -2.756031 -0.265798 -2.301679 -0.4358338 -2.756031 -0.265798 -2.360919 -0.4700358 -2.360919 -0.4700358 -2.756031 -0.265798 -2.756031 -0.334202 -2.360919 -0.4700358 -2.756031 -0.334202 -2.8 -0.3866025 -1.138992 -0.2353436 -1.083992 -0.1953837 -2.85 0 -0.9610082 -0.2353436 -0.94 -0.3 0 0 -2.384315 -0.5343146 -2.360919 -0.4700358 -2.8 -0.3866025 -2.067365 -1.001519 -2 -1.013398 -1.65 -0.7 -1.65 -0.7 -2 -1.013398 -1.956031 -1.065798 -2 -1.186602 -2.067365 -1.198481 -1.65 -1.5 -2.234315 -1.752288 -2.301679 -1.764166 -2.85 -2.2 -2.85 -2.2 -2.301679 -1.764166 -2.756031 -1.934202 -2.85 -2.2 -2.756031 -1.934202 -2.8 -1.986603 -2.301679 -1.764166 -2.360919 -1.729964 -2.756031 -1.934202 -2.8 -1.986603 -2.867365 -1.998481 -2.85 -2.2 0.1 0.07499998 -0.1 0.07499998 0.1 -0.07499998 0.1 -0.07499998 -0.1 0.07499998 -0.1 -0.07499998 0.07499998 0.1570796 -0.07499998 0.1570796 0.07499998 0.1047196 0.07499998 0.1047196 -0.07499998 0.1570796 -0.07499998 0.1047196 0.07499998 0.1047196 -0.07499998 0.1047196 0.07499998 0.05235981 0.07499998 0.05235981 -0.07499998 0.1047196 -0.07499998 0.05235981 0.07499998 0.05235981 -0.07499998 0.05235981 -0.07499998 0 -0.07499998 0 0.07499998 0 0.07499998 0.05235981 0.4 0.07499998 -0.4 0.07499998 0.4 -0.07499998 0.4 -0.07499998 -0.4 0.07499998 -0.4 -0.07499998 0.07499998 0.1570796 -0.07499998 0.1570796 0.07499998 0.1047196 0.07499998 0.1047196 -0.07499998 0.1570796 -0.07499998 0.1047196 0.07499998 0.1047196 -0.07499998 0.1047196 0.07499998 0.05235981 0.07499998 0.05235981 -0.07499998 0.1047196 -0.07499998 0.05235981 0.07499998 0.05235981 -0.07499998 0.05235981 -0.07499998 0 -0.07499998 0 0.07499998 0 0.07499998 0.05235981 0.1 0.07499998 -0.1 0.07499998 0.1 -0.07499998 0.1 -0.07499998 -0.1 0.07499998 -0.1 -0.07499998 0.07499998 0.1570796 -0.07499998 0.1570796 0.07499998 0.1047196 0.07499998 0.1047196 -0.07499998 0.1570796 -0.07499998 0.1047196 0.07499998 0.1047196 -0.07499998 0.1047196 0.07499998 0.05235981 0.07499998 0.05235981 -0.07499998 0.1047196 -0.07499998 0.05235981 0.07499998 0.05235981 -0.07499998 0.05235981 -0.07499998 0 -0.07499998 0 0.07499998 0 0.07499998 0.05235981 0.4 0.07499998 -0.4 0.07499998 0.4 -0.07499998 0.4 -0.07499998 -0.4 0.07499998 -0.4 -0.07499998 0.07499998 0.1570796 -0.07499998 0.1570796 0.07499998 0.1047196 0.07499998 0.1047196 -0.07499998 0.1570796 -0.07499998 0.1047196 0.07499998 0.1047196 -0.07499998 0.1047196 0.07499998 0.05235981 0.07499998 0.05235981 -0.07499998 0.1047196 -0.07499998 0.05235981 0.07499998 0.05235981 -0.07499998 0.05235981 -0.07499998 0 -0.07499998 0 0.07499998 0 0.07499998 0.05235981 0.02121317 -0.05969017 0.02121317 0 -0.02121317 0 -0.02121317 0 0.02121317 0 0.02121317 0.05969017 -0.02121317 0 0.02121317 0.05969017 -0.02121317 0.0663225 -0.02121317 0.0663225 0.02121317 0.05969017 0.02121317 0.1193805 -0.02121317 0.0663225 0.02121317 0.1193805 -0.02121317 0.132645 -0.02121317 0.132645 0.02121317 0.1193805 0.02121317 0.1790708 -0.02121317 0.132645 0.02121317 0.1790708 -0.02121317 0.1989675 -0.02121317 0.1989675 0.02121317 0.1790708 0.02121317 0.238761 -0.02121317 0.1989675 0.02121317 0.238761 -0.02121317 0.26529 -0.02121317 0.26529 0.02121317 0.238761 0.02121317 0.2984513 -0.02121317 0.26529 0.02121317 0.2984513 -0.02121317 0.3316125 -0.02121317 -0.26529 0.02121317 -0.2984513 0.02121317 -0.238761 -0.02121317 -0.26529 0.02121317 -0.238761 -0.02121317 -0.1989675 -0.02121317 -0.1989675 0.02121317 -0.238761 0.02121317 -0.1790708 -0.02121317 -0.1989675 0.02121317 -0.1790708 -0.02121317 -0.132645 -0.02121317 -0.132645 0.02121317 -0.1790708 0.02121317 -0.1193805 -0.02121317 -0.132645 0.02121317 -0.1193805 -0.02121317 -0.0663225 -0.02121317 -0.0663225 0.02121317 -0.1193805 0.02121317 -0.05969017 -0.02121317 -0.0663225 0.02121317 -0.05969017 -0.02121317 0 4.965 -0.0558505 5.085 0 4.965 0 4.965 0 5.085 0 5.085 0.0558505 4.965 0 5.085 0.0558505 4.965 0.0558505 4.965 0.0558505 5.085 0.0558505 5.085 0.111701 4.965 0.0558505 5.085 0.111701 4.965 0.111701 4.965 0.111701 5.085 0.111701 5.085 0.1675516 4.965 0.111701 5.085 0.1675516 4.965 0.1675516 4.965 0.1675516 5.085 0.1675516 5.085 0.2234022 4.965 0.1675516 5.085 0.2234022 4.965 0.2234021 4.965 -0.2792527 5.085 -0.2792527 5.085 -0.2234021 4.965 -0.2792527 5.085 -0.2234021 4.965 -0.2234021 4.965 -0.2234021 5.085 -0.2234021 5.085 -0.1675516 4.965 -0.2234021 5.085 -0.1675516 4.965 -0.1675516 4.965 -0.1675516 5.085 -0.1675516 5.085 -0.111701 4.965 -0.1675516 5.085 -0.111701 4.965 -0.111701 4.965 -0.111701 5.085 -0.111701 5.085 -0.0558505 4.965 -0.111701 5.085 -0.0558505 4.965 -0.0558505 4.965 -0.0558505 5.085 -0.0558505 5.085 0 0.02121317 -0.05969017 0.02121317 0 -0.02121317 0 -0.02121317 0 0.02121317 0 0.02121317 0.05969017 -0.02121317 0 0.02121317 0.05969017 -0.02121317 0.0663225 -0.02121317 0.0663225 0.02121317 0.05969017 0.02121317 0.1193805 -0.02121317 0.0663225 0.02121317 0.1193805 -0.02121317 0.132645 -0.02121317 0.132645 0.02121317 0.1193805 0.02121317 0.1790708 -0.02121317 0.132645 0.02121317 0.1790708 -0.02121317 0.1989675 -0.02121317 0.1989675 0.02121317 0.1790708 0.02121317 0.238761 -0.02121317 0.1989675 0.02121317 0.238761 -0.02121317 0.26529 -0.02121317 0.26529 0.02121317 0.238761 0.02121317 0.2984513 -0.02121317 0.26529 0.02121317 0.2984513 -0.02121317 0.3316125 -0.02121317 -0.26529 0.02121317 -0.2984513 0.02121317 -0.238761 -0.02121317 -0.26529 0.02121317 -0.238761 -0.02121317 -0.1989675 -0.02121317 -0.1989675 0.02121317 -0.238761 0.02121317 -0.1790708 -0.02121317 -0.1989675 0.02121317 -0.1790708 -0.02121317 -0.132645 -0.02121317 -0.132645 0.02121317 -0.1790708 0.02121317 -0.1193805 -0.02121317 -0.132645 0.02121317 -0.1193805 -0.02121317 -0.0663225 -0.02121317 -0.0663225 0.02121317 -0.1193805 0.02121317 -0.05969017 -0.02121317 -0.0663225 0.02121317 -0.05969017 -0.02121317 0 4.932 -0.0558505 5.052 0 4.932 0 4.932 0 5.052 0 5.052 0.0558505 4.932 0 5.052 0.0558505 4.932 0.0558505 4.932 0.0558505 5.052 0.0558505 5.052 0.111701 4.932 0.0558505 5.052 0.111701 4.932 0.111701 4.932 0.111701 5.052 0.111701 5.052 0.1675516 4.932 0.111701 5.052 0.1675516 4.932 0.1675516 4.932 0.1675516 5.052 0.1675516 5.052 0.2234022 4.932 0.1675516 5.052 0.2234022 4.932 0.2234021 4.932 -0.2792527 5.052 -0.2792527 5.052 -0.2234021 4.932 -0.2792527 5.052 -0.2234021 4.932 -0.2234021 4.932 -0.2234021 5.052 -0.2234021 5.052 -0.1675516 4.932 -0.2234021 5.052 -0.1675516 4.932 -0.1675516 4.932 -0.1675516 5.052 -0.1675516 5.052 -0.111701 4.932 -0.1675516 5.052 -0.111701 4.932 -0.111701 4.932 -0.111701 5.052 -0.111701 5.052 -0.0558505 4.932 -0.111701 5.052 -0.0558505 4.932 -0.0558505 4.932 -0.0558505 5.052 -0.0558505 5.052 0 0.1356071 0.07499998 -0.1630029 0.07499998 0.1356071 -0.07499998 0.1356071 -0.07499998 -0.1630029 0.07499998 -0.1630029 -0.07499998 -0.1677809 0.3141593 -0.1677809 0.2356194 -0.0177809 0.3141593 -0.0177809 0.3141593 -0.1677809 0.2356194 -0.0177809 0.2356194 -0.0177809 0.2356194 -0.1677809 0.2356194 -0.0177809 0.1570796 -0.0177809 0.1570796 -0.1677809 0.2356194 -0.1677809 0.1570796 -0.0177809 0.1570796 -0.1677809 0.1570796 -0.1677809 0.07853978 -0.0177809 0.1570796 -0.1677809 0.07853978 -0.0177809 0.07853978 -0.0177809 0.07853978 -0.1677809 0.07853978 -0.1677809 0 -0.0177809 0.07853978 -0.1677809 0 -0.0177809 0 0.5123476 0.07499998 0.4623476 0.07499998 0.5123476 -0.07499998 0.5123476 -0.07499998 0.4623476 0.07499998 0.4623476 -0.07499998 0.07499998 1.256637 -0.07499998 1.256637 0.07499998 1.117011 0.07499998 1.117011 -0.07499998 1.256637 -0.07499998 1.117011 0.07499998 1.117011 -0.07499998 1.117011 0.07499998 0.9773844 0.07499998 0.9773844 -0.07499998 1.117011 -0.07499998 0.9773844 0.07499998 0.9773844 -0.07499998 0.9773844 0.07499998 0.8377581 0.07499998 0.8377581 -0.07499998 0.9773844 -0.07499998 0.8377581 0.07499998 0.8377581 -0.07499998 0.8377581 0.07499998 0.6981317 0.07499998 0.6981317 -0.07499998 0.8377581 -0.07499998 0.6981317 0.07499998 0.6981317 -0.07499998 0.6981317 0.07499998 0.5585054 0.07499998 0.5585054 -0.07499998 0.6981317 -0.07499998 0.5585054 0.07499998 0.5585054 -0.07499998 0.5585054 0.07499998 0.418879 0.07499998 0.418879 -0.07499998 0.5585054 -0.07499998 0.418879 0.07499998 0.418879 -0.07499998 0.418879 0.07499998 0.2792527 0.07499998 0.2792527 -0.07499998 0.418879 -0.07499998 0.2792527 0.07499998 0.2792527 -0.07499998 0.2792527 0.07499998 0.1396263 0.07499998 0.1396263 -0.07499998 0.2792527 -0.07499998 0.1396263 0.07499998 0.1396263 -0.07499998 0.1396263 0.07499998 0 0.07499998 0 -0.07499998 0.1396263 -0.07499998 0 -0.4623476 0.07499998 -0.5123476 0.07499998 -0.4623476 -0.07499998 -0.4623476 -0.07499998 -0.5123476 0.07499998 -0.5123476 -0.07499998 -0.1677809 0.3141593 -0.1677809 0.2356194 -0.0177809 0.3141593 -0.0177809 0.3141593 -0.1677809 0.2356194 -0.0177809 0.2356194 -0.0177809 0.2356194 -0.1677809 0.2356194 -0.0177809 0.1570796 -0.0177809 0.1570796 -0.1677809 0.2356194 -0.1677809 0.1570796 -0.0177809 0.1570796 -0.1677809 0.1570796 -0.1677809 0.07853978 -0.0177809 0.1570796 -0.1677809 0.07853978 -0.0177809 0.07853978 -0.0177809 0.07853978 -0.1677809 0.07853978 -0.1677809 0 -0.0177809 0.07853978 -0.1677809 0 -0.0177809 0 0.1630029 0.07499998 -0.1356071 0.07499998 0.1630029 -0.07499998 0.1630029 -0.07499998 -0.1356071 0.07499998 -0.1356071 -0.07499998 -0.170055 0.3030424 -0.170055 0.2020283 -0.02005499 0.3030424 -0.02005499 0.3030424 -0.170055 0.2020283 -0.02005499 0.2020283 -0.02005499 0.2020283 -0.170055 0.2020283 -0.170055 0.1010141 -0.02005499 0.2020283 -0.170055 0.1010141 -0.02005499 0.1010141 -0.02005499 0.1010141 -0.170055 0.1010141 -0.170055 0 -0.02005499 0.1010141 -0.170055 0 -0.02005499 0 -0.1677809 0.3030424 -0.1677809 0.2020283 -0.0177809 0.3030424 -0.0177809 0.3030424 -0.1677809 0.2020283 -0.0177809 0.2020283 -0.0177809 0.2020283 -0.1677809 0.2020283 -0.1677809 0.1010141 -0.0177809 0.2020283 -0.1677809 0.1010141 -0.0177809 0.1010141 -0.0177809 0.1010141 -0.1677809 0.1010141 -0.1677809 0 -0.0177809 0.1010141 -0.1677809 0 -0.0177809 0 -0.675 -0.07499998 2.175 -0.07499998 -0.675 0.07499998 -0.675 0.07499998 2.175 -0.07499998 2.175 0.07499998 -0.03749996 0.07499998 -0.03749996 -0.07499998 0.03749996 0.0549038 0.03749996 0.0549038 -0.03749996 -0.07499998 0.09240376 0 0.09240376 0 -0.03749996 -0.07499998 0.1125 -0.07499998 0 -0.07499998 0.04999995 -0.07499998 0 0.07499998 0 0.07499998 0.04999995 -0.07499998 0.04999995 0.07499998 5.49476 0 5.49476 0.02617985 5.34476 0 5.34476 0 5.49476 0.02617985 5.34476 0.02617985 5.34476 0.02617985 5.49476 0.02617985 5.34476 0.05235981 5.34476 0.05235981 5.49476 0.02617985 5.49476 0.05235981 5.34476 0.05235981 5.49476 0.05235981 5.34476 0.07853978 5.34476 0.07853978 5.49476 0.05235981 5.49476 0.07853978 0.03749996 0.07499998 -0.03749996 0.0549038 0.03749996 -0.07499998 0.03749996 -0.07499998 -0.03749996 0.0549038 -0.09240376 0 0.03749996 -0.07499998 -0.09240376 0 -0.1125 -0.07499998 -0.175 -0.07499998 -0.02499997 -0.07499998 -0.175 0.07499998 -0.175 0.07499998 -0.02499997 -0.07499998 -0.02499997 0.07499998 2.97336 0 -0.92664 0 2.97336 -0.15 2.97336 -0.15 -0.92664 0 -0.92664 -0.15 2.97336 -0.15 -0.92664 -0.15 2.958136 -0.2265366 2.958136 -0.2265366 -0.92664 -0.15 -0.9114159 -0.2265366 2.958136 -0.2265366 -0.9114159 -0.2265366 2.914781 -0.2914214 2.914781 -0.2914214 -0.9114159 -0.2265366 -0.8680614 -0.2914214 2.914781 -0.2914214 -0.8680614 -0.2914214 2.77336 -0.35 2.77336 -0.35 -0.8680614 -0.2914214 -0.72664 -0.35 -0.72664 -0.35 -0.8680614 -0.2914214 -0.8031767 -0.3347759 2.77336 -0.35 2.849897 -0.3347759 2.914781 -0.2914214 0.175 0.07499998 0.02499997 0.07499998 0.175 -0.07499998 0.175 -0.07499998 0.02499997 0.07499998 0.02499997 -0.07499998 -0.03749996 0.07499998 -0.03749996 -0.07499998 0.03749996 0.0549038 0.03749996 0.0549038 -0.03749996 -0.07499998 0.09240376 0 0.09240376 0 -0.03749996 -0.07499998 0.1125 -0.07499998 5.49476 0 5.49476 0.02617985 5.34476 0 5.34476 0 5.49476 0.02617985 5.34476 0.02617985 5.34476 0.02617985 5.49476 0.02617985 5.34476 0.05235981 5.34476 0.05235981 5.49476 0.02617985 5.49476 0.05235981 5.34476 0.05235981 5.49476 0.05235981 5.34476 0.07853978 5.34476 0.07853978 5.49476 0.05235981 5.49476 0.07853978 0 0.07499998 -0.04999995 0.07499998 0 -0.07499998 0 -0.07499998 -0.04999995 0.07499998 -0.04999995 -0.07499998 -0.1125 -0.07499998 0.03749996 -0.07499998 -0.09240376 0 -0.09240376 0 0.03749996 -0.07499998 -0.03749996 0.0549038 -0.03749996 0.0549038 0.03749996 -0.07499998 0.03749996 0.07499998 0.675 0.07499998 -2.175 0.07499998 0.675 -0.07499998 0.675 -0.07499998 -2.175 0.07499998 -2.175 -0.07499998 0.07499998 0.06114256 -0.07499998 0.06114256 0.07499998 0.04076164 0.07499998 0.04076164 -0.07499998 0.06114256 -0.07499998 0.04076164 0.07499998 0.04076164 -0.07499998 0.04076164 0.07499998 0.02038085 0.07499998 0.02038085 -0.07499998 0.04076164 -0.07499998 0.02038085 0.07499998 0.02038085 -0.07499998 0.02038085 0.07499998 0 0.07499998 0 -0.07499998 0.02038085 -0.07499998 0 -0.07499998 3.394609 0.07499998 3.394609 -0.07499998 3.41499 -0.07499998 3.41499 0.07499998 3.394609 0.07499998 3.41499 -0.07499998 3.41499 0.07499998 3.41499 -0.07499998 3.435371 -0.07499998 3.435371 0.07499998 3.41499 0.07499998 3.435371 -0.07499998 3.435371 0.07499998 3.435371 -0.07499998 3.455752 -0.07499998 3.455752 0.07499998 3.435371 0.07499998 3.455752 4.35 0 3.9 -0.7 4.35 -2.2 4.35 -2.2 3.9 -0.7 3.9 -1.5 4.35 -2.2 3.9 -1.5 3.886602 -1.55 1.5 0 3.313892 -0.2212154 4.35 0 4.35 0 3.313892 -0.2212154 3.361284 -0.2485769 4.35 0 3.361284 -0.2485769 3.38 -0.3 1.47962 -1.88804e-4 1.517365 -0.2015192 1.5 0 1.5 0 1.517365 -0.2015192 1.576604 -0.2357212 1.5 0 1.576604 -0.2357212 2.08305 -0.4358338 2.08305 -0.4358338 1.576604 -0.2357212 1.6 -0.3 2.08305 -0.4358338 1.6 -0.3 2.015686 -0.447712 2.015686 -0.447712 1.6 -0.3 1.576604 -0.3642787 2.015686 -0.447712 1.576604 -0.3642787 1.971716 -0.5001126 1.971716 -0.5001126 1.576604 -0.3642787 1.517365 -0.3984808 1.971716 -0.5001126 1.517365 -0.3984808 1.971716 -0.5685166 1.971716 -0.5685166 1.517365 -0.3984808 1.5 -0.7 1.971716 -0.5685166 1.5 -0.7 1.636808 -0.724123 1.517365 -0.2015192 1.47962 -1.88804e-4 1.343652 -0.03200846 1.343652 -0.03200846 1.47962 -1.88804e-4 1.459248 -7.55149e-4 1.343652 -0.03200846 1.459248 -7.55149e-4 1.438889 -0.001698732 1.343652 -0.03200846 1.274972 -0.1046161 1.517365 -0.2015192 1.517365 -0.2015192 1.274972 -0.1046161 1.45 -0.2133975 1.45 -0.2133975 1.274972 -0.1046161 1.25 -0.2013899 1.45 -0.2133975 1.25 -0.2013899 1.406031 -0.265798 1.406031 -0.265798 1.25 -0.2013899 1.406031 -0.334202 1.406031 -0.334202 1.25 -0.2013899 1.25 -0.5 1.406031 -0.334202 1.25 -0.5 1.45 -0.3866025 1.45 -0.3866025 1.25 -0.5 1.517365 -0.3984808 1.517365 -0.3984808 1.25 -0.5 1.265224 -0.5765367 1.517365 -0.3984808 1.265224 -0.5765367 1.5 -0.7 1.5 -0.7 1.265224 -0.5765367 1.308579 -0.6414214 1.5 -0.7 1.308579 -0.6414214 1.45 -0.7 1.45 -0.7 1.308579 -0.6414214 1.373463 -0.684776 1.971716 -0.5685166 1.636808 -0.724123 2.015686 -0.6209172 2.015686 -0.6209172 1.636808 -0.724123 1.757115 -0.7935822 2.015686 -0.6209172 1.757115 -0.7935822 2.08305 -0.6327953 2.08305 -0.6327953 1.757115 -0.7935822 1.84641 -0.9 2.08305 -0.6327953 1.84641 -0.9 2.317365 -1.001519 2.317365 -1.001519 1.84641 -0.9 2.25 -1.013398 2.25 -1.013398 1.84641 -0.9 1.893923 -1.030541 2.25 -1.013398 1.893923 -1.030541 2.206031 -1.065798 2.206031 -1.065798 1.893923 -1.030541 2.206031 -1.134202 2.206031 -1.134202 1.893923 -1.030541 1.893923 -1.169459 2.206031 -1.134202 1.893923 -1.169459 2.25 -1.186602 2.25 -1.186602 1.893923 -1.169459 1.84641 -1.3 2.25 -1.186602 1.84641 -1.3 2.317365 -1.198481 2.317365 -1.198481 1.84641 -1.3 2.08305 -1.567205 2.317365 -1.198481 2.08305 -1.567205 2.7 -1.5 2.7 -1.5 2.08305 -1.567205 2.14229 -1.601407 2.7 -1.5 2.14229 -1.601407 2.713397 -1.55 2.713397 -1.55 2.14229 -1.601407 2.165685 -1.665686 2.713397 -1.55 2.165685 -1.665686 2.75 -1.586603 2.75 -1.586603 2.165685 -1.665686 2.14229 -1.729964 2.75 -1.586603 2.14229 -1.729964 2.8 -1.6 2.8 -1.6 2.14229 -1.729964 3.224825 -1.872638 2.8 -1.6 3.224825 -1.872638 3 -1.6 3 -1.6 3.224825 -1.872638 3.26 -1.830718 3 -1.6 3.26 -1.830718 3.05 -1.586603 3.05 -1.586603 3.26 -1.830718 3.313892 -1.821215 3.05 -1.586603 3.313892 -1.821215 3.55 -1.586603 3.55 -1.586603 3.313892 -1.821215 3.6 -1.6 3.6 -1.6 3.313892 -1.821215 3.361284 -1.848577 3.6 -1.6 3.361284 -1.848577 3.8 -1.6 3.8 -1.6 3.361284 -1.848577 3.38 -1.9 3.8 -1.6 3.38 -1.9 4.35 -2.2 4.35 -2.2 3.38 -1.9 3.361284 -1.951423 4.35 -2.2 3.361284 -1.951423 3.313892 -1.978785 1.84641 -1.3 1.757115 -1.406418 2.08305 -1.567205 2.08305 -1.567205 1.757115 -1.406418 2.015686 -1.579083 2.015686 -1.579083 1.757115 -1.406418 1.636808 -1.475877 2.015686 -1.579083 1.636808 -1.475877 1.971716 -1.631483 1.971716 -1.631483 1.636808 -1.475877 1.5 -1.5 1.971716 -1.631483 1.5 -1.5 1.517365 -1.801519 1.517365 -1.801519 1.5 -1.5 1.265224 -1.623463 1.517365 -1.801519 1.265224 -1.623463 1.25 -1.7 1.265224 -1.623463 1.5 -1.5 1.308579 -1.558579 1.308579 -1.558579 1.5 -1.5 1.45 -1.5 1.308579 -1.558579 1.45 -1.5 1.373463 -1.515224 1.25 -1.99861 1.406031 -1.865798 1.25 -1.7 1.25 -1.7 1.406031 -1.865798 1.45 -1.813397 1.25 -1.7 1.45 -1.813397 1.517365 -1.801519 1.274972 -2.095384 1.45 -1.986603 1.25 -1.99861 1.25 -1.99861 1.45 -1.986603 1.406031 -1.934202 1.25 -1.99861 1.406031 -1.934202 1.406031 -1.865798 1.45 -1.986603 1.274972 -2.095384 1.517365 -1.998481 1.517365 -1.998481 1.274972 -2.095384 1.343652 -2.167991 1.517365 -1.998481 1.343652 -2.167991 1.47962 -2.199811 1.47962 -2.199811 1.343652 -2.167991 1.459248 -2.199245 1.459248 -2.199245 1.343652 -2.167991 1.438889 -2.198301 1.47962 -2.199811 1.5 -2.2 1.517365 -1.998481 1.517365 -1.998481 1.5 -2.2 1.576604 -1.964279 1.576604 -1.964279 1.5 -2.2 2.08305 -1.764166 1.576604 -1.964279 2.08305 -1.764166 1.6 -1.9 1.6 -1.9 2.08305 -1.764166 2.015686 -1.752288 1.6 -1.9 2.015686 -1.752288 1.576604 -1.835721 1.576604 -1.835721 2.015686 -1.752288 1.971716 -1.699887 1.576604 -1.835721 1.971716 -1.699887 1.517365 -1.801519 1.517365 -1.801519 1.971716 -1.699887 1.971716 -1.631483 4.35 -2.2 3.313892 -1.978785 1.5 -2.2 1.5 -2.2 3.313892 -1.978785 3.26 -1.969282 1.5 -2.2 3.26 -1.969282 2.08305 -1.764166 2.08305 -1.764166 3.26 -1.969282 3.224825 -1.927362 2.08305 -1.764166 3.224825 -1.927362 2.14229 -1.729964 2.14229 -1.729964 3.224825 -1.927362 3.224825 -1.872638 2.7 -0.7 2.4 -1.1 2.7 -1.5 2.7 -1.5 2.4 -1.1 2.376605 -1.164279 2.7 -1.5 2.376605 -1.164279 2.317365 -1.198481 2.713397 -0.65 2.14229 -0.5985934 2.7 -0.7 2.7 -0.7 2.14229 -0.5985934 2.08305 -0.6327953 2.7 -0.7 2.08305 -0.6327953 2.317365 -1.001519 2.14229 -0.5985934 2.713397 -0.65 2.165685 -0.5343146 2.165685 -0.5343146 2.713397 -0.65 2.75 -0.6133975 2.165685 -0.5343146 2.75 -0.6133975 2.14229 -0.4700358 2.14229 -0.4700358 2.75 -0.6133975 2.8 -0.6 2.14229 -0.4700358 2.8 -0.6 3.224825 -0.3273616 3.224825 -0.3273616 2.8 -0.6 3 -0.6 3.224825 -0.3273616 3 -0.6 3.26 -0.369282 3.26 -0.369282 3 -0.6 3.05 -0.6133975 3.26 -0.369282 3.05 -0.6133975 3.313892 -0.3787846 3.313892 -0.3787846 3.05 -0.6133975 3.55 -0.6133975 3.313892 -0.3787846 3.55 -0.6133975 3.6 -0.6 3.55 -0.6133975 3.05 -0.6133975 3.513398 -0.65 3.513398 -0.65 3.05 -0.6133975 3.086603 -0.65 3.513398 -0.65 3.086603 -0.65 3.5 -0.7 3.5 -0.7 3.086603 -0.65 3.1 -0.7 3.5 -0.7 3.1 -0.7 3.5 -1.5 3.5 -1.5 3.1 -0.7 3.1 -1.5 3.5 -1.5 3.1 -1.5 3.513398 -1.55 3.513398 -1.55 3.1 -1.5 3.086603 -1.55 3.513398 -1.55 3.086603 -1.55 3.55 -1.586603 3.55 -1.586603 3.086603 -1.55 3.05 -1.586603 3.313892 -0.3787846 3.6 -0.6 3.361284 -0.351423 3.361284 -0.351423 3.6 -0.6 3.8 -0.6 3.361284 -0.351423 3.8 -0.6 3.38 -0.3 3.38 -0.3 3.8 -0.6 4.35 0 3.8 -0.6 3.85 -0.6133975 4.35 0 4.35 0 3.85 -0.6133975 3.886602 -0.65 4.35 0 3.886602 -0.65 3.9 -0.7 3.886602 -1.55 3.85 -1.586603 4.35 -2.2 4.35 -2.2 3.85 -1.586603 3.8 -1.6 3.224825 -0.3273616 3.224825 -0.2726384 2.14229 -0.4700358 2.14229 -0.4700358 3.224825 -0.2726384 2.08305 -0.4358338 2.08305 -0.4358338 3.224825 -0.2726384 3.26 -0.230718 2.08305 -0.4358338 3.26 -0.230718 1.5 0 1.5 0 3.26 -0.230718 3.313892 -0.2212154 2.317365 -1.001519 2.376605 -1.035721 2.7 -0.7 2.7 -0.7 2.376605 -1.035721 2.4 -1.1 0.1 0.07499998 -0.1 0.07499998 0.1 -0.07499998 0.1 -0.07499998 -0.1 0.07499998 -0.1 -0.07499998 0.07499998 0 0.07499998 0.05235981 -0.07499998 0 -0.07499998 0 0.07499998 0.05235981 -0.07499998 0.05235981 -0.07499998 0.05235981 0.07499998 0.05235981 -0.07499998 0.1047196 -0.07499998 0.1047196 0.07499998 0.05235981 0.07499998 0.1047196 -0.07499998 0.1047196 0.07499998 0.1047196 -0.07499998 0.1570796 -0.07499998 0.1570796 0.07499998 0.1047196 0.07499998 0.1570796 0.4 0.07499998 -0.4 0.07499998 0.4 -0.07499998 0.4 -0.07499998 -0.4 0.07499998 -0.4 -0.07499998 0.07499998 0 0.07499998 0.05235981 -0.07499998 0 -0.07499998 0 0.07499998 0.05235981 -0.07499998 0.05235981 -0.07499998 0.05235981 0.07499998 0.05235981 -0.07499998 0.1047196 -0.07499998 0.1047196 0.07499998 0.05235981 0.07499998 0.1047196 -0.07499998 0.1047196 0.07499998 0.1047196 -0.07499998 0.1570796 -0.07499998 0.1570796 0.07499998 0.1047196 0.07499998 0.1570796 0.1 0.07499998 -0.1 0.07499998 0.1 -0.07499998 0.1 -0.07499998 -0.1 0.07499998 -0.1 -0.07499998 0.07499998 0 0.07499998 0.05235981 -0.07499998 0 -0.07499998 0 0.07499998 0.05235981 -0.07499998 0.05235981 -0.07499998 0.05235981 0.07499998 0.05235981 -0.07499998 0.1047196 -0.07499998 0.1047196 0.07499998 0.05235981 0.07499998 0.1047196 -0.07499998 0.1047196 0.07499998 0.1047196 -0.07499998 0.1570796 -0.07499998 0.1570796 0.07499998 0.1047196 0.07499998 0.1570796 0.4 0.07499998 -0.4 0.07499998 0.4 -0.07499998 0.4 -0.07499998 -0.4 0.07499998 -0.4 -0.07499998 0.07499998 0 0.07499998 0.05235981 -0.07499998 0 -0.07499998 0 0.07499998 0.05235981 -0.07499998 0.05235981 -0.07499998 0.05235981 0.07499998 0.05235981 -0.07499998 0.1047196 -0.07499998 0.1047196 0.07499998 0.05235981 0.07499998 0.1047196 -0.07499998 0.1047196 0.07499998 0.1047196 -0.07499998 0.1570796 -0.07499998 0.1570796 0.07499998 0.1047196 0.07499998 0.1570796 -1.25 -1.7 -1.406031 -1.865798 -1.25 -1.99861 -1.25 -1.99861 -1.406031 -1.865798 -1.406031 -1.934202 -1.25 -1.99861 -1.406031 -1.934202 -1.45 -1.986603 -1.265224 -1.623463 -1.517365 -1.801519 -1.25 -1.7 -1.25 -1.7 -1.517365 -1.801519 -1.45 -1.813397 -1.25 -1.7 -1.45 -1.813397 -1.406031 -1.865798 -1.517365 -1.801519 -1.265224 -1.623463 -1.5 -1.5 -1.5 -1.5 -1.265224 -1.623463 -1.308579 -1.558579 -1.5 -1.5 -1.308579 -1.558579 -1.45 -1.5 -1.45 -1.5 -1.308579 -1.558579 -1.373463 -1.515224 -1.517365 -1.801519 -1.5 -1.5 -1.971716 -1.631483 -1.971716 -1.631483 -1.5 -1.5 -1.636808 -1.475877 -1.971716 -1.631483 -1.636808 -1.475877 -2.015686 -1.579083 -2.015686 -1.579083 -1.636808 -1.475877 -1.757115 -1.406418 -2.015686 -1.579083 -1.757115 -1.406418 -2.08305 -1.567205 -2.08305 -1.567205 -1.757115 -1.406418 -1.84641 -1.3 -2.08305 -1.567205 -1.84641 -1.3 -2.317365 -1.198481 -2.317365 -1.198481 -1.84641 -1.3 -2.25 -1.186602 -2.25 -1.186602 -1.84641 -1.3 -1.893923 -1.169459 -2.25 -1.186602 -1.893923 -1.169459 -2.206031 -1.134202 -2.206031 -1.134202 -1.893923 -1.169459 -1.893923 -1.030541 -2.206031 -1.134202 -1.893923 -1.030541 -2.206031 -1.065798 -2.206031 -1.065798 -1.893923 -1.030541 -2.25 -1.013398 -2.25 -1.013398 -1.893923 -1.030541 -1.84641 -0.9 -2.25 -1.013398 -1.84641 -0.9 -2.317365 -1.001519 -2.317365 -1.001519 -1.84641 -0.9 -2.08305 -0.6327953 -2.317365 -1.001519 -2.08305 -0.6327953 -2.7 -0.7 -2.7 -0.7 -2.08305 -0.6327953 -2.14229 -0.5985934 -2.7 -0.7 -2.14229 -0.5985934 -2.713397 -0.65 -2.713397 -0.65 -2.14229 -0.5985934 -2.165685 -0.5343146 -2.713397 -0.65 -2.165685 -0.5343146 -2.75 -0.6133975 -2.75 -0.6133975 -2.165685 -0.5343146 -2.14229 -0.4700358 -2.75 -0.6133975 -2.14229 -0.4700358 -2.8 -0.6 -2.8 -0.6 -2.14229 -0.4700358 -3.224825 -0.3273616 -2.8 -0.6 -3.224825 -0.3273616 -3 -0.6 -3 -0.6 -3.224825 -0.3273616 -3.26 -0.369282 -3 -0.6 -3.26 -0.369282 -3.05 -0.6133975 -3.05 -0.6133975 -3.26 -0.369282 -3.313892 -0.3787846 -3.05 -0.6133975 -3.313892 -0.3787846 -3.55 -0.6133975 -3.55 -0.6133975 -3.313892 -0.3787846 -3.6 -0.6 -3.6 -0.6 -3.313892 -0.3787846 -3.361284 -0.351423 -3.6 -0.6 -3.361284 -0.351423 -3.8 -0.6 -3.8 -0.6 -3.361284 -0.351423 -3.38 -0.3 -3.8 -0.6 -3.38 -0.3 -4.35 0 -4.35 0 -3.38 -0.3 -3.361284 -0.2485769 -4.35 0 -3.361284 -0.2485769 -3.313892 -0.2212154 -1.84641 -0.9 -1.757115 -0.7935822 -2.08305 -0.6327953 -2.08305 -0.6327953 -1.757115 -0.7935822 -2.015686 -0.6209172 -2.015686 -0.6209172 -1.757115 -0.7935822 -1.636808 -0.724123 -2.015686 -0.6209172 -1.636808 -0.724123 -1.971716 -0.5685166 -1.971716 -0.5685166 -1.636808 -0.724123 -1.5 -0.7 -1.971716 -0.5685166 -1.5 -0.7 -1.517365 -0.3984808 -1.517365 -0.3984808 -1.5 -0.7 -1.265224 -0.5765367 -1.517365 -0.3984808 -1.265224 -0.5765367 -1.25 -0.5 -1.265224 -0.5765367 -1.5 -0.7 -1.308579 -0.6414214 -1.308579 -0.6414214 -1.5 -0.7 -1.45 -0.7 -1.308579 -0.6414214 -1.45 -0.7 -1.373463 -0.684776 -1.25 -0.2013899 -1.406031 -0.334202 -1.25 -0.5 -1.25 -0.5 -1.406031 -0.334202 -1.45 -0.3866025 -1.25 -0.5 -1.45 -0.3866025 -1.517365 -0.3984808 -1.274972 -0.1046161 -1.45 -0.2133975 -1.25 -0.2013899 -1.25 -0.2013899 -1.45 -0.2133975 -1.406031 -0.265798 -1.25 -0.2013899 -1.406031 -0.265798 -1.406031 -0.334202 -1.45 -0.2133975 -1.274972 -0.1046161 -1.517365 -0.2015192 -1.517365 -0.2015192 -1.274972 -0.1046161 -1.343652 -0.03200846 -1.517365 -0.2015192 -1.343652 -0.03200846 -1.47962 -1.88804e-4 -1.47962 -1.88804e-4 -1.343652 -0.03200846 -1.459248 -7.55149e-4 -1.459248 -7.55149e-4 -1.343652 -0.03200846 -1.438889 -0.001698732 -1.47962 -1.88804e-4 -1.5 0 -1.517365 -0.2015192 -1.517365 -0.2015192 -1.5 0 -1.576604 -0.2357212 -1.576604 -0.2357212 -1.5 0 -2.08305 -0.4358338 -1.576604 -0.2357212 -2.08305 -0.4358338 -1.6 -0.3 -1.6 -0.3 -2.08305 -0.4358338 -2.015686 -0.447712 -1.6 -0.3 -2.015686 -0.447712 -1.576604 -0.3642787 -1.576604 -0.3642787 -2.015686 -0.447712 -1.971716 -0.5001126 -1.576604 -0.3642787 -1.971716 -0.5001126 -1.517365 -0.3984808 -1.517365 -0.3984808 -1.971716 -0.5001126 -1.971716 -0.5685166 -4.35 0 -3.313892 -0.2212154 -1.5 0 -1.5 0 -3.313892 -0.2212154 -3.26 -0.230718 -1.5 0 -3.26 -0.230718 -2.08305 -0.4358338 -2.08305 -0.4358338 -3.26 -0.230718 -3.224825 -0.2726384 -2.08305 -0.4358338 -3.224825 -0.2726384 -2.14229 -0.4700358 -2.14229 -0.4700358 -3.224825 -0.2726384 -3.224825 -0.3273616 -4.35 -2.2 -3.9 -0.7 -4.35 0 -4.35 0 -3.9 -0.7 -3.886602 -0.65 -4.35 0 -3.886602 -0.65 -3.85 -0.6133975 -1.5 -2.2 -3.313892 -1.978785 -4.35 -2.2 -4.35 -2.2 -3.313892 -1.978785 -3.361284 -1.951423 -4.35 -2.2 -3.361284 -1.951423 -3.38 -1.9 -1.47962 -2.199811 -1.517365 -1.998481 -1.5 -2.2 -1.5 -2.2 -1.517365 -1.998481 -1.576604 -1.964279 -1.5 -2.2 -1.576604 -1.964279 -2.08305 -1.764166 -2.08305 -1.764166 -1.576604 -1.964279 -1.6 -1.9 -2.08305 -1.764166 -1.6 -1.9 -2.015686 -1.752288 -2.015686 -1.752288 -1.6 -1.9 -1.576604 -1.835721 -2.015686 -1.752288 -1.576604 -1.835721 -1.971716 -1.699887 -1.971716 -1.699887 -1.576604 -1.835721 -1.517365 -1.801519 -1.971716 -1.699887 -1.517365 -1.801519 -1.971716 -1.631483 -1.517365 -1.998481 -1.47962 -2.199811 -1.343652 -2.167991 -1.343652 -2.167991 -1.47962 -2.199811 -1.459248 -2.199245 -1.343652 -2.167991 -1.459248 -2.199245 -1.438889 -2.198301 -1.343652 -2.167991 -1.274972 -2.095384 -1.517365 -1.998481 -1.517365 -1.998481 -1.274972 -2.095384 -1.45 -1.986603 -1.45 -1.986603 -1.274972 -2.095384 -1.25 -1.99861 -3.8 -1.6 -3.361284 -1.848577 -3.6 -1.6 -3.6 -1.6 -3.361284 -1.848577 -3.313892 -1.821215 -3.6 -1.6 -3.313892 -1.821215 -3.55 -1.586603 -3.55 -1.586603 -3.313892 -1.821215 -3.05 -1.586603 -3.55 -1.586603 -3.05 -1.586603 -3.513398 -1.55 -3.513398 -1.55 -3.05 -1.586603 -3.086603 -1.55 -3.513398 -1.55 -3.086603 -1.55 -3.5 -1.5 -3.5 -1.5 -3.086603 -1.55 -3.1 -1.5 -3.5 -1.5 -3.1 -1.5 -3.5 -0.7 -3.5 -0.7 -3.1 -1.5 -3.1 -0.7 -3.5 -0.7 -3.1 -0.7 -3.513398 -0.65 -3.513398 -0.65 -3.1 -0.7 -3.086603 -0.65 -3.513398 -0.65 -3.086603 -0.65 -3.55 -0.6133975 -3.55 -0.6133975 -3.086603 -0.65 -3.05 -0.6133975 -3.85 -1.586603 -4.35 -2.2 -3.8 -1.6 -3.8 -1.6 -4.35 -2.2 -3.38 -1.9 -3.8 -1.6 -3.38 -1.9 -3.361284 -1.848577 -3.85 -1.586603 -3.886602 -1.55 -4.35 -2.2 -4.35 -2.2 -3.886602 -1.55 -3.9 -1.5 -4.35 -2.2 -3.9 -1.5 -3.9 -0.7 -3.85 -0.6133975 -3.8 -0.6 -4.35 0 -3 -1.6 -3.224825 -1.872638 -2.8 -1.6 -2.8 -1.6 -3.224825 -1.872638 -2.14229 -1.729964 -2.8 -1.6 -2.14229 -1.729964 -2.75 -1.586603 -2.75 -1.586603 -2.14229 -1.729964 -2.165685 -1.665686 -2.75 -1.586603 -2.165685 -1.665686 -2.713397 -1.55 -2.713397 -1.55 -2.165685 -1.665686 -2.14229 -1.601407 -2.713397 -1.55 -2.14229 -1.601407 -2.7 -1.5 -2.7 -1.5 -2.14229 -1.601407 -2.08305 -1.567205 -2.7 -1.5 -2.08305 -1.567205 -2.317365 -1.198481 -3.224825 -1.872638 -3 -1.6 -3.26 -1.830718 -3.26 -1.830718 -3 -1.6 -3.05 -1.586603 -3.26 -1.830718 -3.05 -1.586603 -3.313892 -1.821215 -2.7 -1.5 -2.4 -1.1 -2.7 -0.7 -2.7 -0.7 -2.4 -1.1 -2.376605 -1.035721 -2.7 -0.7 -2.376605 -1.035721 -2.317365 -1.001519 -3.224825 -1.872638 -3.224825 -1.927362 -2.14229 -1.729964 -2.14229 -1.729964 -3.224825 -1.927362 -2.08305 -1.764166 -2.08305 -1.764166 -3.224825 -1.927362 -3.26 -1.969282 -2.08305 -1.764166 -3.26 -1.969282 -1.5 -2.2 -1.5 -2.2 -3.26 -1.969282 -3.313892 -1.978785 -2.317365 -1.198481 -2.376605 -1.164279 -2.7 -1.5 -2.7 -1.5 -2.376605 -1.164279 -2.4 -1.1 0.1 0.07499998 -0.1 0.07499998 0.1 -0.07499998 0.1 -0.07499998 -0.1 0.07499998 -0.1 -0.07499998 0.07499998 0 0.07499998 0.05235981 -0.07499998 0 -0.07499998 0 0.07499998 0.05235981 -0.07499998 0.05235981 -0.07499998 0.05235981 0.07499998 0.05235981 -0.07499998 0.1047196 -0.07499998 0.1047196 0.07499998 0.05235981 0.07499998 0.1047196 -0.07499998 0.1047196 0.07499998 0.1047196 -0.07499998 0.1570796 -0.07499998 0.1570796 0.07499998 0.1047196 0.07499998 0.1570796 0.4 0.07499998 -0.4 0.07499998 0.4 -0.07499998 0.4 -0.07499998 -0.4 0.07499998 -0.4 -0.07499998 0.07499998 0 0.07499998 0.05235981 -0.07499998 0 -0.07499998 0 0.07499998 0.05235981 -0.07499998 0.05235981 -0.07499998 0.05235981 0.07499998 0.05235981 -0.07499998 0.1047196 -0.07499998 0.1047196 0.07499998 0.05235981 0.07499998 0.1047196 -0.07499998 0.1047196 0.07499998 0.1047196 -0.07499998 0.1570796 -0.07499998 0.1570796 0.07499998 0.1047196 0.07499998 0.1570796 0.1 0.07499998 -0.1 0.07499998 0.1 -0.07499998 0.1 -0.07499998 -0.1 0.07499998 -0.1 -0.07499998 0.07499998 0 0.07499998 0.05235981 -0.07499998 0 -0.07499998 0 0.07499998 0.05235981 -0.07499998 0.05235981 -0.07499998 0.05235981 0.07499998 0.05235981 -0.07499998 0.1047196 -0.07499998 0.1047196 0.07499998 0.05235981 0.07499998 0.1047196 -0.07499998 0.1047196 0.07499998 0.1047196 -0.07499998 0.1570796 -0.07499998 0.1570796 0.07499998 0.1047196 0.07499998 0.1570796 0.4 0.07499998 -0.4 0.07499998 0.4 -0.07499998 0.4 -0.07499998 -0.4 0.07499998 -0.4 -0.07499998 0.07499998 0 0.07499998 0.05235981 -0.07499998 0 -0.07499998 0 0.07499998 0.05235981 -0.07499998 0.05235981 -0.07499998 0.05235981 0.07499998 0.05235981 -0.07499998 0.1047196 -0.07499998 0.1047196 0.07499998 0.05235981 0.07499998 0.1047196 -0.07499998 0.1047196 0.07499998 0.1047196 -0.07499998 0.1570796 -0.07499998 0.1570796 0.07499998 0.1047196 0.07499998 0.1570796 0.715 0.1954768 0.8650001 0.1954768 0.715 0.2513274 0.715 0.2513274 0.8650001 0.1954768 0.8650001 0.2513274 0.715 -0.2513274 0.8650001 -0.2513274 0.715 -0.1954768 0.715 -0.1954768 0.8650001 -0.2513274 0.8650001 -0.1954768 0.715 -0.1954768 0.8650001 -0.1954768 0.715 -0.1396263 0.715 -0.1396263 0.8650001 -0.1954768 0.8650001 -0.1396263 0.715 -0.1396263 0.8650001 -0.1396263 0.715 -0.08377575 0.715 -0.08377575 0.8650001 -0.1396263 0.8650001 -0.08377575 0.715 -0.08377575 0.8650001 -0.08377575 0.715 -0.02792525 0.715 -0.02792525 0.8650001 -0.08377575 0.8650001 -0.02792525 0.715 -0.02792525 0.8650001 -0.02792525 0.715 0.02792525 0.715 0.02792525 0.8650001 -0.02792525 0.8650001 0.02792525 0.715 0.02792525 0.8650001 0.02792525 0.715 0.08377575 0.715 0.08377575 0.8650001 0.02792525 0.8650001 0.08377575 0.715 0.08377575 0.8650001 0.08377575 0.715 0.1396263 0.715 0.1396263 0.8650001 0.08377575 0.8650001 0.1396263 0.715 0.1396263 0.8650001 0.1396263 0.715 0.1954768 0.715 0.1954768 0.8650001 0.1396263 0.8650001 0.1954768 0.6820001 0.1954768 0.832 0.1954768 0.6820001 0.2513274 0.6820001 0.2513274 0.832 0.1954768 0.832 0.2513274 0.6820001 -0.2513274 0.832 -0.2513274 0.6820001 -0.1954768 0.6820001 -0.1954768 0.832 -0.2513274 0.832 -0.1954768 0.6820001 -0.1954768 0.832 -0.1954768 0.6820001 -0.1396263 0.6820001 -0.1396263 0.832 -0.1954768 0.832 -0.1396263 0.6820001 -0.1396263 0.832 -0.1396263 0.6820001 -0.08377575 0.6820001 -0.08377575 0.832 -0.1396263 0.832 -0.08377575 0.6820001 -0.08377575 0.832 -0.08377575 0.6820001 -0.02792525 0.6820001 -0.02792525 0.832 -0.08377575 0.832 -0.02792525 0.6820001 -0.02792525 0.832 -0.02792525 0.6820001 0.02792525 0.6820001 0.02792525 0.832 -0.02792525 0.832 0.02792525 0.6820001 0.02792525 0.832 0.02792525 0.6820001 0.08377575 0.6820001 0.08377575 0.832 0.02792525 0.832 0.08377575 0.6820001 0.08377575 0.832 0.08377575 0.6820001 0.1396263 0.6820001 0.1396263 0.832 0.08377575 0.832 0.1396263 0.6820001 0.1396263 0.832 0.1396263 0.6820001 0.1954768 0.6820001 0.1954768 0.832 0.1396263 0.832 0.1954768 0.1630029 0.07499998 -0.1356071 0.07499998 0.1630029 -0.07499998 0.1630029 -0.07499998 -0.1356071 0.07499998 -0.1356071 -0.07499998 -0.1677809 0.3030424 -0.1677809 0.2020283 -0.0177809 0.3030424 -0.0177809 0.3030424 -0.1677809 0.2020283 -0.0177809 0.2020283 -0.0177809 0.2020283 -0.1677809 0.2020283 -0.1677809 0.1010141 -0.0177809 0.2020283 -0.1677809 0.1010141 -0.0177809 0.1010141 -0.0177809 0.1010141 -0.1677809 0.1010141 -0.1677809 0 -0.0177809 0.1010141 -0.1677809 0 -0.0177809 0 -0.1677809 0.3141593 -0.1677809 0.2356194 -0.0177809 0.3141593 -0.0177809 0.3141593 -0.1677809 0.2356194 -0.0177809 0.2356194 -0.0177809 0.2356194 -0.1677809 0.2356194 -0.0177809 0.1570796 -0.0177809 0.1570796 -0.1677809 0.2356194 -0.1677809 0.1570796 -0.0177809 0.1570796 -0.1677809 0.1570796 -0.1677809 0.07853978 -0.0177809 0.1570796 -0.1677809 0.07853978 -0.0177809 0.07853978 -0.0177809 0.07853978 -0.1677809 0.07853978 -0.1677809 0 -0.0177809 0.07853978 -0.1677809 0 -0.0177809 0 -0.4623476 0.07499998 -0.5123476 0.07499998 -0.4623476 -0.07499998 -0.4623476 -0.07499998 -0.5123476 0.07499998 -0.5123476 -0.07499998 -0.07499998 0 0.07499998 0 -0.07499998 0.1396263 -0.07499998 0.1396263 0.07499998 0 0.07499998 0.1396263 -0.07499998 0.1396263 0.07499998 0.1396263 -0.07499998 0.2792527 -0.07499998 0.2792527 0.07499998 0.1396263 0.07499998 0.2792527 -0.07499998 0.2792527 0.07499998 0.2792527 -0.07499998 0.418879 -0.07499998 0.418879 0.07499998 0.2792527 0.07499998 0.418879 -0.07499998 0.418879 0.07499998 0.418879 -0.07499998 0.5585054 -0.07499998 0.5585054 0.07499998 0.418879 0.07499998 0.5585054 -0.07499998 0.5585054 0.07499998 0.5585054 -0.07499998 0.6981317 -0.07499998 0.6981317 0.07499998 0.5585054 0.07499998 0.6981317 -0.07499998 0.6981317 0.07499998 0.6981317 -0.07499998 0.8377581 -0.07499998 0.8377581 0.07499998 0.6981317 0.07499998 0.8377581 -0.07499998 0.8377581 0.07499998 0.8377581 -0.07499998 0.9773844 -0.07499998 0.9773844 0.07499998 0.8377581 0.07499998 0.9773844 -0.07499998 0.9773844 0.07499998 0.9773844 -0.07499998 1.117011 -0.07499998 1.117011 0.07499998 0.9773844 0.07499998 1.117011 -0.07499998 1.117011 0.07499998 1.117011 -0.07499998 1.256637 -0.07499998 1.256637 0.07499998 1.117011 0.07499998 1.256637 0.5123476 0.07499998 0.4623476 0.07499998 0.5123476 -0.07499998 0.5123476 -0.07499998 0.4623476 0.07499998 0.4623476 -0.07499998 -0.1677809 0.3141593 -0.1677809 0.2356194 -0.0177809 0.3141593 -0.0177809 0.3141593 -0.1677809 0.2356194 -0.0177809 0.2356194 -0.0177809 0.2356194 -0.1677809 0.2356194 -0.0177809 0.1570796 -0.0177809 0.1570796 -0.1677809 0.2356194 -0.1677809 0.1570796 -0.0177809 0.1570796 -0.1677809 0.1570796 -0.1677809 0.07853978 -0.0177809 0.1570796 -0.1677809 0.07853978 -0.0177809 0.07853978 -0.0177809 0.07853978 -0.1677809 0.07853978 -0.1677809 0 -0.0177809 0.07853978 -0.1677809 0 -0.0177809 0 0.1356071 0.07499998 -0.1630029 0.07499998 0.1356071 -0.07499998 0.1356071 -0.07499998 -0.1630029 0.07499998 -0.1630029 -0.07499998 -0.1677809 0.3030424 -0.1677809 0.2020283 -0.0177809 0.3030424 -0.0177809 0.3030424 -0.1677809 0.2020283 -0.0177809 0.2020283 -0.0177809 0.2020283 -0.1677809 0.2020283 -0.1677809 0.1010141 -0.0177809 0.2020283 -0.1677809 0.1010141 -0.0177809 0.1010141 -0.0177809 0.1010141 -0.1677809 0.1010141 -0.1677809 0 -0.0177809 0.1010141 -0.1677809 0 -0.0177809 0 -0.675 -0.07499998 2.175 -0.07499998 -0.675 0.07499998 -0.675 0.07499998 2.175 -0.07499998 2.175 0.07499998 -0.03749996 0.07499998 -0.03749996 -0.07499998 0.03749996 0.0549038 0.03749996 0.0549038 -0.03749996 -0.07499998 0.09240376 0 0.09240376 0 -0.03749996 -0.07499998 0.1125 -0.07499998 0 -0.07499998 0.04999995 -0.07499998 0 0.07499998 0 0.07499998 0.04999995 -0.07499998 0.04999995 0.07499998 5.49476 0 5.49476 0.02617985 5.34476 0 5.34476 0 5.49476 0.02617985 5.34476 0.02617985 5.34476 0.02617985 5.49476 0.02617985 5.34476 0.05235981 5.34476 0.05235981 5.49476 0.02617985 5.49476 0.05235981 5.34476 0.05235981 5.49476 0.05235981 5.34476 0.07853978 5.34476 0.07853978 5.49476 0.05235981 5.49476 0.07853978 0.03749996 0.07499998 -0.03749996 0.0549038 0.03749996 -0.07499998 0.03749996 -0.07499998 -0.03749996 0.0549038 -0.09240376 0 0.03749996 -0.07499998 -0.09240376 0 -0.1125 -0.07499998 -0.175 -0.07499998 -0.02499997 -0.07499998 -0.175 0.07499998 -0.175 0.07499998 -0.02499997 -0.07499998 -0.02499997 0.07499998 -0.1677809 0.3141593 -0.1677809 0.2356194 -0.0177809 0.3141593 -0.0177809 0.3141593 -0.1677809 0.2356194 -0.0177809 0.2356194 -0.0177809 0.2356194 -0.1677809 0.2356194 -0.0177809 0.1570796 -0.0177809 0.1570796 -0.1677809 0.2356194 -0.1677809 0.1570796 -0.0177809 0.1570796 -0.1677809 0.1570796 -0.1677809 0.07853978 -0.0177809 0.1570796 -0.1677809 0.07853978 -0.0177809 0.07853978 -0.0177809 0.07853978 -0.1677809 0.07853978 -0.1677809 0 -0.0177809 0.07853978 -0.1677809 0 -0.0177809 0 1.75 0.07499998 -1.75 0.07499998 1.75 -0.07499998 1.75 -0.07499998 -1.75 0.07499998 -1.75 -0.07499998 -0.1677809 0.3141593 -0.1677809 0.2356194 -0.0177809 0.3141593 -0.0177809 0.3141593 -0.1677809 0.2356194 -0.0177809 0.2356194 -0.0177809 0.2356194 -0.1677809 0.2356194 -0.0177809 0.1570796 -0.0177809 0.1570796 -0.1677809 0.2356194 -0.1677809 0.1570796 -0.0177809 0.1570796 -0.1677809 0.1570796 -0.1677809 0.07853978 -0.0177809 0.1570796 -0.1677809 0.07853978 -0.0177809 0.07853978 -0.0177809 0.07853978 -0.1677809 0.07853978 -0.1677809 0 -0.0177809 0.07853978 -0.1677809 0 -0.0177809 0 2.97336 0 -0.92664 0 2.97336 -0.15 2.97336 -0.15 -0.92664 0 -0.92664 -0.15 2.97336 -0.15 -0.92664 -0.15 2.958136 -0.2265366 2.958136 -0.2265366 -0.92664 -0.15 -0.9114159 -0.2265366 2.958136 -0.2265366 -0.9114159 -0.2265366 2.914781 -0.2914214 2.914781 -0.2914214 -0.9114159 -0.2265366 -0.8680614 -0.2914214 2.914781 -0.2914214 -0.8680614 -0.2914214 2.77336 -0.35 2.77336 -0.35 -0.8680614 -0.2914214 -0.72664 -0.35 -0.72664 -0.35 -0.8680614 -0.2914214 -0.8031767 -0.3347759 2.77336 -0.35 2.849897 -0.3347759 2.914781 -0.2914214 -3.9 0 -3.9 -0.07853978 0 0 0 0 -3.9 -0.07853978 0 -0.07853978 0 -0.07853978 -3.9 -0.07853978 -3.9 -0.1570796 0 -0.07853978 -3.9 -0.1570796 0 -0.1570796 0 -0.1570796 -3.9 -0.1570796 -3.9 -0.2356194 0 -0.1570796 -3.9 -0.2356194 0 -0.2356194 -4.1 0 -4.1 -0.0276829 -4.05 0 -4.05 0 -4.1 -0.0276829 0 -0.0276829 -4.05 0 0 -0.0276829 -0.04999995 0 -0.04999995 0 0 -0.0276829 0 0 -4.05 0 -0.04999995 0 -4.025 0.006698668 -4.025 0.006698668 -0.04999995 0 -0.07499998 0.006698668 -4.025 0.006698668 -0.07499998 0.006698668 -4.006699 0.02499997 -4.006699 0.02499997 -0.07499998 0.006698668 -0.09330123 0.02499997 -4.006699 0.02499997 -0.09330123 0.02499997 -4 0.04999995 -4 0.04999995 -0.09330123 0.02499997 -0.1 0.04999995 -2.2 0 -2.2 -0.07853978 0 0 0 0 -2.2 -0.07853978 0 -0.07853978 0 -0.07853978 -2.2 -0.07853978 -2.2 -0.1570796 0 -0.07853978 -2.2 -0.1570796 0 -0.1570796 0 -0.1570796 -2.2 -0.1570796 -0.0276829 -0.2356194 0 -0.1570796 -0.0276829 -0.2356194 0 -0.2356194 -2.2 -0.2356194 -2.172317 -0.2356194 -2.2 -0.1570796 -2.2 -0.1570796 -2.172317 -0.2356194 -0.0276829 -0.2356194 -3.9 0 -3.9 -0.07853978 0 0 0 0 -3.9 -0.07853978 0 -0.07853978 0 -0.07853978 -3.9 -0.07853978 -3.9 -0.1570796 0 -0.07853978 -3.9 -0.1570796 0 -0.1570796 0 -0.1570796 -3.9 -0.1570796 -3.9 -0.2356194 0 -0.1570796 -3.9 -0.2356194 0 -0.2356194 0.92664 0 -2.97336 0 0.92664 -0.15 0.92664 -0.15 -2.97336 0 -2.97336 -0.15 0.92664 -0.15 -2.97336 -0.15 0.9114159 -0.2265366 0.9114159 -0.2265366 -2.97336 -0.15 -2.958136 -0.2265366 0.9114159 -0.2265366 -2.958136 -0.2265366 0.8680614 -0.2914214 0.8680614 -0.2914214 -2.958136 -0.2265366 -2.914781 -0.2914214 0.8680614 -0.2914214 -2.914781 -0.2914214 0.72664 -0.35 0.72664 -0.35 -2.914781 -0.2914214 -2.77336 -0.35 -2.77336 -0.35 -2.914781 -0.2914214 -2.849897 -0.3347759 0.72664 -0.35 0.8031767 -0.3347759 0.8680614 -0.2914214 -0.1677809 0.3141593 -0.1677809 0.2356194 -0.0177809 0.3141593 -0.0177809 0.3141593 -0.1677809 0.2356194 -0.0177809 0.2356194 -0.0177809 0.2356194 -0.1677809 0.2356194 -0.0177809 0.1570796 -0.0177809 0.1570796 -0.1677809 0.2356194 -0.1677809 0.1570796 -0.0177809 0.1570796 -0.1677809 0.1570796 -0.1677809 0.07853978 -0.0177809 0.1570796 -0.1677809 0.07853978 -0.0177809 0.07853978 -0.0177809 0.07853978 -0.1677809 0.07853978 -0.1677809 0 -0.0177809 0.07853978 -0.1677809 0 -0.0177809 0 1.75 0.07499998 -1.75 0.07499998 1.75 -0.07499998 1.75 -0.07499998 -1.75 0.07499998 -1.75 -0.07499998 -0.1677809 0.3141593 -0.1677809 0.2356194 -0.0177809 0.3141593 -0.0177809 0.3141593 -0.1677809 0.2356194 -0.0177809 0.2356194 -0.0177809 0.2356194 -0.1677809 0.2356194 -0.0177809 0.1570796 -0.0177809 0.1570796 -0.1677809 0.2356194 -0.1677809 0.1570796 -0.0177809 0.1570796 -0.1677809 0.1570796 -0.1677809 0.07853978 -0.0177809 0.1570796 -0.1677809 0.07853978 -0.0177809 0.07853978 -0.0177809 0.07853978 -0.1677809 0.07853978 -0.1677809 0 -0.0177809 0.07853978 -0.1677809 0 -0.0177809 0 0 0 -0.0276829 0 0 -0.07853978 0 -0.07853978 -0.0276829 0 -2.172317 0 0 -0.07853978 -2.172317 0 -2.2 -0.07853978 -2.2 -0.07853978 -2.172317 0 -2.2 0 -2.2 -0.07853978 -2.2 -0.1570796 0 -0.07853978 0 -0.07853978 -2.2 -0.1570796 0 -0.1570796 0 -0.1570796 -2.2 -0.1570796 -2.2 -0.2356194 0 -0.1570796 -2.2 -0.2356194 0 -0.2356194 0.15 0.06981313 0 0 0.15 0 0.15 0 0 0 0 -0.06981313 0.15 0 0 -0.06981313 0.15 -0.06981313 0.15 -0.06981313 0 -0.06981313 0 -0.1396263 0.15 -0.06981313 0 -0.1396263 0.15 -0.1396263 0.15 -0.1396263 0 -0.1396263 0 -0.2094395 0.15 -0.1396263 0 -0.2094395 0.15 -0.2094395 0.15 -0.2094395 0 -0.2094395 0 -0.2792527 0.15 -0.2094395 0 -0.2792527 0.15 -0.2792527 0.15 0.3490658 0 0.3490658 0 0.2792527 0.15 0.3490658 0 0.2792527 0.15 0.2792527 0.15 0.2792527 0 0.2792527 0 0.2094395 0.15 0.2792527 0 0.2094395 0.15 0.2094395 0.15 0.2094395 0 0.2094395 0 0.1396263 0.15 0.2094395 0 0.1396263 0.15 0.1396263 0.15 0.1396263 0 0.1396263 0 0.06981313 0.15 0.1396263 0 0.06981313 0.15 0.06981313 0.15 0.06981313 0 0.06981313 0 0 0.15 0.06981313 0 0 0.15 0 0.15 0 0 0 0 -0.06981313 0.15 0 0 -0.06981313 0.15 -0.06981313 0.15 -0.06981313 0 -0.06981313 0 -0.1396263 0.15 -0.06981313 0 -0.1396263 0.15 -0.1396263 0.15 -0.1396263 0 -0.1396263 0 -0.2094395 0.15 -0.1396263 0 -0.2094395 0.15 -0.2094395 0.15 -0.2094395 0 -0.2094395 0 -0.2792527 0.15 -0.2094395 0 -0.2792527 0.15 -0.2792527 0.15 0.3490658 0 0.3490658 0 0.2792527 0.15 0.3490658 0 0.2792527 0.15 0.2792527 0.15 0.2792527 0 0.2792527 0 0.2094395 0.15 0.2792527 0 0.2094395 0.15 0.2094395 0.15 0.2094395 0 0.2094395 0 0.1396263 0.15 0.2094395 0 0.1396263 0.15 0.1396263 0.15 0.1396263 0 0.1396263 0 0.06981313 0.15 0.1396263 0 0.06981313 0.15 0.06981313 0.15 0.06981313 0 0.06981313 0 0 0.15 0.06981313 0 0 0.15 0 0.15 0 0 0 0 -0.06981313 0.15 0 0 -0.06981313 0.15 -0.06981313 0.15 -0.06981313 0 -0.06981313 0 -0.1396263 0.15 -0.06981313 0 -0.1396263 0.15 -0.1396263 0.15 -0.1396263 0 -0.1396263 0 -0.2094395 0.15 -0.1396263 0 -0.2094395 0.15 -0.2094395 0.15 -0.2094395 0 -0.2094395 0 -0.2792527 0.15 -0.2094395 0 -0.2792527 0.15 -0.2792527 0.15 0.3490658 0 0.3490658 0 0.2792527 0.15 0.3490658 0 0.2792527 0.15 0.2792527 0.15 0.2792527 0 0.2792527 0 0.2094395 0.15 0.2792527 0 0.2094395 0.15 0.2094395 0.15 0.2094395 0 0.2094395 0 0.1396263 0.15 0.2094395 0 0.1396263 0.15 0.1396263 0.15 0.1396263 0 0.1396263 0 0.06981313 0.15 0.1396263 0 0.06981313 0.15 0.06981313 0.15 0.06981313 0 0.06981313 0 0 0.15 0.06981313 0 0 0.15 0 0.15 0 0 0 0 -0.06981313 0.15 0 0 -0.06981313 0.15 -0.06981313 0.15 -0.06981313 0 -0.06981313 0 -0.1396263 0.15 -0.06981313 0 -0.1396263 0.15 -0.1396263 0.15 -0.1396263 0 -0.1396263 0 -0.2094395 0.15 -0.1396263 0 -0.2094395 0.15 -0.2094395 0.15 -0.2094395 0 -0.2094395 0 -0.2792527 0.15 -0.2094395 0 -0.2792527 0.15 -0.2792527 0.15 0.3490658 0 0.3490658 0 0.2792527 0.15 0.3490658 0 0.2792527 0.15 0.2792527 0.15 0.2792527 0 0.2792527 0 0.2094395 0.15 0.2792527 0 0.2094395 0.15 0.2094395 0.15 0.2094395 0 0.2094395 0 0.1396263 0.15 0.2094395 0 0.1396263 0.15 0.1396263 0.15 0.1396263 0 0.1396263 0 0.06981313 0.15 0.1396263 0 0.06981313 0.15 0.06981313 0.15 0.06981313 0 0.06981313 0 0 0.15 0.06981313 0 0 0.15 0 0.15 0 0 0 0 -0.06981313 0.15 0 0 -0.06981313 0.15 -0.06981313 0.15 -0.06981313 0 -0.06981313 0 -0.1396263 0.15 -0.06981313 0 -0.1396263 0.15 -0.1396263 0.15 -0.1396263 0 -0.1396263 0 -0.2094395 0.15 -0.1396263 0 -0.2094395 0.15 -0.2094395 0.15 -0.2094395 0 -0.2094395 0 -0.2792527 0.15 -0.2094395 0 -0.2792527 0.15 -0.2792527 0.15 0.3490658 0 0.3490658 0 0.2792527 0.15 0.3490658 0 0.2792527 0.15 0.2792527 0.15 0.2792527 0 0.2792527 0 0.2094395 0.15 0.2792527 0 0.2094395 0.15 0.2094395 0.15 0.2094395 0 0.2094395 0 0.1396263 0.15 0.2094395 0 0.1396263 0.15 0.1396263 0.15 0.1396263 0 0.1396263 0 0.06981313 0.15 0.1396263 0 0.06981313 0.15 0.06981313 0.15 0.06981313 0 0.06981313 0 0 0.15 0.06981313 0 0 0.15 0 0.15 0 0 0 0 -0.06981313 0.15 0 0 -0.06981313 0.15 -0.06981313 0.15 -0.06981313 0 -0.06981313 0 -0.1396263 0.15 -0.06981313 0 -0.1396263 0.15 -0.1396263 0.15 -0.1396263 0 -0.1396263 0 -0.2094395 0.15 -0.1396263 0 -0.2094395 0.15 -0.2094395 0.15 -0.2094395 0 -0.2094395 0 -0.2792527 0.15 -0.2094395 0 -0.2792527 0.15 -0.2792527 0.15 0.3490658 0 0.3490658 0 0.2792527 0.15 0.3490658 0 0.2792527 0.15 0.2792527 0.15 0.2792527 0 0.2792527 0 0.2094395 0.15 0.2792527 0 0.2094395 0.15 0.2094395 0.15 0.2094395 0 0.2094395 0 0.1396263 0.15 0.2094395 0 0.1396263 0.15 0.1396263 0.15 0.1396263 0 0.1396263 0 0.06981313 0.15 0.1396263 0 0.06981313 0.15 0.06981313 0.15 0.06981313 0 0.06981313 0 0 0.15 0.06981313 0 0 0.15 0 0.15 0 0 0 0 -0.06981313 0.15 0 0 -0.06981313 0.15 -0.06981313 0.15 -0.06981313 0 -0.06981313 0 -0.1396263 0.15 -0.06981313 0 -0.1396263 0.15 -0.1396263 0.15 -0.1396263 0 -0.1396263 0 -0.2094395 0.15 -0.1396263 0 -0.2094395 0.15 -0.2094395 0.15 -0.2094395 0 -0.2094395 0 -0.2792527 0.15 -0.2094395 0 -0.2792527 0.15 -0.2792527 0.15 0.3490658 0 0.3490658 0 0.2792527 0.15 0.3490658 0 0.2792527 0.15 0.2792527 0.15 0.2792527 0 0.2792527 0 0.2094395 0.15 0.2792527 0 0.2094395 0.15 0.2094395 0.15 0.2094395 0 0.2094395 0 0.1396263 0.15 0.2094395 0 0.1396263 0.15 0.1396263 0.15 0.1396263 0 0.1396263 0 0.06981313 0.15 0.1396263 0 0.06981313 0.15 0.06981313 0.15 0.06981313 0 0.06981313 0 0 0.15 0.06981313 0 0 0.15 0 0.15 0 0 0 0 -0.06981313 0.15 0 0 -0.06981313 0.15 -0.06981313 0.15 -0.06981313 0 -0.06981313 0 -0.1396263 0.15 -0.06981313 0 -0.1396263 0.15 -0.1396263 0.15 -0.1396263 0 -0.1396263 0 -0.2094395 0.15 -0.1396263 0 -0.2094395 0.15 -0.2094395 0.15 -0.2094395 0 -0.2094395 0 -0.2792527 0.15 -0.2094395 0 -0.2792527 0.15 -0.2792527 0.15 0.3490658 0 0.3490658 0 0.2792527 0.15 0.3490658 0 0.2792527 0.15 0.2792527 0.15 0.2792527 0 0.2792527 0 0.2094395 0.15 0.2792527 0 0.2094395 0.15 0.2094395 0.15 0.2094395 0 0.2094395 0 0.1396263 0.15 0.2094395 0 0.1396263 0.15 0.1396263 0.15 0.1396263 0 0.1396263 0 0.06981313 0.15 0.1396263 0 0.06981313 0.15 0.06981313 0.15 0.06981313 0 0.06981313 0 0 0.02298086 -0.06782984 0.02298086 0 -0.02298086 0 -0.02298086 0 0.02298086 0 0.02298086 0.06782984 -0.02298086 0 0.02298086 0.06782984 -0.02298086 0.08290314 -0.02298086 0.08290314 0.02298086 0.06782984 0.02298086 0.1356596 -0.02298086 0.08290314 0.02298086 0.1356596 -0.02298086 0.1658062 -0.02298086 0.1658062 0.02298086 0.1356596 0.02298086 0.2034895 -0.02298086 0.1658062 0.02298086 0.2034895 -0.02298086 0.2487094 -0.02298086 0.2487094 0.02298086 0.2034895 0.02298086 0.2713193 -0.02298086 0.2487094 0.02298086 0.2713193 -0.02298086 0.3316125 -0.02298086 0.3316125 0.02298086 0.2713193 0.02298086 0.3391492 -0.02298086 0.3316125 0.02298086 0.3391492 0.02298086 0.4069791 -0.02298086 0.3316125 0.02298086 0.4069791 -0.02298086 0.4145157 -0.02298086 -0.3316126 0.02298086 -0.3391492 0.02298086 -0.2713193 -0.02298086 -0.3316126 0.02298086 -0.2713193 -0.02298086 -0.2487094 -0.02298086 -0.2487094 0.02298086 -0.2713193 0.02298086 -0.2034895 -0.02298086 -0.2487094 0.02298086 -0.2034895 -0.02298086 -0.1658062 -0.02298086 -0.1658062 0.02298086 -0.2034895 0.02298086 -0.1356596 -0.02298086 -0.1658062 0.02298086 -0.1356596 -0.02298086 -0.08290314 -0.02298086 -0.08290314 0.02298086 -0.1356596 0.02298086 -0.06782984 -0.02298086 -0.08290314 0.02298086 -0.06782984 -0.02298086 0 4.5855 -0.07155847 4.703 0 4.5855 0 4.5855 0 4.703 0 4.703 0.07155847 4.5855 0 4.703 0.07155847 4.5855 0.07155847 4.5855 0.07155847 4.703 0.07155847 4.703 0.143117 4.5855 0.07155847 4.703 0.143117 4.5855 0.143117 4.5855 0.143117 4.703 0.143117 4.703 0.2146755 4.5855 0.143117 4.703 0.2146755 4.5855 0.2146755 4.5855 0.2146755 4.703 0.2146755 4.703 0.286234 4.5855 0.2146755 4.703 0.286234 4.5855 0.286234 4.5855 -0.3577925 4.703 -0.3577925 4.703 -0.286234 4.5855 -0.3577925 4.703 -0.286234 4.5855 -0.286234 4.5855 -0.286234 4.703 -0.286234 4.703 -0.2146755 4.5855 -0.286234 4.703 -0.2146755 4.5855 -0.2146755 4.5855 -0.2146755 4.703 -0.2146755 4.703 -0.143117 4.5855 -0.2146755 4.703 -0.143117 4.5855 -0.143117 4.5855 -0.143117 4.703 -0.143117 4.703 -0.07155847 4.5855 -0.143117 4.703 -0.07155847 4.5855 -0.07155847 4.5855 -0.07155847 4.703 -0.07155847 4.703 0 0.02298086 -0.06782984 0.02298086 0 -0.02298086 0 -0.02298086 0 0.02298086 0 0.02298086 0.06782984 -0.02298086 0 0.02298086 0.06782984 -0.02298086 0.08290314 -0.02298086 0.08290314 0.02298086 0.06782984 0.02298086 0.1356596 -0.02298086 0.08290314 0.02298086 0.1356596 -0.02298086 0.1658062 -0.02298086 0.1658062 0.02298086 0.1356596 0.02298086 0.2034895 -0.02298086 0.1658062 0.02298086 0.2034895 -0.02298086 0.2487094 -0.02298086 0.2487094 0.02298086 0.2034895 0.02298086 0.2713193 -0.02298086 0.2487094 0.02298086 0.2713193 -0.02298086 0.3316125 -0.02298086 0.3316125 0.02298086 0.2713193 0.02298086 0.3391492 -0.02298086 0.3316125 0.02298086 0.3391492 0.02298086 0.4069791 -0.02298086 0.3316125 0.02298086 0.4069791 -0.02298086 0.4145157 -0.02298086 -0.3316126 0.02298086 -0.3391492 0.02298086 -0.2713193 -0.02298086 -0.3316126 0.02298086 -0.2713193 -0.02298086 -0.2487094 -0.02298086 -0.2487094 0.02298086 -0.2713193 0.02298086 -0.2034895 -0.02298086 -0.2487094 0.02298086 -0.2034895 -0.02298086 -0.1658062 -0.02298086 -0.1658062 0.02298086 -0.2034895 0.02298086 -0.1356596 -0.02298086 -0.1658062 0.02298086 -0.1356596 -0.02298086 -0.08290314 -0.02298086 -0.08290314 0.02298086 -0.1356596 0.02298086 -0.06782984 -0.02298086 -0.08290314 0.02298086 -0.06782984 -0.02298086 0 4.5855 -0.07155847 4.703 0 4.5855 0 4.5855 0 4.703 0 4.703 0.07155847 4.5855 0 4.703 0.07155847 4.5855 0.07155847 4.5855 0.07155847 4.703 0.07155847 4.703 0.143117 4.5855 0.07155847 4.703 0.143117 4.5855 0.143117 4.5855 0.143117 4.703 0.143117 4.703 0.2146755 4.5855 0.143117 4.703 0.2146755 4.5855 0.2146755 4.5855 0.2146755 4.703 0.2146755 4.703 0.286234 4.5855 0.2146755 4.703 0.286234 4.5855 0.286234 4.5855 -0.3577925 4.703 -0.3577925 4.703 -0.286234 4.5855 -0.3577925 4.703 -0.286234 4.5855 -0.286234 4.5855 -0.286234 4.703 -0.286234 4.703 -0.2146755 4.5855 -0.286234 4.703 -0.2146755 4.5855 -0.2146755 4.5855 -0.2146755 4.703 -0.2146755 4.703 -0.143117 4.5855 -0.2146755 4.703 -0.143117 4.5855 -0.143117 4.5855 -0.143117 4.703 -0.143117 4.703 -0.07155847 4.5855 -0.143117 4.703 -0.07155847 4.5855 -0.07155847 4.5855 -0.07155847 4.703 -0.07155847 4.703 0 0.02298086 -0.06782984 0.02298086 0 -0.02298086 0 -0.02298086 0 0.02298086 0 0.02298086 0.06782984 -0.02298086 0 0.02298086 0.06782984 -0.02298086 0.08290314 -0.02298086 0.08290314 0.02298086 0.06782984 0.02298086 0.1356596 -0.02298086 0.08290314 0.02298086 0.1356596 -0.02298086 0.1658062 -0.02298086 0.1658062 0.02298086 0.1356596 0.02298086 0.2034895 -0.02298086 0.1658062 0.02298086 0.2034895 -0.02298086 0.2487094 -0.02298086 0.2487094 0.02298086 0.2034895 0.02298086 0.2713193 -0.02298086 0.2487094 0.02298086 0.2713193 -0.02298086 0.3316125 -0.02298086 0.3316125 0.02298086 0.2713193 0.02298086 0.3391492 -0.02298086 0.3316125 0.02298086 0.3391492 0.02298086 0.4069791 -0.02298086 0.3316125 0.02298086 0.4069791 -0.02298086 0.4145157 -0.02298086 -0.3316126 0.02298086 -0.3391492 0.02298086 -0.2713193 -0.02298086 -0.3316126 0.02298086 -0.2713193 -0.02298086 -0.2487094 -0.02298086 -0.2487094 0.02298086 -0.2713193 0.02298086 -0.2034895 -0.02298086 -0.2487094 0.02298086 -0.2034895 -0.02298086 -0.1658062 -0.02298086 -0.1658062 0.02298086 -0.2034895 0.02298086 -0.1356596 -0.02298086 -0.1658062 0.02298086 -0.1356596 -0.02298086 -0.08290314 -0.02298086 -0.08290314 0.02298086 -0.1356596 0.02298086 -0.06782984 -0.02298086 -0.08290314 0.02298086 -0.06782984 -0.02298086 0 4.5855 -0.07155847 4.703 0 4.5855 0 4.5855 0 4.703 0 4.703 0.07155847 4.5855 0 4.703 0.07155847 4.5855 0.07155847 4.5855 0.07155847 4.703 0.07155847 4.703 0.143117 4.5855 0.07155847 4.703 0.143117 4.5855 0.143117 4.5855 0.143117 4.703 0.143117 4.703 0.2146755 4.5855 0.143117 4.703 0.2146755 4.5855 0.2146755 4.5855 0.2146755 4.703 0.2146755 4.703 0.286234 4.5855 0.2146755 4.703 0.286234 4.5855 0.286234 4.5855 -0.3577925 4.703 -0.3577925 4.703 -0.286234 4.5855 -0.3577925 4.703 -0.286234 4.5855 -0.286234 4.5855 -0.286234 4.703 -0.286234 4.703 -0.2146755 4.5855 -0.286234 4.703 -0.2146755 4.5855 -0.2146755 4.5855 -0.2146755 4.703 -0.2146755 4.703 -0.143117 4.5855 -0.2146755 4.703 -0.143117 4.5855 -0.143117 4.5855 -0.143117 4.703 -0.143117 4.703 -0.07155847 4.5855 -0.143117 4.703 -0.07155847 4.5855 -0.07155847 4.5855 -0.07155847 4.703 -0.07155847 4.703 0 0.02298086 -0.06782984 0.02298086 0 -0.02298086 0 -0.02298086 0 0.02298086 0 0.02298086 0.06782984 -0.02298086 0 0.02298086 0.06782984 -0.02298086 0.08290314 -0.02298086 0.08290314 0.02298086 0.06782984 0.02298086 0.1356596 -0.02298086 0.08290314 0.02298086 0.1356596 -0.02298086 0.1658062 -0.02298086 0.1658062 0.02298086 0.1356596 0.02298086 0.2034895 -0.02298086 0.1658062 0.02298086 0.2034895 -0.02298086 0.2487094 -0.02298086 0.2487094 0.02298086 0.2034895 0.02298086 0.2713193 -0.02298086 0.2487094 0.02298086 0.2713193 -0.02298086 0.3316125 -0.02298086 0.3316125 0.02298086 0.2713193 0.02298086 0.3391492 -0.02298086 0.3316125 0.02298086 0.3391492 0.02298086 0.4069791 -0.02298086 0.3316125 0.02298086 0.4069791 -0.02298086 0.4145157 -0.02298086 -0.3316126 0.02298086 -0.3391492 0.02298086 -0.2713193 -0.02298086 -0.3316126 0.02298086 -0.2713193 -0.02298086 -0.2487094 -0.02298086 -0.2487094 0.02298086 -0.2713193 0.02298086 -0.2034895 -0.02298086 -0.2487094 0.02298086 -0.2034895 -0.02298086 -0.1658062 -0.02298086 -0.1658062 0.02298086 -0.2034895 0.02298086 -0.1356596 -0.02298086 -0.1658062 0.02298086 -0.1356596 -0.02298086 -0.08290314 -0.02298086 -0.08290314 0.02298086 -0.1356596 0.02298086 -0.06782984 -0.02298086 -0.08290314 0.02298086 -0.06782984 -0.02298086 0 4.5855 -0.07155847 4.703 0 4.5855 0 4.5855 0 4.703 0 4.703 0.07155847 4.5855 0 4.703 0.07155847 4.5855 0.07155847 4.5855 0.07155847 4.703 0.07155847 4.703 0.143117 4.5855 0.07155847 4.703 0.143117 4.5855 0.143117 4.5855 0.143117 4.703 0.143117 4.703 0.2146755 4.5855 0.143117 4.703 0.2146755 4.5855 0.2146755 4.5855 0.2146755 4.703 0.2146755 4.703 0.286234 4.5855 0.2146755 4.703 0.286234 4.5855 0.286234 4.5855 -0.3577925 4.703 -0.3577925 4.703 -0.286234 4.5855 -0.3577925 4.703 -0.286234 4.5855 -0.286234 4.5855 -0.286234 4.703 -0.286234 4.703 -0.2146755 4.5855 -0.286234 4.703 -0.2146755 4.5855 -0.2146755 4.5855 -0.2146755 4.703 -0.2146755 4.703 -0.143117 4.5855 -0.2146755 4.703 -0.143117 4.5855 -0.143117 4.5855 -0.143117 4.703 -0.143117 4.703 -0.07155847 4.5855 -0.143117 4.703 -0.07155847 4.5855 -0.07155847 4.5855 -0.07155847 4.703 -0.07155847 4.703 0 0.15 0.07853978 0 0.07853978 0.15 0 0.15 0 0 0.07853978 0 0 0.15 0 0 0 0.15 -0.07853978 0.15 -0.07853978 0 0 0 -0.07853978 0.15 -0.07853978 0 -0.07853978 0.15 -0.1570796 0.15 -0.1570796 0 -0.07853978 0 -0.1570796 0.15 -0.1570796 0 -0.1570796 0.15 -0.2356194 0.15 -0.2356194 0 -0.1570796 0 -0.2356194 0.15 -0.2356194 0 -0.2356194 0.15 -0.3141593 0.15 -0.3141593 0 -0.2356194 0 -0.3141593 0.15 -0.3141593 0 -0.3141593 0.15 -0.3926991 0.15 -0.3926991 0 -0.3141593 0 -0.3926991 0.15 0.3926991 0 0.3926991 0.15 0.3141593 0.15 0.3141593 0 0.3926991 0 0.3141593 0.15 0.3141593 0 0.3141593 0.15 0.2356194 0.15 0.2356194 0 0.3141593 0 0.2356194 0.15 0.2356194 0 0.2356194 0.15 0.1570796 0.15 0.1570796 0 0.2356194 0 0.1570796 0.15 0.1570796 0 0.1570796 0.15 0.07853978 0.15 0.07853978 0 0.1570796 0 0.07853978 0.15 0.07853978 0 0.07853978 0.15 0 0.15 0 0 0.07853978 0 0 0.15 0 0 0 0.15 -0.07853978 0.15 -0.07853978 0 0 0 -0.07853978 0.15 -0.07853978 0 -0.07853978 0.15 -0.1570796 0.15 -0.1570796 0 -0.07853978 0 -0.1570796 0.15 -0.1570796 0 -0.1570796 0.15 -0.2356194 0.15 -0.2356194 0 -0.1570796 0 -0.2356194 0.15 -0.2356194 0 -0.2356194 0.15 -0.3141593 0.15 -0.3141593 0 -0.2356194 0 -0.3141593 0.15 -0.3141593 0 -0.3141593 0.15 -0.3926991 0.15 -0.3926991 0 -0.3141593 0 -0.3926991 0.15 0.3926991 0 0.3926991 0.15 0.3141593 0.15 0.3141593 0 0.3926991 0 0.3141593 0.15 0.3141593 0 0.3141593 0.15 0.2356194 0.15 0.2356194 0 0.3141593 0 0.2356194 0.15 0.2356194 0 0.2356194 0.15 0.1570796 0.15 0.1570796 0 0.2356194 0 0.1570796 0.15 0.1570796 0 0.1570796 0.15 0.07853978 0.15 0.07853978 0 0.1570796 0 0.07853978 0.15 0.07853978 0 0.07853978 0.15 0 0.15 0 0 0.07853978 0 0 0.15 0 0 0 0.15 -0.07853978 0.15 -0.07853978 0 0 0 -0.07853978 0.15 -0.07853978 0 -0.07853978 0.15 -0.1570796 0.15 -0.1570796 0 -0.07853978 0 -0.1570796 0.15 -0.1570796 0 -0.1570796 0.15 -0.2356194 0.15 -0.2356194 0 -0.1570796 0 -0.2356194 0.15 -0.2356194 0 -0.2356194 0.15 -0.3141593 0.15 -0.3141593 0 -0.2356194 0 -0.3141593 0.15 -0.3141593 0 -0.3141593 0.15 -0.3926991 0.15 -0.3926991 0 -0.3141593 0 -0.3926991 0.15 0.3926991 0 0.3926991 0.15 0.3141593 0.15 0.3141593 0 0.3926991 0 0.3141593 0.15 0.3141593 0 0.3141593 0.15 0.2356194 0.15 0.2356194 0 0.3141593 0 0.2356194 0.15 0.2356194 0 0.2356194 0.15 0.1570796 0.15 0.1570796 0 0.2356194 0 0.1570796 0.15 0.1570796 0 0.1570796 0.15 0.07853978 0.15 0.07853978 0 0.1570796 0 0.07853978 0.15 0.07853978 0 0.07853978 0.15 0 0.15 0 0 0.07853978 0 0 0.15 0 0 0 0.15 -0.07853978 0.15 -0.07853978 0 0 0 -0.07853978 0.15 -0.07853978 0 -0.07853978 0.15 -0.1570796 0.15 -0.1570796 0 -0.07853978 0 -0.1570796 0.15 -0.1570796 0 -0.1570796 0.15 -0.2356194 0.15 -0.2356194 0 -0.1570796 0 -0.2356194 0.15 -0.2356194 0 -0.2356194 0.15 -0.3141593 0.15 -0.3141593 0 -0.2356194 0 -0.3141593 0.15 -0.3141593 0 -0.3141593 0.15 -0.3926991 0.15 -0.3926991 0 -0.3141593 0 -0.3926991 0.15 0.3926991 0 0.3926991 0.15 0.3141593 0.15 0.3141593 0 0.3926991 0 0.3141593 0.15 0.3141593 0 0.3141593 0.15 0.2356194 0.15 0.2356194 0 0.3141593 0 0.2356194 0.15 0.2356194 0 0.2356194 0.15 0.1570796 0.15 0.1570796 0 0.2356194 0 0.1570796 0.15 0.1570796 0 0.1570796 0.15 0.07853978 0.15 0.07853978 0 0.1570796 0 0.07853978 -0.07499998 0.3141593 0.07499998 0.3141593 -0.07499998 0.3926991 -0.07499998 0.3926991 0.07499998 0.3141593 0.07499998 0.3926991 -0.07499998 -0.3926991 0.07499998 -0.3926991 -0.07499998 -0.3141593 -0.07499998 -0.3141593 0.07499998 -0.3926991 0.07499998 -0.3141593 -0.07499998 -0.3141593 0.07499998 -0.3141593 -0.07499998 -0.2356194 -0.07499998 -0.2356194 0.07499998 -0.3141593 0.07499998 -0.2356194 -0.07499998 -0.2356194 0.07499998 -0.2356194 -0.07499998 -0.1570796 -0.07499998 -0.1570796 0.07499998 -0.2356194 0.07499998 -0.1570796 -0.07499998 -0.1570796 0.07499998 -0.1570796 -0.07499998 -0.07853978 -0.07499998 -0.07853978 0.07499998 -0.1570796 0.07499998 -0.07853978 -0.07499998 -0.07853978 0.07499998 -0.07853978 -0.07499998 0 -0.07499998 0 0.07499998 -0.07853978 0.07499998 0 -0.07499998 0 0.07499998 0 -0.07499998 0.07853978 -0.07499998 0.07853978 0.07499998 0 0.07499998 0.07853978 -0.07499998 0.07853978 0.07499998 0.07853978 -0.07499998 0.1570796 -0.07499998 0.1570796 0.07499998 0.07853978 0.07499998 0.1570796 -0.07499998 0.1570796 0.07499998 0.1570796 -0.07499998 0.2356194 -0.07499998 0.2356194 0.07499998 0.1570796 0.07499998 0.2356194 -0.07499998 0.2356194 0.07499998 0.2356194 -0.07499998 0.3141593 -0.07499998 0.3141593 0.07499998 0.2356194 0.07499998 0.3141593 -0.07499998 0.3141593 0.07499998 0.3141593 -0.07499998 0.3926991 -0.07499998 0.3926991 0.07499998 0.3141593 0.07499998 0.3926991 -0.07499998 -0.3926991 0.07499998 -0.3926991 -0.07499998 -0.3141593 -0.07499998 -0.3141593 0.07499998 -0.3926991 0.07499998 -0.3141593 -0.07499998 -0.3141593 0.07499998 -0.3141593 -0.07499998 -0.2356194 -0.07499998 -0.2356194 0.07499998 -0.3141593 0.07499998 -0.2356194 -0.07499998 -0.2356194 0.07499998 -0.2356194 -0.07499998 -0.1570796 -0.07499998 -0.1570796 0.07499998 -0.2356194 0.07499998 -0.1570796 -0.07499998 -0.1570796 0.07499998 -0.1570796 -0.07499998 -0.07853978 -0.07499998 -0.07853978 0.07499998 -0.1570796 0.07499998 -0.07853978 -0.07499998 -0.07853978 0.07499998 -0.07853978 -0.07499998 0 -0.07499998 0 0.07499998 -0.07853978 0.07499998 0 -0.07499998 0 0.07499998 0 -0.07499998 0.07853978 -0.07499998 0.07853978 0.07499998 0 0.07499998 0.07853978 -0.07499998 0.07853978 0.07499998 0.07853978 -0.07499998 0.1570796 -0.07499998 0.1570796 0.07499998 0.07853978 0.07499998 0.1570796 -0.07499998 0.1570796 0.07499998 0.1570796 -0.07499998 0.2356194 -0.07499998 0.2356194 0.07499998 0.1570796 0.07499998 0.2356194 -0.07499998 0.2356194 0.07499998 0.2356194 -0.07499998 0.3141593 -0.07499998 0.3141593 0.07499998 0.2356194 0.07499998 0.3141593 -0.07499998 0.3141593 0.07499998 0.3141593 -0.07499998 0.3926991 -0.07499998 0.3926991 0.07499998 0.3141593 0.07499998 0.3926991 -0.07499998 -0.3926991 0.07499998 -0.3926991 -0.07499998 -0.3141593 -0.07499998 -0.3141593 0.07499998 -0.3926991 0.07499998 -0.3141593 -0.07499998 -0.3141593 0.07499998 -0.3141593 -0.07499998 -0.2356194 -0.07499998 -0.2356194 0.07499998 -0.3141593 0.07499998 -0.2356194 -0.07499998 -0.2356194 0.07499998 -0.2356194 -0.07499998 -0.1570796 -0.07499998 -0.1570796 0.07499998 -0.2356194 0.07499998 -0.1570796 -0.07499998 -0.1570796 0.07499998 -0.1570796 -0.07499998 -0.07853978 -0.07499998 -0.07853978 0.07499998 -0.1570796 0.07499998 -0.07853978 -0.07499998 -0.07853978 0.07499998 -0.07853978 -0.07499998 0 -0.07499998 0 0.07499998 -0.07853978 0.07499998 0 -0.07499998 0 0.07499998 0 -0.07499998 0.07853978 -0.07499998 0.07853978 0.07499998 0 0.07499998 0.07853978 -0.07499998 0.07853978 0.07499998 0.07853978 -0.07499998 0.1570796 -0.07499998 0.1570796 0.07499998 0.07853978 0.07499998 0.1570796 -0.07499998 0.1570796 0.07499998 0.1570796 -0.07499998 0.2356194 -0.07499998 0.2356194 0.07499998 0.1570796 0.07499998 0.2356194 -0.07499998 0.2356194 0.07499998 0.2356194 -0.07499998 0.3141593 -0.07499998 0.3141593 0.07499998 0.2356194 0.07499998 0.3141593 -0.07499998 0.3141593 0.07499998 0.3141593 -0.07499998 0.3926991 -0.07499998 0.3926991 0.07499998 0.3141593 0.07499998 0.3926991 -0.07499998 -0.3926991 0.07499998 -0.3926991 -0.07499998 -0.3141593 -0.07499998 -0.3141593 0.07499998 -0.3926991 0.07499998 -0.3141593 -0.07499998 -0.3141593 0.07499998 -0.3141593 -0.07499998 -0.2356194 -0.07499998 -0.2356194 0.07499998 -0.3141593 0.07499998 -0.2356194 -0.07499998 -0.2356194 0.07499998 -0.2356194 -0.07499998 -0.1570796 -0.07499998 -0.1570796 0.07499998 -0.2356194 0.07499998 -0.1570796 -0.07499998 -0.1570796 0.07499998 -0.1570796 -0.07499998 -0.07853978 -0.07499998 -0.07853978 0.07499998 -0.1570796 0.07499998 -0.07853978 -0.07499998 -0.07853978 0.07499998 -0.07853978 -0.07499998 0 -0.07499998 0 0.07499998 -0.07853978 0.07499998 0 -0.07499998 0 0.07499998 0 -0.07499998 0.07853978 -0.07499998 0.07853978 0.07499998 0 0.07499998 0.07853978 -0.07499998 0.07853978 0.07499998 0.07853978 -0.07499998 0.1570796 -0.07499998 0.1570796 0.07499998 0.07853978 0.07499998 0.1570796 -0.07499998 0.1570796 0.07499998 0.1570796 -0.07499998 0.2356194 -0.07499998 0.2356194 0.07499998 0.1570796 0.07499998 0.2356194 -0.07499998 0.2356194 0.07499998 0.2356194 -0.07499998 0.3141593 -0.07499998 0.3141593 0.07499998 0.2356194 0.07499998 0.3141593 -0.07499998 -0.07499998 0.07499998 -0.07499998 -0.07499998 0.07499998 -0.07499998 0.07499998 0.07499998 -0.07499998 0.07499998 0.07499998 9.155523 0 9.155523 0.07853978 9.005521 0 9.005521 0 9.155523 0.07853978 9.005521 0.07853978 9.005521 0.07853978 9.155523 0.07853978 9.155523 0.1570796 9.005521 0.07853978 9.155523 0.1570796 9.005521 0.1570796 9.005521 0.1570796 9.155523 0.1570796 9.155523 0.2356194 9.005521 0.1570796 9.155523 0.2356194 9.005521 0.2356194 0.25 0.07499998 -0.25 0.07499998 0.25 -0.07499998 0.25 -0.07499998 -0.25 0.07499998 -0.25 -0.07499998 8.850837 0 8.850837 0.07853978 8.700838 0 8.700838 0 8.850837 0.07853978 8.700838 0.07853978 8.700838 0.07853978 8.850837 0.07853978 8.850837 0.1570796 8.700838 0.07853978 8.850837 0.1570796 8.700838 0.1570796 8.700838 0.1570796 8.850837 0.1570796 8.850837 0.2356194 8.700838 0.1570796 8.850837 0.2356194 8.700838 0.2356194 -0.07499998 -0.07499998 0.07499998 -0.07499998 -0.07499998 0.07499998 -0.07499998 0.07499998 0.07499998 -0.07499998 0.07499998 0.07499998 8.851787 0 8.851787 0.07853978 8.701787 0 8.701787 0 8.851787 0.07853978 8.701787 0.07853978 8.701787 0.07853978 8.851787 0.07853978 8.851787 0.1570796 8.701787 0.07853978 8.851787 0.1570796 8.701787 0.1570796 8.701787 0.1570796 8.851787 0.1570796 8.851787 0.2356194 8.701787 0.1570796 8.851787 0.2356194 8.701787 0.2356194 -0.25 -0.07499998 0.25 -0.07499998 -0.25 0.07499998 -0.25 0.07499998 0.25 -0.07499998 0.25 0.07499998 9.320285 0 9.320285 0.07853978 9.170287 0 9.170287 0 9.320285 0.07853978 9.170287 0.07853978 9.170287 0.07853978 9.320285 0.07853978 9.320285 0.1570796 9.170287 0.07853978 9.320285 0.1570796 9.170287 0.1570796 9.170287 0.1570796 9.320285 0.1570796 9.320285 0.2356194 9.170287 0.1570796 9.320285 0.2356194 9.170287 0.2356194 0.25 0.07499998 -0.25 0.07499998 0.25 -0.07499998 0.25 -0.07499998 -0.25 0.07499998 -0.25 -0.07499998 9.444762 0 9.444762 0.07853978 9.29476 0 9.29476 0 9.444762 0.07853978 9.29476 0.07853978 9.29476 0.07853978 9.444762 0.07853978 9.444762 0.1570796 9.29476 0.07853978 9.444762 0.1570796 9.29476 0.1570796 9.29476 0.1570796 9.444762 0.1570796 9.444762 0.2356194 9.29476 0.1570796 9.444762 0.2356194 9.29476 0.2356194 -0.07499998 -0.07499998 0.07499998 -0.07499998 -0.07499998 0.07499998 -0.07499998 0.07499998 0.07499998 -0.07499998 0.07499998 0.07499998 9.444762 0 9.444762 0.07853978 9.29476 0 9.29476 0 9.444762 0.07853978 9.29476 0.07853978 9.29476 0.07853978 9.444762 0.07853978 9.444762 0.1570796 9.29476 0.07853978 9.444762 0.1570796 9.29476 0.1570796 9.29476 0.1570796 9.444762 0.1570796 9.444762 0.2356194 9.29476 0.1570796 9.444762 0.2356194 9.29476 0.2356194 -0.25 -0.07499998 0.25 -0.07499998 -0.25 0.07499998 -0.25 0.07499998 0.25 -0.07499998 0.25 0.07499998 9.444762 0 9.444762 0.07853978 9.29476 0 9.29476 0 9.444762 0.07853978 9.29476 0.07853978 9.29476 0.07853978 9.444762 0.07853978 9.444762 0.1570796 9.29476 0.07853978 9.444762 0.1570796 9.29476 0.1570796 9.29476 0.1570796 9.444762 0.1570796 9.444762 0.2356194 9.29476 0.1570796 9.444762 0.2356194 9.29476 0.2356194 -0.07499998 -0.07499998 0.07499998 -0.07499998 -0.07499998 0.07499998 -0.07499998 0.07499998 0.07499998 -0.07499998 0.07499998 0.07499998 9.444762 0 9.444762 0.07853978 9.29476 0 9.29476 0 9.444762 0.07853978 9.29476 0.07853978 9.29476 0.07853978 9.444762 0.07853978 9.444762 0.1570796 9.29476 0.07853978 9.444762 0.1570796 9.29476 0.1570796 9.29476 0.1570796 9.444762 0.1570796 9.444762 0.2356194 9.29476 0.1570796 9.444762 0.2356194 9.29476 0.2356194 0.15 0.07853978 0 0.07853978 0.15 0 0.15 0 0 0.07853978 0 0 0.15 0 0 0 0.15 -0.07853978 0.15 -0.07853978 0 0 0 -0.07853978 0.15 -0.07853978 0 -0.07853978 0.15 -0.1570796 0.15 -0.1570796 0 -0.07853978 0 -0.1570796 0.15 -0.1570796 0 -0.1570796 0.15 -0.2356194 0.15 -0.2356194 0 -0.1570796 0 -0.2356194 0.15 -0.2356194 0 -0.2356194 0.15 -0.3141593 0.15 -0.3141593 0 -0.2356194 0 -0.3141593 0.15 -0.3141593 0 -0.3141593 0.15 -0.3926991 0.15 -0.3926991 0 -0.3141593 0 -0.3926991 0.15 0.3926991 0 0.3926991 0.15 0.3141593 0.15 0.3141593 0 0.3926991 0 0.3141593 0.15 0.3141593 0 0.3141593 0.15 0.2356194 0.15 0.2356194 0 0.3141593 0 0.2356194 0.15 0.2356194 0 0.2356194 0.15 0.1570796 0.15 0.1570796 0 0.2356194 0 0.1570796 0.15 0.1570796 0 0.1570796 0.15 0.07853978 0.15 0.07853978 0 0.1570796 0 0.07853978 0.15 0.07853978 0 0.07853978 0.15 0 0.15 0 0 0.07853978 0 0 0.15 0 0 0 0.15 -0.07853978 0.15 -0.07853978 0 0 0 -0.07853978 0.15 -0.07853978 0 -0.07853978 0.15 -0.1570796 0.15 -0.1570796 0 -0.07853978 0 -0.1570796 0.15 -0.1570796 0 -0.1570796 0.15 -0.2356194 0.15 -0.2356194 0 -0.1570796 0 -0.2356194 0.15 -0.2356194 0 -0.2356194 0.15 -0.3141593 0.15 -0.3141593 0 -0.2356194 0 -0.3141593 0.15 -0.3141593 0 -0.3141593 0.15 -0.3926991 0.15 -0.3926991 0 -0.3141593 0 -0.3926991 0.15 0.3926991 0 0.3926991 0.15 0.3141593 0.15 0.3141593 0 0.3926991 0 0.3141593 0.15 0.3141593 0 0.3141593 0.15 0.2356194 0.15 0.2356194 0 0.3141593 0 0.2356194 0.15 0.2356194 0 0.2356194 0.15 0.1570796 0.15 0.1570796 0 0.2356194 0 0.1570796 0.15 0.1570796 0 0.1570796 0.15 0.07853978 0.15 0.07853978 0 0.1570796 0 0.07853978 0.15 0.07853978 0 0.07853978 0.15 0 0.15 0 0 0.07853978 0 0 0.15 0 0 0 0.15 -0.07853978 0.15 -0.07853978 0 0 0 -0.07853978 0.15 -0.07853978 0 -0.07853978 0.15 -0.1570796 0.15 -0.1570796 0 -0.07853978 0 -0.1570796 0.15 -0.1570796 0 -0.1570796 0.15 -0.2356194 0.15 -0.2356194 0 -0.1570796 0 -0.2356194 0.15 -0.2356194 0 -0.2356194 0.15 -0.3141593 0.15 -0.3141593 0 -0.2356194 0 -0.3141593 0.15 -0.3141593 0 -0.3141593 0.15 -0.3926991 0.15 -0.3926991 0 -0.3141593 0 -0.3926991 0.15 0.3926991 0 0.3926991 0.15 0.3141593 0.15 0.3141593 0 0.3926991 0 0.3141593 0.15 0.3141593 0 0.3141593 0.15 0.2356194 0.15 0.2356194 0 0.3141593 0 0.2356194 0.15 0.2356194 0 0.2356194 0.15 0.1570796 0.15 0.1570796 0 0.2356194 0 0.1570796 0.15 0.1570796 0 0.1570796 0.15 0.07853978 0.15 0.07853978 0 0.1570796 0 0.07853978 0.15 0.07853978 0 0.07853978 0.15 0 0.15 0 0 0.07853978 0 0 0.15 0 0 0 0.15 -0.07853978 0.15 -0.07853978 0 0 0 -0.07853978 0.15 -0.07853978 0 -0.07853978 0.15 -0.1570796 0.15 -0.1570796 0 -0.07853978 0 -0.1570796 0.15 -0.1570796 0 -0.1570796 0.15 -0.2356194 0.15 -0.2356194 0 -0.1570796 0 -0.2356194 0.15 -0.2356194 0 -0.2356194 0.15 -0.3141593 0.15 -0.3141593 0 -0.2356194 0 -0.3141593 0.15 -0.3141593 0 -0.3141593 0.15 -0.3926991 0.15 -0.3926991 0 -0.3141593 0 -0.3926991 0.15 0.3926991 0 0.3926991 0.15 0.3141593 0.15 0.3141593 0 0.3926991 0 0.3141593 0.15 0.3141593 0 0.3141593 0.15 0.2356194 0.15 0.2356194 0 0.3141593 0 0.2356194 0.15 0.2356194 0 0.2356194 0.15 0.1570796 0.15 0.1570796 0 0.2356194 0 0.1570796 0.15 0.1570796 0 0.1570796 0.15 0.07853978 0.15 0.07853978 0 0.1570796 0 0.07853978 0.15 0.06981313 0 0 0.15 0 0.15 0 0 0 0 -0.06981313 0.15 0 0 -0.06981313 0.15 -0.06981313 0.15 -0.06981313 0 -0.06981313 0 -0.1396263 0.15 -0.06981313 0 -0.1396263 0.15 -0.1396263 0.15 -0.1396263 0 -0.1396263 0 -0.2094395 0.15 -0.1396263 0 -0.2094395 0.15 -0.2094395 0.15 -0.2094395 0 -0.2094395 0 -0.2792527 0.15 -0.2094395 0 -0.2792527 0.15 -0.2792527 0.15 0.3490658 0 0.3490658 0 0.2792527 0.15 0.3490658 0 0.2792527 0.15 0.2792527 0.15 0.2792527 0 0.2792527 0 0.2094395 0.15 0.2792527 0 0.2094395 0.15 0.2094395 0.15 0.2094395 0 0.2094395 0 0.1396263 0.15 0.2094395 0 0.1396263 0.15 0.1396263 0.15 0.1396263 0 0.1396263 0 0.06981313 0.15 0.1396263 0 0.06981313 0.15 0.06981313 0.15 0.06981313 0 0.06981313 0 0 4.25 0.2443461 4.4 0.2443461 4.25 0.3141593 4.25 0.3141593 4.4 0.2443461 4.4 0.3141593 4.25 -0.3141593 4.4 -0.3141593 4.25 -0.2443461 4.25 -0.2443461 4.4 -0.3141593 4.4 -0.2443461 4.25 -0.2443461 4.4 -0.2443461 4.25 -0.1745329 4.25 -0.1745329 4.4 -0.2443461 4.4 -0.1745329 4.25 -0.1745329 4.4 -0.1745329 4.25 -0.1047196 4.25 -0.1047196 4.4 -0.1745329 4.4 -0.1047196 4.25 -0.1047196 4.4 -0.1047196 4.25 -0.0349065 4.25 -0.0349065 4.4 -0.1047196 4.4 -0.0349065 4.25 -0.0349065 4.4 -0.0349065 4.25 0.0349065 4.25 0.0349065 4.4 -0.0349065 4.4 0.0349065 4.25 0.0349065 4.4 0.0349065 4.25 0.1047196 4.25 0.1047196 4.4 0.0349065 4.4 0.1047196 4.25 0.1047196 4.4 0.1047196 4.25 0.1745329 4.25 0.1745329 4.4 0.1047196 4.4 0.1745329 4.25 0.1745329 4.4 0.1745329 4.25 0.2443461 4.25 0.2443461 4.4 0.1745329 4.4 0.2443461 0.15 0.06981313 0 0 0.15 0 0.15 0 0 0 0 -0.06981313 0.15 0 0 -0.06981313 0.15 -0.06981313 0.15 -0.06981313 0 -0.06981313 0 -0.1396263 0.15 -0.06981313 0 -0.1396263 0.15 -0.1396263 0.15 -0.1396263 0 -0.1396263 0 -0.2094395 0.15 -0.1396263 0 -0.2094395 0.15 -0.2094395 0.15 -0.2094395 0 -0.2094395 0 -0.2792527 0.15 -0.2094395 0 -0.2792527 0.15 -0.2792527 0.15 0.3490658 0 0.3490658 0 0.2792527 0.15 0.3490658 0 0.2792527 0.15 0.2792527 0.15 0.2792527 0 0.2792527 0 0.2094395 0.15 0.2792527 0 0.2094395 0.15 0.2094395 0.15 0.2094395 0 0.2094395 0 0.1396263 0.15 0.2094395 0 0.1396263 0.15 0.1396263 0.15 0.1396263 0 0.1396263 0 0.06981313 0.15 0.1396263 0 0.06981313 0.15 0.06981313 0.15 0.06981313 0 0.06981313 0 0 4.25 0.2443461 4.4 0.2443461 4.25 0.3141593 4.25 0.3141593 4.4 0.2443461 4.4 0.3141593 4.25 -0.3141593 4.4 -0.3141593 4.25 -0.2443461 4.25 -0.2443461 4.4 -0.3141593 4.4 -0.2443461 4.25 -0.2443461 4.4 -0.2443461 4.25 -0.1745329 4.25 -0.1745329 4.4 -0.2443461 4.4 -0.1745329 4.25 -0.1745329 4.4 -0.1745329 4.25 -0.1047196 4.25 -0.1047196 4.4 -0.1745329 4.4 -0.1047196 4.25 -0.1047196 4.4 -0.1047196 4.25 -0.0349065 4.25 -0.0349065 4.4 -0.1047196 4.4 -0.0349065 4.25 -0.0349065 4.4 -0.0349065 4.25 0.0349065 4.25 0.0349065 4.4 -0.0349065 4.4 0.0349065 4.25 0.0349065 4.4 0.0349065 4.25 0.1047196 4.25 0.1047196 4.4 0.0349065 4.4 0.1047196 4.25 0.1047196 4.4 0.1047196 4.25 0.1745329 4.25 0.1745329 4.4 0.1047196 4.4 0.1745329 4.25 0.1745329 4.4 0.1745329 4.25 0.2443461 4.25 0.2443461 4.4 0.1745329 4.4 0.2443461 0.15 0.06981313 0 0 0.15 0 0.15 0 0 0 0 -0.06981313 0.15 0 0 -0.06981313 0.15 -0.06981313 0.15 -0.06981313 0 -0.06981313 0 -0.1396263 0.15 -0.06981313 0 -0.1396263 0.15 -0.1396263 0.15 -0.1396263 0 -0.1396263 0 -0.2094395 0.15 -0.1396263 0 -0.2094395 0.15 -0.2094395 0.15 -0.2094395 0 -0.2094395 0 -0.2792527 0.15 -0.2094395 0 -0.2792527 0.15 -0.2792527 0.15 0.3490658 0 0.3490658 0 0.2792527 0.15 0.3490658 0 0.2792527 0.15 0.2792527 0.15 0.2792527 0 0.2792527 0 0.2094395 0.15 0.2792527 0 0.2094395 0.15 0.2094395 0.15 0.2094395 0 0.2094395 0 0.1396263 0.15 0.2094395 0 0.1396263 0.15 0.1396263 0.15 0.1396263 0 0.1396263 0 0.06981313 0.15 0.1396263 0 0.06981313 0.15 0.06981313 0.15 0.06981313 0 0.06981313 0 0 4.25 0.2443461 4.4 0.2443461 4.25 0.3141593 4.25 0.3141593 4.4 0.2443461 4.4 0.3141593 4.25 -0.3141593 4.4 -0.3141593 4.25 -0.2443461 4.25 -0.2443461 4.4 -0.3141593 4.4 -0.2443461 4.25 -0.2443461 4.4 -0.2443461 4.25 -0.1745329 4.25 -0.1745329 4.4 -0.2443461 4.4 -0.1745329 4.25 -0.1745329 4.4 -0.1745329 4.25 -0.1047196 4.25 -0.1047196 4.4 -0.1745329 4.4 -0.1047196 4.25 -0.1047196 4.4 -0.1047196 4.25 -0.0349065 4.25 -0.0349065 4.4 -0.1047196 4.4 -0.0349065 4.25 -0.0349065 4.4 -0.0349065 4.25 0.0349065 4.25 0.0349065 4.4 -0.0349065 4.4 0.0349065 4.25 0.0349065 4.4 0.0349065 4.25 0.1047196 4.25 0.1047196 4.4 0.0349065 4.4 0.1047196 4.25 0.1047196 4.4 0.1047196 4.25 0.1745329 4.25 0.1745329 4.4 0.1047196 4.4 0.1745329 4.25 0.1745329 4.4 0.1745329 4.25 0.2443461 4.25 0.2443461 4.4 0.1745329 4.4 0.2443461 0.15 0.06981313 0 0 0.15 0 0.15 0 0 0 0 -0.06981313 0.15 0 0 -0.06981313 0.15 -0.06981313 0.15 -0.06981313 0 -0.06981313 0 -0.1396263 0.15 -0.06981313 0 -0.1396263 0.15 -0.1396263 0.15 -0.1396263 0 -0.1396263 0 -0.2094395 0.15 -0.1396263 0 -0.2094395 0.15 -0.2094395 0.15 -0.2094395 0 -0.2094395 0 -0.2792527 0.15 -0.2094395 0 -0.2792527 0.15 -0.2792527 0.15 0.3490658 0 0.3490658 0 0.2792527 0.15 0.3490658 0 0.2792527 0.15 0.2792527 0.15 0.2792527 0 0.2792527 0 0.2094395 0.15 0.2792527 0 0.2094395 0.15 0.2094395 0.15 0.2094395 0 0.2094395 0 0.1396263 0.15 0.2094395 0 0.1396263 0.15 0.1396263 0.15 0.1396263 0 0.1396263 0 0.06981313 0.15 0.1396263 0 0.06981313 0.15 0.06981313 0.15 0.06981313 0 0.06981313 0 0 4.25 0.2443461 4.4 0.2443461 4.25 0.3141593 4.25 0.3141593 4.4 0.2443461 4.4 0.3141593 4.25 -0.3141593 4.4 -0.3141593 4.25 -0.2443461 4.25 -0.2443461 4.4 -0.3141593 4.4 -0.2443461 4.25 -0.2443461 4.4 -0.2443461 4.25 -0.1745329 4.25 -0.1745329 4.4 -0.2443461 4.4 -0.1745329 4.25 -0.1745329 4.4 -0.1745329 4.25 -0.1047196 4.25 -0.1047196 4.4 -0.1745329 4.4 -0.1047196 4.25 -0.1047196 4.4 -0.1047196 4.25 -0.0349065 4.25 -0.0349065 4.4 -0.1047196 4.4 -0.0349065 4.25 -0.0349065 4.4 -0.0349065 4.25 0.0349065 4.25 0.0349065 4.4 -0.0349065 4.4 0.0349065 4.25 0.0349065 4.4 0.0349065 4.25 0.1047196 4.25 0.1047196 4.4 0.0349065 4.4 0.1047196 4.25 0.1047196 4.4 0.1047196 4.25 0.1745329 4.25 0.1745329 4.4 0.1047196 4.4 0.1745329 4.25 0.1745329 4.4 0.1745329 4.25 0.2443461 4.25 0.2443461 4.4 0.1745329 4.4 0.2443461 0.15 0.06981313 0 0 0.15 0 0.15 0 0 0 0 -0.06981313 0.15 0 0 -0.06981313 0.15 -0.06981313 0.15 -0.06981313 0 -0.06981313 0 -0.1396263 0.15 -0.06981313 0 -0.1396263 0.15 -0.1396263 0.15 -0.1396263 0 -0.1396263 0 -0.2094395 0.15 -0.1396263 0 -0.2094395 0.15 -0.2094395 0.15 -0.2094395 0 -0.2094395 0 -0.2792527 0.15 -0.2094395 0 -0.2792527 0.15 -0.2792527 0.15 0.3490658 0 0.3490658 0 0.2792527 0.15 0.3490658 0 0.2792527 0.15 0.2792527 0.15 0.2792527 0 0.2792527 0 0.2094395 0.15 0.2792527 0 0.2094395 0.15 0.2094395 0.15 0.2094395 0 0.2094395 0 0.1396263 0.15 0.2094395 0 0.1396263 0.15 0.1396263 0.15 0.1396263 0 0.1396263 0 0.06981313 0.15 0.1396263 0 0.06981313 0.15 0.06981313 0.15 0.06981313 0 0.06981313 0 0 4.25 0.2443461 4.4 0.2443461 4.25 0.3141593 4.25 0.3141593 4.4 0.2443461 4.4 0.3141593 4.25 -0.3141593 4.4 -0.3141593 4.25 -0.2443461 4.25 -0.2443461 4.4 -0.3141593 4.4 -0.2443461 4.25 -0.2443461 4.4 -0.2443461 4.25 -0.1745329 4.25 -0.1745329 4.4 -0.2443461 4.4 -0.1745329 4.25 -0.1745329 4.4 -0.1745329 4.25 -0.1047196 4.25 -0.1047196 4.4 -0.1745329 4.4 -0.1047196 4.25 -0.1047196 4.4 -0.1047196 4.25 -0.0349065 4.25 -0.0349065 4.4 -0.1047196 4.4 -0.0349065 4.25 -0.0349065 4.4 -0.0349065 4.25 0.0349065 4.25 0.0349065 4.4 -0.0349065 4.4 0.0349065 4.25 0.0349065 4.4 0.0349065 4.25 0.1047196 4.25 0.1047196 4.4 0.0349065 4.4 0.1047196 4.25 0.1047196 4.4 0.1047196 4.25 0.1745329 4.25 0.1745329 4.4 0.1047196 4.4 0.1745329 4.25 0.1745329 4.4 0.1745329 4.25 0.2443461 4.25 0.2443461 4.4 0.1745329 4.4 0.2443461 0.07874011 -0.4507622 0.07480311 -0.4507622 0.07874011 -0.5071075 0.07874011 -0.5071075 0.07480311 -0.4507622 0.07480311 -0.5071075 0.07874011 0.5071075 0.07480311 0.5071075 0.07874011 0.4507622 0.07874011 0.4507622 0.07480311 0.5071075 0.07480311 0.4507622 0.07874011 0.4507622 0.07480311 0.4507622 0.07874011 0.3944169 0.07874011 0.3944169 0.07480311 0.4507622 0.07480311 0.3944169 0.07874011 0.3944169 0.07480311 0.3944169 0.07874011 0.3380717 0.07874011 0.3380717 0.07480311 0.3944169 0.07480311 0.3380717 0.07874011 0.3380717 0.07480311 0.3380717 0.07874011 0.2817264 0.07874011 0.2817264 0.07480311 0.3380717 0.07480311 0.2817264 0.07874011 0.2817264 0.07480311 0.2817264 0.07874011 0.2253811 0.07874011 0.2253811 0.07480311 0.2817264 0.07480311 0.2253811 0.07874011 0.2253811 0.07480311 0.2253811 0.07874011 0.1690358 0.07874011 0.1690358 0.07480311 0.2253811 0.07480311 0.1690358 0.07874011 0.1690358 0.07480311 0.1690358 0.07874011 0.1126905 0.07874011 0.1126905 0.07480311 0.1690358 0.07480311 0.1126905 0.07874011 0.1126905 0.07480311 0.1126905 0.07874011 0.05634522 0.07874011 0.05634522 0.07480311 0.1126905 0.07480311 0.05634522 0.07874011 0.05634522 0.07480311 0.05634522 0.07874011 0 0.07874011 0 0.07480311 0.05634522 0.07480311 0 0.07874011 0 0.07480311 0 0.07874011 -0.05634522 0.07874011 -0.05634522 0.07480311 0 0.07480311 -0.05634522 0.07874011 -0.05634522 0.07480311 -0.05634522 0.07874011 -0.1126905 0.07874011 -0.1126905 0.07480311 -0.05634522 0.07480311 -0.1126905 0.07874011 -0.1126905 0.07480311 -0.1126905 0.07874011 -0.1690358 0.07874011 -0.1690358 0.07480311 -0.1126905 0.07480311 -0.1690358 0.07874011 -0.1690358 0.07480311 -0.1690358 0.07874011 -0.2253811 0.07874011 -0.2253811 0.07480311 -0.1690358 0.07480311 -0.2253811 0.07874011 -0.2253811 0.07480311 -0.2253811 0.07874011 -0.2817264 0.07874011 -0.2817264 0.07480311 -0.2253811 0.07480311 -0.2817264 0.07874011 -0.2817264 0.07480311 -0.2817264 0.07874011 -0.3380717 0.07874011 -0.3380717 0.07480311 -0.2817264 0.07480311 -0.3380717 0.07874011 -0.3380717 0.07480311 -0.3380717 0.07874011 -0.3944169 0.07874011 -0.3944169 0.07480311 -0.3380717 0.07480311 -0.3944169 0.07874011 -0.3944169 0.07480311 -0.3944169 0.07874011 -0.4507622 0.07874011 -0.4507622 0.07480311 -0.3944169 0.07480311 -0.4507622 -0.5683655 -0.7107595 -0.5398409 -0.7071767 -0.5118111 -0.7007874 -0.5118111 -0.7007874 -0.5398409 -0.7071767 -0.4837812 -0.7071767 -0.5118111 -0.7007874 -0.4837812 -0.7071767 -0.4552565 -0.7107595 -0.4552565 -0.7107595 -0.4837812 -0.7071767 -0.4311023 -0.7263503 -0.4552565 -0.7107595 -0.4311023 -0.7263503 -0.4055233 -0.739473 -0.4055233 -0.739473 -0.4311023 -0.7263503 -0.3881582 -0.7623847 -0.4055233 -0.739473 -0.3881582 -0.7623847 -0.36861 -0.7834646 -0.36861 -0.7834646 -0.3881582 -0.7623847 -0.3601284 -0.8109338 -0.36861 -0.7834646 -0.3601284 -0.8109338 -0.3489688 -0.8374283 -0.3489688 -0.8374283 -0.3601284 -0.8109338 -0.3503937 -0.8661417 -0.3489688 -0.8374283 -0.3503937 -0.8661417 -0.3489688 -0.8948553 -0.3489688 -0.8948553 -0.3503937 -0.8661417 -0.3601284 -0.9213497 -0.3489688 -0.8948553 -0.3601284 -0.9213497 -0.36861 -0.9488189 -0.36861 -0.9488189 -0.3601284 -0.9213497 -0.3881582 -0.9698988 -0.36861 -0.9488189 -0.3881582 -0.9698988 -0.4055233 -0.9928106 -0.4055233 -0.9928106 -0.3881582 -0.9698988 -0.4311023 -1.005933 -0.4055233 -0.9928106 -0.4311023 -1.005933 -0.4552565 -1.021524 -0.4552565 -1.021524 -0.4311023 -1.005933 -0.4837812 -1.025107 -0.4552565 -1.021524 -0.4837812 -1.025107 -0.5118111 -1.031496 -0.5118111 -1.031496 -0.4837812 -1.025107 -0.5398409 -1.025107 -0.5118111 -1.031496 -0.5398409 -1.025107 -0.5683655 -1.021524 -0.5683655 -1.021524 -0.5398409 -1.025107 -0.5925197 -1.005933 -0.5683655 -1.021524 -0.5925197 -1.005933 -0.6180987 -0.9928106 -0.6180987 -0.9928106 -0.5925197 -1.005933 -0.6354638 -0.9698988 -0.6180987 -0.9928106 -0.6354638 -0.9698988 -0.6550121 -0.9488189 -0.6550121 -0.9488189 -0.6354638 -0.9698988 -0.6634937 -0.9213497 -0.6550121 -0.9488189 -0.6634937 -0.9213497 -0.6746532 -0.8948553 -0.6746532 -0.8948553 -0.6634937 -0.9213497 -0.6732284 -0.8661417 -0.6746532 -0.8948553 -0.6732284 -0.8661417 -0.6746532 -0.8374283 -0.6746532 -0.8374283 -0.6732284 -0.8661417 -0.6634937 -0.8109338 -0.6746532 -0.8374283 -0.6634937 -0.8109338 -0.6550121 -0.7834646 -0.6550121 -0.7834646 -0.6634937 -0.8109338 -0.6354638 -0.7623847 -0.6550121 -0.7834646 -0.6354638 -0.7623847 -0.6180987 -0.739473 -0.6180987 -0.739473 -0.6354638 -0.7623847 -0.5925197 -0.7263503 -0.6180987 -0.739473 -0.5925197 -0.7263503 -0.5683655 -0.7107595 -0.5683655 -0.7107595 -0.5925197 -0.7263503 -0.5398409 -0.7071767 2.308599 -0.1968504 2.249544 -0.1968504 2.308599 -1.535433 2.308599 -1.535433 2.249544 -0.1968504 2.249544 -1.535433 2.249544 -1.535433 2.249544 -0.1968504 1.501512 -0.1968504 2.249544 -1.535433 1.501512 -0.1968504 1.501512 -1.535433 1.501512 -1.535433 1.501512 -0.1968504 1.442457 -0.1968504 1.501512 -1.535433 1.442457 -0.1968504 1.442457 -1.535433 2.249544 0 1.501512 0 2.249544 -0.1968504 2.249544 -0.1968504 1.501512 0 1.501512 -0.1968504 1.501512 -1.732283 2.249544 -1.732283 1.501512 -1.535433 1.501512 -1.535433 2.249544 -1.732283 2.249544 -1.535433 -0.05856227 0.007613003 -0.0469098 0.03587424 -0.05094915 0.0661754 -0.05094915 0.0661754 -0.0469098 0.03587424 -0.02268803 0.05452299 -0.05094915 0.0661754 -0.02268803 0.05452299 0.007613003 0.05856227 -0.007613003 -0.05856227 -0.03587424 -0.0469098 -0.0661754 -0.05094915 -0.0661754 -0.05094915 -0.03587424 -0.0469098 -0.05452299 -0.02268803 -0.0661754 -0.05094915 -0.05452299 -0.02268803 -0.05856227 0.007613003 -0.007613003 0.05856227 0.02268803 0.05452299 0.05094915 0.0661754 0.05094915 0.0661754 0.02268803 0.05452299 0.0469098 0.03587424 0.05094915 0.0661754 0.0469098 0.03587424 0.05856227 0.007613003 0.02173751 0.01998376 0.01077222 0.0295965 0.003806531 0.02928107 0.003806531 0.02928107 0.01077222 0.0295965 -0.01077222 0.0295965 0.003806531 0.02928107 -0.01077222 0.0295965 -0.01590549 0.02487742 -0.01590549 0.02487742 -0.01077222 0.0295965 -0.02727633 0.01574802 -0.01590549 0.02487742 -0.02727633 0.01574802 -0.02817529 0.008833289 -0.02817529 0.008833289 -0.02727633 0.01574802 -0.03101754 -0.005469143 -0.02817529 0.008833289 -0.03101754 -0.005469143 -0.02726149 -0.01134395 -0.02726149 -0.01134395 -0.03101754 -0.005469143 -0.02024525 -0.02412736 -0.02726149 -0.01134395 -0.02024525 -0.02412736 -0.01359164 -0.02621328 -0.01359164 -0.02621328 -0.02024525 -0.02412736 0 -0.03149598 -0.01359164 -0.02621328 0 -0.03149598 0.006437659 -0.02881711 0.006437659 -0.02881711 0 -0.03149598 0.02024525 -0.02412736 0.006437659 -0.02881711 0.02024525 -0.02412736 0.02345496 -0.01793712 0.02345496 -0.01793712 0.02024525 -0.02412736 0.03101754 -0.005469143 0.02345496 -0.01793712 0.03101754 -0.005469143 0.02949732 0.001335859 0.02949732 0.001335859 0.03101754 -0.005469143 0.02727633 0.01574802 0.02949732 0.001335859 0.02727633 0.01574802 0.02173751 0.01998376 0.02173751 0.01998376 0.02727633 0.01574802 0.01077222 0.0295965 0.01590549 0.02487742 0.01088845 0.0295965 -0.003806531 0.02928107 -0.003806531 0.02928107 0.01088845 0.0295965 -0.01065593 0.0295965 -0.003806531 0.02928107 -0.01065593 0.0295965 -0.02173751 0.01998376 -0.02173751 0.01998376 -0.01065593 0.0295965 -0.02716004 0.01574802 -0.02173751 0.01998376 -0.02716004 0.01574802 -0.02949732 0.001335859 -0.02949732 0.001335859 -0.02716004 0.01574802 -0.03090131 -0.005469143 -0.02949732 0.001335859 -0.03090131 -0.005469143 -0.02345496 -0.01793712 -0.02345496 -0.01793712 -0.03090131 -0.005469143 -0.02012902 -0.02412736 -0.02345496 -0.01793712 -0.02012902 -0.02412736 -0.006437659 -0.02881711 -0.006437659 -0.02881711 -0.02012902 -0.02412736 1.16239e-4 -0.03149598 -0.006437659 -0.02881711 1.16239e-4 -0.03149598 0.01359164 -0.02621328 0.01359164 -0.02621328 1.16239e-4 -0.03149598 0.02036148 -0.02412736 0.01359164 -0.02621328 0.02036148 -0.02412736 0.02726149 -0.01134395 0.02726149 -0.01134395 0.02036148 -0.02412736 0.03113377 -0.005469143 0.02726149 -0.01134395 0.03113377 -0.005469143 0.02817529 0.008833289 0.02817529 0.008833289 0.03113377 -0.005469143 0.02739262 0.01574802 0.02817529 0.008833289 0.02739262 0.01574802 0.01590549 0.02487742 0.01590549 0.02487742 0.02739262 0.01574802 0.01088845 0.0295965 0.02173751 0.01998376 0.01065593 0.0295965 0.003806531 0.02928107 0.003806531 0.02928107 0.01065593 0.0295965 -0.01088845 0.0295965 0.003806531 0.02928107 -0.01088845 0.0295965 -0.01590549 0.02487742 -0.01590549 0.02487742 -0.01088845 0.0295965 -0.02739262 0.01574802 -0.01590549 0.02487742 -0.02739262 0.01574802 -0.02817529 0.008833289 -0.02817529 0.008833289 -0.02739262 0.01574802 -0.03113377 -0.005469143 -0.02817529 0.008833289 -0.03113377 -0.005469143 -0.02726149 -0.01134395 -0.02726149 -0.01134395 -0.03113377 -0.005469143 -0.02036148 -0.02412736 -0.02726149 -0.01134395 -0.02036148 -0.02412736 -0.01359164 -0.02621328 -0.01359164 -0.02621328 -0.02036148 -0.02412736 -1.16239e-4 -0.03149598 -0.01359164 -0.02621328 -1.16239e-4 -0.03149598 0.006437659 -0.02881711 0.006437659 -0.02881711 -1.16239e-4 -0.03149598 0.02012902 -0.02412736 0.006437659 -0.02881711 0.02012902 -0.02412736 0.02345496 -0.01793712 0.02345496 -0.01793712 0.02012902 -0.02412736 0.03090131 -0.005469143 0.02345496 -0.01793712 0.03090131 -0.005469143 0.02949732 0.001335859 0.02949732 0.001335859 0.03090131 -0.005469143 0.02716004 0.01574802 0.02949732 0.001335859 0.02716004 0.01574802 0.02173751 0.01998376 0.02173751 0.01998376 0.02716004 0.01574802 0.01065593 0.0295965 2.532393 -1.535433 2.586734 -1.535433 2.532393 -0.1968504 2.532393 -0.1968504 2.586734 -1.535433 2.586734 -0.1968504 2.586734 -0.1968504 2.586734 -1.535433 3.334766 -1.535433 2.586734 -0.1968504 3.334766 -1.535433 3.334766 -0.1968504 3.334766 -0.1968504 3.334766 -1.535433 3.390434 -1.535433 3.334766 -0.1968504 3.390434 -1.535433 3.390434 -0.1968504 2.586734 -1.732283 3.334766 -1.732283 2.586734 -1.535433 2.586734 -1.535433 3.334766 -1.732283 3.334766 -1.535433 3.334766 0 2.586734 0 3.334766 -0.1968504 3.334766 -0.1968504 2.586734 0 2.586734 -0.1968504 1.442457 -0.1968504 1.383402 -0.1968504 1.442457 -1.535433 1.442457 -1.535433 1.383402 -0.1968504 1.383402 -1.535433 1.383402 -1.535433 1.383402 -0.1968504 0.6353706 -0.1968504 1.383402 -1.535433 0.6353706 -0.1968504 0.6353706 -1.535433 0.6353706 -1.535433 0.6353706 -0.1968504 0.5763155 -1.535433 0.5763155 -1.535433 0.6353706 -0.1968504 0.5763155 -0.1968504 1.383402 0 0.6353706 0 1.383402 -0.1968504 1.383402 -0.1968504 0.6353706 0 0.6353706 -0.1968504 0.6353706 -1.732283 1.383402 -1.732283 0.6353706 -1.535433 0.6353706 -1.535433 1.383402 -1.732283 1.383402 -1.535433 -0.009476006 -0.0583201 -0.03571444 -0.04717385 -0.0661754 -0.05094915 -0.0661754 -0.05094915 -0.03571444 -0.04717385 -0.05367422 -0.02503472 -0.0661754 -0.05094915 -0.05367422 -0.02503472 -0.05917 0.00293833 0.03957307 0.0436837 0.03895515 0.04438465 0.03887313 0.04429125 0.03887313 0.04429125 0.03895515 0.04438465 0.03110396 0.05020004 0.03887313 0.04429125 0.03110396 0.05020004 0.01980495 0.05563515 0.03957307 0.0436837 0.04028236 0.04308724 0.03895515 0.04438465 0.03895515 0.04438465 0.04028236 0.04308724 0.04100102 0.04250192 0.03887313 0.04429125 0.01980495 0.05563515 0.01163375 0.05785965 0.01163375 0.05785965 0.01980495 0.05563515 0.01164102 0.05789631 0.01163375 0.05785965 0.01164102 0.05789631 0.007613003 0.05856227 0.01163375 0.05785965 0.007613003 0.05856227 -0.01874488 0.05606377 -0.01874488 0.05606377 0.007613003 0.05856227 -0.05094915 0.0661754 -0.01874488 0.05606377 -0.05094915 0.0661754 -0.04419589 0.03938043 -0.04419589 0.03938043 -0.05094915 0.0661754 -0.0579608 0.01223975 0.04100102 -0.04250192 0.04028236 -0.04308724 0.03895515 -0.04438465 0.03895515 -0.04438465 0.04028236 -0.04308724 0.03957307 -0.0436837 0.03895515 -0.04438465 0.03957307 -0.0436837 0.03887313 -0.04429125 0.03895515 -0.04438465 0.03887313 -0.04429125 0.0288853 -0.05150866 0.0288853 -0.05150866 0.03887313 -0.04429125 0.02720546 -0.05231726 0.0288853 -0.05150866 0.02720546 -0.05231726 0.02724564 -0.05239439 0.02724564 -0.05239439 0.02720546 -0.05231726 0.01488184 -0.05714923 0.01488184 -0.05714923 0.02720546 -0.05231726 0.01396256 -0.05733466 0.01488184 -0.05714923 0.01396256 -0.05733466 0.01397311 -0.05737817 0.01397311 -0.05737817 0.01396256 -0.05733466 -9.40432e-5 -0.05905503 0.05917 0.00293833 0.05367422 -0.02503472 0.0661754 -0.05094915 0.0661754 -0.05094915 0.05367422 -0.02503472 0.03571444 -0.04717385 0.0661754 -0.05094915 0.03571444 -0.04717385 0.009476006 -0.0583201 -0.03957307 -0.0436837 -0.03895515 -0.04438465 -0.03887313 -0.04429125 -0.03887313 -0.04429125 -0.03895515 -0.04438465 -0.0288853 -0.05150866 -0.03887313 -0.04429125 -0.0288853 -0.05150866 -0.02720546 -0.05231726 -0.02720546 -0.05231726 -0.0288853 -0.05150866 -0.02724564 -0.05239439 -0.02720546 -0.05231726 -0.02724564 -0.05239439 -0.01488184 -0.05714923 -0.03957307 -0.0436837 -0.04028236 -0.04308724 -0.03895515 -0.04438465 -0.03895515 -0.04438465 -0.04028236 -0.04308724 -0.04100102 -0.04250192 -0.02720546 -0.05231726 -0.01488184 -0.05714923 -0.01396256 -0.05733466 -0.01396256 -0.05733466 -0.01488184 -0.05714923 -0.01397311 -0.05737817 -0.01396256 -0.05733466 -0.01397311 -0.05737817 9.40432e-5 -0.05905503 0.02173751 0.01998376 0.02043336 0.02412736 0.003806531 0.02928107 0.003806531 0.02928107 0.02043336 0.02412736 1.88086e-4 0.03149598 0.003806531 0.02928107 1.88086e-4 0.03149598 -0.01590549 0.02487742 -0.01590549 0.02487742 1.88086e-4 0.03149598 -0.02005714 0.02412736 -0.01590549 0.02487742 -0.02005714 0.02412736 -0.02817529 0.008833289 -0.02817529 0.008833289 -0.02005714 0.02412736 -0.03082937 0.005469143 -0.02817529 0.008833289 -0.03082937 0.005469143 -0.02726149 -0.01134395 -0.02726149 -0.01134395 -0.03082937 0.005469143 -0.02708828 -0.01574802 -0.02726149 -0.01134395 -0.02708828 -0.01574802 -0.01359164 -0.02621328 -0.01359164 -0.02621328 -0.02708828 -0.01574802 -0.01058411 -0.0295965 -0.01359164 -0.02621328 -0.01058411 -0.0295965 0.006437659 -0.02881711 0.006437659 -0.02881711 -0.01058411 -0.0295965 0.01096034 -0.0295965 0.006437659 -0.02881711 0.01096034 -0.0295965 0.02345496 -0.01793712 0.02345496 -0.01793712 0.01096034 -0.0295965 0.02746438 -0.01574802 0.02345496 -0.01793712 0.02746438 -0.01574802 0.02949732 0.001335859 0.02949732 0.001335859 0.02746438 -0.01574802 0.03120565 0.005469143 0.02949732 0.001335859 0.03120565 0.005469143 0.02173751 0.01998376 0.02173751 0.01998376 0.03120565 0.005469143 0.02043336 0.02412736 -0.05856227 0.007613003 -0.0469098 0.03587424 -0.05094915 0.0661754 -0.05094915 0.0661754 -0.0469098 0.03587424 -0.02268803 0.05452299 -0.05094915 0.0661754 -0.02268803 0.05452299 0.007613003 0.05856227 -0.007613003 -0.05856227 -0.03587424 -0.0469098 -0.0661754 -0.05094915 -0.0661754 -0.05094915 -0.03587424 -0.0469098 -0.05452299 -0.02268803 -0.0661754 -0.05094915 -0.05452299 -0.02268803 -0.05856227 0.007613003 -0.007613003 0.05856227 0.02268803 0.05452299 0.05094915 0.0661754 0.05094915 0.0661754 0.02268803 0.05452299 0.0469098 0.03587424 0.05094915 0.0661754 0.0469098 0.03587424 0.05856227 0.007613003 0.02173751 0.01998376 0.02024525 0.02412736 0.003806531 0.02928107 0.003806531 0.02928107 0.02024525 0.02412736 0 0.03149598 0.003806531 0.02928107 0 0.03149598 -0.01590549 0.02487742 -0.01590549 0.02487742 0 0.03149598 -0.02024525 0.02412736 -0.01590549 0.02487742 -0.02024525 0.02412736 -0.02817529 0.008833289 -0.02817529 0.008833289 -0.02024525 0.02412736 -0.03101754 0.005469143 -0.02817529 0.008833289 -0.03101754 0.005469143 -0.02726149 -0.01134395 -0.02726149 -0.01134395 -0.03101754 0.005469143 -0.02727633 -0.01574802 -0.02726149 -0.01134395 -0.02727633 -0.01574802 -0.01359164 -0.02621328 -0.01359164 -0.02621328 -0.02727633 -0.01574802 -0.01077222 -0.0295965 -0.01359164 -0.02621328 -0.01077222 -0.0295965 0.006437659 -0.02881711 0.006437659 -0.02881711 -0.01077222 -0.0295965 0.01077222 -0.0295965 0.006437659 -0.02881711 0.01077222 -0.0295965 0.02345496 -0.01793712 0.02345496 -0.01793712 0.01077222 -0.0295965 0.02727633 -0.01574802 0.02345496 -0.01793712 0.02727633 -0.01574802 0.02949732 0.001335859 0.02949732 0.001335859 0.02727633 -0.01574802 0.03101754 0.005469143 0.02949732 0.001335859 0.03101754 0.005469143 0.02173751 0.01998376 0.02173751 0.01998376 0.03101754 0.005469143 0.02024525 0.02412736 2.308599 -1.535433 2.367654 -1.535433 2.308599 -0.1968504 2.308599 -0.1968504 2.367654 -1.535433 2.367654 -0.1968504 2.367654 -0.1968504 2.367654 -1.535433 3.245339 -1.732283 2.367654 -0.1968504 3.245339 -1.732283 3.245339 0 2.367654 -1.535433 2.367654 -1.732283 3.245339 -1.732283 3.245339 0 2.367654 0 2.367654 -0.1968504 2.523014 -0.1968504 2.468624 -0.1968504 2.523014 -1.535433 2.523014 -1.535433 2.468624 -0.1968504 2.468624 -1.535433 2.468624 -1.535433 2.468624 -0.1968504 1.720592 -0.1968504 2.468624 -1.535433 1.720592 -0.1968504 1.720592 -1.535433 1.720592 -1.535433 1.720592 -0.1968504 1.602482 -0.1968504 1.720592 -1.535433 1.602482 -0.1968504 1.602482 -1.535433 1.602482 -1.535433 1.602482 -0.1968504 0.7247976 -1.732283 1.602482 -1.535433 0.7247976 -1.732283 1.602482 -1.732283 2.468624 0 1.720592 0 2.468624 -0.1968504 2.468624 -0.1968504 1.720592 0 1.720592 -0.1968504 1.602482 0 0.7247976 0 1.602482 -0.1968504 1.602482 -0.1968504 0.7247976 0 0.7247976 -1.732283 1.720592 -1.732283 2.468624 -1.732283 1.720592 -1.535433 1.720592 -1.535433 2.468624 -1.732283 2.468624 -1.535433 -0.05856227 -0.007613003 -0.05452299 0.02268803 -0.0661754 0.05094915 -0.0661754 0.05094915 -0.05452299 0.02268803 -0.03587424 0.0469098 -0.0661754 0.05094915 -0.03587424 0.0469098 -0.007613003 0.05856227 -0.01998376 0.02173751 -0.0295965 0.01077222 -0.02928107 0.003806531 -0.02928107 0.003806531 -0.0295965 0.01077222 -0.0295965 -0.01077222 -0.02928107 0.003806531 -0.0295965 -0.01077222 -0.02487742 -0.01590549 -0.02487742 -0.01590549 -0.0295965 -0.01077222 -0.01574802 -0.02727633 -0.02487742 -0.01590549 -0.01574802 -0.02727633 -0.008833289 -0.02817529 -0.008833289 -0.02817529 -0.01574802 -0.02727633 0.005469143 -0.03101754 -0.008833289 -0.02817529 0.005469143 -0.03101754 0.01134395 -0.02726149 0.01134395 -0.02726149 0.005469143 -0.03101754 0.02412736 -0.02024525 0.01134395 -0.02726149 0.02412736 -0.02024525 0.02621328 -0.01359164 0.02621328 -0.01359164 0.02412736 -0.02024525 0.03149598 0 0.02621328 -0.01359164 0.03149598 0 0.02881711 0.006437659 0.02881711 0.006437659 0.03149598 0 0.02412736 0.02024525 0.02881711 0.006437659 0.02412736 0.02024525 0.01793712 0.02345496 0.01793712 0.02345496 0.02412736 0.02024525 0.005469143 0.03101754 0.01793712 0.02345496 0.005469143 0.03101754 -0.001335859 0.02949732 -0.001335859 0.02949732 0.005469143 0.03101754 -0.01574802 0.02727633 -0.001335859 0.02949732 -0.01574802 0.02727633 -0.01998376 0.02173751 -0.01998376 0.02173751 -0.01574802 0.02727633 -0.0295965 0.01077222 -0.05856227 0.007613003 -0.0469098 0.03587424 -0.05094915 0.0661754 -0.05094915 0.0661754 -0.0469098 0.03587424 -0.02268803 0.05452299 -0.05094915 0.0661754 -0.02268803 0.05452299 0.007613003 0.05856227 0.02487742 -0.01590549 0.0295965 -0.01077222 0.02928107 0.003806531 0.02928107 0.003806531 0.0295965 -0.01077222 0.0295965 0.01077222 0.02928107 0.003806531 0.0295965 0.01077222 0.01998376 0.02173751 0.01998376 0.02173751 0.0295965 0.01077222 0.01574802 0.02727633 0.01998376 0.02173751 0.01574802 0.02727633 0.001335859 0.02949732 0.001335859 0.02949732 0.01574802 0.02727633 -0.005469143 0.03101754 0.001335859 0.02949732 -0.005469143 0.03101754 -0.01793712 0.02345496 -0.01793712 0.02345496 -0.005469143 0.03101754 -0.02412736 0.02024525 -0.01793712 0.02345496 -0.02412736 0.02024525 -0.02881711 0.006437659 -0.02881711 0.006437659 -0.02412736 0.02024525 -0.03149598 0 -0.02881711 0.006437659 -0.03149598 0 -0.02621328 -0.01359164 -0.02621328 -0.01359164 -0.03149598 0 -0.02412736 -0.02024525 -0.02621328 -0.01359164 -0.02412736 -0.02024525 -0.01134395 -0.02726149 -0.01134395 -0.02726149 -0.02412736 -0.02024525 -0.005469143 -0.03101754 -0.01134395 -0.02726149 -0.005469143 -0.03101754 0.008833289 -0.02817529 0.008833289 -0.02817529 -0.005469143 -0.03101754 0.01574802 -0.02727633 0.008833289 -0.02817529 0.01574802 -0.02727633 0.02487742 -0.01590549 0.02487742 -0.01590549 0.01574802 -0.02727633 0.0295965 -0.01077222 0.05839163 -0.008925795 0.04710125 -0.0357213 0.05094915 -0.0661754 0.05094915 -0.0661754 0.04710125 -0.0357213 0.02439224 -0.05388087 0.05094915 -0.0661754 0.02439224 -0.05388087 -0.004230022 -0.0590021 -0.0438531 0.03946506 -0.04434031 0.03900557 -0.04429125 0.03896254 -0.04429125 0.03896254 -0.04434031 0.03900557 -0.05044865 0.03069901 -0.04429125 0.03896254 -0.05044865 0.03069901 -0.0557143 0.0195809 -0.0438531 0.03946506 -0.04342061 0.0399726 -0.04434031 0.03900557 -0.04434031 0.03900557 -0.04342061 0.0399726 -0.04299384 0.04048496 -0.04429125 0.03896254 -0.0557143 0.0195809 -0.05792361 0.01140594 -0.05792361 0.01140594 -0.0557143 0.0195809 -0.05794239 0.01140964 -0.05792361 0.01140594 -0.05794239 0.01140964 -0.05856227 0.007613003 -0.05792361 0.01140594 -0.05856227 0.007613003 -0.05585712 -0.01926863 -0.05585712 -0.01926863 -0.05856227 0.007613003 -0.0661754 -0.05094915 -0.05585712 -0.01926863 -0.0661754 -0.05094915 -0.03865182 -0.04474771 -0.03865182 -0.04474771 -0.0661754 -0.05094915 -0.01097089 -0.05812579 -0.02487742 0.01590549 -0.0295965 0.01067358 -0.02928107 -0.003806531 -0.02928107 -0.003806531 -0.0295965 0.01067358 -0.0295965 -0.01087099 -0.02928107 -0.003806531 -0.0295965 -0.01087099 -0.01998376 -0.02173751 -0.01998376 -0.02173751 -0.0295965 -0.01087099 -0.01574802 -0.0273751 -0.01998376 -0.02173751 -0.01574802 -0.0273751 -0.001335859 -0.02949732 -0.001335859 -0.02949732 -0.01574802 -0.0273751 0.005469143 -0.03111618 -0.001335859 -0.02949732 0.005469143 -0.03111618 0.01793712 -0.02345496 0.01793712 -0.02345496 0.005469143 -0.03111618 0.02412736 -0.02034389 0.01793712 -0.02345496 0.02412736 -0.02034389 0.02881711 -0.006437659 0.02881711 -0.006437659 0.02412736 -0.02034389 0.03149598 -9.87112e-5 0.02881711 -0.006437659 0.03149598 -9.87112e-5 0.02621328 0.01359164 0.02621328 0.01359164 0.03149598 -9.87112e-5 0.02412736 0.02014648 0.02621328 0.01359164 0.02412736 0.02014648 0.01134395 0.02726149 0.01134395 0.02726149 0.02412736 0.02014648 0.005469143 0.03091877 0.01134395 0.02726149 0.005469143 0.03091877 -0.008833289 0.02817529 -0.008833289 0.02817529 0.005469143 0.03091877 -0.01574802 0.02717763 -0.008833289 0.02817529 -0.01574802 0.02717763 -0.02487742 0.01590549 -0.02487742 0.01590549 -0.01574802 0.02717763 -0.0295965 0.01067358 0.04299384 0.04048496 0.04342061 0.0399726 0.04434031 0.03900557 0.04434031 0.03900557 0.04342061 0.0399726 0.0438531 0.03946506 0.04434031 0.03900557 0.0438531 0.03946506 0.04429125 0.03896254 0.05792361 0.01140594 0.0557143 0.0195809 0.04429125 0.03896254 0.04429125 0.03896254 0.0557143 0.0195809 0.05044865 0.03069901 0.04429125 0.03896254 0.05044865 0.03069901 0.04434031 0.03900557 0.05585712 -0.01926863 0.05856227 0.007613003 0.05792361 0.01140594 0.05792361 0.01140594 0.05856227 0.007613003 0.05794239 0.01140964 0.05792361 0.01140594 0.05794239 0.01140964 0.0557143 0.0195809 0.05856227 0.007613003 0.05585712 -0.01926863 0.0661754 -0.05094915 0.0661754 -0.05094915 0.05585712 -0.01926863 0.03865182 -0.04474771 0.0661754 -0.05094915 0.03865182 -0.04474771 0.01097089 -0.05812579 0.004230022 -0.0590021 -0.02439224 -0.05388087 -0.05094915 -0.0661754 -0.05094915 -0.0661754 -0.02439224 -0.05388087 -0.04710125 -0.0357213 -0.05094915 -0.0661754 -0.04710125 -0.0357213 -0.05839163 -0.008925795 -0.05905503 -4.93556e-5 -0.05734175 0.014023 -0.05736464 0.01402854 -0.05736464 0.01402854 -0.05734175 0.014023 -0.0572012 0.01468068 -0.0572012 0.01468068 -0.05734175 0.014023 -0.05232405 0.0272817 -0.0572012 0.01468068 -0.05232405 0.0272817 -0.05236458 0.02730286 -0.05236458 0.02730286 -0.05232405 0.0272817 -0.0517323 0.02848285 -0.0517323 0.02848285 -0.05232405 0.0272817 -0.04429125 0.03896254 -0.0517323 0.02848285 -0.04429125 0.03896254 -0.04434031 0.03900557 -0.04434031 0.03900557 -0.04429125 0.03896254 -0.0438531 0.03946506 -0.04434031 0.03900557 -0.0438531 0.03946506 -0.04342061 0.0399726 -0.04342061 0.0399726 -0.04299384 0.04048496 -0.04434031 0.03900557 -0.8180385 -0.609127 -0.789112 -0.5997282 -0.8469648 -0.5997282 -0.8469648 -0.5997282 -0.789112 -0.5997282 -0.8648424 -0.5751219 -0.8648424 -0.5751219 -0.789112 -0.5997282 -0.7712344 -0.5751219 -0.8648424 -0.5751219 -0.7712344 -0.5751219 -0.8648424 -0.5447069 -0.8648424 -0.5447069 -0.7712344 -0.5751219 -0.7712344 -0.5447069 -0.8648424 -0.5447069 -0.7712344 -0.5447069 -0.8469648 -0.5201005 -0.8469648 -0.5201005 -0.7712344 -0.5447069 -0.789112 -0.5201005 -0.8469648 -0.5201005 -0.789112 -0.5201005 -0.8180385 -0.5107018 -0.2345101 -0.5997282 -0.2055836 -0.609127 -0.2055836 -0.5107018 -0.2055836 -0.5107018 -0.2055836 -0.609127 -0.1766571 -0.5997282 -0.2055836 -0.5107018 -0.1766571 -0.5997282 -0.1766571 -0.5201005 -0.1766571 -0.5201005 -0.1766571 -0.5997282 -0.1587797 -0.5751219 -0.1766571 -0.5201005 -0.1587797 -0.5751219 -0.1587797 -0.5447069 -0.2055836 -0.5107018 -0.2345101 -0.5201005 -0.2345101 -0.5997282 -0.2345101 -0.5997282 -0.2345101 -0.5201005 -0.2523877 -0.5751219 -0.2523877 -0.5751219 -0.2345101 -0.5201005 -0.2523877 -0.5447069 -0.2345101 -1.212183 -0.2055836 -1.221582 -0.2055836 -1.123157 -0.2055836 -1.123157 -0.2055836 -1.221582 -0.1766571 -1.212183 -0.2055836 -1.123157 -0.1766571 -1.212183 -0.1766571 -1.132555 -0.1766571 -1.132555 -0.1766571 -1.212183 -0.1587797 -1.187577 -0.1766571 -1.132555 -0.1587797 -1.187577 -0.1587797 -1.157162 -0.2055836 -1.123157 -0.2345101 -1.132555 -0.2345101 -1.212183 -0.2345101 -1.212183 -0.2345101 -1.132555 -0.2523877 -1.187577 -0.2523877 -1.187577 -0.2345101 -1.132555 -0.2523877 -1.157162 -0.8469648 -1.212183 -0.8180385 -1.221582 -0.8180385 -1.123157 -0.8180385 -1.123157 -0.8180385 -1.221582 -0.789112 -1.212183 -0.8180385 -1.123157 -0.789112 -1.212183 -0.789112 -1.132555 -0.789112 -1.132555 -0.789112 -1.212183 -0.7712344 -1.187577 -0.789112 -1.132555 -0.7712344 -1.187577 -0.7712344 -1.157162 -0.8180385 -1.123157 -0.8469648 -1.132555 -0.8469648 -1.212183 -0.8469648 -1.212183 -0.8469648 -1.132555 -0.8648424 -1.187577 -0.8648424 -1.187577 -0.8469648 -1.132555 -0.8648424 -1.157162 -0.6102362 -1.318898 -0.4133859 -1.496063 -0.4133859 -1.318898 -0.4133859 -1.318898 -0.4133859 -1.496063 -0.3838583 -1.488151 -0.4133859 -1.318898 -0.3838583 -1.488151 -0.3838583 -1.32681 -0.3838583 -1.32681 -0.3838583 -1.488151 -0.3622426 -1.466535 -0.3838583 -1.32681 -0.3622426 -1.466535 -0.3543307 -1.437008 -0.6397638 -1.32681 -0.6397638 -1.488151 -0.6102362 -1.318898 -0.6102362 -1.318898 -0.6397638 -1.488151 -0.6102362 -1.496063 -0.6102362 -1.318898 -0.6102362 -1.496063 -0.4133859 -1.496063 -0.6613795 -1.348425 -0.6692914 -1.377953 -0.6397638 -1.32681 -0.6397638 -1.32681 -0.6692914 -1.377953 -0.6692914 -1.437008 -0.6397638 -1.32681 -0.6692914 -1.437008 -0.6613795 -1.466535 -0.6613795 -1.466535 -0.6397638 -1.488151 -0.6397638 -1.32681 -0.3543307 -1.437008 -0.3543307 -1.377953 -0.3838583 -1.32681 -0.3838583 -1.32681 -0.3543307 -1.377953 -0.3622426 -1.348425 -0.3543307 -0.2952756 -0.6692914 -0.2952756 -0.3543307 -0.3543307 -0.3543307 -0.3543307 -0.6692914 -0.2952756 -0.6692914 -0.3543307 -0.3543307 -0.3543307 -0.6692914 -0.3543307 -0.4133859 -0.4133859 -0.4133859 -0.4133859 -0.6692914 -0.3543307 -0.6102362 -0.4133859 -0.6102362 -0.4133859 -0.6692914 -0.3543307 -0.6613795 -0.3838583 -0.6102362 -0.4133859 -0.6613795 -0.3838583 -0.6397638 -0.4054739 -0.3622426 -0.265748 -0.4133859 -0.2362204 -0.3543307 -0.2952756 -0.3543307 -0.2952756 -0.4133859 -0.2362204 -0.6102362 -0.2362204 -0.3543307 -0.2952756 -0.6102362 -0.2362204 -0.6692914 -0.2952756 -0.6692914 -0.2952756 -0.6102362 -0.2362204 -0.6613795 -0.265748 -0.6613795 -0.265748 -0.6102362 -0.2362204 -0.6397638 -0.2441323 -0.3622426 -0.265748 -0.3838583 -0.2441323 -0.4133859 -0.2362204 -0.3838583 -0.4054739 -0.3622426 -0.3838583 -0.4133859 -0.4133859 -0.4133859 -0.4133859 -0.3622426 -0.3838583 -0.3543307 -0.3543307 -0.8556981 -1.594932 -0.8267717 -1.604331 -0.8267717 -1.505905 -0.8267717 -1.505905 -0.8267717 -1.604331 -0.7978453 -1.594932 -0.8267717 -1.505905 -0.7978453 -1.594932 -0.7978453 -1.515304 -0.7978453 -1.515304 -0.7978453 -1.594932 -0.7799677 -1.570326 -0.7978453 -1.515304 -0.7799677 -1.570326 -0.7799677 -1.539911 -0.8267717 -1.505905 -0.8556981 -1.515304 -0.8556981 -1.594932 -0.8556981 -1.594932 -0.8556981 -1.515304 -0.8735756 -1.570326 -0.8735756 -1.570326 -0.8556981 -1.515304 -0.8735756 -1.539911 -0.2257768 -1.594932 -0.1968504 -1.604331 -0.1968504 -1.505905 -0.1968504 -1.505905 -0.1968504 -1.604331 -0.1679239 -1.594932 -0.1968504 -1.505905 -0.1679239 -1.594932 -0.1679239 -1.515304 -0.1679239 -1.515304 -0.1679239 -1.594932 -0.1500464 -1.570326 -0.1679239 -1.515304 -0.1500464 -1.570326 -0.1500464 -1.539911 -0.1968504 -1.505905 -0.2257768 -1.515304 -0.2257768 -1.594932 -0.2257768 -1.594932 -0.2257768 -1.515304 -0.2436544 -1.570326 -0.2436544 -1.570326 -0.2257768 -1.515304 -0.2436544 -1.539911 -0.8267717 -0.2263779 -0.7978453 -0.2169792 -0.8556981 -0.2169792 -0.8556981 -0.2169792 -0.7978453 -0.2169792 -0.8735756 -0.1923729 -0.8735756 -0.1923729 -0.7978453 -0.2169792 -0.7799677 -0.1923729 -0.8735756 -0.1923729 -0.7799677 -0.1923729 -0.8735756 -0.1619578 -0.8735756 -0.1619578 -0.7799677 -0.1923729 -0.7799677 -0.1619578 -0.8735756 -0.1619578 -0.7799677 -0.1619578 -0.8556981 -0.1373515 -0.8556981 -0.1373515 -0.7799677 -0.1619578 -0.7978453 -0.1373515 -0.8556981 -0.1373515 -0.7978453 -0.1373515 -0.8267717 -0.1279528 -0.1968504 -0.2263779 -0.1679239 -0.2169792 -0.2257768 -0.2169792 -0.2257768 -0.2169792 -0.1679239 -0.2169792 -0.2436544 -0.1923729 -0.2436544 -0.1923729 -0.1679239 -0.2169792 -0.1500464 -0.1923729 -0.2436544 -0.1923729 -0.1500464 -0.1923729 -0.2436544 -0.1619578 -0.2436544 -0.1619578 -0.1500464 -0.1923729 -0.1500464 -0.1619578 -0.2436544 -0.1619578 -0.1500464 -0.1619578 -0.2257768 -0.1373515 -0.2257768 -0.1373515 -0.1500464 -0.1619578 -0.1679239 -0.1373515 -0.2257768 -0.1373515 -0.1679239 -0.1373515 -0.1968504 -0.1279528 -0.1476378 -1.003937 -0.1570366 -0.9750106 -0.1570366 -1.032863 -0.1570366 -1.032863 -0.1570366 -0.9750106 -0.1816428 -0.9571331 -0.1570366 -1.032863 -0.1816428 -0.9571331 -0.1816428 -1.050741 -0.1816428 -1.050741 -0.1816428 -0.9571331 -0.2120579 -0.9571331 -0.1816428 -1.050741 -0.2120579 -0.9571331 -0.2120579 -1.050741 -0.2120579 -1.050741 -0.2120579 -0.9571331 -0.2366642 -1.032863 -0.2366642 -1.032863 -0.2120579 -0.9571331 -0.2366642 -0.9750106 -0.2366642 -1.032863 -0.2366642 -0.9750106 -0.2460629 -1.003937 -0.4029422 -0.5113673 -0.4029422 -0.590995 -0.3740158 -0.5019685 -0.3740158 -0.5019685 -0.4029422 -0.590995 -0.3740158 -0.6003937 -0.3740158 -0.5019685 -0.3740158 -0.6003937 -0.3450893 -0.590995 -0.4208197 -0.5359736 -0.4208197 -0.5663886 -0.4029422 -0.5113673 -0.4029422 -0.5113673 -0.4208197 -0.5663886 -0.4029422 -0.590995 -0.3740158 -0.5019685 -0.3450893 -0.590995 -0.3450893 -0.5113673 -0.3450893 -0.5113673 -0.3450893 -0.590995 -0.3272118 -0.5663886 -0.3450893 -0.5113673 -0.3272118 -0.5663886 -0.3272118 -0.5359736 -0.8665854 -0.7572729 -0.7869579 -0.7572729 -0.8759843 -0.7283465 -0.8759843 -0.7283465 -0.7869579 -0.7572729 -0.7775591 -0.7283465 -0.8759843 -0.7283465 -0.7775591 -0.7283465 -0.8665854 -0.69942 -0.8665854 -0.69942 -0.7775591 -0.7283465 -0.7869579 -0.69942 -0.8665854 -0.69942 -0.7869579 -0.69942 -0.8419792 -0.6815426 -0.8419792 -0.6815426 -0.7869579 -0.69942 -0.8115642 -0.6815426 -0.8419792 -0.7751504 -0.8115642 -0.7751504 -0.8665854 -0.7572729 -0.8665854 -0.7572729 -0.8115642 -0.7751504 -0.7869579 -0.7572729 -0.6785328 -1.220916 -0.6496063 -1.230315 -0.6496063 -1.13189 -0.6496063 -1.13189 -0.6496063 -1.230315 -0.6206799 -1.220916 -0.6496063 -1.13189 -0.6206799 -1.220916 -0.6206799 -1.141289 -0.6206799 -1.141289 -0.6206799 -1.220916 -0.6028023 -1.19631 -0.6206799 -1.141289 -0.6028023 -1.19631 -0.6028023 -1.165895 -0.6496063 -1.13189 -0.6785328 -1.141289 -0.6785328 -1.220916 -0.6785328 -1.220916 -0.6785328 -1.141289 -0.6964102 -1.19631 -0.6964102 -1.19631 -0.6785328 -1.141289 -0.6964102 -1.165895 -0.7345218 -0.682801 -0.7092152 -0.6735902 -0.7598285 -0.6735902 -0.7598285 -0.6735902 -0.7092152 -0.6735902 -0.7732938 -0.6502675 -0.7732938 -0.6502675 -0.7092152 -0.6735902 -0.6957499 -0.6502675 -0.7732938 -0.6502675 -0.6957499 -0.6502675 -0.7686173 -0.6237459 -0.7686173 -0.6237459 -0.6957499 -0.6502675 -0.7004263 -0.6237459 -0.7686173 -0.6237459 -0.7004263 -0.6237459 -0.7479872 -0.6064352 -0.7479872 -0.6064352 -0.7004263 -0.6237459 -0.7210565 -0.6064352 -0.4865044 -0.5813403 -0.4983457 -0.5141853 -0.5118111 -0.5905512 -0.5118111 -0.5905512 -0.4983457 -0.5141853 -0.5252764 -0.5141853 -0.5118111 -0.5905512 -0.5252764 -0.5141853 -0.5371177 -0.5813403 -0.5371177 -0.5813403 -0.5252764 -0.5141853 -0.5459065 -0.5314961 -0.5371177 -0.5813403 -0.5459065 -0.5314961 -0.550583 -0.5580177 -0.473039 -0.5580177 -0.4777156 -0.5314961 -0.4865044 -0.5813403 -0.4865044 -0.5813403 -0.4777156 -0.5314961 -0.4983457 -0.5141853 -0.2637936 -0.6735902 -0.2756349 -0.6064352 -0.2891002 -0.682801 -0.2891002 -0.682801 -0.2756349 -0.6064352 -0.3025656 -0.6064352 -0.2891002 -0.682801 -0.3025656 -0.6064352 -0.3144068 -0.6735902 -0.3144068 -0.6735902 -0.3025656 -0.6064352 -0.3231957 -0.6237459 -0.3144068 -0.6735902 -0.3231957 -0.6237459 -0.3278722 -0.6502675 -0.2503283 -0.6502675 -0.2550047 -0.6237459 -0.2637936 -0.6735902 -0.2637936 -0.6735902 -0.2550047 -0.6237459 -0.2756349 -0.6064352 -0.1715438 -0.896301 -0.183385 -0.829146 -0.1968504 -0.9055118 -0.1968504 -0.9055118 -0.183385 -0.829146 -0.2103157 -0.829146 -0.1968504 -0.9055118 -0.2103157 -0.829146 -0.222157 -0.896301 -0.222157 -0.896301 -0.2103157 -0.829146 -0.2309459 -0.8464567 -0.222157 -0.896301 -0.2309459 -0.8464567 -0.2356224 -0.8729783 -0.1580784 -0.8729783 -0.1627549 -0.8464567 -0.1715438 -0.896301 -0.1715438 -0.896301 -0.1627549 -0.8464567 -0.183385 -0.829146 -0.2637936 -1.119012 -0.2756349 -1.051857 -0.2891002 -1.128223 -0.2891002 -1.128223 -0.2756349 -1.051857 -0.3025656 -1.051857 -0.2891002 -1.128223 -0.3025656 -1.051857 -0.3144068 -1.119012 -0.3144068 -1.119012 -0.3025656 -1.051857 -0.3231957 -1.069168 -0.3144068 -1.119012 -0.3231957 -1.069168 -0.3278722 -1.095689 -0.2503283 -1.095689 -0.2550047 -1.069168 -0.2637936 -1.119012 -0.2637936 -1.119012 -0.2550047 -1.069168 -0.2756349 -1.051857 -0.4865044 -1.211262 -0.4983457 -1.144106 -0.5118111 -1.220472 -0.5118111 -1.220472 -0.4983457 -1.144106 -0.5252764 -1.144106 -0.5118111 -1.220472 -0.5252764 -1.144106 -0.5371177 -1.211262 -0.5371177 -1.211262 -0.5252764 -1.144106 -0.5459065 -1.161417 -0.5371177 -1.211262 -0.5459065 -1.161417 -0.550583 -1.187939 -0.473039 -1.187939 -0.4777156 -1.161417 -0.4865044 -1.211262 -0.4865044 -1.211262 -0.4777156 -1.161417 -0.4983457 -1.144106 -0.7092152 -1.119012 -0.7210565 -1.051857 -0.7345218 -1.128223 -0.7345218 -1.128223 -0.7210565 -1.051857 -0.7479872 -1.051857 -0.7345218 -1.128223 -0.7479872 -1.051857 -0.7598285 -1.119012 -0.7598285 -1.119012 -0.7479872 -1.051857 -0.7686173 -1.069168 -0.7598285 -1.119012 -0.7686173 -1.069168 -0.7732938 -1.095689 -0.6957499 -1.095689 -0.7004263 -1.069168 -0.7092152 -1.119012 -0.7092152 -1.119012 -0.7004263 -1.069168 -0.7210565 -1.051857 -0.8014651 -0.896301 -0.8133063 -0.829146 -0.8267717 -0.9055118 -0.8267717 -0.9055118 -0.8133063 -0.829146 -0.840237 -0.829146 -0.8267717 -0.9055118 -0.840237 -0.829146 -0.8520783 -0.896301 -0.8520783 -0.896301 -0.840237 -0.829146 -0.8608672 -0.8464567 -0.8520783 -0.896301 -0.8608672 -0.8464567 -0.8655437 -0.8729783 -0.7879997 -0.8729783 -0.7926762 -0.8464567 -0.8014651 -0.896301 -0.8014651 -0.896301 -0.7926762 -0.8464567 -0.8133063 -0.829146 -0.08963894 -1.673228 -0.9339831 -1.673228 -0.08963894 -1.732283 -0.08963894 -1.732283 -0.9339831 -1.673228 -0.9339831 -1.732283 0 0.1972084 0.01968497 0.2253811 0 0.2535538 0 0.2535538 0.01968497 0.2253811 0.01968497 0.2817264 0 0.2535538 0.01968497 0.2817264 0 0.309899 0 0.309899 0.01968497 0.2817264 0.01968497 0.3380717 0 0.309899 0.01968497 0.3380717 0 0.3662443 0 0.3662443 0.01968497 0.3380717 0.01968497 0.3944169 0 0.3662443 0.01968497 0.3944169 0 0.4225896 0 0.4225896 0.01968497 0.3944169 0.01968497 0.4507622 0 0.4225896 0.01968497 0.4507622 0 0.4789348 0 0.4789348 0.01968497 0.4507622 0.01968497 0.5071075 0 0.4789348 0.01968497 0.5071075 0 0.5352801 0 -0.4789348 0.01968497 -0.5071075 0.01968497 -0.4507622 0 -0.4789348 0.01968497 -0.4507622 0 -0.4225896 0 -0.4225896 0.01968497 -0.4507622 0.01968497 -0.3944169 0 -0.4225896 0.01968497 -0.3944169 0 -0.3662443 0 -0.3662443 0.01968497 -0.3944169 0.01968497 -0.3380717 0 -0.3662443 0.01968497 -0.3380717 0 -0.309899 0 -0.309899 0.01968497 -0.3380717 0.01968497 -0.2817264 0 -0.309899 0.01968497 -0.2817264 0 -0.2535538 0 -0.2535538 0.01968497 -0.2817264 0.01968497 -0.2253811 0 -0.2535538 0.01968497 -0.2253811 0 -0.1972084 0 -0.1972084 0.01968497 -0.2253811 0.01968497 -0.1690358 0 -0.1972084 0.01968497 -0.1690358 0 -0.1408632 0 -0.1408632 0.01968497 -0.1690358 0.01968497 -0.1126905 0 -0.1408632 0.01968497 -0.1126905 0 -0.08451789 0 -0.08451789 0.01968497 -0.1126905 0.01968497 -0.05634522 0 -0.08451789 0.01968497 -0.05634522 0 -0.02817261 0 -0.02817261 0.01968497 -0.05634522 0.01968497 0 0 -0.02817261 0.01968497 0 0 0.02817261 0 0.02817261 0.01968497 0 0.01968497 0.05634522 0 0.02817261 0.01968497 0.05634522 0 0.08451789 0 0.08451789 0.01968497 0.05634522 0.01968497 0.1126905 0 0.08451789 0.01968497 0.1126905 0 0.1408632 0 0.1408632 0.01968497 0.1126905 0.01968497 0.1690358 0 0.1408632 0.01968497 0.1690358 0 0.1972084 0 0.1972084 0.01968497 0.1690358 0.01968497 0.2253811 0 0 0 -0.03346592 0.05905503 0 0.05905503 0 0 -0.03346592 1.732283 -0.03346592 0.05905503 0 1.732283 -0.03346592 1.673228 0 1.673228 0 1.732283 -0.03346592 1.732283 0 0 -0.03346592 0 -0.0669319 1.732283 -0.03346592 1.732283 -0.03346592 0 -0.0669319 1.732283 -0.0669319 1.732283 -0.0669319 0 -0.0669319 0 -0.1003979 1.732283 -0.0669319 0 -0.1003979 1.732283 -0.1003979 1.732283 -0.1003979 0 -0.1003979 0 -0.1338639 1.732283 -0.1003979 0 -0.1338639 1.732283 -0.1338639 1.732283 0.1236847 0 0.1236847 1.732283 0.1013741 1.732283 0.1013741 0 0.1236847 0 0.1013741 1.732283 0.1013741 0 0.1013741 0 0.07906341 1.732283 0.1013741 0 0.07906341 1.732283 0.07906341 1.732283 0.07906341 0 0.07906341 0 0.0567528 1.732283 0.07906341 0 0.0567528 1.732283 0.0567528 0.5763155 -0.1968504 0.5172604 -0.1968504 0.5763155 -1.535433 0.5763155 -1.535433 0.5172604 -0.1968504 0.5172604 -1.535433 0.5172604 -1.535433 0.5172604 -0.1968504 0.08963894 -1.732283 0.5172604 -1.535433 0.08963894 -1.732283 0.5172604 -1.732283 0.5172604 0 0.08963894 0 0.5172604 -0.1968504 0.5172604 -0.1968504 0.08963894 0 0.08963894 -1.732283 3.397232 -1.535433 3.452876 -1.535433 3.397232 -0.1968504 3.397232 -0.1968504 3.452876 -1.535433 3.452876 -0.1968504 3.452876 -0.1968504 3.452876 -1.535433 3.880497 -1.732283 3.452876 -0.1968504 3.880497 -1.732283 3.880497 0 3.452876 -1.535433 3.452876 -1.732283 3.880497 -1.732283 3.880497 0 3.452876 0 3.452876 -0.1968504 0.08889096 1.012066 1.483908 0.7910127 3.336368 0.5898942 3.336368 0.5898942 1.483908 0.7910127 2.225697 0.69458 3.336368 0.5898942 2.225697 0.69458 2.342822 0.6793538 2.342822 0.6793538 2.225697 0.69458 2.277982 0.657902 2.342822 0.6793538 2.277982 0.657902 2.296631 0.6501422 0.05579119 1.009305 0.08381557 0.9730247 0.08889096 1.012066 0.08889096 1.012066 0.08381557 0.9730247 0.5078688 0.9178978 0.08889096 1.012066 0.5078688 0.9178978 0.6249935 0.9026715 0.6249935 0.9026715 0.5078688 0.9178978 0.560154 0.8812197 0.6249935 0.9026715 0.560154 0.8812197 0.5788019 0.8734599 0.05579119 1.009305 0.02677506 0.9931409 0.08381557 0.9730247 0.08381557 0.9730247 0.02677506 0.9931409 0.06206291 0.9696465 0.06206291 0.9696465 0.02677506 0.9931409 0.007005333 0.9664506 0.06206291 0.9696465 0.007005333 0.9664506 0.04552423 0.9551186 0.04552423 0.9551186 0.007005333 0.9664506 0 0.9339831 0.04552423 0.9551186 0 0.9339831 0.03937 0.9339831 0.03937 0.9339831 0 0.9339831 0.03937 0.08963894 0.03937 0.08963894 0 0.9339831 0 0.08963894 0.03937 0.08963894 0 0.08963894 0.04552423 0.06850337 0.04552423 0.06850337 0 0.08963894 0.007005333 0.05717146 0.04552423 0.06850337 0.007005333 0.05717146 0.06206291 0.05397558 0.06206291 0.05397558 0.007005333 0.05717146 0.02677506 0.0304811 0.06206291 0.05397558 0.02677506 0.0304811 0.08381557 0.05059731 0.08381557 0.05059731 0.02677506 0.0304811 0.05579119 0.01431721 0.08381557 0.05059731 0.05579119 0.01431721 0.08889096 0.01155579 3.336368 0.4337279 1.483908 0.2326093 0.08889096 0.01155579 0.08889096 0.01155579 1.483908 0.2326093 1.366783 0.2173832 0.08889096 0.01155579 1.366783 0.2173832 0.6249935 0.1209505 3.371312 0.447262 3.230654 0.4641821 3.336368 0.4337279 3.336368 0.4337279 3.230654 0.4641821 3.213183 0.4574152 3.336368 0.4337279 3.213183 0.4574152 2.342822 0.3442682 3.230654 0.4641821 3.371312 0.447262 3.243019 0.4782587 3.243019 0.4782587 3.371312 0.447262 3.396041 0.4754151 3.243019 0.4782587 3.396041 0.4754151 3.247478 0.4964567 3.247478 0.4964567 3.396041 0.4754151 3.404958 0.5118111 3.247478 0.4964567 3.404958 0.5118111 3.247478 0.5271654 3.247478 0.5271654 3.404958 0.5118111 3.396041 0.548207 3.247478 0.5271654 3.396041 0.548207 3.243019 0.5453634 3.243019 0.5453634 3.396041 0.548207 3.371312 0.5763601 3.243019 0.5453634 3.371312 0.5763601 3.230654 0.5594399 3.230654 0.5594399 3.371312 0.5763601 3.336368 0.5898942 3.230654 0.5594399 3.336368 0.5898942 3.213183 0.5662069 3.213183 0.5662069 3.336368 0.5898942 2.342822 0.6793538 2.301524 0.612499 2.335209 0.6207915 2.305928 0.6322112 2.305928 0.6322112 2.335209 0.6207915 2.342822 0.6793538 2.305928 0.6322112 2.342822 0.6793538 2.296631 0.6501422 2.335209 0.6207915 2.301524 0.612499 2.323557 0.5925303 2.323557 0.5925303 2.301524 0.612499 2.28548 0.6002293 2.323557 0.5925303 2.28548 0.6002293 2.240772 0.5814946 2.240772 0.5814946 2.28548 0.6002293 2.265303 0.6011431 2.240772 0.5814946 2.265303 0.6011431 2.222124 0.6057166 2.222124 0.6057166 2.265303 0.6011431 2.250433 0.6148129 2.222124 0.6057166 2.250433 0.6148129 2.218084 0.6360177 2.218084 0.6360177 2.250433 0.6148129 2.247829 0.6348423 2.218084 0.6360177 2.247829 0.6348423 2.258709 0.6518595 2.218084 0.6360177 2.258709 0.6518595 2.225697 0.69458 2.225697 0.69458 2.258709 0.6518595 2.277982 0.657902 1.44261 0.7241579 1.476295 0.7324504 1.447013 0.7438701 1.447013 0.7438701 1.476295 0.7324504 1.483908 0.7910127 1.447013 0.7438701 1.483908 0.7910127 1.437716 0.761801 1.437716 0.761801 1.483908 0.7910127 1.419068 0.7695608 1.419068 0.7695608 1.483908 0.7910127 1.366783 0.8062389 1.419068 0.7695608 1.366783 0.8062389 1.399795 0.7635184 1.399795 0.7635184 1.366783 0.8062389 1.35917 0.7476766 1.399795 0.7635184 1.35917 0.7476766 1.388915 0.7465012 1.388915 0.7465012 1.35917 0.7476766 1.391519 0.7264717 1.391519 0.7264717 1.35917 0.7476766 1.363209 0.7173753 1.391519 0.7264717 1.363209 0.7173753 1.406388 0.7128019 1.406388 0.7128019 1.363209 0.7173753 1.381858 0.6931536 1.406388 0.7128019 1.381858 0.6931536 1.426566 0.7118882 1.426566 0.7118882 1.381858 0.6931536 1.464642 0.7041891 1.426566 0.7118882 1.464642 0.7041891 1.44261 0.7241579 1.44261 0.7241579 1.464642 0.7041891 1.476295 0.7324504 0.5836955 0.8358167 0.6173804 0.8441092 0.5880992 0.8555288 0.5880992 0.8555288 0.6173804 0.8441092 0.6249935 0.9026715 0.5880992 0.8555288 0.6249935 0.9026715 0.5788019 0.8734599 0.6173804 0.8441092 0.5836955 0.8358167 0.605728 0.815848 0.605728 0.815848 0.5836955 0.8358167 0.5676513 0.823547 0.605728 0.815848 0.5676513 0.823547 0.5229437 0.8048124 0.5229437 0.8048124 0.5676513 0.823547 0.547474 0.8244608 0.5229437 0.8048124 0.547474 0.8244608 0.5042951 0.8290343 0.5042951 0.8290343 0.547474 0.8244608 0.5326047 0.8381306 0.5042951 0.8290343 0.5326047 0.8381306 0.5002557 0.8593355 0.5002557 0.8593355 0.5326047 0.8381306 0.5300009 0.8581601 0.5002557 0.8593355 0.5300009 0.8581601 0.5408809 0.8751773 0.5002557 0.8593355 0.5408809 0.8751773 0.5078688 0.9178978 0.5078688 0.9178978 0.5408809 0.8751773 0.560154 0.8812197 2.296631 0.3734799 2.342822 0.3442682 2.305928 0.3914109 2.305928 0.3914109 2.342822 0.3442682 2.335209 0.4028306 2.305928 0.3914109 2.335209 0.4028306 2.301524 0.4111231 2.301524 0.4111231 2.335209 0.4028306 2.323557 0.4310917 2.301524 0.4111231 2.323557 0.4310917 2.28548 0.4233928 2.28548 0.4233928 2.323557 0.4310917 2.240772 0.4421274 2.28548 0.4233928 2.240772 0.4421274 2.265303 0.422479 2.265303 0.422479 2.240772 0.4421274 2.222124 0.4179055 2.265303 0.422479 2.222124 0.4179055 2.250433 0.4088092 2.250433 0.4088092 2.222124 0.4179055 2.218084 0.3876044 2.250433 0.4088092 2.218084 0.3876044 2.247829 0.3887797 2.247829 0.3887797 2.218084 0.3876044 2.258709 0.3717625 2.258709 0.3717625 2.218084 0.3876044 2.225697 0.329042 2.258709 0.3717625 2.225697 0.329042 2.277982 0.3657201 2.277982 0.3657201 2.225697 0.329042 2.342822 0.3442682 2.277982 0.3657201 2.342822 0.3442682 2.296631 0.3734799 1.437716 0.261821 1.483908 0.2326093 1.447013 0.2797521 1.447013 0.2797521 1.483908 0.2326093 1.476295 0.2911717 1.447013 0.2797521 1.476295 0.2911717 1.44261 0.2994642 1.44261 0.2994642 1.476295 0.2911717 1.464642 0.3194329 1.44261 0.2994642 1.464642 0.3194329 1.426566 0.3117339 1.426566 0.3117339 1.464642 0.3194329 1.381858 0.3304685 1.426566 0.3117339 1.381858 0.3304685 1.406388 0.3108201 1.406388 0.3108201 1.381858 0.3304685 1.363209 0.3062466 1.406388 0.3108201 1.363209 0.3062466 1.391519 0.2971503 1.391519 0.2971503 1.363209 0.3062466 1.35917 0.2759455 1.391519 0.2971503 1.35917 0.2759455 1.388915 0.2771208 1.388915 0.2771208 1.35917 0.2759455 1.399795 0.2601037 1.399795 0.2601037 1.35917 0.2759455 1.366783 0.2173832 1.399795 0.2601037 1.366783 0.2173832 1.419068 0.2540613 1.419068 0.2540613 1.366783 0.2173832 1.483908 0.2326093 1.419068 0.2540613 1.483908 0.2326093 1.437716 0.261821 0.5788019 0.1501622 0.6249935 0.1209505 0.5880992 0.1680932 0.5880992 0.1680932 0.6249935 0.1209505 0.6173804 0.1795127 0.5880992 0.1680932 0.6173804 0.1795127 0.5836955 0.1878052 0.5836955 0.1878052 0.6173804 0.1795127 0.605728 0.2077741 0.5836955 0.1878052 0.605728 0.2077741 0.5676513 0.200075 0.5676513 0.200075 0.605728 0.2077741 0.5229437 0.2188096 0.5676513 0.200075 0.5229437 0.2188096 0.547474 0.1991612 0.547474 0.1991612 0.5229437 0.2188096 0.5042951 0.1945878 0.547474 0.1991612 0.5042951 0.1945878 0.5326047 0.1854915 0.5326047 0.1854915 0.5042951 0.1945878 0.5002557 0.1642866 0.5326047 0.1854915 0.5002557 0.1642866 0.5300009 0.165462 0.5300009 0.165462 0.5002557 0.1642866 0.5408809 0.1484448 0.5408809 0.1484448 0.5002557 0.1642866 0.5078688 0.1057243 0.5408809 0.1484448 0.5078688 0.1057243 0.560154 0.1424024 0.560154 0.1424024 0.5078688 0.1057243 0.6249935 0.1209505 0.560154 0.1424024 0.6249935 0.1209505 0.5788019 0.1501622 2.323557 0.4310917 2.299335 0.4497405 2.240772 0.4421274 2.240772 0.4421274 2.299335 0.4497405 2.269034 0.4537798 2.342822 0.3442682 2.225697 0.329042 3.336368 0.4337279 3.336368 0.4337279 2.225697 0.329042 1.483908 0.2326093 1.464642 0.3194329 1.44042 0.3380817 1.381858 0.3304685 1.381858 0.3304685 1.44042 0.3380817 1.410119 0.342121 0.605728 0.2077741 0.5815061 0.2264227 0.5229437 0.2188096 0.5229437 0.2188096 0.5815061 0.2264227 0.5512049 0.2304621 0.6249935 0.1209505 0.5078688 0.1057243 0.08889096 0.01155579 0.08889096 0.01155579 0.5078688 0.1057243 0.08381557 0.05059731 0.5512049 0.79316 0.5815061 0.7971993 0.5229437 0.8048124 0.5229437 0.8048124 0.5815061 0.7971993 0.605728 0.815848 0.6249935 0.9026715 1.366783 0.8062389 0.08889096 1.012066 0.08889096 1.012066 1.366783 0.8062389 1.483908 0.7910127 1.410119 0.6815011 1.44042 0.6855405 1.381858 0.6931536 1.381858 0.6931536 1.44042 0.6855405 1.464642 0.7041891 2.269034 0.5698422 2.299335 0.5738816 2.240772 0.5814946 2.240772 0.5814946 2.299335 0.5738816 2.323557 0.5925303 0 0.9339831 -0.03937 0.9339831 0 0.08963894 0 0.08963894 -0.03937 0.9339831 -0.03937 0.08963894 0 0.08963894 -0.03937 0.08963894 -0.04552423 0.06850337 -0.03937 0.9339831 0 0.9339831 -0.04552423 0.9551186 -0.04552423 0.9551186 0 0.9339831 -0.007005333 0.9664506 -0.04552423 0.9551186 -0.007005333 0.9664506 -0.06206291 0.9696465 -0.06206291 0.9696465 -0.007005333 0.9664506 -0.02677506 0.9931409 -0.06206291 0.9696465 -0.02677506 0.9931409 -0.08381557 0.9730247 -0.08381557 0.9730247 -0.02677506 0.9931409 -0.05579119 1.009305 -0.08381557 0.9730247 -0.05579119 1.009305 -0.08889096 1.012066 -3.336368 0.5898942 -1.483908 0.7910127 -0.08889096 1.012066 -0.08889096 1.012066 -1.483908 0.7910127 -1.366783 0.8062389 -0.08889096 1.012066 -1.366783 0.8062389 -0.6249935 0.9026715 -3.371312 0.5763601 -3.230654 0.5594399 -3.336368 0.5898942 -3.336368 0.5898942 -3.230654 0.5594399 -3.213183 0.5662069 -3.336368 0.5898942 -3.213183 0.5662069 -2.342822 0.6793538 -3.230654 0.5594399 -3.371312 0.5763601 -3.243019 0.5453634 -3.243019 0.5453634 -3.371312 0.5763601 -3.396041 0.548207 -3.243019 0.5453634 -3.396041 0.548207 -3.247478 0.5271654 -3.247478 0.5271654 -3.396041 0.548207 -3.404958 0.5118111 -3.247478 0.5271654 -3.404958 0.5118111 -3.247478 0.4964567 -3.247478 0.4964567 -3.404958 0.5118111 -3.396041 0.4754151 -3.247478 0.4964567 -3.396041 0.4754151 -3.243019 0.4782587 -3.243019 0.4782587 -3.396041 0.4754151 -3.371312 0.447262 -3.243019 0.4782587 -3.371312 0.447262 -3.230654 0.4641821 -3.230654 0.4641821 -3.371312 0.447262 -3.336368 0.4337279 -3.230654 0.4641821 -3.336368 0.4337279 -3.213183 0.4574152 -3.213183 0.4574152 -3.336368 0.4337279 -2.342822 0.3442682 -2.342822 0.3442682 -3.336368 0.4337279 -2.225697 0.329042 -2.342822 0.3442682 -2.225697 0.329042 -2.277982 0.3657201 -2.277982 0.3657201 -2.225697 0.329042 -2.258709 0.3717625 -2.258709 0.3717625 -2.225697 0.329042 -2.218084 0.3876044 -2.258709 0.3717625 -2.218084 0.3876044 -2.247829 0.3887797 -2.247829 0.3887797 -2.218084 0.3876044 -2.250433 0.4088092 -2.250433 0.4088092 -2.218084 0.3876044 -2.222124 0.4179055 -2.250433 0.4088092 -2.222124 0.4179055 -2.265303 0.422479 -2.265303 0.422479 -2.222124 0.4179055 -2.240772 0.4421274 -2.265303 0.422479 -2.240772 0.4421274 -2.28548 0.4233928 -2.28548 0.4233928 -2.240772 0.4421274 -2.323557 0.4310917 -2.28548 0.4233928 -2.323557 0.4310917 -2.301524 0.4111231 -2.301524 0.4111231 -2.323557 0.4310917 -2.335209 0.4028306 -2.301524 0.4111231 -2.335209 0.4028306 -2.305928 0.3914109 -2.305928 0.3914109 -2.335209 0.4028306 -2.342822 0.3442682 -2.305928 0.3914109 -2.342822 0.3442682 -2.296631 0.3734799 -2.296631 0.3734799 -2.342822 0.3442682 -2.277982 0.3657201 -2.225697 0.329042 -3.336368 0.4337279 -1.483908 0.2326093 -1.483908 0.2326093 -3.336368 0.4337279 -0.08889096 0.01155579 -1.483908 0.2326093 -0.08889096 0.01155579 -1.366783 0.2173832 -1.366783 0.2173832 -0.08889096 0.01155579 -0.6249935 0.1209505 -0.6249935 0.1209505 -0.08889096 0.01155579 -0.5078688 0.1057243 -0.6249935 0.1209505 -0.5078688 0.1057243 -0.560154 0.1424024 -0.560154 0.1424024 -0.5078688 0.1057243 -0.5408809 0.1484448 -0.5408809 0.1484448 -0.5078688 0.1057243 -0.5002557 0.1642866 -0.5408809 0.1484448 -0.5002557 0.1642866 -0.5300009 0.165462 -0.5300009 0.165462 -0.5002557 0.1642866 -0.5326047 0.1854915 -0.5326047 0.1854915 -0.5002557 0.1642866 -0.5042951 0.1945878 -0.5326047 0.1854915 -0.5042951 0.1945878 -0.547474 0.1991612 -0.547474 0.1991612 -0.5042951 0.1945878 -0.5229437 0.2188096 -0.547474 0.1991612 -0.5229437 0.2188096 -0.5676513 0.200075 -0.5676513 0.200075 -0.5229437 0.2188096 -0.605728 0.2077741 -0.5676513 0.200075 -0.605728 0.2077741 -0.5836955 0.1878052 -0.5836955 0.1878052 -0.605728 0.2077741 -0.6173804 0.1795127 -0.5836955 0.1878052 -0.6173804 0.1795127 -0.5880992 0.1680932 -0.5880992 0.1680932 -0.6173804 0.1795127 -0.6249935 0.1209505 -0.5880992 0.1680932 -0.6249935 0.1209505 -0.5788019 0.1501622 -0.5788019 0.1501622 -0.6249935 0.1209505 -0.560154 0.1424024 -0.5078688 0.1057243 -0.08889096 0.01155579 -0.08381557 0.05059731 -0.08381557 0.05059731 -0.08889096 0.01155579 -0.05579119 0.01431721 -0.08381557 0.05059731 -0.05579119 0.01431721 -0.02677506 0.0304811 -0.08381557 0.05059731 -0.02677506 0.0304811 -0.06206291 0.05397558 -0.06206291 0.05397558 -0.02677506 0.0304811 -0.007005333 0.05717146 -0.06206291 0.05397558 -0.007005333 0.05717146 -0.04552423 0.06850337 -0.04552423 0.06850337 -0.007005333 0.05717146 0 0.08963894 -1.44261 0.2994642 -1.476295 0.2911717 -1.447013 0.2797521 -1.447013 0.2797521 -1.476295 0.2911717 -1.483908 0.2326093 -1.447013 0.2797521 -1.483908 0.2326093 -1.437716 0.261821 -1.437716 0.261821 -1.483908 0.2326093 -1.419068 0.2540613 -1.419068 0.2540613 -1.483908 0.2326093 -1.366783 0.2173832 -1.419068 0.2540613 -1.366783 0.2173832 -1.399795 0.2601037 -1.399795 0.2601037 -1.366783 0.2173832 -1.35917 0.2759455 -1.399795 0.2601037 -1.35917 0.2759455 -1.388915 0.2771208 -1.388915 0.2771208 -1.35917 0.2759455 -1.391519 0.2971503 -1.391519 0.2971503 -1.35917 0.2759455 -1.363209 0.3062466 -1.391519 0.2971503 -1.363209 0.3062466 -1.406388 0.3108201 -1.406388 0.3108201 -1.363209 0.3062466 -1.381858 0.3304685 -1.406388 0.3108201 -1.381858 0.3304685 -1.426566 0.3117339 -1.426566 0.3117339 -1.381858 0.3304685 -1.464642 0.3194329 -1.426566 0.3117339 -1.464642 0.3194329 -1.44261 0.2994642 -1.44261 0.2994642 -1.464642 0.3194329 -1.476295 0.2911717 -0.5788019 0.8734599 -0.6249935 0.9026715 -0.5880992 0.8555288 -0.5880992 0.8555288 -0.6249935 0.9026715 -0.6173804 0.8441092 -0.5880992 0.8555288 -0.6173804 0.8441092 -0.5836955 0.8358167 -0.5836955 0.8358167 -0.6173804 0.8441092 -0.605728 0.815848 -0.5836955 0.8358167 -0.605728 0.815848 -0.5676513 0.823547 -0.5676513 0.823547 -0.605728 0.815848 -0.5229437 0.8048124 -0.5676513 0.823547 -0.5229437 0.8048124 -0.547474 0.8244608 -0.547474 0.8244608 -0.5229437 0.8048124 -0.5042951 0.8290343 -0.547474 0.8244608 -0.5042951 0.8290343 -0.5326047 0.8381306 -0.5326047 0.8381306 -0.5042951 0.8290343 -0.5002557 0.8593355 -0.5326047 0.8381306 -0.5002557 0.8593355 -0.5300009 0.8581601 -0.5300009 0.8581601 -0.5002557 0.8593355 -0.5408809 0.8751773 -0.5408809 0.8751773 -0.5002557 0.8593355 -0.5078688 0.9178978 -0.5408809 0.8751773 -0.5078688 0.9178978 -0.560154 0.8812197 -0.560154 0.8812197 -0.5078688 0.9178978 -0.6249935 0.9026715 -0.560154 0.8812197 -0.6249935 0.9026715 -0.5788019 0.8734599 -1.437716 0.761801 -1.483908 0.7910127 -1.447013 0.7438701 -1.447013 0.7438701 -1.483908 0.7910127 -1.476295 0.7324504 -1.447013 0.7438701 -1.476295 0.7324504 -1.44261 0.7241579 -1.44261 0.7241579 -1.476295 0.7324504 -1.464642 0.7041891 -1.44261 0.7241579 -1.464642 0.7041891 -1.426566 0.7118882 -1.426566 0.7118882 -1.464642 0.7041891 -1.381858 0.6931536 -1.426566 0.7118882 -1.381858 0.6931536 -1.406388 0.7128019 -1.406388 0.7128019 -1.381858 0.6931536 -1.363209 0.7173753 -1.406388 0.7128019 -1.363209 0.7173753 -1.391519 0.7264717 -1.391519 0.7264717 -1.363209 0.7173753 -1.35917 0.7476766 -1.391519 0.7264717 -1.35917 0.7476766 -1.388915 0.7465012 -1.388915 0.7465012 -1.35917 0.7476766 -1.399795 0.7635184 -1.399795 0.7635184 -1.35917 0.7476766 -1.366783 0.8062389 -1.399795 0.7635184 -1.366783 0.8062389 -1.419068 0.7695608 -1.419068 0.7695608 -1.366783 0.8062389 -1.483908 0.7910127 -1.419068 0.7695608 -1.483908 0.7910127 -1.437716 0.761801 -2.296631 0.6501422 -2.342822 0.6793538 -2.305928 0.6322112 -2.305928 0.6322112 -2.342822 0.6793538 -2.335209 0.6207915 -2.305928 0.6322112 -2.335209 0.6207915 -2.301524 0.612499 -2.301524 0.612499 -2.335209 0.6207915 -2.323557 0.5925303 -2.301524 0.612499 -2.323557 0.5925303 -2.28548 0.6002293 -2.28548 0.6002293 -2.323557 0.5925303 -2.240772 0.5814946 -2.28548 0.6002293 -2.240772 0.5814946 -2.265303 0.6011431 -2.265303 0.6011431 -2.240772 0.5814946 -2.222124 0.6057166 -2.265303 0.6011431 -2.222124 0.6057166 -2.250433 0.6148129 -2.250433 0.6148129 -2.222124 0.6057166 -2.218084 0.6360177 -2.250433 0.6148129 -2.218084 0.6360177 -2.247829 0.6348423 -2.247829 0.6348423 -2.218084 0.6360177 -2.258709 0.6518595 -2.258709 0.6518595 -2.218084 0.6360177 -2.225697 0.69458 -2.258709 0.6518595 -2.225697 0.69458 -2.277982 0.657902 -2.277982 0.657902 -2.225697 0.69458 -2.342822 0.6793538 -2.277982 0.657902 -2.342822 0.6793538 -2.296631 0.6501422 -2.323557 0.5925303 -2.299335 0.5738816 -2.240772 0.5814946 -2.240772 0.5814946 -2.299335 0.5738816 -2.269034 0.5698422 -2.342822 0.6793538 -2.225697 0.69458 -3.336368 0.5898942 -3.336368 0.5898942 -2.225697 0.69458 -1.483908 0.7910127 -1.464642 0.7041891 -1.44042 0.6855405 -1.381858 0.6931536 -1.381858 0.6931536 -1.44042 0.6855405 -1.410119 0.6815011 -0.605728 0.815848 -0.5815061 0.7971993 -0.5229437 0.8048124 -0.5229437 0.8048124 -0.5815061 0.7971993 -0.5512049 0.79316 -0.6249935 0.9026715 -0.5078688 0.9178978 -0.08889096 1.012066 -0.08889096 1.012066 -0.5078688 0.9178978 -0.08381557 0.9730247 -0.5512049 0.2304621 -0.5815061 0.2264227 -0.5229437 0.2188096 -0.5229437 0.2188096 -0.5815061 0.2264227 -0.605728 0.2077741 -1.410119 0.342121 -1.44042 0.3380817 -1.381858 0.3304685 -1.381858 0.3304685 -1.44042 0.3380817 -1.464642 0.3194329 -2.269034 0.4537798 -2.299335 0.4497405 -2.240772 0.4421274 -2.240772 0.4421274 -2.299335 0.4497405 -2.323557 0.4310917 -3.364443 -1.732283 -0.08963894 -1.732283 -3.364443 0 -3.364443 0 -0.08963894 -1.732283 -0.08963894 0 -0.9339831 -0.05905503 -0.08963894 -0.05905503 -0.9339831 0 -0.9339831 0 -0.08963894 -0.05905503 -0.08963894 0 -0.6056935 0 -3.880497 0 -0.6056935 -1.732283 -0.6056935 -1.732283 -3.880497 0 -3.880497 -1.732283 0 -0.1338639 0 -0.1716991 1.732283 -0.1338639 1.732283 -0.1338639 0 -0.1716991 1.732283 -0.1716991 1.732283 -0.1716991 0 -0.1716991 1.732283 -0.2095343 1.732283 -0.2095343 0 -0.1716991 0 -0.2095343 1.732283 -0.2095343 0 -0.2095343 1.732283 -0.2473695 1.732283 -0.2473695 0 -0.2095343 0 -0.2473695 1.732283 0.2473695 0 0.2473695 1.732283 0.2095343 1.732283 0.2095343 0 0.2473695 0 0.2095343 1.732283 0.2095343 0 0.2095343 1.732283 0.1716991 1.732283 0.1716991 0 0.2095343 0 0.1716991 1.732283 0.1716991 0 0.1716991 0 0.1338639 0 0.1338639 1.732283 0.1338639 1.732283 0.1716991 1.732283 0.1236847 0 0.1236847 1.732283 0.1047672 1.732283 0.1047672 0 0.1236847 0 0.1047672 1.732283 0.1047672 0 0.1047672 0 0.08584952 1.732283 0.1047672 0 0.08584952 1.732283 0.08584952 1.732283 0.08584952 0 0.08584952 0 0.0669319 1.732283 0.08584952 0 0.0669319 1.732283 0.0669319 -1.732283 -0.0669319 -1.732283 -0.08584952 0 -0.0669319 0 -0.0669319 -1.732283 -0.08584952 0 -0.08584952 0 -0.08584952 -1.732283 -0.08584952 -1.732283 -0.1047672 0 -0.08584952 -1.732283 -0.1047672 0 -0.1047672 0 -0.1047672 -1.732283 -0.1047672 0 -0.1236847 0 -0.1236847 -1.732283 -0.1047672 -1.732283 -0.1236847 0 0.1338639 0 0.1003979 1.732283 0.1338639 1.732283 0.1338639 0 0.1003979 1.732283 0.1003979 1.732283 0.1003979 0 0.1003979 0 0.0669319 1.732283 0.1003979 0 0.0669319 1.732283 0.0669319 1.732283 0.0669319 0 0.0669319 0 0.03346592 1.732283 0.0669319 0 0.03346592 1.732283 0.03346592 1.732283 0.03346592 0 0.03346592 1.673228 0 1.732283 0.03346592 1.673228 0 1.732283 0 0 0 0.05905503 0 0 0.03346592 0 0.03346592 0.05905503 0 1.673228 0 0 -0.0567528 0 -0.07906341 1.732283 -0.0567528 1.732283 -0.0567528 0 -0.07906341 1.732283 -0.07906341 1.732283 -0.07906341 0 -0.07906341 0 -0.1013741 1.732283 -0.07906341 0 -0.1013741 1.732283 -0.1013741 1.732283 -0.1013741 0 -0.1013741 1.732283 -0.1236847 1.732283 -0.1236847 0 -0.1013741 0 -0.1236847 0 0.1968504 -0.05905503 0.1968504 0 0 0 0 -0.05905503 0.1968504 -0.05905503 0 -0.007613003 0.05856227 0.02268803 0.05452299 0.05094915 0.0661754 0.05094915 0.0661754 0.02268803 0.05452299 0.0469098 0.03587424 0.05094915 0.0661754 0.0469098 0.03587424 0.05856227 0.007613003 0 0.01679688 -0.1968504 -0.003817141 0 -0.003817141 0 -0.003817141 -0.1968504 -0.003817141 -0.1968504 -0.02443122 0 -0.003817141 -0.1968504 -0.02443122 0 -0.02443122 0 -0.02443122 -0.1968504 -0.02443122 -0.1968504 -0.04504531 0 -0.02443122 -0.1968504 -0.04504531 0 -0.04504531 0 -0.04504531 -0.1968504 -0.04504531 -0.1968504 -0.06565952 0 -0.04504531 -0.1968504 -0.06565952 0 -0.06565952 0 -0.06565952 -0.1968504 -0.06565952 -0.1968504 -0.08627367 0 -0.06565952 -0.1968504 -0.08627367 0 -0.08627367 0 0.09925341 -0.1968504 0.09925341 -0.1968504 0.07863932 0 0.09925341 -0.1968504 0.07863932 0 0.07863932 0 0.07863932 -0.1968504 0.07863932 -0.1968504 0.05802518 0 0.07863932 -0.1968504 0.05802518 0 0.05802518 0 0.05802518 -0.1968504 0.05802518 -0.1968504 0.03741103 0 0.05802518 -0.1968504 0.03741103 0 0.03741103 0 0.03741103 -0.1968504 0.03741103 -0.1968504 0.01679688 0 0.03741103 -0.1968504 0.01679688 0 0.01679688 0 0.01679688 -0.1968504 0.01679688 -0.1968504 -0.003817141 0 0.1968504 -0.05905503 0.1968504 0 0 0 0 -0.05905503 0.1968504 -0.05905503 0 0 0.1968504 -0.05905503 0.1968504 0 0 0 0 -0.05905503 0.1968504 -0.05905503 0 0 0.1094577 0.1968504 0.1313191 0 0.1428459 0 0.1428459 0.1968504 0.1313191 0.1968504 0.1622403 0 0.1428459 0.1968504 0.1622403 -1.338583 0.1428459 -1.338583 0.1428459 0.1968504 0.1622403 -1.535433 0.1622403 -1.338583 0.1428459 -1.535433 0.1622403 -1.535433 0.1313191 0.1968504 0.1313191 0 0.1094577 0.1968504 0.1003979 0.1968504 0.1003979 0 0.1094577 0 0.07606941 0.1968504 0.1003979 0 0.07606941 0.1968504 0.06947672 0.1968504 0.06947672 0 0.07606941 0 0.04268109 0.1968504 0.06947672 0 0.04268109 0.1968504 0.0385555 0.1968504 0.0385555 0 0.04268109 -1.338583 0.04268109 0.1968504 0.0385555 -1.338583 0.04268109 -1.535433 0.0385555 -1.535433 0.0385555 -1.338583 0.04268109 -1.535433 0.06947672 -1.535433 0.06947672 -1.338583 0.04268109 -1.338583 0.07606941 -1.535433 0.06947672 -1.338583 0.07606941 -1.535433 0.1003979 -1.535433 0.1003979 -1.338583 0.07606941 -1.338583 0.1094577 -1.535433 0.1003979 -1.338583 0.1094577 -1.535433 0.1313191 -1.535433 0.1313191 -1.338583 0.1094577 -1.338583 0.1428459 0 -0.1469716 -1.338583 -0.1778928 0 -0.1778928 0 -0.1778928 -1.338583 -0.1778928 0.1968504 -0.2088139 0 -0.1778928 0.1968504 -0.2088139 0.1968504 -0.1778928 -1.338583 -0.1778928 0 -0.1469716 -1.338583 -0.1469716 -1.338583 -0.1469716 0 -0.1469716 0 -0.1160504 -1.338583 -0.1469716 0 -0.1160504 -1.338583 -0.1160504 -1.338583 -0.1160504 0 -0.1160504 -1.338583 -0.0851292 -1.338583 -0.0851292 0 -0.1160504 0 -0.0851292 -1.535433 -0.1778928 -1.535433 -0.208814 -1.338583 -0.1778928 -1.338583 -0.1778928 -1.535433 -0.208814 0.1968504 -0.2088139 -1.535433 0.007634282 -1.338583 0.007634282 -1.535433 0.0385555 -1.535433 0.0385555 -1.338583 0.007634282 0 0.007634282 -1.535433 0.0385555 0 0.007634282 0.1968504 0.0385555 0.1968504 0.0385555 0 0.007634282 0.1968504 0.007634282 -1.338583 0.007634282 -1.338583 -0.02328675 0 0.007634282 0 0.007634282 -1.338583 -0.02328675 0 -0.02328675 0 -0.02328675 -1.338583 -0.02328675 -1.338583 -0.05420798 0 -0.02328675 -1.338583 -0.05420798 0 -0.05420798 0 -0.05420798 -1.338583 -0.05420798 -1.338583 -0.0851292 0 -0.05420798 -1.338583 -0.0851292 0 -0.0851292 0.02024525 -0.02412736 0.01359164 -0.02621328 0 -0.03149598 0 -0.03149598 0.01359164 -0.02621328 -0.006437659 -0.02881711 0 -0.03149598 -0.006437659 -0.02881711 -0.02024525 -0.02412736 -0.02024525 -0.02412736 -0.006437659 -0.02881711 -0.02345496 -0.01793712 -0.02024525 -0.02412736 -0.02345496 -0.01793712 -0.03101754 -0.005469143 -0.03101754 -0.005469143 -0.02345496 -0.01793712 -0.02949732 0.001335859 -0.03101754 -0.005469143 -0.02949732 0.001335859 -0.02727633 0.01574802 -0.02727633 0.01574802 -0.02949732 0.001335859 -0.02173751 0.01998376 -0.02727633 0.01574802 -0.02173751 0.01998376 -0.01077222 0.0295965 -0.01077222 0.0295965 -0.02173751 0.01998376 -0.003806531 0.02928107 -0.01077222 0.0295965 -0.003806531 0.02928107 0.01077222 0.0295965 0.01077222 0.0295965 -0.003806531 0.02928107 0.01590549 0.02487742 0.01077222 0.0295965 0.01590549 0.02487742 0.02727633 0.01574802 0.02727633 0.01574802 0.01590549 0.02487742 0.02817529 0.008833289 0.02727633 0.01574802 0.02817529 0.008833289 0.03101754 -0.005469143 0.03101754 -0.005469143 0.02817529 0.008833289 0.02726149 -0.01134395 0.03101754 -0.005469143 0.02726149 -0.01134395 0.02024525 -0.02412736 0.02024525 -0.02412736 0.02726149 -0.01134395 0.01359164 -0.02621328 0 -0.02195048 -0.1968504 -0.04256457 0 -0.04256457 0 -0.04256457 -0.1968504 -0.04256457 -0.1968504 -0.06317871 0 -0.04256457 -0.1968504 -0.06317871 0 -0.06317871 0 -0.06317871 -0.1968504 -0.06317871 -0.1968504 -0.08379286 0 -0.06317871 -0.1968504 -0.08379286 0 -0.08379286 0 0.1017342 -0.1968504 0.1017342 -0.1968504 0.08112013 0 0.1017342 -0.1968504 0.08112013 0 0.08112013 0 0.08112013 -0.1968504 0.08112013 -0.1968504 0.06050592 0 0.08112013 -0.1968504 0.06050592 0 0.06050592 0 0.06050592 -0.1968504 0.06050592 -0.1968504 0.03989183 0 0.06050592 -0.1968504 0.03989183 0 0.03989183 0 0.03989183 -0.1968504 0.03989183 -0.1968504 0.01927775 0 0.03989183 -0.1968504 0.01927775 0 0.01927775 0 0.01927775 -0.1968504 0.01927775 -0.1968504 -0.001336336 0 0.01927775 -0.1968504 -0.001336336 0 -0.001336336 0 -0.001336336 -0.1968504 -0.001336336 -0.1968504 -0.02195048 0 -0.001336336 -0.1968504 -0.02195048 0 -0.02195048 0 -0.02195048 -0.1968504 -0.02195048 -0.1968504 -0.04256457 0 -0.1968504 0.05905503 -0.1968504 0 0 0 0 0.05905503 -0.1968504 0.05905503 0 0.1968504 0.0851292 0.1968504 0.1160504 0 0.0851292 0 0.0851292 0.1968504 0.1160504 -1.535433 0.1160504 0 0.0851292 -1.535433 0.1160504 -1.338583 0.0851292 -1.338583 0.0851292 -1.535433 0.1160504 -1.535433 0.0851292 -1.535433 0.1160504 0.1968504 0.1160504 0 0.1354447 0 0.1354447 0.1968504 0.1160504 0.1968504 0.1469716 0 0.1354447 0.1968504 0.1469716 0 0.168833 0 0.168833 0.1968504 0.1469716 0.1968504 0.1778928 0 0.168833 0.1968504 0.1778928 0.1968504 0.208814 0 0.168833 0.1968504 0.208814 0 0.2022212 0 -0.168833 0.1968504 -0.1622403 0.1968504 -0.1313191 0 -0.168833 0.1968504 -0.1313191 0 -0.1354447 0 -0.1354447 0.1968504 -0.1313191 -1.535433 -0.1313191 0 -0.1354447 -1.535433 -0.1313191 -1.338583 -0.1354447 -1.338583 -0.1354447 -1.535433 -0.1313191 -1.535433 -0.1622403 -1.338583 -0.1354447 -1.535433 -0.1622403 -1.338583 -0.168833 -1.338583 0.2022213 -1.535433 0.2088139 -1.535433 0.1778928 -1.338583 0.2022213 -1.535433 0.1778928 -1.338583 0.168833 -1.338583 0.168833 -1.535433 0.1778928 -1.535433 0.1469716 -1.338583 0.168833 -1.535433 0.1469716 -1.338583 0.1354447 -1.338583 0.1354447 -1.535433 0.1469716 -1.535433 0.1160504 -1.338583 0.1354447 -1.535433 0.1160504 0 0.1354447 0.1968504 -0.1003979 0 -0.1003979 0.1968504 -0.1313191 0.1968504 -0.1313191 0 -0.1003979 -1.338583 -0.1003979 0.1968504 -0.1313191 -1.338583 -0.1003979 -1.535433 -0.1313191 -1.535433 -0.1313191 -1.338583 -0.1003979 -1.535433 -0.1003979 0 -0.1003979 0 -0.06947672 -1.338583 -0.1003979 -1.338583 -0.1003979 0 -0.06947672 -1.338583 -0.06947672 -1.338583 -0.06947672 0 -0.06947672 0 -0.0385555 -1.338583 -0.06947672 0 -0.0385555 -1.338583 -0.0385555 -1.338583 -0.0385555 0 -0.0385555 0 -0.007634282 -1.338583 -0.0385555 0 -0.007634282 -1.338583 -0.007634282 -1.338583 0.0851292 -1.338583 0.05420798 0 0.0851292 0 0.0851292 -1.338583 0.05420798 0 0.05420798 0 0.05420798 -1.338583 0.05420798 -1.338583 0.02328675 0 0.05420798 -1.338583 0.02328675 0 0.02328675 0 0.02328675 -1.338583 0.02328675 -1.338583 -0.007634282 0 0.02328675 -1.338583 -0.007634282 0 -0.007634282 0 -0.1968504 0.05905503 -0.1968504 0 0 0 0 0.05905503 -0.1968504 0.05905503 0 -0.02024525 0.02412736 -0.003806531 0.02928107 0 0.03149598 0 0.03149598 -0.003806531 0.02928107 0.01590549 0.02487742 0 0.03149598 0.01590549 0.02487742 0.02024525 0.02412736 0.02024525 0.02412736 0.01590549 0.02487742 0.02817529 0.008833289 0.02024525 0.02412736 0.02817529 0.008833289 0.03101754 0.005469143 0.03101754 0.005469143 0.02817529 0.008833289 0.02726149 -0.01134395 0.03101754 0.005469143 0.02726149 -0.01134395 0.02727633 -0.01574802 0.02727633 -0.01574802 0.02726149 -0.01134395 0.01359164 -0.02621328 0.02727633 -0.01574802 0.01359164 -0.02621328 0.01077222 -0.0295965 0.01077222 -0.0295965 0.01359164 -0.02621328 -0.006437659 -0.02881711 0.01077222 -0.0295965 -0.006437659 -0.02881711 -0.01077222 -0.0295965 -0.01077222 -0.0295965 -0.006437659 -0.02881711 -0.02345496 -0.01793712 -0.01077222 -0.0295965 -0.02345496 -0.01793712 -0.02727633 -0.01574802 -0.02727633 -0.01574802 -0.02345496 -0.01793712 -0.02949732 0.001335859 -0.02727633 -0.01574802 -0.02949732 0.001335859 -0.03101754 0.005469143 -0.03101754 0.005469143 -0.02949732 0.001335859 -0.02173751 0.01998376 -0.03101754 0.005469143 -0.02173751 0.01998376 -0.02024525 0.02412736 -0.02024525 0.02412736 -0.02173751 0.01998376 -0.003806531 0.02928107 0 -0.02195048 -0.1968504 -0.04256457 0 -0.04256457 0 -0.04256457 -0.1968504 -0.04256457 -0.1968504 -0.06317871 0 -0.04256457 -0.1968504 -0.06317871 0 -0.06317871 0 -0.06317871 -0.1968504 -0.06317871 -0.1968504 -0.08379286 0 -0.06317871 -0.1968504 -0.08379286 0 -0.08379286 0 0.1017342 -0.1968504 0.1017342 -0.1968504 0.08112013 0 0.1017342 -0.1968504 0.08112013 0 0.08112013 0 0.08112013 -0.1968504 0.08112013 -0.1968504 0.06050592 0 0.08112013 -0.1968504 0.06050592 0 0.06050592 0 0.06050592 -0.1968504 0.06050592 -0.1968504 0.03989183 0 0.06050592 -0.1968504 0.03989183 0 0.03989183 0 0.03989183 -0.1968504 0.03989183 -0.1968504 0.01927775 0 0.03989183 -0.1968504 0.01927775 0 0.01927775 0 0.01927775 -0.1968504 0.01927775 -0.1968504 -0.001336336 0 0.01927775 -0.1968504 -0.001336336 0 -0.001336336 0 -0.001336336 -0.1968504 -0.001336336 -0.1968504 -0.02195048 0 -0.001336336 -0.1968504 -0.02195048 0 -0.02195048 0 -0.02195048 -0.1968504 -0.02195048 -0.1968504 -0.04256457 0 -0.1968504 0.05905503 -0.1968504 0 0 0 0 0.05905503 -0.1968504 0.05905503 0 0.1968504 0.0851292 0.1968504 0.1160504 0 0.0851292 0 0.0851292 0.1968504 0.1160504 -1.338583 0.0851292 0 0.0851292 -1.338583 0.0851292 -1.338583 0.05420798 0.1968504 0.1469716 0 0.1354447 0.1968504 0.1160504 0.1968504 0.1160504 0 0.1354447 -1.535433 0.1160504 0.1968504 0.1160504 -1.535433 0.1160504 -1.338583 0.0851292 -1.338583 0.0851292 -1.535433 0.1160504 -1.535433 0.0851292 0 0.1354447 0.1968504 0.1469716 0 0.168833 0 0.168833 0.1968504 0.1469716 0.1968504 0.1778928 0 0.168833 0.1968504 0.1778928 0.1968504 0.208814 0 0.168833 0.1968504 0.208814 0 0.2022212 0 -0.168833 0.1968504 -0.1622403 0.1968504 -0.1313191 0 -0.168833 0.1968504 -0.1313191 0 -0.1354447 0 -0.1354447 0.1968504 -0.1313191 -1.535433 -0.1313191 0 -0.1354447 -1.535433 -0.1313191 -1.338583 -0.1354447 -1.338583 -0.1354447 -1.535433 -0.1313191 -1.535433 -0.1622403 -1.338583 -0.1354447 -1.535433 -0.1622403 -1.338583 -0.168833 -1.338583 0.2022213 -1.535433 0.2088139 -1.535433 0.1778928 -1.338583 0.2022213 -1.535433 0.1778928 -1.338583 0.168833 -1.338583 0.168833 -1.535433 0.1778928 -1.535433 0.1469716 -1.338583 0.168833 -1.535433 0.1469716 -1.338583 0.1354447 -1.338583 0.1354447 -1.535433 0.1469716 -1.535433 0.1160504 -1.338583 0.1354447 -1.535433 0.1160504 0 0.1354447 0.1968504 -0.1003979 0 -0.1003979 0.1968504 -0.1313191 0.1968504 -0.1313191 0 -0.1003979 -1.338583 -0.1003979 0.1968504 -0.1313191 -1.338583 -0.1003979 -1.535433 -0.1313191 -1.535433 -0.1313191 -1.338583 -0.1003979 -1.535433 -0.1003979 0 -0.1003979 0 -0.06947672 -1.338583 -0.1003979 -1.338583 -0.1003979 0 -0.06947672 -1.338583 -0.06947672 -1.338583 -0.06947672 0 -0.06947672 0 -0.0385555 -1.338583 -0.06947672 0 -0.0385555 -1.338583 -0.0385555 -1.338583 -0.0385555 0 -0.0385555 0 -0.007634282 -1.338583 -0.0385555 0 -0.007634282 -1.338583 -0.007634282 0 0.0851292 -1.338583 0.05420798 0 0.05420798 0 0.05420798 -1.338583 0.05420798 -1.338583 0.02328675 0 0.05420798 -1.338583 0.02328675 0 0.02328675 0 0.02328675 -1.338583 0.02328675 -1.338583 -0.007634282 0 0.02328675 -1.338583 -0.007634282 0 -0.007634282 0 -0.1968504 0.05905503 -0.1968504 0 0 0 0 0.05905503 -0.1968504 0.05905503 0 0.007613003 0.05856227 0.03587424 0.0469098 0.0661754 0.05094915 0.0661754 0.05094915 0.03587424 0.0469098 0.05452299 0.02268803 0.0661754 0.05094915 0.05452299 0.02268803 0.05856227 -0.007613003 0 -0.06833225 -0.1968504 -0.0889464 0 -0.0889464 0 0.09658074 -0.1968504 0.09658074 -0.1968504 0.07596659 0 0.09658074 -0.1968504 0.07596659 0 0.07596659 0 0.07596659 -0.1968504 0.07596659 -0.1968504 0.05535238 0 0.07596659 -0.1968504 0.05535238 0 0.05535238 0 0.05535238 -0.1968504 0.05535238 -0.1968504 0.03473836 0 0.05535238 -0.1968504 0.03473836 0 0.03473836 0 0.03473836 -0.1968504 0.03473836 -0.1968504 0.01412421 0 0.03473836 -0.1968504 0.01412421 0 0.01412421 0 0.01412421 -0.1968504 0.01412421 -0.1968504 -0.006489813 0 0.01412421 -0.1968504 -0.006489813 0 -0.006489813 0 -0.006489813 -0.1968504 -0.006489813 -0.1968504 -0.02710396 0 -0.006489813 -0.1968504 -0.02710396 0 -0.02710396 0 -0.02710396 -0.1968504 -0.02710396 -0.1968504 -0.04771804 0 -0.02710396 -0.1968504 -0.04771804 0 -0.04771804 0 -0.04771804 -0.1968504 -0.04771804 -0.1968504 -0.06833225 0 -0.04771804 -0.1968504 -0.06833225 0 -0.06833225 0 -0.06833225 -0.1968504 -0.06833225 -0.1968504 -0.0889464 0 -0.1968504 0.05905503 -0.1968504 0 0 0 0 0.05905503 -0.1968504 0.05905503 0 0 -0.1968504 0.05905503 -0.1968504 0 0 0 0 0.05905503 -0.1968504 0.05905503 0 5.81196e-5 -0.05905503 -0.03035789 -0.05058485 -0.002505183 -0.05900192 -0.002505183 -0.05900192 -0.03035789 -0.05058485 -0.005063951 -0.05883759 -0.005063951 -0.05883759 -0.03035789 -0.05058485 -0.007613003 -0.05856227 -0.007613003 -0.05856227 -0.03035789 -0.05058485 -0.0661754 -0.05094915 -0.0661754 -0.05094915 -0.03035789 -0.05058485 -0.0520631 -0.02765518 -0.0661754 -0.05094915 -0.0520631 -0.02765518 -0.05885314 0.00317943 -0.0661754 -0.05094915 -0.05885314 0.00317943 -0.05094915 0.0661754 -0.05094915 0.0661754 -0.05885314 0.00317943 -0.04878705 0.03310537 -0.05094915 0.0661754 -0.04878705 0.03310537 -0.02474224 0.05356824 -0.02474224 0.05356824 0.006408154 0.05871886 -0.05094915 0.0661754 0 -0.02195048 -0.1968504 -0.04256457 0 -0.04256457 0 -0.04256457 -0.1968504 -0.04256457 -0.1968504 -0.06317871 0 -0.04256457 -0.1968504 -0.06317871 0 -0.06317871 0 -0.06317871 -0.1968504 -0.06317871 -0.1968504 -0.08379286 0 -0.06317871 -0.1968504 -0.08379286 0 -0.08379286 0 0.1017342 -0.1968504 0.1017342 -0.1968504 0.08112013 0 0.1017342 -0.1968504 0.08112013 0 0.08112013 0 0.08112013 -0.1968504 0.08112013 -0.1968504 0.06050592 0 0.08112013 -0.1968504 0.06050592 0 0.06050592 0 0.06050592 -0.1968504 0.06050592 -0.1968504 0.03989183 0 0.06050592 -0.1968504 0.03989183 0 0.03989183 0 0.03989183 -0.1968504 0.03989183 -0.1968504 0.01927775 0 0.03989183 -0.1968504 0.01927775 0 0.01927775 0 0.01927775 -0.1968504 0.01927775 -0.1968504 -0.001336336 0 0.01927775 -0.1968504 -0.001336336 0 -0.001336336 0 -0.001336336 -0.1968504 -0.001336336 -0.1968504 -0.02195048 0 -0.001336336 -0.1968504 -0.02195048 0 -0.02195048 0 -0.02195048 -0.1968504 -0.02195048 -0.1968504 -0.04256457 0 0 0 0.1968504 -0.001214981 0 -0.001214981 0 0 0.1968504 -0.05905503 0.1968504 -0.001214981 0 -0.05905503 0.1968504 -0.05905503 0 0.1968504 0.1160504 0 0.09282165 0.1968504 0.0851292 0.1968504 0.0851292 0 0.09282165 0 0.09025752 0.1968504 0.0851292 0 0.09025752 0 0.08769333 0 0.09282165 0.1968504 0.1160504 0 0.1224608 0 0.1224608 0.1968504 0.1160504 0.1968504 0.1469716 0 0.1224608 0.1968504 0.1469716 0 0.1520999 0 0.1520999 0.1968504 0.1469716 0.1968504 0.1778928 0 0.1520999 0.1968504 0.1778928 0 0.181739 0 0.181739 0.1968504 0.1778928 0.1968504 0.208814 0 0.181739 0.1968504 0.208814 0 0.211378 0 -0.1596761 0.1968504 -0.1622403 0.1968504 -0.1313191 0 -0.1596761 0.1968504 -0.1313191 0 -0.130037 0 -0.130037 0.1968504 -0.1313191 0.1968504 -0.1003979 0 -0.130037 0.1968504 -0.1003979 0 -0.1003979 0 0.08769333 0 0.0851292 0.1968504 0.0851292 0 0.1968504 -0.05905503 0.1968504 0 0 0 0 -0.05905503 0.1968504 -0.05905503 0 -0.02043336 0.02412736 -0.003806531 0.02928107 -1.88086e-4 0.03149598 -1.88086e-4 0.03149598 -0.003806531 0.02928107 0.01590549 0.02487742 -1.88086e-4 0.03149598 0.01590549 0.02487742 0.02005714 0.02412736 0.02005714 0.02412736 0.01590549 0.02487742 0.02817529 0.008833289 0.02005714 0.02412736 0.02817529 0.008833289 0.03082937 0.005469143 0.03082937 0.005469143 0.02817529 0.008833289 0.02726149 -0.01134395 0.03082937 0.005469143 0.02726149 -0.01134395 0.02708828 -0.01574802 0.02708828 -0.01574802 0.02726149 -0.01134395 0.01359164 -0.02621328 0.02708828 -0.01574802 0.01359164 -0.02621328 0.01058411 -0.0295965 0.01058411 -0.0295965 0.01359164 -0.02621328 -0.006437659 -0.02881711 0.01058411 -0.0295965 -0.006437659 -0.02881711 -0.01096034 -0.0295965 -0.01096034 -0.0295965 -0.006437659 -0.02881711 -0.02345496 -0.01793712 -0.01096034 -0.0295965 -0.02345496 -0.01793712 -0.02746438 -0.01574802 -0.02746438 -0.01574802 -0.02345496 -0.01793712 -0.02949732 0.001335859 -0.02746438 -0.01574802 -0.02949732 0.001335859 -0.03120565 0.005469143 -0.03120565 0.005469143 -0.02949732 0.001335859 -0.02173751 0.01998376 -0.03120565 0.005469143 -0.02173751 0.01998376 -0.02043336 0.02412736 -0.02043336 0.02412736 -0.02173751 0.01998376 -0.003806531 0.02928107 0 -0.02195048 -0.1968504 -0.04256457 0 -0.04256457 0 -0.04256457 -0.1968504 -0.04256457 -0.1968504 -0.06317871 0 -0.04256457 -0.1968504 -0.06317871 0 -0.06317871 0 -0.06317871 -0.1968504 -0.06317871 -0.1968504 -0.08379286 0 -0.06317871 -0.1968504 -0.08379286 0 -0.08379286 0 0.1017342 -0.1968504 0.1017342 -0.1968504 0.08112013 0 0.1017342 -0.1968504 0.08112013 0 0.08112013 0 0.08112013 -0.1968504 0.08112013 -0.1968504 0.06050592 0 0.08112013 -0.1968504 0.06050592 0 0.06050592 0 0.06050592 -0.1968504 0.06050592 -0.1968504 0.03989183 0 0.06050592 -0.1968504 0.03989183 0 0.03989183 0 0.03989183 -0.1968504 0.03989183 -0.1968504 0.01927775 0 0.03989183 -0.1968504 0.01927775 0 0.01927775 0 0.01927775 -0.1968504 0.01927775 -0.1968504 -0.001336336 0 0.01927775 -0.1968504 -0.001336336 0 -0.001336336 0 -0.001336336 -0.1968504 -0.001336336 -0.1968504 -0.02195048 0 -0.001336336 -0.1968504 -0.02195048 0 -0.02195048 0 -0.02195048 -0.1968504 -0.02195048 -0.1968504 -0.04256457 0 0.1968504 -0.05905503 0.1968504 0 0 0 0 -0.05905503 0.1968504 -0.05905503 0 0.1968504 0.1160504 0 0.1068705 0.1968504 0.0851292 0.1968504 0.0851292 0 0.1068705 0 0.09266948 0.1968504 0.0851292 0 0.09266948 0 0.09015607 0.1968504 0.1469716 0 0.1353033 0.1968504 0.1160504 0.1968504 0.1160504 0 0.1353033 0 0.1229458 0.1968504 0.1160504 0 0.1229458 0 0.1210821 0.1968504 0.1778928 0 0.1697127 0.1968504 0.1469716 0.1968504 0.1469716 0 0.1697127 0 0.1380839 0.1968504 0.1469716 0 0.1380839 0 0.1353033 0.1968504 0.1778928 0.1968504 0.208814 0 0.1697127 0 0.1697127 0.1968504 0.208814 0 0.2013415 0 -0.1697127 0.1968504 -0.1622403 0.1968504 -0.1313191 0 -0.1697127 0.1968504 -0.1313191 0 -0.1380839 0 -0.1380839 0.1968504 -0.1313191 0 -0.1353033 0 -0.1353033 0.1968504 -0.1313191 0 -0.1255218 0 -0.1255218 0.1968504 -0.1313191 0 -0.1129599 0 -0.1129599 0.1968504 -0.1313191 0.1968504 -0.1003979 0 -0.1129599 0.1968504 -0.1003979 0 -0.1044813 0 -0.1044813 0.1968504 -0.1003979 0 -0.1003979 0 0.1210821 0 0.1078076 0.1968504 0.1160504 0.1968504 0.1160504 0 0.1078076 0 0.1068705 0 0.09015607 0 0.08764261 0.1968504 0.0851292 0.1968504 0.0851292 0 0.08764261 0 0.0851292 0 0 0 0.1968504 -0.05717647 0 -0.05717647 0 0 0.1968504 -0.05905503 0.1968504 -0.05717647 0 -0.05905503 0.1968504 -0.05905503 0 0.05232405 0.0272817 0.0517323 0.02848285 0.04429125 0.03896254 0.04429125 0.03896254 0.0517323 0.02848285 0.04434031 0.03900557 0.04429125 0.03896254 0.04434031 0.03900557 0.0438531 0.03946506 0.0438531 0.03946506 0.04434031 0.03900557 0.04342061 0.0399726 0.04342061 0.0399726 0.04434031 0.03900557 0.04299384 0.04048496 0.05734175 0.014023 0.0572012 0.01468068 0.05232405 0.0272817 0.05232405 0.0272817 0.0572012 0.01468068 0.05236458 0.02730286 0.05232405 0.0272817 0.05236458 0.02730286 0.0517323 0.02848285 0.05905503 -4.93556e-5 0.05736464 0.01402854 0.05734175 0.014023 0.05734175 0.014023 0.05736464 0.01402854 0.0572012 0.01468068 0 0.02443122 -0.1968504 0.003817141 0 0.003817141 0 0.003817141 -0.1968504 0.003817141 -0.1968504 -0.01679688 0 0.003817141 -0.1968504 -0.01679688 0 -0.01679688 0 -0.01679688 -0.1968504 -0.01679688 -0.1968504 -0.03741103 0 -0.01679688 -0.1968504 -0.03741103 0 -0.03741103 0 -0.03741103 -0.1968504 -0.03741103 -0.1968504 -0.05802518 0 -0.03741103 -0.1968504 -0.05802518 0 -0.05802518 0 -0.05802518 -0.1968504 -0.05802518 -0.1968504 -0.07863932 0 -0.05802518 -0.1968504 -0.07863932 0 -0.07863932 0 0.1068878 -0.1968504 0.1068878 -0.1968504 0.08627367 0 0.1068878 -0.1968504 0.08627367 0 0.08627367 0 0.08627367 -0.1968504 0.08627367 -0.1968504 0.06565952 0 0.08627367 -0.1968504 0.06565952 0 0.06565952 0 0.06565952 -0.1968504 0.06565952 -0.1968504 0.04504531 0 0.06565952 -0.1968504 0.04504531 0 0.04504531 0 0.04504531 -0.1968504 0.04504531 -0.1968504 0.02443122 0 0.04504531 -0.1968504 0.02443122 0 0.02443122 0 0.02443122 -0.1968504 0.02443122 -0.1968504 0.003817141 0 0.1968504 -0.05905503 0.1968504 0 0 0 0 -0.05905503 0.1968504 -0.05905503 0 0.1968504 0.208814 0 0.1854777 0.1968504 0.1778928 0.1968504 0.1778928 0 0.1854777 0 0.1829494 0.1968504 0.1778928 0 0.1829494 0 0.1804211 0.1968504 -0.1313191 0 -0.1429201 0.1968504 -0.1622403 0.1968504 -0.1622403 0 -0.1429201 0 -0.1558052 0.1968504 -0.1622403 0 -0.1558052 0 -0.1571441 0.1968504 -0.1003979 0 -0.1088156 0.1968504 -0.1313191 0.1968504 -0.1313191 0 -0.1088156 0 -0.1409196 0.1968504 -0.1313191 0 -0.1409196 0 -0.1429201 0 -0.1088156 0.1968504 -0.1003979 0 -0.07671153 0 -0.07671153 0.1968504 -0.1003979 0.1968504 -0.06947672 0 -0.07671153 0.1968504 -0.06947672 0 -0.04460746 0 -0.04460746 0.1968504 -0.06947672 0.1968504 -0.0385555 0 -0.04460746 0.1968504 -0.0385555 0 -0.04260694 0 -0.04260694 0.1968504 -0.0385555 0 -0.032283 0 -0.032283 0.1968504 -0.0385555 0 -0.01995867 0 -0.01995867 0.1968504 -0.0385555 0.1968504 -0.007634282 0 -0.01995867 0.1968504 -0.007634282 0 -0.01148188 0 -0.01148188 0.1968504 -0.007634282 0 -0.007634282 0 -0.1571441 0 -0.1706908 0.1968504 -0.1622403 0.1968504 -0.1622403 0 -0.1706908 0 -0.1713631 0.1968504 0.208814 0 0.1996912 0 0.1854777 0 0.1804211 0 0.1778928 0.1968504 0.1778928 0 0 0 0.1968504 -0.05773133 0 -0.05773133 0 0 0.1968504 -0.05905503 0.1968504 -0.05773133 0 -0.05905503 0.1968504 -0.05905503 0 0.0552079 -0.1516826 0 0.1614173 0 -0.1614173 0 -0.1614173 0 0.1614173 -0.0552079 0.1516826 0 -0.1614173 -0.0552079 0.1516826 -0.0552079 -0.1516826 -0.0552079 -0.1516826 -0.0552079 0.1516826 -0.103757 0.1236528 -0.0552079 -0.1516826 -0.103757 0.1236528 -0.103757 -0.1236528 -0.103757 -0.1236528 -0.103757 0.1236528 -0.1397915 0.08070862 -0.103757 -0.1236528 -0.1397915 0.08070862 -0.158965 0.02802973 0 0.1614173 0.0552079 -0.1516826 0.0552079 0.1516826 0.0552079 0.1516826 0.0552079 -0.1516826 0.103757 -0.1236528 0.0552079 0.1516826 0.103757 -0.1236528 0.103757 0.1236528 0.103757 0.1236528 0.103757 -0.1236528 0.1397915 -0.08070862 0.103757 0.1236528 0.1397915 -0.08070862 0.1397915 0.08070862 0.1397915 0.08070862 0.1397915 -0.08070862 0.158965 -0.02802973 0.1397915 0.08070862 0.158965 -0.02802973 0.158965 0.02802973 -0.158965 0.02802973 -0.158965 -0.02802973 -0.103757 -0.1236528 -0.103757 -0.1236528 -0.158965 -0.02802973 -0.1397915 -0.08070862 -3.91567 0.03373211 -3.955041 0.02529913 -3.91567 0 -3.91567 0 -3.955041 0.02529913 -3.955041 -0.008433043 -3.91567 0 -3.955041 -0.008433043 -3.91567 -0.03373211 -3.91567 -0.03373211 -3.955041 -0.008433043 -3.955041 -0.04216516 -3.91567 -0.03373211 -3.955041 -0.04216516 -3.91567 -0.06746441 -3.91567 -0.06746441 -3.955041 -0.04216516 -3.955041 -0.07589745 -3.91567 -0.06746441 -3.955041 -0.07589745 -3.91567 -0.1011966 -3.91567 -0.1011966 -3.955041 -0.07589745 -3.955041 -0.1096296 -3.91567 -0.1011966 -3.955041 -0.1096296 -3.91567 -0.1349288 -3.91567 -0.1349288 -3.955041 -0.1096296 -3.955041 -0.1433619 -3.91567 -0.1349288 -3.955041 -0.1433619 -3.955041 -0.1770941 -3.955041 0.02529913 -3.91567 0.03373211 -3.955041 0.05903124 -3.955041 0.05903124 -3.91567 0.03373211 -3.91567 0.06746441 -3.955041 0.05903124 -3.91567 0.06746441 -3.955041 0.09276354 -3.955041 0.09276354 -3.91567 0.06746441 -3.91567 0.1011966 -3.955041 0.09276354 -3.91567 0.1011966 -3.955041 0.1264957 -3.955041 0.1264957 -3.91567 0.1011966 -3.91567 0.1349288 -3.955041 0.1264957 -3.91567 0.1349288 -3.955041 0.160228 -3.955041 0.160228 -3.91567 0.1349288 -3.91567 0.1686609 -3.955041 0.160228 -3.91567 0.1686609 -3.91567 0.2023932 -3.955041 0.160228 -3.91567 0.2023932 -3.955041 0.1939601 -3.955041 -0.1770941 -3.91567 -0.1686609 -3.91567 -0.1349288 -3.91567 0.03373211 -3.955041 0.02529913 -3.91567 0 -3.91567 0 -3.955041 0.02529913 -3.955041 -0.008433043 -3.91567 0 -3.955041 -0.008433043 -3.91567 -0.03373211 -3.91567 -0.03373211 -3.955041 -0.008433043 -3.955041 -0.04216516 -3.91567 -0.03373211 -3.955041 -0.04216516 -3.91567 -0.06746441 -3.91567 -0.06746441 -3.955041 -0.04216516 -3.955041 -0.07589745 -3.91567 -0.06746441 -3.955041 -0.07589745 -3.91567 -0.1011966 -3.91567 -0.1011966 -3.955041 -0.07589745 -3.955041 -0.1096296 -3.91567 -0.1011966 -3.955041 -0.1096296 -3.91567 -0.1349288 -3.91567 -0.1349288 -3.955041 -0.1096296 -3.955041 -0.1433619 -3.91567 -0.1349288 -3.955041 -0.1433619 -3.955041 -0.1770941 -3.955041 0.02529913 -3.91567 0.03373211 -3.955041 0.05903124 -3.955041 0.05903124 -3.91567 0.03373211 -3.91567 0.06746441 -3.955041 0.05903124 -3.91567 0.06746441 -3.955041 0.09276354 -3.955041 0.09276354 -3.91567 0.06746441 -3.91567 0.1011966 -3.955041 0.09276354 -3.91567 0.1011966 -3.955041 0.1264957 -3.955041 0.1264957 -3.91567 0.1011966 -3.91567 0.1349288 -3.955041 0.1264957 -3.91567 0.1349288 -3.955041 0.160228 -3.955041 0.160228 -3.91567 0.1349288 -3.91567 0.1686609 -3.955041 0.160228 -3.91567 0.1686609 -3.91567 0.2023932 -3.955041 0.160228 -3.91567 0.2023932 -3.955041 0.1939601 -3.955041 -0.1770941 -3.91567 -0.1686609 -3.91567 -0.1349288 -3.91567 0.03373211 -3.955041 0.02529913 -3.91567 0 -3.91567 0 -3.955041 0.02529913 -3.955041 -0.008433043 -3.91567 0 -3.955041 -0.008433043 -3.91567 -0.03373211 -3.91567 -0.03373211 -3.955041 -0.008433043 -3.955041 -0.04216516 -3.91567 -0.03373211 -3.955041 -0.04216516 -3.91567 -0.06746441 -3.91567 -0.06746441 -3.955041 -0.04216516 -3.955041 -0.07589745 -3.91567 -0.06746441 -3.955041 -0.07589745 -3.91567 -0.1011966 -3.91567 -0.1011966 -3.955041 -0.07589745 -3.955041 -0.1096296 -3.91567 -0.1011966 -3.955041 -0.1096296 -3.91567 -0.1349288 -3.91567 -0.1349288 -3.955041 -0.1096296 -3.955041 -0.1433619 -3.91567 -0.1349288 -3.955041 -0.1433619 -3.955041 -0.1770941 -3.955041 0.02529913 -3.91567 0.03373211 -3.955041 0.05903124 -3.955041 0.05903124 -3.91567 0.03373211 -3.91567 0.06746441 -3.955041 0.05903124 -3.91567 0.06746441 -3.955041 0.09276354 -3.955041 0.09276354 -3.91567 0.06746441 -3.91567 0.1011966 -3.955041 0.09276354 -3.91567 0.1011966 -3.955041 0.1264957 -3.955041 0.1264957 -3.91567 0.1011966 -3.91567 0.1349288 -3.955041 0.1264957 -3.91567 0.1349288 -3.955041 0.160228 -3.955041 0.160228 -3.91567 0.1349288 -3.91567 0.1686609 -3.955041 0.160228 -3.91567 0.1686609 -3.91567 0.2023932 -3.955041 0.160228 -3.91567 0.2023932 -3.955041 0.1939601 -3.955041 -0.1770941 -3.91567 -0.1686609 -3.91567 -0.1349288 -3.91567 0.03373211 -3.955041 0.02529913 -3.91567 0 -3.91567 0 -3.955041 0.02529913 -3.955041 -0.008433043 -3.91567 0 -3.955041 -0.008433043 -3.91567 -0.03373211 -3.91567 -0.03373211 -3.955041 -0.008433043 -3.955041 -0.04216516 -3.91567 -0.03373211 -3.955041 -0.04216516 -3.91567 -0.06746441 -3.91567 -0.06746441 -3.955041 -0.04216516 -3.955041 -0.07589745 -3.91567 -0.06746441 -3.955041 -0.07589745 -3.91567 -0.1011966 -3.91567 -0.1011966 -3.955041 -0.07589745 -3.955041 -0.1096296 -3.91567 -0.1011966 -3.955041 -0.1096296 -3.91567 -0.1349288 -3.91567 -0.1349288 -3.955041 -0.1096296 -3.955041 -0.1433619 -3.91567 -0.1349288 -3.955041 -0.1433619 -3.955041 -0.1770941 -3.955041 0.02529913 -3.91567 0.03373211 -3.955041 0.05903124 -3.955041 0.05903124 -3.91567 0.03373211 -3.91567 0.06746441 -3.955041 0.05903124 -3.91567 0.06746441 -3.955041 0.09276354 -3.955041 0.09276354 -3.91567 0.06746441 -3.91567 0.1011966 -3.955041 0.09276354 -3.91567 0.1011966 -3.955041 0.1264957 -3.955041 0.1264957 -3.91567 0.1011966 -3.91567 0.1349288 -3.955041 0.1264957 -3.91567 0.1349288 -3.955041 0.160228 -3.955041 0.160228 -3.91567 0.1349288 -3.91567 0.1686609 -3.955041 0.160228 -3.91567 0.1686609 -3.91567 0.2023932 -3.955041 0.160228 -3.91567 0.2023932 -3.955041 0.1939601 -3.955041 -0.1770941 -3.91567 -0.1686609 -3.91567 -0.1349288 -0.006408154 0.05871886 0.02474224 0.05356824 0.05094915 0.0661754 0.05094915 0.0661754 0.02474224 0.05356824 0.04878705 0.03310537 0.05094915 0.0661754 0.04878705 0.03310537 0.05885314 0.00317943 0.05094915 0.0661754 0.05885314 0.00317943 0.0661754 -0.05094915 0.0661754 -0.05094915 0.05885314 0.00317943 0.0520631 -0.02765518 0.0661754 -0.05094915 0.0520631 -0.02765518 0.03035789 -0.05058485 -5.81196e-5 -0.05905503 0.002505183 -0.05900192 0.03035789 -0.05058485 0.03035789 -0.05058485 0.002505183 -0.05900192 0.005063951 -0.05883759 0.03035789 -0.05058485 0.005063951 -0.05883759 0.007613003 -0.05856227 0.007613003 -0.05856227 0.0661754 -0.05094915 0.03035789 -0.05058485 0 -0.02958482 -0.1968504 -0.05019891 0 -0.05019891 0 -0.05019891 -0.1968504 -0.05019891 -0.1968504 -0.07081305 0 -0.05019891 -0.1968504 -0.07081305 0 -0.07081305 0 -0.07081305 -0.1968504 -0.07081305 -0.1968504 -0.0914272 0 -0.07081305 -0.1968504 -0.0914272 0 -0.0914272 0 0.09409993 -0.1968504 0.09409987 -0.1968504 0.07348579 0 0.09409993 -0.1968504 0.07348579 0 0.07348579 0 0.07348579 -0.1968504 0.07348579 -0.1968504 0.05287164 0 0.07348579 -0.1968504 0.05287164 0 0.05287164 0 0.05287164 -0.1968504 0.05287164 -0.1968504 0.03225743 0 0.05287164 -0.1968504 0.03225743 0 0.03225743 0 0.03225743 -0.1968504 0.03225743 -0.1968504 0.01164335 0 0.03225743 -0.1968504 0.01164335 0 0.01164335 0 0.01164335 -0.1968504 0.01164335 -0.1968504 -0.008970677 0 0.01164335 -0.1968504 -0.008970677 0 -0.008970677 0 -0.008970677 -0.1968504 -0.008970677 -0.1968504 -0.02958482 0 -0.008970677 -0.1968504 -0.02958482 0 -0.02958482 0 -0.02958482 -0.1968504 -0.02958482 -0.1968504 -0.05019891 -0.05905503 0 -0.05905503 -0.1968504 -0.001214981 0 -0.001214981 0 -0.05905503 -0.1968504 0 -0.1968504 -0.001214981 0 0 -0.1968504 0 0 0 -0.1968504 0.05905503 -0.1968504 0 0 0 0 0.05905503 -0.1968504 0.05905503 0 0 -0.0851292 0.1968504 -0.0851292 0 -0.05549001 0 -0.05549001 0.1968504 -0.0851292 0.1968504 -0.05420798 0 -0.05549001 0.1968504 -0.05420798 0 -0.02585095 0 -0.02585095 0.1968504 -0.05420798 0.1968504 -0.02328675 0 -0.02585095 0.1968504 -0.02328675 0 0.003788053 0 0.003788053 0.1968504 -0.02328675 0.1968504 0.007634282 0 0.003788053 0.1968504 0.007634282 0 0.03342711 0 0.03342711 0.1968504 0.007634282 0.1968504 0.0385555 0 0.03342711 0.1968504 0.0385555 0 0.0630663 0 0.0630663 0.1968504 0.0385555 0.1968504 0.06947672 0 0.0630663 0.1968504 0.06947672 0 0.09270542 0 0.09270542 0.1968504 0.06947672 0.1968504 0.1003979 0 0.09270542 0.1968504 0.1003979 0 0.09526956 0 0.09526956 0.1968504 0.1003979 0 0.09783375 0 0.09783375 0.1968504 0.1003979 0 0.1003979 -0.01163375 0.05785965 -0.01980495 0.05563515 -0.03887313 0.04429125 -0.03887313 0.04429125 -0.01980495 0.05563515 -0.03110396 0.05020004 -0.03887313 0.04429125 -0.03110396 0.05020004 -0.03895515 0.04438465 0.01874488 0.05606377 -0.007613003 0.05856227 -0.01163375 0.05785965 -0.01163375 0.05785965 -0.007613003 0.05856227 -0.01164102 0.05789631 -0.01163375 0.05785965 -0.01164102 0.05789631 -0.01980495 0.05563515 -0.007613003 0.05856227 0.01874488 0.05606377 0.05094915 0.0661754 0.05094915 0.0661754 0.01874488 0.05606377 0.04419589 0.03938043 0.05094915 0.0661754 0.04419589 0.03938043 0.0579608 0.01223975 -0.04100102 0.04250192 -0.04028236 0.04308724 -0.03895515 0.04438465 -0.03895515 0.04438465 -0.04028236 0.04308724 -0.03957307 0.0436837 -0.03895515 0.04438465 -0.03957307 0.0436837 -0.03887313 0.04429125 0 -0.02958482 -0.1968504 -0.05019891 0 -0.05019891 0 -0.05019891 -0.1968504 -0.05019891 -0.1968504 -0.07081305 0 -0.05019891 -0.1968504 -0.07081305 0 -0.07081305 0 -0.07081305 -0.1968504 -0.07081305 -0.1968504 -0.0914272 0 -0.07081305 -0.1968504 -0.0914272 0 -0.0914272 0 0.09409993 -0.1968504 0.09409987 -0.1968504 0.07348579 0 0.09409993 -0.1968504 0.07348579 0 0.07348579 0 0.07348579 -0.1968504 0.07348579 -0.1968504 0.05287164 0 0.07348579 -0.1968504 0.05287164 0 0.05287164 0 0.05287164 -0.1968504 0.05287164 -0.1968504 0.03225743 0 0.05287164 -0.1968504 0.03225743 0 0.03225743 0 0.03225743 -0.1968504 0.03225743 -0.1968504 0.01164335 0 0.03225743 -0.1968504 0.01164335 0 0.01164335 0 0.01164335 -0.1968504 0.01164335 -0.1968504 -0.008970677 0 0.01164335 -0.1968504 -0.008970677 0 -0.008970677 0 -0.008970677 -0.1968504 -0.008970677 -0.1968504 -0.02958482 0 -0.008970677 -0.1968504 -0.02958482 0 -0.02958482 0 -0.02958482 -0.1968504 -0.02958482 -0.1968504 -0.05019891 -0.05905503 -0.1968504 0 -0.1968504 -0.05905503 0 -0.05905503 0 0 -0.1968504 0 0 0 0 0 -0.1968504 0.001878619 0 0.001878619 0 0 -0.1968504 0.05905503 -0.1968504 0.001878619 0 0.05905503 -0.1968504 0.05905503 0 0.1968504 -0.05420798 0 -0.07256716 0.1968504 -0.0851292 0.1968504 -0.0851292 0 -0.07256716 0 -0.08104568 0.1968504 -0.0851292 0 -0.08104568 0 -0.0851292 0.1968504 -0.02328675 0 -0.04744315 0.1968504 -0.05420798 0.1968504 -0.05420798 0 -0.04744315 0 -0.0502237 0.1968504 -0.05420798 0 -0.0502237 0 -0.06000512 0 -0.04744315 0.1968504 -0.02328675 0 -0.01581436 0 -0.01581436 0.1968504 -0.02328675 0.1968504 0.007634282 0 -0.01581436 0.1968504 0.007634282 0 0.01581436 0 0.01581436 0.1968504 0.007634282 0.1968504 0.0385555 0 0.01581436 0.1968504 0.0385555 0 0.04744315 0 0.04744315 0.1968504 0.0385555 0 0.0502237 0 0.0502237 0.1968504 0.0385555 0.1968504 0.06947672 0 0.0502237 0.1968504 0.06947672 0 0.0625813 0 0.0625813 0.1968504 0.06947672 0 0.06444495 0 0.06444495 0.1968504 0.06947672 0 0.07771944 0 0.07771944 0.1968504 0.06947672 0 0.07865655 0 0.07865655 0.1968504 0.06947672 0.1968504 0.1003979 0 0.07865655 0.1968504 0.1003979 0 0.09285759 0 0.09285759 0.1968504 0.1003979 0 0.095371 0 0.095371 0.1968504 0.1003979 0 0.09788447 0 0.09788447 0.1968504 0.1003979 0 0.1003979 0 -0.06000512 0 -0.07256716 0.1968504 -0.05420798 -0.02412736 -0.02034389 -0.02881711 -0.006437659 -0.03149598 -9.87112e-5 -0.03149598 -9.87112e-5 -0.02881711 -0.006437659 -0.02621328 0.01359164 -0.03149598 -9.87112e-5 -0.02621328 0.01359164 -0.02412736 0.02014648 -0.02412736 0.02014648 -0.02621328 0.01359164 -0.01134395 0.02726149 -0.02412736 0.02014648 -0.01134395 0.02726149 -0.005469143 0.03091877 -0.005469143 0.03091877 -0.01134395 0.02726149 0.008833289 0.02817529 -0.005469143 0.03091877 0.008833289 0.02817529 0.01574802 0.02717763 0.01574802 0.02717763 0.008833289 0.02817529 0.02487742 0.01590549 0.01574802 0.02717763 0.02487742 0.01590549 0.0295965 0.01067358 0.0295965 0.01067358 0.02487742 0.01590549 0.02928107 -0.003806531 0.0295965 0.01067358 0.02928107 -0.003806531 0.0295965 -0.01087099 0.0295965 -0.01087099 0.02928107 -0.003806531 0.01998376 -0.02173751 0.0295965 -0.01087099 0.01998376 -0.02173751 0.01574802 -0.0273751 0.01574802 -0.0273751 0.01998376 -0.02173751 0.001335859 -0.02949732 0.01574802 -0.0273751 0.001335859 -0.02949732 -0.005469143 -0.03111618 -0.005469143 -0.03111618 0.001335859 -0.02949732 -0.01793712 -0.02345496 -0.005469143 -0.03111618 -0.01793712 -0.02345496 -0.02412736 -0.02034389 -0.02412736 -0.02034389 -0.01793712 -0.02345496 -0.02881711 -0.006437659 0 0.1095605 -0.1968504 0.0889464 0 0.0889464 0 0.0889464 -0.1968504 0.0889464 -0.1968504 0.06833225 0 0.0889464 -0.1968504 0.06833225 0 0.06833225 0 0.06833225 -0.1968504 0.06833225 -0.1968504 0.04771804 0 0.06833225 -0.1968504 0.04771804 0 0.04771804 0 0.04771804 -0.1968504 0.04771804 -0.1968504 0.02710396 0 0.04771804 -0.1968504 0.02710396 0 0.02710396 0 0.02710396 -0.1968504 0.02710396 -0.1968504 0.006489813 0 0.02710396 -0.1968504 0.006489813 0 0.006489813 0 0.006489813 -0.1968504 0.006489813 -0.1968504 -0.01412421 0 0.006489813 -0.1968504 -0.01412421 0 -0.01412421 0 -0.01412421 -0.1968504 -0.01412421 -0.1968504 -0.03473836 0 -0.01412421 -0.1968504 -0.03473836 0 -0.03473836 0 -0.03473836 -0.1968504 -0.03473836 -0.1968504 -0.05535238 0 -0.03473836 -0.1968504 -0.05535238 0 -0.05535238 0 -0.05535238 -0.1968504 -0.05535238 -0.1968504 -0.07596659 0 -0.05535238 -0.1968504 -0.07596659 0 -0.07596659 0 0.1095605 -0.1968504 0.1095605 -0.1968504 0.0889464 -0.05905503 -0.1968504 0 -0.1968504 -0.05905503 0 -0.05905503 0 0 -0.1968504 0 0 0 0 0 -0.1968504 0.001323699 0 0.001323699 0 0 -0.1968504 0.05905503 -0.1968504 0.001323699 0 0.05905503 -0.1968504 0.05905503 0 0.1968504 -0.1469716 0 -0.1655684 0.1968504 -0.1778928 0.1968504 -0.1778928 0 -0.1655684 0 -0.1740452 0.1968504 -0.1778928 0 -0.1740452 0 -0.1778928 0.1968504 -0.1160504 0 -0.1409196 0.1968504 -0.1469716 0.1968504 -0.1469716 0 -0.1409196 0 -0.1429201 0.1968504 -0.1469716 0 -0.1429201 0 -0.153244 0 -0.1409196 0.1968504 -0.1160504 0 -0.1088156 0 -0.1088156 0.1968504 -0.1160504 0.1968504 -0.0851292 0 -0.1088156 0.1968504 -0.0851292 0 -0.07671153 0 -0.07671153 0.1968504 -0.0851292 0.1968504 -0.05420798 0 -0.07671153 0.1968504 -0.05420798 0 -0.04460746 0 -0.04460746 0.1968504 -0.05420798 0 -0.04260694 0 -0.04260694 0.1968504 -0.05420798 0.1968504 -0.02328675 0 -0.04260694 0.1968504 -0.02328675 0 -0.02972185 0 -0.02972185 0.1968504 -0.02328675 0 -0.02838295 0 -0.02838295 0.1968504 -0.02328675 0 -0.01483625 0 -0.01483625 0.1968504 -0.02328675 0 -0.01416403 0 -0.01416403 0.1968504 -0.02328675 0.1968504 0.007634282 0 -0.01416403 0.1968504 0.007634282 0 4.93556e-5 0 4.93556e-5 0.1968504 0.007634282 0 0.002577662 0 0.002577662 0.1968504 0.007634282 0 0.005105972 0 0.005105972 0.1968504 0.007634282 0 0.007634282 0 -0.153244 0 -0.1655684 0.1968504 -0.1469716 0.08963894 0 0.625074 -0.4974627 0.9339831 0 0.9339831 0 0.625074 -0.4974627 0.6580107 -0.4927271 0.9339831 0 0.6580107 -0.4927271 0.6882792 -0.5065503 0.08963894 -1.732283 0.1377952 -0.7283465 0.08963894 0 0.08963894 0 0.1377952 -0.7283465 0.14717 -0.6964189 0.08963894 0 0.14717 -0.6964189 0.172318 -0.674628 0.9339831 -1.732283 0.4126886 -1.225733 0.08963894 -1.732283 0.08963894 -1.732283 0.4126886 -1.225733 0.3824202 -1.239556 0.08963894 -1.732283 0.3824202 -1.239556 0.3494834 -1.234821 0.9339831 0 0.8834346 -0.9872993 0.9339831 -1.732283 0.9339831 -1.732283 0.8834346 -0.9872993 0.8834346 -1.020575 0.9339831 -1.732283 0.8834346 -1.020575 0.8654446 -1.048568 0.599926 -0.5192535 0.2355232 -0.6837155 0.5905512 -0.5511811 0.5905512 -0.5511811 0.2355232 -0.6837155 0.2535133 -0.7117087 0.5905512 -0.5511811 0.2535133 -0.7117087 0.599926 -0.5831087 0.599926 -0.5831087 0.2535133 -0.7117087 0.2535133 -0.7449842 0.599926 -0.5831087 0.2535133 -0.7449842 0.3824202 -1.122648 0.3824202 -1.122648 0.2535133 -0.7449842 0.3494834 -1.127384 0.3494834 -1.127384 0.2535133 -0.7449842 0.2355232 -0.7729774 0.3494834 -1.127384 0.2355232 -0.7729774 0.3243354 -1.149175 0.3243354 -1.149175 0.2355232 -0.7729774 0.2052548 -0.7868005 0.3243354 -1.149175 0.2052548 -0.7868005 0.3149606 -1.181102 0.3149606 -1.181102 0.2052548 -0.7868005 0.172318 -0.7820649 0.3149606 -1.181102 0.172318 -0.7820649 0.14717 -0.7602741 0.2355232 -0.6837155 0.599926 -0.5192535 0.08963894 0 0.08963894 0 0.599926 -0.5192535 0.625074 -0.4974627 0.6882792 -0.5065503 0.7062693 -0.5345434 0.9339831 0 0.9339831 0 0.7062693 -0.5345434 0.8654446 -0.9593062 0.9339831 0 0.8654446 -0.9593062 0.8834346 -0.9872993 0.7062693 -0.5345434 0.7062693 -0.5678189 0.8654446 -0.9593062 0.8654446 -0.9593062 0.7062693 -0.5678189 0.8351761 -0.945483 0.8351761 -0.945483 0.7062693 -0.5678189 0.8022393 -0.9502186 0.8022393 -0.9502186 0.7062693 -0.5678189 0.6882792 -0.595812 0.8022393 -0.9502186 0.6882792 -0.595812 0.7770913 -0.9720095 0.7770913 -0.9720095 0.6882792 -0.595812 0.6580107 -0.6096351 0.7770913 -0.9720095 0.6580107 -0.6096351 0.7677165 -1.003937 0.7677165 -1.003937 0.6580107 -0.6096351 0.625074 -0.6048995 0.7677165 -1.003937 0.625074 -0.6048995 0.4306787 -1.164465 0.4306787 -1.164465 0.625074 -0.6048995 0.4126886 -1.136471 0.4126886 -1.136471 0.625074 -0.6048995 0.599926 -0.5831087 0.4126886 -1.136471 0.599926 -0.5831087 0.3824202 -1.122648 0.8654446 -1.048568 0.8351761 -1.062391 0.9339831 -1.732283 0.9339831 -1.732283 0.8351761 -1.062391 0.8022393 -1.057655 0.9339831 -1.732283 0.8022393 -1.057655 0.7770913 -1.035865 0.7677165 -1.003937 0.4306787 -1.164465 0.7770913 -1.035865 0.7770913 -1.035865 0.4306787 -1.164465 0.4306787 -1.19774 0.7770913 -1.035865 0.4306787 -1.19774 0.9339831 -1.732283 0.9339831 -1.732283 0.4306787 -1.19774 0.4126886 -1.225733 0.3494834 -1.234821 0.3243354 -1.21303 0.08963894 -1.732283 0.08963894 -1.732283 0.3243354 -1.21303 0.3149606 -1.181102 0.08963894 -1.732283 0.3149606 -1.181102 0.14717 -0.7602741 0.172318 -0.674628 0.2052548 -0.6698925 0.08963894 0 0.08963894 0 0.2052548 -0.6698925 0.2355232 -0.6837155 0.14717 -0.7602741 0.1377952 -0.7283465 0.08963894 -1.732283 -0.03458321 1.732283 -0.06529188 1.732283 -0.03458321 0 -0.03458321 0 -0.06529188 1.732283 -0.06529188 0 0.05856227 0.007613003 0.05452299 -0.02268803 0.0661754 -0.05094915 0.0661754 -0.05094915 0.05452299 -0.02268803 0.03587424 -0.0469098 0.0661754 -0.05094915 0.03587424 -0.0469098 0.007613003 -0.05856227 0 0.1968504 -0.05905503 0.1968504 0 0 0 0 -0.05905503 0.1968504 -0.05905503 0 0 -0.02958482 -0.1968504 -0.05019891 0 -0.05019891 0 -0.05019891 -0.1968504 -0.05019891 -0.1968504 -0.07081305 0 -0.05019891 -0.1968504 -0.07081305 0 -0.07081305 0 -0.07081305 -0.1968504 -0.07081305 -0.1968504 -0.0914272 0 -0.07081305 -0.1968504 -0.0914272 0 -0.0914272 0 0.09409993 -0.1968504 0.09409987 -0.1968504 0.07348579 0 0.09409993 -0.1968504 0.07348579 0 0.07348579 0 0.07348579 -0.1968504 0.07348579 -0.1968504 0.05287164 0 0.07348579 -0.1968504 0.05287164 0 0.05287164 0 0.05287164 -0.1968504 0.05287164 -0.1968504 0.03225743 0 0.05287164 -0.1968504 0.03225743 0 0.03225743 0 0.03225743 -0.1968504 0.03225743 -0.1968504 0.01164335 0 0.03225743 -0.1968504 0.01164335 0 0.01164335 0 0.01164335 -0.1968504 0.01164335 -0.1968504 -0.008970677 0 0.01164335 -0.1968504 -0.008970677 0 -0.008970677 0 -0.008970677 -0.1968504 -0.008970677 -0.1968504 -0.02958482 0 -0.008970677 -0.1968504 -0.02958482 0 -0.02958482 0 -0.02958482 -0.1968504 -0.02958482 -0.1968504 -0.05019891 0 0.1968504 -0.05905503 0.1968504 0 0 0 0 -0.05905503 0.1968504 -0.05905503 0 0.05856227 0.007613003 0.05452299 -0.02268803 0.0661754 -0.05094915 0.0661754 -0.05094915 0.05452299 -0.02268803 0.03587424 -0.0469098 0.0661754 -0.05094915 0.03587424 -0.0469098 0.007613003 -0.05856227 0 0.1968504 -0.05905503 0.1968504 0 0 0 0 -0.05905503 0.1968504 -0.05905503 0 0 -0.02958482 -0.1968504 -0.05019891 0 -0.05019891 0 -0.05019891 -0.1968504 -0.05019891 -0.1968504 -0.07081305 0 -0.05019891 -0.1968504 -0.07081305 0 -0.07081305 0 -0.07081305 -0.1968504 -0.07081305 -0.1968504 -0.0914272 0 -0.07081305 -0.1968504 -0.0914272 0 -0.0914272 0 0.09409993 -0.1968504 0.09409987 -0.1968504 0.07348579 0 0.09409993 -0.1968504 0.07348579 0 0.07348579 0 0.07348579 -0.1968504 0.07348579 -0.1968504 0.05287164 0 0.07348579 -0.1968504 0.05287164 0 0.05287164 0 0.05287164 -0.1968504 0.05287164 -0.1968504 0.03225743 0 0.05287164 -0.1968504 0.03225743 0 0.03225743 0 0.03225743 -0.1968504 0.03225743 -0.1968504 0.01164335 0 0.03225743 -0.1968504 0.01164335 0 0.01164335 0 0.01164335 -0.1968504 0.01164335 -0.1968504 -0.008970677 0 0.01164335 -0.1968504 -0.008970677 0 -0.008970677 0 -0.008970677 -0.1968504 -0.008970677 -0.1968504 -0.02958482 0 -0.008970677 -0.1968504 -0.02958482 0 -0.02958482 0 -0.02958482 -0.1968504 -0.02958482 -0.1968504 -0.05019891 -0.115887 0.132874 -0.09823709 0.1050553 -0.1041916 0.1248335 -0.1041916 0.1248335 -0.09823709 0.1050553 -0.0909155 0.1198157 -0.0909155 0.1198157 -0.09823709 0.1050553 -0.07682567 0.1181102 -0.07682567 0.1181102 -0.09823709 0.1050553 -0.09823709 0.07210999 -0.07682567 0.1181102 -0.09823709 0.07210999 -0.07682567 0.05905503 -0.07682567 0.05905503 -0.09823709 0.07210999 -0.0909155 0.05734962 -0.0909155 0.05734962 -0.09823709 0.07210999 -0.1041916 0.05233168 -0.1041916 0.05233168 -0.09823709 0.07210999 -0.115887 0.04429125 0 0.05905503 0.01930505 0.09236818 -0.07682567 0.05905503 -0.07682567 0.05905503 0.01930505 0.09236818 0 0.1181102 -0.07682567 0.05905503 0 0.1181102 -0.07682567 0.1181102 0.01930505 0.09236818 0 0.05905503 0.02475196 0.06354939 0.02475196 0.06354939 0 0.05905503 0.01408982 0.05734962 0.02475196 0.06354939 0.01408982 0.05734962 0.02736586 0.05233168 0.02736586 0.05233168 0.03906118 0.04429125 0.02475196 0.06354939 0.02475196 0.06354939 0.03906118 0.04429125 0.04339122 0.04090493 0.04339122 0.04090493 0.03906118 0.04429125 0.04335093 0.04084956 0.04339122 0.04090493 0.04335093 0.04084956 0.04891228 0.03725749 0.04339122 0.04090493 0.04891228 0.03725749 0.07062572 0.03002023 0.07062572 0.03002023 0.04891228 0.03725749 0.05999058 0.03237998 0.07062572 0.03002023 0.05999058 0.03237998 0.07062381 0.03000557 0.07062381 0.03000557 0.07183057 0.02986365 0.07062572 0.03002023 0 0.1181102 0.01930505 0.09236818 0.01408982 0.1198157 0.01408982 0.1198157 0.01930505 0.09236818 0.02839422 0.1202533 0.01408982 0.1198157 0.02839422 0.1202533 0.02736586 0.1248335 0.02736586 0.1248335 0.02839422 0.1202533 0.03906118 0.132874 0.03906118 0.132874 0.02839422 0.1202533 0.04977744 0.1403267 0.03906118 0.132874 0.04977744 0.1403267 0.04975056 0.1403759 0.04975056 0.1403759 0.04977744 0.1403267 0.05077379 0.1409235 0.05077379 0.1409235 0.04977744 0.1403267 0.06407034 0.1459416 0.06407034 0.1459416 0.04977744 0.1403267 0.07818067 0.1476377 -1.338583 0.09276354 -1.338583 0.07853651 0 0.09276354 0 0.09276354 -1.338583 0.07853651 0 0.07853651 0 0.07853651 -1.338583 0.07853651 0 0.06430941 0 0.06430941 -1.338583 0.07853651 -1.338583 0.06430941 0 0.06430941 -1.338583 0.06430941 -1.338583 0.05008232 -1.338583 0.05008232 0 0.05008232 0 0.06430941 -1.338583 -0.05008232 -1.338583 -0.06430941 0 -0.05008232 0 -0.05008232 -1.338583 -0.06430941 0 -0.06430941 0 -0.06430941 -1.338583 -0.06430941 0 -0.07853651 0 -0.07853651 -1.338583 -0.06430941 -1.338583 -0.07853651 0 -0.07853651 -1.338583 -0.07853651 -1.338583 -0.09276354 -1.338583 -0.09276354 0 -0.09276354 0 -0.07853651 0 -0.09276354 -1.338583 -0.09276354 0 -0.1069906 0 -0.1069906 -1.338583 -0.09276354 -1.338583 -0.1069906 0 -0.1069906 -1.338583 -0.1069906 -1.338583 -0.1212177 -1.338583 -0.1354447 0 -0.1354447 -1.338583 -0.1212177 -1.338583 -0.1212177 0 -0.1354447 0 -0.1212177 -1.338583 -0.1212177 0 -0.1212177 0 -0.1069906 0.07682567 1.338583 0 1.338583 0.07682567 0 0.07682567 0 0 1.338583 0 0 0 1.338583 -0.07682567 1.338583 0 0 0 0 -0.07682567 1.338583 -0.07682567 0 0 0.1354447 -1.338583 0.1354447 0 0.1212177 0 0.1212177 -1.338583 0.1354447 -1.338583 0.1212177 0 0.1212177 -1.338583 0.1212177 -1.338583 0.1069906 -1.338583 0.09276354 0 0.09276354 -1.338583 0.1069906 -1.338583 0.1069906 0 0.09276354 0 0.1069906 -1.338583 0.1069906 0 0.1069906 0 0.1212177 0 -0.02748543 -1.338583 -0.04947388 0 -0.04947388 0 -0.04947388 -1.338583 -0.04947388 -1.338583 -0.07146227 0 -0.04947388 -1.338583 -0.07146227 0 -0.07146227 0 -0.07146227 -1.338583 -0.07146227 -1.338583 -0.09345066 0 -0.07146227 -1.338583 -0.09345066 0 -0.09345066 0 0.1044449 -1.338583 0.1044449 -1.338583 0.08245646 0 0.1044449 -1.338583 0.08245646 0 0.08245646 0 0.08245646 -1.338583 0.08245646 -1.338583 0.06046801 0 0.08245646 -1.338583 0.06046801 0 0.06046801 0 0.06046801 -1.338583 0.06046801 -1.338583 0.03847962 0 0.06046801 -1.338583 0.03847962 0 0.03847962 0 0.03847962 -1.338583 0.03847962 -1.338583 0.01649129 0 0.03847962 -1.338583 0.01649129 0 0.01649129 0 0.01649129 -1.338583 0.01649129 -1.338583 -0.005497038 0 0.01649129 -1.338583 -0.005497038 0 -0.005497038 0 -0.005497038 -1.338583 -0.005497038 -1.338583 -0.02748543 0 -0.005497038 -1.338583 -0.02748543 0 -0.02748543 0 -0.02748543 -1.338583 -0.02748543 -1.338583 -0.04947388 0 -0.02748543 -1.338583 -0.04947388 0 -0.04947388 0 -0.04947388 -1.338583 -0.04947388 -1.338583 -0.07146227 0 -0.04947388 -1.338583 -0.07146227 0 -0.07146227 0 -0.07146227 -1.338583 -0.07146227 -1.338583 -0.09345066 0 -0.07146227 -1.338583 -0.09345066 0 -0.09345066 0 0.1044449 -1.338583 0.1044449 -1.338583 0.08245646 0 0.1044449 -1.338583 0.08245646 0 0.08245646 0 0.08245646 -1.338583 0.08245646 -1.338583 0.06046801 0 0.08245646 -1.338583 0.06046801 0 0.06046801 0 0.06046801 -1.338583 0.06046801 -1.338583 0.03847962 0 0.06046801 -1.338583 0.03847962 0 0.03847962 0 0.03847962 -1.338583 0.03847962 -1.338583 0.01649129 0 0.03847962 -1.338583 0.01649129 0 0.01649129 0 0.01649129 -1.338583 0.01649129 -1.338583 -0.005497038 0 0.01649129 -1.338583 -0.005497038 0 -0.005497038 0 -0.005497038 -1.338583 -0.005497038 -1.338583 -0.02748543 0 -0.005497038 -1.338583 -0.02748543 0 -0.02748543 0 -0.02748543 -1.338583 -0.02748543 -1.338583 -0.04947388 1.338583 -0.07857525 0 -0.09282165 1.338583 -0.09282165 1.338583 -0.09282165 0 -0.09282165 0 -0.1247838 1.338583 -0.09282165 0 -0.1247838 1.338583 -0.1247838 1.338583 -0.1247838 0 -0.1247838 0 -0.156746 1.338583 -0.1247838 0 -0.156746 1.338583 -0.156746 1.338583 -0.156746 0 -0.156746 0 -0.1887081 1.338583 -0.156746 0 -0.1887081 1.338583 -0.1887081 1.338583 0.1823461 0 0.1823461 0 0.1503839 1.338583 0.1823461 0 0.1503839 1.338583 0.1503839 1.338583 0.1503839 0 0.1503839 1.338583 0.1184217 1.338583 0.1184217 0 0.1503839 0 0.1184217 1.338583 0.1184217 0 0.1184217 0 0.08645957 1.338583 -0.06432878 0 -0.06432878 1.338583 -0.07857525 1.338583 -0.07857525 0 -0.06432878 0 -0.07857525 1.338583 -0.07857525 0 -0.07857525 0 -0.09282165 0 -0.06432878 1.338583 -0.06432878 0 -0.06316828 0 -0.06316828 1.338583 -0.06432878 1.338583 -0.06316828 0 -0.06316828 1.338583 -0.06316828 1.338583 -0.05008232 1.338583 -0.05008232 0 -0.05008232 0 -0.06316828 0 0.08524447 1.338583 0.08524447 0 0.08645957 0 0.08645957 1.338583 0.08524447 1.338583 0.08645957 0 0.08645957 1.338583 0.08645957 1.338583 0.1184217 0 0.08524447 0 0.07433384 1.338583 0.08524447 1.338583 0.08524447 0 0.07433384 1.338583 0.07433384 1.338583 0.07433384 0 0.07433384 1.338583 0.06220805 1.338583 0.06220805 0 0.07433384 0 0.06220805 1.338583 0.06220805 0 0.06220805 1.338583 0.05558401 1.338583 0.05558401 0 0.06220805 0 0.05558401 1.338583 0.05558401 0 0.05558401 0 0.05008232 0 0.05008232 1.338583 0.05008232 1.338583 0.05558401 0.115887 0.04429125 0.09823709 0.07210999 0.1041916 0.05233168 0.1041916 0.05233168 0.09823709 0.07210999 0.0909155 0.05734962 0.0909155 0.05734962 0.09823709 0.07210999 0.07682567 0.05905503 0.07682567 0.05905503 0.09823709 0.07210999 0.09823709 0.1050553 0.07682567 0.05905503 0.09823709 0.1050553 0.07682567 0.1181102 0.07682567 0.1181102 0.09823709 0.1050553 0.0909155 0.1198157 0.0909155 0.1198157 0.09823709 0.1050553 0.1041916 0.1248335 0.1041916 0.1248335 0.09823709 0.1050553 0.115887 0.132874 0.07682567 0.1181102 0 0.1181102 0.07682567 0.05905503 0.07682567 0.05905503 0 0.1181102 -0.01930505 0.09236818 0.07682567 0.05905503 -0.01930505 0.09236818 0 0.05905503 0 0.05905503 -0.01930505 0.09236818 -0.02475196 0.06354939 0 0.05905503 -0.02475196 0.06354939 -0.01408982 0.05734962 -0.01408982 0.05734962 -0.02475196 0.06354939 -0.02736586 0.05233168 -0.02736586 0.05233168 -0.02475196 0.06354939 -0.03906118 0.04429125 -0.03906118 0.04429125 -0.02475196 0.06354939 -0.04339122 0.04090493 -0.03906118 0.04429125 -0.04339122 0.04090493 -0.04335093 0.04084956 -0.04335093 0.04084956 -0.04339122 0.04090493 -0.04891228 0.03725749 -0.04891228 0.03725749 -0.04339122 0.04090493 -0.07062572 0.03002023 -0.04891228 0.03725749 -0.07062572 0.03002023 -0.05999058 0.03237998 -0.05999058 0.03237998 -0.07062572 0.03002023 -0.07062381 0.03000557 -0.07062381 0.03000557 -0.07062572 0.03002023 -0.07183057 0.02986365 0 0.1181102 -0.01408982 0.1198157 -0.01930505 0.09236818 -0.01930505 0.09236818 -0.01408982 0.1198157 -0.02839422 0.1202533 -0.02839422 0.1202533 -0.01408982 0.1198157 -0.02736586 0.1248335 -0.02839422 0.1202533 -0.02736586 0.1248335 -0.03906118 0.132874 -0.02839422 0.1202533 -0.03906118 0.132874 -0.04977744 0.1403267 -0.04977744 0.1403267 -0.03906118 0.132874 -0.04975056 0.1403759 -0.04977744 0.1403267 -0.04975056 0.1403759 -0.05077379 0.1409235 -0.05077379 0.1409235 -0.06407034 0.1459416 -0.04977744 0.1403267 -0.04977744 0.1403267 -0.06407034 0.1459416 -0.07818067 0.1476377 1.338583 -0.002939522 1.338583 0.02585256 0 -0.002939522 0 -0.002939522 1.338583 0.02585256 0 0.02585256 0 0.02585256 1.338583 0.02585256 1.338583 0.0546447 0 0.02585256 1.338583 0.0546447 0 0.0546447 0 0.0546447 1.338583 0.0546447 0 0.08343684 0 0.08343684 1.338583 0.0546447 1.338583 0.08343684 0 0.08343684 1.338583 0.08343684 1.338583 0.08657711 1.338583 0.08783006 0 0.08783006 1.338583 0.08657711 1.338583 0.08657711 0 0.08783006 0 0.08657711 1.338583 0.08657711 0 0.08657711 0 0.08343684 0 0.08783006 1.338583 0.08783006 0 0.08971732 0 0.08971732 1.338583 0.08783006 1.338583 0.08971732 0 0.08971732 1.338583 0.08971732 0 0.09034401 0 0.09034401 1.338583 0.08971732 1.338583 0.09034401 0 0.09034401 1.338583 0.09034401 0 0.09285759 0 0.09285759 1.338583 0.09034401 1.338583 0.09285759 0 0.09285759 1.338583 0.09285759 0 0.1070533 0 0.1070533 1.338583 0.09285759 1.338583 0.1070533 0 0.1070533 1.338583 0.1070533 1.338583 0.121249 1.338583 0.1354447 0 0.1354447 1.338583 0.121249 1.338583 0.121249 0 0.1354447 0 0.121249 1.338583 0.121249 0 0.121249 0 0.1070533 0 -0.0123291 0 -0.04310798 1.338583 -0.0123291 1.338583 -0.0123291 0 -0.04310798 1.338583 -0.04310798 1.338583 -0.04310798 0 -0.04310798 0 -0.07388693 1.338583 -0.04310798 0 -0.07388693 1.338583 -0.07388693 1.338583 -0.07388693 0 -0.07388693 0 -0.1046658 1.338583 -0.07388693 0 -0.1046658 1.338583 -0.1046658 1.338583 -0.1046658 0 -0.1046658 0 -0.1354447 1.338583 -0.1046658 0 -0.1354447 1.338583 -0.1354447 -0.3373812 0.1310846 -0.321432 0.1042087 -0.3261578 0.1240005 -0.3261578 0.1240005 -0.321432 0.1042087 -0.3136358 0.1196016 -0.3136358 0.1196016 -0.321432 0.1042087 -0.3004478 0.1181102 -0.3004478 0.1181102 -0.321432 0.1042087 -0.321432 0.07295662 -0.3004478 0.1181102 -0.321432 0.07295662 -0.3004478 0.05905503 -0.3004478 0.05905503 -0.321432 0.07295662 -0.3136358 0.05756372 -0.3136358 0.05756372 -0.321432 0.07295662 -0.3261578 0.05316478 -0.3261578 0.05316478 -0.321432 0.07295662 -0.3373812 0.04608058 -0.3004478 0.05905503 0 0.05905503 -0.3004478 0.1181102 -0.3004478 0.1181102 0 0.05905503 0 0.1181102 0 0.1181102 0 0.05905503 0.02141129 0.1050553 0 0.1181102 0.02141129 0.1050553 0.01408982 0.1198157 0.01408982 0.1198157 0.02141129 0.1050553 0.02736586 0.1248335 0.02736586 0.1248335 0.02141129 0.1050553 0.03906118 0.132874 0.02141129 0.1050553 0 0.05905503 0.02141129 0.07210999 0.02141129 0.07210999 0 0.05905503 0.01408982 0.05734962 0.02141129 0.07210999 0.01408982 0.05734962 0.02736586 0.05233168 0.02736586 0.05233168 0.03906118 0.04429125 0.02141129 0.07210999 -0.3878583 0.03026247 -0.3847455 0.02985119 -0.3859953 0.03002023 -0.3859953 0.03002023 -0.3847455 0.02985119 -0.3834967 0.02974945 -0.3834967 0.02974945 -0.3847455 0.02985119 -0.3834981 0.02973341 -0.3834967 0.02974945 -0.3834981 0.02973341 -0.3816152 0.0296061 -0.3834967 0.02974945 -0.3816152 0.0296061 -0.3809888 0.02958506 -0.3809888 0.02958506 -0.3816152 0.0296061 -0.3809892 0.02957701 -0.3809888 0.02958506 -0.3809892 0.02957701 -0.3784763 0.0295276 0.3878583 0.03026247 0.3859953 0.03002023 0.3847455 0.02985119 0.3847455 0.02985119 0.3859953 0.03002023 0.3834967 0.02974945 0.3847455 0.02985119 0.3834967 0.02974945 0.3834981 0.02973341 0.3834981 0.02973341 0.3834967 0.02974945 0.3816152 0.0296061 0.3816152 0.0296061 0.3834967 0.02974945 0.3809888 0.02958506 0.3816152 0.0296061 0.3809888 0.02958506 0.3809892 0.02957701 0.3809892 0.02957701 0.3809888 0.02958506 0.3784763 0.0295276 0.3373812 0.04608058 0.321432 0.07295662 0.3261578 0.05316478 0.3261578 0.05316478 0.321432 0.07295662 0.3136358 0.05756372 0.3136358 0.05756372 0.321432 0.07295662 0.3004478 0.05905503 0.3004478 0.05905503 0.321432 0.07295662 0.3004478 0.1181102 0.3004478 0.05905503 0.3004478 0.1181102 0 0.1181102 0.321432 0.07295662 0.321432 0.1042087 0.3004478 0.1181102 0.3004478 0.1181102 0.321432 0.1042087 0.3136358 0.1196016 0.3136358 0.1196016 0.321432 0.1042087 0.3261578 0.1240005 0.3261578 0.1240005 0.321432 0.1042087 0.3373812 0.1310846 -0.01408982 0.1198157 -0.02141129 0.1050553 0 0.1181102 0 0.1181102 -0.02141129 0.1050553 -0.02141129 0.07210999 0 0.1181102 -0.02141129 0.07210999 0 0.05905503 0 0.05905503 -0.02141129 0.07210999 -0.01408982 0.05734962 -0.01408982 0.05734962 -0.02141129 0.07210999 -0.02736586 0.05233168 -0.02736586 0.05233168 -0.02141129 0.07210999 -0.03906118 0.04429125 -0.01408982 0.1198157 -0.02736586 0.1248335 -0.02141129 0.1050553 -0.02141129 0.1050553 -0.02736586 0.1248335 -0.03906118 0.132874 0 0.05905503 0.3004478 0.05905503 0 0.1181102 -1.338583 0.05193603 0 0.05193603 -1.338583 0.05286282 -1.338583 0.05286282 0 0.05193603 0 0.05286282 -1.338583 0.05286282 0 0.05286282 -1.338583 0.06616306 -1.338583 0.06616306 0 0.05286282 0 0.06616306 -1.338583 0.06616306 0 0.06616306 -1.338583 0.0794633 -1.338583 0.0794633 0 0.06616306 0 0.0794633 -1.338583 0.0794633 0 0.0794633 0 0.09276354 0 0.05193603 -1.338583 0.05193603 0 0.05100911 0 0.05100911 -1.338583 0.05193603 -1.338583 0.05100911 0 0.05100911 -1.338583 0.05100911 -1.338583 0.05008232 -1.338583 0.05008232 0 0.05008232 0 0.05100911 0 0.09276354 -1.338583 0.09276354 -1.338583 0.0794633 -1.338583 -0.06616306 0 -0.06616306 -1.338583 -0.05286282 -1.338583 -0.05286282 0 -0.06616306 0 -0.05286282 -1.338583 -0.05286282 0 -0.05286282 -1.338583 -0.05193603 -1.338583 -0.05193603 0 -0.05286282 0 -0.05193603 -1.338583 -0.05193603 0 -0.05193603 -1.338583 -0.05100911 -1.338583 -0.05100911 0 -0.05193603 0 -0.05100911 -1.338583 -0.05100911 0 -0.05100911 0 -0.05008232 0 -0.06616306 -1.338583 -0.06616306 0 -0.0794633 0 -0.0794633 -1.338583 -0.06616306 -1.338583 -0.0794633 0 -0.0794633 -1.338583 -0.0794633 -1.338583 -0.09276354 -1.338583 -0.09276354 0 -0.09276354 0 -0.0794633 0 -0.05008232 -1.338583 -0.05008232 -1.338583 -0.05100911 0 -0.09276354 -1.338583 -0.09276354 0 -0.1069906 0 -0.1069906 -1.338583 -0.09276354 -1.338583 -0.1069906 0 -0.1069906 -1.338583 -0.1069906 -1.338583 -0.1212177 -1.338583 -0.1354447 0 -0.1354447 -1.338583 -0.1212177 -1.338583 -0.1212177 0 -0.1354447 0 -0.1212177 -1.338583 -0.1212177 0 -0.1212177 0 -0.1069906 0.3004478 1.338583 0 1.338583 0.3004478 0 0.3004478 0 0 1.338583 0 0 0 1.338583 -0.3004478 1.338583 0 0 0 0 -0.3004478 1.338583 -0.3004478 0 0 0.1354447 -1.338583 0.1354447 0 0.1212177 0 0.1212177 -1.338583 0.1354447 -1.338583 0.1212177 0 0.1212177 -1.338583 0.1212177 -1.338583 0.1069906 -1.338583 0.09276354 0 0.09276354 -1.338583 0.1069906 -1.338583 0.1069906 0 0.09276354 0 0.1069906 -1.338583 0.1069906 0 0.1069906 0 0.1212177 0 -0.02748543 -1.338583 -0.04947388 0 -0.04947388 0 -0.04947388 -1.338583 -0.04947388 -1.338583 -0.07146227 0 -0.04947388 -1.338583 -0.07146227 0 -0.07146227 0 -0.07146227 -1.338583 -0.07146227 -1.338583 -0.09345066 0 -0.07146227 -1.338583 -0.09345066 0 -0.09345066 0 0.1044449 -1.338583 0.1044449 -1.338583 0.08245646 0 0.1044449 -1.338583 0.08245646 0 0.08245646 0 0.08245646 -1.338583 0.08245646 -1.338583 0.06046801 0 0.08245646 -1.338583 0.06046801 0 0.06046801 0 0.06046801 -1.338583 0.06046801 -1.338583 0.03847962 0 0.06046801 -1.338583 0.03847962 0 0.03847962 0 0.03847962 -1.338583 0.03847962 -1.338583 0.01649129 0 0.03847962 -1.338583 0.01649129 0 0.01649129 0 0.01649129 -1.338583 0.01649129 -1.338583 -0.005497038 0 0.01649129 -1.338583 -0.005497038 0 -0.005497038 0 -0.005497038 -1.338583 -0.005497038 -1.338583 -0.02748543 0 -0.005497038 -1.338583 -0.02748543 0 -0.02748543 0 -0.02748543 -1.338583 -0.02748543 -1.338583 -0.04947388 0 -0.02748543 -1.338583 -0.04947388 0 -0.04947388 0 -0.04947388 -1.338583 -0.04947388 -1.338583 -0.07146227 0 -0.04947388 -1.338583 -0.07146227 0 -0.07146227 0 -0.07146227 -1.338583 -0.07146227 -1.338583 -0.09345066 0 -0.07146227 -1.338583 -0.09345066 0 -0.09345066 0 0.1044449 -1.338583 0.1044449 -1.338583 0.08245646 0 0.1044449 -1.338583 0.08245646 0 0.08245646 0 0.08245646 -1.338583 0.08245646 -1.338583 0.06046801 0 0.08245646 -1.338583 0.06046801 0 0.06046801 0 0.06046801 -1.338583 0.06046801 -1.338583 0.03847962 0 0.06046801 -1.338583 0.03847962 0 0.03847962 0 0.03847962 -1.338583 0.03847962 -1.338583 0.01649129 0 0.03847962 -1.338583 0.01649129 0 0.01649129 0 0.01649129 -1.338583 0.01649129 -1.338583 -0.005497038 0 0.01649129 -1.338583 -0.005497038 0 -0.005497038 0 -0.005497038 -1.338583 -0.005497038 -1.338583 -0.02748543 0 -0.005497038 -1.338583 -0.02748543 0 -0.02748543 0 -0.02748543 -1.338583 -0.02748543 -1.338583 -0.04947388 0.08104193 0.1475656 0.08060073 0.1475815 0.0831235 0.1474172 0.08104193 0.1475656 0.0831235 0.1474172 0.08312422 0.1474256 0.08312422 0.1474256 0.0831235 0.1474172 0.08400326 0.1473442 0.08400326 0.1473442 0.0831235 0.1474172 0.08563697 0.147145 0.08400326 0.1473442 0.08563697 0.147145 0.08563858 0.1471576 0.08563858 0.1471576 0.08563697 0.147145 0.0869497 0.1469743 -0.0831235 0.1474172 -0.08400326 0.1473442 -0.08563697 0.147145 -0.08563697 0.147145 -0.08400326 0.1473442 -0.08563858 0.1471576 -0.08563697 0.147145 -0.08563858 0.1471576 -0.0869497 0.1469743 -0.08060073 0.1475815 -0.08104193 0.1475656 -0.0831235 0.1474172 -0.0831235 0.1474172 -0.08104193 0.1475656 -0.08312422 0.1474256 -0.0831235 0.1474172 -0.08312422 0.1474256 -0.08400326 0.1473442 0 0.1744921 0 0.1433897 1.338583 0.1744921 1.338583 0.1744921 0 0.1433897 1.338583 0.1433897 1.338583 0.1433897 0 0.1433897 0 0.1122872 1.338583 0.1433897 0 0.1122872 1.338583 0.1122872 1.338583 0.1122872 0 0.1122872 0 0.0811848 1.338583 0.1122872 0 0.0811848 1.338583 0.0811848 1.338583 0.0811848 0 0.0811848 0 0.05008232 1.338583 0.0811848 0 0.05008232 1.338583 0.05008232 1.338583 0.1812934 1.338583 0.2106724 0 0.1812934 0 0.1812934 1.338583 0.2106724 0 0.2106724 0 -0.1603818 1.338583 -0.1603818 1.338583 -0.1310029 0 -0.1603818 1.338583 -0.1310029 0 -0.1310029 0 -0.1310029 1.338583 -0.1310029 1.338583 -0.1016239 0 -0.1310029 1.338583 -0.1016239 0 -0.1016239 0 -0.1016239 1.338583 -0.1016239 0 -0.1003 0 -0.1003 1.338583 -0.1016239 1.338583 -0.1003 0 -0.1003 1.338583 -0.1003 0 -0.09865397 0 -0.09865397 1.338583 -0.1003 1.338583 -0.09865397 0 -0.09865397 1.338583 -0.09865397 0 -0.09777122 0 -0.09777122 1.338583 -0.09865397 1.338583 -0.09777122 0 -0.09777122 1.338583 -0.09777122 0 -0.09568411 0 -0.09568411 1.338583 -0.09777122 1.338583 -0.09568411 0 -0.09568411 1.338583 -0.09568411 0 -0.09524261 0 -0.09524261 1.338583 -0.09568411 1.338583 -0.09524261 0 -0.09524261 1.338583 -0.09524261 0 -0.09271419 0 -0.09271419 1.338583 -0.09524261 1.338583 -0.09271419 0 -0.09271419 1.338583 -0.09271419 1.338583 -0.0785036 1.338583 -0.06429296 0 -0.06429296 1.338583 -0.0785036 1.338583 -0.0785036 0 -0.06429296 0 -0.0785036 1.338583 -0.0785036 0 -0.0785036 0 -0.09271419 1.338583 -0.06429296 1.338583 -0.05008232 0 -0.06429296 0 -0.06429296 1.338583 -0.05008232 0 -0.05008232 -1.338583 0.09276354 -1.338583 0.07853651 0 0.09276354 0 0.09276354 -1.338583 0.07853651 0 0.07853651 0 0.07853651 -1.338583 0.07853651 0 0.06430941 0 0.06430941 -1.338583 0.07853651 -1.338583 0.06430941 0 0.06430941 -1.338583 0.06430941 -1.338583 0.05008232 -1.338583 0.05008232 0 0.05008232 0 0.06430941 -1.338583 -0.05008232 -1.338583 -0.06430941 0 -0.05008232 0 -0.05008232 -1.338583 -0.06430941 0 -0.06430941 0 -0.06430941 -1.338583 -0.06430941 0 -0.07853651 0 -0.07853651 -1.338583 -0.06430941 -1.338583 -0.07853651 0 -0.07853651 -1.338583 -0.07853651 -1.338583 -0.09276354 -1.338583 -0.09276354 0 -0.09276354 0 -0.07853651 -1.338583 -0.1341111 0 -0.1341111 -1.338583 -0.1334443 -1.338583 -0.1334443 0 -0.1341111 0 -0.1334443 -1.338583 -0.1334443 0 -0.1334443 -1.338583 -0.1198841 -1.338583 -0.1198841 0 -0.1334443 0 -0.1198841 -1.338583 -0.1198841 0 -0.1198841 0 -0.1063238 0 -0.1341111 -1.338583 -0.1341111 0 -0.1347779 0 -0.1347779 -1.338583 -0.1341111 -1.338583 -0.1347779 0 -0.1347779 -1.338583 -0.1347779 0 -0.1354447 0 -0.1354447 -1.338583 -0.1347779 -1.338583 -0.1354447 0 -0.09276354 -1.338583 -0.09276354 0 -0.1063238 0 -0.1063238 -1.338583 -0.09276354 -1.338583 -0.1063238 0 -0.1063238 -1.338583 -0.1063238 -1.338583 -0.1198841 0.5236762 1.338583 0 1.338583 0.5236762 0 0.5236762 0 0 1.338583 0 0 0 1.338583 -0.5236762 1.338583 0 0 0 0 -0.5236762 1.338583 -0.5236762 0 -1.338583 0.1198841 0 0.1198841 -1.338583 0.1334443 -1.338583 0.1334443 0 0.1198841 0 0.1334443 -1.338583 0.1334443 0 0.1334443 -1.338583 0.1341111 -1.338583 0.1341111 0 0.1334443 0 0.1341111 -1.338583 0.1341111 0 0.1341111 -1.338583 0.1347779 -1.338583 0.1347779 0 0.1341111 0 0.1347779 -1.338583 0.1347779 0 0.1347779 -1.338583 0.1354447 -1.338583 0.1354447 0 0.1347779 0 0.1354447 -1.338583 0.1198841 -1.338583 0.1063238 0 0.1198841 0 0.1198841 -1.338583 0.1063238 0 0.1063238 0 0.1063238 -1.338583 0.1063238 0 0.09276354 0 0.09276354 -1.338583 0.1063238 -1.338583 0.09276354 0 -0.02748543 -1.338583 -0.04947388 0 -0.04947388 0 -0.04947388 -1.338583 -0.04947388 -1.338583 -0.07146227 0 -0.04947388 -1.338583 -0.07146227 0 -0.07146227 0 -0.07146227 -1.338583 -0.07146227 -1.338583 -0.09345066 0 -0.07146227 -1.338583 -0.09345066 0 -0.09345066 0 0.1044449 -1.338583 0.1044449 -1.338583 0.08245646 0 0.1044449 -1.338583 0.08245646 0 0.08245646 0 0.08245646 -1.338583 0.08245646 -1.338583 0.06046801 0 0.08245646 -1.338583 0.06046801 0 0.06046801 0 0.06046801 -1.338583 0.06046801 -1.338583 0.03847962 0 0.06046801 -1.338583 0.03847962 0 0.03847962 0 0.03847962 -1.338583 0.03847962 -1.338583 0.01649129 0 0.03847962 -1.338583 0.01649129 0 0.01649129 0 0.01649129 -1.338583 0.01649129 -1.338583 -0.005497038 0 0.01649129 -1.338583 -0.005497038 0 -0.005497038 0 -0.005497038 -1.338583 -0.005497038 -1.338583 -0.02748543 0 -0.005497038 -1.338583 -0.02748543 0 -0.02748543 0 -0.02748543 -1.338583 -0.02748543 -1.338583 -0.04947388 0 -0.02748543 -1.338583 -0.04947388 0 -0.04947388 0 -0.04947388 -1.338583 -0.04947388 -1.338583 -0.07146227 0 -0.04947388 -1.338583 -0.07146227 0 -0.07146227 0 -0.07146227 -1.338583 -0.07146227 -1.338583 -0.09345066 0 -0.07146227 -1.338583 -0.09345066 0 -0.09345066 0 0.1044449 -1.338583 0.1044449 -1.338583 0.08245646 0 0.1044449 -1.338583 0.08245646 0 0.08245646 0 0.08245646 -1.338583 0.08245646 -1.338583 0.06046801 0 0.08245646 -1.338583 0.06046801 0 0.06046801 0 0.06046801 -1.338583 0.06046801 -1.338583 0.03847962 0 0.06046801 -1.338583 0.03847962 0 0.03847962 0 0.03847962 -1.338583 0.03847962 -1.338583 0.01649129 0 0.03847962 -1.338583 0.01649129 0 0.01649129 0 0.01649129 -1.338583 0.01649129 -1.338583 -0.005497038 0 0.01649129 -1.338583 -0.005497038 0 -0.005497038 0 -0.005497038 -1.338583 -0.005497038 -1.338583 -0.02748543 0 -0.005497038 -1.338583 -0.02748543 0 -0.02748543 0 -0.02748543 -1.338583 -0.02748543 -1.338583 -0.04947388 -0.5627374 0.132874 -0.5450875 0.1050553 -0.551042 0.1248335 -0.551042 0.1248335 -0.5450875 0.1050553 -0.537766 0.1198157 -0.537766 0.1198157 -0.5450875 0.1050553 -0.5236762 0.1181102 -0.5236762 0.1181102 -0.5450875 0.1050553 0.02113687 0.1044378 -0.5236762 0.1181102 0.02113687 0.1044378 0 0.1181102 0 0.1181102 0.02113687 0.1044378 0.01344138 0.1196603 0.01344138 0.1196603 0.02113687 0.1044378 0.0261771 0.124229 0.0261771 0.124229 0.02113687 0.1044378 0.03753876 0.1315765 -0.5450875 0.1050553 -0.5450875 0.07210999 0.02113687 0.1044378 0.02113687 0.1044378 -0.5450875 0.07210999 0.02113687 0.07272756 0.02113687 0.07272756 -0.5450875 0.07210999 -0.5236762 0.05905503 0.02113687 0.07272756 -0.5236762 0.05905503 0 0.05905503 -0.5627374 0.04429125 -0.551042 0.05233168 -0.5450875 0.07210999 -0.5450875 0.07210999 -0.551042 0.05233168 -0.537766 0.05734962 -0.5450875 0.07210999 -0.537766 0.05734962 -0.5236762 0.05905503 0 0.05905503 0.01344138 0.05750507 0.02113687 0.07272756 0.02113687 0.07272756 0.01344138 0.05750507 0.0261771 0.05293637 0.02113687 0.07272756 0.0261771 0.05293637 0.03753876 0.04558879 0.5627374 0.04429125 0.5450875 0.07210999 0.551042 0.05233168 0.551042 0.05233168 0.5450875 0.07210999 0.537766 0.05734962 0.537766 0.05734962 0.5450875 0.07210999 0.5236762 0.05905503 0.5236762 0.05905503 0.5450875 0.07210999 -0.02113687 0.07272756 0.5236762 0.05905503 -0.02113687 0.07272756 0 0.05905503 0 0.05905503 -0.02113687 0.07272756 -0.01344138 0.05750507 -0.01344138 0.05750507 -0.02113687 0.07272756 -0.0261771 0.05293637 -0.0261771 0.05293637 -0.02113687 0.07272756 -0.03753876 0.04558879 -0.02113687 0.07272756 0.5450875 0.07210999 -0.02113687 0.1044378 -0.02113687 0.1044378 0.5450875 0.07210999 0.5450875 0.1050553 -0.02113687 0.1044378 0.5450875 0.1050553 0.5236762 0.1181102 0.5236762 0.1181102 0.5450875 0.1050553 0.537766 0.1198157 0.537766 0.1198157 0.5450875 0.1050553 0.551042 0.1248335 0.551042 0.1248335 0.5450875 0.1050553 0.5627374 0.132874 0.5236762 0.1181102 0 0.1181102 -0.02113687 0.1044378 -0.02113687 0.1044378 0 0.1181102 -0.01344138 0.1196603 -0.02113687 0.1044378 -0.01344138 0.1196603 -0.0261771 0.124229 -0.0261771 0.124229 -0.03753876 0.1315765 -0.02113687 0.1044378</float_array>
          <technique_common>
            <accessor source="#Untitled_015-mesh-map-0-array" count="13908" stride="2">
              <param name="S" type="float"/>
              <param name="T" type="float"/>
            </accessor>
          </technique_common>
        </source>
        <vertices id="Untitled_015-mesh-vertices">
          <input semantic="POSITION" source="#Untitled_015-mesh-positions"/>
        </vertices>
        <polylist material="Miscellaneous_Default_888-MoveIt-60-TCP-04-material" count="2410">
          <input semantic="VERTEX" source="#Untitled_015-mesh-vertices" offset="0"/>
          <input semantic="NORMAL" source="#Untitled_015-mesh-normals" offset="1"/>
          <input semantic="TEXCOORD" source="#Untitled_015-mesh-map-0" offset="2" set="0"/>
          <vcount>3 3 3 3 3 3 3 3 3 3 3 3 3 3 3 3 3 3 3 3 3 3 3 3 3 3 3 3 3 3 3 3 3 3 3 3 3 3 3 3 3 3 3 3 3 3 3 3 3 3 3 3 3 3 3 3 3 3 3 3 3 3 3 3 3 3 3 3 3 3 3 3 3 3 3 3 3 3 3 3 3 3 3 3 3 3 3 3 3 3 3 3 3 3 3 3 3 3 3 3 3 3 3 3 3 3 3 3 3 3 3 3 3 3 3 3 3 3 3 3 3 3 3 3 3 3 3 3 3 3 3 3 3 3 3 3 3 3 3 3 3 3 3 3 3 3 3 3 3 3 3 3 3 3 3 3 3 3 3 3 3 3 3 3 3 3 3 3 3 3 3 3 3 3 3 3 3 3 3 3 3 3 3 3 3 3 3 3 3 3 3 3 3 3 3 3 3 3 3 3 3 3 3 3 3 3 3 3 3 3 3 3 3 3 3 3 3 3 3 3 3 3 3 3 3 3 3 3 3 3 3 3 3 3 3 3 3 3 3 3 3 3 3 3 3 3 3 3 3 3 3 3 3 3 3 3 3 3 3 3 3 3 3 3 3 3 3 3 3 3 3 3 3 3 3 3 3 3 3 3 3 3 3 3 3 3 3 3 3 3 3 3 3 3 3 3 3 3 3 3 3 3 3 3 3 3 3 3 3 3 3 3 3 3 3 3 3 3 3 3 3 3 3 3 3 3 3 3 3 3 3 3 3 3 3 3 3 3 3 3 3 3 3 3 3 3 3 3 3 3 3 3 3 3 3 3 3 3 3 3 3 3 3 3 3 3 3 3 3 3 3 3 3 3 3 3 3 3 3 3 3 3 3 3 3 3 3 3 3 3 3 3 3 3 3 3 3 3 3 3 3 3 3 3 3 3 3 3 3 3 3 3 3 3 3 3 3 3 3 3 3 3 3 3 3 3 3 3 3 3 3 3 3 3 3 3 3 3 3 3 3 3 3 3 3 3 3 3 3 3 3 3 3 3 3 3 3 3 3 3 3 3 3 3 3 3 3 3 3 3 3 3 3 3 3 3 3 3 3 3 3 3 3 3 3 3 3 3 3 3 3 3 3 3 3 3 3 3 3 3 3 3 3 3 3 3 3 3 3 3 3 3 3 3 3 3 3 3 3 3 3 3 3 3 3 3 3 3 3 3 3 3 3 3 3 3 3 3 3 3 3 3 3 3 3 3 3 3 3 3 3 3 3 3 3 3 3 3 3 3 3 3 3 3 3 3 3 3 3 3 3 3 3 3 3 3 3 3 3 3 3 3 3 3 3 3 3 3 3 3 3 3 3 3 3 3 3 3 3 3 3 3 3 3 3 3 3 3 3 3 3 3 3 3 3 3 3 3 3 3 3 3 3 3 3 3 3 3 3 3 3 3 3 3 3 3 3 3 3 3 3 3 3 3 3 3 3 3 3 3 3 3 3 3 3 3 3 3 3 3 3 3 3 3 3 3 3 3 3 3 3 3 3 3 3 3 3 3 3 3 3 3 3 3 3 3 3 3 3 3 3 3 3 3 3 3 3 3 3 3 3 3 3 3 3 3 3 3 3 3 3 3 3 3 3 3 3 3 3 3 3 3 3 3 3 3 3 3 3 3 3 3 3 3 3 3 3 3 3 3 3 3 3 3 3 3 3 3 3 3 3 3 3 3 3 3 3 3 3 3 3 3 3 3 3 3 3 3 3 3 3 3 3 3 3 3 3 3 3 3 3 3 3 3 3 3 3 3 3 3 3 3 3 3 3 3 3 3 3 3 3 3 3 3 3 3 3 3 3 3 3 3 3 3 3 3 3 3 3 3 3 3 3 3 3 3 3 3 3 3 3 3 3 3 3 3 3 3 3 3 3 3 3 3 3 3 3 3 3 3 3 3 3 3 3 3 3 3 3 3 3 3 3 3 3 3 3 3 3 3 3 3 3 3 3 3 3 3 3 3 3 3 3 3 3 3 3 3 3 3 3 3 3 3 3 3 3 3 3 3 3 3 3 3 3 3 3 3 3 3 3 3 3 3 3 3 3 3 3 3 3 3 3 3 3 3 3 3 3 3 3 3 3 3 3 3 3 3 3 3 3 3 3 3 3 3 3 3 3 3 3 3 3 3 3 3 3 3 3 3 3 3 3 3 3 3 3 3 3 3 3 3 3 3 3 3 3 3 3 3 3 3 3 3 3 3 3 3 3 3 3 3 3 3 3 3 3 3 3 3 3 3 3 3 3 3 3 3 3 3 3 3 3 3 3 3 3 3 3 3 3 3 3 3 3 3 3 3 3 3 3 3 3 3 3 3 3 3 3 3 3 3 3 3 3 3 3 3 3 3 3 3 3 3 3 3 3 3 3 3 3 3 3 3 3 3 3 3 3 3 3 3 3 3 3 3 3 3 3 3 3 3 3 3 3 3 3 3 3 3 3 3 3 3 3 3 3 3 3 3 3 3 3 3 3 3 3 3 3 3 3 3 3 3 3 3 3 3 3 3 3 3 3 3 3 3 3 3 3 3 3 3 3 3 3 3 3 3 3 3 3 3 3 3 3 3 3 3 3 3 3 3 3 3 3 3 3 3 3 3 3 3 3 3 3 3 3 3 3 3 3 3 3 3 3 3 3 3 3 3 3 3 3 3 3 3 3 3 3 3 3 3 3 3 3 3 3 3 3 3 3 3 3 3 3 3 3 3 3 3 3 3 3 3 3 3 3 3 3 3 3 3 3 3 3 3 3 3 3 3 3 3 3 3 3 3 3 3 3 3 3 3 3 3 3 3 3 3 3 3 3 3 3 3 3 3 3 3 3 3 3 3 3 3 3 3 3 3 3 3 3 3 3 3 3 3 3 3 3 3 3 3 3 3 3 3 3 3 3 3 3 3 3 3 3 3 3 3 3 3 3 3 3 3 3 3 3 3 3 3 3 3 3 3 3 3 3 3 3 3 3 3 3 3 3 3 3 3 3 3 3 3 3 3 3 3 3 3 3 3 3 3 3 3 3 3 3 3 3 3 3 3 3 3 3 3 3 3 3 3 3 3 3 3 3 3 3 3 3 3 3 3 3 3 3 3 3 3 3 3 3 3 3 3 3 3 3 3 3 3 3 3 3 3 3 3 3 3 3 3 3 3 3 3 3 3 3 3 3 3 3 3 3 3 3 3 3 3 3 3 3 3 3 3 3 3 3 3 3 3 3 3 3 3 3 3 3 3 3 3 3 3 3 3 3 3 3 3 3 3 3 3 3 3 3 3 3 3 3 3 3 3 3 3 3 3 3 3 3 3 3 3 3 3 3 3 3 3 3 3 3 3 3 3 3 3 3 3 3 3 3 3 3 3 3 3 3 3 3 3 3 3 3 3 3 3 3 3 3 3 3 3 3 3 3 3 3 3 3 3 3 3 3 3 3 3 3 3 3 3 3 3 3 3 3 3 3 3 3 3 3 3 3 3 3 3 3 3 3 3 3 3 3 3 3 3 3 3 3 3 3 3 3 3 3 3 3 3 3 3 3 3 3 3 3 3 3 3 3 3 3 3 3 3 3 3 3 3 3 3 3 3 3 3 3 3 3 3 3 3 3 3 3 3 3 3 3 3 3 3 3 3 3 3 3 3 3 3 3 3 3 3 3 3 3 3 3 3 3 3 3 3 3 3 3 3 3 3 3 3 3 3 3 3 3 3 3 3 3 3 3 3 3 3 3 3 3 3 3 3 3 3 3 3 3 3 3 3 3 3 3 3 3 3 3 3 3 3 3 3 3 3 3 3 3 3 3 3 3 3 3 3 3 3 3 3 3 3 3 3 3 3 3 3 3 3 3 3 3 3 3 3 3 3 3 3 3 3 3 3 3 3 3 3 3 3 3 3 3 3 3 3 3 3 3 3 3 3 3 3 3 3 3 3 3 3 3 3 3 3 3 3 3 3 3 3 3 3 3 3 3 3 3 3 3 3 3 3 3 3 3 3 3 3 3 3 3 3 3 3 3 3 3 3 3 3 3 3 3 3 3 3 3 3 3 3 3 3 3 3 3 3 3 3 3 3 3 3 3 3 3 3 3 3 3 3 3 3 3 3 3 3 3 3 3 3 3 3 3 3 3 3 3 3 3 3 3 3 3 3 3 3 3 3 3 3 3 3 3 3 3 3 3 3 3 3 3 3 3 3 3 3 3 3 3 3 3 3 3 3 3 3 3 3 3 3 3 3 3 3 3 3 3 3 3 3 3 3 3 3 3 3 3 3 3 3 3 3 3 3 3 3 3 3 3 3 3 3 3 3 3 3 3 3 3 3 3 3 3 3 3 3 3 3 3 3 3 3 3 3 3 3 3 3 3 3 3 3 3 3 3 3 3 3 3 3 3 3 3 3 3 3 3 3 3 3 3 3 3 3 3 3 3 3 3 3 3 3 3 3 3 3 3 3 3 3 3 3 3 3 3 3 3 3 3 3 3 3 3 3 3 3 3 3 3 3 3 3 3 3 3 3 3 3 3 3 3 3 3 3 3 3 3 3 3 3 3 3 3 3 3 3 3 3 3 3 3 3 3 3 3 3 3 3 3 3 3 3 3 3 3 3 3 3 3 3 3 3 3 3 3 3 3 3 3 3 3 3 3 3 3 3 3 3 3 3 3 3 3 3 3 3 3 3 3 3 3 3 3 3 3 3 3 3 3 3 3 3 3 3 3 3 3 3 3 3 3 3 3 3 3 3 3 3 3 3 3 3 3 3 3 3 3 3 3 3 3 3 3 3 3 3 3 3 3 3 3 3 3 3 3 3 3 3 3 3 3 3 3 3 3 3 3 3 3 3 3 3 3 3 3 3 3 3 3 3 3 3 3 3 3 3 3 3 3 3 3 3 3 3 3 3 3 3 3 3 3 3 3 3 3 3 3 3 3 3 3 3 3 3 3 3 3 3 3 3 3 3 3 3 3 3 3 3 3 3 3 3 3 3 3 3 3 3 3 3 3 3 3 3 3 3 3 3 3 3 3 3 3 3 3 3 3 3 3 3 3 3 3 3 3 3 3 3 3 3 3 3 3 3 3 3 3 3 3 3 3 3 3 3 3 3 3 3 3 3 3 3 3 3 3 3 3 3 3 3 3 3 3 3 3 3 3 3 3 3 3 3 3 3 3 3 3 3 3 3 3 3 3 3 3 3 3 3 3 3 3 3 3 3 3 3 3 3 3 3 3 3 3 3 3 3 3 3 3 3 3 3 3 3 3 3 3 3 3 3 3 3 3 3 3 3 3 3 3 3 3 3 3 3 3 3 3 3 3 3 3 3 3 3 3 3 3 3 3 3 3 3 3 3 3 3 3 3 3 3 3 3 3 3 3 3 3 3 3 3 3 3 3 3 3 3 3 3 3 3 3 3 3 3 3 3 3 3 3 3 3 3 3 3 </vcount>
          <p>1 0 0 22 1 1 0 2 2 0 2 3 22 1 4 23 3 5 0 2 6 23 3 7 17 4 8 17 4 9 23 3 10 24 5 11 17 4 12 24 5 13 16 6 14 16 6 15 24 5 16 25 7 17 16 6 18 25 7 19 15 8 20 15 8 21 25 7 22 26 9 23 15 8 24 26 9 25 14 10 26 14 10 27 26 9 28 27 11 29 14 10 30 27 11 31 13 12 32 13 12 33 27 11 34 28 13 35 13 12 36 28 13 37 12 14 38 12 14 39 28 13 40 29 15 41 12 14 42 29 15 43 11 16 44 11 16 45 29 15 46 30 17 47 11 16 48 30 17 49 10 18 50 10 18 51 30 17 52 31 19 53 10 18 54 31 19 55 9 20 56 9 20 57 31 19 58 32 21 59 9 20 60 32 21 61 8 22 62 8 22 63 32 21 64 33 23 65 8 22 66 33 23 67 7 24 68 7 24 69 33 23 70 34 25 71 7 24 72 34 25 73 6 26 74 6 26 75 34 25 76 35 27 77 6 26 78 35 27 79 5 28 80 5 28 81 35 27 82 18 29 83 5 28 84 18 29 85 4 30 86 4 30 87 18 29 88 19 31 89 4 30 90 19 31 91 3 32 92 3 32 93 19 31 94 20 33 95 3 32 96 20 33 97 2 34 98 2 34 99 20 33 100 21 35 101 2 34 102 21 35 103 1 0 104 1 0 105 21 35 106 22 1 107 1250 36 108 1273 36 109 1240 36 110 1240 36 111 1273 36 112 1274 36 113 1240 37 114 1274 37 115 1241 37 116 1241 38 117 1274 38 118 1275 38 119 1241 36 120 1275 36 121 1242 36 122 1242 36 123 1275 36 124 1276 36 125 1242 39 126 1276 39 127 1243 39 128 1243 40 129 1276 40 130 1277 40 131 1243 41 132 1277 41 133 1244 41 134 1244 36 135 1277 36 136 1278 36 137 1244 36 138 1278 36 139 1245 36 140 1245 42 141 1278 42 142 1268 42 143 1245 36 144 1268 36 145 1246 36 146 1246 43 147 1268 43 148 1269 43 149 1246 36 150 1269 36 151 1247 36 152 1247 36 153 1269 36 154 1270 36 155 1247 44 156 1270 44 157 1248 44 158 1248 45 159 1270 45 160 1271 45 161 1248 46 162 1271 46 163 1249 46 164 1249 36 165 1271 36 166 1272 36 167 1249 36 168 1272 36 169 1250 36 170 1250 47 171 1272 47 172 1273 47 173 1280 36 174 1221 36 175 1279 36 176 1279 36 177 1221 36 178 1220 36 179 1279 36 180 1220 36 181 1289 36 182 1289 36 183 1220 36 184 1219 36 185 1289 48 186 1219 48 187 1288 48 188 1288 36 189 1219 36 190 1218 36 191 1288 49 192 1218 49 193 1287 49 194 1287 50 195 1218 50 196 1228 50 197 1287 36 198 1228 36 199 1286 36 200 1286 51 201 1228 51 202 1227 51 203 1286 36 204 1227 36 205 1285 36 206 1285 36 207 1227 36 208 1226 36 209 1285 52 210 1226 52 211 1284 52 212 1284 36 213 1226 36 214 1225 36 215 1284 53 216 1225 53 217 1283 53 218 1283 36 219 1225 36 220 1224 36 221 1283 54 222 1224 54 223 1282 54 224 1282 36 225 1224 36 226 1223 36 227 1282 36 228 1223 36 229 1281 36 230 1281 36 231 1223 36 232 1222 36 233 1281 36 234 1222 36 235 1280 36 236 1280 55 237 1222 55 238 1221 55 239 1206 36 240 1300 36 241 1196 36 242 1196 56 243 1300 56 244 1290 56 245 1196 57 246 1290 57 247 1291 57 248 1300 36 249 1206 36 250 1299 36 251 1299 58 252 1206 58 253 1205 58 254 1299 36 255 1205 36 256 1298 36 257 1298 36 258 1205 36 259 1204 36 260 1298 36 261 1204 36 262 1203 36 263 1298 36 264 1203 36 265 1297 36 266 1297 36 267 1203 36 268 1202 36 269 1297 59 270 1202 59 271 1296 59 272 1296 36 273 1202 36 274 1295 36 275 1295 36 276 1202 36 277 1201 36 278 1295 36 279 1201 36 280 1294 36 281 1294 36 282 1201 36 283 1200 36 284 1294 36 285 1200 36 286 1293 36 287 1293 36 288 1200 36 289 1199 36 290 1293 36 291 1199 36 292 1198 36 293 1293 60 294 1198 60 295 1292 60 296 1292 61 297 1198 61 298 1197 61 299 1292 62 300 1197 62 301 1291 62 302 1291 63 303 1197 63 304 1196 63 305 818 64 306 1308 64 307 866 64 308 866 36 309 1308 36 310 1309 36 311 866 36 312 1309 36 313 1310 36 314 1301 36 315 1302 36 316 818 36 317 818 36 318 1302 36 319 1303 36 320 818 65 321 1303 65 322 1308 65 323 1308 66 324 1303 66 325 1307 66 326 1307 67 327 1303 67 328 1304 67 329 1307 36 330 1304 36 331 1306 36 332 1306 68 333 1304 68 334 1305 68 335 1312 36 336 1183 36 337 1311 36 338 1311 36 339 1183 36 340 1182 36 341 1311 36 342 1182 36 343 1321 36 344 1321 69 345 1182 69 346 1181 69 347 1321 36 348 1181 36 349 1320 36 350 1320 36 351 1181 36 352 1180 36 353 1320 70 354 1180 70 355 1319 70 356 1319 36 357 1180 36 358 1179 36 359 1319 36 360 1179 36 361 1318 36 362 1318 36 363 1179 36 364 1178 36 365 1318 36 366 1178 36 367 1317 36 368 1317 36 369 1178 36 370 1177 36 371 1317 71 372 1177 71 373 1316 71 374 1316 36 375 1177 36 376 1176 36 377 1316 72 378 1176 72 379 1315 72 380 1315 36 381 1176 36 382 1175 36 383 1315 73 384 1175 73 385 1314 73 386 1314 36 387 1175 36 388 1174 36 389 1314 36 390 1174 36 391 1313 36 392 1313 36 393 1174 36 394 1184 36 395 1313 36 396 1184 36 397 1312 36 398 1312 36 399 1184 36 400 1183 36 401 856 74 402 1486 74 403 839 74 404 839 74 405 1486 74 406 1380 74 407 839 75 408 1380 75 409 1381 75 410 855 76 411 1372 76 412 856 76 413 856 77 414 1372 77 415 1373 77 416 856 78 417 1373 78 418 1485 78 419 1485 74 420 1373 74 421 1374 74 422 1485 79 423 1374 79 424 1484 79 425 1484 80 426 1374 80 427 1375 80 428 1484 81 429 1375 81 430 1483 81 431 1483 74 432 1375 74 433 1376 74 434 1483 74 435 1376 74 436 1576 74 437 1576 82 438 1376 82 439 1377 82 440 1576 83 441 1377 83 442 1575 83 443 1575 84 444 1377 84 445 1369 84 446 1575 74 447 1369 74 448 1574 74 449 1574 74 450 1369 74 451 1441 74 452 1574 74 453 1441 74 454 1442 74 455 854 74 456 1447 74 457 855 74 458 855 85 459 1447 85 460 1448 85 461 855 86 462 1448 86 463 1372 86 464 1372 87 465 1448 87 466 1371 87 467 1371 74 468 1448 74 469 1449 74 470 1371 88 471 1449 88 472 1370 88 473 1370 74 474 1449 74 475 1441 74 476 1370 74 477 1441 74 478 1369 74 479 853 74 480 1366 74 481 854 74 482 854 89 483 1366 89 484 1446 89 485 854 90 486 1446 90 487 1447 90 488 1366 74 489 853 74 490 1365 74 491 1365 74 492 853 74 493 852 74 494 1365 74 495 852 74 496 1364 74 497 1364 74 498 852 74 499 1363 74 500 1363 91 501 852 91 502 1457 91 503 1363 92 504 1457 92 505 1362 92 506 1362 74 507 1457 74 508 1458 74 509 1362 93 510 1458 93 511 1361 93 512 1361 74 513 1458 74 514 1558 74 515 1361 74 516 1558 74 517 1360 74 518 1360 74 519 1558 74 520 1559 74 521 1360 74 522 1559 74 523 1368 74 524 1368 74 525 1559 74 526 1367 74 527 1367 74 528 1559 74 529 1445 74 530 1367 94 531 1445 94 532 1446 94 533 852 95 534 851 95 535 1457 95 536 1457 96 537 851 96 538 1456 96 539 1456 74 540 851 74 541 1455 74 542 1455 97 543 851 97 544 850 97 545 1455 98 546 850 98 547 1357 98 548 1357 99 549 850 99 550 849 99 551 1357 100 552 849 100 553 1356 100 554 1356 101 555 849 101 556 1349 101 557 1356 74 558 1349 74 559 1355 74 560 1355 74 561 1349 74 562 1420 74 563 1355 102 564 1420 102 565 1421 102 566 849 103 567 848 103 568 1349 103 569 1349 104 570 848 104 571 1348 104 572 1348 74 573 848 74 574 1466 74 575 1348 105 576 1466 105 577 1467 105 578 848 74 579 847 74 580 1466 74 581 1466 106 582 847 106 583 1465 106 584 1465 107 585 847 107 586 1405 107 587 1465 74 588 1405 74 589 1406 74 590 1405 108 591 847 108 592 1413 108 593 1413 109 594 847 109 595 846 109 596 1413 74 597 846 74 598 1412 74 599 1412 74 600 846 74 601 1430 74 602 1412 74 603 1430 74 604 1411 74 605 1411 74 606 1430 74 607 1431 74 608 1411 74 609 1431 74 610 1410 74 611 1410 74 612 1431 74 613 1423 74 614 1410 110 615 1423 110 616 1599 110 617 1599 74 618 1423 74 619 1424 74 620 1599 111 621 1424 111 622 1533 111 623 1533 112 624 1424 112 625 1425 112 626 1533 113 627 1425 113 628 1532 113 629 1532 114 630 1425 114 631 1426 114 632 1532 74 633 1426 74 634 1531 74 635 1531 115 636 1426 115 637 1427 115 638 1531 116 639 1427 116 640 1399 116 641 1399 117 642 1427 117 643 1398 117 644 1398 118 645 1427 118 646 1428 118 647 1398 74 648 1428 74 649 1397 74 650 1397 74 651 1428 74 652 844 74 653 1397 74 654 844 74 655 1396 74 656 1396 74 657 844 74 658 843 74 659 1396 74 660 843 74 661 1404 74 662 1404 74 663 843 74 664 1477 74 665 1404 119 666 1477 119 667 1403 119 668 1403 74 669 1477 74 670 1478 74 671 1403 120 672 1478 120 673 1402 120 674 1402 74 675 1478 74 676 1530 74 677 1402 121 678 1530 121 679 1401 121 680 1401 74 681 1530 74 682 1531 74 683 1401 74 684 1531 74 685 1400 74 686 1400 122 687 1531 122 688 1399 122 689 1430 74 690 846 74 691 1429 74 692 1429 123 693 846 123 694 845 123 695 1429 74 696 845 74 697 1428 74 698 1428 124 699 845 124 700 844 124 701 843 125 702 842 125 703 1477 125 704 1477 126 705 842 126 706 1476 126 707 1476 74 708 842 74 709 1475 74 710 1475 127 711 842 127 712 841 127 713 1475 74 714 841 74 715 1389 74 716 1389 128 717 841 128 718 1388 128 719 1388 129 720 841 129 721 840 129 722 1388 130 723 840 130 724 1387 130 725 1387 131 726 840 131 727 1438 131 728 1387 132 729 1438 132 730 1439 132 731 1438 133 732 840 133 733 1381 133 734 1381 74 735 840 74 736 839 74 737 1323 74 738 1460 74 739 1322 74 740 1322 134 741 1460 134 742 1594 134 743 1322 135 744 1594 135 745 1595 135 746 1324 136 747 1493 136 748 1323 136 749 1323 137 750 1493 137 751 1564 137 752 1323 135 753 1564 135 754 1565 135 755 1493 74 756 1324 74 757 1492 74 758 1492 138 759 1324 138 760 1325 138 761 1492 139 762 1325 139 763 1326 139 764 1492 140 765 1326 140 766 1491 140 767 1491 141 768 1326 141 769 1327 141 770 1491 74 771 1327 74 772 1490 74 773 1490 74 774 1327 74 775 1499 74 776 1499 74 777 1327 74 778 1501 74 779 1499 74 780 1501 74 781 1551 74 782 1551 74 783 1501 74 784 1550 74 785 1550 142 786 1501 142 787 1502 142 788 1550 74 789 1502 74 790 1549 74 791 1549 74 792 1502 74 793 1548 74 794 1548 74 795 1502 74 796 1503 74 797 1548 143 798 1503 143 799 1547 143 800 1547 144 801 1503 144 802 1504 144 803 1547 74 804 1504 74 805 1546 74 806 1546 74 807 1504 74 808 1573 74 809 1546 74 810 1573 74 811 1561 74 812 1561 145 813 1573 145 814 1574 145 815 1561 146 816 1574 146 817 1442 146 818 1327 74 819 1328 74 820 1501 74 821 1501 74 822 1328 74 823 1500 74 824 1500 74 825 1328 74 826 1509 74 827 1509 147 828 1328 147 829 1329 147 830 1509 148 831 1329 148 832 1508 148 833 1508 149 834 1329 149 835 1330 149 836 1508 150 837 1330 150 838 1331 150 839 1508 74 840 1331 74 841 1507 74 842 1507 151 843 1331 151 844 1332 151 845 1507 74 846 1332 74 847 1580 74 848 1580 74 849 1332 74 850 1579 74 851 1579 74 852 1332 74 853 1480 74 854 1579 152 855 1480 152 856 1481 152 857 1332 74 858 1333 74 859 1480 74 860 1480 153 861 1333 153 862 1434 153 863 1480 154 864 1434 154 865 1385 154 866 1385 155 867 1434 155 868 1435 155 869 1385 156 870 1435 156 871 1384 156 872 1384 157 873 1435 157 874 1436 157 875 1384 74 876 1436 74 877 1383 74 878 1383 74 879 1436 74 880 1437 74 881 1383 74 882 1437 74 883 1382 74 884 1382 74 885 1437 74 886 1381 74 887 1381 158 888 1437 158 889 1438 158 890 1334 159 891 1528 159 892 1333 159 893 1333 160 894 1528 160 895 1589 160 896 1333 161 897 1589 161 898 1590 161 899 1528 74 900 1334 74 901 1527 74 902 1527 150 903 1334 150 904 1335 150 905 1527 149 906 1335 149 907 1336 149 908 1527 148 909 1336 148 910 1526 148 911 1526 147 912 1336 147 913 1337 147 914 1526 74 915 1337 74 916 1525 74 917 1525 74 918 1337 74 919 1524 74 920 1524 74 921 1337 74 922 1338 74 923 1524 74 924 1338 74 925 1516 74 926 1516 74 927 1338 74 928 1515 74 929 1515 74 930 1338 74 931 1514 74 932 1514 141 933 1338 141 934 1339 141 935 1514 140 936 1339 140 937 1513 140 938 1513 139 939 1339 139 940 1340 139 941 1513 138 942 1340 138 943 1341 138 944 1513 74 945 1341 74 946 1512 74 947 1512 162 948 1341 162 949 1322 162 950 1512 74 951 1322 74 952 1595 74 953 1343 163 954 1418 163 955 1342 163 956 1342 74 957 1418 74 958 1419 74 959 1342 164 960 1419 164 961 1350 164 962 1350 165 963 1419 165 964 1420 165 965 1350 74 966 1420 74 967 1349 74 968 1418 74 969 1343 74 970 1417 74 971 1417 166 972 1343 166 973 1344 166 974 1417 74 975 1344 74 976 1416 74 977 1416 167 978 1344 167 979 1460 167 980 1416 168 981 1460 168 982 1323 168 983 1344 74 984 1345 74 985 1460 74 986 1460 169 987 1345 169 988 1469 169 989 1469 170 990 1345 170 991 1468 170 992 1468 171 993 1345 171 994 1346 171 995 1468 74 996 1346 74 997 1347 74 998 1468 74 999 1347 74 1000 1467 74 1001 1467 172 1002 1347 172 1003 1348 172 1004 1352 74 1005 1569 74 1006 1351 74 1007 1351 74 1008 1569 74 1009 1570 74 1010 1351 173 1011 1570 173 1012 1452 173 1013 1452 174 1014 1570 174 1015 1571 174 1016 1452 74 1017 1571 74 1018 1555 74 1019 1555 74 1020 1571 74 1021 1496 74 1022 1555 74 1023 1496 74 1024 1554 74 1025 1554 175 1026 1496 175 1027 1497 175 1028 1554 74 1029 1497 74 1030 1553 74 1031 1553 74 1032 1497 74 1033 1498 74 1034 1553 74 1035 1498 74 1036 1552 74 1037 1552 74 1038 1498 74 1039 1551 74 1040 1551 176 1041 1498 176 1042 1499 176 1043 1569 177 1044 1352 177 1045 1568 177 1046 1568 178 1047 1352 178 1048 1353 178 1049 1568 74 1050 1353 74 1051 1422 74 1052 1422 179 1053 1353 179 1054 1354 179 1055 1422 74 1056 1354 74 1057 1421 74 1058 1421 74 1059 1354 74 1060 1355 74 1061 1357 180 1062 1358 180 1063 1455 180 1064 1455 181 1065 1358 181 1066 1454 181 1067 1454 182 1068 1358 182 1069 1359 182 1070 1454 74 1071 1359 74 1072 1453 74 1073 1453 183 1074 1359 183 1075 1351 183 1076 1453 74 1077 1351 74 1078 1452 74 1079 1366 74 1080 1367 74 1081 1446 74 1082 1379 74 1083 1487 74 1084 1378 74 1085 1378 74 1086 1487 74 1087 1488 74 1088 1378 74 1089 1488 74 1090 1386 74 1091 1386 184 1092 1488 184 1093 1489 184 1094 1386 74 1095 1489 74 1096 1385 74 1097 1385 185 1098 1489 185 1099 1480 185 1100 1487 74 1101 1379 74 1102 1486 74 1103 1486 186 1104 1379 186 1105 1380 186 1106 1475 74 1107 1389 74 1108 1474 74 1109 1474 187 1110 1389 187 1111 1390 187 1112 1474 74 1113 1390 74 1114 1473 74 1115 1473 74 1116 1390 74 1117 1391 74 1118 1473 74 1119 1391 74 1120 1472 74 1121 1472 74 1122 1391 74 1123 1585 74 1124 1472 188 1125 1585 188 1126 1586 188 1127 1391 74 1128 1392 74 1129 1585 74 1130 1585 74 1131 1392 74 1132 1584 74 1133 1584 74 1134 1392 74 1135 1393 74 1136 1584 74 1137 1393 74 1138 1583 74 1139 1583 74 1140 1393 74 1141 1394 74 1142 1583 189 1143 1394 189 1144 1440 189 1145 1440 190 1146 1394 190 1147 1439 190 1148 1439 191 1149 1394 191 1150 1395 191 1151 1439 74 1152 1395 74 1153 1387 74 1154 1465 74 1155 1406 74 1156 1464 74 1157 1464 192 1158 1406 192 1159 1407 192 1160 1464 74 1161 1407 74 1162 1463 74 1163 1463 74 1164 1407 74 1165 1601 74 1166 1463 193 1167 1601 193 1168 1592 193 1169 1407 74 1170 1408 74 1171 1601 74 1172 1601 74 1173 1408 74 1174 1600 74 1175 1600 74 1176 1408 74 1177 1409 74 1178 1600 74 1179 1409 74 1180 1599 74 1181 1599 74 1182 1409 74 1183 1410 74 1184 1415 74 1185 1566 74 1186 1414 74 1187 1414 194 1188 1566 194 1189 1567 194 1190 1414 195 1191 1567 195 1192 1422 195 1193 1422 196 1194 1567 196 1195 1568 196 1196 1566 74 1197 1415 74 1198 1565 74 1199 1565 197 1200 1415 197 1201 1416 197 1202 1565 74 1203 1416 74 1204 1323 74 1205 1433 74 1206 1591 74 1207 1432 74 1208 1432 198 1209 1591 198 1210 1582 198 1211 1432 199 1212 1582 199 1213 1440 199 1214 1440 200 1215 1582 200 1216 1583 200 1217 1591 74 1218 1433 74 1219 1590 74 1220 1590 201 1221 1433 201 1222 1434 201 1223 1590 74 1224 1434 74 1225 1333 74 1226 1442 202 1227 1443 202 1228 1561 202 1229 1561 203 1230 1443 203 1231 1560 203 1232 1560 204 1233 1443 204 1234 1444 204 1235 1560 74 1236 1444 74 1237 1559 74 1238 1559 205 1239 1444 205 1240 1445 205 1241 1459 74 1242 1450 74 1243 1557 74 1244 1557 206 1245 1450 206 1246 1451 206 1247 1557 207 1248 1451 207 1249 1556 207 1250 1556 208 1251 1451 208 1252 1452 208 1253 1556 74 1254 1452 74 1255 1555 74 1256 1458 74 1257 1459 74 1258 1558 74 1259 1558 74 1260 1459 74 1261 1557 74 1262 1460 209 1263 1461 209 1264 1594 209 1265 1594 74 1266 1461 74 1267 1593 74 1268 1593 74 1269 1461 74 1270 1462 74 1271 1593 74 1272 1462 74 1273 1592 74 1274 1592 74 1275 1462 74 1276 1463 74 1277 1479 74 1278 1470 74 1279 1545 74 1280 1545 210 1281 1470 210 1282 1471 210 1283 1545 211 1284 1471 211 1285 1544 211 1286 1544 212 1287 1471 212 1288 1472 212 1289 1544 74 1290 1472 74 1291 1543 74 1292 1543 213 1293 1472 213 1294 1586 213 1295 1543 74 1296 1586 74 1297 1521 74 1298 1521 214 1299 1586 214 1300 1587 214 1301 1521 215 1302 1587 215 1303 1520 215 1304 1520 216 1305 1587 216 1306 1588 216 1307 1520 217 1308 1588 217 1309 1529 217 1310 1529 218 1311 1588 218 1312 1589 218 1313 1529 74 1314 1589 74 1315 1528 74 1316 1478 74 1317 1479 74 1318 1530 74 1319 1530 74 1320 1479 74 1321 1545 74 1322 1579 74 1323 1481 74 1324 1578 74 1325 1578 74 1326 1481 74 1327 1482 74 1328 1578 74 1329 1482 74 1330 1577 74 1331 1577 74 1332 1482 74 1333 1483 74 1334 1577 74 1335 1483 74 1336 1576 74 1337 1485 219 1338 1486 219 1339 856 219 1340 1493 74 1341 1494 74 1342 1564 74 1343 1564 74 1344 1494 74 1345 1563 74 1346 1563 220 1347 1494 220 1348 1495 220 1349 1563 74 1350 1495 74 1351 1562 74 1352 1562 221 1353 1495 221 1354 1496 221 1355 1562 74 1356 1496 74 1357 1571 74 1358 1573 74 1359 1504 74 1360 1572 74 1361 1572 222 1362 1504 222 1363 1505 222 1364 1572 74 1365 1505 74 1366 1581 74 1367 1581 223 1368 1505 223 1369 1506 223 1370 1581 74 1371 1506 74 1372 1580 74 1373 1580 224 1374 1506 224 1375 1507 224 1376 1511 225 1377 1596 225 1378 1510 225 1379 1510 226 1380 1596 226 1381 1597 226 1382 1510 227 1383 1597 227 1384 1519 227 1385 1519 228 1386 1597 228 1387 1598 228 1388 1519 74 1389 1598 74 1390 1534 74 1391 1534 74 1392 1598 74 1393 1533 74 1394 1533 229 1395 1598 229 1396 1599 229 1397 1596 74 1398 1511 74 1399 1595 74 1400 1595 230 1401 1511 230 1402 1512 230 1403 1524 74 1404 1516 74 1405 1538 74 1406 1538 176 1407 1516 176 1408 1517 176 1409 1538 74 1410 1517 74 1411 1537 74 1412 1537 74 1413 1517 74 1414 1536 74 1415 1536 74 1416 1517 74 1417 1518 74 1418 1536 231 1419 1518 231 1420 1535 231 1421 1535 175 1422 1518 175 1423 1519 175 1424 1535 74 1425 1519 74 1426 1534 74 1427 1543 74 1428 1521 74 1429 1542 74 1430 1542 144 1431 1521 144 1432 1522 144 1433 1542 74 1434 1522 74 1435 1541 74 1436 1541 74 1437 1522 74 1438 1523 74 1439 1541 74 1440 1523 74 1441 1540 74 1442 1540 74 1443 1523 74 1444 1539 74 1445 1539 142 1446 1523 142 1447 1524 142 1448 1539 74 1449 1524 74 1450 1538 74 1451 1323 232 1452 1322 232 1453 1611 232 1454 1611 232 1455 1322 232 1456 1602 232 1457 1611 232 1458 1602 232 1459 1610 232 1460 1610 232 1461 1602 232 1462 1603 232 1463 1610 232 1464 1603 232 1465 1609 232 1466 1609 232 1467 1603 232 1468 1604 232 1469 1609 232 1470 1604 232 1471 1607 232 1472 1607 232 1473 1604 232 1474 1606 232 1475 1606 232 1476 1604 232 1477 1605 232 1478 1607 232 1479 1608 232 1480 1609 232 1481 1323 233 1482 1611 233 1483 1612 233 1484 1612 233 1485 1611 233 1486 1613 233 1487 1305 233 1488 1323 233 1489 1615 233 1490 1615 233 1491 1323 233 1492 1614 233 1493 1614 233 1494 1323 233 1495 1612 233 1496 1326 234 1497 1325 235 1498 1302 236 1499 1302 236 1500 1325 235 1501 1303 237 1502 1303 237 1503 1325 235 1504 1304 238 1505 1304 238 1506 1325 235 1507 1324 239 1508 1304 238 1509 1324 239 1510 1305 240 1511 1305 240 1512 1324 239 1513 1323 241 1514 1302 242 1515 1301 242 1516 1326 242 1517 1326 242 1518 1301 242 1519 1327 242 1520 1616 242 1521 1327 242 1522 1618 242 1523 1618 243 1524 1327 243 1525 1617 243 1526 1617 242 1527 1327 242 1528 1301 242 1529 1620 242 1530 1327 242 1531 1619 242 1532 1619 242 1533 1327 242 1534 1616 242 1535 1628 244 1536 1621 245 1537 1627 246 1538 1627 246 1539 1621 245 1540 1622 247 1541 1627 246 1542 1622 247 1543 1626 248 1544 1626 248 1545 1622 247 1546 1623 249 1547 1626 248 1548 1623 249 1549 1625 250 1550 1625 250 1551 1623 249 1552 1624 251 1553 1629 252 1554 1630 253 1555 1634 254 1556 1634 254 1557 1630 253 1558 1631 255 1559 1634 254 1560 1631 255 1561 1633 256 1562 1633 256 1563 1631 255 1564 1632 257 1565 1633 256 1566 1632 257 1567 1619 258 1568 1619 258 1569 1632 257 1570 1620 259 1571 1327 260 1572 1682 260 1573 1328 260 1574 1328 261 1575 1682 261 1576 1683 261 1577 1328 262 1578 1683 262 1579 1684 262 1580 1620 261 1581 1695 261 1582 1327 261 1583 1327 263 1584 1695 263 1585 1696 263 1586 1327 264 1587 1696 264 1588 1697 264 1589 1632 261 1590 1749 261 1591 1620 261 1592 1620 265 1593 1749 265 1594 1750 265 1595 1620 266 1596 1750 266 1597 1751 266 1598 1632 261 1599 1631 261 1600 1749 261 1601 1749 267 1602 1631 267 1603 1630 267 1604 1749 268 1605 1630 268 1606 1635 268 1607 1635 261 1608 1636 261 1609 1749 261 1610 1749 261 1611 1636 261 1612 1748 261 1613 1748 261 1614 1636 261 1615 1637 261 1616 1748 261 1617 1637 261 1618 1747 261 1619 1747 269 1620 1637 269 1621 1638 269 1622 1747 270 1623 1638 270 1624 1755 270 1625 1755 261 1626 1638 261 1627 1754 261 1628 1754 271 1629 1638 271 1630 1639 271 1631 1754 272 1632 1639 272 1633 1640 272 1634 1640 261 1635 1641 261 1636 1754 261 1637 1754 273 1638 1641 273 1639 1642 273 1640 1754 261 1641 1642 261 1642 1643 261 1643 1754 274 1644 1643 274 1645 1753 274 1646 1753 275 1647 1643 275 1648 1644 275 1649 1753 261 1650 1644 261 1651 1738 261 1652 1738 261 1653 1644 261 1654 1746 261 1655 1746 276 1656 1644 276 1657 1645 276 1658 1746 261 1659 1645 261 1660 1745 261 1661 1745 277 1662 1645 277 1663 1646 277 1664 1745 278 1665 1646 278 1666 1731 278 1667 1731 279 1668 1646 279 1669 1730 279 1670 1730 280 1671 1646 280 1672 1647 280 1673 1730 281 1674 1647 281 1675 1729 281 1676 1729 261 1677 1647 261 1678 1648 261 1679 1729 282 1680 1648 282 1681 1737 282 1682 1737 280 1683 1648 280 1684 1649 280 1685 1737 283 1686 1649 283 1687 1736 283 1688 1736 261 1689 1649 261 1690 1722 261 1691 1736 284 1692 1722 284 1693 1723 284 1694 1649 277 1695 1650 277 1696 1722 277 1697 1722 261 1698 1650 261 1699 1721 261 1700 1721 276 1701 1650 276 1702 1651 276 1703 1721 261 1704 1651 261 1705 1720 261 1706 1720 261 1707 1651 261 1708 1714 261 1709 1720 285 1710 1714 285 1711 1728 285 1712 1728 261 1713 1714 261 1714 1715 261 1715 1728 286 1716 1715 286 1717 1716 286 1718 1651 261 1719 1652 261 1720 1714 261 1721 1714 287 1722 1652 287 1723 1713 287 1724 1713 261 1725 1652 261 1726 1653 261 1727 1713 273 1728 1653 273 1729 1654 273 1730 1654 261 1731 1655 261 1732 1713 261 1733 1713 272 1734 1655 272 1735 1656 272 1736 1713 271 1737 1656 271 1738 1657 271 1739 1658 269 1740 1711 269 1741 1657 269 1742 1657 270 1743 1711 270 1744 1712 270 1745 1657 261 1746 1712 261 1747 1713 261 1748 1711 288 1749 1658 288 1750 1719 288 1751 1719 261 1752 1658 261 1753 1659 261 1754 1719 261 1755 1659 261 1756 1718 261 1757 1718 261 1758 1659 261 1759 1660 261 1760 1718 268 1761 1660 268 1762 1624 268 1763 1624 261 1764 1623 261 1765 1718 261 1766 1718 289 1767 1623 289 1768 1622 289 1769 1718 290 1770 1622 290 1771 1621 290 1772 1328 261 1773 1709 261 1774 1621 261 1775 1621 291 1776 1709 291 1777 1710 291 1778 1621 292 1779 1710 292 1780 1726 292 1781 1726 261 1782 1710 261 1783 1670 261 1784 1726 293 1785 1670 293 1786 1671 293 1787 1662 261 1788 1693 261 1789 1661 261 1790 1661 294 1791 1693 294 1792 1694 294 1793 1661 261 1794 1694 261 1795 1741 261 1796 1741 292 1797 1694 292 1798 1620 292 1799 1741 295 1800 1620 295 1801 1740 295 1802 1740 296 1803 1620 296 1804 1751 296 1805 1740 261 1806 1751 261 1807 1739 261 1808 1739 286 1809 1751 286 1810 1752 286 1811 1739 261 1812 1752 261 1813 1753 261 1814 1693 297 1815 1662 297 1816 1701 297 1817 1701 298 1818 1662 298 1819 1663 298 1820 1701 261 1821 1663 261 1822 1700 261 1823 1700 299 1824 1663 299 1825 1664 299 1826 1700 261 1827 1664 261 1828 1691 261 1829 1691 261 1830 1664 261 1831 1690 261 1832 1690 261 1833 1664 261 1834 1665 261 1835 1690 261 1836 1665 261 1837 1689 261 1838 1689 261 1839 1665 261 1840 1666 261 1841 1689 261 1842 1666 261 1843 1688 261 1844 1688 261 1845 1666 261 1846 1667 261 1847 1688 261 1848 1667 261 1849 1704 261 1850 1704 299 1851 1667 299 1852 1668 299 1853 1704 261 1854 1668 261 1855 1703 261 1856 1703 298 1857 1668 298 1858 1669 298 1859 1703 297 1860 1669 297 1861 1702 297 1862 1702 261 1863 1669 261 1864 1670 261 1865 1702 261 1866 1670 261 1867 1710 261 1868 1726 261 1869 1671 261 1870 1725 261 1871 1725 300 1872 1671 300 1873 1672 300 1874 1725 301 1875 1672 301 1876 1724 301 1877 1724 302 1878 1672 302 1879 1673 302 1880 1724 261 1881 1673 261 1882 1723 261 1883 1723 303 1884 1673 303 1885 1736 303 1886 1674 304 1887 1734 304 1888 1673 304 1889 1673 305 1890 1734 305 1891 1735 305 1892 1673 306 1893 1735 306 1894 1736 306 1895 1675 307 1896 1743 307 1897 1674 307 1898 1674 261 1899 1743 261 1900 1744 261 1901 1674 308 1902 1744 308 1903 1731 308 1904 1731 284 1905 1744 284 1906 1745 284 1907 1743 309 1908 1675 309 1909 1742 309 1910 1742 300 1911 1675 300 1912 1676 300 1913 1742 310 1914 1676 310 1915 1741 310 1916 1741 293 1917 1676 293 1918 1661 293 1919 1678 261 1920 1698 261 1921 1677 261 1922 1677 261 1923 1698 261 1924 1699 261 1925 1677 261 1926 1699 261 1927 1692 261 1928 1692 311 1929 1699 311 1930 1700 311 1931 1692 261 1932 1700 261 1933 1691 261 1934 1679 261 1935 1327 261 1936 1678 261 1937 1678 261 1938 1327 261 1939 1697 261 1940 1678 312 1941 1697 312 1942 1698 312 1943 1679 261 1944 1680 261 1945 1327 261 1946 1327 261 1947 1680 261 1948 1681 261 1949 1327 261 1950 1681 261 1951 1682 261 1952 1684 261 1953 1685 261 1954 1328 261 1955 1328 261 1956 1685 261 1957 1707 261 1958 1328 264 1959 1707 264 1960 1708 264 1961 1707 261 1962 1685 261 1963 1706 261 1964 1706 261 1965 1685 261 1966 1686 261 1967 1706 261 1968 1686 261 1969 1705 261 1970 1705 313 1971 1686 313 1972 1687 313 1973 1705 314 1974 1687 314 1975 1704 314 1976 1704 315 1977 1687 315 1978 1688 315 1979 1694 261 1980 1695 261 1981 1620 261 1982 1708 316 1983 1709 316 1984 1328 316 1985 1717 317 1986 1621 317 1987 1716 317 1988 1716 318 1989 1621 318 1990 1727 318 1991 1716 319 1992 1727 319 1993 1728 319 1994 1717 320 1995 1718 320 1996 1621 320 1997 1726 295 1998 1727 295 1999 1621 295 2000 1731 261 2001 1732 261 2002 1674 261 2003 1674 305 2004 1732 305 2005 1733 305 2006 1674 321 2007 1733 321 2008 1734 321 2009 1738 285 2010 1739 285 2011 1753 285 2012 1662 232 2013 1661 232 2014 1757 232 2015 1757 232 2016 1661 232 2017 1756 232 2018 1760 322 2019 1665 323 2020 1759 324 2021 1759 324 2022 1665 323 2023 1664 325 2024 1759 324 2025 1664 325 2026 1758 326 2027 1758 326 2028 1664 325 2029 1663 327 2030 1758 326 2031 1663 327 2032 1662 328 2033 1662 328 2034 1757 329 2035 1758 326 2036 1666 74 2037 1665 74 2038 1761 74 2039 1761 74 2040 1665 74 2041 1760 74 2042 1764 330 2043 1669 331 2044 1763 332 2045 1763 332 2046 1669 331 2047 1668 333 2048 1763 332 2049 1668 333 2050 1762 334 2051 1762 334 2052 1668 333 2053 1667 335 2054 1762 334 2055 1667 335 2056 1666 336 2057 1666 336 2058 1761 337 2059 1762 334 2060 1670 242 2061 1669 242 2062 1765 242 2063 1765 242 2064 1669 242 2065 1764 242 2066 1768 338 2067 1673 339 2068 1767 340 2069 1767 340 2070 1673 339 2071 1672 341 2072 1767 340 2073 1672 341 2074 1766 342 2075 1766 342 2076 1672 341 2077 1671 343 2078 1766 342 2079 1671 343 2080 1670 344 2081 1670 344 2082 1765 345 2083 1766 342 2084 1674 36 2085 1673 36 2086 1769 36 2087 1769 36 2088 1673 36 2089 1768 36 2090 1756 346 2091 1661 347 2092 1771 348 2093 1771 348 2094 1661 347 2095 1676 349 2096 1771 348 2097 1676 349 2098 1770 350 2099 1770 350 2100 1676 349 2101 1675 351 2102 1770 350 2103 1675 351 2104 1674 352 2105 1674 352 2106 1769 353 2107 1770 350 2108 1773 233 2109 1871 233 2110 1772 233 2111 1772 354 2112 1871 354 2113 1872 354 2114 1772 355 2115 1872 355 2116 1873 355 2117 1871 233 2118 1773 233 2119 1879 233 2120 1879 233 2121 1773 233 2122 1774 233 2123 1879 233 2124 1774 233 2125 1878 233 2126 1878 233 2127 1774 233 2128 1775 233 2129 1878 356 2130 1775 356 2131 1629 356 2132 1629 233 2133 1634 233 2134 1878 233 2135 1878 357 2136 1634 357 2137 1633 357 2138 1878 358 2139 1633 358 2140 1619 358 2141 1616 233 2142 1823 233 2143 1619 233 2144 1619 359 2145 1823 359 2146 1824 359 2147 1619 233 2148 1824 233 2149 1868 233 2150 1868 360 2151 1824 360 2152 1815 360 2153 1868 233 2154 1815 233 2155 1756 233 2156 1756 233 2157 1815 233 2158 1816 233 2159 1756 233 2160 1816 233 2161 1757 233 2162 1757 233 2163 1816 233 2164 1758 233 2165 1758 361 2166 1816 361 2167 1817 361 2168 1758 233 2169 1817 233 2170 1759 233 2171 1759 233 2172 1817 233 2173 1818 233 2174 1759 233 2175 1818 233 2176 1802 233 2177 1802 233 2178 1818 233 2179 1801 233 2180 1801 362 2181 1818 362 2182 1819 362 2183 1801 233 2184 1819 233 2185 1800 233 2186 1800 233 2187 1819 233 2188 1799 233 2189 1799 233 2190 1819 233 2191 1820 233 2192 1799 233 2193 1820 233 2194 1616 233 2195 1616 363 2196 1820 363 2197 1821 363 2198 1616 364 2199 1821 364 2200 1822 364 2201 1776 365 2202 1811 365 2203 1616 365 2204 1616 366 2205 1811 366 2206 1812 366 2207 1616 367 2208 1812 367 2209 1813 367 2210 1628 233 2211 1827 233 2212 1776 233 2213 1776 233 2214 1827 233 2215 1828 233 2216 1776 364 2217 1828 364 2218 1829 364 2219 1627 233 2220 1837 233 2221 1628 233 2222 1628 368 2223 1837 368 2224 1838 368 2225 1628 369 2226 1838 369 2227 1839 369 2228 1627 370 2229 1626 370 2230 1837 370 2231 1837 371 2232 1626 371 2233 1625 371 2234 1837 356 2235 1625 356 2236 1777 356 2237 1777 233 2238 1778 233 2239 1837 233 2240 1837 233 2241 1778 233 2242 1836 233 2243 1836 233 2244 1778 233 2245 1779 233 2246 1836 233 2247 1779 233 2248 1835 233 2249 1835 372 2250 1779 372 2251 1780 372 2252 1835 354 2253 1780 354 2254 1843 354 2255 1843 233 2256 1780 233 2257 1842 233 2258 1842 233 2259 1780 233 2260 1781 233 2261 1842 373 2262 1781 373 2263 1782 373 2264 1782 374 2265 1783 374 2266 1842 374 2267 1842 375 2268 1783 375 2269 1784 375 2270 1842 233 2271 1784 233 2272 1785 233 2273 1842 233 2274 1785 233 2275 1841 233 2276 1841 233 2277 1785 233 2278 1786 233 2279 1841 233 2280 1786 233 2281 1844 233 2282 1844 233 2283 1786 233 2284 1852 233 2285 1852 233 2286 1786 233 2287 1787 233 2288 1852 233 2289 1787 233 2290 1851 233 2291 1851 376 2292 1787 376 2293 1788 376 2294 1851 377 2295 1788 377 2296 1855 377 2297 1855 378 2298 1788 378 2299 1854 378 2300 1854 379 2301 1788 379 2302 1789 379 2303 1854 380 2304 1789 380 2305 1853 380 2306 1853 233 2307 1789 233 2308 1790 233 2309 1853 381 2310 1790 381 2311 1861 381 2312 1861 379 2313 1790 379 2314 1791 379 2315 1861 382 2316 1791 382 2317 1860 382 2318 1860 383 2319 1791 383 2320 1864 383 2321 1860 384 2322 1864 384 2323 1865 384 2324 1791 376 2325 1792 376 2326 1864 376 2327 1864 233 2328 1792 233 2329 1863 233 2330 1863 233 2331 1792 233 2332 1793 233 2333 1863 233 2334 1793 233 2335 1862 233 2336 1862 233 2337 1793 233 2338 1874 233 2339 1862 233 2340 1874 233 2341 1870 233 2342 1870 385 2343 1874 385 2344 1875 385 2345 1870 386 2346 1875 386 2347 1876 386 2348 1793 233 2349 1794 233 2350 1874 233 2351 1874 233 2352 1794 233 2353 1873 233 2354 1873 233 2355 1794 233 2356 1795 233 2357 1873 375 2358 1795 375 2359 1796 375 2360 1796 374 2361 1797 374 2362 1873 374 2363 1873 373 2364 1797 373 2365 1798 373 2366 1873 233 2367 1798 233 2368 1772 233 2369 1759 233 2370 1802 233 2371 1760 233 2372 1760 233 2373 1802 233 2374 1803 233 2375 1760 233 2376 1803 233 2377 1761 233 2378 1761 233 2379 1803 233 2380 1804 233 2381 1761 233 2382 1804 233 2383 1762 233 2384 1762 233 2385 1804 233 2386 1805 233 2387 1762 233 2388 1805 233 2389 1833 233 2390 1833 233 2391 1805 233 2392 1832 233 2393 1832 387 2394 1805 387 2395 1806 387 2396 1832 233 2397 1806 233 2398 1831 233 2399 1831 388 2400 1806 388 2401 1807 388 2402 1831 233 2403 1807 233 2404 1808 233 2405 1809 233 2406 1776 233 2407 1808 233 2408 1808 233 2409 1776 233 2410 1830 233 2411 1808 233 2412 1830 233 2413 1831 233 2414 1809 233 2415 1810 233 2416 1776 233 2417 1776 367 2418 1810 367 2419 1811 367 2420 1813 233 2421 1814 233 2422 1616 233 2423 1616 389 2424 1814 389 2425 1799 389 2426 1756 233 2427 1771 233 2428 1868 233 2429 1868 233 2430 1771 233 2431 1867 233 2432 1867 390 2433 1771 390 2434 1770 390 2435 1867 391 2436 1770 391 2437 1866 391 2438 1866 392 2439 1770 392 2440 1769 392 2441 1866 233 2442 1769 233 2443 1865 233 2444 1865 233 2445 1769 233 2446 1860 233 2447 1768 393 2448 1857 393 2449 1769 393 2450 1769 394 2451 1857 394 2452 1858 394 2453 1769 395 2454 1858 395 2455 1859 395 2456 1767 396 2457 1849 396 2458 1768 396 2459 1768 233 2460 1849 233 2461 1850 233 2462 1768 233 2463 1850 233 2464 1855 233 2465 1855 384 2466 1850 384 2467 1851 384 2468 1849 233 2469 1767 233 2470 1848 233 2471 1848 390 2472 1767 390 2473 1766 390 2474 1848 233 2475 1766 233 2476 1847 233 2477 1847 397 2478 1766 397 2479 1765 397 2480 1847 233 2481 1765 233 2482 1825 233 2483 1825 233 2484 1765 233 2485 1834 233 2486 1834 233 2487 1765 233 2488 1764 233 2489 1834 398 2490 1764 398 2491 1763 398 2492 1834 233 2493 1763 233 2494 1833 233 2495 1833 399 2496 1763 399 2497 1762 399 2498 1822 233 2499 1823 233 2500 1616 233 2501 1825 233 2502 1826 233 2503 1847 233 2504 1847 233 2505 1826 233 2506 1628 233 2507 1847 233 2508 1628 233 2509 1846 233 2510 1846 233 2511 1628 233 2512 1839 233 2513 1846 233 2514 1839 233 2515 1845 233 2516 1845 386 2517 1839 386 2518 1840 386 2519 1845 385 2520 1840 385 2521 1841 385 2522 1826 233 2523 1827 233 2524 1628 233 2525 1829 233 2526 1830 233 2527 1776 233 2528 1844 233 2529 1845 233 2530 1841 233 2531 1855 233 2532 1856 233 2533 1768 233 2534 1768 395 2535 1856 395 2536 1857 395 2537 1859 233 2538 1860 233 2539 1769 233 2540 1868 233 2541 1869 233 2542 1619 233 2543 1619 400 2544 1869 400 2545 1876 400 2546 1619 369 2547 1876 369 2548 1877 369 2549 1869 233 2550 1870 233 2551 1876 233 2552 1877 233 2553 1878 233 2554 1619 233 2555 1678 232 2556 1677 232 2557 1799 232 2558 1799 232 2559 1677 232 2560 1800 232 2561 1812 322 2562 1681 323 2563 1813 324 2564 1813 324 2565 1681 323 2566 1680 325 2567 1813 324 2568 1680 325 2569 1814 326 2570 1814 326 2571 1680 325 2572 1679 327 2573 1814 326 2574 1679 327 2575 1678 328 2576 1678 328 2577 1799 329 2578 1814 326 2579 1682 74 2580 1681 74 2581 1811 74 2582 1811 74 2583 1681 74 2584 1812 74 2585 1808 330 2586 1685 331 2587 1809 332 2588 1809 332 2589 1685 331 2590 1684 333 2591 1809 332 2592 1684 333 2593 1810 334 2594 1810 334 2595 1684 333 2596 1683 335 2597 1810 334 2598 1683 335 2599 1682 336 2600 1682 336 2601 1811 337 2602 1810 334 2603 1686 242 2604 1685 242 2605 1807 242 2606 1807 242 2607 1685 242 2608 1808 242 2609 1804 338 2610 1689 339 2611 1805 340 2612 1805 340 2613 1689 339 2614 1688 341 2615 1805 340 2616 1688 341 2617 1806 342 2618 1806 342 2619 1688 341 2620 1687 343 2621 1806 342 2622 1687 343 2623 1686 344 2624 1686 344 2625 1807 345 2626 1806 342 2627 1690 36 2628 1689 36 2629 1803 36 2630 1803 36 2631 1689 36 2632 1804 36 2633 1800 346 2634 1677 347 2635 1801 348 2636 1801 348 2637 1677 347 2638 1692 349 2639 1801 348 2640 1692 349 2641 1802 350 2642 1802 350 2643 1692 349 2644 1691 351 2645 1802 350 2646 1691 351 2647 1690 352 2648 1690 352 2649 1803 353 2650 1802 350 2651 1816 401 2652 1815 402 2653 1880 403 2654 1880 403 2655 1815 402 2656 1824 404 2657 1880 403 2658 1824 404 2659 1888 405 2660 1888 405 2661 1824 404 2662 1823 406 2663 1888 405 2664 1823 406 2665 1887 407 2666 1887 407 2667 1823 406 2668 1822 408 2669 1887 407 2670 1822 408 2671 1886 409 2672 1886 409 2673 1822 408 2674 1821 410 2675 1886 409 2676 1821 410 2677 1885 411 2678 1885 411 2679 1821 410 2680 1820 412 2681 1885 411 2682 1820 412 2683 1884 413 2684 1884 413 2685 1820 412 2686 1819 414 2687 1884 413 2688 1819 414 2689 1883 415 2690 1883 415 2691 1819 414 2692 1818 416 2693 1883 415 2694 1818 416 2695 1882 417 2696 1882 417 2697 1818 416 2698 1817 418 2699 1882 417 2700 1817 418 2701 1881 419 2702 1881 419 2703 1817 418 2704 1816 401 2705 1881 419 2706 1816 401 2707 1880 403 2708 1701 420 2709 1880 403 2710 1693 421 2711 1693 421 2712 1880 403 2713 1888 405 2714 1693 421 2715 1888 405 2716 1694 422 2717 1694 422 2718 1888 405 2719 1887 407 2720 1694 422 2721 1887 407 2722 1695 423 2723 1695 423 2724 1887 407 2725 1886 409 2726 1695 423 2727 1886 409 2728 1696 424 2729 1696 424 2730 1886 409 2731 1885 411 2732 1696 424 2733 1885 411 2734 1697 425 2735 1697 425 2736 1885 411 2737 1884 413 2738 1697 425 2739 1884 413 2740 1698 426 2741 1698 426 2742 1884 413 2743 1883 415 2744 1698 426 2745 1883 415 2746 1699 427 2747 1699 427 2748 1883 415 2749 1882 417 2750 1699 427 2751 1882 417 2752 1700 428 2753 1700 428 2754 1882 417 2755 1881 419 2756 1700 428 2757 1881 419 2758 1701 420 2759 1701 420 2760 1881 419 2761 1880 403 2762 1826 401 2763 1825 402 2764 1889 403 2765 1889 403 2766 1825 402 2767 1834 404 2768 1889 403 2769 1834 404 2770 1897 405 2771 1897 405 2772 1834 404 2773 1833 406 2774 1897 405 2775 1833 406 2776 1896 407 2777 1896 407 2778 1833 406 2779 1832 408 2780 1896 407 2781 1832 408 2782 1895 409 2783 1895 409 2784 1832 408 2785 1831 410 2786 1895 409 2787 1831 410 2788 1894 411 2789 1894 411 2790 1831 410 2791 1830 412 2792 1894 411 2793 1830 412 2794 1893 413 2795 1893 413 2796 1830 412 2797 1829 414 2798 1893 413 2799 1829 414 2800 1892 415 2801 1892 415 2802 1829 414 2803 1828 416 2804 1892 415 2805 1828 416 2806 1891 417 2807 1891 417 2808 1828 416 2809 1827 418 2810 1891 417 2811 1827 418 2812 1890 419 2813 1890 419 2814 1827 418 2815 1826 401 2816 1890 419 2817 1826 401 2818 1889 403 2819 1710 420 2820 1889 403 2821 1702 421 2822 1702 421 2823 1889 403 2824 1897 405 2825 1702 421 2826 1897 405 2827 1703 422 2828 1703 422 2829 1897 405 2830 1896 407 2831 1703 422 2832 1896 407 2833 1704 423 2834 1704 423 2835 1896 407 2836 1895 409 2837 1704 423 2838 1895 409 2839 1705 424 2840 1705 424 2841 1895 409 2842 1894 411 2843 1705 424 2844 1894 411 2845 1706 425 2846 1706 425 2847 1894 411 2848 1893 413 2849 1706 425 2850 1893 413 2851 1707 426 2852 1707 426 2853 1893 413 2854 1892 415 2855 1707 426 2856 1892 415 2857 1708 429 2858 1708 429 2859 1892 415 2860 1891 417 2861 1708 429 2862 1891 417 2863 1709 428 2864 1709 428 2865 1891 417 2866 1890 419 2867 1709 428 2868 1890 419 2869 1710 420 2870 1710 420 2871 1890 419 2872 1889 403 2873 1638 74 2874 1637 74 2875 1772 74 2876 1772 74 2877 1637 74 2878 1773 74 2879 1642 430 2880 1641 431 2881 1795 432 2882 1795 432 2883 1641 431 2884 1796 433 2885 1796 433 2886 1641 431 2887 1797 434 2888 1797 434 2889 1641 431 2890 1640 435 2891 1797 434 2892 1640 435 2893 1639 436 2894 1797 434 2895 1639 436 2896 1798 437 2897 1798 437 2898 1639 436 2899 1638 438 2900 1798 437 2901 1638 438 2902 1772 439 2903 1643 232 2904 1642 232 2905 1794 232 2906 1794 232 2907 1642 232 2908 1795 232 2909 1785 440 2910 1652 441 2911 1786 442 2912 1786 442 2913 1652 441 2914 1651 443 2915 1786 442 2916 1651 443 2917 1787 444 2918 1787 444 2919 1651 443 2920 1650 445 2921 1787 444 2922 1650 445 2923 1788 446 2924 1788 446 2925 1650 445 2926 1649 447 2927 1788 446 2928 1649 447 2929 1789 448 2930 1789 448 2931 1649 447 2932 1648 449 2933 1789 448 2934 1648 449 2935 1790 450 2936 1790 450 2937 1648 449 2938 1647 451 2939 1790 450 2940 1647 451 2941 1791 452 2942 1791 452 2943 1647 451 2944 1646 453 2945 1791 452 2946 1646 453 2947 1792 454 2948 1792 454 2949 1646 453 2950 1645 455 2951 1792 454 2952 1645 455 2953 1793 456 2954 1793 456 2955 1645 455 2956 1644 457 2957 1793 456 2958 1644 457 2959 1794 458 2960 1794 458 2961 1644 457 2962 1643 459 2963 1653 242 2964 1652 242 2965 1784 242 2966 1784 242 2967 1652 242 2968 1785 242 2969 1657 460 2970 1656 461 2971 1780 462 2972 1780 462 2973 1656 461 2974 1781 463 2975 1781 463 2976 1656 461 2977 1782 464 2978 1782 464 2979 1656 461 2980 1655 465 2981 1782 464 2982 1655 465 2983 1654 466 2984 1782 464 2985 1654 466 2986 1783 467 2987 1783 467 2988 1654 466 2989 1653 468 2990 1783 467 2991 1653 468 2992 1784 469 2993 1658 74 2994 1657 74 2995 1779 74 2996 1779 74 2997 1657 74 2998 1780 74 2999 1624 251 3000 1660 470 3001 1625 250 3002 1625 250 3003 1660 470 3004 1777 471 3005 1777 471 3006 1660 470 3007 1659 472 3008 1777 471 3009 1659 472 3010 1778 473 3011 1778 473 3012 1659 472 3013 1658 474 3014 1778 473 3015 1658 474 3016 1779 475 3017 1637 476 3018 1636 477 3019 1773 478 3020 1773 478 3021 1636 477 3022 1774 479 3023 1774 479 3024 1636 477 3025 1635 480 3026 1774 479 3027 1635 480 3028 1775 481 3029 1775 481 3030 1635 480 3031 1630 253 3032 1775 481 3033 1630 253 3034 1629 252 3035 1628 232 3036 1776 232 3037 1621 232 3038 1621 232 3039 1776 232 3040 1328 232 3041 1898 232 3042 1328 232 3043 1900 232 3044 1900 482 3045 1328 482 3046 1899 482 3047 1899 232 3048 1328 232 3049 1776 232 3050 1329 232 3051 1328 232 3052 1901 232 3053 1901 232 3054 1328 232 3055 1898 232 3056 1332 483 3057 1331 484 3058 1902 485 3059 1902 485 3060 1331 484 3061 1904 486 3062 1904 486 3063 1331 484 3064 1903 487 3065 1903 487 3066 1331 484 3067 1330 488 3068 1903 487 3069 1330 488 3070 1901 489 3071 1901 489 3072 1330 488 3073 1329 490 3074 1902 233 3075 1905 233 3076 1332 233 3077 1332 491 3078 1905 491 3079 1906 491 3080 1332 492 3081 1906 492 3082 1907 492 3083 1907 233 3084 1908 233 3085 1332 233 3086 1332 233 3087 1908 233 3088 1909 233 3089 1333 242 3090 1332 242 3091 1918 242 3092 1918 242 3093 1332 242 3094 1909 242 3095 1918 242 3096 1909 242 3097 1917 242 3098 1917 242 3099 1909 242 3100 1910 242 3101 1917 242 3102 1910 242 3103 1916 242 3104 1916 242 3105 1910 242 3106 1911 242 3107 1916 242 3108 1911 242 3109 1914 242 3110 1914 242 3111 1911 242 3112 1913 242 3113 1913 242 3114 1911 242 3115 1912 242 3116 1914 242 3117 1915 242 3118 1916 242 3119 1333 261 3120 1918 261 3121 1919 261 3122 1919 261 3123 1918 261 3124 1920 261 3125 1921 261 3126 1333 261 3127 1923 261 3128 1923 261 3129 1333 261 3130 1922 261 3131 1922 261 3132 1333 261 3133 1919 261 3134 1336 493 3135 1335 494 3136 1924 495 3137 1924 495 3138 1335 494 3139 1926 496 3140 1926 496 3141 1335 494 3142 1925 497 3143 1925 497 3144 1335 494 3145 1334 498 3146 1925 497 3147 1334 498 3148 1921 499 3149 1921 499 3150 1334 498 3151 1333 500 3152 1924 232 3153 1927 232 3154 1336 232 3155 1336 232 3156 1927 232 3157 1337 232 3158 1928 232 3159 1337 232 3160 1930 232 3161 1930 501 3162 1337 501 3163 1929 501 3164 1929 232 3165 1337 232 3166 1927 232 3167 1932 232 3168 1337 232 3169 1931 232 3170 1931 232 3171 1337 232 3172 1928 232 3173 1938 251 3174 1933 250 3175 1937 249 3176 1937 249 3177 1933 250 3178 1934 502 3179 1937 249 3180 1934 502 3181 1936 247 3182 1936 247 3183 1934 502 3184 1935 246 3185 1936 247 3186 1935 246 3187 1931 245 3188 1931 245 3189 1935 246 3190 1932 244 3191 1939 252 3192 1940 253 3193 1946 503 3194 1946 503 3195 1940 253 3196 1941 255 3197 1946 503 3198 1941 255 3199 1945 256 3200 1945 256 3201 1941 255 3202 1942 257 3203 1945 256 3204 1942 257 3205 1944 258 3206 1944 258 3207 1942 257 3208 1943 259 3209 1337 504 3210 2001 504 3211 1338 504 3212 1338 233 3213 2001 233 3214 2002 233 3215 1338 233 3216 2002 233 3217 2003 233 3218 1932 233 3219 2021 233 3220 1337 233 3221 1337 505 3222 2021 505 3223 2022 505 3224 1337 506 3225 2022 506 3226 2014 506 3227 1935 233 3228 2030 233 3229 1932 233 3230 1932 507 3231 2030 507 3232 2031 507 3233 1932 508 3234 2031 508 3235 2039 508 3236 2039 509 3237 2031 509 3238 2023 509 3239 2039 233 3240 2023 233 3241 2038 233 3242 2038 233 3243 2023 233 3244 2024 233 3245 2038 510 3246 2024 510 3247 2037 510 3248 2037 233 3249 2024 233 3250 2025 233 3251 2037 511 3252 2025 511 3253 2036 511 3254 2036 512 3255 2025 512 3256 1955 512 3257 2036 513 3258 1955 513 3259 1956 513 3260 2030 514 3261 1935 514 3262 1947 514 3263 1947 515 3264 1935 515 3265 1934 515 3266 1947 516 3267 1934 516 3268 1933 516 3269 1947 233 3270 1948 233 3271 2030 233 3272 2030 233 3273 1948 233 3274 2029 233 3275 2029 517 3276 1948 517 3277 1949 517 3278 2029 518 3279 1949 518 3280 2028 518 3281 2028 233 3282 1949 233 3283 2027 233 3284 2027 233 3285 1949 233 3286 1950 233 3287 2027 519 3288 1950 519 3289 2026 519 3290 2026 233 3291 1950 233 3292 2025 233 3293 2025 520 3294 1950 520 3295 1951 520 3296 2025 521 3297 1951 521 3298 1955 521 3299 1955 233 3300 1951 233 3301 1952 233 3302 1955 233 3303 1952 233 3304 1954 233 3305 1954 522 3306 1952 522 3307 1953 522 3308 2036 233 3309 1956 233 3310 2035 233 3311 2035 523 3312 1956 523 3313 1957 523 3314 2035 233 3315 1957 233 3316 2034 233 3317 2034 524 3318 1957 524 3319 1958 524 3320 2034 525 3321 1958 525 3322 2048 525 3323 2048 526 3324 1958 526 3325 2047 526 3326 2047 233 3327 1958 233 3328 1959 233 3329 2047 527 3330 1959 527 3331 2046 527 3332 2046 233 3333 1959 233 3334 2045 233 3335 2045 233 3336 1959 233 3337 1960 233 3338 2045 528 3339 1960 528 3340 2044 528 3341 2044 233 3342 1960 233 3343 1961 233 3344 2044 526 3345 1961 526 3346 2043 526 3347 2043 233 3348 1961 233 3349 2057 233 3350 2043 529 3351 2057 529 3352 1977 529 3353 1977 530 3354 2057 530 3355 2058 530 3356 1977 531 3357 2058 531 3358 1976 531 3359 1976 532 3360 2058 532 3361 2050 532 3362 1976 233 3363 2050 233 3364 1975 233 3365 1975 233 3366 2050 233 3367 2051 233 3368 1975 533 3369 2051 533 3370 1974 533 3371 1974 233 3372 2051 233 3373 2010 233 3374 1974 233 3375 2010 233 3376 1973 233 3377 1973 233 3378 2010 233 3379 2011 233 3380 1973 233 3381 2011 233 3382 1988 233 3383 1988 534 3384 2011 534 3385 2012 534 3386 1988 233 3387 2012 233 3388 1991 233 3389 1991 535 3390 2012 535 3391 1990 535 3392 1990 536 3393 2012 536 3394 2013 536 3395 1990 233 3396 2013 233 3397 1989 233 3398 1989 537 3399 2013 537 3400 2005 537 3401 1989 538 3402 2005 538 3403 1338 538 3404 1338 506 3405 2005 506 3406 2006 506 3407 1338 505 3408 2006 505 3409 2007 505 3410 1961 539 3411 1962 539 3412 2057 539 3413 2057 233 3414 1962 233 3415 2056 233 3416 2056 523 3417 1962 523 3418 1963 523 3419 2056 233 3420 1963 233 3421 2055 233 3422 2055 513 3423 1963 513 3424 1964 513 3425 2055 512 3426 1964 512 3427 2066 512 3428 2066 521 3429 1964 521 3430 1968 521 3431 2066 520 3432 1968 520 3433 1969 520 3434 1968 233 3435 1964 233 3436 1967 233 3437 1967 233 3438 1964 233 3439 1965 233 3440 1967 522 3441 1965 522 3442 1966 522 3443 1970 233 3444 2064 233 3445 1969 233 3446 1969 540 3447 2064 540 3448 2065 540 3449 1969 541 3450 2065 541 3451 2066 541 3452 1971 542 3453 2062 542 3454 1970 542 3455 1970 543 3456 2062 543 3457 2063 543 3458 1970 544 3459 2063 544 3460 2064 544 3461 2062 545 3462 1971 545 3463 2061 545 3464 2061 233 3465 1971 233 3466 1972 233 3467 2061 514 3468 1972 514 3469 1945 514 3470 1945 233 3471 1972 233 3472 1946 233 3473 1946 546 3474 1972 546 3475 1939 546 3476 1945 233 3477 1944 233 3478 2061 233 3479 2061 233 3480 1944 233 3481 2060 233 3482 2060 547 3483 1944 547 3484 2052 547 3485 2060 548 3486 2052 548 3487 2059 548 3488 2059 549 3489 2052 549 3490 2053 549 3491 2059 233 3492 2053 233 3493 2067 233 3494 2067 550 3495 2053 550 3496 2054 550 3497 2067 233 3498 2054 233 3499 2066 233 3500 2066 511 3501 2054 511 3502 2055 511 3503 1338 233 3504 2007 233 3505 1944 233 3506 1944 551 3507 2007 551 3508 2008 551 3509 1944 552 3510 2008 552 3511 2052 552 3512 2052 553 3513 2008 553 3514 2009 553 3515 2052 233 3516 2009 233 3517 2051 233 3518 2051 233 3519 2009 233 3520 2010 233 3521 1978 233 3522 2041 233 3523 1977 233 3524 1977 554 3525 2041 554 3526 2042 554 3527 1977 555 3528 2042 555 3529 2043 555 3530 1979 233 3531 2033 233 3532 1978 233 3533 1978 530 3534 2033 530 3535 2034 530 3536 1978 529 3537 2034 529 3538 2048 529 3539 2033 556 3540 1979 556 3541 2032 556 3542 2032 557 3543 1979 557 3544 1980 557 3545 2032 233 3546 1980 233 3547 2040 233 3548 2040 558 3549 1980 558 3550 1981 558 3551 2040 233 3552 1981 233 3553 2018 233 3554 2018 233 3555 1981 233 3556 1982 233 3557 2018 233 3558 1982 233 3559 2017 233 3560 2017 559 3561 1982 559 3562 1983 559 3563 2017 560 3564 1983 560 3565 2016 560 3566 2016 233 3567 1983 233 3568 1996 233 3569 2016 561 3570 1996 561 3571 1997 561 3572 1996 233 3573 1983 233 3574 1995 233 3575 1995 233 3576 1983 233 3577 1984 233 3578 1995 233 3579 1984 233 3580 1994 233 3581 1994 233 3582 1984 233 3583 1985 233 3584 1994 233 3585 1985 233 3586 1993 233 3587 1993 233 3588 1985 233 3589 1986 233 3590 1993 233 3591 1986 233 3592 1992 233 3593 1992 233 3594 1986 233 3595 1987 233 3596 1992 233 3597 1987 233 3598 1991 233 3599 1991 233 3600 1987 233 3601 1988 233 3602 2016 562 3603 1997 562 3604 2015 562 3605 2015 233 3606 1997 233 3607 1998 233 3608 2015 563 3609 1998 563 3610 2014 563 3611 2014 233 3612 1998 233 3613 1337 233 3614 1998 233 3615 1999 233 3616 1337 233 3617 1337 564 3618 1999 564 3619 2000 564 3620 1337 233 3621 2000 233 3622 2001 233 3623 2003 233 3624 2004 233 3625 1338 233 3626 1338 565 3627 2004 565 3628 1989 565 3629 2018 233 3630 2019 233 3631 2040 233 3632 2040 233 3633 2019 233 3634 2039 233 3635 2039 553 3636 2019 553 3637 2020 553 3638 2039 552 3639 2020 552 3640 1932 552 3641 1932 551 3642 2020 551 3643 2021 551 3644 2048 233 3645 2049 233 3646 1978 233 3647 1978 554 3648 2049 554 3649 2041 554 3650 1974 232 3651 1973 232 3652 2069 232 3653 2069 232 3654 1973 232 3655 2068 232 3656 1977 353 3657 1976 350 3658 2072 352 3659 2072 352 3660 1976 350 3661 2071 351 3662 2071 351 3663 1976 350 3664 2070 349 3665 2070 349 3666 1976 350 3667 1975 348 3668 2070 349 3669 1975 348 3670 2069 347 3671 2069 347 3672 1975 348 3673 1974 346 3674 1978 36 3675 1977 36 3676 2073 36 3677 2073 36 3678 1977 36 3679 2072 36 3680 1981 345 3681 1980 342 3682 2076 344 3683 2076 344 3684 1980 342 3685 2075 343 3686 2075 343 3687 1980 342 3688 2074 341 3689 2074 341 3690 1980 342 3691 1979 340 3692 2074 341 3693 1979 340 3694 2073 339 3695 2073 339 3696 1979 340 3697 1978 338 3698 1982 242 3699 1981 242 3700 2077 242 3701 2077 242 3702 1981 242 3703 2076 242 3704 1985 337 3705 1984 334 3706 2080 336 3707 2080 336 3708 1984 334 3709 2079 335 3710 2079 335 3711 1984 334 3712 2078 333 3713 2078 333 3714 1984 334 3715 1983 332 3716 2078 333 3717 1983 332 3718 2077 331 3719 2077 331 3720 1983 332 3721 1982 330 3722 1986 74 3723 1985 74 3724 2081 74 3725 2081 74 3726 1985 74 3727 2080 74 3728 1973 329 3729 1988 326 3730 2068 328 3731 2068 328 3732 1988 326 3733 2083 327 3734 2083 327 3735 1988 326 3736 2082 325 3737 2082 325 3738 1988 326 3739 1987 324 3740 2082 325 3741 1987 324 3742 2081 323 3743 2081 323 3744 1987 324 3745 1986 322 3746 2085 261 3747 2185 261 3748 2084 261 3749 2084 566 3750 2185 566 3751 2186 566 3752 2084 567 3753 2186 567 3754 2187 567 3755 2086 261 3756 2183 261 3757 2085 261 3758 2085 568 3759 2183 568 3760 2184 568 3761 2085 261 3762 2184 261 3763 2185 261 3764 2183 261 3765 2086 261 3766 2090 261 3767 2090 261 3768 2086 261 3769 2087 261 3770 2090 261 3771 2087 261 3772 2089 261 3773 2089 261 3774 2087 261 3775 2088 261 3776 2183 261 3777 2090 261 3778 2176 261 3779 2176 261 3780 2090 261 3781 2091 261 3782 2176 569 3783 2091 569 3784 2175 569 3785 2175 261 3786 2091 261 3787 2092 261 3788 2175 261 3789 2092 261 3790 2174 261 3791 2174 570 3792 2092 570 3793 2093 570 3794 2174 571 3795 2093 571 3796 2170 571 3797 2170 261 3798 2093 261 3799 2169 261 3800 2169 261 3801 2093 261 3802 2094 261 3803 2169 261 3804 2094 261 3805 2168 261 3806 2168 572 3807 2094 572 3808 2095 572 3809 2168 573 3810 2095 573 3811 2167 573 3812 2167 574 3813 2095 574 3814 2166 574 3815 2166 261 3816 2095 261 3817 2096 261 3818 2166 261 3819 2096 261 3820 2165 261 3821 2165 575 3822 2096 575 3823 2161 575 3824 2165 576 3825 2161 576 3826 2073 576 3827 2073 261 3828 2161 261 3829 2162 261 3830 2073 261 3831 2162 261 3832 2074 261 3833 2074 261 3834 2162 261 3835 2154 261 3836 2074 577 3837 2154 577 3838 2075 577 3839 2075 261 3840 2154 261 3841 2155 261 3842 2075 261 3843 2155 261 3844 2076 261 3845 2076 261 3846 2155 261 3847 2141 261 3848 2076 261 3849 2141 261 3850 2077 261 3851 2077 578 3852 2141 578 3853 2142 578 3854 2077 261 3855 2142 261 3856 2078 261 3857 2078 579 3858 2142 579 3859 2143 579 3860 2078 261 3861 2143 261 3862 2121 261 3863 2121 261 3864 2143 261 3865 2120 261 3866 2120 580 3867 2143 580 3868 2144 580 3869 2120 261 3870 2144 261 3871 2119 261 3872 2119 581 3873 2144 581 3874 2136 581 3875 2119 261 3876 2136 261 3877 1928 261 3878 1928 582 3879 2136 582 3880 2137 582 3881 1928 583 3882 2137 583 3883 2138 583 3884 2096 584 3885 2097 584 3886 2161 584 3887 2161 261 3888 2097 261 3889 2160 261 3890 2160 261 3891 2097 261 3892 2098 261 3893 2160 569 3894 2098 569 3895 2159 569 3896 2159 261 3897 2098 261 3898 2099 261 3899 2159 261 3900 2099 261 3901 2152 261 3902 2152 261 3903 2099 261 3904 2103 261 3905 2152 261 3906 2103 261 3907 2104 261 3908 2103 261 3909 2099 261 3910 2102 261 3911 2102 261 3912 2099 261 3913 2100 261 3914 2102 261 3915 2100 261 3916 2101 261 3917 2105 261 3918 2150 261 3919 2104 261 3920 2104 261 3921 2150 261 3922 2151 261 3923 2104 568 3924 2151 568 3925 2152 568 3926 2106 585 3927 2148 585 3928 2105 585 3929 2105 567 3930 2148 567 3931 2149 567 3932 2105 566 3933 2149 566 3934 2150 566 3935 2148 261 3936 2106 261 3937 2147 261 3938 2147 261 3939 2106 261 3940 2107 261 3941 2147 586 3942 2107 586 3943 1936 586 3944 1936 261 3945 2107 261 3946 1937 261 3947 1937 261 3948 2107 261 3949 1938 261 3950 1936 261 3951 1931 261 3952 2147 261 3953 2147 261 3954 1931 261 3955 2146 261 3956 2146 261 3957 1931 261 3958 2156 261 3959 2146 587 3960 2156 587 3961 2145 587 3962 2145 588 3963 2156 588 3964 2157 588 3965 2145 589 3966 2157 589 3967 2153 589 3968 2153 590 3969 2157 590 3970 2158 590 3971 2153 261 3972 2158 261 3973 2152 261 3974 2152 591 3975 2158 591 3976 2159 591 3977 1928 261 3978 2138 261 3979 1931 261 3980 1931 592 3981 2138 592 3982 2139 592 3983 1931 261 3984 2139 261 3985 2156 261 3986 2156 593 3987 2139 593 3988 2140 593 3989 2156 261 3990 2140 261 3991 2155 261 3992 2155 594 3993 2140 594 3994 2141 594 3995 2108 595 3996 2116 595 3997 1928 595 3998 1928 596 3999 2116 596 4000 2117 596 4001 1928 597 4002 2117 597 4003 2118 597 4004 1943 261 4005 2134 261 4006 2108 261 4007 2108 583 4008 2134 583 4009 2135 583 4010 2108 582 4011 2135 582 4012 2127 582 4013 1942 261 4014 2188 261 4015 1943 261 4016 1943 598 4017 2188 598 4018 2189 598 4019 1943 599 4020 2189 599 4021 2179 599 4022 2179 600 4023 2189 600 4024 2181 600 4025 2179 261 4026 2181 261 4027 2178 261 4028 2178 589 4029 2181 589 4030 2182 589 4031 2178 261 4032 2182 261 4033 2177 261 4034 2177 601 4035 2182 601 4036 2183 601 4037 2177 602 4038 2183 602 4039 2176 602 4040 2188 586 4041 1942 586 4042 2109 586 4043 2109 603 4044 1942 603 4045 1941 603 4046 2109 604 4047 1941 604 4048 1940 604 4049 2109 261 4050 2110 261 4051 2188 261 4052 2188 261 4053 2110 261 4054 2187 261 4055 2187 261 4056 2110 261 4057 2084 261 4058 2112 261 4059 2128 261 4060 2111 261 4061 2111 580 4062 2128 580 4063 2129 580 4064 2111 261 4065 2129 261 4066 2126 261 4067 2126 261 4068 2129 261 4069 2083 261 4070 2126 261 4071 2083 261 4072 2125 261 4073 2125 261 4074 2083 261 4075 2082 261 4076 2125 261 4077 2082 261 4078 2124 261 4079 2124 261 4080 2082 261 4081 2081 261 4082 2124 261 4083 2081 261 4084 2123 261 4085 2123 261 4086 2081 261 4087 2080 261 4088 2123 261 4089 2080 261 4090 2122 261 4091 2122 261 4092 2080 261 4093 2079 261 4094 2122 261 4095 2079 261 4096 2121 261 4097 2121 261 4098 2079 261 4099 2078 261 4100 2113 261 4101 2108 261 4102 2112 261 4103 2112 261 4104 2108 261 4105 2127 261 4106 2112 581 4107 2127 581 4108 2128 581 4109 2113 261 4110 2114 261 4111 2108 261 4112 2108 596 4113 2114 596 4114 2115 596 4115 2108 605 4116 2115 605 4117 2116 605 4118 2118 261 4119 2119 261 4120 1928 261 4121 2068 261 4122 2131 261 4123 2069 261 4124 2069 261 4125 2131 261 4126 2180 261 4127 2069 261 4128 2180 261 4129 2070 261 4130 2070 261 4131 2180 261 4132 2172 261 4133 2070 261 4134 2172 261 4135 2071 261 4136 2071 261 4137 2172 261 4138 2173 261 4139 2071 261 4140 2173 261 4141 2072 261 4142 2072 261 4143 2173 261 4144 2174 261 4145 2072 261 4146 2174 261 4147 2170 261 4148 2131 261 4149 2068 261 4150 2130 261 4151 2130 606 4152 2068 606 4153 2083 606 4154 2130 261 4155 2083 261 4156 2129 261 4157 2072 261 4158 2163 261 4159 2073 261 4160 2073 607 4161 2163 607 4162 2164 607 4163 2073 608 4164 2164 608 4165 2165 608 4166 2131 261 4167 2132 261 4168 2180 261 4169 2180 261 4170 2132 261 4171 2179 261 4172 2179 593 4173 2132 593 4174 2133 593 4175 2179 261 4176 2133 261 4177 1943 261 4178 1943 592 4179 2133 592 4180 2134 592 4181 2170 261 4182 2171 261 4183 2072 261 4184 2072 607 4185 2171 607 4186 2163 607 4187 1990 232 4188 1989 232 4189 2111 232 4190 2111 232 4191 1989 232 4192 2112 232 4193 1993 353 4194 1992 350 4195 2124 352 4196 2124 352 4197 1992 350 4198 2125 351 4199 2125 351 4200 1992 350 4201 2126 349 4202 2126 349 4203 1992 350 4204 1991 348 4205 2126 349 4206 1991 348 4207 2111 347 4208 2111 347 4209 1991 348 4210 1990 346 4211 1994 36 4212 1993 36 4213 2123 36 4214 2123 36 4215 1993 36 4216 2124 36 4217 1997 345 4218 1996 342 4219 2120 344 4220 2120 344 4221 1996 342 4222 2121 343 4223 2121 343 4224 1996 342 4225 2122 341 4226 2122 341 4227 1996 342 4228 1995 340 4229 2122 341 4230 1995 340 4231 2123 339 4232 2123 339 4233 1995 340 4234 1994 338 4235 1998 242 4236 1997 242 4237 2119 242 4238 2119 242 4239 1997 242 4240 2120 242 4241 2001 337 4242 2000 334 4243 2116 336 4244 2116 336 4245 2000 334 4246 2117 335 4247 2117 335 4248 2000 334 4249 2118 333 4250 2118 333 4251 2000 334 4252 1999 332 4253 2118 333 4254 1999 332 4255 2119 331 4256 2119 331 4257 1999 332 4258 1998 330 4259 2002 74 4260 2001 74 4261 2115 74 4262 2115 74 4263 2001 74 4264 2116 74 4265 1989 329 4266 2004 326 4267 2112 328 4268 2112 328 4269 2004 326 4270 2113 327 4271 2113 327 4272 2004 326 4273 2114 325 4274 2114 325 4275 2004 326 4276 2003 324 4277 2114 325 4278 2003 324 4279 2115 323 4280 2115 323 4281 2003 324 4282 2002 322 4283 2135 609 4284 2006 610 4285 2127 611 4286 2127 611 4287 2006 610 4288 2005 612 4289 2127 611 4290 2005 612 4291 2128 613 4292 2128 613 4293 2005 612 4294 2013 614 4295 2128 613 4296 2013 614 4297 2129 615 4298 2129 615 4299 2013 614 4300 2012 616 4301 2129 615 4302 2012 616 4303 2130 617 4304 2130 617 4305 2012 616 4306 2011 618 4307 2130 617 4308 2011 618 4309 2131 619 4310 2131 619 4311 2011 618 4312 2010 620 4313 2131 619 4314 2010 620 4315 2132 621 4316 2132 621 4317 2010 620 4318 2009 622 4319 2132 621 4320 2009 622 4321 2133 623 4322 2133 623 4323 2009 622 4324 2008 624 4325 2133 623 4326 2008 624 4327 2134 625 4328 2134 625 4329 2008 624 4330 2007 626 4331 2134 625 4332 2007 626 4333 2135 609 4334 2135 609 4335 2007 626 4336 2006 610 4337 2144 609 4338 2015 610 4339 2136 611 4340 2136 611 4341 2015 610 4342 2014 612 4343 2136 611 4344 2014 612 4345 2137 613 4346 2137 613 4347 2014 612 4348 2022 614 4349 2137 613 4350 2022 614 4351 2138 615 4352 2138 615 4353 2022 614 4354 2021 616 4355 2138 615 4356 2021 616 4357 2139 627 4358 2139 627 4359 2021 616 4360 2020 618 4361 2139 627 4362 2020 618 4363 2140 619 4364 2140 619 4365 2020 618 4366 2019 620 4367 2140 619 4368 2019 620 4369 2141 621 4370 2141 621 4371 2019 620 4372 2018 622 4373 2141 621 4374 2018 622 4375 2142 628 4376 2142 628 4377 2018 622 4378 2017 624 4379 2142 628 4380 2017 624 4381 2143 625 4382 2143 625 4383 2017 624 4384 2016 626 4385 2143 625 4386 2016 626 4387 2144 609 4388 2144 609 4389 2016 626 4390 2015 610 4391 1970 74 4392 1969 74 4393 2084 74 4394 2084 74 4395 1969 74 4396 2085 74 4397 1939 252 4398 1972 481 4399 1940 253 4400 1940 253 4401 1972 481 4402 2109 480 4403 2109 480 4404 1972 481 4405 1971 479 4406 2109 480 4407 1971 479 4408 2110 477 4409 2110 477 4410 1971 479 4411 1970 629 4412 2110 477 4413 1970 629 4414 2084 476 4415 1969 439 4416 1968 437 4417 2085 438 4418 2085 438 4419 1968 437 4420 2086 436 4421 2086 436 4422 1968 437 4423 2087 435 4424 2087 435 4425 1968 437 4426 1967 434 4427 2087 435 4428 1967 434 4429 1966 433 4430 2087 435 4431 1966 433 4432 2088 431 4433 2088 431 4434 1966 433 4435 1965 432 4436 2088 431 4437 1965 432 4438 2089 430 4439 1965 232 4440 1964 232 4441 2089 232 4442 2089 232 4443 1964 232 4444 2090 232 4445 2090 459 4446 1964 458 4447 2091 457 4448 2091 457 4449 1964 458 4450 1963 456 4451 2091 457 4452 1963 456 4453 2092 455 4454 2092 455 4455 1963 456 4456 1962 454 4457 2092 455 4458 1962 454 4459 2093 453 4460 2093 453 4461 1962 454 4462 1961 452 4463 2093 453 4464 1961 452 4465 2094 451 4466 2094 451 4467 1961 452 4468 1960 450 4469 2094 451 4470 1960 450 4471 2095 449 4472 2095 449 4473 1960 450 4474 1959 448 4475 2095 449 4476 1959 448 4477 2096 447 4478 2096 447 4479 1959 448 4480 1958 446 4481 2096 447 4482 1958 446 4483 2097 445 4484 2097 445 4485 1958 446 4486 1957 444 4487 2097 445 4488 1957 444 4489 2098 443 4490 2098 443 4491 1957 444 4492 1956 442 4493 2098 443 4494 1956 442 4495 2099 441 4496 2099 441 4497 1956 442 4498 1955 440 4499 1955 242 4500 1954 242 4501 2099 242 4502 2099 242 4503 1954 242 4504 2100 242 4505 1954 469 4506 1953 467 4507 2100 468 4508 2100 468 4509 1953 467 4510 2101 466 4511 2101 466 4512 1953 467 4513 2102 465 4514 2102 465 4515 1953 467 4516 1952 464 4517 2102 465 4518 1952 464 4519 1951 463 4520 2102 465 4521 1951 463 4522 2103 461 4523 2103 461 4524 1951 463 4525 1950 462 4526 2103 461 4527 1950 462 4528 2104 460 4529 1950 74 4530 1949 74 4531 2104 74 4532 2104 74 4533 1949 74 4534 2105 74 4535 1949 475 4536 1948 473 4537 2105 474 4538 2105 474 4539 1948 473 4540 2106 472 4541 2106 472 4542 1948 473 4543 1947 471 4544 2106 472 4545 1947 471 4546 2107 470 4547 2107 470 4548 1947 471 4549 1933 250 4550 2107 470 4551 1933 250 4552 1938 251 4553 1943 242 4554 2108 242 4555 1944 242 4556 1944 242 4557 2108 242 4558 1338 242 4559 1310 242 4560 1338 242 4561 2191 242 4562 2191 630 4563 1338 630 4564 2190 630 4565 2190 242 4566 1338 242 4567 2108 242 4568 1339 242 4569 1338 242 4570 1309 242 4571 1309 242 4572 1338 242 4573 1310 242 4574 1322 631 4575 1341 632 4576 1306 633 4577 1306 633 4578 1341 632 4579 1307 634 4580 1307 634 4581 1341 632 4582 1308 635 4583 1308 635 4584 1341 632 4585 1340 636 4586 1308 635 4587 1340 636 4588 1309 637 4589 1309 637 4590 1340 636 4591 1339 638 4592 1306 261 4593 2192 261 4594 1322 261 4595 1322 639 4596 2192 639 4597 2193 639 4598 1322 640 4599 2193 640 4600 2194 640 4601 2194 261 4602 2195 261 4603 1322 261 4604 1322 261 4605 2195 261 4606 1602 261 4607 1606 641 4608 1605 642 4609 2196 643 4610 2196 643 4611 1605 642 4612 2199 644 4613 2199 644 4614 1605 642 4615 2198 645 4616 2198 645 4617 1605 642 4618 1604 646 4619 2198 645 4620 1604 646 4621 1603 647 4622 2198 645 4623 1603 647 4624 2197 648 4625 2197 648 4626 1603 647 4627 1602 649 4628 2197 648 4629 1602 649 4630 2195 650 4631 1607 74 4632 1606 74 4633 2200 74 4634 2200 74 4635 1606 74 4636 2196 74 4637 1611 651 4638 1610 652 4639 1613 653 4640 1613 653 4641 1610 652 4642 2203 654 4643 2203 654 4644 1610 652 4645 2202 655 4646 2202 655 4647 1610 652 4648 1609 656 4649 2202 655 4650 1609 656 4651 1608 657 4652 2202 655 4653 1608 657 4654 2201 658 4655 2201 658 4656 1608 657 4657 1607 659 4658 2201 658 4659 1607 659 4660 2200 660 4661 2194 242 4662 1612 242 4663 2195 242 4664 2195 242 4665 1612 242 4666 1613 242 4667 2195 242 4668 1613 242 4669 2197 242 4670 2197 242 4671 1613 242 4672 2203 242 4673 2197 242 4674 2203 242 4675 2198 242 4676 2198 242 4677 2203 242 4678 2202 242 4679 2198 242 4680 2202 242 4681 2196 242 4682 2196 242 4683 2202 242 4684 2200 242 4685 2200 242 4686 2202 242 4687 2201 242 4688 2196 242 4689 2199 242 4690 2198 242 4691 2194 661 4692 2193 662 4693 1612 663 4694 1612 663 4695 2193 662 4696 1614 664 4697 1614 664 4698 2193 662 4699 2192 665 4700 1614 664 4701 2192 665 4702 1615 666 4703 1615 666 4704 2192 665 4705 1306 633 4706 1615 666 4707 1306 633 4708 1305 240 4709 1898 36 4710 817 36 4711 1901 36 4712 1901 36 4713 817 36 4714 1115 36 4715 1901 667 4716 1115 667 4717 1924 667 4718 1924 36 4719 1115 36 4720 1927 36 4721 1901 36 4722 1924 36 4723 1903 36 4724 1903 668 4725 1924 668 4726 1926 668 4727 1903 669 4728 1926 669 4729 1904 669 4730 1904 670 4731 1926 670 4732 1925 670 4733 1904 36 4734 1925 36 4735 1902 36 4736 1902 671 4737 1925 671 4738 1921 671 4739 1616 672 4740 1618 673 4741 1776 674 4742 1776 674 4743 1618 673 4744 1899 675 4745 1899 675 4746 1618 673 4747 1617 676 4748 1899 675 4749 1617 676 4750 1900 677 4751 1900 677 4752 1617 676 4753 817 678 4754 1900 677 4755 817 678 4756 1898 679 4757 1301 680 4758 818 681 4759 1617 676 4760 1617 676 4761 818 681 4762 817 678 4763 1907 682 4764 1906 683 4765 1919 684 4766 1919 684 4767 1906 683 4768 1922 685 4769 1922 685 4770 1906 683 4771 1905 686 4772 1922 685 4773 1905 686 4774 1923 687 4775 1923 687 4776 1905 686 4777 1902 485 4778 1923 687 4779 1902 485 4780 1921 499 4781 1907 232 4782 1919 232 4783 1908 232 4784 1908 232 4785 1919 232 4786 1920 232 4787 1908 232 4788 1920 232 4789 2211 232 4790 2211 232 4791 1920 232 4792 2204 232 4793 2211 232 4794 2204 232 4795 2210 232 4796 2210 232 4797 2204 232 4798 2205 232 4799 2210 232 4800 2205 232 4801 2208 232 4802 2208 232 4803 2205 232 4804 2207 232 4805 2207 232 4806 2205 232 4807 2206 232 4808 2208 232 4809 2209 232 4810 2210 232 4811 1913 660 4812 1912 658 4813 2208 659 4814 2208 659 4815 1912 658 4816 2209 657 4817 2209 657 4818 1912 658 4819 2210 656 4820 2210 656 4821 1912 658 4822 1911 655 4823 2210 656 4824 1911 655 4825 1910 654 4826 2210 656 4827 1910 654 4828 2211 652 4829 2211 652 4830 1910 654 4831 1909 653 4832 2211 652 4833 1909 653 4834 1908 651 4835 1914 74 4836 1913 74 4837 2207 74 4838 2207 74 4839 1913 74 4840 2208 74 4841 1918 650 4842 1917 648 4843 1920 649 4844 1920 649 4845 1917 648 4846 2204 647 4847 2204 647 4848 1917 648 4849 2205 646 4850 2205 646 4851 1917 648 4852 1916 645 4853 2205 646 4854 1916 645 4855 1915 644 4856 2205 646 4857 1915 644 4858 2206 642 4859 2206 642 4860 1915 644 4861 1914 643 4862 2206 642 4863 1914 643 4864 2207 641 4865 1927 688 4866 1115 689 4867 1929 690 4868 1929 690 4869 1115 689 4870 866 691 4871 1929 690 4872 866 691 4873 2191 692 4874 2191 692 4875 866 691 4876 1310 693 4877 2191 692 4878 2190 694 4879 1929 690 4880 1929 690 4881 2190 694 4882 1930 695 4883 1930 695 4884 2190 694 4885 2108 696 4886 1930 695 4887 2108 696 4888 1928 697 4889 1350 698 4890 808 699 4891 1342 700 4892 1342 700 4893 808 699 4894 816 701 4895 1342 700 4896 816 701 4897 1343 702 4898 1343 702 4899 816 701 4900 815 703 4901 1343 702 4902 815 703 4903 1344 704 4904 1344 704 4905 815 703 4906 814 705 4907 1344 704 4908 814 705 4909 1345 706 4910 1345 706 4911 814 705 4912 813 707 4913 1345 706 4914 813 707 4915 1346 708 4916 1346 708 4917 813 707 4918 812 709 4919 1346 708 4920 812 709 4921 1347 710 4922 1347 710 4923 812 709 4924 811 711 4925 1347 710 4926 811 711 4927 1348 712 4928 1348 712 4929 811 711 4930 810 713 4931 1348 712 4932 810 713 4933 1349 714 4934 1349 714 4935 810 713 4936 809 715 4937 1349 714 4938 809 715 4939 1350 698 4940 1350 698 4941 809 715 4942 808 699 4943 1359 698 4944 799 699 4945 1351 716 4946 1351 716 4947 799 699 4948 807 701 4949 1351 716 4950 807 701 4951 1352 702 4952 1352 702 4953 807 701 4954 806 703 4955 1352 702 4956 806 703 4957 1353 704 4958 1353 704 4959 806 703 4960 805 705 4961 1353 704 4962 805 705 4963 1354 706 4964 1354 706 4965 805 705 4966 804 707 4967 1354 706 4968 804 707 4969 1355 708 4970 1355 708 4971 804 707 4972 803 709 4973 1355 708 4974 803 709 4975 1356 710 4976 1356 710 4977 803 709 4978 802 711 4979 1356 710 4980 802 711 4981 1357 712 4982 1357 712 4983 802 711 4984 801 713 4985 1357 712 4986 801 713 4987 1358 714 4988 1358 714 4989 801 713 4990 800 715 4991 1358 714 4992 800 715 4993 1359 698 4994 1359 698 4995 800 715 4996 799 699 4997 1368 698 4998 790 699 4999 1360 716 5000 1360 716 5001 790 699 5002 798 701 5003 1360 716 5004 798 701 5005 1361 702 5006 1361 702 5007 798 701 5008 797 703 5009 1361 702 5010 797 703 5011 1362 704 5012 1362 704 5013 797 703 5014 796 705 5015 1362 704 5016 796 705 5017 1363 717 5018 1363 717 5019 796 705 5020 795 707 5021 1363 717 5022 795 707 5023 1364 708 5024 1364 708 5025 795 707 5026 794 709 5027 1364 708 5028 794 709 5029 1365 710 5030 1365 710 5031 794 709 5032 793 711 5033 1365 710 5034 793 711 5035 1366 712 5036 1366 712 5037 793 711 5038 792 713 5039 1366 712 5040 792 713 5041 1367 714 5042 1367 714 5043 792 713 5044 791 715 5045 1367 714 5046 791 715 5047 1368 698 5048 1368 698 5049 791 715 5050 790 699 5051 1377 698 5052 781 699 5053 1369 716 5054 1369 716 5055 781 699 5056 789 701 5057 1369 716 5058 789 701 5059 1370 702 5060 1370 702 5061 789 701 5062 788 703 5063 1370 702 5064 788 703 5065 1371 704 5066 1371 704 5067 788 703 5068 787 705 5069 1371 704 5070 787 705 5071 1372 717 5072 1372 717 5073 787 705 5074 786 707 5075 1372 717 5076 786 707 5077 1373 708 5078 1373 708 5079 786 707 5080 785 709 5081 1373 708 5082 785 709 5083 1374 710 5084 1374 710 5085 785 709 5086 784 711 5087 1374 710 5088 784 711 5089 1375 718 5090 1375 718 5091 784 711 5092 783 713 5093 1375 718 5094 783 713 5095 1376 714 5096 1376 714 5097 783 713 5098 782 715 5099 1376 714 5100 782 715 5101 1377 698 5102 1377 698 5103 782 715 5104 781 699 5105 1386 698 5106 772 699 5107 1378 700 5108 1378 700 5109 772 699 5110 780 701 5111 1378 700 5112 780 701 5113 1379 702 5114 1379 702 5115 780 701 5116 779 703 5117 1379 702 5118 779 703 5119 1380 704 5120 1380 704 5121 779 703 5122 778 705 5123 1380 704 5124 778 705 5125 1381 706 5126 1381 706 5127 778 705 5128 777 707 5129 1381 706 5130 777 707 5131 1382 708 5132 1382 708 5133 777 707 5134 776 709 5135 1382 708 5136 776 709 5137 1383 710 5138 1383 710 5139 776 709 5140 775 711 5141 1383 710 5142 775 711 5143 1384 719 5144 1384 719 5145 775 711 5146 774 713 5147 1384 719 5148 774 713 5149 1385 714 5150 1385 714 5151 774 713 5152 773 715 5153 1385 714 5154 773 715 5155 1386 698 5156 1386 698 5157 773 715 5158 772 699 5159 1395 698 5160 763 699 5161 1387 716 5162 1387 716 5163 763 699 5164 771 701 5165 1387 716 5166 771 701 5167 1388 702 5168 1388 702 5169 771 701 5170 770 703 5171 1388 702 5172 770 703 5173 1389 704 5174 1389 704 5175 770 703 5176 769 705 5177 1389 704 5178 769 705 5179 1390 717 5180 1390 717 5181 769 705 5182 768 707 5183 1390 717 5184 768 707 5185 1391 708 5186 1391 708 5187 768 707 5188 767 709 5189 1391 708 5190 767 709 5191 1392 710 5192 1392 710 5193 767 709 5194 766 711 5195 1392 710 5196 766 711 5197 1393 718 5198 1393 718 5199 766 711 5200 765 713 5201 1393 718 5202 765 713 5203 1394 714 5204 1394 714 5205 765 713 5206 764 715 5207 1394 714 5208 764 715 5209 1395 698 5210 1395 698 5211 764 715 5212 763 699 5213 1404 698 5214 754 699 5215 1396 716 5216 1396 716 5217 754 699 5218 762 701 5219 1396 716 5220 762 701 5221 1397 702 5222 1397 702 5223 762 701 5224 761 703 5225 1397 702 5226 761 703 5227 1398 704 5228 1398 704 5229 761 703 5230 760 705 5231 1398 704 5232 760 705 5233 1399 717 5234 1399 717 5235 760 705 5236 759 707 5237 1399 717 5238 759 707 5239 1400 708 5240 1400 708 5241 759 707 5242 758 709 5243 1400 708 5244 758 709 5245 1401 710 5246 1401 710 5247 758 709 5248 757 711 5249 1401 710 5250 757 711 5251 1402 712 5252 1402 712 5253 757 711 5254 756 713 5255 1402 712 5256 756 713 5257 1403 714 5258 1403 714 5259 756 713 5260 755 715 5261 1403 714 5262 755 715 5263 1404 698 5264 1404 698 5265 755 715 5266 754 699 5267 1413 698 5268 745 699 5269 1405 716 5270 1405 716 5271 745 699 5272 753 701 5273 1405 716 5274 753 701 5275 1406 702 5276 1406 702 5277 753 701 5278 752 703 5279 1406 702 5280 752 703 5281 1407 704 5282 1407 704 5283 752 703 5284 751 705 5285 1407 704 5286 751 705 5287 1408 717 5288 1408 717 5289 751 705 5290 750 707 5291 1408 717 5292 750 707 5293 1409 708 5294 1409 708 5295 750 707 5296 749 709 5297 1409 708 5298 749 709 5299 1410 710 5300 1410 710 5301 749 709 5302 748 711 5303 1410 710 5304 748 711 5305 1411 712 5306 1411 712 5307 748 711 5308 747 713 5309 1411 712 5310 747 713 5311 1412 714 5312 1412 714 5313 747 713 5314 746 715 5315 1412 714 5316 746 715 5317 1413 698 5318 1413 698 5319 746 715 5320 745 699 5321 1291 720 5322 1290 721 5323 2212 722 5324 2212 722 5325 1290 721 5326 1300 723 5327 2212 722 5328 1300 723 5329 2220 724 5330 2220 724 5331 1300 723 5332 1299 725 5333 2220 724 5334 1299 725 5335 2219 726 5336 2219 726 5337 1299 725 5338 1298 727 5339 2219 726 5340 1298 727 5341 2218 728 5342 2218 728 5343 1298 727 5344 1297 729 5345 2218 728 5346 1297 729 5347 2217 730 5348 2217 730 5349 1297 729 5350 1296 731 5351 2217 730 5352 1296 731 5353 1295 732 5354 2217 730 5355 1295 732 5356 2216 733 5357 2216 733 5358 1295 732 5359 1294 734 5360 2216 733 5361 1294 734 5362 2215 735 5363 2215 735 5364 1294 734 5365 1293 736 5366 2215 735 5367 1293 736 5368 2214 737 5369 2214 737 5370 1293 736 5371 1292 738 5372 2214 737 5373 1292 738 5374 2213 739 5375 2213 739 5376 1292 738 5377 1291 720 5378 2213 739 5379 1291 720 5380 2212 722 5381 1422 698 5382 2212 722 5383 1414 700 5384 1414 700 5385 2212 722 5386 2220 724 5387 1414 700 5388 2220 724 5389 1415 702 5390 1415 702 5391 2220 724 5392 2219 726 5393 1415 702 5394 2219 726 5395 1416 704 5396 1416 704 5397 2219 726 5398 2218 728 5399 1416 704 5400 2218 728 5401 1417 706 5402 1417 706 5403 2218 728 5404 2217 730 5405 1417 706 5406 2217 730 5407 1418 708 5408 1418 708 5409 2217 730 5410 2216 733 5411 1418 708 5412 2216 733 5413 1419 710 5414 1419 710 5415 2216 733 5416 2215 735 5417 1419 710 5418 2215 735 5419 1420 712 5420 1420 712 5421 2215 735 5422 2214 737 5423 1420 712 5424 2214 737 5425 1421 714 5426 1421 714 5427 2214 737 5428 2213 739 5429 1421 714 5430 2213 739 5431 1422 698 5432 1422 698 5433 2213 739 5434 2212 722 5435 1312 740 5436 1311 741 5437 2221 742 5438 2221 742 5439 1311 741 5440 1321 743 5441 2221 742 5442 1321 743 5443 2229 744 5444 2229 744 5445 1321 743 5446 1320 745 5447 2229 744 5448 1320 745 5449 2228 746 5450 2228 746 5451 1320 745 5452 1319 747 5453 2228 746 5454 1319 747 5455 2227 748 5456 2227 748 5457 1319 747 5458 1318 749 5459 2227 748 5460 1318 749 5461 2226 750 5462 2226 750 5463 1318 749 5464 1317 751 5465 2226 750 5466 1317 751 5467 1316 752 5468 2226 750 5469 1316 752 5470 2225 753 5471 2225 753 5472 1316 752 5473 1315 754 5474 2225 753 5475 1315 754 5476 2224 755 5477 2224 755 5478 1315 754 5479 1314 756 5480 2224 755 5481 1314 756 5482 2223 757 5483 2223 757 5484 1314 756 5485 1313 758 5486 2223 757 5487 1313 758 5488 2222 759 5489 2222 759 5490 1313 758 5491 1312 740 5492 2222 759 5493 1312 740 5494 2221 742 5495 1431 760 5496 2221 742 5497 1423 761 5498 1423 761 5499 2221 742 5500 2229 744 5501 1423 761 5502 2229 744 5503 1424 762 5504 1424 762 5505 2229 744 5506 2228 746 5507 1424 762 5508 2228 746 5509 1425 763 5510 1425 763 5511 2228 746 5512 2227 748 5513 1425 763 5514 2227 748 5515 1426 764 5516 1426 764 5517 2227 748 5518 2226 750 5519 1426 764 5520 2226 750 5521 1427 765 5522 1427 765 5523 2226 750 5524 2225 753 5525 1427 765 5526 2225 753 5527 1428 766 5528 1428 766 5529 2225 753 5530 2224 755 5531 1428 766 5532 2224 755 5533 1429 767 5534 1429 767 5535 2224 755 5536 2223 757 5537 1429 767 5538 2223 757 5539 1430 768 5540 1430 768 5541 2223 757 5542 2222 759 5543 1430 768 5544 2222 759 5545 1431 760 5546 1431 760 5547 2222 759 5548 2221 742 5549 1269 769 5550 1268 770 5551 2230 771 5552 2230 771 5553 1268 770 5554 1278 772 5555 2230 771 5556 1278 772 5557 2238 773 5558 2238 773 5559 1278 772 5560 1277 774 5561 2238 773 5562 1277 774 5563 2237 775 5564 2237 775 5565 1277 774 5566 1276 776 5567 2237 775 5568 1276 776 5569 2236 777 5570 2236 777 5571 1276 776 5572 1275 778 5573 2236 777 5574 1275 778 5575 2235 779 5576 2235 779 5577 1275 778 5578 1274 780 5579 2235 779 5580 1274 780 5581 1273 781 5582 2235 779 5583 1273 781 5584 2234 782 5585 2234 782 5586 1273 781 5587 1272 783 5588 2234 782 5589 1272 783 5590 2233 784 5591 2233 784 5592 1272 783 5593 1271 785 5594 2233 784 5595 1271 785 5596 2232 786 5597 2232 786 5598 1271 785 5599 1270 787 5600 2232 786 5601 1270 787 5602 2231 788 5603 2231 788 5604 1270 787 5605 1269 769 5606 2231 788 5607 1269 769 5608 2230 771 5609 1440 789 5610 2230 771 5611 1432 790 5612 1432 790 5613 2230 771 5614 2238 773 5615 1432 790 5616 2238 773 5617 1433 791 5618 1433 791 5619 2238 773 5620 2237 775 5621 1433 791 5622 2237 775 5623 1434 792 5624 1434 792 5625 2237 775 5626 2236 777 5627 1434 792 5628 2236 777 5629 1435 793 5630 1435 793 5631 2236 777 5632 2235 779 5633 1435 793 5634 2235 779 5635 1436 794 5636 1436 794 5637 2235 779 5638 2234 782 5639 1436 794 5640 2234 782 5641 1437 795 5642 1437 795 5643 2234 782 5644 2233 784 5645 1437 795 5646 2233 784 5647 1438 796 5648 1438 796 5649 2233 784 5650 2232 786 5651 1438 796 5652 2232 786 5653 1439 797 5654 1439 797 5655 2232 786 5656 2231 788 5657 1439 797 5658 2231 788 5659 1440 789 5660 1440 789 5661 2231 788 5662 2230 771 5663 1280 798 5664 1279 799 5665 2239 800 5666 2239 800 5667 1279 799 5668 1289 801 5669 2239 800 5670 1289 801 5671 2247 802 5672 2247 802 5673 1289 801 5674 1288 803 5675 2247 802 5676 1288 803 5677 2246 804 5678 2246 804 5679 1288 803 5680 1287 805 5681 2246 804 5682 1287 805 5683 2245 806 5684 2245 806 5685 1287 805 5686 1286 807 5687 2245 806 5688 1286 807 5689 2244 808 5690 2244 808 5691 1286 807 5692 1285 809 5693 2244 808 5694 1285 809 5695 1284 810 5696 2244 808 5697 1284 810 5698 2243 811 5699 2243 811 5700 1284 810 5701 1283 812 5702 2243 811 5703 1283 812 5704 2242 813 5705 2242 813 5706 1283 812 5707 1282 814 5708 2242 813 5709 1282 814 5710 2241 815 5711 2241 815 5712 1282 814 5713 1281 816 5714 2241 815 5715 1281 816 5716 2240 817 5717 2240 817 5718 1281 816 5719 1280 798 5720 2240 817 5721 1280 798 5722 2239 800 5723 1449 818 5724 2239 800 5725 1441 819 5726 1441 819 5727 2239 800 5728 2247 802 5729 1441 819 5730 2247 802 5731 1442 820 5732 1442 820 5733 2247 802 5734 2246 804 5735 1442 820 5736 2246 804 5737 1443 821 5738 1443 821 5739 2246 804 5740 2245 806 5741 1443 821 5742 2245 806 5743 1444 822 5744 1444 822 5745 2245 806 5746 2244 808 5747 1444 822 5748 2244 808 5749 1445 823 5750 1445 823 5751 2244 808 5752 2243 811 5753 1445 823 5754 2243 811 5755 1446 824 5756 1446 824 5757 2243 811 5758 2242 813 5759 1446 824 5760 2242 813 5761 1447 825 5762 1447 825 5763 2242 813 5764 2241 815 5765 1447 825 5766 2241 815 5767 1448 826 5768 1448 826 5769 2241 815 5770 2240 817 5771 1448 826 5772 2240 817 5773 1449 818 5774 1449 818 5775 2240 817 5776 2239 800 5777 1459 827 5778 736 828 5779 1450 829 5780 1450 829 5781 736 828 5782 735 830 5783 1450 829 5784 735 830 5785 1451 831 5786 1451 831 5787 735 830 5788 744 832 5789 1451 831 5790 744 832 5791 1452 833 5792 1452 833 5793 744 832 5794 743 834 5795 1452 833 5796 743 834 5797 1453 835 5798 1453 835 5799 743 834 5800 742 836 5801 1453 835 5802 742 836 5803 1454 837 5804 1454 837 5805 742 836 5806 741 838 5807 1454 837 5808 741 838 5809 1455 839 5810 1455 839 5811 741 838 5812 740 840 5813 1455 839 5814 740 840 5815 1456 841 5816 1456 841 5817 740 840 5818 739 842 5819 1456 841 5820 739 842 5821 1457 843 5822 1457 843 5823 739 842 5824 738 844 5825 1457 843 5826 738 844 5827 1458 845 5828 1458 845 5829 738 844 5830 737 846 5831 1458 845 5832 737 846 5833 1459 827 5834 1459 827 5835 737 846 5836 736 828 5837 1469 847 5838 726 848 5839 1460 849 5840 1460 849 5841 726 848 5842 725 850 5843 1460 849 5844 725 850 5845 1461 851 5846 1461 851 5847 725 850 5848 734 852 5849 1461 851 5850 734 852 5851 1462 853 5852 1462 853 5853 734 852 5854 733 854 5855 1462 853 5856 733 854 5857 1463 855 5858 1463 855 5859 733 854 5860 732 856 5861 1463 855 5862 732 856 5863 1464 857 5864 1464 857 5865 732 856 5866 731 858 5867 1464 857 5868 731 858 5869 1465 859 5870 1465 859 5871 731 858 5872 730 860 5873 1465 859 5874 730 860 5875 1466 861 5876 1466 861 5877 730 860 5878 729 862 5879 1466 861 5880 729 862 5881 1467 863 5882 1467 863 5883 729 862 5884 728 864 5885 1467 863 5886 728 864 5887 1468 865 5888 1468 865 5889 728 864 5890 727 866 5891 1468 865 5892 727 866 5893 1469 847 5894 1469 847 5895 727 866 5896 726 848 5897 1479 837 5898 716 867 5899 1470 839 5900 1470 839 5901 716 867 5902 715 840 5903 1470 839 5904 715 840 5905 1471 841 5906 1471 841 5907 715 840 5908 724 868 5909 1471 841 5910 724 868 5911 1472 843 5912 1472 843 5913 724 868 5914 723 844 5915 1472 843 5916 723 844 5917 1473 845 5918 1473 845 5919 723 844 5920 722 846 5921 1473 845 5922 722 846 5923 1474 827 5924 1474 827 5925 722 846 5926 721 869 5927 1474 827 5928 721 869 5929 1475 829 5930 1475 829 5931 721 869 5932 720 830 5933 1475 829 5934 720 830 5935 1476 831 5936 1476 831 5937 720 830 5938 719 870 5939 1476 831 5940 719 870 5941 1477 833 5942 1477 833 5943 719 870 5944 718 834 5945 1477 833 5946 718 834 5947 1478 835 5948 1478 835 5949 718 834 5950 717 836 5951 1478 835 5952 717 836 5953 1479 837 5954 1479 837 5955 717 836 5956 716 867 5957 1489 857 5958 706 858 5959 1480 859 5960 1480 859 5961 706 858 5962 705 860 5963 1480 859 5964 705 860 5965 1481 861 5966 1481 861 5967 705 860 5968 714 862 5969 1481 861 5970 714 862 5971 1482 863 5972 1482 863 5973 714 862 5974 713 864 5975 1482 863 5976 713 864 5977 1483 865 5978 1483 865 5979 713 864 5980 712 866 5981 1483 865 5982 712 866 5983 1484 847 5984 1484 847 5985 712 866 5986 711 848 5987 1484 847 5988 711 848 5989 1485 849 5990 1485 849 5991 711 848 5992 710 850 5993 1485 849 5994 710 850 5995 1486 871 5996 1486 871 5997 710 850 5998 709 852 5999 1486 871 6000 709 852 6001 1487 853 6002 1487 853 6003 709 852 6004 708 854 6005 1487 853 6006 708 854 6007 1488 855 6008 1488 855 6009 708 854 6010 707 856 6011 1488 855 6012 707 856 6013 1489 857 6014 1489 857 6015 707 856 6016 706 858 6017 1529 827 6018 696 869 6019 1520 829 6020 1520 829 6021 696 869 6022 695 830 6023 1520 829 6024 695 830 6025 1521 831 6026 1521 831 6027 695 830 6028 704 870 6029 1521 831 6030 704 870 6031 1522 833 6032 1522 833 6033 704 870 6034 703 834 6035 1522 833 6036 703 834 6037 1523 835 6038 1523 835 6039 703 834 6040 702 836 6041 1523 835 6042 702 836 6043 1524 837 6044 1524 837 6045 702 836 6046 701 838 6047 1524 837 6048 701 838 6049 1525 839 6050 1525 839 6051 701 838 6052 700 840 6053 1525 839 6054 700 840 6055 1526 841 6056 1526 841 6057 700 840 6058 699 842 6059 1526 841 6060 699 842 6061 1527 843 6062 1527 843 6063 699 842 6064 698 844 6065 1527 843 6066 698 844 6067 1528 845 6068 1528 845 6069 698 844 6070 697 846 6071 1528 845 6072 697 846 6073 1529 827 6074 1529 827 6075 697 846 6076 696 869 6077 1519 827 6078 686 869 6079 1510 829 6080 1510 829 6081 686 869 6082 685 830 6083 1510 829 6084 685 830 6085 1511 831 6086 1511 831 6087 685 830 6088 694 870 6089 1511 831 6090 694 870 6091 1512 833 6092 1512 833 6093 694 870 6094 693 834 6095 1512 833 6096 693 834 6097 1513 835 6098 1513 835 6099 693 834 6100 692 836 6101 1513 835 6102 692 836 6103 1514 837 6104 1514 837 6105 692 836 6106 691 838 6107 1514 837 6108 691 838 6109 1515 839 6110 1515 839 6111 691 838 6112 690 840 6113 1515 839 6114 690 840 6115 1516 841 6116 1516 841 6117 690 840 6118 689 842 6119 1516 841 6120 689 842 6121 1517 843 6122 1517 843 6123 689 842 6124 688 844 6125 1517 843 6126 688 844 6127 1518 845 6128 1518 845 6129 688 844 6130 687 846 6131 1518 845 6132 687 846 6133 1519 827 6134 1519 827 6135 687 846 6136 686 869 6137 1509 827 6138 676 869 6139 1500 829 6140 1500 829 6141 676 869 6142 675 830 6143 1500 829 6144 675 830 6145 1501 831 6146 1501 831 6147 675 830 6148 684 870 6149 1501 831 6150 684 870 6151 1502 833 6152 1502 833 6153 684 870 6154 683 834 6155 1502 833 6156 683 834 6157 1503 835 6158 1503 835 6159 683 834 6160 682 836 6161 1503 835 6162 682 836 6163 1504 837 6164 1504 837 6165 682 836 6166 681 838 6167 1504 837 6168 681 838 6169 1505 839 6170 1505 839 6171 681 838 6172 680 840 6173 1505 839 6174 680 840 6175 1506 841 6176 1506 841 6177 680 840 6178 679 842 6179 1506 841 6180 679 842 6181 1507 843 6182 1507 843 6183 679 842 6184 678 844 6185 1507 843 6186 678 844 6187 1508 845 6188 1508 845 6189 678 844 6190 677 846 6191 1508 845 6192 677 846 6193 1509 827 6194 1509 827 6195 677 846 6196 676 869 6197 1499 827 6198 666 869 6199 1490 829 6200 1490 829 6201 666 869 6202 665 830 6203 1490 829 6204 665 830 6205 1491 831 6206 1491 831 6207 665 830 6208 674 870 6209 1491 831 6210 674 870 6211 1492 833 6212 1492 833 6213 674 870 6214 673 834 6215 1492 833 6216 673 834 6217 1493 835 6218 1493 835 6219 673 834 6220 672 836 6221 1493 835 6222 672 836 6223 1494 837 6224 1494 837 6225 672 836 6226 671 838 6227 1494 837 6228 671 838 6229 1495 839 6230 1495 839 6231 671 838 6232 670 840 6233 1495 839 6234 670 840 6235 1496 841 6236 1496 841 6237 670 840 6238 669 842 6239 1496 841 6240 669 842 6241 1497 843 6242 1497 843 6243 669 842 6244 668 844 6245 1497 843 6246 668 844 6247 1498 845 6248 1498 845 6249 668 844 6250 667 846 6251 1498 845 6252 667 846 6253 1499 827 6254 1499 827 6255 667 846 6256 666 869 6257 650 242 6258 649 242 6259 1542 242 6260 1542 242 6261 649 242 6262 1543 242 6263 653 872 6264 652 873 6265 1539 874 6266 1539 874 6267 652 873 6268 1540 239 6269 1540 239 6270 652 873 6271 651 875 6272 1540 239 6273 651 875 6274 1541 235 6275 1541 235 6276 651 875 6277 650 876 6278 1541 235 6279 650 876 6280 1542 234 6281 1539 233 6282 1538 233 6283 653 233 6284 653 233 6285 1538 233 6286 654 233 6287 657 877 6288 656 878 6289 1535 490 6290 1535 490 6291 656 878 6292 1536 488 6293 1536 488 6294 656 878 6295 655 879 6296 1536 488 6297 655 879 6298 1537 484 6299 1537 484 6300 655 879 6301 654 880 6302 1537 484 6303 654 880 6304 1538 881 6305 658 232 6306 657 232 6307 1534 232 6308 1534 232 6309 657 232 6310 1535 232 6311 661 882 6312 660 883 6313 1531 884 6314 1531 884 6315 660 883 6316 1532 498 6317 1532 498 6318 660 883 6319 659 885 6320 1532 498 6321 659 885 6322 1533 494 6323 1533 494 6324 659 885 6325 658 886 6326 1533 494 6327 658 886 6328 1534 493 6329 662 261 6330 661 261 6331 1530 261 6332 1530 261 6333 661 261 6334 1531 261 6335 649 887 6336 664 888 6337 1543 638 6338 1543 638 6339 664 888 6340 1544 636 6341 1544 636 6342 664 888 6343 663 889 6344 1544 636 6345 663 889 6346 1545 632 6347 1545 632 6348 663 889 6349 662 890 6350 1545 632 6351 662 890 6352 1530 891 6353 1559 233 6354 1558 233 6355 633 233 6356 633 233 6357 1558 233 6358 634 233 6359 633 872 6360 648 873 6361 1559 874 6362 1559 874 6363 648 873 6364 1560 239 6365 1560 239 6366 648 873 6367 647 892 6368 1560 239 6369 647 892 6370 1561 235 6371 1561 235 6372 647 892 6373 646 876 6374 1561 235 6375 646 876 6376 1546 234 6377 646 242 6378 645 242 6379 1546 242 6380 1546 242 6381 645 242 6382 1547 242 6383 645 887 6384 644 893 6385 1547 638 6386 1547 638 6387 644 893 6388 1548 636 6389 1548 636 6390 644 893 6391 643 889 6392 1548 636 6393 643 889 6394 1549 632 6395 1549 632 6396 643 889 6397 642 890 6398 1549 632 6399 642 890 6400 1550 891 6401 642 261 6402 641 261 6403 1550 261 6404 1550 261 6405 641 261 6406 1551 261 6407 641 882 6408 640 883 6409 1551 884 6410 1551 884 6411 640 883 6412 1552 498 6413 1552 498 6414 640 883 6415 639 885 6416 1552 498 6417 639 885 6418 1553 494 6419 1553 494 6420 639 885 6421 638 886 6422 1553 494 6423 638 886 6424 1554 493 6425 638 232 6426 637 232 6427 1554 232 6428 1554 232 6429 637 232 6430 1555 232 6431 637 877 6432 636 878 6433 1555 490 6434 1555 490 6435 636 878 6436 1556 488 6437 1556 488 6438 636 878 6439 635 879 6440 1556 488 6441 635 879 6442 1557 484 6443 1557 484 6444 635 879 6445 634 880 6446 1557 484 6447 634 880 6448 1558 881 6449 1571 827 6450 624 869 6451 1562 829 6452 1562 829 6453 624 869 6454 623 830 6455 1562 829 6456 623 830 6457 1563 831 6458 1563 831 6459 623 830 6460 632 832 6461 1563 831 6462 632 832 6463 1564 833 6464 1564 833 6465 632 832 6466 631 834 6467 1564 833 6468 631 834 6469 1565 835 6470 1565 835 6471 631 834 6472 630 836 6473 1565 835 6474 630 836 6475 1566 837 6476 1566 837 6477 630 836 6478 629 838 6479 1566 837 6480 629 838 6481 1567 839 6482 1567 839 6483 629 838 6484 628 840 6485 1567 839 6486 628 840 6487 1568 841 6488 1568 841 6489 628 840 6490 627 842 6491 1568 841 6492 627 842 6493 1569 843 6494 1569 843 6495 627 842 6496 626 844 6497 1569 843 6498 626 844 6499 1570 845 6500 1570 845 6501 626 844 6502 625 846 6503 1570 845 6504 625 846 6505 1571 827 6506 1571 827 6507 625 846 6508 624 869 6509 1581 827 6510 614 869 6511 1572 829 6512 1572 829 6513 614 869 6514 613 830 6515 1572 829 6516 613 830 6517 1573 831 6518 1573 831 6519 613 830 6520 622 832 6521 1573 831 6522 622 832 6523 1574 833 6524 1574 833 6525 622 832 6526 621 834 6527 1574 833 6528 621 834 6529 1575 835 6530 1575 835 6531 621 834 6532 620 836 6533 1575 835 6534 620 836 6535 1576 837 6536 1576 837 6537 620 836 6538 619 838 6539 1576 837 6540 619 838 6541 1577 839 6542 1577 839 6543 619 838 6544 618 840 6545 1577 839 6546 618 840 6547 1578 841 6548 1578 841 6549 618 840 6550 617 842 6551 1578 841 6552 617 842 6553 1579 843 6554 1579 843 6555 617 842 6556 616 844 6557 1579 843 6558 616 844 6559 1580 845 6560 1580 845 6561 616 844 6562 615 846 6563 1580 845 6564 615 846 6565 1581 827 6566 1581 827 6567 615 846 6568 614 869 6569 1591 827 6570 604 869 6571 1582 829 6572 1582 829 6573 604 869 6574 603 830 6575 1582 829 6576 603 830 6577 1583 831 6578 1583 831 6579 603 830 6580 612 870 6581 1583 831 6582 612 870 6583 1584 833 6584 1584 833 6585 612 870 6586 611 834 6587 1584 833 6588 611 834 6589 1585 835 6590 1585 835 6591 611 834 6592 610 836 6593 1585 835 6594 610 836 6595 1586 837 6596 1586 837 6597 610 836 6598 609 838 6599 1586 837 6600 609 838 6601 1587 839 6602 1587 839 6603 609 838 6604 608 840 6605 1587 839 6606 608 840 6607 1588 841 6608 1588 841 6609 608 840 6610 607 842 6611 1588 841 6612 607 842 6613 1589 843 6614 1589 843 6615 607 842 6616 606 844 6617 1589 843 6618 606 844 6619 1590 845 6620 1590 845 6621 606 844 6622 605 846 6623 1590 845 6624 605 846 6625 1591 827 6626 1591 827 6627 605 846 6628 604 869 6629 1601 827 6630 594 869 6631 1592 829 6632 1592 829 6633 594 869 6634 593 830 6635 1592 829 6636 593 830 6637 1593 831 6638 1593 831 6639 593 830 6640 602 870 6641 1593 831 6642 602 870 6643 1594 833 6644 1594 833 6645 602 870 6646 601 834 6647 1594 833 6648 601 834 6649 1595 835 6650 1595 835 6651 601 834 6652 600 836 6653 1595 835 6654 600 836 6655 1596 837 6656 1596 837 6657 600 836 6658 599 838 6659 1596 837 6660 599 838 6661 1597 839 6662 1597 839 6663 599 838 6664 598 840 6665 1597 839 6666 598 840 6667 1598 841 6668 1598 841 6669 598 840 6670 597 842 6671 1598 841 6672 597 842 6673 1599 843 6674 1599 843 6675 597 842 6676 596 844 6677 1599 843 6678 596 844 6679 1600 845 6680 1600 845 6681 596 844 6682 595 846 6683 1600 845 6684 595 846 6685 1601 827 6686 1601 827 6687 595 846 6688 594 869 6689 1719 420 6690 1835 894 6691 1711 895 6692 1711 895 6693 1835 894 6694 1843 896 6695 1711 895 6696 1843 896 6697 1712 422 6698 1712 422 6699 1843 896 6700 1842 897 6701 1712 422 6702 1842 897 6703 1713 423 6704 1713 423 6705 1842 897 6706 1841 898 6707 1713 423 6708 1841 898 6709 1714 899 6710 1714 899 6711 1841 898 6712 1840 900 6713 1714 899 6714 1840 900 6715 1715 425 6716 1715 425 6717 1840 900 6718 1839 901 6719 1715 425 6720 1839 901 6721 1716 426 6722 1716 426 6723 1839 901 6724 1838 902 6725 1716 426 6726 1838 902 6727 1717 427 6728 1717 427 6729 1838 902 6730 1837 903 6731 1717 427 6732 1837 903 6733 1718 428 6734 1718 428 6735 1837 903 6736 1836 904 6737 1718 428 6738 1836 904 6739 1719 420 6740 1719 420 6741 1836 904 6742 1835 894 6743 2031 614 6744 2146 613 6745 2023 905 6746 2023 905 6747 2146 613 6748 2145 906 6749 2023 905 6750 2145 906 6751 2024 610 6752 2024 610 6753 2145 906 6754 2153 609 6755 2024 610 6756 2153 609 6757 2025 626 6758 2025 626 6759 2153 609 6760 2152 625 6761 2025 626 6762 2152 625 6763 2026 624 6764 2026 624 6765 2152 625 6766 2151 628 6767 2026 624 6768 2151 628 6769 2027 622 6770 2027 622 6771 2151 628 6772 2150 621 6773 2027 622 6774 2150 621 6775 2028 620 6776 2028 620 6777 2150 621 6778 2149 619 6779 2028 620 6780 2149 619 6781 2029 907 6782 2029 907 6783 2149 619 6784 2148 627 6785 2029 907 6786 2148 627 6787 2030 616 6788 2030 616 6789 2148 627 6790 2147 615 6791 2030 616 6792 2147 615 6793 2031 614 6794 2031 614 6795 2147 615 6796 2146 613 6797 1728 420 6798 1844 908 6799 1720 421 6800 1720 421 6801 1844 908 6802 1852 896 6803 1720 421 6804 1852 896 6805 1721 422 6806 1721 422 6807 1852 896 6808 1851 897 6809 1721 422 6810 1851 897 6811 1722 423 6812 1722 423 6813 1851 897 6814 1850 909 6815 1722 423 6816 1850 909 6817 1723 424 6818 1723 424 6819 1850 909 6820 1849 900 6821 1723 424 6822 1849 900 6823 1724 425 6824 1724 425 6825 1849 900 6826 1848 901 6827 1724 425 6828 1848 901 6829 1725 426 6830 1725 426 6831 1848 901 6832 1847 902 6833 1725 426 6834 1847 902 6835 1726 427 6836 1726 427 6837 1847 902 6838 1846 903 6839 1726 427 6840 1846 903 6841 1727 428 6842 1727 428 6843 1846 903 6844 1845 904 6845 1727 428 6846 1845 904 6847 1728 420 6848 1728 420 6849 1845 904 6850 1844 908 6851 2040 614 6852 2155 613 6853 2032 612 6854 2032 612 6855 2155 613 6856 2154 611 6857 2032 612 6858 2154 611 6859 2033 610 6860 2033 610 6861 2154 611 6862 2162 609 6863 2033 610 6864 2162 609 6865 2034 626 6866 2034 626 6867 2162 609 6868 2161 625 6869 2034 626 6870 2161 625 6871 2035 910 6872 2035 910 6873 2161 625 6874 2160 623 6875 2035 910 6876 2160 623 6877 2036 622 6878 2036 622 6879 2160 623 6880 2159 621 6881 2036 622 6882 2159 621 6883 2037 620 6884 2037 620 6885 2159 621 6886 2158 619 6887 2037 620 6888 2158 619 6889 2038 907 6890 2038 907 6891 2158 619 6892 2157 627 6893 2038 907 6894 2157 627 6895 2039 616 6896 2039 616 6897 2157 627 6898 2156 615 6899 2039 616 6900 2156 615 6901 2040 614 6902 2040 614 6903 2156 615 6904 2155 613 6905 1737 420 6906 1853 908 6907 1729 895 6908 1729 895 6909 1853 908 6910 1861 896 6911 1729 895 6912 1861 896 6913 1730 422 6914 1730 422 6915 1861 896 6916 1860 897 6917 1730 422 6918 1860 897 6919 1731 423 6920 1731 423 6921 1860 897 6922 1859 898 6923 1731 423 6924 1859 898 6925 1732 899 6926 1732 899 6927 1859 898 6928 1858 900 6929 1732 899 6930 1858 900 6931 1733 425 6932 1733 425 6933 1858 900 6934 1857 901 6935 1733 425 6936 1857 901 6937 1734 426 6938 1734 426 6939 1857 901 6940 1856 911 6941 1734 426 6942 1856 911 6943 1735 429 6944 1735 429 6945 1856 911 6946 1855 903 6947 1735 429 6948 1855 903 6949 1736 428 6950 1736 428 6951 1855 903 6952 1854 904 6953 1736 428 6954 1854 904 6955 1737 420 6956 1737 420 6957 1854 904 6958 1853 908 6959 2049 614 6960 2164 613 6961 2041 612 6962 2041 612 6963 2164 613 6964 2163 906 6965 2041 612 6966 2163 906 6967 2042 610 6968 2042 610 6969 2163 906 6970 2171 609 6971 2042 610 6972 2171 609 6973 2043 626 6974 2043 626 6975 2171 609 6976 2170 625 6977 2043 626 6978 2170 625 6979 2044 624 6980 2044 624 6981 2170 625 6982 2169 628 6983 2044 624 6984 2169 628 6985 2045 622 6986 2045 622 6987 2169 628 6988 2168 621 6989 2045 622 6990 2168 621 6991 2046 620 6992 2046 620 6993 2168 621 6994 2167 619 6995 2046 620 6996 2167 619 6997 2047 618 6998 2047 618 6999 2167 619 7000 2166 627 7001 2047 618 7002 2166 627 7003 2048 616 7004 2048 616 7005 2166 627 7006 2165 615 7007 2048 616 7008 2165 615 7009 2049 614 7010 2049 614 7011 2165 615 7012 2164 613 7013 1746 420 7014 1862 908 7015 1738 421 7016 1738 421 7017 1862 908 7018 1870 896 7019 1738 421 7020 1870 896 7021 1739 422 7022 1739 422 7023 1870 896 7024 1869 897 7025 1739 422 7026 1869 897 7027 1740 423 7028 1740 423 7029 1869 897 7030 1868 909 7031 1740 423 7032 1868 909 7033 1741 424 7034 1741 424 7035 1868 909 7036 1867 900 7037 1741 424 7038 1867 900 7039 1742 425 7040 1742 425 7041 1867 900 7042 1866 901 7043 1742 425 7044 1866 901 7045 1743 426 7046 1743 426 7047 1866 901 7048 1865 902 7049 1743 426 7050 1865 902 7051 1744 427 7052 1744 427 7053 1865 902 7054 1864 903 7055 1744 427 7056 1864 903 7057 1745 428 7058 1745 428 7059 1864 903 7060 1863 904 7061 1745 428 7062 1863 904 7063 1746 420 7064 1746 420 7065 1863 904 7066 1862 908 7067 2058 614 7068 2173 613 7069 2050 612 7070 2050 612 7071 2173 613 7072 2172 611 7073 2050 612 7074 2172 611 7075 2051 610 7076 2051 610 7077 2172 611 7078 2180 609 7079 2051 610 7080 2180 609 7081 2052 626 7082 2052 626 7083 2180 609 7084 2179 625 7085 2052 626 7086 2179 625 7087 2053 910 7088 2053 910 7089 2179 625 7090 2178 623 7091 2053 910 7092 2178 623 7093 2054 622 7094 2054 622 7095 2178 623 7096 2177 621 7097 2054 622 7098 2177 621 7099 2055 620 7100 2055 620 7101 2177 621 7102 2176 619 7103 2055 620 7104 2176 619 7105 2056 907 7106 2056 907 7107 2176 619 7108 2175 627 7109 2056 907 7110 2175 627 7111 2057 616 7112 2057 616 7113 2175 627 7114 2174 615 7115 2057 616 7116 2174 615 7117 2058 614 7118 2058 614 7119 2174 615 7120 2173 613 7121 1755 420 7122 1871 894 7123 1747 895 7124 1747 895 7125 1871 894 7126 1879 896 7127 1747 895 7128 1879 896 7129 1748 422 7130 1748 422 7131 1879 896 7132 1878 897 7133 1748 422 7134 1878 897 7135 1749 423 7136 1749 423 7137 1878 897 7138 1877 909 7139 1749 423 7140 1877 909 7141 1750 424 7142 1750 424 7143 1877 909 7144 1876 900 7145 1750 424 7146 1876 900 7147 1751 425 7148 1751 425 7149 1876 900 7150 1875 901 7151 1751 425 7152 1875 901 7153 1752 426 7154 1752 426 7155 1875 901 7156 1874 911 7157 1752 426 7158 1874 911 7159 1753 429 7160 1753 429 7161 1874 911 7162 1873 903 7163 1753 429 7164 1873 903 7165 1754 428 7166 1754 428 7167 1873 903 7168 1872 904 7169 1754 428 7170 1872 904 7171 1755 420 7172 1755 420 7173 1872 904 7174 1871 894 7175 2067 614 7176 2182 613 7177 2059 905 7178 2059 905 7179 2182 613 7180 2181 906 7181 2059 905 7182 2181 906 7183 2060 610 7184 2060 610 7185 2181 906 7186 2189 609 7187 2060 610 7188 2189 609 7189 2061 626 7190 2061 626 7191 2189 609 7192 2188 625 7193 2061 626 7194 2188 625 7195 2062 910 7196 2062 910 7197 2188 625 7198 2187 623 7199 2062 910 7200 2187 623 7201 2063 622 7202 2063 622 7203 2187 623 7204 2186 621 7205 2063 622 7206 2186 621 7207 2064 620 7208 2064 620 7209 2186 621 7210 2185 619 7211 2064 620 7212 2185 619 7213 2065 907 7214 2065 907 7215 2185 619 7216 2184 617 7217 2065 907 7218 2184 617 7219 2066 616 7220 2066 616 7221 2184 617 7222 2183 615 7223 2066 616 7224 2183 615 7225 2067 614 7226 2067 614 7227 2183 615 7228 2182 613 7229</p>
        </polylist>
        <polylist material="__105_229_888-MoveIt-60-TCP-04-material" count="1758">
          <input semantic="VERTEX" source="#Untitled_015-mesh-vertices" offset="0"/>
          <input semantic="NORMAL" source="#Untitled_015-mesh-normals" offset="1"/>
          <input semantic="TEXCOORD" source="#Untitled_015-mesh-map-0" offset="2" set="0"/>
          <vcount>3 3 3 3 3 3 3 3 3 3 3 3 3 3 3 3 3 3 3 3 3 3 3 3 3 3 3 3 3 3 3 3 3 3 3 3 3 3 3 3 3 3 3 3 3 3 3 3 3 3 3 3 3 3 3 3 3 3 3 3 3 3 3 3 3 3 3 3 3 3 3 3 3 3 3 3 3 3 3 3 3 3 3 3 3 3 3 3 3 3 3 3 3 3 3 3 3 3 3 3 3 3 3 3 3 3 3 3 3 3 3 3 3 3 3 3 3 3 3 3 3 3 3 3 3 3 3 3 3 3 3 3 3 3 3 3 3 3 3 3 3 3 3 3 3 3 3 3 3 3 3 3 3 3 3 3 3 3 3 3 3 3 3 3 3 3 3 3 3 3 3 3 3 3 3 3 3 3 3 3 3 3 3 3 3 3 3 3 3 3 3 3 3 3 3 3 3 3 3 3 3 3 3 3 3 3 3 3 3 3 3 3 3 3 3 3 3 3 3 3 3 3 3 3 3 3 3 3 3 3 3 3 3 3 3 3 3 3 3 3 3 3 3 3 3 3 3 3 3 3 3 3 3 3 3 3 3 3 3 3 3 3 3 3 3 3 3 3 3 3 3 3 3 3 3 3 3 3 3 3 3 3 3 3 3 3 3 3 3 3 3 3 3 3 3 3 3 3 3 3 3 3 3 3 3 3 3 3 3 3 3 3 3 3 3 3 3 3 3 3 3 3 3 3 3 3 3 3 3 3 3 3 3 3 3 3 3 3 3 3 3 3 3 3 3 3 3 3 3 3 3 3 3 3 3 3 3 3 3 3 3 3 3 3 3 3 3 3 3 3 3 3 3 3 3 3 3 3 3 3 3 3 3 3 3 3 3 3 3 3 3 3 3 3 3 3 3 3 3 3 3 3 3 3 3 3 3 3 3 3 3 3 3 3 3 3 3 3 3 3 3 3 3 3 3 3 3 3 3 3 3 3 3 3 3 3 3 3 3 3 3 3 3 3 3 3 3 3 3 3 3 3 3 3 3 3 3 3 3 3 3 3 3 3 3 3 3 3 3 3 3 3 3 3 3 3 3 3 3 3 3 3 3 3 3 3 3 3 3 3 3 3 3 3 3 3 3 3 3 3 3 3 3 3 3 3 3 3 3 3 3 3 3 3 3 3 3 3 3 3 3 3 3 3 3 3 3 3 3 3 3 3 3 3 3 3 3 3 3 3 3 3 3 3 3 3 3 3 3 3 3 3 3 3 3 3 3 3 3 3 3 3 3 3 3 3 3 3 3 3 3 3 3 3 3 3 3 3 3 3 3 3 3 3 3 3 3 3 3 3 3 3 3 3 3 3 3 3 3 3 3 3 3 3 3 3 3 3 3 3 3 3 3 3 3 3 3 3 3 3 3 3 3 3 3 3 3 3 3 3 3 3 3 3 3 3 3 3 3 3 3 3 3 3 3 3 3 3 3 3 3 3 3 3 3 3 3 3 3 3 3 3 3 3 3 3 3 3 3 3 3 3 3 3 3 3 3 3 3 3 3 3 3 3 3 3 3 3 3 3 3 3 3 3 3 3 3 3 3 3 3 3 3 3 3 3 3 3 3 3 3 3 3 3 3 3 3 3 3 3 3 3 3 3 3 3 3 3 3 3 3 3 3 3 3 3 3 3 3 3 3 3 3 3 3 3 3 3 3 3 3 3 3 3 3 3 3 3 3 3 3 3 3 3 3 3 3 3 3 3 3 3 3 3 3 3 3 3 3 3 3 3 3 3 3 3 3 3 3 3 3 3 3 3 3 3 3 3 3 3 3 3 3 3 3 3 3 3 3 3 3 3 3 3 3 3 3 3 3 3 3 3 3 3 3 3 3 3 3 3 3 3 3 3 3 3 3 3 3 3 3 3 3 3 3 3 3 3 3 3 3 3 3 3 3 3 3 3 3 3 3 3 3 3 3 3 3 3 3 3 3 3 3 3 3 3 3 3 3 3 3 3 3 3 3 3 3 3 3 3 3 3 3 3 3 3 3 3 3 3 3 3 3 3 3 3 3 3 3 3 3 3 3 3 3 3 3 3 3 3 3 3 3 3 3 3 3 3 3 3 3 3 3 3 3 3 3 3 3 3 3 3 3 3 3 3 3 3 3 3 3 3 3 3 3 3 3 3 3 3 3 3 3 3 3 3 3 3 3 3 3 3 3 3 3 3 3 3 3 3 3 3 3 3 3 3 3 3 3 3 3 3 3 3 3 3 3 3 3 3 3 3 3 3 3 3 3 3 3 3 3 3 3 3 3 3 3 3 3 3 3 3 3 3 3 3 3 3 3 3 3 3 3 3 3 3 3 3 3 3 3 3 3 3 3 3 3 3 3 3 3 3 3 3 3 3 3 3 3 3 3 3 3 3 3 3 3 3 3 3 3 3 3 3 3 3 3 3 3 3 3 3 3 3 3 3 3 3 3 3 3 3 3 3 3 3 3 3 3 3 3 3 3 3 3 3 3 3 3 3 3 3 3 3 3 3 3 3 3 3 3 3 3 3 3 3 3 3 3 3 3 3 3 3 3 3 3 3 3 3 3 3 3 3 3 3 3 3 3 3 3 3 3 3 3 3 3 3 3 3 3 3 3 3 3 3 3 3 3 3 3 3 3 3 3 3 3 3 3 3 3 3 3 3 3 3 3 3 3 3 3 3 3 3 3 3 3 3 3 3 3 3 3 3 3 3 3 3 3 3 3 3 3 3 3 3 3 3 3 3 3 3 3 3 3 3 3 3 3 3 3 3 3 3 3 3 3 3 3 3 3 3 3 3 3 3 3 3 3 3 3 3 3 3 3 3 3 3 3 3 3 3 3 3 3 3 3 3 3 3 3 3 3 3 3 3 3 3 3 3 3 3 3 3 3 3 3 3 3 3 3 3 3 3 3 3 3 3 3 3 3 3 3 3 3 3 3 3 3 3 3 3 3 3 3 3 3 3 3 3 3 3 3 3 3 3 3 3 3 3 3 3 3 3 3 3 3 3 3 3 3 3 3 3 3 3 3 3 3 3 3 3 3 3 3 3 3 3 3 3 3 3 3 3 3 3 3 3 3 3 3 3 3 3 3 3 3 3 3 3 3 3 3 3 3 3 3 3 3 3 3 3 3 3 3 3 3 3 3 3 3 3 3 3 3 3 3 3 3 3 3 3 3 3 3 3 3 3 3 3 3 3 3 3 3 3 3 3 3 3 3 3 3 3 3 3 3 3 3 3 3 3 3 3 3 3 3 3 3 3 3 3 3 3 3 3 3 3 3 3 3 3 3 3 3 3 3 3 3 3 3 3 3 3 3 3 3 3 3 3 3 3 3 3 3 3 3 3 3 3 3 3 3 3 3 3 3 3 3 3 3 3 3 3 3 3 3 3 3 3 3 3 3 3 3 3 3 3 3 3 3 3 3 3 3 3 3 3 3 3 3 3 3 3 3 3 3 3 3 3 3 3 3 3 3 3 3 3 3 3 3 3 3 3 3 3 3 3 3 3 3 3 3 3 3 3 3 3 3 3 3 3 3 3 3 3 3 3 3 3 3 3 3 3 3 3 3 3 3 3 3 3 3 3 3 3 3 3 3 3 3 3 3 3 3 3 3 3 3 3 3 3 3 3 3 3 3 3 3 3 3 3 3 3 3 3 3 3 3 3 3 3 3 3 3 3 3 3 3 3 3 3 3 3 3 3 3 3 3 3 3 3 3 3 3 3 3 3 3 3 3 3 3 3 3 3 3 3 3 3 3 3 3 3 3 3 3 3 3 3 3 3 3 3 3 3 3 3 3 3 3 3 3 3 3 3 3 3 3 3 3 3 3 3 3 3 3 3 3 3 3 3 3 3 3 3 3 3 3 3 3 3 3 3 3 3 3 3 3 3 3 3 3 3 3 3 3 3 3 3 3 3 3 3 3 3 3 3 3 3 3 3 3 3 3 3 3 3 </vcount>
          <p>37 912 7230 1 0 7231 36 913 7232 36 913 7233 1 0 7234 0 2 7235 36 913 7236 0 2 7237 53 914 7238 53 914 7239 0 2 7240 17 4 7241 53 914 7242 17 4 7243 52 915 7244 52 915 7245 17 4 7246 16 6 7247 52 915 7248 16 6 7249 51 916 7250 51 916 7251 16 6 7252 15 8 7253 51 916 7254 15 8 7255 50 917 7256 50 917 7257 15 8 7258 14 10 7259 50 917 7260 14 10 7261 49 918 7262 49 918 7263 14 10 7264 13 12 7265 49 918 7266 13 12 7267 48 919 7268 48 919 7269 13 12 7270 12 14 7271 48 919 7272 12 14 7273 47 920 7274 47 920 7275 12 14 7276 11 16 7277 47 920 7278 11 16 7279 46 921 7280 46 921 7281 11 16 7282 10 18 7283 46 921 7284 10 18 7285 45 922 7286 45 922 7287 10 18 7288 9 20 7289 45 922 7290 9 20 7291 44 923 7292 44 923 7293 9 20 7294 8 22 7295 44 923 7296 8 22 7297 43 924 7298 43 924 7299 8 22 7300 7 24 7301 43 924 7302 7 24 7303 42 925 7304 42 925 7305 7 24 7306 6 26 7307 42 925 7308 6 26 7309 41 926 7310 41 926 7311 6 26 7312 5 28 7313 41 926 7314 5 28 7315 40 927 7316 40 927 7317 5 28 7318 4 30 7319 40 927 7320 4 30 7321 39 928 7322 39 928 7323 4 30 7324 3 32 7325 39 928 7326 3 32 7327 38 929 7328 38 929 7329 3 32 7330 2 34 7331 38 929 7332 2 34 7333 37 912 7334 37 912 7335 2 34 7336 1 0 7337 35 74 7338 41 74 7339 18 74 7340 18 74 7341 41 74 7342 40 74 7343 18 74 7344 40 74 7345 19 74 7346 19 930 7347 40 930 7348 39 930 7349 19 931 7350 39 931 7351 20 931 7352 20 932 7353 39 932 7354 38 932 7355 20 933 7356 38 933 7357 21 933 7358 21 74 7359 38 74 7360 37 74 7361 21 74 7362 37 74 7363 22 74 7364 22 74 7365 37 74 7366 36 74 7367 22 74 7368 36 74 7369 23 74 7370 23 74 7371 36 74 7372 53 74 7373 23 74 7374 53 74 7375 24 74 7376 24 74 7377 53 74 7378 52 74 7379 24 933 7380 52 933 7381 25 933 7382 25 932 7383 52 932 7384 51 932 7385 25 931 7386 51 931 7387 26 931 7388 26 930 7389 51 930 7390 50 930 7391 26 74 7392 50 74 7393 27 74 7394 27 74 7395 50 74 7396 49 74 7397 27 74 7398 49 74 7399 28 74 7400 28 934 7401 49 934 7402 48 934 7403 28 935 7404 48 935 7405 29 935 7406 29 936 7407 48 936 7408 47 936 7409 29 937 7410 47 937 7411 30 937 7412 30 74 7413 47 74 7414 46 74 7415 30 74 7416 46 74 7417 31 74 7418 31 74 7419 46 74 7420 45 74 7421 31 74 7422 45 74 7423 32 74 7424 32 74 7425 45 74 7426 44 74 7427 32 74 7428 44 74 7429 33 74 7430 33 74 7431 44 74 7432 43 74 7433 33 937 7434 43 937 7435 34 937 7436 34 936 7437 43 936 7438 42 936 7439 34 935 7440 42 935 7441 35 935 7442 35 934 7443 42 934 7444 41 934 7445 167 938 7446 168 938 7447 166 938 7448 166 938 7449 168 938 7450 177 938 7451 177 939 7452 168 939 7453 171 939 7454 177 940 7455 171 940 7456 174 940 7457 174 941 7458 171 941 7459 172 941 7460 174 942 7461 172 942 7462 173 942 7463 169 943 7464 170 943 7465 168 943 7466 168 944 7467 170 944 7468 171 944 7469 175 944 7470 176 944 7471 174 944 7472 174 943 7473 176 943 7474 177 943 7475 166 945 7476 178 945 7477 181 945 7478 181 946 7479 178 946 7480 179 946 7481 181 261 7482 179 261 7483 180 261 7484 182 261 7485 183 261 7486 177 261 7487 177 261 7488 183 261 7489 184 261 7490 177 947 7491 184 947 7492 166 947 7493 185 233 7494 186 233 7495 188 233 7496 188 948 7497 186 948 7498 187 948 7499 188 949 7500 187 949 7501 167 949 7502 190 950 7503 117 950 7504 189 950 7505 189 951 7506 117 951 7507 116 951 7508 189 952 7509 116 952 7510 197 952 7511 197 233 7512 116 233 7513 115 233 7514 197 953 7515 115 953 7516 196 953 7517 196 233 7518 115 233 7519 114 233 7520 196 233 7521 114 233 7522 195 233 7523 195 233 7524 114 233 7525 113 233 7526 195 233 7527 113 233 7528 194 233 7529 194 233 7530 113 233 7531 112 233 7532 194 233 7533 112 233 7534 193 233 7535 193 954 7536 112 954 7537 120 954 7538 193 955 7539 120 955 7540 192 955 7541 192 233 7542 120 233 7543 119 233 7544 192 956 7545 119 956 7546 191 956 7547 191 233 7548 119 233 7549 118 233 7550 191 233 7551 118 233 7552 190 233 7553 190 233 7554 118 233 7555 117 233 7556 199 233 7557 135 233 7558 198 233 7559 198 957 7560 135 957 7561 134 957 7562 198 958 7563 134 958 7564 206 958 7565 206 233 7566 134 233 7567 133 233 7568 206 233 7569 133 233 7570 205 233 7571 205 233 7572 133 233 7573 132 233 7574 205 233 7575 132 233 7576 204 233 7577 204 959 7578 132 959 7579 131 959 7580 204 233 7581 131 233 7582 203 233 7583 203 233 7584 131 233 7585 130 233 7586 203 960 7587 130 960 7588 202 960 7589 202 233 7590 130 233 7591 138 233 7592 202 233 7593 138 233 7594 201 233 7595 201 233 7596 138 233 7597 137 233 7598 201 233 7599 137 233 7600 200 233 7601 200 233 7602 137 233 7603 136 233 7604 200 233 7605 136 233 7606 199 233 7607 199 233 7608 136 233 7609 135 233 7610 208 961 7611 126 961 7612 207 961 7613 207 962 7614 126 962 7615 125 962 7616 207 963 7617 125 963 7618 215 963 7619 215 261 7620 125 261 7621 124 261 7622 215 964 7623 124 964 7624 214 964 7625 214 261 7626 124 261 7627 123 261 7628 214 965 7629 123 965 7630 213 965 7631 213 261 7632 123 261 7633 122 261 7634 213 261 7635 122 261 7636 212 261 7637 212 261 7638 122 261 7639 121 261 7640 212 966 7641 121 966 7642 211 966 7643 211 261 7644 121 261 7645 129 261 7646 211 967 7647 129 967 7648 210 967 7649 210 968 7650 129 968 7651 128 968 7652 210 969 7653 128 969 7654 209 969 7655 209 261 7656 128 261 7657 127 261 7658 209 261 7659 127 261 7660 208 261 7661 208 261 7662 127 261 7663 126 261 7664 216 970 7665 340 970 7666 217 970 7667 217 971 7668 340 971 7669 349 971 7670 349 972 7671 340 972 7672 343 972 7673 349 973 7674 343 973 7675 346 973 7676 346 974 7677 343 974 7678 344 974 7679 346 975 7680 344 975 7681 345 975 7682 341 976 7683 342 976 7684 340 976 7685 340 977 7686 342 977 7687 343 977 7688 347 977 7689 348 977 7690 346 977 7691 346 976 7692 348 976 7693 349 976 7694 172 978 7695 350 978 7696 173 978 7697 173 978 7698 350 978 7699 359 978 7700 359 979 7701 350 979 7702 353 979 7703 359 980 7704 353 980 7705 356 980 7706 356 978 7707 353 978 7708 355 978 7709 355 978 7710 353 978 7711 354 978 7712 351 981 7713 352 981 7714 350 981 7715 350 982 7716 352 982 7717 353 982 7718 357 982 7719 358 982 7720 356 982 7721 356 981 7722 358 981 7723 359 981 7724 220 233 7725 219 233 7726 349 233 7727 349 983 7728 219 983 7729 218 983 7730 349 984 7731 218 984 7732 217 984 7733 297 985 7734 360 985 7735 246 985 7736 246 986 7737 360 986 7738 361 986 7739 246 233 7740 361 233 7741 362 233 7742 297 233 7743 296 233 7744 360 233 7745 360 987 7746 296 987 7747 279 987 7748 246 988 7749 362 988 7750 247 988 7751 247 989 7752 362 989 7753 363 989 7754 247 233 7755 363 233 7756 364 233 7757 247 233 7758 364 233 7759 248 233 7760 248 990 7761 364 990 7762 365 990 7763 248 991 7764 365 991 7765 249 991 7766 249 992 7767 365 992 7768 240 992 7769 276 233 7770 303 233 7771 370 233 7772 370 993 7773 303 993 7774 302 993 7775 370 233 7776 302 233 7777 228 233 7778 370 233 7779 228 233 7780 369 233 7781 369 233 7782 228 233 7783 227 233 7784 369 994 7785 227 994 7786 368 994 7787 368 233 7788 227 233 7789 367 233 7790 367 995 7791 227 995 7792 226 995 7793 367 996 7794 226 996 7795 366 996 7796 366 233 7797 226 233 7798 225 233 7799 216 997 7800 239 997 7801 340 997 7802 340 998 7803 239 998 7804 238 998 7805 340 261 7806 238 261 7807 237 261 7808 301 999 7809 371 999 7810 229 999 7811 229 261 7812 371 261 7813 372 261 7814 229 1000 7815 372 1000 7816 230 1000 7817 230 261 7818 372 261 7819 373 261 7820 230 261 7821 373 261 7822 374 261 7823 301 261 7824 300 261 7825 371 261 7826 371 1001 7827 300 1001 7828 253 1001 7829 230 1002 7830 374 1002 7831 231 1002 7832 231 261 7833 374 261 7834 375 261 7835 231 261 7836 375 261 7837 232 261 7838 377 1003 7839 305 1003 7840 376 1003 7841 376 261 7842 305 261 7843 304 261 7844 376 261 7845 304 261 7846 384 261 7847 384 261 7848 304 261 7849 312 261 7850 384 1004 7851 312 1004 7852 383 1004 7853 383 261 7854 312 261 7855 311 261 7856 383 261 7857 311 261 7858 382 261 7859 382 1005 7860 311 1005 7861 310 1005 7862 382 261 7863 310 261 7864 381 261 7865 381 1006 7866 310 1006 7867 309 1006 7868 381 261 7869 309 261 7870 380 261 7871 380 261 7872 309 261 7873 308 261 7874 380 1007 7875 308 1007 7876 379 1007 7877 379 1008 7878 308 1008 7879 307 1008 7880 379 261 7881 307 261 7882 378 261 7883 378 261 7884 307 261 7885 306 261 7886 378 1009 7887 306 1009 7888 377 1009 7889 377 261 7890 306 261 7891 305 261 7892 173 1010 7893 385 1010 7894 174 1010 7895 174 261 7896 385 261 7897 386 261 7898 174 1011 7899 386 1011 7900 387 1011 7901 388 1012 7902 389 1012 7903 359 1012 7904 359 1013 7905 389 1013 7906 390 1013 7907 359 1014 7908 390 1014 7909 173 1014 7910 391 1015 7911 392 1015 7912 171 1015 7913 171 233 7914 392 233 7915 393 233 7916 171 1016 7917 393 1016 7918 172 1016 7919 395 233 7920 332 233 7921 394 233 7922 394 233 7923 332 233 7924 331 233 7925 394 233 7926 331 233 7927 402 233 7928 402 233 7929 331 233 7930 339 233 7931 402 1017 7932 339 1017 7933 401 1017 7934 401 233 7935 339 233 7936 338 233 7937 401 233 7938 338 233 7939 400 233 7940 400 1018 7941 338 1018 7942 337 1018 7943 400 1019 7944 337 1019 7945 399 1019 7946 399 233 7947 337 233 7948 336 233 7949 399 233 7950 336 233 7951 398 233 7952 398 233 7953 336 233 7954 335 233 7955 398 233 7956 335 233 7957 397 233 7958 397 233 7959 335 233 7960 334 233 7961 397 233 7962 334 233 7963 396 233 7964 396 1018 7965 334 1018 7966 333 1018 7967 396 1020 7968 333 1020 7969 395 1020 7970 395 233 7971 333 233 7972 332 233 7973 166 1021 7974 181 1021 7975 167 1021 7976 167 1022 7977 181 1022 7978 188 1022 7979 188 1023 7980 181 1023 7981 526 1023 7982 188 1024 7983 526 1024 7984 527 1024 7985 181 1025 7986 525 1025 7987 526 1025 7988 527 1025 7989 528 1025 7990 188 1025 7991 240 1026 7992 365 1026 7993 241 1026 7994 241 1026 7995 365 1026 7996 541 1026 7997 541 1027 7998 365 1027 7999 531 1027 8000 541 1028 8001 531 1028 8002 538 1028 8003 538 1029 8004 531 1029 8005 532 1029 8006 538 1030 8007 532 1030 8008 537 1030 8009 537 1031 8010 532 1031 8011 535 1031 8012 537 1032 8013 535 1032 8014 536 1032 8015 529 1033 8016 530 1033 8017 365 1033 8018 365 1034 8019 530 1034 8020 531 1034 8021 533 1032 8022 534 1032 8023 532 1032 8024 532 1035 8025 534 1035 8026 535 1035 8027 539 1034 8028 540 1034 8029 538 1034 8030 538 1033 8031 540 1033 8032 541 1033 8033 542 1036 8034 543 1036 8035 353 1036 8036 353 1037 8037 543 1037 8038 544 1037 8039 353 233 8040 544 233 8041 354 233 8042 546 233 8043 495 233 8044 545 233 8045 545 951 8046 495 951 8047 494 951 8048 545 1038 8049 494 1038 8050 553 1038 8051 553 233 8052 494 233 8053 493 233 8054 553 1039 8055 493 1039 8056 552 1039 8057 552 233 8058 493 233 8059 492 233 8060 552 233 8061 492 233 8062 551 233 8063 551 1040 8064 492 1040 8065 491 1040 8066 551 233 8067 491 233 8068 550 233 8069 550 233 8070 491 233 8071 490 233 8072 550 233 8073 490 233 8074 549 233 8075 549 233 8076 490 233 8077 498 233 8078 549 233 8079 498 233 8080 548 233 8081 548 233 8082 498 233 8083 497 233 8084 548 1041 8085 497 1041 8086 547 1041 8087 547 233 8088 497 233 8089 496 233 8090 547 1042 8091 496 1042 8092 546 1042 8093 546 233 8094 496 233 8095 495 233 8096 554 261 8097 555 261 8098 557 261 8099 557 261 8100 555 261 8101 556 261 8102 557 1043 8103 556 1043 8104 355 1043 8105 559 1044 8106 486 1044 8107 558 1044 8108 558 1045 8109 486 1045 8110 485 1045 8111 558 261 8112 485 261 8113 566 261 8114 566 261 8115 485 261 8116 484 261 8117 566 1046 8118 484 1046 8119 565 1046 8120 565 261 8121 484 261 8122 483 261 8123 565 261 8124 483 261 8125 564 261 8126 564 261 8127 483 261 8128 482 261 8129 564 261 8130 482 261 8131 563 261 8132 563 261 8133 482 261 8134 481 261 8135 563 261 8136 481 261 8137 562 261 8138 562 261 8139 481 261 8140 489 261 8141 562 261 8142 489 261 8143 561 261 8144 561 1047 8145 489 1047 8146 488 1047 8147 561 261 8148 488 261 8149 560 261 8150 560 261 8151 488 261 8152 487 261 8153 560 1048 8154 487 1048 8155 559 1048 8156 559 261 8157 487 261 8158 486 261 8159 420 233 8160 432 233 8161 567 233 8162 567 1049 8163 432 1049 8164 431 1049 8165 567 233 8166 431 233 8167 430 233 8168 459 1050 8169 568 1050 8170 425 1050 8171 425 233 8172 568 233 8173 569 233 8174 425 233 8175 569 233 8176 570 233 8177 459 233 8178 458 233 8179 568 233 8180 568 1051 8181 458 1051 8182 457 1051 8183 425 1052 8184 570 1052 8185 426 1052 8186 426 1053 8187 570 1053 8188 571 1053 8189 426 233 8190 571 233 8191 572 233 8192 426 233 8193 572 233 8194 427 233 8195 427 1054 8196 572 1054 8197 346 1054 8198 427 1055 8199 346 1055 8200 428 1055 8201 428 233 8202 346 233 8203 345 233 8204 574 1056 8205 513 1056 8206 573 1056 8207 573 233 8208 513 233 8209 512 233 8210 573 233 8211 512 233 8212 581 233 8213 581 233 8214 512 233 8215 511 233 8216 581 1057 8217 511 1057 8218 580 1057 8219 580 233 8220 511 233 8221 510 233 8222 580 233 8223 510 233 8224 579 233 8225 579 233 8226 510 233 8227 509 233 8228 579 233 8229 509 233 8230 578 233 8231 578 233 8232 509 233 8233 508 233 8234 578 233 8235 508 233 8236 577 233 8237 577 1058 8238 508 1058 8239 516 1058 8240 577 1059 8241 516 1059 8242 576 1059 8243 576 233 8244 516 233 8245 515 233 8246 576 1060 8247 515 1060 8248 575 1060 8249 575 233 8250 515 233 8251 514 233 8252 575 233 8253 514 233 8254 574 233 8255 574 1061 8256 514 1061 8257 513 1061 8258 462 261 8259 461 261 8260 586 261 8261 586 1062 8262 461 1062 8263 460 1062 8264 586 261 8265 460 261 8266 424 261 8267 423 1063 8268 584 1063 8269 424 1063 8270 424 261 8271 584 261 8272 585 261 8273 424 261 8274 585 261 8275 586 261 8276 422 1064 8277 582 1064 8278 423 1064 8279 423 261 8280 582 261 8281 583 261 8282 423 1065 8283 583 1065 8284 584 1065 8285 582 1066 8286 422 1066 8287 343 1066 8288 343 261 8289 422 261 8290 421 261 8291 343 261 8292 421 261 8293 344 261 8294 429 261 8295 440 261 8296 587 261 8297 587 1067 8298 440 1067 8299 439 1067 8300 587 261 8301 439 261 8302 407 261 8303 403 1068 8304 438 1068 8305 592 1068 8306 592 261 8307 438 261 8308 591 261 8309 591 261 8310 438 261 8311 437 261 8312 591 1069 8313 437 1069 8314 590 1069 8315 590 261 8316 437 261 8317 589 261 8318 589 261 8319 437 261 8320 436 261 8321 589 1070 8322 436 1070 8323 588 1070 8324 588 261 8325 436 261 8326 478 261 8327 588 1071 8328 478 1071 8329 477 1071 8330 477 261 8331 476 261 8332 588 261 8333 593 74 8334 594 74 8335 602 74 8336 602 74 8337 594 74 8338 601 74 8339 601 74 8340 594 74 8341 595 74 8342 601 74 8343 595 74 8344 600 74 8345 600 74 8346 595 74 8347 596 74 8348 600 74 8349 596 74 8350 599 74 8351 599 74 8352 596 74 8353 597 74 8354 599 74 8355 597 74 8356 598 74 8357 612 74 8358 603 74 8359 608 74 8360 608 1072 8361 603 1072 8362 604 1072 8363 608 74 8364 604 74 8365 607 74 8366 607 1073 8367 604 1073 8368 605 1073 8369 607 74 8370 605 74 8371 606 74 8372 608 74 8373 609 74 8374 612 74 8375 612 1074 8376 609 1074 8377 611 1074 8378 611 74 8379 609 74 8380 610 74 8381 622 74 8382 613 74 8383 618 74 8384 618 1075 8385 613 1075 8386 614 1075 8387 618 74 8388 614 74 8389 617 74 8390 617 1073 8391 614 1073 8392 615 1073 8393 617 74 8394 615 74 8395 616 74 8396 618 74 8397 619 74 8398 622 74 8399 622 1074 8400 619 1074 8401 621 1074 8402 621 74 8403 619 74 8404 620 74 8405 632 74 8406 623 74 8407 628 74 8408 628 1076 8409 623 1076 8410 624 1076 8411 628 74 8412 624 74 8413 627 74 8414 627 1073 8415 624 1073 8416 625 1073 8417 627 74 8418 625 74 8419 626 74 8420 628 74 8421 629 74 8422 632 74 8423 632 1074 8424 629 1074 8425 631 1074 8426 631 74 8427 629 74 8428 630 74 8429 634 74 8430 642 74 8431 633 74 8432 633 1077 8433 642 1077 8434 643 1077 8435 633 74 8436 643 74 8437 648 74 8438 648 1078 8439 643 1078 8440 644 1078 8441 648 1079 8442 644 1079 8443 645 1079 8444 635 74 8445 640 74 8446 634 74 8447 634 1080 8448 640 1080 8449 641 1080 8450 634 74 8451 641 74 8452 642 74 8453 636 74 8454 637 74 8455 635 74 8456 635 74 8457 637 74 8458 638 74 8459 635 1081 8460 638 1081 8461 639 1081 8462 639 74 8463 640 74 8464 635 74 8465 645 74 8466 646 74 8467 648 74 8468 648 1082 8469 646 1082 8470 647 1082 8471 650 74 8472 657 74 8473 649 74 8474 649 74 8475 657 74 8476 658 74 8477 649 74 8478 658 74 8479 662 74 8480 662 74 8481 658 74 8482 661 74 8483 661 74 8484 658 74 8485 659 74 8486 661 1083 8487 659 1083 8488 660 1083 8489 651 74 8490 653 74 8491 650 74 8492 650 74 8493 653 74 8494 654 74 8495 650 74 8496 654 74 8497 657 74 8498 657 74 8499 654 74 8500 656 74 8501 656 1084 8502 654 1084 8503 655 1084 8504 651 1085 8505 652 1085 8506 653 1085 8507 663 74 8508 664 74 8509 662 74 8510 662 74 8511 664 74 8512 649 74 8513 674 1086 8514 665 1086 8515 670 1086 8516 670 1087 8517 665 1087 8518 666 1087 8519 670 74 8520 666 74 8521 669 74 8522 669 1073 8523 666 1073 8524 667 1073 8525 669 74 8526 667 74 8527 668 74 8528 670 74 8529 671 74 8530 674 74 8531 674 1088 8532 671 1088 8533 673 1088 8534 673 74 8535 671 74 8536 672 74 8537 684 1086 8538 675 1086 8539 680 1086 8540 680 1087 8541 675 1087 8542 676 1087 8543 680 74 8544 676 74 8545 679 74 8546 679 1089 8547 676 1089 8548 677 1089 8549 679 74 8550 677 74 8551 678 74 8552 680 74 8553 681 74 8554 684 74 8555 684 1074 8556 681 1074 8557 683 1074 8558 683 74 8559 681 74 8560 682 74 8561 685 74 8562 686 74 8563 694 74 8564 694 74 8565 686 74 8566 693 74 8567 693 74 8568 686 74 8569 687 74 8570 693 74 8571 687 74 8572 692 74 8573 692 74 8574 687 74 8575 688 74 8576 692 74 8577 688 74 8578 691 74 8579 691 74 8580 688 74 8581 689 74 8582 691 74 8583 689 74 8584 690 74 8585 695 74 8586 696 74 8587 704 74 8588 704 74 8589 696 74 8590 703 74 8591 703 74 8592 696 74 8593 697 74 8594 703 74 8595 697 74 8596 702 74 8597 702 74 8598 697 74 8599 698 74 8600 702 74 8601 698 74 8602 701 74 8603 701 74 8604 698 74 8605 699 74 8606 701 74 8607 699 74 8608 700 74 8609 705 1090 8610 706 1090 8611 714 1090 8612 714 74 8613 706 74 8614 707 74 8615 714 1091 8616 707 1091 8617 713 1091 8618 713 74 8619 707 74 8620 708 74 8621 713 74 8622 708 74 8623 712 74 8624 712 1092 8625 708 1092 8626 711 1092 8627 711 74 8628 708 74 8629 709 74 8630 711 1093 8631 709 1093 8632 710 1093 8633 716 1094 8634 719 1094 8635 715 1094 8636 715 74 8637 719 74 8638 720 74 8639 715 74 8640 720 74 8641 721 74 8642 717 74 8643 718 74 8644 716 74 8645 716 1095 8646 718 1095 8647 719 1095 8648 715 1096 8649 721 1096 8650 724 1096 8651 724 1097 8652 721 1097 8653 722 1097 8654 724 1098 8655 722 1098 8656 723 1098 8657 726 74 8658 729 74 8659 725 74 8660 725 74 8661 729 74 8662 730 74 8663 725 74 8664 730 74 8665 734 74 8666 734 74 8667 730 74 8668 731 74 8669 734 74 8670 731 74 8671 733 74 8672 733 74 8673 731 74 8674 732 74 8675 727 74 8676 728 74 8677 726 74 8678 726 74 8679 728 74 8680 729 74 8681 744 1099 8682 735 1099 8683 740 1099 8684 740 1100 8685 735 1100 8686 736 1100 8687 740 74 8688 736 74 8689 739 74 8690 739 1101 8691 736 1101 8692 737 1101 8693 739 74 8694 737 74 8695 738 74 8696 740 74 8697 741 74 8698 744 74 8699 744 74 8700 741 74 8701 743 74 8702 743 74 8703 741 74 8704 742 74 8705 745 74 8706 746 74 8707 753 74 8708 753 74 8709 746 74 8710 752 74 8711 752 74 8712 746 74 8713 747 74 8714 752 74 8715 747 74 8716 751 74 8717 751 74 8718 747 74 8719 748 74 8720 751 74 8721 748 74 8722 750 74 8723 750 74 8724 748 74 8725 749 74 8726 755 74 8727 758 74 8728 754 74 8729 754 74 8730 758 74 8731 759 74 8732 754 74 8733 759 74 8734 762 74 8735 762 1102 8736 759 1102 8737 760 1102 8738 762 74 8739 760 74 8740 761 74 8741 756 74 8742 757 74 8743 755 74 8744 755 1103 8745 757 1103 8746 758 1103 8747 764 74 8748 767 74 8749 763 74 8750 763 74 8751 767 74 8752 768 74 8753 763 74 8754 768 74 8755 771 74 8756 771 1104 8757 768 1104 8758 769 1104 8759 771 1105 8760 769 1105 8761 770 1105 8762 765 1106 8763 766 1106 8764 764 1106 8765 764 1107 8766 766 1107 8767 767 1107 8768 773 1108 8769 776 1108 8770 772 1108 8771 772 74 8772 776 74 8773 777 74 8774 772 1109 8775 777 1109 8776 780 1109 8777 780 1110 8778 777 1110 8779 778 1110 8780 780 1111 8781 778 1111 8782 779 1111 8783 774 1112 8784 775 1112 8785 773 1112 8786 773 1113 8787 775 1113 8788 776 1113 8789 782 74 8790 785 74 8791 781 74 8792 781 74 8793 785 74 8794 786 74 8795 781 74 8796 786 74 8797 789 74 8798 789 1114 8799 786 1114 8800 787 1114 8801 789 74 8802 787 74 8803 788 74 8804 783 74 8805 784 74 8806 782 74 8807 782 1107 8808 784 1107 8809 785 1107 8810 791 1115 8811 794 1115 8812 790 1115 8813 790 74 8814 794 74 8815 795 74 8816 790 1116 8817 795 1116 8818 798 1116 8819 798 1117 8820 795 1117 8821 796 1117 8822 798 74 8823 796 74 8824 797 74 8825 792 1118 8826 793 1118 8827 791 1118 8828 791 1114 8829 793 1114 8830 794 1114 8831 800 74 8832 803 74 8833 799 74 8834 799 74 8835 803 74 8836 804 74 8837 799 74 8838 804 74 8839 807 74 8840 807 1119 8841 804 1119 8842 805 1119 8843 807 74 8844 805 74 8845 806 74 8846 801 74 8847 802 74 8848 800 74 8849 800 1117 8850 802 1117 8851 803 1117 8852 809 1120 8853 812 1120 8854 808 1120 8855 808 74 8856 812 74 8857 813 74 8858 808 1115 8859 813 1115 8860 816 1115 8861 816 1121 8862 813 1121 8863 814 1121 8864 816 1122 8865 814 1122 8866 815 1122 8867 810 1123 8868 811 1123 8869 809 1123 8870 809 1124 8871 811 1124 8872 812 1124 8873 817 74 8874 818 74 8875 820 74 8876 820 74 8877 818 74 8878 819 74 8879 822 1125 8880 852 1126 8881 821 1127 8882 821 1127 8883 852 1126 8884 853 1128 8885 821 1127 8886 853 1128 8887 838 1129 8888 838 1129 8889 853 1128 8890 854 1130 8891 838 1129 8892 854 1130 8893 837 1131 8894 837 1131 8895 854 1130 8896 855 1132 8897 837 1131 8898 855 1132 8899 836 1133 8900 836 1133 8901 855 1132 8902 856 1134 8903 836 1133 8904 856 1134 8905 835 1135 8906 835 1135 8907 856 1134 8908 839 1136 8909 835 1135 8910 839 1136 8911 834 1137 8912 834 1137 8913 839 1136 8914 840 1138 8915 834 1137 8916 840 1138 8917 833 1139 8918 833 1139 8919 840 1138 8920 841 1140 8921 833 1139 8922 841 1140 8923 832 1141 8924 832 1141 8925 841 1140 8926 842 1142 8927 832 1141 8928 842 1142 8929 831 1143 8930 831 1143 8931 842 1142 8932 843 1144 8933 831 1143 8934 843 1144 8935 830 1145 8936 830 1145 8937 843 1144 8938 844 1146 8939 830 1145 8940 844 1146 8941 829 1147 8942 829 1147 8943 844 1146 8944 845 1148 8945 829 1147 8946 845 1148 8947 828 1149 8948 828 1149 8949 845 1148 8950 846 1150 8951 828 1149 8952 846 1150 8953 827 1151 8954 827 1151 8955 846 1150 8956 847 1152 8957 827 1151 8958 847 1152 8959 826 1153 8960 826 1153 8961 847 1152 8962 848 1154 8963 826 1153 8964 848 1154 8965 825 1155 8966 825 1155 8967 848 1154 8968 849 1156 8969 825 1155 8970 849 1156 8971 824 1157 8972 824 1157 8973 849 1156 8974 850 1158 8975 824 1157 8976 850 1158 8977 823 1159 8978 823 1159 8979 850 1158 8980 851 1160 8981 823 1159 8982 851 1160 8983 822 1125 8984 822 1125 8985 851 1160 8986 852 1126 8987 857 1161 8988 858 1162 8989 866 691 8990 866 691 8991 858 1162 8992 865 1163 8993 866 691 8994 865 1163 8995 818 681 8996 818 681 8997 865 1163 8998 819 1164 8999 858 1162 9000 859 1165 9001 865 1163 9002 865 1163 9003 859 1165 9004 864 1166 9005 864 1166 9006 859 1165 9007 860 1167 9008 864 1166 9009 860 1167 9010 863 1168 9011 863 1168 9012 860 1167 9013 861 1169 9014 863 1168 9015 861 1169 9016 862 1170 9017 874 1171 9018 867 1172 9019 873 1173 9020 873 1173 9021 867 1172 9022 868 1174 9023 873 1173 9024 868 1174 9025 869 1175 9026 873 1173 9027 869 1175 9028 872 1176 9029 872 1176 9030 869 1175 9031 870 1177 9032 872 1176 9033 870 1177 9034 871 1178 9035 354 1179 9036 875 1179 9037 355 1179 9038 355 1180 9039 875 1180 9040 557 1180 9041 557 1181 9042 875 1181 9043 878 1181 9044 557 1182 9045 878 1182 9046 879 1182 9047 876 1182 9048 877 1182 9049 875 1182 9050 875 1183 9051 877 1183 9052 878 1183 9053 429 1184 9054 587 1184 9055 430 1184 9056 430 1185 9057 587 1185 9058 567 1185 9059 567 1186 9060 587 1186 9061 871 1186 9062 567 1187 9063 871 1187 9064 870 1187 9065 587 1188 9066 880 1188 9067 871 1188 9068 870 1188 9069 881 1188 9070 567 1188 9071 861 1189 9072 170 1189 9073 882 1189 9074 882 1190 9075 170 1190 9076 169 1190 9077 882 1191 9078 169 1191 9079 528 1191 9080 528 261 9081 169 261 9082 901 261 9083 528 1192 9084 901 1192 9085 902 1192 9086 860 1193 9087 877 1193 9088 861 1193 9089 861 261 9090 877 261 9091 876 261 9092 861 1194 9093 876 1194 9094 352 1194 9095 352 261 9096 876 261 9097 919 261 9098 352 1195 9099 919 1195 9100 920 1195 9101 860 1196 9102 859 1196 9103 877 1196 9104 877 261 9105 859 261 9106 977 261 9107 977 261 9108 859 261 9109 858 261 9110 977 261 9111 858 261 9112 976 261 9113 976 261 9114 858 261 9115 857 261 9116 976 261 9117 857 261 9118 975 261 9119 975 261 9120 857 261 9121 867 261 9122 867 261 9123 857 261 9124 883 261 9125 867 261 9126 883 261 9127 868 261 9128 868 261 9129 883 261 9130 884 261 9131 868 1197 9132 884 1197 9133 869 1197 9134 869 261 9135 884 261 9136 885 261 9137 869 261 9138 885 261 9139 870 261 9140 870 1198 9141 885 1198 9142 886 1198 9143 870 1199 9144 886 1199 9145 887 1199 9146 888 1189 9147 529 1189 9148 887 1189 9149 887 1200 9150 529 1200 9151 348 1200 9152 887 1190 9153 348 1190 9154 347 1190 9155 889 261 9156 953 261 9157 888 261 9158 888 1201 9159 953 1201 9160 534 1201 9161 888 261 9162 534 261 9163 533 261 9164 953 1202 9165 889 1202 9166 952 1202 9167 952 261 9168 889 261 9169 890 261 9170 952 1203 9171 890 1203 9172 951 1203 9173 951 1204 9174 890 1204 9175 891 1204 9176 951 261 9177 891 261 9178 950 261 9179 950 1204 9180 891 1204 9181 892 1204 9182 950 1205 9183 892 1205 9184 949 1205 9185 949 261 9186 892 261 9187 893 261 9188 949 1206 9189 893 1206 9190 948 1206 9191 948 261 9192 893 261 9193 882 261 9194 948 261 9195 882 261 9196 527 261 9197 527 261 9198 882 261 9199 528 261 9200 895 1207 9201 998 1207 9202 894 1207 9203 894 261 9204 998 261 9205 528 261 9206 894 1208 9207 528 1208 9208 902 1208 9209 998 261 9210 895 261 9211 997 261 9212 997 1209 9213 895 1209 9214 896 1209 9215 997 261 9216 896 261 9217 994 261 9218 994 1210 9219 896 1210 9220 897 1210 9221 994 1211 9222 897 1211 9223 993 1211 9224 993 1212 9225 897 1212 9226 898 1212 9227 993 261 9228 898 261 9229 992 261 9230 992 1213 9231 898 1213 9232 899 1213 9233 992 261 9234 899 261 9235 900 261 9236 992 261 9237 900 261 9238 169 261 9239 169 261 9240 900 261 9241 901 261 9242 904 261 9243 991 261 9244 903 261 9245 903 261 9246 991 261 9247 170 261 9248 903 1214 9249 170 1214 9250 911 1214 9251 911 1215 9252 170 1215 9253 910 1215 9254 910 1216 9255 170 1216 9256 351 1216 9257 910 261 9258 351 261 9259 909 261 9260 909 261 9261 351 261 9262 985 261 9263 909 1217 9264 985 1217 9265 908 1217 9266 908 261 9267 985 261 9268 907 261 9269 907 261 9270 985 261 9271 986 261 9272 907 261 9273 986 261 9274 906 261 9275 906 261 9276 986 261 9277 987 261 9278 906 261 9279 987 261 9280 905 261 9281 905 261 9282 987 261 9283 990 261 9284 905 261 9285 990 261 9286 904 261 9287 904 261 9288 990 261 9289 991 261 9290 913 261 9291 984 261 9292 912 261 9293 912 1218 9294 984 1218 9295 352 1218 9296 912 261 9297 352 261 9298 920 261 9299 984 261 9300 913 261 9301 983 261 9302 983 1219 9303 913 1219 9304 914 1219 9305 983 261 9306 914 261 9307 980 261 9308 980 1220 9309 914 1220 9310 915 1220 9311 980 261 9312 915 261 9313 979 261 9314 979 261 9315 915 261 9316 916 261 9317 979 261 9318 916 261 9319 978 261 9320 978 261 9321 916 261 9322 917 261 9323 978 261 9324 917 261 9325 918 261 9326 978 261 9327 918 261 9328 876 261 9329 876 261 9330 918 261 9331 919 261 9332 922 261 9333 533 261 9334 921 261 9335 921 261 9336 533 261 9337 954 261 9338 921 1207 9339 954 1207 9340 929 1207 9341 929 261 9342 954 261 9343 955 261 9344 929 1221 9345 955 1221 9346 928 1221 9347 928 1222 9348 955 1222 9349 958 1222 9350 928 261 9351 958 261 9352 927 261 9353 927 1223 9354 958 1223 9355 959 1223 9356 927 261 9357 959 261 9358 926 261 9359 926 261 9360 959 261 9361 960 261 9362 926 1224 9363 960 1224 9364 925 1224 9365 925 261 9366 960 261 9367 924 261 9368 924 261 9369 960 261 9370 530 261 9371 924 261 9372 530 261 9373 923 261 9374 923 261 9375 530 261 9376 533 261 9377 923 1225 9378 533 1225 9379 922 1225 9380 931 261 9381 529 261 9382 930 261 9383 930 261 9384 529 261 9385 961 261 9386 930 261 9387 961 261 9388 938 261 9389 938 261 9390 961 261 9391 962 261 9392 938 261 9393 962 261 9394 937 261 9395 937 261 9396 962 261 9397 965 261 9398 937 261 9399 965 261 9400 936 261 9401 936 261 9402 965 261 9403 966 261 9404 936 261 9405 966 261 9406 935 261 9407 935 261 9408 966 261 9409 967 261 9410 935 1226 9411 967 1226 9412 934 1226 9413 934 261 9414 967 261 9415 933 261 9416 933 261 9417 967 261 9418 348 261 9419 933 261 9420 348 261 9421 932 261 9422 932 1216 9423 348 1216 9424 529 1216 9425 932 1215 9426 529 1215 9427 931 1215 9428 940 261 9429 347 261 9430 939 261 9431 939 1218 9432 347 1218 9433 968 1218 9434 939 261 9435 968 261 9436 947 261 9437 947 261 9438 968 261 9439 969 261 9440 947 1219 9441 969 1219 9442 946 1219 9443 946 1227 9444 969 1227 9445 972 1227 9446 946 261 9447 972 261 9448 945 261 9449 945 261 9450 972 261 9451 973 261 9452 945 261 9453 973 261 9454 944 261 9455 944 261 9456 973 261 9457 974 261 9458 944 1228 9459 974 1228 9460 943 1228 9461 943 261 9462 974 261 9463 942 261 9464 942 261 9465 974 261 9466 881 261 9467 942 261 9468 881 261 9469 941 261 9470 941 261 9471 881 261 9472 347 261 9473 941 1229 9474 347 1229 9475 940 1229 9476 955 261 9477 956 261 9478 958 261 9479 958 1230 9480 956 1230 9481 957 1230 9482 533 261 9483 530 261 9484 888 261 9485 888 1190 9486 530 1190 9487 529 1190 9488 962 1231 9489 963 1231 9490 965 1231 9491 965 1232 9492 963 1232 9493 964 1232 9494 969 1233 9495 970 1233 9496 972 1233 9497 972 1234 9498 970 1234 9499 971 1234 9500 347 261 9501 881 261 9502 887 261 9503 887 261 9504 881 261 9505 870 261 9506 981 261 9507 982 261 9508 980 261 9509 980 1235 9510 982 1235 9511 983 1235 9512 352 1236 9513 351 1236 9514 861 1236 9515 861 1200 9516 351 1200 9517 170 1200 9518 988 261 9519 989 261 9520 987 261 9521 987 1237 9522 989 1237 9523 990 1237 9524 995 1230 9525 996 1230 9526 994 1230 9527 994 261 9528 996 261 9529 997 261 9530 819 233 9531 1093 233 9532 820 233 9533 820 233 9534 1093 233 9535 874 233 9536 820 233 9537 874 233 9538 873 233 9539 1093 233 9540 819 233 9541 1092 233 9542 1092 233 9543 819 233 9544 865 233 9545 1092 1238 9546 865 1238 9547 1091 1238 9548 1091 233 9549 865 233 9550 864 233 9551 1091 233 9552 864 233 9553 878 233 9554 878 1239 9555 864 1239 9556 863 1239 9557 878 1240 9558 863 1240 9559 862 1240 9560 999 1241 9561 175 1241 9562 862 1241 9563 862 1242 9564 175 1242 9565 358 1242 9566 862 1243 9567 358 1243 9568 357 1243 9569 1000 233 9570 1069 233 9571 999 233 9572 999 1244 9573 1069 1244 9574 526 1244 9575 999 233 9576 526 233 9577 525 233 9578 1069 1245 9579 1000 1245 9580 1068 1245 9581 1068 233 9582 1000 233 9583 1001 233 9584 1068 1246 9585 1001 1246 9586 1067 1246 9587 1067 1247 9588 1001 1247 9589 1002 1247 9590 1067 233 9591 1002 233 9592 1066 233 9593 1066 1247 9594 1002 1247 9595 1003 1247 9596 1066 1248 9597 1003 1248 9598 1065 1248 9599 1065 233 9600 1003 233 9601 1004 233 9602 1065 1249 9603 1004 1249 9604 1064 1249 9605 1064 233 9606 1004 233 9607 1005 233 9608 1064 233 9609 1005 233 9610 535 233 9611 535 233 9612 1005 233 9613 536 233 9614 536 233 9615 1005 233 9616 539 233 9617 536 233 9618 539 233 9619 1035 233 9620 1035 233 9621 539 233 9622 1034 233 9623 1034 233 9624 539 233 9625 1108 233 9626 1034 1250 9627 1108 1250 9628 1033 1250 9629 1033 1251 9630 1108 1251 9631 1032 1251 9632 1032 233 9633 1108 233 9634 1109 233 9635 1032 1252 9636 1109 1252 9637 1031 1252 9638 1031 1253 9639 1109 1253 9640 1110 1253 9641 1031 233 9642 1110 233 9643 1030 233 9644 1030 1254 9645 1110 1254 9646 1113 1254 9647 1030 233 9648 1113 233 9649 1029 233 9650 1029 233 9651 1113 233 9652 1114 233 9653 1029 1255 9654 1114 1255 9655 1028 1255 9656 1028 233 9657 1114 233 9658 536 233 9659 1028 1256 9660 536 1256 9661 1036 1256 9662 1036 1257 9663 536 1257 9664 1035 1257 9665 539 1258 9666 1005 1258 9667 540 1258 9668 540 233 9669 1005 233 9670 1006 233 9671 540 233 9672 1006 233 9673 341 233 9674 341 1259 9675 1006 1259 9676 342 1259 9677 342 233 9678 1006 233 9679 880 233 9680 342 233 9681 880 233 9682 1017 233 9683 1017 233 9684 880 233 9685 1016 233 9686 1016 233 9687 880 233 9688 1094 233 9689 1016 1260 9690 1094 1260 9691 1015 1260 9692 1015 233 9693 1094 233 9694 1014 233 9695 1014 233 9696 1094 233 9697 1095 233 9698 1014 233 9699 1095 233 9700 1013 233 9701 1013 233 9702 1095 233 9703 1096 233 9704 1013 233 9705 1096 233 9706 1012 233 9707 1012 1261 9708 1096 1261 9709 1099 1261 9710 1012 233 9711 1099 233 9712 1011 233 9713 1011 233 9714 1099 233 9715 1100 233 9716 1011 233 9717 1100 233 9718 1010 233 9719 1010 1262 9720 1100 1262 9721 342 1262 9722 1010 233 9723 342 233 9724 1018 233 9725 1018 1263 9726 342 1263 9727 1017 1263 9728 880 233 9729 1006 233 9730 871 233 9731 871 1240 9732 1006 1240 9733 1007 1240 9734 871 1239 9735 1007 1239 9736 1008 1239 9737 871 233 9738 1008 233 9739 872 233 9740 872 233 9741 1008 233 9742 1009 233 9743 872 233 9744 1009 233 9745 873 233 9746 873 233 9747 1009 233 9748 820 233 9749 1020 233 9750 1107 233 9751 1019 233 9752 1019 233 9753 1107 233 9754 540 233 9755 1019 1264 9756 540 1264 9757 1027 1264 9758 1027 1265 9759 540 1265 9760 1026 1265 9761 1026 1266 9762 540 1266 9763 341 1266 9764 1026 233 9765 341 233 9766 1025 233 9767 1025 233 9768 341 233 9769 1101 233 9770 1025 1267 9771 1101 1267 9772 1024 1267 9773 1024 233 9774 1101 233 9775 1023 233 9776 1023 233 9777 1101 233 9778 1102 233 9779 1023 233 9780 1102 233 9781 1022 233 9782 1022 233 9783 1102 233 9784 1103 233 9785 1022 233 9786 1103 233 9787 1021 233 9788 1021 233 9789 1103 233 9790 1106 233 9791 1021 233 9792 1106 233 9793 1020 233 9794 1020 233 9795 1106 233 9796 1107 233 9797 1038 233 9798 357 233 9799 1037 233 9800 1037 1262 9801 357 1262 9802 1084 1262 9803 1037 233 9804 1084 233 9805 1045 233 9806 1045 233 9807 1084 233 9808 1085 233 9809 1045 1268 9810 1085 1268 9811 1044 1268 9812 1044 1261 9813 1085 1261 9814 1088 1261 9815 1044 233 9816 1088 233 9817 1043 233 9818 1043 233 9819 1088 233 9820 1089 233 9821 1043 233 9822 1089 233 9823 1042 233 9824 1042 233 9825 1089 233 9826 1090 233 9827 1042 1269 9828 1090 1269 9829 1041 1269 9830 1041 233 9831 1090 233 9832 1040 233 9833 1040 233 9834 1090 233 9835 879 233 9836 1040 233 9837 879 233 9838 1039 233 9839 1039 233 9840 879 233 9841 357 233 9842 1039 1263 9843 357 1263 9844 1038 1263 9845 1047 233 9846 175 233 9847 1046 233 9848 1046 233 9849 175 233 9850 1077 233 9851 1046 233 9852 1077 233 9853 1054 233 9854 1054 233 9855 1077 233 9856 1078 233 9857 1054 233 9858 1078 233 9859 1053 233 9860 1053 233 9861 1078 233 9862 1081 233 9863 1053 233 9864 1081 233 9865 1052 233 9866 1052 233 9867 1081 233 9868 1082 233 9869 1052 233 9870 1082 233 9871 1051 233 9872 1051 233 9873 1082 233 9874 1083 233 9875 1051 1270 9876 1083 1270 9877 1050 1270 9878 1050 233 9879 1083 233 9880 1049 233 9881 1049 233 9882 1083 233 9883 358 233 9884 1049 233 9885 358 233 9886 1048 233 9887 1048 1266 9888 358 1266 9889 175 1266 9890 1048 1265 9891 175 1265 9892 1047 1265 9893 1056 233 9894 525 233 9895 1055 233 9896 1055 233 9897 525 233 9898 1070 233 9899 1055 1255 9900 1070 1255 9901 1063 1255 9902 1063 233 9903 1070 233 9904 1071 233 9905 1063 1271 9906 1071 1271 9907 1062 1271 9908 1062 1254 9909 1071 1254 9910 1074 1254 9911 1062 233 9912 1074 233 9913 1061 233 9914 1061 1253 9915 1074 1253 9916 1075 1253 9917 1061 233 9918 1075 233 9919 1060 233 9920 1060 233 9921 1075 233 9922 1076 233 9923 1060 1272 9924 1076 1272 9925 1059 1272 9926 1059 233 9927 1076 233 9928 1058 233 9929 1058 233 9930 1076 233 9931 176 233 9932 1058 233 9933 176 233 9934 1057 233 9935 1057 233 9936 176 233 9937 525 233 9938 1057 1257 9939 525 1257 9940 1056 1257 9941 1071 233 9942 1072 233 9943 1074 233 9944 1074 1273 9945 1072 1273 9946 1073 1273 9947 525 233 9948 176 233 9949 999 233 9950 999 1243 9951 176 1243 9952 175 1243 9953 1078 1274 9954 1079 1274 9955 1081 1274 9956 1081 1275 9957 1079 1275 9958 1080 1275 9959 1085 1276 9960 1086 1276 9961 1088 1276 9962 1088 1277 9963 1086 1277 9964 1087 1277 9965 357 233 9966 879 233 9967 862 233 9968 862 233 9969 879 233 9970 878 233 9971 1097 233 9972 1098 233 9973 1096 233 9974 1096 1278 9975 1098 1278 9976 1099 1278 9977 1104 233 9978 1105 233 9979 1103 233 9980 1103 1279 9981 1105 1279 9982 1106 1279 9983 1111 1273 9984 1112 1273 9985 1110 1273 9986 1110 233 9987 1112 233 9988 1113 233 9989 999 1280 9990 862 1280 9991 882 1280 9992 882 1280 9993 862 1280 9994 861 1280 9995 866 74 9996 1115 74 9997 857 74 9998 857 74 9999 1115 74 10000 883 74 10001 888 1281 10002 887 1281 10003 1005 1281 10004 1005 1281 10005 887 1281 10006 1006 1281 10007 882 1282 10008 893 1283 10009 999 1284 10010 999 1284 10011 893 1283 10012 1000 1285 10013 1000 1285 10014 893 1283 10015 1001 1286 10016 1001 1286 10017 893 1283 10018 892 1287 10019 1001 1286 10020 892 1287 10021 1002 1288 10022 1002 1288 10023 892 1287 10024 891 1289 10025 1002 1288 10026 891 1289 10027 1003 1290 10028 1003 1290 10029 891 1289 10030 890 1291 10031 1003 1290 10032 890 1291 10033 1004 1292 10034 1004 1292 10035 890 1291 10036 889 1293 10037 1004 1292 10038 889 1293 10039 888 1294 10040 888 1294 10041 1005 1295 10042 1004 1292 10043 951 1296 10044 1066 1297 10045 952 1298 10046 952 1298 10047 1066 1297 10048 1065 1299 10049 952 1298 10050 1065 1299 10051 1064 1300 10052 952 1298 10053 1064 1300 10054 953 1301 10055 953 1301 10056 1064 1300 10057 535 1302 10058 953 1301 10059 535 1302 10060 534 1303 10061 526 1304 10062 1069 1305 10063 527 1306 10064 527 1306 10065 1069 1305 10066 948 1307 10067 948 1307 10068 1069 1305 10069 1068 1308 10070 948 1307 10071 1068 1308 10072 949 1309 10073 949 1309 10074 1068 1308 10075 950 1310 10076 950 1310 10077 1068 1308 10078 1067 1311 10079 887 1312 10080 886 1313 10081 1006 1314 10082 1006 1314 10083 886 1313 10084 1007 1315 10085 1007 1315 10086 886 1313 10087 885 1316 10088 1007 1315 10089 885 1316 10090 1008 1317 10091 1008 1317 10092 885 1316 10093 884 1318 10094 1008 1317 10095 884 1318 10096 1009 1319 10097 1009 1319 10098 884 1318 10099 817 678 10100 1009 1319 10101 817 678 10102 820 1320 10103 883 1321 10104 1115 689 10105 884 1318 10106 884 1318 10107 1115 689 10108 817 678 10109 877 1322 10110 977 1323 10111 878 1324 10112 878 1324 10113 977 1323 10114 1091 1325 10115 1091 1325 10116 977 1323 10117 976 1326 10118 1091 1325 10119 976 1326 10120 1092 1327 10121 1092 1327 10122 976 1326 10123 1093 1328 10124 1093 1328 10125 976 1326 10126 975 1329 10127 985 1330 10128 351 1330 10129 1116 1330 10130 1116 1331 10131 351 1331 10132 350 1331 10133 354 1332 10134 1117 1332 10135 875 1332 10136 875 233 10137 1117 233 10138 1118 233 10139 875 233 10140 1118 233 10141 1119 233 10142 553 1333 10143 912 1334 10144 545 1335 10145 545 1335 10146 912 1334 10147 920 1336 10148 545 1335 10149 920 1336 10150 546 1337 10151 546 1337 10152 920 1336 10153 919 1338 10154 546 1337 10155 919 1338 10156 547 1339 10157 547 1339 10158 919 1338 10159 918 1340 10160 547 1339 10161 918 1340 10162 548 1341 10163 548 1341 10164 918 1340 10165 917 1342 10166 548 1341 10167 917 1342 10168 549 1343 10169 549 1343 10170 917 1342 10171 916 1344 10172 549 1343 10173 916 1344 10174 550 1345 10175 550 1345 10176 916 1344 10177 915 1346 10178 550 1345 10179 915 1346 10180 551 1347 10181 551 1347 10182 915 1346 10183 914 1348 10184 551 1347 10185 914 1348 10186 552 1349 10187 552 1349 10188 914 1348 10189 913 1350 10190 552 1349 10191 913 1350 10192 553 1333 10193 553 1333 10194 913 1350 10195 912 1334 10196 352 1351 10197 984 1351 10198 353 1351 10199 353 1352 10200 984 1352 10201 542 1352 10202 978 1353 10203 876 1353 10204 1119 1353 10205 1119 1354 10206 876 1354 10207 875 1354 10208 522 1355 10209 980 1356 10210 444 1357 10211 444 1357 10212 980 1356 10213 979 1358 10214 444 1357 10215 979 1358 10216 445 1359 10217 445 1359 10218 979 1358 10219 1089 1360 10220 445 1359 10221 1089 1360 10222 1088 1361 10223 980 1356 10224 522 1355 10225 981 1362 10226 981 1362 10227 522 1355 10228 521 1363 10229 981 1362 10230 521 1363 10231 982 1364 10232 982 1364 10233 521 1363 10234 449 1365 10235 982 1364 10236 449 1365 10237 983 1366 10238 983 1366 10239 449 1365 10240 456 1367 10241 983 1366 10242 456 1367 10243 1085 1368 10244 1085 1368 10245 456 1367 10246 1086 1369 10247 1086 1369 10248 456 1367 10249 518 1370 10250 1086 1369 10251 518 1370 10252 1087 1371 10253 1087 1371 10254 518 1370 10255 517 1372 10256 1087 1371 10257 517 1372 10258 1088 1361 10259 1088 1361 10260 517 1372 10261 445 1359 10262 1118 1373 10263 554 1374 10264 1119 1375 10265 1119 1375 10266 554 1374 10267 979 1358 10268 1119 1375 10269 979 1358 10270 978 1376 10271 554 1374 10272 1118 1373 10273 555 1377 10274 555 1377 10275 1118 1373 10276 1117 1378 10277 555 1377 10278 1117 1378 10279 556 1379 10280 556 1379 10281 1117 1378 10282 355 1380 10283 355 1380 10284 1117 1378 10285 354 1381 10286 1090 1382 10287 1089 1360 10288 554 1374 10289 554 1374 10290 1089 1360 10291 979 1358 10292 1084 1383 10293 1120 1384 10294 1085 1368 10295 1085 1368 10296 1120 1384 10297 542 1385 10298 1085 1368 10299 542 1385 10300 983 1366 10301 983 1366 10302 542 1385 10303 984 1386 10304 1120 1384 10305 1121 1387 10306 542 1385 10307 542 1385 10308 1121 1387 10309 543 1388 10310 543 1388 10311 1121 1387 10312 1122 1389 10313 543 1388 10314 1122 1389 10315 544 1390 10316 544 1390 10317 1122 1389 10318 355 1380 10319 544 1390 10320 355 1380 10321 354 1381 10322 111 1391 10323 1127 1391 10324 103 1391 10325 103 261 10326 1127 261 10327 1128 261 10328 103 1392 10329 1128 1392 10330 104 1392 10331 104 1393 10332 1128 1393 10333 1129 1393 10334 104 1394 10335 1129 1394 10336 105 1394 10337 105 261 10338 1129 261 10339 1130 261 10340 105 1395 10341 1130 1395 10342 106 1395 10343 106 261 10344 1130 261 10345 1131 261 10346 106 261 10347 1131 261 10348 107 261 10349 107 1396 10350 1131 1396 10351 1123 1396 10352 107 1045 10353 1123 1045 10354 108 1045 10355 108 261 10356 1123 261 10357 1124 261 10358 108 1397 10359 1124 1397 10360 109 1397 10361 109 261 10362 1124 261 10363 1125 261 10364 109 1398 10365 1125 1398 10366 110 1398 10367 110 261 10368 1125 261 10369 1126 261 10370 110 1399 10371 1126 1399 10372 111 1399 10373 111 261 10374 1126 261 10375 1127 261 10376 1131 1400 10377 1055 1401 10378 1123 1402 10379 1123 1402 10380 1055 1401 10381 1063 1403 10382 1123 1402 10383 1063 1403 10384 1124 1404 10385 1124 1404 10386 1063 1403 10387 1062 1405 10388 1124 1404 10389 1062 1405 10390 1125 1406 10391 1125 1406 10392 1062 1405 10393 1061 1407 10394 1125 1406 10395 1061 1407 10396 1126 1408 10397 1126 1408 10398 1061 1407 10399 1060 1345 10400 1126 1408 10401 1060 1345 10402 1127 1409 10403 1127 1409 10404 1060 1345 10405 1059 1343 10406 1127 1409 10407 1059 1343 10408 1128 1410 10409 1128 1410 10410 1059 1343 10411 1058 1341 10412 1128 1410 10413 1058 1341 10414 1129 1411 10415 1129 1411 10416 1058 1341 10417 1057 1339 10418 1129 1411 10419 1057 1339 10420 1130 1412 10421 1130 1412 10422 1057 1339 10423 1056 1413 10424 1130 1412 10425 1056 1413 10426 1131 1400 10427 1131 1400 10428 1056 1413 10429 1055 1401 10430 1070 1414 10431 525 1414 10432 180 1414 10433 180 1415 10434 525 1415 10435 181 1415 10436 1076 1416 10437 1075 1360 10438 182 1374 10439 182 1374 10440 1075 1360 10441 993 1358 10442 182 1374 10443 993 1358 10444 1132 1375 10445 1132 1375 10446 993 1358 10447 992 1376 10448 993 1358 10449 1075 1360 10450 54 1417 10451 54 1417 10452 1075 1360 10453 1074 1361 10454 54 1417 10455 1074 1361 10456 55 1418 10457 55 1418 10458 1074 1361 10459 1073 1419 10460 55 1418 10461 1073 1419 10462 1072 1420 10463 55 1418 10464 1072 1420 10465 56 1421 10466 56 1421 10467 1072 1420 10468 1071 1422 10469 56 1421 10470 1071 1422 10471 57 1423 10472 57 1423 10473 1071 1422 10474 997 1424 10475 57 1423 10476 997 1424 10477 91 1425 10478 91 1425 10479 997 1424 10480 996 1364 10481 91 1425 10482 996 1364 10483 158 1363 10484 158 1363 10485 996 1364 10486 995 1362 10487 158 1363 10488 995 1362 10489 159 1355 10490 159 1355 10491 995 1362 10492 994 1356 10493 159 1355 10494 994 1356 10495 90 1357 10496 90 1357 10497 994 1356 10498 993 1358 10499 90 1357 10500 993 1358 10501 54 1417 10502 1070 1383 10503 180 1384 10504 1071 1422 10505 1071 1422 10506 180 1384 10507 185 1385 10508 1071 1422 10509 185 1385 10510 997 1424 10511 997 1424 10512 185 1385 10513 998 1386 10514 180 1384 10515 179 1387 10516 185 1385 10517 185 1385 10518 179 1387 10519 186 1426 10520 186 1426 10521 179 1387 10522 178 1427 10523 186 1426 10524 178 1427 10525 187 1390 10526 187 1390 10527 178 1427 10528 166 1428 10529 187 1390 10530 166 1428 10531 167 1381 10532 1132 1375 10533 1133 1429 10534 182 1374 10535 182 1374 10536 1133 1429 10537 183 1430 10538 183 1430 10539 1133 1429 10540 1134 1378 10541 183 1430 10542 1134 1378 10543 184 1379 10544 184 1379 10545 1134 1378 10546 167 1381 10547 184 1379 10548 167 1381 10549 166 1428 10550 176 1330 10551 1076 1330 10552 177 1330 10553 177 1331 10554 1076 1331 10555 182 1331 10556 330 261 10557 1135 261 10558 322 261 10559 322 261 10560 1135 261 10561 1136 261 10562 322 261 10563 1136 261 10564 323 261 10565 323 1431 10566 1136 1431 10567 1137 1431 10568 323 261 10569 1137 261 10570 324 261 10571 324 1432 10572 1137 1432 10573 1138 1432 10574 324 1433 10575 1138 1433 10576 325 1433 10577 325 1434 10578 1138 1434 10579 1139 1434 10580 325 261 10581 1139 261 10582 326 261 10583 326 261 10584 1139 261 10585 1140 261 10586 326 1435 10587 1140 1435 10588 327 1435 10589 327 261 10590 1140 261 10591 1141 261 10592 327 1436 10593 1141 1436 10594 328 1436 10595 328 261 10596 1141 261 10597 1142 261 10598 328 1437 10599 1142 1437 10600 329 1437 10601 329 1438 10602 1142 1438 10603 1143 1438 10604 329 1439 10605 1143 1439 10606 330 1439 10607 330 261 10608 1143 261 10609 1135 261 10610 1143 1440 10611 1046 1441 10612 1135 1334 10613 1135 1334 10614 1046 1441 10615 1054 1333 10616 1135 1334 10617 1054 1333 10618 1136 1350 10619 1136 1350 10620 1054 1333 10621 1053 1349 10622 1136 1350 10623 1053 1349 10624 1137 1348 10625 1137 1348 10626 1053 1349 10627 1052 1442 10628 1137 1348 10629 1052 1442 10630 1138 1346 10631 1138 1346 10632 1052 1442 10633 1051 1443 10634 1138 1346 10635 1051 1443 10636 1139 1444 10637 1139 1444 10638 1051 1443 10639 1050 1343 10640 1139 1444 10641 1050 1343 10642 1140 1342 10643 1140 1342 10644 1050 1343 10645 1049 1341 10646 1140 1342 10647 1049 1341 10648 1141 1445 10649 1141 1445 10650 1049 1341 10651 1048 1339 10652 1141 1445 10653 1048 1339 10654 1142 1446 10655 1142 1446 10656 1048 1339 10657 1047 1337 10658 1142 1446 10659 1047 1337 10660 1143 1440 10661 1143 1440 10662 1047 1337 10663 1046 1441 10664 1077 1351 10665 175 1351 10666 387 1351 10667 387 1447 10668 175 1447 10669 174 1447 10670 1083 1416 10671 1082 1448 10672 388 1449 10673 388 1449 10674 1082 1448 10675 1116 1450 10676 388 1449 10677 1116 1450 10678 1144 1451 10679 1081 1361 10680 260 1452 10681 1082 1448 10682 1082 1448 10683 260 1452 10684 986 1453 10685 1082 1448 10686 986 1453 10687 1116 1450 10688 1116 1450 10689 986 1453 10690 985 1376 10691 260 1452 10692 1081 1361 10693 261 1418 10694 261 1418 10695 1081 1361 10696 1080 1419 10697 261 1418 10698 1080 1419 10699 1079 1420 10700 261 1418 10701 1079 1420 10702 262 1421 10703 262 1421 10704 1079 1420 10705 1078 1422 10706 262 1421 10707 1078 1422 10708 263 1454 10709 263 1454 10710 1078 1422 10711 990 1455 10712 263 1454 10713 990 1455 10714 286 1365 10715 286 1365 10716 990 1455 10717 989 1364 10718 286 1365 10719 989 1364 10720 287 1363 10721 287 1363 10722 989 1364 10723 988 1362 10724 287 1363 10725 988 1362 10726 288 1355 10727 288 1355 10728 988 1362 10729 987 1356 10730 288 1355 10731 987 1356 10732 289 1456 10733 289 1456 10734 987 1356 10735 986 1453 10736 289 1456 10737 986 1453 10738 260 1452 10739 1077 1457 10740 387 1458 10741 1078 1422 10742 1078 1422 10743 387 1458 10744 391 1459 10745 1078 1422 10746 391 1459 10747 990 1455 10748 990 1455 10749 391 1459 10750 991 1460 10751 387 1458 10752 386 1387 10753 391 1459 10754 391 1459 10755 386 1387 10756 392 1388 10757 392 1388 10758 386 1387 10759 385 1461 10760 392 1388 10761 385 1461 10762 393 1390 10763 393 1390 10764 385 1461 10765 173 1462 10766 393 1390 10767 173 1462 10768 172 1463 10769 388 1449 10770 1144 1451 10771 389 1464 10772 389 1464 10773 1144 1451 10774 1145 1378 10775 389 1464 10776 1145 1378 10777 390 1379 10778 390 1379 10779 1145 1378 10780 172 1463 10781 390 1379 10782 172 1463 10783 173 1462 10784 358 1465 10785 1083 1465 10786 359 1465 10787 359 1466 10788 1083 1466 10789 388 1466 10790 355 1467 10791 1122 1467 10792 356 1467 10793 356 1468 10794 1122 1468 10795 1121 1468 10796 356 1469 10797 1121 1469 10798 1120 1469 10799 566 1336 10800 1037 1470 10801 558 1471 10802 558 1471 10803 1037 1470 10804 1045 1333 10805 558 1471 10806 1045 1333 10807 559 1350 10808 559 1350 10809 1045 1333 10810 1044 1349 10811 559 1350 10812 1044 1349 10813 560 1348 10814 560 1348 10815 1044 1349 10816 1043 1407 10817 560 1348 10818 1043 1407 10819 561 1408 10820 561 1408 10821 1043 1407 10822 1042 1345 10823 561 1408 10824 1042 1345 10825 562 1344 10826 562 1344 10827 1042 1345 10828 1041 1343 10829 562 1344 10830 1041 1343 10831 563 1342 10832 563 1342 10833 1041 1343 10834 1040 1341 10835 563 1342 10836 1040 1341 10837 564 1340 10838 564 1340 10839 1040 1341 10840 1039 1339 10841 564 1340 10842 1039 1339 10843 565 1338 10844 565 1338 10845 1039 1339 10846 1038 1337 10847 565 1338 10848 1038 1337 10849 566 1336 10850 566 1336 10851 1038 1337 10852 1037 1470 10853 1084 1352 10854 357 1352 10855 1120 1352 10856 1120 1351 10857 357 1351 10858 356 1351 10859 879 1354 10860 1090 1354 10861 557 1354 10862 557 1353 10863 1090 1353 10864 554 1353 10865 139 1472 10866 157 1472 10867 1148 1472 10868 1148 233 10869 157 233 10870 1147 233 10871 1147 233 10872 157 233 10873 1146 233 10874 1146 1473 10875 157 1473 10876 531 1473 10877 531 1474 10878 157 1474 10879 156 1474 10880 531 233 10881 156 233 10882 155 233 10883 531 233 10884 155 233 10885 532 233 10886 532 233 10887 155 233 10888 154 233 10889 532 233 10890 154 233 10891 153 233 10892 153 233 10893 152 233 10894 532 233 10895 206 1475 10896 921 1476 10897 198 1477 10898 198 1477 10899 921 1476 10900 929 1478 10901 198 1477 10902 929 1478 10903 199 1479 10904 199 1479 10905 929 1478 10906 928 1480 10907 199 1479 10908 928 1480 10909 200 1481 10910 200 1481 10911 928 1480 10912 927 1482 10913 200 1481 10914 927 1482 10915 201 1483 10916 201 1483 10917 927 1482 10918 926 1484 10919 201 1483 10920 926 1484 10921 202 1485 10922 202 1485 10923 926 1484 10924 925 1486 10925 202 1485 10926 925 1486 10927 203 1487 10928 203 1487 10929 925 1486 10930 924 1488 10931 203 1487 10932 924 1488 10933 204 1489 10934 204 1489 10935 924 1488 10936 923 1490 10937 204 1489 10938 923 1490 10939 205 1491 10940 205 1491 10941 923 1490 10942 922 1492 10943 205 1491 10944 922 1492 10945 206 1475 10946 206 1475 10947 922 1492 10948 921 1476 10949 165 1493 10950 954 1493 10951 152 1493 10952 152 1494 10953 954 1494 10954 533 1494 10955 152 1495 10956 533 1495 10957 532 1495 10958 959 1496 10959 139 1497 10960 960 1498 10961 960 1498 10962 139 1497 10963 1148 1499 10964 960 1498 10965 1148 1499 10966 1147 1500 10967 139 1497 10968 959 1496 10969 160 1501 10970 160 1501 10971 959 1496 10972 958 1502 10973 160 1501 10974 958 1502 10975 161 1503 10976 161 1503 10977 958 1502 10978 957 1504 10979 161 1503 10980 957 1504 10981 162 1505 10982 162 1505 10983 957 1504 10984 956 1506 10985 162 1505 10986 956 1506 10987 163 1507 10988 163 1507 10989 956 1506 10990 955 1508 10991 163 1507 10992 955 1508 10993 164 1509 10994 164 1509 10995 955 1508 10996 954 1510 10997 164 1509 10998 954 1510 10999 165 1511 11000 1147 1500 11001 1146 1512 11002 960 1498 11003 530 1513 11004 960 1513 11005 531 1513 11006 531 1514 11007 960 1514 11008 1146 1514 11009 321 1515 11010 1149 1515 11011 313 1515 11012 313 233 11013 1149 233 11014 1150 233 11015 313 233 11016 1150 233 11017 314 233 11018 314 1516 11019 1150 1516 11020 1151 1516 11021 314 233 11022 1151 233 11023 315 233 11024 315 1517 11025 1151 1517 11026 1152 1517 11027 315 1518 11028 1152 1518 11029 316 1518 11030 316 233 11031 1152 233 11032 1153 233 11033 316 1519 11034 1153 1519 11035 317 1519 11036 317 1520 11037 1153 1520 11038 1154 1520 11039 317 1521 11040 1154 1521 11041 318 1521 11042 318 233 11043 1154 233 11044 1155 233 11045 318 1522 11046 1155 1522 11047 319 1522 11048 319 233 11049 1155 233 11050 1156 233 11051 319 233 11052 1156 233 11053 320 233 11054 320 1523 11055 1156 1523 11056 1157 1523 11057 320 1524 11058 1157 1524 11059 321 1524 11060 321 1525 11061 1157 1525 11062 1149 1525 11063 1157 1526 11064 930 1527 11065 1149 1528 11066 1149 1528 11067 930 1527 11068 938 1529 11069 1149 1528 11070 938 1529 11071 1150 1530 11072 1150 1530 11073 938 1529 11074 937 1531 11075 1150 1530 11076 937 1531 11077 1151 1481 11078 1151 1481 11079 937 1531 11080 936 1532 11081 1151 1481 11082 936 1532 11083 1152 1533 11084 1152 1533 11085 936 1532 11086 935 1534 11087 1152 1533 11088 935 1534 11089 1153 1535 11090 1153 1535 11091 935 1534 11092 934 1486 11093 1153 1535 11094 934 1486 11095 1154 1536 11096 1154 1536 11097 934 1486 11098 933 1488 11099 1154 1536 11100 933 1488 11101 1155 1537 11102 1155 1537 11103 933 1488 11104 932 1490 11105 1155 1537 11106 932 1490 11107 1156 1491 11108 1156 1491 11109 932 1490 11110 931 1538 11111 1156 1491 11112 931 1538 11113 1157 1526 11114 1157 1526 11115 931 1538 11116 930 1527 11117 961 1539 11118 529 1539 11119 364 1539 11120 364 1540 11121 529 1540 11122 365 1540 11123 966 1541 11124 366 1542 11125 967 1543 11126 967 1543 11127 366 1542 11128 225 1544 11129 967 1543 11130 225 1544 11131 275 1545 11132 965 1546 11133 370 1547 11134 966 1541 11135 966 1541 11136 370 1547 11137 369 1548 11138 966 1541 11139 369 1548 11140 368 1549 11141 964 1550 11142 277 1551 11143 965 1546 11144 965 1546 11145 277 1551 11146 276 1552 11147 965 1546 11148 276 1552 11149 370 1547 11150 964 1550 11151 963 1553 11152 277 1551 11153 277 1551 11154 963 1553 11155 278 1554 11156 278 1554 11157 963 1553 11158 962 1555 11159 278 1554 11160 962 1555 11161 279 1556 11162 279 1556 11163 962 1555 11164 360 1557 11165 360 1557 11166 962 1555 11167 361 1558 11168 361 1558 11169 962 1555 11170 362 1559 11171 362 1559 11172 962 1555 11173 961 1560 11174 362 1559 11175 961 1560 11176 363 1561 11177 363 1561 11178 961 1560 11179 364 1562 11180 368 1549 11181 367 1563 11182 966 1541 11183 966 1541 11184 367 1563 11185 366 1542 11186 275 1545 11187 274 1564 11188 967 1543 11189 967 1543 11190 274 1564 11191 273 1565 11192 349 1566 11193 348 1566 11194 220 1566 11195 220 1567 11196 348 1567 11197 967 1567 11198 220 1568 11199 967 1568 11200 273 1568 11201 434 1569 11202 1161 1569 11203 435 1569 11204 435 233 11205 1161 233 11206 1162 233 11207 435 233 11208 1162 233 11209 479 233 11210 479 233 11211 1162 233 11212 480 233 11213 480 233 11214 1162 233 11215 471 233 11216 433 233 11217 1159 233 11218 434 233 11219 434 233 11220 1159 233 11221 1160 233 11222 434 233 11223 1160 233 11224 1161 233 11225 415 1570 11226 1158 1570 11227 433 1570 11228 433 233 11229 1158 233 11230 1159 233 11231 581 1526 11232 939 1571 11233 573 1572 11234 573 1572 11235 939 1571 11236 947 1529 11237 573 1572 11238 947 1529 11239 574 1573 11240 574 1573 11241 947 1529 11242 946 1531 11243 574 1573 11244 946 1531 11245 575 1481 11246 575 1481 11247 946 1531 11248 945 1482 11249 575 1481 11250 945 1482 11251 576 1533 11252 576 1533 11253 945 1482 11254 944 1484 11255 576 1533 11256 944 1484 11257 577 1574 11258 577 1574 11259 944 1484 11260 943 1486 11261 577 1574 11262 943 1486 11263 578 1487 11264 578 1487 11265 943 1486 11266 942 1488 11267 578 1487 11268 942 1488 11269 579 1575 11270 579 1575 11271 942 1488 11272 941 1490 11273 579 1575 11274 941 1490 11275 580 1491 11276 580 1491 11277 941 1490 11278 940 1538 11279 580 1491 11280 940 1538 11281 581 1526 11282 581 1526 11283 940 1538 11284 939 1571 11285 968 1576 11286 347 1576 11287 572 1576 11288 572 1539 11289 347 1539 11290 346 1539 11291 973 1577 11292 415 1578 11293 974 1579 11294 974 1579 11295 415 1578 11296 414 1580 11297 974 1579 11298 414 1580 11299 413 1581 11300 972 1582 11301 1162 1583 11302 973 1577 11303 973 1577 11304 1162 1583 11305 1161 1584 11306 973 1577 11307 1161 1584 11308 1160 1585 11309 971 1586 11310 523 1587 11311 972 1582 11312 972 1582 11313 523 1587 11314 471 1588 11315 972 1582 11316 471 1588 11317 1162 1583 11318 523 1587 11319 971 1586 11320 524 1589 11321 524 1589 11322 971 1586 11323 970 1590 11324 524 1589 11325 970 1590 11326 457 1591 11327 457 1591 11328 970 1590 11329 969 1592 11330 457 1591 11331 969 1592 11332 568 1593 11333 568 1593 11334 969 1592 11335 569 1594 11336 569 1594 11337 969 1592 11338 570 1595 11339 570 1595 11340 969 1592 11341 968 1596 11342 570 1595 11343 968 1596 11344 571 1597 11345 571 1597 11346 968 1596 11347 572 1598 11348 1160 1585 11349 1159 1599 11350 973 1577 11351 973 1577 11352 1159 1599 11353 1158 1600 11354 973 1577 11355 1158 1600 11356 415 1578 11357 413 1581 11358 412 1601 11359 974 1579 11360 567 1602 11361 881 1602 11362 420 1602 11363 420 1603 11364 881 1603 11365 974 1603 11366 420 1604 11367 974 1604 11368 412 1604 11369 838 74 11370 830 74 11371 821 74 11372 821 1605 11373 830 1605 11374 829 1605 11375 821 1606 11376 829 1606 11377 822 1606 11378 822 1607 11379 829 1607 11380 828 1607 11381 822 74 11382 828 74 11383 823 74 11384 823 1608 11385 828 1608 11386 827 1608 11387 823 1609 11388 827 1609 11389 826 1609 11390 830 1610 11391 838 1610 11392 831 1610 11393 831 1611 11394 838 1611 11395 837 1611 11396 831 74 11397 837 74 11398 832 74 11399 832 1612 11400 837 1612 11401 836 1612 11402 832 1613 11403 836 1613 11404 833 1613 11405 833 1614 11406 836 1614 11407 835 1614 11408 833 74 11409 835 74 11410 834 74 11411 826 1615 11412 825 1615 11413 823 1615 11414 823 1616 11415 825 1616 11416 824 1616 11417 1164 1617 11418 1176 1618 11419 1163 1619 11420 1163 1619 11421 1176 1618 11422 1177 1620 11423 1163 1619 11424 1177 1620 11425 1173 1621 11426 1173 1621 11427 1177 1620 11428 1178 1622 11429 1173 1621 11430 1178 1622 11431 1172 1623 11432 1172 1623 11433 1178 1622 11434 1179 1624 11435 1172 1623 11436 1179 1624 11437 1171 1625 11438 1171 1625 11439 1179 1624 11440 1180 1626 11441 1171 1625 11442 1180 1626 11443 1170 1627 11444 1170 1627 11445 1180 1626 11446 1181 1628 11447 1170 1627 11448 1181 1628 11449 1182 1629 11450 1176 1618 11451 1164 1617 11452 1175 1630 11453 1175 1630 11454 1164 1617 11455 1165 1631 11456 1175 1630 11457 1165 1631 11458 1174 1632 11459 1174 1632 11460 1165 1631 11461 1166 1633 11462 1174 1632 11463 1166 1633 11464 1184 1634 11465 1184 1634 11466 1166 1633 11467 1167 1635 11468 1184 1634 11469 1167 1635 11470 1183 1636 11471 1183 1636 11472 1167 1635 11473 1168 1637 11474 1183 1636 11475 1168 1637 11476 1169 1638 11477 1183 1636 11478 1169 1638 11479 1182 1629 11480 1182 1629 11481 1169 1638 11482 1170 1627 11483 1186 1617 11484 1198 1618 11485 1185 1619 11486 1185 1619 11487 1198 1618 11488 1199 1620 11489 1185 1619 11490 1199 1620 11491 1195 1621 11492 1195 1621 11493 1199 1620 11494 1200 1622 11495 1195 1621 11496 1200 1622 11497 1194 1623 11498 1194 1623 11499 1200 1622 11500 1201 1624 11501 1194 1623 11502 1201 1624 11503 1193 1625 11504 1193 1625 11505 1201 1624 11506 1202 1639 11507 1193 1625 11508 1202 1639 11509 1192 1640 11510 1192 1640 11511 1202 1639 11512 1203 1628 11513 1192 1640 11514 1203 1628 11515 1204 1629 11516 1198 1618 11517 1186 1617 11518 1197 1630 11519 1197 1630 11520 1186 1617 11521 1187 1631 11522 1197 1630 11523 1187 1631 11524 1196 1632 11525 1196 1632 11526 1187 1631 11527 1188 1633 11528 1196 1632 11529 1188 1633 11530 1206 1634 11531 1206 1634 11532 1188 1633 11533 1189 1635 11534 1206 1634 11535 1189 1635 11536 1205 1636 11537 1205 1636 11538 1189 1635 11539 1190 1637 11540 1205 1636 11541 1190 1637 11542 1191 1638 11543 1205 1636 11544 1191 1638 11545 1204 1629 11546 1204 1629 11547 1191 1638 11548 1192 1640 11549 1208 1617 11550 1220 1618 11551 1207 1619 11552 1207 1619 11553 1220 1618 11554 1221 1620 11555 1207 1619 11556 1221 1620 11557 1217 1621 11558 1217 1621 11559 1221 1620 11560 1222 1622 11561 1217 1621 11562 1222 1622 11563 1216 1623 11564 1216 1623 11565 1222 1622 11566 1223 1624 11567 1216 1623 11568 1223 1624 11569 1215 1625 11570 1215 1625 11571 1223 1624 11572 1224 1626 11573 1215 1625 11574 1224 1626 11575 1214 1641 11576 1214 1641 11577 1224 1626 11578 1225 1628 11579 1214 1641 11580 1225 1628 11581 1226 1629 11582 1220 1618 11583 1208 1617 11584 1219 1630 11585 1219 1630 11586 1208 1617 11587 1209 1631 11588 1219 1630 11589 1209 1631 11590 1218 1632 11591 1218 1632 11592 1209 1631 11593 1210 1633 11594 1218 1632 11595 1210 1633 11596 1228 1634 11597 1228 1634 11598 1210 1633 11599 1211 1635 11600 1228 1634 11601 1211 1635 11602 1227 1636 11603 1227 1636 11604 1211 1635 11605 1212 1637 11606 1227 1636 11607 1212 1637 11608 1213 1638 11609 1227 1636 11610 1213 1638 11611 1226 1629 11612 1226 1629 11613 1213 1638 11614 1214 1641 11615 1230 1642 11616 1242 1618 11617 1229 1619 11618 1229 1619 11619 1242 1618 11620 1243 1643 11621 1229 1619 11622 1243 1643 11623 1239 1621 11624 1239 1621 11625 1243 1643 11626 1244 1622 11627 1239 1621 11628 1244 1622 11629 1238 1623 11630 1238 1623 11631 1244 1622 11632 1245 1624 11633 1238 1623 11634 1245 1624 11635 1237 1625 11636 1237 1625 11637 1245 1624 11638 1246 1639 11639 1237 1625 11640 1246 1639 11641 1236 1640 11642 1236 1640 11643 1246 1639 11644 1247 1644 11645 1236 1640 11646 1247 1644 11647 1248 1629 11648 1242 1618 11649 1230 1642 11650 1241 1630 11651 1241 1630 11652 1230 1642 11653 1231 1645 11654 1241 1630 11655 1231 1645 11656 1240 1632 11657 1240 1632 11658 1231 1645 11659 1232 1633 11660 1240 1632 11661 1232 1633 11662 1250 1634 11663 1250 1634 11664 1232 1633 11665 1233 1635 11666 1250 1634 11667 1233 1635 11668 1249 1636 11669 1249 1636 11670 1233 1635 11671 1234 1637 11672 1249 1636 11673 1234 1637 11674 1235 1638 11675 1249 1636 11676 1235 1638 11677 1248 1629 11678 1248 1629 11679 1235 1638 11680 1236 1640 11681 69 261 11682 147 261 11683 537 261 11684 537 261 11685 147 261 11686 146 261 11687 537 261 11688 146 261 11689 145 261 11690 537 261 11691 145 261 11692 538 261 11693 538 261 11694 145 261 11695 144 261 11696 538 1646 11697 144 1646 11698 143 1646 11699 76 1647 11700 1251 1647 11701 143 1647 11702 143 1648 11703 1251 1648 11704 1252 1648 11705 143 1649 11706 1252 1649 11707 1253 1649 11708 1253 1650 11709 538 1650 11710 143 1650 11711 215 1478 11712 1028 1572 11713 207 1651 11714 207 1651 11715 1028 1572 11716 1036 1475 11717 207 1651 11718 1036 1475 11719 208 1492 11720 208 1492 11721 1036 1475 11722 1035 1491 11723 208 1492 11724 1035 1491 11725 209 1490 11726 209 1490 11727 1035 1491 11728 1034 1575 11729 209 1490 11730 1034 1575 11731 210 1652 11732 210 1652 11733 1034 1575 11734 1033 1487 11735 210 1652 11736 1033 1487 11737 211 1486 11738 211 1486 11739 1033 1487 11740 1032 1485 11741 211 1486 11742 1032 1485 11743 212 1484 11744 212 1484 11745 1032 1485 11746 1031 1483 11747 212 1484 11748 1031 1483 11749 213 1482 11750 213 1482 11751 1031 1483 11752 1030 1481 11753 213 1482 11754 1030 1481 11755 214 1480 11756 214 1480 11757 1030 1481 11758 1029 1479 11759 214 1480 11760 1029 1479 11761 215 1478 11762 215 1478 11763 1029 1479 11764 1028 1572 11765 537 1495 11766 536 1495 11767 69 1495 11768 69 1653 11769 536 1653 11770 1114 1653 11771 69 1493 11772 1114 1493 11773 70 1493 11774 1108 1654 11775 539 1654 11776 1253 1654 11777 1253 1655 11778 539 1655 11779 538 1655 11780 70 1656 11781 1114 1657 11782 71 1658 11783 71 1658 11784 1114 1657 11785 1113 1659 11786 71 1658 11787 1113 1659 11788 72 1660 11789 72 1660 11790 1113 1659 11791 1112 1661 11792 72 1660 11793 1112 1661 11794 73 1662 11795 73 1662 11796 1112 1661 11797 1111 1663 11798 73 1662 11799 1111 1663 11800 74 1664 11801 74 1664 11802 1111 1663 11803 1110 1665 11804 74 1664 11805 1110 1665 11806 75 1666 11807 75 1666 11808 1110 1665 11809 1109 1667 11810 75 1666 11811 1109 1667 11812 76 1668 11813 76 1668 11814 1109 1667 11815 1108 1669 11816 76 1668 11817 1108 1669 11818 1251 1670 11819 1251 1670 11820 1108 1669 11821 1252 1671 11822 1252 1671 11823 1108 1669 11824 1253 1672 11825 244 1673 11826 1256 1673 11827 245 1673 11828 245 261 11829 1256 261 11830 1257 261 11831 245 1674 11832 1257 1674 11833 1258 1674 11834 243 1675 11835 1254 1675 11836 244 1675 11837 244 261 11838 1254 261 11839 1255 261 11840 244 1676 11841 1255 1676 11842 1256 1676 11843 1254 1677 11844 243 1677 11845 541 1677 11846 541 261 11847 243 261 11848 242 261 11849 541 261 11850 242 261 11851 241 261 11852 250 261 11853 299 261 11854 1258 261 11855 1258 1678 11856 299 1678 11857 298 1678 11858 1258 261 11859 298 261 11860 245 261 11861 384 1529 11862 1019 1679 11863 376 1527 11864 376 1527 11865 1019 1679 11866 1027 1526 11867 376 1527 11868 1027 1526 11869 377 1538 11870 377 1538 11871 1027 1526 11872 1026 1491 11873 377 1538 11874 1026 1491 11875 378 1490 11876 378 1490 11877 1026 1491 11878 1025 1575 11879 378 1490 11880 1025 1575 11881 379 1680 11882 379 1680 11883 1025 1575 11884 1024 1487 11885 379 1680 11886 1024 1487 11887 380 1486 11888 380 1486 11889 1024 1487 11890 1023 1681 11891 380 1486 11892 1023 1681 11893 381 1682 11894 381 1682 11895 1023 1681 11896 1022 1533 11897 381 1682 11898 1022 1533 11899 382 1532 11900 382 1532 11901 1022 1533 11902 1021 1481 11903 382 1532 11904 1021 1481 11905 383 1531 11906 383 1531 11907 1021 1481 11908 1020 1530 11909 383 1531 11910 1020 1530 11911 384 1529 11912 384 1529 11913 1020 1530 11914 1019 1679 11915 540 1683 11916 1107 1683 11917 541 1683 11918 541 1684 11919 1107 1684 11920 1254 1684 11921 270 1568 11922 1101 1568 11923 237 1568 11924 237 1685 11925 1101 1685 11926 341 1685 11927 237 1566 11928 341 1566 11929 340 1566 11930 1106 1686 11931 1256 1687 11932 1107 1688 11933 1107 1688 11934 1256 1687 11935 1255 1689 11936 1107 1688 11937 1255 1689 11938 1254 1690 11939 1105 1691 11940 250 1692 11941 1106 1686 11942 1106 1686 11943 250 1692 11944 1258 1693 11945 1106 1686 11946 1258 1693 11947 1257 1694 11948 250 1692 11949 1105 1691 11950 251 1695 11951 251 1695 11952 1105 1691 11953 1104 1696 11954 251 1695 11955 1104 1696 11956 252 1697 11957 252 1697 11958 1104 1696 11959 1103 1698 11960 252 1697 11961 1103 1698 11962 253 1699 11963 253 1699 11964 1103 1698 11965 371 1700 11966 371 1700 11967 1103 1698 11968 1102 1701 11969 371 1700 11970 1102 1701 11971 372 1702 11972 372 1702 11973 1102 1701 11974 373 1703 11975 373 1703 11976 1102 1701 11977 374 1704 11978 374 1704 11979 1102 1701 11980 375 1705 11981 375 1705 11982 1102 1701 11983 1101 1706 11984 375 1705 11985 1101 1706 11986 232 1707 11987 232 1707 11988 1101 1706 11989 271 1708 11990 271 1708 11991 1101 1706 11992 272 1709 11993 272 1709 11994 1101 1706 11995 270 1710 11996 1257 1694 11997 1256 1687 11998 1106 1686 11999 507 261 12000 1263 261 12001 499 261 12002 499 261 12003 1263 261 12004 1264 261 12005 499 1711 12006 1264 1711 12007 500 1711 12008 500 1712 12009 1264 1712 12010 1265 1712 12011 500 261 12012 1265 261 12013 501 261 12014 501 1713 12015 1265 1713 12016 1266 1713 12017 501 1714 12018 1266 1714 12019 502 1714 12020 502 261 12021 1266 261 12022 1267 261 12023 502 1715 12024 1267 1715 12025 503 1715 12026 503 1716 12027 1267 1716 12028 1259 1716 12029 503 261 12030 1259 261 12031 504 261 12032 504 261 12033 1259 261 12034 1260 261 12035 504 1717 12036 1260 1717 12037 505 1717 12038 505 261 12039 1260 261 12040 1261 261 12041 505 261 12042 1261 261 12043 506 261 12044 506 261 12045 1261 261 12046 1262 261 12047 506 261 12048 1262 261 12049 507 261 12050 507 1718 12051 1262 1718 12052 1263 1718 12053 1267 1719 12054 1010 1679 12055 1259 1571 12056 1259 1571 12057 1010 1679 12058 1018 1526 12059 1259 1571 12060 1018 1526 12061 1260 1720 12062 1260 1720 12063 1018 1526 12064 1017 1491 12065 1260 1720 12066 1017 1491 12067 1261 1490 12068 1261 1490 12069 1017 1491 12070 1016 1575 12071 1261 1490 12072 1016 1575 12073 1262 1488 12074 1262 1488 12075 1016 1575 12076 1015 1487 12077 1262 1488 12078 1015 1487 12079 1263 1486 12080 1263 1486 12081 1015 1487 12082 1014 1485 12083 1263 1486 12084 1014 1485 12085 1264 1721 12086 1264 1721 12087 1014 1485 12088 1013 1533 12089 1264 1721 12090 1013 1533 12091 1265 1532 12092 1265 1532 12093 1013 1533 12094 1012 1481 12095 1265 1532 12096 1012 1481 12097 1266 1531 12098 1266 1531 12099 1012 1481 12100 1011 1530 12101 1266 1531 12102 1011 1530 12103 1267 1719 12104 1267 1719 12105 1011 1530 12106 1010 1679 12107 342 1539 12108 1100 1539 12109 343 1539 12110 343 1576 12111 1100 1576 12112 582 1576 12113 406 1604 12114 1094 1604 12115 407 1604 12116 407 1722 12117 1094 1722 12118 880 1722 12119 407 1602 12120 880 1602 12121 587 1602 12122 1099 1723 12123 584 1724 12124 1100 1725 12125 1100 1725 12126 584 1724 12127 583 1726 12128 1100 1725 12129 583 1726 12130 582 1727 12131 1098 1728 12132 462 1729 12133 1099 1723 12134 1099 1723 12135 462 1729 12136 586 1730 12137 1099 1723 12138 586 1730 12139 585 1731 12140 462 1729 12141 1098 1728 12142 519 1732 12143 519 1732 12144 1098 1728 12145 1097 1733 12146 519 1732 12147 1097 1733 12148 520 1734 12149 520 1734 12150 1097 1733 12151 1096 1735 12152 520 1734 12153 1096 1735 12154 476 1736 12155 476 1736 12156 1096 1735 12157 588 1737 12158 588 1737 12159 1096 1735 12160 1095 1738 12161 588 1737 12162 1095 1738 12163 589 1739 12164 589 1739 12165 1095 1738 12166 590 1740 12167 590 1740 12168 1095 1738 12169 591 1741 12170 591 1741 12171 1095 1738 12172 592 1742 12173 592 1742 12174 1095 1738 12175 1094 1706 12176 592 1742 12177 1094 1706 12178 403 1743 12179 403 1743 12180 1094 1706 12181 404 1744 12182 404 1744 12183 1094 1706 12184 405 1745 12185 405 1745 12186 1094 1706 12187 406 1746 12188 585 1731 12189 584 1724 12190 1099 1723 12191 867 36 12192 1172 36 12193 975 36 12194 975 1747 12195 1172 1747 12196 1171 1747 12197 975 1748 12198 1171 1748 12199 1170 1748 12200 874 1749 12201 1229 1749 12202 867 1749 12203 867 1750 12204 1229 1750 12205 1239 1750 12206 867 1751 12207 1239 1751 12208 1238 1751 12209 1093 36 12210 1211 36 12211 874 36 12212 874 1752 12213 1211 1752 12214 1210 1752 12215 874 1753 12216 1210 1753 12217 1209 1753 12218 975 36 12219 1191 36 12220 1093 36 12221 1093 1754 12222 1191 1754 12223 1190 1754 12224 1093 1755 12225 1190 1755 12226 1189 1755 12227 1173 36 12228 1236 36 12229 1163 36 12230 1163 1756 12231 1236 1756 12232 1235 1756 12233 1163 36 12234 1235 36 12235 1164 36 12236 1164 1757 12237 1235 1757 12238 1234 1757 12239 1164 1758 12240 1234 1758 12241 1215 1758 12242 1215 36 12243 1234 36 12244 1216 36 12245 1216 1759 12246 1234 1759 12247 1233 1759 12248 1216 1760 12249 1233 1760 12250 1217 1760 12251 1217 1761 12252 1233 1761 12253 1232 1761 12254 1217 36 12255 1232 36 12256 1207 36 12257 1207 36 12258 1232 36 12259 1231 36 12260 1207 1762 12261 1231 1762 12262 1230 1762 12263 1236 36 12264 1173 36 12265 867 36 12266 867 1763 12267 1173 1763 12268 1172 1763 12269 1170 1764 12270 1169 1764 12271 975 1764 12272 975 36 12273 1169 36 12274 1192 36 12275 975 1765 12276 1192 1765 12277 1191 1765 12278 1169 1766 12279 1168 1766 12280 1192 1766 12281 1192 36 12282 1168 36 12283 1193 36 12284 1193 36 12285 1168 36 12286 1194 36 12287 1194 1767 12288 1168 1767 12289 1167 1767 12290 1194 36 12291 1167 36 12292 1195 36 12293 1195 1768 12294 1167 1768 12295 1166 1768 12296 1195 1769 12297 1166 1769 12298 1185 1769 12299 1185 1770 12300 1166 1770 12301 1165 1770 12302 1185 36 12303 1165 36 12304 1213 36 12305 1213 36 12306 1165 36 12307 1214 36 12308 1214 1771 12309 1165 1771 12310 1164 1771 12311 1214 1772 12312 1164 1772 12313 1215 1772 12314 1189 36 12315 1188 36 12316 1093 36 12317 1093 1773 12318 1188 1773 12319 1187 1773 12320 1093 1774 12321 1187 1774 12322 1186 1774 12323 1185 1775 12324 1213 1775 12325 1186 1775 12326 1186 1776 12327 1213 1776 12328 1212 1776 12329 1186 1777 12330 1212 1777 12331 1093 1777 12332 1093 1778 12333 1212 1778 12334 1211 1778 12335 1209 36 12336 1208 36 12337 874 36 12338 874 1779 12339 1208 1779 12340 1207 1779 12341 874 1780 12342 1207 1780 12343 1230 1780 12344 1238 36 12345 1237 36 12346 867 36 12347 867 1781 12348 1237 1781 12349 1236 1781 12350 1230 1782 12351 1229 1782 12352 874 1782 12353 951 74 12354 950 74 12355 1066 74 12356 1066 74 12357 950 74 12358 1067 74 12359 167 1783 12360 1134 1783 12361 168 1783 12362 168 233 12363 1134 233 12364 1133 233 12365 168 233 12366 1133 233 12367 1132 233 12368 528 1784 12369 998 1784 12370 188 1784 12371 188 1785 12372 998 1785 12373 185 1785 12374 197 1403 12375 894 1786 12376 189 1787 12377 189 1787 12378 894 1786 12379 902 1400 12380 189 1787 12381 902 1400 12382 190 1413 12383 190 1413 12384 902 1400 12385 901 1338 12386 190 1413 12387 901 1338 12388 191 1339 12389 191 1339 12390 901 1338 12391 900 1340 12392 191 1339 12393 900 1340 12394 192 1341 12395 192 1341 12396 900 1340 12397 899 1342 12398 192 1341 12399 899 1342 12400 193 1788 12401 193 1788 12402 899 1342 12403 898 1344 12404 193 1788 12405 898 1344 12406 194 1345 12407 194 1345 12408 898 1344 12409 897 1789 12410 194 1345 12411 897 1789 12412 195 1407 12413 195 1407 12414 897 1789 12415 896 1348 12416 195 1407 12417 896 1348 12418 196 1790 12419 196 1790 12420 896 1348 12421 895 1791 12422 196 1790 12423 895 1791 12424 197 1403 12425 197 1403 12426 895 1791 12427 894 1786 12428 992 1465 12429 169 1465 12430 1132 1465 12431 1132 1466 12432 169 1466 12433 168 1466 12434 172 1792 12435 1145 1792 12436 350 1792 12437 350 1793 12438 1145 1793 12439 1144 1793 12440 350 1794 12441 1144 1794 12442 1116 1794 12443 170 1795 12444 991 1795 12445 171 1795 12446 171 1796 12447 991 1796 12448 391 1796 12449 402 1333 12450 903 1334 12451 394 1441 12452 394 1441 12453 903 1334 12454 911 1336 12455 394 1441 12456 911 1336 12457 395 1337 12458 395 1337 12459 911 1336 12460 910 1338 12461 395 1337 12462 910 1338 12463 396 1797 12464 396 1797 12465 910 1338 12466 909 1340 12467 396 1797 12468 909 1340 12469 397 1341 12470 397 1341 12471 909 1340 12472 908 1342 12473 397 1341 12474 908 1342 12475 398 1343 12476 398 1343 12477 908 1342 12478 907 1444 12479 398 1343 12480 907 1444 12481 399 1443 12482 399 1443 12483 907 1444 12484 906 1346 12485 399 1443 12486 906 1346 12487 400 1442 12488 400 1442 12489 906 1346 12490 905 1348 12491 400 1442 12492 905 1348 12493 401 1349 12494 401 1349 12495 905 1348 12496 904 1350 12497 401 1349 12498 904 1350 12499 402 1333 12500 402 1333 12501 904 1350 12502 903 1334 12503</p>
        </polylist>
        <polylist material="__105_229_3_888-MoveIt-60-TCP-04-material" count="156">
          <input semantic="VERTEX" source="#Untitled_015-mesh-vertices" offset="0"/>
          <input semantic="NORMAL" source="#Untitled_015-mesh-normals" offset="1"/>
          <input semantic="TEXCOORD" source="#Untitled_015-mesh-map-0" offset="2" set="0"/>
          <vcount>3 3 3 3 3 3 3 3 3 3 3 3 3 3 3 3 3 3 3 3 3 3 3 3 3 3 3 3 3 3 3 3 3 3 3 3 3 3 3 3 3 3 3 3 3 3 3 3 3 3 3 3 3 3 3 3 3 3 3 3 3 3 3 3 3 3 3 3 3 3 3 3 3 3 3 3 3 3 3 3 3 3 3 3 3 3 3 3 3 3 3 3 3 3 3 3 3 3 3 3 3 3 3 3 3 3 3 3 3 3 3 3 3 3 3 3 3 3 3 3 3 3 3 3 3 3 3 3 3 3 3 3 3 3 3 3 3 3 3 3 3 3 3 3 3 3 3 3 3 3 3 3 3 3 3 3 </vcount>
          <p>54 233 12504 55 233 12505 86 233 12506 86 233 12507 55 233 12508 85 233 12509 85 233 12510 55 233 12511 84 233 12512 84 233 12513 55 233 12514 56 233 12515 84 233 12516 56 233 12517 60 233 12518 60 233 12519 56 233 12520 59 233 12521 59 233 12522 56 233 12523 58 233 12524 58 233 12525 56 233 12526 57 233 12527 61 233 12528 73 233 12529 60 233 12530 60 1798 12531 73 1798 12532 83 1798 12533 60 233 12534 83 233 12535 84 233 12536 73 233 12537 61 233 12538 72 233 12539 72 1799 12540 61 1799 12541 62 1799 12542 72 233 12543 62 233 12544 63 233 12545 63 233 12546 64 233 12547 72 233 12548 72 1800 12549 64 1800 12550 71 1800 12551 71 233 12552 64 233 12553 65 233 12554 71 233 12555 65 233 12556 66 233 12557 71 1801 12558 66 1801 12559 70 1801 12560 70 1802 12561 66 1802 12562 67 1802 12563 70 233 12564 67 233 12565 68 233 12566 68 233 12567 69 233 12568 70 233 12569 83 233 12570 73 233 12571 82 233 12572 82 1803 12573 73 1803 12574 74 1803 12575 82 1804 12576 74 1804 12577 81 1804 12578 81 233 12579 74 233 12580 80 233 12581 80 233 12582 74 233 12583 75 233 12584 80 1805 12585 75 1805 12586 79 1805 12587 79 233 12588 75 233 12589 78 233 12590 78 1806 12591 75 1806 12592 77 1806 12593 77 233 12594 75 233 12595 76 233 12596 87 1807 12597 88 1808 12598 84 1809 12599 84 1809 12600 88 1808 12601 85 1810 12602 85 1810 12603 88 1808 12604 86 1811 12605 86 1811 12606 88 1808 12607 89 1812 12608 86 1811 12609 89 1812 12610 90 1357 12611 90 1357 12612 54 1417 12613 86 1811 12614 91 1425 12615 92 1813 12616 57 1423 12617 57 1423 12618 92 1813 12619 58 1814 12620 58 1814 12621 92 1813 12622 59 1815 12623 59 1815 12624 92 1813 12625 93 1816 12626 59 1815 12627 93 1816 12628 94 1817 12629 94 1817 12630 60 1818 12631 59 1815 12632 61 1819 12633 95 1820 12634 62 1821 12635 62 1821 12636 95 1820 12637 96 1822 12638 62 1821 12639 96 1822 12640 97 1823 12641 98 1824 12642 64 1825 12643 97 1823 12644 97 1823 12645 64 1825 12646 63 1826 12647 97 1823 12648 63 1826 12649 62 1821 12650 94 36 12651 95 36 12652 60 36 12653 60 36 12654 95 36 12655 61 36 12656 99 74 12657 87 74 12658 83 74 12659 83 74 12660 87 74 12661 84 74 12662 80 1827 12663 100 1828 12664 81 1829 12665 81 1829 12666 100 1828 12667 101 1830 12668 81 1829 12669 101 1830 12670 102 1831 12671 99 1832 12672 83 1833 12673 102 1831 12674 102 1831 12675 83 1833 12676 82 1834 12677 102 1831 12678 82 1834 12679 81 1829 12680 104 1835 12681 112 1836 12682 103 1837 12683 103 1837 12684 112 1836 12685 113 1838 12686 103 1837 12687 113 1838 12688 111 1839 12689 111 1839 12690 113 1838 12691 114 1840 12692 111 1839 12693 114 1840 12694 110 1841 12695 110 1841 12696 114 1840 12697 115 1842 12698 110 1841 12699 115 1842 12700 109 1843 12701 109 1843 12702 115 1842 12703 116 1844 12704 109 1843 12705 116 1844 12706 108 1845 12707 108 1845 12708 116 1844 12709 117 1846 12710 108 1845 12711 117 1846 12712 107 1847 12713 107 1847 12714 117 1846 12715 118 1848 12716 107 1847 12717 118 1848 12718 106 1849 12719 106 1849 12720 118 1848 12721 119 1850 12722 106 1849 12723 119 1850 12724 105 1851 12725 105 1851 12726 119 1850 12727 120 1852 12728 105 1851 12729 120 1852 12730 104 1835 12731 104 1835 12732 120 1852 12733 112 1836 12734 122 1853 12735 130 1854 12736 121 1837 12737 121 1837 12738 130 1854 12739 131 1855 12740 121 1837 12741 131 1855 12742 129 1839 12743 129 1839 12744 131 1855 12745 132 1840 12746 129 1839 12747 132 1840 12748 128 1841 12749 128 1841 12750 132 1840 12751 133 1842 12752 128 1841 12753 133 1842 12754 127 1843 12755 127 1843 12756 133 1842 12757 134 1856 12758 127 1843 12759 134 1856 12760 126 1857 12761 126 1857 12762 134 1856 12763 135 1858 12764 126 1857 12765 135 1858 12766 125 1859 12767 125 1859 12768 135 1858 12769 136 1848 12770 125 1859 12771 136 1848 12772 124 1849 12773 124 1849 12774 136 1848 12775 137 1850 12776 124 1849 12777 137 1850 12778 123 1851 12779 123 1851 12780 137 1850 12781 138 1852 12782 123 1851 12783 138 1852 12784 122 1853 12785 122 1853 12786 138 1852 12787 130 1854 12788 140 1860 12789 76 1668 12790 139 1497 12791 139 1497 12792 76 1668 12793 143 1861 12794 139 1497 12795 143 1861 12796 157 1862 12797 157 1862 12798 143 1861 12799 144 1863 12800 157 1862 12801 144 1863 12802 156 1864 12803 156 1864 12804 144 1863 12805 145 1865 12806 156 1864 12807 145 1865 12808 155 1866 12809 155 1866 12810 145 1865 12811 146 1867 12812 155 1866 12813 146 1867 12814 154 1868 12815 154 1868 12816 146 1867 12817 153 1869 12818 153 1869 12819 146 1867 12820 147 1870 12821 153 1869 12822 147 1870 12823 69 1871 12824 141 1872 12825 78 1873 12826 140 1860 12827 140 1860 12828 78 1873 12829 77 1874 12830 140 1860 12831 77 1874 12832 76 1668 12833 78 1873 12834 141 1872 12835 79 1875 12836 79 1875 12837 141 1872 12838 142 1876 12839 79 1875 12840 142 1876 12841 100 1828 12842 100 1828 12843 80 1827 12844 79 1875 12845 68 1877 12846 151 1878 12847 69 1871 12848 69 1871 12849 151 1878 12850 152 1879 12851 69 1871 12852 152 1879 12853 153 1869 12854 68 1877 12855 67 1880 12856 151 1878 12857 151 1878 12858 67 1880 12859 150 1881 12860 150 1881 12861 67 1880 12862 149 1882 12863 149 1882 12864 67 1880 12865 66 1883 12866 149 1882 12867 66 1883 12868 148 1884 12869 148 1884 12870 66 1883 12871 65 1885 12872 148 1884 12873 65 1885 12874 64 1825 12875 64 1825 12876 98 1824 12877 148 1884 12878 91 261 12879 158 261 12880 92 261 12881 92 261 12882 158 261 12883 93 261 12884 93 261 12885 158 261 12886 94 261 12887 94 261 12888 158 261 12889 159 261 12890 94 261 12891 159 261 12892 87 261 12893 87 261 12894 159 261 12895 88 261 12896 88 261 12897 159 261 12898 89 261 12899 89 261 12900 159 261 12901 90 261 12902 87 261 12903 99 261 12904 94 261 12905 94 1886 12906 99 1886 12907 162 1886 12908 94 1887 12909 162 1887 12910 95 1887 12911 95 1888 12912 162 1888 12913 163 1888 12914 95 1889 12915 163 1889 12916 96 1889 12917 96 261 12918 163 261 12919 97 261 12920 97 261 12921 163 261 12922 98 261 12923 98 1890 12924 163 1890 12925 164 1890 12926 98 1891 12927 164 1891 12928 148 1891 12929 148 261 12930 164 261 12931 149 261 12932 149 1892 12933 164 1892 12934 165 1892 12935 149 1893 12936 165 1893 12937 150 1893 12938 150 1894 12939 165 1894 12940 151 1894 12941 151 261 12942 165 261 12943 152 261 12944 99 261 12945 102 261 12946 162 261 12947 162 1895 12948 102 1895 12949 161 1895 12950 161 261 12951 102 261 12952 101 261 12953 161 261 12954 101 261 12955 100 261 12956 161 1896 12957 100 1896 12958 160 1896 12959 160 261 12960 100 261 12961 142 261 12962 160 261 12963 142 261 12964 141 261 12965 141 1897 12966 140 1897 12967 160 1897 12968 160 261 12969 140 261 12970 139 261 12971</p>
        </polylist>
        <polylist material="__105_229_2_888-MoveIt-60-TCP-04-material" count="156">
          <input semantic="VERTEX" source="#Untitled_015-mesh-vertices" offset="0"/>
          <input semantic="NORMAL" source="#Untitled_015-mesh-normals" offset="1"/>
          <input semantic="TEXCOORD" source="#Untitled_015-mesh-map-0" offset="2" set="0"/>
          <vcount>3 3 3 3 3 3 3 3 3 3 3 3 3 3 3 3 3 3 3 3 3 3 3 3 3 3 3 3 3 3 3 3 3 3 3 3 3 3 3 3 3 3 3 3 3 3 3 3 3 3 3 3 3 3 3 3 3 3 3 3 3 3 3 3 3 3 3 3 3 3 3 3 3 3 3 3 3 3 3 3 3 3 3 3 3 3 3 3 3 3 3 3 3 3 3 3 3 3 3 3 3 3 3 3 3 3 3 3 3 3 3 3 3 3 3 3 3 3 3 3 3 3 3 3 3 3 3 3 3 3 3 3 3 3 3 3 3 3 3 3 3 3 3 3 3 3 3 3 3 3 3 3 3 3 3 3 </vcount>
          <p>217 1898 12972 218 1899 12973 216 1900 12974 216 1900 12975 218 1899 12976 239 1901 12977 239 1901 12978 218 1899 12979 219 1902 12980 239 1901 12981 219 1902 12982 238 1903 12983 238 1903 12984 219 1902 12985 237 1904 12986 237 1904 12987 219 1902 12988 220 1905 12989 237 1904 12990 220 1905 12991 221 1906 12992 222 1907 12993 235 1908 12994 221 1906 12995 221 1906 12996 235 1908 12997 236 1909 12998 221 1906 12999 236 1909 13000 237 1904 13001 235 1908 13002 222 1907 13003 234 1910 13004 234 1910 13005 222 1907 13006 223 1911 13007 234 1910 13008 223 1911 13009 233 1912 13010 233 1912 13011 223 1911 13012 224 1913 13013 233 1912 13014 224 1913 13015 232 1707 13016 232 1707 13017 224 1913 13018 225 1544 13019 232 1707 13020 225 1544 13021 231 1914 13022 231 1914 13023 225 1544 13024 226 1915 13025 231 1914 13026 226 1915 13027 227 1916 13028 228 1917 13029 229 1918 13030 227 1916 13031 227 1916 13032 229 1918 13033 230 1919 13034 227 1916 13035 230 1919 13036 231 1914 13037 241 1920 13038 242 1921 13039 240 1922 13040 240 1922 13041 242 1921 13042 249 1923 13043 249 1923 13044 242 1921 13045 243 1924 13046 249 1923 13047 243 1924 13048 248 1925 13049 248 1925 13050 243 1924 13051 244 1926 13052 248 1925 13053 244 1926 13054 247 1927 13055 247 1927 13056 244 1926 13057 245 1928 13058 247 1927 13059 245 1928 13060 246 1929 13061 250 1930 13062 251 1930 13063 269 1930 13064 269 233 13065 251 233 13066 268 233 13067 268 1931 13068 251 1931 13069 267 1931 13070 267 233 13071 251 233 13072 252 233 13073 267 233 13074 252 233 13075 256 233 13076 256 1932 13077 252 1932 13078 255 1932 13079 255 233 13080 252 233 13081 254 233 13082 254 1933 13083 252 1933 13084 253 1933 13085 256 233 13086 257 233 13087 267 233 13088 267 233 13089 257 233 13090 266 233 13091 266 233 13092 257 233 13093 262 233 13094 266 1934 13095 262 1934 13096 265 1934 13097 265 233 13098 262 233 13099 264 233 13100 264 1935 13101 262 1935 13102 263 1935 13103 262 233 13104 257 233 13105 261 233 13106 261 1936 13107 257 1936 13108 258 1936 13109 261 233 13110 258 233 13111 259 233 13112 259 1937 13113 260 1937 13114 261 1937 13115 237 1938 13116 236 1938 13117 270 1938 13118 270 1939 13119 236 1939 13120 272 1939 13121 272 233 13122 236 233 13123 235 233 13124 272 1940 13125 235 1940 13126 234 1940 13127 272 1941 13128 234 1941 13129 271 1941 13130 271 233 13131 234 233 13132 233 233 13133 271 233 13134 233 233 13135 232 233 13136 220 1942 13137 273 1942 13138 221 1942 13139 221 261 13140 273 261 13141 274 261 13142 221 1943 13143 274 1943 13144 222 1943 13145 222 1944 13146 274 1944 13147 223 1944 13148 223 1945 13149 274 1945 13150 275 1945 13151 223 1946 13152 275 1946 13153 224 1946 13154 224 261 13155 275 261 13156 225 261 13157 276 1947 13158 277 1947 13159 295 1947 13160 295 261 13161 277 261 13162 294 261 13163 294 1948 13164 277 1948 13165 293 1948 13166 293 261 13167 277 261 13168 282 261 13169 293 261 13170 282 261 13171 283 261 13172 277 261 13173 278 261 13174 282 261 13175 282 1949 13176 278 1949 13177 281 1949 13178 281 261 13179 278 261 13180 280 261 13181 280 1950 13182 278 1950 13183 279 1950 13184 284 261 13185 287 261 13186 283 261 13187 283 261 13188 287 261 13189 288 261 13190 283 261 13191 288 261 13192 292 261 13193 292 1951 13194 288 1951 13195 291 1951 13196 291 261 13197 288 261 13198 290 261 13199 290 1952 13200 288 1952 13201 289 1952 13202 284 261 13203 285 261 13204 287 261 13205 287 1953 13206 285 1953 13207 286 1953 13208 292 261 13209 293 261 13210 283 261 13211 296 1954 13212 299 1955 13213 279 1556 13214 279 1556 13215 299 1955 13216 250 1692 13217 279 1556 13218 250 1692 13219 280 1956 13220 280 1956 13221 250 1692 13222 269 1957 13223 280 1956 13224 269 1957 13225 281 1958 13226 281 1958 13227 269 1957 13228 268 1959 13229 281 1958 13230 268 1959 13231 267 1960 13232 299 1955 13233 296 1954 13234 298 1961 13235 298 1961 13236 296 1954 13237 297 1962 13238 298 1961 13239 297 1962 13240 246 1929 13241 246 1929 13242 245 1928 13243 298 1961 13244 267 1960 13245 282 1963 13246 281 1958 13247 295 1964 13248 254 1965 13249 276 1552 13250 276 1552 13251 254 1965 13252 253 1699 13253 276 1552 13254 253 1699 13255 303 1966 13256 303 1966 13257 253 1699 13258 300 1967 13259 303 1966 13260 300 1967 13261 302 1968 13262 302 1968 13263 300 1967 13264 301 1969 13265 302 1968 13266 301 1969 13267 229 1918 13268 254 1965 13269 295 1964 13270 255 1970 13271 255 1970 13272 295 1964 13273 294 1971 13274 255 1970 13275 294 1971 13276 293 1972 13277 293 1972 13278 256 1973 13279 255 1970 13280 229 1918 13281 228 1917 13282 302 1968 13283 257 1809 13284 292 1974 13285 258 1810 13286 258 1810 13287 292 1974 13288 291 1808 13289 258 1810 13290 291 1808 13291 290 1975 13292 289 1456 13293 260 1452 13294 290 1975 13295 290 1975 13296 260 1452 13297 259 1976 13298 290 1975 13299 259 1976 13300 258 1810 13301 293 74 13302 292 74 13303 256 74 13304 256 74 13305 292 74 13306 257 74 13307 283 36 13308 282 36 13309 266 36 13310 266 36 13311 282 36 13312 267 36 13313 263 1454 13314 286 1365 13315 264 1814 13316 264 1814 13317 286 1365 13318 285 1977 13319 264 1814 13320 285 1977 13321 284 1978 13322 283 1979 13323 266 1980 13324 284 1978 13325 284 1978 13326 266 1980 13327 265 1981 13328 284 1978 13329 265 1981 13330 264 1814 13331 305 1982 13332 313 1983 13333 304 1984 13334 304 1984 13335 313 1983 13336 314 1985 13337 304 1984 13338 314 1985 13339 312 1986 13340 312 1986 13341 314 1985 13342 315 1987 13343 312 1986 13344 315 1987 13345 311 1988 13346 311 1988 13347 315 1987 13348 316 1989 13349 311 1988 13350 316 1989 13351 310 1990 13352 310 1990 13353 316 1989 13354 317 1991 13355 310 1990 13356 317 1991 13357 309 1992 13358 309 1992 13359 317 1991 13360 318 1993 13361 309 1992 13362 318 1993 13363 308 1994 13364 308 1994 13365 318 1993 13366 319 1995 13367 308 1994 13368 319 1995 13369 307 1996 13370 307 1996 13371 319 1995 13372 320 1997 13373 307 1996 13374 320 1997 13375 306 1998 13376 306 1998 13377 320 1997 13378 321 1999 13379 306 1998 13380 321 1999 13381 305 1982 13382 305 1982 13383 321 1999 13384 313 1983 13385 323 2000 13386 331 1983 13387 322 1984 13388 322 1984 13389 331 1983 13390 332 2001 13391 322 1984 13392 332 2001 13393 330 1986 13394 330 1986 13395 332 2001 13396 333 1987 13397 330 1986 13398 333 1987 13399 329 1988 13400 329 1988 13401 333 1987 13402 334 1989 13403 329 1988 13404 334 1989 13405 328 1990 13406 328 1990 13407 334 1989 13408 335 2002 13409 328 1990 13410 335 2002 13411 327 2003 13412 327 2003 13413 335 2002 13414 336 1993 13415 327 2003 13416 336 1993 13417 326 2004 13418 326 2004 13419 336 1993 13420 337 1995 13421 326 2004 13422 337 1995 13423 325 1996 13424 325 1996 13425 337 1995 13426 338 1997 13427 325 1996 13428 338 1997 13429 324 1998 13430 324 1998 13431 338 1997 13432 339 1999 13433 324 1998 13434 339 1999 13435 323 2000 13436 323 2000 13437 339 1999 13438 331 1983 13439</p>
        </polylist>
        <polylist material="__105_229_1_888-MoveIt-60-TCP-04-material" count="156">
          <input semantic="VERTEX" source="#Untitled_015-mesh-vertices" offset="0"/>
          <input semantic="NORMAL" source="#Untitled_015-mesh-normals" offset="1"/>
          <input semantic="TEXCOORD" source="#Untitled_015-mesh-map-0" offset="2" set="0"/>
          <vcount>3 3 3 3 3 3 3 3 3 3 3 3 3 3 3 3 3 3 3 3 3 3 3 3 3 3 3 3 3 3 3 3 3 3 3 3 3 3 3 3 3 3 3 3 3 3 3 3 3 3 3 3 3 3 3 3 3 3 3 3 3 3 3 3 3 3 3 3 3 3 3 3 3 3 3 3 3 3 3 3 3 3 3 3 3 3 3 3 3 3 3 3 3 3 3 3 3 3 3 3 3 3 3 3 3 3 3 3 3 3 3 3 3 3 3 3 3 3 3 3 3 3 3 3 3 3 3 3 3 3 3 3 3 3 3 3 3 3 3 3 3 3 3 3 3 3 3 3 3 3 3 3 3 3 3 3 </vcount>
          <p>411 2005 13440 404 2005 13441 405 2005 13442 411 2006 13443 405 2006 13444 410 2006 13445 410 233 13446 405 233 13447 409 233 13448 409 233 13449 405 233 13450 406 233 13451 409 2007 13452 406 2007 13453 408 2007 13454 408 2008 13455 406 2008 13456 407 2008 13457 413 261 13458 418 261 13459 412 261 13460 412 261 13461 418 261 13462 419 261 13463 412 2009 13464 419 2009 13465 420 2009 13466 414 2010 13467 416 2010 13468 413 2010 13469 413 261 13470 416 261 13471 417 261 13472 413 261 13473 417 261 13474 418 261 13475 344 2011 13476 421 2012 13477 345 2013 13478 345 2013 13479 421 2012 13480 428 2014 13481 428 2014 13482 421 2012 13483 422 2015 13484 428 2014 13485 422 2015 13486 427 2016 13487 427 2016 13488 422 2015 13489 423 2017 13490 427 2016 13491 423 2017 13492 426 2018 13493 426 2018 13494 423 2017 13495 424 2019 13496 426 2018 13497 424 2019 13498 425 2020 13499 430 2021 13500 431 2022 13501 429 2023 13502 429 2023 13503 431 2022 13504 440 2024 13505 440 2024 13506 431 2022 13507 432 2025 13508 440 2024 13509 432 2025 13510 439 2026 13511 439 2026 13512 432 2025 13513 420 2027 13514 439 2026 13515 420 2027 13516 407 2028 13517 407 2028 13518 420 2027 13519 408 2029 13520 408 2029 13521 420 2027 13522 419 2030 13523 408 2029 13524 419 2030 13525 409 2031 13526 409 2031 13527 419 2030 13528 418 2032 13529 409 2031 13530 418 2032 13531 410 2033 13532 410 2033 13533 418 2032 13534 417 2034 13535 410 2033 13536 417 2034 13537 411 2035 13538 411 2035 13539 417 2034 13540 416 2036 13541 411 2035 13542 416 2036 13543 404 1744 13544 404 1744 13545 416 2036 13546 414 1580 13547 404 1744 13548 414 1580 13549 403 1743 13550 403 1743 13551 414 1580 13552 415 1578 13553 403 1743 13554 415 1578 13555 433 2037 13556 434 2038 13557 437 2039 13558 433 2037 13559 433 2037 13560 437 2039 13561 438 2040 13562 433 2037 13563 438 2040 13564 403 1743 13565 434 2038 13566 435 2041 13567 437 2039 13568 437 2039 13569 435 2041 13570 436 2042 13571 441 2043 13572 442 2044 13573 448 2045 13574 448 2045 13575 442 2044 13576 447 1810 13577 447 1810 13578 442 2044 13579 446 2046 13580 446 2046 13581 442 2044 13582 443 2047 13583 446 2046 13584 443 2047 13585 444 1357 13586 444 1357 13587 445 1359 13588 446 2046 13589 449 1365 13590 450 2048 13591 456 1367 13592 456 1367 13593 450 2048 13594 455 2049 13595 455 2049 13596 450 2048 13597 454 2050 13598 454 2050 13599 450 2048 13600 451 2051 13601 454 2050 13602 451 2051 13603 452 1817 13604 452 1817 13605 453 1818 13606 454 2050 13607 458 2052 13608 461 2053 13609 457 1591 13610 457 1591 13611 461 2053 13612 462 1729 13613 457 1591 13614 462 1729 13615 468 2054 13616 468 2054 13617 462 1729 13618 463 2055 13619 468 2054 13620 463 2055 13621 464 2056 13622 461 2053 13623 458 2052 13624 460 2057 13625 460 2057 13626 458 2052 13627 459 2058 13628 460 2057 13629 459 2058 13630 424 2019 13631 424 2019 13632 459 2058 13633 425 2020 13634 465 2059 13635 466 2060 13636 464 2056 13637 464 2056 13638 466 2060 13639 467 2061 13640 464 2056 13641 467 2061 13642 468 2054 13643 452 36 13644 466 36 13645 453 36 13646 453 36 13647 466 36 13648 465 36 13649 469 74 13650 441 74 13651 470 74 13652 470 74 13653 441 74 13654 448 74 13655 472 2062 13656 475 2063 13657 471 1588 13658 471 1588 13659 475 2063 13660 476 1736 13661 471 1588 13662 476 1736 13663 480 2064 13664 480 2064 13665 476 1736 13666 477 2065 13667 480 2064 13668 477 2065 13669 479 2066 13670 479 2066 13671 477 2065 13672 478 2067 13673 479 2066 13674 478 2067 13675 435 2041 13676 435 2041 13677 478 2067 13678 436 2042 13679 472 2062 13680 473 2068 13681 475 2063 13682 475 2063 13683 473 2068 13684 474 2069 13685 474 2069 13686 473 2068 13687 470 2070 13688 470 2070 13689 473 2068 13690 469 2071 13691 482 2072 13692 490 1836 13693 481 1837 13694 481 1837 13695 490 1836 13696 491 1838 13697 481 1837 13698 491 1838 13699 489 1839 13700 489 1839 13701 491 1838 13702 492 1840 13703 489 1839 13704 492 1840 13705 488 1841 13706 488 1841 13707 492 1840 13708 493 1842 13709 488 1841 13710 493 1842 13711 487 1843 13712 487 1843 13713 493 1842 13714 494 2073 13715 487 1843 13716 494 2073 13717 486 2074 13718 486 2074 13719 494 2073 13720 495 1858 13721 486 2074 13722 495 1858 13723 485 1859 13724 485 1859 13725 495 1858 13726 496 2075 13727 485 1859 13728 496 2075 13729 484 2076 13730 484 2076 13731 496 2075 13732 497 1850 13733 484 2076 13734 497 1850 13735 483 1851 13736 483 1851 13737 497 1850 13738 498 1852 13739 483 1851 13740 498 1852 13741 482 2072 13742 482 2072 13743 498 1852 13744 490 1836 13745 500 2077 13746 508 1836 13747 499 1837 13748 499 1837 13749 508 1836 13750 509 1838 13751 499 1837 13752 509 1838 13753 507 2078 13754 507 2078 13755 509 1838 13756 510 1840 13757 507 2078 13758 510 1840 13759 506 1841 13760 506 1841 13761 510 1840 13762 511 2079 13763 506 1841 13764 511 2079 13765 505 2080 13766 505 2080 13767 511 2079 13768 512 1856 13769 505 2080 13770 512 1856 13771 504 1845 13772 504 1845 13773 512 1856 13774 513 1846 13775 504 1845 13776 513 1846 13777 503 1847 13778 503 1847 13779 513 1846 13780 514 2075 13781 503 1847 13782 514 2075 13783 502 2076 13784 502 2076 13785 514 2075 13786 515 1850 13787 502 2076 13788 515 1850 13789 501 1851 13790 501 1851 13791 515 1850 13792 516 1852 13793 501 1851 13794 516 1852 13795 500 2077 13796 500 2077 13797 516 1852 13798 508 1836 13799 445 233 13800 517 233 13801 446 233 13802 446 2081 13803 517 2081 13804 447 2081 13805 447 2082 13806 517 2082 13807 448 2082 13808 448 2083 13809 517 2083 13810 520 2083 13811 448 2084 13812 520 2084 13813 470 2084 13814 470 233 13815 520 233 13816 474 233 13817 474 2085 13818 520 2085 13819 475 2085 13820 475 2086 13821 520 2086 13822 476 2086 13823 517 233 13824 518 233 13825 520 233 13826 520 233 13827 518 233 13828 519 233 13829 519 2087 13830 518 2087 13831 453 2087 13832 519 233 13833 453 233 13834 465 233 13835 456 233 13836 455 233 13837 518 233 13838 518 2088 13839 455 2088 13840 454 2088 13841 518 233 13842 454 233 13843 453 233 13844 465 233 13845 464 233 13846 519 233 13847 519 233 13848 464 233 13849 463 233 13850 519 2089 13851 463 2089 13852 462 2089 13853 449 261 13854 521 261 13855 450 261 13856 450 2090 13857 521 2090 13858 451 2090 13859 451 2091 13860 521 2091 13861 452 2091 13862 452 2092 13863 521 2092 13864 524 2092 13865 452 2093 13866 524 2093 13867 466 2093 13868 466 261 13869 524 261 13870 467 261 13871 467 2094 13872 524 2094 13873 468 2094 13874 468 2095 13875 524 2095 13876 457 2095 13877 524 261 13878 521 261 13879 523 261 13880 523 261 13881 521 261 13882 522 261 13883 523 2096 13884 522 2096 13885 441 2096 13886 441 2097 13887 522 2097 13888 442 2097 13889 442 2098 13890 522 2098 13891 443 2098 13892 443 261 13893 522 261 13894 444 261 13895 441 2099 13896 469 2099 13897 523 2099 13898 523 261 13899 469 261 13900 473 261 13901 523 261 13902 473 261 13903 472 261 13904 472 2100 13905 471 2100 13906 523 2100 13907</p>
        </polylist>
      </mesh>
    </geometry>
    <geometry id="Cube_004-mesh" name="Cube.004">
      <mesh>
        <source id="Cube_004-mesh-positions">
          <float_array id="Cube_004-mesh-positions-array" count="78">-1 -1 -1 -1 -0.1345511 1 -1 1 -1 -1 0.1345511 1 1 -1 -1 1 -0.1345511 1 1 1 -1 1 0.1345511 1 -1 -1 -0.4476536 -1 0 1 -1 1 -0.4476536 -1 0 -1 0 0.1345511 1 1 1 -0.4476536 0 1 -1 1 0 1 1 -1 -0.4476536 1 0 -1 0 -0.1345511 1 0 -1 -1 0 0 1 0 0 -1 0 -1 -0.4476536 1 0 -0.4476536 0 1 -0.4476536 -1 0 -0.4476536</float_array>
          <technique_common>
            <accessor source="#Cube_004-mesh-positions-array" count="26" stride="3">
              <param name="X" type="float"/>
              <param name="Y" type="float"/>
              <param name="Z" type="float"/>
            </accessor>
          </technique_common>
        </source>
        <source id="Cube_004-mesh-normals">
          <float_array id="Cube_004-mesh-normals-array" count="24">-1 0 0 0 1 0 1 0 0 0 -1 0 0 0 -1 0 0 1 0 -0.858314 0.5131248 0 0.858314 0.5131248</float_array>
          <technique_common>
            <accessor source="#Cube_004-mesh-normals-array" count="8" stride="3">
              <param name="X" type="float"/>
              <param name="Y" type="float"/>
              <param name="Z" type="float"/>
            </accessor>
          </technique_common>
        </source>
        <vertices id="Cube_004-mesh-vertices">
          <input semantic="POSITION" source="#Cube_004-mesh-positions"/>
        </vertices>
        <polylist count="48">
          <input semantic="VERTEX" source="#Cube_004-mesh-vertices" offset="0"/>
          <input semantic="NORMAL" source="#Cube_004-mesh-normals" offset="1"/>
          <vcount>3 3 3 3 3 3 3 3 3 3 3 3 3 3 3 3 3 3 3 3 3 3 3 3 3 3 3 3 3 3 3 3 3 3 3 3 3 3 3 3 3 3 3 3 3 3 3 3 </vcount>
          <p>10 0 2 0 11 0 13 1 6 1 14 1 16 2 4 2 17 2 8 3 0 3 19 3 14 4 6 4 17 4 12 5 3 5 9 5 20 5 9 5 1 5 15 5 20 5 18 5 7 5 12 5 20 5 21 4 17 4 4 4 11 4 21 4 19 4 2 4 14 4 21 4 22 3 19 3 4 3 18 6 22 6 16 6 1 6 8 6 22 6 23 2 17 2 6 2 7 2 15 2 23 2 5 2 16 2 23 2 24 1 14 1 2 1 12 7 24 7 10 7 7 7 13 7 24 7 25 0 11 0 0 0 1 0 9 0 25 0 3 0 10 0 25 0 25 0 10 0 11 0 24 1 13 1 14 1 23 2 16 2 17 2 22 3 8 3 19 3 21 4 14 4 17 4 20 5 12 5 9 5 18 5 20 5 1 5 5 5 15 5 18 5 15 5 7 5 20 5 19 4 21 4 4 4 0 4 11 4 19 4 11 4 2 4 21 4 16 3 22 3 4 3 5 6 18 6 16 6 18 6 1 6 22 6 13 2 23 2 6 2 13 2 7 2 23 2 15 2 5 2 23 2 10 1 24 1 2 1 3 7 12 7 10 7 12 7 7 7 24 7 8 0 25 0 0 0 8 0 1 0 25 0 9 0 3 0 25 0</p>
        </polylist>
      </mesh>
    </geometry>
  </library_geometries>
  <library_controllers/>
  <library_visual_scenes>
    <visual_scene id="Scene" name="Scene">
      <node id="_88-MoveIt-60-TCP-04" name="_88-MoveIt-60-TCP-04" type="NODE">
        <matrix sid="transform">0 0 0 0 0 0 0 0 0 0 0 0 0 0 0 1</matrix>
        <instance_geometry url="#Untitled_015-mesh" name="_88-MoveIt-60-TCP-04">
          <bind_material>
            <technique_common>
              <instance_material symbol="Miscellaneous_Default_888-MoveIt-60-TCP-04-material" target="#Miscellaneous_Default_888-MoveIt-60-TCP-04-material"/>
              <instance_material symbol="__105_229_888-MoveIt-60-TCP-04-material" target="#__105_229_888-MoveIt-60-TCP-04-material"/>
              <instance_material symbol="__105_229_3_888-MoveIt-60-TCP-04-material" target="#__105_229_3_888-MoveIt-60-TCP-04-material"/>
              <instance_material symbol="__105_229_2_888-MoveIt-60-TCP-04-material" target="#__105_229_2_888-MoveIt-60-TCP-04-material"/>
              <instance_material symbol="__105_229_1_888-MoveIt-60-TCP-04-material" target="#__105_229_1_888-MoveIt-60-TCP-04-material"/>
            </technique_common>
          </bind_material>
        </instance_geometry>
      </node>
      <node id="Cube" name="Cube" type="NODE">
        <matrix sid="transform">0.022 0 0 0 0 0.013 0 0 0 0 0.05945 0.05703457 0 0 0 1</matrix>
        <instance_geometry url="#Cube_004-mesh" name="Cube"/>
      </node>
    </visual_scene>
  </library_visual_scenes>
  <scene>
    <instance_visual_scene url="#Scene"/>
  </scene>
</COLLADA>