<?xml version="1.0" encoding="utf-8"?>
<COLLADA xmlns="http://www.collada.org/2005/11/COLLADASchema" version="1.4.1">
  <asset>
    <contributor>
      <author>Blender User</author>
      <authoring_tool>Blender 2.76.0 commit date:2015-11-03, commit time:10:56, hash:f337fea</authoring_tool>
    </contributor>
    <created>2015-11-16T09:40:20</created>
    <modified>2015-11-16T09:40:20</modified>
    <unit name="meter" meter="1"/>
    <up_axis>Z_UP</up_axis>
  </asset>
  <library_images/>
  <library_geometries>
    <geometry id="Untitled_000-mesh" name="Untitled.000">
      <mesh>
        <source id="Untitled_000-mesh-positions">
          <float_array id="Untitled_000-mesh-positions-array" count="7902">0.3149606 1.181102 0.1909449 0.2902607 1.181102 0.1848569 0.2712194 1.181102 0.1679877 0.2621985 1.181102 0.1442016 0.2652649 1.181102 0.1189482 0.2797159 1.181102 0.0980122 0.3022411 1.181102 0.0861901 0.3276802 1.181102 0.0861901 0.3502053 1.181102 0.0980122 0.3646564 1.181102 0.1189482 0.3677227 1.181102 0.1442016 0.3587019 1.181102 0.1679877 0.3396605 1.181102 0.1848569 0.3641732 1.181102 0.1377952 0.35758 1.181102 0.1131889 0.339567 1.181102 0.09517592 0.3149606 1.181102 0.08858263 0.2903543 1.181102 0.09517592 0.2723413 1.181102 0.1131889 0.265748 1.181102 0.1377952 0.2723413 1.181102 0.1624016 0.2903543 1.181102 0.1804146 0.3149606 1.181102 0.1870079 0.339567 1.181102 0.1804146 0.35758 1.181102 0.1624016 -0.1909449 1.181102 0.3149606 -0.1848569 1.181102 0.2902607 -0.1679877 1.181102 0.2712194 -0.1442016 1.181102 0.2621985 -0.1189482 1.181102 0.2652649 -0.0980122 1.181102 0.2797159 -0.0861901 1.181102 0.3022411 -0.0861901 1.181102 0.3276802 -0.0980122 1.181102 0.3502053 -0.1189482 1.181102 0.3646564 -0.1442016 1.181102 0.3677227 -0.1679877 1.181102 0.3587019 -0.1848569 1.181102 0.3396605 -0.1377952 1.181102 0.3641732 -0.1131889 1.181102 0.35758 -0.09517592 1.181102 0.339567 -0.08858263 1.181102 0.3149606 -0.09517592 1.181102 0.2903543 -0.1131889 1.181102 0.2723413 -0.1377952 1.181102 0.265748 -0.1624016 1.181102 0.2723413 -0.1804146 1.181102 0.2903543 -0.1870079 1.181102 0.3149606 -0.1804146 1.181102 0.339567 -0.1624016 1.181102 0.35758 -0.3149606 1.181102 -0.1909449 -0.2902607 1.181102 -0.1848569 -0.2712194 1.181102 -0.1679877 -0.2621985 1.181102 -0.1442016 -0.2652649 1.181102 -0.1189482 -0.2797159 1.181102 -0.0980122 -0.3022411 1.181102 -0.0861901 -0.3276802 1.181102 -0.0861901 -0.3502053 1.181102 -0.0980122 -0.3646564 1.181102 -0.1189482 -0.3677227 1.181102 -0.1442016 -0.3587019 1.181102 -0.1679877 -0.3396605 1.181102 -0.1848569 -0.3641732 1.181102 -0.1377952 -0.35758 1.181102 -0.1131889 -0.339567 1.181102 -0.09517592 -0.3149606 1.181102 -0.08858263 -0.2903543 1.181102 -0.09517592 -0.2723413 1.181102 -0.1131889 -0.265748 1.181102 -0.1377952 -0.2723413 1.181102 -0.1624016 -0.2903543 1.181102 -0.1804146 -0.3149606 1.181102 -0.1870079 -0.339567 1.181102 -0.1804146 -0.35758 1.181102 -0.1624016 0.1909449 1.181102 -0.3149606 0.1848569 1.181102 -0.2902607 0.1679877 1.181102 -0.2712194 0.1442016 1.181102 -0.2621985 0.1189482 1.181102 -0.2652649 0.0980122 1.181102 -0.2797159 0.0861901 1.181102 -0.3022411 0.0861901 1.181102 -0.3276802 0.0980122 1.181102 -0.3502053 0.1189482 1.181102 -0.3646564 0.1442016 1.181102 -0.3677227 0.1679877 1.181102 -0.3587019 0.1848569 1.181102 -0.3396605 0.1377952 1.181102 -0.3641732 0.1131889 1.181102 -0.35758 0.09517592 1.181102 -0.339567 0.08858263 1.181102 -0.3149606 0.09517592 1.181102 -0.2903543 0.1131889 1.181102 -0.2723413 0.1377952 1.181102 -0.265748 0.1624016 1.181102 -0.2723413 0.1804146 1.181102 -0.2903543 0.1870079 1.181102 -0.3149606 0.1804146 1.181102 -0.339567 0.1624016 1.181102 -0.35758 -0.4527559 1.181102 0.4527559 -0.09842514 1.181102 0.4527559 -0.1210246 1.181102 0.4572512 -0.1401835 1.181102 0.4700527 -0.152985 1.181102 0.4892116 -0.1574802 1.181102 0.511811 -0.1574802 1.181102 0.5708662 -0.152985 1.181102 0.5934656 -0.1401835 1.181102 0.6126244 -0.1210246 1.181102 0.6254259 -0.09842514 1.181102 0.6299213 0.09842514 1.181102 0.6299213 0.1210246 1.181102 0.6254259 0.1401835 1.181102 0.6126244 0.152985 1.181102 0.5934656 0.1574802 1.181102 0.5708662 0.1574802 1.181102 0.511811 0.152985 1.181102 0.4892116 0.1401835 1.181102 0.4700527 0.1210246 1.181102 0.4572512 0.09842514 1.181102 0.4527559 0.4527559 1.181102 0.4527559 0.4527559 1.181102 0.7677165 0.4429134 1.181102 0.7703539 0.4357082 1.181102 0.7775591 0.4330708 1.181102 0.7874016 0.4330708 1.181102 0.8070866 -0.4330708 1.181102 0.8070866 -0.4330708 1.181102 0.7874016 -0.4357082 1.181102 0.7775591 -0.4429134 1.181102 0.7703539 -0.4527559 1.181102 0.7677165 0.3149606 1.181102 0.738189 0.339567 1.181102 0.7315957 0.35758 1.181102 0.7135827 0.3641732 1.181102 0.6889764 0.35758 1.181102 0.6643701 0.339567 1.181102 0.6463571 0.3149606 1.181102 0.6397638 0.2903543 1.181102 0.6463571 0.2723413 1.181102 0.6643701 0.265748 1.181102 0.6889764 0.2723413 1.181102 0.7135827 0.2903543 1.181102 0.7315957 -0.3149606 1.181102 0.738189 -0.2903543 1.181102 0.7315957 -0.2723413 1.181102 0.7135827 -0.265748 1.181102 0.6889764 -0.2723413 1.181102 0.6643701 -0.2903543 1.181102 0.6463571 -0.3149606 1.181102 0.6397638 -0.339567 1.181102 0.6463571 -0.35758 1.181102 0.6643701 -0.3641732 1.181102 0.6889764 -0.35758 1.181102 0.7135827 -0.339567 1.181102 0.7315957 -0.4527559 1.240157 -0.7677165 -0.4527559 1.240157 0.7677165 -0.4429134 1.240157 0.7703539 -0.4357082 1.240157 0.7775591 -0.4330708 1.240157 0.7874016 -0.4330708 1.240157 0.8070866 0.4330708 1.240157 0.8070866 0.4330708 1.240157 0.7874016 0.4357082 1.240157 0.7775591 0.4429134 1.240157 0.7703539 0.4527559 1.240157 0.7677165 0.4527559 1.240157 -0.7677165 0.4429134 1.240157 -0.7703539 0.4357082 1.240157 -0.7775591 0.4330708 1.240157 -0.7874016 0.4330708 1.240157 -0.8070866 -0.4330708 1.240157 -0.8070866 -0.4330708 1.240157 -0.7874016 -0.4357082 1.240157 -0.7775591 -0.4429134 1.240157 -0.7703539 0 1.240157 0.1574802 -0.04641813 1.240157 0.1504839 -0.08871179 1.240157 0.1301163 -0.1231231 1.240157 0.09818732 -0.1465942 1.240157 0.05753386 -0.1570399 1.240157 0.01176846 -0.1535319 1.240157 -0.03504264 -0.1363819 1.240157 -0.07874011 -0.1071138 1.240157 -0.1154412 -0.06832814 1.240157 -0.1418848 -0.02347105 1.240157 -0.1557214 0.02347105 1.240157 -0.1557214 0.06832814 1.240157 -0.1418848 0.1071138 1.240157 -0.1154412 0.1363819 1.240157 -0.07874011 0.1535319 1.240157 -0.03504264 0.1570399 1.240157 0.01176846 0.1465942 1.240157 0.05753386 0.1231231 1.240157 0.09818732 0.08871179 1.240157 0.1301163 0.04641813 1.240157 0.1504839 -0.3149606 1.240157 0.03937 -0.3362457 1.240157 0.03312021 -0.3507729 1.240157 0.01635479 -0.35393 1.240157 -0.005602896 -0.3447145 1.240157 -0.02578181 -0.3260525 1.240157 -0.03777515 -0.3038688 1.240157 -0.03777515 -0.2852067 1.240157 -0.02578181 -0.2759913 1.240157 -0.005602896 -0.2791483 1.240157 0.01635479 -0.2936756 1.240157 0.03312021 -0.2227108 1.240157 0.2620809 -0.2439959 1.240157 0.255831 -0.2585231 1.240157 0.2390657 -0.2616801 1.240157 0.2171078 -0.2524647 1.240157 0.1969289 -0.2338026 1.240157 0.1849355 -0.211619 1.240157 0.1849355 -0.1929569 1.240157 0.1969289 -0.1837414 1.240157 0.2171078 -0.1868985 1.240157 0.2390657 -0.2014257 1.240157 0.255831 0 1.240157 0.3543307 -0.02128493 1.240157 0.3480808 -0.03581213 1.240157 0.3313156 -0.03896921 1.240157 0.3093577 -0.02975392 1.240157 0.2891787 -0.0110917 1.240157 0.2771853 0.0110917 1.240157 0.2771853 0.02975392 1.240157 0.2891787 0.03896921 1.240157 0.3093577 0.03581213 1.240157 0.3313156 0.02128493 1.240157 0.3480808 0.2227108 1.240157 0.2620809 0.2014257 1.240157 0.255831 0.1868985 1.240157 0.2390657 0.1837414 1.240157 0.2171078 0.1929569 1.240157 0.1969289 0.211619 1.240157 0.1849355 0.2338026 1.240157 0.1849355 0.2524647 1.240157 0.1969289 0.2616801 1.240157 0.2171078 0.2585231 1.240157 0.2390657 0.2439959 1.240157 0.255831 0.3149606 1.240157 0.03937 0.2936756 1.240157 0.03312021 0.2791483 1.240157 0.01635479 0.2759913 1.240157 -0.005602896 0.2852067 1.240157 -0.02578181 0.3038688 1.240157 -0.03777515 0.3260525 1.240157 -0.03777515 0.3447145 1.240157 -0.02578181 0.35393 1.240157 -0.005602896 0.3507729 1.240157 0.01635479 0.3362457 1.240157 0.03312021 0.2227108 1.240157 -0.1833407 0.2014257 1.240157 -0.1895906 0.1868985 1.240157 -0.2063559 0.1837414 1.240157 -0.2283137 0.1929569 1.240157 -0.2484927 0.211619 1.240157 -0.2604861 0.2338026 1.240157 -0.2604861 0.2524647 1.240157 -0.2484927 0.2616801 1.240157 -0.2283137 0.2585231 1.240157 -0.2063559 0.2439959 1.240157 -0.1895906 0 1.240157 -0.2755905 -0.02128493 1.240157 -0.2818404 -0.03581213 1.240157 -0.2986057 -0.03896921 1.240157 -0.3205636 -0.02975392 1.240157 -0.3407425 -0.0110917 1.240157 -0.3527359 0.0110917 1.240157 -0.3527359 0.02975392 1.240157 -0.3407425 0.03896921 1.240157 -0.3205636 0.03581213 1.240157 -0.2986057 0.02128493 1.240157 -0.2818404 -0.2227108 1.240157 -0.1833407 -0.2439959 1.240157 -0.1895906 -0.2585231 1.240157 -0.2063559 -0.2616801 1.240157 -0.2283137 -0.2524647 1.240157 -0.2484927 -0.2338026 1.240157 -0.2604861 -0.211619 1.240157 -0.2604861 -0.1929569 1.240157 -0.2484927 -0.1837414 1.240157 -0.2283137 -0.1868985 1.240157 -0.2063559 -0.2014257 1.240157 -0.1895906 -0.3149606 1.240157 0.1781496 -0.3367778 1.240157 0.1717435 -0.3516682 1.240157 0.154559 -0.3549042 1.240157 0.1320523 -0.3454584 1.240157 0.1113688 -0.3263297 1.240157 0.09907555 -0.3035915 1.240157 0.09907555 -0.2844629 1.240157 0.1113688 -0.275017 1.240157 0.1320523 -0.278253 1.240157 0.154559 -0.2931434 1.240157 0.1717435 -0.1781496 1.240157 -0.3149606 -0.1717435 1.240157 -0.3367778 -0.154559 1.240157 -0.3516682 -0.1320523 1.240157 -0.3549042 -0.1113688 1.240157 -0.3454584 -0.09907555 1.240157 -0.3263297 -0.09907555 1.240157 -0.3035915 -0.1113688 1.240157 -0.2844629 -0.1320523 1.240157 -0.275017 -0.154559 1.240157 -0.278253 -0.1717435 1.240157 -0.2931434 0.3149606 1.240157 -0.1781496 0.3367778 1.240157 -0.1717435 0.3516682 1.240157 -0.154559 0.3549042 1.240157 -0.1320523 0.3454584 1.240157 -0.1113688 0.3263297 1.240157 -0.09907555 0.3035915 1.240157 -0.09907555 0.2844629 1.240157 -0.1113688 0.275017 1.240157 -0.1320523 0.278253 1.240157 -0.154559 0.2931434 1.240157 -0.1717435 0.1781496 1.240157 0.3149606 0.1717435 1.240157 0.3367778 0.154559 1.240157 0.3516682 0.1320523 1.240157 0.3549042 0.1113688 1.240157 0.3454584 0.09907555 1.240157 0.3263297 0.09907555 1.240157 0.3035915 0.1113688 1.240157 0.2844629 0.1320523 1.240157 0.275017 0.154559 1.240157 0.278253 0.1717435 1.240157 0.2931434 -0.1377952 1.240157 0.3641732 -0.1624016 1.240157 0.35758 -0.1804146 1.240157 0.339567 -0.1870079 1.240157 0.3149606 -0.1804146 1.240157 0.2903543 -0.1624016 1.240157 0.2723413 -0.1377952 1.240157 0.265748 -0.1131889 1.240157 0.2723413 -0.09517592 1.240157 0.2903543 -0.08858263 1.240157 0.3149606 -0.09517592 1.240157 0.339567 -0.1131889 1.240157 0.35758 -0.3641732 1.240157 -0.1377952 -0.35758 1.240157 -0.1624016 -0.339567 1.240157 -0.1804146 -0.3149606 1.240157 -0.1870079 -0.2903543 1.240157 -0.1804146 -0.2723413 1.240157 -0.1624016 -0.265748 1.240157 -0.1377952 -0.2723413 1.240157 -0.1131889 -0.2903543 1.240157 -0.09517592 -0.3149606 1.240157 -0.08858263 -0.339567 1.240157 -0.09517592 -0.35758 1.240157 -0.1131889 0.1377952 1.240157 -0.3641732 0.1624016 1.240157 -0.35758 0.1804146 1.240157 -0.339567 0.1870079 1.240157 -0.3149606 0.1804146 1.240157 -0.2903543 0.1624016 1.240157 -0.2723413 0.1377952 1.240157 -0.265748 0.1131889 1.240157 -0.2723413 0.09517592 1.240157 -0.2903543 0.08858263 1.240157 -0.3149606 0.09517592 1.240157 -0.339567 0.1131889 1.240157 -0.35758 0.3641732 1.240157 0.1377952 0.35758 1.240157 0.1624016 0.339567 1.240157 0.1804146 0.3149606 1.240157 0.1870079 0.2903543 1.240157 0.1804146 0.2723413 1.240157 0.1624016 0.265748 1.240157 0.1377952 0.2723413 1.240157 0.1131889 0.2903543 1.240157 0.09517592 0.3149606 1.240157 0.08858263 0.339567 1.240157 0.09517592 0.35758 1.240157 0.1131889 -0.3149606 1.240157 0.738189 -0.339567 1.240157 0.7315957 -0.35758 1.240157 0.7135827 -0.3641732 1.240157 0.6889764 -0.35758 1.240157 0.6643701 -0.339567 1.240157 0.6463571 -0.3149606 1.240157 0.6397638 -0.2903543 1.240157 0.6463571 -0.2723413 1.240157 0.6643701 -0.265748 1.240157 0.6889764 -0.2723413 1.240157 0.7135827 -0.2903543 1.240157 0.7315957 0.3149606 1.240157 0.738189 0.2903543 1.240157 0.7315957 0.2723413 1.240157 0.7135827 0.265748 1.240157 0.6889764 0.2723413 1.240157 0.6643701 0.2903543 1.240157 0.6463571 0.3149606 1.240157 0.6397638 0.339567 1.240157 0.6463571 0.35758 1.240157 0.6643701 0.3641732 1.240157 0.6889764 0.35758 1.240157 0.7135827 0.339567 1.240157 0.7315957 -0.3149606 1.240157 -0.6397638 -0.339567 1.240157 -0.6463571 -0.35758 1.240157 -0.6643701 -0.3641732 1.240157 -0.6889764 -0.35758 1.240157 -0.7135827 -0.339567 1.240157 -0.7315957 -0.3149606 1.240157 -0.738189 -0.2903543 1.240157 -0.7315957 -0.2723413 1.240157 -0.7135827 -0.265748 1.240157 -0.6889764 -0.2723413 1.240157 -0.6643701 -0.2903543 1.240157 -0.6463571 0.3149606 1.240157 -0.6397638 0.2903543 1.240157 -0.6463571 0.2723413 1.240157 -0.6643701 0.265748 1.240157 -0.6889764 0.2723413 1.240157 -0.7135827 0.2903543 1.240157 -0.7315957 0.3149606 1.240157 -0.738189 0.339567 1.240157 -0.7315957 0.35758 1.240157 -0.7135827 0.3641732 1.240157 -0.6889764 0.35758 1.240157 -0.6643701 0.339567 1.240157 -0.6463571 0.09842514 1.240157 -0.4527559 -0.09842514 1.240157 -0.4527559 -0.1210246 1.240157 -0.4572512 -0.1401835 1.240157 -0.4700527 -0.152985 1.240157 -0.4892116 -0.1574802 1.240157 -0.511811 -0.1574802 1.240157 -0.5708662 -0.152985 1.240157 -0.5934656 -0.1401835 1.240157 -0.6126244 -0.1210246 1.240157 -0.6254259 -0.09842514 1.240157 -0.6299213 0.09842514 1.240157 -0.6299213 0.1210246 1.240157 -0.6254259 0.1401835 1.240157 -0.6126244 0.152985 1.240157 -0.5934656 0.1574802 1.240157 -0.5708662 0.1574802 1.240157 -0.511811 0.152985 1.240157 -0.4892116 0.1401835 1.240157 -0.4700527 0.1210246 1.240157 -0.4572512 0.1574802 1.240157 0.511811 0.1574802 1.240157 0.5708662 0.152985 1.240157 0.5934656 0.1401835 1.240157 0.6126244 0.1210246 1.240157 0.6254259 0.09842514 1.240157 0.6299213 -0.09842514 1.240157 0.6299213 -0.1210246 1.240157 0.6254259 -0.1401835 1.240157 0.6126244 -0.152985 1.240157 0.5934656 -0.1574802 1.240157 0.5708662 -0.1574802 1.240157 0.511811 -0.152985 1.240157 0.4892116 -0.1401835 1.240157 0.4700527 -0.1210246 1.240157 0.4572512 -0.09842514 1.240157 0.4527559 0.09842514 1.240157 0.4527559 0.1210246 1.240157 0.4572512 0.1401835 1.240157 0.4700527 0.152985 1.240157 0.4892116 -0.3062273 1.240157 0.35544 -0.3308336 1.240157 0.3488467 -0.3488467 1.240157 0.3308336 -0.35544 1.240157 0.3062273 -0.3488467 1.240157 0.281621 -0.3308336 1.240157 0.263608 -0.3062273 1.240157 0.2570148 -0.281621 1.240157 0.263608 -0.263608 1.240157 0.281621 -0.2570148 1.240157 0.3062273 -0.263608 1.240157 0.3308336 -0.281621 1.240157 0.3488467 0.3062273 1.240157 0.35544 0.281621 1.240157 0.3488467 0.263608 1.240157 0.3308336 0.2570148 1.240157 0.3062273 0.263608 1.240157 0.281621 0.281621 1.240157 0.263608 0.3062273 1.240157 0.2570148 0.3308336 1.240157 0.263608 0.3488467 1.240157 0.281621 0.35544 1.240157 0.3062273 0.3488467 1.240157 0.3308336 0.3308336 1.240157 0.3488467 0.3062273 1.240157 -0.2570148 0.281621 1.240157 -0.263608 0.263608 1.240157 -0.281621 0.2570148 1.240157 -0.3062273 0.263608 1.240157 -0.3308336 0.281621 1.240157 -0.3488467 0.3062273 1.240157 -0.35544 0.3308336 1.240157 -0.3488467 0.3488467 1.240157 -0.3308336 0.35544 1.240157 -0.3062273 0.3488467 1.240157 -0.281621 0.3308336 1.240157 -0.263608 -0.3062273 1.240157 -0.2570148 -0.3308336 1.240157 -0.263608 -0.3488467 1.240157 -0.281621 -0.35544 1.240157 -0.3062273 -0.3488467 1.240157 -0.3308336 -0.3308336 1.240157 -0.3488467 -0.3062273 1.240157 -0.35544 -0.281621 1.240157 -0.3488467 -0.263608 1.240157 -0.3308336 -0.2570148 1.240157 -0.3062273 -0.263608 1.240157 -0.281621 -0.281621 1.240157 -0.263608 -0.4527559 1.299213 -0.7677165 -0.4527559 1.329345 -0.7617228 -0.4527559 1.35489 -0.7446541 -0.4527559 1.371959 -0.7191089 -0.4527559 1.377953 -0.6889764 -0.4527559 1.377953 0.6889764 -0.4527559 1.371959 0.7191089 -0.4527559 1.35489 0.7446541 -0.4527559 1.329345 0.7617228 -0.4527559 1.299213 0.7677165 -0.511811 1.240157 0.7677165 -0.511811 1.299213 0.7677165 -0.5073158 1.217558 0.7677165 -0.4945142 1.198399 0.7677165 -0.4753553 1.185598 0.7677165 -0.4330708 1.240157 0.8661417 -0.4330708 1.185598 0.8296861 -0.4330708 1.198399 0.8488449 -0.4330708 1.217558 0.8616464 -0.4330708 2.362205 0.8661417 -0.4330708 2.362205 0.8070866 0.4330708 2.362205 0.8070866 0.4329965 2.370228 0.8070866 0.4327735 2.378249 0.8070866 0.432402 2.386264 0.8070866 0.432402 2.386264 0.8661417 0.4327735 2.378249 0.8661417 0.4329965 2.370228 0.8661417 0.4330708 2.362205 0.8661417 -0.432402 2.386264 0.8661417 -0.432402 2.386264 0.8070866 -0.4327735 2.378249 0.8070866 -0.4329965 2.370228 0.8070866 -0.4329965 2.370228 0.8661417 -0.4327735 2.378249 0.8661417 -0.4252109 2.415028 0.8070866 -0.4078925 2.439093 0.8070866 -0.3829023 2.455048 0.8070866 -0.3537835 2.46063 0.8070866 -0.2362204 2.46063 0.8070866 -0.2060879 2.454636 0.8070866 -0.1805427 2.437567 0.8070866 -0.163474 2.412022 0.8070866 -0.1574802 2.38189 0.8070866 -0.1574802 2.362205 0.8070866 -0.1511012 2.317837 0.8070866 -0.1324809 2.277065 0.8070866 -0.1031277 2.243189 0.8070866 -0.06541967 2.218955 0.8070866 -0.02241176 2.206327 0.8070866 0.02241176 2.206327 0.8070866 0.06541967 2.218955 0.8070866 0.1031277 2.243189 0.8070866 0.1324809 2.277065 0.8070866 0.1511012 2.317837 0.8070866 0.1574802 2.362205 0.8070866 0.1574802 2.38189 0.8070866 0.163474 2.412022 0.8070866 0.1805427 2.437567 0.8070866 0.2060879 2.454636 0.8070866 0.2362204 2.46063 0.8070866 0.3537835 2.46063 0.8070866 0.3829023 2.455048 0.8070866 0.4078925 2.439093 0.8070866 0.4252109 2.415028 0.8070866 -0.1968504 1.850394 0.8070866 -0.1968504 1.771654 0.8070866 -0.1915758 1.751968 0.8070866 -0.1771653 1.737558 0.8070866 -0.1574802 1.732283 0.8070866 0.1574802 1.732283 0.8070866 0.1771653 1.737558 0.8070866 0.1915758 1.751968 0.8070866 0.1968504 1.771654 0.8070866 0.1968504 1.850394 0.8070866 0.1915758 1.870079 0.8070866 0.1771653 1.884489 0.8070866 0.1574802 1.889764 0.8070866 -0.1574802 1.889764 0.8070866 -0.1771653 1.884489 0.8070866 -0.1915758 1.870079 0.8070866 -0.1968504 1.535433 0.8070866 -0.1968504 1.456693 0.8070866 -0.1915758 1.437008 0.8070866 -0.1771653 1.422597 0.8070866 -0.1574802 1.417323 0.8070866 0.1574802 1.417323 0.8070866 0.1771653 1.422597 0.8070866 0.1915758 1.437008 0.8070866 0.1968504 1.456693 0.8070866 0.1968504 1.535433 0.8070866 0.1915758 1.555118 0.8070866 0.1771653 1.569529 0.8070866 0.1574802 1.574803 0.8070866 -0.1574802 1.574803 0.8070866 -0.1771653 1.569529 0.8070866 -0.1915758 1.555118 0.8070866 -0.3149606 1.685039 0.8070866 -0.3334736 1.679024 0.8070866 -0.3449152 1.663276 0.8070866 -0.3449152 1.64381 0.8070866 -0.3334736 1.628062 0.8070866 -0.3149606 1.622047 0.8070866 -0.2964477 1.628062 0.8070866 -0.2850061 1.64381 0.8070866 -0.2850061 1.663276 0.8070866 -0.2964477 1.679024 0.8070866 0.3149606 1.685039 0.8070866 0.2964477 1.679024 0.8070866 0.2850061 1.663276 0.8070866 0.2850061 1.64381 0.8070866 0.2964477 1.628062 0.8070866 0.3149606 1.622047 0.8070866 0.3334736 1.628062 0.8070866 0.3449152 1.64381 0.8070866 0.3449152 1.663276 0.8070866 0.3334736 1.679024 0.8070866 0.3149606 2.401575 0.8070866 0.2936756 2.395325 0.8070866 0.2791483 2.37856 0.8070866 0.2759913 2.356602 0.8070866 0.2852067 2.336423 0.8070866 0.3038688 2.324429 0.8070866 0.3260525 2.324429 0.8070866 0.3447145 2.336423 0.8070866 0.35393 2.356602 0.8070866 0.3507729 2.37856 0.8070866 0.3362457 2.395325 0.8070866 0.2227108 2.178864 0.8070866 0.2014257 2.172614 0.8070866 0.1868985 2.155849 0.8070866 0.1837414 2.133891 0.8070866 0.1929569 2.113712 0.8070866 0.211619 2.101718 0.8070866 0.2338026 2.101718 0.8070866 0.2524647 2.113712 0.8070866 0.2616801 2.133891 0.8070866 0.2585231 2.155849 0.8070866 0.2439959 2.172614 0.8070866 0 2.086614 0.8070866 -0.02128493 2.080364 0.8070866 -0.03581213 2.063599 0.8070866 -0.03896921 2.041641 0.8070866 -0.02975392 2.021462 0.8070866 -0.0110917 2.009469 0.8070866 0.0110917 2.009469 0.8070866 0.02975392 2.021462 0.8070866 0.03896921 2.041641 0.8070866 0.03581213 2.063599 0.8070866 0.02128493 2.080364 0.8070866 -0.2227108 2.178864 0.8070866 -0.2439959 2.172614 0.8070866 -0.2585231 2.155849 0.8070866 -0.2616801 2.133891 0.8070866 -0.2524647 2.113712 0.8070866 -0.2338026 2.101718 0.8070866 -0.211619 2.101718 0.8070866 -0.1929569 2.113712 0.8070866 -0.1837414 2.133891 0.8070866 -0.1868985 2.155849 0.8070866 -0.2014257 2.172614 0.8070866 -0.3149606 2.401575 0.8070866 -0.3362457 2.395325 0.8070866 -0.3507729 2.37856 0.8070866 -0.35393 2.356602 0.8070866 -0.3447145 2.336423 0.8070866 -0.3260525 2.324429 0.8070866 -0.3038688 2.324429 0.8070866 -0.2852067 2.336423 0.8070866 -0.2759913 2.356602 0.8070866 -0.2791483 2.37856 0.8070866 -0.2936756 2.395325 0.8070866 -0.1968504 1.850394 0.8661417 -0.1968504 1.771654 0.8661417 -0.1915758 1.751968 0.8661417 -0.1771653 1.737558 0.8661417 -0.1574802 1.732283 0.8661417 0.1574802 1.732283 0.8661417 0.1771653 1.737558 0.8661417 0.1915758 1.751968 0.8661417 0.1968504 1.771654 0.8661417 0.1968504 1.850394 0.8661417 0.1915758 1.870079 0.8661417 0.1771653 1.884489 0.8661417 0.1574802 1.889764 0.8661417 -0.1574802 1.889764 0.8661417 -0.1771653 1.884489 0.8661417 -0.1915758 1.870079 0.8661417 -0.2362204 2.46063 0.8661417 -0.3537835 2.46063 0.8661417 -0.3829023 2.455048 0.8661417 -0.4078925 2.439093 0.8661417 -0.4252109 2.415028 0.8661417 0.4330708 1.240157 0.8661417 0.4252109 2.415028 0.8661417 0.4078925 2.439093 0.8661417 0.3829023 2.455048 0.8661417 0.3537835 2.46063 0.8661417 0.2362204 2.46063 0.8661417 0.2060879 2.454636 0.8661417 0.1805427 2.437567 0.8661417 0.163474 2.412022 0.8661417 0.1574802 2.38189 0.8661417 0.1574802 2.362205 0.8661417 0.1511012 2.317837 0.8661417 0.1324809 2.277065 0.8661417 0.1031277 2.243189 0.8661417 0.06541967 2.218955 0.8661417 0.02241176 2.206327 0.8661417 -0.02241176 2.206327 0.8661417 -0.06541967 2.218955 0.8661417 -0.1031277 2.243189 0.8661417 -0.1324809 2.277065 0.8661417 -0.1511012 2.317837 0.8661417 -0.1574802 2.362205 0.8661417 -0.1574802 2.38189 0.8661417 -0.163474 2.412022 0.8661417 -0.1805427 2.437567 0.8661417 -0.2060879 2.454636 0.8661417 -0.1968504 1.456693 0.8661417 -0.1968504 1.535433 0.8661417 -0.1915758 1.555118 0.8661417 -0.1771653 1.569529 0.8661417 -0.1574802 1.574803 0.8661417 0.1574802 1.574803 0.8661417 0.1771653 1.569529 0.8661417 0.1915758 1.555118 0.8661417 0.1968504 1.535433 0.8661417 0.1968504 1.456693 0.8661417 0.1915758 1.437008 0.8661417 0.1771653 1.422597 0.8661417 0.1574802 1.417323 0.8661417 -0.1574802 1.417323 0.8661417 -0.1771653 1.422597 0.8661417 -0.1915758 1.437008 0.8661417 -0.3149606 1.69685 0.8661417 -0.2915471 1.689975 0.8661417 -0.2755671 1.671534 0.8661417 -0.2720944 1.64738 0.8661417 -0.2822313 1.625183 0.8661417 -0.3027596 1.61199 0.8661417 -0.3271616 1.61199 0.8661417 -0.3476899 1.625183 0.8661417 -0.3578269 1.64738 0.8661417 -0.3543542 1.671534 0.8661417 -0.3383742 1.689975 0.8661417 0.3149606 1.69685 0.8661417 0.3383742 1.689975 0.8661417 0.3543542 1.671534 0.8661417 0.3578269 1.64738 0.8661417 0.3476899 1.625183 0.8661417 0.3271616 1.61199 0.8661417 0.3027596 1.61199 0.8661417 0.2822313 1.625183 0.8661417 0.2720944 1.64738 0.8661417 0.2755671 1.671534 0.8661417 0.2915471 1.689975 0.8661417 0.3149606 2.401575 0.8661417 0.3362457 2.395325 0.8661417 0.3507729 2.37856 0.8661417 0.35393 2.356602 0.8661417 0.3447145 2.336423 0.8661417 0.3260525 2.324429 0.8661417 0.3038688 2.324429 0.8661417 0.2852067 2.336423 0.8661417 0.2759913 2.356602 0.8661417 0.2791483 2.37856 0.8661417 0.2936756 2.395325 0.8661417 0.2227108 2.178864 0.8661417 0.2439959 2.172614 0.8661417 0.2585231 2.155849 0.8661417 0.2616801 2.133891 0.8661417 0.2524647 2.113712 0.8661417 0.2338026 2.101718 0.8661417 0.211619 2.101718 0.8661417 0.1929569 2.113712 0.8661417 0.1837414 2.133891 0.8661417 0.1868985 2.155849 0.8661417 0.2014257 2.172614 0.8661417 0 2.086614 0.8661417 0.02128493 2.080364 0.8661417 0.03581213 2.063599 0.8661417 0.03896921 2.041641 0.8661417 0.02975392 2.021462 0.8661417 0.0110917 2.009469 0.8661417 -0.0110917 2.009469 0.8661417 -0.02975392 2.021462 0.8661417 -0.03896921 2.041641 0.8661417 -0.03581213 2.063599 0.8661417 -0.02128493 2.080364 0.8661417 -0.2227108 2.178864 0.8661417 -0.2014257 2.172614 0.8661417 -0.1868985 2.155849 0.8661417 -0.1837414 2.133891 0.8661417 -0.1929569 2.113712 0.8661417 -0.211619 2.101718 0.8661417 -0.2338026 2.101718 0.8661417 -0.2524647 2.113712 0.8661417 -0.2616801 2.133891 0.8661417 -0.2585231 2.155849 0.8661417 -0.2439959 2.172614 0.8661417 -0.3149606 2.401575 0.8661417 -0.2936756 2.395325 0.8661417 -0.2791483 2.37856 0.8661417 -0.2759913 2.356602 0.8661417 -0.2852067 2.336423 0.8661417 -0.3038688 2.324429 0.8661417 -0.3260525 2.324429 0.8661417 -0.3447145 2.336423 0.8661417 -0.35393 2.356602 0.8661417 -0.3507729 2.37856 0.8661417 -0.3362457 2.395325 0.8661417 -0.3149606 1.685039 0.8543307 -0.2964477 1.679024 0.8543307 -0.2850061 1.663276 0.8543307 -0.2850061 1.64381 0.8543307 -0.2964477 1.628062 0.8543307 -0.3149606 1.622047 0.8543307 -0.3334736 1.628062 0.8543307 -0.3449152 1.64381 0.8543307 -0.3449152 1.663276 0.8543307 -0.3334736 1.679024 0.8543307 0.3149606 1.685039 0.8543307 0.3334736 1.679024 0.8543307 0.3449152 1.663276 0.8543307 0.3449152 1.64381 0.8543307 0.3334736 1.628062 0.8543307 0.3149606 1.622047 0.8543307 0.2964477 1.628062 0.8543307 0.2850061 1.64381 0.8543307 0.2850061 1.663276 0.8543307 0.2964477 1.679024 0.8543307 0.4330708 1.217558 0.8616464 0.4330708 1.198399 0.8488449 0.4330708 1.185598 0.8296861 0.4753553 1.185598 0.7677165 0.4945142 1.198399 0.7677165 0.5073158 1.217558 0.7677165 0.511811 1.240157 0.7677165 0.511811 1.299213 0.7677165 0.4527559 1.299213 0.7677165 0.4527559 1.329345 0.7617228 0.4527559 1.35489 0.7446541 0.4527559 1.371959 0.7191089 0.4527559 1.377953 0.6889764 0.4527559 1.377953 -0.6889764 0.4527559 1.371959 -0.7191089 0.4527559 1.35489 -0.7446541 0.4527559 1.329345 -0.7617228 0.4527559 1.299213 -0.7677165 0.511811 1.240157 -0.7677165 0.511811 1.299213 -0.7677165 0.4527559 1.181102 -0.7677165 0.5073158 1.217558 -0.7677165 0.4945142 1.198399 -0.7677165 0.4753553 1.185598 -0.7677165 0.4330708 1.181102 -0.7874016 0.4429134 1.181102 -0.7703539 0.4357082 1.181102 -0.7775591 0.4330708 1.181102 -0.8070866 0.4330708 1.240157 -0.8661417 0.4330708 1.185598 -0.8296861 0.4330708 1.198399 -0.8488449 0.4330708 1.217558 -0.8616464 0.4330708 2.362205 -0.8661417 0.4330708 2.362205 -0.8070866 0.432402 2.386264 -0.8070866 0.4327735 2.378249 -0.8070866 0.4329965 2.370228 -0.8070866 0.4329965 2.370228 -0.8661417 0.4327735 2.378249 -0.8661417 0.432402 2.386264 -0.8661417 -0.432402 2.386264 -0.8070866 -0.432402 2.386264 -0.8661417 -0.4327735 2.378249 -0.8661417 -0.4329965 2.370228 -0.8661417 -0.4330708 2.362205 -0.8661417 -0.4330708 2.362205 -0.8070866 -0.4329965 2.370228 -0.8070866 -0.4327735 2.378249 -0.8070866 0.4252109 2.415028 -0.8070866 0.4078925 2.439093 -0.8070866 0.3829023 2.455048 -0.8070866 0.3537835 2.46063 -0.8070866 0.2362204 2.46063 -0.8070866 0.2060879 2.454636 -0.8070866 0.1805427 2.437567 -0.8070866 0.163474 2.412022 -0.8070866 0.1574802 2.38189 -0.8070866 0.1574802 2.362205 -0.8070866 0.1511012 2.317837 -0.8070866 0.1324809 2.277065 -0.8070866 0.1031277 2.243189 -0.8070866 0.06541967 2.218955 -0.8070866 0.02241176 2.206327 -0.8070866 -0.02241176 2.206327 -0.8070866 -0.06541967 2.218955 -0.8070866 -0.1031277 2.243189 -0.8070866 -0.1324809 2.277065 -0.8070866 -0.1511012 2.317837 -0.8070866 -0.1574802 2.362205 -0.8070866 -0.1574802 2.38189 -0.8070866 -0.163474 2.412022 -0.8070866 -0.1805427 2.437567 -0.8070866 -0.2060879 2.454636 -0.8070866 -0.2362204 2.46063 -0.8070866 -0.3537835 2.46063 -0.8070866 -0.3829023 2.455048 -0.8070866 -0.4078925 2.439093 -0.8070866 -0.4252109 2.415028 -0.8070866 -0.1968504 1.771654 -0.8070866 -0.1968504 1.850394 -0.8070866 -0.1915758 1.870079 -0.8070866 -0.1771653 1.884489 -0.8070866 -0.1574802 1.889764 -0.8070866 0.1574802 1.889764 -0.8070866 0.1771653 1.884489 -0.8070866 0.1915758 1.870079 -0.8070866 0.1968504 1.850394 -0.8070866 0.1968504 1.771654 -0.8070866 0.1915758 1.751968 -0.8070866 0.1771653 1.737558 -0.8070866 0.1574802 1.732283 -0.8070866 -0.1574802 1.732283 -0.8070866 -0.1771653 1.737558 -0.8070866 -0.1915758 1.751968 -0.8070866 -0.1968504 1.456693 -0.8070866 -0.1968504 1.535433 -0.8070866 -0.1915758 1.555118 -0.8070866 -0.1771653 1.569529 -0.8070866 -0.1574802 1.574803 -0.8070866 0.1574802 1.574803 -0.8070866 0.1771653 1.569529 -0.8070866 0.1915758 1.555118 -0.8070866 0.1968504 1.535433 -0.8070866 0.1968504 1.456693 -0.8070866 0.1915758 1.437008 -0.8070866 0.1771653 1.422597 -0.8070866 0.1574802 1.417323 -0.8070866 -0.1574802 1.417323 -0.8070866 -0.1771653 1.422597 -0.8070866 -0.1915758 1.437008 -0.8070866 -0.3149606 1.622047 -0.8070866 -0.3334736 1.628062 -0.8070866 -0.3449152 1.64381 -0.8070866 -0.3449152 1.663276 -0.8070866 -0.3334736 1.679024 -0.8070866 -0.3149606 1.685039 -0.8070866 -0.2964477 1.679024 -0.8070866 -0.2850061 1.663276 -0.8070866 -0.2850061 1.64381 -0.8070866 -0.2964477 1.628062 -0.8070866 0.3149606 1.622047 -0.8070866 0.2964477 1.628062 -0.8070866 0.2850061 1.64381 -0.8070866 0.2850061 1.663276 -0.8070866 0.2964477 1.679024 -0.8070866 0.3149606 1.685039 -0.8070866 0.3334736 1.679024 -0.8070866 0.3449152 1.663276 -0.8070866 0.3449152 1.64381 -0.8070866 0.3334736 1.628062 -0.8070866 0.3149606 2.322835 -0.8070866 0.2936756 2.329084 -0.8070866 0.2791483 2.34585 -0.8070866 0.2759913 2.367808 -0.8070866 0.2852067 2.387987 -0.8070866 0.3038688 2.39998 -0.8070866 0.3260525 2.39998 -0.8070866 0.3447145 2.387987 -0.8070866 0.35393 2.367808 -0.8070866 0.3507729 2.34585 -0.8070866 0.3362457 2.329084 -0.8070866 0.2227108 2.100124 -0.8070866 0.2014257 2.106374 -0.8070866 0.1868985 2.123139 -0.8070866 0.1837414 2.145097 -0.8070866 0.1929569 2.165276 -0.8070866 0.211619 2.177269 -0.8070866 0.2338026 2.177269 -0.8070866 0.2524647 2.165276 -0.8070866 0.2616801 2.145097 -0.8070866 0.2585231 2.123139 -0.8070866 0.2439959 2.106374 -0.8070866 0 2.007874 -0.8070866 -0.02128493 2.014124 -0.8070866 -0.03581213 2.030889 -0.8070866 -0.03896921 2.052847 -0.8070866 -0.02975392 2.073026 -0.8070866 -0.0110917 2.08502 -0.8070866 0.0110917 2.08502 -0.8070866 0.02975392 2.073026 -0.8070866 0.03896921 2.052847 -0.8070866 0.03581213 2.030889 -0.8070866 0.02128493 2.014124 -0.8070866 -0.2227108 2.100124 -0.8070866 -0.2439959 2.106374 -0.8070866 -0.2585231 2.123139 -0.8070866 -0.2616801 2.145097 -0.8070866 -0.2524647 2.165276 -0.8070866 -0.2338026 2.177269 -0.8070866 -0.211619 2.177269 -0.8070866 -0.1929569 2.165276 -0.8070866 -0.1837414 2.145097 -0.8070866 -0.1868985 2.123139 -0.8070866 -0.2014257 2.106374 -0.8070866 -0.3149606 2.322835 -0.8070866 -0.3362457 2.329084 -0.8070866 -0.3507729 2.34585 -0.8070866 -0.35393 2.367808 -0.8070866 -0.3447145 2.387987 -0.8070866 -0.3260525 2.39998 -0.8070866 -0.3038688 2.39998 -0.8070866 -0.2852067 2.387987 -0.8070866 -0.2759913 2.367808 -0.8070866 -0.2791483 2.34585 -0.8070866 -0.2936756 2.329084 -0.8070866 -0.1968504 1.771654 -0.8661417 -0.1968504 1.850394 -0.8661417 -0.1915758 1.870079 -0.8661417 -0.1771653 1.884489 -0.8661417 -0.1574802 1.889764 -0.8661417 0.1574802 1.889764 -0.8661417 0.1771653 1.884489 -0.8661417 0.1915758 1.870079 -0.8661417 0.1968504 1.850394 -0.8661417 0.1968504 1.771654 -0.8661417 0.1915758 1.751968 -0.8661417 0.1771653 1.737558 -0.8661417 0.1574802 1.732283 -0.8661417 -0.1574802 1.732283 -0.8661417 -0.1771653 1.737558 -0.8661417 -0.1915758 1.751968 -0.8661417 -0.3537835 2.46063 -0.8661417 -0.2362204 2.46063 -0.8661417 -0.2060879 2.454636 -0.8661417 -0.1805427 2.437567 -0.8661417 -0.163474 2.412022 -0.8661417 -0.1574802 2.38189 -0.8661417 -0.1574802 2.362205 -0.8661417 -0.1511012 2.317837 -0.8661417 -0.1324809 2.277065 -0.8661417 -0.1031277 2.243189 -0.8661417 -0.06541967 2.218955 -0.8661417 -0.02241176 2.206327 -0.8661417 0.02241176 2.206327 -0.8661417 0.06541967 2.218955 -0.8661417 0.1031277 2.243189 -0.8661417 0.1324809 2.277065 -0.8661417 0.1511012 2.317837 -0.8661417 0.1574802 2.362205 -0.8661417 0.1574802 2.38189 -0.8661417 0.163474 2.412022 -0.8661417 0.1805427 2.437567 -0.8661417 0.2060879 2.454636 -0.8661417 0.2362204 2.46063 -0.8661417 0.3537835 2.46063 -0.8661417 0.3829023 2.455048 -0.8661417 0.4078925 2.439093 -0.8661417 0.4252109 2.415028 -0.8661417 -0.4330708 1.240157 -0.8661417 -0.4252109 2.415028 -0.8661417 -0.4078925 2.439093 -0.8661417 -0.3829023 2.455048 -0.8661417 -0.1968504 1.535433 -0.8661417 -0.1968504 1.456693 -0.8661417 -0.1915758 1.437008 -0.8661417 -0.1771653 1.422597 -0.8661417 -0.1574802 1.417323 -0.8661417 0.1574802 1.417323 -0.8661417 0.1771653 1.422597 -0.8661417 0.1915758 1.437008 -0.8661417 0.1968504 1.456693 -0.8661417 0.1968504 1.535433 -0.8661417 0.1915758 1.555118 -0.8661417 0.1771653 1.569529 -0.8661417 0.1574802 1.574803 -0.8661417 -0.1574802 1.574803 -0.8661417 -0.1771653 1.569529 -0.8661417 -0.1915758 1.555118 -0.8661417 -0.3149606 1.622047 -0.8661417 -0.2964477 1.628062 -0.8661417 -0.2850061 1.64381 -0.8661417 -0.2850061 1.663276 -0.8661417 -0.2964477 1.679024 -0.8661417 -0.3149606 1.685039 -0.8661417 -0.3334736 1.679024 -0.8661417 -0.3449152 1.663276 -0.8661417 -0.3449152 1.64381 -0.8661417 -0.3334736 1.628062 -0.8661417 0.3149606 1.622047 -0.8661417 0.3334736 1.628062 -0.8661417 0.3449152 1.64381 -0.8661417 0.3449152 1.663276 -0.8661417 0.3334736 1.679024 -0.8661417 0.3149606 1.685039 -0.8661417 0.2964477 1.679024 -0.8661417 0.2850061 1.663276 -0.8661417 0.2850061 1.64381 -0.8661417 0.2964477 1.628062 -0.8661417 0.3149606 2.322835 -0.8661417 0.3362457 2.329084 -0.8661417 0.3507729 2.34585 -0.8661417 0.35393 2.367808 -0.8661417 0.3447145 2.387987 -0.8661417 0.3260525 2.39998 -0.8661417 0.3038688 2.39998 -0.8661417 0.2852067 2.387987 -0.8661417 0.2759913 2.367808 -0.8661417 0.2791483 2.34585 -0.8661417 0.2936756 2.329084 -0.8661417 0.2227108 2.100124 -0.8661417 0.2439959 2.106374 -0.8661417 0.2585231 2.123139 -0.8661417 0.2616801 2.145097 -0.8661417 0.2524647 2.165276 -0.8661417 0.2338026 2.177269 -0.8661417 0.211619 2.177269 -0.8661417 0.1929569 2.165276 -0.8661417 0.1837414 2.145097 -0.8661417 0.1868985 2.123139 -0.8661417 0.2014257 2.106374 -0.8661417 0 2.007874 -0.8661417 0.02128493 2.014124 -0.8661417 0.03581213 2.030889 -0.8661417 0.03896921 2.052847 -0.8661417 0.02975392 2.073026 -0.8661417 0.0110917 2.08502 -0.8661417 -0.0110917 2.08502 -0.8661417 -0.02975392 2.073026 -0.8661417 -0.03896921 2.052847 -0.8661417 -0.03581213 2.030889 -0.8661417 -0.02128493 2.014124 -0.8661417 -0.2227108 2.100124 -0.8661417 -0.2014257 2.106374 -0.8661417 -0.1868985 2.123139 -0.8661417 -0.1837414 2.145097 -0.8661417 -0.1929569 2.165276 -0.8661417 -0.211619 2.177269 -0.8661417 -0.2338026 2.177269 -0.8661417 -0.2524647 2.165276 -0.8661417 -0.2616801 2.145097 -0.8661417 -0.2585231 2.123139 -0.8661417 -0.2439959 2.106374 -0.8661417 -0.3149606 2.322835 -0.8661417 -0.2936756 2.329084 -0.8661417 -0.2791483 2.34585 -0.8661417 -0.2759913 2.367808 -0.8661417 -0.2852067 2.387987 -0.8661417 -0.3038688 2.39998 -0.8661417 -0.3260525 2.39998 -0.8661417 -0.3447145 2.387987 -0.8661417 -0.35393 2.367808 -0.8661417 -0.3507729 2.34585 -0.8661417 -0.3362457 2.329084 -0.8661417 -0.4330708 1.181102 -0.8070866 -0.4330708 1.217558 -0.8616464 -0.4330708 1.198399 -0.8488449 -0.4330708 1.185598 -0.8296861 -0.4330708 1.181102 -0.7874016 -0.4527559 1.181102 -0.7677165 -0.4357082 1.181102 -0.7775591 -0.4429134 1.181102 -0.7703539 -0.4753553 1.185598 -0.7677165 -0.4945142 1.198399 -0.7677165 -0.5073158 1.217558 -0.7677165 -0.511811 1.240157 -0.7677165 -0.511811 1.299213 -0.7677165 -0.511811 1.377953 -0.6889764 -0.511811 1.329345 -0.7617228 -0.511811 1.35489 -0.7446541 -0.511811 1.371959 -0.7191089 -0.511811 1.377953 0.6889764 -0.511811 1.371959 0.7191089 -0.511811 1.35489 0.7446541 -0.511811 1.329345 0.7617228 -0.4527559 1.181102 -0.4527559 -0.4527559 1.181102 -0.09842514 -0.4527559 1.181102 0.09842514 -0.09842514 1.181102 -0.4527559 0.4527559 1.181102 -0.4527559 0.09842514 1.181102 -0.4527559 0.1210246 1.181102 -0.4572512 0.1401835 1.181102 -0.4700527 0.152985 1.181102 -0.4892116 0.1574802 1.181102 -0.511811 0.1574802 1.181102 -0.5708662 0.152985 1.181102 -0.5934656 0.1401835 1.181102 -0.6126244 0.1210246 1.181102 -0.6254259 0.09842514 1.181102 -0.6299213 -0.09842514 1.181102 -0.6299213 -0.1210246 1.181102 -0.6254259 -0.1401835 1.181102 -0.6126244 -0.152985 1.181102 -0.5934656 -0.1574802 1.181102 -0.5708662 -0.1574802 1.181102 -0.511811 -0.152985 1.181102 -0.4892116 -0.1401835 1.181102 -0.4700527 -0.1210246 1.181102 -0.4572512 0.3149606 1.181102 -0.6397638 0.339567 1.181102 -0.6463571 0.35758 1.181102 -0.6643701 0.3641732 1.181102 -0.6889764 0.35758 1.181102 -0.7135827 0.339567 1.181102 -0.7315957 0.3149606 1.181102 -0.738189 0.2903543 1.181102 -0.7315957 0.2723413 1.181102 -0.7135827 0.265748 1.181102 -0.6889764 0.2723413 1.181102 -0.6643701 0.2903543 1.181102 -0.6463571 -0.3149606 1.181102 -0.6397638 -0.2903543 1.181102 -0.6463571 -0.2723413 1.181102 -0.6643701 -0.265748 1.181102 -0.6889764 -0.2723413 1.181102 -0.7135827 -0.2903543 1.181102 -0.7315957 -0.3149606 1.181102 -0.738189 -0.339567 1.181102 -0.7315957 -0.35758 1.181102 -0.7135827 -0.3641732 1.181102 -0.6889764 -0.35758 1.181102 -0.6643701 -0.339567 1.181102 -0.6463571 0.4527559 1.181102 0.09842514 0.4527559 1.181102 -0.09842514 0.511811 1.329345 -0.7617228 0.511811 1.35489 -0.7446541 0.511811 1.371959 -0.7191089 0.511811 1.377953 -0.6889764 0.511811 1.377953 0.6889764 0.511811 1.371959 0.7191089 0.511811 1.35489 0.7446541 0.511811 1.329345 0.7617228 -0.1653543 1.181102 0 -0.1586562 1.181102 -0.04658555 -0.1391049 1.181102 -0.08939725 -0.1082841 1.181102 -0.1249665 -0.06869065 1.181102 -0.1504116 -0.02353233 1.181102 -0.1636711 0.02353233 1.181102 -0.1636711 0.06869065 1.181102 -0.1504116 0.1082841 1.181102 -0.1249665 0.1391049 1.181102 -0.08939725 0.1586562 1.181102 -0.04658555 0.1653543 1.181102 0 0.1586562 1.181102 0.04658555 0.1391049 1.181102 0.08939725 0.1082841 1.181102 0.1249665 0.06869065 1.181102 0.1504116 0.02353233 1.181102 0.1636711 -0.02353233 1.181102 0.1636711 -0.06869065 1.181102 0.1504116 -0.1082841 1.181102 0.1249665 -0.1391049 1.181102 0.08939725 -0.1586562 1.181102 0.04658555 0 1.188976 -0.1574802 -0.04641813 1.188976 -0.1504839 -0.08871179 1.188976 -0.1301163 -0.1231231 1.188976 -0.09818732 -0.1465942 1.188976 -0.05753386 -0.1570399 1.188976 -0.01176846 -0.1535319 1.188976 0.03504264 -0.1363819 1.188976 0.07874011 -0.1071138 1.188976 0.1154412 -0.06832814 1.188976 0.1418848 -0.02347105 1.188976 0.1557214 0.02347105 1.188976 0.1557214 0.06832814 1.188976 0.1418848 0.1071138 1.188976 0.1154412 0.1363819 1.188976 0.07874011 0.1535319 1.188976 0.03504264 0.1570399 1.188976 -0.01176846 0.1465942 1.188976 -0.05753386 0.1231231 1.188976 -0.09818732 0.08871179 1.188976 -0.1301163 0.04641813 1.188976 -0.1504839 -0.3149606 1.181102 0.1909449 -0.3396605 1.181102 0.1848569 -0.3587019 1.181102 0.1679877 -0.3677227 1.181102 0.1442016 -0.3646564 1.181102 0.1189482 -0.3502053 1.181102 0.0980122 -0.3276802 1.181102 0.0861901 -0.3022411 1.181102 0.0861901 -0.2797159 1.181102 0.0980122 -0.2652649 1.181102 0.1189482 -0.2621985 1.181102 0.1442016 -0.2712194 1.181102 0.1679877 -0.2902607 1.181102 0.1848569 -0.3149606 1.193898 0.1781496 -0.2931434 1.193898 0.1717435 -0.278253 1.193898 0.154559 -0.275017 1.193898 0.1320523 -0.2844629 1.193898 0.1113688 -0.3035915 1.193898 0.09907555 -0.3263297 1.193898 0.09907555 -0.3454584 1.193898 0.1113688 -0.3549042 1.193898 0.1320523 -0.3516682 1.193898 0.154559 -0.3367778 1.193898 0.1717435 -0.1909449 1.181102 -0.3149606 -0.1848569 1.181102 -0.3396605 -0.1679877 1.181102 -0.3587019 -0.1442016 1.181102 -0.3677227 -0.1189482 1.181102 -0.3646564 -0.0980122 1.181102 -0.3502053 -0.0861901 1.181102 -0.3276802 -0.0861901 1.181102 -0.3022411 -0.0980122 1.181102 -0.2797159 -0.1189482 1.181102 -0.2652649 -0.1442016 1.181102 -0.2621985 -0.1679877 1.181102 -0.2712194 -0.1848569 1.181102 -0.2902607 -0.1781496 1.193898 -0.3149606 -0.1717435 1.193898 -0.2931434 -0.154559 1.193898 -0.278253 -0.1320523 1.193898 -0.275017 -0.1113688 1.193898 -0.2844629 -0.09907555 1.193898 -0.3035915 -0.09907555 1.193898 -0.3263297 -0.1113688 1.193898 -0.3454584 -0.1320523 1.193898 -0.3549042 -0.154559 1.193898 -0.3516682 -0.1717435 1.193898 -0.3367778 0.3149606 1.181102 -0.1909449 0.3396605 1.181102 -0.1848569 0.3587019 1.181102 -0.1679877 0.3677227 1.181102 -0.1442016 0.3646564 1.181102 -0.1189482 0.3502053 1.181102 -0.0980122 0.3276802 1.181102 -0.0861901 0.3022411 1.181102 -0.0861901 0.2797159 1.181102 -0.0980122 0.2652649 1.181102 -0.1189482 0.2621985 1.181102 -0.1442016 0.2712194 1.181102 -0.1679877 0.2902607 1.181102 -0.1848569 0.3149606 1.193898 -0.1781496 0.2931434 1.193898 -0.1717435 0.278253 1.193898 -0.154559 0.275017 1.193898 -0.1320523 0.2844629 1.193898 -0.1113688 0.3035915 1.193898 -0.09907555 0.3263297 1.193898 -0.09907555 0.3454584 1.193898 -0.1113688 0.3549042 1.193898 -0.1320523 0.3516682 1.193898 -0.154559 0.3367778 1.193898 -0.1717435 0.1909449 1.181102 0.3149606 0.1848569 1.181102 0.3396605 0.1679877 1.181102 0.3587019 0.1442016 1.181102 0.3677227 0.1189482 1.181102 0.3646564 0.0980122 1.181102 0.3502053 0.0861901 1.181102 0.3276802 0.0861901 1.181102 0.3022411 0.0980122 1.181102 0.2797159 0.1189482 1.181102 0.2652649 0.1442016 1.181102 0.2621985 0.1679877 1.181102 0.2712194 0.1848569 1.181102 0.2902607 0.1781496 1.193898 0.3149606 0.1717435 1.193898 0.2931434 0.154559 1.193898 0.278253 0.1320523 1.193898 0.275017 0.1113688 1.193898 0.2844629 0.09907555 1.193898 0.3035915 0.09907555 1.193898 0.3263297 0.1113688 1.193898 0.3454584 0.1320523 1.193898 0.3549042 0.154559 1.193898 0.3516682 0.1717435 1.193898 0.3367778 0.1377952 1.181102 0.3641732 0.1131889 1.181102 0.35758 0.09517592 1.181102 0.339567 0.08858263 1.181102 0.3149606 0.09517592 1.181102 0.2903543 0.1131889 1.181102 0.2723413 0.1377952 1.181102 0.265748 0.1624016 1.181102 0.2723413 0.1804146 1.181102 0.2903543 0.1870079 1.181102 0.3149606 0.1804146 1.181102 0.339567 0.1624016 1.181102 0.35758 0.3641732 1.181102 -0.1377952 0.35758 1.181102 -0.1131889 0.339567 1.181102 -0.09517592 0.3149606 1.181102 -0.08858263 0.2903543 1.181102 -0.09517592 0.2723413 1.181102 -0.1131889 0.265748 1.181102 -0.1377952 0.2723413 1.181102 -0.1624016 0.2903543 1.181102 -0.1804146 0.3149606 1.181102 -0.1870079 0.339567 1.181102 -0.1804146 0.35758 1.181102 -0.1624016 -0.1377952 1.181102 -0.3641732 -0.1131889 1.181102 -0.35758 -0.09517592 1.181102 -0.339567 -0.08858263 1.181102 -0.3149606 -0.09517592 1.181102 -0.2903543 -0.1131889 1.181102 -0.2723413 -0.1377952 1.181102 -0.265748 -0.1624016 1.181102 -0.2723413 -0.1804146 1.181102 -0.2903543 -0.1870079 1.181102 -0.3149606 -0.1804146 1.181102 -0.339567 -0.1624016 1.181102 -0.35758 0.4572512 1.181102 -0.1210246 0.4700527 1.181102 -0.1401835 0.4892116 1.181102 -0.152985 0.511811 1.181102 -0.1574802 0.5708662 1.181102 -0.1574802 0.5934656 1.181102 -0.152985 0.6126244 1.181102 -0.1401835 0.6254259 1.181102 -0.1210246 0.6299213 1.181102 -0.09842514 0.6299213 1.181102 0.09842514 0.6254259 1.181102 0.1210246 0.6126244 1.181102 0.1401835 0.5934656 1.181102 0.152985 0.5708662 1.181102 0.1574802 0.511811 1.181102 0.1574802 0.4892116 1.181102 0.152985 0.4700527 1.181102 0.1401835 0.4572512 1.181102 0.1210246 0.7677165 1.181102 0.4527559 0.7703539 1.181102 0.4429134 0.7775591 1.181102 0.4357082 0.7874016 1.181102 0.4330708 0.8070866 1.181102 0.4330708 0.8070866 1.181102 -0.4330708 0.7874016 1.181102 -0.4330708 0.7775591 1.181102 -0.4357082 0.7703539 1.181102 -0.4429134 0.7677165 1.181102 -0.4527559 0.738189 1.181102 0.3149606 0.7315957 1.181102 0.339567 0.7135827 1.181102 0.35758 0.6889764 1.181102 0.3641732 0.6643701 1.181102 0.35758 0.6463571 1.181102 0.339567 0.6397638 1.181102 0.3149606 0.6463571 1.181102 0.2903543 0.6643701 1.181102 0.2723413 0.6889764 1.181102 0.265748 0.7135827 1.181102 0.2723413 0.7315957 1.181102 0.2903543 0.738189 1.181102 -0.3149606 0.7315957 1.181102 -0.2903543 0.7135827 1.181102 -0.2723413 0.6889764 1.181102 -0.265748 0.6643701 1.181102 -0.2723413 0.6463571 1.181102 -0.2903543 0.6397638 1.181102 -0.3149606 0.6463571 1.181102 -0.339567 0.6643701 1.181102 -0.35758 0.6889764 1.181102 -0.3641732 0.7135827 1.181102 -0.35758 0.7315957 1.181102 -0.339567 -0.6397638 1.181102 -0.3149606 -0.6463571 1.181102 -0.2903543 -0.6643701 1.181102 -0.2723413 -0.6889764 1.181102 -0.265748 -0.7135827 1.181102 -0.2723413 -0.7315957 1.181102 -0.2903543 -0.738189 1.181102 -0.3149606 -0.7315957 1.181102 -0.339567 -0.7135827 1.181102 -0.35758 -0.6889764 1.181102 -0.3641732 -0.6643701 1.181102 -0.35758 -0.6463571 1.181102 -0.339567 -0.6397638 1.181102 0.3149606 -0.6463571 1.181102 0.339567 -0.6643701 1.181102 0.35758 -0.6889764 1.181102 0.3641732 -0.7135827 1.181102 0.35758 -0.7315957 1.181102 0.339567 -0.738189 1.181102 0.3149606 -0.7315957 1.181102 0.2903543 -0.7135827 1.181102 0.2723413 -0.6889764 1.181102 0.265748 -0.6643701 1.181102 0.2723413 -0.6463571 1.181102 0.2903543 -0.7677165 1.181102 -0.4527559 -0.7703539 1.181102 -0.4429134 -0.7775591 1.181102 -0.4357082 -0.7874016 1.181102 -0.4330708 -0.8070866 1.181102 -0.4330708 -0.8070866 1.181102 0.4330708 -0.7874016 1.181102 0.4330708 -0.7775591 1.181102 0.4357082 -0.7703539 1.181102 0.4429134 -0.7677165 1.181102 0.4527559 -0.4572512 1.181102 0.1210246 -0.4700527 1.181102 0.1401835 -0.4892116 1.181102 0.152985 -0.511811 1.181102 0.1574802 -0.5708662 1.181102 0.1574802 -0.5934656 1.181102 0.152985 -0.6126244 1.181102 0.1401835 -0.6254259 1.181102 0.1210246 -0.6299213 1.181102 0.09842514 -0.6299213 1.181102 -0.09842514 -0.6254259 1.181102 -0.1210246 -0.6126244 1.181102 -0.1401835 -0.5934656 1.181102 -0.152985 -0.5708662 1.181102 -0.1574802 -0.511811 1.181102 -0.1574802 -0.4892116 1.181102 -0.152985 -0.4700527 1.181102 -0.1401835 -0.4572512 1.181102 -0.1210246 -0.7677165 1.122047 -0.4527559 0.7677165 1.122047 -0.4527559 0.7703539 1.122047 -0.4429134 0.7775591 1.122047 -0.4357082 0.7874016 1.122047 -0.4330708 0.8070866 1.122047 -0.4330708 0.8070866 1.122047 0.4330708 0.7874016 1.122047 0.4330708 0.7775591 1.122047 0.4357082 0.7703539 1.122047 0.4429134 0.7677165 1.122047 0.4527559 -0.7677165 1.122047 0.4527559 -0.7703539 1.122047 0.4429134 -0.7775591 1.122047 0.4357082 -0.7874016 1.122047 0.4330708 -0.8070866 1.122047 0.4330708 -0.8070866 1.122047 -0.4330708 -0.7874016 1.122047 -0.4330708 -0.7775591 1.122047 -0.4357082 -0.7703539 1.122047 -0.4429134 0.1574802 1.122047 0 0.1504839 1.122047 -0.04641813 0.1301163 1.122047 -0.08871179 0.09818732 1.122047 -0.1231231 0.05753386 1.122047 -0.1465942 0.01176846 1.122047 -0.1570399 -0.03504264 1.122047 -0.1535319 -0.07874011 1.122047 -0.1363819 -0.1154412 1.122047 -0.1071138 -0.1418848 1.122047 -0.06832814 -0.1557214 1.122047 -0.02347105 -0.1557214 1.122047 0.02347105 -0.1418848 1.122047 0.06832814 -0.1154412 1.122047 0.1071138 -0.07874011 1.122047 0.1363819 -0.03504264 1.122047 0.1535319 0.01176846 1.122047 0.1570399 0.05753386 1.122047 0.1465942 0.09818732 1.122047 0.1231231 0.1301163 1.122047 0.08871179 0.1504839 1.122047 0.04641813 0.03937 1.122047 -0.3149606 0.03312021 1.122047 -0.3362457 0.01635479 1.122047 -0.3507729 -0.005602896 1.122047 -0.35393 -0.02578181 1.122047 -0.3447145 -0.03777515 1.122047 -0.3260525 -0.03777515 1.122047 -0.3038688 -0.02578181 1.122047 -0.2852067 -0.005602896 1.122047 -0.2759913 0.01635479 1.122047 -0.2791483 0.03312021 1.122047 -0.2936756 0.2620809 1.122047 -0.2227108 0.255831 1.122047 -0.2439959 0.2390657 1.122047 -0.2585231 0.2171078 1.122047 -0.2616801 0.1969289 1.122047 -0.2524647 0.1849355 1.122047 -0.2338026 0.1849355 1.122047 -0.211619 0.1969289 1.122047 -0.1929569 0.2171078 1.122047 -0.1837414 0.2390657 1.122047 -0.1868985 0.255831 1.122047 -0.2014257 0.3543307 1.122047 0 0.3480808 1.122047 -0.02128493 0.3313156 1.122047 -0.03581213 0.3093577 1.122047 -0.03896921 0.2891787 1.122047 -0.02975392 0.2771853 1.122047 -0.0110917 0.2771853 1.122047 0.0110917 0.2891787 1.122047 0.02975392 0.3093577 1.122047 0.03896921 0.3313156 1.122047 0.03581213 0.3480808 1.122047 0.02128493 0.2620809 1.122047 0.2227108 0.255831 1.122047 0.2014257 0.2390657 1.122047 0.1868985 0.2171078 1.122047 0.1837414 0.1969289 1.122047 0.1929569 0.1849355 1.122047 0.211619 0.1849355 1.122047 0.2338026 0.1969289 1.122047 0.2524647 0.2171078 1.122047 0.2616801 0.2390657 1.122047 0.2585231 0.255831 1.122047 0.2439959 0.03937 1.122047 0.3149606 0.03312021 1.122047 0.2936756 0.01635479 1.122047 0.2791483 -0.005602896 1.122047 0.2759913 -0.02578181 1.122047 0.2852067 -0.03777515 1.122047 0.3038688 -0.03777515 1.122047 0.3260525 -0.02578181 1.122047 0.3447145 -0.005602896 1.122047 0.35393 0.01635479 1.122047 0.3507729 0.03312021 1.122047 0.3362457 -0.1833407 1.122047 0.2227108 -0.1895906 1.122047 0.2014257 -0.2063559 1.122047 0.1868985 -0.2283137 1.122047 0.1837414 -0.2484927 1.122047 0.1929569 -0.2604861 1.122047 0.211619 -0.2604861 1.122047 0.2338026 -0.2484927 1.122047 0.2524647 -0.2283137 1.122047 0.2616801 -0.2063559 1.122047 0.2585231 -0.1895906 1.122047 0.2439959 -0.2755905 1.122047 0 -0.2818404 1.122047 -0.02128493 -0.2986057 1.122047 -0.03581213 -0.3205636 1.122047 -0.03896921 -0.3407425 1.122047 -0.02975392 -0.3527359 1.122047 -0.0110917 -0.3527359 1.122047 0.0110917 -0.3407425 1.122047 0.02975392 -0.3205636 1.122047 0.03896921 -0.2986057 1.122047 0.03581213 -0.2818404 1.122047 0.02128493 -0.1833407 1.122047 -0.2227108 -0.1895906 1.122047 -0.2439959 -0.2063559 1.122047 -0.2585231 -0.2283137 1.122047 -0.2616801 -0.2484927 1.122047 -0.2524647 -0.2604861 1.122047 -0.2338026 -0.2604861 1.122047 -0.211619 -0.2484927 1.122047 -0.1929569 -0.2283137 1.122047 -0.1837414 -0.2063559 1.122047 -0.1868985 -0.1895906 1.122047 -0.2014257 0.1781496 1.122047 -0.3149606 0.1717435 1.122047 -0.3367778 0.154559 1.122047 -0.3516682 0.1320523 1.122047 -0.3549042 0.1113688 1.122047 -0.3454584 0.09907555 1.122047 -0.3263297 0.09907555 1.122047 -0.3035915 0.1113688 1.122047 -0.2844629 0.1320523 1.122047 -0.275017 0.154559 1.122047 -0.278253 0.1717435 1.122047 -0.2931434 -0.3149606 1.122047 -0.1781496 -0.3367778 1.122047 -0.1717435 -0.3516682 1.122047 -0.154559 -0.3549042 1.122047 -0.1320523 -0.3454584 1.122047 -0.1113688 -0.3263297 1.122047 -0.09907555 -0.3035915 1.122047 -0.09907555 -0.2844629 1.122047 -0.1113688 -0.275017 1.122047 -0.1320523 -0.278253 1.122047 -0.154559 -0.2931434 1.122047 -0.1717435 -0.1781496 1.122047 0.3149606 -0.1717435 1.122047 0.3367778 -0.154559 1.122047 0.3516682 -0.1320523 1.122047 0.3549042 -0.1113688 1.122047 0.3454584 -0.09907555 1.122047 0.3263297 -0.09907555 1.122047 0.3035915 -0.1113688 1.122047 0.2844629 -0.1320523 1.122047 0.275017 -0.154559 1.122047 0.278253 -0.1717435 1.122047 0.2931434 0.3149606 1.122047 0.1781496 0.3367778 1.122047 0.1717435 0.3516682 1.122047 0.154559 0.3549042 1.122047 0.1320523 0.3454584 1.122047 0.1113688 0.3263297 1.122047 0.09907555 0.3035915 1.122047 0.09907555 0.2844629 1.122047 0.1113688 0.275017 1.122047 0.1320523 0.278253 1.122047 0.154559 0.2931434 1.122047 0.1717435 0.3641732 1.122047 -0.1377952 0.35758 1.122047 -0.1624016 0.339567 1.122047 -0.1804146 0.3149606 1.122047 -0.1870079 0.2903543 1.122047 -0.1804146 0.2723413 1.122047 -0.1624016 0.265748 1.122047 -0.1377952 0.2723413 1.122047 -0.1131889 0.2903543 1.122047 -0.09517592 0.3149606 1.122047 -0.08858263 0.339567 1.122047 -0.09517592 0.35758 1.122047 -0.1131889 -0.1377952 1.122047 -0.3641732 -0.1624016 1.122047 -0.35758 -0.1804146 1.122047 -0.339567 -0.1870079 1.122047 -0.3149606 -0.1804146 1.122047 -0.2903543 -0.1624016 1.122047 -0.2723413 -0.1377952 1.122047 -0.265748 -0.1131889 1.122047 -0.2723413 -0.09517592 1.122047 -0.2903543 -0.08858263 1.122047 -0.3149606 -0.09517592 1.122047 -0.339567 -0.1131889 1.122047 -0.35758 -0.3641732 1.122047 0.1377952 -0.35758 1.122047 0.1624016 -0.339567 1.122047 0.1804146 -0.3149606 1.122047 0.1870079 -0.2903543 1.122047 0.1804146 -0.2723413 1.122047 0.1624016 -0.265748 1.122047 0.1377952 -0.2723413 1.122047 0.1131889 -0.2903543 1.122047 0.09517592 -0.3149606 1.122047 0.08858263 -0.339567 1.122047 0.09517592 -0.35758 1.122047 0.1131889 0.1377952 1.122047 0.3641732 0.1624016 1.122047 0.35758 0.1804146 1.122047 0.339567 0.1870079 1.122047 0.3149606 0.1804146 1.122047 0.2903543 0.1624016 1.122047 0.2723413 0.1377952 1.122047 0.265748 0.1131889 1.122047 0.2723413 0.09517592 1.122047 0.2903543 0.08858263 1.122047 0.3149606 0.09517592 1.122047 0.339567 0.1131889 1.122047 0.35758 0.738189 1.122047 -0.3149606 0.7315957 1.122047 -0.339567 0.7135827 1.122047 -0.35758 0.6889764 1.122047 -0.3641732 0.6643701 1.122047 -0.35758 0.6463571 1.122047 -0.339567 0.6397638 1.122047 -0.3149606 0.6463571 1.122047 -0.2903543 0.6643701 1.122047 -0.2723413 0.6889764 1.122047 -0.265748 0.7135827 1.122047 -0.2723413 0.7315957 1.122047 -0.2903543 0.738189 1.122047 0.3149606 0.7315957 1.122047 0.2903543 0.7135827 1.122047 0.2723413 0.6889764 1.122047 0.265748 0.6643701 1.122047 0.2723413 0.6463571 1.122047 0.2903543 0.6397638 1.122047 0.3149606 0.6463571 1.122047 0.339567 0.6643701 1.122047 0.35758 0.6889764 1.122047 0.3641732 0.7135827 1.122047 0.35758 0.7315957 1.122047 0.339567 -0.6397638 1.122047 -0.3149606 -0.6463571 1.122047 -0.339567 -0.6643701 1.122047 -0.35758 -0.6889764 1.122047 -0.3641732 -0.7135827 1.122047 -0.35758 -0.7315957 1.122047 -0.339567 -0.738189 1.122047 -0.3149606 -0.7315957 1.122047 -0.2903543 -0.7135827 1.122047 -0.2723413 -0.6889764 1.122047 -0.265748 -0.6643701 1.122047 -0.2723413 -0.6463571 1.122047 -0.2903543 -0.6397638 1.122047 0.3149606 -0.6463571 1.122047 0.2903543 -0.6643701 1.122047 0.2723413 -0.6889764 1.122047 0.265748 -0.7135827 1.122047 0.2723413 -0.7315957 1.122047 0.2903543 -0.738189 1.122047 0.3149606 -0.7315957 1.122047 0.339567 -0.7135827 1.122047 0.35758 -0.6889764 1.122047 0.3641732 -0.6643701 1.122047 0.35758 -0.6463571 1.122047 0.339567 -0.4527559 1.122047 0.09842514 -0.4527559 1.122047 -0.09842514 -0.4572512 1.122047 -0.1210246 -0.4700527 1.122047 -0.1401835 -0.4892116 1.122047 -0.152985 -0.511811 1.122047 -0.1574802 -0.5708662 1.122047 -0.1574802 -0.5934656 1.122047 -0.152985 -0.6126244 1.122047 -0.1401835 -0.6254259 1.122047 -0.1210246 -0.6299213 1.122047 -0.09842514 -0.6299213 1.122047 0.09842514 -0.6254259 1.122047 0.1210246 -0.6126244 1.122047 0.1401835 -0.5934656 1.122047 0.152985 -0.5708662 1.122047 0.1574802 -0.511811 1.122047 0.1574802 -0.4892116 1.122047 0.152985 -0.4700527 1.122047 0.1401835 -0.4572512 1.122047 0.1210246 0.511811 1.122047 0.1574802 0.5708662 1.122047 0.1574802 0.5934656 1.122047 0.152985 0.6126244 1.122047 0.1401835 0.6254259 1.122047 0.1210246 0.6299213 1.122047 0.09842514 0.6299213 1.122047 -0.09842514 0.6254259 1.122047 -0.1210246 0.6126244 1.122047 -0.1401835 0.5934656 1.122047 -0.152985 0.5708662 1.122047 -0.1574802 0.511811 1.122047 -0.1574802 0.4892116 1.122047 -0.152985 0.4700527 1.122047 -0.1401835 0.4572512 1.122047 -0.1210246 0.4527559 1.122047 -0.09842514 0.4527559 1.122047 0.09842514 0.4572512 1.122047 0.1210246 0.4700527 1.122047 0.1401835 0.4892116 1.122047 0.152985 0.35544 1.122047 -0.3062273 0.3488467 1.122047 -0.3308336 0.3308336 1.122047 -0.3488467 0.3062273 1.122047 -0.35544 0.281621 1.122047 -0.3488467 0.263608 1.122047 -0.3308336 0.2570148 1.122047 -0.3062273 0.263608 1.122047 -0.281621 0.281621 1.122047 -0.263608 0.3062273 1.122047 -0.2570148 0.3308336 1.122047 -0.263608 0.3488467 1.122047 -0.281621 0.35544 1.122047 0.3062273 0.3488467 1.122047 0.281621 0.3308336 1.122047 0.263608 0.3062273 1.122047 0.2570148 0.281621 1.122047 0.263608 0.263608 1.122047 0.281621 0.2570148 1.122047 0.3062273 0.263608 1.122047 0.3308336 0.281621 1.122047 0.3488467 0.3062273 1.122047 0.35544 0.3308336 1.122047 0.3488467 0.3488467 1.122047 0.3308336 -0.2570148 1.122047 0.3062273 -0.263608 1.122047 0.281621 -0.281621 1.122047 0.263608 -0.3062273 1.122047 0.2570148 -0.3308336 1.122047 0.263608 -0.3488467 1.122047 0.281621 -0.35544 1.122047 0.3062273 -0.3488467 1.122047 0.3308336 -0.3308336 1.122047 0.3488467 -0.3062273 1.122047 0.35544 -0.281621 1.122047 0.3488467 -0.263608 1.122047 0.3308336 -0.2570148 1.122047 -0.3062273 -0.263608 1.122047 -0.3308336 -0.281621 1.122047 -0.3488467 -0.3062273 1.122047 -0.35544 -0.3308336 1.122047 -0.3488467 -0.3488467 1.122047 -0.3308336 -0.35544 1.122047 -0.3062273 -0.3488467 1.122047 -0.281621 -0.3308336 1.122047 -0.263608 -0.3062273 1.122047 -0.2570148 -0.281621 1.122047 -0.263608 -0.263608 1.122047 -0.281621 -0.7677165 1.062992 -0.4527559 -0.7617228 1.03286 -0.4527559 -0.7446541 1.007314 -0.4527559 -0.7191089 0.9902456 -0.4527559 -0.6889764 0.984252 -0.4527559 0.6889764 0.984252 -0.4527559 0.7191089 0.9902456 -0.4527559 0.7446541 1.007314 -0.4527559 0.7617228 1.03286 -0.4527559 0.7677165 1.062992 -0.4527559 0.7677165 1.122047 -0.511811 0.7677165 1.062992 -0.511811 0.7677165 1.144647 -0.5073158 0.7677165 1.163806 -0.4945142 0.7677165 1.176607 -0.4753553 0.8661417 1.122047 -0.4330708 0.8296861 1.176607 -0.4330708 0.8488449 1.163806 -0.4330708 0.8616464 1.144647 -0.4330708 0.8661417 0 -0.4330708 0.8070866 0 -0.4330708 0.8070866 0 0.4330708 0.8070866 -0.0080235 0.4329965 0.8070866 -0.01604408 0.4327735 0.8070866 -0.02405947 0.432402 0.8661417 -0.02405947 0.432402 0.8661417 -0.01604408 0.4327735 0.8661417 -0.0080235 0.4329965 0.8661417 0 0.4330708 0.8661417 -0.02405947 -0.432402 0.8070866 -0.02405947 -0.432402 0.8070866 -0.01604408 -0.4327735 0.8070866 -0.0080235 -0.4329965 0.8661417 -0.0080235 -0.4329965 0.8661417 -0.01604408 -0.4327735 0.8070866 -0.05282306 -0.4252109 0.8070866 -0.07688844 -0.4078925 0.8070866 -0.09284311 -0.3829023 0.8070866 -0.09842514 -0.3537835 0.8070866 -0.09842514 -0.2362204 0.8070866 -0.09243142 -0.2060879 0.8070866 -0.07536274 -0.1805427 0.8070866 -0.04981756 -0.163474 0.8070866 -0.01968497 -0.1574802 0.8070866 0 -0.1574802 0.8070866 0.04436731 -0.1511012 0.8070866 0.08514028 -0.1324809 0.8070866 0.1190156 -0.1031277 0.8070866 0.143249 -0.06541967 0.8070866 0.1558774 -0.02241176 0.8070866 0.1558774 0.02241176 0.8070866 0.143249 0.06541967 0.8070866 0.1190156 0.1031277 0.8070866 0.08514028 0.1324809 0.8070866 0.04436731 0.1511012 0.8070866 0 0.1574802 0.8070866 -0.01968497 0.1574802 0.8070866 -0.04981756 0.163474 0.8070866 -0.07536274 0.1805427 0.8070866 -0.09243142 0.2060879 0.8070866 -0.09842514 0.2362204 0.8070866 -0.09842514 0.3537835 0.8070866 -0.09284311 0.3829023 0.8070866 -0.07688844 0.4078925 0.8070866 -0.05282306 0.4252109 0.8070866 0.511811 -0.1968504 0.8070866 0.5905512 -0.1968504 0.8070866 0.6102362 -0.1915758 0.8070866 0.6246467 -0.1771653 0.8070866 0.6299213 -0.1574802 0.8070866 0.6299213 0.1574802 0.8070866 0.6246467 0.1771653 0.8070866 0.6102362 0.1915758 0.8070866 0.5905512 0.1968504 0.8070866 0.511811 0.1968504 0.8070866 0.492126 0.1915758 0.8070866 0.4777156 0.1771653 0.8070866 0.472441 0.1574802 0.8070866 0.472441 -0.1574802 0.8070866 0.4777156 -0.1771653 0.8070866 0.492126 -0.1915758 0.8070866 0.8267716 -0.1968504 0.8070866 0.9055118 -0.1968504 0.8070866 0.9251968 -0.1915758 0.8070866 0.9396073 -0.1771653 0.8070866 0.9448819 -0.1574802 0.8070866 0.9448819 0.1574802 0.8070866 0.9396073 0.1771653 0.8070866 0.9251968 0.1915758 0.8070866 0.9055118 0.1968504 0.8070866 0.8267716 0.1968504 0.8070866 0.8070866 0.1915758 0.8070866 0.7926762 0.1771653 0.8070866 0.7874016 0.1574802 0.8070866 0.7874016 -0.1574802 0.8070866 0.7926762 -0.1771653 0.8070866 0.8070866 -0.1915758 0.8070866 0.6771654 -0.3149606 0.8070866 0.6831806 -0.3334736 0.8070866 0.6989286 -0.3449152 0.8070866 0.7183942 -0.3449152 0.8070866 0.7341423 -0.3334736 0.8070866 0.7401575 -0.3149606 0.8070866 0.7341423 -0.2964477 0.8070866 0.7183942 -0.2850061 0.8070866 0.6989286 -0.2850061 0.8070866 0.6831806 -0.2964477 0.8070866 0.6771654 0.3149606 0.8070866 0.6831806 0.2964477 0.8070866 0.6989286 0.2850061 0.8070866 0.7183942 0.2850061 0.8070866 0.7341423 0.2964477 0.8070866 0.7401575 0.3149606 0.8070866 0.7341423 0.3334736 0.8070866 0.7183942 0.3449152 0.8070866 0.6989286 0.3449152 0.8070866 0.6831806 0.3334736 0.8070866 -0.03937 0.3149606 0.8070866 -0.03312021 0.2936756 0.8070866 -0.01635479 0.2791483 0.8070866 0.005602896 0.2759913 0.8070866 0.02578181 0.2852067 0.8070866 0.03777515 0.3038688 0.8070866 0.03777515 0.3260525 0.8070866 0.02578181 0.3447145 0.8070866 0.005602896 0.35393 0.8070866 -0.01635479 0.3507729 0.8070866 -0.03312021 0.3362457 0.8070866 0.1833407 0.2227108 0.8070866 0.1895906 0.2014257 0.8070866 0.2063559 0.1868985 0.8070866 0.2283137 0.1837414 0.8070866 0.2484927 0.1929569 0.8070866 0.2604861 0.211619 0.8070866 0.2604861 0.2338026 0.8070866 0.2484927 0.2524647 0.8070866 0.2283137 0.2616801 0.8070866 0.2063559 0.2585231 0.8070866 0.1895906 0.2439959 0.8070866 0.2755905 0 0.8070866 0.2818404 -0.02128493 0.8070866 0.2986057 -0.03581213 0.8070866 0.3205636 -0.03896921 0.8070866 0.3407425 -0.02975392 0.8070866 0.3527359 -0.0110917 0.8070866 0.3527359 0.0110917 0.8070866 0.3407425 0.02975392 0.8070866 0.3205636 0.03896921 0.8070866 0.2986057 0.03581213 0.8070866 0.2818404 0.02128493 0.8070866 0.1833407 -0.2227108 0.8070866 0.1895906 -0.2439959 0.8070866 0.2063559 -0.2585231 0.8070866 0.2283137 -0.2616801 0.8070866 0.2484927 -0.2524647 0.8070866 0.2604861 -0.2338026 0.8070866 0.2604861 -0.211619 0.8070866 0.2484927 -0.1929569 0.8070866 0.2283137 -0.1837414 0.8070866 0.2063559 -0.1868985 0.8070866 0.1895906 -0.2014257 0.8070866 -0.03937 -0.3149606 0.8070866 -0.03312021 -0.3362457 0.8070866 -0.01635479 -0.3507729 0.8070866 0.005602896 -0.35393 0.8070866 0.02578181 -0.3447145 0.8070866 0.03777515 -0.3260525 0.8070866 0.03777515 -0.3038688 0.8070866 0.02578181 -0.2852067 0.8070866 0.005602896 -0.2759913 0.8070866 -0.01635479 -0.2791483 0.8070866 -0.03312021 -0.2936756 0.8661417 0.511811 -0.1968504 0.8661417 0.5905512 -0.1968504 0.8661417 0.6102362 -0.1915758 0.8661417 0.6246467 -0.1771653 0.8661417 0.6299213 -0.1574802 0.8661417 0.6299213 0.1574802 0.8661417 0.6246467 0.1771653 0.8661417 0.6102362 0.1915758 0.8661417 0.5905512 0.1968504 0.8661417 0.511811 0.1968504 0.8661417 0.492126 0.1915758 0.8661417 0.4777156 0.1771653 0.8661417 0.472441 0.1574802 0.8661417 0.472441 -0.1574802 0.8661417 0.4777156 -0.1771653 0.8661417 0.492126 -0.1915758 0.8661417 -0.09842514 -0.2362204 0.8661417 -0.09842514 -0.3537835 0.8661417 -0.09284311 -0.3829023 0.8661417 -0.07688844 -0.4078925 0.8661417 -0.05282306 -0.4252109 0.8661417 1.122047 0.4330708 0.8661417 -0.05282306 0.4252109 0.8661417 -0.07688844 0.4078925 0.8661417 -0.09284311 0.3829023 0.8661417 -0.09842514 0.3537835 0.8661417 -0.09842514 0.2362204 0.8661417 -0.09243142 0.2060879 0.8661417 -0.07536274 0.1805427 0.8661417 -0.04981756 0.163474 0.8661417 -0.01968497 0.1574802 0.8661417 0 0.1574802 0.8661417 0.04436731 0.1511012 0.8661417 0.08514028 0.1324809 0.8661417 0.1190156 0.1031277 0.8661417 0.143249 0.06541967 0.8661417 0.1558774 0.02241176 0.8661417 0.1558774 -0.02241176 0.8661417 0.143249 -0.06541967 0.8661417 0.1190156 -0.1031277 0.8661417 0.08514028 -0.1324809 0.8661417 0.04436731 -0.1511012 0.8661417 0 -0.1574802 0.8661417 -0.01968497 -0.1574802 0.8661417 -0.04981756 -0.163474 0.8661417 -0.07536274 -0.1805427 0.8661417 -0.09243142 -0.2060879 0.8661417 0.9055118 -0.1968504 0.8661417 0.8267716 -0.1968504 0.8661417 0.8070866 -0.1915758 0.8661417 0.7926762 -0.1771653 0.8661417 0.7874016 -0.1574802 0.8661417 0.7874016 0.1574802 0.8661417 0.7926762 0.1771653 0.8661417 0.8070866 0.1915758 0.8661417 0.8267716 0.1968504 0.8661417 0.9055118 0.1968504 0.8661417 0.9251968 0.1915758 0.8661417 0.9396073 0.1771653 0.8661417 0.9448819 0.1574802 0.8661417 0.9448819 -0.1574802 0.8661417 0.9396073 -0.1771653 0.8661417 0.9251968 -0.1915758 0.8661417 0.6653544 -0.3149606 0.8661417 0.6722292 -0.2915471 0.8661417 0.690671 -0.2755671 0.8661417 0.7148247 -0.2720944 0.8661417 0.7370215 -0.2822313 0.8661417 0.7502143 -0.3027596 0.8661417 0.7502143 -0.3271616 0.8661417 0.7370215 -0.3476899 0.8661417 0.7148247 -0.3578269 0.8661417 0.690671 -0.3543542 0.8661417 0.6722292 -0.3383742 0.8661417 0.6653544 0.3149606 0.8661417 0.6722292 0.3383742 0.8661417 0.690671 0.3543542 0.8661417 0.7148247 0.3578269 0.8661417 0.7370215 0.3476899 0.8661417 0.7502143 0.3271616 0.8661417 0.7502143 0.3027596 0.8661417 0.7370215 0.2822313 0.8661417 0.7148247 0.2720944 0.8661417 0.690671 0.2755671 0.8661417 0.6722292 0.2915471 0.8661417 -0.03937 0.3149606 0.8661417 -0.03312021 0.3362457 0.8661417 -0.01635479 0.3507729 0.8661417 0.005602896 0.35393 0.8661417 0.02578181 0.3447145 0.8661417 0.03777515 0.3260525 0.8661417 0.03777515 0.3038688 0.8661417 0.02578181 0.2852067 0.8661417 0.005602896 0.2759913 0.8661417 -0.01635479 0.2791483 0.8661417 -0.03312021 0.2936756 0.8661417 0.1833407 0.2227108 0.8661417 0.1895906 0.2439959 0.8661417 0.2063559 0.2585231 0.8661417 0.2283137 0.2616801 0.8661417 0.2484927 0.2524647 0.8661417 0.2604861 0.2338026 0.8661417 0.2604861 0.211619 0.8661417 0.2484927 0.1929569 0.8661417 0.2283137 0.1837414 0.8661417 0.2063559 0.1868985 0.8661417 0.1895906 0.2014257 0.8661417 0.2755905 0 0.8661417 0.2818404 0.02128493 0.8661417 0.2986057 0.03581213 0.8661417 0.3205636 0.03896921 0.8661417 0.3407425 0.02975392 0.8661417 0.3527359 0.0110917 0.8661417 0.3527359 -0.0110917 0.8661417 0.3407425 -0.02975392 0.8661417 0.3205636 -0.03896921 0.8661417 0.2986057 -0.03581213 0.8661417 0.2818404 -0.02128493 0.8661417 0.1833407 -0.2227108 0.8661417 0.1895906 -0.2014257 0.8661417 0.2063559 -0.1868985 0.8661417 0.2283137 -0.1837414 0.8661417 0.2484927 -0.1929569 0.8661417 0.2604861 -0.211619 0.8661417 0.2604861 -0.2338026 0.8661417 0.2484927 -0.2524647 0.8661417 0.2283137 -0.2616801 0.8661417 0.2063559 -0.2585231 0.8661417 0.1895906 -0.2439959 0.8661417 -0.03937 -0.3149606 0.8661417 -0.03312021 -0.2936756 0.8661417 -0.01635479 -0.2791483 0.8661417 0.005602896 -0.2759913 0.8661417 0.02578181 -0.2852067 0.8661417 0.03777515 -0.3038688 0.8661417 0.03777515 -0.3260525 0.8661417 0.02578181 -0.3447145 0.8661417 0.005602896 -0.35393 0.8661417 -0.01635479 -0.3507729 0.8661417 -0.03312021 -0.3362457 0.8543307 0.6771654 -0.3149606 0.8543307 0.6831806 -0.2964477 0.8543307 0.6989286 -0.2850061 0.8543307 0.7183942 -0.2850061 0.8543307 0.7341423 -0.2964477 0.8543307 0.7401575 -0.3149606 0.8543307 0.7341423 -0.3334736 0.8543307 0.7183942 -0.3449152 0.8543307 0.6989286 -0.3449152 0.8543307 0.6831806 -0.3334736 0.8543307 0.6771654 0.3149606 0.8543307 0.6831806 0.3334736 0.8543307 0.6989286 0.3449152 0.8543307 0.7183942 0.3449152 0.8543307 0.7341423 0.3334736 0.8543307 0.7401575 0.3149606 0.8543307 0.7341423 0.2964477 0.8543307 0.7183942 0.2850061 0.8543307 0.6989286 0.2850061 0.8543307 0.6831806 0.2964477 0.8616464 1.144647 0.4330708 0.8488449 1.163806 0.4330708 0.8296861 1.176607 0.4330708 0.7677165 1.176607 0.4753553 0.7677165 1.163806 0.4945142 0.7677165 1.144647 0.5073158 0.7677165 1.122047 0.511811 0.7677165 1.062992 0.511811 0.7677165 1.062992 0.4527559 0.7617228 1.03286 0.4527559 0.7446541 1.007314 0.4527559 0.7191089 0.9902456 0.4527559 0.6889764 0.984252 0.4527559 -0.6889764 0.984252 0.4527559 -0.7191089 0.9902456 0.4527559 -0.7446541 1.007314 0.4527559 -0.7617228 1.03286 0.4527559 -0.7677165 1.062992 0.4527559 -0.7677165 1.122047 0.511811 -0.7677165 1.062992 0.511811 -0.7677165 1.144647 0.5073158 -0.7677165 1.163806 0.4945142 -0.7677165 1.176607 0.4753553 -0.8661417 1.122047 0.4330708 -0.8296861 1.176607 0.4330708 -0.8488449 1.163806 0.4330708 -0.8616464 1.144647 0.4330708 -0.8661417 0 0.4330708 -0.8070866 0 0.4330708 -0.8070866 -0.02405947 0.432402 -0.8070866 -0.01604408 0.4327735 -0.8070866 -0.0080235 0.4329965 -0.8661417 -0.0080235 0.4329965 -0.8661417 -0.01604408 0.4327735 -0.8661417 -0.02405947 0.432402 -0.8070866 -0.02405947 -0.432402 -0.8661417 -0.02405947 -0.432402 -0.8661417 -0.01604408 -0.4327735 -0.8661417 -0.0080235 -0.4329965 -0.8661417 0 -0.4330708 -0.8070866 0 -0.4330708 -0.8070866 -0.0080235 -0.4329965 -0.8070866 -0.01604408 -0.4327735 -0.8070866 -0.05282306 0.4252109 -0.8070866 -0.07688844 0.4078925 -0.8070866 -0.09284311 0.3829023 -0.8070866 -0.09842514 0.3537835 -0.8070866 -0.09842514 0.2362204 -0.8070866 -0.09243142 0.2060879 -0.8070866 -0.07536274 0.1805427 -0.8070866 -0.04981756 0.163474 -0.8070866 -0.01968497 0.1574802 -0.8070866 0 0.1574802 -0.8070866 0.04436731 0.1511012 -0.8070866 0.08514028 0.1324809 -0.8070866 0.1190156 0.1031277 -0.8070866 0.143249 0.06541967 -0.8070866 0.1558774 0.02241176 -0.8070866 0.1558774 -0.02241176 -0.8070866 0.143249 -0.06541967 -0.8070866 0.1190156 -0.1031277 -0.8070866 0.08514028 -0.1324809 -0.8070866 0.04436731 -0.1511012 -0.8070866 0 -0.1574802 -0.8070866 -0.01968497 -0.1574802 -0.8070866 -0.04981756 -0.163474 -0.8070866 -0.07536274 -0.1805427 -0.8070866 -0.09243142 -0.2060879 -0.8070866 -0.09842514 -0.2362204 -0.8070866 -0.09842514 -0.3537835 -0.8070866 -0.09284311 -0.3829023 -0.8070866 -0.07688844 -0.4078925 -0.8070866 -0.05282306 -0.4252109 -0.8070866 0.5905512 -0.1968504 -0.8070866 0.511811 -0.1968504 -0.8070866 0.492126 -0.1915758 -0.8070866 0.4777156 -0.1771653 -0.8070866 0.472441 -0.1574802 -0.8070866 0.472441 0.1574802 -0.8070866 0.4777156 0.1771653 -0.8070866 0.492126 0.1915758 -0.8070866 0.511811 0.1968504 -0.8070866 0.5905512 0.1968504 -0.8070866 0.6102362 0.1915758 -0.8070866 0.6246467 0.1771653 -0.8070866 0.6299213 0.1574802 -0.8070866 0.6299213 -0.1574802 -0.8070866 0.6246467 -0.1771653 -0.8070866 0.6102362 -0.1915758 -0.8070866 0.9055118 -0.1968504 -0.8070866 0.8267716 -0.1968504 -0.8070866 0.8070866 -0.1915758 -0.8070866 0.7926762 -0.1771653 -0.8070866 0.7874016 -0.1574802 -0.8070866 0.7874016 0.1574802 -0.8070866 0.7926762 0.1771653 -0.8070866 0.8070866 0.1915758 -0.8070866 0.8267716 0.1968504 -0.8070866 0.9055118 0.1968504 -0.8070866 0.9251968 0.1915758 -0.8070866 0.9396073 0.1771653 -0.8070866 0.9448819 0.1574802 -0.8070866 0.9448819 -0.1574802 -0.8070866 0.9396073 -0.1771653 -0.8070866 0.9251968 -0.1915758 -0.8070866 0.7401575 -0.3149606 -0.8070866 0.7341423 -0.3334736 -0.8070866 0.7183942 -0.3449152 -0.8070866 0.6989286 -0.3449152 -0.8070866 0.6831806 -0.3334736 -0.8070866 0.6771654 -0.3149606 -0.8070866 0.6831806 -0.2964477 -0.8070866 0.6989286 -0.2850061 -0.8070866 0.7183942 -0.2850061 -0.8070866 0.7341423 -0.2964477 -0.8070866 0.7401575 0.3149606 -0.8070866 0.7341423 0.2964477 -0.8070866 0.7183942 0.2850061 -0.8070866 0.6989286 0.2850061 -0.8070866 0.6831806 0.2964477 -0.8070866 0.6771654 0.3149606 -0.8070866 0.6831806 0.3334736 -0.8070866 0.6989286 0.3449152 -0.8070866 0.7183942 0.3449152 -0.8070866 0.7341423 0.3334736 -0.8070866 0.03937 0.3149606 -0.8070866 0.03312021 0.2936756 -0.8070866 0.01635479 0.2791483 -0.8070866 -0.005602896 0.2759913 -0.8070866 -0.02578181 0.2852067 -0.8070866 -0.03777515 0.3038688 -0.8070866 -0.03777515 0.3260525 -0.8070866 -0.02578181 0.3447145 -0.8070866 -0.005602896 0.35393 -0.8070866 0.01635479 0.3507729 -0.8070866 0.03312021 0.3362457 -0.8070866 0.2620809 0.2227108 -0.8070866 0.255831 0.2014257 -0.8070866 0.2390657 0.1868985 -0.8070866 0.2171078 0.1837414 -0.8070866 0.1969289 0.1929569 -0.8070866 0.1849355 0.211619 -0.8070866 0.1849355 0.2338026 -0.8070866 0.1969289 0.2524647 -0.8070866 0.2171078 0.2616801 -0.8070866 0.2390657 0.2585231 -0.8070866 0.255831 0.2439959 -0.8070866 0.3543307 0 -0.8070866 0.3480808 -0.02128493 -0.8070866 0.3313156 -0.03581213 -0.8070866 0.3093577 -0.03896921 -0.8070866 0.2891787 -0.02975392 -0.8070866 0.2771853 -0.0110917 -0.8070866 0.2771853 0.0110917 -0.8070866 0.2891787 0.02975392 -0.8070866 0.3093577 0.03896921 -0.8070866 0.3313156 0.03581213 -0.8070866 0.3480808 0.02128493 -0.8070866 0.2620809 -0.2227108 -0.8070866 0.255831 -0.2439959 -0.8070866 0.2390657 -0.2585231 -0.8070866 0.2171078 -0.2616801 -0.8070866 0.1969289 -0.2524647 -0.8070866 0.1849355 -0.2338026 -0.8070866 0.1849355 -0.211619 -0.8070866 0.1969289 -0.1929569 -0.8070866 0.2171078 -0.1837414 -0.8070866 0.2390657 -0.1868985 -0.8070866 0.255831 -0.2014257 -0.8070866 0.03937 -0.3149606 -0.8070866 0.03312021 -0.3362457 -0.8070866 0.01635479 -0.3507729 -0.8070866 -0.005602896 -0.35393 -0.8070866 -0.02578181 -0.3447145 -0.8070866 -0.03777515 -0.3260525 -0.8070866 -0.03777515 -0.3038688 -0.8070866 -0.02578181 -0.2852067 -0.8070866 -0.005602896 -0.2759913 -0.8070866 0.01635479 -0.2791483 -0.8070866 0.03312021 -0.2936756 -0.8661417 0.5905512 -0.1968504 -0.8661417 0.511811 -0.1968504 -0.8661417 0.492126 -0.1915758 -0.8661417 0.4777156 -0.1771653 -0.8661417 0.472441 -0.1574802 -0.8661417 0.472441 0.1574802 -0.8661417 0.4777156 0.1771653 -0.8661417 0.492126 0.1915758 -0.8661417 0.511811 0.1968504 -0.8661417 0.5905512 0.1968504 -0.8661417 0.6102362 0.1915758 -0.8661417 0.6246467 0.1771653 -0.8661417 0.6299213 0.1574802 -0.8661417 0.6299213 -0.1574802 -0.8661417 0.6246467 -0.1771653 -0.8661417 0.6102362 -0.1915758 -0.8661417 -0.09842514 -0.3537835 -0.8661417 -0.09842514 -0.2362204 -0.8661417 -0.09243142 -0.2060879 -0.8661417 -0.07536274 -0.1805427 -0.8661417 -0.04981756 -0.163474 -0.8661417 -0.01968497 -0.1574802 -0.8661417 0 -0.1574802 -0.8661417 0.04436731 -0.1511012 -0.8661417 0.08514028 -0.1324809 -0.8661417 0.1190156 -0.1031277 -0.8661417 0.143249 -0.06541967 -0.8661417 0.1558774 -0.02241176 -0.8661417 0.1558774 0.02241176 -0.8661417 0.143249 0.06541967 -0.8661417 0.1190156 0.1031277 -0.8661417 0.08514028 0.1324809 -0.8661417 0.04436731 0.1511012 -0.8661417 0 0.1574802 -0.8661417 -0.01968497 0.1574802 -0.8661417 -0.04981756 0.163474 -0.8661417 -0.07536274 0.1805427 -0.8661417 -0.09243142 0.2060879 -0.8661417 -0.09842514 0.2362204 -0.8661417 -0.09842514 0.3537835 -0.8661417 -0.09284311 0.3829023 -0.8661417 -0.07688844 0.4078925 -0.8661417 -0.05282306 0.4252109 -0.8661417 1.122047 -0.4330708 -0.8661417 -0.05282306 -0.4252109 -0.8661417 -0.07688844 -0.4078925 -0.8661417 -0.09284311 -0.3829023 -0.8661417 0.8267716 -0.1968504 -0.8661417 0.9055118 -0.1968504 -0.8661417 0.9251968 -0.1915758 -0.8661417 0.9396073 -0.1771653 -0.8661417 0.9448819 -0.1574802 -0.8661417 0.9448819 0.1574802 -0.8661417 0.9396073 0.1771653 -0.8661417 0.9251968 0.1915758 -0.8661417 0.9055118 0.1968504 -0.8661417 0.8267716 0.1968504 -0.8661417 0.8070866 0.1915758 -0.8661417 0.7926762 0.1771653 -0.8661417 0.7874016 0.1574802 -0.8661417 0.7874016 -0.1574802 -0.8661417 0.7926762 -0.1771653 -0.8661417 0.8070866 -0.1915758 -0.8661417 0.7401575 -0.3149606 -0.8661417 0.7341423 -0.2964477 -0.8661417 0.7183942 -0.2850061 -0.8661417 0.6989286 -0.2850061 -0.8661417 0.6831806 -0.2964477 -0.8661417 0.6771654 -0.3149606 -0.8661417 0.6831806 -0.3334736 -0.8661417 0.6989286 -0.3449152 -0.8661417 0.7183942 -0.3449152 -0.8661417 0.7341423 -0.3334736 -0.8661417 0.7401575 0.3149606 -0.8661417 0.7341423 0.3334736 -0.8661417 0.7183942 0.3449152 -0.8661417 0.6989286 0.3449152 -0.8661417 0.6831806 0.3334736 -0.8661417 0.6771654 0.3149606 -0.8661417 0.6831806 0.2964477 -0.8661417 0.6989286 0.2850061 -0.8661417 0.7183942 0.2850061 -0.8661417 0.7341423 0.2964477 -0.8661417 0.03937 0.3149606 -0.8661417 0.03312021 0.3362457 -0.8661417 0.01635479 0.3507729 -0.8661417 -0.005602896 0.35393 -0.8661417 -0.02578181 0.3447145 -0.8661417 -0.03777515 0.3260525 -0.8661417 -0.03777515 0.3038688 -0.8661417 -0.02578181 0.2852067 -0.8661417 -0.005602896 0.2759913 -0.8661417 0.01635479 0.2791483 -0.8661417 0.03312021 0.2936756 -0.8661417 0.2620809 0.2227108 -0.8661417 0.255831 0.2439959 -0.8661417 0.2390657 0.2585231 -0.8661417 0.2171078 0.2616801 -0.8661417 0.1969289 0.2524647 -0.8661417 0.1849355 0.2338026 -0.8661417 0.1849355 0.211619 -0.8661417 0.1969289 0.1929569 -0.8661417 0.2171078 0.1837414 -0.8661417 0.2390657 0.1868985 -0.8661417 0.255831 0.2014257 -0.8661417 0.3543307 0 -0.8661417 0.3480808 0.02128493 -0.8661417 0.3313156 0.03581213 -0.8661417 0.3093577 0.03896921 -0.8661417 0.2891787 0.02975392 -0.8661417 0.2771853 0.0110917 -0.8661417 0.2771853 -0.0110917 -0.8661417 0.2891787 -0.02975392 -0.8661417 0.3093577 -0.03896921 -0.8661417 0.3313156 -0.03581213 -0.8661417 0.3480808 -0.02128493 -0.8661417 0.2620809 -0.2227108 -0.8661417 0.255831 -0.2014257 -0.8661417 0.2390657 -0.1868985 -0.8661417 0.2171078 -0.1837414 -0.8661417 0.1969289 -0.1929569 -0.8661417 0.1849355 -0.211619 -0.8661417 0.1849355 -0.2338026 -0.8661417 0.1969289 -0.2524647 -0.8661417 0.2171078 -0.2616801 -0.8661417 0.2390657 -0.2585231 -0.8661417 0.255831 -0.2439959 -0.8661417 0.03937 -0.3149606 -0.8661417 0.03312021 -0.2936756 -0.8661417 0.01635479 -0.2791483 -0.8661417 -0.005602896 -0.2759913 -0.8661417 -0.02578181 -0.2852067 -0.8661417 -0.03777515 -0.3038688 -0.8661417 -0.03777515 -0.3260525 -0.8661417 -0.02578181 -0.3447145 -0.8661417 -0.005602896 -0.35393 -0.8661417 0.01635479 -0.3507729 -0.8661417 0.03312021 -0.3362457 -0.8616464 1.144647 -0.4330708 -0.8488449 1.163806 -0.4330708 -0.8296861 1.176607 -0.4330708 -0.7677165 1.176607 -0.4753553 -0.7677165 1.163806 -0.4945142 -0.7677165 1.144647 -0.5073158 -0.7677165 1.122047 -0.511811 -0.7677165 1.062992 -0.511811 -0.6889764 0.984252 -0.511811 -0.7617228 1.03286 -0.511811 -0.7446541 1.007314 -0.511811 -0.7191089 0.9902456 -0.511811 0.6889764 0.984252 -0.511811 0.7191089 0.9902456 -0.511811 0.7446541 1.007314 -0.511811 0.7617228 1.03286 -0.511811 -0.3641732 1.181102 0.1377952 -0.35758 1.181102 0.1131889 -0.339567 1.181102 0.09517592 -0.3149606 1.181102 0.08858263 -0.2903543 1.181102 0.09517592 -0.2723413 1.181102 0.1131889 -0.265748 1.181102 0.1377952 -0.2723413 1.181102 0.1624016 -0.2903543 1.181102 0.1804146 -0.3149606 1.181102 0.1870079 -0.339567 1.181102 0.1804146 -0.35758 1.181102 0.1624016 -0.7617228 1.03286 0.511811 -0.7446541 1.007314 0.511811 -0.7191089 0.9902456 0.511811 -0.6889764 0.984252 0.511811 0.6889764 0.984252 0.511811 0.7191089 0.9902456 0.511811 0.7446541 1.007314 0.511811 0.7617228 1.03286 0.511811 -0.1574802 1.173228 0 -0.1504839 1.173228 -0.04641813 -0.1301163 1.173228 -0.08871179 -0.09818732 1.173228 -0.1231231 -0.05753386 1.173228 -0.1465942 -0.01176846 1.173228 -0.1570399 0.03504264 1.173228 -0.1535319 0.07874011 1.173228 -0.1363819 0.1154412 1.173228 -0.1071138 0.1418848 1.173228 -0.06832814 0.1557214 1.173228 -0.02347105 0.1557214 1.173228 0.02347105 0.1418848 1.173228 0.06832814 0.1154412 1.173228 0.1071138 0.07874011 1.173228 0.1363819 0.03504264 1.173228 0.1535319 -0.01176846 1.173228 0.1570399 -0.05753386 1.173228 0.1465942 -0.09818732 1.173228 0.1231231 -0.1301163 1.173228 0.08871179 -0.1504839 1.173228 0.04641813 0.1781496 1.168307 -0.3149606 0.1717435 1.168307 -0.2931434 0.154559 1.168307 -0.278253 0.1320523 1.168307 -0.275017 0.1113688 1.168307 -0.2844629 0.09907555 1.168307 -0.3035915 0.09907555 1.168307 -0.3263297 0.1113688 1.168307 -0.3454584 0.1320523 1.168307 -0.3549042 0.154559 1.168307 -0.3516682 0.1717435 1.168307 -0.3367778 -0.3149606 1.168307 -0.1781496 -0.2931434 1.168307 -0.1717435 -0.278253 1.168307 -0.154559 -0.275017 1.168307 -0.1320523 -0.2844629 1.168307 -0.1113688 -0.3035915 1.168307 -0.09907555 -0.3263297 1.168307 -0.09907555 -0.3454584 1.168307 -0.1113688 -0.3549042 1.168307 -0.1320523 -0.3516682 1.168307 -0.154559 -0.3367778 1.168307 -0.1717435 -0.1781496 1.168307 0.3149606 -0.1717435 1.168307 0.2931434 -0.154559 1.168307 0.278253 -0.1320523 1.168307 0.275017 -0.1113688 1.168307 0.2844629 -0.09907555 1.168307 0.3035915 -0.09907555 1.168307 0.3263297 -0.1113688 1.168307 0.3454584 -0.1320523 1.168307 0.3549042 -0.154559 1.168307 0.3516682 -0.1717435 1.168307 0.3367778 0.3149606 1.168307 0.1781496 0.2931434 1.168307 0.1717435 0.278253 1.168307 0.154559 0.275017 1.168307 0.1320523 0.2844629 1.168307 0.1113688 0.3035915 1.168307 0.09907555 0.3263297 1.168307 0.09907555 0.3454584 1.168307 0.1113688 0.3549042 1.168307 0.1320523 0.3516682 1.168307 0.154559 0.3367778 1.168307 0.1717435</float_array>
          <technique_common>
            <accessor source="#Untitled_000-mesh-positions-array" count="2634" stride="3">
              <param name="X" type="float"/>
              <param name="Y" type="float"/>
              <param name="Z" type="float"/>
            </accessor>
          </technique_common>
        </source>
        <source id="Untitled_000-mesh-normals">
          <float_array id="Untitled_000-mesh-normals-array" count="6396">0 -1 0 0 -1 1.8136e-5 0 -1 -4.55939e-5 0 -1 -1.44534e-5 0 -1 1.3097e-5 0 -1 1.32535e-5 0 -1 -1.30498e-5 0 -1 1.32538e-5 0 -1 5.73781e-5 0 -1 -7.69531e-6 0 -1 -1.30972e-5 0 -1 -5.6995e-6 0 -1 -8.47236e-6 0 -1 1.54152e-5 0 -1 -7.18727e-6 0 -1 -1.36807e-5 0 -1 -6.52487e-6 0 -1 -1.54151e-5 0 -1 4.23618e-6 0 -1 -1.8136e-5 0 -1 4.32334e-5 0 -1 1.15614e-5 0 -1 -2.4166e-5 0 -1 7.18726e-6 0 -1 -1.32535e-5 0 -1 1.30498e-5 0 -1 -1.32538e-5 0 -1 -5.73781e-5 0 -1 7.69531e-6 0 -1 2.41663e-5 0 -1 8.47236e-6 0 -1 -1.54152e-5 0 -1 7.18727e-6 0 -1 1.36807e-5 0 -1 6.52487e-6 0 -1 1.54151e-5 0 -1 -4.23618e-6 0 -1 -5.15874e-6 0 -1 8.0985e-6 0 -1 -1.24276e-5 0 -1 -1.56115e-6 0 -1 -5.83946e-7 0 -1 1.35217e-6 0 -1 6.74112e-7 0 -1 6.18685e-6 0 -1 -4.94053e-6 0 -1 2.75288e-6 0 -1 -1.02736e-5 0 -1 2.78785e-6 0 -1 2.97805e-6 0 -1 -5.04755e-7 0 -1 6.18685e-6 0 -1 -6.21382e-6 0 -1 -1.16789e-6 0 -1 -1.10803e-5 0 -1 9.59822e-6 0 -1 -4.6776e-6 0 -1 6.35646e-6 0 -1 3.47616e-6 0 -1 9.11584e-7 0 -1 -2.43862e-5 0 -1 3.01148e-6 0 -1 -1.22378e-6 0 -1 6.35647e-6 0 -1 -3.25149e-5 0 1 0 0 1 3.64842e-7 0 1 1.0277e-6 0 1 3.36513e-6 0 1 2.41572e-7 0 1 -5.12908e-7 0 1 2.64065e-7 0 1 -2.56456e-7 0 1 7.76984e-7 0 1 -5.76265e-6 0 1 5.21919e-6 0 1 -1.22042e-6 0 1 1.69219e-6 0 1 -1.99695e-6 0 1 1.24363e-6 0 1 4.70284e-7 0 1 4.20616e-6 0 1 8.1935e-7 0 1 6.61206e-7 0 1 1.32241e-6 0 1 -1.51208e-6 0 1 1.17701e-5 0 1 -2.03436e-6 0 1 -2.64777e-6 0 1 6.35646e-6 0 1 -1.19183e-5 0 1 -2.7193e-6 0 1 8.12873e-6 0 1 -3.01148e-6 0 1 -1.5891e-5 0 1 6.35647e-6 0 1 -1.61452e-6 0 1 -3.64842e-7 0 1 -1.0277e-6 0 1 -3.36513e-6 0 1 -2.41572e-7 0 1 5.12908e-7 0 1 -2.64065e-7 0 1 2.56456e-7 0 1 -7.76984e-7 0 1 5.76265e-6 0 1 -5.21919e-6 0 1 1.22042e-6 0 1 -1.69219e-6 0 1 1.99695e-6 0 1 -1.24363e-6 0 1 -4.70284e-7 0 1 2.01126e-6 0 1 -6.35646e-6 0 1 1.19183e-5 0 1 -8.12873e-6 0 1 3.01148e-6 0 1 1.5891e-5 0 1 -6.35647e-6 0 1 1.61452e-6 0 1 -1.2975e-6 0 1 -1.34629e-6 0 1 -2.77616e-6 0 1 2.77614e-6 0 1 -1.34629e-6 0 1 2.04249e-6 0 1 -1.21043e-6 0 1 -1.74879e-6 0 1 1.38722e-6 0 1 1.40755e-6 0 1 -2.28065e-6 0 1 6.98471e-6 0 1 -1.57075e-6 0 1 1.038e-6 0 1 6.10046e-7 0 1 -4.28096e-6 0 1 -7.1595e-6 0 1 5.96361e-6 0 1 -1.86086e-6 0 1 2.21864e-6 0 1 -2.63372e-7 0 1 -2.03436e-6 0 1 -5.17765e-7 0 1 -8.24614e-7 0 1 -1.32448e-6 0 1 2.35928e-6 0 1 1.6192e-6 0 1 2.09123e-6 0 1 -1.57075e-6 0 1 1.05309e-6 0 1 -3.43902e-6 0 1 1.66417e-6 0 1 -6.2779e-6 0 1 -1.92817e-6 0 1 -1.65445e-7 0 1 1.11755e-5 0 1 1.92875e-7 0 1 2.53316e-6 0 1 1.06599e-6 0 1 -2.76216e-6 0 1 5.00289e-6 0 1 -2.18163e-6 0 1 -5.70821e-6 0 1 1.59293e-6 0 1 -3.14682e-6 0 1 3.06312e-6 0 1 -3.17549e-6 0 1 1.32392e-6 0 1 9.01983e-7 0 1 3.58313e-6 0 1 -6.45093e-6 0 1 2.23386e-6 0 1 1.45933e-5 0 1 -1.0687e-5 0 1 2.58963e-6 0 1 2.28824e-6 0 1 -5.4288e-7 0 1 5.0055e-7 0 1 3.96556e-7 0 1 1.29804e-6 0 1 2.04607e-6 0 1 2.2271e-6 0 1 -3.8014e-6 0 1 -3.99859e-6 0 1 3.86138e-6 0 1 1.17701e-5 0 1 -3.35794e-6 0 1 -5.92374e-6 0 1 4.20616e-6 0 1 1.50893e-5 0 1 -3.05752e-6 0 1 2.09691e-6 0 1 1.05722e-6 0 1 -1.02661e-6 0 1 1.61774e-6 0 1 0 0 1 9.47357e-7 0 1 5.36331e-7 0 1 1.42299e-6 0 1 -8.86118e-7 0 1 -1.67726e-6 0 1 -1.18895e-6 0 1 -2.09691e-6 0 1 -1.05722e-6 0 1 1.02661e-6 0 1 -1.61774e-6 0 1 -9.47357e-7 0 1 -5.36331e-7 0 1 -1.42299e-6 0 1 8.86118e-7 0 1 1.67726e-6 0 1 1.18895e-6 0 1 8.37053e-6 0 1 5.19928e-7 0 1 -1.87247e-6 0 1 1.04632e-6 0 1 -9.3624e-7 0 1 -5.19928e-7 0 1 1.87247e-6 0 1 -1.04632e-6 0 1 9.3624e-7 0 1 -6.02295e-6 0 1 -6.18685e-6 0 1 -2.18851e-6 0 1 -8.80921e-6 0 1 2.88083e-6 0 1 8.21889e-6 0 1 -9.16566e-6 0 1 2.01902e-6 0 1 9.24626e-6 0 1 -1.39392e-6 0 1 -3.09343e-6 0 1 5.34177e-7 0 1 -5.12911e-7 0 1 4.83143e-7 0 1 5.12909e-7 0 1 -5.2813e-7 0 1 -7.76984e-7 0 1 2.88133e-6 0 1 -9.27855e-6 0 1 -4.83143e-7 0 1 2.7193e-6 0 1 1.48903e-6 0 1 -1.00951e-6 0 1 1.39392e-6 0 1 -9.24626e-6 0 1 8.80921e-6 0 1 2.18851e-6 0 1 3.09343e-6 0 1 6.18685e-6 0 1 -2.88083e-6 0 1 9.27857e-6 1 0 0 1 5.88361e-7 0 1 -1.73807e-6 0 1 -3.47063e-6 0 1 3.63388e-6 0 1 5.15666e-6 0 0 0 1 5.58262e-6 0 1 -0.6693454 0.7377083 0.08810871 -0.5522741 0.7702721 0.3188638 -0.6693454 -0.7377083 0.08810871 -0.5522741 -0.7702721 0.3188638 -0.3188638 -0.7702721 0.5522741 -0.3188638 0.7702721 0.5522741 -0.1584574 -0.7496209 0.6426194 0.2264827 0.3565249 0.9064192 -1 0 0 0.70814 0.003265559 0.7060647 0.70814 0.003265559 -0.7060647 0.7090573 0.01312333 0.7050288 0.7090573 0.01312333 -0.7050288 0.708692 0.02624672 0.7050297 0.708692 0.02624672 -0.7050297 0.7204039 0.1056572 0.6854596 0.7204039 0.1056572 -0.6854596 -0.7204039 0.1056572 0.6854596 -0.7204039 0.1056572 -0.6854596 -0.708692 0.02624672 0.7050297 -0.708692 0.02624672 -0.7050297 -0.7090573 0.01312333 0.7050288 -0.7090573 0.01312333 -0.7050288 -0.70814 0.003265559 0.7060647 -0.70814 0.003265559 -0.7060647 0 0 -1 -3.24354e-6 0 -1 6.02585e-7 0 -1 -2.17089e-5 0 -1 2.48075e-6 0 -1 2.41058e-6 0 -1 1.89171e-6 0 -1 -2.67648e-6 0 -1 -2.09799e-6 0 -1 7.9595e-6 0 -1 0 0 -1 -3.13321e-6 0 -1 1.37935e-6 0 -1 -6.89465e-7 0 -1 6.89465e-7 0 -1 7.12956e-7 0 -1 1.97547e-6 0 -1 -2.02248e-6 0 -1 -7.55156e-6 0 -1 2.44031e-6 0 -1 1.30982e-6 0 -1 -1.03005e-5 0 -1 -5.84604e-6 0 -1 1.16444e-6 0 -1 9.31557e-7 0 -1 -1.95031e-6 0 -1 1.00075e-6 0 -1 -1.37935e-6 0 -1 3.13321e-6 0 -1 0 0 -1 2.09799e-6 0 -1 2.67648e-6 0 -1 -1.18232e-6 0 -1 -2.41058e-6 0 -1 5.84604e-6 0 -1 -2.07011e-6 0 -1 1.129e-6 0 -1 1.86309e-6 0 -1 -1.59736e-6 0 -1 -9.74196e-7 0 -1 1.95031e-6 0 -1 -1.20517e-6 0 -1 3.37395e-6 0 -1 -6.3173e-7 0 -1 1.03005e-5 0 -1 -1.30982e-6 0 -1 -6.43965e-6 0 -1 1.521e-6 0 -1 2.83893e-6 0 -1 -3.30468e-6 0 -1 3.09721e-6 0 -1 -2.83893e-6 0 -1 2.99685e-6 0 -1 -1.521e-6 0 -1 6.43965e-6 0 -1 1.60228e-6 0 -1 -9.33766e-7 0 -1 1.96529e-6 0 -1 2.02248e-6 0 -1 -1.97547e-6 0 -1 2.14707e-6 0 -1 4.24775e-6 0 -1 -4.49975e-6 0 -1 2.41493e-6 0 -1 2.99688e-6 0 -1 -2.83881e-6 0 -1 3.54922e-6 0 -1 -1.92949e-6 0 -1 3.24354e-6 0 -1 7.18212e-7 0 -1 -5.99377e-6 0 -1 3.54853e-6 0 -1 2.17089e-5 0 -1 9.33766e-7 0 -1 0.08810871 0.6693454 -0.7377083 0.3188638 0.5522741 -0.7702721 0.08810871 0.6693454 0.7377083 0.3188638 0.5522741 0.7702721 0.5522741 0.3188638 -0.7702721 0.5522741 0.3188638 0.7702721 0.6693454 0.08810871 -0.7377083 0.6693454 0.08810871 0.7377083 -0.6693454 0.08810871 -0.7377083 -0.5522741 0.3188638 -0.7702721 -0.6693454 0.08810871 0.7377083 -0.5522741 0.3188638 0.7702721 -0.3188638 0.5522741 -0.7702721 -0.3188638 0.5522741 0.7702721 -0.08810871 0.6693454 -0.7377083 -0.08810871 0.6693454 0.7377083 -0.08810871 -0.6693454 -0.7377083 -0.3188659 -0.5523083 -0.7702468 -0.08810871 -0.6693454 0.7377083 -0.3188659 -0.5523083 0.7702468 -0.5522741 -0.3188638 -0.7702721 -0.5522741 -0.3188638 0.7702721 -0.6693454 -0.08810871 -0.7377083 -0.6693454 -0.08810871 0.7377083 0.6693454 -0.08810871 -0.7377083 0.5522741 -0.3188638 -0.7702721 0.6693454 -0.08810871 0.7377083 0.5522741 -0.3188638 0.7702721 0.3188659 -0.5523083 -0.7702468 0.3188585 -0.5522953 0.7702592 0.08810871 -0.6693454 -0.7377083 0.08810871 -0.6693454 0.7377083 -9.74196e-7 0 1 3.07354e-6 0 1 -1.53753e-6 0 1 7.75021e-7 0 1 -1.46152e-6 0 1 -1.4659e-6 0 1 5.19828e-6 0 1 -5.66764e-6 0 1 1.5079e-6 0 1 3.21245e-6 0 1 6.18796e-7 0 1 1.4659e-6 0 1 -1.89171e-6 0 1 1.47901e-5 0 1 3.73128e-7 0 1 -1.5666e-6 0 1 -6.89676e-7 0 1 -1.83966e-6 0 1 -1.97547e-6 0 1 -8.08991e-7 0 1 9.76122e-7 0 1 6.33982e-7 0 1 -9.38023e-7 0 1 -3.07354e-6 0 1 4.51598e-6 0 1 -1.70554e-6 0 1 -5.03756e-7 0 1 -1.00075e-6 0 1 2.45289e-6 0 1 6.89676e-7 0 1 1.5666e-6 0 1 -4.37545e-6 0 1 -3.73128e-7 0 1 -1.47901e-5 0 1 1.18232e-6 0 1 2.00151e-6 0 1 5.03756e-7 0 1 1.70554e-6 0 1 -6.18796e-7 0 1 -3.21245e-6 0 1 -1.49617e-6 0 1 2.40341e-6 0 1 -2.25252e-6 0 1 1.49617e-6 0 1 5.89734e-7 0 1 -1.5079e-6 0 1 6.43163e-7 0 1 -1.22079e-6 0 1 -4.66883e-7 0 1 8.08991e-7 0 1 1.97547e-6 0 1 -2.14707e-6 0 1 -1.88789e-6 0 1 -1.49992e-6 0 1 -1.793e-6 0 1 -7.86119e-7 0 1 -1.32139e-6 0 1 3.18423e-7 0 1 9.54549e-6 0 1 -5.19828e-6 0 1 -3.9306e-6 0 1 4.66883e-7 0 1 0.5522953 0.3188585 -0.7702592 -0.5522953 0.3188585 -0.7702592 -0.3188364 -0.5522795 -0.7702797 -0.3188638 -0.5522741 0.7702721 0.3188364 -0.5522795 -0.7702797 0.3188638 -0.5522741 0.7702721 -0.1713639 -0.272229 0.9468504 0 -0.3203632 0.9472948 0 -0.9082139 0.4185066 0.1713639 -0.272229 0.9468504 0.5330771 -0.7339842 0.4208278 0.2934104 -0.1376105 0.9460306 0.8621263 -0.2778434 0.4237233 0.3226143 0.04342824 0.9455337 0.8600955 0.2821816 0.4249815 0.2479346 0.2121666 0.9452586 0.5305856 0.733145 0.4254146 0.09268665 0.313218 0.9451475 -0.02090549 0.9080011 0.4184459 -0.1012936 0.2725986 0.956781 -0.2308178 0.2147646 0.9489991 -0.3226143 0.04342824 0.9455337 -0.8600955 0.2821816 0.4249815 -0.5019156 0.7907781 0.3503582 -0.8621263 -0.2778434 0.4237233 -0.2934104 -0.1376105 0.9460306 -0.5330702 -0.7339748 0.4208529 -0.365076 -0.5025059 -0.7837138 0 -0.6211305 -0.7837072 0.365076 -0.5025059 -0.7837138 0.5907325 -0.1919361 -0.7837064 0.5907183 0.1919316 -0.7837181 0.365076 0.5025059 -0.7837138 0 0.6211305 -0.7837072 -0.365076 0.5025059 -0.7837138 -0.5907325 0.1919361 -0.7837064 -0.5907325 -0.1919361 -0.7837064 0.5330702 -0.7339748 0.4208529 0.247906 0.2121682 0.9452657 -0.5330771 -0.7339842 0.4208278 0.5907325 0.1919361 -0.7837064 -0.5907183 0.1919316 -0.7837181 0.7243749 0.07132351 -0.685707 0.6893996 0.2855687 -0.6657167 0.7243749 0.07132351 0.685707 0.6894056 0.2855407 0.6657225 0.5276469 0.5276469 -0.6657159 0.5276469 0.5276469 0.6657159 0.2855687 0.6893996 -0.6657167 0.2855687 0.6893996 0.6657167 0.07132351 0.7243749 -0.685707 0.07132351 0.7243749 0.685707 -0.6885455 0.04922759 0.7235205 -0.6885455 0.04922759 -0.7235205 -0.6447498 0.1893109 0.7405803 -0.6447498 0.1893109 -0.7405803 -0.565288 0.3632773 -0.7405937 -0.565288 0.3632773 0.7405937 -0.4400301 0.5078444 -0.7405861 -0.4400547 0.5078375 0.7405761 -0.2791311 0.611244 -0.7405855 -0.2791311 0.611244 0.7405855 -0.0956164 0.6651339 -0.7405772 -0.0956164 0.6651339 0.7405772 0.0956164 0.6651339 -0.7405772 0.0956164 0.6651339 0.7405772 0.2791311 0.611244 -0.7405855 0.2791311 0.611244 0.7405855 0.4400301 0.5078444 -0.7405861 0.4400547 0.5078375 0.7405761 0.565288 0.3632773 -0.7405937 0.565288 0.3632773 0.7405937 0.6447498 0.1893109 -0.7405803 0.6447498 0.1893109 0.7405803 0.6885455 0.04922759 -0.7235205 0.6885455 0.04922759 0.7235205 -0.07132351 0.7243749 -0.685707 -0.2855687 0.6893996 -0.6657167 -0.07132351 0.7243749 0.685707 -0.2855687 0.6893996 0.6657167 -0.5276469 0.5276469 -0.6657159 -0.5276469 0.5276469 0.6657159 -0.6894056 0.2855407 -0.6657225 -0.6894056 0.2855407 0.6657225 -0.7243749 0.07132351 -0.685707 -0.7243749 0.07132351 0.685707 0.6757893 0.313525 -0.6670914 0.6757893 0.313525 0.6670914 0.5119276 0.5412259 -0.6670867 0.5119276 0.5412259 0.6670867 0.2754951 0.6921711 -0.6670845 0.2754951 0.6921711 0.6670845 0.06875896 0.7239379 -0.6864302 0.06875896 0.7239379 0.6864302 -0.06875896 0.7239379 -0.6864302 -0.2754951 0.6921711 -0.6670845 -0.06875896 0.7239379 0.6864302 -0.2754951 0.6921711 0.6670845 -0.5119276 0.5412259 -0.6670867 -0.5119276 0.5412259 0.6670867 -0.6757893 0.313525 -0.6670914 -0.6757893 0.313525 0.6670914 -0.2264827 0.3565249 0.9064192 0.3188638 0.7702721 0.5522741 0.1584574 -0.7496209 0.6426194 0.3188638 -0.7702721 0.5522741 0.5522741 -0.7702721 0.3188638 0.5522741 0.7702721 0.3188638 0.6693454 -0.7377083 0.08810871 0.6693454 0.7377083 0.08810871 -5.58262e-6 0 1 1.39563e-6 0 1 -1 5.88361e-7 0 -1 -1.73807e-6 0 -1 -3.47063e-6 0 -1 3.63388e-6 0 -1 5.15666e-6 0 -5.58262e-6 0 -1 0.6693454 0.7377083 -0.08810871 0.5522741 0.7702721 -0.3188638 0.6693454 -0.7377083 -0.08810871 0.5522741 -0.7702721 -0.3188638 0.3188638 -0.7702721 -0.5522741 0.3188638 0.7702721 -0.5522741 0.1584574 -0.7496209 -0.6426194 -0.2264827 0.3565249 -0.9064192 0.7087072 0.02624613 -0.7050144 -0.7203742 0.1056573 0.6854908 -6.02585e-7 0 1 2.17089e-5 0 1 -2.48075e-6 0 1 1.46762e-6 0 1 -2.00301e-5 0 1 8.18806e-6 0 1 -3.96689e-5 0 1 5.36556e-6 0 1 -8.59987e-7 0 1 -3.83418e-6 0 1 1.64115e-5 0 1 -7.10938e-7 0 1 7.56612e-7 0 1 6.6212e-6 0 1 -1.32804e-6 0 1 7.21787e-6 0 1 -1.91836e-6 0 1 6.20977e-6 0 1 -6.20977e-6 0 1 1.91836e-6 0 1 1.32804e-6 0 1 -6.6212e-6 0 1 -3.78305e-7 0 1 -6.066e-7 0 1 1.2437e-6 0 1 3.38508e-7 0 1 3.55469e-7 0 1 -8.20573e-6 0 1 1.91709e-6 0 1 -2.54383e-6 0 1 2.81962e-6 0 1 7.93399e-5 0 1 -1.25063e-6 0 1 7.33671e-7 0 1 -1.46762e-6 0 1 -1.06107e-6 0 1 2.74616e-6 0 1 1.20517e-6 0 1 -3.37395e-6 0 1 6.24542e-7 0 1 -7.1907e-7 0 1 -4.90546e-6 0 1 7.08684e-7 0 1 4.09655e-6 0 1 6.4592e-6 0 1 1.48158e-6 0 1 -7.18212e-7 0 1 2.48075e-6 0 1 -6.3383e-6 0 1 4.45407e-6 0 1 4.35022e-6 0 1 -7.67416e-6 0 1 -4.55426e-7 0 1 -6.6289e-6 0 1 3.83707e-6 0 1 2.29566e-7 0 1 1.07352e-6 0 1 -4.45407e-6 0 1 6.3383e-6 0 1 4.90546e-6 0 1 7.9017e-6 0 1 1.61475e-6 0 1 3.30468e-6 0 1 -3.09721e-6 0 1 8.19323e-6 0 1 -3.22959e-6 0 1 -3.24354e-6 0 1 4.71787e-6 0 1 -1.92949e-6 0 1 -3.47343e-5 0 1 -7.9017e-6 0 1 7.1907e-7 0 1 3.37395e-6 0 1 -2.74616e-6 0 1 9.56087e-6 0 1 -4.78043e-6 0 1 4.55426e-7 0 1 0.3188659 -0.5523083 0.7702468 -1.27192e-6 0 -1 -2.24696e-6 0 -1 9.58545e-7 0 -1 1.21623e-6 0 -1 -1.64115e-5 0 -1 -1.03135e-5 0 -1 7.10938e-7 0 -1 -1.35403e-6 0 -1 8.8987e-6 0 -1 -1.63846e-6 0 -1 -1.99206e-6 0 -1 1.98767e-6 0 -1 -1.98767e-6 0 -1 1.99206e-6 0 -1 1.63846e-6 0 -1 -4.44935e-6 0 -1 1.89153e-7 0 -1 8.4924e-6 0 -1 -1.49244e-6 0 -1 1.01552e-6 0 -1 -3.55469e-7 0 -1 -1.53413e-6 0 -1 8.20573e-6 0 -1 1.03136e-5 0 -1 -9.58545e-7 0 -1 2.24696e-6 0 -1 1.27192e-6 0 -1 -1.35326e-6 0 -1 4.00609e-5 0 -1 -8.18813e-6 0 -1 1.46762e-6 0 -1 1.06107e-6 0 -1 -8.63789e-6 0 -1 2.74616e-6 0 -1 1.20517e-6 0 -1 -5.35862e-6 0 -1 6.24542e-7 0 -1 9.58759e-7 0 -1 -1.63515e-6 0 -1 -1.5079e-6 0 -1 5.89734e-7 0 -1 -6.02585e-7 0 -1 -1.73671e-5 0 -1 3.10093e-6 0 -1 -1.46762e-6 0 -1 -1.6307e-6 0 -1 1.47061e-6 0 -1 -5.36556e-6 0 -1 1.9001e-6 0 -1 -1.41739e-6 0 -1 -6.45895e-6 0 -1 3.54342e-6 0 -1 1.97543e-6 0 -1 -9.58759e-7 0 -1 5.35862e-6 0 -1 9.22171e-7 0 -1 -5.92632e-6 0 -1 1.5079e-6 0 -1 -4.61086e-7 0 -1 9.57616e-7 0 -1 7.90177e-6 0 -1 -1.9001e-6 0 -1 1.5385e-6 0 -1 -2.40341e-6 0 -1 2.25252e-6 0 -1 -1.31324e-6 0 -1 4.84424e-6 0 -1 -5.66945e-6 0 -1 -1.97958e-6 0 -1 -6.11395e-6 0 -1 1.24292e-6 0 -1 1.0649e-6 0 -1 1.36628e-6 0 -1 -1.4389e-6 0 -1 2.29566e-7 0 -1 -1.07352e-6 0 -1 6.11395e-6 0 -1 1.97958e-6 0 -1 1.63515e-6 0 -1 1.73671e-5 0 -1 -4.78043e-6 0 -1 -1.36628e-6 0 -1 -1.0649e-6 0 -1 3.53356e-6 0 -1 -9.70563e-6 0 -1 -2.74616e-6 0 -1 8.63789e-6 0 -1 0.3188638 -0.5522741 -0.7702721 0.5522953 -0.3188585 0.7702592 -0.5522953 -0.3188585 0.7702592 -0.3188638 -0.5522741 -0.7702721 -0.5522953 0.3188585 0.7702592 0.5522953 0.3188585 0.7702592 0.365076 0.5025059 0.7837138 0 0.6211305 0.7837072 -0.365076 0.5025059 0.7837138 -0.5907325 0.1919361 0.7837064 -0.5907325 -0.1919361 0.7837064 -0.365076 -0.5025059 0.7837138 0 -0.6211305 0.7837072 0.365076 -0.5025059 0.7837138 0.5907325 -0.1919361 0.7837064 0.5906985 0.191935 0.7837323 -0.5907183 0.1919316 0.7837181 0.5907325 0.1919361 0.7837064 0.4400301 0.5078444 0.7405861 -0.4400301 0.5078444 0.7405861 -0.6893996 0.2855687 -0.6657167 0.2264827 0.3565249 -0.9064192 -0.3188638 0.7702721 -0.5522741 -0.1584574 -0.7496209 -0.6426194 -0.3188638 -0.7702721 -0.5522741 -0.5522741 -0.7702721 -0.3188638 -0.5522741 0.7702721 -0.3188638 -0.6693454 -0.7377083 -0.08810871 -0.6693454 0.7377083 -0.08810871 5.58262e-6 0 -1 -1.39563e-6 0 -1 0.685707 0.7243749 -0.07132351 0.6657167 0.6893996 -0.2855687 -0.685707 0.7243749 -0.07132351 -0.6657167 0.6893996 -0.2855687 0.6657159 0.5276469 -0.5276469 -0.6657159 0.5276469 -0.5276469 0.6657225 0.2855407 -0.6894056 -0.6657225 0.2855407 -0.6894056 0.685707 0.07132351 -0.7243749 -0.685707 0.07132351 -0.7243749 0.685707 0.07132351 0.7243749 0.6657225 0.2855407 0.6894056 -0.685707 0.07132351 0.7243749 -0.6657167 0.2855687 0.6893996 0.6657159 0.5276469 0.5276469 -0.6657159 0.5276469 0.5276469 0.6657167 0.6893996 0.2855687 -0.6657167 0.6893996 0.2855687 0.685707 0.7243749 0.07132351 -0.685707 0.7243749 0.07132351 -1 -2.57663e-6 0 -1 8.01389e-7 0 -1 -3.06321e-6 0 -1 3.86782e-6 0 -1 3.47063e-6 0 -1 -5.15776e-6 0 -0.7243749 -0.07132351 -0.685707 -0.6894056 -0.2855407 -0.6657225 -0.7243749 -0.07132351 0.685707 -0.6894056 -0.2855407 0.6657225 -0.5276469 -0.5276469 -0.6657159 -0.5276469 -0.5276469 0.6657159 -0.2855407 -0.6894056 0.6657225 -0.2855407 -0.6894056 -0.6657225 -0.7889085 -0.611076 -0.06488275 -0.7889085 -0.611076 0.06488275 -0.7071526 0 -0.707061 -0.7071526 0 0.707061 0 -1 -9.59822e-6 0 -1 8.5904e-6 0 -1 -7.65264e-7 0 -1 -7.70351e-6 0 -1 3.37561e-6 0 -1 1.16021e-5 0 -1 -1.44661e-6 0 -1 1.74881e-6 0 -1 -6.74112e-7 0 -1 -1.35217e-6 0 -1 1.38512e-6 0 -1 1.38033e-6 0 -1 -1.40532e-5 0 -1 3.25149e-5 0 -1 5.69817e-6 0 -1 -9.11584e-7 0 -1 -5.69581e-6 0 -1 -3.85176e-6 0 -1 5.15874e-6 0 -1 -8.0985e-6 0 -1 -2.81458e-6 0 -1 1.45026e-5 0 -1 -4.77496e-6 0 -1 -3.61925e-6 0 -1 6.54006e-7 -0.685707 -0.07132351 0.7243749 -0.6657225 -0.2855407 0.6894056 0.685707 -0.07132351 0.7243749 0.6657225 -0.2855407 0.6894056 -0.6657159 -0.5276469 0.5276469 0.6657159 -0.5276469 0.5276469 0.6657225 -0.6894056 0.2855407 -0.6657225 -0.6894056 0.2855407 -0.6857055 -0.7243734 0.07135385 0.6857055 -0.7243734 0.07135385 0.7243749 -0.07132351 0.685707 0.6894056 -0.2855407 0.6657225 0.7243749 -0.07132351 -0.685707 0.6894056 -0.2855407 -0.6657225 0.5276469 -0.5276469 0.6657159 0.5276469 -0.5276469 -0.6657159 0.2855407 -0.6894056 -0.6657225 0.2855407 -0.6894056 0.6657225 0.7889085 -0.611076 0.06488275 0.7889085 -0.611076 -0.06488275 0.7071526 0 0.707061 0.7071526 0 -0.707061 1 -2.57663e-6 0 1 8.01389e-7 0 1 -3.06321e-6 0 1 3.86782e-6 0 1 3.47063e-6 0 1 -5.15776e-6 0 -0.6657225 0.2855407 0.6894056 0.6657167 0.2855687 -0.6893996 -0.6857055 -0.7243734 -0.07135385 -0.6657225 -0.6894056 -0.2855407 0.6857055 -0.7243734 -0.07135385 0.6657225 -0.6894056 -0.2855407 -0.6657159 -0.5276469 -0.5276469 0.6657159 -0.5276469 -0.5276469 0.6657225 -0.2855407 -0.6894056 -0.6657225 -0.2855407 -0.6894056 -0.685707 -0.07132351 -0.7243749 0.685707 -0.07132351 -0.7243749 0.9643089 -0.01498478 0.2643556 0.9236931 -0.3745923 0.0804485 0.9998353 -0.01266539 -0.01300108 0.9048759 -0.3786568 -0.1944709 0.9573837 -0.008972585 -0.28868 0.8056098 -0.3827998 -0.4521694 0.839608 -0.004181087 -0.543177 0.6341606 -0.386527 -0.6696546 0.6556233 0.001403868 -0.7550869 0.4052035 -0.3891808 -0.8272536 0.4200335 0.006744682 -0.9074836 0.1387087 -0.3899714 -0.9103199 0.151647 0.01074254 -0.9883763 -0.1387087 -0.3899714 -0.9103199 -0.1260135 0.01376408 -0.9919331 -0.3978122 0.01565611 -0.9173334 -0.4052035 -0.3891808 -0.8272536 -0.6394039 0.01559519 -0.768713 -0.6341606 -0.386527 -0.6696546 -0.8305509 0.01416093 -0.5567627 -0.8056098 -0.3827998 -0.4521694 -0.9545151 0.01184135 -0.2979274 -0.9048759 -0.3786568 -0.1944709 -0.9998713 0.008972644 -0.01330637 -0.9236931 -0.3745923 0.0804485 -0.9619372 0.005829155 0.2732086 -0.8608264 -0.3709312 0.3484079 -0.8433583 0.002502501 0.5373457 -0.7220872 -0.3678799 0.5858794 -0.6538748 -8.2402e-4 0.7566025 -0.5197979 -0.3656165 0.7720977 -0.4095386 -0.004181087 0.9122832 -0.2718335 -0.3642147 0.8907605 -0.1312025 -0.007416188 0.9913279 0 -0.3637537 0.9314952 0.1573878 -0.01046806 0.9874814 0.2718335 -0.3642147 0.8907605 0.4319618 -0.013062 0.9017974 0.5197979 -0.3656165 0.7720977 0.6697438 -0.01501542 0.7424405 0.7220872 -0.3678799 0.5858794 0.8517531 -0.01580876 0.523705 0.8608264 -0.3709312 0.3484079 -0.1007743 0.7366109 0.6687667 0.1007743 0.7366109 0.6687667 0.2934409 0.7366086 0.6093441 0.4600198 0.7366178 0.4957582 0.5856996 0.7366185 0.3381559 0.6593645 0.7366082 0.1504895 0.6744188 0.7366174 -0.0505402 0.6295564 0.7366189 -0.2470859 0.5287492 0.736617 -0.421687 0.3809712 0.7366114 -0.5588065 0.1993213 0.7366129 -0.6462759 0 0.7366168 -0.6763104 -0.1993213 0.7366129 -0.6462759 -0.3809712 0.7366114 -0.5588065 -0.5287492 0.736617 -0.421687 -0.6295564 0.7366189 -0.2470859 -0.6744188 0.7366174 -0.0505402 -0.6593645 0.7366082 0.1504895 -0.5856996 0.7366185 0.3381559 -0.4600129 0.7366066 0.4957812 -0.2934409 0.7366086 0.6093441 -0.4256798 0.3405926 -0.8383278 0 0.3405053 -0.9402427 0 -0.4186924 -0.9081282 0.4256798 0.3405926 -0.8383278 0.4898018 -0.4214084 -0.7632229 0.7681587 0.3412004 -0.5417701 0.8242814 -0.4236615 -0.3755945 0.9329327 0.3410488 -0.1154225 0.8965227 -0.4239377 0.1285455 0.876719 0.3411412 0.3390965 0.6852188 -0.4229361 0.592959 0.6145033 0.3410821 0.7113711 0.2530313 -0.4186263 0.8721967 0.2133609 0.339467 0.9161001 -0.2133609 0.339467 0.9161001 -0.2530313 -0.4186263 0.8721967 -0.6145033 0.3410821 0.7113711 -0.6852188 -0.4229361 0.592959 -0.876719 0.3411412 0.3390965 -0.8965227 -0.4239377 0.1285455 -0.9329327 0.3410488 -0.1154225 -0.8242814 -0.4236615 -0.3755945 -0.7681461 0.3412083 -0.5417827 -0.4898018 -0.4214084 -0.7632229 -0.3407505 0.7763556 -0.5302462 0 0.7763436 -0.63031 0.3407505 0.7763556 -0.5302462 0.5733399 0.7763558 -0.261827 0.6238802 0.7763558 0.08969688 0.4763498 0.7763574 0.412747 0.1775618 0.7763521 0.6047722 -0.1775618 0.7763521 0.6047722 -0.4763498 0.7763574 0.412747 -0.6238802 0.7763558 0.08969688 -0.5733399 0.7763558 -0.261827 0.8383278 0.3405926 -0.4256798 0.9402427 0.3405053 0 0.9081282 -0.4186924 0 0.8383278 0.3405926 0.4256798 0.7632229 -0.4214084 0.4898018 0.5417827 0.3412083 0.7681461 0.3756039 -0.4236722 0.8242716 0.1154225 0.3410488 0.9329327 -0.1285455 -0.4239377 0.8965227 -0.3390965 0.3411412 0.876719 -0.5929715 -0.422945 0.6852026 -0.7113844 0.3410885 0.6144843 -0.8721967 -0.4186263 0.2530313 -0.9161001 0.339467 0.2133609 -0.9161001 0.339467 -0.2133609 -0.8721967 -0.4186263 -0.2530313 -0.7113711 0.3410821 -0.6145033 -0.592959 -0.4229361 -0.6852188 -0.3391 0.3411143 -0.8767281 -0.1285455 -0.4239377 -0.8965227 0.1154225 0.3410488 -0.9329327 0.3755945 -0.4236615 -0.8242814 0.5417827 0.3412083 -0.7681461 0.7632229 -0.4214084 -0.4898018 0.5302462 0.7763556 -0.3407505 0.63031 0.7763436 0 0.5302462 0.7763556 0.3407505 0.261827 0.7763558 0.5733399 -0.08969688 0.7763556 0.6238801 -0.412747 0.7763574 0.4763498 -0.6047722 0.7763521 0.1775618 -0.6047722 0.7763521 -0.1775618 -0.412747 0.7763574 -0.4763498 -0.08969688 0.7763556 -0.6238801 0.261827 0.7763558 -0.5733399 0.4256798 0.3405926 0.8383278 0 0.3405053 0.9402427 0 -0.4186924 0.9081282 -0.4256798 0.3405926 0.8383278 -0.4898018 -0.4214084 0.7632229 -0.7681587 0.3412004 0.5417701 -0.8242814 -0.4236615 0.3755945 -0.9329327 0.3410488 0.1154225 -0.8965227 -0.4239377 -0.1285455 -0.876719 0.3411412 -0.3390965 -0.6852188 -0.4229361 -0.592959 -0.6145033 0.3410821 -0.7113711 -0.2530313 -0.4186263 -0.8721967 -0.2133609 0.339467 -0.9161001 0.2133609 0.339467 -0.9161001 0.2530313 -0.4186263 -0.8721967 0.6145033 0.3410821 -0.7113711 0.6852188 -0.4229361 -0.592959 0.876719 0.3411412 -0.3390965 0.8965227 -0.4239377 -0.1285455 0.9329327 0.3410488 0.1154225 0.8242814 -0.4236615 0.3755945 0.7681461 0.3412083 0.5417827 0.4898018 -0.4214084 0.7632229 0.3407505 0.7763556 0.5302462 0 0.7763436 0.63031 -0.3407505 0.7763556 0.5302462 -0.5733399 0.7763558 0.261827 -0.6238802 0.7763558 -0.08969688 -0.4763498 0.7763574 -0.412747 -0.1775618 0.7763521 -0.6047722 0.1775618 0.7763521 -0.6047722 0.4763498 0.7763574 -0.412747 0.6238802 0.7763558 -0.08969688 0.5733399 0.7763558 0.261827 -0.8383278 0.3405926 0.4256798 -0.9402427 0.3405053 0 -0.9081282 -0.4186924 0 -0.8383278 0.3405926 -0.4256798 -0.7632229 -0.4214084 -0.4898018 -0.5417827 0.3412083 -0.7681461 -0.3756039 -0.4236722 -0.8242716 -0.1154225 0.3410488 -0.9329327 0.1285455 -0.4239377 -0.8965227 0.3390965 0.3411412 -0.876719 0.5929715 -0.422945 -0.6852026 0.7113844 0.3410885 -0.6144843 0.8721967 -0.4186263 -0.2530313 0.9161001 0.339467 -0.2133609 0.9161001 0.339467 0.2133609 0.8721967 -0.4186263 0.2530313 0.7113711 0.3410821 0.6145033 0.592959 -0.4229361 0.6852188 0.3391 0.3411143 0.8767281 0.1285455 -0.4239377 0.8965227 -0.1154225 0.3410488 0.9329327 -0.3755945 -0.4236615 0.8242814 -0.5417827 0.3412083 0.7681461 -0.7632229 -0.4214084 0.4898018 -0.5302462 0.7763556 0.3407505 -0.63031 0.7763436 0 -0.5302462 0.7763556 -0.3407505 -0.261827 0.7763558 -0.5733399 0.08969688 0.7763556 -0.6238801 0.412747 0.7763574 -0.4763498 0.6047722 0.7763521 -0.1775618 0.6047722 0.7763521 0.1775618 0.412747 0.7763574 0.4763498 0.08969688 0.7763556 0.6238801 -0.261827 0.7763558 0.5733399 0 0.7702662 -0.6377227 0 -0.7702662 -0.6377227 0.6377227 0.7702662 0 0.6377227 -0.7702662 0 0 0.7702662 0.6377227 0 -0.7702662 0.6377227 -0.6377227 0.7702662 0 -0.6377227 -0.7702662 0 0.5522817 -0.7702523 -0.3188987 -0.3188659 -0.7702468 0.5523083 -0.5522795 -0.7702797 0.3188364 -0.5522817 -0.7702523 0.3188987 0.3188659 -0.7702468 -0.5523083 0 -0.7702538 0.6377376 0 -0.7702538 -0.6377376 -0.06698942 -0.7298646 0.6803016 -0.2514791 -0.7537658 0.6071206 -0.06699091 0.7298504 0.6803167 -0.2514791 0.7537658 0.6071206 -0.4646625 -0.7537756 0.4646625 -0.4646625 0.7537756 0.4646625 -0.6071206 0.7537658 0.2514791 -0.6071206 -0.7537658 0.2514791 -0.6803167 -0.7298504 0.06699091 -0.6803167 0.7298504 0.06699091 0.6803167 -0.7298504 0.06699091 0.6071206 -0.7537658 0.2514791 0.6803167 0.7298504 0.06699091 0.6071206 0.7537658 0.2514791 0.4646625 -0.7537756 0.4646625 0.4646625 0.7537756 0.4646625 0.2514791 0.7537658 0.6071206 0.2514791 -0.7537658 0.6071206 0.06699091 -0.7298504 0.6803167 0.06699091 0.7298504 0.6803167 0.0649147 0.6110895 -0.7888954 0.2514791 -0.7537658 -0.6071206 0.06699091 0.7298504 -0.6803167 0.2514791 0.7537658 -0.6071206 0.4646625 -0.7537756 -0.4646625 0.4646625 0.7537756 -0.4646625 0.6071206 0.7537658 -0.2514791 0.6071206 -0.7537658 -0.2514791 0.6803167 -0.7298504 -0.06699091 0.6803167 0.7298504 -0.06699091 -0.6803167 -0.7298504 -0.06699091 -0.6071206 -0.7537658 -0.2514791 -0.6803167 0.7298504 -0.06699091 -0.6071206 0.7537658 -0.2514791 -0.4646625 -0.7537756 -0.4646625 -0.4646625 0.7537756 -0.4646625 -0.2514791 0.7537658 -0.6071206 -0.2514791 -0.7537658 -0.6071206 -0.0648843 0.6110906 -0.7888969 -0.06699091 0.7298504 -0.6803167 -0.0649147 0.6110895 0.7888954 -0.06699091 -0.7298504 -0.6803167 0.06698942 -0.7298646 -0.6803016 0.0648843 0.6110906 0.7888969 -0.3407505 -0.5302462 -0.7763556 0 -0.6302916 0.7763585 0 -0.6302916 -0.7763585 0.3407775 -0.5302407 0.7763476 0.3407505 -0.5302462 -0.7763556 0.5733399 -0.261827 0.7763558 0.5733399 -0.261827 -0.7763558 0.6238802 0.08969688 0.7763558 0.6238802 0.08969688 -0.7763558 0.4763498 0.412747 0.7763574 0.4763498 0.412747 -0.7763574 0.1775618 0.6047722 0.7763521 0.1775618 0.6047722 -0.7763521 -0.1775618 0.6047722 0.7763521 -0.1775618 0.6047722 -0.7763521 -0.4763498 0.412747 0.7763574 -0.4763498 0.412747 -0.7763574 -0.6238802 0.08969688 0.7763558 -0.6238802 0.08969688 -0.7763558 -0.5733399 -0.261827 0.7763558 -0.5733399 -0.261827 -0.7763558 -0.3407505 -0.5302462 0.7763556 -0.3407505 0.5302462 0.7763556 -0.3407505 0.5302462 -0.7763556 0 0.63031 0.7763436 0 0.63031 -0.7763436 0.3407505 0.5302462 0.7763556 0.3407505 0.5302462 -0.7763556 0.5733399 0.261827 0.7763558 0.5733399 0.261827 -0.7763558 0.6238802 -0.08969688 0.7763558 0.6238802 -0.08969688 -0.7763558 0.4763439 -0.4127724 0.7763477 0.4763439 -0.4127724 -0.7763477 0.1775618 -0.6047722 0.7763521 0.1775618 -0.6047722 -0.7763521 -0.1775618 -0.6047722 0.7763521 -0.1775618 -0.6047722 -0.7763521 -0.4763439 -0.4127724 0.7763477 -0.4763439 -0.4127724 -0.7763477 -0.6238802 -0.08969688 0.7763558 -0.6238802 -0.08969688 -0.7763558 -0.5733399 0.261827 0.7763558 -0.5733399 0.261827 -0.7763558 0 -0.63031 0.7763436 0 -0.63031 -0.7763436 0.3407505 -0.5302462 0.7763556 0 0.6302916 0.7763585 0 0.6302916 -0.7763585 0.3407775 0.5302407 0.7763476 0.4763498 -0.412747 0.7763574 -0.4763498 -0.412747 0.7763574 -0.4763498 -0.412747 -0.7763574 0.4763498 -0.412747 -0.7763574 -0.3407775 0.5302407 0.7763476 0.3407775 -0.5302407 -0.7763476 -0.3407775 -0.5302407 0.7763476 0 1 -6.52482e-6 0 1 6.52486e-6 0 1 2.86896e-5 0 1 2.73614e-5 0 1 -1.33061e-5 0 1 8.47235e-6 0 1 -4.23618e-6 0 1 1.8136e-5 0 1 -4.32334e-5 0 1 -1.15614e-5 0 1 2.4166e-5 0 1 -7.18726e-6 0 1 1.32535e-5 0 1 -1.30498e-5 0 1 1.32538e-5 0 1 5.73781e-5 0 1 -7.69531e-6 0 1 -2.41663e-5 0 1 -1.54151e-5 0 1 4.23618e-6 0 1 6.52482e-6 0 1 -6.52486e-6 0 1 -2.86896e-5 0 1 -2.73614e-5 0 1 1.33061e-5 0 1 -1.08085e-5 0 1 -8.47235e-6 0 1 -4.29892e-7 0 1 5.99891e-7 0 1 -9.75719e-7 0 1 5.83946e-7 0 1 8.45104e-7 0 1 -5.39291e-6 0 1 -2.20231e-6 0 1 -5.13683e-7 0 1 1.39393e-6 0 1 -1.39393e-6 0 1 5.13683e-7 0 1 2.20231e-6 0 1 -4.37702e-6 0 1 -2.91973e-7 0 1 5.39291e-6 0 1 1.1542e-5 0 1 -5.99892e-7 0 1 4.29892e-7 0 1 5.01374e-6 0 1 5.08043e-6 0 1 -1.88217e-6 0 1 -1.00275e-5 0 1 1.88217e-6 0 1 3.22903e-6 0 1 -1.1542e-5 0 1 -1.92588e-6 0 1 -7.25127e-7 0 1 4.77496e-6 0 1 -1.99864e-6 0 1 6.45811e-6 0 1 -1.70874e-6 0 1 -2.76066e-6 0 1 1.92588e-6 0 1 -4.48687e-6 0 1 2.76066e-6 0 1 1.70874e-6 0 1 -6.45811e-6 0 1 1.99864e-6 0 1 -4.77496e-6 0 1 -1.26585e-6 0 1 -8.59786e-7 0 1 -5.99891e-7 0 -1 4.3781e-6 0 -1 -8.90676e-6 0 -1 2.24344e-6 0 -1 1.27346e-6 0 -1 -5.12908e-7 0 -1 8.45007e-6 0 -1 -7.92195e-6 0 -1 7.76984e-7 0 -1 -1.15982e-6 0 -1 -5.99084e-6 0 -1 5.68516e-6 0 -1 9.32272e-7 0 -1 -1.26008e-6 0 -1 2.00413e-6 0 -1 -2.00413e-6 0 -1 2.72573e-6 0 -1 -2.71248e-6 0 -1 -2.64777e-6 0 -1 1.03094e-6 0 -1 1.98638e-6 0 -1 2.50687e-6 0 -1 4.06435e-6 0 -1 2.44756e-6 0 -1 1.50574e-6 0 -1 3.22903e-6 0 -1 -5.07847e-6 0 -1 -4.3781e-6 0 -1 8.90676e-6 0 -1 -2.24344e-6 0 -1 -1.27346e-6 0 -1 5.12908e-7 0 -1 -8.45007e-6 0 -1 7.92195e-6 0 -1 -7.76984e-7 0 -1 1.15982e-6 0 -1 5.99084e-6 0 -1 -5.68516e-6 0 -1 -9.32272e-7 0 -1 1.26008e-6 0 -1 -1.98638e-6 0 -1 -2.50687e-6 0 -1 -4.06435e-6 0 -1 -2.44756e-6 0 -1 -1.50574e-6 0 -1 -3.22903e-6 0 -1 5.07847e-6 0 -1 9.92483e-6 0 -1 3.5852e-6 0 -1 -3.54265e-6 0 -1 6.42534e-6 0 -1 -1.44488e-6 0 -1 2.63335e-7 0 -1 -8.65545e-6 0 -1 1.07704e-5 0 -1 6.24636e-6 0 -1 -6.24632e-6 0 -1 -1.07703e-5 0 -1 8.6555e-6 0 -1 -1.63397e-5 0 -1 -1.93671e-5 0 -1 -9.0618e-6 0 -1 5.63022e-6 0 -1 9.06174e-6 0 -1 6.61782e-7 0 -1 4.93051e-6 0 -1 -1.22009e-6 0 -1 9.82033e-6 0 -1 -2.25607e-6 0 -1 -4.28096e-6 0 -1 3.57975e-6 0 -1 -5.11971e-6 0 -1 9.34283e-6 0 -1 -2.47728e-6 0 -1 -6.90396e-6 0 -1 5.1374e-6 0 -1 -8.87455e-6 0 -1 -1.10345e-5 0 -1 3.99918e-6 0 -1 2.84796e-6 0 -1 -2.23468e-6 0 -1 1.1569e-5 0 -1 -1.65507e-6 0 -1 1.65507e-6 0 -1 -3.29846e-6 0 -1 2.38567e-6 0 -1 -1.6192e-6 0 -1 -4.18245e-6 0 -1 -5.33224e-6 0 -1 1.10345e-5 0 -1 -8.30402e-6 0 -1 4.21234e-6 0 -1 5.11971e-6 0 -1 -4.67141e-6 0 -1 4.95457e-6 0 -1 2.29721e-6 0 -1 1.44488e-6 0 -1 -1.28507e-5 0 -1 3.08601e-6 0 -1 -4.11638e-6 0 -1 -4.67851e-6 0 -1 -2.13198e-6 0 -1 -5.00289e-6 0 -1 2.48386e-6 0 -1 5.7082e-6 0 -1 -1.22525e-5 0 -1 4.08998e-6 0 -1 -1.69331e-6 0 -1 6.78109e-6 0 -1 -1.03094e-6 0 -1 2.64777e-6 0 -1 -5.7082e-6 0 -1 -6.45095e-6 0 -1 -4.42479e-6 0 -1 5.17927e-6 0 -1 -1.11069e-5 0 -1 4.61454e-6 0 -1 -4.61452e-6 0 -1 1.55677e-5 0 -1 1.26896e-5 0 -1 -9.74086e-6 0 -1 9.74093e-6 0 -1 4.15379e-5 0 -1 -4.29794e-5 0 -1 4.91052e-5 0 -1 -1.16758e-5 0 -1 6.2476e-6 0 -1 6.08678e-6 0 -1 -4.4542e-6 0 -1 7.60281e-6 0 -1 -5.99789e-6 0 -1 7.72275e-6 0 -1 -1.36287e-6 0 -1 1.91761e-6 0 -1 -1.91761e-6 0 -1 -7.54465e-6 0 -1 4.96847e-6 0 -1 2.88175e-6 0 -1 -5.59307e-6 0 -1 8.38762e-6 0 -1 -1.70535e-6 0 -1 -8.45774e-6 0 -1 3.23551e-5 0 -1 7.13711e-6 0 -1 -3.69103e-6 0 -1 2.14533e-6 0 -1 -1.59188e-6 0 -1 2.31236e-6 0 -1 -8.38629e-7 0 -1 2.3779e-6 0 -1 5.59307e-6 0 -1 -8.38762e-6 0 -1 1.70535e-6 0 -1 8.45774e-6 0 -1 -3.23551e-5 0 -1 -7.13711e-6 0 -1 -2.14533e-6 0 -1 1.59188e-6 0 -1 -2.31236e-6 0 -1 8.38629e-7 0 -1 -2.3779e-6 0 -1 -2.97743e-5 0 -1 3.74367e-6 0 -1 2.97743e-5 0 -1 -3.74367e-6 0 -1 -1.09425e-6 0 -1 -1.44041e-6 0 -1 -4.58282e-6 0 -1 4.58282e-6 0 -1 -5.13683e-7 0 -1 -1.39393e-6 0 -1 -4.40463e-6 0 -1 1.09425e-6 0 -1 1.54671e-6 0 -1 1.0805e-5 0 -1 4.83143e-7 0 -1 7.92194e-6 0 -1 -8.45008e-6 0 -1 5.1291e-7 0 -1 -1.0805e-5 0 -1 -4.83143e-7 0 -1 5.13683e-7 0 -1 1.39393e-6 0 -1 4.40463e-6 0 -1 -1.54671e-6 0 -1 1.44041e-6 0 -1 4.89511e-6 0.08810871 -0.7377083 -0.6693454 0.08810871 0.7377083 -0.6693454 0.6426225 0.7496246 -0.1584277 0.9064192 -0.3565249 0.2264827 2.79129e-6 0 -1 0.7060647 -0.003265559 0.70814 -0.7060647 -0.003265559 0.70814 0.7050288 -0.01312333 0.7090573 -0.7050288 -0.01312333 0.7090573 0.7050297 -0.02624672 0.708692 -0.7050291 -0.02627718 0.7086914 0.6854596 -0.1056572 0.7204039 -0.6854596 -0.1056572 0.7204039 0.6854596 -0.1056572 -0.7204039 -0.6854596 -0.1056572 -0.7204039 0.7050297 -0.02624672 -0.708692 -0.7050291 -0.02627718 -0.7086914 0.7050288 -0.01312333 -0.7090573 -0.7050288 -0.01312333 -0.7090573 0.7060647 -0.003265559 -0.70814 -0.7060647 -0.003265559 -0.70814 -1 -1.94215e-7 0 -1 -4.5236e-6 0 -1 8.84619e-7 0 -1 4.82132e-6 0 -1 9.45854e-7 0 -1 -6.69109e-7 0 -1 9.96133e-7 0 -1 -5.24501e-7 0 -1 -7.46252e-7 0 -1 -1.17493e-6 0 -1 2.78709e-6 0 -1 -6.8968e-7 0 -1 -1.22644e-6 0 -1 1.78238e-7 0 -1 -2.70608e-6 0 -1 1.37893e-6 0 -1 -1.73227e-7 0 -1 -1.35304e-6 0 -1 4.29412e-6 0 -1 -1.9755e-6 0 -1 0 0 -1 4.04498e-7 0 -1 -1.88788e-6 0 -1 1.46417e-6 0 -1 7.92367e-7 0 -1 -1.28436e-5 0 -1 3.8751e-6 0 -1 -1.86311e-6 0 -1 -2.14631e-6 0 -1 -1.36444e-6 0 -1 1.2315e-6 0 -1 2.18773e-6 0 -1 1.98988e-6 0 -1 9.45853e-7 0 -1 -2.84639e-6 0 -1 -2.26755e-5 0 -1 3.10008e-6 0 -1 1.129e-6 0 -1 -1.86311e-6 0 -1 2.12984e-6 0 -1 9.74204e-7 0 -1 -1.57933e-7 0 -1 1.32091e-6 0 -1 -1.57933e-7 0 -1 -6.43973e-6 0 -1 1.52105e-6 0 -1 2.12916e-6 0 -1 6.0693e-6 0 -1 -3.68498e-6 0 -1 4.29412e-6 0 -1 -1.41591e-6 0 -1 1.95223e-6 0 -1 -1.49992e-6 0 -1 3.21988e-6 0 -1 7.49215e-7 0 -1 6.43162e-7 0 -1 -6.03146e-6 0 -1 1.06818e-6 0 -1 -2.30543e-7 0 -1 -2.39402e-7 0 -1 6.43975e-6 0 -1 -1.52105e-6 0 -1 -2.12917e-6 0 -1 -3.93065e-6 0 -1 -7.01434e-6 0 -0.7377083 -0.6693454 0.08810871 -0.7702721 -0.5522741 0.3188638 0.7377083 -0.6693454 0.08810871 0.7702721 -0.5522741 0.3188638 -0.7702721 -0.3188638 0.5522741 0.7702721 -0.3188638 0.5522741 -0.7377083 -0.08810871 0.6693454 0.7377083 -0.08810871 0.6693454 -0.7377083 -0.08810871 -0.6693454 -0.7702721 -0.3188638 -0.5522741 0.7377083 -0.08810871 -0.6693454 0.7702721 -0.3188638 -0.5522741 -0.7702721 -0.5522741 -0.3188638 0.7702721 -0.5522741 -0.3188638 -0.7377083 -0.6693454 -0.08810871 0.7377083 -0.6693454 -0.08810871 -0.7377083 0.6693454 -0.08810871 -0.7702721 0.5522741 -0.3188638 0.7377083 0.6693454 -0.08810871 0.7702721 0.5522741 -0.3188638 -0.7702721 0.3188638 -0.5522741 0.7702721 0.3188638 -0.5522741 -0.7377083 0.08810871 -0.6693454 0.7377083 0.08810871 -0.6693454 -0.7377083 0.08810871 0.6693454 -0.7702721 0.3188638 0.5522741 0.7377083 0.08810871 0.6693454 0.7702721 0.3188638 0.5522741 -0.7702721 0.5522741 0.3188638 0.7702721 0.5522741 0.3188638 -0.7377083 0.6693454 0.08810871 0.7377083 0.6693454 0.08810871 1 4.25967e-6 0 1 1.24207e-6 0 1 -1.86311e-6 0 1 2.258e-6 0 1 6.64322e-6 0 1 8.26706e-6 0 1 3.87042e-6 0 1 -2.27427e-6 0 1 2.98295e-7 0 1 -2.13637e-6 0 1 1.50787e-6 0 1 -6.42492e-7 0 1 1.23759e-6 0 1 -1.20533e-6 0 1 2.67644e-6 0 1 -2.18773e-6 0 1 2.78709e-6 0 1 -1.22644e-6 0 1 -7.12953e-7 0 1 1.37893e-6 0 1 -1.73227e-7 0 1 -7.12953e-7 0 1 3.45713e-6 0 1 -1.88788e-6 0 1 9.76113e-7 0 1 1.87957e-7 0 1 -8.45316e-7 0 1 -1.55004e-6 0 1 -2.14631e-6 0 1 4.25967e-6 0 1 -2.72887e-6 0 1 4.03953e-6 0 1 1.00753e-6 0 1 -4.87574e-7 0 1 1.75928e-7 0 1 -1.98988e-6 0 1 -4.00288e-6 0 1 -3.8911e-6 0 1 5.47333e-6 0 1 -5.23668e-6 0 1 2.06411e-6 0 1 -1.12553e-6 0 1 -1.83116e-6 0 1 7.17216e-6 0 1 1.96553e-6 0 1 7.90463e-7 0 1 1.82373e-5 0 1 -1.02711e-5 0 1 -1.41591e-6 0 1 1.95223e-6 0 1 -3.74979e-7 0 1 4.03434e-6 0 1 -7.86105e-7 0 1 3.93065e-6 0 0.9468584 0.2722008 -0.1713653 0.9472948 0.3203632 0 0.4185066 0.9082139 0 0.9468584 0.2722008 0.1713653 0.4208623 0.7339608 0.5330821 0.9460345 0.1375806 0.2934117 0.4237233 0.2778434 0.8621263 0.9455338 -0.04342824 0.3226143 0.4249815 -0.2821816 0.8600955 0.9452658 -0.2121682 0.247906 0.4254077 -0.7331331 0.5306075 0.9451475 -0.313218 0.09268665 0.4184459 -0.9080011 -0.02090549 0.956781 -0.2725986 -0.1012936 0.9489991 -0.2147646 -0.2308178 0.9455338 -0.04342824 -0.3226143 0.4249815 -0.2821816 -0.8600955 0.3503667 -0.7907667 -0.5019277 0.4237233 0.2778434 -0.8621263 0.9460306 0.1376105 -0.2934104 0.4208623 0.7339608 -0.5330821 -0.7837138 0.5025059 -0.365076 -0.7837072 0.6211305 0 -0.7837138 0.5025059 0.365076 -0.7837064 0.1919361 0.5907325 -0.7837064 -0.1919361 0.5907325 -0.7837138 -0.5025059 0.365076 -0.7837072 -0.6211305 0 -0.7837138 -0.5025059 -0.365076 -0.7837064 -0.1919361 -0.5907325 -0.7837064 0.1919361 -0.5907325 0.9460306 0.1376105 0.2934104 0.9460345 0.1375806 -0.2934117 -0.685707 -0.7243749 0.07132351 0.685707 -0.7243749 0.07132351 0.7235205 -0.04922759 -0.6885455 -0.7235205 -0.04922759 -0.6885455 0.7405803 -0.1893109 -0.6447498 -0.7405803 -0.1893109 -0.6447498 -0.7405937 -0.3632773 -0.565288 0.7405937 -0.3632773 -0.565288 -0.7405861 -0.5078444 -0.4400301 0.7405861 -0.5078444 -0.4400301 -0.7405855 -0.611244 -0.2791311 0.7405855 -0.611244 -0.2791311 -0.7405772 -0.6651339 -0.0956164 0.7405772 -0.6651339 -0.0956164 -0.7405772 -0.6651339 0.0956164 0.7405772 -0.6651339 0.0956164 -0.7405855 -0.611244 0.2791311 0.7405855 -0.611244 0.2791311 -0.7405861 -0.5078444 0.4400301 0.7405861 -0.5078444 0.4400301 -0.7405937 -0.3632773 0.565288 0.7405937 -0.3632773 0.565288 -0.7405803 -0.1893109 0.6447498 0.7405803 -0.1893109 0.6447498 -0.7235205 -0.04922759 0.6885455 0.7235205 -0.04922759 0.6885455 -0.685707 -0.7243749 -0.07132351 0.685707 -0.7243749 -0.07132351 -0.6670914 -0.313525 0.6757893 0.6670914 -0.313525 0.6757893 -0.6670867 -0.5412259 0.5119276 0.6670867 -0.5412259 0.5119276 -0.6670845 -0.6921711 0.2754951 0.6670845 -0.6921711 0.2754951 -0.6864302 -0.7239379 0.06875896 0.6864302 -0.7239379 0.06875896 -0.6864302 -0.7239379 -0.06875896 -0.6670845 -0.6921711 -0.2754951 0.6864302 -0.7239379 -0.06875896 0.6670845 -0.6921711 -0.2754951 -0.6670867 -0.5412259 -0.5119276 0.6670867 -0.5412259 -0.5119276 -0.6670914 -0.313525 -0.6757893 0.6670914 -0.313525 -0.6757893 2.79129e-6 0 1 0.9064192 -0.3565249 -0.2264827 0.6426225 0.7496246 0.1584277 0.08810871 0.7377083 0.6693454 0.08810871 -0.7377083 0.6693454 1 1.39565e-6 0 1 -1.39563e-6 0 -0.08810871 -0.7377083 0.6693454 -0.08810871 0.7377083 0.6693454 -0.6426225 0.7496246 0.1584277 -0.9064192 -0.3565249 -0.2264827 -2.79129e-6 0 1 -0.7050297 -0.02624672 -0.708692 1 1.06818e-6 0 1 -4.5236e-6 0 1 2.91794e-6 0 1 1.6308e-6 0 1 -6.76627e-7 0 1 2.81665e-6 0 1 -2.04704e-6 0 1 -1.23975e-6 0 1 -2.08987e-6 0 1 4.49391e-6 0 1 -1.22731e-6 0 1 -6.97502e-7 0 1 2.43243e-6 0 1 1.1848e-6 0 1 -1.22884e-6 0 1 6.64029e-7 0 1 6.88669e-7 0 1 -6.62551e-7 0 1 -7.76221e-7 0 1 6.88669e-7 0 1 1.99228e-6 0 1 -2.01917e-6 0 1 -6.06604e-7 0 1 9.94942e-7 0 1 2.43243e-6 0 1 2.57834e-6 0 1 -1.04493e-6 0 1 9.58549e-7 0 1 2.8087e-6 0 1 4.29991e-7 0 1 1.27192e-6 0 1 -7.353e-7 0 1 -6.28335e-6 0 1 3.43272e-7 0 1 -1.56135e-7 0 1 2.3969e-7 0 1 1.63515e-6 0 1 -7.08693e-7 0 1 7.0869e-7 0 1 1.97542e-6 0 1 -2.30543e-7 0 1 -2.39402e-7 0 1 -7.92289e-7 0 1 4.94893e-7 0 1 -7.64246e-7 0 1 4.59131e-7 0 1 -8.58823e-6 0 1 -2.12983e-6 0 1 1.82168e-6 0 1 4.79631e-7 0 1 -9.66176e-6 0 1 -1.52849e-6 0 1 -1.58458e-6 0 1 -3.95083e-6 0 1 1.61478e-6 0 1 -1.61478e-6 0 1 8.84619e-7 0 1 6.43162e-7 0 1 -1.56136e-7 0 1 1.98988e-6 0 -1 -6.97502e-7 0 -1 2.43243e-6 0 -1 -5.15669e-6 0 -1 1.69257e-7 0 -1 -6.88669e-7 0 -1 -1.3251e-6 0 -1 -1.80446e-6 0 -1 7.76221e-7 0 -1 1.38433e-6 0 -1 -6.88669e-7 0 -1 -1.00959e-6 0 -1 2.43243e-6 0 -1 1.71997e-6 0 -1 -2.68278e-6 0 -1 -2.00296e-5 0 -1 -8.48855e-6 0 -1 -2.15949e-6 0 -1 -1.98467e-7 0 -1 1.56135e-7 0 -1 -4.7938e-7 0 -1 -4.08787e-7 0 -1 1.94215e-7 0 -1 1.50787e-6 0 -1 2.06411e-6 0 -1 3.10093e-7 0 -1 -4.77481e-6 0 -1 1.6308e-6 0 -1 -2.18859e-6 0 -1 1.71997e-6 0 -1 -2.12607e-6 0 -1 2.12608e-6 0 -1 -9.87708e-7 0 -1 1.95916e-7 0 -1 1.56136e-7 0 -1 9.87709e-7 0 -1 -2.13637e-6 0 -1 -4.78805e-7 0 -1 2.82586e-6 0 -1 -2.82586e-6 0 -1 -4.94893e-7 0 -1 7.64246e-7 0 -1 -9.59262e-7 0 -1 8.58823e-6 0 -1 7.45439e-6 0 -1 -1.36626e-6 0 -1 -4.79631e-7 0 -1 4.96507e-6 0 -1 1.52849e-6 0 -1 -1.00959e-6 0 0.7837138 -0.5025059 0.365076 0.7837072 -0.6211305 0 0.7837138 -0.5025059 -0.365076 0.7837064 -0.1919361 -0.5907325 0.7837064 0.1919361 -0.5907325 0.7837138 0.5025059 -0.365076 0.7837072 0.6211305 0 0.7837138 0.5025059 0.365076 0.7837064 0.1919361 0.5907325 0.7837064 -0.1919361 0.5907325 -0.6657167 -0.2855687 0.6893996 -0.6657167 -0.2855687 -0.6893996 -2.79129e-6 0 -1 -0.9064192 -0.3565249 0.2264827 -0.6426225 0.7496246 -0.1584277 -0.08810871 0.7377083 -0.6693454 -0.08810871 -0.7377083 -0.6693454 -1 1.39565e-6 0 -1 -1.39563e-6 0 -0.07132351 -0.7243749 0.685707 -0.07132351 -0.7243749 -0.685707 0.07132351 -0.7243749 0.685707 0.07132351 -0.7243749 -0.685707 0.6657225 0.6894056 -0.2855407 -0.6657225 0.6894056 -0.2855407 0 1 -1.8136e-5 0 1 4.32334e-5 0 1 1.15614e-5 0 1 -2.4166e-5 0 1 7.18726e-6 0 1 -1.32535e-5 0 1 1.30498e-5 0 1 -1.32538e-5 0 1 -5.73781e-5 0 1 7.69531e-6 0 1 2.41663e-5 0.6894056 0.2855407 -0.6657225 0.2855407 0.6894056 0.6657225 0.2855407 0.6894056 -0.6657225 -0.6657225 0.6894056 0.2855407 0.6657225 0.6894056 0.2855407 -0.2855407 0.6894056 -0.6657225 -0.2855407 0.6894056 0.6657225 0.9207351 0.3901885 0 0.8787838 0.3898584 -0.2752265 0.7569922 0.3880485 -0.5257195 0.5672631 0.3847575 -0.7281306 0.3269516 0.3807569 -0.8649432 0.05765068 0.3766064 -0.9245778 -0.2168081 0.3727001 -0.9022688 -0.4723479 0.3693146 -0.8003088 -0.6865352 0.3666608 -0.6278768 -0.8406797 0.364795 -0.4002277 -0.9212518 0.3638801 -0.1374278 -0.9212518 0.3638801 0.1374278 -0.8406797 0.364795 0.4002277 -0.6865352 0.3666608 0.6278768 -0.4723479 0.3693146 0.8003088 -0.2168081 0.3727001 0.9022688 0.05765068 0.3766064 0.9245778 0.3269516 0.3807569 0.8649432 0.5672631 0.3847575 0.7281306 0.7569922 0.3880485 0.5257195 0.8787838 0.3898584 0.2752265 0.6687667 -0.7366109 -0.1007743 0.6687667 -0.7366109 0.1007743 0.6093441 -0.7366086 0.2934409 0.4957582 -0.7366178 0.4600198 0.3381559 -0.7366185 0.5856996 0.1504895 -0.7366082 0.6593645 -0.0505402 -0.7366174 0.6744188 -0.2470859 -0.7366189 0.6295564 -0.4216619 -0.7366265 0.528756 -0.5588065 -0.7366114 0.3809712 -0.6462759 -0.7366129 0.1993213 -0.6763104 -0.7366168 0 -0.646272 -0.7366085 -0.1993506 -0.5588065 -0.7366114 -0.3809712 -0.4216551 -0.7366146 -0.528778 -0.2470859 -0.7366189 -0.6295564 -0.0505402 -0.7366174 -0.6744188 0.1504895 -0.7366082 -0.6593645 0.3381559 -0.7366185 -0.5856996 0.4957582 -0.7366178 -0.4600198 0.6093441 -0.7366086 -0.2934409 -0.3427 0.7734478 -0.5332312 -0.2632879 -0.7734443 -0.5765964 0 0.7734512 -0.6338559 0.09021437 -0.7734448 -0.627411 0.3446554 0.7770845 -0.5266425 0.4158515 -0.7775012 -0.4717622 0.5991283 -0.7811161 -0.1757923 -0.5332312 -0.7734478 -0.3427 -0.5765964 0.7734443 -0.2632879 -0.6338559 -0.7734512 0 -0.627411 0.7734448 0.09021437 -0.5332586 -0.7734432 0.3426674 -0.4790312 0.7734512 0.4150933 -0.2633209 -0.7734517 0.5765714 -0.1785383 0.7734525 0.6081901 0.09018409 -0.7734469 0.6274127 0.1785974 0.7734441 0.6081835 0.4150619 -0.7734496 0.4790608 0.4790608 0.7734496 0.4150619 0.6053367 -0.7770955 0.1723081 0.6232058 0.7775118 0.08420294 0.5679308 0.781107 -0.2594738 0.6053511 -0.7770834 0.1723122 0.3446285 0.7770927 -0.526648 -0.4790252 0.7734414 0.4151185 -0.2632925 -0.7734579 -0.576576 0.0902161 -0.7734596 -0.6273925 0.6053399 -0.7770996 0.1722785 0.3446203 0.7771047 -0.5266355 -0.8383278 -0.3405926 -0.4256798 -0.9402559 -0.3404685 0 -0.9081282 0.4186924 0 -0.8383278 -0.3405926 0.4256798 -0.7632003 0.4214433 0.4898069 -0.5417757 -0.3411734 0.7681666 -0.375599 0.4236972 0.8242609 -0.1154225 -0.3410488 0.9329327 0.1285473 0.4239744 0.8965051 0.3391 -0.3411143 0.8767281 0.5929637 0.42297 0.6851937 0.7113711 -0.3410821 0.6145033 0.8721783 0.4186627 0.2530348 0.9161001 -0.339467 0.2133609 0.9161001 -0.339467 -0.2133609 0.8721783 0.4186627 -0.2530348 0.7113711 -0.3410821 -0.6145033 0.5929637 0.42297 -0.6851937 0.3391 -0.3411143 -0.8767281 0.1285473 0.4239744 -0.8965051 -0.1154225 -0.3410488 -0.9329327 -0.3756039 0.4236722 -0.8242716 -0.5417757 -0.3411734 -0.7681666 -0.7632003 0.4214433 -0.4898069 -0.5302462 -0.7763556 -0.3407505 -0.63031 -0.7763436 0 -0.5302462 -0.7763556 0.3407505 -0.2618224 -0.7763422 0.5733604 0.08969688 -0.7763556 0.6238801 0.412747 -0.7763574 0.4763498 0.6047722 -0.7763521 0.1775618 0.6047722 -0.7763521 -0.1775618 0.412747 -0.7763574 -0.4763498 0.08969688 -0.7763556 -0.6238801 -0.261827 -0.7763558 -0.5733399 -0.4256798 -0.3405926 0.8383278 0 -0.3404685 0.9402559 0 0.4186924 0.9081282 0.4256798 -0.3405926 0.8383278 0.4898069 0.4214433 0.7632003 0.7681666 -0.3411734 0.5417757 0.8242609 0.4236972 0.375599 0.9329327 -0.3410488 0.1154225 0.8965051 0.4239744 -0.1285473 0.8767282 -0.3411143 -0.3391 0.6851937 0.42297 -0.5929637 0.614471 -0.3410811 -0.7113995 0.2530348 0.4186627 -0.8721783 0.2133609 -0.339467 -0.9161001 -0.2133609 -0.339467 -0.9161001 -0.2530348 0.4186627 -0.8721783 -0.614471 -0.3410811 -0.7113995 -0.6851937 0.42297 -0.5929637 -0.8767282 -0.3411143 -0.3391 -0.8965051 0.4239744 -0.1285473 -0.9329327 -0.3410488 0.1154225 -0.8242716 0.4236722 0.3756039 -0.7681666 -0.3411734 0.5417757 -0.4898069 0.4214433 0.7632003 -0.3407505 -0.7763556 0.5302462 0 -0.7763436 0.63031 0.3407505 -0.7763556 0.5302462 0.5733399 -0.7763558 0.261827 0.6238802 -0.7763558 -0.08969688 0.4763498 -0.7763574 -0.412747 0.1775618 -0.7763521 -0.6047722 -0.1775618 -0.7763521 -0.6047722 -0.4763498 -0.7763574 -0.412747 -0.6238802 -0.7763558 -0.08969688 -0.5733399 -0.7763558 0.261827 0.8383278 -0.3405926 0.4256798 0.9402559 -0.3404685 0 0.9081282 0.4186924 0 0.8383278 -0.3405926 -0.4256798 0.7632003 0.4214433 -0.4898069 0.5417757 -0.3411734 -0.7681666 0.375599 0.4236972 -0.8242609 0.1154225 -0.3410488 -0.9329327 -0.1285473 0.4239744 -0.8965051 -0.3391 -0.3411143 -0.8767281 -0.5929637 0.42297 -0.6851937 -0.7113711 -0.3410821 -0.6145033 -0.8721783 0.4186627 -0.2530348 -0.9161001 -0.339467 -0.2133609 -0.9161001 -0.339467 0.2133609 -0.8721783 0.4186627 0.2530348 -0.7113711 -0.3410821 0.6145033 -0.5929637 0.42297 0.6851937 -0.3391 -0.3411143 0.8767281 -0.1285473 0.4239744 0.8965051 0.1154225 -0.3410488 0.9329327 0.3756039 0.4236722 0.8242716 0.5417757 -0.3411734 0.7681666 0.7632003 0.4214433 0.4898069 0.5302462 -0.7763556 0.3407505 0.63031 -0.7763436 0 0.5302462 -0.7763556 -0.3407505 0.2618224 -0.7763422 -0.5733604 -0.08969688 -0.7763556 -0.6238801 -0.412747 -0.7763574 -0.4763498 -0.6047722 -0.7763521 -0.1775618 -0.6047722 -0.7763521 0.1775618 -0.412747 -0.7763574 0.4763498 -0.08969688 -0.7763556 0.6238801 0.261827 -0.7763558 0.5733399 0.4256798 -0.3405926 -0.8383278 0 -0.3404685 -0.9402559 0 0.4186924 -0.9081282 -0.4256798 -0.3405926 -0.8383278 -0.4898069 0.4214433 -0.7632003 -0.7681666 -0.3411734 -0.5417757 -0.8242609 0.4236972 -0.375599 -0.9329327 -0.3410488 -0.1154225 -0.8965051 0.4239744 0.1285473 -0.8767282 -0.3411143 0.3391 -0.6851937 0.42297 0.5929637 -0.614471 -0.3410811 0.7113995 -0.2530348 0.4186627 0.8721783 -0.2133609 -0.339467 0.9161001 0.2133609 -0.339467 0.9161001 0.2530348 0.4186627 0.8721783 0.614471 -0.3410811 0.7113995 0.6851937 0.42297 0.5929637 0.8767282 -0.3411143 0.3391 0.8965051 0.4239744 0.1285473 0.932936 -0.34105 -0.1153924 0.8242716 0.4236722 -0.3756039 0.7681666 -0.3411734 -0.5417757 0.4898069 0.4214433 -0.7632003 0.3407505 -0.7763556 -0.5302462 0 -0.7763436 -0.63031 -0.3407505 -0.7763556 -0.5302462 -0.5733399 -0.7763558 -0.261827 -0.6238802 -0.7763558 0.08969688 -0.4763498 -0.7763574 0.412747 -0.1775618 -0.7763521 0.6047722 0.1775618 -0.7763521 0.6047722 0.4763498 -0.7763574 0.412747 0.6238802 -0.7763558 0.08969688 0.5733399 -0.7763558 -0.261827 -0.5523008 0.7702667 -0.318831 -0.5522795 0.7702797 0.3188364 -0.3188659 0.7702468 -0.5523083 0.5523008 0.7702667 0.318831 0.5522795 0.7702797 -0.3188364 0.3188659 0.7702468 0.5523083 0.06699091 -0.7298504 -0.6803167 -0.06699091 -0.7298504 0.6803167 -0.7763556 0.5302462 -0.3407505 0.7763436 0.63031 0 -0.7763436 0.63031 0 0.7763556 0.5302462 0.3407505 -0.7763556 0.5302462 0.3407505 0.7763558 0.261827 0.5733399 -0.7763558 0.261827 0.5733399 0.7763556 -0.08969688 0.6238801 -0.7763556 -0.08969688 0.6238801 0.7763574 -0.412747 0.4763498 -0.7763574 -0.412747 0.4763498 0.7763521 -0.6047722 0.1775618 -0.7763521 -0.6047722 0.1775618 0.7763521 -0.6047722 -0.1775618 -0.7763521 -0.6047722 -0.1775618 0.7763574 -0.412747 -0.4763498 -0.7763574 -0.412747 -0.4763498 0.7763556 -0.08969688 -0.6238801 -0.7763556 -0.08969688 -0.6238801 0.7763558 0.261827 -0.5733399 -0.7763558 0.261827 -0.5733399 0.7763556 0.5302462 -0.3407505 0.7763556 -0.5302462 -0.3407505 -0.7763556 -0.5302462 -0.3407505 0.7763436 -0.63031 0 -0.7763436 -0.63031 0 0.7763556 -0.5302462 0.3407505 -0.7763556 -0.5302462 0.3407505 0.7763558 -0.261827 0.5733399 -0.7763558 -0.261827 0.5733399 0.7763556 0.08969688 0.6238801 -0.7763556 0.08969688 0.6238801 0.7763574 0.412747 0.4763498 -0.7763574 0.412747 0.4763498 0.7763521 0.6047722 0.1775618 -0.7763521 0.6047722 0.1775618 0.7763521 0.6047722 -0.1775618 -0.7763521 0.6047722 -0.1775618 0.7763574 0.412747 -0.4763498 -0.7763574 0.412747 -0.4763498 0.7763556 0.08969688 -0.6238801 -0.7763556 0.08969688 -0.6238801 0.7763558 -0.261827 -0.5733399 -0.7763558 -0.261827 -0.5733399</float_array>
          <technique_common>
            <accessor source="#Untitled_000-mesh-normals-array" count="2132" stride="3">
              <param name="X" type="float"/>
              <param name="Y" type="float"/>
              <param name="Z" type="float"/>
            </accessor>
          </technique_common>
        </source>
        <source id="Untitled_000-mesh-map-0">
          <float_array id="Untitled_000-mesh-map-0-array" count="33240">-2.519537 -0.2372623 -2.535 -0.3 -2.525 -0.3 -2.525 -0.3 -2.535 -0.3 -2.519537 -0.3627376 -2.525 -0.3 -2.519537 -0.3627376 -2.508253 -0.3625 -2.508253 -0.3625 -2.519537 -0.3627376 -2.4625 -0.4082532 -2.4625 -0.4082532 -2.519537 -0.3627376 -2.476689 -0.4111028 -2.4625 -0.4082532 -2.476689 -0.4111028 -2.4 -0.425 -2.4 -0.425 -2.476689 -0.4111028 -2.416273 -0.4340157 -2.4 -0.425 -2.416273 -0.4340157 -2.352128 -0.4262272 -2.4 -0.425 -2.352128 -0.4262272 -2.3375 -0.4082532 -2.3375 -0.4082532 -2.352128 -0.4262272 -2.298951 -0.3895215 -2.3375 -0.4082532 -2.298951 -0.3895215 -2.291747 -0.3625 -2.291747 -0.3625 -2.298951 -0.3895215 -2.268923 -0.3323076 -2.291747 -0.3625 -2.268923 -0.3323076 -2.275 -0.3 -2.275 -0.3 -2.268923 -0.3323076 -2.268923 -0.2676924 -2.275 -0.3 -2.268923 -0.2676924 -2.291747 -0.2375 -2.291747 -0.2375 -2.268923 -0.2676924 -2.298951 -0.2104784 -2.291747 -0.2375 -2.298951 -0.2104784 -2.3375 -0.1917468 -2.3375 -0.1917468 -2.298951 -0.2104784 -2.352128 -0.1737728 -2.3375 -0.1917468 -2.352128 -0.1737728 -2.4 -0.175 -2.4 -0.175 -2.352128 -0.1737728 -2.416273 -0.1659843 -2.4 -0.175 -2.416273 -0.1659843 -2.476689 -0.1888971 -2.4 -0.175 -2.476689 -0.1888971 -2.4625 -0.1917468 -2.4625 -0.1917468 -2.476689 -0.1888971 -2.519537 -0.2372623 -2.4625 -0.1917468 -2.519537 -0.2372623 -2.508253 -0.2375 -2.508253 -0.2375 -2.519537 -0.2372623 -2.525 -0.3 -2.912738 -1.569537 -2.85 -1.585 -2.85 -1.575 -2.85 -1.575 -2.85 -1.585 -2.787262 -1.569537 -2.85 -1.575 -2.787262 -1.569537 -2.7875 -1.558253 -2.7875 -1.558253 -2.787262 -1.569537 -2.738897 -1.526689 -2.7875 -1.558253 -2.738897 -1.526689 -2.741747 -1.5125 -2.741747 -1.5125 -2.738897 -1.526689 -2.715984 -1.466272 -2.741747 -1.5125 -2.715984 -1.466272 -2.725 -1.45 -2.725 -1.45 -2.715984 -1.466272 -2.723773 -1.402128 -2.725 -1.45 -2.723773 -1.402128 -2.741747 -1.3875 -2.741747 -1.3875 -2.723773 -1.402128 -2.760478 -1.348951 -2.741747 -1.3875 -2.760478 -1.348951 -2.7875 -1.341747 -2.7875 -1.341747 -2.760478 -1.348951 -2.817692 -1.318923 -2.7875 -1.341747 -2.817692 -1.318923 -2.85 -1.325 -2.85 -1.325 -2.817692 -1.318923 -2.882308 -1.318923 -2.85 -1.325 -2.882308 -1.318923 -2.9125 -1.341747 -2.9125 -1.341747 -2.882308 -1.318923 -2.939522 -1.348951 -2.9125 -1.341747 -2.939522 -1.348951 -2.958253 -1.3875 -2.958253 -1.3875 -2.939522 -1.348951 -2.976227 -1.402128 -2.958253 -1.3875 -2.976227 -1.402128 -2.975 -1.45 -2.975 -1.45 -2.976227 -1.402128 -2.984016 -1.466272 -2.975 -1.45 -2.984016 -1.466272 -2.958253 -1.5125 -2.958253 -1.5125 -2.984016 -1.466272 -2.961103 -1.526689 -2.958253 -1.5125 -2.961103 -1.526689 -2.9125 -1.558253 -2.9125 -1.558253 -2.961103 -1.526689 -2.912738 -1.569537 -2.9125 -1.558253 -2.912738 -1.569537 -2.85 -1.575 -1.580463 -1.962738 -1.565 -1.9 -1.575 -1.9 -1.575 -1.9 -1.565 -1.9 -1.580463 -1.837262 -1.575 -1.9 -1.580463 -1.837262 -1.591747 -1.8375 -1.591747 -1.8375 -1.580463 -1.837262 -1.623311 -1.788897 -1.591747 -1.8375 -1.623311 -1.788897 -1.6375 -1.791747 -1.6375 -1.791747 -1.623311 -1.788897 -1.683727 -1.765984 -1.6375 -1.791747 -1.683727 -1.765984 -1.7 -1.775 -1.7 -1.775 -1.683727 -1.765984 -1.747872 -1.773773 -1.7 -1.775 -1.747872 -1.773773 -1.7625 -1.791747 -1.7625 -1.791747 -1.747872 -1.773773 -1.801049 -1.810478 -1.7625 -1.791747 -1.801049 -1.810478 -1.808253 -1.8375 -1.808253 -1.8375 -1.801049 -1.810478 -1.831077 -1.867692 -1.808253 -1.8375 -1.831077 -1.867692 -1.825 -1.9 -1.825 -1.9 -1.831077 -1.867692 -1.831077 -1.932308 -1.825 -1.9 -1.831077 -1.932308 -1.808253 -1.9625 -1.808253 -1.9625 -1.831077 -1.932308 -1.801049 -1.989522 -1.808253 -1.9625 -1.801049 -1.989522 -1.7625 -2.008253 -1.7625 -2.008253 -1.801049 -1.989522 -1.747872 -2.026227 -1.7625 -2.008253 -1.747872 -2.026227 -1.7 -2.025 -1.7 -2.025 -1.747872 -2.026227 -1.683727 -2.034016 -1.7 -2.025 -1.683727 -2.034016 -1.6375 -2.008253 -1.6375 -2.008253 -1.683727 -2.034016 -1.623311 -2.011103 -1.6375 -2.008253 -1.623311 -2.011103 -1.591747 -1.9625 -1.591747 -1.9625 -1.623311 -2.011103 -1.580463 -1.962738 -1.591747 -1.9625 -1.580463 -1.962738 -1.575 -1.9 -1.187262 -0.6304635 -1.25 -0.615 -1.25 -0.625 -1.25 -0.625 -1.25 -0.615 -1.312738 -0.6304635 -1.25 -0.625 -1.312738 -0.6304635 -1.3125 -0.6417468 -1.3125 -0.6417468 -1.312738 -0.6304635 -1.361103 -0.6733113 -1.3125 -0.6417468 -1.361103 -0.6733113 -1.358253 -0.6875 -1.358253 -0.6875 -1.361103 -0.6733113 -1.384016 -0.7337276 -1.358253 -0.6875 -1.384016 -0.7337276 -1.375 -0.75 -1.375 -0.75 -1.384016 -0.7337276 -1.376227 -0.7978717 -1.375 -0.75 -1.376227 -0.7978717 -1.358253 -0.8125 -1.358253 -0.8125 -1.376227 -0.7978717 -1.339522 -0.851049 -1.358253 -0.8125 -1.339522 -0.851049 -1.3125 -0.8582532 -1.3125 -0.8582532 -1.339522 -0.851049 -1.282308 -0.8810771 -1.3125 -0.8582532 -1.282308 -0.8810771 -1.25 -0.8750001 -1.25 -0.8750001 -1.282308 -0.8810771 -1.217692 -0.8810771 -1.25 -0.8750001 -1.217692 -0.8810771 -1.1875 -0.8582532 -1.1875 -0.8582532 -1.217692 -0.8810771 -1.160478 -0.851049 -1.1875 -0.8582532 -1.160478 -0.851049 -1.141747 -0.8125 -1.141747 -0.8125 -1.160478 -0.851049 -1.123773 -0.7978717 -1.141747 -0.8125 -1.123773 -0.7978717 -1.125 -0.75 -1.125 -0.75 -1.123773 -0.7978717 -1.115984 -0.7337276 -1.125 -0.75 -1.115984 -0.7337276 -1.141747 -0.6875 -1.141747 -0.6875 -1.115984 -0.7337276 -1.138897 -0.6733113 -1.141747 -0.6875 -1.138897 -0.6733113 -1.1875 -0.6417468 -1.1875 -0.6417468 -1.138897 -0.6733113 -1.187262 -0.6304635 -1.1875 -0.6417468 -1.187262 -0.6304635 -1.25 -0.625 -3.2 -1.35 -3.211418 -1.407402 -3.2 -2.25 -3.2 -2.25 -3.211418 -1.407402 -3.243934 -1.456066 -3.2 -2.25 -3.243934 -1.456066 -3.292598 -1.488582 -3.35 -1.5 -3.691747 -1.8375 -3.292598 -1.488582 -3.292598 -1.488582 -3.691747 -1.8375 -3.675 -1.9 -3.292598 -1.488582 -3.675 -1.9 -3.2 -2.25 -3.2 -2.25 -3.675 -1.9 -3.691747 -1.9625 -3.2 -2.25 -3.691747 -1.9625 -3.7375 -2.008253 -3.691747 -1.8375 -3.35 -1.5 -3.7375 -1.791747 -3.7375 -1.791747 -3.35 -1.5 -3.5 -1.5 -3.7375 -1.791747 -3.5 -1.5 -3.557402 -1.488582 -3.7375 -1.791747 -3.557402 -1.488582 -3.8 -1.775 -3.8 -1.775 -3.557402 -1.488582 -3.606066 -1.456066 -3.8 -1.775 -3.606066 -1.456066 -3.8625 -1.791747 -3.8625 -1.791747 -3.606066 -1.456066 -3.638582 -1.407402 -3.8625 -1.791747 -3.638582 -1.407402 -3.65 -1.35 -3.8625 -1.791747 -3.65 -1.35 -3.908253 -1.8375 -3.908253 -1.8375 -3.65 -1.35 -3.65 -0.85 -3.908253 -1.8375 -3.65 -0.85 -3.908253 -0.3625 -3.908253 -0.3625 -3.65 -0.85 -3.8625 -0.4082532 -3.8625 -0.4082532 -3.65 -0.85 -3.638582 -0.7925975 -3.8625 -0.4082532 -3.638582 -0.7925975 -3.606066 -0.743934 -3.8625 -0.4082532 -3.606066 -0.743934 -3.8 -0.425 -3.8 -0.425 -3.606066 -0.743934 -3.557402 -0.7114181 -3.8 -0.425 -3.557402 -0.7114181 -3.7375 -0.4082532 -3.7375 -0.4082532 -3.557402 -0.7114181 -3.5 -0.7 -3.7375 -0.4082532 -3.5 -0.7 -3.35 -0.7 -3.7375 -0.4082532 -3.35 -0.7 -3.691747 -0.3625 -3.691747 -0.3625 -3.35 -0.7 -3.292598 -0.7114181 -3.691747 -0.3625 -3.292598 -0.7114181 -3.675 -0.3 -3.675 -0.3 -3.292598 -0.7114181 -3.2 0.04999995 -3.675 -0.3 -3.2 0.04999995 -3.691747 -0.2375 -3.691747 -0.2375 -3.2 0.04999995 -3.7375 -0.1917468 -3.7375 -0.1917468 -3.2 0.04999995 -3.8 -0.175 -3.8 -0.175 -3.2 0.04999995 -4 0.04999995 -3.8 -0.175 -4 0.04999995 -4.006699 0.02499997 -3.292598 -0.7114181 -3.243934 -0.743934 -3.2 0.04999995 -3.2 0.04999995 -3.243934 -0.743934 -3.211418 -0.7925975 -3.2 0.04999995 -3.211418 -0.7925975 -3.2 -0.85 -4.006699 0.02499997 -4.025 0.006698668 -3.8 -0.175 -3.8 -0.175 -4.025 0.006698668 -3.8625 -0.1917468 -3.8625 -0.1917468 -4.025 0.006698668 -4.05 0 -3.8625 -0.1917468 -4.05 0 -4.1 0 -4.1 -2.2 -3.908253 -0.3625 -4.1 0 -4.1 0 -3.908253 -0.3625 -3.925 -0.3 -4.1 0 -3.925 -0.3 -3.908253 -0.2375 -4.05 -2.2 -3.8625 -2.008253 -4.1 -2.2 -4.1 -2.2 -3.8625 -2.008253 -3.908253 -1.9625 -4.1 -2.2 -3.908253 -1.9625 -3.925 -1.9 -4.05 -2.2 -4.025 -2.206699 -3.8625 -2.008253 -3.8625 -2.008253 -4.025 -2.206699 -3.8 -2.025 -3.8 -2.025 -4.025 -2.206699 -4.006699 -2.225 -3.8 -2.025 -4.006699 -2.225 -4 -2.25 -4 -2.25 -3.2 -2.25 -3.8 -2.025 -3.8 -2.025 -3.2 -2.25 -3.7375 -2.008253 -3.908253 -0.2375 -3.8625 -0.1917468 -4.1 0 -3.925 -1.9 -3.908253 -1.8375 -4.1 -2.2 -4.1 -2.2 -3.908253 -1.8375 -3.908253 -0.3625 4 -2.25 1.7 -2.025 0.1 -2.25 0.1 -2.25 1.7 -2.025 1.272183 -2.002818 0.1 -2.25 1.272183 -2.002818 1.209683 -1.986071 4.006699 -2.225 3.8 -2.025 4 -2.25 4 -2.25 3.8 -2.025 3.7375 -2.008253 4 -2.25 3.7375 -2.008253 2.890318 -1.986071 2.890318 -1.986071 3.7375 -2.008253 3.691747 -1.9625 2.890318 -1.986071 3.691747 -1.9625 2.936071 -1.940317 2.936071 -1.940317 3.691747 -1.9625 3.675 -1.9 2.936071 -1.940317 3.675 -1.9 2.952818 -1.877817 2.952818 -1.877817 3.675 -1.9 3.691747 -1.8375 2.952818 -1.877817 3.691747 -1.8375 2.936071 -1.815317 2.936071 -1.815317 3.691747 -1.8375 3.35 -1.5 2.936071 -1.815317 3.35 -1.5 2.890318 -1.769564 2.890318 -1.769564 3.35 -1.5 3.292598 -1.488582 2.890318 -1.769564 3.292598 -1.488582 2.9125 -1.558253 2.9125 -1.558253 3.292598 -1.488582 2.958253 -1.5125 2.958253 -1.5125 3.292598 -1.488582 3.243934 -1.456066 2.958253 -1.5125 3.243934 -1.456066 2.975 -1.45 2.975 -1.45 3.243934 -1.456066 3.211418 -1.407402 2.975 -1.45 3.211418 -1.407402 2.958253 -1.3875 2.958253 -1.3875 3.211418 -1.407402 3.2 -1.35 2.958253 -1.3875 3.2 -1.35 2.9125 -1.341747 2.9125 -1.341747 3.2 -1.35 2.891541 -1.190963 2.9125 -1.341747 2.891541 -1.190963 2.85 -1.325 2.85 -1.325 2.891541 -1.190963 2.835768 -1.198982 2.85 -1.325 2.835768 -1.198982 2.7875 -1.341747 2.7875 -1.341747 2.835768 -1.198982 2.784514 -1.175575 2.7875 -1.341747 2.784514 -1.175575 2.432229 -1.217902 2.432229 -1.217902 2.784514 -1.175575 2.754051 -1.128173 2.432229 -1.217902 2.754051 -1.128173 2.45 -1.1 2.45 -1.1 2.754051 -1.128173 2.754051 -1.071827 2.45 -1.1 2.754051 -1.071827 2.432229 -0.9820979 2.432229 -0.9820979 2.754051 -1.071827 2.784514 -1.024425 2.432229 -0.9820979 2.784514 -1.024425 2.821122 -0.8483481 2.821122 -0.8483481 2.784514 -1.024425 2.835768 -1.001018 2.821122 -0.8483481 2.835768 -1.001018 2.878878 -0.8483481 2.878878 -0.8483481 2.835768 -1.001018 2.891541 -1.009037 2.878878 -0.8483481 2.891541 -1.009037 3.2 -0.85 3.2 -0.85 2.891541 -1.009037 2.934125 -1.045936 3.2 -0.85 2.934125 -1.045936 2.95 -1.1 4.006699 -2.225 4.025 -2.206699 3.8 -2.025 3.8 -2.025 4.025 -2.206699 3.8625 -2.008253 3.8625 -2.008253 4.025 -2.206699 4.05 -2.2 3.8625 -2.008253 4.05 -2.2 4.1 -2.2 4.1 0 3.908253 -0.3625 4.1 -2.2 4.1 -2.2 3.908253 -0.3625 3.908253 -1.8375 4.1 -2.2 3.908253 -1.8375 3.925 -1.9 4.05 0 3.8625 -0.1917468 4.1 0 4.1 0 3.8625 -0.1917468 3.908253 -0.2375 4.1 0 3.908253 -0.2375 3.925 -0.3 4.05 0 4.025 0.006698668 3.8625 -0.1917468 3.8625 -0.1917468 4.025 0.006698668 3.8 -0.175 3.8 -0.175 4.025 0.006698668 4.006699 0.02499997 3.8 -0.175 4.006699 0.02499997 4 0.04999995 0.1 0.04999995 2.4 -0.175 4 0.04999995 4 0.04999995 2.4 -0.175 2.827818 -0.1971825 4 0.04999995 2.827818 -0.1971825 2.890318 -0.2139294 0.09330123 0.02499997 0.3 -0.175 0.1 0.04999995 0.1 0.04999995 0.3 -0.175 0.3625 -0.1917468 0.1 0.04999995 0.3625 -0.1917468 1.209683 -0.2139294 1.209683 -0.2139294 0.3625 -0.1917468 0.4082532 -0.2375 1.209683 -0.2139294 0.4082532 -0.2375 1.163929 -0.2596825 1.163929 -0.2596825 0.4082532 -0.2375 0.425 -0.3 1.163929 -0.2596825 0.425 -0.3 1.147183 -0.3221825 1.147183 -0.3221825 0.425 -0.3 0.4082532 -0.3625 1.147183 -0.3221825 0.4082532 -0.3625 1.163929 -0.3846825 1.163929 -0.3846825 0.4082532 -0.3625 0.75 -0.7 1.163929 -0.3846825 0.75 -0.7 1.209683 -0.4304357 1.209683 -0.4304357 0.75 -0.7 0.8074026 -0.7114181 1.209683 -0.4304357 0.8074026 -0.7114181 1.1875 -0.6417468 1.1875 -0.6417468 0.8074026 -0.7114181 1.141747 -0.6875 1.141747 -0.6875 0.8074026 -0.7114181 0.8560661 -0.743934 1.141747 -0.6875 0.8560661 -0.743934 1.125 -0.75 1.125 -0.75 0.8560661 -0.743934 0.8885819 -0.7925975 1.125 -0.75 0.8885819 -0.7925975 1.141747 -0.8125 1.141747 -0.8125 0.8885819 -0.7925975 0.9 -0.85 1.141747 -0.8125 0.9 -0.85 1.1875 -0.8582532 1.1875 -0.8582532 0.9 -0.85 1.184514 -1.024425 1.1875 -0.8582532 1.184514 -1.024425 1.235769 -1.001018 0.09330123 0.02499997 0.07499998 0.006698668 0.3 -0.175 0.3 -0.175 0.07499998 0.006698668 0.2375 -0.1917468 0.2375 -0.1917468 0.07499998 0.006698668 0.04999995 0 0.2375 -0.1917468 0.04999995 0 0 0 0 -2.2 0.1917468 -0.3625 0 0 0 0 0.1917468 -0.3625 0.175 -0.3 0 0 0.175 -0.3 0.1917468 -0.2375 0.04999995 -2.2 0.2375 -2.008253 0 -2.2 0 -2.2 0.2375 -2.008253 0.1917468 -1.9625 0 -2.2 0.1917468 -1.9625 0.175 -1.9 0.04999995 -2.2 0.07499998 -2.206699 0.2375 -2.008253 0.2375 -2.008253 0.07499998 -2.206699 0.3 -2.025 0.3 -2.025 0.07499998 -2.206699 0.09330123 -2.225 0.3 -2.025 0.09330123 -2.225 0.1 -2.25 2.432229 -1.217902 2.380496 -1.325328 2.7875 -1.341747 2.7875 -1.341747 2.380496 -1.325328 2.741747 -1.3875 2.741747 -1.3875 2.380496 -1.325328 2.725 -1.45 2.725 -1.45 2.380496 -1.325328 2.299396 -1.412733 2.725 -1.45 2.299396 -1.412733 2.601454 -1.566703 2.601454 -1.566703 2.299396 -1.412733 2.550199 -1.590111 2.550199 -1.590111 2.299396 -1.412733 2.196136 -1.47235 2.550199 -1.590111 2.196136 -1.47235 2.519736 -1.637512 2.519736 -1.637512 2.196136 -1.47235 2.079892 -1.498882 2.519736 -1.637512 2.079892 -1.498882 2.385413 -1.798543 2.385413 -1.798543 2.079892 -1.498882 2.091542 -1.809037 2.385413 -1.798543 2.091542 -1.809037 2.332877 -1.822536 2.332877 -1.822536 2.091542 -1.809037 2.134125 -1.845936 2.332877 -1.822536 2.134125 -1.845936 2.301652 -1.871122 2.301652 -1.871122 2.134125 -1.845936 2.15 -1.9 2.301652 -1.871122 2.15 -1.9 2.301652 -1.928878 2.301652 -1.928878 2.15 -1.9 2.134125 -1.954064 2.301652 -1.928878 2.134125 -1.954064 2.332877 -1.977464 2.332877 -1.977464 2.134125 -1.954064 2.091542 -1.990963 2.332877 -1.977464 2.091542 -1.990963 2.385413 -2.001457 2.385413 -2.001457 2.091542 -1.990963 2.035768 -1.998982 2.385413 -2.001457 2.035768 -1.998982 1.7 -2.025 1.7 -2.025 2.035768 -1.998982 1.7625 -2.008253 1.7625 -2.008253 2.035768 -1.998982 1.984514 -1.975575 1.7625 -2.008253 1.984514 -1.975575 1.808253 -1.9625 1.808253 -1.9625 1.984514 -1.975575 1.954051 -1.928173 1.808253 -1.9625 1.954051 -1.928173 1.825 -1.9 1.825 -1.9 1.954051 -1.928173 1.954051 -1.871827 1.825 -1.9 1.954051 -1.871827 1.808253 -1.8375 1.808253 -1.8375 1.954051 -1.871827 1.984514 -1.824425 1.808253 -1.8375 1.984514 -1.824425 1.7625 -1.791747 1.7625 -1.791747 1.984514 -1.824425 2.035768 -1.801018 1.7625 -1.791747 2.035768 -1.801018 1.960992 -1.489971 1.960992 -1.489971 2.035768 -1.801018 2.079892 -1.498882 2.079892 -1.498882 2.035768 -1.801018 2.091542 -1.809037 1.85 -1.44641 1.56844 -1.611621 1.960992 -1.489971 1.960992 -1.489971 1.56844 -1.611621 1.584315 -1.665686 1.960992 -1.489971 1.584315 -1.665686 1.7625 -1.791747 1.7625 -1.791747 1.584315 -1.665686 1.7 -1.775 1.7 -1.775 1.584315 -1.665686 1.56844 -1.719749 1.7 -1.775 1.56844 -1.719749 1.6375 -1.791747 1.6375 -1.791747 1.56844 -1.719749 1.525856 -1.756649 1.6375 -1.791747 1.525856 -1.756649 1.591747 -1.8375 1.591747 -1.8375 1.525856 -1.756649 1.470083 -1.764667 1.591747 -1.8375 1.470083 -1.764667 1.380436 -1.815317 1.380436 -1.815317 1.470083 -1.764667 1.418828 -1.74126 1.380436 -1.815317 1.418828 -1.74126 1.334683 -1.769564 1.334683 -1.769564 1.418828 -1.74126 1.388365 -1.693859 1.334683 -1.769564 1.388365 -1.693859 1.272183 -1.752817 1.272183 -1.752817 1.388365 -1.693859 1.388365 -1.637512 1.272183 -1.752817 1.388365 -1.637512 1.25 -1.5525 1.25 -1.5525 1.388365 -1.637512 1.305416 -1.536229 1.305416 -1.536229 1.388365 -1.637512 1.418828 -1.590111 1.305416 -1.536229 1.418828 -1.590111 1.470083 -1.566703 1.56844 -1.611621 1.85 -1.44641 1.525856 -1.574722 1.525856 -1.574722 1.85 -1.44641 1.756779 -1.372069 1.525856 -1.574722 1.756779 -1.372069 1.351457 -1.435413 1.351457 -1.435413 1.756779 -1.372069 1.327464 -1.382877 1.327464 -1.382877 1.756779 -1.372069 1.689612 -1.273553 1.327464 -1.382877 1.689612 -1.273553 1.278878 -1.351652 1.278878 -1.351652 1.689612 -1.273553 1.291541 -1.190963 1.278878 -1.351652 1.291541 -1.190963 1.235769 -1.198982 1.291541 -1.190963 1.689612 -1.273553 1.334125 -1.154064 1.334125 -1.154064 1.689612 -1.273553 1.654468 -1.159617 1.334125 -1.154064 1.654468 -1.159617 1.35 -1.1 1.35 -1.1 1.654468 -1.159617 1.654468 -1.040383 1.35 -1.1 1.654468 -1.040383 1.334125 -1.045936 1.334125 -1.045936 1.654468 -1.040383 1.689612 -0.9264466 1.334125 -1.045936 1.689612 -0.9264466 1.291541 -1.009037 1.291541 -1.009037 1.689612 -0.9264466 1.3125 -0.8582532 1.291541 -1.009037 1.3125 -0.8582532 1.25 -0.8750001 1.3125 -0.8582532 1.689612 -0.9264466 1.358253 -0.8125 1.358253 -0.8125 1.689612 -0.9264466 1.756779 -0.8279309 1.358253 -0.8125 1.756779 -0.8279309 1.375 -0.75 1.375 -0.75 1.756779 -0.8279309 1.525856 -0.6252778 1.375 -0.75 1.525856 -0.6252778 1.470083 -0.6332967 1.756779 -0.8279309 1.85 -0.7535898 1.525856 -0.6252778 1.525856 -0.6252778 1.85 -0.7535898 1.56844 -0.5883787 1.56844 -0.5883787 1.85 -0.7535898 1.960992 -0.7100288 1.56844 -0.5883787 1.960992 -0.7100288 1.584315 -0.5343146 1.584315 -0.5343146 1.960992 -0.7100288 1.714587 -0.4014567 1.584315 -0.5343146 1.714587 -0.4014567 1.56844 -0.4802505 1.56844 -0.4802505 1.714587 -0.4014567 1.65742 -0.3932373 1.56844 -0.4802505 1.65742 -0.3932373 1.525856 -0.4433513 1.525856 -0.4433513 1.65742 -0.3932373 1.613771 -0.3554157 1.525856 -0.4433513 1.613771 -0.3554157 1.470083 -0.4353324 1.470083 -0.4353324 1.613771 -0.3554157 1.380436 -0.3846825 1.470083 -0.4353324 1.380436 -0.3846825 1.418828 -0.4587396 1.418828 -0.4587396 1.380436 -0.3846825 1.334683 -0.4304357 1.418828 -0.4587396 1.334683 -0.4304357 1.388365 -0.5061414 1.388365 -0.5061414 1.334683 -0.4304357 1.272183 -0.4471825 1.388365 -0.5061414 1.272183 -0.4471825 1.25 -0.625 1.25 -0.625 1.272183 -0.4471825 1.209683 -0.4304357 1.25 -0.625 1.209683 -0.4304357 1.1875 -0.6417468 1.714587 -0.4014567 1.960992 -0.7100288 2.035768 -0.3989821 2.035768 -0.3989821 1.960992 -0.7100288 2.079892 -0.7011185 2.035768 -0.3989821 2.079892 -0.7011185 2.091542 -0.3909632 2.091542 -0.3909632 2.079892 -0.7011185 2.3375 -0.4082532 2.091542 -0.3909632 2.3375 -0.4082532 2.291747 -0.3625 2.3375 -0.4082532 2.079892 -0.7011185 2.519736 -0.5624879 2.519736 -0.5624879 2.079892 -0.7011185 2.196136 -0.7276505 2.519736 -0.5624879 2.196136 -0.7276505 2.550199 -0.6098896 2.550199 -0.6098896 2.196136 -0.7276505 2.299396 -0.7872674 2.550199 -0.6098896 2.299396 -0.7872674 2.601454 -0.6332967 2.601454 -0.6332967 2.299396 -0.7872674 2.748543 -0.7645873 2.601454 -0.6332967 2.748543 -0.7645873 2.756763 -0.70742 2.299396 -0.7872674 2.380496 -0.8746719 2.748543 -0.7645873 2.748543 -0.7645873 2.380496 -0.8746719 2.772536 -0.8171232 2.772536 -0.8171232 2.380496 -0.8746719 2.432229 -0.9820979 2.772536 -0.8171232 2.432229 -0.9820979 2.821122 -0.8483481 2.699811 -1.719749 2.827818 -1.752817 2.715686 -1.665686 2.715686 -1.665686 2.827818 -1.752817 2.85 -1.575 2.715686 -1.665686 2.85 -1.575 2.699811 -1.611621 2.699811 -1.611621 2.85 -1.575 2.7875 -1.558253 2.699811 -1.611621 2.7875 -1.558253 2.657227 -1.574722 2.657227 -1.574722 2.7875 -1.558253 2.741747 -1.5125 2.657227 -1.574722 2.741747 -1.5125 2.601454 -1.566703 2.601454 -1.566703 2.741747 -1.5125 2.725 -1.45 2.827818 -1.752817 2.699811 -1.719749 2.765318 -1.769564 2.765318 -1.769564 2.699811 -1.719749 2.657227 -1.756649 2.765318 -1.769564 2.657227 -1.756649 2.719564 -1.815317 2.719564 -1.815317 2.657227 -1.756649 2.601454 -1.764667 2.719564 -1.815317 2.601454 -1.764667 2.486229 -1.844584 2.486229 -1.844584 2.601454 -1.764667 2.44258 -1.806763 2.44258 -1.806763 2.601454 -1.764667 2.550199 -1.74126 2.44258 -1.806763 2.550199 -1.74126 2.519736 -1.693859 2.44258 -1.806763 2.519736 -1.693859 2.385413 -1.798543 2.385413 -1.798543 2.519736 -1.693859 2.519736 -1.637512 3.2 -0.85 2.95 -1.1 3.2 -1.35 3.2 -1.35 2.95 -1.1 2.934125 -1.154064 3.2 -1.35 2.934125 -1.154064 2.891541 -1.190963 2.699811 -0.5883787 2.85 -0.6475 2.715686 -0.5343146 2.715686 -0.5343146 2.85 -0.6475 2.827818 -0.4471825 2.715686 -0.5343146 2.827818 -0.4471825 2.699811 -0.4802505 2.699811 -0.4802505 2.827818 -0.4471825 2.765318 -0.4304357 2.699811 -0.4802505 2.765318 -0.4304357 2.657227 -0.4433513 2.657227 -0.4433513 2.765318 -0.4304357 2.719564 -0.3846825 2.657227 -0.4433513 2.719564 -0.3846825 2.601454 -0.4353324 2.601454 -0.4353324 2.719564 -0.3846825 2.508253 -0.3625 2.601454 -0.4353324 2.508253 -0.3625 2.4625 -0.4082532 2.85 -0.6475 2.699811 -0.5883787 2.794584 -0.6637716 2.794584 -0.6637716 2.699811 -0.5883787 2.657227 -0.6252778 2.794584 -0.6637716 2.657227 -0.6252778 2.756763 -0.70742 2.756763 -0.70742 2.657227 -0.6252778 2.601454 -0.6332967 2.3375 -0.4082532 2.519736 -0.5624879 2.4 -0.425 2.4 -0.425 2.519736 -0.5624879 2.519736 -0.5061414 2.4 -0.425 2.519736 -0.5061414 2.550199 -0.4587396 2.4 -0.425 2.550199 -0.4587396 2.4625 -0.4082532 2.4625 -0.4082532 2.550199 -0.4587396 2.601454 -0.4353324 2.134125 -0.3540641 2.291747 -0.3625 2.15 -0.3 2.15 -0.3 2.291747 -0.3625 2.275 -0.3 2.15 -0.3 2.275 -0.3 2.291747 -0.2375 2.134125 -0.3540641 2.091542 -0.3909632 2.291747 -0.3625 1.714587 -0.4014567 2.035768 -0.3989821 1.767123 -0.3774644 1.767123 -0.3774644 2.035768 -0.3989821 1.984514 -0.375575 1.767123 -0.3774644 1.984514 -0.375575 1.798348 -0.3288776 1.798348 -0.3288776 1.984514 -0.375575 1.954051 -0.3281732 1.798348 -0.3288776 1.954051 -0.3281732 1.954051 -0.2718268 1.798348 -0.3288776 1.954051 -0.2718268 1.798348 -0.2711224 1.798348 -0.2711224 1.954051 -0.2718268 1.984514 -0.224425 1.798348 -0.2711224 1.984514 -0.224425 1.767123 -0.2225356 1.767123 -0.2225356 1.984514 -0.224425 2.035768 -0.2010177 1.767123 -0.2225356 2.035768 -0.2010177 1.714587 -0.1985433 1.714587 -0.1985433 2.035768 -0.2010177 2.4 -0.175 1.714587 -0.1985433 2.4 -0.175 0.1 0.04999995 2.4 -0.175 2.035768 -0.2010177 2.3375 -0.1917468 2.3375 -0.1917468 2.035768 -0.2010177 2.091542 -0.2090368 2.3375 -0.1917468 2.091542 -0.2090368 2.291747 -0.2375 2.291747 -0.2375 2.091542 -0.2090368 2.134125 -0.2459359 2.291747 -0.2375 2.134125 -0.2459359 2.15 -0.3 1.375 -0.75 1.470083 -0.6332967 1.358253 -0.6875 1.358253 -0.6875 1.470083 -0.6332967 1.418828 -0.6098896 1.358253 -0.6875 1.418828 -0.6098896 1.3125 -0.6417468 1.3125 -0.6417468 1.418828 -0.6098896 1.388365 -0.5624879 1.3125 -0.6417468 1.388365 -0.5624879 1.25 -0.625 1.25 -0.625 1.388365 -0.5624879 1.388365 -0.5061414 1.278878 -1.351652 1.235769 -1.198982 1.221122 -1.351652 1.221122 -1.351652 1.235769 -1.198982 1.184514 -1.175575 1.221122 -1.351652 1.184514 -1.175575 0.9 -1.35 0.9 -1.35 1.184514 -1.175575 1.154051 -1.128173 0.9 -1.35 1.154051 -1.128173 1.154051 -1.071827 0.9 -1.35 1.154051 -1.071827 0.9 -0.85 0.9 -0.85 1.154051 -1.071827 1.184514 -1.024425 1.1875 -0.8582532 1.235769 -1.001018 1.25 -0.8750001 1.25 -0.8750001 1.235769 -1.001018 1.291541 -1.009037 1.525856 -1.574722 1.351457 -1.435413 1.470083 -1.566703 1.470083 -1.566703 1.351457 -1.435413 1.343237 -1.49258 1.470083 -1.566703 1.343237 -1.49258 1.305416 -1.536229 2.486229 -1.955416 2.719564 -1.940317 2.5025 -1.9 2.5025 -1.9 2.719564 -1.940317 2.702818 -1.877817 2.5025 -1.9 2.702818 -1.877817 2.486229 -1.844584 2.486229 -1.844584 2.702818 -1.877817 2.719564 -1.815317 2.719564 -1.940317 2.486229 -1.955416 2.765318 -1.986071 2.765318 -1.986071 2.486229 -1.955416 2.44258 -1.993237 2.765318 -1.986071 2.44258 -1.993237 2.827818 -2.002818 2.827818 -2.002818 2.44258 -1.993237 2.385413 -2.001457 2.827818 -2.002818 2.385413 -2.001457 4 -2.25 4 -2.25 2.385413 -2.001457 1.7 -2.025 1.272183 -1.752817 1.25 -1.5525 1.209683 -1.769564 1.209683 -1.769564 1.25 -1.5525 1.194584 -1.536229 1.209683 -1.769564 1.194584 -1.536229 0.8074026 -1.488582 0.8074026 -1.488582 1.194584 -1.536229 1.156763 -1.49258 0.8074026 -1.488582 1.156763 -1.49258 0.8560661 -1.456066 0.8560661 -1.456066 1.156763 -1.49258 1.148543 -1.435413 0.8560661 -1.456066 1.148543 -1.435413 0.8885819 -1.407402 0.8885819 -1.407402 1.148543 -1.435413 1.172536 -1.382877 0.8885819 -1.407402 1.172536 -1.382877 0.9 -1.35 0.9 -1.35 1.172536 -1.382877 1.221122 -1.351652 1.613771 -0.2445843 1.380436 -0.2596825 1.5975 -0.3 1.5975 -0.3 1.380436 -0.2596825 1.397183 -0.3221825 1.5975 -0.3 1.397183 -0.3221825 1.613771 -0.3554157 1.613771 -0.3554157 1.397183 -0.3221825 1.380436 -0.3846825 1.380436 -0.2596825 1.613771 -0.2445843 1.334683 -0.2139294 1.334683 -0.2139294 1.613771 -0.2445843 1.65742 -0.2067627 1.334683 -0.2139294 1.65742 -0.2067627 1.272183 -0.1971825 1.272183 -0.1971825 1.65742 -0.2067627 1.714587 -0.1985433 1.272183 -0.1971825 1.714587 -0.1985433 0.1 0.04999995 2.827818 -0.4471825 2.85 -0.6475 2.890318 -0.4304357 2.890318 -0.4304357 2.85 -0.6475 2.905416 -0.6637716 2.890318 -0.4304357 2.905416 -0.6637716 3.292598 -0.7114181 3.292598 -0.7114181 2.905416 -0.6637716 2.943237 -0.70742 3.292598 -0.7114181 2.943237 -0.70742 3.243934 -0.743934 3.243934 -0.743934 2.943237 -0.70742 2.951457 -0.7645873 3.243934 -0.743934 2.951457 -0.7645873 3.211418 -0.7925975 3.211418 -0.7925975 2.951457 -0.7645873 2.927464 -0.8171232 3.211418 -0.7925975 2.927464 -0.8171232 3.2 -0.85 3.2 -0.85 2.927464 -0.8171232 2.878878 -0.8483481 2.9125 -1.558253 2.85 -1.575 2.890318 -1.769564 2.890318 -1.769564 2.85 -1.575 2.827818 -1.752817 1.7 -2.025 1.6375 -2.008253 1.272183 -2.002818 1.272183 -2.002818 1.6375 -2.008253 1.334683 -1.986071 1.334683 -1.986071 1.6375 -2.008253 1.591747 -1.9625 1.334683 -1.986071 1.591747 -1.9625 1.380436 -1.940317 1.380436 -1.940317 1.591747 -1.9625 1.575 -1.9 1.380436 -1.940317 1.575 -1.9 1.397183 -1.877817 1.397183 -1.877817 1.575 -1.9 1.591747 -1.8375 1.397183 -1.877817 1.591747 -1.8375 1.380436 -1.815317 2.4 -0.175 2.4625 -0.1917468 2.827818 -0.1971825 2.827818 -0.1971825 2.4625 -0.1917468 2.765318 -0.2139294 2.765318 -0.2139294 2.4625 -0.1917468 2.508253 -0.2375 2.765318 -0.2139294 2.508253 -0.2375 2.719564 -0.2596825 2.719564 -0.2596825 2.508253 -0.2375 2.525 -0.3 2.719564 -0.2596825 2.525 -0.3 2.702818 -0.3221825 2.702818 -0.3221825 2.525 -0.3 2.508253 -0.3625 2.702818 -0.3221825 2.508253 -0.3625 2.719564 -0.3846825 3.925 -1.9 3.908253 -1.9625 4.1 -2.2 4.1 -2.2 3.908253 -1.9625 3.8625 -2.008253 3.691747 -1.8375 3.7375 -1.791747 3.35 -1.5 3.35 -1.5 3.7375 -1.791747 3.5 -1.5 3.5 -1.5 3.7375 -1.791747 3.557402 -1.488582 3.557402 -1.488582 3.7375 -1.791747 3.8 -1.775 3.557402 -1.488582 3.8 -1.775 3.606066 -1.456066 3.606066 -1.456066 3.8 -1.775 3.8625 -1.791747 3.606066 -1.456066 3.8625 -1.791747 3.638582 -1.407402 3.638582 -1.407402 3.8625 -1.791747 3.65 -1.35 3.65 -1.35 3.8625 -1.791747 3.908253 -1.8375 3.65 -1.35 3.908253 -1.8375 3.65 -0.85 3.65 -0.85 3.908253 -1.8375 3.908253 -0.3625 3.65 -0.85 3.908253 -0.3625 3.8625 -0.4082532 3.925 -0.3 3.908253 -0.3625 4.1 0 3.8 -0.425 3.606066 -0.743934 3.8625 -0.4082532 3.8625 -0.4082532 3.606066 -0.743934 3.638582 -0.7925975 3.8625 -0.4082532 3.638582 -0.7925975 3.65 -0.85 3.606066 -0.743934 3.8 -0.425 3.557402 -0.7114181 3.557402 -0.7114181 3.8 -0.425 3.7375 -0.4082532 3.557402 -0.7114181 3.7375 -0.4082532 3.5 -0.7 3.5 -0.7 3.7375 -0.4082532 3.35 -0.7 3.35 -0.7 3.7375 -0.4082532 3.691747 -0.3625 3.35 -0.7 3.691747 -0.3625 2.936071 -0.3846825 2.936071 -0.3846825 3.691747 -0.3625 2.952818 -0.3221825 2.952818 -0.3221825 3.691747 -0.3625 3.675 -0.3 2.952818 -0.3221825 3.675 -0.3 2.936071 -0.2596825 2.936071 -0.2596825 3.675 -0.3 3.691747 -0.2375 2.936071 -0.2596825 3.691747 -0.2375 2.890318 -0.2139294 2.890318 -0.2139294 3.691747 -0.2375 3.7375 -0.1917468 2.890318 -0.2139294 3.7375 -0.1917468 4 0.04999995 4 0.04999995 3.7375 -0.1917468 3.8 -0.175 0.4082532 -1.9625 1.163929 -1.940317 0.425 -1.9 0.425 -1.9 1.163929 -1.940317 1.147183 -1.877817 0.425 -1.9 1.147183 -1.877817 0.4082532 -1.8375 0.4082532 -1.8375 1.147183 -1.877817 1.163929 -1.815317 0.4082532 -1.8375 1.163929 -1.815317 0.75 -1.5 0.75 -1.5 1.163929 -1.815317 1.209683 -1.769564 0.75 -1.5 1.209683 -1.769564 0.8074026 -1.488582 1.163929 -1.940317 0.4082532 -1.9625 1.209683 -1.986071 1.209683 -1.986071 0.4082532 -1.9625 0.3625 -2.008253 1.209683 -1.986071 0.3625 -2.008253 0.1 -2.25 0.1 -2.25 0.3625 -2.008253 0.3 -2.025 0.175 -1.9 0.1917468 -1.8375 0 -2.2 0 -2.2 0.1917468 -1.8375 0.1917468 -0.3625 0.2375 -1.791747 0.45 -1.35 0.1917468 -1.8375 0.1917468 -1.8375 0.45 -1.35 0.45 -0.85 0.1917468 -1.8375 0.45 -0.85 0.1917468 -0.3625 0.1917468 -0.3625 0.45 -0.85 0.2375 -0.4082532 0.2375 -0.4082532 0.45 -0.85 0.461418 -0.7925975 0.2375 -0.4082532 0.461418 -0.7925975 0.493934 -0.743934 0.3 -1.775 0.493934 -1.456066 0.2375 -1.791747 0.2375 -1.791747 0.493934 -1.456066 0.461418 -1.407402 0.2375 -1.791747 0.461418 -1.407402 0.45 -1.35 0.493934 -1.456066 0.3 -1.775 0.5425975 -1.488582 0.5425975 -1.488582 0.3 -1.775 0.3625 -1.791747 0.5425975 -1.488582 0.3625 -1.791747 0.6 -1.5 0.6 -1.5 0.3625 -1.791747 0.75 -1.5 0.75 -1.5 0.3625 -1.791747 0.4082532 -1.8375 0.4082532 -0.3625 0.3625 -0.4082532 0.75 -0.7 0.75 -0.7 0.3625 -0.4082532 0.6 -0.7 0.6 -0.7 0.3625 -0.4082532 0.5425975 -0.7114181 0.5425975 -0.7114181 0.3625 -0.4082532 0.3 -0.425 0.5425975 -0.7114181 0.3 -0.425 0.493934 -0.743934 0.493934 -0.743934 0.3 -0.425 0.2375 -0.4082532 0.1917468 -0.2375 0.2375 -0.1917468 0 0 3.292598 -0.7114181 3.35 -0.7 2.890318 -0.4304357 2.890318 -0.4304357 3.35 -0.7 2.936071 -0.3846825 2.890318 -1.986071 2.827818 -2.002818 4 -2.25 1.209683 -0.2139294 1.272183 -0.1971825 0.1 0.04999995 0.92664 0 -2.97336 0 0.92664 -0.15 0.92664 -0.15 -2.97336 0 -2.97336 -0.15 0.92664 -0.15 -2.97336 -0.15 0.9114159 -0.2265366 0.9114159 -0.2265366 -2.97336 -0.15 -2.958136 -0.2265366 0.9114159 -0.2265366 -2.958136 -0.2265366 0.8680614 -0.2914214 0.8680614 -0.2914214 -2.958136 -0.2265366 -2.914781 -0.2914214 0.8680614 -0.2914214 -2.914781 -0.2914214 0.72664 -0.35 0.72664 -0.35 -2.914781 -0.2914214 -2.77336 -0.35 -2.77336 -0.35 -2.914781 -0.2914214 -2.849897 -0.3347759 0.72664 -0.35 0.8031767 -0.3347759 0.8680614 -0.2914214 0.175 0.07499998 0.02499997 0.07499998 0.175 -0.07499998 0.175 -0.07499998 0.02499997 0.07499998 0.02499997 -0.07499998 -0.03749996 0.07499998 -0.03749996 -0.07499998 0.01990234 0.06358194 0.01990234 0.06358194 -0.03749996 -0.07499998 0.06856602 0.031066 0.06856602 0.031066 -0.03749996 -0.07499998 0.1010819 -0.01759731 0.1010819 -0.01759731 -0.03749996 -0.07499998 0.1125 -0.07499998 5.49476 0 5.49476 0.02617985 5.34476 0 5.34476 0 5.49476 0.02617985 5.34476 0.02617985 5.34476 0.02617985 5.49476 0.02617985 5.34476 0.05235975 5.34476 0.05235975 5.49476 0.02617985 5.49476 0.05235975 5.34476 0.05235975 5.49476 0.05235975 5.34476 0.07853978 5.34476 0.07853978 5.49476 0.05235975 5.49476 0.07853978 0 0.07499998 -0.04999995 0.07499998 0 -0.07499998 0 -0.07499998 -0.04999995 0.07499998 -0.04999995 -0.07499998 -0.1125 -0.07499998 0.03749996 -0.07499998 -0.1010819 -0.01759731 -0.1010819 -0.01759731 0.03749996 -0.07499998 -0.06856602 0.031066 -0.06856602 0.031066 0.03749996 -0.07499998 -0.01990234 0.06358194 -0.01990234 0.06358194 0.03749996 -0.07499998 0.03749996 0.07499998 0.675 0.07499998 -2.175 0.07499998 0.675 -0.07499998 0.675 -0.07499998 -2.175 0.07499998 -2.175 -0.07499998 -0.07499998 0 0.07499998 0 -0.07499998 0.02038085 -0.07499998 0.02038085 0.07499998 0 0.07499998 0.02038085 -0.07499998 0.02038085 0.07499998 0.02038085 -0.07499998 0.04076159 -0.07499998 0.04076159 0.07499998 0.02038085 0.07499998 0.04076159 -0.07499998 0.04076159 0.07499998 0.04076159 -0.07499998 0.06114256 -0.07499998 0.06114256 0.07499998 0.04076159 0.07499998 0.06114256 -0.07499998 3.394609 0.07499998 3.394609 -0.07499998 3.41499 -0.07499998 3.41499 0.07499998 3.394609 0.07499998 3.41499 -0.07499998 3.41499 0.07499998 3.41499 -0.07499998 3.435371 -0.07499998 3.435371 0.07499998 3.41499 0.07499998 3.435371 -0.07499998 3.435371 0.07499998 3.435371 -0.07499998 3.455752 -0.07499998 3.455752 0.07499998 3.435371 0.07499998 3.455752 0 -2.2 0.45 -0.7 0 0 0 0 0.45 -0.7 0.4633975 -0.65 0 0 0.4633975 -0.65 0.5 -0.6133975 2.85 -2.2 1.074721 -1.976085 0 -2.2 0 -2.2 1.074721 -1.976085 1.025279 -1.976085 0 -2.2 1.025279 -1.976085 0.9852786 -1.947023 2.87038 -2.199811 2.835768 -1.998982 2.85 -2.2 2.85 -2.2 2.835768 -1.998982 2.784514 -1.975575 2.85 -2.2 2.784514 -1.975575 2.270083 -1.764667 2.270083 -1.764667 2.784514 -1.975575 2.754051 -1.928173 2.270083 -1.764667 2.754051 -1.928173 2.325856 -1.756649 2.325856 -1.756649 2.754051 -1.928173 2.754051 -1.871827 2.325856 -1.756649 2.754051 -1.871827 2.36844 -1.719749 2.36844 -1.719749 2.754051 -1.871827 2.784514 -1.824425 2.36844 -1.719749 2.784514 -1.824425 2.384315 -1.665686 2.384315 -1.665686 2.784514 -1.824425 2.737307 -1.483797 2.384315 -1.665686 2.737307 -1.483797 2.36844 -1.611621 2.36844 -1.611621 2.737307 -1.483797 2.633744 -1.436501 2.36844 -1.611621 2.633744 -1.436501 2.325856 -1.574722 2.325856 -1.574722 2.633744 -1.436501 2.5477 -1.361944 2.325856 -1.574722 2.5477 -1.361944 2.270083 -1.566703 2.270083 -1.566703 2.5477 -1.361944 2.486147 -1.266166 2.270083 -1.566703 2.486147 -1.266166 2.091542 -1.190963 2.091542 -1.190963 2.486147 -1.266166 2.134125 -1.154064 2.134125 -1.154064 2.486147 -1.266166 2.454071 -1.156926 2.134125 -1.154064 2.454071 -1.156926 2.15 -1.1 2.15 -1.1 2.454071 -1.156926 2.454071 -1.043074 2.15 -1.1 2.454071 -1.043074 2.134125 -1.045936 2.134125 -1.045936 2.454071 -1.043074 2.486147 -0.933834 2.134125 -1.045936 2.486147 -0.933834 2.091542 -1.009037 2.091542 -1.009037 2.486147 -0.933834 2.270083 -0.6332967 2.091542 -1.009037 2.270083 -0.6332967 2.035768 -1.001018 2.035768 -1.001018 2.270083 -0.6332967 2.218829 -0.6098896 2.035768 -1.001018 2.218829 -0.6098896 1.65 -0.7 1.65 -0.7 2.218829 -0.6098896 2.188365 -0.5624879 1.65 -0.7 2.188365 -0.5624879 1.636603 -0.65 1.636603 -0.65 2.188365 -0.5624879 2.188365 -0.5061414 1.636603 -0.65 2.188365 -0.5061414 1.6 -0.6133975 1.6 -0.6133975 2.188365 -0.5061414 2.218829 -0.4587396 1.6 -0.6133975 2.218829 -0.4587396 1.55 -0.6 1.55 -0.6 2.218829 -0.4587396 1.114721 -0.2529772 1.55 -0.6 1.114721 -0.2529772 1.13 -0.3 2.87038 -2.199811 2.890753 -2.199245 2.835768 -1.998982 2.835768 -1.998982 2.890753 -2.199245 2.891541 -1.990963 2.891541 -1.990963 2.890753 -2.199245 2.911111 -2.198301 2.891541 -1.990963 2.911111 -2.198301 2.984171 -2.180036 2.984171 -2.180036 3.045297 -2.136047 2.891541 -1.990963 2.891541 -1.990963 3.045297 -2.136047 3.085822 -2.072572 2.891541 -1.990963 3.085822 -2.072572 2.934125 -1.954064 2.934125 -1.954064 3.085822 -2.072572 3.1 -1.99861 2.934125 -1.954064 3.1 -1.99861 2.95 -1.9 2.95 -1.9 3.1 -1.99861 3.1 -1.7 2.95 -1.9 3.1 -1.7 2.934125 -1.845936 2.934125 -1.845936 3.1 -1.7 2.891541 -1.809037 2.891541 -1.809037 3.1 -1.7 3.084776 -1.623463 2.891541 -1.809037 3.084776 -1.623463 2.835768 -1.801018 2.835768 -1.801018 3.084776 -1.623463 3.041421 -1.558579 2.835768 -1.801018 3.041421 -1.558579 2.976537 -1.515224 2.976537 -1.515224 2.9 -1.5 2.835768 -1.801018 2.835768 -1.801018 2.9 -1.5 2.85 -1.5 2.835768 -1.801018 2.85 -1.5 2.737307 -1.483797 2.486147 -0.933834 2.5477 -0.8380557 2.270083 -0.6332967 2.270083 -0.6332967 2.5477 -0.8380557 2.325856 -0.6252778 2.325856 -0.6252778 2.5477 -0.8380557 2.633744 -0.7634986 2.325856 -0.6252778 2.633744 -0.7634986 2.36844 -0.5883787 2.36844 -0.5883787 2.633744 -0.7634986 2.737307 -0.7162029 2.36844 -0.5883787 2.737307 -0.7162029 2.384315 -0.5343146 2.384315 -0.5343146 2.737307 -0.7162029 2.784514 -0.375575 2.384315 -0.5343146 2.784514 -0.375575 2.36844 -0.4802505 2.36844 -0.4802505 2.784514 -0.375575 2.754051 -0.3281732 2.36844 -0.4802505 2.754051 -0.3281732 2.325856 -0.4433513 2.325856 -0.4433513 2.754051 -0.3281732 2.754051 -0.2718268 2.325856 -0.4433513 2.754051 -0.2718268 2.270083 -0.4353324 2.270083 -0.4353324 2.754051 -0.2718268 2.784514 -0.224425 2.270083 -0.4353324 2.784514 -0.224425 2.85 0 2.85 0 2.784514 -0.224425 2.835768 -0.2010177 2.85 0 2.835768 -0.2010177 2.87038 -1.88804e-4 2.87038 -1.88804e-4 2.835768 -0.2010177 2.890753 -7.55149e-4 2.890753 -7.55149e-4 2.835768 -0.2010177 2.891541 -0.2090368 2.890753 -7.55149e-4 2.891541 -0.2090368 2.911111 -0.001698732 2.911111 -0.001698732 2.891541 -0.2090368 2.984171 -0.01996421 2.984171 -0.01996421 2.891541 -0.2090368 3.045297 -0.0639531 3.045297 -0.0639531 2.891541 -0.2090368 3.085822 -0.1274282 3.085822 -0.1274282 2.891541 -0.2090368 2.934125 -0.2459359 3.085822 -0.1274282 2.934125 -0.2459359 3.1 -0.2013899 3.1 -0.2013899 2.934125 -0.2459359 2.95 -0.3 3.1 -0.2013899 2.95 -0.3 3.1 -0.5 3.1 -0.5 2.95 -0.3 2.934125 -0.3540641 3.1 -0.5 2.934125 -0.3540641 2.891541 -0.3909632 2.784514 -0.375575 2.737307 -0.7162029 2.835768 -0.3989821 2.835768 -0.3989821 2.737307 -0.7162029 2.85 -0.7 2.835768 -0.3989821 2.85 -0.7 2.9 -0.7 2.9 -0.7 2.976537 -0.684776 2.835768 -0.3989821 2.835768 -0.3989821 2.976537 -0.684776 3.041421 -0.6414214 2.835768 -0.3989821 3.041421 -0.6414214 3.084776 -0.5765367 2.835768 -0.3989821 3.084776 -0.5765367 2.891541 -0.3909632 2.891541 -0.3909632 3.084776 -0.5765367 3.1 -0.5 0 0 1.074721 -0.2239155 2.85 0 2.85 0 1.074721 -0.2239155 1.114721 -0.2529772 2.85 0 1.114721 -0.2529772 2.270083 -0.4353324 2.270083 -0.4353324 1.114721 -0.2529772 2.218829 -0.4587396 1.35 -1.6 1.13 -1.9 1.55 -1.6 1.55 -1.6 1.13 -1.9 1.114721 -1.947023 1.55 -1.6 1.114721 -1.947023 2.218829 -1.74126 2.218829 -1.74126 1.114721 -1.947023 2.270083 -1.764667 2.270083 -1.764667 1.114721 -1.947023 2.85 -2.2 1.13 -1.9 1.35 -1.6 1.114721 -1.852977 1.114721 -1.852977 1.35 -1.6 1.3 -1.586603 1.114721 -1.852977 1.3 -1.586603 1.074721 -1.823915 1.074721 -1.823915 1.3 -1.586603 1.263398 -1.55 1.074721 -1.823915 1.263398 -1.55 0.8366025 -1.55 0.8366025 -1.55 1.263398 -1.55 0.85 -1.5 0.85 -1.5 1.263398 -1.55 1.25 -1.5 0.85 -1.5 1.25 -1.5 0.85 -0.7 0.85 -0.7 1.25 -1.5 1.25 -0.7 0.85 -0.7 1.25 -0.7 0.8366025 -0.65 0.8366025 -0.65 1.25 -0.7 1.263398 -0.65 0.8366025 -0.65 1.263398 -0.65 1.025279 -0.3760845 1.025279 -0.3760845 1.263398 -0.65 1.074721 -0.3760845 1.074721 -0.3760845 1.263398 -0.65 1.3 -0.6133975 1.074721 -0.3760845 1.3 -0.6133975 1.114721 -0.3470228 1.114721 -0.3470228 1.3 -0.6133975 1.35 -0.6 1.114721 -0.3470228 1.35 -0.6 1.13 -0.3 1.13 -0.3 1.35 -0.6 1.55 -0.6 1.65 -1.5 1.954051 -1.071827 1.65 -0.7 1.65 -0.7 1.954051 -1.071827 1.984514 -1.024425 1.65 -0.7 1.984514 -1.024425 2.035768 -1.001018 1.636603 -1.55 2.188365 -1.637512 1.65 -1.5 1.65 -1.5 2.188365 -1.637512 2.218829 -1.590111 1.65 -1.5 2.218829 -1.590111 2.035768 -1.198982 2.035768 -1.198982 2.218829 -1.590111 2.270083 -1.566703 2.035768 -1.198982 2.270083 -1.566703 2.091542 -1.190963 2.188365 -1.637512 1.636603 -1.55 2.188365 -1.693859 2.188365 -1.693859 1.636603 -1.55 1.6 -1.586603 2.188365 -1.693859 1.6 -1.586603 2.218829 -1.74126 2.218829 -1.74126 1.6 -1.586603 1.55 -1.6 0.55 -1.6 0.97 -1.9 0.75 -1.6 0.75 -1.6 0.97 -1.9 0.9852786 -1.852977 0.75 -1.6 0.9852786 -1.852977 0.8 -1.586603 0.8 -1.586603 0.9852786 -1.852977 1.025279 -1.823915 0.8 -1.586603 1.025279 -1.823915 0.8366025 -1.55 0.8366025 -1.55 1.025279 -1.823915 1.074721 -1.823915 0.97 -1.9 0.55 -1.6 0 -2.2 0 -2.2 0.55 -1.6 0.5 -1.586603 0 -2.2 0.5 -1.586603 0.4633975 -1.55 0.4633975 -1.55 0.45 -1.5 0 -2.2 0 -2.2 0.45 -1.5 0.45 -0.7 0.5 -0.6133975 0.55 -0.6 0 0 0 0 0.55 -0.6 0.97 -0.3 0 0 0.97 -0.3 0.9852786 -0.2529772 0.55 -0.6 0.75 -0.6 0.97 -0.3 0.97 -0.3 0.75 -0.6 0.9852786 -0.3470228 0.9852786 -0.3470228 0.75 -0.6 0.8 -0.6133975 0.9852786 -0.3470228 0.8 -0.6133975 1.025279 -0.3760845 1.025279 -0.3760845 0.8 -0.6133975 0.8366025 -0.65 1.114721 -1.947023 1.074721 -1.976085 2.85 -2.2 0.9852786 -1.947023 0.97 -1.9 0 -2.2 0.9852786 -0.2529772 1.025279 -0.2239155 0 0 0 0 1.025279 -0.2239155 1.074721 -0.2239155 2.035768 -1.198982 1.984514 -1.175575 1.65 -1.5 1.65 -1.5 1.984514 -1.175575 1.954051 -1.128173 1.65 -1.5 1.954051 -1.128173 1.954051 -1.071827 2.784514 -1.824425 2.835768 -1.801018 2.737307 -1.483797 0.1 0.07499998 -0.1 0.07499998 0.1 -0.07499998 0.1 -0.07499998 -0.1 0.07499998 -0.1 -0.07499998 -0.07499998 0.1570796 -0.07499998 0.1047196 0.07499998 0.1570796 0.07499998 0.1570796 -0.07499998 0.1047196 0.07499998 0.1047196 0.07499998 0.1047196 -0.07499998 0.1047196 -0.07499998 0.05235975 0.07499998 0.1047196 -0.07499998 0.05235975 0.07499998 0.05235975 0.07499998 0.05235975 -0.07499998 0.05235975 -0.07499998 0 0.07499998 0.05235975 -0.07499998 0 0.07499998 0 0.4 0.07499998 -0.4 0.07499998 0.4 -0.07499998 0.4 -0.07499998 -0.4 0.07499998 -0.4 -0.07499998 -0.07499998 0.1570796 -0.07499998 0.1047196 0.07499998 0.1570796 0.07499998 0.1570796 -0.07499998 0.1047196 0.07499998 0.1047196 0.07499998 0.1047196 -0.07499998 0.1047196 -0.07499998 0.05235975 0.07499998 0.1047196 -0.07499998 0.05235975 0.07499998 0.05235975 0.07499998 0.05235975 -0.07499998 0.05235975 -0.07499998 0 0.07499998 0.05235975 -0.07499998 0 0.07499998 0 0.1 0.07499998 -0.1 0.07499998 0.1 -0.07499998 0.1 -0.07499998 -0.1 0.07499998 -0.1 -0.07499998 -0.07499998 0.1570796 -0.07499998 0.1047196 0.07499998 0.1570796 0.07499998 0.1570796 -0.07499998 0.1047196 0.07499998 0.1047196 0.07499998 0.1047196 -0.07499998 0.1047196 -0.07499998 0.05235975 0.07499998 0.1047196 -0.07499998 0.05235975 0.07499998 0.05235975 0.07499998 0.05235975 -0.07499998 0.05235975 -0.07499998 0 0.07499998 0.05235975 -0.07499998 0 0.07499998 0 0.4 0.07499998 -0.4 0.07499998 0.4 -0.07499998 0.4 -0.07499998 -0.4 0.07499998 -0.4 -0.07499998 -0.07499998 0.1570796 -0.07499998 0.1047196 0.07499998 0.1570796 0.07499998 0.1570796 -0.07499998 0.1047196 0.07499998 0.1047196 0.07499998 0.1047196 -0.07499998 0.1047196 -0.07499998 0.05235975 0.07499998 0.1047196 -0.07499998 0.05235975 0.07499998 0.05235975 0.07499998 0.05235975 -0.07499998 0.05235975 -0.07499998 0 0.07499998 0.05235975 -0.07499998 0 0.07499998 0 -3.1 -1.99861 -2.95 -1.9 -3.1 -1.7 -3.1 -1.7 -2.95 -1.9 -2.934125 -1.845936 -3.1 -1.7 -2.934125 -1.845936 -2.891541 -1.809037 -2.95 -1.9 -3.1 -1.99861 -2.934125 -1.954064 -2.934125 -1.954064 -3.1 -1.99861 -3.085822 -2.072572 -2.934125 -1.954064 -3.085822 -2.072572 -2.891541 -1.990963 -2.891541 -1.990963 -3.085822 -2.072572 -3.045297 -2.136047 -2.891541 -1.990963 -3.045297 -2.136047 -2.984171 -2.180036 -2.984171 -2.180036 -2.911111 -2.198301 -2.891541 -1.990963 -2.891541 -1.990963 -2.911111 -2.198301 -2.890753 -2.199245 -2.891541 -1.990963 -2.890753 -2.199245 -2.835768 -1.998982 -2.835768 -1.998982 -2.890753 -2.199245 -2.87038 -2.199811 -2.835768 -1.998982 -2.87038 -2.199811 -2.85 -2.2 0 -2.2 -1.034345 -2.00888 -2.85 -2.2 -2.85 -2.2 -1.034345 -2.00888 -1.095696 -2.00006 -2.85 -2.2 -1.095696 -2.00006 -1.142538 -1.959471 0 0 -0.45 -0.7 0 -2.2 0 -2.2 -0.45 -0.7 -0.45 -1.5 0 -2.2 -0.45 -1.5 -0.4633975 -1.55 -2.85 0 -1.034345 -0.1911196 0 0 0 0 -1.034345 -0.1911196 -0.9779654 -0.2168675 0 0 -0.9779654 -0.2168675 -0.9444558 -0.2690094 -2.87038 -1.88804e-4 -2.835768 -0.2010177 -2.85 0 -2.85 0 -2.835768 -0.2010177 -2.784514 -0.224425 -2.85 0 -2.784514 -0.224425 -2.270083 -0.4353324 -2.270083 -0.4353324 -2.784514 -0.224425 -2.754051 -0.2718268 -2.270083 -0.4353324 -2.754051 -0.2718268 -2.325856 -0.4433513 -2.325856 -0.4433513 -2.754051 -0.2718268 -2.754051 -0.3281732 -2.325856 -0.4433513 -2.754051 -0.3281732 -2.36844 -0.4802505 -2.36844 -0.4802505 -2.754051 -0.3281732 -2.784514 -0.375575 -2.36844 -0.4802505 -2.784514 -0.375575 -2.384315 -0.5343146 -2.384315 -0.5343146 -2.784514 -0.375575 -2.737307 -0.7162029 -2.384315 -0.5343146 -2.737307 -0.7162029 -2.36844 -0.5883787 -2.36844 -0.5883787 -2.737307 -0.7162029 -2.633744 -0.7634986 -2.36844 -0.5883787 -2.633744 -0.7634986 -2.325856 -0.6252778 -2.325856 -0.6252778 -2.633744 -0.7634986 -2.5477 -0.8380557 -2.325856 -0.6252778 -2.5477 -0.8380557 -2.270083 -0.6332967 -2.270083 -0.6332967 -2.5477 -0.8380557 -2.486147 -0.933834 -2.270083 -0.6332967 -2.486147 -0.933834 -2.091542 -1.009037 -2.091542 -1.009037 -2.486147 -0.933834 -2.134125 -1.045936 -2.134125 -1.045936 -2.486147 -0.933834 -2.454071 -1.043074 -2.134125 -1.045936 -2.454071 -1.043074 -2.15 -1.1 -2.15 -1.1 -2.454071 -1.043074 -2.454071 -1.156926 -2.15 -1.1 -2.454071 -1.156926 -2.134125 -1.154064 -2.134125 -1.154064 -2.454071 -1.156926 -2.486147 -1.266166 -2.134125 -1.154064 -2.486147 -1.266166 -2.091542 -1.190963 -2.091542 -1.190963 -2.486147 -1.266166 -2.270083 -1.566703 -2.091542 -1.190963 -2.270083 -1.566703 -2.035768 -1.198982 -2.035768 -1.198982 -2.270083 -1.566703 -2.218829 -1.590111 -2.035768 -1.198982 -2.218829 -1.590111 -1.65 -1.5 -1.65 -1.5 -2.218829 -1.590111 -2.188365 -1.637512 -1.65 -1.5 -2.188365 -1.637512 -1.636603 -1.55 -1.636603 -1.55 -2.188365 -1.637512 -2.188365 -1.693859 -1.636603 -1.55 -2.188365 -1.693859 -1.6 -1.586603 -1.6 -1.586603 -2.188365 -1.693859 -2.218829 -1.74126 -1.6 -1.586603 -2.218829 -1.74126 -1.55 -1.6 -1.55 -1.6 -2.218829 -1.74126 -1.16 -1.9 -1.55 -1.6 -1.16 -1.9 -1.142538 -1.840529 -2.87038 -1.88804e-4 -2.890753 -7.55149e-4 -2.835768 -0.2010177 -2.835768 -0.2010177 -2.890753 -7.55149e-4 -2.891541 -0.2090368 -2.891541 -0.2090368 -2.890753 -7.55149e-4 -2.911111 -0.001698732 -2.891541 -0.2090368 -2.911111 -0.001698732 -2.984171 -0.01996421 -2.984171 -0.01996421 -3.045297 -0.0639531 -2.891541 -0.2090368 -2.891541 -0.2090368 -3.045297 -0.0639531 -3.085822 -0.1274282 -2.891541 -0.2090368 -3.085822 -0.1274282 -2.934125 -0.2459359 -2.934125 -0.2459359 -3.085822 -0.1274282 -3.1 -0.2013899 -2.934125 -0.2459359 -3.1 -0.2013899 -2.95 -0.3 -2.95 -0.3 -3.1 -0.2013899 -3.1 -0.5 -2.95 -0.3 -3.1 -0.5 -2.934125 -0.3540641 -2.934125 -0.3540641 -3.1 -0.5 -2.891541 -0.3909632 -2.891541 -0.3909632 -3.1 -0.5 -3.084776 -0.5765367 -2.891541 -0.3909632 -3.084776 -0.5765367 -2.835768 -0.3989821 -2.835768 -0.3989821 -3.084776 -0.5765367 -3.041421 -0.6414214 -2.835768 -0.3989821 -3.041421 -0.6414214 -2.976537 -0.684776 -2.976537 -0.684776 -2.9 -0.7 -2.835768 -0.3989821 -2.835768 -0.3989821 -2.9 -0.7 -2.85 -0.7 -2.835768 -0.3989821 -2.85 -0.7 -2.737307 -0.7162029 -2.486147 -1.266166 -2.5477 -1.361944 -2.270083 -1.566703 -2.270083 -1.566703 -2.5477 -1.361944 -2.325856 -1.574722 -2.325856 -1.574722 -2.5477 -1.361944 -2.633744 -1.436501 -2.325856 -1.574722 -2.633744 -1.436501 -2.36844 -1.611621 -2.36844 -1.611621 -2.633744 -1.436501 -2.737307 -1.483797 -2.36844 -1.611621 -2.737307 -1.483797 -2.384315 -1.665686 -2.384315 -1.665686 -2.737307 -1.483797 -2.784514 -1.824425 -2.384315 -1.665686 -2.784514 -1.824425 -2.36844 -1.719749 -2.36844 -1.719749 -2.784514 -1.824425 -2.754051 -1.871827 -2.36844 -1.719749 -2.754051 -1.871827 -2.325856 -1.756649 -2.325856 -1.756649 -2.754051 -1.871827 -2.754051 -1.928173 -2.325856 -1.756649 -2.754051 -1.928173 -2.270083 -1.764667 -2.270083 -1.764667 -2.754051 -1.928173 -2.784514 -1.975575 -2.270083 -1.764667 -2.784514 -1.975575 -2.85 -2.2 -2.85 -2.2 -2.784514 -1.975575 -2.835768 -1.998982 -2.784514 -1.824425 -2.737307 -1.483797 -2.835768 -1.801018 -2.835768 -1.801018 -2.737307 -1.483797 -2.85 -1.5 -2.835768 -1.801018 -2.85 -1.5 -2.9 -1.5 -2.9 -1.5 -2.976537 -1.515224 -2.835768 -1.801018 -2.835768 -1.801018 -2.976537 -1.515224 -3.041421 -1.558579 -2.835768 -1.801018 -3.041421 -1.558579 -3.084776 -1.623463 -2.835768 -1.801018 -3.084776 -1.623463 -2.891541 -1.809037 -2.891541 -1.809037 -3.084776 -1.623463 -3.1 -1.7 -0.75 -1.6 -0.9444558 -1.869009 -0.55 -1.6 -0.55 -1.6 -0.9444558 -1.869009 -0.9444558 -1.930991 -0.55 -1.6 -0.9444558 -1.930991 0 -2.2 0 -2.2 -0.9444558 -1.930991 -0.9779654 -1.983132 0 -2.2 -0.9779654 -1.983132 -1.034345 -2.00888 -0.9444558 -1.869009 -0.75 -1.6 -0.9779654 -1.816868 -0.9779654 -1.816868 -0.75 -1.6 -0.8 -1.586603 -0.9779654 -1.816868 -0.8 -1.586603 -1.034345 -1.79112 -1.034345 -1.79112 -0.8 -1.586603 -0.8366025 -1.55 -1.034345 -1.79112 -0.8366025 -1.55 -1.263398 -1.55 -1.263398 -1.55 -0.8366025 -1.55 -1.25 -1.5 -1.25 -1.5 -0.8366025 -1.55 -0.85 -1.5 -1.25 -1.5 -0.85 -1.5 -1.25 -0.7 -1.25 -0.7 -0.85 -1.5 -0.85 -0.7 -1.25 -0.7 -0.85 -0.7 -1.263398 -0.65 -1.263398 -0.65 -0.85 -0.7 -0.8366025 -0.65 -1.263398 -0.65 -0.8366025 -0.65 -1.034345 -0.4088804 -1.034345 -0.4088804 -0.8366025 -0.65 -0.8 -0.6133975 -1.034345 -0.4088804 -0.8 -0.6133975 -0.9779654 -0.3831325 -0.9779654 -0.3831325 -0.8 -0.6133975 -0.75 -0.6 -0.9779654 -0.3831325 -0.75 -0.6 -0.9444558 -0.3309906 -0.9444558 -0.3309906 -0.75 -0.6 -0.55 -0.6 -0.9444558 -0.3309906 -0.55 -0.6 -0.9444558 -0.2690094 -0.9444558 -0.2690094 -0.55 -0.6 0 0 -0.55 -0.6 -0.5 -0.6133975 0 0 0 0 -0.5 -0.6133975 -0.4633975 -0.65 0 0 -0.4633975 -0.65 -0.45 -0.7 -0.4633975 -1.55 -0.5 -1.586603 0 -2.2 0 -2.2 -0.5 -1.586603 -0.55 -1.6 -1.55 -1.6 -1.142538 -1.840529 -1.35 -1.6 -1.35 -1.6 -1.142538 -1.840529 -1.095696 -1.79994 -1.35 -1.6 -1.095696 -1.79994 -1.3 -1.586603 -1.3 -1.586603 -1.095696 -1.79994 -1.263398 -1.55 -1.263398 -1.55 -1.095696 -1.79994 -1.034345 -1.79112 -1.65 -0.7 -1.954051 -1.071827 -1.65 -1.5 -1.65 -1.5 -1.954051 -1.071827 -1.954051 -1.128173 -1.65 -1.5 -1.954051 -1.128173 -1.984514 -1.175575 -1.636603 -0.65 -2.188365 -0.5624879 -1.65 -0.7 -1.65 -0.7 -2.188365 -0.5624879 -2.218829 -0.6098896 -1.65 -0.7 -2.218829 -0.6098896 -2.035768 -1.001018 -2.035768 -1.001018 -2.218829 -0.6098896 -2.270083 -0.6332967 -2.035768 -1.001018 -2.270083 -0.6332967 -2.091542 -1.009037 -2.188365 -0.5624879 -1.636603 -0.65 -2.188365 -0.5061414 -2.188365 -0.5061414 -1.636603 -0.65 -1.6 -0.6133975 -2.188365 -0.5061414 -1.6 -0.6133975 -2.218829 -0.4587396 -2.218829 -0.4587396 -1.6 -0.6133975 -1.55 -0.6 -2.218829 -0.4587396 -1.55 -0.6 -1.16 -0.3 -1.16 -0.3 -1.55 -0.6 -1.142538 -0.3594705 -1.142538 -0.3594705 -1.55 -0.6 -1.35 -0.6 -1.142538 -0.3594705 -1.35 -0.6 -1.095696 -0.4000595 -1.095696 -0.4000595 -1.35 -0.6 -1.3 -0.6133975 -1.095696 -0.4000595 -1.3 -0.6133975 -1.263398 -0.65 -1.16 -1.9 -2.218829 -1.74126 -1.142538 -1.959471 -1.142538 -1.959471 -2.218829 -1.74126 -2.270083 -1.764667 -1.142538 -1.959471 -2.270083 -1.764667 -2.85 -2.2 -1.16 -0.3 -1.142538 -0.2405295 -2.218829 -0.4587396 -2.218829 -0.4587396 -1.142538 -0.2405295 -2.270083 -0.4353324 -2.270083 -0.4353324 -1.142538 -0.2405295 -2.85 0 -1.142538 -0.2405295 -1.095696 -0.1999405 -2.85 0 -2.85 0 -1.095696 -0.1999405 -1.034345 -0.1911196 -1.034345 -0.4088804 -1.095696 -0.4000595 -1.263398 -0.65 -2.784514 -0.375575 -2.835768 -0.3989821 -2.737307 -0.7162029 -2.035768 -1.001018 -1.984514 -1.024425 -1.65 -0.7 -1.65 -0.7 -1.984514 -1.024425 -1.954051 -1.071827 -1.984514 -1.175575 -2.035768 -1.198982 -1.65 -1.5 0.1 0.07499998 -0.1 0.07499998 0.1 -0.07499998 0.1 -0.07499998 -0.1 0.07499998 -0.1 -0.07499998 -0.07499998 0.1570796 -0.07499998 0.1047196 0.07499998 0.1570796 0.07499998 0.1570796 -0.07499998 0.1047196 0.07499998 0.1047196 0.07499998 0.1047196 -0.07499998 0.1047196 -0.07499998 0.05235975 0.07499998 0.1047196 -0.07499998 0.05235975 0.07499998 0.05235975 0.07499998 0.05235975 -0.07499998 0.05235975 -0.07499998 0 0.07499998 0.05235975 -0.07499998 0 0.07499998 0 0.4 0.07499998 -0.4 0.07499998 0.4 -0.07499998 0.4 -0.07499998 -0.4 0.07499998 -0.4 -0.07499998 -0.07499998 0.1570796 -0.07499998 0.1047196 0.07499998 0.1570796 0.07499998 0.1570796 -0.07499998 0.1047196 0.07499998 0.1047196 0.07499998 0.1047196 -0.07499998 0.1047196 -0.07499998 0.05235975 0.07499998 0.1047196 -0.07499998 0.05235975 0.07499998 0.05235975 0.07499998 0.05235975 -0.07499998 0.05235975 -0.07499998 0 0.07499998 0.05235975 -0.07499998 0 0.07499998 0 0.1 0.07499998 -0.1 0.07499998 0.1 -0.07499998 0.1 -0.07499998 -0.1 0.07499998 -0.1 -0.07499998 -0.07499998 0.1570796 -0.07499998 0.1047196 0.07499998 0.1570796 0.07499998 0.1570796 -0.07499998 0.1047196 0.07499998 0.1047196 0.07499998 0.1047196 -0.07499998 0.1047196 -0.07499998 0.05235975 0.07499998 0.1047196 -0.07499998 0.05235975 0.07499998 0.05235975 0.07499998 0.05235975 -0.07499998 0.05235975 -0.07499998 0 0.07499998 0.05235975 -0.07499998 0 0.07499998 0 0.4 0.07499998 -0.4 0.07499998 0.4 -0.07499998 0.4 -0.07499998 -0.4 0.07499998 -0.4 -0.07499998 -0.07499998 0.1570796 -0.07499998 0.1047196 0.07499998 0.1570796 0.07499998 0.1570796 -0.07499998 0.1047196 0.07499998 0.1047196 0.07499998 0.1047196 -0.07499998 0.1047196 -0.07499998 0.05235975 0.07499998 0.1047196 -0.07499998 0.05235975 0.07499998 0.05235975 0.07499998 0.05235975 -0.07499998 0.05235975 -0.07499998 0 0.07499998 0.05235975 -0.07499998 0 0.07499998 0 0.02121317 -0.05426383 0.02121317 0 -0.02121317 0 -0.02121317 0 0.02121317 0 0.02121317 0.05426383 -0.02121317 0 0.02121317 0.05426383 -0.02121317 0.05969011 -0.02121317 0.05969011 0.02121317 0.05426383 0.02121317 0.1085277 -0.02121317 0.05969011 0.02121317 0.1085277 -0.02121317 0.1193805 -0.02121317 0.1193805 0.02121317 0.1085277 0.02121317 0.1627916 -0.02121317 0.1193805 0.02121317 0.1627916 -0.02121317 0.1790708 -0.02121317 0.1790708 0.02121317 0.1627916 0.02121317 0.2170554 -0.02121317 0.1790708 0.02121317 0.2170554 -0.02121317 0.238761 -0.02121317 0.238761 0.02121317 0.2170554 0.02121317 0.2713194 -0.02121317 0.238761 0.02121317 0.2713194 -0.02121317 0.2984513 -0.02121317 -0.2984513 0.02121317 -0.3255832 0.02121317 -0.2713193 -0.02121317 -0.2984513 0.02121317 -0.2713193 0.02121317 -0.2170554 0.02121317 -0.1627916 -0.02121317 -0.1790708 0.02121317 -0.2170554 0.02121317 -0.2170554 -0.02121317 -0.1790708 -0.02121317 -0.238761 0.02121317 -0.2170554 -0.02121317 -0.238761 -0.02121317 -0.2984513 -0.02121317 -0.1790708 0.02121317 -0.1627916 -0.02121317 -0.1193805 -0.02121317 -0.1193805 0.02121317 -0.1627916 0.02121317 -0.1085277 -0.02121317 -0.1193805 0.02121317 -0.1085277 -0.02121317 -0.05969011 -0.02121317 -0.05969011 0.02121317 -0.1085277 0.02121317 -0.05426383 -0.02121317 -0.05969011 0.02121317 -0.05426383 -0.02121317 0 4.965 -0.05026543 5.085 -0.05026543 4.965 0 4.965 0 5.085 -0.05026543 5.085 0 4.965 0 5.085 0 4.965 0.05026543 4.965 0.05026543 5.085 0 5.085 0.05026543 4.965 0.05026543 5.085 0.05026543 4.965 0.1005309 4.965 0.1005309 5.085 0.05026543 5.085 0.1005309 4.965 0.1005309 5.085 0.1005309 4.965 0.1507964 4.965 0.1507964 5.085 0.1005309 5.085 0.1507964 4.965 0.1507964 5.085 0.1507964 4.965 0.2010619 4.965 0.2010619 5.085 0.1507964 5.085 0.2010619 4.965 0.2010619 5.085 0.2010619 4.965 0.2513274 4.965 0.2513274 5.085 0.2010619 5.085 0.2513274 4.965 -0.2513274 5.085 -0.2513274 4.965 -0.2010619 4.965 -0.2010619 5.085 -0.2513274 5.085 -0.2010619 4.965 -0.2010619 5.085 -0.2010619 4.965 -0.1507964 4.965 -0.1507964 5.085 -0.2010619 5.085 -0.1507964 4.965 -0.1507964 5.085 -0.1507964 4.965 -0.1005309 4.965 -0.1005309 5.085 -0.1507964 5.085 -0.1005309 4.965 -0.1005309 5.085 -0.1005309 4.965 -0.05026543 4.965 -0.05026543 5.085 -0.1005309 5.085 -0.05026543 0.02121317 -0.05426383 0.02121317 0 -0.02121317 0 -0.02121317 0 0.02121317 0 0.02121317 0.05426383 -0.02121317 0 0.02121317 0.05426383 -0.02121317 0.05969011 -0.02121317 0.05969011 0.02121317 0.05426383 0.02121317 0.1085277 -0.02121317 0.05969011 0.02121317 0.1085277 -0.02121317 0.1193805 -0.02121317 0.1193805 0.02121317 0.1085277 0.02121317 0.1627916 -0.02121317 0.1193805 0.02121317 0.1627916 -0.02121317 0.1790708 -0.02121317 0.1790708 0.02121317 0.1627916 0.02121317 0.2170554 -0.02121317 0.1790708 0.02121317 0.2170554 -0.02121317 0.238761 -0.02121317 0.238761 0.02121317 0.2170554 0.02121317 0.2713194 -0.02121317 0.238761 0.02121317 0.2713194 -0.02121317 0.2984513 -0.02121317 -0.2984513 0.02121317 -0.3255832 0.02121317 -0.2713193 -0.02121317 -0.2984513 0.02121317 -0.2713193 0.02121317 -0.2170554 0.02121317 -0.1627916 -0.02121317 -0.1790708 0.02121317 -0.2170554 0.02121317 -0.2170554 -0.02121317 -0.1790708 -0.02121317 -0.238761 0.02121317 -0.2170554 -0.02121317 -0.238761 -0.02121317 -0.2984513 -0.02121317 -0.1790708 0.02121317 -0.1627916 -0.02121317 -0.1193805 -0.02121317 -0.1193805 0.02121317 -0.1627916 0.02121317 -0.1085277 -0.02121317 -0.1193805 0.02121317 -0.1085277 -0.02121317 -0.05969011 -0.02121317 -0.05969011 0.02121317 -0.1085277 0.02121317 -0.05426383 -0.02121317 -0.05969011 0.02121317 -0.05426383 -0.02121317 0 4.932 -0.05026543 5.052 -0.05026543 4.932 0 4.932 0 5.052 -0.05026543 5.052 0 4.932 0 5.052 0 4.932 0.05026543 4.932 0.05026543 5.052 0 5.052 0.05026543 4.932 0.05026543 5.052 0.05026543 4.932 0.1005309 4.932 0.1005309 5.052 0.05026543 5.052 0.1005309 4.932 0.1005309 5.052 0.1005309 4.932 0.1507964 4.932 0.1507964 5.052 0.1005309 5.052 0.1507964 4.932 0.1507964 5.052 0.1507964 4.932 0.2010619 4.932 0.2010619 5.052 0.1507964 5.052 0.2010619 4.932 0.2010619 5.052 0.2010619 4.932 0.2513274 4.932 0.2513274 5.052 0.2010619 5.052 0.2513274 4.932 -0.2513274 5.052 -0.2513274 4.932 -0.2010619 4.932 -0.2010619 5.052 -0.2513274 5.052 -0.2010619 4.932 -0.2010619 5.052 -0.2010619 4.932 -0.1507964 4.932 -0.1507964 5.052 -0.2010619 5.052 -0.1507964 4.932 -0.1507964 5.052 -0.1507964 4.932 -0.1005309 4.932 -0.1005309 5.052 -0.1507964 5.052 -0.1005309 4.932 -0.1005309 5.052 -0.1005309 4.932 -0.05026543 4.932 -0.05026543 5.052 -0.1005309 5.052 -0.05026543 0.1356071 0.07499998 -0.1630029 0.07499998 0.1356071 -0.07499998 0.1356071 -0.07499998 -0.1630029 0.07499998 -0.1630029 -0.07499998 -0.1677809 0.3141593 -0.1677809 0.2356194 -0.0177809 0.3141593 -0.0177809 0.3141593 -0.1677809 0.2356194 -0.0177809 0.2356194 -0.0177809 0.2356194 -0.1677809 0.2356194 -0.1677809 0.1570796 -0.0177809 0.2356194 -0.1677809 0.1570796 -0.0177809 0.1570796 -0.0177809 0.1570796 -0.1677809 0.1570796 -0.1677809 0.07853978 -0.0177809 0.1570796 -0.1677809 0.07853978 -0.0177809 0.07853978 -0.0177809 0.07853978 -0.1677809 0.07853978 -0.1677809 0 -0.0177809 0.07853978 -0.1677809 0 -0.0177809 0 0.5123476 0.07499998 0.4623476 0.07499998 0.5123476 -0.07499998 0.5123476 -0.07499998 0.4623476 0.07499998 0.4623476 -0.07499998 0.07499998 1.256637 -0.07499998 1.256637 0.07499998 1.142397 0.07499998 1.142397 -0.07499998 1.256637 -0.07499998 1.142397 0.07499998 1.142397 -0.07499998 1.142397 -0.07499998 1.028158 0.07499998 1.142397 -0.07499998 1.028158 0.07499998 1.028158 0.07499998 1.028158 -0.07499998 1.028158 -0.07499998 0.9139178 0.07499998 1.028158 -0.07499998 0.9139178 0.07499998 0.9139178 0.07499998 0.9139178 -0.07499998 0.9139178 -0.07499998 0.7996782 0.07499998 0.9139178 -0.07499998 0.7996782 0.07499998 0.7996782 0.07499998 0.7996782 -0.07499998 0.7996782 -0.07499998 0.6854384 0.07499998 0.7996782 -0.07499998 0.6854384 0.07499998 0.6854384 0.07499998 0.6854384 -0.07499998 0.6854384 -0.07499998 0.5711987 0.07499998 0.6854384 -0.07499998 0.5711987 0.07499998 0.5711987 0.07499998 0.5711987 -0.07499998 0.5711987 -0.07499998 0.4569589 0.07499998 0.5711987 -0.07499998 0.4569589 0.07499998 0.4569589 0.07499998 0.4569589 -0.07499998 0.4569589 -0.07499998 0.3427192 0.07499998 0.4569589 -0.07499998 0.3427192 0.07499998 0.3427192 0.07499998 0.3427192 -0.07499998 0.3427192 -0.07499998 0.2284795 0.07499998 0.3427192 -0.07499998 0.2284795 0.07499998 0.2284795 0.07499998 0.2284795 -0.07499998 0.2284795 -0.07499998 0.1142397 0.07499998 0.2284795 -0.07499998 0.1142397 0.07499998 0.1142397 0.07499998 0.1142397 -0.07499998 0.1142397 -0.07499998 0 0.07499998 0.1142397 -0.07499998 0 0.07499998 0 -0.4623476 0.07499998 -0.5123476 0.07499998 -0.4623476 -0.07499998 -0.4623476 -0.07499998 -0.5123476 0.07499998 -0.5123476 -0.07499998 -0.1677809 0.3141593 -0.1677809 0.2356194 -0.0177809 0.3141593 -0.0177809 0.3141593 -0.1677809 0.2356194 -0.0177809 0.2356194 -0.0177809 0.2356194 -0.1677809 0.2356194 -0.1677809 0.1570796 -0.0177809 0.2356194 -0.1677809 0.1570796 -0.0177809 0.1570796 -0.0177809 0.1570796 -0.1677809 0.1570796 -0.1677809 0.07853978 -0.0177809 0.1570796 -0.1677809 0.07853978 -0.0177809 0.07853978 -0.0177809 0.07853978 -0.1677809 0.07853978 -0.1677809 0 -0.0177809 0.07853978 -0.1677809 0 -0.0177809 0 0.1630029 0.07499998 -0.1356071 0.07499998 0.1630029 -0.07499998 0.1630029 -0.07499998 -0.1356071 0.07499998 -0.1356071 -0.07499998 -0.170055 0.3030424 -0.170055 0.2272818 -0.02005499 0.3030424 -0.02005499 0.3030424 -0.170055 0.2272818 -0.02005499 0.2272818 -0.02005499 0.2272818 -0.170055 0.2272818 -0.170055 0.1515212 -0.02005499 0.2272818 -0.170055 0.1515212 -0.02005499 0.1515212 -0.02005499 0.1515212 -0.170055 0.1515212 -0.170055 0.0757606 -0.02005499 0.1515212 -0.170055 0.0757606 -0.02005499 0.0757606 -0.02005499 0.0757606 -0.170055 0.0757606 -0.170055 0 -0.02005499 0.0757606 -0.170055 0 -0.02005499 0 -0.1677809 0.3030424 -0.1677809 0.2272818 -0.0177809 0.3030424 -0.0177809 0.3030424 -0.1677809 0.2272818 -0.0177809 0.2272818 -0.0177809 0.2272818 -0.1677809 0.2272818 -0.1677809 0.1515212 -0.0177809 0.2272818 -0.1677809 0.1515212 -0.0177809 0.1515212 -0.0177809 0.1515212 -0.1677809 0.1515212 -0.1677809 0.0757606 -0.0177809 0.1515212 -0.1677809 0.0757606 -0.0177809 0.0757606 -0.0177809 0.0757606 -0.1677809 0.0757606 -0.1677809 0 -0.0177809 0.0757606 -0.1677809 0 -0.0177809 0 -0.675 -0.07499998 2.175 -0.07499998 -0.675 0.07499998 -0.675 0.07499998 2.175 -0.07499998 2.175 0.07499998 -0.03749996 0.07499998 -0.03749996 -0.07499998 0.01990234 0.06358194 0.01990234 0.06358194 -0.03749996 -0.07499998 0.06856602 0.031066 0.06856602 0.031066 -0.03749996 -0.07499998 0.1010819 -0.01759731 0.1010819 -0.01759731 -0.03749996 -0.07499998 0.1125 -0.07499998 0 -0.07499998 0.04999995 -0.07499998 0 0.07499998 0 0.07499998 0.04999995 -0.07499998 0.04999995 0.07499998 5.49476 0 5.49476 0.02617985 5.34476 0 5.34476 0 5.49476 0.02617985 5.34476 0.02617985 5.34476 0.02617985 5.49476 0.02617985 5.34476 0.05235975 5.34476 0.05235975 5.49476 0.02617985 5.49476 0.05235975 5.34476 0.05235975 5.49476 0.05235975 5.34476 0.07853978 5.34476 0.07853978 5.49476 0.05235975 5.49476 0.07853978 0.03749996 0.07499998 -0.01990234 0.06358194 0.03749996 -0.07499998 0.03749996 -0.07499998 -0.01990234 0.06358194 -0.06856602 0.031066 0.03749996 -0.07499998 -0.06856602 0.031066 -0.1010819 -0.01759731 -0.1010819 -0.01759731 -0.1125 -0.07499998 0.03749996 -0.07499998 -0.175 -0.07499998 -0.02499997 -0.07499998 -0.175 0.07499998 -0.175 0.07499998 -0.02499997 -0.07499998 -0.02499997 0.07499998 2.97336 0 -0.92664 0 2.97336 -0.15 2.97336 -0.15 -0.92664 0 -0.92664 -0.15 2.97336 -0.15 -0.92664 -0.15 2.958136 -0.2265366 2.958136 -0.2265366 -0.92664 -0.15 -0.9114159 -0.2265366 2.958136 -0.2265366 -0.9114159 -0.2265366 2.914781 -0.2914214 2.914781 -0.2914214 -0.9114159 -0.2265366 -0.8680614 -0.2914214 2.914781 -0.2914214 -0.8680614 -0.2914214 2.77336 -0.35 2.77336 -0.35 -0.8680614 -0.2914214 -0.72664 -0.35 -0.72664 -0.35 -0.8680614 -0.2914214 -0.8031767 -0.3347759 2.77336 -0.35 2.849897 -0.3347759 2.914781 -0.2914214 0.175 0.07499998 0.02499997 0.07499998 0.175 -0.07499998 0.175 -0.07499998 0.02499997 0.07499998 0.02499997 -0.07499998 -0.03749996 0.07499998 -0.03749996 -0.07499998 0.01990234 0.06358194 0.01990234 0.06358194 -0.03749996 -0.07499998 0.06856602 0.031066 0.06856602 0.031066 -0.03749996 -0.07499998 0.1010819 -0.01759731 0.1010819 -0.01759731 -0.03749996 -0.07499998 0.1125 -0.07499998 5.49476 0 5.49476 0.02617985 5.34476 0 5.34476 0 5.49476 0.02617985 5.34476 0.02617985 5.34476 0.02617985 5.49476 0.02617985 5.34476 0.05235975 5.34476 0.05235975 5.49476 0.02617985 5.49476 0.05235975 5.34476 0.05235975 5.49476 0.05235975 5.34476 0.07853978 5.34476 0.07853978 5.49476 0.05235975 5.49476 0.07853978 0 0.07499998 -0.04999995 0.07499998 0 -0.07499998 0 -0.07499998 -0.04999995 0.07499998 -0.04999995 -0.07499998 -0.1125 -0.07499998 0.03749996 -0.07499998 -0.1010819 -0.01759731 -0.1010819 -0.01759731 0.03749996 -0.07499998 -0.06856602 0.031066 -0.06856602 0.031066 0.03749996 -0.07499998 -0.01990234 0.06358194 -0.01990234 0.06358194 0.03749996 -0.07499998 0.03749996 0.07499998 0.675 0.07499998 -2.175 0.07499998 0.675 -0.07499998 0.675 -0.07499998 -2.175 0.07499998 -2.175 -0.07499998 0.07499998 0.06114256 -0.07499998 0.06114256 0.07499998 0.04076159 0.07499998 0.04076159 -0.07499998 0.06114256 -0.07499998 0.04076159 0.07499998 0.04076159 -0.07499998 0.04076159 0.07499998 0.02038085 0.07499998 0.02038085 -0.07499998 0.04076159 -0.07499998 0.02038085 0.07499998 0.02038085 -0.07499998 0.02038085 0.07499998 0 0.07499998 0 -0.07499998 0.02038085 -0.07499998 0 -0.07499998 3.394609 0.07499998 3.394609 -0.07499998 3.41499 -0.07499998 3.41499 0.07499998 3.394609 0.07499998 3.41499 -0.07499998 3.41499 0.07499998 3.41499 -0.07499998 3.435371 -0.07499998 3.435371 0.07499998 3.41499 0.07499998 3.435371 -0.07499998 3.435371 0.07499998 3.435371 -0.07499998 3.455752 -0.07499998 3.455752 0.07499998 3.435371 0.07499998 3.455752 4.35 0 3.9 -0.7 4.35 -2.2 4.35 -2.2 3.9 -0.7 3.9 -1.5 4.35 -2.2 3.9 -1.5 3.886602 -1.55 1.5 0 3.275279 -0.2239155 4.35 0 4.35 0 3.275279 -0.2239155 3.324722 -0.2239155 4.35 0 3.324722 -0.2239155 3.364721 -0.2529772 1.47962 -1.88804e-4 1.485769 -0.2010177 1.5 0 1.5 0 1.485769 -0.2010177 1.541541 -0.2090368 1.5 0 1.541541 -0.2090368 1.584125 -0.2459359 1.485769 -0.2010177 1.47962 -1.88804e-4 1.304703 -0.0639531 1.304703 -0.0639531 1.47962 -1.88804e-4 1.459248 -7.55149e-4 1.304703 -0.0639531 1.459248 -7.55149e-4 1.365829 -0.01996421 1.365829 -0.01996421 1.459248 -7.55149e-4 1.438889 -0.001698732 1.304703 -0.0639531 1.264178 -0.1274282 1.485769 -0.2010177 1.485769 -0.2010177 1.264178 -0.1274282 1.434514 -0.224425 1.434514 -0.224425 1.264178 -0.1274282 1.25 -0.2013899 1.434514 -0.224425 1.25 -0.2013899 1.404051 -0.2718268 1.404051 -0.2718268 1.25 -0.2013899 1.404051 -0.3281732 1.404051 -0.3281732 1.25 -0.2013899 1.25 -0.5 1.404051 -0.3281732 1.25 -0.5 1.434514 -0.375575 1.434514 -0.375575 1.25 -0.5 1.485769 -0.3989821 1.485769 -0.3989821 1.25 -0.5 1.265224 -0.5765367 1.485769 -0.3989821 1.265224 -0.5765367 1.5 -0.7 1.5 -0.7 1.265224 -0.5765367 1.308579 -0.6414214 1.5 -0.7 1.308579 -0.6414214 1.45 -0.7 1.45 -0.7 1.308579 -0.6414214 1.373463 -0.684776 1.485769 -0.3989821 1.5 -0.7 1.541541 -0.3909632 1.541541 -0.3909632 1.5 -0.7 1.612693 -0.7162029 1.541541 -0.3909632 1.612693 -0.7162029 1.969736 -0.5624879 1.969736 -0.5624879 1.612693 -0.7162029 2.000199 -0.6098896 2.000199 -0.6098896 1.612693 -0.7162029 1.716256 -0.7634986 2.000199 -0.6098896 1.716256 -0.7634986 2.051454 -0.6332967 2.051454 -0.6332967 1.716256 -0.7634986 1.8023 -0.8380557 2.051454 -0.6332967 1.8023 -0.8380557 2.285768 -1.001018 2.285768 -1.001018 1.8023 -0.8380557 1.863853 -0.933834 2.285768 -1.001018 1.863853 -0.933834 2.234514 -1.024425 2.234514 -1.024425 1.863853 -0.933834 1.895929 -1.043074 2.234514 -1.024425 1.895929 -1.043074 2.204051 -1.071827 2.204051 -1.071827 1.895929 -1.043074 2.204051 -1.128173 2.204051 -1.128173 1.895929 -1.043074 1.895929 -1.156926 2.204051 -1.128173 1.895929 -1.156926 2.234514 -1.175575 2.234514 -1.175575 1.895929 -1.156926 1.863853 -1.266166 2.234514 -1.175575 1.863853 -1.266166 2.285768 -1.198982 2.285768 -1.198982 1.863853 -1.266166 1.8023 -1.361944 2.285768 -1.198982 1.8023 -1.361944 2.051454 -1.566703 2.051454 -1.566703 1.8023 -1.361944 1.716256 -1.436501 2.051454 -1.566703 1.716256 -1.436501 2.000199 -1.590111 2.000199 -1.590111 1.716256 -1.436501 1.612693 -1.483797 2.000199 -1.590111 1.612693 -1.483797 1.969736 -1.637512 1.969736 -1.637512 1.612693 -1.483797 1.541541 -1.809037 1.969736 -1.637512 1.541541 -1.809037 1.969736 -1.693859 1.969736 -1.693859 1.541541 -1.809037 2.000199 -1.74126 2.000199 -1.74126 1.541541 -1.809037 1.584125 -1.845936 2.000199 -1.74126 1.584125 -1.845936 1.6 -1.9 1.612693 -1.483797 1.5 -1.5 1.541541 -1.809037 1.541541 -1.809037 1.5 -1.5 1.485769 -1.801018 1.485769 -1.801018 1.5 -1.5 1.265224 -1.623463 1.485769 -1.801018 1.265224 -1.623463 1.25 -1.7 1.265224 -1.623463 1.5 -1.5 1.308579 -1.558579 1.308579 -1.558579 1.5 -1.5 1.45 -1.5 1.308579 -1.558579 1.45 -1.5 1.373463 -1.515224 1.25 -1.99861 1.404051 -1.871827 1.25 -1.7 1.25 -1.7 1.404051 -1.871827 1.434514 -1.824425 1.25 -1.7 1.434514 -1.824425 1.485769 -1.801018 1.264178 -2.072572 1.434514 -1.975575 1.25 -1.99861 1.25 -1.99861 1.434514 -1.975575 1.404051 -1.928173 1.25 -1.99861 1.404051 -1.928173 1.404051 -1.871827 1.434514 -1.975575 1.264178 -2.072572 1.485769 -1.998982 1.485769 -1.998982 1.264178 -2.072572 1.304703 -2.136047 1.485769 -1.998982 1.304703 -2.136047 1.365829 -2.180036 1.438889 -2.198301 1.459248 -2.199245 1.365829 -2.180036 1.365829 -2.180036 1.459248 -2.199245 1.485769 -1.998982 1.459248 -2.199245 1.47962 -2.199811 1.485769 -1.998982 1.485769 -1.998982 1.47962 -2.199811 1.5 -2.2 1.485769 -1.998982 1.5 -2.2 1.541541 -1.990963 1.541541 -1.990963 1.5 -2.2 1.584125 -1.954064 1.584125 -1.954064 1.5 -2.2 2.051454 -1.764667 1.584125 -1.954064 2.051454 -1.764667 1.6 -1.9 1.6 -1.9 2.051454 -1.764667 2.000199 -1.74126 4.35 -2.2 3.275279 -1.976085 1.5 -2.2 1.5 -2.2 3.275279 -1.976085 3.235279 -1.947023 1.5 -2.2 3.235279 -1.947023 2.107227 -1.756649 2.107227 -1.756649 3.235279 -1.947023 3.22 -1.9 2.107227 -1.756649 3.22 -1.9 2.149811 -1.719749 2.149811 -1.719749 3.22 -1.9 2.8 -1.6 2.149811 -1.719749 2.8 -1.6 2.75 -1.586603 2.8 -1.6 3.235279 -1.852977 3 -1.6 3 -1.6 3.235279 -1.852977 3.275279 -1.823915 3 -1.6 3.275279 -1.823915 3.05 -1.586603 3.05 -1.586603 3.275279 -1.823915 3.324722 -1.823915 3.05 -1.586603 3.324722 -1.823915 3.55 -1.586603 3.55 -1.586603 3.324722 -1.823915 3.6 -1.6 3.6 -1.6 3.324722 -1.823915 3.364721 -1.852977 3.6 -1.6 3.364721 -1.852977 3.8 -1.6 3.8 -1.6 3.364721 -1.852977 3.38 -1.9 3.8 -1.6 3.38 -1.9 4.35 -2.2 4.35 -2.2 3.38 -1.9 3.364721 -1.947023 4.35 -2.2 3.364721 -1.947023 3.324722 -1.976085 2.149811 -1.719749 2.75 -1.586603 2.165685 -1.665686 2.165685 -1.665686 2.75 -1.586603 2.713397 -1.55 2.165685 -1.665686 2.713397 -1.55 2.149811 -1.611621 2.149811 -1.611621 2.713397 -1.55 2.7 -1.5 2.149811 -1.611621 2.7 -1.5 2.107227 -1.574722 2.107227 -1.574722 2.7 -1.5 2.285768 -1.198982 2.107227 -1.574722 2.285768 -1.198982 2.051454 -1.566703 2.7 -0.7 2.4 -1.1 2.7 -1.5 2.7 -1.5 2.4 -1.1 2.384125 -1.154064 2.7 -1.5 2.384125 -1.154064 2.341542 -1.190963 2.713397 -0.65 2.149811 -0.5883787 2.7 -0.7 2.7 -0.7 2.149811 -0.5883787 2.107227 -0.6252778 2.7 -0.7 2.107227 -0.6252778 2.285768 -1.001018 2.285768 -1.001018 2.107227 -0.6252778 2.051454 -0.6332967 2.149811 -0.5883787 2.713397 -0.65 2.165685 -0.5343146 2.165685 -0.5343146 2.713397 -0.65 2.75 -0.6133975 2.165685 -0.5343146 2.75 -0.6133975 2.149811 -0.4802505 2.149811 -0.4802505 2.75 -0.6133975 2.8 -0.6 2.149811 -0.4802505 2.8 -0.6 3.22 -0.3 3.22 -0.3 2.8 -0.6 3.235279 -0.3470228 3.235279 -0.3470228 2.8 -0.6 3 -0.6 3.235279 -0.3470228 3 -0.6 3.275279 -0.3760845 3.275279 -0.3760845 3 -0.6 3.05 -0.6133975 3.275279 -0.3760845 3.05 -0.6133975 3.55 -0.6133975 3.55 -0.6133975 3.05 -0.6133975 3.513398 -0.65 3.513398 -0.65 3.05 -0.6133975 3.086603 -0.65 3.513398 -0.65 3.086603 -0.65 3.5 -0.7 3.5 -0.7 3.086603 -0.65 3.1 -0.7 3.5 -0.7 3.1 -0.7 3.5 -1.5 3.5 -1.5 3.1 -0.7 3.1 -1.5 3.5 -1.5 3.1 -1.5 3.513398 -1.55 3.513398 -1.55 3.1 -1.5 3.086603 -1.55 3.513398 -1.55 3.086603 -1.55 3.55 -1.586603 3.55 -1.586603 3.086603 -1.55 3.05 -1.586603 3.275279 -0.3760845 3.55 -0.6133975 3.324722 -0.3760845 3.324722 -0.3760845 3.55 -0.6133975 3.6 -0.6 3.324722 -0.3760845 3.6 -0.6 3.364721 -0.3470228 3.364721 -0.3470228 3.6 -0.6 3.8 -0.6 3.364721 -0.3470228 3.8 -0.6 3.38 -0.3 3.38 -0.3 3.8 -0.6 4.35 0 3.38 -0.3 4.35 0 3.364721 -0.2529772 3.8 -0.6 3.85 -0.6133975 4.35 0 4.35 0 3.85 -0.6133975 3.886602 -0.65 4.35 0 3.886602 -0.65 3.9 -0.7 3.886602 -1.55 3.85 -1.586603 4.35 -2.2 4.35 -2.2 3.85 -1.586603 3.8 -1.6 3.324722 -1.976085 3.275279 -1.976085 4.35 -2.2 3.22 -1.9 3.235279 -1.852977 2.8 -1.6 2.149811 -0.4802505 3.22 -0.3 2.107227 -0.4433513 2.107227 -0.4433513 3.22 -0.3 3.235279 -0.2529772 2.107227 -0.4433513 3.235279 -0.2529772 1.5 0 1.5 0 3.235279 -0.2529772 3.275279 -0.2239155 1.584125 -0.3540641 2.000199 -0.4587396 1.6 -0.3 1.6 -0.3 2.000199 -0.4587396 2.051454 -0.4353324 1.6 -0.3 2.051454 -0.4353324 1.584125 -0.2459359 1.584125 -0.2459359 2.051454 -0.4353324 1.5 0 1.584125 -0.3540641 1.541541 -0.3909632 2.000199 -0.4587396 2.000199 -0.4587396 1.541541 -0.3909632 1.969736 -0.5061414 1.969736 -0.5061414 1.541541 -0.3909632 1.969736 -0.5624879 2.051454 -0.4353324 2.107227 -0.4433513 1.5 0 2.341542 -1.190963 2.285768 -1.198982 2.7 -1.5 2.285768 -1.001018 2.341542 -1.009037 2.7 -0.7 2.7 -0.7 2.341542 -1.009037 2.384125 -1.045936 2.7 -0.7 2.384125 -1.045936 2.4 -1.1 2.107227 -1.756649 2.051454 -1.764667 1.5 -2.2 0.1 0.07499998 -0.1 0.07499998 0.1 -0.07499998 0.1 -0.07499998 -0.1 0.07499998 -0.1 -0.07499998 0.07499998 0 0.07499998 0.05235975 -0.07499998 0 -0.07499998 0 0.07499998 0.05235975 -0.07499998 0.05235975 -0.07499998 0.05235975 0.07499998 0.05235975 0.07499998 0.1047196 -0.07499998 0.05235975 0.07499998 0.1047196 -0.07499998 0.1047196 -0.07499998 0.1047196 0.07499998 0.1047196 0.07499998 0.1570796 -0.07499998 0.1047196 0.07499998 0.1570796 -0.07499998 0.1570796 0.4 0.07499998 -0.4 0.07499998 0.4 -0.07499998 0.4 -0.07499998 -0.4 0.07499998 -0.4 -0.07499998 0.07499998 0 0.07499998 0.05235975 -0.07499998 0 -0.07499998 0 0.07499998 0.05235975 -0.07499998 0.05235975 -0.07499998 0.05235975 0.07499998 0.05235975 0.07499998 0.1047196 -0.07499998 0.05235975 0.07499998 0.1047196 -0.07499998 0.1047196 -0.07499998 0.1047196 0.07499998 0.1047196 0.07499998 0.1570796 -0.07499998 0.1047196 0.07499998 0.1570796 -0.07499998 0.1570796 0.1 0.07499998 -0.1 0.07499998 0.1 -0.07499998 0.1 -0.07499998 -0.1 0.07499998 -0.1 -0.07499998 0.07499998 0 0.07499998 0.05235975 -0.07499998 0 -0.07499998 0 0.07499998 0.05235975 -0.07499998 0.05235975 -0.07499998 0.05235975 0.07499998 0.05235975 0.07499998 0.1047196 -0.07499998 0.05235975 0.07499998 0.1047196 -0.07499998 0.1047196 -0.07499998 0.1047196 0.07499998 0.1047196 0.07499998 0.1570796 -0.07499998 0.1047196 0.07499998 0.1570796 -0.07499998 0.1570796 0.4 0.07499998 -0.4 0.07499998 0.4 -0.07499998 0.4 -0.07499998 -0.4 0.07499998 -0.4 -0.07499998 0.07499998 0 0.07499998 0.05235975 -0.07499998 0 -0.07499998 0 0.07499998 0.05235975 -0.07499998 0.05235975 -0.07499998 0.05235975 0.07499998 0.05235975 0.07499998 0.1047196 -0.07499998 0.05235975 0.07499998 0.1047196 -0.07499998 0.1047196 -0.07499998 0.1047196 0.07499998 0.1047196 0.07499998 0.1570796 -0.07499998 0.1047196 0.07499998 0.1570796 -0.07499998 0.1570796 -1.25 -1.7 -1.404051 -1.871827 -1.25 -1.99861 -1.25 -1.99861 -1.404051 -1.871827 -1.404051 -1.928173 -1.25 -1.99861 -1.404051 -1.928173 -1.434514 -1.975575 -1.265224 -1.623463 -1.485769 -1.801018 -1.25 -1.7 -1.25 -1.7 -1.485769 -1.801018 -1.434514 -1.824425 -1.25 -1.7 -1.434514 -1.824425 -1.404051 -1.871827 -1.485769 -1.801018 -1.265224 -1.623463 -1.5 -1.5 -1.5 -1.5 -1.265224 -1.623463 -1.308579 -1.558579 -1.5 -1.5 -1.308579 -1.558579 -1.45 -1.5 -1.45 -1.5 -1.308579 -1.558579 -1.373463 -1.515224 -1.485769 -1.801018 -1.5 -1.5 -1.541541 -1.809037 -1.541541 -1.809037 -1.5 -1.5 -1.612693 -1.483797 -1.541541 -1.809037 -1.612693 -1.483797 -1.969736 -1.637512 -1.969736 -1.637512 -1.612693 -1.483797 -2.000199 -1.590111 -2.000199 -1.590111 -1.612693 -1.483797 -1.716256 -1.436501 -2.000199 -1.590111 -1.716256 -1.436501 -2.051454 -1.566703 -2.051454 -1.566703 -1.716256 -1.436501 -1.8023 -1.361944 -2.051454 -1.566703 -1.8023 -1.361944 -2.285768 -1.198982 -2.285768 -1.198982 -1.8023 -1.361944 -1.863853 -1.266166 -2.285768 -1.198982 -1.863853 -1.266166 -2.234514 -1.175575 -2.234514 -1.175575 -1.863853 -1.266166 -1.895929 -1.156926 -2.234514 -1.175575 -1.895929 -1.156926 -2.204051 -1.128173 -2.204051 -1.128173 -1.895929 -1.156926 -1.895929 -1.043074 -2.204051 -1.128173 -1.895929 -1.043074 -2.204051 -1.071827 -2.204051 -1.071827 -1.895929 -1.043074 -2.234514 -1.024425 -2.234514 -1.024425 -1.895929 -1.043074 -1.863853 -0.933834 -2.234514 -1.024425 -1.863853 -0.933834 -2.285768 -1.001018 -2.285768 -1.001018 -1.863853 -0.933834 -1.8023 -0.8380557 -2.285768 -1.001018 -1.8023 -0.8380557 -2.051454 -0.6332967 -2.051454 -0.6332967 -1.8023 -0.8380557 -1.716256 -0.7634986 -2.051454 -0.6332967 -1.716256 -0.7634986 -2.000199 -0.6098896 -2.000199 -0.6098896 -1.716256 -0.7634986 -1.612693 -0.7162029 -2.000199 -0.6098896 -1.612693 -0.7162029 -1.969736 -0.5624879 -1.969736 -0.5624879 -1.612693 -0.7162029 -1.541541 -0.3909632 -1.969736 -0.5624879 -1.541541 -0.3909632 -1.969736 -0.5061414 -1.969736 -0.5061414 -1.541541 -0.3909632 -2.000199 -0.4587396 -2.000199 -0.4587396 -1.541541 -0.3909632 -1.584125 -0.3540641 -2.000199 -0.4587396 -1.584125 -0.3540641 -1.6 -0.3 -1.612693 -0.7162029 -1.5 -0.7 -1.541541 -0.3909632 -1.541541 -0.3909632 -1.5 -0.7 -1.485769 -0.3989821 -1.485769 -0.3989821 -1.5 -0.7 -1.265224 -0.5765367 -1.485769 -0.3989821 -1.265224 -0.5765367 -1.25 -0.5 -1.265224 -0.5765367 -1.5 -0.7 -1.308579 -0.6414214 -1.308579 -0.6414214 -1.5 -0.7 -1.45 -0.7 -1.308579 -0.6414214 -1.45 -0.7 -1.373463 -0.684776 -1.25 -0.2013899 -1.404051 -0.3281732 -1.25 -0.5 -1.25 -0.5 -1.404051 -0.3281732 -1.434514 -0.375575 -1.25 -0.5 -1.434514 -0.375575 -1.485769 -0.3989821 -1.264178 -0.1274282 -1.434514 -0.224425 -1.25 -0.2013899 -1.25 -0.2013899 -1.434514 -0.224425 -1.404051 -0.2718268 -1.25 -0.2013899 -1.404051 -0.2718268 -1.404051 -0.3281732 -1.434514 -0.224425 -1.264178 -0.1274282 -1.485769 -0.2010177 -1.485769 -0.2010177 -1.264178 -0.1274282 -1.304703 -0.0639531 -1.485769 -0.2010177 -1.304703 -0.0639531 -1.47962 -1.88804e-4 -1.47962 -1.88804e-4 -1.304703 -0.0639531 -1.459248 -7.55149e-4 -1.459248 -7.55149e-4 -1.304703 -0.0639531 -1.365829 -0.01996421 -1.459248 -7.55149e-4 -1.365829 -0.01996421 -1.438889 -0.001698732 -1.47962 -1.88804e-4 -1.5 0 -1.485769 -0.2010177 -1.485769 -0.2010177 -1.5 0 -1.541541 -0.2090368 -1.541541 -0.2090368 -1.5 0 -1.584125 -0.2459359 -1.584125 -0.2459359 -1.5 0 -2.051454 -0.4353324 -1.584125 -0.2459359 -2.051454 -0.4353324 -1.6 -0.3 -1.6 -0.3 -2.051454 -0.4353324 -2.000199 -0.4587396 -4.35 0 -3.275279 -0.2239155 -1.5 0 -1.5 0 -3.275279 -0.2239155 -3.235279 -0.2529772 -1.5 0 -3.235279 -0.2529772 -2.107227 -0.4433513 -2.107227 -0.4433513 -3.235279 -0.2529772 -3.22 -0.3 -2.107227 -0.4433513 -3.22 -0.3 -2.149811 -0.4802505 -2.149811 -0.4802505 -3.22 -0.3 -2.8 -0.6 -2.149811 -0.4802505 -2.8 -0.6 -2.75 -0.6133975 -4.35 -2.2 -3.9 -0.7 -4.35 0 -4.35 0 -3.9 -0.7 -3.886602 -0.65 -4.35 0 -3.886602 -0.65 -3.85 -0.6133975 -1.5 -2.2 -3.275279 -1.976085 -4.35 -2.2 -4.35 -2.2 -3.275279 -1.976085 -3.324722 -1.976085 -4.35 -2.2 -3.324722 -1.976085 -3.364721 -1.947023 -1.47962 -2.199811 -1.485769 -1.998982 -1.5 -2.2 -1.5 -2.2 -1.485769 -1.998982 -1.541541 -1.990963 -1.5 -2.2 -1.541541 -1.990963 -1.584125 -1.954064 -1.47962 -2.199811 -1.459248 -2.199245 -1.485769 -1.998982 -1.485769 -1.998982 -1.459248 -2.199245 -1.365829 -2.180036 -1.485769 -1.998982 -1.365829 -2.180036 -1.304703 -2.136047 -1.459248 -2.199245 -1.438889 -2.198301 -1.365829 -2.180036 -1.304703 -2.136047 -1.264178 -2.072572 -1.485769 -1.998982 -1.485769 -1.998982 -1.264178 -2.072572 -1.434514 -1.975575 -1.434514 -1.975575 -1.264178 -2.072572 -1.25 -1.99861 -3.8 -1.6 -3.364721 -1.852977 -3.6 -1.6 -3.6 -1.6 -3.364721 -1.852977 -3.324722 -1.823915 -3.6 -1.6 -3.324722 -1.823915 -3.55 -1.586603 -3.55 -1.586603 -3.324722 -1.823915 -3.275279 -1.823915 -3.55 -1.586603 -3.275279 -1.823915 -3.05 -1.586603 -3.05 -1.586603 -3.275279 -1.823915 -3 -1.6 -3 -1.6 -3.275279 -1.823915 -3.235279 -1.852977 -3 -1.6 -3.235279 -1.852977 -2.8 -1.6 -2.8 -1.6 -3.235279 -1.852977 -3.22 -1.9 -2.8 -1.6 -3.22 -1.9 -2.149811 -1.719749 -2.149811 -1.719749 -3.22 -1.9 -2.107227 -1.756649 -2.107227 -1.756649 -3.22 -1.9 -3.235279 -1.947023 -2.107227 -1.756649 -3.235279 -1.947023 -1.5 -2.2 -1.5 -2.2 -3.235279 -1.947023 -3.275279 -1.976085 -3.85 -1.586603 -4.35 -2.2 -3.8 -1.6 -3.8 -1.6 -4.35 -2.2 -3.38 -1.9 -3.8 -1.6 -3.38 -1.9 -3.364721 -1.852977 -3.85 -1.586603 -3.886602 -1.55 -4.35 -2.2 -4.35 -2.2 -3.886602 -1.55 -3.9 -1.5 -4.35 -2.2 -3.9 -1.5 -3.9 -0.7 -3.85 -0.6133975 -3.8 -0.6 -4.35 0 -4.35 0 -3.8 -0.6 -3.38 -0.3 -4.35 0 -3.38 -0.3 -3.364721 -0.2529772 -3.38 -0.3 -3.8 -0.6 -3.364721 -0.3470228 -3.364721 -0.3470228 -3.8 -0.6 -3.6 -0.6 -3.364721 -0.3470228 -3.6 -0.6 -3.324722 -0.3760845 -3.324722 -0.3760845 -3.6 -0.6 -3.55 -0.6133975 -3.324722 -0.3760845 -3.55 -0.6133975 -3.05 -0.6133975 -3.05 -0.6133975 -3.55 -0.6133975 -3.086603 -0.65 -3.086603 -0.65 -3.55 -0.6133975 -3.513398 -0.65 -3.086603 -0.65 -3.513398 -0.65 -3.1 -0.7 -3.1 -0.7 -3.513398 -0.65 -3.5 -0.7 -3.1 -0.7 -3.5 -0.7 -3.1 -1.5 -3.1 -1.5 -3.5 -0.7 -3.5 -1.5 -3.1 -1.5 -3.5 -1.5 -3.086603 -1.55 -3.086603 -1.55 -3.5 -1.5 -3.513398 -1.55 -3.086603 -1.55 -3.513398 -1.55 -3.05 -1.586603 -3.05 -1.586603 -3.513398 -1.55 -3.55 -1.586603 -3.324722 -0.3760845 -3.05 -0.6133975 -3.275279 -0.3760845 -3.275279 -0.3760845 -3.05 -0.6133975 -3 -0.6 -3.275279 -0.3760845 -3 -0.6 -3.235279 -0.3470228 -3.235279 -0.3470228 -3 -0.6 -2.8 -0.6 -3.235279 -0.3470228 -2.8 -0.6 -3.22 -0.3 -2.149811 -0.4802505 -2.75 -0.6133975 -2.165685 -0.5343146 -2.165685 -0.5343146 -2.75 -0.6133975 -2.713397 -0.65 -2.165685 -0.5343146 -2.713397 -0.65 -2.149811 -0.5883787 -2.149811 -0.5883787 -2.713397 -0.65 -2.7 -0.7 -2.149811 -0.5883787 -2.7 -0.7 -2.107227 -0.6252778 -2.107227 -0.6252778 -2.7 -0.7 -2.285768 -1.001018 -2.107227 -0.6252778 -2.285768 -1.001018 -2.051454 -0.6332967 -2.7 -1.5 -2.4 -1.1 -2.7 -0.7 -2.7 -0.7 -2.4 -1.1 -2.384125 -1.045936 -2.7 -0.7 -2.384125 -1.045936 -2.341542 -1.009037 -2.713397 -1.55 -2.149811 -1.611621 -2.7 -1.5 -2.7 -1.5 -2.149811 -1.611621 -2.107227 -1.574722 -2.7 -1.5 -2.107227 -1.574722 -2.285768 -1.198982 -2.285768 -1.198982 -2.107227 -1.574722 -2.051454 -1.566703 -2.149811 -1.611621 -2.713397 -1.55 -2.165685 -1.665686 -2.165685 -1.665686 -2.713397 -1.55 -2.75 -1.586603 -2.165685 -1.665686 -2.75 -1.586603 -2.149811 -1.719749 -2.149811 -1.719749 -2.75 -1.586603 -2.8 -1.6 -3.364721 -1.947023 -3.38 -1.9 -4.35 -2.2 -3.364721 -0.2529772 -3.324722 -0.2239155 -4.35 0 -4.35 0 -3.324722 -0.2239155 -3.275279 -0.2239155 -2.107227 -0.4433513 -2.051454 -0.4353324 -1.5 0 -2.341542 -1.009037 -2.285768 -1.001018 -2.7 -0.7 -2.285768 -1.198982 -2.341542 -1.190963 -2.7 -1.5 -2.7 -1.5 -2.341542 -1.190963 -2.384125 -1.154064 -2.7 -1.5 -2.384125 -1.154064 -2.4 -1.1 -1.969736 -1.637512 -1.969736 -1.693859 -1.541541 -1.809037 -1.541541 -1.809037 -1.969736 -1.693859 -2.000199 -1.74126 -1.541541 -1.809037 -2.000199 -1.74126 -1.584125 -1.845936 -1.584125 -1.845936 -2.000199 -1.74126 -1.6 -1.9 -1.6 -1.9 -2.000199 -1.74126 -2.051454 -1.764667 -1.6 -1.9 -2.051454 -1.764667 -1.584125 -1.954064 -1.584125 -1.954064 -2.051454 -1.764667 -1.5 -2.2 -2.051454 -1.764667 -2.107227 -1.756649 -1.5 -2.2 0.1 0.07499998 -0.1 0.07499998 0.1 -0.07499998 0.1 -0.07499998 -0.1 0.07499998 -0.1 -0.07499998 0.07499998 0 0.07499998 0.05235975 -0.07499998 0 -0.07499998 0 0.07499998 0.05235975 -0.07499998 0.05235975 -0.07499998 0.05235975 0.07499998 0.05235975 0.07499998 0.1047196 -0.07499998 0.05235975 0.07499998 0.1047196 -0.07499998 0.1047196 -0.07499998 0.1047196 0.07499998 0.1047196 0.07499998 0.1570796 -0.07499998 0.1047196 0.07499998 0.1570796 -0.07499998 0.1570796 0.4 0.07499998 -0.4 0.07499998 0.4 -0.07499998 0.4 -0.07499998 -0.4 0.07499998 -0.4 -0.07499998 0.07499998 0 0.07499998 0.05235975 -0.07499998 0 -0.07499998 0 0.07499998 0.05235975 -0.07499998 0.05235975 -0.07499998 0.05235975 0.07499998 0.05235975 0.07499998 0.1047196 -0.07499998 0.05235975 0.07499998 0.1047196 -0.07499998 0.1047196 -0.07499998 0.1047196 0.07499998 0.1047196 0.07499998 0.1570796 -0.07499998 0.1047196 0.07499998 0.1570796 -0.07499998 0.1570796 0.1 0.07499998 -0.1 0.07499998 0.1 -0.07499998 0.1 -0.07499998 -0.1 0.07499998 -0.1 -0.07499998 0.07499998 0 0.07499998 0.05235975 -0.07499998 0 -0.07499998 0 0.07499998 0.05235975 -0.07499998 0.05235975 -0.07499998 0.05235975 0.07499998 0.05235975 0.07499998 0.1047196 -0.07499998 0.05235975 0.07499998 0.1047196 -0.07499998 0.1047196 -0.07499998 0.1047196 0.07499998 0.1047196 0.07499998 0.1570796 -0.07499998 0.1047196 0.07499998 0.1570796 -0.07499998 0.1570796 0.4 0.07499998 -0.4 0.07499998 0.4 -0.07499998 0.4 -0.07499998 -0.4 0.07499998 -0.4 -0.07499998 0.07499998 0 0.07499998 0.05235975 -0.07499998 0 -0.07499998 0 0.07499998 0.05235975 -0.07499998 0.05235975 -0.07499998 0.05235975 0.07499998 0.05235975 0.07499998 0.1047196 -0.07499998 0.05235975 0.07499998 0.1047196 -0.07499998 0.1047196 -0.07499998 0.1047196 0.07499998 0.1047196 0.07499998 0.1570796 -0.07499998 0.1047196 0.07499998 0.1570796 -0.07499998 0.1570796 0.715 0.2010619 0.8650001 0.2010619 0.715 0.2513274 0.715 0.2513274 0.8650001 0.2010619 0.8650001 0.2513274 0.715 -0.2513274 0.8650001 -0.2513274 0.715 -0.2010619 0.715 -0.2010619 0.8650001 -0.2513274 0.8650001 -0.2010619 0.715 -0.2010619 0.8650001 -0.2010619 0.715 -0.1507964 0.715 -0.1507964 0.8650001 -0.2010619 0.8650001 -0.1507964 0.715 -0.1507964 0.8650001 -0.1507964 0.715 -0.1005309 0.715 -0.1005309 0.8650001 -0.1507964 0.8650001 -0.1005309 0.715 -0.1005309 0.8650001 -0.1005309 0.715 -0.05026543 0.715 -0.05026543 0.8650001 -0.1005309 0.8650001 -0.05026543 0.715 -0.05026543 0.8650001 -0.05026543 0.715 0 0.715 0 0.8650001 -0.05026543 0.8650001 0 0.715 0 0.8650001 0 0.715 0.05026543 0.715 0.05026543 0.8650001 0 0.8650001 0.05026543 0.715 0.05026543 0.8650001 0.05026543 0.715 0.1005309 0.715 0.1005309 0.8650001 0.05026543 0.8650001 0.1005309 0.715 0.1005309 0.8650001 0.1005309 0.715 0.1507964 0.715 0.1507964 0.8650001 0.1005309 0.8650001 0.1507964 0.715 0.1507964 0.8650001 0.1507964 0.715 0.2010619 0.715 0.2010619 0.8650001 0.1507964 0.8650001 0.2010619 0.6820001 0.2010619 0.832 0.2010619 0.6820001 0.2513274 0.6820001 0.2513274 0.832 0.2010619 0.832 0.2513274 0.6820001 -0.2513274 0.832 -0.2513274 0.6820001 -0.2010619 0.6820001 -0.2010619 0.832 -0.2513274 0.832 -0.2010619 0.6820001 -0.2010619 0.832 -0.2010619 0.6820001 -0.1507964 0.6820001 -0.1507964 0.832 -0.2010619 0.832 -0.1507964 0.6820001 -0.1507964 0.832 -0.1507964 0.6820001 -0.1005309 0.6820001 -0.1005309 0.832 -0.1507964 0.832 -0.1005309 0.6820001 -0.1005309 0.832 -0.1005309 0.6820001 -0.05026543 0.6820001 -0.05026543 0.832 -0.1005309 0.832 -0.05026543 0.6820001 -0.05026543 0.832 -0.05026543 0.6820001 0 0.6820001 0 0.832 -0.05026543 0.832 0 0.6820001 0 0.832 0 0.6820001 0.05026543 0.6820001 0.05026543 0.832 0 0.832 0.05026543 0.6820001 0.05026543 0.832 0.05026543 0.6820001 0.1005309 0.6820001 0.1005309 0.832 0.05026543 0.832 0.1005309 0.6820001 0.1005309 0.832 0.1005309 0.6820001 0.1507964 0.6820001 0.1507964 0.832 0.1005309 0.832 0.1507964 0.6820001 0.1507964 0.832 0.1507964 0.6820001 0.2010619 0.6820001 0.2010619 0.832 0.1507964 0.832 0.2010619 0.1630029 0.07499998 -0.1356071 0.07499998 0.1630029 -0.07499998 0.1630029 -0.07499998 -0.1356071 0.07499998 -0.1356071 -0.07499998 -0.1677809 0.3030424 -0.1677809 0.2272818 -0.0177809 0.3030424 -0.0177809 0.3030424 -0.1677809 0.2272818 -0.0177809 0.2272818 -0.0177809 0.2272818 -0.1677809 0.2272818 -0.1677809 0.1515212 -0.0177809 0.2272818 -0.1677809 0.1515212 -0.0177809 0.1515212 -0.0177809 0.1515212 -0.1677809 0.1515212 -0.1677809 0.0757606 -0.0177809 0.1515212 -0.1677809 0.0757606 -0.0177809 0.0757606 -0.0177809 0.0757606 -0.1677809 0.0757606 -0.1677809 0 -0.0177809 0.0757606 -0.1677809 0 -0.0177809 0 -0.1677809 0.3141593 -0.1677809 0.2356194 -0.0177809 0.3141593 -0.0177809 0.3141593 -0.1677809 0.2356194 -0.0177809 0.2356194 -0.0177809 0.2356194 -0.1677809 0.2356194 -0.1677809 0.1570796 -0.0177809 0.2356194 -0.1677809 0.1570796 -0.0177809 0.1570796 -0.0177809 0.1570796 -0.1677809 0.1570796 -0.1677809 0.07853978 -0.0177809 0.1570796 -0.1677809 0.07853978 -0.0177809 0.07853978 -0.0177809 0.07853978 -0.1677809 0.07853978 -0.1677809 0 -0.0177809 0.07853978 -0.1677809 0 -0.0177809 0 -0.4623476 0.07499998 -0.5123476 0.07499998 -0.4623476 -0.07499998 -0.4623476 -0.07499998 -0.5123476 0.07499998 -0.5123476 -0.07499998 0.07499998 0 0.07499998 0.1142397 -0.07499998 0 -0.07499998 0 0.07499998 0.1142397 -0.07499998 0.1142397 -0.07499998 0.1142397 0.07499998 0.1142397 0.07499998 0.2284795 -0.07499998 0.1142397 0.07499998 0.2284795 -0.07499998 0.2284795 -0.07499998 0.2284795 0.07499998 0.2284795 0.07499998 0.3427192 -0.07499998 0.2284795 0.07499998 0.3427192 -0.07499998 0.3427192 -0.07499998 0.3427192 0.07499998 0.3427192 0.07499998 0.4569589 -0.07499998 0.3427192 0.07499998 0.4569589 -0.07499998 0.4569589 -0.07499998 0.4569589 0.07499998 0.4569589 0.07499998 0.5711987 -0.07499998 0.4569589 0.07499998 0.5711987 -0.07499998 0.5711987 -0.07499998 0.5711987 0.07499998 0.5711987 0.07499998 0.6854384 -0.07499998 0.5711987 0.07499998 0.6854384 -0.07499998 0.6854384 -0.07499998 0.6854384 0.07499998 0.6854384 0.07499998 0.7996782 -0.07499998 0.6854384 0.07499998 0.7996782 -0.07499998 0.7996782 -0.07499998 0.7996782 0.07499998 0.7996782 0.07499998 0.9139178 -0.07499998 0.7996782 0.07499998 0.9139178 -0.07499998 0.9139178 -0.07499998 0.9139178 0.07499998 0.9139178 0.07499998 1.028158 -0.07499998 0.9139178 0.07499998 1.028158 -0.07499998 1.028158 -0.07499998 1.028158 0.07499998 1.028158 0.07499998 1.142397 -0.07499998 1.028158 0.07499998 1.142397 -0.07499998 1.142397 -0.07499998 1.142397 0.07499998 1.142397 -0.07499998 1.256637 -0.07499998 1.256637 0.07499998 1.142397 0.07499998 1.256637 0.5123476 0.07499998 0.4623476 0.07499998 0.5123476 -0.07499998 0.5123476 -0.07499998 0.4623476 0.07499998 0.4623476 -0.07499998 -0.1677809 0.3141593 -0.1677809 0.2356194 -0.0177809 0.3141593 -0.0177809 0.3141593 -0.1677809 0.2356194 -0.0177809 0.2356194 -0.0177809 0.2356194 -0.1677809 0.2356194 -0.1677809 0.1570796 -0.0177809 0.2356194 -0.1677809 0.1570796 -0.0177809 0.1570796 -0.0177809 0.1570796 -0.1677809 0.1570796 -0.1677809 0.07853978 -0.0177809 0.1570796 -0.1677809 0.07853978 -0.0177809 0.07853978 -0.0177809 0.07853978 -0.1677809 0.07853978 -0.1677809 0 -0.0177809 0.07853978 -0.1677809 0 -0.0177809 0 0.1356071 0.07499998 -0.1630029 0.07499998 0.1356071 -0.07499998 0.1356071 -0.07499998 -0.1630029 0.07499998 -0.1630029 -0.07499998 -0.1677809 0.3030424 -0.1677809 0.2272818 -0.0177809 0.3030424 -0.0177809 0.3030424 -0.1677809 0.2272818 -0.0177809 0.2272818 -0.0177809 0.2272818 -0.1677809 0.2272818 -0.1677809 0.1515212 -0.0177809 0.2272818 -0.1677809 0.1515212 -0.0177809 0.1515212 -0.0177809 0.1515212 -0.1677809 0.1515212 -0.1677809 0.0757606 -0.0177809 0.1515212 -0.1677809 0.0757606 -0.0177809 0.0757606 -0.0177809 0.0757606 -0.1677809 0.0757606 -0.1677809 0 -0.0177809 0.0757606 -0.1677809 0 -0.0177809 0 -0.675 -0.07499998 2.175 -0.07499998 -0.675 0.07499998 -0.675 0.07499998 2.175 -0.07499998 2.175 0.07499998 -0.03749996 0.07499998 -0.03749996 -0.07499998 0.01990234 0.06358194 0.01990234 0.06358194 -0.03749996 -0.07499998 0.06856602 0.031066 0.06856602 0.031066 -0.03749996 -0.07499998 0.1010819 -0.01759731 0.1010819 -0.01759731 -0.03749996 -0.07499998 0.1125 -0.07499998 0 -0.07499998 0.04999995 -0.07499998 0 0.07499998 0 0.07499998 0.04999995 -0.07499998 0.04999995 0.07499998 5.49476 0 5.49476 0.02617985 5.34476 0 5.34476 0 5.49476 0.02617985 5.34476 0.02617985 5.34476 0.02617985 5.49476 0.02617985 5.34476 0.05235975 5.34476 0.05235975 5.49476 0.02617985 5.49476 0.05235975 5.34476 0.05235975 5.49476 0.05235975 5.34476 0.07853978 5.34476 0.07853978 5.49476 0.05235975 5.49476 0.07853978 0.03749996 0.07499998 -0.01990234 0.06358194 0.03749996 -0.07499998 0.03749996 -0.07499998 -0.01990234 0.06358194 -0.06856602 0.031066 0.03749996 -0.07499998 -0.06856602 0.031066 -0.1010819 -0.01759731 -0.1010819 -0.01759731 -0.1125 -0.07499998 0.03749996 -0.07499998 -0.175 -0.07499998 -0.02499997 -0.07499998 -0.175 0.07499998 -0.175 0.07499998 -0.02499997 -0.07499998 -0.02499997 0.07499998 -0.1677809 0.3141593 -0.1677809 0.2356194 -0.0177809 0.3141593 -0.0177809 0.3141593 -0.1677809 0.2356194 -0.0177809 0.2356194 -0.0177809 0.2356194 -0.1677809 0.2356194 -0.1677809 0.1570796 -0.0177809 0.2356194 -0.1677809 0.1570796 -0.0177809 0.1570796 -0.0177809 0.1570796 -0.1677809 0.1570796 -0.1677809 0.07853978 -0.0177809 0.1570796 -0.1677809 0.07853978 -0.0177809 0.07853978 -0.0177809 0.07853978 -0.1677809 0.07853978 -0.1677809 0 -0.0177809 0.07853978 -0.1677809 0 -0.0177809 0 1.75 0.07499998 -1.75 0.07499998 1.75 -0.07499998 1.75 -0.07499998 -1.75 0.07499998 -1.75 -0.07499998 -0.1677809 0.3141593 -0.1677809 0.2356194 -0.0177809 0.3141593 -0.0177809 0.3141593 -0.1677809 0.2356194 -0.0177809 0.2356194 -0.0177809 0.2356194 -0.1677809 0.2356194 -0.1677809 0.1570796 -0.0177809 0.2356194 -0.1677809 0.1570796 -0.0177809 0.1570796 -0.0177809 0.1570796 -0.1677809 0.1570796 -0.1677809 0.07853978 -0.0177809 0.1570796 -0.1677809 0.07853978 -0.0177809 0.07853978 -0.0177809 0.07853978 -0.1677809 0.07853978 -0.1677809 0 -0.0177809 0.07853978 -0.1677809 0 -0.0177809 0 2.97336 0 -0.92664 0 2.97336 -0.15 2.97336 -0.15 -0.92664 0 -0.92664 -0.15 2.97336 -0.15 -0.92664 -0.15 2.958136 -0.2265366 2.958136 -0.2265366 -0.92664 -0.15 -0.9114159 -0.2265366 2.958136 -0.2265366 -0.9114159 -0.2265366 2.914781 -0.2914214 2.914781 -0.2914214 -0.9114159 -0.2265366 -0.8680614 -0.2914214 2.914781 -0.2914214 -0.8680614 -0.2914214 2.77336 -0.35 2.77336 -0.35 -0.8680614 -0.2914214 -0.72664 -0.35 -0.72664 -0.35 -0.8680614 -0.2914214 -0.8031767 -0.3347759 2.77336 -0.35 2.849897 -0.3347759 2.914781 -0.2914214 -3.9 0 -3.9 -0.0589047 0 0 0 0 -3.9 -0.0589047 0 -0.0589047 0 -0.0589047 -3.9 -0.0589047 -3.9 -0.1178097 0 -0.0589047 -3.9 -0.1178097 0 -0.1178097 0 -0.1178097 -3.9 -0.1178097 0 -0.1767145 0 -0.1767145 -3.9 -0.1178097 -3.9 -0.1767145 0 -0.1767145 -3.9 -0.1767145 -1.7 -0.2356194 -1.7 -0.2356194 -3.9 -0.1767145 -2.2 -0.2356194 -2.2 -0.2356194 -3.9 -0.1767145 -3.1 -0.2356194 -3.1 -0.2356194 -3.9 -0.1767145 -3.9 -0.2356194 -1.7 -0.2356194 -0.8000001 -0.2356194 0 -0.1767145 0 -0.1767145 -0.8000001 -0.2356194 0 -0.2356194 -0.9 -1.35 -0.9 -2.25 -0.8885819 -1.407402 -0.8885819 -1.407402 -0.9 -2.25 -0.8560661 -1.456066 -0.8560661 -1.456066 -0.9 -2.25 -0.8074026 -1.488582 -0.8074026 -1.488582 -0.9 -2.25 -0.75 -1.5 -0.75 -1.5 -0.9 -2.25 -0.6 -1.5 -0.6 -1.5 -0.9 -2.25 -0.425 -1.9 -0.6 -1.5 -0.425 -1.9 -0.5425975 -1.488582 -0.5425975 -1.488582 -0.425 -1.9 -0.4082532 -1.8375 -0.5425975 -1.488582 -0.4082532 -1.8375 -0.493934 -1.456066 -0.493934 -1.456066 -0.4082532 -1.8375 -0.461418 -1.407402 -0.461418 -1.407402 -0.4082532 -1.8375 -0.3625 -1.791747 -0.461418 -1.407402 -0.3625 -1.791747 -0.45 -1.35 -0.45 -1.35 -0.3625 -1.791747 -0.3 -1.775 -0.45 -1.35 -0.3 -1.775 -0.2375 -1.791747 -0.1 -2.25 -0.3625 -2.008253 -0.9 -2.25 -0.9 -2.25 -0.3625 -2.008253 -0.4082532 -1.9625 -0.9 -2.25 -0.4082532 -1.9625 -0.425 -1.9 -0.09330123 -2.225 -0.1917468 -1.9625 -0.1 -2.25 -0.1 -2.25 -0.1917468 -1.9625 -0.2375 -2.008253 -0.1 -2.25 -0.2375 -2.008253 -0.3 -2.025 -0.1917468 -1.9625 -0.09330123 -2.225 -0.175 -1.9 -0.175 -1.9 -0.09330123 -2.225 -0.07499998 -2.206699 -0.175 -1.9 -0.07499998 -2.206699 -0.04999995 -2.2 -0.04999995 -2.2 0 -2.2 -0.175 -1.9 -0.175 -1.9 0 -2.2 -0.1917468 -1.8375 -0.1917468 -1.8375 0 -2.2 -0.1917468 -0.3625 -0.1917468 -1.8375 -0.1917468 -0.3625 -0.2375 -0.4082532 0 -2.2 0 0 -0.1917468 -0.3625 -0.1917468 -0.3625 0 0 -0.175 -0.3 -0.175 -0.3 0 0 -0.04999995 0 -0.175 -0.3 -0.04999995 0 -0.07499998 0.006698668 -0.07499998 0.006698668 -0.09330123 0.02499997 -0.175 -0.3 -0.175 -0.3 -0.09330123 0.02499997 -0.1917468 -0.2375 -0.1917468 -0.2375 -0.09330123 0.02499997 -0.1 0.04999995 -0.1917468 -0.2375 -0.1 0.04999995 -0.2375 -0.1917468 -0.2375 -0.1917468 -0.1 0.04999995 -0.3 -0.175 -0.3 -0.175 -0.1 0.04999995 -0.3625 -0.1917468 -0.3625 -0.1917468 -0.1 0.04999995 -0.9 0.04999995 -0.3625 -0.1917468 -0.9 0.04999995 -0.4082532 -0.2375 -0.4082532 -0.2375 -0.9 0.04999995 -0.425 -0.3 -0.425 -0.3 -0.9 0.04999995 -0.6 -0.7 -0.425 -0.3 -0.6 -0.7 -0.5425975 -0.7114181 -0.9 -0.85 -0.8885819 -0.7925975 -0.9 0.04999995 -0.9 0.04999995 -0.8885819 -0.7925975 -0.8560661 -0.743934 -0.9 0.04999995 -0.8560661 -0.743934 -0.8074026 -0.7114181 -0.8074026 -0.7114181 -0.75 -0.7 -0.9 0.04999995 -0.9 0.04999995 -0.75 -0.7 -0.6 -0.7 -0.425 -0.3 -0.5425975 -0.7114181 -0.4082532 -0.3625 -0.4082532 -0.3625 -0.5425975 -0.7114181 -0.493934 -0.743934 -0.4082532 -0.3625 -0.493934 -0.743934 -0.461418 -0.7925975 -0.4082532 -0.3625 -0.461418 -0.7925975 -0.3625 -0.4082532 -0.3625 -0.4082532 -0.461418 -0.7925975 -0.45 -0.85 -0.3625 -0.4082532 -0.45 -0.85 -0.3 -0.425 -0.3 -0.425 -0.45 -0.85 -0.2375 -0.4082532 -0.2375 -0.4082532 -0.45 -0.85 -0.45 -1.35 -0.2375 -0.4082532 -0.45 -1.35 -0.2375 -1.791747 -0.2375 -1.791747 -0.1917468 -1.8375 -0.2375 -0.4082532 -0.3 -2.025 -0.3625 -2.008253 -0.1 -2.25 -2.2 0 -2.2 -0.0589047 0 0 0 0 -2.2 -0.0589047 0 -0.0589047 0 -0.0589047 -2.2 -0.0589047 -2.2 -0.1178097 0 -0.0589047 -2.2 -0.1178097 0 -0.1178097 0 -0.1178097 -2.2 -0.1178097 0 -0.1767145 0 -0.1767145 -2.2 -0.1178097 -2.2 -0.1767145 0 -0.1767145 -2.2 -0.1767145 -2.2 -0.2356194 -2.2 -0.2356194 0 -0.2356194 0 -0.1767145 -3.9 0 -3.9 -0.0589047 0 0 0 0 -3.9 -0.0589047 0 -0.0589047 0 -0.0589047 -3.9 -0.0589047 -3.9 -0.1178097 0 -0.0589047 -3.9 -0.1178097 0 -0.1178097 0 -0.1178097 -3.9 -0.1178097 0 -0.1767145 0 -0.1767145 -3.9 -0.1178097 -3.9 -0.1767145 0 -0.1767145 -3.9 -0.1767145 -1.7 -0.2356194 -1.7 -0.2356194 -3.9 -0.1767145 -2.2 -0.2356194 -2.2 -0.2356194 -3.9 -0.1767145 -3.1 -0.2356194 -3.1 -0.2356194 -3.9 -0.1767145 -3.9 -0.2356194 -1.7 -0.2356194 -0.8000001 -0.2356194 0 -0.1767145 0 -0.1767145 -0.8000001 -0.2356194 0 -0.2356194 0.92664 0 -2.97336 0 0.92664 -0.15 0.92664 -0.15 -2.97336 0 -2.97336 -0.15 0.92664 -0.15 -2.97336 -0.15 0.9114159 -0.2265366 0.9114159 -0.2265366 -2.97336 -0.15 -2.958136 -0.2265366 0.9114159 -0.2265366 -2.958136 -0.2265366 0.8680614 -0.2914214 0.8680614 -0.2914214 -2.958136 -0.2265366 -2.914781 -0.2914214 0.8680614 -0.2914214 -2.914781 -0.2914214 0.72664 -0.35 0.72664 -0.35 -2.914781 -0.2914214 -2.77336 -0.35 -2.77336 -0.35 -2.914781 -0.2914214 -2.849897 -0.3347759 0.72664 -0.35 0.8031767 -0.3347759 0.8680614 -0.2914214 -0.1677809 0.3141593 -0.1677809 0.2356194 -0.0177809 0.3141593 -0.0177809 0.3141593 -0.1677809 0.2356194 -0.0177809 0.2356194 -0.0177809 0.2356194 -0.1677809 0.2356194 -0.1677809 0.1570796 -0.0177809 0.2356194 -0.1677809 0.1570796 -0.0177809 0.1570796 -0.0177809 0.1570796 -0.1677809 0.1570796 -0.1677809 0.07853978 -0.0177809 0.1570796 -0.1677809 0.07853978 -0.0177809 0.07853978 -0.0177809 0.07853978 -0.1677809 0.07853978 -0.1677809 0 -0.0177809 0.07853978 -0.1677809 0 -0.0177809 0 1.75 0.07499998 -1.75 0.07499998 1.75 -0.07499998 1.75 -0.07499998 -1.75 0.07499998 -1.75 -0.07499998 -0.1677809 0.3141593 -0.1677809 0.2356194 -0.0177809 0.3141593 -0.0177809 0.3141593 -0.1677809 0.2356194 -0.0177809 0.2356194 -0.0177809 0.2356194 -0.1677809 0.2356194 -0.1677809 0.1570796 -0.0177809 0.2356194 -0.1677809 0.1570796 -0.0177809 0.1570796 -0.0177809 0.1570796 -0.1677809 0.1570796 -0.1677809 0.07853978 -0.0177809 0.1570796 -0.1677809 0.07853978 -0.0177809 0.07853978 -0.0177809 0.07853978 -0.1677809 0.07853978 -0.1677809 0 -0.0177809 0.07853978 -0.1677809 0 -0.0177809 0 -2.2 0 -2.2 -0.0589047 0 0 0 0 -2.2 -0.0589047 0 -0.0589047 0 -0.0589047 -2.2 -0.0589047 -2.2 -0.1178097 0 -0.0589047 -2.2 -0.1178097 0 -0.1178097 0 -0.1178097 -2.2 -0.1178097 0 -0.1767145 0 -0.1767145 -2.2 -0.1178097 -2.2 -0.1767145 0 -0.1767145 -2.2 -0.1767145 -2.2 -0.2356194 -2.2 -0.2356194 0 -0.2356194 0 -0.1767145 0.01414197 -0.5269308 -0.01414197 -0.6133586 0.01414197 -0.6440265 0.01414197 -0.6440265 -0.01414197 -0.6133586 -0.01414197 -0.7360303 0.01414197 -0.6440265 -0.01414197 -0.7360303 0.01414197 -0.7611222 0.01414197 -0.7611222 -0.01414197 -0.7360303 -0.01414197 -0.858702 0.01414197 -0.7611222 -0.01414197 -0.858702 0.01414197 -0.8782179 0.01414197 -0.8782179 -0.01414197 -0.858702 -0.01414197 -0.9813737 0.01414197 -0.8782179 -0.01414197 -0.9813737 0.01414197 -0.9953137 0.01414197 -0.9953137 -0.01414197 -0.9813737 -0.01414197 -1.104045 0.01414197 -0.9953137 -0.01414197 -1.104045 0.01414197 -1.112409 0.01414197 -1.112409 -0.01414197 -1.104045 -0.01414197 -1.226717 0.01414197 -1.112409 -0.01414197 -1.226717 0.01414197 -1.229505 0.01414197 1.346601 -0.01414197 1.349389 -0.01414197 1.226717 0.01414197 1.346601 -0.01414197 1.226717 0.01414197 1.229505 0.01414197 1.229505 -0.01414197 1.226717 0.01414197 1.112409 0.01414197 1.112409 -0.01414197 1.226717 -0.01414197 1.104045 0.01414197 1.112409 -0.01414197 1.104045 0.01414197 0.9953137 0.01414197 0.9953137 -0.01414197 1.104045 -0.01414197 0.9813737 0.01414197 0.9953137 -0.01414197 0.9813737 0.01414197 0.8782179 0.01414197 0.8782179 -0.01414197 0.9813737 -0.01414197 0.858702 0.01414197 0.8782179 -0.01414197 0.858702 0.01414197 0.7611222 0.01414197 0.7611222 -0.01414197 0.858702 -0.01414197 0.7360303 0.01414197 0.7611222 -0.01414197 0.7360303 0.01414197 0.6440265 0.01414197 0.6440265 -0.01414197 0.7360303 -0.01414197 0.6133586 0.01414197 0.6440265 -0.01414197 0.6133586 0.01414197 0.5269308 0.01414197 0.5269308 -0.01414197 0.6133586 -0.01414197 0.4906868 0.01414197 0.5269308 -0.01414197 0.4906868 0.01414197 0.4098351 0.01414197 0.4098351 -0.01414197 0.4906868 -0.01414197 0.3680151 0.01414197 0.4098351 -0.01414197 0.3680151 0.01414197 0.2927393 0.01414197 0.2927393 -0.01414197 0.3680151 -0.01414197 0.2453434 0.01414197 0.2927393 -0.01414197 0.2453434 0.01414197 0.1756436 0.01414197 0.1756436 -0.01414197 0.2453434 -0.01414197 0.1226717 0.01414197 0.1756436 -0.01414197 0.1226717 0.01414197 0.05854785 0.01414197 0.05854785 -0.01414197 0.1226717 -0.01414197 0 0.01414197 0.05854785 -0.01414197 0 0.01414197 -0.05854785 0.01414197 -0.05854785 -0.01414197 0 -0.01414197 -0.1226717 0.01414197 -0.05854785 -0.01414197 -0.1226717 0.01414197 -0.1756436 0.01414197 -0.1756436 -0.01414197 -0.1226717 -0.01414197 -0.2453434 0.01414197 -0.1756436 -0.01414197 -0.2453434 0.01414197 -0.2927393 0.01414197 -0.2927393 -0.01414197 -0.2453434 -0.01414197 -0.3680151 0.01414197 -0.2927393 -0.01414197 -0.3680151 0.01414197 -0.4098351 0.01414197 -0.4098351 -0.01414197 -0.3680151 -0.01414197 -0.4906868 0.01414197 -0.4098351 -0.01414197 -0.4906868 0.01414197 -0.5269308 0.01414197 -0.5269308 -0.01414197 -0.4906868 -0.01414197 -0.6133586 0.055 -1.136957 -0.07499998 -1.196797 0.055 -1.256637 0.055 1.256637 -0.07499998 1.316477 -0.07499998 1.196797 0.055 1.256637 -0.07499998 1.196797 0.055 1.136957 0.055 1.136957 -0.07499998 1.196797 -0.07499998 1.077117 0.055 1.136957 -0.07499998 1.077117 0.055 1.017278 0.055 1.017278 -0.07499998 1.077117 -0.07499998 0.9574378 0.055 1.017278 -0.07499998 0.9574378 0.055 0.8975979 0.055 0.8975979 -0.07499998 0.9574378 -0.07499998 0.8377581 0.055 0.8975979 -0.07499998 0.8377581 0.055 0.7779182 0.055 0.7779182 -0.07499998 0.8377581 -0.07499998 0.7180783 0.055 0.7779182 -0.07499998 0.7180783 0.055 0.6582385 0.055 0.6582385 -0.07499998 0.7180783 -0.07499998 0.5983986 0.055 0.6582385 -0.07499998 0.5983986 0.055 0.5385587 0.055 0.5385587 -0.07499998 0.5983986 -0.07499998 0.4787189 0.055 0.5385587 -0.07499998 0.4787189 0.055 0.418879 0.055 0.418879 -0.07499998 0.4787189 -0.07499998 0.3590391 0.055 0.418879 -0.07499998 0.3590391 0.055 0.2991993 0.055 0.2991993 -0.07499998 0.3590391 -0.07499998 0.2393594 0.055 0.2991993 -0.07499998 0.2393594 0.055 0.1795195 0.055 0.1795195 -0.07499998 0.2393594 -0.07499998 0.1196797 0.055 0.1795195 -0.07499998 0.1196797 0.055 0.05983984 0.055 0.05983984 -0.07499998 0.1196797 -0.07499998 0 0.055 0.05983984 -0.07499998 0 0.055 -0.05983984 0.055 -0.05983984 -0.07499998 0 -0.07499998 -0.1196797 0.055 -0.05983984 -0.07499998 -0.1196797 0.055 -0.1795195 0.055 -0.1795195 -0.07499998 -0.1196797 -0.07499998 -0.2393594 0.055 -0.1795195 -0.07499998 -0.2393594 0.055 -0.2991993 0.055 -0.2991993 -0.07499998 -0.2393594 -0.07499998 -0.3590391 0.055 -0.2991993 -0.07499998 -0.3590391 0.055 -0.418879 0.055 -0.418879 -0.07499998 -0.3590391 -0.07499998 -0.4787189 0.055 -0.418879 -0.07499998 -0.4787189 0.055 -0.5385587 0.055 -0.5385587 -0.07499998 -0.4787189 -0.07499998 -0.5983986 0.055 -0.5385587 -0.07499998 -0.5983986 0.055 -0.6582385 0.055 -0.6582385 -0.07499998 -0.5983986 -0.07499998 -0.7180783 0.055 -0.6582385 -0.07499998 -0.7180783 0.055 -0.7779182 0.055 -0.7779182 -0.07499998 -0.7180783 -0.07499998 -0.8377581 0.055 -0.7779182 -0.07499998 -0.8377581 0.055 -0.8975979 0.055 -0.8975979 -0.07499998 -0.8377581 -0.07499998 -0.9574378 0.055 -0.8975979 -0.07499998 -0.9574378 0.055 -1.017278 0.055 -1.017278 -0.07499998 -0.9574378 -0.07499998 -1.077117 0.055 -1.017278 -0.07499998 -1.077117 0.055 -1.136957 0.055 -1.136957 -0.07499998 -1.077117 -0.07499998 -1.196797 0.0229808 -0.05739444 0.0229808 0 -0.0229808 0 -0.0229808 0 0.0229808 0 0.0229808 0.05739444 -0.0229808 0 0.0229808 0.05739444 -0.0229808 0.06782984 -0.0229808 0.06782984 0.0229808 0.05739444 0.0229808 0.114789 -0.0229808 0.06782984 0.0229808 0.114789 -0.0229808 0.1356596 -0.0229808 0.1356596 0.0229808 0.114789 0.0229808 0.1721834 -0.0229808 0.1356596 0.0229808 0.1721834 -0.0229808 0.2034895 -0.0229808 0.2034895 0.0229808 0.1721834 0.0229808 0.2295778 -0.0229808 0.2034895 0.0229808 0.2295778 -0.0229808 0.2713193 -0.0229808 0.2713193 0.0229808 0.2295778 0.0229808 0.2869724 -0.0229808 0.2713193 0.0229808 0.2869724 -0.0229808 0.3391492 -0.0229808 0.3391492 0.0229808 0.2869724 0.0229808 0.3443669 -0.0229808 0.3391492 0.0229808 0.3443669 0.0229808 0.4017614 -0.0229808 0.3391492 0.0229808 0.4017614 -0.0229808 0.406979 -0.0229808 -0.3391492 0.0229808 -0.3443669 0.0229808 -0.2869724 -0.0229808 -0.3391492 0.0229808 -0.2869724 -0.0229808 -0.2713193 -0.0229808 -0.2713193 0.0229808 -0.2869724 0.0229808 -0.2295778 -0.0229808 -0.2713193 0.0229808 -0.2295778 -0.0229808 -0.2034895 -0.0229808 -0.2034895 0.0229808 -0.2295778 0.0229808 -0.1721834 -0.0229808 -0.2034895 0.0229808 -0.1721834 -0.0229808 -0.1356596 -0.0229808 -0.1356596 0.0229808 -0.1721834 0.0229808 -0.114789 -0.0229808 -0.1356596 0.0229808 -0.114789 -0.0229808 -0.06782984 -0.0229808 -0.06782984 0.0229808 -0.114789 0.0229808 -0.05739444 -0.0229808 -0.06782984 0.0229808 -0.05739444 -0.0229808 0 4.5855 -0.05854785 4.703 0 4.5855 0 4.5855 0 4.703 0 4.703 0.05854785 4.5855 0 4.703 0.05854785 4.5855 0.05854785 4.5855 0.05854785 4.703 0.05854785 4.703 0.1170957 4.5855 0.05854785 4.703 0.1170957 4.5855 0.1170957 4.5855 0.1170957 4.703 0.1170957 4.703 0.1756436 4.5855 0.1170957 4.703 0.1756436 4.5855 0.1756436 4.5855 0.1756436 4.703 0.1756436 4.703 0.2341914 4.5855 0.1756436 4.703 0.2341914 4.5855 0.2341914 4.5855 0.2341914 4.703 0.2341914 4.703 0.2927393 4.5855 0.2341914 4.703 0.2927393 4.5855 0.2927393 4.5855 -0.3512872 4.703 -0.3512872 4.703 -0.2927393 4.5855 -0.3512872 4.703 -0.2927393 4.5855 -0.2927393 4.5855 -0.2927393 4.703 -0.2927393 4.703 -0.2341914 4.5855 -0.2927393 4.703 -0.2341914 4.5855 -0.2341914 4.5855 -0.2341914 4.703 -0.2341914 4.703 -0.1756436 4.5855 -0.2341914 4.703 -0.1756436 4.5855 -0.1756436 4.5855 -0.1756436 4.703 -0.1756436 4.703 -0.1170957 4.5855 -0.1756436 4.703 -0.1170957 4.5855 -0.1170957 4.5855 -0.1170957 4.703 -0.1170957 4.703 -0.05854785 4.5855 -0.1170957 4.703 -0.05854785 4.5855 -0.05854785 4.5855 -0.05854785 4.703 -0.05854785 4.703 0 0.0229808 -0.05739444 0.0229808 0 -0.0229808 0 -0.0229808 0 0.0229808 0 0.0229808 0.05739444 -0.0229808 0 0.0229808 0.05739444 -0.0229808 0.06782984 -0.0229808 0.06782984 0.0229808 0.05739444 0.0229808 0.114789 -0.0229808 0.06782984 0.0229808 0.114789 -0.0229808 0.1356596 -0.0229808 0.1356596 0.0229808 0.114789 0.0229808 0.1721834 -0.0229808 0.1356596 0.0229808 0.1721834 -0.0229808 0.2034895 -0.0229808 0.2034895 0.0229808 0.1721834 0.0229808 0.2295778 -0.0229808 0.2034895 0.0229808 0.2295778 -0.0229808 0.2713193 -0.0229808 0.2713193 0.0229808 0.2295778 0.0229808 0.2869724 -0.0229808 0.2713193 0.0229808 0.2869724 -0.0229808 0.3391492 -0.0229808 0.3391492 0.0229808 0.2869724 0.0229808 0.3443669 -0.0229808 0.3391492 0.0229808 0.3443669 0.0229808 0.4017614 -0.0229808 0.3391492 0.0229808 0.4017614 -0.0229808 0.406979 -0.0229808 -0.3391492 0.0229808 -0.3443669 0.0229808 -0.2869724 -0.0229808 -0.3391492 0.0229808 -0.2869724 -0.0229808 -0.2713193 -0.0229808 -0.2713193 0.0229808 -0.2869724 0.0229808 -0.2295778 -0.0229808 -0.2713193 0.0229808 -0.2295778 -0.0229808 -0.2034895 -0.0229808 -0.2034895 0.0229808 -0.2295778 0.0229808 -0.1721834 -0.0229808 -0.2034895 0.0229808 -0.1721834 -0.0229808 -0.1356596 -0.0229808 -0.1356596 0.0229808 -0.1721834 0.0229808 -0.114789 -0.0229808 -0.1356596 0.0229808 -0.114789 -0.0229808 -0.06782984 -0.0229808 -0.06782984 0.0229808 -0.114789 0.0229808 -0.05739444 -0.0229808 -0.06782984 0.0229808 -0.05739444 -0.0229808 0 4.5855 -0.05854785 4.703 0 4.5855 0 4.5855 0 4.703 0 4.703 0.05854785 4.5855 0 4.703 0.05854785 4.5855 0.05854785 4.5855 0.05854785 4.703 0.05854785 4.703 0.1170957 4.5855 0.05854785 4.703 0.1170957 4.5855 0.1170957 4.5855 0.1170957 4.703 0.1170957 4.703 0.1756436 4.5855 0.1170957 4.703 0.1756436 4.5855 0.1756436 4.5855 0.1756436 4.703 0.1756436 4.703 0.2341914 4.5855 0.1756436 4.703 0.2341914 4.5855 0.2341914 4.5855 0.2341914 4.703 0.2341914 4.703 0.2927393 4.5855 0.2341914 4.703 0.2927393 4.5855 0.2927393 4.5855 -0.3512872 4.703 -0.3512872 4.703 -0.2927393 4.5855 -0.3512872 4.703 -0.2927393 4.5855 -0.2927393 4.5855 -0.2927393 4.703 -0.2927393 4.703 -0.2341914 4.5855 -0.2927393 4.703 -0.2341914 4.5855 -0.2341914 4.5855 -0.2341914 4.703 -0.2341914 4.703 -0.1756436 4.5855 -0.2341914 4.703 -0.1756436 4.5855 -0.1756436 4.5855 -0.1756436 4.703 -0.1756436 4.703 -0.1170957 4.5855 -0.1756436 4.703 -0.1170957 4.5855 -0.1170957 4.5855 -0.1170957 4.703 -0.1170957 4.703 -0.05854785 4.5855 -0.1170957 4.703 -0.05854785 4.5855 -0.05854785 4.5855 -0.05854785 4.703 -0.05854785 4.703 0 0.0229808 -0.05739444 0.0229808 0 -0.0229808 0 -0.0229808 0 0.0229808 0 0.0229808 0.05739444 -0.0229808 0 0.0229808 0.05739444 -0.0229808 0.06782984 -0.0229808 0.06782984 0.0229808 0.05739444 0.0229808 0.114789 -0.0229808 0.06782984 0.0229808 0.114789 -0.0229808 0.1356596 -0.0229808 0.1356596 0.0229808 0.114789 0.0229808 0.1721834 -0.0229808 0.1356596 0.0229808 0.1721834 -0.0229808 0.2034895 -0.0229808 0.2034895 0.0229808 0.1721834 0.0229808 0.2295778 -0.0229808 0.2034895 0.0229808 0.2295778 -0.0229808 0.2713193 -0.0229808 0.2713193 0.0229808 0.2295778 0.0229808 0.2869724 -0.0229808 0.2713193 0.0229808 0.2869724 -0.0229808 0.3391492 -0.0229808 0.3391492 0.0229808 0.2869724 0.0229808 0.3443669 -0.0229808 0.3391492 0.0229808 0.3443669 0.0229808 0.4017614 -0.0229808 0.3391492 0.0229808 0.4017614 -0.0229808 0.406979 -0.0229808 -0.3391492 0.0229808 -0.3443669 0.0229808 -0.2869724 -0.0229808 -0.3391492 0.0229808 -0.2869724 -0.0229808 -0.2713193 -0.0229808 -0.2713193 0.0229808 -0.2869724 0.0229808 -0.2295778 -0.0229808 -0.2713193 0.0229808 -0.2295778 -0.0229808 -0.2034895 -0.0229808 -0.2034895 0.0229808 -0.2295778 0.0229808 -0.1721834 -0.0229808 -0.2034895 0.0229808 -0.1721834 -0.0229808 -0.1356596 -0.0229808 -0.1356596 0.0229808 -0.1721834 0.0229808 -0.114789 -0.0229808 -0.1356596 0.0229808 -0.114789 -0.0229808 -0.06782984 -0.0229808 -0.06782984 0.0229808 -0.114789 0.0229808 -0.05739444 -0.0229808 -0.06782984 0.0229808 -0.05739444 -0.0229808 0 4.5855 -0.05854785 4.703 0 4.5855 0 4.5855 0 4.703 0 4.703 0.05854785 4.5855 0 4.703 0.05854785 4.5855 0.05854785 4.5855 0.05854785 4.703 0.05854785 4.703 0.1170957 4.5855 0.05854785 4.703 0.1170957 4.5855 0.1170957 4.5855 0.1170957 4.703 0.1170957 4.703 0.1756436 4.5855 0.1170957 4.703 0.1756436 4.5855 0.1756436 4.5855 0.1756436 4.703 0.1756436 4.703 0.2341914 4.5855 0.1756436 4.703 0.2341914 4.5855 0.2341914 4.5855 0.2341914 4.703 0.2341914 4.703 0.2927393 4.5855 0.2341914 4.703 0.2927393 4.5855 0.2927393 4.5855 -0.3512872 4.703 -0.3512872 4.703 -0.2927393 4.5855 -0.3512872 4.703 -0.2927393 4.5855 -0.2927393 4.5855 -0.2927393 4.703 -0.2927393 4.703 -0.2341914 4.5855 -0.2927393 4.703 -0.2341914 4.5855 -0.2341914 4.5855 -0.2341914 4.703 -0.2341914 4.703 -0.1756436 4.5855 -0.2341914 4.703 -0.1756436 4.5855 -0.1756436 4.5855 -0.1756436 4.703 -0.1756436 4.703 -0.1170957 4.5855 -0.1756436 4.703 -0.1170957 4.5855 -0.1170957 4.5855 -0.1170957 4.703 -0.1170957 4.703 -0.05854785 4.5855 -0.1170957 4.703 -0.05854785 4.5855 -0.05854785 4.5855 -0.05854785 4.703 -0.05854785 4.703 0 0.0229808 -0.05739444 0.0229808 0 -0.0229808 0 -0.0229808 0 0.0229808 0 0.0229808 0.05739444 -0.0229808 0 0.0229808 0.05739444 -0.0229808 0.06782984 -0.0229808 0.06782984 0.0229808 0.05739444 0.0229808 0.114789 -0.0229808 0.06782984 0.0229808 0.114789 -0.0229808 0.1356596 -0.0229808 0.1356596 0.0229808 0.114789 0.0229808 0.1721834 -0.0229808 0.1356596 0.0229808 0.1721834 -0.0229808 0.2034895 -0.0229808 0.2034895 0.0229808 0.1721834 0.0229808 0.2295778 -0.0229808 0.2034895 0.0229808 0.2295778 -0.0229808 0.2713193 -0.0229808 0.2713193 0.0229808 0.2295778 0.0229808 0.2869724 -0.0229808 0.2713193 0.0229808 0.2869724 -0.0229808 0.3391492 -0.0229808 0.3391492 0.0229808 0.2869724 0.0229808 0.3443669 -0.0229808 0.3391492 0.0229808 0.3443669 0.0229808 0.4017614 -0.0229808 0.3391492 0.0229808 0.4017614 -0.0229808 0.406979 -0.0229808 -0.3391492 0.0229808 -0.3443669 0.0229808 -0.2869724 -0.0229808 -0.3391492 0.0229808 -0.2869724 -0.0229808 -0.2713193 -0.0229808 -0.2713193 0.0229808 -0.2869724 0.0229808 -0.2295778 -0.0229808 -0.2713193 0.0229808 -0.2295778 -0.0229808 -0.2034895 -0.0229808 -0.2034895 0.0229808 -0.2295778 0.0229808 -0.1721834 -0.0229808 -0.2034895 0.0229808 -0.1721834 -0.0229808 -0.1356596 -0.0229808 -0.1356596 0.0229808 -0.1721834 0.0229808 -0.114789 -0.0229808 -0.1356596 0.0229808 -0.114789 -0.0229808 -0.06782984 -0.0229808 -0.06782984 0.0229808 -0.114789 0.0229808 -0.05739444 -0.0229808 -0.06782984 0.0229808 -0.05739444 -0.0229808 0 4.5855 -0.05854785 4.703 0 4.5855 0 4.5855 0 4.703 0 4.703 0.05854785 4.5855 0 4.703 0.05854785 4.5855 0.05854785 4.5855 0.05854785 4.703 0.05854785 4.703 0.1170957 4.5855 0.05854785 4.703 0.1170957 4.5855 0.1170957 4.5855 0.1170957 4.703 0.1170957 4.703 0.1756436 4.5855 0.1170957 4.703 0.1756436 4.5855 0.1756436 4.5855 0.1756436 4.703 0.1756436 4.703 0.2341914 4.5855 0.1756436 4.703 0.2341914 4.5855 0.2341914 4.5855 0.2341914 4.703 0.2341914 4.703 0.2927393 4.5855 0.2341914 4.703 0.2927393 4.5855 0.2927393 4.5855 -0.3512872 4.703 -0.3512872 4.703 -0.2927393 4.5855 -0.3512872 4.703 -0.2927393 4.5855 -0.2927393 4.5855 -0.2927393 4.703 -0.2927393 4.703 -0.2341914 4.5855 -0.2927393 4.703 -0.2341914 4.5855 -0.2341914 4.5855 -0.2341914 4.703 -0.2341914 4.703 -0.1756436 4.5855 -0.2341914 4.703 -0.1756436 4.5855 -0.1756436 4.5855 -0.1756436 4.703 -0.1756436 4.703 -0.1170957 4.5855 -0.1756436 4.703 -0.1170957 4.5855 -0.1170957 4.5855 -0.1170957 4.703 -0.1170957 4.703 -0.05854785 4.5855 -0.1170957 4.703 -0.05854785 4.5855 -0.05854785 4.5855 -0.05854785 4.703 -0.05854785 4.703 0 0.15 0.06544983 0 0.06544983 0.15 0 0.15 0 0 0.06544983 0 0 0.15 0 0 0 0.15 -0.06544983 0.15 -0.06544983 0 0 0 -0.06544983 0.15 -0.06544983 0 -0.06544983 0.15 -0.1308997 0.15 -0.1308997 0 -0.06544983 0 -0.1308997 0.15 -0.1308997 0 -0.1308997 0.15 -0.1963495 0.15 -0.1963495 0 -0.1308997 0 -0.1963495 0.15 -0.1963495 0 -0.1963495 0.15 -0.2617994 0.15 -0.2617994 0 -0.1963495 0 -0.2617994 0.15 -0.2617994 0 -0.2617994 0.15 -0.3272492 0.15 -0.3272492 0 -0.2617994 0 -0.3272492 0.15 -0.3272492 0 -0.3272492 0.15 -0.3926991 0.15 -0.3926991 0 -0.3272492 0 -0.3926991 0.15 0.3926991 0 0.3926991 0.15 0.3272492 0.15 0.3272492 0 0.3926991 0 0.3272492 0.15 0.3272492 0 0.3272492 0.15 0.2617994 0.15 0.2617994 0 0.3272492 0 0.2617994 0.15 0.2617994 0 0.2617994 0.15 0.1963495 0.15 0.1963495 0 0.2617994 0 0.1963495 0.15 0.1963495 0 0.1963495 0.15 0.1308997 0.15 0.1308997 0 0.1963495 0 0.1308997 0.15 0.1308997 0 0.1308997 0.15 0.06544983 0.15 0.06544983 0 0.1308997 0 0.06544983 0.15 0.06544983 0 0.06544983 0.15 0 0.15 0 0 0.06544983 0 0 0.15 0 0 0 0.15 -0.06544983 0.15 -0.06544983 0 0 0 -0.06544983 0.15 -0.06544983 0 -0.06544983 0.15 -0.1308997 0.15 -0.1308997 0 -0.06544983 0 -0.1308997 0.15 -0.1308997 0 -0.1308997 0.15 -0.1963495 0.15 -0.1963495 0 -0.1308997 0 -0.1963495 0.15 -0.1963495 0 -0.1963495 0.15 -0.2617994 0.15 -0.2617994 0 -0.1963495 0 -0.2617994 0.15 -0.2617994 0 -0.2617994 0.15 -0.3272492 0.15 -0.3272492 0 -0.2617994 0 -0.3272492 0.15 -0.3272492 0 -0.3272492 0.15 -0.3926991 0.15 -0.3926991 0 -0.3272492 0 -0.3926991 0.15 0.3926991 0 0.3926991 0.15 0.3272492 0.15 0.3272492 0 0.3926991 0 0.3272492 0.15 0.3272492 0 0.3272492 0.15 0.2617994 0.15 0.2617994 0 0.3272492 0 0.2617994 0.15 0.2617994 0 0.2617994 0.15 0.1963495 0.15 0.1963495 0 0.2617994 0 0.1963495 0.15 0.1963495 0 0.1963495 0.15 0.1308997 0.15 0.1308997 0 0.1963495 0 0.1308997 0.15 0.1308997 0 0.1308997 0.15 0.06544983 0.15 0.06544983 0 0.1308997 0 0.06544983 0.15 0.06544983 0 0.06544983 0.15 0 0.15 0 0 0.06544983 0 0 0.15 0 0 0 0.15 -0.06544983 0.15 -0.06544983 0 0 0 -0.06544983 0.15 -0.06544983 0 -0.06544983 0.15 -0.1308997 0.15 -0.1308997 0 -0.06544983 0 -0.1308997 0.15 -0.1308997 0 -0.1308997 0.15 -0.1963495 0.15 -0.1963495 0 -0.1308997 0 -0.1963495 0.15 -0.1963495 0 -0.1963495 0.15 -0.2617994 0.15 -0.2617994 0 -0.1963495 0 -0.2617994 0.15 -0.2617994 0 -0.2617994 0.15 -0.3272492 0.15 -0.3272492 0 -0.2617994 0 -0.3272492 0.15 -0.3272492 0 -0.3272492 0.15 -0.3926991 0.15 -0.3926991 0 -0.3272492 0 -0.3926991 0.15 0.3926991 0 0.3926991 0.15 0.3272492 0.15 0.3272492 0 0.3926991 0 0.3272492 0.15 0.3272492 0 0.3272492 0.15 0.2617994 0.15 0.2617994 0 0.3272492 0 0.2617994 0.15 0.2617994 0 0.2617994 0.15 0.1963495 0.15 0.1963495 0 0.2617994 0 0.1963495 0.15 0.1963495 0 0.1963495 0.15 0.1308997 0.15 0.1308997 0 0.1963495 0 0.1308997 0.15 0.1308997 0 0.1308997 0.15 0.06544983 0.15 0.06544983 0 0.1308997 0 0.06544983 0.15 0.06544983 0 0.06544983 0.15 0 0.15 0 0 0.06544983 0 0 0.15 0 0 0 0.15 -0.06544983 0.15 -0.06544983 0 0 0 -0.06544983 0.15 -0.06544983 0 -0.06544983 0.15 -0.1308997 0.15 -0.1308997 0 -0.06544983 0 -0.1308997 0.15 -0.1308997 0 -0.1308997 0.15 -0.1963495 0.15 -0.1963495 0 -0.1308997 0 -0.1963495 0.15 -0.1963495 0 -0.1963495 0.15 -0.2617994 0.15 -0.2617994 0 -0.1963495 0 -0.2617994 0.15 -0.2617994 0 -0.2617994 0.15 -0.3272492 0.15 -0.3272492 0 -0.2617994 0 -0.3272492 0.15 -0.3272492 0 -0.3272492 0.15 -0.3926991 0.15 -0.3926991 0 -0.3272492 0 -0.3926991 0.15 0.3926991 0 0.3926991 0.15 0.3272492 0.15 0.3272492 0 0.3926991 0 0.3272492 0.15 0.3272492 0 0.3272492 0.15 0.2617994 0.15 0.2617994 0 0.3272492 0 0.2617994 0.15 0.2617994 0 0.2617994 0.15 0.1963495 0.15 0.1963495 0 0.2617994 0 0.1963495 0.15 0.1963495 0 0.1963495 0.15 0.1308997 0.15 0.1308997 0 0.1963495 0 0.1308997 0.15 0.1308997 0 0.1308997 0.15 0.06544983 0.15 0.06544983 0 0.1308997 0 0.06544983 -0.07499998 0.3272492 0.07499998 0.3272492 -0.07499998 0.3926991 -0.07499998 0.3926991 0.07499998 0.3272492 0.07499998 0.3926991 -0.07499998 -0.3926991 0.07499998 -0.3926991 -0.07499998 -0.3272492 -0.07499998 -0.3272492 0.07499998 -0.3926991 0.07499998 -0.3272492 -0.07499998 -0.3272492 0.07499998 -0.3272492 -0.07499998 -0.2617994 -0.07499998 -0.2617994 0.07499998 -0.3272492 0.07499998 -0.2617994 -0.07499998 -0.2617994 0.07499998 -0.2617994 -0.07499998 -0.1963495 -0.07499998 -0.1963495 0.07499998 -0.2617994 0.07499998 -0.1963495 -0.07499998 -0.1963495 0.07499998 -0.1963495 -0.07499998 -0.1308997 -0.07499998 -0.1308997 0.07499998 -0.1963495 0.07499998 -0.1308997 -0.07499998 -0.1308997 0.07499998 -0.1308997 -0.07499998 -0.06544983 -0.07499998 -0.06544983 0.07499998 -0.1308997 0.07499998 -0.06544983 -0.07499998 -0.06544983 0.07499998 -0.06544983 -0.07499998 0 -0.07499998 0 0.07499998 -0.06544983 0.07499998 0 -0.07499998 0 0.07499998 0 -0.07499998 0.06544983 -0.07499998 0.06544983 0.07499998 0 0.07499998 0.06544983 -0.07499998 0.06544983 0.07499998 0.06544983 -0.07499998 0.1308997 -0.07499998 0.1308997 0.07499998 0.06544983 0.07499998 0.1308997 -0.07499998 0.1308997 0.07499998 0.1308997 -0.07499998 0.1963495 -0.07499998 0.1963495 0.07499998 0.1308997 0.07499998 0.1963495 -0.07499998 0.1963495 0.07499998 0.1963495 -0.07499998 0.2617994 -0.07499998 0.2617994 0.07499998 0.1963495 0.07499998 0.2617994 -0.07499998 0.2617994 0.07499998 0.2617994 -0.07499998 0.3272492 -0.07499998 0.3272492 0.07499998 0.2617994 0.07499998 0.3272492 -0.07499998 0.3272492 0.07499998 0.3272492 -0.07499998 0.3926991 -0.07499998 0.3926991 0.07499998 0.3272492 0.07499998 0.3926991 -0.07499998 -0.3926991 0.07499998 -0.3926991 -0.07499998 -0.3272492 -0.07499998 -0.3272492 0.07499998 -0.3926991 0.07499998 -0.3272492 -0.07499998 -0.3272492 0.07499998 -0.3272492 -0.07499998 -0.2617994 -0.07499998 -0.2617994 0.07499998 -0.3272492 0.07499998 -0.2617994 -0.07499998 -0.2617994 0.07499998 -0.2617994 -0.07499998 -0.1963495 -0.07499998 -0.1963495 0.07499998 -0.2617994 0.07499998 -0.1963495 -0.07499998 -0.1963495 0.07499998 -0.1963495 -0.07499998 -0.1308997 -0.07499998 -0.1308997 0.07499998 -0.1963495 0.07499998 -0.1308997 -0.07499998 -0.1308997 0.07499998 -0.1308997 -0.07499998 -0.06544983 -0.07499998 -0.06544983 0.07499998 -0.1308997 0.07499998 -0.06544983 -0.07499998 -0.06544983 0.07499998 -0.06544983 -0.07499998 0 -0.07499998 0 0.07499998 -0.06544983 0.07499998 0 -0.07499998 0 0.07499998 0 -0.07499998 0.06544983 -0.07499998 0.06544983 0.07499998 0 0.07499998 0.06544983 -0.07499998 0.06544983 0.07499998 0.06544983 -0.07499998 0.1308997 -0.07499998 0.1308997 0.07499998 0.06544983 0.07499998 0.1308997 -0.07499998 0.1308997 0.07499998 0.1308997 -0.07499998 0.1963495 -0.07499998 0.1963495 0.07499998 0.1308997 0.07499998 0.1963495 -0.07499998 0.1963495 0.07499998 0.1963495 -0.07499998 0.2617994 -0.07499998 0.2617994 0.07499998 0.1963495 0.07499998 0.2617994 -0.07499998 0.2617994 0.07499998 0.2617994 -0.07499998 0.3272492 -0.07499998 0.3272492 0.07499998 0.2617994 0.07499998 0.3272492 -0.07499998 0.3272492 0.07499998 0.3272492 -0.07499998 0.3926991 -0.07499998 0.3926991 0.07499998 0.3272492 0.07499998 0.3926991 -0.07499998 -0.3926991 0.07499998 -0.3926991 -0.07499998 -0.3272492 -0.07499998 -0.3272492 0.07499998 -0.3926991 0.07499998 -0.3272492 -0.07499998 -0.3272492 0.07499998 -0.3272492 -0.07499998 -0.2617994 -0.07499998 -0.2617994 0.07499998 -0.3272492 0.07499998 -0.2617994 -0.07499998 -0.2617994 0.07499998 -0.2617994 -0.07499998 -0.1963495 -0.07499998 -0.1963495 0.07499998 -0.2617994 0.07499998 -0.1963495 -0.07499998 -0.1963495 0.07499998 -0.1963495 -0.07499998 -0.1308997 -0.07499998 -0.1308997 0.07499998 -0.1963495 0.07499998 -0.1308997 -0.07499998 -0.1308997 0.07499998 -0.1308997 -0.07499998 -0.06544983 -0.07499998 -0.06544983 0.07499998 -0.1308997 0.07499998 -0.06544983 -0.07499998 -0.06544983 0.07499998 -0.06544983 -0.07499998 0 -0.07499998 0 0.07499998 -0.06544983 0.07499998 0 -0.07499998 0 0.07499998 0 -0.07499998 0.06544983 -0.07499998 0.06544983 0.07499998 0 0.07499998 0.06544983 -0.07499998 0.06544983 0.07499998 0.06544983 -0.07499998 0.1308997 -0.07499998 0.1308997 0.07499998 0.06544983 0.07499998 0.1308997 -0.07499998 0.1308997 0.07499998 0.1308997 -0.07499998 0.1963495 -0.07499998 0.1963495 0.07499998 0.1308997 0.07499998 0.1963495 -0.07499998 0.1963495 0.07499998 0.1963495 -0.07499998 0.2617994 -0.07499998 0.2617994 0.07499998 0.1963495 0.07499998 0.2617994 -0.07499998 0.2617994 0.07499998 0.2617994 -0.07499998 0.3272492 -0.07499998 0.3272492 0.07499998 0.2617994 0.07499998 0.3272492 -0.07499998 0.3272492 0.07499998 0.3272492 -0.07499998 0.3926991 -0.07499998 0.3926991 0.07499998 0.3272492 0.07499998 0.3926991 -0.07499998 -0.3926991 0.07499998 -0.3926991 -0.07499998 -0.3272492 -0.07499998 -0.3272492 0.07499998 -0.3926991 0.07499998 -0.3272492 -0.07499998 -0.3272492 0.07499998 -0.3272492 -0.07499998 -0.2617994 -0.07499998 -0.2617994 0.07499998 -0.3272492 0.07499998 -0.2617994 -0.07499998 -0.2617994 0.07499998 -0.2617994 -0.07499998 -0.1963495 -0.07499998 -0.1963495 0.07499998 -0.2617994 0.07499998 -0.1963495 -0.07499998 -0.1963495 0.07499998 -0.1963495 -0.07499998 -0.1308997 -0.07499998 -0.1308997 0.07499998 -0.1963495 0.07499998 -0.1308997 -0.07499998 -0.1308997 0.07499998 -0.1308997 -0.07499998 -0.06544983 -0.07499998 -0.06544983 0.07499998 -0.1308997 0.07499998 -0.06544983 -0.07499998 -0.06544983 0.07499998 -0.06544983 -0.07499998 0 -0.07499998 0 0.07499998 -0.06544983 0.07499998 0 -0.07499998 0 0.07499998 0 -0.07499998 0.06544983 -0.07499998 0.06544983 0.07499998 0 0.07499998 0.06544983 -0.07499998 0.06544983 0.07499998 0.06544983 -0.07499998 0.1308997 -0.07499998 0.1308997 0.07499998 0.06544983 0.07499998 0.1308997 -0.07499998 0.1308997 0.07499998 0.1308997 -0.07499998 0.1963495 -0.07499998 0.1963495 0.07499998 0.1308997 0.07499998 0.1963495 -0.07499998 0.1963495 0.07499998 0.1963495 -0.07499998 0.2617994 -0.07499998 0.2617994 0.07499998 0.1963495 0.07499998 0.2617994 -0.07499998 0.2617994 0.07499998 0.2617994 -0.07499998 0.3272492 -0.07499998 0.3272492 0.07499998 0.2617994 0.07499998 0.3272492 -0.07499998 -0.07499998 0.07499998 -0.07499998 -0.07499998 0.07499998 -0.07499998 0.07499998 0.07499998 -0.07499998 0.07499998 0.07499998 9.155524 0 9.155524 0.0589047 9.005521 0 9.005521 0 9.155524 0.0589047 9.005521 0.0589047 9.005521 0.0589047 9.155524 0.0589047 9.155524 0.1178097 9.005521 0.0589047 9.155524 0.1178097 9.005521 0.1178097 9.005521 0.1178097 9.155524 0.1178097 9.005521 0.1767145 9.005521 0.1767145 9.155524 0.1178097 9.155524 0.1767145 9.005521 0.1767145 9.155524 0.1767145 9.155524 0.2356194 9.155524 0.2356194 9.005521 0.2356194 9.005521 0.1767145 0.25 0.07499998 -0.25 0.07499998 0.25 -0.07499998 0.25 -0.07499998 -0.25 0.07499998 -0.25 -0.07499998 8.850837 0 8.850837 0.0589047 8.700839 0 8.700839 0 8.850837 0.0589047 8.700839 0.0589047 8.700839 0.0589047 8.850837 0.0589047 8.850837 0.1178097 8.700839 0.0589047 8.850837 0.1178097 8.700839 0.1178097 8.700839 0.1178097 8.850837 0.1178097 8.700839 0.1767145 8.700839 0.1767145 8.850837 0.1178097 8.850837 0.1767145 8.700839 0.1767145 8.850837 0.1767145 8.850837 0.2356194 8.850837 0.2356194 8.700839 0.2356194 8.700839 0.1767145 -0.07499998 -0.07499998 0.07499998 -0.07499998 -0.07499998 0.07499998 -0.07499998 0.07499998 0.07499998 -0.07499998 0.07499998 0.07499998 8.851787 0 8.851787 0.0589047 8.701787 0 8.701787 0 8.851787 0.0589047 8.701787 0.0589047 8.701787 0.0589047 8.851787 0.0589047 8.851787 0.1178097 8.701787 0.0589047 8.851787 0.1178097 8.701787 0.1178097 8.701787 0.1178097 8.851787 0.1178097 8.701787 0.1767145 8.701787 0.1767145 8.851787 0.1178097 8.851787 0.1767145 8.701787 0.1767145 8.851787 0.1767145 8.851787 0.2356194 8.851787 0.2356194 8.701787 0.2356194 8.701787 0.1767145 -0.25 -0.07499998 0.25 -0.07499998 -0.25 0.07499998 -0.25 0.07499998 0.25 -0.07499998 0.25 0.07499998 9.320285 0 9.320285 0.0589047 9.170288 0 9.170288 0 9.320285 0.0589047 9.170288 0.0589047 9.170288 0.0589047 9.320285 0.0589047 9.320285 0.1178097 9.170288 0.0589047 9.320285 0.1178097 9.170288 0.1178097 9.170288 0.1178097 9.320285 0.1178097 9.170288 0.1767145 9.170288 0.1767145 9.320285 0.1178097 9.320285 0.1767145 9.170288 0.1767145 9.320285 0.1767145 9.320285 0.2356194 9.320285 0.2356194 9.170288 0.2356194 9.170288 0.1767145 0.25 0.07499998 -0.25 0.07499998 0.25 -0.07499998 0.25 -0.07499998 -0.25 0.07499998 -0.25 -0.07499998 9.444763 0 9.444763 0.0589047 9.29476 0 9.29476 0 9.444763 0.0589047 9.29476 0.0589047 9.29476 0.0589047 9.444763 0.0589047 9.444763 0.1178097 9.29476 0.0589047 9.444763 0.1178097 9.29476 0.1178097 9.29476 0.1178097 9.444763 0.1178097 9.29476 0.1767145 9.29476 0.1767145 9.444763 0.1178097 9.444763 0.1767145 9.29476 0.1767145 9.444763 0.1767145 9.444763 0.2356194 9.444763 0.2356194 9.29476 0.2356194 9.29476 0.1767145 -0.07499998 -0.07499998 0.07499998 -0.07499998 -0.07499998 0.07499998 -0.07499998 0.07499998 0.07499998 -0.07499998 0.07499998 0.07499998 9.444763 0 9.444763 0.0589047 9.29476 0 9.29476 0 9.444763 0.0589047 9.29476 0.0589047 9.29476 0.0589047 9.444763 0.0589047 9.444763 0.1178097 9.29476 0.0589047 9.444763 0.1178097 9.29476 0.1178097 9.29476 0.1178097 9.444763 0.1178097 9.29476 0.1767145 9.29476 0.1767145 9.444763 0.1178097 9.444763 0.1767145 9.29476 0.1767145 9.444763 0.1767145 9.444763 0.2356194 9.444763 0.2356194 9.29476 0.2356194 9.29476 0.1767145 -0.25 -0.07499998 0.25 -0.07499998 -0.25 0.07499998 -0.25 0.07499998 0.25 -0.07499998 0.25 0.07499998 9.444763 0 9.444763 0.0589047 9.29476 0 9.29476 0 9.444763 0.0589047 9.29476 0.0589047 9.29476 0.0589047 9.444763 0.0589047 9.444763 0.1178097 9.29476 0.0589047 9.444763 0.1178097 9.29476 0.1178097 9.29476 0.1178097 9.444763 0.1178097 9.29476 0.1767145 9.29476 0.1767145 9.444763 0.1178097 9.444763 0.1767145 9.29476 0.1767145 9.444763 0.1767145 9.444763 0.2356194 9.444763 0.2356194 9.29476 0.2356194 9.29476 0.1767145 -0.07499998 -0.07499998 0.07499998 -0.07499998 -0.07499998 0.07499998 -0.07499998 0.07499998 0.07499998 -0.07499998 0.07499998 0.07499998 9.444763 0 9.444763 0.0589047 9.29476 0 9.29476 0 9.444763 0.0589047 9.29476 0.0589047 9.29476 0.0589047 9.444763 0.0589047 9.444763 0.1178097 9.29476 0.0589047 9.444763 0.1178097 9.29476 0.1178097 9.29476 0.1178097 9.444763 0.1178097 9.29476 0.1767145 9.29476 0.1767145 9.444763 0.1178097 9.444763 0.1767145 9.29476 0.1767145 9.444763 0.1767145 9.444763 0.2356194 9.444763 0.2356194 9.29476 0.2356194 9.29476 0.1767145 0.15 0.05711972 0 0 0.15 0 0.15 0 0 0 0 -0.05711972 0.15 0 0 -0.05711972 0.15 -0.05711972 0.15 -0.05711972 0 -0.05711972 0 -0.1142397 0.15 -0.05711972 0 -0.1142397 0.15 -0.1142397 0.15 -0.1142397 0 -0.1142397 0 -0.1713595 0.15 -0.1142397 0 -0.1713595 0.15 -0.1713595 0.15 -0.1713595 0 -0.1713595 0 -0.2284795 0.15 -0.1713595 0 -0.2284795 0.15 -0.2284795 0.15 -0.2284795 0 -0.2284795 0 -0.2855994 0.15 -0.2284795 0 -0.2855994 0.15 -0.2855993 0.15 0.3427192 0 0.3427192 0 0.2855993 0.15 0.3427192 0 0.2855993 0.15 0.2855993 0.15 0.2855993 0 0.2855993 0 0.2284795 0.15 0.2855993 0 0.2284795 0.15 0.2284795 0.15 0.2284795 0 0.2284795 0 0.1713595 0.15 0.2284795 0 0.1713595 0.15 0.1713595 0.15 0.1713595 0 0.1713595 0 0.1142397 0.15 0.1713595 0 0.1142397 0.15 0.1142397 0.15 0.1142397 0 0.1142397 0 0.05711972 0.15 0.1142397 0 0.05711972 0.15 0.05711972 0.15 0.05711972 0 0.05711972 0 0 4.25 0.2570394 4.4 0.2570394 4.25 0.3141593 4.25 0.3141593 4.4 0.2570394 4.4 0.3141593 4.25 -0.3141593 4.4 -0.3141593 4.25 -0.2570394 4.25 -0.2570394 4.4 -0.3141593 4.4 -0.2570394 4.25 -0.2570394 4.4 -0.2570394 4.25 -0.1999195 4.25 -0.1999195 4.4 -0.2570394 4.4 -0.1999195 4.25 -0.1999195 4.4 -0.1999195 4.25 -0.1427996 4.25 -0.1427996 4.4 -0.1999195 4.4 -0.1427996 4.25 -0.1427996 4.4 -0.1427996 4.25 -0.08567976 4.25 -0.08567976 4.4 -0.1427996 4.4 -0.08567976 4.25 -0.08567976 4.4 -0.08567976 4.25 -0.02855992 4.25 -0.02855992 4.4 -0.08567976 4.4 -0.02855992 4.25 -0.02855992 4.4 -0.02855992 4.25 0.02855992 4.25 0.02855992 4.4 -0.02855992 4.4 0.02855992 4.25 0.02855992 4.4 0.02855992 4.25 0.08567976 4.25 0.08567976 4.4 0.02855992 4.4 0.08567976 4.25 0.08567976 4.4 0.08567976 4.25 0.1427996 4.25 0.1427996 4.4 0.08567976 4.4 0.1427996 4.25 0.1427996 4.4 0.1427996 4.25 0.1999195 4.25 0.1999195 4.4 0.1427996 4.4 0.1999195 4.25 0.1999195 4.4 0.1999195 4.25 0.2570394 4.25 0.2570394 4.4 0.1999195 4.4 0.2570394 0.15 0.05711972 0 0 0.15 0 0.15 0 0 0 0 -0.05711972 0.15 0 0 -0.05711972 0.15 -0.05711972 0.15 -0.05711972 0 -0.05711972 0 -0.1142397 0.15 -0.05711972 0 -0.1142397 0.15 -0.1142397 0.15 -0.1142397 0 -0.1142397 0 -0.1713595 0.15 -0.1142397 0 -0.1713595 0.15 -0.1713595 0.15 -0.1713595 0 -0.1713595 0 -0.2284795 0.15 -0.1713595 0 -0.2284795 0.15 -0.2284795 0.15 -0.2284795 0 -0.2284795 0 -0.2855994 0.15 -0.2284795 0 -0.2855994 0.15 -0.2855993 0.15 0.3427192 0 0.3427192 0 0.2855993 0.15 0.3427192 0 0.2855993 0.15 0.2855993 0.15 0.2855993 0 0.2855993 0 0.2284795 0.15 0.2855993 0 0.2284795 0.15 0.2284795 0.15 0.2284795 0 0.2284795 0 0.1713595 0.15 0.2284795 0 0.1713595 0.15 0.1713595 0.15 0.1713595 0 0.1713595 0 0.1142397 0.15 0.1713595 0 0.1142397 0.15 0.1142397 0.15 0.1142397 0 0.1142397 0 0.05711972 0.15 0.1142397 0 0.05711972 0.15 0.05711972 0.15 0.05711972 0 0.05711972 0 0 4.25 0.2570394 4.4 0.2570394 4.25 0.3141593 4.25 0.3141593 4.4 0.2570394 4.4 0.3141593 4.25 -0.3141593 4.4 -0.3141593 4.25 -0.2570394 4.25 -0.2570394 4.4 -0.3141593 4.4 -0.2570394 4.25 -0.2570394 4.4 -0.2570394 4.25 -0.1999195 4.25 -0.1999195 4.4 -0.2570394 4.4 -0.1999195 4.25 -0.1999195 4.4 -0.1999195 4.25 -0.1427996 4.25 -0.1427996 4.4 -0.1999195 4.4 -0.1427996 4.25 -0.1427996 4.4 -0.1427996 4.25 -0.08567976 4.25 -0.08567976 4.4 -0.1427996 4.4 -0.08567976 4.25 -0.08567976 4.4 -0.08567976 4.25 -0.02855992 4.25 -0.02855992 4.4 -0.08567976 4.4 -0.02855992 4.25 -0.02855992 4.4 -0.02855992 4.25 0.02855992 4.25 0.02855992 4.4 -0.02855992 4.4 0.02855992 4.25 0.02855992 4.4 0.02855992 4.25 0.08567976 4.25 0.08567976 4.4 0.02855992 4.4 0.08567976 4.25 0.08567976 4.4 0.08567976 4.25 0.1427996 4.25 0.1427996 4.4 0.08567976 4.4 0.1427996 4.25 0.1427996 4.4 0.1427996 4.25 0.1999195 4.25 0.1999195 4.4 0.1427996 4.4 0.1999195 4.25 0.1999195 4.4 0.1999195 4.25 0.2570394 4.25 0.2570394 4.4 0.1999195 4.4 0.2570394 0.15 0.05711972 0 0 0.15 0 0.15 0 0 0 0 -0.05711972 0.15 0 0 -0.05711972 0.15 -0.05711972 0.15 -0.05711972 0 -0.05711972 0 -0.1142397 0.15 -0.05711972 0 -0.1142397 0.15 -0.1142397 0.15 -0.1142397 0 -0.1142397 0 -0.1713595 0.15 -0.1142397 0 -0.1713595 0.15 -0.1713595 0.15 -0.1713595 0 -0.1713595 0 -0.2284795 0.15 -0.1713595 0 -0.2284795 0.15 -0.2284795 0.15 -0.2284795 0 -0.2284795 0 -0.2855994 0.15 -0.2284795 0 -0.2855994 0.15 -0.2855993 0.15 0.3427192 0 0.3427192 0 0.2855993 0.15 0.3427192 0 0.2855993 0.15 0.2855993 0.15 0.2855993 0 0.2855993 0 0.2284795 0.15 0.2855993 0 0.2284795 0.15 0.2284795 0.15 0.2284795 0 0.2284795 0 0.1713595 0.15 0.2284795 0 0.1713595 0.15 0.1713595 0.15 0.1713595 0 0.1713595 0 0.1142397 0.15 0.1713595 0 0.1142397 0.15 0.1142397 0.15 0.1142397 0 0.1142397 0 0.05711972 0.15 0.1142397 0 0.05711972 0.15 0.05711972 0.15 0.05711972 0 0.05711972 0 0 4.25 0.2570394 4.4 0.2570394 4.25 0.3141593 4.25 0.3141593 4.4 0.2570394 4.4 0.3141593 4.25 -0.3141593 4.4 -0.3141593 4.25 -0.2570394 4.25 -0.2570394 4.4 -0.3141593 4.4 -0.2570394 4.25 -0.2570394 4.4 -0.2570394 4.25 -0.1999195 4.25 -0.1999195 4.4 -0.2570394 4.4 -0.1999195 4.25 -0.1999195 4.4 -0.1999195 4.25 -0.1427996 4.25 -0.1427996 4.4 -0.1999195 4.4 -0.1427996 4.25 -0.1427996 4.4 -0.1427996 4.25 -0.08567976 4.25 -0.08567976 4.4 -0.1427996 4.4 -0.08567976 4.25 -0.08567976 4.4 -0.08567976 4.25 -0.02855992 4.25 -0.02855992 4.4 -0.08567976 4.4 -0.02855992 4.25 -0.02855992 4.4 -0.02855992 4.25 0.02855992 4.25 0.02855992 4.4 -0.02855992 4.4 0.02855992 4.25 0.02855992 4.4 0.02855992 4.25 0.08567976 4.25 0.08567976 4.4 0.02855992 4.4 0.08567976 4.25 0.08567976 4.4 0.08567976 4.25 0.1427996 4.25 0.1427996 4.4 0.08567976 4.4 0.1427996 4.25 0.1427996 4.4 0.1427996 4.25 0.1999195 4.25 0.1999195 4.4 0.1427996 4.4 0.1999195 4.25 0.1999195 4.4 0.1999195 4.25 0.2570394 4.25 0.2570394 4.4 0.1999195 4.4 0.2570394 0.15 0.05711972 0 0 0.15 0 0.15 0 0 0 0 -0.05711972 0.15 0 0 -0.05711972 0.15 -0.05711972 0.15 -0.05711972 0 -0.05711972 0 -0.1142397 0.15 -0.05711972 0 -0.1142397 0.15 -0.1142397 0.15 -0.1142397 0 -0.1142397 0 -0.1713595 0.15 -0.1142397 0 -0.1713595 0.15 -0.1713595 0.15 -0.1713595 0 -0.1713595 0 -0.2284795 0.15 -0.1713595 0 -0.2284795 0.15 -0.2284795 0.15 -0.2284795 0 -0.2284795 0 -0.2855994 0.15 -0.2284795 0 -0.2855994 0.15 -0.2855993 0.15 0.3427192 0 0.3427192 0 0.2855993 0.15 0.3427192 0 0.2855993 0.15 0.2855993 0.15 0.2855993 0 0.2855993 0 0.2284795 0.15 0.2855993 0 0.2284795 0.15 0.2284795 0.15 0.2284795 0 0.2284795 0 0.1713595 0.15 0.2284795 0 0.1713595 0.15 0.1713595 0.15 0.1713595 0 0.1713595 0 0.1142397 0.15 0.1713595 0 0.1142397 0.15 0.1142397 0.15 0.1142397 0 0.1142397 0 0.05711972 0.15 0.1142397 0 0.05711972 0.15 0.05711972 0.15 0.05711972 0 0.05711972 0 0 4.25 0.2570394 4.4 0.2570394 4.25 0.3141593 4.25 0.3141593 4.4 0.2570394 4.4 0.3141593 4.25 -0.3141593 4.4 -0.3141593 4.25 -0.2570394 4.25 -0.2570394 4.4 -0.3141593 4.4 -0.2570394 4.25 -0.2570394 4.4 -0.2570394 4.25 -0.1999195 4.25 -0.1999195 4.4 -0.2570394 4.4 -0.1999195 4.25 -0.1999195 4.4 -0.1999195 4.25 -0.1427996 4.25 -0.1427996 4.4 -0.1999195 4.4 -0.1427996 4.25 -0.1427996 4.4 -0.1427996 4.25 -0.08567976 4.25 -0.08567976 4.4 -0.1427996 4.4 -0.08567976 4.25 -0.08567976 4.4 -0.08567976 4.25 -0.02855992 4.25 -0.02855992 4.4 -0.08567976 4.4 -0.02855992 4.25 -0.02855992 4.4 -0.02855992 4.25 0.02855992 4.25 0.02855992 4.4 -0.02855992 4.4 0.02855992 4.25 0.02855992 4.4 0.02855992 4.25 0.08567976 4.25 0.08567976 4.4 0.02855992 4.4 0.08567976 4.25 0.08567976 4.4 0.08567976 4.25 0.1427996 4.25 0.1427996 4.4 0.08567976 4.4 0.1427996 4.25 0.1427996 4.4 0.1427996 4.25 0.1999195 4.25 0.1999195 4.4 0.1427996 4.4 0.1999195 4.25 0.1999195 4.4 0.1999195 4.25 0.2570394 4.25 0.2570394 4.4 0.1999195 4.4 0.2570394 0.15 0.05711972 0 0 0.15 0 0.15 0 0 0 0 -0.05711972 0.15 0 0 -0.05711972 0.15 -0.05711972 0.15 -0.05711972 0 -0.05711972 0 -0.1142397 0.15 -0.05711972 0 -0.1142397 0.15 -0.1142397 0.15 -0.1142397 0 -0.1142397 0 -0.1713595 0.15 -0.1142397 0 -0.1713595 0.15 -0.1713595 0.15 -0.1713595 0 -0.1713595 0 -0.2284795 0.15 -0.1713595 0 -0.2284795 0.15 -0.2284795 0.15 -0.2284795 0 -0.2284795 0 -0.2855994 0.15 -0.2284795 0 -0.2855994 0.15 -0.2855993 0.15 0.3427192 0 0.3427192 0 0.2855993 0.15 0.3427192 0 0.2855993 0.15 0.2855993 0.15 0.2855993 0 0.2855993 0 0.2284795 0.15 0.2855993 0 0.2284795 0.15 0.2284795 0.15 0.2284795 0 0.2284795 0 0.1713595 0.15 0.2284795 0 0.1713595 0.15 0.1713595 0.15 0.1713595 0 0.1713595 0 0.1142397 0.15 0.1713595 0 0.1142397 0.15 0.1142397 0.15 0.1142397 0 0.1142397 0 0.05711972 0.15 0.1142397 0 0.05711972 0.15 0.05711972 0.15 0.05711972 0 0.05711972 0 0 4.25 0.2570394 4.4 0.2570394 4.25 0.3141593 4.25 0.3141593 4.4 0.2570394 4.4 0.3141593 4.25 -0.3141593 4.4 -0.3141593 4.25 -0.2570394 4.25 -0.2570394 4.4 -0.3141593 4.4 -0.2570394 4.25 -0.2570394 4.4 -0.2570394 4.25 -0.1999195 4.25 -0.1999195 4.4 -0.2570394 4.4 -0.1999195 4.25 -0.1999195 4.4 -0.1999195 4.25 -0.1427996 4.25 -0.1427996 4.4 -0.1999195 4.4 -0.1427996 4.25 -0.1427996 4.4 -0.1427996 4.25 -0.08567976 4.25 -0.08567976 4.4 -0.1427996 4.4 -0.08567976 4.25 -0.08567976 4.4 -0.08567976 4.25 -0.02855992 4.25 -0.02855992 4.4 -0.08567976 4.4 -0.02855992 4.25 -0.02855992 4.4 -0.02855992 4.25 0.02855992 4.25 0.02855992 4.4 -0.02855992 4.4 0.02855992 4.25 0.02855992 4.4 0.02855992 4.25 0.08567976 4.25 0.08567976 4.4 0.02855992 4.4 0.08567976 4.25 0.08567976 4.4 0.08567976 4.25 0.1427996 4.25 0.1427996 4.4 0.08567976 4.4 0.1427996 4.25 0.1427996 4.4 0.1427996 4.25 0.1999195 4.25 0.1999195 4.4 0.1427996 4.4 0.1999195 4.25 0.1999195 4.4 0.1999195 4.25 0.2570394 4.25 0.2570394 4.4 0.1999195 4.4 0.2570394 -2.3375 -0.1917468 -2.352128 -0.1737728 -2.4 -0.175 -2.4 -0.175 -2.352128 -0.1737728 -2.416273 -0.1659843 -2.4 -0.175 -2.416273 -0.1659843 -2.476689 -0.1888971 -2.352128 -0.1737728 -2.3375 -0.1917468 -2.298951 -0.2104784 -2.298951 -0.2104784 -2.3375 -0.1917468 -2.291747 -0.2375 -2.298951 -0.2104784 -2.291747 -0.2375 -2.268923 -0.2676924 -2.268923 -0.2676924 -2.291747 -0.2375 -2.275 -0.3 -2.268923 -0.2676924 -2.275 -0.3 -2.268923 -0.3323076 -2.268923 -0.3323076 -2.275 -0.3 -2.291747 -0.3625 -2.268923 -0.3323076 -2.291747 -0.3625 -2.298951 -0.3895215 -2.298951 -0.3895215 -2.291747 -0.3625 -2.3375 -0.4082532 -2.298951 -0.3895215 -2.3375 -0.4082532 -2.352128 -0.4262272 -2.352128 -0.4262272 -2.3375 -0.4082532 -2.4 -0.425 -2.352128 -0.4262272 -2.4 -0.425 -2.416273 -0.4340157 -2.416273 -0.4340157 -2.4 -0.425 -2.476689 -0.4111028 -2.476689 -0.4111028 -2.4 -0.425 -2.4625 -0.4082532 -2.476689 -0.4111028 -2.4625 -0.4082532 -2.519537 -0.3627376 -2.519537 -0.3627376 -2.4625 -0.4082532 -2.508253 -0.3625 -2.519537 -0.3627376 -2.508253 -0.3625 -2.525 -0.3 -2.508253 -0.2375 -2.519537 -0.2372623 -2.525 -0.3 -2.525 -0.3 -2.519537 -0.2372623 -2.535 -0.3 -2.525 -0.3 -2.535 -0.3 -2.519537 -0.3627376 -2.508253 -0.2375 -2.4625 -0.1917468 -2.519537 -0.2372623 -2.519537 -0.2372623 -2.4625 -0.1917468 -2.476689 -0.1888971 -2.476689 -0.1888971 -2.4625 -0.1917468 -2.4 -0.175 -2.912738 -1.569537 -2.85 -1.585 -2.85 -1.575 -2.85 -1.575 -2.85 -1.585 -2.787262 -1.569537 -2.85 -1.575 -2.787262 -1.569537 -2.7875 -1.558253 -2.7875 -1.558253 -2.787262 -1.569537 -2.738897 -1.526689 -2.7875 -1.558253 -2.738897 -1.526689 -2.741747 -1.5125 -2.741747 -1.5125 -2.738897 -1.526689 -2.715984 -1.466272 -2.741747 -1.5125 -2.715984 -1.466272 -2.725 -1.45 -2.725 -1.45 -2.715984 -1.466272 -2.723773 -1.402128 -2.725 -1.45 -2.723773 -1.402128 -2.741747 -1.3875 -2.741747 -1.3875 -2.723773 -1.402128 -2.760478 -1.348951 -2.741747 -1.3875 -2.760478 -1.348951 -2.7875 -1.341747 -2.7875 -1.341747 -2.760478 -1.348951 -2.817692 -1.318923 -2.7875 -1.341747 -2.817692 -1.318923 -2.85 -1.325 -2.85 -1.325 -2.817692 -1.318923 -2.882308 -1.318923 -2.85 -1.325 -2.882308 -1.318923 -2.9125 -1.341747 -2.9125 -1.341747 -2.882308 -1.318923 -2.939522 -1.348951 -2.9125 -1.341747 -2.939522 -1.348951 -2.958253 -1.3875 -2.958253 -1.3875 -2.939522 -1.348951 -2.976227 -1.402128 -2.958253 -1.3875 -2.976227 -1.402128 -2.975 -1.45 -2.975 -1.45 -2.976227 -1.402128 -2.984016 -1.466272 -2.975 -1.45 -2.984016 -1.466272 -2.958253 -1.5125 -2.958253 -1.5125 -2.984016 -1.466272 -2.961103 -1.526689 -2.958253 -1.5125 -2.961103 -1.526689 -2.9125 -1.558253 -2.9125 -1.558253 -2.961103 -1.526689 -2.912738 -1.569537 -2.9125 -1.558253 -2.912738 -1.569537 -2.85 -1.575 -1.7625 -2.008253 -1.747872 -2.026227 -1.7 -2.025 -1.7 -2.025 -1.747872 -2.026227 -1.683727 -2.034016 -1.7 -2.025 -1.683727 -2.034016 -1.6375 -2.008253 -1.6375 -2.008253 -1.683727 -2.034016 -1.623311 -2.011103 -1.6375 -2.008253 -1.623311 -2.011103 -1.591747 -1.9625 -1.591747 -1.9625 -1.623311 -2.011103 -1.580463 -1.962738 -1.591747 -1.9625 -1.580463 -1.962738 -1.575 -1.9 -1.575 -1.9 -1.580463 -1.962738 -1.565 -1.9 -1.575 -1.9 -1.565 -1.9 -1.580463 -1.837262 -1.747872 -2.026227 -1.7625 -2.008253 -1.801049 -1.989522 -1.801049 -1.989522 -1.7625 -2.008253 -1.808253 -1.9625 -1.801049 -1.989522 -1.808253 -1.9625 -1.831077 -1.932308 -1.831077 -1.932308 -1.808253 -1.9625 -1.825 -1.9 -1.831077 -1.932308 -1.825 -1.9 -1.831077 -1.867692 -1.831077 -1.867692 -1.825 -1.9 -1.808253 -1.8375 -1.831077 -1.867692 -1.808253 -1.8375 -1.801049 -1.810478 -1.801049 -1.810478 -1.808253 -1.8375 -1.7625 -1.791747 -1.801049 -1.810478 -1.7625 -1.791747 -1.747872 -1.773773 -1.747872 -1.773773 -1.7625 -1.791747 -1.7 -1.775 -1.747872 -1.773773 -1.7 -1.775 -1.683727 -1.765984 -1.683727 -1.765984 -1.7 -1.775 -1.6375 -1.791747 -1.683727 -1.765984 -1.6375 -1.791747 -1.623311 -1.788897 -1.623311 -1.788897 -1.6375 -1.791747 -1.591747 -1.8375 -1.623311 -1.788897 -1.591747 -1.8375 -1.580463 -1.837262 -1.580463 -1.837262 -1.591747 -1.8375 -1.575 -1.9 -3.2 -1.35 -3.211418 -1.407402 -3.2 -2.25 -3.2 -2.25 -3.211418 -1.407402 -3.243934 -1.456066 -3.2 -2.25 -3.243934 -1.456066 -3.292598 -1.488582 -3.35 -1.5 -3.691747 -1.8375 -3.292598 -1.488582 -3.292598 -1.488582 -3.691747 -1.8375 -3.675 -1.9 -3.292598 -1.488582 -3.675 -1.9 -3.2 -2.25 -3.2 -2.25 -3.675 -1.9 -3.691747 -1.9625 -3.2 -2.25 -3.691747 -1.9625 -3.7375 -2.008253 -3.691747 -1.8375 -3.35 -1.5 -3.7375 -1.791747 -3.7375 -1.791747 -3.35 -1.5 -3.5 -1.5 -3.7375 -1.791747 -3.5 -1.5 -3.557402 -1.488582 -3.7375 -1.791747 -3.557402 -1.488582 -3.8 -1.775 -3.8 -1.775 -3.557402 -1.488582 -3.606066 -1.456066 -3.8 -1.775 -3.606066 -1.456066 -3.8625 -1.791747 -3.8625 -1.791747 -3.606066 -1.456066 -3.638582 -1.407402 -3.8625 -1.791747 -3.638582 -1.407402 -3.65 -1.35 -3.8625 -1.791747 -3.65 -1.35 -3.908253 -1.8375 -3.908253 -1.8375 -3.65 -1.35 -3.65 -0.85 -3.908253 -1.8375 -3.65 -0.85 -3.908253 -0.3625 -3.908253 -0.3625 -3.65 -0.85 -3.8625 -0.4082532 -3.8625 -0.4082532 -3.65 -0.85 -3.638582 -0.7925975 -3.8625 -0.4082532 -3.638582 -0.7925975 -3.606066 -0.743934 -3.8625 -0.4082532 -3.606066 -0.743934 -3.8 -0.425 -3.8 -0.425 -3.606066 -0.743934 -3.557402 -0.7114181 -3.8 -0.425 -3.557402 -0.7114181 -3.7375 -0.4082532 -3.7375 -0.4082532 -3.557402 -0.7114181 -3.5 -0.7 -3.7375 -0.4082532 -3.5 -0.7 -3.35 -0.7 -3.7375 -0.4082532 -3.35 -0.7 -3.691747 -0.3625 -3.691747 -0.3625 -3.35 -0.7 -3.292598 -0.7114181 -3.691747 -0.3625 -3.292598 -0.7114181 -3.675 -0.3 -3.675 -0.3 -3.292598 -0.7114181 -3.2 0.04999995 -3.675 -0.3 -3.2 0.04999995 -3.691747 -0.2375 -3.691747 -0.2375 -3.2 0.04999995 -3.7375 -0.1917468 -3.7375 -0.1917468 -3.2 0.04999995 -3.8 -0.175 -3.8 -0.175 -3.2 0.04999995 -4 0.04999995 -3.8 -0.175 -4 0.04999995 -4.006699 0.02499997 -3.292598 -0.7114181 -3.243934 -0.743934 -3.2 0.04999995 -3.2 0.04999995 -3.243934 -0.743934 -3.211418 -0.7925975 -3.2 0.04999995 -3.211418 -0.7925975 -3.2 -0.85 -4.006699 0.02499997 -4.025 0.006698668 -3.8 -0.175 -3.8 -0.175 -4.025 0.006698668 -3.8625 -0.1917468 -3.8625 -0.1917468 -4.025 0.006698668 -4.05 0 -3.8625 -0.1917468 -4.05 0 -4.1 0 -4.1 -2.2 -3.908253 -0.3625 -4.1 0 -4.1 0 -3.908253 -0.3625 -3.925 -0.3 -4.1 0 -3.925 -0.3 -3.908253 -0.2375 -4.05 -2.2 -3.8625 -2.008253 -4.1 -2.2 -4.1 -2.2 -3.8625 -2.008253 -3.908253 -1.9625 -4.1 -2.2 -3.908253 -1.9625 -3.925 -1.9 -4.05 -2.2 -4.025 -2.206699 -3.8625 -2.008253 -3.8625 -2.008253 -4.025 -2.206699 -3.8 -2.025 -3.8 -2.025 -4.025 -2.206699 -4.006699 -2.225 -3.8 -2.025 -4.006699 -2.225 -4 -2.25 -4 -2.25 -3.2 -2.25 -3.8 -2.025 -3.8 -2.025 -3.2 -2.25 -3.7375 -2.008253 -3.908253 -0.2375 -3.8625 -0.1917468 -4.1 0 -3.925 -1.9 -3.908253 -1.8375 -4.1 -2.2 -4.1 -2.2 -3.908253 -1.8375 -3.908253 -0.3625 -0.4082532 -1.8375 -0.5425975 -1.488582 -0.425 -1.9 -0.425 -1.9 -0.5425975 -1.488582 -0.6 -1.5 -0.425 -1.9 -0.6 -1.5 -0.9 -2.25 -0.9 -2.25 -0.6 -1.5 -0.75 -1.5 -0.9 -2.25 -0.75 -1.5 -0.8074026 -1.488582 -0.3625 -1.791747 -0.461418 -1.407402 -0.4082532 -1.8375 -0.4082532 -1.8375 -0.461418 -1.407402 -0.493934 -1.456066 -0.4082532 -1.8375 -0.493934 -1.456066 -0.5425975 -1.488582 -0.461418 -1.407402 -0.3625 -1.791747 -0.45 -1.35 -0.45 -1.35 -0.3625 -1.791747 -0.3 -1.775 -0.45 -1.35 -0.3 -1.775 -0.2375 -1.791747 -0.45 -1.35 -0.2375 -1.791747 -0.2375 -0.4082532 -0.2375 -0.4082532 -0.2375 -1.791747 -0.1917468 -1.8375 -0.2375 -0.4082532 -0.1917468 -1.8375 -0.1917468 -0.3625 -0.1917468 -0.3625 -0.1917468 -1.8375 0 -2.2 -0.1917468 -0.3625 0 -2.2 0 0 -0.1917468 -1.8375 -0.175 -1.9 0 -2.2 0 -2.2 -0.175 -1.9 -0.04999995 -2.2 -0.04999995 -2.2 -0.175 -1.9 -0.07499998 -2.206699 -0.07499998 -2.206699 -0.175 -1.9 -0.09330123 -2.225 -0.09330123 -2.225 -0.175 -1.9 -0.1917468 -1.9625 -0.09330123 -2.225 -0.1917468 -1.9625 -0.1 -2.25 -0.1 -2.25 -0.1917468 -1.9625 -0.2375 -2.008253 -0.1 -2.25 -0.2375 -2.008253 -0.3 -2.025 -0.3 -2.025 -0.3625 -2.008253 -0.1 -2.25 -0.1 -2.25 -0.3625 -2.008253 -0.9 -2.25 -0.9 -2.25 -0.3625 -2.008253 -0.4082532 -1.9625 -0.9 -2.25 -0.4082532 -1.9625 -0.425 -1.9 -0.4082532 -0.2375 -0.9 0.04999995 -0.425 -0.3 -0.425 -0.3 -0.9 0.04999995 -0.6 -0.7 -0.425 -0.3 -0.6 -0.7 -0.5425975 -0.7114181 -0.4082532 -0.2375 -0.3625 -0.1917468 -0.9 0.04999995 -0.9 0.04999995 -0.3625 -0.1917468 -0.1 0.04999995 -0.1 0.04999995 -0.3625 -0.1917468 -0.3 -0.175 -0.1 0.04999995 -0.3 -0.175 -0.2375 -0.1917468 -0.2375 -0.1917468 -0.1917468 -0.2375 -0.1 0.04999995 -0.1 0.04999995 -0.1917468 -0.2375 -0.09330123 0.02499997 -0.09330123 0.02499997 -0.1917468 -0.2375 -0.175 -0.3 -0.09330123 0.02499997 -0.175 -0.3 -0.07499998 0.006698668 -0.07499998 0.006698668 -0.175 -0.3 -0.04999995 0 -0.04999995 0 -0.175 -0.3 0 0 0 0 -0.175 -0.3 -0.1917468 -0.3625 -0.45 -1.35 -0.2375 -0.4082532 -0.45 -0.85 -0.45 -0.85 -0.2375 -0.4082532 -0.3 -0.425 -0.45 -0.85 -0.3 -0.425 -0.3625 -0.4082532 -0.45 -0.85 -0.3625 -0.4082532 -0.461418 -0.7925975 -0.461418 -0.7925975 -0.3625 -0.4082532 -0.4082532 -0.3625 -0.461418 -0.7925975 -0.4082532 -0.3625 -0.493934 -0.743934 -0.493934 -0.743934 -0.4082532 -0.3625 -0.5425975 -0.7114181 -0.5425975 -0.7114181 -0.4082532 -0.3625 -0.425 -0.3 -0.9 -1.35 -0.9 -2.25 -0.8885819 -1.407402 -0.8885819 -1.407402 -0.9 -2.25 -0.8560661 -1.456066 -0.8560661 -1.456066 -0.9 -2.25 -0.8074026 -1.488582 -0.9 -0.85 -0.8885819 -0.7925975 -0.9 0.04999995 -0.9 0.04999995 -0.8885819 -0.7925975 -0.8560661 -0.743934 -0.9 0.04999995 -0.8560661 -0.743934 -0.8074026 -0.7114181 -0.8074026 -0.7114181 -0.75 -0.7 -0.9 0.04999995 -0.9 0.04999995 -0.75 -0.7 -0.6 -0.7 4 -2.25 1.7 -2.025 0.1 -2.25 0.1 -2.25 1.7 -2.025 1.272183 -2.002818 0.1 -2.25 1.272183 -2.002818 1.209683 -1.986071 4.006699 -2.225 3.8 -2.025 4 -2.25 4 -2.25 3.8 -2.025 3.7375 -2.008253 4 -2.25 3.7375 -2.008253 2.890318 -1.986071 2.890318 -1.986071 3.7375 -2.008253 3.691747 -1.9625 2.890318 -1.986071 3.691747 -1.9625 2.936071 -1.940317 2.936071 -1.940317 3.691747 -1.9625 3.675 -1.9 2.936071 -1.940317 3.675 -1.9 2.952818 -1.877817 2.952818 -1.877817 3.675 -1.9 3.691747 -1.8375 2.952818 -1.877817 3.691747 -1.8375 2.936071 -1.815317 2.936071 -1.815317 3.691747 -1.8375 3.35 -1.5 2.936071 -1.815317 3.35 -1.5 2.890318 -1.769564 2.890318 -1.769564 3.35 -1.5 3.292598 -1.488582 2.890318 -1.769564 3.292598 -1.488582 2.9125 -1.558253 2.9125 -1.558253 3.292598 -1.488582 2.958253 -1.5125 2.958253 -1.5125 3.292598 -1.488582 3.243934 -1.456066 2.958253 -1.5125 3.243934 -1.456066 2.975 -1.45 2.975 -1.45 3.243934 -1.456066 3.211418 -1.407402 2.975 -1.45 3.211418 -1.407402 2.958253 -1.3875 2.958253 -1.3875 3.211418 -1.407402 3.2 -1.35 2.958253 -1.3875 3.2 -1.35 2.9125 -1.341747 2.9125 -1.341747 3.2 -1.35 2.891541 -1.190963 2.9125 -1.341747 2.891541 -1.190963 2.85 -1.325 2.85 -1.325 2.891541 -1.190963 2.835768 -1.198982 2.85 -1.325 2.835768 -1.198982 2.7875 -1.341747 2.7875 -1.341747 2.835768 -1.198982 2.784514 -1.175575 2.7875 -1.341747 2.784514 -1.175575 2.432229 -1.217902 2.432229 -1.217902 2.784514 -1.175575 2.754051 -1.128173 2.432229 -1.217902 2.754051 -1.128173 2.45 -1.1 2.45 -1.1 2.754051 -1.128173 2.754051 -1.071827 2.45 -1.1 2.754051 -1.071827 2.432229 -0.9820979 2.432229 -0.9820979 2.754051 -1.071827 2.784514 -1.024425 2.432229 -0.9820979 2.784514 -1.024425 2.821122 -0.8483481 2.821122 -0.8483481 2.784514 -1.024425 2.835768 -1.001018 2.821122 -0.8483481 2.835768 -1.001018 2.878878 -0.8483481 2.878878 -0.8483481 2.835768 -1.001018 2.891541 -1.009037 2.878878 -0.8483481 2.891541 -1.009037 3.2 -0.85 3.2 -0.85 2.891541 -1.009037 2.934125 -1.045936 3.2 -0.85 2.934125 -1.045936 2.95 -1.1 4.006699 -2.225 4.025 -2.206699 3.8 -2.025 3.8 -2.025 4.025 -2.206699 3.8625 -2.008253 3.8625 -2.008253 4.025 -2.206699 4.05 -2.2 3.8625 -2.008253 4.05 -2.2 4.1 -2.2 4.1 0 3.908253 -0.3625 4.1 -2.2 4.1 -2.2 3.908253 -0.3625 3.908253 -1.8375 4.1 -2.2 3.908253 -1.8375 3.925 -1.9 4.05 0 3.8625 -0.1917468 4.1 0 4.1 0 3.8625 -0.1917468 3.908253 -0.2375 4.1 0 3.908253 -0.2375 3.925 -0.3 4.05 0 4.025 0.006698668 3.8625 -0.1917468 3.8625 -0.1917468 4.025 0.006698668 3.8 -0.175 3.8 -0.175 4.025 0.006698668 4.006699 0.02499997 3.8 -0.175 4.006699 0.02499997 4 0.04999995 0.1 0.04999995 2.4 -0.175 4 0.04999995 4 0.04999995 2.4 -0.175 2.827818 -0.1971825 4 0.04999995 2.827818 -0.1971825 2.890318 -0.2139294 0.09330123 0.02499997 0.3 -0.175 0.1 0.04999995 0.1 0.04999995 0.3 -0.175 0.3625 -0.1917468 0.1 0.04999995 0.3625 -0.1917468 1.209683 -0.2139294 1.209683 -0.2139294 0.3625 -0.1917468 0.4082532 -0.2375 1.209683 -0.2139294 0.4082532 -0.2375 1.163929 -0.2596825 1.163929 -0.2596825 0.4082532 -0.2375 0.425 -0.3 1.163929 -0.2596825 0.425 -0.3 1.147183 -0.3221825 1.147183 -0.3221825 0.425 -0.3 0.4082532 -0.3625 1.147183 -0.3221825 0.4082532 -0.3625 1.163929 -0.3846825 1.163929 -0.3846825 0.4082532 -0.3625 0.75 -0.7 1.163929 -0.3846825 0.75 -0.7 1.209683 -0.4304357 1.209683 -0.4304357 0.75 -0.7 0.8074026 -0.7114181 1.209683 -0.4304357 0.8074026 -0.7114181 1.1875 -0.6417468 1.1875 -0.6417468 0.8074026 -0.7114181 1.141747 -0.6875 1.141747 -0.6875 0.8074026 -0.7114181 0.8560661 -0.743934 1.141747 -0.6875 0.8560661 -0.743934 1.125 -0.75 1.125 -0.75 0.8560661 -0.743934 0.8885819 -0.7925975 1.125 -0.75 0.8885819 -0.7925975 1.141747 -0.8125 1.141747 -0.8125 0.8885819 -0.7925975 0.9 -0.85 1.141747 -0.8125 0.9 -0.85 1.1875 -0.8582532 1.1875 -0.8582532 0.9 -0.85 1.184514 -1.024425 1.1875 -0.8582532 1.184514 -1.024425 1.235769 -1.001018 0.09330123 0.02499997 0.07499998 0.006698668 0.3 -0.175 0.3 -0.175 0.07499998 0.006698668 0.2375 -0.1917468 0.2375 -0.1917468 0.07499998 0.006698668 0.04999995 0 0.2375 -0.1917468 0.04999995 0 0 0 0 -2.2 0.1917468 -0.3625 0 0 0 0 0.1917468 -0.3625 0.175 -0.3 0 0 0.175 -0.3 0.1917468 -0.2375 0.04999995 -2.2 0.2375 -2.008253 0 -2.2 0 -2.2 0.2375 -2.008253 0.1917468 -1.9625 0 -2.2 0.1917468 -1.9625 0.175 -1.9 0.04999995 -2.2 0.07499998 -2.206699 0.2375 -2.008253 0.2375 -2.008253 0.07499998 -2.206699 0.3 -2.025 0.3 -2.025 0.07499998 -2.206699 0.09330123 -2.225 0.3 -2.025 0.09330123 -2.225 0.1 -2.25 2.432229 -1.217902 2.380496 -1.325328 2.7875 -1.341747 2.7875 -1.341747 2.380496 -1.325328 2.741747 -1.3875 2.741747 -1.3875 2.380496 -1.325328 2.725 -1.45 2.725 -1.45 2.380496 -1.325328 2.299396 -1.412733 2.725 -1.45 2.299396 -1.412733 2.601454 -1.566703 2.601454 -1.566703 2.299396 -1.412733 2.550199 -1.590111 2.550199 -1.590111 2.299396 -1.412733 2.196136 -1.47235 2.550199 -1.590111 2.196136 -1.47235 2.519736 -1.637512 2.519736 -1.637512 2.196136 -1.47235 2.079892 -1.498882 2.519736 -1.637512 2.079892 -1.498882 2.385413 -1.798543 2.385413 -1.798543 2.079892 -1.498882 2.091542 -1.809037 2.385413 -1.798543 2.091542 -1.809037 2.332877 -1.822536 2.332877 -1.822536 2.091542 -1.809037 2.134125 -1.845936 2.332877 -1.822536 2.134125 -1.845936 2.301652 -1.871122 2.301652 -1.871122 2.134125 -1.845936 2.15 -1.9 2.301652 -1.871122 2.15 -1.9 2.301652 -1.928878 2.301652 -1.928878 2.15 -1.9 2.134125 -1.954064 2.301652 -1.928878 2.134125 -1.954064 2.332877 -1.977464 2.332877 -1.977464 2.134125 -1.954064 2.091542 -1.990963 2.332877 -1.977464 2.091542 -1.990963 2.385413 -2.001457 2.385413 -2.001457 2.091542 -1.990963 2.035768 -1.998982 2.385413 -2.001457 2.035768 -1.998982 1.7 -2.025 1.7 -2.025 2.035768 -1.998982 1.7625 -2.008253 1.7625 -2.008253 2.035768 -1.998982 1.984514 -1.975575 1.7625 -2.008253 1.984514 -1.975575 1.808253 -1.9625 1.808253 -1.9625 1.984514 -1.975575 1.954051 -1.928173 1.808253 -1.9625 1.954051 -1.928173 1.825 -1.9 1.825 -1.9 1.954051 -1.928173 1.954051 -1.871827 1.825 -1.9 1.954051 -1.871827 1.808253 -1.8375 1.808253 -1.8375 1.954051 -1.871827 1.984514 -1.824425 1.808253 -1.8375 1.984514 -1.824425 1.7625 -1.791747 1.7625 -1.791747 1.984514 -1.824425 2.035768 -1.801018 1.7625 -1.791747 2.035768 -1.801018 1.960992 -1.489971 1.960992 -1.489971 2.035768 -1.801018 2.079892 -1.498882 2.079892 -1.498882 2.035768 -1.801018 2.091542 -1.809037 1.85 -1.44641 1.56844 -1.611621 1.960992 -1.489971 1.960992 -1.489971 1.56844 -1.611621 1.584315 -1.665686 1.960992 -1.489971 1.584315 -1.665686 1.7625 -1.791747 1.7625 -1.791747 1.584315 -1.665686 1.7 -1.775 1.7 -1.775 1.584315 -1.665686 1.56844 -1.719749 1.7 -1.775 1.56844 -1.719749 1.6375 -1.791747 1.6375 -1.791747 1.56844 -1.719749 1.525856 -1.756649 1.6375 -1.791747 1.525856 -1.756649 1.591747 -1.8375 1.591747 -1.8375 1.525856 -1.756649 1.470083 -1.764667 1.591747 -1.8375 1.470083 -1.764667 1.380436 -1.815317 1.380436 -1.815317 1.470083 -1.764667 1.418828 -1.74126 1.380436 -1.815317 1.418828 -1.74126 1.334683 -1.769564 1.334683 -1.769564 1.418828 -1.74126 1.388365 -1.693859 1.334683 -1.769564 1.388365 -1.693859 1.272183 -1.752817 1.272183 -1.752817 1.388365 -1.693859 1.388365 -1.637512 1.272183 -1.752817 1.388365 -1.637512 1.25 -1.5525 1.25 -1.5525 1.388365 -1.637512 1.305416 -1.536229 1.305416 -1.536229 1.388365 -1.637512 1.418828 -1.590111 1.305416 -1.536229 1.418828 -1.590111 1.470083 -1.566703 1.56844 -1.611621 1.85 -1.44641 1.525856 -1.574722 1.525856 -1.574722 1.85 -1.44641 1.756779 -1.372069 1.525856 -1.574722 1.756779 -1.372069 1.351457 -1.435413 1.351457 -1.435413 1.756779 -1.372069 1.327464 -1.382877 1.327464 -1.382877 1.756779 -1.372069 1.689612 -1.273553 1.327464 -1.382877 1.689612 -1.273553 1.278878 -1.351652 1.278878 -1.351652 1.689612 -1.273553 1.291541 -1.190963 1.278878 -1.351652 1.291541 -1.190963 1.235769 -1.198982 1.291541 -1.190963 1.689612 -1.273553 1.334125 -1.154064 1.334125 -1.154064 1.689612 -1.273553 1.654468 -1.159617 1.334125 -1.154064 1.654468 -1.159617 1.35 -1.1 1.35 -1.1 1.654468 -1.159617 1.654468 -1.040383 1.35 -1.1 1.654468 -1.040383 1.334125 -1.045936 1.334125 -1.045936 1.654468 -1.040383 1.689612 -0.9264466 1.334125 -1.045936 1.689612 -0.9264466 1.291541 -1.009037 1.291541 -1.009037 1.689612 -0.9264466 1.3125 -0.8582532 1.291541 -1.009037 1.3125 -0.8582532 1.25 -0.8750001 1.3125 -0.8582532 1.689612 -0.9264466 1.358253 -0.8125 1.358253 -0.8125 1.689612 -0.9264466 1.756779 -0.8279309 1.358253 -0.8125 1.756779 -0.8279309 1.375 -0.75 1.375 -0.75 1.756779 -0.8279309 1.525856 -0.6252778 1.375 -0.75 1.525856 -0.6252778 1.470083 -0.6332967 1.756779 -0.8279309 1.85 -0.7535898 1.525856 -0.6252778 1.525856 -0.6252778 1.85 -0.7535898 1.56844 -0.5883787 1.56844 -0.5883787 1.85 -0.7535898 1.960992 -0.7100288 1.56844 -0.5883787 1.960992 -0.7100288 1.584315 -0.5343146 1.584315 -0.5343146 1.960992 -0.7100288 1.714587 -0.4014567 1.584315 -0.5343146 1.714587 -0.4014567 1.56844 -0.4802505 1.56844 -0.4802505 1.714587 -0.4014567 1.65742 -0.3932373 1.56844 -0.4802505 1.65742 -0.3932373 1.525856 -0.4433513 1.525856 -0.4433513 1.65742 -0.3932373 1.613771 -0.3554157 1.525856 -0.4433513 1.613771 -0.3554157 1.470083 -0.4353324 1.470083 -0.4353324 1.613771 -0.3554157 1.380436 -0.3846825 1.470083 -0.4353324 1.380436 -0.3846825 1.418828 -0.4587396 1.418828 -0.4587396 1.380436 -0.3846825 1.334683 -0.4304357 1.418828 -0.4587396 1.334683 -0.4304357 1.388365 -0.5061414 1.388365 -0.5061414 1.334683 -0.4304357 1.272183 -0.4471825 1.388365 -0.5061414 1.272183 -0.4471825 1.25 -0.625 1.25 -0.625 1.272183 -0.4471825 1.209683 -0.4304357 1.25 -0.625 1.209683 -0.4304357 1.1875 -0.6417468 1.714587 -0.4014567 1.960992 -0.7100288 2.035768 -0.3989821 2.035768 -0.3989821 1.960992 -0.7100288 2.079892 -0.7011185 2.035768 -0.3989821 2.079892 -0.7011185 2.091542 -0.3909632 2.091542 -0.3909632 2.079892 -0.7011185 2.3375 -0.4082532 2.091542 -0.3909632 2.3375 -0.4082532 2.291747 -0.3625 2.3375 -0.4082532 2.079892 -0.7011185 2.519736 -0.5624879 2.519736 -0.5624879 2.079892 -0.7011185 2.196136 -0.7276505 2.519736 -0.5624879 2.196136 -0.7276505 2.550199 -0.6098896 2.550199 -0.6098896 2.196136 -0.7276505 2.299396 -0.7872674 2.550199 -0.6098896 2.299396 -0.7872674 2.601454 -0.6332967 2.601454 -0.6332967 2.299396 -0.7872674 2.748543 -0.7645873 2.601454 -0.6332967 2.748543 -0.7645873 2.756763 -0.70742 2.299396 -0.7872674 2.380496 -0.8746719 2.748543 -0.7645873 2.748543 -0.7645873 2.380496 -0.8746719 2.772536 -0.8171232 2.772536 -0.8171232 2.380496 -0.8746719 2.432229 -0.9820979 2.772536 -0.8171232 2.432229 -0.9820979 2.821122 -0.8483481 2.699811 -1.719749 2.827818 -1.752817 2.715686 -1.665686 2.715686 -1.665686 2.827818 -1.752817 2.85 -1.575 2.715686 -1.665686 2.85 -1.575 2.699811 -1.611621 2.699811 -1.611621 2.85 -1.575 2.7875 -1.558253 2.699811 -1.611621 2.7875 -1.558253 2.657227 -1.574722 2.657227 -1.574722 2.7875 -1.558253 2.741747 -1.5125 2.657227 -1.574722 2.741747 -1.5125 2.601454 -1.566703 2.601454 -1.566703 2.741747 -1.5125 2.725 -1.45 2.827818 -1.752817 2.699811 -1.719749 2.765318 -1.769564 2.765318 -1.769564 2.699811 -1.719749 2.657227 -1.756649 2.765318 -1.769564 2.657227 -1.756649 2.719564 -1.815317 2.719564 -1.815317 2.657227 -1.756649 2.601454 -1.764667 2.719564 -1.815317 2.601454 -1.764667 2.486229 -1.844584 2.486229 -1.844584 2.601454 -1.764667 2.44258 -1.806763 2.44258 -1.806763 2.601454 -1.764667 2.550199 -1.74126 2.44258 -1.806763 2.550199 -1.74126 2.519736 -1.693859 2.44258 -1.806763 2.519736 -1.693859 2.385413 -1.798543 2.385413 -1.798543 2.519736 -1.693859 2.519736 -1.637512 3.2 -0.85 2.95 -1.1 3.2 -1.35 3.2 -1.35 2.95 -1.1 2.934125 -1.154064 3.2 -1.35 2.934125 -1.154064 2.891541 -1.190963 2.699811 -0.5883787 2.85 -0.6475 2.715686 -0.5343146 2.715686 -0.5343146 2.85 -0.6475 2.827818 -0.4471825 2.715686 -0.5343146 2.827818 -0.4471825 2.699811 -0.4802505 2.699811 -0.4802505 2.827818 -0.4471825 2.765318 -0.4304357 2.699811 -0.4802505 2.765318 -0.4304357 2.657227 -0.4433513 2.657227 -0.4433513 2.765318 -0.4304357 2.719564 -0.3846825 2.657227 -0.4433513 2.719564 -0.3846825 2.601454 -0.4353324 2.601454 -0.4353324 2.719564 -0.3846825 2.508253 -0.3625 2.601454 -0.4353324 2.508253 -0.3625 2.4625 -0.4082532 2.85 -0.6475 2.699811 -0.5883787 2.794584 -0.6637716 2.794584 -0.6637716 2.699811 -0.5883787 2.657227 -0.6252778 2.794584 -0.6637716 2.657227 -0.6252778 2.756763 -0.70742 2.756763 -0.70742 2.657227 -0.6252778 2.601454 -0.6332967 2.3375 -0.4082532 2.519736 -0.5624879 2.4 -0.425 2.4 -0.425 2.519736 -0.5624879 2.519736 -0.5061414 2.4 -0.425 2.519736 -0.5061414 2.550199 -0.4587396 2.4 -0.425 2.550199 -0.4587396 2.4625 -0.4082532 2.4625 -0.4082532 2.550199 -0.4587396 2.601454 -0.4353324 2.134125 -0.3540641 2.291747 -0.3625 2.15 -0.3 2.15 -0.3 2.291747 -0.3625 2.275 -0.3 2.15 -0.3 2.275 -0.3 2.291747 -0.2375 2.134125 -0.3540641 2.091542 -0.3909632 2.291747 -0.3625 1.714587 -0.4014567 2.035768 -0.3989821 1.767123 -0.3774644 1.767123 -0.3774644 2.035768 -0.3989821 1.984514 -0.375575 1.767123 -0.3774644 1.984514 -0.375575 1.798348 -0.3288776 1.798348 -0.3288776 1.984514 -0.375575 1.954051 -0.3281732 1.798348 -0.3288776 1.954051 -0.3281732 1.954051 -0.2718268 1.798348 -0.3288776 1.954051 -0.2718268 1.798348 -0.2711224 1.798348 -0.2711224 1.954051 -0.2718268 1.984514 -0.224425 1.798348 -0.2711224 1.984514 -0.224425 1.767123 -0.2225356 1.767123 -0.2225356 1.984514 -0.224425 2.035768 -0.2010177 1.767123 -0.2225356 2.035768 -0.2010177 1.714587 -0.1985433 1.714587 -0.1985433 2.035768 -0.2010177 2.4 -0.175 1.714587 -0.1985433 2.4 -0.175 0.1 0.04999995 2.4 -0.175 2.035768 -0.2010177 2.3375 -0.1917468 2.3375 -0.1917468 2.035768 -0.2010177 2.091542 -0.2090368 2.3375 -0.1917468 2.091542 -0.2090368 2.291747 -0.2375 2.291747 -0.2375 2.091542 -0.2090368 2.134125 -0.2459359 2.291747 -0.2375 2.134125 -0.2459359 2.15 -0.3 1.375 -0.75 1.470083 -0.6332967 1.358253 -0.6875 1.358253 -0.6875 1.470083 -0.6332967 1.418828 -0.6098896 1.358253 -0.6875 1.418828 -0.6098896 1.3125 -0.6417468 1.3125 -0.6417468 1.418828 -0.6098896 1.388365 -0.5624879 1.3125 -0.6417468 1.388365 -0.5624879 1.25 -0.625 1.25 -0.625 1.388365 -0.5624879 1.388365 -0.5061414 1.278878 -1.351652 1.235769 -1.198982 1.221122 -1.351652 1.221122 -1.351652 1.235769 -1.198982 1.184514 -1.175575 1.221122 -1.351652 1.184514 -1.175575 0.9 -1.35 0.9 -1.35 1.184514 -1.175575 1.154051 -1.128173 0.9 -1.35 1.154051 -1.128173 1.154051 -1.071827 0.9 -1.35 1.154051 -1.071827 0.9 -0.85 0.9 -0.85 1.154051 -1.071827 1.184514 -1.024425 1.1875 -0.8582532 1.235769 -1.001018 1.25 -0.8750001 1.25 -0.8750001 1.235769 -1.001018 1.291541 -1.009037 1.525856 -1.574722 1.351457 -1.435413 1.470083 -1.566703 1.470083 -1.566703 1.351457 -1.435413 1.343237 -1.49258 1.470083 -1.566703 1.343237 -1.49258 1.305416 -1.536229 2.486229 -1.955416 2.719564 -1.940317 2.5025 -1.9 2.5025 -1.9 2.719564 -1.940317 2.702818 -1.877817 2.5025 -1.9 2.702818 -1.877817 2.486229 -1.844584 2.486229 -1.844584 2.702818 -1.877817 2.719564 -1.815317 2.719564 -1.940317 2.486229 -1.955416 2.765318 -1.986071 2.765318 -1.986071 2.486229 -1.955416 2.44258 -1.993237 2.765318 -1.986071 2.44258 -1.993237 2.827818 -2.002818 2.827818 -2.002818 2.44258 -1.993237 2.385413 -2.001457 2.827818 -2.002818 2.385413 -2.001457 4 -2.25 4 -2.25 2.385413 -2.001457 1.7 -2.025 1.272183 -1.752817 1.25 -1.5525 1.209683 -1.769564 1.209683 -1.769564 1.25 -1.5525 1.194584 -1.536229 1.209683 -1.769564 1.194584 -1.536229 0.8074026 -1.488582 0.8074026 -1.488582 1.194584 -1.536229 1.156763 -1.49258 0.8074026 -1.488582 1.156763 -1.49258 0.8560661 -1.456066 0.8560661 -1.456066 1.156763 -1.49258 1.148543 -1.435413 0.8560661 -1.456066 1.148543 -1.435413 0.8885819 -1.407402 0.8885819 -1.407402 1.148543 -1.435413 1.172536 -1.382877 0.8885819 -1.407402 1.172536 -1.382877 0.9 -1.35 0.9 -1.35 1.172536 -1.382877 1.221122 -1.351652 1.613771 -0.2445843 1.380436 -0.2596825 1.5975 -0.3 1.5975 -0.3 1.380436 -0.2596825 1.397183 -0.3221825 1.5975 -0.3 1.397183 -0.3221825 1.613771 -0.3554157 1.613771 -0.3554157 1.397183 -0.3221825 1.380436 -0.3846825 1.380436 -0.2596825 1.613771 -0.2445843 1.334683 -0.2139294 1.334683 -0.2139294 1.613771 -0.2445843 1.65742 -0.2067627 1.334683 -0.2139294 1.65742 -0.2067627 1.272183 -0.1971825 1.272183 -0.1971825 1.65742 -0.2067627 1.714587 -0.1985433 1.272183 -0.1971825 1.714587 -0.1985433 0.1 0.04999995 2.827818 -0.4471825 2.85 -0.6475 2.890318 -0.4304357 2.890318 -0.4304357 2.85 -0.6475 2.905416 -0.6637716 2.890318 -0.4304357 2.905416 -0.6637716 3.292598 -0.7114181 3.292598 -0.7114181 2.905416 -0.6637716 2.943237 -0.70742 3.292598 -0.7114181 2.943237 -0.70742 3.243934 -0.743934 3.243934 -0.743934 2.943237 -0.70742 2.951457 -0.7645873 3.243934 -0.743934 2.951457 -0.7645873 3.211418 -0.7925975 3.211418 -0.7925975 2.951457 -0.7645873 2.927464 -0.8171232 3.211418 -0.7925975 2.927464 -0.8171232 3.2 -0.85 3.2 -0.85 2.927464 -0.8171232 2.878878 -0.8483481 2.9125 -1.558253 2.85 -1.575 2.890318 -1.769564 2.890318 -1.769564 2.85 -1.575 2.827818 -1.752817 1.7 -2.025 1.6375 -2.008253 1.272183 -2.002818 1.272183 -2.002818 1.6375 -2.008253 1.334683 -1.986071 1.334683 -1.986071 1.6375 -2.008253 1.591747 -1.9625 1.334683 -1.986071 1.591747 -1.9625 1.380436 -1.940317 1.380436 -1.940317 1.591747 -1.9625 1.575 -1.9 1.380436 -1.940317 1.575 -1.9 1.397183 -1.877817 1.397183 -1.877817 1.575 -1.9 1.591747 -1.8375 1.397183 -1.877817 1.591747 -1.8375 1.380436 -1.815317 2.4 -0.175 2.4625 -0.1917468 2.827818 -0.1971825 2.827818 -0.1971825 2.4625 -0.1917468 2.765318 -0.2139294 2.765318 -0.2139294 2.4625 -0.1917468 2.508253 -0.2375 2.765318 -0.2139294 2.508253 -0.2375 2.719564 -0.2596825 2.719564 -0.2596825 2.508253 -0.2375 2.525 -0.3 2.719564 -0.2596825 2.525 -0.3 2.702818 -0.3221825 2.702818 -0.3221825 2.525 -0.3 2.508253 -0.3625 2.702818 -0.3221825 2.508253 -0.3625 2.719564 -0.3846825 3.925 -1.9 3.908253 -1.9625 4.1 -2.2 4.1 -2.2 3.908253 -1.9625 3.8625 -2.008253 3.691747 -1.8375 3.7375 -1.791747 3.35 -1.5 3.35 -1.5 3.7375 -1.791747 3.5 -1.5 3.5 -1.5 3.7375 -1.791747 3.557402 -1.488582 3.557402 -1.488582 3.7375 -1.791747 3.8 -1.775 3.557402 -1.488582 3.8 -1.775 3.606066 -1.456066 3.606066 -1.456066 3.8 -1.775 3.8625 -1.791747 3.606066 -1.456066 3.8625 -1.791747 3.638582 -1.407402 3.638582 -1.407402 3.8625 -1.791747 3.65 -1.35 3.65 -1.35 3.8625 -1.791747 3.908253 -1.8375 3.65 -1.35 3.908253 -1.8375 3.65 -0.85 3.65 -0.85 3.908253 -1.8375 3.908253 -0.3625 3.65 -0.85 3.908253 -0.3625 3.8625 -0.4082532 3.925 -0.3 3.908253 -0.3625 4.1 0 3.8 -0.425 3.606066 -0.743934 3.8625 -0.4082532 3.8625 -0.4082532 3.606066 -0.743934 3.638582 -0.7925975 3.8625 -0.4082532 3.638582 -0.7925975 3.65 -0.85 3.606066 -0.743934 3.8 -0.425 3.557402 -0.7114181 3.557402 -0.7114181 3.8 -0.425 3.7375 -0.4082532 3.557402 -0.7114181 3.7375 -0.4082532 3.5 -0.7 3.5 -0.7 3.7375 -0.4082532 3.35 -0.7 3.35 -0.7 3.7375 -0.4082532 3.691747 -0.3625 3.35 -0.7 3.691747 -0.3625 2.936071 -0.3846825 2.936071 -0.3846825 3.691747 -0.3625 2.952818 -0.3221825 2.952818 -0.3221825 3.691747 -0.3625 3.675 -0.3 2.952818 -0.3221825 3.675 -0.3 2.936071 -0.2596825 2.936071 -0.2596825 3.675 -0.3 3.691747 -0.2375 2.936071 -0.2596825 3.691747 -0.2375 2.890318 -0.2139294 2.890318 -0.2139294 3.691747 -0.2375 3.7375 -0.1917468 2.890318 -0.2139294 3.7375 -0.1917468 4 0.04999995 4 0.04999995 3.7375 -0.1917468 3.8 -0.175 0.4082532 -1.9625 1.163929 -1.940317 0.425 -1.9 0.425 -1.9 1.163929 -1.940317 1.147183 -1.877817 0.425 -1.9 1.147183 -1.877817 0.4082532 -1.8375 0.4082532 -1.8375 1.147183 -1.877817 1.163929 -1.815317 0.4082532 -1.8375 1.163929 -1.815317 0.75 -1.5 0.75 -1.5 1.163929 -1.815317 1.209683 -1.769564 0.75 -1.5 1.209683 -1.769564 0.8074026 -1.488582 1.163929 -1.940317 0.4082532 -1.9625 1.209683 -1.986071 1.209683 -1.986071 0.4082532 -1.9625 0.3625 -2.008253 1.209683 -1.986071 0.3625 -2.008253 0.1 -2.25 0.1 -2.25 0.3625 -2.008253 0.3 -2.025 0.175 -1.9 0.1917468 -1.8375 0 -2.2 0 -2.2 0.1917468 -1.8375 0.1917468 -0.3625 0.2375 -1.791747 0.45 -1.35 0.1917468 -1.8375 0.1917468 -1.8375 0.45 -1.35 0.45 -0.85 0.1917468 -1.8375 0.45 -0.85 0.1917468 -0.3625 0.1917468 -0.3625 0.45 -0.85 0.2375 -0.4082532 0.2375 -0.4082532 0.45 -0.85 0.461418 -0.7925975 0.2375 -0.4082532 0.461418 -0.7925975 0.493934 -0.743934 0.3 -1.775 0.493934 -1.456066 0.2375 -1.791747 0.2375 -1.791747 0.493934 -1.456066 0.461418 -1.407402 0.2375 -1.791747 0.461418 -1.407402 0.45 -1.35 0.493934 -1.456066 0.3 -1.775 0.5425975 -1.488582 0.5425975 -1.488582 0.3 -1.775 0.3625 -1.791747 0.5425975 -1.488582 0.3625 -1.791747 0.6 -1.5 0.6 -1.5 0.3625 -1.791747 0.75 -1.5 0.75 -1.5 0.3625 -1.791747 0.4082532 -1.8375 0.4082532 -0.3625 0.3625 -0.4082532 0.75 -0.7 0.75 -0.7 0.3625 -0.4082532 0.6 -0.7 0.6 -0.7 0.3625 -0.4082532 0.5425975 -0.7114181 0.5425975 -0.7114181 0.3625 -0.4082532 0.3 -0.425 0.5425975 -0.7114181 0.3 -0.425 0.493934 -0.743934 0.493934 -0.743934 0.3 -0.425 0.2375 -0.4082532 0.1917468 -0.2375 0.2375 -0.1917468 0 0 3.292598 -0.7114181 3.35 -0.7 2.890318 -0.4304357 2.890318 -0.4304357 3.35 -0.7 2.936071 -0.3846825 2.890318 -1.986071 2.827818 -2.002818 4 -2.25 1.209683 -0.2139294 1.272183 -0.1971825 0.1 0.04999995 0.92664 0 -2.97336 0 0.92664 -0.15 0.92664 -0.15 -2.97336 0 -2.97336 -0.15 0.92664 -0.15 -2.97336 -0.15 0.9114159 -0.2265366 0.9114159 -0.2265366 -2.97336 -0.15 -2.958136 -0.2265366 0.9114159 -0.2265366 -2.958136 -0.2265366 0.8680614 -0.2914214 0.8680614 -0.2914214 -2.958136 -0.2265366 -2.914781 -0.2914214 0.8680614 -0.2914214 -2.914781 -0.2914214 0.72664 -0.35 0.72664 -0.35 -2.914781 -0.2914214 -2.77336 -0.35 -2.77336 -0.35 -2.914781 -0.2914214 -2.849897 -0.3347759 0.72664 -0.35 0.8031767 -0.3347759 0.8680614 -0.2914214 0.175 0.07499998 0.02499997 0.07499998 0.175 -0.07499998 0.175 -0.07499998 0.02499997 0.07499998 0.02499997 -0.07499998 -0.03749996 0.07499998 -0.03749996 -0.07499998 0.01990234 0.06358194 0.01990234 0.06358194 -0.03749996 -0.07499998 0.06856602 0.031066 0.06856602 0.031066 -0.03749996 -0.07499998 0.1010819 -0.01759731 0.1010819 -0.01759731 -0.03749996 -0.07499998 0.1125 -0.07499998 5.49476 0 5.49476 0.02617985 5.34476 0 5.34476 0 5.49476 0.02617985 5.34476 0.02617985 5.34476 0.02617985 5.49476 0.02617985 5.34476 0.05235975 5.34476 0.05235975 5.49476 0.02617985 5.49476 0.05235975 5.34476 0.05235975 5.49476 0.05235975 5.34476 0.07853978 5.34476 0.07853978 5.49476 0.05235975 5.49476 0.07853978 0 0.07499998 -0.04999995 0.07499998 0 -0.07499998 0 -0.07499998 -0.04999995 0.07499998 -0.04999995 -0.07499998 -0.1125 -0.07499998 0.03749996 -0.07499998 -0.1010819 -0.01759731 -0.1010819 -0.01759731 0.03749996 -0.07499998 -0.06856602 0.031066 -0.06856602 0.031066 0.03749996 -0.07499998 -0.01990234 0.06358194 -0.01990234 0.06358194 0.03749996 -0.07499998 0.03749996 0.07499998 0.675 0.07499998 -2.175 0.07499998 0.675 -0.07499998 0.675 -0.07499998 -2.175 0.07499998 -2.175 -0.07499998 -0.07499998 0 0.07499998 0 -0.07499998 0.02038085 -0.07499998 0.02038085 0.07499998 0 0.07499998 0.02038085 -0.07499998 0.02038085 0.07499998 0.02038085 -0.07499998 0.04076159 -0.07499998 0.04076159 0.07499998 0.02038085 0.07499998 0.04076159 -0.07499998 0.04076159 0.07499998 0.04076159 -0.07499998 0.06114256 -0.07499998 0.06114256 0.07499998 0.04076159 0.07499998 0.06114256 -0.07499998 3.394609 0.07499998 3.394609 -0.07499998 3.41499 -0.07499998 3.41499 0.07499998 3.394609 0.07499998 3.41499 -0.07499998 3.41499 0.07499998 3.41499 -0.07499998 3.435371 -0.07499998 3.435371 0.07499998 3.41499 0.07499998 3.435371 -0.07499998 3.435371 0.07499998 3.435371 -0.07499998 3.455752 -0.07499998 3.455752 0.07499998 3.435371 0.07499998 3.455752 0 -2.2 0.45 -0.7 0 0 0 0 0.45 -0.7 0.4633975 -0.65 0 0 0.4633975 -0.65 0.5 -0.6133975 2.85 -2.2 1.074721 -1.976085 0 -2.2 0 -2.2 1.074721 -1.976085 1.025279 -1.976085 0 -2.2 1.025279 -1.976085 0.9852786 -1.947023 2.87038 -2.199811 2.835768 -1.998982 2.85 -2.2 2.85 -2.2 2.835768 -1.998982 2.784514 -1.975575 2.85 -2.2 2.784514 -1.975575 2.270083 -1.764667 2.270083 -1.764667 2.784514 -1.975575 2.754051 -1.928173 2.270083 -1.764667 2.754051 -1.928173 2.325856 -1.756649 2.325856 -1.756649 2.754051 -1.928173 2.754051 -1.871827 2.325856 -1.756649 2.754051 -1.871827 2.36844 -1.719749 2.36844 -1.719749 2.754051 -1.871827 2.784514 -1.824425 2.36844 -1.719749 2.784514 -1.824425 2.384315 -1.665686 2.384315 -1.665686 2.784514 -1.824425 2.737307 -1.483797 2.384315 -1.665686 2.737307 -1.483797 2.36844 -1.611621 2.36844 -1.611621 2.737307 -1.483797 2.633744 -1.436501 2.36844 -1.611621 2.633744 -1.436501 2.325856 -1.574722 2.325856 -1.574722 2.633744 -1.436501 2.5477 -1.361944 2.325856 -1.574722 2.5477 -1.361944 2.270083 -1.566703 2.270083 -1.566703 2.5477 -1.361944 2.486147 -1.266166 2.270083 -1.566703 2.486147 -1.266166 2.091542 -1.190963 2.091542 -1.190963 2.486147 -1.266166 2.134125 -1.154064 2.134125 -1.154064 2.486147 -1.266166 2.454071 -1.156926 2.134125 -1.154064 2.454071 -1.156926 2.15 -1.1 2.15 -1.1 2.454071 -1.156926 2.454071 -1.043074 2.15 -1.1 2.454071 -1.043074 2.134125 -1.045936 2.134125 -1.045936 2.454071 -1.043074 2.486147 -0.933834 2.134125 -1.045936 2.486147 -0.933834 2.091542 -1.009037 2.091542 -1.009037 2.486147 -0.933834 2.270083 -0.6332967 2.091542 -1.009037 2.270083 -0.6332967 2.035768 -1.001018 2.035768 -1.001018 2.270083 -0.6332967 2.218829 -0.6098896 2.035768 -1.001018 2.218829 -0.6098896 1.65 -0.7 1.65 -0.7 2.218829 -0.6098896 2.188365 -0.5624879 1.65 -0.7 2.188365 -0.5624879 1.636603 -0.65 1.636603 -0.65 2.188365 -0.5624879 2.188365 -0.5061414 1.636603 -0.65 2.188365 -0.5061414 1.6 -0.6133975 1.6 -0.6133975 2.188365 -0.5061414 2.218829 -0.4587396 1.6 -0.6133975 2.218829 -0.4587396 1.55 -0.6 1.55 -0.6 2.218829 -0.4587396 1.114721 -0.2529772 1.55 -0.6 1.114721 -0.2529772 1.13 -0.3 2.87038 -2.199811 2.890753 -2.199245 2.835768 -1.998982 2.835768 -1.998982 2.890753 -2.199245 2.891541 -1.990963 2.891541 -1.990963 2.890753 -2.199245 2.911111 -2.198301 2.891541 -1.990963 2.911111 -2.198301 2.984171 -2.180036 2.984171 -2.180036 3.045297 -2.136047 2.891541 -1.990963 2.891541 -1.990963 3.045297 -2.136047 3.085822 -2.072572 2.891541 -1.990963 3.085822 -2.072572 2.934125 -1.954064 2.934125 -1.954064 3.085822 -2.072572 3.1 -1.99861 2.934125 -1.954064 3.1 -1.99861 2.95 -1.9 2.95 -1.9 3.1 -1.99861 3.1 -1.7 2.95 -1.9 3.1 -1.7 2.934125 -1.845936 2.934125 -1.845936 3.1 -1.7 2.891541 -1.809037 2.891541 -1.809037 3.1 -1.7 3.084776 -1.623463 2.891541 -1.809037 3.084776 -1.623463 2.835768 -1.801018 2.835768 -1.801018 3.084776 -1.623463 3.041421 -1.558579 2.835768 -1.801018 3.041421 -1.558579 2.976537 -1.515224 2.976537 -1.515224 2.9 -1.5 2.835768 -1.801018 2.835768 -1.801018 2.9 -1.5 2.85 -1.5 2.835768 -1.801018 2.85 -1.5 2.737307 -1.483797 2.486147 -0.933834 2.5477 -0.8380557 2.270083 -0.6332967 2.270083 -0.6332967 2.5477 -0.8380557 2.325856 -0.6252778 2.325856 -0.6252778 2.5477 -0.8380557 2.633744 -0.7634986 2.325856 -0.6252778 2.633744 -0.7634986 2.36844 -0.5883787 2.36844 -0.5883787 2.633744 -0.7634986 2.737307 -0.7162029 2.36844 -0.5883787 2.737307 -0.7162029 2.384315 -0.5343146 2.384315 -0.5343146 2.737307 -0.7162029 2.784514 -0.375575 2.384315 -0.5343146 2.784514 -0.375575 2.36844 -0.4802505 2.36844 -0.4802505 2.784514 -0.375575 2.754051 -0.3281732 2.36844 -0.4802505 2.754051 -0.3281732 2.325856 -0.4433513 2.325856 -0.4433513 2.754051 -0.3281732 2.754051 -0.2718268 2.325856 -0.4433513 2.754051 -0.2718268 2.270083 -0.4353324 2.270083 -0.4353324 2.754051 -0.2718268 2.784514 -0.224425 2.270083 -0.4353324 2.784514 -0.224425 2.85 0 2.85 0 2.784514 -0.224425 2.835768 -0.2010177 2.85 0 2.835768 -0.2010177 2.87038 -1.88804e-4 2.87038 -1.88804e-4 2.835768 -0.2010177 2.890753 -7.55149e-4 2.890753 -7.55149e-4 2.835768 -0.2010177 2.891541 -0.2090368 2.890753 -7.55149e-4 2.891541 -0.2090368 2.911111 -0.001698732 2.911111 -0.001698732 2.891541 -0.2090368 2.984171 -0.01996421 2.984171 -0.01996421 2.891541 -0.2090368 3.045297 -0.0639531 3.045297 -0.0639531 2.891541 -0.2090368 3.085822 -0.1274282 3.085822 -0.1274282 2.891541 -0.2090368 2.934125 -0.2459359 3.085822 -0.1274282 2.934125 -0.2459359 3.1 -0.2013899 3.1 -0.2013899 2.934125 -0.2459359 2.95 -0.3 3.1 -0.2013899 2.95 -0.3 3.1 -0.5 3.1 -0.5 2.95 -0.3 2.934125 -0.3540641 3.1 -0.5 2.934125 -0.3540641 2.891541 -0.3909632 2.784514 -0.375575 2.737307 -0.7162029 2.835768 -0.3989821 2.835768 -0.3989821 2.737307 -0.7162029 2.85 -0.7 2.835768 -0.3989821 2.85 -0.7 2.9 -0.7 2.9 -0.7 2.976537 -0.684776 2.835768 -0.3989821 2.835768 -0.3989821 2.976537 -0.684776 3.041421 -0.6414214 2.835768 -0.3989821 3.041421 -0.6414214 3.084776 -0.5765367 2.835768 -0.3989821 3.084776 -0.5765367 2.891541 -0.3909632 2.891541 -0.3909632 3.084776 -0.5765367 3.1 -0.5 0 0 1.074721 -0.2239155 2.85 0 2.85 0 1.074721 -0.2239155 1.114721 -0.2529772 2.85 0 1.114721 -0.2529772 2.270083 -0.4353324 2.270083 -0.4353324 1.114721 -0.2529772 2.218829 -0.4587396 1.35 -1.6 1.13 -1.9 1.55 -1.6 1.55 -1.6 1.13 -1.9 1.114721 -1.947023 1.55 -1.6 1.114721 -1.947023 2.218829 -1.74126 2.218829 -1.74126 1.114721 -1.947023 2.270083 -1.764667 2.270083 -1.764667 1.114721 -1.947023 2.85 -2.2 1.13 -1.9 1.35 -1.6 1.114721 -1.852977 1.114721 -1.852977 1.35 -1.6 1.3 -1.586603 1.114721 -1.852977 1.3 -1.586603 1.074721 -1.823915 1.074721 -1.823915 1.3 -1.586603 1.263398 -1.55 1.074721 -1.823915 1.263398 -1.55 0.8366025 -1.55 0.8366025 -1.55 1.263398 -1.55 0.85 -1.5 0.85 -1.5 1.263398 -1.55 1.25 -1.5 0.85 -1.5 1.25 -1.5 0.85 -0.7 0.85 -0.7 1.25 -1.5 1.25 -0.7 0.85 -0.7 1.25 -0.7 0.8366025 -0.65 0.8366025 -0.65 1.25 -0.7 1.263398 -0.65 0.8366025 -0.65 1.263398 -0.65 1.025279 -0.3760845 1.025279 -0.3760845 1.263398 -0.65 1.074721 -0.3760845 1.074721 -0.3760845 1.263398 -0.65 1.3 -0.6133975 1.074721 -0.3760845 1.3 -0.6133975 1.114721 -0.3470228 1.114721 -0.3470228 1.3 -0.6133975 1.35 -0.6 1.114721 -0.3470228 1.35 -0.6 1.13 -0.3 1.13 -0.3 1.35 -0.6 1.55 -0.6 1.65 -1.5 1.954051 -1.071827 1.65 -0.7 1.65 -0.7 1.954051 -1.071827 1.984514 -1.024425 1.65 -0.7 1.984514 -1.024425 2.035768 -1.001018 1.636603 -1.55 2.188365 -1.637512 1.65 -1.5 1.65 -1.5 2.188365 -1.637512 2.218829 -1.590111 1.65 -1.5 2.218829 -1.590111 2.035768 -1.198982 2.035768 -1.198982 2.218829 -1.590111 2.270083 -1.566703 2.035768 -1.198982 2.270083 -1.566703 2.091542 -1.190963 2.188365 -1.637512 1.636603 -1.55 2.188365 -1.693859 2.188365 -1.693859 1.636603 -1.55 1.6 -1.586603 2.188365 -1.693859 1.6 -1.586603 2.218829 -1.74126 2.218829 -1.74126 1.6 -1.586603 1.55 -1.6 0.55 -1.6 0.97 -1.9 0.75 -1.6 0.75 -1.6 0.97 -1.9 0.9852786 -1.852977 0.75 -1.6 0.9852786 -1.852977 0.8 -1.586603 0.8 -1.586603 0.9852786 -1.852977 1.025279 -1.823915 0.8 -1.586603 1.025279 -1.823915 0.8366025 -1.55 0.8366025 -1.55 1.025279 -1.823915 1.074721 -1.823915 0.97 -1.9 0.55 -1.6 0 -2.2 0 -2.2 0.55 -1.6 0.5 -1.586603 0 -2.2 0.5 -1.586603 0.4633975 -1.55 0.4633975 -1.55 0.45 -1.5 0 -2.2 0 -2.2 0.45 -1.5 0.45 -0.7 0.5 -0.6133975 0.55 -0.6 0 0 0 0 0.55 -0.6 0.97 -0.3 0 0 0.97 -0.3 0.9852786 -0.2529772 0.55 -0.6 0.75 -0.6 0.97 -0.3 0.97 -0.3 0.75 -0.6 0.9852786 -0.3470228 0.9852786 -0.3470228 0.75 -0.6 0.8 -0.6133975 0.9852786 -0.3470228 0.8 -0.6133975 1.025279 -0.3760845 1.025279 -0.3760845 0.8 -0.6133975 0.8366025 -0.65 1.114721 -1.947023 1.074721 -1.976085 2.85 -2.2 0.9852786 -1.947023 0.97 -1.9 0 -2.2 0.9852786 -0.2529772 1.025279 -0.2239155 0 0 0 0 1.025279 -0.2239155 1.074721 -0.2239155 2.035768 -1.198982 1.984514 -1.175575 1.65 -1.5 1.65 -1.5 1.984514 -1.175575 1.954051 -1.128173 1.65 -1.5 1.954051 -1.128173 1.954051 -1.071827 2.784514 -1.824425 2.835768 -1.801018 2.737307 -1.483797 0.1 0.07499998 -0.1 0.07499998 0.1 -0.07499998 0.1 -0.07499998 -0.1 0.07499998 -0.1 -0.07499998 -0.07499998 0.1570796 -0.07499998 0.1047196 0.07499998 0.1570796 0.07499998 0.1570796 -0.07499998 0.1047196 0.07499998 0.1047196 0.07499998 0.1047196 -0.07499998 0.1047196 -0.07499998 0.05235975 0.07499998 0.1047196 -0.07499998 0.05235975 0.07499998 0.05235975 0.07499998 0.05235975 -0.07499998 0.05235975 -0.07499998 0 0.07499998 0.05235975 -0.07499998 0 0.07499998 0 0.4 0.07499998 -0.4 0.07499998 0.4 -0.07499998 0.4 -0.07499998 -0.4 0.07499998 -0.4 -0.07499998 -0.07499998 0.1570796 -0.07499998 0.1047196 0.07499998 0.1570796 0.07499998 0.1570796 -0.07499998 0.1047196 0.07499998 0.1047196 0.07499998 0.1047196 -0.07499998 0.1047196 -0.07499998 0.05235975 0.07499998 0.1047196 -0.07499998 0.05235975 0.07499998 0.05235975 0.07499998 0.05235975 -0.07499998 0.05235975 -0.07499998 0 0.07499998 0.05235975 -0.07499998 0 0.07499998 0 0.1 0.07499998 -0.1 0.07499998 0.1 -0.07499998 0.1 -0.07499998 -0.1 0.07499998 -0.1 -0.07499998 -0.07499998 0.1570796 -0.07499998 0.1047196 0.07499998 0.1570796 0.07499998 0.1570796 -0.07499998 0.1047196 0.07499998 0.1047196 0.07499998 0.1047196 -0.07499998 0.1047196 -0.07499998 0.05235975 0.07499998 0.1047196 -0.07499998 0.05235975 0.07499998 0.05235975 0.07499998 0.05235975 -0.07499998 0.05235975 -0.07499998 0 0.07499998 0.05235975 -0.07499998 0 0.07499998 0 0.4 0.07499998 -0.4 0.07499998 0.4 -0.07499998 0.4 -0.07499998 -0.4 0.07499998 -0.4 -0.07499998 -0.07499998 0.1570796 -0.07499998 0.1047196 0.07499998 0.1570796 0.07499998 0.1570796 -0.07499998 0.1047196 0.07499998 0.1047196 0.07499998 0.1047196 -0.07499998 0.1047196 -0.07499998 0.05235975 0.07499998 0.1047196 -0.07499998 0.05235975 0.07499998 0.05235975 0.07499998 0.05235975 -0.07499998 0.05235975 -0.07499998 0 0.07499998 0.05235975 -0.07499998 0 0.07499998 0 -3.1 -1.99861 -2.95 -1.9 -3.1 -1.7 -3.1 -1.7 -2.95 -1.9 -2.934125 -1.845936 -3.1 -1.7 -2.934125 -1.845936 -2.891541 -1.809037 -2.95 -1.9 -3.1 -1.99861 -2.934125 -1.954064 -2.934125 -1.954064 -3.1 -1.99861 -3.085822 -2.072572 -2.934125 -1.954064 -3.085822 -2.072572 -2.891541 -1.990963 -2.891541 -1.990963 -3.085822 -2.072572 -3.045297 -2.136047 -2.891541 -1.990963 -3.045297 -2.136047 -2.984171 -2.180036 -2.984171 -2.180036 -2.911111 -2.198301 -2.891541 -1.990963 -2.891541 -1.990963 -2.911111 -2.198301 -2.890753 -2.199245 -2.891541 -1.990963 -2.890753 -2.199245 -2.835768 -1.998982 -2.835768 -1.998982 -2.890753 -2.199245 -2.87038 -2.199811 -2.835768 -1.998982 -2.87038 -2.199811 -2.85 -2.2 0 -2.2 -1.034345 -2.00888 -2.85 -2.2 -2.85 -2.2 -1.034345 -2.00888 -1.095696 -2.00006 -2.85 -2.2 -1.095696 -2.00006 -1.142538 -1.959471 0 0 -0.45 -0.7 0 -2.2 0 -2.2 -0.45 -0.7 -0.45 -1.5 0 -2.2 -0.45 -1.5 -0.4633975 -1.55 -2.85 0 -1.034345 -0.1911196 0 0 0 0 -1.034345 -0.1911196 -0.9779654 -0.2168675 0 0 -0.9779654 -0.2168675 -0.9444558 -0.2690094 -2.87038 -1.88804e-4 -2.835768 -0.2010177 -2.85 0 -2.85 0 -2.835768 -0.2010177 -2.784514 -0.224425 -2.85 0 -2.784514 -0.224425 -2.270083 -0.4353324 -2.270083 -0.4353324 -2.784514 -0.224425 -2.754051 -0.2718268 -2.270083 -0.4353324 -2.754051 -0.2718268 -2.325856 -0.4433513 -2.325856 -0.4433513 -2.754051 -0.2718268 -2.754051 -0.3281732 -2.325856 -0.4433513 -2.754051 -0.3281732 -2.36844 -0.4802505 -2.36844 -0.4802505 -2.754051 -0.3281732 -2.784514 -0.375575 -2.36844 -0.4802505 -2.784514 -0.375575 -2.384315 -0.5343146 -2.384315 -0.5343146 -2.784514 -0.375575 -2.737307 -0.7162029 -2.384315 -0.5343146 -2.737307 -0.7162029 -2.36844 -0.5883787 -2.36844 -0.5883787 -2.737307 -0.7162029 -2.633744 -0.7634986 -2.36844 -0.5883787 -2.633744 -0.7634986 -2.325856 -0.6252778 -2.325856 -0.6252778 -2.633744 -0.7634986 -2.5477 -0.8380557 -2.325856 -0.6252778 -2.5477 -0.8380557 -2.270083 -0.6332967 -2.270083 -0.6332967 -2.5477 -0.8380557 -2.486147 -0.933834 -2.270083 -0.6332967 -2.486147 -0.933834 -2.091542 -1.009037 -2.091542 -1.009037 -2.486147 -0.933834 -2.134125 -1.045936 -2.134125 -1.045936 -2.486147 -0.933834 -2.454071 -1.043074 -2.134125 -1.045936 -2.454071 -1.043074 -2.15 -1.1 -2.15 -1.1 -2.454071 -1.043074 -2.454071 -1.156926 -2.15 -1.1 -2.454071 -1.156926 -2.134125 -1.154064 -2.134125 -1.154064 -2.454071 -1.156926 -2.486147 -1.266166 -2.134125 -1.154064 -2.486147 -1.266166 -2.091542 -1.190963 -2.091542 -1.190963 -2.486147 -1.266166 -2.270083 -1.566703 -2.091542 -1.190963 -2.270083 -1.566703 -2.035768 -1.198982 -2.035768 -1.198982 -2.270083 -1.566703 -2.218829 -1.590111 -2.035768 -1.198982 -2.218829 -1.590111 -1.65 -1.5 -1.65 -1.5 -2.218829 -1.590111 -2.188365 -1.637512 -1.65 -1.5 -2.188365 -1.637512 -1.636603 -1.55 -1.636603 -1.55 -2.188365 -1.637512 -2.188365 -1.693859 -1.636603 -1.55 -2.188365 -1.693859 -1.6 -1.586603 -1.6 -1.586603 -2.188365 -1.693859 -2.218829 -1.74126 -1.6 -1.586603 -2.218829 -1.74126 -1.55 -1.6 -1.55 -1.6 -2.218829 -1.74126 -1.16 -1.9 -1.55 -1.6 -1.16 -1.9 -1.142538 -1.840529 -2.87038 -1.88804e-4 -2.890753 -7.55149e-4 -2.835768 -0.2010177 -2.835768 -0.2010177 -2.890753 -7.55149e-4 -2.891541 -0.2090368 -2.891541 -0.2090368 -2.890753 -7.55149e-4 -2.911111 -0.001698732 -2.891541 -0.2090368 -2.911111 -0.001698732 -2.984171 -0.01996421 -2.984171 -0.01996421 -3.045297 -0.0639531 -2.891541 -0.2090368 -2.891541 -0.2090368 -3.045297 -0.0639531 -3.085822 -0.1274282 -2.891541 -0.2090368 -3.085822 -0.1274282 -2.934125 -0.2459359 -2.934125 -0.2459359 -3.085822 -0.1274282 -3.1 -0.2013899 -2.934125 -0.2459359 -3.1 -0.2013899 -2.95 -0.3 -2.95 -0.3 -3.1 -0.2013899 -3.1 -0.5 -2.95 -0.3 -3.1 -0.5 -2.934125 -0.3540641 -2.934125 -0.3540641 -3.1 -0.5 -2.891541 -0.3909632 -2.891541 -0.3909632 -3.1 -0.5 -3.084776 -0.5765367 -2.891541 -0.3909632 -3.084776 -0.5765367 -2.835768 -0.3989821 -2.835768 -0.3989821 -3.084776 -0.5765367 -3.041421 -0.6414214 -2.835768 -0.3989821 -3.041421 -0.6414214 -2.976537 -0.684776 -2.976537 -0.684776 -2.9 -0.7 -2.835768 -0.3989821 -2.835768 -0.3989821 -2.9 -0.7 -2.85 -0.7 -2.835768 -0.3989821 -2.85 -0.7 -2.737307 -0.7162029 -2.486147 -1.266166 -2.5477 -1.361944 -2.270083 -1.566703 -2.270083 -1.566703 -2.5477 -1.361944 -2.325856 -1.574722 -2.325856 -1.574722 -2.5477 -1.361944 -2.633744 -1.436501 -2.325856 -1.574722 -2.633744 -1.436501 -2.36844 -1.611621 -2.36844 -1.611621 -2.633744 -1.436501 -2.737307 -1.483797 -2.36844 -1.611621 -2.737307 -1.483797 -2.384315 -1.665686 -2.384315 -1.665686 -2.737307 -1.483797 -2.784514 -1.824425 -2.384315 -1.665686 -2.784514 -1.824425 -2.36844 -1.719749 -2.36844 -1.719749 -2.784514 -1.824425 -2.754051 -1.871827 -2.36844 -1.719749 -2.754051 -1.871827 -2.325856 -1.756649 -2.325856 -1.756649 -2.754051 -1.871827 -2.754051 -1.928173 -2.325856 -1.756649 -2.754051 -1.928173 -2.270083 -1.764667 -2.270083 -1.764667 -2.754051 -1.928173 -2.784514 -1.975575 -2.270083 -1.764667 -2.784514 -1.975575 -2.85 -2.2 -2.85 -2.2 -2.784514 -1.975575 -2.835768 -1.998982 -2.784514 -1.824425 -2.737307 -1.483797 -2.835768 -1.801018 -2.835768 -1.801018 -2.737307 -1.483797 -2.85 -1.5 -2.835768 -1.801018 -2.85 -1.5 -2.9 -1.5 -2.9 -1.5 -2.976537 -1.515224 -2.835768 -1.801018 -2.835768 -1.801018 -2.976537 -1.515224 -3.041421 -1.558579 -2.835768 -1.801018 -3.041421 -1.558579 -3.084776 -1.623463 -2.835768 -1.801018 -3.084776 -1.623463 -2.891541 -1.809037 -2.891541 -1.809037 -3.084776 -1.623463 -3.1 -1.7 -0.75 -1.6 -0.9444558 -1.869009 -0.55 -1.6 -0.55 -1.6 -0.9444558 -1.869009 -0.9444558 -1.930991 -0.55 -1.6 -0.9444558 -1.930991 0 -2.2 0 -2.2 -0.9444558 -1.930991 -0.9779654 -1.983132 0 -2.2 -0.9779654 -1.983132 -1.034345 -2.00888 -0.9444558 -1.869009 -0.75 -1.6 -0.9779654 -1.816868 -0.9779654 -1.816868 -0.75 -1.6 -0.8 -1.586603 -0.9779654 -1.816868 -0.8 -1.586603 -1.034345 -1.79112 -1.034345 -1.79112 -0.8 -1.586603 -0.8366025 -1.55 -1.034345 -1.79112 -0.8366025 -1.55 -1.263398 -1.55 -1.263398 -1.55 -0.8366025 -1.55 -1.25 -1.5 -1.25 -1.5 -0.8366025 -1.55 -0.85 -1.5 -1.25 -1.5 -0.85 -1.5 -1.25 -0.7 -1.25 -0.7 -0.85 -1.5 -0.85 -0.7 -1.25 -0.7 -0.85 -0.7 -1.263398 -0.65 -1.263398 -0.65 -0.85 -0.7 -0.8366025 -0.65 -1.263398 -0.65 -0.8366025 -0.65 -1.034345 -0.4088804 -1.034345 -0.4088804 -0.8366025 -0.65 -0.8 -0.6133975 -1.034345 -0.4088804 -0.8 -0.6133975 -0.9779654 -0.3831325 -0.9779654 -0.3831325 -0.8 -0.6133975 -0.75 -0.6 -0.9779654 -0.3831325 -0.75 -0.6 -0.9444558 -0.3309906 -0.9444558 -0.3309906 -0.75 -0.6 -0.55 -0.6 -0.9444558 -0.3309906 -0.55 -0.6 -0.9444558 -0.2690094 -0.9444558 -0.2690094 -0.55 -0.6 0 0 -0.55 -0.6 -0.5 -0.6133975 0 0 0 0 -0.5 -0.6133975 -0.4633975 -0.65 0 0 -0.4633975 -0.65 -0.45 -0.7 -0.4633975 -1.55 -0.5 -1.586603 0 -2.2 0 -2.2 -0.5 -1.586603 -0.55 -1.6 -1.55 -1.6 -1.142538 -1.840529 -1.35 -1.6 -1.35 -1.6 -1.142538 -1.840529 -1.095696 -1.79994 -1.35 -1.6 -1.095696 -1.79994 -1.3 -1.586603 -1.3 -1.586603 -1.095696 -1.79994 -1.263398 -1.55 -1.263398 -1.55 -1.095696 -1.79994 -1.034345 -1.79112 -1.65 -0.7 -1.954051 -1.071827 -1.65 -1.5 -1.65 -1.5 -1.954051 -1.071827 -1.954051 -1.128173 -1.65 -1.5 -1.954051 -1.128173 -1.984514 -1.175575 -1.636603 -0.65 -2.188365 -0.5624879 -1.65 -0.7 -1.65 -0.7 -2.188365 -0.5624879 -2.218829 -0.6098896 -1.65 -0.7 -2.218829 -0.6098896 -2.035768 -1.001018 -2.035768 -1.001018 -2.218829 -0.6098896 -2.270083 -0.6332967 -2.035768 -1.001018 -2.270083 -0.6332967 -2.091542 -1.009037 -2.188365 -0.5624879 -1.636603 -0.65 -2.188365 -0.5061414 -2.188365 -0.5061414 -1.636603 -0.65 -1.6 -0.6133975 -2.188365 -0.5061414 -1.6 -0.6133975 -2.218829 -0.4587396 -2.218829 -0.4587396 -1.6 -0.6133975 -1.55 -0.6 -2.218829 -0.4587396 -1.55 -0.6 -1.16 -0.3 -1.16 -0.3 -1.55 -0.6 -1.142538 -0.3594705 -1.142538 -0.3594705 -1.55 -0.6 -1.35 -0.6 -1.142538 -0.3594705 -1.35 -0.6 -1.095696 -0.4000595 -1.095696 -0.4000595 -1.35 -0.6 -1.3 -0.6133975 -1.095696 -0.4000595 -1.3 -0.6133975 -1.263398 -0.65 -1.16 -1.9 -2.218829 -1.74126 -1.142538 -1.959471 -1.142538 -1.959471 -2.218829 -1.74126 -2.270083 -1.764667 -1.142538 -1.959471 -2.270083 -1.764667 -2.85 -2.2 -1.16 -0.3 -1.142538 -0.2405295 -2.218829 -0.4587396 -2.218829 -0.4587396 -1.142538 -0.2405295 -2.270083 -0.4353324 -2.270083 -0.4353324 -1.142538 -0.2405295 -2.85 0 -1.142538 -0.2405295 -1.095696 -0.1999405 -2.85 0 -2.85 0 -1.095696 -0.1999405 -1.034345 -0.1911196 -1.034345 -0.4088804 -1.095696 -0.4000595 -1.263398 -0.65 -2.784514 -0.375575 -2.835768 -0.3989821 -2.737307 -0.7162029 -2.035768 -1.001018 -1.984514 -1.024425 -1.65 -0.7 -1.65 -0.7 -1.984514 -1.024425 -1.954051 -1.071827 -1.984514 -1.175575 -2.035768 -1.198982 -1.65 -1.5 0.1 0.07499998 -0.1 0.07499998 0.1 -0.07499998 0.1 -0.07499998 -0.1 0.07499998 -0.1 -0.07499998 -0.07499998 0.1570796 -0.07499998 0.1047196 0.07499998 0.1570796 0.07499998 0.1570796 -0.07499998 0.1047196 0.07499998 0.1047196 0.07499998 0.1047196 -0.07499998 0.1047196 -0.07499998 0.05235975 0.07499998 0.1047196 -0.07499998 0.05235975 0.07499998 0.05235975 0.07499998 0.05235975 -0.07499998 0.05235975 -0.07499998 0 0.07499998 0.05235975 -0.07499998 0 0.07499998 0 0.4 0.07499998 -0.4 0.07499998 0.4 -0.07499998 0.4 -0.07499998 -0.4 0.07499998 -0.4 -0.07499998 -0.07499998 0.1570796 -0.07499998 0.1047196 0.07499998 0.1570796 0.07499998 0.1570796 -0.07499998 0.1047196 0.07499998 0.1047196 0.07499998 0.1047196 -0.07499998 0.1047196 -0.07499998 0.05235975 0.07499998 0.1047196 -0.07499998 0.05235975 0.07499998 0.05235975 0.07499998 0.05235975 -0.07499998 0.05235975 -0.07499998 0 0.07499998 0.05235975 -0.07499998 0 0.07499998 0 0.1 0.07499998 -0.1 0.07499998 0.1 -0.07499998 0.1 -0.07499998 -0.1 0.07499998 -0.1 -0.07499998 -0.07499998 0.1570796 -0.07499998 0.1047196 0.07499998 0.1570796 0.07499998 0.1570796 -0.07499998 0.1047196 0.07499998 0.1047196 0.07499998 0.1047196 -0.07499998 0.1047196 -0.07499998 0.05235975 0.07499998 0.1047196 -0.07499998 0.05235975 0.07499998 0.05235975 0.07499998 0.05235975 -0.07499998 0.05235975 -0.07499998 0 0.07499998 0.05235975 -0.07499998 0 0.07499998 0 0.4 0.07499998 -0.4 0.07499998 0.4 -0.07499998 0.4 -0.07499998 -0.4 0.07499998 -0.4 -0.07499998 -0.07499998 0.1570796 -0.07499998 0.1047196 0.07499998 0.1570796 0.07499998 0.1570796 -0.07499998 0.1047196 0.07499998 0.1047196 0.07499998 0.1047196 -0.07499998 0.1047196 -0.07499998 0.05235975 0.07499998 0.1047196 -0.07499998 0.05235975 0.07499998 0.05235975 0.07499998 0.05235975 -0.07499998 0.05235975 -0.07499998 0 0.07499998 0.05235975 -0.07499998 0 0.07499998 0 0.02121317 -0.05426383 0.02121317 0 -0.02121317 0 -0.02121317 0 0.02121317 0 0.02121317 0.05426383 -0.02121317 0 0.02121317 0.05426383 -0.02121317 0.05969011 -0.02121317 0.05969011 0.02121317 0.05426383 0.02121317 0.1085277 -0.02121317 0.05969011 0.02121317 0.1085277 -0.02121317 0.1193805 -0.02121317 0.1193805 0.02121317 0.1085277 0.02121317 0.1627916 -0.02121317 0.1193805 0.02121317 0.1627916 -0.02121317 0.1790708 -0.02121317 0.1790708 0.02121317 0.1627916 0.02121317 0.2170554 -0.02121317 0.1790708 0.02121317 0.2170554 -0.02121317 0.238761 -0.02121317 0.238761 0.02121317 0.2170554 0.02121317 0.2713194 -0.02121317 0.238761 0.02121317 0.2713194 -0.02121317 0.2984513 -0.02121317 -0.2984513 0.02121317 -0.3255832 0.02121317 -0.2713193 -0.02121317 -0.2984513 0.02121317 -0.2713193 0.02121317 -0.2170554 0.02121317 -0.1627916 -0.02121317 -0.1790708 0.02121317 -0.2170554 0.02121317 -0.2170554 -0.02121317 -0.1790708 -0.02121317 -0.238761 0.02121317 -0.2170554 -0.02121317 -0.238761 -0.02121317 -0.2984513 -0.02121317 -0.1790708 0.02121317 -0.1627916 -0.02121317 -0.1193805 -0.02121317 -0.1193805 0.02121317 -0.1627916 0.02121317 -0.1085277 -0.02121317 -0.1193805 0.02121317 -0.1085277 -0.02121317 -0.05969011 -0.02121317 -0.05969011 0.02121317 -0.1085277 0.02121317 -0.05426383 -0.02121317 -0.05969011 0.02121317 -0.05426383 -0.02121317 0 4.965 -0.05026543 5.085 -0.05026543 4.965 0 4.965 0 5.085 -0.05026543 5.085 0 4.965 0 5.085 0 4.965 0.05026543 4.965 0.05026543 5.085 0 5.085 0.05026543 4.965 0.05026543 5.085 0.05026543 4.965 0.1005309 4.965 0.1005309 5.085 0.05026543 5.085 0.1005309 4.965 0.1005309 5.085 0.1005309 4.965 0.1507964 4.965 0.1507964 5.085 0.1005309 5.085 0.1507964 4.965 0.1507964 5.085 0.1507964 4.965 0.2010619 4.965 0.2010619 5.085 0.1507964 5.085 0.2010619 4.965 0.2010619 5.085 0.2010619 4.965 0.2513274 4.965 0.2513274 5.085 0.2010619 5.085 0.2513274 4.965 -0.2513274 5.085 -0.2513274 4.965 -0.2010619 4.965 -0.2010619 5.085 -0.2513274 5.085 -0.2010619 4.965 -0.2010619 5.085 -0.2010619 4.965 -0.1507964 4.965 -0.1507964 5.085 -0.2010619 5.085 -0.1507964 4.965 -0.1507964 5.085 -0.1507964 4.965 -0.1005309 4.965 -0.1005309 5.085 -0.1507964 5.085 -0.1005309 4.965 -0.1005309 5.085 -0.1005309 4.965 -0.05026543 4.965 -0.05026543 5.085 -0.1005309 5.085 -0.05026543 0.02121317 -0.05426383 0.02121317 0 -0.02121317 0 -0.02121317 0 0.02121317 0 0.02121317 0.05426383 -0.02121317 0 0.02121317 0.05426383 -0.02121317 0.05969011 -0.02121317 0.05969011 0.02121317 0.05426383 0.02121317 0.1085277 -0.02121317 0.05969011 0.02121317 0.1085277 -0.02121317 0.1193805 -0.02121317 0.1193805 0.02121317 0.1085277 0.02121317 0.1627916 -0.02121317 0.1193805 0.02121317 0.1627916 -0.02121317 0.1790708 -0.02121317 0.1790708 0.02121317 0.1627916 0.02121317 0.2170554 -0.02121317 0.1790708 0.02121317 0.2170554 -0.02121317 0.238761 -0.02121317 0.238761 0.02121317 0.2170554 0.02121317 0.2713194 -0.02121317 0.238761 0.02121317 0.2713194 -0.02121317 0.2984513 -0.02121317 -0.2984513 0.02121317 -0.3255832 0.02121317 -0.2713193 -0.02121317 -0.2984513 0.02121317 -0.2713193 0.02121317 -0.2170554 0.02121317 -0.1627916 -0.02121317 -0.1790708 0.02121317 -0.2170554 0.02121317 -0.2170554 -0.02121317 -0.1790708 -0.02121317 -0.238761 0.02121317 -0.2170554 -0.02121317 -0.238761 -0.02121317 -0.2984513 -0.02121317 -0.1790708 0.02121317 -0.1627916 -0.02121317 -0.1193805 -0.02121317 -0.1193805 0.02121317 -0.1627916 0.02121317 -0.1085277 -0.02121317 -0.1193805 0.02121317 -0.1085277 -0.02121317 -0.05969011 -0.02121317 -0.05969011 0.02121317 -0.1085277 0.02121317 -0.05426383 -0.02121317 -0.05969011 0.02121317 -0.05426383 -0.02121317 0 4.932 -0.05026543 5.052 -0.05026543 4.932 0 4.932 0 5.052 -0.05026543 5.052 0 4.932 0 5.052 0 4.932 0.05026543 4.932 0.05026543 5.052 0 5.052 0.05026543 4.932 0.05026543 5.052 0.05026543 4.932 0.1005309 4.932 0.1005309 5.052 0.05026543 5.052 0.1005309 4.932 0.1005309 5.052 0.1005309 4.932 0.1507964 4.932 0.1507964 5.052 0.1005309 5.052 0.1507964 4.932 0.1507964 5.052 0.1507964 4.932 0.2010619 4.932 0.2010619 5.052 0.1507964 5.052 0.2010619 4.932 0.2010619 5.052 0.2010619 4.932 0.2513274 4.932 0.2513274 5.052 0.2010619 5.052 0.2513274 4.932 -0.2513274 5.052 -0.2513274 4.932 -0.2010619 4.932 -0.2010619 5.052 -0.2513274 5.052 -0.2010619 4.932 -0.2010619 5.052 -0.2010619 4.932 -0.1507964 4.932 -0.1507964 5.052 -0.2010619 5.052 -0.1507964 4.932 -0.1507964 5.052 -0.1507964 4.932 -0.1005309 4.932 -0.1005309 5.052 -0.1507964 5.052 -0.1005309 4.932 -0.1005309 5.052 -0.1005309 4.932 -0.05026543 4.932 -0.05026543 5.052 -0.1005309 5.052 -0.05026543 0.1356071 0.07499998 -0.1630029 0.07499998 0.1356071 -0.07499998 0.1356071 -0.07499998 -0.1630029 0.07499998 -0.1630029 -0.07499998 -0.1677809 0.3141593 -0.1677809 0.2356194 -0.0177809 0.3141593 -0.0177809 0.3141593 -0.1677809 0.2356194 -0.0177809 0.2356194 -0.0177809 0.2356194 -0.1677809 0.2356194 -0.1677809 0.1570796 -0.0177809 0.2356194 -0.1677809 0.1570796 -0.0177809 0.1570796 -0.0177809 0.1570796 -0.1677809 0.1570796 -0.1677809 0.07853978 -0.0177809 0.1570796 -0.1677809 0.07853978 -0.0177809 0.07853978 -0.0177809 0.07853978 -0.1677809 0.07853978 -0.1677809 0 -0.0177809 0.07853978 -0.1677809 0 -0.0177809 0 0.5123476 0.07499998 0.4623476 0.07499998 0.5123476 -0.07499998 0.5123476 -0.07499998 0.4623476 0.07499998 0.4623476 -0.07499998 0.07499998 1.256637 -0.07499998 1.256637 0.07499998 1.142397 0.07499998 1.142397 -0.07499998 1.256637 -0.07499998 1.142397 0.07499998 1.142397 -0.07499998 1.142397 -0.07499998 1.028158 0.07499998 1.142397 -0.07499998 1.028158 0.07499998 1.028158 0.07499998 1.028158 -0.07499998 1.028158 -0.07499998 0.9139178 0.07499998 1.028158 -0.07499998 0.9139178 0.07499998 0.9139178 0.07499998 0.9139178 -0.07499998 0.9139178 -0.07499998 0.7996782 0.07499998 0.9139178 -0.07499998 0.7996782 0.07499998 0.7996782 0.07499998 0.7996782 -0.07499998 0.7996782 -0.07499998 0.6854384 0.07499998 0.7996782 -0.07499998 0.6854384 0.07499998 0.6854384 0.07499998 0.6854384 -0.07499998 0.6854384 -0.07499998 0.5711987 0.07499998 0.6854384 -0.07499998 0.5711987 0.07499998 0.5711987 0.07499998 0.5711987 -0.07499998 0.5711987 -0.07499998 0.4569589 0.07499998 0.5711987 -0.07499998 0.4569589 0.07499998 0.4569589 0.07499998 0.4569589 -0.07499998 0.4569589 -0.07499998 0.3427192 0.07499998 0.4569589 -0.07499998 0.3427192 0.07499998 0.3427192 0.07499998 0.3427192 -0.07499998 0.3427192 -0.07499998 0.2284795 0.07499998 0.3427192 -0.07499998 0.2284795 0.07499998 0.2284795 0.07499998 0.2284795 -0.07499998 0.2284795 -0.07499998 0.1142397 0.07499998 0.2284795 -0.07499998 0.1142397 0.07499998 0.1142397 0.07499998 0.1142397 -0.07499998 0.1142397 -0.07499998 0 0.07499998 0.1142397 -0.07499998 0 0.07499998 0 -0.4623476 0.07499998 -0.5123476 0.07499998 -0.4623476 -0.07499998 -0.4623476 -0.07499998 -0.5123476 0.07499998 -0.5123476 -0.07499998 -0.1677809 0.3141593 -0.1677809 0.2356194 -0.0177809 0.3141593 -0.0177809 0.3141593 -0.1677809 0.2356194 -0.0177809 0.2356194 -0.0177809 0.2356194 -0.1677809 0.2356194 -0.1677809 0.1570796 -0.0177809 0.2356194 -0.1677809 0.1570796 -0.0177809 0.1570796 -0.0177809 0.1570796 -0.1677809 0.1570796 -0.1677809 0.07853978 -0.0177809 0.1570796 -0.1677809 0.07853978 -0.0177809 0.07853978 -0.0177809 0.07853978 -0.1677809 0.07853978 -0.1677809 0 -0.0177809 0.07853978 -0.1677809 0 -0.0177809 0 0.1630029 0.07499998 -0.1356071 0.07499998 0.1630029 -0.07499998 0.1630029 -0.07499998 -0.1356071 0.07499998 -0.1356071 -0.07499998 -0.170055 0.3030424 -0.170055 0.2272818 -0.02005499 0.3030424 -0.02005499 0.3030424 -0.170055 0.2272818 -0.02005499 0.2272818 -0.02005499 0.2272818 -0.170055 0.2272818 -0.170055 0.1515212 -0.02005499 0.2272818 -0.170055 0.1515212 -0.02005499 0.1515212 -0.02005499 0.1515212 -0.170055 0.1515212 -0.170055 0.0757606 -0.02005499 0.1515212 -0.170055 0.0757606 -0.02005499 0.0757606 -0.02005499 0.0757606 -0.170055 0.0757606 -0.170055 0 -0.02005499 0.0757606 -0.170055 0 -0.02005499 0 -0.1677809 0.3030424 -0.1677809 0.2272818 -0.0177809 0.3030424 -0.0177809 0.3030424 -0.1677809 0.2272818 -0.0177809 0.2272818 -0.0177809 0.2272818 -0.1677809 0.2272818 -0.1677809 0.1515212 -0.0177809 0.2272818 -0.1677809 0.1515212 -0.0177809 0.1515212 -0.0177809 0.1515212 -0.1677809 0.1515212 -0.1677809 0.0757606 -0.0177809 0.1515212 -0.1677809 0.0757606 -0.0177809 0.0757606 -0.0177809 0.0757606 -0.1677809 0.0757606 -0.1677809 0 -0.0177809 0.0757606 -0.1677809 0 -0.0177809 0 -0.675 -0.07499998 2.175 -0.07499998 -0.675 0.07499998 -0.675 0.07499998 2.175 -0.07499998 2.175 0.07499998 -0.03749996 0.07499998 -0.03749996 -0.07499998 0.01990234 0.06358194 0.01990234 0.06358194 -0.03749996 -0.07499998 0.06856602 0.031066 0.06856602 0.031066 -0.03749996 -0.07499998 0.1010819 -0.01759731 0.1010819 -0.01759731 -0.03749996 -0.07499998 0.1125 -0.07499998 0 -0.07499998 0.04999995 -0.07499998 0 0.07499998 0 0.07499998 0.04999995 -0.07499998 0.04999995 0.07499998 5.49476 0 5.49476 0.02617985 5.34476 0 5.34476 0 5.49476 0.02617985 5.34476 0.02617985 5.34476 0.02617985 5.49476 0.02617985 5.34476 0.05235975 5.34476 0.05235975 5.49476 0.02617985 5.49476 0.05235975 5.34476 0.05235975 5.49476 0.05235975 5.34476 0.07853978 5.34476 0.07853978 5.49476 0.05235975 5.49476 0.07853978 0.03749996 0.07499998 -0.01990234 0.06358194 0.03749996 -0.07499998 0.03749996 -0.07499998 -0.01990234 0.06358194 -0.06856602 0.031066 0.03749996 -0.07499998 -0.06856602 0.031066 -0.1010819 -0.01759731 -0.1010819 -0.01759731 -0.1125 -0.07499998 0.03749996 -0.07499998 -0.175 -0.07499998 -0.02499997 -0.07499998 -0.175 0.07499998 -0.175 0.07499998 -0.02499997 -0.07499998 -0.02499997 0.07499998 2.97336 0 -0.92664 0 2.97336 -0.15 2.97336 -0.15 -0.92664 0 -0.92664 -0.15 2.97336 -0.15 -0.92664 -0.15 2.958136 -0.2265366 2.958136 -0.2265366 -0.92664 -0.15 -0.9114159 -0.2265366 2.958136 -0.2265366 -0.9114159 -0.2265366 2.914781 -0.2914214 2.914781 -0.2914214 -0.9114159 -0.2265366 -0.8680614 -0.2914214 2.914781 -0.2914214 -0.8680614 -0.2914214 2.77336 -0.35 2.77336 -0.35 -0.8680614 -0.2914214 -0.72664 -0.35 -0.72664 -0.35 -0.8680614 -0.2914214 -0.8031767 -0.3347759 2.77336 -0.35 2.849897 -0.3347759 2.914781 -0.2914214 0.175 0.07499998 0.02499997 0.07499998 0.175 -0.07499998 0.175 -0.07499998 0.02499997 0.07499998 0.02499997 -0.07499998 -0.03749996 0.07499998 -0.03749996 -0.07499998 0.01990234 0.06358194 0.01990234 0.06358194 -0.03749996 -0.07499998 0.06856602 0.031066 0.06856602 0.031066 -0.03749996 -0.07499998 0.1010819 -0.01759731 0.1010819 -0.01759731 -0.03749996 -0.07499998 0.1125 -0.07499998 5.49476 0 5.49476 0.02617985 5.34476 0 5.34476 0 5.49476 0.02617985 5.34476 0.02617985 5.34476 0.02617985 5.49476 0.02617985 5.34476 0.05235975 5.34476 0.05235975 5.49476 0.02617985 5.49476 0.05235975 5.34476 0.05235975 5.49476 0.05235975 5.34476 0.07853978 5.34476 0.07853978 5.49476 0.05235975 5.49476 0.07853978 0 0.07499998 -0.04999995 0.07499998 0 -0.07499998 0 -0.07499998 -0.04999995 0.07499998 -0.04999995 -0.07499998 -0.1125 -0.07499998 0.03749996 -0.07499998 -0.1010819 -0.01759731 -0.1010819 -0.01759731 0.03749996 -0.07499998 -0.06856602 0.031066 -0.06856602 0.031066 0.03749996 -0.07499998 -0.01990234 0.06358194 -0.01990234 0.06358194 0.03749996 -0.07499998 0.03749996 0.07499998 0.675 0.07499998 -2.175 0.07499998 0.675 -0.07499998 0.675 -0.07499998 -2.175 0.07499998 -2.175 -0.07499998 0.07499998 0.06114256 -0.07499998 0.06114256 0.07499998 0.04076159 0.07499998 0.04076159 -0.07499998 0.06114256 -0.07499998 0.04076159 0.07499998 0.04076159 -0.07499998 0.04076159 0.07499998 0.02038085 0.07499998 0.02038085 -0.07499998 0.04076159 -0.07499998 0.02038085 0.07499998 0.02038085 -0.07499998 0.02038085 0.07499998 0 0.07499998 0 -0.07499998 0.02038085 -0.07499998 0 -0.07499998 3.394609 0.07499998 3.394609 -0.07499998 3.41499 -0.07499998 3.41499 0.07499998 3.394609 0.07499998 3.41499 -0.07499998 3.41499 0.07499998 3.41499 -0.07499998 3.435371 -0.07499998 3.435371 0.07499998 3.41499 0.07499998 3.435371 -0.07499998 3.435371 0.07499998 3.435371 -0.07499998 3.455752 -0.07499998 3.455752 0.07499998 3.435371 0.07499998 3.455752 4.35 0 3.9 -0.7 4.35 -2.2 4.35 -2.2 3.9 -0.7 3.9 -1.5 4.35 -2.2 3.9 -1.5 3.886602 -1.55 1.5 0 3.275279 -0.2239155 4.35 0 4.35 0 3.275279 -0.2239155 3.324722 -0.2239155 4.35 0 3.324722 -0.2239155 3.364721 -0.2529772 1.47962 -1.88804e-4 1.485769 -0.2010177 1.5 0 1.5 0 1.485769 -0.2010177 1.541541 -0.2090368 1.5 0 1.541541 -0.2090368 1.584125 -0.2459359 1.485769 -0.2010177 1.47962 -1.88804e-4 1.304703 -0.0639531 1.304703 -0.0639531 1.47962 -1.88804e-4 1.459248 -7.55149e-4 1.304703 -0.0639531 1.459248 -7.55149e-4 1.365829 -0.01996421 1.365829 -0.01996421 1.459248 -7.55149e-4 1.438889 -0.001698732 1.304703 -0.0639531 1.264178 -0.1274282 1.485769 -0.2010177 1.485769 -0.2010177 1.264178 -0.1274282 1.434514 -0.224425 1.434514 -0.224425 1.264178 -0.1274282 1.25 -0.2013899 1.434514 -0.224425 1.25 -0.2013899 1.404051 -0.2718268 1.404051 -0.2718268 1.25 -0.2013899 1.404051 -0.3281732 1.404051 -0.3281732 1.25 -0.2013899 1.25 -0.5 1.404051 -0.3281732 1.25 -0.5 1.434514 -0.375575 1.434514 -0.375575 1.25 -0.5 1.485769 -0.3989821 1.485769 -0.3989821 1.25 -0.5 1.265224 -0.5765367 1.485769 -0.3989821 1.265224 -0.5765367 1.5 -0.7 1.5 -0.7 1.265224 -0.5765367 1.308579 -0.6414214 1.5 -0.7 1.308579 -0.6414214 1.45 -0.7 1.45 -0.7 1.308579 -0.6414214 1.373463 -0.684776 1.485769 -0.3989821 1.5 -0.7 1.541541 -0.3909632 1.541541 -0.3909632 1.5 -0.7 1.612693 -0.7162029 1.541541 -0.3909632 1.612693 -0.7162029 1.969736 -0.5624879 1.969736 -0.5624879 1.612693 -0.7162029 2.000199 -0.6098896 2.000199 -0.6098896 1.612693 -0.7162029 1.716256 -0.7634986 2.000199 -0.6098896 1.716256 -0.7634986 2.051454 -0.6332967 2.051454 -0.6332967 1.716256 -0.7634986 1.8023 -0.8380557 2.051454 -0.6332967 1.8023 -0.8380557 2.285768 -1.001018 2.285768 -1.001018 1.8023 -0.8380557 1.863853 -0.933834 2.285768 -1.001018 1.863853 -0.933834 2.234514 -1.024425 2.234514 -1.024425 1.863853 -0.933834 1.895929 -1.043074 2.234514 -1.024425 1.895929 -1.043074 2.204051 -1.071827 2.204051 -1.071827 1.895929 -1.043074 2.204051 -1.128173 2.204051 -1.128173 1.895929 -1.043074 1.895929 -1.156926 2.204051 -1.128173 1.895929 -1.156926 2.234514 -1.175575 2.234514 -1.175575 1.895929 -1.156926 1.863853 -1.266166 2.234514 -1.175575 1.863853 -1.266166 2.285768 -1.198982 2.285768 -1.198982 1.863853 -1.266166 1.8023 -1.361944 2.285768 -1.198982 1.8023 -1.361944 2.051454 -1.566703 2.051454 -1.566703 1.8023 -1.361944 1.716256 -1.436501 2.051454 -1.566703 1.716256 -1.436501 2.000199 -1.590111 2.000199 -1.590111 1.716256 -1.436501 1.612693 -1.483797 2.000199 -1.590111 1.612693 -1.483797 1.969736 -1.637512 1.969736 -1.637512 1.612693 -1.483797 1.541541 -1.809037 1.969736 -1.637512 1.541541 -1.809037 1.969736 -1.693859 1.969736 -1.693859 1.541541 -1.809037 2.000199 -1.74126 2.000199 -1.74126 1.541541 -1.809037 1.584125 -1.845936 2.000199 -1.74126 1.584125 -1.845936 1.6 -1.9 1.612693 -1.483797 1.5 -1.5 1.541541 -1.809037 1.541541 -1.809037 1.5 -1.5 1.485769 -1.801018 1.485769 -1.801018 1.5 -1.5 1.265224 -1.623463 1.485769 -1.801018 1.265224 -1.623463 1.25 -1.7 1.265224 -1.623463 1.5 -1.5 1.308579 -1.558579 1.308579 -1.558579 1.5 -1.5 1.45 -1.5 1.308579 -1.558579 1.45 -1.5 1.373463 -1.515224 1.25 -1.99861 1.404051 -1.871827 1.25 -1.7 1.25 -1.7 1.404051 -1.871827 1.434514 -1.824425 1.25 -1.7 1.434514 -1.824425 1.485769 -1.801018 1.264178 -2.072572 1.434514 -1.975575 1.25 -1.99861 1.25 -1.99861 1.434514 -1.975575 1.404051 -1.928173 1.25 -1.99861 1.404051 -1.928173 1.404051 -1.871827 1.434514 -1.975575 1.264178 -2.072572 1.485769 -1.998982 1.485769 -1.998982 1.264178 -2.072572 1.304703 -2.136047 1.485769 -1.998982 1.304703 -2.136047 1.365829 -2.180036 1.438889 -2.198301 1.459248 -2.199245 1.365829 -2.180036 1.365829 -2.180036 1.459248 -2.199245 1.485769 -1.998982 1.459248 -2.199245 1.47962 -2.199811 1.485769 -1.998982 1.485769 -1.998982 1.47962 -2.199811 1.5 -2.2 1.485769 -1.998982 1.5 -2.2 1.541541 -1.990963 1.541541 -1.990963 1.5 -2.2 1.584125 -1.954064 1.584125 -1.954064 1.5 -2.2 2.051454 -1.764667 1.584125 -1.954064 2.051454 -1.764667 1.6 -1.9 1.6 -1.9 2.051454 -1.764667 2.000199 -1.74126 4.35 -2.2 3.275279 -1.976085 1.5 -2.2 1.5 -2.2 3.275279 -1.976085 3.235279 -1.947023 1.5 -2.2 3.235279 -1.947023 2.107227 -1.756649 2.107227 -1.756649 3.235279 -1.947023 3.22 -1.9 2.107227 -1.756649 3.22 -1.9 2.149811 -1.719749 2.149811 -1.719749 3.22 -1.9 2.8 -1.6 2.149811 -1.719749 2.8 -1.6 2.75 -1.586603 2.8 -1.6 3.235279 -1.852977 3 -1.6 3 -1.6 3.235279 -1.852977 3.275279 -1.823915 3 -1.6 3.275279 -1.823915 3.05 -1.586603 3.05 -1.586603 3.275279 -1.823915 3.324722 -1.823915 3.05 -1.586603 3.324722 -1.823915 3.55 -1.586603 3.55 -1.586603 3.324722 -1.823915 3.6 -1.6 3.6 -1.6 3.324722 -1.823915 3.364721 -1.852977 3.6 -1.6 3.364721 -1.852977 3.8 -1.6 3.8 -1.6 3.364721 -1.852977 3.38 -1.9 3.8 -1.6 3.38 -1.9 4.35 -2.2 4.35 -2.2 3.38 -1.9 3.364721 -1.947023 4.35 -2.2 3.364721 -1.947023 3.324722 -1.976085 2.149811 -1.719749 2.75 -1.586603 2.165685 -1.665686 2.165685 -1.665686 2.75 -1.586603 2.713397 -1.55 2.165685 -1.665686 2.713397 -1.55 2.149811 -1.611621 2.149811 -1.611621 2.713397 -1.55 2.7 -1.5 2.149811 -1.611621 2.7 -1.5 2.107227 -1.574722 2.107227 -1.574722 2.7 -1.5 2.285768 -1.198982 2.107227 -1.574722 2.285768 -1.198982 2.051454 -1.566703 2.7 -0.7 2.4 -1.1 2.7 -1.5 2.7 -1.5 2.4 -1.1 2.384125 -1.154064 2.7 -1.5 2.384125 -1.154064 2.341542 -1.190963 2.713397 -0.65 2.149811 -0.5883787 2.7 -0.7 2.7 -0.7 2.149811 -0.5883787 2.107227 -0.6252778 2.7 -0.7 2.107227 -0.6252778 2.285768 -1.001018 2.285768 -1.001018 2.107227 -0.6252778 2.051454 -0.6332967 2.149811 -0.5883787 2.713397 -0.65 2.165685 -0.5343146 2.165685 -0.5343146 2.713397 -0.65 2.75 -0.6133975 2.165685 -0.5343146 2.75 -0.6133975 2.149811 -0.4802505 2.149811 -0.4802505 2.75 -0.6133975 2.8 -0.6 2.149811 -0.4802505 2.8 -0.6 3.22 -0.3 3.22 -0.3 2.8 -0.6 3.235279 -0.3470228 3.235279 -0.3470228 2.8 -0.6 3 -0.6 3.235279 -0.3470228 3 -0.6 3.275279 -0.3760845 3.275279 -0.3760845 3 -0.6 3.05 -0.6133975 3.275279 -0.3760845 3.05 -0.6133975 3.55 -0.6133975 3.55 -0.6133975 3.05 -0.6133975 3.513398 -0.65 3.513398 -0.65 3.05 -0.6133975 3.086603 -0.65 3.513398 -0.65 3.086603 -0.65 3.5 -0.7 3.5 -0.7 3.086603 -0.65 3.1 -0.7 3.5 -0.7 3.1 -0.7 3.5 -1.5 3.5 -1.5 3.1 -0.7 3.1 -1.5 3.5 -1.5 3.1 -1.5 3.513398 -1.55 3.513398 -1.55 3.1 -1.5 3.086603 -1.55 3.513398 -1.55 3.086603 -1.55 3.55 -1.586603 3.55 -1.586603 3.086603 -1.55 3.05 -1.586603 3.275279 -0.3760845 3.55 -0.6133975 3.324722 -0.3760845 3.324722 -0.3760845 3.55 -0.6133975 3.6 -0.6 3.324722 -0.3760845 3.6 -0.6 3.364721 -0.3470228 3.364721 -0.3470228 3.6 -0.6 3.8 -0.6 3.364721 -0.3470228 3.8 -0.6 3.38 -0.3 3.38 -0.3 3.8 -0.6 4.35 0 3.38 -0.3 4.35 0 3.364721 -0.2529772 3.8 -0.6 3.85 -0.6133975 4.35 0 4.35 0 3.85 -0.6133975 3.886602 -0.65 4.35 0 3.886602 -0.65 3.9 -0.7 3.886602 -1.55 3.85 -1.586603 4.35 -2.2 4.35 -2.2 3.85 -1.586603 3.8 -1.6 3.324722 -1.976085 3.275279 -1.976085 4.35 -2.2 3.22 -1.9 3.235279 -1.852977 2.8 -1.6 2.149811 -0.4802505 3.22 -0.3 2.107227 -0.4433513 2.107227 -0.4433513 3.22 -0.3 3.235279 -0.2529772 2.107227 -0.4433513 3.235279 -0.2529772 1.5 0 1.5 0 3.235279 -0.2529772 3.275279 -0.2239155 1.584125 -0.3540641 2.000199 -0.4587396 1.6 -0.3 1.6 -0.3 2.000199 -0.4587396 2.051454 -0.4353324 1.6 -0.3 2.051454 -0.4353324 1.584125 -0.2459359 1.584125 -0.2459359 2.051454 -0.4353324 1.5 0 1.584125 -0.3540641 1.541541 -0.3909632 2.000199 -0.4587396 2.000199 -0.4587396 1.541541 -0.3909632 1.969736 -0.5061414 1.969736 -0.5061414 1.541541 -0.3909632 1.969736 -0.5624879 2.051454 -0.4353324 2.107227 -0.4433513 1.5 0 2.341542 -1.190963 2.285768 -1.198982 2.7 -1.5 2.285768 -1.001018 2.341542 -1.009037 2.7 -0.7 2.7 -0.7 2.341542 -1.009037 2.384125 -1.045936 2.7 -0.7 2.384125 -1.045936 2.4 -1.1 2.107227 -1.756649 2.051454 -1.764667 1.5 -2.2 0.1 0.07499998 -0.1 0.07499998 0.1 -0.07499998 0.1 -0.07499998 -0.1 0.07499998 -0.1 -0.07499998 0.07499998 0 0.07499998 0.05235975 -0.07499998 0 -0.07499998 0 0.07499998 0.05235975 -0.07499998 0.05235975 -0.07499998 0.05235975 0.07499998 0.05235975 0.07499998 0.1047196 -0.07499998 0.05235975 0.07499998 0.1047196 -0.07499998 0.1047196 -0.07499998 0.1047196 0.07499998 0.1047196 0.07499998 0.1570796 -0.07499998 0.1047196 0.07499998 0.1570796 -0.07499998 0.1570796 0.4 0.07499998 -0.4 0.07499998 0.4 -0.07499998 0.4 -0.07499998 -0.4 0.07499998 -0.4 -0.07499998 0.07499998 0 0.07499998 0.05235975 -0.07499998 0 -0.07499998 0 0.07499998 0.05235975 -0.07499998 0.05235975 -0.07499998 0.05235975 0.07499998 0.05235975 0.07499998 0.1047196 -0.07499998 0.05235975 0.07499998 0.1047196 -0.07499998 0.1047196 -0.07499998 0.1047196 0.07499998 0.1047196 0.07499998 0.1570796 -0.07499998 0.1047196 0.07499998 0.1570796 -0.07499998 0.1570796 0.1 0.07499998 -0.1 0.07499998 0.1 -0.07499998 0.1 -0.07499998 -0.1 0.07499998 -0.1 -0.07499998 0.07499998 0 0.07499998 0.05235975 -0.07499998 0 -0.07499998 0 0.07499998 0.05235975 -0.07499998 0.05235975 -0.07499998 0.05235975 0.07499998 0.05235975 0.07499998 0.1047196 -0.07499998 0.05235975 0.07499998 0.1047196 -0.07499998 0.1047196 -0.07499998 0.1047196 0.07499998 0.1047196 0.07499998 0.1570796 -0.07499998 0.1047196 0.07499998 0.1570796 -0.07499998 0.1570796 0.4 0.07499998 -0.4 0.07499998 0.4 -0.07499998 0.4 -0.07499998 -0.4 0.07499998 -0.4 -0.07499998 0.07499998 0 0.07499998 0.05235975 -0.07499998 0 -0.07499998 0 0.07499998 0.05235975 -0.07499998 0.05235975 -0.07499998 0.05235975 0.07499998 0.05235975 0.07499998 0.1047196 -0.07499998 0.05235975 0.07499998 0.1047196 -0.07499998 0.1047196 -0.07499998 0.1047196 0.07499998 0.1047196 0.07499998 0.1570796 -0.07499998 0.1047196 0.07499998 0.1570796 -0.07499998 0.1570796 -1.25 -1.7 -1.404051 -1.871827 -1.25 -1.99861 -1.25 -1.99861 -1.404051 -1.871827 -1.404051 -1.928173 -1.25 -1.99861 -1.404051 -1.928173 -1.434514 -1.975575 -1.265224 -1.623463 -1.485769 -1.801018 -1.25 -1.7 -1.25 -1.7 -1.485769 -1.801018 -1.434514 -1.824425 -1.25 -1.7 -1.434514 -1.824425 -1.404051 -1.871827 -1.485769 -1.801018 -1.265224 -1.623463 -1.5 -1.5 -1.5 -1.5 -1.265224 -1.623463 -1.308579 -1.558579 -1.5 -1.5 -1.308579 -1.558579 -1.45 -1.5 -1.45 -1.5 -1.308579 -1.558579 -1.373463 -1.515224 -1.485769 -1.801018 -1.5 -1.5 -1.541541 -1.809037 -1.541541 -1.809037 -1.5 -1.5 -1.612693 -1.483797 -1.541541 -1.809037 -1.612693 -1.483797 -1.969736 -1.637512 -1.969736 -1.637512 -1.612693 -1.483797 -2.000199 -1.590111 -2.000199 -1.590111 -1.612693 -1.483797 -1.716256 -1.436501 -2.000199 -1.590111 -1.716256 -1.436501 -2.051454 -1.566703 -2.051454 -1.566703 -1.716256 -1.436501 -1.8023 -1.361944 -2.051454 -1.566703 -1.8023 -1.361944 -2.285768 -1.198982 -2.285768 -1.198982 -1.8023 -1.361944 -1.863853 -1.266166 -2.285768 -1.198982 -1.863853 -1.266166 -2.234514 -1.175575 -2.234514 -1.175575 -1.863853 -1.266166 -1.895929 -1.156926 -2.234514 -1.175575 -1.895929 -1.156926 -2.204051 -1.128173 -2.204051 -1.128173 -1.895929 -1.156926 -1.895929 -1.043074 -2.204051 -1.128173 -1.895929 -1.043074 -2.204051 -1.071827 -2.204051 -1.071827 -1.895929 -1.043074 -2.234514 -1.024425 -2.234514 -1.024425 -1.895929 -1.043074 -1.863853 -0.933834 -2.234514 -1.024425 -1.863853 -0.933834 -2.285768 -1.001018 -2.285768 -1.001018 -1.863853 -0.933834 -1.8023 -0.8380557 -2.285768 -1.001018 -1.8023 -0.8380557 -2.051454 -0.6332967 -2.051454 -0.6332967 -1.8023 -0.8380557 -1.716256 -0.7634986 -2.051454 -0.6332967 -1.716256 -0.7634986 -2.000199 -0.6098896 -2.000199 -0.6098896 -1.716256 -0.7634986 -1.612693 -0.7162029 -2.000199 -0.6098896 -1.612693 -0.7162029 -1.969736 -0.5624879 -1.969736 -0.5624879 -1.612693 -0.7162029 -1.541541 -0.3909632 -1.969736 -0.5624879 -1.541541 -0.3909632 -1.969736 -0.5061414 -1.969736 -0.5061414 -1.541541 -0.3909632 -2.000199 -0.4587396 -2.000199 -0.4587396 -1.541541 -0.3909632 -1.584125 -0.3540641 -2.000199 -0.4587396 -1.584125 -0.3540641 -1.6 -0.3 -1.612693 -0.7162029 -1.5 -0.7 -1.541541 -0.3909632 -1.541541 -0.3909632 -1.5 -0.7 -1.485769 -0.3989821 -1.485769 -0.3989821 -1.5 -0.7 -1.265224 -0.5765367 -1.485769 -0.3989821 -1.265224 -0.5765367 -1.25 -0.5 -1.265224 -0.5765367 -1.5 -0.7 -1.308579 -0.6414214 -1.308579 -0.6414214 -1.5 -0.7 -1.45 -0.7 -1.308579 -0.6414214 -1.45 -0.7 -1.373463 -0.684776 -1.25 -0.2013899 -1.404051 -0.3281732 -1.25 -0.5 -1.25 -0.5 -1.404051 -0.3281732 -1.434514 -0.375575 -1.25 -0.5 -1.434514 -0.375575 -1.485769 -0.3989821 -1.264178 -0.1274282 -1.434514 -0.224425 -1.25 -0.2013899 -1.25 -0.2013899 -1.434514 -0.224425 -1.404051 -0.2718268 -1.25 -0.2013899 -1.404051 -0.2718268 -1.404051 -0.3281732 -1.434514 -0.224425 -1.264178 -0.1274282 -1.485769 -0.2010177 -1.485769 -0.2010177 -1.264178 -0.1274282 -1.304703 -0.0639531 -1.485769 -0.2010177 -1.304703 -0.0639531 -1.47962 -1.88804e-4 -1.47962 -1.88804e-4 -1.304703 -0.0639531 -1.459248 -7.55149e-4 -1.459248 -7.55149e-4 -1.304703 -0.0639531 -1.365829 -0.01996421 -1.459248 -7.55149e-4 -1.365829 -0.01996421 -1.438889 -0.001698732 -1.47962 -1.88804e-4 -1.5 0 -1.485769 -0.2010177 -1.485769 -0.2010177 -1.5 0 -1.541541 -0.2090368 -1.541541 -0.2090368 -1.5 0 -1.584125 -0.2459359 -1.584125 -0.2459359 -1.5 0 -2.051454 -0.4353324 -1.584125 -0.2459359 -2.051454 -0.4353324 -1.6 -0.3 -1.6 -0.3 -2.051454 -0.4353324 -2.000199 -0.4587396 -4.35 0 -3.275279 -0.2239155 -1.5 0 -1.5 0 -3.275279 -0.2239155 -3.235279 -0.2529772 -1.5 0 -3.235279 -0.2529772 -2.107227 -0.4433513 -2.107227 -0.4433513 -3.235279 -0.2529772 -3.22 -0.3 -2.107227 -0.4433513 -3.22 -0.3 -2.149811 -0.4802505 -2.149811 -0.4802505 -3.22 -0.3 -2.8 -0.6 -2.149811 -0.4802505 -2.8 -0.6 -2.75 -0.6133975 -4.35 -2.2 -3.9 -0.7 -4.35 0 -4.35 0 -3.9 -0.7 -3.886602 -0.65 -4.35 0 -3.886602 -0.65 -3.85 -0.6133975 -1.5 -2.2 -3.275279 -1.976085 -4.35 -2.2 -4.35 -2.2 -3.275279 -1.976085 -3.324722 -1.976085 -4.35 -2.2 -3.324722 -1.976085 -3.364721 -1.947023 -1.47962 -2.199811 -1.485769 -1.998982 -1.5 -2.2 -1.5 -2.2 -1.485769 -1.998982 -1.541541 -1.990963 -1.5 -2.2 -1.541541 -1.990963 -1.584125 -1.954064 -1.47962 -2.199811 -1.459248 -2.199245 -1.485769 -1.998982 -1.485769 -1.998982 -1.459248 -2.199245 -1.365829 -2.180036 -1.485769 -1.998982 -1.365829 -2.180036 -1.304703 -2.136047 -1.459248 -2.199245 -1.438889 -2.198301 -1.365829 -2.180036 -1.304703 -2.136047 -1.264178 -2.072572 -1.485769 -1.998982 -1.485769 -1.998982 -1.264178 -2.072572 -1.434514 -1.975575 -1.434514 -1.975575 -1.264178 -2.072572 -1.25 -1.99861 -3.8 -1.6 -3.364721 -1.852977 -3.6 -1.6 -3.6 -1.6 -3.364721 -1.852977 -3.324722 -1.823915 -3.6 -1.6 -3.324722 -1.823915 -3.55 -1.586603 -3.55 -1.586603 -3.324722 -1.823915 -3.275279 -1.823915 -3.55 -1.586603 -3.275279 -1.823915 -3.05 -1.586603 -3.05 -1.586603 -3.275279 -1.823915 -3 -1.6 -3 -1.6 -3.275279 -1.823915 -3.235279 -1.852977 -3 -1.6 -3.235279 -1.852977 -2.8 -1.6 -2.8 -1.6 -3.235279 -1.852977 -3.22 -1.9 -2.8 -1.6 -3.22 -1.9 -2.149811 -1.719749 -2.149811 -1.719749 -3.22 -1.9 -2.107227 -1.756649 -2.107227 -1.756649 -3.22 -1.9 -3.235279 -1.947023 -2.107227 -1.756649 -3.235279 -1.947023 -1.5 -2.2 -1.5 -2.2 -3.235279 -1.947023 -3.275279 -1.976085 -3.85 -1.586603 -4.35 -2.2 -3.8 -1.6 -3.8 -1.6 -4.35 -2.2 -3.38 -1.9 -3.8 -1.6 -3.38 -1.9 -3.364721 -1.852977 -3.85 -1.586603 -3.886602 -1.55 -4.35 -2.2 -4.35 -2.2 -3.886602 -1.55 -3.9 -1.5 -4.35 -2.2 -3.9 -1.5 -3.9 -0.7 -3.85 -0.6133975 -3.8 -0.6 -4.35 0 -4.35 0 -3.8 -0.6 -3.38 -0.3 -4.35 0 -3.38 -0.3 -3.364721 -0.2529772 -3.38 -0.3 -3.8 -0.6 -3.364721 -0.3470228 -3.364721 -0.3470228 -3.8 -0.6 -3.6 -0.6 -3.364721 -0.3470228 -3.6 -0.6 -3.324722 -0.3760845 -3.324722 -0.3760845 -3.6 -0.6 -3.55 -0.6133975 -3.324722 -0.3760845 -3.55 -0.6133975 -3.05 -0.6133975 -3.05 -0.6133975 -3.55 -0.6133975 -3.086603 -0.65 -3.086603 -0.65 -3.55 -0.6133975 -3.513398 -0.65 -3.086603 -0.65 -3.513398 -0.65 -3.1 -0.7 -3.1 -0.7 -3.513398 -0.65 -3.5 -0.7 -3.1 -0.7 -3.5 -0.7 -3.1 -1.5 -3.1 -1.5 -3.5 -0.7 -3.5 -1.5 -3.1 -1.5 -3.5 -1.5 -3.086603 -1.55 -3.086603 -1.55 -3.5 -1.5 -3.513398 -1.55 -3.086603 -1.55 -3.513398 -1.55 -3.05 -1.586603 -3.05 -1.586603 -3.513398 -1.55 -3.55 -1.586603 -3.324722 -0.3760845 -3.05 -0.6133975 -3.275279 -0.3760845 -3.275279 -0.3760845 -3.05 -0.6133975 -3 -0.6 -3.275279 -0.3760845 -3 -0.6 -3.235279 -0.3470228 -3.235279 -0.3470228 -3 -0.6 -2.8 -0.6 -3.235279 -0.3470228 -2.8 -0.6 -3.22 -0.3 -2.149811 -0.4802505 -2.75 -0.6133975 -2.165685 -0.5343146 -2.165685 -0.5343146 -2.75 -0.6133975 -2.713397 -0.65 -2.165685 -0.5343146 -2.713397 -0.65 -2.149811 -0.5883787 -2.149811 -0.5883787 -2.713397 -0.65 -2.7 -0.7 -2.149811 -0.5883787 -2.7 -0.7 -2.107227 -0.6252778 -2.107227 -0.6252778 -2.7 -0.7 -2.285768 -1.001018 -2.107227 -0.6252778 -2.285768 -1.001018 -2.051454 -0.6332967 -2.7 -1.5 -2.4 -1.1 -2.7 -0.7 -2.7 -0.7 -2.4 -1.1 -2.384125 -1.045936 -2.7 -0.7 -2.384125 -1.045936 -2.341542 -1.009037 -2.713397 -1.55 -2.149811 -1.611621 -2.7 -1.5 -2.7 -1.5 -2.149811 -1.611621 -2.107227 -1.574722 -2.7 -1.5 -2.107227 -1.574722 -2.285768 -1.198982 -2.285768 -1.198982 -2.107227 -1.574722 -2.051454 -1.566703 -2.149811 -1.611621 -2.713397 -1.55 -2.165685 -1.665686 -2.165685 -1.665686 -2.713397 -1.55 -2.75 -1.586603 -2.165685 -1.665686 -2.75 -1.586603 -2.149811 -1.719749 -2.149811 -1.719749 -2.75 -1.586603 -2.8 -1.6 -3.364721 -1.947023 -3.38 -1.9 -4.35 -2.2 -3.364721 -0.2529772 -3.324722 -0.2239155 -4.35 0 -4.35 0 -3.324722 -0.2239155 -3.275279 -0.2239155 -2.107227 -0.4433513 -2.051454 -0.4353324 -1.5 0 -2.341542 -1.009037 -2.285768 -1.001018 -2.7 -0.7 -2.285768 -1.198982 -2.341542 -1.190963 -2.7 -1.5 -2.7 -1.5 -2.341542 -1.190963 -2.384125 -1.154064 -2.7 -1.5 -2.384125 -1.154064 -2.4 -1.1 -1.969736 -1.637512 -1.969736 -1.693859 -1.541541 -1.809037 -1.541541 -1.809037 -1.969736 -1.693859 -2.000199 -1.74126 -1.541541 -1.809037 -2.000199 -1.74126 -1.584125 -1.845936 -1.584125 -1.845936 -2.000199 -1.74126 -1.6 -1.9 -1.6 -1.9 -2.000199 -1.74126 -2.051454 -1.764667 -1.6 -1.9 -2.051454 -1.764667 -1.584125 -1.954064 -1.584125 -1.954064 -2.051454 -1.764667 -1.5 -2.2 -2.051454 -1.764667 -2.107227 -1.756649 -1.5 -2.2 0.1 0.07499998 -0.1 0.07499998 0.1 -0.07499998 0.1 -0.07499998 -0.1 0.07499998 -0.1 -0.07499998 0.07499998 0 0.07499998 0.05235975 -0.07499998 0 -0.07499998 0 0.07499998 0.05235975 -0.07499998 0.05235975 -0.07499998 0.05235975 0.07499998 0.05235975 0.07499998 0.1047196 -0.07499998 0.05235975 0.07499998 0.1047196 -0.07499998 0.1047196 -0.07499998 0.1047196 0.07499998 0.1047196 0.07499998 0.1570796 -0.07499998 0.1047196 0.07499998 0.1570796 -0.07499998 0.1570796 0.4 0.07499998 -0.4 0.07499998 0.4 -0.07499998 0.4 -0.07499998 -0.4 0.07499998 -0.4 -0.07499998 0.07499998 0 0.07499998 0.05235975 -0.07499998 0 -0.07499998 0 0.07499998 0.05235975 -0.07499998 0.05235975 -0.07499998 0.05235975 0.07499998 0.05235975 0.07499998 0.1047196 -0.07499998 0.05235975 0.07499998 0.1047196 -0.07499998 0.1047196 -0.07499998 0.1047196 0.07499998 0.1047196 0.07499998 0.1570796 -0.07499998 0.1047196 0.07499998 0.1570796 -0.07499998 0.1570796 0.1 0.07499998 -0.1 0.07499998 0.1 -0.07499998 0.1 -0.07499998 -0.1 0.07499998 -0.1 -0.07499998 0.07499998 0 0.07499998 0.05235975 -0.07499998 0 -0.07499998 0 0.07499998 0.05235975 -0.07499998 0.05235975 -0.07499998 0.05235975 0.07499998 0.05235975 0.07499998 0.1047196 -0.07499998 0.05235975 0.07499998 0.1047196 -0.07499998 0.1047196 -0.07499998 0.1047196 0.07499998 0.1047196 0.07499998 0.1570796 -0.07499998 0.1047196 0.07499998 0.1570796 -0.07499998 0.1570796 0.4 0.07499998 -0.4 0.07499998 0.4 -0.07499998 0.4 -0.07499998 -0.4 0.07499998 -0.4 -0.07499998 0.07499998 0 0.07499998 0.05235975 -0.07499998 0 -0.07499998 0 0.07499998 0.05235975 -0.07499998 0.05235975 -0.07499998 0.05235975 0.07499998 0.05235975 0.07499998 0.1047196 -0.07499998 0.05235975 0.07499998 0.1047196 -0.07499998 0.1047196 -0.07499998 0.1047196 0.07499998 0.1047196 0.07499998 0.1570796 -0.07499998 0.1047196 0.07499998 0.1570796 -0.07499998 0.1570796 0.715 0.2010619 0.8650001 0.2010619 0.715 0.2513274 0.715 0.2513274 0.8650001 0.2010619 0.8650001 0.2513274 0.715 -0.2513274 0.8650001 -0.2513274 0.715 -0.2010619 0.715 -0.2010619 0.8650001 -0.2513274 0.8650001 -0.2010619 0.715 -0.2010619 0.8650001 -0.2010619 0.715 -0.1507964 0.715 -0.1507964 0.8650001 -0.2010619 0.8650001 -0.1507964 0.715 -0.1507964 0.8650001 -0.1507964 0.715 -0.1005309 0.715 -0.1005309 0.8650001 -0.1507964 0.8650001 -0.1005309 0.715 -0.1005309 0.8650001 -0.1005309 0.715 -0.05026543 0.715 -0.05026543 0.8650001 -0.1005309 0.8650001 -0.05026543 0.715 -0.05026543 0.8650001 -0.05026543 0.715 0 0.715 0 0.8650001 -0.05026543 0.8650001 0 0.715 0 0.8650001 0 0.715 0.05026543 0.715 0.05026543 0.8650001 0 0.8650001 0.05026543 0.715 0.05026543 0.8650001 0.05026543 0.715 0.1005309 0.715 0.1005309 0.8650001 0.05026543 0.8650001 0.1005309 0.715 0.1005309 0.8650001 0.1005309 0.715 0.1507964 0.715 0.1507964 0.8650001 0.1005309 0.8650001 0.1507964 0.715 0.1507964 0.8650001 0.1507964 0.715 0.2010619 0.715 0.2010619 0.8650001 0.1507964 0.8650001 0.2010619 0.6820001 0.2010619 0.832 0.2010619 0.6820001 0.2513274 0.6820001 0.2513274 0.832 0.2010619 0.832 0.2513274 0.6820001 -0.2513274 0.832 -0.2513274 0.6820001 -0.2010619 0.6820001 -0.2010619 0.832 -0.2513274 0.832 -0.2010619 0.6820001 -0.2010619 0.832 -0.2010619 0.6820001 -0.1507964 0.6820001 -0.1507964 0.832 -0.2010619 0.832 -0.1507964 0.6820001 -0.1507964 0.832 -0.1507964 0.6820001 -0.1005309 0.6820001 -0.1005309 0.832 -0.1507964 0.832 -0.1005309 0.6820001 -0.1005309 0.832 -0.1005309 0.6820001 -0.05026543 0.6820001 -0.05026543 0.832 -0.1005309 0.832 -0.05026543 0.6820001 -0.05026543 0.832 -0.05026543 0.6820001 0 0.6820001 0 0.832 -0.05026543 0.832 0 0.6820001 0 0.832 0 0.6820001 0.05026543 0.6820001 0.05026543 0.832 0 0.832 0.05026543 0.6820001 0.05026543 0.832 0.05026543 0.6820001 0.1005309 0.6820001 0.1005309 0.832 0.05026543 0.832 0.1005309 0.6820001 0.1005309 0.832 0.1005309 0.6820001 0.1507964 0.6820001 0.1507964 0.832 0.1005309 0.832 0.1507964 0.6820001 0.1507964 0.832 0.1507964 0.6820001 0.2010619 0.6820001 0.2010619 0.832 0.1507964 0.832 0.2010619 0.1630029 0.07499998 -0.1356071 0.07499998 0.1630029 -0.07499998 0.1630029 -0.07499998 -0.1356071 0.07499998 -0.1356071 -0.07499998 -0.1677809 0.3030424 -0.1677809 0.2272818 -0.0177809 0.3030424 -0.0177809 0.3030424 -0.1677809 0.2272818 -0.0177809 0.2272818 -0.0177809 0.2272818 -0.1677809 0.2272818 -0.1677809 0.1515212 -0.0177809 0.2272818 -0.1677809 0.1515212 -0.0177809 0.1515212 -0.0177809 0.1515212 -0.1677809 0.1515212 -0.1677809 0.0757606 -0.0177809 0.1515212 -0.1677809 0.0757606 -0.0177809 0.0757606 -0.0177809 0.0757606 -0.1677809 0.0757606 -0.1677809 0 -0.0177809 0.0757606 -0.1677809 0 -0.0177809 0 -0.1677809 0.3141593 -0.1677809 0.2356194 -0.0177809 0.3141593 -0.0177809 0.3141593 -0.1677809 0.2356194 -0.0177809 0.2356194 -0.0177809 0.2356194 -0.1677809 0.2356194 -0.1677809 0.1570796 -0.0177809 0.2356194 -0.1677809 0.1570796 -0.0177809 0.1570796 -0.0177809 0.1570796 -0.1677809 0.1570796 -0.1677809 0.07853978 -0.0177809 0.1570796 -0.1677809 0.07853978 -0.0177809 0.07853978 -0.0177809 0.07853978 -0.1677809 0.07853978 -0.1677809 0 -0.0177809 0.07853978 -0.1677809 0 -0.0177809 0 -0.4623476 0.07499998 -0.5123476 0.07499998 -0.4623476 -0.07499998 -0.4623476 -0.07499998 -0.5123476 0.07499998 -0.5123476 -0.07499998 0.07499998 0 0.07499998 0.1142397 -0.07499998 0 -0.07499998 0 0.07499998 0.1142397 -0.07499998 0.1142397 -0.07499998 0.1142397 0.07499998 0.1142397 0.07499998 0.2284795 -0.07499998 0.1142397 0.07499998 0.2284795 -0.07499998 0.2284795 -0.07499998 0.2284795 0.07499998 0.2284795 0.07499998 0.3427192 -0.07499998 0.2284795 0.07499998 0.3427192 -0.07499998 0.3427192 -0.07499998 0.3427192 0.07499998 0.3427192 0.07499998 0.4569589 -0.07499998 0.3427192 0.07499998 0.4569589 -0.07499998 0.4569589 -0.07499998 0.4569589 0.07499998 0.4569589 0.07499998 0.5711987 -0.07499998 0.4569589 0.07499998 0.5711987 -0.07499998 0.5711987 -0.07499998 0.5711987 0.07499998 0.5711987 0.07499998 0.6854384 -0.07499998 0.5711987 0.07499998 0.6854384 -0.07499998 0.6854384 -0.07499998 0.6854384 0.07499998 0.6854384 0.07499998 0.7996782 -0.07499998 0.6854384 0.07499998 0.7996782 -0.07499998 0.7996782 -0.07499998 0.7996782 0.07499998 0.7996782 0.07499998 0.9139178 -0.07499998 0.7996782 0.07499998 0.9139178 -0.07499998 0.9139178 -0.07499998 0.9139178 0.07499998 0.9139178 0.07499998 1.028158 -0.07499998 0.9139178 0.07499998 1.028158 -0.07499998 1.028158 -0.07499998 1.028158 0.07499998 1.028158 0.07499998 1.142397 -0.07499998 1.028158 0.07499998 1.142397 -0.07499998 1.142397 -0.07499998 1.142397 0.07499998 1.142397 -0.07499998 1.256637 -0.07499998 1.256637 0.07499998 1.142397 0.07499998 1.256637 0.5123476 0.07499998 0.4623476 0.07499998 0.5123476 -0.07499998 0.5123476 -0.07499998 0.4623476 0.07499998 0.4623476 -0.07499998 -0.1677809 0.3141593 -0.1677809 0.2356194 -0.0177809 0.3141593 -0.0177809 0.3141593 -0.1677809 0.2356194 -0.0177809 0.2356194 -0.0177809 0.2356194 -0.1677809 0.2356194 -0.1677809 0.1570796 -0.0177809 0.2356194 -0.1677809 0.1570796 -0.0177809 0.1570796 -0.0177809 0.1570796 -0.1677809 0.1570796 -0.1677809 0.07853978 -0.0177809 0.1570796 -0.1677809 0.07853978 -0.0177809 0.07853978 -0.0177809 0.07853978 -0.1677809 0.07853978 -0.1677809 0 -0.0177809 0.07853978 -0.1677809 0 -0.0177809 0 0.1356071 0.07499998 -0.1630029 0.07499998 0.1356071 -0.07499998 0.1356071 -0.07499998 -0.1630029 0.07499998 -0.1630029 -0.07499998 -0.1677809 0.3030424 -0.1677809 0.2272818 -0.0177809 0.3030424 -0.0177809 0.3030424 -0.1677809 0.2272818 -0.0177809 0.2272818 -0.0177809 0.2272818 -0.1677809 0.2272818 -0.1677809 0.1515212 -0.0177809 0.2272818 -0.1677809 0.1515212 -0.0177809 0.1515212 -0.0177809 0.1515212 -0.1677809 0.1515212 -0.1677809 0.0757606 -0.0177809 0.1515212 -0.1677809 0.0757606 -0.0177809 0.0757606 -0.0177809 0.0757606 -0.1677809 0.0757606 -0.1677809 0 -0.0177809 0.0757606 -0.1677809 0 -0.0177809 0 -0.675 -0.07499998 2.175 -0.07499998 -0.675 0.07499998 -0.675 0.07499998 2.175 -0.07499998 2.175 0.07499998 -0.03749996 0.07499998 -0.03749996 -0.07499998 0.01990234 0.06358194 0.01990234 0.06358194 -0.03749996 -0.07499998 0.06856602 0.031066 0.06856602 0.031066 -0.03749996 -0.07499998 0.1010819 -0.01759731 0.1010819 -0.01759731 -0.03749996 -0.07499998 0.1125 -0.07499998 0 -0.07499998 0.04999995 -0.07499998 0 0.07499998 0 0.07499998 0.04999995 -0.07499998 0.04999995 0.07499998 5.49476 0 5.49476 0.02617985 5.34476 0 5.34476 0 5.49476 0.02617985 5.34476 0.02617985 5.34476 0.02617985 5.49476 0.02617985 5.34476 0.05235975 5.34476 0.05235975 5.49476 0.02617985 5.49476 0.05235975 5.34476 0.05235975 5.49476 0.05235975 5.34476 0.07853978 5.34476 0.07853978 5.49476 0.05235975 5.49476 0.07853978 0.03749996 0.07499998 -0.01990234 0.06358194 0.03749996 -0.07499998 0.03749996 -0.07499998 -0.01990234 0.06358194 -0.06856602 0.031066 0.03749996 -0.07499998 -0.06856602 0.031066 -0.1010819 -0.01759731 -0.1010819 -0.01759731 -0.1125 -0.07499998 0.03749996 -0.07499998 -0.175 -0.07499998 -0.02499997 -0.07499998 -0.175 0.07499998 -0.175 0.07499998 -0.02499997 -0.07499998 -0.02499997 0.07499998 -0.1677809 0.3141593 -0.1677809 0.2356194 -0.0177809 0.3141593 -0.0177809 0.3141593 -0.1677809 0.2356194 -0.0177809 0.2356194 -0.0177809 0.2356194 -0.1677809 0.2356194 -0.1677809 0.1570796 -0.0177809 0.2356194 -0.1677809 0.1570796 -0.0177809 0.1570796 -0.0177809 0.1570796 -0.1677809 0.1570796 -0.1677809 0.07853978 -0.0177809 0.1570796 -0.1677809 0.07853978 -0.0177809 0.07853978 -0.0177809 0.07853978 -0.1677809 0.07853978 -0.1677809 0 -0.0177809 0.07853978 -0.1677809 0 -0.0177809 0 1.75 0.07499998 -1.75 0.07499998 1.75 -0.07499998 1.75 -0.07499998 -1.75 0.07499998 -1.75 -0.07499998 -0.1677809 0.3141593 -0.1677809 0.2356194 -0.0177809 0.3141593 -0.0177809 0.3141593 -0.1677809 0.2356194 -0.0177809 0.2356194 -0.0177809 0.2356194 -0.1677809 0.2356194 -0.1677809 0.1570796 -0.0177809 0.2356194 -0.1677809 0.1570796 -0.0177809 0.1570796 -0.0177809 0.1570796 -0.1677809 0.1570796 -0.1677809 0.07853978 -0.0177809 0.1570796 -0.1677809 0.07853978 -0.0177809 0.07853978 -0.0177809 0.07853978 -0.1677809 0.07853978 -0.1677809 0 -0.0177809 0.07853978 -0.1677809 0 -0.0177809 0 2.97336 0 -0.92664 0 2.97336 -0.15 2.97336 -0.15 -0.92664 0 -0.92664 -0.15 2.97336 -0.15 -0.92664 -0.15 2.958136 -0.2265366 2.958136 -0.2265366 -0.92664 -0.15 -0.9114159 -0.2265366 2.958136 -0.2265366 -0.9114159 -0.2265366 2.914781 -0.2914214 2.914781 -0.2914214 -0.9114159 -0.2265366 -0.8680614 -0.2914214 2.914781 -0.2914214 -0.8680614 -0.2914214 2.77336 -0.35 2.77336 -0.35 -0.8680614 -0.2914214 -0.72664 -0.35 -0.72664 -0.35 -0.8680614 -0.2914214 -0.8031767 -0.3347759 2.77336 -0.35 2.849897 -0.3347759 2.914781 -0.2914214 -3.9 0 -3.9 -0.0589047 0 0 0 0 -3.9 -0.0589047 0 -0.0589047 0 -0.0589047 -3.9 -0.0589047 -3.9 -0.1178097 0 -0.0589047 -3.9 -0.1178097 0 -0.1178097 0 -0.1178097 -3.9 -0.1178097 0 -0.1767145 0 -0.1767145 -3.9 -0.1178097 -3.9 -0.1767145 0 -0.1767145 -3.9 -0.1767145 -1.7 -0.2356194 -1.7 -0.2356194 -3.9 -0.1767145 -2.2 -0.2356194 -2.2 -0.2356194 -3.9 -0.1767145 -3.1 -0.2356194 -3.1 -0.2356194 -3.9 -0.1767145 -3.9 -0.2356194 -1.7 -0.2356194 -0.8000001 -0.2356194 0 -0.1767145 0 -0.1767145 -0.8000001 -0.2356194 0 -0.2356194 -1.187262 -0.6304635 -1.25 -0.615 -1.25 -0.625 -1.25 -0.625 -1.25 -0.615 -1.312738 -0.6304635 -1.25 -0.625 -1.312738 -0.6304635 -1.3125 -0.6417468 -1.3125 -0.6417468 -1.312738 -0.6304635 -1.361103 -0.6733113 -1.3125 -0.6417468 -1.361103 -0.6733113 -1.358253 -0.6875 -1.358253 -0.6875 -1.361103 -0.6733113 -1.384016 -0.7337276 -1.358253 -0.6875 -1.384016 -0.7337276 -1.375 -0.75 -1.375 -0.75 -1.384016 -0.7337276 -1.376227 -0.7978717 -1.375 -0.75 -1.376227 -0.7978717 -1.358253 -0.8125 -1.358253 -0.8125 -1.376227 -0.7978717 -1.339522 -0.851049 -1.358253 -0.8125 -1.339522 -0.851049 -1.3125 -0.8582532 -1.3125 -0.8582532 -1.339522 -0.851049 -1.282308 -0.8810771 -1.3125 -0.8582532 -1.282308 -0.8810771 -1.25 -0.8750001 -1.25 -0.8750001 -1.282308 -0.8810771 -1.217692 -0.8810771 -1.25 -0.8750001 -1.217692 -0.8810771 -1.1875 -0.8582532 -1.1875 -0.8582532 -1.217692 -0.8810771 -1.160478 -0.851049 -1.1875 -0.8582532 -1.160478 -0.851049 -1.141747 -0.8125 -1.141747 -0.8125 -1.160478 -0.851049 -1.123773 -0.7978717 -1.141747 -0.8125 -1.123773 -0.7978717 -1.125 -0.75 -1.125 -0.75 -1.123773 -0.7978717 -1.115984 -0.7337276 -1.125 -0.75 -1.115984 -0.7337276 -1.141747 -0.6875 -1.141747 -0.6875 -1.115984 -0.7337276 -1.138897 -0.6733113 -1.141747 -0.6875 -1.138897 -0.6733113 -1.1875 -0.6417468 -1.1875 -0.6417468 -1.138897 -0.6733113 -1.187262 -0.6304635 -1.1875 -0.6417468 -1.187262 -0.6304635 -1.25 -0.625 -2.2 0 -2.2 -0.0589047 0 0 0 0 -2.2 -0.0589047 0 -0.0589047 0 -0.0589047 -2.2 -0.0589047 -2.2 -0.1178097 0 -0.0589047 -2.2 -0.1178097 0 -0.1178097 0 -0.1178097 -2.2 -0.1178097 0 -0.1767145 0 -0.1767145 -2.2 -0.1178097 -2.2 -0.1767145 0 -0.1767145 -2.2 -0.1767145 -2.2 -0.2356194 -2.2 -0.2356194 0 -0.2356194 0 -0.1767145 -3.9 0 -3.9 -0.0589047 0 0 0 0 -3.9 -0.0589047 0 -0.0589047 0 -0.0589047 -3.9 -0.0589047 -3.9 -0.1178097 0 -0.0589047 -3.9 -0.1178097 0 -0.1178097 0 -0.1178097 -3.9 -0.1178097 0 -0.1767145 0 -0.1767145 -3.9 -0.1178097 -3.9 -0.1767145 0 -0.1767145 -3.9 -0.1767145 -1.7 -0.2356194 -1.7 -0.2356194 -3.9 -0.1767145 -2.2 -0.2356194 -2.2 -0.2356194 -3.9 -0.1767145 -3.1 -0.2356194 -3.1 -0.2356194 -3.9 -0.1767145 -3.9 -0.2356194 -1.7 -0.2356194 -0.8000001 -0.2356194 0 -0.1767145 0 -0.1767145 -0.8000001 -0.2356194 0 -0.2356194 0.92664 0 -2.97336 0 0.92664 -0.15 0.92664 -0.15 -2.97336 0 -2.97336 -0.15 0.92664 -0.15 -2.97336 -0.15 0.9114159 -0.2265366 0.9114159 -0.2265366 -2.97336 -0.15 -2.958136 -0.2265366 0.9114159 -0.2265366 -2.958136 -0.2265366 0.8680614 -0.2914214 0.8680614 -0.2914214 -2.958136 -0.2265366 -2.914781 -0.2914214 0.8680614 -0.2914214 -2.914781 -0.2914214 0.72664 -0.35 0.72664 -0.35 -2.914781 -0.2914214 -2.77336 -0.35 -2.77336 -0.35 -2.914781 -0.2914214 -2.849897 -0.3347759 0.72664 -0.35 0.8031767 -0.3347759 0.8680614 -0.2914214 -0.1677809 0.3141593 -0.1677809 0.2356194 -0.0177809 0.3141593 -0.0177809 0.3141593 -0.1677809 0.2356194 -0.0177809 0.2356194 -0.0177809 0.2356194 -0.1677809 0.2356194 -0.1677809 0.1570796 -0.0177809 0.2356194 -0.1677809 0.1570796 -0.0177809 0.1570796 -0.0177809 0.1570796 -0.1677809 0.1570796 -0.1677809 0.07853978 -0.0177809 0.1570796 -0.1677809 0.07853978 -0.0177809 0.07853978 -0.0177809 0.07853978 -0.1677809 0.07853978 -0.1677809 0 -0.0177809 0.07853978 -0.1677809 0 -0.0177809 0 1.75 0.07499998 -1.75 0.07499998 1.75 -0.07499998 1.75 -0.07499998 -1.75 0.07499998 -1.75 -0.07499998 -0.1677809 0.3141593 -0.1677809 0.2356194 -0.0177809 0.3141593 -0.0177809 0.3141593 -0.1677809 0.2356194 -0.0177809 0.2356194 -0.0177809 0.2356194 -0.1677809 0.2356194 -0.1677809 0.1570796 -0.0177809 0.2356194 -0.1677809 0.1570796 -0.0177809 0.1570796 -0.0177809 0.1570796 -0.1677809 0.1570796 -0.1677809 0.07853978 -0.0177809 0.1570796 -0.1677809 0.07853978 -0.0177809 0.07853978 -0.0177809 0.07853978 -0.1677809 0.07853978 -0.1677809 0 -0.0177809 0.07853978 -0.1677809 0 -0.0177809 0 -2.2 0 -2.2 -0.0589047 0 0 0 0 -2.2 -0.0589047 0 -0.0589047 0 -0.0589047 -2.2 -0.0589047 -2.2 -0.1178097 0 -0.0589047 -2.2 -0.1178097 0 -0.1178097 0 -0.1178097 -2.2 -0.1178097 0 -0.1767145 0 -0.1767145 -2.2 -0.1178097 -2.2 -0.1767145 0 -0.1767145 -2.2 -0.1767145 -2.2 -0.2356194 -2.2 -0.2356194 0 -0.2356194 0 -0.1767145 0.01414197 -0.1170957 0.01414197 0 -0.01414197 0 -0.01414197 0 0.01414197 0 0.01414197 0.1170957 -0.01414197 0 0.01414197 0.1170957 -0.01414197 0.1226717 -0.01414197 0.1226717 0.01414197 0.1170957 0.01414197 0.2341914 -0.01414197 0.1226717 0.01414197 0.2341914 -0.01414197 0.2453434 -0.01414197 0.2453434 0.01414197 0.2341914 0.01414197 0.3512872 -0.01414197 0.2453434 0.01414197 0.3512872 -0.01414197 0.3680151 -0.01414197 0.3680151 0.01414197 0.3512872 0.01414197 0.4683829 -0.01414197 0.3680151 0.01414197 0.4683829 -0.01414197 0.4906868 -0.01414197 0.4906868 0.01414197 0.4683829 0.01414197 0.5854786 -0.01414197 0.4906868 0.01414197 0.5854786 -0.01414197 0.6133586 -0.01414197 0.6133586 0.01414197 0.5854786 0.01414197 0.7025744 -0.01414197 0.6133586 0.01414197 0.7025744 -0.01414197 0.7360303 -0.01414197 0.7360303 0.01414197 0.7025744 0.01414197 0.8196701 -0.01414197 0.7360303 0.01414197 0.8196701 -0.01414197 0.858702 -0.01414197 0.858702 0.01414197 0.8196701 0.01414197 0.9367658 -0.01414197 0.858702 0.01414197 0.9367658 -0.01414197 0.9813737 -0.01414197 0.9813737 0.01414197 0.9367658 0.01414197 1.053861 -0.01414197 0.9813737 0.01414197 1.053861 -0.01414197 1.104045 -0.01414197 1.104045 0.01414197 1.053861 0.01414197 1.170957 -0.01414197 1.104045 0.01414197 1.170957 -0.01414197 1.226717 -0.01414197 1.226717 0.01414197 1.170957 0.01414197 1.288053 -0.01414197 1.226717 0.01414197 1.288053 -0.01414197 1.349389 -0.01414197 -1.226717 0.01414197 -1.288053 0.01414197 -1.170957 -0.01414197 -1.226717 0.01414197 -1.170957 -0.01414197 -1.104045 -0.01414197 -1.104045 0.01414197 -1.170957 0.01414197 -1.053861 -0.01414197 -1.104045 0.01414197 -1.053861 -0.01414197 -0.9813737 -0.01414197 -0.9813737 0.01414197 -1.053861 0.01414197 -0.9367658 -0.01414197 -0.9813737 0.01414197 -0.9367658 -0.01414197 -0.858702 -0.01414197 -0.858702 0.01414197 -0.9367658 0.01414197 -0.8196701 -0.01414197 -0.858702 0.01414197 -0.8196701 -0.01414197 -0.7360303 -0.01414197 -0.7360303 0.01414197 -0.8196701 0.01414197 -0.7025744 -0.01414197 -0.7360303 0.01414197 -0.7025744 -0.01414197 -0.6133586 -0.01414197 -0.6133586 0.01414197 -0.7025744 0.01414197 -0.5854786 -0.01414197 -0.6133586 0.01414197 -0.5854786 -0.01414197 -0.4906868 -0.01414197 -0.4906868 0.01414197 -0.5854786 0.01414197 -0.4683829 -0.01414197 -0.4906868 0.01414197 -0.4683829 -0.01414197 -0.3680151 -0.01414197 -0.3680151 0.01414197 -0.4683829 0.01414197 -0.3512872 -0.01414197 -0.3680151 0.01414197 -0.3512872 -0.01414197 -0.2453434 -0.01414197 -0.2453434 0.01414197 -0.3512872 0.01414197 -0.2341914 -0.01414197 -0.2453434 0.01414197 -0.2341914 -0.01414197 -0.1226717 -0.01414197 -0.1226717 0.01414197 -0.2341914 0.01414197 -0.1170957 -0.01414197 -0.1226717 0.01414197 -0.1170957 -0.01414197 0 0.055 -1.136957 -0.07499998 -1.196797 0.055 -1.256637 0.055 1.256637 -0.07499998 1.316477 -0.07499998 1.196797 0.055 1.256637 -0.07499998 1.196797 0.055 1.136957 0.055 1.136957 -0.07499998 1.196797 -0.07499998 1.077117 0.055 1.136957 -0.07499998 1.077117 0.055 1.017278 0.055 1.017278 -0.07499998 1.077117 -0.07499998 0.9574378 0.055 1.017278 -0.07499998 0.9574378 0.055 0.8975979 0.055 0.8975979 -0.07499998 0.9574378 -0.07499998 0.8377581 0.055 0.8975979 -0.07499998 0.8377581 0.055 0.7779182 0.055 0.7779182 -0.07499998 0.8377581 -0.07499998 0.7180783 0.055 0.7779182 -0.07499998 0.7180783 0.055 0.6582385 0.055 0.6582385 -0.07499998 0.7180783 -0.07499998 0.5983986 0.055 0.6582385 -0.07499998 0.5983986 0.055 0.5385587 0.055 0.5385587 -0.07499998 0.5983986 -0.07499998 0.4787189 0.055 0.5385587 -0.07499998 0.4787189 0.055 0.418879 0.055 0.418879 -0.07499998 0.4787189 -0.07499998 0.3590391 0.055 0.418879 -0.07499998 0.3590391 0.055 0.2991993 0.055 0.2991993 -0.07499998 0.3590391 -0.07499998 0.2393594 0.055 0.2991993 -0.07499998 0.2393594 0.055 0.1795195 0.055 0.1795195 -0.07499998 0.2393594 -0.07499998 0.1196797 0.055 0.1795195 -0.07499998 0.1196797 0.055 0.05983984 0.055 0.05983984 -0.07499998 0.1196797 -0.07499998 0 0.055 0.05983984 -0.07499998 0 0.055 -0.05983984 0.055 -0.05983984 -0.07499998 0 -0.07499998 -0.1196797 0.055 -0.05983984 -0.07499998 -0.1196797 0.055 -0.1795195 0.055 -0.1795195 -0.07499998 -0.1196797 -0.07499998 -0.2393594 0.055 -0.1795195 -0.07499998 -0.2393594 0.055 -0.2991993 0.055 -0.2991993 -0.07499998 -0.2393594 -0.07499998 -0.3590391 0.055 -0.2991993 -0.07499998 -0.3590391 0.055 -0.418879 0.055 -0.418879 -0.07499998 -0.3590391 -0.07499998 -0.4787189 0.055 -0.418879 -0.07499998 -0.4787189 0.055 -0.5385587 0.055 -0.5385587 -0.07499998 -0.4787189 -0.07499998 -0.5983986 0.055 -0.5385587 -0.07499998 -0.5983986 0.055 -0.6582385 0.055 -0.6582385 -0.07499998 -0.5983986 -0.07499998 -0.7180783 0.055 -0.6582385 -0.07499998 -0.7180783 0.055 -0.7779182 0.055 -0.7779182 -0.07499998 -0.7180783 -0.07499998 -0.8377581 0.055 -0.7779182 -0.07499998 -0.8377581 0.055 -0.8975979 0.055 -0.8975979 -0.07499998 -0.8377581 -0.07499998 -0.9574378 0.055 -0.8975979 -0.07499998 -0.9574378 0.055 -1.017278 0.055 -1.017278 -0.07499998 -0.9574378 -0.07499998 -1.077117 0.055 -1.017278 -0.07499998 -1.077117 0.055 -1.136957 0.055 -1.136957 -0.07499998 -1.077117 -0.07499998 -1.196797 -0.15 0.09995973 0.15 0.1142397 -0.15 0.1570796 -0.15 0.1570796 0.15 0.1142397 0.15 0.1713595 -0.15 0.1570796 0.15 0.1713595 -0.15 0.2141995 -0.15 0.2141995 0.15 0.1713595 0.15 0.2284795 -0.15 0.2141995 0.15 0.2284795 0.15 0.2855994 0.15 0.1142397 -0.15 0.09995973 0.15 0.05711972 0.15 0.05711972 -0.15 0.09995973 -0.15 0.04283988 0.15 0.05711972 -0.15 0.04283988 0.15 0 0.15 0 -0.15 0.04283988 -0.15 -0.01427996 0.15 0 -0.15 -0.01427996 0.15 -0.05711972 0.15 -0.05711972 -0.15 -0.01427996 -0.15 -0.0713998 0.15 -0.05711972 -0.15 -0.0713998 0.15 -0.1142397 0.15 -0.1142397 -0.15 -0.0713998 -0.15 -0.1285197 0.15 -0.1142397 -0.15 -0.1285197 0.15 -0.1713595 0.15 -0.1713595 -0.15 -0.1285197 -0.15 -0.1856395 0.15 -0.1713595 -0.15 -0.1856395 0.15 -0.2284795 0.15 -0.2284795 -0.15 -0.1856395 -0.15 -0.2427594 0.15 -0.2284795 -0.15 -0.2427594 0.15 -0.2855993 0.15 -0.2855993 -0.15 -0.2427594 -0.15 -0.2998793 0.15 -0.2855993 -0.15 -0.2998793 -0.15 -0.3569992 0.15 -0.2855993 -0.15 -0.3569992 0.15 -0.3427192 0.15 0.2855994 -0.15 0.2713193 -0.15 0.2141995 -0.15 0.09995973 0.15 0.1142397 -0.15 0.1570796 -0.15 0.1570796 0.15 0.1142397 0.15 0.1713595 -0.15 0.1570796 0.15 0.1713595 -0.15 0.2141995 -0.15 0.2141995 0.15 0.1713595 0.15 0.2284795 -0.15 0.2141995 0.15 0.2284795 0.15 0.2855994 0.15 0.1142397 -0.15 0.09995973 0.15 0.05711972 0.15 0.05711972 -0.15 0.09995973 -0.15 0.04283988 0.15 0.05711972 -0.15 0.04283988 0.15 0 0.15 0 -0.15 0.04283988 -0.15 -0.01427996 0.15 0 -0.15 -0.01427996 0.15 -0.05711972 0.15 -0.05711972 -0.15 -0.01427996 -0.15 -0.0713998 0.15 -0.05711972 -0.15 -0.0713998 0.15 -0.1142397 0.15 -0.1142397 -0.15 -0.0713998 -0.15 -0.1285197 0.15 -0.1142397 -0.15 -0.1285197 0.15 -0.1713595 0.15 -0.1713595 -0.15 -0.1285197 -0.15 -0.1856395 0.15 -0.1713595 -0.15 -0.1856395 0.15 -0.2284795 0.15 -0.2284795 -0.15 -0.1856395 -0.15 -0.2427594 0.15 -0.2284795 -0.15 -0.2427594 0.15 -0.2855993 0.15 -0.2855993 -0.15 -0.2427594 -0.15 -0.2998793 0.15 -0.2855993 -0.15 -0.2998793 -0.15 -0.3569992 0.15 -0.2855993 -0.15 -0.3569992 0.15 -0.3427192 0.15 0.2855994 -0.15 0.2713193 -0.15 0.2141995 -0.15 0.09995973 0.15 0.1142397 -0.15 0.1570796 -0.15 0.1570796 0.15 0.1142397 0.15 0.1713595 -0.15 0.1570796 0.15 0.1713595 -0.15 0.2141995 -0.15 0.2141995 0.15 0.1713595 0.15 0.2284795 -0.15 0.2141995 0.15 0.2284795 0.15 0.2855994 0.15 0.1142397 -0.15 0.09995973 0.15 0.05711972 0.15 0.05711972 -0.15 0.09995973 -0.15 0.04283988 0.15 0.05711972 -0.15 0.04283988 0.15 0 0.15 0 -0.15 0.04283988 -0.15 -0.01427996 0.15 0 -0.15 -0.01427996 0.15 -0.05711972 0.15 -0.05711972 -0.15 -0.01427996 -0.15 -0.0713998 0.15 -0.05711972 -0.15 -0.0713998 0.15 -0.1142397 0.15 -0.1142397 -0.15 -0.0713998 -0.15 -0.1285197 0.15 -0.1142397 -0.15 -0.1285197 0.15 -0.1713595 0.15 -0.1713595 -0.15 -0.1285197 -0.15 -0.1856395 0.15 -0.1713595 -0.15 -0.1856395 0.15 -0.2284795 0.15 -0.2284795 -0.15 -0.1856395 -0.15 -0.2427594 0.15 -0.2284795 -0.15 -0.2427594 0.15 -0.2855993 0.15 -0.2855993 -0.15 -0.2427594 -0.15 -0.2998793 0.15 -0.2855993 -0.15 -0.2998793 -0.15 -0.3569992 0.15 -0.2855993 -0.15 -0.3569992 0.15 -0.3427192 0.15 0.2855994 -0.15 0.2713193 -0.15 0.2141995 -0.15 0.09995973 0.15 0.1142397 -0.15 0.1570796 -0.15 0.1570796 0.15 0.1142397 0.15 0.1713595 -0.15 0.1570796 0.15 0.1713595 -0.15 0.2141995 -0.15 0.2141995 0.15 0.1713595 0.15 0.2284795 -0.15 0.2141995 0.15 0.2284795 0.15 0.2855994 0.15 0.1142397 -0.15 0.09995973 0.15 0.05711972 0.15 0.05711972 -0.15 0.09995973 -0.15 0.04283988 0.15 0.05711972 -0.15 0.04283988 0.15 0 0.15 0 -0.15 0.04283988 -0.15 -0.01427996 0.15 0 -0.15 -0.01427996 0.15 -0.05711972 0.15 -0.05711972 -0.15 -0.01427996 -0.15 -0.0713998 0.15 -0.05711972 -0.15 -0.0713998 0.15 -0.1142397 0.15 -0.1142397 -0.15 -0.0713998 -0.15 -0.1285197 0.15 -0.1142397 -0.15 -0.1285197 0.15 -0.1713595 0.15 -0.1713595 -0.15 -0.1285197 -0.15 -0.1856395 0.15 -0.1713595 -0.15 -0.1856395 0.15 -0.2284795 0.15 -0.2284795 -0.15 -0.1856395 -0.15 -0.2427594 0.15 -0.2284795 -0.15 -0.2427594 0.15 -0.2855993 0.15 -0.2855993 -0.15 -0.2427594 -0.15 -0.2998793 0.15 -0.2855993 -0.15 -0.2998793 -0.15 -0.3569992 0.15 -0.2855993 -0.15 -0.3569992 0.15 -0.3427192 0.15 0.2855994 -0.15 0.2713193 -0.15 0.2141995 -0.15 0.09995973 0.15 0.1142397 -0.15 0.1570796 -0.15 0.1570796 0.15 0.1142397 0.15 0.1713595 -0.15 0.1570796 0.15 0.1713595 -0.15 0.2141995 -0.15 0.2141995 0.15 0.1713595 0.15 0.2284795 -0.15 0.2141995 0.15 0.2284795 0.15 0.2855994 0.15 0.1142397 -0.15 0.09995973 0.15 0.05711972 0.15 0.05711972 -0.15 0.09995973 -0.15 0.04283988 0.15 0.05711972 -0.15 0.04283988 0.15 0 0.15 0 -0.15 0.04283988 -0.15 -0.01427996 0.15 0 -0.15 -0.01427996 0.15 -0.05711972 0.15 -0.05711972 -0.15 -0.01427996 -0.15 -0.0713998 0.15 -0.05711972 -0.15 -0.0713998 0.15 -0.1142397 0.15 -0.1142397 -0.15 -0.0713998 -0.15 -0.1285197 0.15 -0.1142397 -0.15 -0.1285197 0.15 -0.1713595 0.15 -0.1713595 -0.15 -0.1285197 -0.15 -0.1856395 0.15 -0.1713595 -0.15 -0.1856395 0.15 -0.2284795 0.15 -0.2284795 -0.15 -0.1856395 -0.15 -0.2427594 0.15 -0.2284795 -0.15 -0.2427594 0.15 -0.2855993 0.15 -0.2855993 -0.15 -0.2427594 -0.15 -0.2998793 0.15 -0.2855993 -0.15 -0.2998793 -0.15 -0.3569992 0.15 -0.2855993 -0.15 -0.3569992 0.15 -0.3427192 0.15 0.2855994 -0.15 0.2713193 -0.15 0.2141995 -0.15 0.09995973 0.15 0.1142397 -0.15 0.1570796 -0.15 0.1570796 0.15 0.1142397 0.15 0.1713595 -0.15 0.1570796 0.15 0.1713595 -0.15 0.2141995 -0.15 0.2141995 0.15 0.1713595 0.15 0.2284795 -0.15 0.2141995 0.15 0.2284795 0.15 0.2855994 0.15 0.1142397 -0.15 0.09995973 0.15 0.05711972 0.15 0.05711972 -0.15 0.09995973 -0.15 0.04283988 0.15 0.05711972 -0.15 0.04283988 0.15 0 0.15 0 -0.15 0.04283988 -0.15 -0.01427996 0.15 0 -0.15 -0.01427996 0.15 -0.05711972 0.15 -0.05711972 -0.15 -0.01427996 -0.15 -0.0713998 0.15 -0.05711972 -0.15 -0.0713998 0.15 -0.1142397 0.15 -0.1142397 -0.15 -0.0713998 -0.15 -0.1285197 0.15 -0.1142397 -0.15 -0.1285197 0.15 -0.1713595 0.15 -0.1713595 -0.15 -0.1285197 -0.15 -0.1856395 0.15 -0.1713595 -0.15 -0.1856395 0.15 -0.2284795 0.15 -0.2284795 -0.15 -0.1856395 -0.15 -0.2427594 0.15 -0.2284795 -0.15 -0.2427594 0.15 -0.2855993 0.15 -0.2855993 -0.15 -0.2427594 -0.15 -0.2998793 0.15 -0.2855993 -0.15 -0.2998793 -0.15 -0.3569992 0.15 -0.2855993 -0.15 -0.3569992 0.15 -0.3427192 0.15 0.2855994 -0.15 0.2713193 -0.15 0.2141995 -0.15 0.09995973 0.15 0.1142397 -0.15 0.1570796 -0.15 0.1570796 0.15 0.1142397 0.15 0.1713595 -0.15 0.1570796 0.15 0.1713595 -0.15 0.2141995 -0.15 0.2141995 0.15 0.1713595 0.15 0.2284795 -0.15 0.2141995 0.15 0.2284795 0.15 0.2855994 0.15 0.1142397 -0.15 0.09995973 0.15 0.05711972 0.15 0.05711972 -0.15 0.09995973 -0.15 0.04283988 0.15 0.05711972 -0.15 0.04283988 0.15 0 0.15 0 -0.15 0.04283988 -0.15 -0.01427996 0.15 0 -0.15 -0.01427996 0.15 -0.05711972 0.15 -0.05711972 -0.15 -0.01427996 -0.15 -0.0713998 0.15 -0.05711972 -0.15 -0.0713998 0.15 -0.1142397 0.15 -0.1142397 -0.15 -0.0713998 -0.15 -0.1285197 0.15 -0.1142397 -0.15 -0.1285197 0.15 -0.1713595 0.15 -0.1713595 -0.15 -0.1285197 -0.15 -0.1856395 0.15 -0.1713595 -0.15 -0.1856395 0.15 -0.2284795 0.15 -0.2284795 -0.15 -0.1856395 -0.15 -0.2427594 0.15 -0.2284795 -0.15 -0.2427594 0.15 -0.2855993 0.15 -0.2855993 -0.15 -0.2427594 -0.15 -0.2998793 0.15 -0.2855993 -0.15 -0.2998793 -0.15 -0.3569992 0.15 -0.2855993 -0.15 -0.3569992 0.15 -0.3427192 0.15 0.2855994 -0.15 0.2713193 -0.15 0.2141995 -0.15 0.09995973 0.15 0.1142397 -0.15 0.1570796 -0.15 0.1570796 0.15 0.1142397 0.15 0.1713595 -0.15 0.1570796 0.15 0.1713595 -0.15 0.2141995 -0.15 0.2141995 0.15 0.1713595 0.15 0.2284795 -0.15 0.2141995 0.15 0.2284795 0.15 0.2855994 0.15 0.1142397 -0.15 0.09995973 0.15 0.05711972 0.15 0.05711972 -0.15 0.09995973 -0.15 0.04283988 0.15 0.05711972 -0.15 0.04283988 0.15 0 0.15 0 -0.15 0.04283988 -0.15 -0.01427996 0.15 0 -0.15 -0.01427996 0.15 -0.05711972 0.15 -0.05711972 -0.15 -0.01427996 -0.15 -0.0713998 0.15 -0.05711972 -0.15 -0.0713998 0.15 -0.1142397 0.15 -0.1142397 -0.15 -0.0713998 -0.15 -0.1285197 0.15 -0.1142397 -0.15 -0.1285197 0.15 -0.1713595 0.15 -0.1713595 -0.15 -0.1285197 -0.15 -0.1856395 0.15 -0.1713595 -0.15 -0.1856395 0.15 -0.2284795 0.15 -0.2284795 -0.15 -0.1856395 -0.15 -0.2427594 0.15 -0.2284795 -0.15 -0.2427594 0.15 -0.2855993 0.15 -0.2855993 -0.15 -0.2427594 -0.15 -0.2998793 0.15 -0.2855993 -0.15 -0.2998793 -0.15 -0.3569992 0.15 -0.2855993 -0.15 -0.3569992 0.15 -0.3427192 0.15 0.2855994 -0.15 0.2713193 -0.15 0.2141995 0.0229808 -0.05739444 0.0229808 0 -0.0229808 0 -0.0229808 0 0.0229808 0 0.0229808 0.05739444 -0.0229808 0 0.0229808 0.05739444 -0.0229808 0.06782984 -0.0229808 0.06782984 0.0229808 0.05739444 0.0229808 0.114789 -0.0229808 0.06782984 0.0229808 0.114789 -0.0229808 0.1356596 -0.0229808 0.1356596 0.0229808 0.114789 0.0229808 0.1721834 -0.0229808 0.1356596 0.0229808 0.1721834 -0.0229808 0.2034895 -0.0229808 0.2034895 0.0229808 0.1721834 0.0229808 0.2295778 -0.0229808 0.2034895 0.0229808 0.2295778 -0.0229808 0.2713193 -0.0229808 0.2713193 0.0229808 0.2295778 0.0229808 0.2869724 -0.0229808 0.2713193 0.0229808 0.2869724 -0.0229808 0.3391492 -0.0229808 0.3391492 0.0229808 0.2869724 0.0229808 0.3443669 -0.0229808 0.3391492 0.0229808 0.3443669 0.0229808 0.4017614 -0.0229808 0.3391492 0.0229808 0.4017614 -0.0229808 0.406979 -0.0229808 -0.3391492 0.0229808 -0.3443669 0.0229808 -0.2869724 -0.0229808 -0.3391492 0.0229808 -0.2869724 -0.0229808 -0.2713193 -0.0229808 -0.2713193 0.0229808 -0.2869724 0.0229808 -0.2295778 -0.0229808 -0.2713193 0.0229808 -0.2295778 -0.0229808 -0.2034895 -0.0229808 -0.2034895 0.0229808 -0.2295778 0.0229808 -0.1721834 -0.0229808 -0.2034895 0.0229808 -0.1721834 -0.0229808 -0.1356596 -0.0229808 -0.1356596 0.0229808 -0.1721834 0.0229808 -0.114789 -0.0229808 -0.1356596 0.0229808 -0.114789 -0.0229808 -0.06782984 -0.0229808 -0.06782984 0.0229808 -0.114789 0.0229808 -0.05739444 -0.0229808 -0.06782984 0.0229808 -0.05739444 -0.0229808 0 4.5855 -0.05854785 4.703 0 4.5855 0 4.5855 0 4.703 0 4.703 0.05854785 4.5855 0 4.703 0.05854785 4.5855 0.05854785 4.5855 0.05854785 4.703 0.05854785 4.703 0.1170957 4.5855 0.05854785 4.703 0.1170957 4.5855 0.1170957 4.5855 0.1170957 4.703 0.1170957 4.703 0.1756436 4.5855 0.1170957 4.703 0.1756436 4.5855 0.1756436 4.5855 0.1756436 4.703 0.1756436 4.703 0.2341914 4.5855 0.1756436 4.703 0.2341914 4.5855 0.2341914 4.5855 0.2341914 4.703 0.2341914 4.703 0.2927393 4.5855 0.2341914 4.703 0.2927393 4.5855 0.2927393 4.5855 -0.3512872 4.703 -0.3512872 4.703 -0.2927393 4.5855 -0.3512872 4.703 -0.2927393 4.5855 -0.2927393 4.5855 -0.2927393 4.703 -0.2927393 4.703 -0.2341914 4.5855 -0.2927393 4.703 -0.2341914 4.5855 -0.2341914 4.5855 -0.2341914 4.703 -0.2341914 4.703 -0.1756436 4.5855 -0.2341914 4.703 -0.1756436 4.5855 -0.1756436 4.5855 -0.1756436 4.703 -0.1756436 4.703 -0.1170957 4.5855 -0.1756436 4.703 -0.1170957 4.5855 -0.1170957 4.5855 -0.1170957 4.703 -0.1170957 4.703 -0.05854785 4.5855 -0.1170957 4.703 -0.05854785 4.5855 -0.05854785 4.5855 -0.05854785 4.703 -0.05854785 4.703 0 0.0229808 -0.05739444 0.0229808 0 -0.0229808 0 -0.0229808 0 0.0229808 0 0.0229808 0.05739444 -0.0229808 0 0.0229808 0.05739444 -0.0229808 0.06782984 -0.0229808 0.06782984 0.0229808 0.05739444 0.0229808 0.114789 -0.0229808 0.06782984 0.0229808 0.114789 -0.0229808 0.1356596 -0.0229808 0.1356596 0.0229808 0.114789 0.0229808 0.1721834 -0.0229808 0.1356596 0.0229808 0.1721834 -0.0229808 0.2034895 -0.0229808 0.2034895 0.0229808 0.1721834 0.0229808 0.2295778 -0.0229808 0.2034895 0.0229808 0.2295778 -0.0229808 0.2713193 -0.0229808 0.2713193 0.0229808 0.2295778 0.0229808 0.2869724 -0.0229808 0.2713193 0.0229808 0.2869724 -0.0229808 0.3391492 -0.0229808 0.3391492 0.0229808 0.2869724 0.0229808 0.3443669 -0.0229808 0.3391492 0.0229808 0.3443669 0.0229808 0.4017614 -0.0229808 0.3391492 0.0229808 0.4017614 -0.0229808 0.406979 -0.0229808 -0.3391492 0.0229808 -0.3443669 0.0229808 -0.2869724 -0.0229808 -0.3391492 0.0229808 -0.2869724 -0.0229808 -0.2713193 -0.0229808 -0.2713193 0.0229808 -0.2869724 0.0229808 -0.2295778 -0.0229808 -0.2713193 0.0229808 -0.2295778 -0.0229808 -0.2034895 -0.0229808 -0.2034895 0.0229808 -0.2295778 0.0229808 -0.1721834 -0.0229808 -0.2034895 0.0229808 -0.1721834 -0.0229808 -0.1356596 -0.0229808 -0.1356596 0.0229808 -0.1721834 0.0229808 -0.114789 -0.0229808 -0.1356596 0.0229808 -0.114789 -0.0229808 -0.06782984 -0.0229808 -0.06782984 0.0229808 -0.114789 0.0229808 -0.05739444 -0.0229808 -0.06782984 0.0229808 -0.05739444 -0.0229808 0 4.5855 -0.05854785 4.703 0 4.5855 0 4.5855 0 4.703 0 4.703 0.05854785 4.5855 0 4.703 0.05854785 4.5855 0.05854785 4.5855 0.05854785 4.703 0.05854785 4.703 0.1170957 4.5855 0.05854785 4.703 0.1170957 4.5855 0.1170957 4.5855 0.1170957 4.703 0.1170957 4.703 0.1756436 4.5855 0.1170957 4.703 0.1756436 4.5855 0.1756436 4.5855 0.1756436 4.703 0.1756436 4.703 0.2341914 4.5855 0.1756436 4.703 0.2341914 4.5855 0.2341914 4.5855 0.2341914 4.703 0.2341914 4.703 0.2927393 4.5855 0.2341914 4.703 0.2927393 4.5855 0.2927393 4.5855 -0.3512872 4.703 -0.3512872 4.703 -0.2927393 4.5855 -0.3512872 4.703 -0.2927393 4.5855 -0.2927393 4.5855 -0.2927393 4.703 -0.2927393 4.703 -0.2341914 4.5855 -0.2927393 4.703 -0.2341914 4.5855 -0.2341914 4.5855 -0.2341914 4.703 -0.2341914 4.703 -0.1756436 4.5855 -0.2341914 4.703 -0.1756436 4.5855 -0.1756436 4.5855 -0.1756436 4.703 -0.1756436 4.703 -0.1170957 4.5855 -0.1756436 4.703 -0.1170957 4.5855 -0.1170957 4.5855 -0.1170957 4.703 -0.1170957 4.703 -0.05854785 4.5855 -0.1170957 4.703 -0.05854785 4.5855 -0.05854785 4.5855 -0.05854785 4.703 -0.05854785 4.703 0 0.0229808 -0.05739444 0.0229808 0 -0.0229808 0 -0.0229808 0 0.0229808 0 0.0229808 0.05739444 -0.0229808 0 0.0229808 0.05739444 -0.0229808 0.06782984 -0.0229808 0.06782984 0.0229808 0.05739444 0.0229808 0.114789 -0.0229808 0.06782984 0.0229808 0.114789 -0.0229808 0.1356596 -0.0229808 0.1356596 0.0229808 0.114789 0.0229808 0.1721834 -0.0229808 0.1356596 0.0229808 0.1721834 -0.0229808 0.2034895 -0.0229808 0.2034895 0.0229808 0.1721834 0.0229808 0.2295778 -0.0229808 0.2034895 0.0229808 0.2295778 -0.0229808 0.2713193 -0.0229808 0.2713193 0.0229808 0.2295778 0.0229808 0.2869724 -0.0229808 0.2713193 0.0229808 0.2869724 -0.0229808 0.3391492 -0.0229808 0.3391492 0.0229808 0.2869724 0.0229808 0.3443669 -0.0229808 0.3391492 0.0229808 0.3443669 0.0229808 0.4017614 -0.0229808 0.3391492 0.0229808 0.4017614 -0.0229808 0.406979 -0.0229808 -0.3391492 0.0229808 -0.3443669 0.0229808 -0.2869724 -0.0229808 -0.3391492 0.0229808 -0.2869724 -0.0229808 -0.2713193 -0.0229808 -0.2713193 0.0229808 -0.2869724 0.0229808 -0.2295778 -0.0229808 -0.2713193 0.0229808 -0.2295778 -0.0229808 -0.2034895 -0.0229808 -0.2034895 0.0229808 -0.2295778 0.0229808 -0.1721834 -0.0229808 -0.2034895 0.0229808 -0.1721834 -0.0229808 -0.1356596 -0.0229808 -0.1356596 0.0229808 -0.1721834 0.0229808 -0.114789 -0.0229808 -0.1356596 0.0229808 -0.114789 -0.0229808 -0.06782984 -0.0229808 -0.06782984 0.0229808 -0.114789 0.0229808 -0.05739444 -0.0229808 -0.06782984 0.0229808 -0.05739444 -0.0229808 0 4.5855 -0.05854785 4.703 0 4.5855 0 4.5855 0 4.703 0 4.703 0.05854785 4.5855 0 4.703 0.05854785 4.5855 0.05854785 4.5855 0.05854785 4.703 0.05854785 4.703 0.1170957 4.5855 0.05854785 4.703 0.1170957 4.5855 0.1170957 4.5855 0.1170957 4.703 0.1170957 4.703 0.1756436 4.5855 0.1170957 4.703 0.1756436 4.5855 0.1756436 4.5855 0.1756436 4.703 0.1756436 4.703 0.2341914 4.5855 0.1756436 4.703 0.2341914 4.5855 0.2341914 4.5855 0.2341914 4.703 0.2341914 4.703 0.2927393 4.5855 0.2341914 4.703 0.2927393 4.5855 0.2927393 4.5855 -0.3512872 4.703 -0.3512872 4.703 -0.2927393 4.5855 -0.3512872 4.703 -0.2927393 4.5855 -0.2927393 4.5855 -0.2927393 4.703 -0.2927393 4.703 -0.2341914 4.5855 -0.2927393 4.703 -0.2341914 4.5855 -0.2341914 4.5855 -0.2341914 4.703 -0.2341914 4.703 -0.1756436 4.5855 -0.2341914 4.703 -0.1756436 4.5855 -0.1756436 4.5855 -0.1756436 4.703 -0.1756436 4.703 -0.1170957 4.5855 -0.1756436 4.703 -0.1170957 4.5855 -0.1170957 4.5855 -0.1170957 4.703 -0.1170957 4.703 -0.05854785 4.5855 -0.1170957 4.703 -0.05854785 4.5855 -0.05854785 4.5855 -0.05854785 4.703 -0.05854785 4.703 0 0.0229808 -0.05739444 0.0229808 0 -0.0229808 0 -0.0229808 0 0.0229808 0 0.0229808 0.05739444 -0.0229808 0 0.0229808 0.05739444 -0.0229808 0.06782984 -0.0229808 0.06782984 0.0229808 0.05739444 0.0229808 0.114789 -0.0229808 0.06782984 0.0229808 0.114789 -0.0229808 0.1356596 -0.0229808 0.1356596 0.0229808 0.114789 0.0229808 0.1721834 -0.0229808 0.1356596 0.0229808 0.1721834 -0.0229808 0.2034895 -0.0229808 0.2034895 0.0229808 0.1721834 0.0229808 0.2295778 -0.0229808 0.2034895 0.0229808 0.2295778 -0.0229808 0.2713193 -0.0229808 0.2713193 0.0229808 0.2295778 0.0229808 0.2869724 -0.0229808 0.2713193 0.0229808 0.2869724 -0.0229808 0.3391492 -0.0229808 0.3391492 0.0229808 0.2869724 0.0229808 0.3443669 -0.0229808 0.3391492 0.0229808 0.3443669 0.0229808 0.4017614 -0.0229808 0.3391492 0.0229808 0.4017614 -0.0229808 0.406979 -0.0229808 -0.3391492 0.0229808 -0.3443669 0.0229808 -0.2869724 -0.0229808 -0.3391492 0.0229808 -0.2869724 -0.0229808 -0.2713193 -0.0229808 -0.2713193 0.0229808 -0.2869724 0.0229808 -0.2295778 -0.0229808 -0.2713193 0.0229808 -0.2295778 -0.0229808 -0.2034895 -0.0229808 -0.2034895 0.0229808 -0.2295778 0.0229808 -0.1721834 -0.0229808 -0.2034895 0.0229808 -0.1721834 -0.0229808 -0.1356596 -0.0229808 -0.1356596 0.0229808 -0.1721834 0.0229808 -0.114789 -0.0229808 -0.1356596 0.0229808 -0.114789 -0.0229808 -0.06782984 -0.0229808 -0.06782984 0.0229808 -0.114789 0.0229808 -0.05739444 -0.0229808 -0.06782984 0.0229808 -0.05739444 -0.0229808 0 4.5855 -0.05854785 4.703 0 4.5855 0 4.5855 0 4.703 0 4.703 0.05854785 4.5855 0 4.703 0.05854785 4.5855 0.05854785 4.5855 0.05854785 4.703 0.05854785 4.703 0.1170957 4.5855 0.05854785 4.703 0.1170957 4.5855 0.1170957 4.5855 0.1170957 4.703 0.1170957 4.703 0.1756436 4.5855 0.1170957 4.703 0.1756436 4.5855 0.1756436 4.5855 0.1756436 4.703 0.1756436 4.703 0.2341914 4.5855 0.1756436 4.703 0.2341914 4.5855 0.2341914 4.5855 0.2341914 4.703 0.2341914 4.703 0.2927393 4.5855 0.2341914 4.703 0.2927393 4.5855 0.2927393 4.5855 -0.3512872 4.703 -0.3512872 4.703 -0.2927393 4.5855 -0.3512872 4.703 -0.2927393 4.5855 -0.2927393 4.5855 -0.2927393 4.703 -0.2927393 4.703 -0.2341914 4.5855 -0.2927393 4.703 -0.2341914 4.5855 -0.2341914 4.5855 -0.2341914 4.703 -0.2341914 4.703 -0.1756436 4.5855 -0.2341914 4.703 -0.1756436 4.5855 -0.1756436 4.5855 -0.1756436 4.703 -0.1756436 4.703 -0.1170957 4.5855 -0.1756436 4.703 -0.1170957 4.5855 -0.1170957 4.5855 -0.1170957 4.703 -0.1170957 4.703 -0.05854785 4.5855 -0.1170957 4.703 -0.05854785 4.5855 -0.05854785 4.5855 -0.05854785 4.703 -0.05854785 4.703 0 0.15 0.06544983 0 0.06544983 0.15 0 0.15 0 0 0.06544983 0 0 0.15 0 0 0 0.15 -0.06544983 0.15 -0.06544983 0 0 0 -0.06544983 0.15 -0.06544983 0 -0.06544983 0.15 -0.1308997 0.15 -0.1308997 0 -0.06544983 0 -0.1308997 0.15 -0.1308997 0 -0.1308997 0.15 -0.1963495 0.15 -0.1963495 0 -0.1308997 0 -0.1963495 0.15 -0.1963495 0 -0.1963495 0.15 -0.2617994 0.15 -0.2617994 0 -0.1963495 0 -0.2617994 0.15 -0.2617994 0 -0.2617994 0.15 -0.3272492 0.15 -0.3272492 0 -0.2617994 0 -0.3272492 0.15 -0.3272492 0 -0.3272492 0.15 -0.3926991 0.15 -0.3926991 0 -0.3272492 0 -0.3926991 0.15 0.3926991 0 0.3926991 0.15 0.3272492 0.15 0.3272492 0 0.3926991 0 0.3272492 0.15 0.3272492 0 0.3272492 0.15 0.2617994 0.15 0.2617994 0 0.3272492 0 0.2617994 0.15 0.2617994 0 0.2617994 0.15 0.1963495 0.15 0.1963495 0 0.2617994 0 0.1963495 0.15 0.1963495 0 0.1963495 0.15 0.1308997 0.15 0.1308997 0 0.1963495 0 0.1308997 0.15 0.1308997 0 0.1308997 0.15 0.06544983 0.15 0.06544983 0 0.1308997 0 0.06544983 0.15 0.06544983 0 0.06544983 0.15 0 0.15 0 0 0.06544983 0 0 0.15 0 0 0 0.15 -0.06544983 0.15 -0.06544983 0 0 0 -0.06544983 0.15 -0.06544983 0 -0.06544983 0.15 -0.1308997 0.15 -0.1308997 0 -0.06544983 0 -0.1308997 0.15 -0.1308997 0 -0.1308997 0.15 -0.1963495 0.15 -0.1963495 0 -0.1308997 0 -0.1963495 0.15 -0.1963495 0 -0.1963495 0.15 -0.2617994 0.15 -0.2617994 0 -0.1963495 0 -0.2617994 0.15 -0.2617994 0 -0.2617994 0.15 -0.3272492 0.15 -0.3272492 0 -0.2617994 0 -0.3272492 0.15 -0.3272492 0 -0.3272492 0.15 -0.3926991 0.15 -0.3926991 0 -0.3272492 0 -0.3926991 0.15 0.3926991 0 0.3926991 0.15 0.3272492 0.15 0.3272492 0 0.3926991 0 0.3272492 0.15 0.3272492 0 0.3272492 0.15 0.2617994 0.15 0.2617994 0 0.3272492 0 0.2617994 0.15 0.2617994 0 0.2617994 0.15 0.1963495 0.15 0.1963495 0 0.2617994 0 0.1963495 0.15 0.1963495 0 0.1963495 0.15 0.1308997 0.15 0.1308997 0 0.1963495 0 0.1308997 0.15 0.1308997 0 0.1308997 0.15 0.06544983 0.15 0.06544983 0 0.1308997 0 0.06544983 0.15 0.06544983 0 0.06544983 0.15 0 0.15 0 0 0.06544983 0 0 0.15 0 0 0 0.15 -0.06544983 0.15 -0.06544983 0 0 0 -0.06544983 0.15 -0.06544983 0 -0.06544983 0.15 -0.1308997 0.15 -0.1308997 0 -0.06544983 0 -0.1308997 0.15 -0.1308997 0 -0.1308997 0.15 -0.1963495 0.15 -0.1963495 0 -0.1308997 0 -0.1963495 0.15 -0.1963495 0 -0.1963495 0.15 -0.2617994 0.15 -0.2617994 0 -0.1963495 0 -0.2617994 0.15 -0.2617994 0 -0.2617994 0.15 -0.3272492 0.15 -0.3272492 0 -0.2617994 0 -0.3272492 0.15 -0.3272492 0 -0.3272492 0.15 -0.3926991 0.15 -0.3926991 0 -0.3272492 0 -0.3926991 0.15 0.3926991 0 0.3926991 0.15 0.3272492 0.15 0.3272492 0 0.3926991 0 0.3272492 0.15 0.3272492 0 0.3272492 0.15 0.2617994 0.15 0.2617994 0 0.3272492 0 0.2617994 0.15 0.2617994 0 0.2617994 0.15 0.1963495 0.15 0.1963495 0 0.2617994 0 0.1963495 0.15 0.1963495 0 0.1963495 0.15 0.1308997 0.15 0.1308997 0 0.1963495 0 0.1308997 0.15 0.1308997 0 0.1308997 0.15 0.06544983 0.15 0.06544983 0 0.1308997 0 0.06544983 0.15 0.06544983 0 0.06544983 0.15 0 0.15 0 0 0.06544983 0 0 0.15 0 0 0 0.15 -0.06544983 0.15 -0.06544983 0 0 0 -0.06544983 0.15 -0.06544983 0 -0.06544983 0.15 -0.1308997 0.15 -0.1308997 0 -0.06544983 0 -0.1308997 0.15 -0.1308997 0 -0.1308997 0.15 -0.1963495 0.15 -0.1963495 0 -0.1308997 0 -0.1963495 0.15 -0.1963495 0 -0.1963495 0.15 -0.2617994 0.15 -0.2617994 0 -0.1963495 0 -0.2617994 0.15 -0.2617994 0 -0.2617994 0.15 -0.3272492 0.15 -0.3272492 0 -0.2617994 0 -0.3272492 0.15 -0.3272492 0 -0.3272492 0.15 -0.3926991 0.15 -0.3926991 0 -0.3272492 0 -0.3926991 0.15 0.3926991 0 0.3926991 0.15 0.3272492 0.15 0.3272492 0 0.3926991 0 0.3272492 0.15 0.3272492 0 0.3272492 0.15 0.2617994 0.15 0.2617994 0 0.3272492 0 0.2617994 0.15 0.2617994 0 0.2617994 0.15 0.1963495 0.15 0.1963495 0 0.2617994 0 0.1963495 0.15 0.1963495 0 0.1963495 0.15 0.1308997 0.15 0.1308997 0 0.1963495 0 0.1308997 0.15 0.1308997 0 0.1308997 0.15 0.06544983 0.15 0.06544983 0 0.1308997 0 0.06544983 -0.07499998 0.3272492 0.07499998 0.3272492 -0.07499998 0.3926991 -0.07499998 0.3926991 0.07499998 0.3272492 0.07499998 0.3926991 -0.07499998 -0.3926991 0.07499998 -0.3926991 -0.07499998 -0.3272492 -0.07499998 -0.3272492 0.07499998 -0.3926991 0.07499998 -0.3272492 -0.07499998 -0.3272492 0.07499998 -0.3272492 -0.07499998 -0.2617994 -0.07499998 -0.2617994 0.07499998 -0.3272492 0.07499998 -0.2617994 -0.07499998 -0.2617994 0.07499998 -0.2617994 -0.07499998 -0.1963495 -0.07499998 -0.1963495 0.07499998 -0.2617994 0.07499998 -0.1963495 -0.07499998 -0.1963495 0.07499998 -0.1963495 -0.07499998 -0.1308997 -0.07499998 -0.1308997 0.07499998 -0.1963495 0.07499998 -0.1308997 -0.07499998 -0.1308997 0.07499998 -0.1308997 -0.07499998 -0.06544983 -0.07499998 -0.06544983 0.07499998 -0.1308997 0.07499998 -0.06544983 -0.07499998 -0.06544983 0.07499998 -0.06544983 -0.07499998 0 -0.07499998 0 0.07499998 -0.06544983 0.07499998 0 -0.07499998 0 0.07499998 0 -0.07499998 0.06544983 -0.07499998 0.06544983 0.07499998 0 0.07499998 0.06544983 -0.07499998 0.06544983 0.07499998 0.06544983 -0.07499998 0.1308997 -0.07499998 0.1308997 0.07499998 0.06544983 0.07499998 0.1308997 -0.07499998 0.1308997 0.07499998 0.1308997 -0.07499998 0.1963495 -0.07499998 0.1963495 0.07499998 0.1308997 0.07499998 0.1963495 -0.07499998 0.1963495 0.07499998 0.1963495 -0.07499998 0.2617994 -0.07499998 0.2617994 0.07499998 0.1963495 0.07499998 0.2617994 -0.07499998 0.2617994 0.07499998 0.2617994 -0.07499998 0.3272492 -0.07499998 0.3272492 0.07499998 0.2617994 0.07499998 0.3272492 -0.07499998 0.3272492 0.07499998 0.3272492 -0.07499998 0.3926991 -0.07499998 0.3926991 0.07499998 0.3272492 0.07499998 0.3926991 -0.07499998 -0.3926991 0.07499998 -0.3926991 -0.07499998 -0.3272492 -0.07499998 -0.3272492 0.07499998 -0.3926991 0.07499998 -0.3272492 -0.07499998 -0.3272492 0.07499998 -0.3272492 -0.07499998 -0.2617994 -0.07499998 -0.2617994 0.07499998 -0.3272492 0.07499998 -0.2617994 -0.07499998 -0.2617994 0.07499998 -0.2617994 -0.07499998 -0.1963495 -0.07499998 -0.1963495 0.07499998 -0.2617994 0.07499998 -0.1963495 -0.07499998 -0.1963495 0.07499998 -0.1963495 -0.07499998 -0.1308997 -0.07499998 -0.1308997 0.07499998 -0.1963495 0.07499998 -0.1308997 -0.07499998 -0.1308997 0.07499998 -0.1308997 -0.07499998 -0.06544983 -0.07499998 -0.06544983 0.07499998 -0.1308997 0.07499998 -0.06544983 -0.07499998 -0.06544983 0.07499998 -0.06544983 -0.07499998 0 -0.07499998 0 0.07499998 -0.06544983 0.07499998 0 -0.07499998 0 0.07499998 0 -0.07499998 0.06544983 -0.07499998 0.06544983 0.07499998 0 0.07499998 0.06544983 -0.07499998 0.06544983 0.07499998 0.06544983 -0.07499998 0.1308997 -0.07499998 0.1308997 0.07499998 0.06544983 0.07499998 0.1308997 -0.07499998 0.1308997 0.07499998 0.1308997 -0.07499998 0.1963495 -0.07499998 0.1963495 0.07499998 0.1308997 0.07499998 0.1963495 -0.07499998 0.1963495 0.07499998 0.1963495 -0.07499998 0.2617994 -0.07499998 0.2617994 0.07499998 0.1963495 0.07499998 0.2617994 -0.07499998 0.2617994 0.07499998 0.2617994 -0.07499998 0.3272492 -0.07499998 0.3272492 0.07499998 0.2617994 0.07499998 0.3272492 -0.07499998 0.3272492 0.07499998 0.3272492 -0.07499998 0.3926991 -0.07499998 0.3926991 0.07499998 0.3272492 0.07499998 0.3926991 -0.07499998 -0.3926991 0.07499998 -0.3926991 -0.07499998 -0.3272492 -0.07499998 -0.3272492 0.07499998 -0.3926991 0.07499998 -0.3272492 -0.07499998 -0.3272492 0.07499998 -0.3272492 -0.07499998 -0.2617994 -0.07499998 -0.2617994 0.07499998 -0.3272492 0.07499998 -0.2617994 -0.07499998 -0.2617994 0.07499998 -0.2617994 -0.07499998 -0.1963495 -0.07499998 -0.1963495 0.07499998 -0.2617994 0.07499998 -0.1963495 -0.07499998 -0.1963495 0.07499998 -0.1963495 -0.07499998 -0.1308997 -0.07499998 -0.1308997 0.07499998 -0.1963495 0.07499998 -0.1308997 -0.07499998 -0.1308997 0.07499998 -0.1308997 -0.07499998 -0.06544983 -0.07499998 -0.06544983 0.07499998 -0.1308997 0.07499998 -0.06544983 -0.07499998 -0.06544983 0.07499998 -0.06544983 -0.07499998 0 -0.07499998 0 0.07499998 -0.06544983 0.07499998 0 -0.07499998 0 0.07499998 0 -0.07499998 0.06544983 -0.07499998 0.06544983 0.07499998 0 0.07499998 0.06544983 -0.07499998 0.06544983 0.07499998 0.06544983 -0.07499998 0.1308997 -0.07499998 0.1308997 0.07499998 0.06544983 0.07499998 0.1308997 -0.07499998 0.1308997 0.07499998 0.1308997 -0.07499998 0.1963495 -0.07499998 0.1963495 0.07499998 0.1308997 0.07499998 0.1963495 -0.07499998 0.1963495 0.07499998 0.1963495 -0.07499998 0.2617994 -0.07499998 0.2617994 0.07499998 0.1963495 0.07499998 0.2617994 -0.07499998 0.2617994 0.07499998 0.2617994 -0.07499998 0.3272492 -0.07499998 0.3272492 0.07499998 0.2617994 0.07499998 0.3272492 -0.07499998 0.3272492 0.07499998 0.3272492 -0.07499998 0.3926991 -0.07499998 0.3926991 0.07499998 0.3272492 0.07499998 0.3926991 -0.07499998 -0.3926991 0.07499998 -0.3926991 -0.07499998 -0.3272492 -0.07499998 -0.3272492 0.07499998 -0.3926991 0.07499998 -0.3272492 -0.07499998 -0.3272492 0.07499998 -0.3272492 -0.07499998 -0.2617994 -0.07499998 -0.2617994 0.07499998 -0.3272492 0.07499998 -0.2617994 -0.07499998 -0.2617994 0.07499998 -0.2617994 -0.07499998 -0.1963495 -0.07499998 -0.1963495 0.07499998 -0.2617994 0.07499998 -0.1963495 -0.07499998 -0.1963495 0.07499998 -0.1963495 -0.07499998 -0.1308997 -0.07499998 -0.1308997 0.07499998 -0.1963495 0.07499998 -0.1308997 -0.07499998 -0.1308997 0.07499998 -0.1308997 -0.07499998 -0.06544983 -0.07499998 -0.06544983 0.07499998 -0.1308997 0.07499998 -0.06544983 -0.07499998 -0.06544983 0.07499998 -0.06544983 -0.07499998 0 -0.07499998 0 0.07499998 -0.06544983 0.07499998 0 -0.07499998 0 0.07499998 0 -0.07499998 0.06544983 -0.07499998 0.06544983 0.07499998 0 0.07499998 0.06544983 -0.07499998 0.06544983 0.07499998 0.06544983 -0.07499998 0.1308997 -0.07499998 0.1308997 0.07499998 0.06544983 0.07499998 0.1308997 -0.07499998 0.1308997 0.07499998 0.1308997 -0.07499998 0.1963495 -0.07499998 0.1963495 0.07499998 0.1308997 0.07499998 0.1963495 -0.07499998 0.1963495 0.07499998 0.1963495 -0.07499998 0.2617994 -0.07499998 0.2617994 0.07499998 0.1963495 0.07499998 0.2617994 -0.07499998 0.2617994 0.07499998 0.2617994 -0.07499998 0.3272492 -0.07499998 0.3272492 0.07499998 0.2617994 0.07499998 0.3272492 -0.07499998 -0.07499998 0.07499998 -0.07499998 -0.07499998 0.07499998 -0.07499998 0.07499998 0.07499998 -0.07499998 0.07499998 0.07499998 9.155524 0 9.155524 0.0589047 9.005521 0 9.005521 0 9.155524 0.0589047 9.005521 0.0589047 9.005521 0.0589047 9.155524 0.0589047 9.155524 0.1178097 9.005521 0.0589047 9.155524 0.1178097 9.005521 0.1178097 9.005521 0.1178097 9.155524 0.1178097 9.005521 0.1767145 9.005521 0.1767145 9.155524 0.1178097 9.155524 0.1767145 9.005521 0.1767145 9.155524 0.1767145 9.155524 0.2356194 9.155524 0.2356194 9.005521 0.2356194 9.005521 0.1767145 0.25 0.07499998 -0.25 0.07499998 0.25 -0.07499998 0.25 -0.07499998 -0.25 0.07499998 -0.25 -0.07499998 8.850837 0 8.850837 0.0589047 8.700839 0 8.700839 0 8.850837 0.0589047 8.700839 0.0589047 8.700839 0.0589047 8.850837 0.0589047 8.850837 0.1178097 8.700839 0.0589047 8.850837 0.1178097 8.700839 0.1178097 8.700839 0.1178097 8.850837 0.1178097 8.700839 0.1767145 8.700839 0.1767145 8.850837 0.1178097 8.850837 0.1767145 8.700839 0.1767145 8.850837 0.1767145 8.850837 0.2356194 8.850837 0.2356194 8.700839 0.2356194 8.700839 0.1767145 -0.07499998 -0.07499998 0.07499998 -0.07499998 -0.07499998 0.07499998 -0.07499998 0.07499998 0.07499998 -0.07499998 0.07499998 0.07499998 8.851787 0 8.851787 0.0589047 8.701787 0 8.701787 0 8.851787 0.0589047 8.701787 0.0589047 8.701787 0.0589047 8.851787 0.0589047 8.851787 0.1178097 8.701787 0.0589047 8.851787 0.1178097 8.701787 0.1178097 8.701787 0.1178097 8.851787 0.1178097 8.701787 0.1767145 8.701787 0.1767145 8.851787 0.1178097 8.851787 0.1767145 8.701787 0.1767145 8.851787 0.1767145 8.851787 0.2356194 8.851787 0.2356194 8.701787 0.2356194 8.701787 0.1767145 -0.25 -0.07499998 0.25 -0.07499998 -0.25 0.07499998 -0.25 0.07499998 0.25 -0.07499998 0.25 0.07499998 9.320285 0 9.320285 0.0589047 9.170288 0 9.170288 0 9.320285 0.0589047 9.170288 0.0589047 9.170288 0.0589047 9.320285 0.0589047 9.320285 0.1178097 9.170288 0.0589047 9.320285 0.1178097 9.170288 0.1178097 9.170288 0.1178097 9.320285 0.1178097 9.170288 0.1767145 9.170288 0.1767145 9.320285 0.1178097 9.320285 0.1767145 9.170288 0.1767145 9.320285 0.1767145 9.320285 0.2356194 9.320285 0.2356194 9.170288 0.2356194 9.170288 0.1767145 0.25 0.07499998 -0.25 0.07499998 0.25 -0.07499998 0.25 -0.07499998 -0.25 0.07499998 -0.25 -0.07499998 9.444763 0 9.444763 0.0589047 9.29476 0 9.29476 0 9.444763 0.0589047 9.29476 0.0589047 9.29476 0.0589047 9.444763 0.0589047 9.444763 0.1178097 9.29476 0.0589047 9.444763 0.1178097 9.29476 0.1178097 9.29476 0.1178097 9.444763 0.1178097 9.29476 0.1767145 9.29476 0.1767145 9.444763 0.1178097 9.444763 0.1767145 9.29476 0.1767145 9.444763 0.1767145 9.444763 0.2356194 9.444763 0.2356194 9.29476 0.2356194 9.29476 0.1767145 -0.07499998 -0.07499998 0.07499998 -0.07499998 -0.07499998 0.07499998 -0.07499998 0.07499998 0.07499998 -0.07499998 0.07499998 0.07499998 9.444763 0 9.444763 0.0589047 9.29476 0 9.29476 0 9.444763 0.0589047 9.29476 0.0589047 9.29476 0.0589047 9.444763 0.0589047 9.444763 0.1178097 9.29476 0.0589047 9.444763 0.1178097 9.29476 0.1178097 9.29476 0.1178097 9.444763 0.1178097 9.29476 0.1767145 9.29476 0.1767145 9.444763 0.1178097 9.444763 0.1767145 9.29476 0.1767145 9.444763 0.1767145 9.444763 0.2356194 9.444763 0.2356194 9.29476 0.2356194 9.29476 0.1767145 -0.25 -0.07499998 0.25 -0.07499998 -0.25 0.07499998 -0.25 0.07499998 0.25 -0.07499998 0.25 0.07499998 9.444763 0 9.444763 0.0589047 9.29476 0 9.29476 0 9.444763 0.0589047 9.29476 0.0589047 9.29476 0.0589047 9.444763 0.0589047 9.444763 0.1178097 9.29476 0.0589047 9.444763 0.1178097 9.29476 0.1178097 9.29476 0.1178097 9.444763 0.1178097 9.29476 0.1767145 9.29476 0.1767145 9.444763 0.1178097 9.444763 0.1767145 9.29476 0.1767145 9.444763 0.1767145 9.444763 0.2356194 9.444763 0.2356194 9.29476 0.2356194 9.29476 0.1767145 -0.07499998 -0.07499998 0.07499998 -0.07499998 -0.07499998 0.07499998 -0.07499998 0.07499998 0.07499998 -0.07499998 0.07499998 0.07499998 9.444763 0 9.444763 0.0589047 9.29476 0 9.29476 0 9.444763 0.0589047 9.29476 0.0589047 9.29476 0.0589047 9.444763 0.0589047 9.444763 0.1178097 9.29476 0.0589047 9.444763 0.1178097 9.29476 0.1178097 9.29476 0.1178097 9.444763 0.1178097 9.29476 0.1767145 9.29476 0.1767145 9.444763 0.1178097 9.444763 0.1767145 9.29476 0.1767145 9.444763 0.1767145 9.444763 0.2356194 9.444763 0.2356194 9.29476 0.2356194 9.29476 0.1767145 -0.15 0.1308997 0.15 0.1308997 -0.15 0.1963495 -0.15 0.1963495 0.15 0.1308997 0.15 0.1963495 -0.15 0.1963495 0.15 0.1963495 -0.15 0.2617994 -0.15 0.2617994 0.15 0.1963495 0.15 0.2617994 -0.15 0.2617994 0.15 0.2617994 -0.15 0.3272492 -0.15 0.3272492 0.15 0.2617994 0.15 0.3272492 -0.15 0.3272492 0.15 0.3272492 -0.15 0.3926991 -0.15 0.3926991 0.15 0.3272492 0.15 0.3926991 -0.15 -0.3926991 0.15 -0.3926991 -0.15 -0.3272492 -0.15 -0.3272492 0.15 -0.3926991 0.15 -0.3272492 -0.15 -0.3272492 0.15 -0.3272492 -0.15 -0.2617994 -0.15 -0.2617994 0.15 -0.3272492 0.15 -0.2617994 -0.15 -0.2617994 0.15 -0.2617994 -0.15 -0.1963495 -0.15 -0.1963495 0.15 -0.2617994 0.15 -0.1963495 -0.15 -0.1963495 0.15 -0.1963495 -0.15 -0.1308997 -0.15 -0.1308997 0.15 -0.1963495 0.15 -0.1308997 -0.15 -0.1308997 0.15 -0.1308997 -0.15 -0.06544983 -0.15 -0.06544983 0.15 -0.1308997 0.15 -0.06544983 -0.15 -0.06544983 0.15 -0.06544983 -0.15 0 -0.15 0 0.15 -0.06544983 0.15 0 -0.15 0 0.15 0 -0.15 0.06544983 -0.15 0.06544983 0.15 0 0.15 0.06544983 -0.15 0.06544983 0.15 0.06544983 -0.15 0.1308997 -0.15 0.1308997 0.15 0.06544983 0.15 0.1308997 -0.15 0.1308997 0.15 0.1308997 -0.15 0.1963495 -0.15 0.1963495 0.15 0.1308997 0.15 0.1963495 -0.15 0.1963495 0.15 0.1963495 -0.15 0.2617994 -0.15 0.2617994 0.15 0.1963495 0.15 0.2617994 -0.15 0.2617994 0.15 0.2617994 -0.15 0.3272492 -0.15 0.3272492 0.15 0.2617994 0.15 0.3272492 -0.15 0.3272492 0.15 0.3272492 -0.15 0.3926991 -0.15 0.3926991 0.15 0.3272492 0.15 0.3926991 -0.15 -0.3926991 0.15 -0.3926991 -0.15 -0.3272492 -0.15 -0.3272492 0.15 -0.3926991 0.15 -0.3272492 -0.15 -0.3272492 0.15 -0.3272492 -0.15 -0.2617994 -0.15 -0.2617994 0.15 -0.3272492 0.15 -0.2617994 -0.15 -0.2617994 0.15 -0.2617994 -0.15 -0.1963495 -0.15 -0.1963495 0.15 -0.2617994 0.15 -0.1963495 -0.15 -0.1963495 0.15 -0.1963495 -0.15 -0.1308997 -0.15 -0.1308997 0.15 -0.1963495 0.15 -0.1308997 -0.15 -0.1308997 0.15 -0.1308997 -0.15 -0.06544983 -0.15 -0.06544983 0.15 -0.1308997 0.15 -0.06544983 -0.15 -0.06544983 0.15 -0.06544983 -0.15 0 -0.15 0 0.15 -0.06544983 0.15 0 -0.15 0 0.15 0 -0.15 0.06544983 -0.15 0.06544983 0.15 0 0.15 0.06544983 -0.15 0.06544983 0.15 0.06544983 -0.15 0.1308997 -0.15 0.1308997 0.15 0.06544983 0.15 0.1308997 -0.15 0.1308997 0.15 0.1308997 -0.15 0.1963495 -0.15 0.1963495 0.15 0.1308997 0.15 0.1963495 -0.15 0.1963495 0.15 0.1963495 -0.15 0.2617994 -0.15 0.2617994 0.15 0.1963495 0.15 0.2617994 -0.15 0.2617994 0.15 0.2617994 -0.15 0.3272492 -0.15 0.3272492 0.15 0.2617994 0.15 0.3272492 -0.15 0.3272492 0.15 0.3272492 -0.15 0.3926991 -0.15 0.3926991 0.15 0.3272492 0.15 0.3926991 -0.15 -0.3926991 0.15 -0.3926991 -0.15 -0.3272492 -0.15 -0.3272492 0.15 -0.3926991 0.15 -0.3272492 -0.15 -0.3272492 0.15 -0.3272492 -0.15 -0.2617994 -0.15 -0.2617994 0.15 -0.3272492 0.15 -0.2617994 -0.15 -0.2617994 0.15 -0.2617994 -0.15 -0.1963495 -0.15 -0.1963495 0.15 -0.2617994 0.15 -0.1963495 -0.15 -0.1963495 0.15 -0.1963495 -0.15 -0.1308997 -0.15 -0.1308997 0.15 -0.1963495 0.15 -0.1308997 -0.15 -0.1308997 0.15 -0.1308997 -0.15 -0.06544983 -0.15 -0.06544983 0.15 -0.1308997 0.15 -0.06544983 -0.15 -0.06544983 0.15 -0.06544983 -0.15 0 -0.15 0 0.15 -0.06544983 0.15 0 -0.15 0 0.15 0 -0.15 0.06544983 -0.15 0.06544983 0.15 0 0.15 0.06544983 -0.15 0.06544983 0.15 0.06544983 -0.15 0.1308997 -0.15 0.1308997 0.15 0.06544983 0.15 0.1308997 -0.15 0.1308997 0.15 0.1308997 -0.15 0.1963495 -0.15 0.1963495 0.15 0.1308997 0.15 0.1963495 -0.15 0.1963495 0.15 0.1963495 -0.15 0.2617994 -0.15 0.2617994 0.15 0.1963495 0.15 0.2617994 -0.15 0.2617994 0.15 0.2617994 -0.15 0.3272492 -0.15 0.3272492 0.15 0.2617994 0.15 0.3272492 -0.15 0.3272492 0.15 0.3272492 -0.15 0.3926991 -0.15 0.3926991 0.15 0.3272492 0.15 0.3926991 -0.15 -0.3926991 0.15 -0.3926991 -0.15 -0.3272492 -0.15 -0.3272492 0.15 -0.3926991 0.15 -0.3272492 -0.15 -0.3272492 0.15 -0.3272492 -0.15 -0.2617994 -0.15 -0.2617994 0.15 -0.3272492 0.15 -0.2617994 -0.15 -0.2617994 0.15 -0.2617994 -0.15 -0.1963495 -0.15 -0.1963495 0.15 -0.2617994 0.15 -0.1963495 -0.15 -0.1963495 0.15 -0.1963495 -0.15 -0.1308997 -0.15 -0.1308997 0.15 -0.1963495 0.15 -0.1308997 -0.15 -0.1308997 0.15 -0.1308997 -0.15 -0.06544983 -0.15 -0.06544983 0.15 -0.1308997 0.15 -0.06544983 -0.15 -0.06544983 0.15 -0.06544983 -0.15 0 -0.15 0 0.15 -0.06544983 0.15 0 -0.15 0 0.15 0 -0.15 0.06544983 -0.15 0.06544983 0.15 0 0.15 0.06544983 -0.15 0.06544983 0.15 0.06544983 -0.15 0.1308997 -0.15 0.1308997 0.15 0.06544983 0.15 0.1308997 0.15 0.05711972 0 0 0.15 0 0.15 0 0 0 0 -0.05711972 0.15 0 0 -0.05711972 0.15 -0.05711972 0.15 -0.05711972 0 -0.05711972 0 -0.1142397 0.15 -0.05711972 0 -0.1142397 0.15 -0.1142397 0.15 -0.1142397 0 -0.1142397 0 -0.1713595 0.15 -0.1142397 0 -0.1713595 0.15 -0.1713595 0.15 -0.1713595 0 -0.1713595 0 -0.2284795 0.15 -0.1713595 0 -0.2284795 0.15 -0.2284795 0.15 -0.2284795 0 -0.2284795 0 -0.2855994 0.15 -0.2284795 0 -0.2855994 0.15 -0.2855993 0.15 0.3427192 0 0.3427192 0 0.2855993 0.15 0.3427192 0 0.2855993 0.15 0.2855993 0.15 0.2855993 0 0.2855993 0 0.2284795 0.15 0.2855993 0 0.2284795 0.15 0.2284795 0.15 0.2284795 0 0.2284795 0 0.1713595 0.15 0.2284795 0 0.1713595 0.15 0.1713595 0.15 0.1713595 0 0.1713595 0 0.1142397 0.15 0.1713595 0 0.1142397 0.15 0.1142397 0.15 0.1142397 0 0.1142397 0 0.05711972 0.15 0.1142397 0 0.05711972 0.15 0.05711972 0.15 0.05711972 0 0.05711972 0 0 4.25 0.2570394 4.4 0.2570394 4.25 0.3141593 4.25 0.3141593 4.4 0.2570394 4.4 0.3141593 4.25 -0.3141593 4.4 -0.3141593 4.25 -0.2570394 4.25 -0.2570394 4.4 -0.3141593 4.4 -0.2570394 4.25 -0.2570394 4.4 -0.2570394 4.25 -0.1999195 4.25 -0.1999195 4.4 -0.2570394 4.4 -0.1999195 4.25 -0.1999195 4.4 -0.1999195 4.25 -0.1427996 4.25 -0.1427996 4.4 -0.1999195 4.4 -0.1427996 4.25 -0.1427996 4.4 -0.1427996 4.25 -0.08567976 4.25 -0.08567976 4.4 -0.1427996 4.4 -0.08567976 4.25 -0.08567976 4.4 -0.08567976 4.25 -0.02855992 4.25 -0.02855992 4.4 -0.08567976 4.4 -0.02855992 4.25 -0.02855992 4.4 -0.02855992 4.25 0.02855992 4.25 0.02855992 4.4 -0.02855992 4.4 0.02855992 4.25 0.02855992 4.4 0.02855992 4.25 0.08567976 4.25 0.08567976 4.4 0.02855992 4.4 0.08567976 4.25 0.08567976 4.4 0.08567976 4.25 0.1427996 4.25 0.1427996 4.4 0.08567976 4.4 0.1427996 4.25 0.1427996 4.4 0.1427996 4.25 0.1999195 4.25 0.1999195 4.4 0.1427996 4.4 0.1999195 4.25 0.1999195 4.4 0.1999195 4.25 0.2570394 4.25 0.2570394 4.4 0.1999195 4.4 0.2570394 0.15 0.05711972 0 0 0.15 0 0.15 0 0 0 0 -0.05711972 0.15 0 0 -0.05711972 0.15 -0.05711972 0.15 -0.05711972 0 -0.05711972 0 -0.1142397 0.15 -0.05711972 0 -0.1142397 0.15 -0.1142397 0.15 -0.1142397 0 -0.1142397 0 -0.1713595 0.15 -0.1142397 0 -0.1713595 0.15 -0.1713595 0.15 -0.1713595 0 -0.1713595 0 -0.2284795 0.15 -0.1713595 0 -0.2284795 0.15 -0.2284795 0.15 -0.2284795 0 -0.2284795 0 -0.2855994 0.15 -0.2284795 0 -0.2855994 0.15 -0.2855993 0.15 0.3427192 0 0.3427192 0 0.2855993 0.15 0.3427192 0 0.2855993 0.15 0.2855993 0.15 0.2855993 0 0.2855993 0 0.2284795 0.15 0.2855993 0 0.2284795 0.15 0.2284795 0.15 0.2284795 0 0.2284795 0 0.1713595 0.15 0.2284795 0 0.1713595 0.15 0.1713595 0.15 0.1713595 0 0.1713595 0 0.1142397 0.15 0.1713595 0 0.1142397 0.15 0.1142397 0.15 0.1142397 0 0.1142397 0 0.05711972 0.15 0.1142397 0 0.05711972 0.15 0.05711972 0.15 0.05711972 0 0.05711972 0 0 4.25 0.2570394 4.4 0.2570394 4.25 0.3141593 4.25 0.3141593 4.4 0.2570394 4.4 0.3141593 4.25 -0.3141593 4.4 -0.3141593 4.25 -0.2570394 4.25 -0.2570394 4.4 -0.3141593 4.4 -0.2570394 4.25 -0.2570394 4.4 -0.2570394 4.25 -0.1999195 4.25 -0.1999195 4.4 -0.2570394 4.4 -0.1999195 4.25 -0.1999195 4.4 -0.1999195 4.25 -0.1427996 4.25 -0.1427996 4.4 -0.1999195 4.4 -0.1427996 4.25 -0.1427996 4.4 -0.1427996 4.25 -0.08567976 4.25 -0.08567976 4.4 -0.1427996 4.4 -0.08567976 4.25 -0.08567976 4.4 -0.08567976 4.25 -0.02855992 4.25 -0.02855992 4.4 -0.08567976 4.4 -0.02855992 4.25 -0.02855992 4.4 -0.02855992 4.25 0.02855992 4.25 0.02855992 4.4 -0.02855992 4.4 0.02855992 4.25 0.02855992 4.4 0.02855992 4.25 0.08567976 4.25 0.08567976 4.4 0.02855992 4.4 0.08567976 4.25 0.08567976 4.4 0.08567976 4.25 0.1427996 4.25 0.1427996 4.4 0.08567976 4.4 0.1427996 4.25 0.1427996 4.4 0.1427996 4.25 0.1999195 4.25 0.1999195 4.4 0.1427996 4.4 0.1999195 4.25 0.1999195 4.4 0.1999195 4.25 0.2570394 4.25 0.2570394 4.4 0.1999195 4.4 0.2570394 0.15 0.05711972 0 0 0.15 0 0.15 0 0 0 0 -0.05711972 0.15 0 0 -0.05711972 0.15 -0.05711972 0.15 -0.05711972 0 -0.05711972 0 -0.1142397 0.15 -0.05711972 0 -0.1142397 0.15 -0.1142397 0.15 -0.1142397 0 -0.1142397 0 -0.1713595 0.15 -0.1142397 0 -0.1713595 0.15 -0.1713595 0.15 -0.1713595 0 -0.1713595 0 -0.2284795 0.15 -0.1713595 0 -0.2284795 0.15 -0.2284795 0.15 -0.2284795 0 -0.2284795 0 -0.2855994 0.15 -0.2284795 0 -0.2855994 0.15 -0.2855993 0.15 0.3427192 0 0.3427192 0 0.2855993 0.15 0.3427192 0 0.2855993 0.15 0.2855993 0.15 0.2855993 0 0.2855993 0 0.2284795 0.15 0.2855993 0 0.2284795 0.15 0.2284795 0.15 0.2284795 0 0.2284795 0 0.1713595 0.15 0.2284795 0 0.1713595 0.15 0.1713595 0.15 0.1713595 0 0.1713595 0 0.1142397 0.15 0.1713595 0 0.1142397 0.15 0.1142397 0.15 0.1142397 0 0.1142397 0 0.05711972 0.15 0.1142397 0 0.05711972 0.15 0.05711972 0.15 0.05711972 0 0.05711972 0 0 4.25 0.2570394 4.4 0.2570394 4.25 0.3141593 4.25 0.3141593 4.4 0.2570394 4.4 0.3141593 4.25 -0.3141593 4.4 -0.3141593 4.25 -0.2570394 4.25 -0.2570394 4.4 -0.3141593 4.4 -0.2570394 4.25 -0.2570394 4.4 -0.2570394 4.25 -0.1999195 4.25 -0.1999195 4.4 -0.2570394 4.4 -0.1999195 4.25 -0.1999195 4.4 -0.1999195 4.25 -0.1427996 4.25 -0.1427996 4.4 -0.1999195 4.4 -0.1427996 4.25 -0.1427996 4.4 -0.1427996 4.25 -0.08567976 4.25 -0.08567976 4.4 -0.1427996 4.4 -0.08567976 4.25 -0.08567976 4.4 -0.08567976 4.25 -0.02855992 4.25 -0.02855992 4.4 -0.08567976 4.4 -0.02855992 4.25 -0.02855992 4.4 -0.02855992 4.25 0.02855992 4.25 0.02855992 4.4 -0.02855992 4.4 0.02855992 4.25 0.02855992 4.4 0.02855992 4.25 0.08567976 4.25 0.08567976 4.4 0.02855992 4.4 0.08567976 4.25 0.08567976 4.4 0.08567976 4.25 0.1427996 4.25 0.1427996 4.4 0.08567976 4.4 0.1427996 4.25 0.1427996 4.4 0.1427996 4.25 0.1999195 4.25 0.1999195 4.4 0.1427996 4.4 0.1999195 4.25 0.1999195 4.4 0.1999195 4.25 0.2570394 4.25 0.2570394 4.4 0.1999195 4.4 0.2570394 0.15 0.05711972 0 0 0.15 0 0.15 0 0 0 0 -0.05711972 0.15 0 0 -0.05711972 0.15 -0.05711972 0.15 -0.05711972 0 -0.05711972 0 -0.1142397 0.15 -0.05711972 0 -0.1142397 0.15 -0.1142397 0.15 -0.1142397 0 -0.1142397 0 -0.1713595 0.15 -0.1142397 0 -0.1713595 0.15 -0.1713595 0.15 -0.1713595 0 -0.1713595 0 -0.2284795 0.15 -0.1713595 0 -0.2284795 0.15 -0.2284795 0.15 -0.2284795 0 -0.2284795 0 -0.2855994 0.15 -0.2284795 0 -0.2855994 0.15 -0.2855993 0.15 0.3427192 0 0.3427192 0 0.2855993 0.15 0.3427192 0 0.2855993 0.15 0.2855993 0.15 0.2855993 0 0.2855993 0 0.2284795 0.15 0.2855993 0 0.2284795 0.15 0.2284795 0.15 0.2284795 0 0.2284795 0 0.1713595 0.15 0.2284795 0 0.1713595 0.15 0.1713595 0.15 0.1713595 0 0.1713595 0 0.1142397 0.15 0.1713595 0 0.1142397 0.15 0.1142397 0.15 0.1142397 0 0.1142397 0 0.05711972 0.15 0.1142397 0 0.05711972 0.15 0.05711972 0.15 0.05711972 0 0.05711972 0 0 4.25 0.2570394 4.4 0.2570394 4.25 0.3141593 4.25 0.3141593 4.4 0.2570394 4.4 0.3141593 4.25 -0.3141593 4.4 -0.3141593 4.25 -0.2570394 4.25 -0.2570394 4.4 -0.3141593 4.4 -0.2570394 4.25 -0.2570394 4.4 -0.2570394 4.25 -0.1999195 4.25 -0.1999195 4.4 -0.2570394 4.4 -0.1999195 4.25 -0.1999195 4.4 -0.1999195 4.25 -0.1427996 4.25 -0.1427996 4.4 -0.1999195 4.4 -0.1427996 4.25 -0.1427996 4.4 -0.1427996 4.25 -0.08567976 4.25 -0.08567976 4.4 -0.1427996 4.4 -0.08567976 4.25 -0.08567976 4.4 -0.08567976 4.25 -0.02855992 4.25 -0.02855992 4.4 -0.08567976 4.4 -0.02855992 4.25 -0.02855992 4.4 -0.02855992 4.25 0.02855992 4.25 0.02855992 4.4 -0.02855992 4.4 0.02855992 4.25 0.02855992 4.4 0.02855992 4.25 0.08567976 4.25 0.08567976 4.4 0.02855992 4.4 0.08567976 4.25 0.08567976 4.4 0.08567976 4.25 0.1427996 4.25 0.1427996 4.4 0.08567976 4.4 0.1427996 4.25 0.1427996 4.4 0.1427996 4.25 0.1999195 4.25 0.1999195 4.4 0.1427996 4.4 0.1999195 4.25 0.1999195 4.4 0.1999195 4.25 0.2570394 4.25 0.2570394 4.4 0.1999195 4.4 0.2570394 0.15 0.05711972 0 0 0.15 0 0.15 0 0 0 0 -0.05711972 0.15 0 0 -0.05711972 0.15 -0.05711972 0.15 -0.05711972 0 -0.05711972 0 -0.1142397 0.15 -0.05711972 0 -0.1142397 0.15 -0.1142397 0.15 -0.1142397 0 -0.1142397 0 -0.1713595 0.15 -0.1142397 0 -0.1713595 0.15 -0.1713595 0.15 -0.1713595 0 -0.1713595 0 -0.2284795 0.15 -0.1713595 0 -0.2284795 0.15 -0.2284795 0.15 -0.2284795 0 -0.2284795 0 -0.2855994 0.15 -0.2284795 0 -0.2855994 0.15 -0.2855993 0.15 0.3427192 0 0.3427192 0 0.2855993 0.15 0.3427192 0 0.2855993 0.15 0.2855993 0.15 0.2855993 0 0.2855993 0 0.2284795 0.15 0.2855993 0 0.2284795 0.15 0.2284795 0.15 0.2284795 0 0.2284795 0 0.1713595 0.15 0.2284795 0 0.1713595 0.15 0.1713595 0.15 0.1713595 0 0.1713595 0 0.1142397 0.15 0.1713595 0 0.1142397 0.15 0.1142397 0.15 0.1142397 0 0.1142397 0 0.05711972 0.15 0.1142397 0 0.05711972 0.15 0.05711972 0.15 0.05711972 0 0.05711972 0 0 4.25 0.2570394 4.4 0.2570394 4.25 0.3141593 4.25 0.3141593 4.4 0.2570394 4.4 0.3141593 4.25 -0.3141593 4.4 -0.3141593 4.25 -0.2570394 4.25 -0.2570394 4.4 -0.3141593 4.4 -0.2570394 4.25 -0.2570394 4.4 -0.2570394 4.25 -0.1999195 4.25 -0.1999195 4.4 -0.2570394 4.4 -0.1999195 4.25 -0.1999195 4.4 -0.1999195 4.25 -0.1427996 4.25 -0.1427996 4.4 -0.1999195 4.4 -0.1427996 4.25 -0.1427996 4.4 -0.1427996 4.25 -0.08567976 4.25 -0.08567976 4.4 -0.1427996 4.4 -0.08567976 4.25 -0.08567976 4.4 -0.08567976 4.25 -0.02855992 4.25 -0.02855992 4.4 -0.08567976 4.4 -0.02855992 4.25 -0.02855992 4.4 -0.02855992 4.25 0.02855992 4.25 0.02855992 4.4 -0.02855992 4.4 0.02855992 4.25 0.02855992 4.4 0.02855992 4.25 0.08567976 4.25 0.08567976 4.4 0.02855992 4.4 0.08567976 4.25 0.08567976 4.4 0.08567976 4.25 0.1427996 4.25 0.1427996 4.4 0.08567976 4.4 0.1427996 4.25 0.1427996 4.4 0.1427996 4.25 0.1999195 4.25 0.1999195 4.4 0.1427996 4.4 0.1999195 4.25 0.1999195 4.4 0.1999195 4.25 0.2570394 4.25 0.2570394 4.4 0.1999195 4.4 0.2570394</float_array>
          <technique_common>
            <accessor source="#Untitled_000-mesh-map-0-array" count="16620" stride="2">
              <param name="S" type="float"/>
              <param name="T" type="float"/>
            </accessor>
          </technique_common>
        </source>
        <vertices id="Untitled_000-mesh-vertices">
          <input semantic="POSITION" source="#Untitled_000-mesh-positions"/>
        </vertices>
        <polylist count="5540">
          <input semantic="VERTEX" source="#Untitled_000-mesh-vertices" offset="0"/>
          <input semantic="NORMAL" source="#Untitled_000-mesh-normals" offset="1"/>
          <input semantic="TEXCOORD" source="#Untitled_000-mesh-map-0" offset="2" set="0"/>
          <vcount>3 3 3 3 3 3 3 3 3 3 3 3 3 3 3 3 3 3 3 3 3 3 3 3 3 3 3 3 3 3 3 3 3 3 3 3 3 3 3 3 3 3 3 3 3 3 3 3 3 3 3 3 3 3 3 3 3 3 3 3 3 3 3 3 3 3 3 3 3 3 3 3 3 3 3 3 3 3 3 3 3 3 3 3 3 3 3 3 3 3 3 3 3 3 3 3 3 3 3 3 3 3 3 3 3 3 3 3 3 3 3 3 3 3 3 3 3 3 3 3 3 3 3 3 3 3 3 3 3 3 3 3 3 3 3 3 3 3 3 3 3 3 3 3 3 3 3 3 3 3 3 3 3 3 3 3 3 3 3 3 3 3 3 3 3 3 3 3 3 3 3 3 3 3 3 3 3 3 3 3 3 3 3 3 3 3 3 3 3 3 3 3 3 3 3 3 3 3 3 3 3 3 3 3 3 3 3 3 3 3 3 3 3 3 3 3 3 3 3 3 3 3 3 3 3 3 3 3 3 3 3 3 3 3 3 3 3 3 3 3 3 3 3 3 3 3 3 3 3 3 3 3 3 3 3 3 3 3 3 3 3 3 3 3 3 3 3 3 3 3 3 3 3 3 3 3 3 3 3 3 3 3 3 3 3 3 3 3 3 3 3 3 3 3 3 3 3 3 3 3 3 3 3 3 3 3 3 3 3 3 3 3 3 3 3 3 3 3 3 3 3 3 3 3 3 3 3 3 3 3 3 3 3 3 3 3 3 3 3 3 3 3 3 3 3 3 3 3 3 3 3 3 3 3 3 3 3 3 3 3 3 3 3 3 3 3 3 3 3 3 3 3 3 3 3 3 3 3 3 3 3 3 3 3 3 3 3 3 3 3 3 3 3 3 3 3 3 3 3 3 3 3 3 3 3 3 3 3 3 3 3 3 3 3 3 3 3 3 3 3 3 3 3 3 3 3 3 3 3 3 3 3 3 3 3 3 3 3 3 3 3 3 3 3 3 3 3 3 3 3 3 3 3 3 3 3 3 3 3 3 3 3 3 3 3 3 3 3 3 3 3 3 3 3 3 3 3 3 3 3 3 3 3 3 3 3 3 3 3 3 3 3 3 3 3 3 3 3 3 3 3 3 3 3 3 3 3 3 3 3 3 3 3 3 3 3 3 3 3 3 3 3 3 3 3 3 3 3 3 3 3 3 3 3 3 3 3 3 3 3 3 3 3 3 3 3 3 3 3 3 3 3 3 3 3 3 3 3 3 3 3 3 3 3 3 3 3 3 3 3 3 3 3 3 3 3 3 3 3 3 3 3 3 3 3 3 3 3 3 3 3 3 3 3 3 3 3 3 3 3 3 3 3 3 3 3 3 3 3 3 3 3 3 3 3 3 3 3 3 3 3 3 3 3 3 3 3 3 3 3 3 3 3 3 3 3 3 3 3 3 3 3 3 3 3 3 3 3 3 3 3 3 3 3 3 3 3 3 3 3 3 3 3 3 3 3 3 3 3 3 3 3 3 3 3 3 3 3 3 3 3 3 3 3 3 3 3 3 3 3 3 3 3 3 3 3 3 3 3 3 3 3 3 3 3 3 3 3 3 3 3 3 3 3 3 3 3 3 3 3 3 3 3 3 3 3 3 3 3 3 3 3 3 3 3 3 3 3 3 3 3 3 3 3 3 3 3 3 3 3 3 3 3 3 3 3 3 3 3 3 3 3 3 3 3 3 3 3 3 3 3 3 3 3 3 3 3 3 3 3 3 3 3 3 3 3 3 3 3 3 3 3 3 3 3 3 3 3 3 3 3 3 3 3 3 3 3 3 3 3 3 3 3 3 3 3 3 3 3 3 3 3 3 3 3 3 3 3 3 3 3 3 3 3 3 3 3 3 3 3 3 3 3 3 3 3 3 3 3 3 3 3 3 3 3 3 3 3 3 3 3 3 3 3 3 3 3 3 3 3 3 3 3 3 3 3 3 3 3 3 3 3 3 3 3 3 3 3 3 3 3 3 3 3 3 3 3 3 3 3 3 3 3 3 3 3 3 3 3 3 3 3 3 3 3 3 3 3 3 3 3 3 3 3 3 3 3 3 3 3 3 3 3 3 3 3 3 3 3 3 3 3 3 3 3 3 3 3 3 3 3 3 3 3 3 3 3 3 3 3 3 3 3 3 3 3 3 3 3 3 3 3 3 3 3 3 3 3 3 3 3 3 3 3 3 3 3 3 3 3 3 3 3 3 3 3 3 3 3 3 3 3 3 3 3 3 3 3 3 3 3 3 3 3 3 3 3 3 3 3 3 3 3 3 3 3 3 3 3 3 3 3 3 3 3 3 3 3 3 3 3 3 3 3 3 3 3 3 3 3 3 3 3 3 3 3 3 3 3 3 3 3 3 3 3 3 3 3 3 3 3 3 3 3 3 3 3 3 3 3 3 3 3 3 3 3 3 3 3 3 3 3 3 3 3 3 3 3 3 3 3 3 3 3 3 3 3 3 3 3 3 3 3 3 3 3 3 3 3 3 3 3 3 3 3 3 3 3 3 3 3 3 3 3 3 3 3 3 3 3 3 3 3 3 3 3 3 3 3 3 3 3 3 3 3 3 3 3 3 3 3 3 3 3 3 3 3 3 3 3 3 3 3 3 3 3 3 3 3 3 3 3 3 3 3 3 3 3 3 3 3 3 3 3 3 3 3 3 3 3 3 3 3 3 3 3 3 3 3 3 3 3 3 3 3 3 3 3 3 3 3 3 3 3 3 3 3 3 3 3 3 3 3 3 3 3 3 3 3 3 3 3 3 3 3 3 3 3 3 3 3 3 3 3 3 3 3 3 3 3 3 3 3 3 3 3 3 3 3 3 3 3 3 3 3 3 3 3 3 3 3 3 3 3 3 3 3 3 3 3 3 3 3 3 3 3 3 3 3 3 3 3 3 3 3 3 3 3 3 3 3 3 3 3 3 3 3 3 3 3 3 3 3 3 3 3 3 3 3 3 3 3 3 3 3 3 3 3 3 3 3 3 3 3 3 3 3 3 3 3 3 3 3 3 3 3 3 3 3 3 3 3 3 3 3 3 3 3 3 3 3 3 3 3 3 3 3 3 3 3 3 3 3 3 3 3 3 3 3 3 3 3 3 3 3 3 3 3 3 3 3 3 3 3 3 3 3 3 3 3 3 3 3 3 3 3 3 3 3 3 3 3 3 3 3 3 3 3 3 3 3 3 3 3 3 3 3 3 3 3 3 3 3 3 3 3 3 3 3 3 3 3 3 3 3 3 3 3 3 3 3 3 3 3 3 3 3 3 3 3 3 3 3 3 3 3 3 3 3 3 3 3 3 3 3 3 3 3 3 3 3 3 3 3 3 3 3 3 3 3 3 3 3 3 3 3 3 3 3 3 3 3 3 3 3 3 3 3 3 3 3 3 3 3 3 3 3 3 3 3 3 3 3 3 3 3 3 3 3 3 3 3 3 3 3 3 3 3 3 3 3 3 3 3 3 3 3 3 3 3 3 3 3 3 3 3 3 3 3 3 3 3 3 3 3 3 3 3 3 3 3 3 3 3 3 3 3 3 3 3 3 3 3 3 3 3 3 3 3 3 3 3 3 3 3 3 3 3 3 3 3 3 3 3 3 3 3 3 3 3 3 3 3 3 3 3 3 3 3 3 3 3 3 3 3 3 3 3 3 3 3 3 3 3 3 3 3 3 3 3 3 3 3 3 3 3 3 3 3 3 3 3 3 3 3 3 3 3 3 3 3 3 3 3 3 3 3 3 3 3 3 3 3 3 3 3 3 3 3 3 3 3 3 3 3 3 3 3 3 3 3 3 3 3 3 3 3 3 3 3 3 3 3 3 3 3 3 3 3 3 3 3 3 3 3 3 3 3 3 3 3 3 3 3 3 3 3 3 3 3 3 3 3 3 3 3 3 3 3 3 3 3 3 3 3 3 3 3 3 3 3 3 3 3 3 3 3 3 3 3 3 3 3 3 3 3 3 3 3 3 3 3 3 3 3 3 3 3 3 3 3 3 3 3 3 3 3 3 3 3 3 3 3 3 3 3 3 3 3 3 3 3 3 3 3 3 3 3 3 3 3 3 3 3 3 3 3 3 3 3 3 3 3 3 3 3 3 3 3 3 3 3 3 3 3 3 3 3 3 3 3 3 3 3 3 3 3 3 3 3 3 3 3 3 3 3 3 3 3 3 3 3 3 3 3 3 3 3 3 3 3 3 3 3 3 3 3 3 3 3 3 3 3 3 3 3 3 3 3 3 3 3 3 3 3 3 3 3 3 3 3 3 3 3 3 3 3 3 3 3 3 3 3 3 3 3 3 3 3 3 3 3 3 3 3 3 3 3 3 3 3 3 3 3 3 3 3 3 3 3 3 3 3 3 3 3 3 3 3 3 3 3 3 3 3 3 3 3 3 3 3 3 3 3 3 3 3 3 3 3 3 3 3 3 3 3 3 3 3 3 3 3 3 3 3 3 3 3 3 3 3 3 3 3 3 3 3 3 3 3 3 3 3 3 3 3 3 3 3 3 3 3 3 3 3 3 3 3 3 3 3 3 3 3 3 3 3 3 3 3 3 3 3 3 3 3 3 3 3 3 3 3 3 3 3 3 3 3 3 3 3 3 3 3 3 3 3 3 3 3 3 3 3 3 3 3 3 3 3 3 3 3 3 3 3 3 3 3 3 3 3 3 3 3 3 3 3 3 3 3 3 3 3 3 3 3 3 3 3 3 3 3 3 3 3 3 3 3 3 3 3 3 3 3 3 3 3 3 3 3 3 3 3 3 3 3 3 3 3 3 3 3 3 3 3 3 3 3 3 3 3 3 3 3 3 3 3 3 3 3 3 3 3 3 3 3 3 3 3 3 3 3 3 3 3 3 3 3 3 3 3 3 3 3 3 3 3 3 3 3 3 3 3 3 3 3 3 3 3 3 3 3 3 3 3 3 3 3 3 3 3 3 3 3 3 3 3 3 3 3 3 3 3 3 3 3 3 3 3 3 3 3 3 3 3 3 3 3 3 3 3 3 3 3 3 3 3 3 3 3 3 3 3 3 3 3 3 3 3 3 3 3 3 3 3 3 3 3 3 3 3 3 3 3 3 3 3 3 3 3 3 3 3 3 3 3 3 3 3 3 3 3 3 3 3 3 3 3 3 3 3 3 3 3 3 3 3 3 3 3 3 3 3 3 3 3 3 3 3 3 3 3 3 3 3 3 3 3 3 3 3 3 3 3 3 3 3 3 3 3 3 3 3 3 3 3 3 3 3 3 3 3 3 3 3 3 3 3 3 3 3 3 3 3 3 3 3 3 3 3 3 3 3 3 3 3 3 3 3 3 3 3 3 3 3 3 3 3 3 3 3 3 3 3 3 3 3 3 3 3 3 3 3 3 3 3 3 3 3 3 3 3 3 3 3 3 3 3 3 3 3 3 3 3 3 3 3 3 3 3 3 3 3 3 3 3 3 3 3 3 3 3 3 3 3 3 3 3 3 3 3 3 3 3 3 3 3 3 3 3 3 3 3 3 3 3 3 3 3 3 3 3 3 3 3 3 3 3 3 3 3 3 3 3 3 3 3 3 3 3 3 3 3 3 3 3 3 3 3 3 3 3 3 3 3 3 3 3 3 3 3 3 3 3 3 3 3 3 3 3 3 3 3 3 3 3 3 3 3 3 3 3 3 3 3 3 3 3 3 3 3 3 3 3 3 3 3 3 3 3 3 3 3 3 3 3 3 3 3 3 3 3 3 3 3 3 3 3 3 3 3 3 3 3 3 3 3 3 3 3 3 3 3 3 3 3 3 3 3 3 3 3 3 3 3 3 3 3 3 3 3 3 3 3 3 3 3 3 3 3 3 3 3 3 3 3 3 3 3 3 3 3 3 3 3 3 3 3 3 3 3 3 3 3 3 3 3 3 3 3 3 3 3 3 3 3 3 3 3 3 3 3 3 3 3 3 3 3 3 3 3 3 3 3 3 3 3 3 3 3 3 3 3 3 3 3 3 3 3 3 3 3 3 3 3 3 3 3 3 3 3 3 3 3 3 3 3 3 3 3 3 3 3 3 3 3 3 3 3 3 3 3 3 3 3 3 3 3 3 3 3 3 3 3 3 3 3 3 3 3 3 3 3 3 3 3 3 3 3 3 3 3 3 3 3 3 3 3 3 3 3 3 3 3 3 3 3 3 3 3 3 3 3 3 3 3 3 3 3 3 3 3 3 3 3 3 3 3 3 3 3 3 3 3 3 3 3 3 3 3 3 3 3 3 3 3 3 3 3 3 3 3 3 3 3 3 3 3 3 3 3 3 3 3 3 3 3 3 3 3 3 3 3 3 3 3 3 3 3 3 3 3 3 3 3 3 3 3 3 3 3 3 3 3 3 3 3 3 3 3 3 3 3 3 3 3 3 3 3 3 3 3 3 3 3 3 3 3 3 3 3 3 3 3 3 3 3 3 3 3 3 3 3 3 3 3 3 3 3 3 3 3 3 3 3 3 3 3 3 3 3 3 3 3 3 3 3 3 3 3 3 3 3 3 3 3 3 3 3 3 3 3 3 3 3 3 3 3 3 3 3 3 3 3 3 3 3 3 3 3 3 3 3 3 3 3 3 3 3 3 3 3 3 3 3 3 3 3 3 3 3 3 3 3 3 3 3 3 3 3 3 3 3 3 3 3 3 3 3 3 3 3 3 3 3 3 3 3 3 3 3 3 3 3 3 3 3 3 3 3 3 3 3 3 3 3 3 3 3 3 3 3 3 3 3 3 3 3 3 3 3 3 3 3 3 3 3 3 3 3 3 3 3 3 3 3 3 3 3 3 3 3 3 3 3 3 3 3 3 3 3 3 3 3 3 3 3 3 3 3 3 3 3 3 3 3 3 3 3 3 3 3 3 3 3 3 3 3 3 3 3 3 3 3 3 3 3 3 3 3 3 3 3 3 3 3 3 3 3 3 3 3 3 3 3 3 3 3 3 3 3 3 3 3 3 3 3 3 3 3 3 3 3 3 3 3 3 3 3 3 3 3 3 3 3 3 3 3 3 3 3 3 3 3 3 3 3 3 3 3 3 3 3 3 3 3 3 3 3 3 3 3 3 3 3 3 3 3 3 3 3 3 3 3 3 3 3 3 3 3 3 3 3 3 3 3 3 3 3 3 3 3 3 3 3 3 3 3 3 3 3 3 3 3 3 3 3 3 3 3 3 3 3 3 3 3 3 3 3 3 3 3 3 3 3 3 3 3 3 3 3 3 3 3 3 3 3 3 3 3 3 3 3 3 3 3 3 3 3 3 3 3 3 3 3 3 3 3 3 3 3 3 3 3 3 3 3 3 3 3 3 3 3 3 3 3 3 3 3 3 3 3 3 3 3 3 3 3 3 3 3 3 3 3 3 3 3 3 3 3 3 3 3 3 3 3 3 3 3 3 3 3 3 3 3 3 3 3 3 3 3 3 3 3 3 3 3 3 3 3 3 3 3 3 3 3 3 3 3 3 3 3 3 3 3 3 3 3 3 3 3 3 3 3 3 3 3 3 3 3 3 3 3 3 3 3 3 3 3 3 3 3 3 3 3 3 3 3 3 3 3 3 3 3 3 3 3 3 3 3 3 3 3 3 3 3 3 3 3 3 3 3 3 3 3 3 3 3 3 3 3 3 3 3 3 3 3 3 3 3 3 3 3 3 3 3 3 3 3 3 3 3 3 3 3 3 3 3 3 3 3 3 3 3 3 3 3 3 3 3 3 3 3 3 3 3 3 3 3 3 3 3 3 3 3 3 3 3 3 3 3 3 3 3 3 3 3 3 3 3 3 3 3 3 3 3 3 3 3 3 3 3 3 3 3 3 3 3 3 3 3 3 3 3 3 3 3 3 3 3 3 3 3 3 3 3 3 3 3 3 3 3 3 3 3 3 3 3 3 3 3 3 3 3 3 3 3 3 3 3 3 3 3 3 3 3 3 3 3 3 3 3 3 3 3 3 3 3 3 3 3 3 3 3 3 3 3 3 3 3 3 3 3 3 3 3 3 3 3 3 3 3 3 3 3 3 3 3 3 3 3 3 3 3 3 3 3 3 3 3 3 3 3 3 3 3 3 3 3 3 3 3 3 3 3 3 3 3 3 3 3 3 3 3 3 3 3 3 3 3 3 3 3 3 3 3 3 3 3 3 3 3 3 3 3 3 3 3 3 3 3 3 3 3 3 3 3 3 3 3 3 3 3 3 3 3 3 3 3 3 3 3 3 3 3 3 3 3 3 3 3 3 3 3 3 3 3 3 3 3 3 3 3 3 3 3 3 3 3 3 3 3 3 3 3 3 3 3 3 3 3 3 3 3 3 3 3 3 3 3 3 3 3 3 3 3 3 3 3 3 3 3 3 3 3 3 3 3 3 3 3 3 3 3 3 3 3 3 3 3 3 3 3 3 3 3 3 3 3 3 3 3 3 3 3 3 3 3 3 3 3 3 3 3 3 3 3 3 3 3 3 3 3 3 3 3 3 3 3 3 3 3 3 3 3 3 3 3 3 3 3 3 3 3 3 3 3 3 3 3 3 3 3 3 3 3 3 3 3 3 3 3 3 3 3 3 3 3 3 3 3 3 3 3 3 3 3 3 3 3 3 3 3 3 3 3 3 3 3 3 3 3 3 3 3 3 3 3 3 3 3 3 3 3 3 3 3 3 3 3 3 3 3 3 3 3 3 3 3 3 3 3 3 3 3 3 3 3 3 3 3 3 3 3 3 3 3 3 3 3 3 3 3 3 3 3 3 3 3 3 3 3 3 3 3 3 3 3 3 3 3 3 3 3 3 3 3 3 3 3 3 3 3 3 3 3 3 3 3 3 3 3 3 3 3 3 3 3 3 3 3 3 3 3 3 3 3 3 3 3 3 3 3 3 3 3 3 3 3 3 3 3 3 3 3 3 3 3 3 3 3 3 3 3 3 3 3 3 3 3 3 3 3 3 3 3 3 3 3 3 3 3 3 3 3 3 3 3 3 3 3 3 3 3 3 3 3 3 3 3 3 3 3 3 3 3 3 3 3 3 3 3 3 3 3 3 3 3 3 3 3 3 3 3 3 3 3 3 3 3 3 3 3 3 3 3 3 3 3 3 3 3 3 3 3 3 3 3 3 3 3 3 3 3 3 3 3 3 3 3 3 3 3 3 3 3 3 3 3 3 3 3 3 3 3 3 3 3 3 3 3 3 3 3 3 3 3 3 3 3 3 3 3 3 3 3 3 3 3 3 3 3 3 3 3 3 3 3 3 3 3 3 3 3 3 3 3 3 3 3 3 3 3 3 3 3 3 3 3 3 3 3 3 3 3 3 3 3 3 3 3 3 3 3 3 3 3 3 3 3 3 3 3 3 3 3 3 3 3 3 3 3 3 3 3 3 3 3 3 3 3 3 3 3 3 3 3 3 3 3 3 3 3 3 3 3 3 3 3 3 3 3 3 3 3 3 3 3 3 3 3 3 3 3 3 3 3 3 3 3 3 3 3 3 3 3 3 3 3 3 3 3 3 3 3 3 3 3 3 3 3 3 3 3 3 3 3 3 3 3 3 3 3 3 3 3 3 3 3 3 3 3 3 3 3 3 3 3 3 3 3 3 3 3 3 3 3 3 3 3 3 3 3 3 3 3 3 3 3 3 3 3 3 3 3 3 3 3 3 3 3 3 3 3 3 3 3 3 3 3 3 3 3 3 3 3 3 3 3 3 3 3 3 3 3 3 3 3 3 3 3 3 3 3 3 3 3 3 3 3 3 3 3 3 3 3 3 3 3 3 3 3 3 3 3 3 3 3 3 3 3 3 3 3 3 3 3 3 3 3 3 3 3 3 3 3 3 3 3 3 3 3 3 3 3 3 3 3 3 3 3 3 3 3 3 3 3 3 3 3 3 3 3 3 3 3 3 3 3 3 3 3 3 3 3 3 3 3 3 3 3 3 3 3 3 3 3 3 3 3 3 3 3 3 3 3 3 3 3 3 3 3 3 3 3 3 3 3 3 3 3 3 3 3 3 3 3 3 3 3 3 3 3 3 3 3 3 3 3 3 3 3 3 3 3 3 3 3 3 3 3 3 3 3 3 3 3 3 3 3 3 3 3 3 3 3 3 3 3 3 3 3 3 3 3 3 3 3 3 3 3 3 3 3 3 3 3 3 3 3 3 3 3 3 3 3 3 3 3 3 3 3 3 3 3 3 3 3 3 3 3 3 3 3 3 3 3 3 3 3 3 3 3 3 3 3 3 3 3 3 3 3 3 3 3 3 3 3 3 3 3 3 3 3 3 3 3 3 3 3 3 3 3 3 3 3 3 3 3 3 3 3 3 3 3 3 3 3 3 3 3 3 3 3 3 3 3 3 3 3 3 3 3 3 3 3 3 3 3 3 3 3 3 3 3 3 3 3 3 3 3 3 3 3 3 3 3 3 3 3 3 3 3 3 3 3 3 3 3 3 3 3 3 3 3 3 3 3 3 3 3 3 3 3 3 3 3 3 3 3 3 3 3 3 3 3 3 3 3 3 3 3 3 3 3 3 3 3 3 3 3 3 3 3 3 3 3 3 3 3 3 3 3 3 3 3 3 3 3 3 3 3 3 3 3 3 3 3 3 3 3 3 3 3 3 3 3 3 3 3 3 3 3 3 3 3 3 3 3 3 3 3 3 3 3 3 3 3 3 3 3 3 3 3 3 3 3 3 3 3 3 3 3 3 3 3 3 3 3 3 3 3 3 3 3 3 3 3 3 3 3 3 3 3 3 3 3 3 3 3 3 3 3 3 3 3 3 3 3 3 3 3 3 3 3 3 3 3 3 3 3 3 3 3 3 3 3 3 3 3 3 3 3 3 3 3 3 3 3 3 3 3 3 3 3 3 3 3 3 3 3 3 3 3 3 3 3 3 3 3 3 3 3 3 3 3 3 3 3 3 3 3 3 3 3 3 3 3 3 3 3 3 3 3 3 3 3 3 3 3 3 3 3 3 3 3 3 3 3 3 3 3 3 3 3 3 3 3 3 3 3 3 3 3 3 3 3 3 3 3 3 3 3 3 3 3 3 3 3 3 3 3 3 3 3 3 3 3 3 3 3 3 3 3 3 3 3 3 3 3 3 3 3 3 3 3 3 3 3 3 3 3 3 3 3 3 3 3 3 3 3 3 3 3 3 3 3 3 3 3 3 3 3 3 3 3 3 3 3 3 3 3 3 3 3 3 3 3 3 3 3 3 3 3 3 3 3 3 3 3 3 3 3 3 3 3 3 3 3 3 3 3 3 3 3 3 3 3 3 3 3 3 3 3 3 3 3 3 3 3 3 3 3 3 3 3 3 3 3 3 3 3 3 3 3 3 3 3 3 3 3 3 3 3 3 3 3 3 3 3 3 3 3 3 3 3 3 3 3 3 3 3 3 3 3 3 3 3 3 3 3 3 3 3 3 3 3 3 3 3 3 3 3 3 3 3 3 3 3 3 3 3 3 3 3 3 3 3 3 3 3 3 3 3 3 3 3 3 3 3 3 3 3 3 3 3 3 3 3 3 3 3 3 3 3 3 3 3 3 3 3 3 3 3 3 3 3 3 3 3 3 3 3 3 3 3 3 3 3 3 3 3 3 3 3 3 3 3 3 3 3 3 3 3 3 3 3 3 3 3 3 3 3 3 3 3 3 3 3 3 3 3 3 3 3 3 3 3 3 3 3 3 3 3 3 3 3 3 3 3 3 3 3 3 3 3 3 3 3 3 3 3 3 3 3 3 3 3 3 3 3 3 3 3 3 3 3 3 3 3 3 3 3 3 3 3 3 3 3 3 3 3 3 3 3 3 3 3 3 3 3 3 3 3 3 3 3 3 3 3 3 3 3 3 3 3 3 3 3 3 3 3 3 3 3 3 3 3 3 3 3 3 3 3 3 3 3 3 3 3 3 3 3 3 3 3 3 3 3 3 3 3 3 3 3 3 3 3 3 3 3 3 3 3 3 3 3 3 3 3 3 3 3 3 3 3 3 3 3 3 3 3 3 3 3 3 3 3 3 3 3 3 3 3 3 3 3 3 3 3 3 3 3 3 3 3 3 3 3 3 3 3 3 3 3 3 3 3 3 3 3 3 3 3 3 3 3 3 3 3 3 3 3 3 3 3 3 3 3 3 3 3 3 3 3 3 3 3 3 3 3 3 3 3 3 3 3 3 3 3 3 3 3 3 3 3 3 3 3 3 3 3 3 3 3 3 3 3 3 3 3 3 3 3 3 3 3 3 3 3 3 3 3 3 3 3 3 3 3 3 3 3 3 3 3 3 3 3 3 3 3 3 3 3 3 3 3 3 3 3 3 3 3 3 3 3 3 3 3 3 3 3 3 3 3 3 3 3 3 3 3 3 3 3 3 3 3 3 3 3 3 3 3 3 3 3 3 3 3 3 3 3 3 3 3 3 3 3 3 3 </vcount>
          <p>12 0 0 0 0 1 22 0 2 22 0 3 0 0 4 1 0 5 22 1 6 1 1 7 21 1 8 21 2 9 1 2 10 20 2 11 20 0 12 1 0 13 2 0 14 20 3 15 2 3 16 19 3 17 19 4 18 2 4 19 3 4 20 19 0 21 3 0 22 4 0 23 19 0 24 4 0 25 18 0 26 18 0 27 4 0 28 5 0 29 18 5 30 5 5 31 17 5 32 17 0 33 5 0 34 6 0 35 17 6 36 6 6 37 16 6 38 16 0 39 6 0 40 7 0 41 16 0 42 7 0 43 15 0 44 15 0 45 7 0 46 8 0 47 15 7 48 8 7 49 14 7 50 14 8 51 8 8 52 9 8 53 14 9 54 9 9 55 13 9 56 13 0 57 9 0 58 10 0 59 13 10 60 10 10 61 11 10 62 13 0 63 11 0 64 24 0 65 24 0 66 11 0 67 12 0 68 24 11 69 12 11 70 23 11 71 23 0 72 12 0 73 22 0 74 37 0 75 25 0 76 47 0 77 47 0 78 25 0 79 26 0 80 47 12 81 26 12 82 46 12 83 46 0 84 26 0 85 27 0 86 46 13 87 27 13 88 45 13 89 45 0 90 27 0 91 28 0 92 45 14 93 28 14 94 44 14 95 44 0 96 28 0 97 29 0 98 44 15 99 29 15 100 43 15 101 43 0 102 29 0 103 30 0 104 43 0 105 30 0 106 42 0 107 42 0 108 30 0 109 31 0 110 42 16 111 31 16 112 41 16 113 41 0 114 31 0 115 32 0 116 41 0 117 32 0 118 40 0 119 40 0 120 32 0 121 33 0 122 40 0 123 33 0 124 39 0 125 39 0 126 33 0 127 34 0 128 39 0 129 34 0 130 38 0 131 38 0 132 34 0 133 35 0 134 38 0 135 35 0 136 49 0 137 49 0 138 35 0 139 36 0 140 49 17 141 36 17 142 48 17 143 48 0 144 36 0 145 37 0 146 48 18 147 37 18 148 47 18 149 62 0 150 50 0 151 72 0 152 72 0 153 50 0 154 51 0 155 72 19 156 51 19 157 71 19 158 71 20 159 51 20 160 52 20 161 71 21 162 52 21 163 70 21 164 70 22 165 52 22 166 53 22 167 70 23 168 53 23 169 69 23 170 69 0 171 53 0 172 54 0 173 69 0 174 54 0 175 68 0 176 68 0 177 54 0 178 55 0 179 68 24 180 55 24 181 67 24 182 67 0 183 55 0 184 56 0 185 67 25 186 56 25 187 66 25 188 66 0 189 56 0 190 57 0 191 66 0 192 57 0 193 65 0 194 65 0 195 57 0 196 58 0 197 65 26 198 58 26 199 64 26 200 64 27 201 58 27 202 59 27 203 64 28 204 59 28 205 63 28 206 63 0 207 59 0 208 60 0 209 63 0 210 60 0 211 74 0 212 74 29 213 60 29 214 61 29 215 74 0 216 61 0 217 73 0 218 73 0 219 61 0 220 62 0 221 73 0 222 62 0 223 72 0 224 87 0 225 75 0 226 97 0 227 97 0 228 75 0 229 76 0 230 97 30 231 76 30 232 96 30 233 96 0 234 76 0 235 77 0 236 96 31 237 77 31 238 95 31 239 95 0 240 77 0 241 78 0 242 95 32 243 78 32 244 94 32 245 94 0 246 78 0 247 79 0 248 94 33 249 79 33 250 93 33 251 93 0 252 79 0 253 80 0 254 93 0 255 80 0 256 92 0 257 92 0 258 80 0 259 81 0 260 92 34 261 81 34 262 91 34 263 91 0 264 81 0 265 82 0 266 91 0 267 82 0 268 90 0 269 90 0 270 82 0 271 83 0 272 90 0 273 83 0 274 89 0 275 89 0 276 83 0 277 84 0 278 89 0 279 84 0 280 88 0 281 88 0 282 84 0 283 85 0 284 88 0 285 85 0 286 99 0 287 99 0 288 85 0 289 86 0 290 99 35 291 86 35 292 98 35 293 98 0 294 86 0 295 87 0 296 98 36 297 87 36 298 97 36 299 101 0 300 102 0 301 100 0 302 100 37 303 102 37 304 103 37 305 100 38 306 103 38 307 104 38 308 105 39 309 149 39 310 104 39 311 104 40 312 149 40 313 150 40 314 104 41 315 150 41 316 100 41 317 100 42 318 150 42 319 151 42 320 100 43 321 151 43 322 152 43 323 149 44 324 105 44 325 148 44 326 148 0 327 105 0 328 106 0 329 148 45 330 106 45 331 107 45 332 148 0 333 107 0 334 147 0 335 147 46 336 107 46 337 108 46 338 147 0 339 108 0 340 146 0 341 146 47 342 108 47 343 109 47 344 146 48 345 109 48 346 110 48 347 146 0 348 110 0 349 145 0 350 145 49 351 110 49 352 111 49 353 145 50 354 111 50 355 143 50 356 143 0 357 111 0 358 142 0 359 142 48 360 111 48 361 112 48 362 142 47 363 112 47 364 113 47 365 142 0 366 113 0 367 141 0 368 141 46 369 113 46 370 114 46 371 141 0 372 114 0 373 140 0 374 140 45 375 114 45 376 115 45 377 140 0 378 115 0 379 116 0 380 140 51 381 116 51 382 139 51 383 139 52 384 116 52 385 117 52 386 139 0 387 117 0 388 138 0 389 138 53 390 117 53 391 121 53 392 138 0 393 121 0 394 137 0 395 137 0 396 121 0 397 136 0 398 136 0 399 121 0 400 135 0 401 135 0 402 121 0 403 122 0 404 135 54 405 122 54 406 123 54 407 117 55 408 118 55 409 121 55 410 121 37 411 118 37 412 119 37 413 121 56 414 119 56 415 120 56 416 123 0 417 124 0 418 135 0 419 135 57 420 124 57 421 134 57 422 134 58 423 124 58 424 125 58 425 134 0 426 125 0 427 126 0 428 127 59 429 143 59 430 126 59 431 126 60 432 143 60 433 132 60 434 126 61 435 132 61 436 133 61 437 128 0 438 154 0 439 127 0 440 127 62 441 154 62 442 155 62 443 127 61 444 155 61 445 144 61 446 128 0 447 129 0 448 154 0 449 154 63 450 129 63 451 153 63 452 153 0 453 129 0 454 130 0 455 153 54 456 130 54 457 131 54 458 131 0 459 100 0 460 153 0 461 153 0 462 100 0 463 152 0 464 133 0 465 134 0 466 126 0 467 144 64 468 145 64 469 127 64 470 127 0 471 145 0 472 143 0 473 157 65 474 341 65 475 156 65 476 156 66 477 341 66 478 504 66 479 156 67 480 504 67 481 505 67 482 158 65 483 380 65 484 157 65 485 157 68 486 380 68 487 381 68 488 157 69 489 381 69 490 467 69 491 467 65 492 381 65 493 382 65 494 467 65 495 382 65 496 466 65 497 466 70 498 382 70 499 383 70 500 466 71 501 383 71 502 465 71 503 465 65 504 383 65 505 384 65 506 465 72 507 384 72 508 476 72 509 476 73 510 384 73 511 456 73 512 476 74 513 456 74 514 475 74 515 475 75 516 456 75 517 457 75 518 475 76 519 457 76 520 331 76 521 331 77 522 457 77 523 330 77 524 330 78 525 457 78 526 458 78 527 330 79 528 458 79 529 329 79 530 329 65 531 458 65 532 459 65 533 329 65 534 459 65 535 340 65 536 340 65 537 459 65 538 460 65 539 340 80 540 460 80 541 339 80 542 339 65 543 460 65 544 221 65 545 339 65 546 221 65 547 338 65 548 338 81 549 221 81 550 222 81 551 338 65 552 222 65 553 337 65 554 337 65 555 222 65 556 223 65 557 337 82 558 223 82 559 177 82 560 177 65 561 223 65 562 224 65 563 177 83 564 224 83 565 176 83 566 176 65 567 224 65 568 225 65 569 176 84 570 225 84 571 196 84 572 196 65 573 225 65 574 226 65 575 196 85 576 226 85 577 324 85 578 324 86 579 226 86 580 227 86 581 324 65 582 227 65 583 323 65 584 323 87 585 227 87 586 228 87 587 323 65 588 228 65 589 461 65 590 461 88 591 228 88 592 229 88 593 461 65 594 229 65 595 219 65 596 158 65 597 159 65 598 380 65 599 380 89 600 159 89 601 379 89 602 379 90 603 159 90 604 160 90 605 379 65 606 160 65 607 161 65 608 162 65 609 390 65 610 161 65 611 161 91 612 390 91 613 388 91 614 161 92 615 388 92 616 377 92 617 163 65 618 399 65 619 162 65 620 162 65 621 399 65 622 400 65 623 162 93 624 400 93 625 389 93 626 163 94 627 164 94 628 399 94 629 399 95 630 164 95 631 398 95 632 398 96 633 164 96 634 165 96 635 398 65 636 165 65 637 166 65 638 167 65 639 365 65 640 166 65 641 166 97 642 365 97 643 486 97 644 166 98 645 486 98 646 487 98 647 168 65 648 422 65 649 167 65 650 167 99 651 422 99 652 423 99 653 167 100 654 423 100 655 497 100 656 497 65 657 423 65 658 424 65 659 497 65 660 424 65 661 496 65 662 496 101 663 424 101 664 413 101 665 496 102 666 413 102 667 495 102 668 495 65 669 413 65 670 414 65 671 495 103 672 414 103 673 494 103 674 494 104 675 414 104 676 441 104 677 494 105 678 441 105 679 493 105 680 493 106 681 441 106 682 442 106 683 493 107 684 442 107 685 355 107 686 355 108 687 442 108 688 354 108 689 354 109 690 442 109 691 443 109 692 354 110 693 443 110 694 353 110 695 353 65 696 443 65 697 444 65 698 353 65 699 444 65 700 364 65 701 364 65 702 444 65 703 425 65 704 364 111 705 425 111 706 363 111 707 363 112 708 425 112 709 270 112 710 363 65 711 270 65 712 271 65 713 168 65 714 169 65 715 422 65 716 422 113 717 169 113 718 421 113 719 421 114 720 169 114 721 170 114 722 421 65 723 170 65 724 171 65 725 172 65 726 418 65 727 171 65 728 171 115 729 418 115 730 419 115 731 171 116 732 419 116 733 420 116 734 173 65 735 405 65 736 172 65 737 172 65 738 405 65 739 406 65 740 172 116 741 406 116 742 407 116 743 173 117 744 174 117 745 405 117 746 405 118 747 174 118 748 404 118 749 404 119 750 174 119 751 175 119 752 404 65 753 175 65 754 156 65 755 177 65 756 178 65 757 337 65 758 337 65 759 178 65 760 336 65 761 336 65 762 178 65 763 335 65 764 335 65 765 178 65 766 179 65 767 335 65 768 179 65 769 216 65 770 216 65 771 179 65 772 215 65 773 215 65 774 179 65 775 180 65 776 215 65 777 180 65 778 214 65 779 214 120 780 180 120 781 181 120 782 214 65 783 181 65 784 293 65 785 293 65 786 181 65 787 206 65 788 293 65 789 206 65 790 292 65 791 292 65 792 206 65 793 207 65 794 292 121 795 207 121 796 291 121 797 291 122 798 207 122 799 197 122 800 291 65 801 197 65 802 290 65 803 290 123 804 197 123 805 198 123 806 290 124 807 198 124 808 289 124 809 289 65 810 198 65 811 199 65 812 289 65 813 199 65 814 288 65 815 288 125 816 199 125 817 200 125 818 288 126 819 200 126 820 341 126 821 341 65 822 200 65 823 352 65 824 352 127 825 200 127 826 201 127 827 352 128 828 201 128 829 351 128 830 351 65 831 201 65 832 202 65 833 351 129 834 202 129 835 350 129 836 350 65 837 202 65 838 203 65 839 350 65 840 203 65 841 349 65 842 349 65 843 203 65 844 204 65 845 349 65 846 204 65 847 348 65 848 348 65 849 204 65 850 205 65 851 348 130 852 205 130 853 182 130 854 182 65 855 205 65 856 181 65 857 181 131 858 205 131 859 206 131 860 183 132 861 284 132 862 182 132 863 182 133 864 284 133 865 274 133 866 182 134 867 274 134 868 348 134 869 348 65 870 274 65 871 347 65 872 347 65 873 274 65 874 275 65 875 347 65 876 275 65 877 346 65 878 346 135 879 275 135 880 276 135 881 346 136 882 276 136 883 345 136 884 345 137 885 276 137 886 277 137 887 345 65 888 277 65 889 512 65 890 512 65 891 277 65 892 278 65 893 512 65 894 278 65 895 511 65 896 511 65 897 278 65 898 279 65 899 511 65 900 279 65 901 510 65 902 510 65 903 279 65 904 280 65 905 510 138 906 280 138 907 296 138 908 296 65 909 280 65 910 306 65 911 306 65 912 280 65 913 281 65 914 306 139 915 281 139 916 282 139 917 284 65 918 183 65 919 283 65 920 283 65 921 183 65 922 184 65 923 283 65 924 184 65 925 304 65 926 304 140 927 184 140 928 303 140 929 303 65 930 184 65 931 185 65 932 303 65 933 185 65 934 302 65 935 302 65 936 185 65 937 265 65 938 302 141 939 265 141 940 266 141 941 265 65 942 185 65 943 264 65 944 264 65 945 185 65 946 186 65 947 264 65 948 186 65 949 263 65 950 263 65 951 186 65 952 187 65 953 263 142 954 187 142 955 273 142 956 273 65 957 187 65 958 188 65 959 273 65 960 188 65 961 272 65 962 272 143 963 188 143 964 361 143 965 272 144 966 361 144 967 362 144 968 361 145 969 188 145 970 360 145 971 360 65 972 188 65 973 189 65 974 360 65 975 189 65 976 359 65 977 359 146 978 189 146 979 254 146 980 359 147 981 254 147 982 255 147 983 189 65 984 190 65 985 254 65 986 254 65 987 190 65 988 253 65 989 253 148 990 190 148 991 191 148 992 253 65 993 191 65 994 252 65 995 252 65 996 191 65 997 315 65 998 252 65 999 315 65 1000 262 65 1001 262 149 1002 315 149 1003 316 149 1004 262 150 1005 316 150 1006 261 150 1007 261 65 1008 316 65 1009 317 65 1010 261 65 1011 317 65 1012 260 65 1013 260 151 1014 317 151 1015 490 151 1016 260 65 1017 490 65 1018 259 65 1019 259 65 1020 490 65 1021 491 65 1022 259 65 1023 491 65 1024 258 65 1025 258 65 1026 491 65 1027 492 65 1028 258 65 1029 492 65 1030 356 65 1031 356 152 1032 492 152 1033 493 152 1034 356 65 1035 493 65 1036 355 65 1037 315 153 1038 191 153 1039 244 153 1040 244 154 1041 191 154 1042 192 154 1043 244 155 1044 192 155 1045 243 155 1046 243 65 1047 192 65 1048 372 65 1049 243 65 1050 372 65 1051 373 65 1052 372 65 1053 192 65 1054 235 65 1055 235 120 1056 192 120 1057 193 120 1058 235 65 1059 193 65 1060 234 65 1061 234 65 1062 193 65 1063 194 65 1064 234 65 1065 194 65 1066 233 65 1067 233 156 1068 194 156 1069 326 156 1070 233 157 1071 326 157 1072 327 157 1073 194 65 1074 195 65 1075 326 65 1076 326 65 1077 195 65 1078 325 65 1079 325 158 1080 195 158 1081 196 158 1082 325 65 1083 196 65 1084 324 65 1085 209 65 1086 474 65 1087 208 65 1088 208 65 1089 474 65 1090 332 65 1091 208 159 1092 332 159 1093 218 159 1094 218 160 1095 332 160 1096 333 160 1097 218 161 1098 333 161 1099 217 161 1100 217 65 1101 333 65 1102 334 65 1103 217 65 1104 334 65 1105 216 65 1106 216 65 1107 334 65 1108 335 65 1109 474 162 1110 209 162 1111 473 162 1112 473 65 1113 209 65 1114 210 65 1115 473 65 1116 210 65 1117 472 65 1118 472 163 1119 210 163 1120 211 163 1121 472 164 1122 211 164 1123 295 164 1124 295 165 1125 211 165 1126 294 165 1127 294 65 1128 211 65 1129 212 65 1130 294 65 1131 212 65 1132 213 65 1133 294 65 1134 213 65 1135 293 65 1136 293 166 1137 213 166 1138 214 166 1139 461 65 1140 219 65 1141 460 65 1142 460 65 1143 219 65 1144 220 65 1145 460 88 1146 220 88 1147 221 88 1148 231 65 1149 318 65 1150 230 65 1151 230 65 1152 318 65 1153 480 65 1154 230 65 1155 480 65 1156 240 65 1157 240 162 1158 480 162 1159 481 162 1160 240 167 1161 481 167 1162 239 167 1163 239 65 1164 481 65 1165 482 65 1166 239 65 1167 482 65 1168 238 65 1169 238 168 1170 482 168 1171 369 168 1172 238 65 1173 369 65 1174 370 65 1175 318 65 1176 231 65 1177 328 65 1178 328 169 1179 231 169 1180 232 169 1181 328 170 1182 232 170 1183 327 170 1184 327 171 1185 232 171 1186 233 171 1187 372 172 1188 235 172 1189 371 172 1190 371 173 1191 235 173 1192 236 173 1193 371 65 1194 236 65 1195 237 65 1196 371 65 1197 237 65 1198 370 65 1199 370 174 1200 237 174 1201 238 174 1202 242 65 1203 373 65 1204 241 65 1205 241 65 1206 373 65 1207 374 65 1208 241 65 1209 374 65 1210 375 65 1211 242 65 1212 243 65 1213 373 65 1214 315 65 1215 244 65 1216 314 65 1217 314 65 1218 244 65 1219 245 65 1220 314 175 1221 245 175 1222 313 175 1223 313 65 1224 245 65 1225 246 65 1226 313 65 1227 246 65 1228 247 65 1229 313 176 1230 247 176 1231 312 176 1232 312 65 1233 247 65 1234 248 65 1235 312 177 1236 248 177 1237 311 177 1238 311 65 1239 248 65 1240 249 65 1241 311 178 1242 249 178 1243 310 178 1244 310 179 1245 249 179 1246 365 179 1247 310 65 1248 365 65 1249 167 65 1250 365 65 1251 249 65 1252 376 65 1253 376 180 1254 249 180 1255 250 180 1256 376 65 1257 250 65 1258 375 65 1259 375 65 1260 250 65 1261 251 65 1262 375 65 1263 251 65 1264 241 65 1265 359 65 1266 255 65 1267 358 65 1268 358 181 1269 255 181 1270 256 181 1271 358 182 1272 256 182 1273 357 182 1274 357 183 1275 256 183 1276 257 183 1277 357 184 1278 257 184 1279 356 184 1280 356 65 1281 257 65 1282 258 65 1283 302 65 1284 266 65 1285 301 65 1286 301 185 1287 266 185 1288 267 185 1289 301 65 1290 267 65 1291 426 65 1292 426 65 1293 267 65 1294 268 65 1295 426 186 1296 268 186 1297 269 186 1298 426 65 1299 269 65 1300 425 65 1301 425 65 1302 269 65 1303 270 65 1304 363 187 1305 271 187 1306 362 187 1307 362 188 1308 271 188 1309 272 188 1310 283 189 1311 304 189 1312 282 189 1313 282 190 1314 304 190 1315 305 190 1316 282 65 1317 305 65 1318 306 65 1319 286 65 1320 470 65 1321 285 65 1322 285 65 1323 470 65 1324 471 65 1325 285 191 1326 471 191 1327 295 191 1328 295 65 1329 471 65 1330 472 65 1331 470 192 1332 286 192 1333 469 192 1334 469 65 1335 286 65 1336 287 65 1337 469 193 1338 287 193 1339 468 193 1340 468 194 1341 287 194 1342 288 194 1343 468 65 1344 288 65 1345 157 65 1346 157 195 1347 288 195 1348 341 195 1349 510 65 1350 296 65 1351 509 65 1352 509 196 1353 296 196 1354 297 196 1355 509 197 1356 297 197 1357 429 197 1358 429 65 1359 297 65 1360 298 65 1361 429 65 1362 298 65 1363 428 65 1364 428 198 1365 298 198 1366 299 198 1367 428 199 1368 299 199 1369 427 199 1370 427 200 1371 299 200 1372 300 200 1373 427 65 1374 300 65 1375 426 65 1376 426 201 1377 300 201 1378 301 201 1379 308 65 1380 500 65 1381 307 65 1382 307 65 1383 500 65 1384 489 65 1385 307 202 1386 489 202 1387 317 202 1388 317 65 1389 489 65 1390 490 65 1391 500 203 1392 308 203 1393 499 203 1394 499 65 1395 308 65 1396 309 65 1397 499 204 1398 309 204 1399 498 204 1400 498 205 1401 309 205 1402 310 205 1403 498 65 1404 310 65 1405 167 65 1406 480 65 1407 318 65 1408 479 65 1409 479 206 1410 318 206 1411 319 206 1412 479 207 1413 319 207 1414 464 207 1415 464 65 1416 319 65 1417 320 65 1418 464 65 1419 320 65 1420 463 65 1421 463 208 1422 320 208 1423 321 208 1424 463 209 1425 321 209 1426 462 209 1427 462 210 1428 321 210 1429 322 210 1430 462 65 1431 322 65 1432 461 65 1433 461 211 1434 322 211 1435 323 211 1436 331 65 1437 332 65 1438 475 65 1439 475 212 1440 332 212 1441 474 212 1442 341 213 1443 342 213 1444 504 213 1445 504 65 1446 342 65 1447 503 65 1448 503 65 1449 342 65 1450 343 65 1451 503 65 1452 343 65 1453 502 65 1454 502 214 1455 343 214 1456 344 214 1457 502 215 1458 344 215 1459 501 215 1460 501 65 1461 344 65 1462 345 65 1463 501 216 1464 345 216 1465 512 216 1466 365 217 1467 366 217 1468 486 217 1469 486 65 1470 366 65 1471 485 65 1472 485 65 1473 366 65 1474 367 65 1475 485 65 1476 367 65 1477 484 65 1478 484 218 1479 367 218 1480 368 218 1481 484 219 1482 368 219 1483 483 219 1484 483 65 1485 368 65 1486 369 65 1487 483 220 1488 369 220 1489 482 220 1490 377 221 1491 378 221 1492 161 221 1493 161 65 1494 378 65 1495 379 65 1496 384 222 1497 385 222 1498 456 222 1499 456 65 1500 385 65 1501 455 65 1502 455 65 1503 385 65 1504 454 65 1505 454 223 1506 385 223 1507 386 223 1508 454 224 1509 386 224 1510 453 224 1511 453 225 1512 386 225 1513 387 225 1514 453 226 1515 387 226 1516 452 226 1517 452 65 1518 387 65 1519 451 65 1520 451 227 1521 387 227 1522 388 227 1523 451 65 1524 388 65 1525 450 65 1526 450 228 1527 388 228 1528 390 228 1529 450 227 1530 390 227 1531 391 227 1532 389 65 1533 390 65 1534 162 65 1535 392 65 1536 448 65 1537 391 65 1538 391 229 1539 448 229 1540 449 229 1541 391 230 1542 449 230 1543 450 230 1544 448 224 1545 392 224 1546 447 224 1547 447 223 1548 392 223 1549 393 223 1550 447 65 1551 393 65 1552 446 65 1553 446 65 1554 393 65 1555 445 65 1556 445 231 1557 393 231 1558 394 231 1559 445 232 1560 394 232 1561 478 232 1562 478 233 1563 394 233 1564 477 233 1565 477 65 1566 394 65 1567 395 65 1568 477 65 1569 395 65 1570 488 65 1571 488 70 1572 395 70 1573 396 70 1574 488 65 1575 396 65 1576 487 65 1577 487 65 1578 396 65 1579 397 65 1580 487 234 1581 397 234 1582 166 234 1583 166 68 1584 397 68 1585 398 68 1586 402 235 1587 506 235 1588 401 235 1589 401 65 1590 506 65 1591 507 65 1592 401 236 1593 507 236 1594 412 236 1595 412 65 1596 507 65 1597 508 65 1598 412 237 1599 508 237 1600 430 237 1601 430 238 1602 508 238 1603 509 238 1604 430 239 1605 509 239 1606 429 239 1607 506 65 1608 402 65 1609 505 65 1610 505 65 1611 402 65 1612 403 65 1613 505 240 1614 403 240 1615 156 240 1616 156 99 1617 403 99 1618 404 99 1619 407 65 1620 408 65 1621 172 65 1622 172 241 1623 408 241 1624 418 241 1625 409 65 1626 435 65 1627 408 65 1628 408 242 1629 435 242 1630 436 242 1631 408 243 1632 436 243 1633 418 243 1634 418 65 1635 436 65 1636 417 65 1637 417 244 1638 436 244 1639 437 244 1640 417 245 1641 437 245 1642 438 245 1643 410 65 1644 433 65 1645 409 65 1646 409 245 1647 433 245 1648 434 245 1649 409 244 1650 434 244 1651 435 244 1652 433 246 1653 410 246 1654 432 246 1655 432 247 1656 410 247 1657 411 247 1658 432 65 1659 411 65 1660 431 65 1661 431 65 1662 411 65 1663 430 65 1664 430 248 1665 411 248 1666 412 248 1667 414 249 1668 415 249 1669 441 249 1670 441 65 1671 415 65 1672 440 65 1673 440 65 1674 415 65 1675 439 65 1676 439 247 1677 415 247 1678 416 247 1679 439 246 1680 416 246 1681 438 246 1682 438 250 1683 416 250 1684 417 250 1685 420 65 1686 421 65 1687 171 65 1688 464 251 1689 445 251 1690 479 251 1691 479 74 1692 445 74 1693 478 74 1694 467 65 1695 468 65 1696 157 65 1697 497 65 1698 498 65 1699 167 65 1700 157 252 1701 156 252 1702 522 252 1703 522 252 1704 156 252 1705 513 252 1706 522 252 1707 513 252 1708 521 252 1709 521 253 1710 513 253 1711 514 253 1712 521 252 1713 514 252 1714 520 252 1715 520 254 1716 514 254 1717 515 254 1718 520 255 1719 515 255 1720 518 255 1721 518 256 1722 515 256 1723 517 256 1724 517 257 1725 515 257 1726 516 257 1727 518 257 1728 519 257 1729 520 257 1730 157 258 1731 522 258 1732 523 258 1733 523 258 1734 522 258 1735 524 258 1736 131 259 1737 157 259 1738 527 259 1739 527 258 1740 157 258 1741 526 258 1742 526 258 1743 157 258 1744 525 258 1745 525 258 1746 157 258 1747 523 258 1748 160 260 1749 159 261 1750 128 262 1751 128 262 1752 159 261 1753 129 263 1754 129 263 1755 159 261 1756 130 264 1757 130 264 1758 159 261 1759 158 265 1760 130 264 1761 158 265 1762 131 266 1763 131 266 1764 158 265 1765 157 267 1766 128 268 1767 127 268 1768 160 268 1769 160 268 1770 127 268 1771 161 268 1772 528 268 1773 161 268 1774 531 268 1775 531 268 1776 161 268 1777 530 268 1778 530 268 1779 161 268 1780 529 268 1781 529 268 1782 161 268 1783 127 268 1784 533 268 1785 161 268 1786 532 268 1787 532 268 1788 161 268 1789 528 268 1790 541 269 1791 534 270 1792 540 271 1793 540 271 1794 534 270 1795 535 272 1796 540 271 1797 535 272 1798 539 273 1799 539 273 1800 535 272 1801 536 274 1802 539 273 1803 536 274 1804 538 275 1805 538 275 1806 536 274 1807 537 276 1808 542 277 1809 543 278 1810 547 279 1811 547 279 1812 543 278 1813 544 280 1814 547 279 1815 544 280 1816 546 281 1817 546 281 1818 544 280 1819 545 282 1820 546 281 1821 545 282 1822 532 283 1823 532 283 1824 545 282 1825 533 284 1826 161 285 1827 599 285 1828 162 285 1829 162 285 1830 599 285 1831 600 285 1832 162 286 1833 600 286 1834 601 286 1835 533 287 1836 612 287 1837 161 287 1838 161 288 1839 612 288 1840 613 288 1841 161 289 1842 613 289 1843 614 289 1844 545 285 1845 677 285 1846 533 285 1847 533 290 1848 677 290 1849 678 290 1850 533 291 1851 678 291 1852 666 291 1853 666 292 1854 678 292 1855 679 292 1856 666 285 1857 679 285 1858 665 285 1859 665 285 1860 679 285 1861 680 285 1862 665 285 1863 680 285 1864 664 285 1865 664 293 1866 680 293 1867 681 293 1868 664 294 1869 681 294 1870 663 294 1871 663 295 1872 681 295 1873 558 295 1874 663 285 1875 558 285 1876 673 285 1877 673 296 1878 558 296 1879 559 296 1880 673 285 1881 559 285 1882 672 285 1883 672 297 1884 559 297 1885 560 297 1886 672 285 1887 560 285 1888 671 285 1889 671 285 1890 560 285 1891 561 285 1892 671 285 1893 561 285 1894 654 285 1895 654 285 1896 561 285 1897 653 285 1898 653 298 1899 561 298 1900 562 298 1901 653 285 1902 562 285 1903 652 285 1904 652 285 1905 562 285 1906 563 285 1907 652 285 1908 563 285 1909 662 285 1910 662 299 1911 563 299 1912 564 299 1913 662 285 1914 564 285 1915 661 285 1916 661 300 1917 564 300 1918 644 300 1919 661 285 1920 644 285 1921 660 285 1922 660 301 1923 644 301 1924 645 301 1925 660 285 1926 645 285 1927 590 285 1928 590 302 1929 645 302 1930 646 302 1931 590 285 1932 646 285 1933 589 285 1934 589 285 1935 646 285 1936 647 285 1937 589 303 1938 647 303 1939 588 303 1940 588 304 1941 647 304 1942 648 304 1943 588 285 1944 648 285 1945 587 285 1946 587 305 1947 648 305 1948 629 305 1949 587 306 1950 629 306 1951 620 306 1952 545 307 1953 544 307 1954 677 307 1955 677 308 1956 544 308 1957 676 308 1958 676 285 1959 544 285 1960 543 285 1961 676 285 1962 543 285 1963 548 285 1964 548 285 1965 549 285 1966 676 285 1967 676 285 1968 549 285 1969 550 285 1970 676 285 1971 550 285 1972 675 285 1973 675 309 1974 550 309 1975 551 309 1976 675 285 1977 551 285 1978 674 285 1979 674 285 1980 551 285 1981 552 285 1982 674 285 1983 552 285 1984 684 285 1985 684 285 1986 552 285 1987 683 285 1988 683 285 1989 552 285 1990 553 285 1991 683 285 1992 553 285 1993 682 285 1994 682 285 1995 553 285 1996 554 285 1997 682 310 1998 554 310 1999 555 310 2000 555 311 2001 556 311 2002 682 311 2003 682 285 2004 556 285 2005 557 285 2006 682 285 2007 557 285 2008 558 285 2009 564 285 2010 565 285 2011 644 285 2012 644 285 2013 565 285 2014 643 285 2015 643 312 2016 565 312 2017 566 312 2018 643 285 2019 566 285 2020 642 285 2021 642 313 2022 566 313 2023 567 313 2024 642 285 2025 567 285 2026 641 285 2027 641 314 2028 567 314 2029 634 314 2030 641 285 2031 634 285 2032 651 285 2033 651 315 2034 634 315 2035 635 315 2036 651 285 2037 635 285 2038 650 285 2039 650 285 2040 635 285 2041 636 285 2042 650 285 2043 636 285 2044 649 285 2045 649 316 2046 636 316 2047 637 316 2048 649 317 2049 637 317 2050 534 317 2051 534 318 2052 637 318 2053 638 318 2054 534 285 2055 638 285 2056 535 285 2057 535 319 2058 638 319 2059 536 319 2060 536 320 2061 638 320 2062 639 320 2063 536 285 2064 639 285 2065 537 285 2066 537 285 2067 639 285 2068 577 285 2069 577 285 2070 639 285 2071 576 285 2072 576 285 2073 639 285 2074 575 285 2075 575 321 2076 639 321 2077 640 321 2078 575 285 2079 640 285 2080 574 285 2081 574 322 2082 640 322 2083 630 322 2084 574 285 2085 630 285 2086 573 285 2087 573 323 2088 630 323 2089 631 323 2090 573 324 2091 631 324 2092 632 324 2093 634 285 2094 567 285 2095 633 285 2096 633 285 2097 567 285 2098 568 285 2099 633 285 2100 568 285 2101 569 285 2102 569 285 2103 570 285 2104 633 285 2105 633 325 2106 570 325 2107 571 325 2108 633 285 2109 571 285 2110 572 285 2111 633 285 2112 572 285 2113 632 285 2114 632 285 2115 572 285 2116 573 285 2117 162 326 2118 628 326 2119 534 326 2120 534 327 2121 628 327 2122 629 327 2123 534 328 2124 629 328 2125 649 328 2126 649 285 2127 629 285 2128 648 285 2129 579 285 2130 610 285 2131 578 285 2132 578 329 2133 610 329 2134 611 329 2135 578 330 2136 611 330 2137 667 330 2138 667 285 2139 611 285 2140 666 285 2141 666 285 2142 611 285 2143 533 285 2144 610 331 2145 579 331 2146 619 331 2147 619 332 2148 579 332 2149 580 332 2150 619 285 2151 580 285 2152 618 285 2153 618 333 2154 580 333 2155 581 333 2156 618 285 2157 581 285 2158 608 285 2159 608 285 2160 581 285 2161 607 285 2162 607 334 2163 581 334 2164 582 334 2165 607 285 2166 582 285 2167 606 285 2168 606 285 2169 582 285 2170 583 285 2171 606 285 2172 583 285 2173 605 285 2174 605 335 2175 583 335 2176 584 335 2177 605 285 2178 584 285 2179 623 285 2180 623 285 2181 584 285 2182 622 285 2183 622 336 2184 584 336 2185 585 336 2186 622 337 2187 585 337 2188 621 337 2189 621 338 2190 585 338 2191 586 338 2192 621 339 2193 586 339 2194 620 339 2195 620 340 2196 586 340 2197 587 340 2198 591 285 2199 658 285 2200 590 285 2201 590 341 2202 658 341 2203 659 341 2204 590 342 2205 659 342 2206 660 342 2207 592 285 2208 669 285 2209 591 285 2210 591 343 2211 669 343 2212 670 343 2213 591 285 2214 670 285 2215 655 285 2216 655 344 2217 670 344 2218 671 344 2219 655 345 2220 671 345 2221 654 345 2222 669 285 2223 592 285 2224 668 285 2225 668 346 2226 592 346 2227 593 346 2228 668 285 2229 593 285 2230 667 285 2231 667 347 2232 593 347 2233 578 347 2234 595 285 2235 615 285 2236 594 285 2237 594 348 2238 615 348 2239 616 348 2240 594 285 2241 616 285 2242 609 285 2243 609 349 2244 616 349 2245 617 349 2246 609 350 2247 617 350 2248 608 350 2249 608 351 2250 617 351 2251 618 351 2252 615 285 2253 595 285 2254 161 285 2255 161 352 2256 595 352 2257 596 352 2258 161 353 2259 596 353 2260 597 353 2261 597 285 2262 598 285 2263 161 285 2264 161 285 2265 598 285 2266 599 285 2267 601 285 2268 602 285 2269 162 285 2270 162 285 2271 602 285 2272 625 285 2273 162 354 2274 625 354 2275 626 354 2276 602 285 2277 603 285 2278 625 285 2279 625 285 2280 603 285 2281 624 285 2282 624 285 2283 603 285 2284 604 285 2285 624 355 2286 604 355 2287 623 355 2288 623 356 2289 604 356 2290 605 356 2291 611 285 2292 612 285 2293 533 285 2294 614 285 2295 615 285 2296 161 285 2297 626 285 2298 627 285 2299 162 285 2300 162 357 2301 627 357 2302 628 357 2303 655 285 2304 656 285 2305 591 285 2306 591 358 2307 656 358 2308 657 358 2309 591 285 2310 657 285 2311 658 285 2312 681 285 2313 682 285 2314 558 285 2315 579 252 2316 578 252 2317 686 252 2318 686 252 2319 578 252 2320 685 252 2321 582 359 2322 581 360 2323 689 361 2324 689 361 2325 581 360 2326 688 362 2327 688 362 2328 581 360 2329 580 363 2330 688 362 2331 580 363 2332 687 364 2333 687 364 2334 580 363 2335 579 365 2336 687 364 2337 579 365 2338 686 366 2339 583 65 2340 582 65 2341 690 65 2342 690 65 2343 582 65 2344 689 65 2345 586 367 2346 585 368 2347 693 369 2348 693 369 2349 585 368 2350 692 370 2351 692 370 2352 585 368 2353 584 371 2354 692 370 2355 584 371 2356 691 372 2357 691 372 2358 584 371 2359 583 373 2360 691 372 2361 583 373 2362 690 374 2363 587 268 2364 586 268 2365 694 268 2366 694 268 2367 586 268 2368 693 268 2369 590 375 2370 589 376 2371 697 377 2372 697 377 2373 589 376 2374 696 378 2375 696 378 2376 589 376 2377 588 379 2378 696 378 2379 588 379 2380 695 380 2381 695 380 2382 588 379 2383 587 381 2384 695 380 2385 587 381 2386 694 382 2387 591 0 2388 590 0 2389 698 0 2390 698 0 2391 590 0 2392 697 0 2393 578 383 2394 593 384 2395 685 385 2396 685 385 2397 593 384 2398 700 386 2399 700 386 2400 593 384 2401 592 387 2402 700 386 2403 592 387 2404 699 388 2405 699 388 2406 592 387 2407 591 389 2408 699 388 2409 591 389 2410 698 390 2411 702 258 2412 814 258 2413 701 258 2414 701 258 2415 814 258 2416 815 258 2417 701 391 2418 815 391 2419 816 391 2420 814 258 2421 702 258 2422 824 258 2423 824 258 2424 702 258 2425 703 258 2426 824 258 2427 703 258 2428 823 258 2429 823 392 2430 703 392 2431 704 392 2432 823 393 2433 704 393 2434 705 393 2435 705 394 2436 542 394 2437 823 394 2438 823 258 2439 542 258 2440 547 258 2441 823 258 2442 547 258 2443 822 258 2444 822 395 2445 547 395 2446 546 395 2447 822 396 2448 546 396 2449 532 396 2450 528 258 2451 756 258 2452 532 258 2453 532 397 2454 756 397 2455 757 397 2456 532 398 2457 757 398 2458 758 398 2459 706 258 2460 744 258 2461 528 258 2462 528 258 2463 744 258 2464 745 258 2465 528 399 2466 745 399 2467 746 399 2468 541 258 2469 762 258 2470 706 258 2471 706 400 2472 762 400 2473 763 400 2474 706 401 2475 763 401 2476 764 401 2477 540 402 2478 773 402 2479 541 402 2480 541 258 2481 773 258 2482 774 258 2483 541 403 2484 774 403 2485 784 403 2486 784 258 2487 774 258 2488 775 258 2489 784 404 2490 775 404 2491 783 404 2492 783 258 2493 775 258 2494 776 258 2495 783 258 2496 776 258 2497 782 258 2498 782 258 2499 776 258 2500 777 258 2501 782 258 2502 777 258 2503 781 258 2504 781 405 2505 777 405 2506 717 405 2507 781 258 2508 717 258 2509 791 258 2510 791 406 2511 717 406 2512 718 406 2513 791 258 2514 718 258 2515 790 258 2516 790 407 2517 718 407 2518 719 407 2519 790 258 2520 719 258 2521 789 258 2522 789 408 2523 719 408 2524 720 408 2525 789 258 2526 720 258 2527 794 258 2528 794 258 2529 720 258 2530 793 258 2531 793 258 2532 720 258 2533 721 258 2534 793 258 2535 721 258 2536 792 258 2537 792 258 2538 721 258 2539 722 258 2540 792 258 2541 722 258 2542 802 258 2543 802 258 2544 722 258 2545 723 258 2546 802 258 2547 723 258 2548 801 258 2549 801 258 2550 723 258 2551 806 258 2552 801 258 2553 806 258 2554 800 258 2555 800 409 2556 806 409 2557 807 409 2558 800 258 2559 807 258 2560 698 258 2561 698 410 2562 807 410 2563 808 410 2564 698 258 2565 808 258 2566 699 258 2567 699 258 2568 808 258 2569 809 258 2570 699 258 2571 809 258 2572 700 258 2573 700 411 2574 809 411 2575 810 411 2576 700 258 2577 810 258 2578 685 258 2579 685 258 2580 810 258 2581 748 258 2582 685 412 2583 748 412 2584 749 412 2585 540 258 2586 539 258 2587 773 258 2588 773 413 2589 539 413 2590 772 413 2591 772 258 2592 539 258 2593 538 258 2594 772 258 2595 538 258 2596 707 258 2597 707 258 2598 708 258 2599 772 258 2600 772 414 2601 708 414 2602 709 414 2603 772 415 2604 709 415 2605 771 415 2606 771 258 2607 709 258 2608 710 258 2609 771 258 2610 710 258 2611 770 258 2612 770 258 2613 710 258 2614 711 258 2615 770 258 2616 711 258 2617 780 258 2618 780 258 2619 711 258 2620 779 258 2621 779 416 2622 711 416 2623 712 416 2624 779 258 2625 712 258 2626 778 258 2627 778 417 2628 712 417 2629 713 417 2630 778 258 2631 713 258 2632 714 258 2633 714 418 2634 715 418 2635 778 418 2636 778 258 2637 715 258 2638 716 258 2639 778 258 2640 716 258 2641 717 258 2642 723 419 2643 724 419 2644 806 419 2645 806 258 2646 724 258 2647 805 258 2648 805 420 2649 724 420 2650 725 420 2651 805 258 2652 725 258 2653 804 258 2654 804 421 2655 725 421 2656 726 421 2657 804 422 2658 726 422 2659 803 422 2660 803 423 2661 726 423 2662 818 423 2663 803 258 2664 818 258 2665 813 258 2666 813 258 2667 818 258 2668 819 258 2669 813 258 2670 819 258 2671 812 258 2672 812 258 2673 819 258 2674 820 258 2675 812 424 2676 820 424 2677 811 424 2678 811 258 2679 820 258 2680 821 258 2681 811 425 2682 821 425 2683 532 425 2684 532 258 2685 821 258 2686 822 258 2687 818 258 2688 726 258 2689 817 258 2690 817 258 2691 726 258 2692 727 258 2693 817 258 2694 727 258 2695 728 258 2696 728 426 2697 729 426 2698 817 426 2699 817 258 2700 729 258 2701 730 258 2702 817 427 2703 730 427 2704 731 427 2705 817 258 2706 731 258 2707 816 258 2708 816 428 2709 731 428 2710 701 428 2711 733 258 2712 753 258 2713 732 258 2714 732 258 2715 753 258 2716 754 258 2717 732 258 2718 754 258 2719 528 258 2720 528 429 2721 754 429 2722 755 429 2723 528 430 2724 755 430 2725 756 430 2726 753 258 2727 733 258 2728 752 258 2729 752 258 2730 733 258 2731 734 258 2732 752 258 2733 734 258 2734 751 258 2735 751 431 2736 734 431 2737 735 431 2738 751 258 2739 735 258 2740 688 258 2741 688 258 2742 735 258 2743 689 258 2744 689 432 2745 735 432 2746 736 432 2747 689 258 2748 736 258 2749 690 258 2750 690 258 2751 736 258 2752 737 258 2753 690 258 2754 737 258 2755 691 258 2756 691 433 2757 737 433 2758 738 433 2759 691 258 2760 738 258 2761 767 258 2762 767 434 2763 738 434 2764 739 434 2765 767 258 2766 739 258 2767 766 258 2768 766 258 2769 739 258 2770 740 258 2771 766 258 2772 740 258 2773 765 258 2774 765 258 2775 740 258 2776 741 258 2777 765 258 2778 741 258 2779 764 258 2780 764 258 2781 741 258 2782 706 258 2783 741 258 2784 742 258 2785 706 258 2786 706 435 2787 742 435 2788 743 435 2789 706 436 2790 743 436 2791 744 436 2792 746 258 2793 747 258 2794 528 258 2795 528 437 2796 747 437 2797 732 437 2798 685 258 2799 749 258 2800 686 258 2801 686 438 2802 749 438 2803 750 438 2804 686 258 2805 750 258 2806 687 258 2807 687 258 2808 750 258 2809 688 258 2810 688 258 2811 750 258 2812 751 258 2813 697 258 2814 797 258 2815 698 258 2816 698 258 2817 797 258 2818 798 258 2819 698 439 2820 798 439 2821 799 439 2822 696 258 2823 787 258 2824 697 258 2825 697 440 2826 787 440 2827 788 440 2828 697 258 2829 788 258 2830 795 258 2831 795 441 2832 788 441 2833 789 441 2834 795 442 2835 789 442 2836 794 442 2837 787 258 2838 696 258 2839 786 258 2840 786 443 2841 696 443 2842 695 443 2843 786 258 2844 695 258 2845 785 258 2846 785 444 2847 695 444 2848 694 444 2849 785 258 2850 694 258 2851 759 258 2852 759 258 2853 694 258 2854 769 258 2855 769 258 2856 694 258 2857 693 258 2858 769 258 2859 693 258 2860 768 258 2861 768 445 2862 693 445 2863 692 445 2864 768 446 2865 692 446 2866 691 446 2867 748 258 2868 810 258 2869 758 258 2870 758 447 2871 810 447 2872 811 447 2873 758 448 2874 811 448 2875 532 448 2876 759 258 2877 760 258 2878 785 258 2879 785 258 2880 760 258 2881 784 258 2882 784 258 2883 760 258 2884 541 258 2885 760 449 2886 761 449 2887 541 449 2888 541 450 2889 761 450 2890 762 450 2891 767 258 2892 768 258 2893 691 258 2894 777 258 2895 778 258 2896 717 258 2897 795 451 2898 796 451 2899 697 451 2900 697 452 2901 796 452 2902 797 452 2903 799 258 2904 800 258 2905 698 258 2906 595 252 2907 594 252 2908 732 252 2909 732 252 2910 594 252 2911 733 252 2912 598 359 2913 597 360 2914 745 361 2915 745 361 2916 597 360 2917 746 362 2918 746 362 2919 597 360 2920 596 453 2921 746 362 2922 596 453 2923 747 364 2924 747 364 2925 596 453 2926 595 365 2927 747 364 2928 595 365 2929 732 366 2930 599 65 2931 598 65 2932 744 65 2933 744 65 2934 598 65 2935 745 65 2936 602 367 2937 601 454 2938 741 369 2939 741 369 2940 601 454 2941 742 370 2942 742 370 2943 601 454 2944 600 371 2945 742 370 2946 600 371 2947 743 372 2948 743 372 2949 600 371 2950 599 373 2951 743 372 2952 599 373 2953 744 374 2954 603 268 2955 602 268 2956 740 268 2957 740 268 2958 602 268 2959 741 268 2960 606 375 2961 605 455 2962 737 377 2963 737 377 2964 605 455 2965 738 456 2966 738 456 2967 605 455 2968 604 379 2969 738 456 2970 604 379 2971 739 380 2972 739 380 2973 604 379 2974 603 381 2975 739 380 2976 603 381 2977 740 382 2978 607 0 2979 606 0 2980 736 0 2981 736 0 2982 606 0 2983 737 0 2984 594 383 2985 609 384 2986 733 385 2987 733 385 2988 609 384 2989 734 386 2990 734 386 2991 609 384 2992 608 457 2993 734 386 2994 608 457 2995 735 458 2996 735 458 2997 608 457 2998 607 389 2999 735 458 3000 607 389 3001 736 390 3002 749 459 3003 748 460 3004 825 461 3005 825 461 3006 748 460 3007 758 462 3008 825 461 3009 758 462 3010 834 463 3011 834 463 3012 758 462 3013 757 464 3014 834 463 3015 757 464 3016 833 465 3017 833 465 3018 757 464 3019 756 466 3020 833 465 3021 756 466 3022 832 467 3023 832 467 3024 756 466 3025 755 468 3026 832 467 3027 755 468 3028 831 469 3029 831 469 3030 755 468 3031 754 470 3032 831 469 3033 754 470 3034 830 471 3035 830 471 3036 754 470 3037 753 472 3038 830 471 3039 753 472 3040 752 473 3041 751 474 3042 828 475 3043 752 473 3044 752 473 3045 828 475 3046 829 476 3047 752 473 3048 829 476 3049 830 471 3050 828 475 3051 751 474 3052 827 477 3053 827 477 3054 751 474 3055 750 478 3056 827 477 3057 750 478 3058 826 479 3059 826 479 3060 750 478 3061 749 459 3062 826 479 3063 749 459 3064 825 461 3065 619 480 3066 826 479 3067 610 481 3068 610 481 3069 826 479 3070 825 461 3071 610 481 3072 825 461 3073 611 482 3074 611 482 3075 825 461 3076 834 463 3077 611 482 3078 834 463 3079 612 483 3080 612 483 3081 834 463 3082 833 465 3083 612 483 3084 833 465 3085 613 484 3086 613 484 3087 833 465 3088 832 467 3089 613 484 3090 832 467 3091 614 485 3092 614 485 3093 832 467 3094 831 469 3095 614 485 3096 831 469 3097 615 486 3098 615 486 3099 831 469 3100 830 471 3101 615 486 3102 830 471 3103 616 487 3104 616 487 3105 830 471 3106 829 476 3107 616 487 3108 829 476 3109 617 488 3110 617 488 3111 829 476 3112 828 475 3113 617 488 3114 828 475 3115 618 489 3116 618 489 3117 828 475 3118 827 477 3119 618 489 3120 827 477 3121 619 480 3122 619 480 3123 827 477 3124 826 479 3125 760 459 3126 759 460 3127 835 461 3128 835 461 3129 759 460 3130 769 462 3131 835 461 3132 769 462 3133 844 490 3134 844 490 3135 769 462 3136 768 464 3137 844 490 3138 768 464 3139 843 465 3140 843 465 3141 768 464 3142 767 466 3143 843 465 3144 767 466 3145 842 467 3146 842 467 3147 767 466 3148 766 491 3149 842 467 3150 766 491 3151 841 469 3152 841 469 3153 766 491 3154 765 470 3155 841 469 3156 765 470 3157 840 471 3158 840 471 3159 765 470 3160 764 472 3161 840 471 3162 764 472 3163 763 473 3164 762 474 3165 838 475 3166 763 473 3167 763 473 3168 838 475 3169 839 476 3170 763 473 3171 839 476 3172 840 471 3173 838 475 3174 762 474 3175 837 477 3176 837 477 3177 762 474 3178 761 478 3179 837 477 3180 761 478 3181 836 492 3182 836 492 3183 761 478 3184 760 459 3185 836 492 3186 760 459 3187 835 461 3188 629 480 3189 836 492 3190 620 481 3191 620 481 3192 836 492 3193 835 461 3194 620 481 3195 835 461 3196 621 482 3197 621 482 3198 835 461 3199 844 490 3200 621 482 3201 844 490 3202 622 483 3203 622 483 3204 844 490 3205 843 465 3206 622 483 3207 843 465 3208 623 493 3209 623 493 3210 843 465 3211 842 467 3212 623 493 3213 842 467 3214 624 485 3215 624 485 3216 842 467 3217 841 469 3218 624 485 3219 841 469 3220 625 486 3221 625 486 3222 841 469 3223 840 471 3224 625 486 3225 840 471 3226 626 487 3227 626 487 3228 840 471 3229 839 476 3230 626 487 3231 839 476 3232 627 494 3233 627 494 3234 839 476 3235 838 475 3236 627 494 3237 838 475 3238 628 489 3239 628 489 3240 838 475 3241 837 477 3242 628 489 3243 837 477 3244 629 480 3245 629 480 3246 837 477 3247 836 492 3248 552 65 3249 551 65 3250 701 65 3251 701 65 3252 551 65 3253 702 65 3254 556 495 3255 555 496 3256 728 497 3257 728 497 3258 555 496 3259 729 498 3260 729 498 3261 555 496 3262 554 499 3263 729 498 3264 554 499 3265 730 500 3266 730 500 3267 554 499 3268 553 501 3269 730 500 3270 553 501 3271 731 502 3272 731 502 3273 553 501 3274 552 503 3275 731 502 3276 552 503 3277 701 504 3278 557 252 3279 556 252 3280 727 252 3281 727 252 3282 556 252 3283 728 252 3284 716 505 3285 568 506 3286 717 507 3287 717 507 3288 568 506 3289 567 508 3290 717 507 3291 567 508 3292 566 509 3293 717 507 3294 566 509 3295 718 510 3296 718 510 3297 566 509 3298 565 511 3299 718 510 3300 565 511 3301 719 512 3302 719 512 3303 565 511 3304 564 513 3305 719 512 3306 564 513 3307 720 514 3308 720 514 3309 564 513 3310 563 515 3311 720 514 3312 563 515 3313 721 516 3314 721 516 3315 563 515 3316 562 517 3317 721 516 3318 562 517 3319 722 518 3320 722 518 3321 562 517 3322 561 519 3323 722 518 3324 561 519 3325 723 520 3326 723 520 3327 561 519 3328 560 521 3329 723 520 3330 560 521 3331 724 522 3332 724 522 3333 560 521 3334 559 523 3335 724 522 3336 559 523 3337 725 524 3338 725 524 3339 559 523 3340 558 525 3341 725 524 3342 558 525 3343 726 526 3344 726 526 3345 558 525 3346 557 527 3347 726 526 3348 557 527 3349 727 528 3350 569 268 3351 568 268 3352 715 268 3353 715 268 3354 568 268 3355 716 268 3356 573 529 3357 572 530 3358 711 531 3359 711 531 3360 572 530 3361 712 532 3362 712 532 3363 572 530 3364 571 533 3365 712 532 3366 571 533 3367 713 534 3368 713 534 3369 571 533 3370 570 535 3371 713 534 3372 570 535 3373 714 536 3374 714 536 3375 570 535 3376 569 537 3377 714 536 3378 569 537 3379 715 538 3380 574 65 3381 573 65 3382 710 65 3383 710 65 3384 573 65 3385 711 65 3386 537 276 3387 577 539 3388 538 275 3389 538 275 3390 577 539 3391 707 540 3392 707 540 3393 577 539 3394 576 541 3395 707 540 3396 576 541 3397 708 542 3398 708 542 3399 576 541 3400 575 543 3401 708 542 3402 575 543 3403 709 544 3404 709 544 3405 575 543 3406 574 545 3407 709 544 3408 574 545 3409 710 546 3410 551 547 3411 550 548 3412 702 549 3413 702 549 3414 550 548 3415 703 550 3416 703 550 3417 550 548 3418 549 551 3419 703 550 3420 549 551 3421 704 552 3422 704 552 3423 549 551 3424 548 553 3425 704 552 3426 548 553 3427 705 554 3428 705 554 3429 548 553 3430 543 278 3431 705 554 3432 543 278 3433 542 277 3434 541 252 3435 706 252 3436 534 252 3437 534 252 3438 706 252 3439 162 252 3440 126 252 3441 162 252 3442 847 252 3443 847 252 3444 162 252 3445 846 252 3446 846 252 3447 162 252 3448 845 252 3449 845 252 3450 162 252 3451 706 252 3452 163 252 3453 162 252 3454 125 252 3455 125 252 3456 162 252 3457 126 252 3458 166 555 3459 165 556 3460 122 557 3461 122 557 3462 165 556 3463 123 558 3464 123 558 3465 165 556 3466 124 559 3467 124 559 3468 165 556 3469 164 560 3470 124 559 3471 164 560 3472 125 561 3473 125 561 3474 164 560 3475 163 562 3476 122 563 3477 848 563 3478 166 563 3479 166 258 3480 848 258 3481 849 258 3482 166 564 3483 849 564 3484 850 564 3485 850 258 3486 851 258 3487 166 258 3488 851 258 3489 852 258 3490 166 258 3491 166 258 3492 852 258 3493 853 258 3494 167 268 3495 166 268 3496 862 268 3497 862 268 3498 166 268 3499 853 268 3500 862 268 3501 853 268 3502 861 268 3503 861 565 3504 853 565 3505 854 565 3506 861 268 3507 854 268 3508 860 268 3509 860 566 3510 854 566 3511 855 566 3512 860 567 3513 855 567 3514 858 567 3515 858 568 3516 855 568 3517 857 568 3518 857 569 3519 855 569 3520 856 569 3521 858 569 3522 859 569 3523 860 569 3524 167 285 3525 862 285 3526 863 285 3527 863 285 3528 862 285 3529 864 285 3530 865 570 3531 167 570 3532 868 570 3533 868 285 3534 167 285 3535 867 285 3536 867 285 3537 167 285 3538 866 285 3539 866 285 3540 167 285 3541 863 285 3542 170 571 3543 169 572 3544 869 573 3545 869 573 3546 169 572 3547 871 574 3548 871 574 3549 169 572 3550 870 575 3551 870 575 3552 169 572 3553 168 576 3554 870 575 3555 168 576 3556 865 577 3557 865 577 3558 168 576 3559 167 578 3560 869 252 3561 872 252 3562 170 252 3563 170 252 3564 872 252 3565 171 252 3566 873 252 3567 171 252 3568 876 252 3569 876 252 3570 171 252 3571 875 252 3572 875 252 3573 171 252 3574 874 252 3575 874 252 3576 171 252 3577 872 252 3578 878 252 3579 171 252 3580 877 252 3581 877 252 3582 171 252 3583 873 252 3584 884 276 3585 879 275 3586 883 579 3587 883 579 3588 879 275 3589 880 273 3590 883 579 3591 880 273 3592 882 272 3593 882 272 3594 880 273 3595 881 271 3596 882 272 3597 881 271 3598 877 270 3599 877 270 3600 881 271 3601 878 269 3602 885 580 3603 886 278 3604 892 279 3605 892 279 3606 886 278 3607 887 280 3608 892 279 3609 887 280 3610 891 281 3611 891 281 3612 887 280 3613 888 282 3614 891 281 3615 888 282 3616 890 283 3617 890 283 3618 888 282 3619 889 284 3620 171 258 3621 951 258 3622 172 258 3623 172 258 3624 951 258 3625 952 258 3626 172 258 3627 952 258 3628 953 258 3629 878 581 3630 972 581 3631 171 581 3632 171 582 3633 972 582 3634 973 582 3635 171 583 3636 973 583 3637 974 583 3638 881 584 3639 983 584 3640 878 584 3641 878 258 3642 983 258 3643 984 258 3644 878 258 3645 984 258 3646 985 258 3647 983 258 3648 881 258 3649 894 258 3650 894 585 3651 881 585 3652 880 585 3653 894 586 3654 880 586 3655 893 586 3656 893 587 3657 880 587 3658 879 587 3659 894 258 3660 895 258 3661 983 258 3662 983 588 3663 895 588 3664 982 588 3665 982 589 3666 895 589 3667 896 589 3668 982 258 3669 896 258 3670 981 258 3671 981 258 3672 896 258 3673 980 258 3674 980 258 3675 896 258 3676 897 258 3677 980 590 3678 897 590 3679 979 590 3680 979 258 3681 897 258 3682 978 258 3683 978 258 3684 897 258 3685 898 258 3686 978 258 3687 898 258 3688 902 258 3689 902 258 3690 898 258 3691 899 258 3692 902 591 3693 899 591 3694 901 591 3695 901 258 3696 899 258 3697 900 258 3698 978 592 3699 902 592 3700 977 592 3701 977 258 3702 902 258 3703 903 258 3704 977 593 3705 903 593 3706 991 593 3707 991 258 3708 903 258 3709 990 258 3710 990 258 3711 903 258 3712 904 258 3713 990 594 3714 904 594 3715 989 594 3716 989 595 3717 904 595 3718 905 595 3719 989 258 3720 905 258 3721 1005 258 3722 1005 258 3723 905 258 3724 906 258 3725 1005 596 3726 906 596 3727 1004 596 3728 1004 597 3729 906 597 3730 907 597 3731 1004 598 3732 907 598 3733 1003 598 3734 1003 258 3735 907 258 3736 1002 258 3737 1002 258 3738 907 258 3739 908 258 3740 1002 599 3741 908 599 3742 1001 599 3743 1001 600 3744 908 600 3745 909 600 3746 1001 258 3747 909 258 3748 1000 258 3749 1000 258 3750 909 258 3751 910 258 3752 1000 258 3753 910 258 3754 1016 258 3755 1016 601 3756 910 601 3757 911 601 3758 1016 602 3759 911 602 3760 1015 602 3761 1015 258 3762 911 258 3763 912 258 3764 1015 258 3765 912 258 3766 1014 258 3767 1014 603 3768 912 603 3769 1028 603 3770 1014 258 3771 1028 258 3772 1013 258 3773 1013 258 3774 1028 258 3775 1012 258 3776 1012 604 3777 1028 604 3778 1029 604 3779 1012 605 3780 1029 605 3781 1019 605 3782 912 606 3783 913 606 3784 1028 606 3785 1028 607 3786 913 607 3787 1027 607 3788 1027 258 3789 913 258 3790 917 258 3791 1027 258 3792 917 258 3793 918 258 3794 917 258 3795 913 258 3796 916 258 3797 916 608 3798 913 608 3799 914 608 3800 916 258 3801 914 258 3802 915 258 3803 919 258 3804 1025 258 3805 918 258 3806 918 609 3807 1025 609 3808 1026 609 3809 918 258 3810 1026 258 3811 1027 258 3812 920 258 3813 1023 258 3814 919 258 3815 919 610 3816 1023 610 3817 1024 610 3818 919 258 3819 1024 258 3820 1025 258 3821 1023 258 3822 920 258 3823 1022 258 3824 1022 611 3825 920 611 3826 921 611 3827 1022 258 3828 921 258 3829 922 258 3830 885 612 3831 892 612 3832 922 612 3833 922 613 3834 892 613 3835 1022 613 3836 892 614 3837 891 614 3838 1022 614 3839 1022 615 3840 891 615 3841 890 615 3842 1022 616 3843 890 616 3844 1021 616 3845 1021 258 3846 890 258 3847 1020 258 3848 1020 258 3849 890 258 3850 1011 258 3851 1020 258 3852 1011 258 3853 1019 258 3854 1019 617 3855 1011 617 3856 1012 617 3857 172 618 3858 958 618 3859 890 618 3860 890 619 3861 958 619 3862 959 619 3863 890 620 3864 959 620 3865 1010 620 3866 1010 621 3867 959 621 3868 960 621 3869 1010 258 3870 960 258 3871 1009 258 3872 1009 258 3873 960 258 3874 924 258 3875 1009 622 3876 924 622 3877 925 622 3878 924 258 3879 961 258 3880 923 258 3881 923 623 3882 961 623 3883 962 623 3884 923 258 3885 962 258 3886 938 258 3887 938 624 3888 962 624 3889 963 624 3890 938 258 3891 963 258 3892 941 258 3893 941 625 3894 963 625 3895 940 625 3896 940 258 3897 963 258 3898 964 258 3899 940 258 3900 964 258 3901 939 258 3902 939 626 3903 964 626 3904 955 626 3905 939 258 3906 955 258 3907 172 258 3908 172 627 3909 955 627 3910 956 627 3911 172 628 3912 956 628 3913 957 628 3914 1009 629 3915 925 629 3916 1008 629 3917 1008 630 3918 925 630 3919 926 630 3920 1008 258 3921 926 258 3922 1018 258 3923 1018 631 3924 926 631 3925 927 631 3926 1018 632 3927 927 632 3928 1017 632 3929 1017 258 3930 927 258 3931 1000 258 3932 1017 258 3933 1000 258 3934 1016 258 3935 928 258 3936 997 258 3937 927 258 3938 927 258 3939 997 258 3940 998 258 3941 927 633 3942 998 633 3943 999 633 3944 929 634 3945 987 634 3946 928 634 3947 928 635 3948 987 635 3949 988 635 3950 928 636 3951 988 636 3952 1005 636 3953 1005 637 3954 988 637 3955 989 637 3956 987 258 3957 929 258 3958 986 258 3959 986 638 3960 929 638 3961 930 638 3962 986 639 3963 930 639 3964 996 639 3965 996 640 3966 930 640 3967 931 640 3968 996 258 3969 931 258 3970 970 258 3971 970 641 3972 931 641 3973 969 641 3974 969 258 3975 931 258 3976 932 258 3977 969 258 3978 932 258 3979 968 258 3980 968 642 3981 932 642 3982 933 642 3983 968 258 3984 933 258 3985 946 258 3986 946 258 3987 933 258 3988 945 258 3989 945 258 3990 933 258 3991 934 258 3992 945 258 3993 934 258 3994 944 258 3995 944 643 3996 934 643 3997 935 643 3998 944 258 3999 935 258 4000 943 258 4001 943 258 4002 935 258 4003 936 258 4004 943 258 4005 936 258 4006 942 258 4007 942 644 4008 936 644 4009 937 644 4010 942 258 4011 937 258 4012 941 258 4013 941 258 4014 937 258 4015 938 258 4016 968 645 4017 946 645 4018 967 645 4019 967 646 4020 946 646 4021 947 646 4022 967 258 4023 947 258 4024 966 258 4025 966 258 4026 947 258 4027 948 258 4028 966 258 4029 948 258 4030 965 258 4031 965 258 4032 948 258 4033 171 258 4034 965 258 4035 171 258 4036 974 258 4037 948 258 4038 949 258 4039 171 258 4040 171 647 4041 949 647 4042 950 647 4043 171 258 4044 950 258 4045 951 258 4046 953 648 4047 954 648 4048 172 648 4049 172 649 4050 954 649 4051 939 649 4052 957 650 4053 958 650 4054 172 650 4055 960 651 4056 961 651 4057 924 651 4058 996 258 4059 970 258 4060 995 258 4061 995 652 4062 970 652 4063 971 652 4064 995 258 4065 971 258 4066 878 258 4067 878 653 4068 971 653 4069 972 653 4070 976 258 4071 993 258 4072 975 258 4073 975 654 4074 993 654 4075 994 654 4076 975 258 4077 994 258 4078 985 258 4079 985 258 4080 994 258 4081 878 258 4082 976 258 4083 977 258 4084 993 258 4085 993 258 4086 977 258 4087 992 258 4088 992 258 4089 977 258 4090 991 258 4091 994 258 4092 995 258 4093 878 258 4094 999 655 4095 1000 655 4096 927 655 4097 1005 656 4098 1006 656 4099 928 656 4100 928 657 4101 1006 657 4102 1007 657 4103 928 258 4104 1007 258 4105 997 258 4106 1010 258 4107 1011 258 4108 890 258 4109 924 252 4110 923 252 4111 1031 252 4112 1031 252 4113 923 252 4114 1030 252 4115 927 390 4116 926 658 4117 1034 389 4118 1034 389 4119 926 658 4120 1033 387 4121 1033 387 4122 926 658 4123 925 386 4124 1033 387 4125 925 386 4126 1032 384 4127 1032 384 4128 925 386 4129 924 385 4130 1032 384 4131 924 385 4132 1031 383 4133 928 0 4134 927 0 4135 1035 0 4136 1035 0 4137 927 0 4138 1034 0 4139 931 382 4140 930 380 4141 1038 381 4142 1038 381 4143 930 380 4144 1037 379 4145 1037 379 4146 930 380 4147 929 378 4148 1037 379 4149 929 378 4150 1036 376 4151 1036 376 4152 929 378 4153 928 377 4154 1036 376 4155 928 377 4156 1035 375 4157 932 268 4158 931 268 4159 1039 268 4160 1039 268 4161 931 268 4162 1038 268 4163 935 374 4164 934 372 4165 1042 373 4166 1042 373 4167 934 372 4168 1041 371 4169 1041 371 4170 934 372 4171 933 370 4172 1041 371 4173 933 370 4174 1040 368 4175 1040 368 4176 933 370 4177 932 369 4178 1040 368 4179 932 369 4180 1039 367 4181 936 65 4182 935 65 4183 1043 65 4184 1043 65 4185 935 65 4186 1042 65 4187 923 366 4188 938 364 4189 1030 365 4190 1030 365 4191 938 364 4192 1045 363 4193 1045 363 4194 938 364 4195 937 362 4196 1045 363 4197 937 362 4198 1044 360 4199 1044 360 4200 937 362 4201 936 361 4202 1044 360 4203 936 361 4204 1043 359 4205 1047 285 4206 1162 285 4207 1046 285 4208 1046 285 4209 1162 285 4210 1163 285 4211 1046 659 4212 1163 659 4213 1164 659 4214 1048 285 4215 1160 285 4216 1047 285 4217 1047 660 4218 1160 660 4219 1161 660 4220 1047 661 4221 1161 661 4222 1162 661 4223 1160 285 4224 1048 285 4225 1052 285 4226 1052 662 4227 1048 662 4228 1049 662 4229 1052 663 4230 1049 663 4231 1051 663 4232 1051 664 4233 1049 664 4234 1050 664 4235 1160 665 4236 1052 665 4237 1159 665 4238 1159 666 4239 1052 666 4240 1053 666 4241 1159 285 4242 1053 285 4243 1151 285 4244 1151 667 4245 1053 667 4246 1150 667 4247 1150 668 4248 1053 668 4249 1054 668 4250 1150 285 4251 1054 285 4252 1149 285 4253 1149 669 4254 1054 669 4255 1055 669 4256 1149 285 4257 1055 285 4258 1143 285 4259 1143 670 4260 1055 670 4261 1056 670 4262 1143 285 4263 1056 285 4264 1142 285 4265 1142 285 4266 1056 285 4267 1057 285 4268 1142 285 4269 1057 285 4270 1141 285 4271 1141 285 4272 1057 285 4273 1058 285 4274 1141 285 4275 1058 285 4276 1140 285 4277 1140 285 4278 1058 285 4279 1139 285 4280 1139 285 4281 1058 285 4282 1059 285 4283 1139 285 4284 1059 285 4285 1138 285 4286 1138 671 4287 1059 671 4288 1060 671 4289 1138 285 4290 1060 285 4291 1132 285 4292 1132 672 4293 1060 672 4294 1061 672 4295 1132 285 4296 1061 285 4297 1131 285 4298 1131 673 4299 1061 673 4300 1062 673 4301 1131 674 4302 1062 674 4303 1130 674 4304 1130 675 4305 1062 675 4306 1122 675 4307 1130 285 4308 1122 285 4309 1129 285 4310 1129 285 4311 1122 285 4312 1128 285 4313 1128 676 4314 1122 676 4315 1123 676 4316 1128 677 4317 1123 677 4318 1113 677 4319 1062 678 4320 1063 678 4321 1122 678 4322 1122 679 4323 1063 679 4324 1121 679 4325 1121 285 4326 1063 285 4327 1067 285 4328 1121 680 4329 1067 680 4330 1068 680 4331 1067 285 4332 1063 285 4333 1066 285 4334 1066 681 4335 1063 681 4336 1064 681 4337 1066 682 4338 1064 682 4339 1065 682 4340 1069 285 4341 1119 285 4342 1068 285 4343 1068 683 4344 1119 683 4345 1120 683 4346 1068 684 4347 1120 684 4348 1121 684 4349 1070 285 4350 1117 285 4351 1069 285 4352 1069 685 4353 1117 685 4354 1118 685 4355 1069 285 4356 1118 285 4357 1119 285 4358 1117 285 4359 1070 285 4360 1116 285 4361 1116 285 4362 1070 285 4363 1071 285 4364 1116 686 4365 1071 686 4366 882 686 4367 882 687 4368 1071 687 4369 883 687 4370 883 688 4371 1071 688 4372 1072 688 4373 883 285 4374 1072 285 4375 884 285 4376 882 689 4377 877 689 4378 1116 689 4379 1116 690 4380 877 690 4381 1115 690 4382 1115 285 4383 877 285 4384 1114 285 4385 1114 285 4386 877 285 4387 1127 285 4388 1114 691 4389 1127 691 4390 1113 691 4391 1113 692 4392 1127 692 4393 1128 692 4394 873 693 4395 1106 693 4396 877 693 4397 877 694 4398 1106 694 4399 1107 694 4400 877 695 4401 1107 695 4402 1126 695 4403 1126 696 4404 1107 696 4405 1108 696 4406 1126 285 4407 1108 285 4408 1125 285 4409 1125 285 4410 1108 285 4411 1038 285 4412 1125 697 4413 1038 697 4414 1037 697 4415 1073 285 4416 1082 285 4417 873 285 4418 873 698 4419 1082 698 4420 1083 698 4421 873 699 4422 1083 699 4423 1084 699 4424 889 700 4425 1100 700 4426 1073 700 4427 1073 701 4428 1100 701 4429 1101 701 4430 1073 702 4431 1101 702 4432 1102 702 4433 888 703 4434 1165 703 4435 889 703 4436 889 285 4437 1165 285 4438 1166 285 4439 889 704 4440 1166 704 4441 1167 704 4442 888 285 4443 887 285 4444 1165 285 4445 1165 285 4446 887 285 4447 1074 285 4448 1165 705 4449 1074 705 4450 1075 705 4451 887 285 4452 886 285 4453 1074 285 4454 1075 285 4455 1076 285 4456 1165 285 4457 1165 706 4458 1076 706 4459 1164 706 4460 1164 285 4461 1076 285 4462 1046 285 4463 1078 707 4464 1094 707 4465 1077 707 4466 1077 708 4467 1094 708 4468 1095 708 4469 1077 285 4470 1095 285 4471 1092 285 4472 1092 285 4473 1095 285 4474 1096 285 4475 1092 285 4476 1096 285 4477 1045 285 4478 1045 709 4479 1096 709 4480 1030 709 4481 1030 710 4482 1096 710 4483 1097 710 4484 1030 285 4485 1097 285 4486 1031 285 4487 1031 711 4488 1097 711 4489 1098 711 4490 1031 285 4491 1098 285 4492 1156 285 4493 1156 285 4494 1098 285 4495 1155 285 4496 1155 712 4497 1098 712 4498 1099 712 4499 1155 285 4500 1099 285 4501 889 285 4502 889 713 4503 1099 713 4504 1100 713 4505 1079 285 4506 1073 285 4507 1078 285 4508 1078 714 4509 1073 714 4510 1093 714 4511 1078 715 4512 1093 715 4513 1094 715 4514 1079 285 4515 1080 285 4516 1073 285 4517 1073 716 4518 1080 716 4519 1081 716 4520 1073 285 4521 1081 285 4522 1082 285 4523 1084 285 4524 1085 285 4525 873 285 4526 873 717 4527 1085 717 4528 1103 717 4529 873 718 4530 1103 718 4531 1104 718 4532 1103 719 4533 1085 719 4534 1112 719 4535 1112 720 4536 1085 720 4537 1086 720 4538 1112 285 4539 1086 285 4540 1111 285 4541 1111 285 4542 1086 285 4543 1087 285 4544 1111 285 4545 1087 285 4546 1040 285 4547 1040 285 4548 1087 285 4549 1041 285 4550 1041 721 4551 1087 721 4552 1088 721 4553 1041 285 4554 1088 285 4555 1042 285 4556 1042 722 4557 1088 722 4558 1089 722 4559 1042 285 4560 1089 285 4561 1043 285 4562 1043 285 4563 1089 285 4564 1090 285 4565 1043 285 4566 1090 285 4567 1044 285 4568 1044 723 4569 1090 723 4570 1091 723 4571 1044 285 4572 1091 285 4573 1045 285 4574 1045 724 4575 1091 724 4576 1092 724 4577 1111 285 4578 1040 285 4579 1110 285 4580 1110 725 4581 1040 725 4582 1039 725 4583 1110 726 4584 1039 726 4585 1109 726 4586 1109 285 4587 1039 285 4588 1038 285 4589 1109 285 4590 1038 285 4591 1108 285 4592 1125 285 4593 1037 285 4594 1124 285 4595 1124 727 4596 1037 727 4597 1036 727 4598 1124 728 4599 1036 728 4600 1134 728 4601 1134 729 4602 1036 729 4603 1035 729 4604 1134 285 4605 1035 285 4606 1133 285 4607 1133 285 4608 1035 285 4609 1138 285 4610 1133 285 4611 1138 285 4612 1132 285 4613 1034 285 4614 1135 285 4615 1035 285 4616 1035 730 4617 1135 730 4618 1136 730 4619 1035 731 4620 1136 731 4621 1137 731 4622 1033 285 4623 1147 285 4624 1034 285 4625 1034 732 4626 1147 732 4627 1148 732 4628 1034 733 4629 1148 733 4630 1143 733 4631 1143 734 4632 1148 734 4633 1149 734 4634 1147 735 4635 1033 735 4636 1146 735 4637 1146 736 4638 1033 736 4639 1032 736 4640 1146 285 4641 1032 285 4642 1156 285 4643 1156 737 4644 1032 737 4645 1031 737 4646 1102 285 4647 1093 285 4648 1073 285 4649 1104 285 4650 1105 285 4651 873 285 4652 873 738 4653 1105 738 4654 1106 738 4655 1126 285 4656 1127 285 4657 877 285 4658 1137 285 4659 1138 285 4660 1035 285 4661 1143 739 4662 1144 739 4663 1034 739 4664 1034 740 4665 1144 740 4666 1145 740 4667 1034 741 4668 1145 741 4669 1135 741 4670 1151 285 4671 1152 285 4672 1159 285 4673 1159 742 4674 1152 742 4675 1153 742 4676 1159 743 4677 1153 743 4678 1158 743 4679 1158 285 4680 1153 285 4681 1157 285 4682 1157 744 4683 1153 744 4684 1154 744 4685 1157 745 4686 1154 745 4687 1167 745 4688 1167 285 4689 1154 285 4690 889 285 4691 1154 285 4692 1155 285 4693 889 285 4694 940 252 4695 939 252 4696 1077 252 4697 1077 252 4698 939 252 4699 1078 252 4700 943 390 4701 942 458 4702 1090 389 4703 1090 389 4704 942 458 4705 1091 746 4706 1091 746 4707 942 458 4708 941 747 4709 1091 746 4710 941 747 4711 1092 384 4712 1092 384 4713 941 747 4714 940 385 4715 1092 384 4716 940 385 4717 1077 383 4718 944 0 4719 943 0 4720 1089 0 4721 1089 0 4722 943 0 4723 1090 0 4724 947 382 4725 946 748 4726 1086 381 4727 1086 381 4728 946 748 4729 1087 379 4730 1087 379 4731 946 748 4732 945 456 4733 1087 379 4734 945 456 4735 1088 749 4736 1088 749 4737 945 456 4738 944 377 4739 1088 749 4740 944 377 4741 1089 375 4742 948 268 4743 947 268 4744 1085 268 4745 1085 268 4746 947 268 4747 1086 268 4748 951 374 4749 950 372 4750 1082 373 4751 1082 373 4752 950 372 4753 1083 371 4754 1083 371 4755 950 372 4756 949 750 4757 1083 371 4758 949 750 4759 1084 368 4760 1084 368 4761 949 750 4762 948 369 4763 1084 368 4764 948 369 4765 1085 367 4766 952 65 4767 951 65 4768 1081 65 4769 1081 65 4770 951 65 4771 1082 65 4772 939 366 4773 954 751 4774 1078 365 4775 1078 365 4776 954 751 4777 1079 453 4778 1079 453 4779 954 751 4780 953 362 4781 1079 453 4782 953 362 4783 1080 360 4784 1080 360 4785 953 362 4786 952 361 4787 1080 360 4788 952 361 4789 1081 359 4790 1102 485 4791 956 752 4792 1093 486 4793 1093 486 4794 956 752 4795 955 753 4796 1093 486 4797 955 753 4798 1094 487 4799 1094 487 4800 955 753 4801 964 754 4802 1094 487 4803 964 754 4804 1095 488 4805 1095 488 4806 964 754 4807 963 755 4808 1095 488 4809 963 755 4810 1096 489 4811 1096 489 4812 963 755 4813 962 756 4814 1096 489 4815 962 756 4816 1097 480 4817 1097 480 4818 962 756 4819 961 757 4820 1097 480 4821 961 757 4822 1098 481 4823 1098 481 4824 961 757 4825 960 758 4826 1098 481 4827 960 758 4828 1099 482 4829 1099 482 4830 960 758 4831 959 759 4832 1099 482 4833 959 759 4834 1100 483 4835 1100 483 4836 959 759 4837 958 760 4838 1100 483 4839 958 760 4840 1101 493 4841 1101 493 4842 958 760 4843 957 761 4844 1101 493 4845 957 761 4846 1102 485 4847 1102 485 4848 957 761 4849 956 752 4850 1112 485 4851 966 752 4852 1103 486 4853 1103 486 4854 966 752 4855 965 753 4856 1103 486 4857 965 753 4858 1104 487 4859 1104 487 4860 965 753 4861 974 754 4862 1104 487 4863 974 754 4864 1105 488 4865 1105 488 4866 974 754 4867 973 762 4868 1105 488 4869 973 762 4870 1106 489 4871 1106 489 4872 973 762 4873 972 756 4874 1106 489 4875 972 756 4876 1107 480 4877 1107 480 4878 972 756 4879 971 757 4880 1107 480 4881 971 757 4882 1108 481 4883 1108 481 4884 971 757 4885 970 758 4886 1108 481 4887 970 758 4888 1109 482 4889 1109 482 4890 970 758 4891 969 759 4892 1109 482 4893 969 759 4894 1110 483 4895 1110 483 4896 969 759 4897 968 760 4898 1110 483 4899 968 760 4900 1111 493 4901 1111 493 4902 968 760 4903 967 763 4904 1111 493 4905 967 763 4906 1112 485 4907 1112 485 4908 967 763 4909 966 752 4910 919 65 4911 918 65 4912 1046 65 4913 1046 65 4914 918 65 4915 1047 65 4916 885 580 4917 922 554 4918 886 278 4919 886 278 4920 922 554 4921 1074 553 4922 1074 553 4923 922 554 4924 921 552 4925 1074 553 4926 921 552 4927 1075 551 4928 1075 551 4929 921 552 4930 920 550 4931 1075 551 4932 920 550 4933 1076 548 4934 1076 548 4935 920 550 4936 919 549 4937 1076 548 4938 919 549 4939 1046 547 4940 918 504 4941 917 502 4942 1047 503 4943 1047 503 4944 917 502 4945 1048 501 4946 1048 501 4947 917 502 4948 916 500 4949 1048 501 4950 916 500 4951 1049 499 4952 1049 499 4953 916 500 4954 915 498 4955 1049 499 4956 915 498 4957 1050 496 4958 1050 496 4959 915 498 4960 914 497 4961 1050 496 4962 914 497 4963 1051 495 4964 914 252 4965 913 252 4966 1051 252 4967 1051 252 4968 913 252 4969 1052 252 4970 913 528 4971 912 526 4972 1052 527 4973 1052 527 4974 912 526 4975 1053 525 4976 1053 525 4977 912 526 4978 911 524 4979 1053 525 4980 911 524 4981 1054 523 4982 1054 523 4983 911 524 4984 910 764 4985 1054 523 4986 910 764 4987 1055 521 4988 1055 521 4989 910 764 4990 909 520 4991 1055 521 4992 909 520 4993 1056 519 4994 1056 519 4995 909 520 4996 908 518 4997 1056 519 4998 908 518 4999 1057 517 5000 1057 517 5001 908 518 5002 907 516 5003 1057 517 5004 907 516 5005 1058 515 5006 1058 515 5007 907 516 5008 906 514 5009 1058 515 5010 906 514 5011 1059 513 5012 1059 513 5013 906 514 5014 905 765 5015 1059 513 5016 905 765 5017 1060 511 5018 1060 511 5019 905 765 5020 904 510 5021 1060 511 5022 904 510 5023 1061 509 5024 1061 509 5025 904 510 5026 903 507 5027 1061 509 5028 903 507 5029 1062 508 5030 1062 508 5031 903 507 5032 1063 506 5033 1063 506 5034 903 507 5035 902 505 5036 902 268 5037 901 268 5038 1063 268 5039 1063 268 5040 901 268 5041 1064 268 5042 901 538 5043 900 536 5044 1064 537 5045 1064 537 5046 900 536 5047 1065 766 5048 1065 766 5049 900 536 5050 899 534 5051 1065 766 5052 899 534 5053 1066 533 5054 1066 533 5055 899 534 5056 898 532 5057 1066 533 5058 898 532 5059 1067 530 5060 1067 530 5061 898 532 5062 897 531 5063 1067 530 5064 897 531 5065 1068 529 5066 897 65 5067 896 65 5068 1068 65 5069 1068 65 5070 896 65 5071 1069 65 5072 896 546 5073 895 544 5074 1069 545 5075 1069 545 5076 895 544 5077 1070 543 5078 1070 543 5079 895 544 5080 894 542 5081 1070 543 5082 894 542 5083 1071 541 5084 1071 541 5085 894 542 5086 893 540 5087 1071 541 5088 893 540 5089 1072 539 5090 1072 539 5091 893 540 5092 879 275 5093 1072 539 5094 879 275 5095 884 276 5096 889 268 5097 1073 268 5098 890 268 5099 890 268 5100 1073 268 5101 172 268 5102 1168 268 5103 172 268 5104 1171 268 5105 1171 268 5106 172 268 5107 1170 268 5108 1170 268 5109 172 268 5110 1169 268 5111 1169 268 5112 172 268 5113 1073 268 5114 173 268 5115 172 268 5116 1172 268 5117 1172 268 5118 172 268 5119 1168 268 5120 156 767 5121 175 768 5122 1173 769 5123 1173 769 5124 175 768 5125 1175 770 5126 1175 770 5127 175 768 5128 1174 771 5129 1174 771 5130 175 768 5131 174 772 5132 1174 771 5133 174 772 5134 1172 773 5135 1172 773 5136 174 772 5137 173 774 5138 1173 775 5139 1176 775 5140 156 775 5141 156 285 5142 1176 285 5143 1177 285 5144 156 776 5145 1177 776 5146 1178 776 5147 1178 285 5148 1179 285 5149 156 285 5150 1179 285 5151 1180 285 5152 156 285 5153 156 285 5154 1180 285 5155 513 285 5156 517 777 5157 516 778 5158 1181 779 5159 1181 779 5160 516 778 5161 1184 780 5162 1184 780 5163 516 778 5164 515 781 5165 1184 780 5166 515 781 5167 1183 782 5168 1183 782 5169 515 781 5170 514 783 5171 1183 782 5172 514 783 5173 1182 784 5174 1182 784 5175 514 783 5176 513 785 5177 1182 784 5178 513 785 5179 1180 786 5180 518 65 5181 517 65 5182 1185 65 5183 1185 65 5184 517 65 5185 1181 65 5186 522 787 5187 521 788 5188 524 789 5189 524 789 5190 521 788 5191 1188 790 5192 1188 790 5193 521 788 5194 520 791 5195 1188 790 5196 520 791 5197 1187 792 5198 1187 792 5199 520 791 5200 519 793 5201 1187 792 5202 519 793 5203 1186 794 5204 1186 794 5205 519 793 5206 518 795 5207 1186 794 5208 518 795 5209 1185 796 5210 1179 268 5211 523 268 5212 1180 268 5213 1180 268 5214 523 268 5215 524 268 5216 1180 797 5217 524 797 5218 1182 797 5219 1182 798 5220 524 798 5221 1188 798 5222 1182 799 5223 1188 799 5224 1183 799 5225 1183 800 5226 1188 800 5227 1187 800 5228 1183 801 5229 1187 801 5230 1181 801 5231 1181 802 5232 1187 802 5233 1185 802 5234 1185 268 5235 1187 268 5236 1186 268 5237 1181 268 5238 1184 268 5239 1183 268 5240 1179 803 5241 1178 804 5242 523 805 5243 523 805 5244 1178 804 5245 525 806 5246 525 806 5247 1178 804 5248 1177 807 5249 525 806 5250 1177 807 5251 526 808 5252 526 808 5253 1177 807 5254 527 809 5255 527 809 5256 1177 807 5257 1176 810 5258 527 809 5259 1176 810 5260 1191 811 5261 1191 811 5262 1176 810 5263 1190 812 5264 1190 812 5265 1176 810 5266 1189 813 5267 1189 813 5268 1176 810 5269 1173 769 5270 1191 811 5271 100 814 5272 527 809 5273 527 809 5274 100 814 5275 131 266 5276 1192 0 5277 1189 0 5278 1212 0 5279 1212 0 5280 1189 0 5281 1211 0 5282 1211 815 5283 1189 815 5284 1210 815 5285 1210 816 5286 1189 816 5287 1209 816 5288 1209 0 5289 1189 0 5290 1208 0 5291 1208 817 5292 1189 817 5293 1225 817 5294 1208 818 5295 1225 818 5296 1207 818 5297 1207 819 5298 1225 819 5299 1226 819 5300 1207 0 5301 1226 0 5302 1206 0 5303 1206 820 5304 1226 820 5305 1205 820 5306 1205 0 5307 1226 0 5308 1227 0 5309 1205 0 5310 1227 0 5311 1204 0 5312 1204 821 5313 1227 821 5314 1228 821 5315 1204 822 5316 1228 822 5317 1229 822 5318 1173 0 5319 1235 0 5320 1189 0 5321 1189 823 5322 1235 823 5323 1236 823 5324 1189 824 5325 1236 824 5326 1225 824 5327 1175 0 5328 1232 0 5329 1173 0 5330 1173 825 5331 1232 825 5332 1233 825 5333 1173 826 5334 1233 826 5335 1234 826 5336 1232 0 5337 1175 0 5338 1231 0 5339 1231 0 5340 1175 0 5341 1174 0 5342 1231 827 5343 1174 827 5344 1172 827 5345 1172 0 5346 1168 0 5347 1231 0 5348 1231 828 5349 1168 828 5350 1230 828 5351 1230 0 5352 1168 0 5353 1220 0 5354 1230 829 5355 1220 829 5356 1221 829 5357 1168 830 5358 872 830 5359 1220 830 5360 1220 828 5361 872 828 5362 1219 828 5363 1219 0 5364 872 0 5365 869 0 5366 1219 827 5367 869 827 5368 871 827 5369 871 0 5370 870 0 5371 1219 0 5372 1219 0 5373 870 0 5374 1218 0 5375 1218 831 5376 870 831 5377 865 831 5378 1218 0 5379 865 0 5380 1217 0 5381 1217 0 5382 865 0 5383 1216 0 5384 1216 0 5385 865 0 5386 1215 0 5387 1215 0 5388 865 0 5389 1193 0 5390 1215 0 5391 1193 0 5392 1214 0 5393 1214 0 5394 1193 0 5395 1213 0 5396 1213 0 5397 1193 0 5398 1199 0 5399 1213 832 5400 1199 832 5401 1200 832 5402 1194 0 5403 1195 0 5404 1193 0 5405 1193 833 5406 1195 833 5407 1196 833 5408 1193 834 5409 1196 834 5410 1197 834 5411 1197 816 5412 1198 816 5413 1193 816 5414 1193 0 5415 1198 0 5416 1199 0 5417 1213 0 5418 1200 0 5419 1224 0 5420 1224 835 5421 1200 835 5422 1201 835 5423 1224 836 5424 1201 836 5425 1202 836 5426 1224 0 5427 1202 0 5428 1223 0 5429 1223 837 5430 1202 837 5431 1203 837 5432 1223 0 5433 1203 0 5434 1222 0 5435 1222 0 5436 1203 0 5437 1221 0 5438 1221 838 5439 1203 838 5440 1204 838 5441 1221 839 5442 1204 839 5443 1229 839 5444 1229 0 5445 1230 0 5446 1221 0 5447 1234 0 5448 1235 0 5449 1173 0 5450 528 840 5451 531 841 5452 706 842 5453 706 842 5454 531 841 5455 845 843 5456 845 843 5457 531 841 5458 530 844 5459 845 843 5460 530 844 5461 846 845 5462 846 845 5463 530 844 5464 847 846 5465 847 846 5466 530 844 5467 529 847 5468 847 846 5469 529 847 5470 127 848 5471 127 848 5472 126 849 5473 847 846 5474 851 850 5475 850 851 5476 863 852 5477 863 852 5478 850 851 5479 866 853 5480 866 853 5481 850 851 5482 849 854 5483 866 853 5484 849 854 5485 867 855 5486 867 855 5487 849 854 5488 868 856 5489 868 856 5490 849 854 5491 848 857 5492 868 856 5493 848 857 5494 1238 858 5495 1238 858 5496 848 857 5497 1237 859 5498 1237 859 5499 848 857 5500 121 860 5501 121 860 5502 848 857 5503 122 557 5504 1238 858 5505 1193 861 5506 868 856 5507 868 856 5508 1193 861 5509 865 577 5510 851 252 5511 863 252 5512 852 252 5513 852 252 5514 863 252 5515 864 252 5516 852 862 5517 864 862 5518 1246 862 5519 1246 863 5520 864 863 5521 1239 863 5522 1246 864 5523 1239 864 5524 1245 864 5525 1245 865 5526 1239 865 5527 1240 865 5528 1245 866 5529 1240 866 5530 1243 866 5531 1243 867 5532 1240 867 5533 1242 867 5534 1242 252 5535 1240 252 5536 1241 252 5537 1243 252 5538 1244 252 5539 1245 252 5540 857 796 5541 856 794 5542 1243 795 5543 1243 795 5544 856 794 5545 1244 793 5546 1244 793 5547 856 794 5548 855 792 5549 1244 793 5550 855 792 5551 1245 791 5552 1245 791 5553 855 792 5554 854 868 5555 1245 791 5556 854 868 5557 1246 788 5558 1246 788 5559 854 868 5560 853 789 5561 1246 788 5562 853 789 5563 852 787 5564 858 65 5565 857 65 5566 1242 65 5567 1242 65 5568 857 65 5569 1243 65 5570 862 786 5571 861 784 5572 864 785 5573 864 785 5574 861 784 5575 1239 869 5576 1239 869 5577 861 784 5578 860 782 5579 1239 869 5580 860 782 5581 1240 781 5582 1240 781 5583 860 782 5584 859 780 5585 1240 781 5586 859 780 5587 1241 778 5588 1241 778 5589 859 780 5590 858 779 5591 1241 778 5592 858 779 5593 1242 777 5594 1168 870 5595 1171 871 5596 872 872 5597 872 872 5598 1171 871 5599 874 873 5600 874 873 5601 1171 871 5602 1170 874 5603 874 873 5604 1170 874 5605 875 875 5606 875 875 5607 1170 874 5608 876 876 5609 876 876 5610 1170 874 5611 1169 877 5612 876 876 5613 1169 877 5614 1073 878 5615 1073 878 5616 873 879 5617 876 876 5618 1248 880 5619 1274 881 5620 1247 882 5621 1247 882 5622 1274 881 5623 1275 883 5624 1247 882 5625 1275 883 5626 1268 884 5627 1268 884 5628 1275 883 5629 1276 885 5630 1268 884 5631 1276 885 5632 1267 886 5633 1267 886 5634 1276 885 5635 1277 887 5636 1267 886 5637 1277 887 5638 1266 888 5639 1266 888 5640 1277 887 5641 1278 889 5642 1266 888 5643 1278 889 5644 1265 890 5645 1265 890 5646 1278 889 5647 1279 891 5648 1265 890 5649 1279 891 5650 1264 892 5651 1264 892 5652 1279 891 5653 1280 893 5654 1264 892 5655 1280 893 5656 1263 894 5657 1263 894 5658 1280 893 5659 1262 895 5660 1262 895 5661 1280 893 5662 1281 896 5663 1262 895 5664 1281 896 5665 1261 897 5666 1261 897 5667 1281 896 5668 1282 898 5669 1261 897 5670 1282 898 5671 1260 899 5672 1260 899 5673 1282 898 5674 1283 900 5675 1260 899 5676 1283 900 5677 1259 901 5678 1259 901 5679 1283 900 5680 1284 902 5681 1259 901 5682 1284 902 5683 1258 903 5684 1258 903 5685 1284 902 5686 1285 904 5687 1258 903 5688 1285 904 5689 1257 905 5690 1257 905 5691 1285 904 5692 1286 906 5693 1257 905 5694 1286 906 5695 1256 907 5696 1256 907 5697 1286 906 5698 1287 908 5699 1256 907 5700 1287 908 5701 1255 909 5702 1255 909 5703 1287 908 5704 1288 910 5705 1255 909 5706 1288 910 5707 1254 911 5708 1254 911 5709 1288 910 5710 1289 912 5711 1254 911 5712 1289 912 5713 1253 913 5714 1253 913 5715 1289 912 5716 1269 914 5717 1253 913 5718 1269 914 5719 1252 915 5720 1252 915 5721 1269 914 5722 1270 916 5723 1252 915 5724 1270 916 5725 1251 917 5726 1251 917 5727 1270 916 5728 1271 918 5729 1251 917 5730 1271 918 5731 1250 919 5732 1250 919 5733 1271 918 5734 1272 920 5735 1250 919 5736 1272 920 5737 1249 921 5738 1249 921 5739 1272 920 5740 1273 922 5741 1249 921 5742 1273 922 5743 1248 880 5744 1248 880 5745 1273 922 5746 1274 881 5747 1289 912 5748 187 923 5749 1269 914 5750 1269 914 5751 187 923 5752 186 924 5753 1269 914 5754 186 924 5755 1270 916 5756 1270 916 5757 186 924 5758 185 925 5759 1270 916 5760 185 925 5761 1271 918 5762 1271 918 5763 185 925 5764 184 926 5765 1271 918 5766 184 926 5767 1272 920 5768 1272 920 5769 184 926 5770 183 927 5771 1272 920 5772 183 927 5773 1273 922 5774 1273 922 5775 183 927 5776 182 928 5777 1273 922 5778 182 928 5779 1274 881 5780 1274 881 5781 182 928 5782 181 929 5783 1274 881 5784 181 929 5785 1275 883 5786 1275 883 5787 181 929 5788 180 930 5789 1275 883 5790 180 930 5791 1276 885 5792 1276 885 5793 180 930 5794 179 931 5795 1276 885 5796 179 931 5797 1277 887 5798 1277 887 5799 179 931 5800 178 932 5801 1277 887 5802 178 932 5803 1278 889 5804 1278 889 5805 178 932 5806 177 933 5807 1278 889 5808 177 933 5809 1279 891 5810 1279 891 5811 177 933 5812 176 934 5813 1279 891 5814 176 934 5815 1280 893 5816 1280 893 5817 176 934 5818 196 935 5819 1280 893 5820 196 935 5821 1281 896 5822 1281 896 5823 196 935 5824 195 936 5825 1281 896 5826 195 936 5827 1282 898 5828 1282 898 5829 195 936 5830 194 937 5831 1282 898 5832 194 937 5833 1283 900 5834 1283 900 5835 194 937 5836 193 938 5837 1283 900 5838 193 938 5839 1284 902 5840 1284 902 5841 193 938 5842 192 939 5843 1284 902 5844 192 939 5845 1285 904 5846 1285 904 5847 192 939 5848 191 940 5849 1285 904 5850 191 940 5851 1286 906 5852 1286 906 5853 191 940 5854 190 941 5855 1286 906 5856 190 941 5857 1287 908 5858 1287 908 5859 190 941 5860 189 942 5861 1287 908 5862 189 942 5863 1288 910 5864 1288 910 5865 189 942 5866 188 943 5867 1288 910 5868 188 943 5869 1289 912 5870 1289 912 5871 188 943 5872 187 923 5873 1302 944 5874 1290 945 5875 1303 946 5876 1303 946 5877 1290 945 5878 1291 947 5879 1303 946 5880 1291 947 5881 1313 948 5882 1313 948 5883 1291 947 5884 1292 949 5885 1313 948 5886 1292 949 5887 1312 950 5888 1312 950 5889 1292 949 5890 1293 951 5891 1312 950 5892 1293 951 5893 1311 952 5894 1311 952 5895 1293 951 5896 1294 953 5897 1311 952 5898 1294 953 5899 1310 954 5900 1310 954 5901 1294 953 5902 1295 955 5903 1310 954 5904 1295 955 5905 1309 956 5906 1309 956 5907 1295 955 5908 1296 957 5909 1309 956 5910 1296 957 5911 1297 958 5912 1309 956 5913 1297 958 5914 1308 959 5915 1308 959 5916 1297 958 5917 1298 960 5918 1308 959 5919 1298 960 5920 1307 961 5921 1307 961 5922 1298 960 5923 1299 962 5924 1307 961 5925 1299 962 5926 1306 963 5927 1306 963 5928 1299 962 5929 1300 964 5930 1306 963 5931 1300 964 5932 1305 965 5933 1305 965 5934 1300 964 5935 1301 966 5936 1305 965 5937 1301 966 5938 1304 967 5939 1304 967 5940 1301 966 5941 1302 944 5942 1304 967 5943 1302 944 5944 1303 946 5945 295 968 5946 1303 946 5947 285 969 5948 285 969 5949 1303 946 5950 1313 948 5951 285 969 5952 1313 948 5953 286 970 5954 286 970 5955 1313 948 5956 1312 950 5957 286 970 5958 1312 950 5959 287 971 5960 287 971 5961 1312 950 5962 1311 952 5963 287 971 5964 1311 952 5965 288 972 5966 288 972 5967 1311 952 5968 1310 954 5969 288 972 5970 1310 954 5971 289 973 5972 289 973 5973 1310 954 5974 1309 956 5975 289 973 5976 1309 956 5977 290 974 5978 290 974 5979 1309 956 5980 1308 959 5981 290 974 5982 1308 959 5983 291 975 5984 291 975 5985 1308 959 5986 1307 961 5987 291 975 5988 1307 961 5989 292 976 5990 292 976 5991 1307 961 5992 1306 963 5993 292 976 5994 1306 963 5995 293 977 5996 293 977 5997 1306 963 5998 1305 965 5999 293 977 6000 1305 965 6001 294 978 6002 294 978 6003 1305 965 6004 1304 967 6005 294 978 6006 1304 967 6007 295 968 6008 295 968 6009 1304 967 6010 1303 946 6011 1326 979 6012 1314 980 6013 1327 981 6014 1327 981 6015 1314 980 6016 1315 982 6017 1327 981 6018 1315 982 6019 1337 983 6020 1337 983 6021 1315 982 6022 1316 984 6023 1337 983 6024 1316 984 6025 1336 985 6026 1336 985 6027 1316 984 6028 1317 986 6029 1336 985 6030 1317 986 6031 1335 987 6032 1335 987 6033 1317 986 6034 1318 988 6035 1335 987 6036 1318 988 6037 1334 989 6038 1334 989 6039 1318 988 6040 1319 990 6041 1334 989 6042 1319 990 6043 1333 991 6044 1333 991 6045 1319 990 6046 1320 992 6047 1333 991 6048 1320 992 6049 1321 993 6050 1333 991 6051 1321 993 6052 1332 994 6053 1332 994 6054 1321 993 6055 1322 995 6056 1332 994 6057 1322 995 6058 1331 996 6059 1331 996 6060 1322 995 6061 1323 997 6062 1331 996 6063 1323 997 6064 1330 998 6065 1330 998 6066 1323 997 6067 1324 999 6068 1330 998 6069 1324 999 6070 1329 1000 6071 1329 1000 6072 1324 999 6073 1325 1001 6074 1329 1000 6075 1325 1001 6076 1328 1002 6077 1328 1002 6078 1325 1001 6079 1326 979 6080 1328 1002 6081 1326 979 6082 1327 981 6083 306 1003 6084 1327 981 6085 296 1004 6086 296 1004 6087 1327 981 6088 1337 983 6089 296 1004 6090 1337 983 6091 297 1005 6092 297 1005 6093 1337 983 6094 1336 985 6095 297 1005 6096 1336 985 6097 298 1006 6098 298 1006 6099 1336 985 6100 1335 987 6101 298 1006 6102 1335 987 6103 299 1007 6104 299 1007 6105 1335 987 6106 1334 989 6107 299 1007 6108 1334 989 6109 300 1008 6110 300 1008 6111 1334 989 6112 1333 991 6113 300 1008 6114 1333 991 6115 301 1009 6116 301 1009 6117 1333 991 6118 1332 994 6119 301 1009 6120 1332 994 6121 302 1010 6122 302 1010 6123 1332 994 6124 1331 996 6125 302 1010 6126 1331 996 6127 303 1011 6128 303 1011 6129 1331 996 6130 1330 998 6131 303 1011 6132 1330 998 6133 304 1012 6134 304 1012 6135 1330 998 6136 1329 1000 6137 304 1012 6138 1329 1000 6139 305 1013 6140 305 1013 6141 1329 1000 6142 1328 1002 6143 305 1013 6144 1328 1002 6145 306 1003 6146 306 1003 6147 1328 1002 6148 1327 981 6149 1350 1014 6150 1338 1015 6151 1351 1016 6152 1351 1016 6153 1338 1015 6154 1339 1017 6155 1351 1016 6156 1339 1017 6157 1361 1018 6158 1361 1018 6159 1339 1017 6160 1340 1019 6161 1361 1018 6162 1340 1019 6163 1360 1020 6164 1360 1020 6165 1340 1019 6166 1341 1021 6167 1360 1020 6168 1341 1021 6169 1359 1022 6170 1359 1022 6171 1341 1021 6172 1342 1023 6173 1359 1022 6174 1342 1023 6175 1358 1024 6176 1358 1024 6177 1342 1023 6178 1343 1025 6179 1358 1024 6180 1343 1025 6181 1357 1026 6182 1357 1026 6183 1343 1025 6184 1344 1027 6185 1357 1026 6186 1344 1027 6187 1345 1028 6188 1357 1026 6189 1345 1028 6190 1356 1029 6191 1356 1029 6192 1345 1028 6193 1346 1030 6194 1356 1029 6195 1346 1030 6196 1355 1031 6197 1355 1031 6198 1346 1030 6199 1347 1032 6200 1355 1031 6201 1347 1032 6202 1354 1033 6203 1354 1033 6204 1347 1032 6205 1348 1034 6206 1354 1033 6207 1348 1034 6208 1353 1035 6209 1353 1035 6210 1348 1034 6211 1349 1036 6212 1353 1035 6213 1349 1036 6214 1352 1037 6215 1352 1037 6216 1349 1036 6217 1350 1014 6218 1352 1037 6219 1350 1014 6220 1351 1016 6221 317 1038 6222 1351 1016 6223 307 1039 6224 307 1039 6225 1351 1016 6226 1361 1018 6227 307 1039 6228 1361 1018 6229 308 1040 6230 308 1040 6231 1361 1018 6232 1360 1020 6233 308 1040 6234 1360 1020 6235 309 1041 6236 309 1041 6237 1360 1020 6238 1359 1022 6239 309 1041 6240 1359 1022 6241 310 1042 6242 310 1042 6243 1359 1022 6244 1358 1024 6245 310 1042 6246 1358 1024 6247 311 1043 6248 311 1043 6249 1358 1024 6250 1357 1026 6251 311 1043 6252 1357 1026 6253 312 1044 6254 312 1044 6255 1357 1026 6256 1356 1029 6257 312 1044 6258 1356 1029 6259 313 1045 6260 313 1045 6261 1356 1029 6262 1355 1031 6263 313 1045 6264 1355 1031 6265 314 1046 6266 314 1046 6267 1355 1031 6268 1354 1033 6269 314 1046 6270 1354 1033 6271 315 1047 6272 315 1047 6273 1354 1033 6274 1353 1035 6275 315 1047 6276 1353 1035 6277 316 1048 6278 316 1048 6279 1353 1035 6280 1352 1037 6281 316 1048 6282 1352 1037 6283 317 1038 6284 317 1038 6285 1352 1037 6286 1351 1016 6287 1374 1049 6288 1362 1050 6289 1375 1051 6290 1375 1051 6291 1362 1050 6292 1363 1052 6293 1375 1051 6294 1363 1052 6295 1385 1053 6296 1385 1053 6297 1363 1052 6298 1364 1054 6299 1385 1053 6300 1364 1054 6301 1384 1055 6302 1384 1055 6303 1364 1054 6304 1365 1056 6305 1384 1055 6306 1365 1056 6307 1383 1057 6308 1383 1057 6309 1365 1056 6310 1366 1058 6311 1383 1057 6312 1366 1058 6313 1382 1059 6314 1382 1059 6315 1366 1058 6316 1367 1060 6317 1382 1059 6318 1367 1060 6319 1381 1061 6320 1381 1061 6321 1367 1060 6322 1368 1062 6323 1381 1061 6324 1368 1062 6325 1369 1063 6326 1381 1061 6327 1369 1063 6328 1380 1064 6329 1380 1064 6330 1369 1063 6331 1370 1065 6332 1380 1064 6333 1370 1065 6334 1379 1066 6335 1379 1066 6336 1370 1065 6337 1371 1067 6338 1379 1066 6339 1371 1067 6340 1378 1068 6341 1378 1068 6342 1371 1067 6343 1372 1069 6344 1378 1068 6345 1372 1069 6346 1377 1070 6347 1377 1070 6348 1372 1069 6349 1373 1071 6350 1377 1070 6351 1373 1071 6352 1376 1072 6353 1376 1072 6354 1373 1071 6355 1374 1049 6356 1376 1072 6357 1374 1049 6358 1375 1051 6359 328 1073 6360 1375 1051 6361 318 1074 6362 318 1074 6363 1375 1051 6364 1385 1053 6365 318 1074 6366 1385 1053 6367 319 1075 6368 319 1075 6369 1385 1053 6370 1384 1055 6371 319 1075 6372 1384 1055 6373 320 1076 6374 320 1076 6375 1384 1055 6376 1383 1057 6377 320 1076 6378 1383 1057 6379 321 1077 6380 321 1077 6381 1383 1057 6382 1382 1059 6383 321 1077 6384 1382 1059 6385 322 1078 6386 322 1078 6387 1382 1059 6388 1381 1061 6389 322 1078 6390 1381 1061 6391 323 1079 6392 323 1079 6393 1381 1061 6394 1380 1064 6395 323 1079 6396 1380 1064 6397 324 1080 6398 324 1080 6399 1380 1064 6400 1379 1066 6401 324 1080 6402 1379 1066 6403 325 1081 6404 325 1081 6405 1379 1066 6406 1378 1068 6407 325 1081 6408 1378 1068 6409 326 1082 6410 326 1082 6411 1378 1068 6412 1377 1070 6413 326 1082 6414 1377 1070 6415 327 1083 6416 327 1083 6417 1377 1070 6418 1376 1072 6419 327 1083 6420 1376 1072 6421 328 1073 6422 328 1073 6423 1376 1072 6424 1375 1051 6425 340 768 6426 39 770 6427 329 1084 6428 329 1084 6429 39 770 6430 38 1085 6431 329 1084 6432 38 1085 6433 330 576 6434 330 576 6435 38 1085 6436 49 575 6437 330 576 6438 49 575 6439 331 572 6440 331 572 6441 49 575 6442 48 574 6443 331 572 6444 48 574 6445 332 1086 6446 332 1086 6447 48 574 6448 47 1087 6449 332 1086 6450 47 1087 6451 333 560 6452 333 560 6453 47 1087 6454 46 559 6455 333 560 6456 46 559 6457 334 556 6458 334 556 6459 46 559 6460 45 558 6461 334 556 6462 45 558 6463 335 1088 6464 335 1088 6465 45 558 6466 44 1089 6467 335 1088 6468 44 1089 6469 336 265 6470 336 265 6471 44 1089 6472 43 264 6473 336 265 6474 43 264 6475 337 261 6476 337 261 6477 43 264 6478 42 263 6479 337 261 6480 42 263 6481 338 1090 6482 338 1090 6483 42 263 6484 41 1091 6485 338 1090 6486 41 1091 6487 339 772 6488 339 772 6489 41 1091 6490 40 771 6491 339 772 6492 40 771 6493 340 768 6494 340 768 6495 40 771 6496 39 770 6497 352 572 6498 64 1092 6499 341 1086 6500 341 1086 6501 64 1092 6502 63 1087 6503 341 1086 6504 63 1087 6505 342 560 6506 342 560 6507 63 1087 6508 74 559 6509 342 560 6510 74 559 6511 343 556 6512 343 556 6513 74 559 6514 73 558 6515 343 556 6516 73 558 6517 344 1088 6518 344 1088 6519 73 558 6520 72 1089 6521 344 1088 6522 72 1089 6523 345 265 6524 345 265 6525 72 1089 6526 71 1093 6527 345 265 6528 71 1093 6529 346 261 6530 346 261 6531 71 1093 6532 70 1094 6533 346 261 6534 70 1094 6535 347 1090 6536 347 1090 6537 70 1094 6538 69 1091 6539 347 1090 6540 69 1091 6541 348 772 6542 348 772 6543 69 1091 6544 68 771 6545 348 772 6546 68 771 6547 349 768 6548 349 768 6549 68 771 6550 67 770 6551 349 768 6552 67 770 6553 350 1084 6554 350 1084 6555 67 770 6556 66 1085 6557 350 1084 6558 66 1085 6559 351 576 6560 351 576 6561 66 1085 6562 65 575 6563 351 576 6564 65 575 6565 352 572 6566 352 572 6567 65 575 6568 64 1092 6569 364 556 6570 89 558 6571 353 1088 6572 353 1088 6573 89 558 6574 88 1089 6575 353 1088 6576 88 1089 6577 354 265 6578 354 265 6579 88 1089 6580 99 264 6581 354 265 6582 99 264 6583 355 261 6584 355 261 6585 99 264 6586 98 263 6587 355 261 6588 98 263 6589 356 1090 6590 356 1090 6591 98 263 6592 97 1091 6593 356 1090 6594 97 1091 6595 357 772 6596 357 772 6597 97 1091 6598 96 771 6599 357 772 6600 96 771 6601 358 768 6602 358 768 6603 96 771 6604 95 770 6605 358 768 6606 95 770 6607 359 1084 6608 359 1084 6609 95 770 6610 94 1085 6611 359 1084 6612 94 1085 6613 360 576 6614 360 576 6615 94 1085 6616 93 575 6617 360 576 6618 93 575 6619 361 572 6620 361 572 6621 93 575 6622 92 574 6623 361 572 6624 92 574 6625 362 1086 6626 362 1086 6627 92 574 6628 91 1087 6629 362 1086 6630 91 1087 6631 363 560 6632 363 560 6633 91 1087 6634 90 559 6635 363 560 6636 90 559 6637 364 556 6638 364 556 6639 90 559 6640 89 558 6641 376 261 6642 14 1095 6643 365 1090 6644 365 1090 6645 14 1095 6646 13 1091 6647 365 1090 6648 13 1091 6649 366 772 6650 366 772 6651 13 1091 6652 24 771 6653 366 772 6654 24 771 6655 367 768 6656 367 768 6657 24 771 6658 23 770 6659 367 768 6660 23 770 6661 368 1084 6662 368 1084 6663 23 770 6664 22 1085 6665 368 1084 6666 22 1085 6667 369 576 6668 369 576 6669 22 1085 6670 21 1096 6671 369 576 6672 21 1096 6673 370 572 6674 370 572 6675 21 1096 6676 20 574 6677 370 572 6678 20 574 6679 371 1086 6680 371 1086 6681 20 574 6682 19 1087 6683 371 1086 6684 19 1087 6685 372 560 6686 372 560 6687 19 1087 6688 18 559 6689 372 560 6690 18 559 6691 373 556 6692 373 556 6693 18 559 6694 17 558 6695 373 556 6696 17 558 6697 374 1088 6698 374 1088 6699 17 558 6700 16 1089 6701 374 1088 6702 16 1089 6703 375 265 6704 375 265 6705 16 1089 6706 15 264 6707 375 265 6708 15 264 6709 376 261 6710 376 261 6711 15 264 6712 14 1095 6713 424 768 6714 1214 770 6715 413 1084 6716 413 1084 6717 1214 770 6718 1213 1085 6719 413 1084 6720 1213 1085 6721 414 576 6722 414 576 6723 1213 1085 6724 1224 575 6725 414 576 6726 1224 575 6727 415 572 6728 415 572 6729 1224 575 6730 1223 574 6731 415 572 6732 1223 574 6733 416 1086 6734 416 1086 6735 1223 574 6736 1222 1087 6737 416 1086 6738 1222 1087 6739 417 560 6740 417 560 6741 1222 1087 6742 1221 559 6743 417 560 6744 1221 559 6745 418 556 6746 418 556 6747 1221 559 6748 1220 558 6749 418 556 6750 1220 558 6751 419 1088 6752 419 1088 6753 1220 558 6754 1219 1097 6755 419 1088 6756 1219 1097 6757 420 265 6758 420 265 6759 1219 1097 6760 1218 264 6761 420 265 6762 1218 264 6763 421 261 6764 421 261 6765 1218 264 6766 1217 263 6767 421 261 6768 1217 263 6769 422 1090 6770 422 1090 6771 1217 263 6772 1216 1091 6773 422 1090 6774 1216 1091 6775 423 772 6776 423 772 6777 1216 1091 6778 1215 771 6779 423 772 6780 1215 771 6781 424 768 6782 424 768 6783 1215 771 6784 1214 770 6785 412 768 6786 1226 770 6787 401 1084 6788 401 1084 6789 1226 770 6790 1225 1085 6791 401 1084 6792 1225 1085 6793 402 576 6794 402 576 6795 1225 1085 6796 1236 575 6797 402 576 6798 1236 575 6799 403 572 6800 403 572 6801 1236 575 6802 1235 574 6803 403 572 6804 1235 574 6805 404 1086 6806 404 1086 6807 1235 574 6808 1234 1087 6809 404 1086 6810 1234 1087 6811 405 560 6812 405 560 6813 1234 1087 6814 1233 559 6815 405 560 6816 1233 559 6817 406 556 6818 406 556 6819 1233 559 6820 1232 558 6821 406 556 6822 1232 558 6823 407 1088 6824 407 1088 6825 1232 558 6826 1231 1097 6827 407 1088 6828 1231 1097 6829 408 265 6830 408 265 6831 1231 1097 6832 1230 264 6833 408 265 6834 1230 264 6835 409 261 6836 409 261 6837 1230 264 6838 1229 263 6839 409 261 6840 1229 263 6841 410 1090 6842 410 1090 6843 1229 263 6844 1228 1091 6845 410 1090 6846 1228 1091 6847 411 772 6848 411 772 6849 1228 1091 6850 1227 771 6851 411 772 6852 1227 771 6853 412 768 6854 412 768 6855 1227 771 6856 1226 770 6857 400 768 6858 133 770 6859 389 1084 6860 389 1084 6861 133 770 6862 132 1098 6863 389 1084 6864 132 1098 6865 390 576 6866 390 576 6867 132 1098 6868 143 575 6869 390 576 6870 143 575 6871 391 572 6872 391 572 6873 143 575 6874 142 574 6875 391 572 6876 142 574 6877 392 1086 6878 392 1086 6879 142 574 6880 141 1087 6881 392 1086 6882 141 1087 6883 393 560 6884 393 560 6885 141 1087 6886 140 559 6887 393 560 6888 140 559 6889 394 556 6890 394 556 6891 140 559 6892 139 558 6893 394 556 6894 139 558 6895 395 1088 6896 395 1088 6897 139 558 6898 138 1089 6899 395 1088 6900 138 1089 6901 396 265 6902 396 265 6903 138 1089 6904 137 264 6905 396 265 6906 137 264 6907 397 261 6908 397 261 6909 137 264 6910 136 263 6911 397 261 6912 136 263 6913 398 1090 6914 398 1090 6915 136 263 6916 135 1091 6917 398 1090 6918 135 1091 6919 399 772 6920 399 772 6921 135 1091 6922 134 771 6923 399 772 6924 134 771 6925 400 768 6926 400 768 6927 134 771 6928 133 770 6929 388 768 6930 145 770 6931 377 1084 6932 377 1084 6933 145 770 6934 144 1098 6935 377 1084 6936 144 1098 6937 378 576 6938 378 576 6939 144 1098 6940 155 575 6941 378 576 6942 155 575 6943 379 572 6944 379 572 6945 155 575 6946 154 574 6947 379 572 6948 154 574 6949 380 1086 6950 380 1086 6951 154 574 6952 153 1087 6953 380 1086 6954 153 1087 6955 381 560 6956 381 560 6957 153 1087 6958 152 559 6959 381 560 6960 152 559 6961 382 556 6962 382 556 6963 152 559 6964 151 558 6965 382 556 6966 151 558 6967 383 1088 6968 383 1088 6969 151 558 6970 150 1089 6971 383 1088 6972 150 1089 6973 384 265 6974 384 265 6975 150 1089 6976 149 264 6977 384 265 6978 149 264 6979 385 261 6980 385 261 6981 149 264 6982 148 263 6983 385 261 6984 148 263 6985 386 1090 6986 386 1090 6987 148 263 6988 147 1091 6989 386 1090 6990 147 1091 6991 387 772 6992 387 772 6993 147 1091 6994 146 771 6995 387 772 6996 146 771 6997 388 768 6998 388 768 6999 146 771 7000 145 770 7001 1199 268 7002 1198 268 7003 440 268 7004 440 268 7005 1198 268 7006 441 268 7007 1203 1099 7008 1202 1100 7009 436 1101 7010 436 1101 7011 1202 1100 7012 437 1102 7013 437 1102 7014 1202 1100 7015 1201 1103 7016 437 1102 7017 1201 1103 7018 438 1104 7019 438 1104 7020 1201 1103 7021 439 1105 7022 439 1105 7023 1201 1103 7024 1200 1106 7025 439 1105 7026 1200 1106 7027 1199 1107 7028 1199 1107 7029 440 1108 7030 439 1105 7031 436 258 7032 435 258 7033 1203 258 7034 1203 258 7035 435 258 7036 1204 258 7037 1208 1109 7038 1207 1110 7039 431 1111 7040 431 1111 7041 1207 1110 7042 432 1112 7043 432 1112 7044 1207 1110 7045 1206 1113 7046 432 1112 7047 1206 1113 7048 433 1114 7049 433 1114 7050 1206 1113 7051 434 1115 7052 434 1115 7053 1206 1113 7054 1205 1116 7055 434 1115 7056 1205 1116 7057 1204 1117 7058 1204 1117 7059 435 1118 7060 434 1115 7061 1209 252 7062 1208 252 7063 430 252 7064 430 252 7065 1208 252 7066 431 252 7067 1192 1119 7068 1212 1120 7069 426 1121 7070 426 1121 7071 1212 1120 7072 427 1122 7073 427 1122 7074 1212 1120 7075 1211 1123 7076 427 1122 7077 1211 1123 7078 428 1124 7079 428 1124 7080 1211 1123 7081 429 1125 7082 429 1125 7083 1211 1123 7084 1210 1126 7085 429 1125 7086 1210 1126 7087 1209 1127 7088 1209 1127 7089 430 1128 7090 429 1125 7091 1194 285 7092 1192 285 7093 425 285 7094 425 285 7095 1192 285 7096 426 285 7097 1198 1129 7098 1197 1130 7099 441 1131 7100 441 1131 7101 1197 1130 7102 442 1132 7103 442 1132 7104 1197 1130 7105 1196 1133 7106 442 1132 7107 1196 1133 7108 443 1134 7109 443 1134 7110 1196 1133 7111 444 1135 7112 444 1135 7113 1196 1133 7114 1195 1136 7115 444 1135 7116 1195 1136 7117 1194 1137 7118 1194 1137 7119 425 1138 7120 444 1135 7121 461 258 7122 460 258 7123 120 258 7124 120 258 7125 460 258 7126 101 258 7127 120 1139 7128 119 1100 7129 461 1101 7130 461 1101 7131 119 1100 7132 462 1102 7133 462 1102 7134 119 1100 7135 118 1103 7136 462 1102 7137 118 1103 7138 463 1104 7139 463 1104 7140 118 1103 7141 464 1105 7142 464 1105 7143 118 1103 7144 117 1106 7145 464 1105 7146 117 1106 7147 116 1107 7148 116 1107 7149 445 1108 7150 464 1105 7151 116 268 7152 115 268 7153 445 268 7154 445 268 7155 115 268 7156 446 268 7157 115 1129 7158 114 1130 7159 446 1131 7160 446 1131 7161 114 1130 7162 447 1132 7163 447 1132 7164 114 1130 7165 113 1133 7166 447 1132 7167 113 1133 7168 448 1134 7169 448 1134 7170 113 1133 7171 449 1135 7172 449 1135 7173 113 1133 7174 112 1136 7175 449 1135 7176 112 1136 7177 111 1140 7178 111 1140 7179 450 1138 7180 449 1135 7181 111 285 7182 110 285 7183 450 285 7184 450 285 7185 110 285 7186 451 285 7187 110 1141 7188 109 1120 7189 451 1121 7190 451 1121 7191 109 1120 7192 452 1122 7193 452 1122 7194 109 1120 7195 108 1123 7196 452 1122 7197 108 1123 7198 453 1124 7199 453 1124 7200 108 1123 7201 454 1125 7202 454 1125 7203 108 1123 7204 107 1126 7205 454 1125 7206 107 1126 7207 106 1127 7208 106 1127 7209 455 1128 7210 454 1125 7211 106 252 7212 105 252 7213 455 252 7214 455 252 7215 105 252 7216 456 252 7217 105 1109 7218 104 1110 7219 456 1111 7220 456 1111 7221 104 1110 7222 457 1112 7223 457 1112 7224 104 1110 7225 103 1113 7226 457 1112 7227 103 1113 7228 458 1114 7229 458 1114 7230 103 1113 7231 459 1115 7232 459 1115 7233 103 1113 7234 102 1116 7235 459 1115 7236 102 1116 7237 101 1142 7238 101 1142 7239 460 1118 7240 459 1115 7241 640 1143 7242 770 1144 7243 630 1145 7244 630 1145 7245 770 1144 7246 780 1146 7247 630 1145 7248 780 1146 7249 631 1147 7250 631 1147 7251 780 1146 7252 779 1148 7253 631 1147 7254 779 1148 7255 632 1149 7256 632 1149 7257 779 1148 7258 778 1150 7259 632 1149 7260 778 1150 7261 633 1151 7262 633 1151 7263 778 1150 7264 777 1152 7265 633 1151 7266 777 1152 7267 634 1153 7268 634 1153 7269 777 1152 7270 776 1154 7271 634 1153 7272 776 1154 7273 635 1155 7274 635 1155 7275 776 1154 7276 775 1156 7277 635 1155 7278 775 1156 7279 636 1157 7280 636 1157 7281 775 1156 7282 774 1158 7283 636 1157 7284 774 1158 7285 637 1159 7286 637 1159 7287 774 1158 7288 773 1160 7289 637 1159 7290 773 1160 7291 638 1161 7292 638 1161 7293 773 1160 7294 772 1162 7295 638 1161 7296 772 1162 7297 639 1163 7298 639 1163 7299 772 1162 7300 771 1164 7301 639 1163 7302 771 1164 7303 640 1143 7304 640 1143 7305 771 1164 7306 770 1144 7307 985 1165 7308 1114 1166 7309 975 1167 7310 975 1167 7311 1114 1166 7312 1113 1168 7313 975 1167 7314 1113 1168 7315 976 1169 7316 976 1169 7317 1113 1168 7318 1123 1170 7319 976 1169 7320 1123 1170 7321 977 1171 7322 977 1171 7323 1123 1170 7324 1122 1172 7325 977 1171 7326 1122 1172 7327 978 1173 7328 978 1173 7329 1122 1172 7330 1121 1174 7331 978 1173 7332 1121 1174 7333 979 1175 7334 979 1175 7335 1121 1174 7336 1120 1176 7337 979 1175 7338 1120 1176 7339 980 1177 7340 980 1177 7341 1120 1176 7342 1119 1178 7343 980 1177 7344 1119 1178 7345 981 1179 7346 981 1179 7347 1119 1178 7348 1118 1180 7349 981 1179 7350 1118 1180 7351 982 1181 7352 982 1181 7353 1118 1180 7354 1117 1182 7355 982 1181 7356 1117 1182 7357 983 1183 7358 983 1183 7359 1117 1182 7360 1116 1184 7361 983 1183 7362 1116 1184 7363 984 1185 7364 984 1185 7365 1116 1184 7366 1115 1186 7367 984 1185 7368 1115 1186 7369 985 1165 7370 985 1165 7371 1115 1186 7372 1114 1166 7373 651 1143 7374 781 1187 7375 641 1188 7376 641 1188 7377 781 1187 7378 791 1189 7379 641 1188 7380 791 1189 7381 642 1147 7382 642 1147 7383 791 1189 7384 790 1148 7385 642 1147 7386 790 1148 7387 643 1149 7388 643 1149 7389 790 1148 7390 789 1150 7391 643 1149 7392 789 1150 7393 644 1151 7394 644 1151 7395 789 1150 7396 788 1152 7397 644 1151 7398 788 1152 7399 645 1153 7400 645 1153 7401 788 1152 7402 787 1154 7403 645 1153 7404 787 1154 7405 646 1155 7406 646 1155 7407 787 1154 7408 786 1156 7409 646 1155 7410 786 1156 7411 647 1157 7412 647 1157 7413 786 1156 7414 785 1158 7415 647 1157 7416 785 1158 7417 648 1159 7418 648 1159 7419 785 1158 7420 784 1160 7421 648 1159 7422 784 1160 7423 649 1161 7424 649 1161 7425 784 1160 7426 783 1162 7427 649 1161 7428 783 1162 7429 650 1163 7430 650 1163 7431 783 1162 7432 782 1164 7433 650 1163 7434 782 1164 7435 651 1143 7436 651 1143 7437 782 1164 7438 781 1187 7439 996 1165 7440 1125 1166 7441 986 1190 7442 986 1190 7443 1125 1166 7444 1124 1191 7445 986 1190 7446 1124 1191 7447 987 1192 7448 987 1192 7449 1124 1191 7450 1134 1170 7451 987 1192 7452 1134 1170 7453 988 1171 7454 988 1171 7455 1134 1170 7456 1133 1172 7457 988 1171 7458 1133 1172 7459 989 1173 7460 989 1173 7461 1133 1172 7462 1132 1174 7463 989 1173 7464 1132 1174 7465 990 1193 7466 990 1193 7467 1132 1174 7468 1131 1176 7469 990 1193 7470 1131 1176 7471 991 1177 7472 991 1177 7473 1131 1176 7474 1130 1178 7475 991 1177 7476 1130 1178 7477 992 1179 7478 992 1179 7479 1130 1178 7480 1129 1180 7481 992 1179 7482 1129 1180 7483 993 1194 7484 993 1194 7485 1129 1180 7486 1128 1195 7487 993 1194 7488 1128 1195 7489 994 1183 7490 994 1183 7491 1128 1195 7492 1127 1184 7493 994 1183 7494 1127 1184 7495 995 1185 7496 995 1185 7497 1127 1184 7498 1126 1186 7499 995 1185 7500 1126 1186 7501 996 1165 7502 996 1165 7503 1126 1186 7504 1125 1166 7505 662 1143 7506 792 1187 7507 652 1188 7508 652 1188 7509 792 1187 7510 802 1189 7511 652 1188 7512 802 1189 7513 653 1147 7514 653 1147 7515 802 1189 7516 801 1148 7517 653 1147 7518 801 1148 7519 654 1149 7520 654 1149 7521 801 1148 7522 800 1150 7523 654 1149 7524 800 1150 7525 655 1151 7526 655 1151 7527 800 1150 7528 799 1152 7529 655 1151 7530 799 1152 7531 656 1153 7532 656 1153 7533 799 1152 7534 798 1154 7535 656 1153 7536 798 1154 7537 657 1155 7538 657 1155 7539 798 1154 7540 797 1156 7541 657 1155 7542 797 1156 7543 658 1157 7544 658 1157 7545 797 1156 7546 796 1158 7547 658 1157 7548 796 1158 7549 659 1159 7550 659 1159 7551 796 1158 7552 795 1160 7553 659 1159 7554 795 1160 7555 660 1161 7556 660 1161 7557 795 1160 7558 794 1162 7559 660 1161 7560 794 1162 7561 661 1163 7562 661 1163 7563 794 1162 7564 793 1164 7565 661 1163 7566 793 1164 7567 662 1143 7568 662 1143 7569 793 1164 7570 792 1187 7571 1007 1165 7572 1136 1166 7573 997 1167 7574 997 1167 7575 1136 1166 7576 1135 1168 7577 997 1167 7578 1135 1168 7579 998 1169 7580 998 1169 7581 1135 1168 7582 1145 1170 7583 998 1169 7584 1145 1170 7585 999 1171 7586 999 1171 7587 1145 1170 7588 1144 1172 7589 999 1171 7590 1144 1172 7591 1000 1173 7592 1000 1173 7593 1144 1172 7594 1143 1174 7595 1000 1173 7596 1143 1174 7597 1001 1193 7598 1001 1193 7599 1143 1174 7600 1142 1196 7601 1001 1193 7602 1142 1196 7603 1002 1177 7604 1002 1177 7605 1142 1196 7606 1141 1178 7607 1002 1177 7608 1141 1178 7609 1003 1179 7610 1003 1179 7611 1141 1178 7612 1140 1180 7613 1003 1179 7614 1140 1180 7615 1004 1194 7616 1004 1194 7617 1140 1180 7618 1139 1195 7619 1004 1194 7620 1139 1195 7621 1005 1183 7622 1005 1183 7623 1139 1195 7624 1138 1184 7625 1005 1183 7626 1138 1184 7627 1006 1185 7628 1006 1185 7629 1138 1184 7630 1137 1186 7631 1006 1185 7632 1137 1186 7633 1007 1165 7634 1007 1165 7635 1137 1186 7636 1136 1166 7637 673 1143 7638 803 1187 7639 663 1188 7640 663 1188 7641 803 1187 7642 813 1189 7643 663 1188 7644 813 1189 7645 664 1147 7646 664 1147 7647 813 1189 7648 812 1148 7649 664 1147 7650 812 1148 7651 665 1149 7652 665 1149 7653 812 1148 7654 811 1150 7655 665 1149 7656 811 1150 7657 666 1151 7658 666 1151 7659 811 1150 7660 810 1152 7661 666 1151 7662 810 1152 7663 667 1153 7664 667 1153 7665 810 1152 7666 809 1154 7667 667 1153 7668 809 1154 7669 668 1155 7670 668 1155 7671 809 1154 7672 808 1156 7673 668 1155 7674 808 1156 7675 669 1157 7676 669 1157 7677 808 1156 7678 807 1158 7679 669 1157 7680 807 1158 7681 670 1159 7682 670 1159 7683 807 1158 7684 806 1160 7685 670 1159 7686 806 1160 7687 671 1161 7688 671 1161 7689 806 1160 7690 805 1162 7691 671 1161 7692 805 1162 7693 672 1163 7694 672 1163 7695 805 1162 7696 804 1164 7697 672 1163 7698 804 1164 7699 673 1143 7700 673 1143 7701 804 1164 7702 803 1187 7703 1018 1197 7704 1147 1166 7705 1008 1190 7706 1008 1190 7707 1147 1166 7708 1146 1191 7709 1008 1190 7710 1146 1191 7711 1009 1169 7712 1009 1169 7713 1146 1191 7714 1156 1170 7715 1009 1169 7716 1156 1170 7717 1010 1171 7718 1010 1171 7719 1156 1170 7720 1155 1172 7721 1010 1171 7722 1155 1172 7723 1011 1173 7724 1011 1173 7725 1155 1172 7726 1154 1174 7727 1011 1173 7728 1154 1174 7729 1012 1193 7730 1012 1193 7731 1154 1174 7732 1153 1196 7733 1012 1193 7734 1153 1196 7735 1013 1177 7736 1013 1177 7737 1153 1196 7738 1152 1178 7739 1013 1177 7740 1152 1178 7741 1014 1179 7742 1014 1179 7743 1152 1178 7744 1151 1180 7745 1014 1179 7746 1151 1180 7747 1015 1181 7748 1015 1181 7749 1151 1180 7750 1150 1182 7751 1015 1181 7752 1150 1182 7753 1016 1183 7754 1016 1183 7755 1150 1182 7756 1149 1184 7757 1016 1183 7758 1149 1184 7759 1017 1185 7760 1017 1185 7761 1149 1184 7762 1148 1186 7763 1017 1185 7764 1148 1186 7765 1018 1197 7766 1018 1197 7767 1148 1186 7768 1147 1166 7769 684 1143 7770 814 1144 7771 674 1145 7772 674 1145 7773 814 1144 7774 824 1146 7775 674 1145 7776 824 1146 7777 675 1198 7778 675 1198 7779 824 1146 7780 823 1148 7781 675 1198 7782 823 1148 7783 676 1149 7784 676 1149 7785 823 1148 7786 822 1150 7787 676 1149 7788 822 1150 7789 677 1151 7790 677 1151 7791 822 1150 7792 821 1152 7793 677 1151 7794 821 1152 7795 678 1153 7796 678 1153 7797 821 1152 7798 820 1154 7799 678 1153 7800 820 1154 7801 679 1155 7802 679 1155 7803 820 1154 7804 819 1156 7805 679 1155 7806 819 1156 7807 680 1157 7808 680 1157 7809 819 1156 7810 818 1158 7811 680 1157 7812 818 1158 7813 681 1159 7814 681 1159 7815 818 1158 7816 817 1160 7817 681 1159 7818 817 1160 7819 682 1161 7820 682 1161 7821 817 1160 7822 816 1162 7823 682 1161 7824 816 1162 7825 683 1163 7826 683 1163 7827 816 1162 7828 815 1199 7829 683 1163 7830 815 1199 7831 684 1143 7832 684 1143 7833 815 1199 7834 814 1144 7835 1029 1165 7836 1158 1166 7837 1019 1167 7838 1019 1167 7839 1158 1166 7840 1157 1168 7841 1019 1167 7842 1157 1168 7843 1020 1169 7844 1020 1169 7845 1157 1168 7846 1167 1170 7847 1020 1169 7848 1167 1170 7849 1021 1171 7850 1021 1171 7851 1167 1170 7852 1166 1172 7853 1021 1171 7854 1166 1172 7855 1022 1173 7856 1022 1173 7857 1166 1172 7858 1165 1174 7859 1022 1173 7860 1165 1174 7861 1023 1175 7862 1023 1175 7863 1165 1174 7864 1164 1176 7865 1023 1175 7866 1164 1176 7867 1024 1177 7868 1024 1177 7869 1164 1176 7870 1163 1178 7871 1024 1177 7872 1163 1178 7873 1025 1179 7874 1025 1179 7875 1163 1178 7876 1162 1180 7877 1025 1179 7878 1162 1180 7879 1026 1181 7880 1026 1181 7881 1162 1180 7882 1161 1182 7883 1026 1181 7884 1161 1182 7885 1027 1183 7886 1027 1183 7887 1161 1182 7888 1160 1184 7889 1027 1183 7890 1160 1184 7891 1028 1185 7892 1028 1185 7893 1160 1184 7894 1159 1186 7895 1028 1185 7896 1159 1186 7897 1029 1165 7898 1029 1165 7899 1159 1186 7900 1158 1166 7901 1387 65 7902 1366 65 7903 1386 65 7904 1386 65 7905 1366 65 7906 1365 65 7907 1386 65 7908 1365 65 7909 1364 65 7910 1366 65 7911 1387 65 7912 1367 65 7913 1367 65 7914 1387 65 7915 1388 65 7916 1367 65 7917 1388 65 7918 1368 65 7919 1368 1200 7920 1388 1200 7921 1389 1200 7922 1368 65 7923 1389 65 7924 1369 65 7925 1369 1201 7926 1389 1201 7927 1390 1201 7928 1369 65 7929 1390 65 7930 1370 65 7931 1370 65 7932 1390 65 7933 1391 65 7934 1370 1202 7935 1391 1202 7936 1371 1202 7937 1371 1203 7938 1391 1203 7939 1392 1203 7940 1371 1204 7941 1392 1204 7942 1372 1204 7943 1372 65 7944 1392 65 7945 1373 65 7946 1373 65 7947 1392 65 7948 1393 65 7949 1373 65 7950 1393 65 7951 1374 65 7952 1374 65 7953 1393 65 7954 1394 65 7955 1374 1205 7956 1394 1205 7957 1395 1205 7958 1396 1206 7959 1363 1206 7960 1395 1206 7961 1395 65 7962 1363 65 7963 1362 65 7964 1395 65 7965 1362 65 7966 1374 65 7967 1396 65 7968 1397 65 7969 1363 65 7970 1363 65 7971 1397 65 7972 1364 65 7973 1364 65 7974 1397 65 7975 1386 65 7976 1339 65 7977 1338 65 7978 1407 65 7979 1407 65 7980 1338 65 7981 1350 65 7982 1407 1207 7983 1350 1207 7984 1406 1207 7985 1406 1208 7986 1350 1208 7987 1349 1208 7988 1406 1209 7989 1349 1209 7990 1405 1209 7991 1405 1210 7992 1349 1210 7993 1348 1210 7994 1405 1211 7995 1348 1211 7996 1404 1211 7997 1404 65 7998 1348 65 7999 1347 65 8000 1404 65 8001 1347 65 8002 1403 65 8003 1403 65 8004 1347 65 8005 1346 65 8006 1403 1212 8007 1346 1212 8008 1402 1212 8009 1402 65 8010 1346 65 8011 1345 65 8012 1402 1213 8013 1345 1213 8014 1401 1213 8015 1401 65 8016 1345 65 8017 1344 65 8018 1401 65 8019 1344 65 8020 1400 65 8021 1400 65 8022 1344 65 8023 1343 65 8024 1400 1214 8025 1343 1214 8026 1399 1214 8027 1399 1215 8028 1343 1215 8029 1342 1215 8030 1399 1216 8031 1342 1216 8032 1398 1216 8033 1398 65 8034 1342 65 8035 1341 65 8036 1398 65 8037 1341 65 8038 1409 65 8039 1409 1217 8040 1341 1217 8041 1340 1217 8042 1409 65 8043 1340 65 8044 1408 65 8045 1408 65 8046 1340 65 8047 1339 65 8048 1408 65 8049 1339 65 8050 1407 65 8051 1411 65 8052 1318 65 8053 1410 65 8054 1410 65 8055 1318 65 8056 1317 65 8057 1410 65 8058 1317 65 8059 1421 65 8060 1421 65 8061 1317 65 8062 1316 65 8063 1421 1218 8064 1316 1218 8065 1420 1218 8066 1420 65 8067 1316 65 8068 1315 65 8069 1420 1219 8070 1315 1219 8071 1419 1219 8072 1419 65 8073 1315 65 8074 1314 65 8075 1419 65 8076 1314 65 8077 1326 65 8078 1318 65 8079 1411 65 8080 1319 65 8081 1319 65 8082 1411 65 8083 1412 65 8084 1319 65 8085 1412 65 8086 1320 65 8087 1320 1220 8088 1412 1220 8089 1413 1220 8090 1320 65 8091 1413 65 8092 1321 65 8093 1321 1221 8094 1413 1221 8095 1414 1221 8096 1321 65 8097 1414 65 8098 1322 65 8099 1322 65 8100 1414 65 8101 1415 65 8102 1322 1222 8103 1415 1222 8104 1323 1222 8105 1323 1223 8106 1415 1223 8107 1416 1223 8108 1323 1224 8109 1416 1224 8110 1324 1224 8111 1324 65 8112 1416 65 8113 1417 65 8114 1324 65 8115 1417 65 8116 1325 65 8117 1325 65 8118 1417 65 8119 1418 65 8120 1325 1225 8121 1418 1225 8122 1326 1225 8123 1326 1226 8124 1418 1226 8125 1419 1226 8126 1238 65 8127 1422 65 8128 1193 65 8129 1193 1227 8130 1422 1227 8131 1423 1227 8132 1193 1228 8133 1423 1228 8134 1424 1228 8135 1425 65 8136 1467 65 8137 1424 65 8138 1424 1229 8139 1467 1229 8140 1468 1229 8141 1424 1230 8142 1468 1230 8143 1193 1230 8144 1193 1231 8145 1468 1231 8146 1469 1231 8147 1193 1232 8148 1469 1232 8149 1470 1232 8150 1467 65 8151 1425 65 8152 1466 65 8153 1466 65 8154 1425 65 8155 1426 65 8156 1466 65 8157 1426 65 8158 1427 65 8159 1466 65 8160 1427 65 8161 1465 65 8162 1465 1233 8163 1427 1233 8164 1428 1233 8165 1465 65 8166 1428 65 8167 1464 65 8168 1464 1234 8169 1428 1234 8170 1429 1234 8171 1464 1235 8172 1429 1235 8173 1430 1235 8174 1464 65 8175 1430 65 8176 1463 65 8177 1463 65 8178 1430 65 8179 1431 65 8180 1463 65 8181 1431 65 8182 1461 65 8183 1461 65 8184 1431 65 8185 1460 65 8186 1460 1236 8187 1431 1236 8188 1432 1236 8189 1460 1237 8190 1432 1237 8191 1433 1237 8192 1460 65 8193 1433 65 8194 1459 65 8195 1459 1238 8196 1433 1238 8197 1434 1238 8198 1459 1239 8199 1434 1239 8200 1458 1239 8201 1458 65 8202 1434 65 8203 1435 65 8204 1458 65 8205 1435 65 8206 1436 65 8207 1458 65 8208 1436 65 8209 1457 65 8210 1457 65 8211 1436 65 8212 1437 65 8213 1457 65 8214 1437 65 8215 1456 65 8216 1456 1240 8217 1437 1240 8218 121 1240 8219 1456 65 8220 121 65 8221 1455 65 8222 1455 1241 8223 121 1241 8224 1454 1241 8225 1454 65 8226 121 65 8227 1453 65 8228 1453 65 8229 121 65 8230 1440 65 8231 1453 1242 8232 1440 1242 8233 1441 1242 8234 1437 1243 8235 1438 1243 8236 121 1243 8237 121 1244 8238 1438 1244 8239 1439 1244 8240 121 65 8241 1439 65 8242 1237 65 8243 1441 65 8244 1442 65 8245 1453 65 8246 1453 118 8247 1442 118 8248 1452 118 8249 1452 65 8250 1442 65 8251 1443 65 8252 1452 1245 8253 1443 1245 8254 1444 1245 8255 1445 65 8256 1461 65 8257 1444 65 8258 1444 1246 8259 1461 1246 8260 1450 1246 8261 1444 1247 8262 1450 1247 8263 1451 1247 8264 1446 1248 8265 1472 1248 8266 1445 1248 8267 1445 65 8268 1472 65 8269 1473 65 8270 1445 1249 8271 1473 1249 8272 1462 1249 8273 1446 65 8274 1447 65 8275 1472 65 8276 1472 95 8277 1447 95 8278 1471 95 8279 1471 1250 8280 1447 1250 8281 1448 1250 8282 1471 1251 8283 1448 1251 8284 1449 1251 8285 1449 65 8286 1193 65 8287 1471 65 8288 1471 65 8289 1193 65 8290 1470 65 8291 1451 65 8292 1452 65 8293 1444 65 8294 1462 65 8295 1463 65 8296 1445 65 8297 1445 65 8298 1463 65 8299 1461 65 8300 1475 65 8301 1520 65 8302 1474 65 8303 1474 1252 8304 1520 1252 8305 1521 1252 8306 1474 65 8307 1521 65 8308 1189 65 8309 1189 65 8310 1521 65 8311 1522 65 8312 1189 65 8313 1522 65 8314 1523 65 8315 1476 65 8316 1518 65 8317 1475 65 8318 1475 1253 8319 1518 1253 8320 1519 1253 8321 1475 65 8322 1519 65 8323 1520 65 8324 1518 1254 8325 1476 1254 8326 1517 1254 8327 1517 65 8328 1476 65 8329 1477 65 8330 1517 1255 8331 1477 1255 8332 1478 1255 8333 1517 65 8334 1478 65 8335 1494 65 8336 1494 65 8337 1478 65 8338 1479 65 8339 1494 65 8340 1479 65 8341 1493 65 8342 1493 65 8343 1479 65 8344 1502 65 8345 1493 65 8346 1502 65 8347 1503 65 8348 1479 65 8349 1480 65 8350 1502 65 8351 1502 65 8352 1480 65 8353 1501 65 8354 1501 65 8355 1480 65 8356 1500 65 8357 1500 1256 8358 1480 1256 8359 1499 1256 8360 1499 1257 8361 1480 1257 8362 1481 1257 8363 1499 65 8364 1481 65 8365 1498 65 8366 1498 65 8367 1481 65 8368 1482 65 8369 1498 1258 8370 1482 1258 8371 1483 1258 8372 1483 65 8373 1484 65 8374 1498 65 8375 1498 65 8376 1484 65 8377 1189 65 8378 1189 1232 8379 1484 1232 8380 1485 1232 8381 1189 1231 8382 1485 1231 8383 1474 1231 8384 1487 65 8385 100 65 8386 1486 65 8387 1486 65 8388 100 65 8389 1512 65 8390 1486 1259 8391 1512 1259 8392 1513 1259 8393 1487 1241 8394 1488 1241 8395 100 1241 8396 100 65 8397 1488 65 8398 1507 65 8399 1507 1260 8400 1488 1260 8401 1489 1260 8402 1507 1261 8403 1489 1261 8404 1490 1261 8405 1490 65 8406 1491 65 8407 1507 65 8408 1507 65 8409 1491 65 8410 1506 65 8411 1506 1262 8412 1491 1262 8413 1492 1262 8414 1506 1263 8415 1492 1263 8416 1505 1263 8417 1505 65 8418 1492 65 8419 1504 65 8420 1504 65 8421 1492 65 8422 1503 65 8423 1503 1246 8424 1492 1246 8425 1493 1246 8426 1517 65 8427 1494 65 8428 1516 65 8429 1516 1264 8430 1494 1264 8431 1495 1264 8432 1516 65 8433 1495 65 8434 1496 65 8435 1516 1265 8436 1496 1265 8437 1515 1265 8438 1515 65 8439 1496 65 8440 1497 65 8441 1515 65 8442 1497 65 8443 1514 65 8444 1514 65 8445 1497 65 8446 1513 65 8447 1513 1266 8448 1497 1266 8449 1486 1266 8450 1190 65 8451 1189 65 8452 1525 65 8453 1525 1267 8454 1189 1267 8455 1524 1267 8456 1524 65 8457 1189 65 8458 1523 65 8459 1191 65 8460 1508 65 8461 100 65 8462 100 1244 8463 1508 1244 8464 1509 1244 8465 100 1268 8466 1509 1268 8467 1510 1268 8468 1510 65 8469 1511 65 8470 100 65 8471 100 65 8472 1511 65 8473 1512 65 8474 1527 0 8475 1711 0 8476 1526 0 8477 1526 1269 8478 1711 1269 8479 1874 1269 8480 1526 1270 8481 1874 1270 8482 1875 1270 8483 1528 0 8484 1750 0 8485 1527 0 8486 1527 1271 8487 1750 1271 8488 1751 1271 8489 1527 0 8490 1751 0 8491 1837 0 8492 1837 1272 8493 1751 1272 8494 1752 1272 8495 1837 0 8496 1752 0 8497 1836 0 8498 1836 1273 8499 1752 1273 8500 1753 1273 8501 1836 1274 8502 1753 1274 8503 1835 1274 8504 1835 1275 8505 1753 1275 8506 1754 1275 8507 1835 0 8508 1754 0 8509 1846 0 8510 1846 1276 8511 1754 1276 8512 1826 1276 8513 1846 0 8514 1826 0 8515 1845 0 8516 1845 1277 8517 1826 1277 8518 1827 1277 8519 1845 0 8520 1827 0 8521 1701 0 8522 1701 0 8523 1827 0 8524 1700 0 8525 1700 1278 8526 1827 1278 8527 1828 1278 8528 1700 1279 8529 1828 1279 8530 1699 1279 8531 1699 1280 8532 1828 1280 8533 1829 1280 8534 1699 0 8535 1829 0 8536 1710 0 8537 1710 1281 8538 1829 1281 8539 1830 1281 8540 1710 0 8541 1830 0 8542 1709 0 8543 1709 0 8544 1830 0 8545 1591 0 8546 1709 0 8547 1591 0 8548 1708 0 8549 1708 0 8550 1591 0 8551 1592 0 8552 1708 0 8553 1592 0 8554 1707 0 8555 1707 0 8556 1592 0 8557 1593 0 8558 1707 0 8559 1593 0 8560 1547 0 8561 1547 1282 8562 1593 1282 8563 1594 1282 8564 1547 0 8565 1594 0 8566 1546 0 8567 1546 0 8568 1594 0 8569 1595 0 8570 1546 0 8571 1595 0 8572 1566 0 8573 1566 1283 8574 1595 1283 8575 1596 1283 8576 1566 0 8577 1596 0 8578 1694 0 8579 1694 0 8580 1596 0 8581 1597 0 8582 1694 1284 8583 1597 1284 8584 1693 1284 8585 1693 1285 8586 1597 1285 8587 1598 1285 8588 1693 0 8589 1598 0 8590 1831 0 8591 1831 1286 8592 1598 1286 8593 1599 1286 8594 1831 1287 8595 1599 1287 8596 1589 1287 8597 1528 0 8598 1529 0 8599 1750 0 8600 1750 0 8601 1529 0 8602 1749 0 8603 1749 1288 8604 1529 1288 8605 1530 1288 8606 1749 1289 8607 1530 1289 8608 1531 1289 8609 1532 0 8610 1760 0 8611 1531 0 8612 1531 0 8613 1760 0 8614 1758 0 8615 1531 1290 8616 1758 1290 8617 1747 1290 8618 1533 0 8619 1769 0 8620 1532 0 8621 1532 1291 8622 1769 1291 8623 1770 1291 8624 1532 1292 8625 1770 1292 8626 1759 1292 8627 1533 0 8628 1534 0 8629 1769 0 8630 1769 0 8631 1534 0 8632 1768 0 8633 1768 1293 8634 1534 1293 8635 1535 1293 8636 1768 1294 8637 1535 1294 8638 1536 1294 8639 1537 0 8640 1735 0 8641 1536 0 8642 1536 1295 8643 1735 1295 8644 1856 1295 8645 1536 1296 8646 1856 1296 8647 1857 1296 8648 1538 0 8649 1792 0 8650 1537 0 8651 1537 1297 8652 1792 1297 8653 1793 1297 8654 1537 0 8655 1793 0 8656 1867 0 8657 1867 1298 8658 1793 1298 8659 1794 1298 8660 1867 0 8661 1794 0 8662 1866 0 8663 1866 1299 8664 1794 1299 8665 1783 1299 8666 1866 1300 8667 1783 1300 8668 1865 1300 8669 1865 1301 8670 1783 1301 8671 1784 1301 8672 1865 0 8673 1784 0 8674 1864 0 8675 1864 1302 8676 1784 1302 8677 1811 1302 8678 1864 0 8679 1811 0 8680 1863 0 8681 1863 1303 8682 1811 1303 8683 1812 1303 8684 1863 0 8685 1812 0 8686 1725 0 8687 1725 0 8688 1812 0 8689 1724 0 8690 1724 1304 8691 1812 1304 8692 1813 1304 8693 1724 1305 8694 1813 1305 8695 1723 1305 8696 1723 1306 8697 1813 1306 8698 1814 1306 8699 1723 0 8700 1814 0 8701 1734 0 8702 1734 1307 8703 1814 1307 8704 1795 1307 8705 1734 0 8706 1795 0 8707 1733 0 8708 1733 0 8709 1795 0 8710 1640 0 8711 1733 0 8712 1640 0 8713 1641 0 8714 1538 0 8715 1539 0 8716 1792 0 8717 1792 0 8718 1539 0 8719 1791 0 8720 1791 1308 8721 1539 1308 8722 1540 1308 8723 1791 1309 8724 1540 1309 8725 1541 1309 8726 1542 0 8727 1788 0 8728 1541 0 8729 1541 1310 8730 1788 1310 8731 1789 1310 8732 1541 1292 8733 1789 1292 8734 1790 1292 8735 1543 0 8736 1775 0 8737 1542 0 8738 1542 1311 8739 1775 1311 8740 1776 1311 8741 1542 1312 8742 1776 1312 8743 1777 1312 8744 1543 0 8745 1544 0 8746 1775 0 8747 1775 0 8748 1544 0 8749 1774 0 8750 1774 1313 8751 1544 1313 8752 1545 1313 8753 1774 1314 8754 1545 1314 8755 1526 1314 8756 1547 0 8757 1548 0 8758 1707 0 8759 1707 1315 8760 1548 1315 8761 1706 1315 8762 1706 0 8763 1548 0 8764 1705 0 8765 1705 1316 8766 1548 1316 8767 1549 1316 8768 1705 1317 8769 1549 1317 8770 1586 1317 8771 1586 1318 8772 1549 1318 8773 1585 1318 8774 1585 1319 8775 1549 1319 8776 1550 1319 8777 1585 0 8778 1550 0 8779 1584 0 8780 1584 0 8781 1550 0 8782 1551 0 8783 1584 0 8784 1551 0 8785 1663 0 8786 1663 1320 8787 1551 1320 8788 1576 1320 8789 1663 0 8790 1576 0 8791 1662 0 8792 1662 1321 8793 1576 1321 8794 1577 1321 8795 1662 1322 8796 1577 1322 8797 1661 1322 8798 1661 1323 8799 1577 1323 8800 1567 1323 8801 1661 0 8802 1567 0 8803 1660 0 8804 1660 1324 8805 1567 1324 8806 1568 1324 8807 1660 1325 8808 1568 1325 8809 1659 1325 8810 1659 1326 8811 1568 1326 8812 1569 1326 8813 1659 0 8814 1569 0 8815 1658 0 8816 1658 1327 8817 1569 1327 8818 1570 1327 8819 1658 1328 8820 1570 1328 8821 1711 1328 8822 1711 0 8823 1570 0 8824 1722 0 8825 1722 0 8826 1570 0 8827 1571 0 8828 1722 0 8829 1571 0 8830 1721 0 8831 1721 1329 8832 1571 1329 8833 1572 1329 8834 1721 1330 8835 1572 1330 8836 1720 1330 8837 1720 0 8838 1572 0 8839 1573 0 8840 1720 0 8841 1573 0 8842 1719 0 8843 1719 1331 8844 1573 1331 8845 1574 1331 8846 1719 0 8847 1574 0 8848 1718 0 8849 1718 0 8850 1574 0 8851 1575 0 8852 1718 0 8853 1575 0 8854 1552 0 8855 1552 1332 8856 1575 1332 8857 1551 1332 8858 1551 0 8859 1575 0 8860 1576 0 8861 1553 0 8862 1654 0 8863 1552 0 8864 1552 1333 8865 1654 1333 8866 1644 1333 8867 1552 1334 8868 1644 1334 8869 1718 1334 8870 1718 1335 8871 1644 1335 8872 1717 1335 8873 1717 1336 8874 1644 1336 8875 1645 1336 8876 1717 0 8877 1645 0 8878 1716 0 8879 1716 1337 8880 1645 1337 8881 1646 1337 8882 1716 1338 8883 1646 1338 8884 1715 1338 8885 1715 0 8886 1646 0 8887 1647 0 8888 1715 0 8889 1647 0 8890 1882 0 8891 1882 1339 8892 1647 1339 8893 1648 1339 8894 1882 1340 8895 1648 1340 8896 1881 1340 8897 1881 1341 8898 1648 1341 8899 1649 1341 8900 1881 0 8901 1649 0 8902 1880 0 8903 1880 0 8904 1649 0 8905 1650 0 8906 1880 0 8907 1650 0 8908 1666 0 8909 1666 1342 8910 1650 1342 8911 1676 1342 8912 1676 1343 8913 1650 1343 8914 1651 1343 8915 1676 1344 8916 1651 1344 8917 1652 1344 8918 1654 1345 8919 1553 1345 8920 1653 1345 8921 1653 1346 8922 1553 1346 8923 1554 1346 8924 1653 1347 8925 1554 1347 8926 1674 1347 8927 1674 0 8928 1554 0 8929 1673 0 8930 1673 1348 8931 1554 1348 8932 1555 1348 8933 1673 1349 8934 1555 1349 8935 1672 1349 8936 1672 0 8937 1555 0 8938 1635 0 8939 1672 0 8940 1635 0 8941 1636 0 8942 1635 0 8943 1555 0 8944 1634 0 8945 1634 1350 8946 1555 1350 8947 1556 1350 8948 1634 0 8949 1556 0 8950 1633 0 8951 1633 0 8952 1556 0 8953 1557 0 8954 1633 0 8955 1557 0 8956 1643 0 8957 1643 1351 8958 1557 1351 8959 1558 1351 8960 1643 0 8961 1558 0 8962 1642 0 8963 1642 1352 8964 1558 1352 8965 1731 1352 8966 1642 0 8967 1731 0 8968 1732 0 8969 1731 0 8970 1558 0 8971 1730 0 8972 1730 1353 8973 1558 1353 8974 1559 1353 8975 1730 0 8976 1559 0 8977 1729 0 8978 1729 1354 8979 1559 1354 8980 1624 1354 8981 1729 1355 8982 1624 1355 8983 1625 1355 8984 1559 1356 8985 1560 1356 8986 1624 1356 8987 1624 1357 8988 1560 1357 8989 1623 1357 8990 1623 0 8991 1560 0 8992 1561 0 8993 1623 1358 8994 1561 1358 8995 1622 1358 8996 1622 0 8997 1561 0 8998 1685 0 8999 1622 0 9000 1685 0 9001 1632 0 9002 1632 1359 9003 1685 1359 9004 1686 1359 9005 1632 0 9006 1686 0 9007 1631 0 9008 1631 0 9009 1686 0 9010 1687 0 9011 1631 0 9012 1687 0 9013 1630 0 9014 1630 0 9015 1687 0 9016 1860 0 9017 1630 1360 9018 1860 1360 9019 1629 1360 9020 1629 1361 9021 1860 1361 9022 1861 1361 9023 1629 1362 9024 1861 1362 9025 1628 1362 9026 1628 0 9027 1861 0 9028 1862 0 9029 1628 0 9030 1862 0 9031 1726 0 9032 1726 0 9033 1862 0 9034 1863 0 9035 1726 0 9036 1863 0 9037 1725 0 9038 1685 0 9039 1561 0 9040 1614 0 9041 1614 0 9042 1561 0 9043 1562 0 9044 1614 0 9045 1562 0 9046 1613 0 9047 1613 0 9048 1562 0 9049 1742 0 9050 1613 1363 9051 1742 1363 9052 1743 1363 9053 1742 0 9054 1562 0 9055 1605 0 9056 1605 0 9057 1562 0 9058 1563 0 9059 1605 0 9060 1563 0 9061 1604 0 9062 1604 1364 9063 1563 1364 9064 1564 1364 9065 1604 1365 9066 1564 1365 9067 1603 1365 9068 1603 1366 9069 1564 1366 9070 1696 1366 9071 1603 1367 9072 1696 1367 9073 1697 1367 9074 1564 1368 9075 1565 1368 9076 1696 1368 9077 1696 0 9078 1565 0 9079 1695 0 9080 1695 1369 9081 1565 1369 9082 1566 1369 9083 1695 0 9084 1566 0 9085 1694 0 9086 1579 0 9087 1844 0 9088 1578 0 9089 1578 0 9090 1844 0 9091 1702 0 9092 1578 0 9093 1702 0 9094 1588 0 9095 1588 1370 9096 1702 1370 9097 1703 1370 9098 1588 0 9099 1703 0 9100 1587 0 9101 1587 0 9102 1703 0 9103 1704 0 9104 1587 0 9105 1704 0 9106 1586 0 9107 1586 1371 9108 1704 1371 9109 1705 1371 9110 1844 1372 9111 1579 1372 9112 1843 1372 9113 1843 0 9114 1579 0 9115 1580 0 9116 1843 0 9117 1580 0 9118 1842 0 9119 1842 0 9120 1580 0 9121 1581 0 9122 1842 0 9123 1581 0 9124 1665 0 9125 1665 1373 9126 1581 1373 9127 1664 1373 9128 1664 1374 9129 1581 1374 9130 1582 1374 9131 1664 1375 9132 1582 1375 9133 1583 1375 9134 1664 1376 9135 1583 1376 9136 1663 1376 9137 1663 0 9138 1583 0 9139 1584 0 9140 1831 0 9141 1589 0 9142 1830 0 9143 1830 1377 9144 1589 1377 9145 1590 1377 9146 1830 1378 9147 1590 1378 9148 1591 1378 9149 1601 0 9150 1688 0 9151 1600 0 9152 1600 0 9153 1688 0 9154 1850 0 9155 1600 0 9156 1850 0 9157 1610 0 9158 1610 1379 9159 1850 1379 9160 1851 1379 9161 1610 0 9162 1851 0 9163 1609 0 9164 1609 0 9165 1851 0 9166 1852 0 9167 1609 0 9168 1852 0 9169 1608 0 9170 1608 0 9171 1852 0 9172 1739 0 9173 1608 0 9174 1739 0 9175 1740 0 9176 1688 0 9177 1601 0 9178 1698 0 9179 1698 0 9180 1601 0 9181 1602 0 9182 1698 1380 9183 1602 1380 9184 1697 1380 9185 1697 0 9186 1602 0 9187 1603 0 9188 1742 0 9189 1605 0 9190 1741 0 9191 1741 0 9192 1605 0 9193 1606 0 9194 1741 1381 9195 1606 1381 9196 1607 1381 9197 1741 0 9198 1607 0 9199 1740 0 9200 1740 1382 9201 1607 1382 9202 1608 1382 9203 1612 1383 9204 1743 1383 9205 1611 1383 9206 1611 1384 9207 1743 1384 9208 1744 1384 9209 1611 1385 9210 1744 1385 9211 1745 1385 9212 1612 1386 9213 1613 1386 9214 1743 1386 9215 1685 1387 9216 1614 1387 9217 1684 1387 9218 1684 0 9219 1614 0 9220 1615 0 9221 1684 0 9222 1615 0 9223 1683 0 9224 1683 1388 9225 1615 1388 9226 1616 1388 9227 1683 0 9228 1616 0 9229 1617 0 9230 1683 0 9231 1617 0 9232 1682 0 9233 1682 1389 9234 1617 1389 9235 1618 1389 9236 1682 0 9237 1618 0 9238 1681 0 9239 1681 0 9240 1618 0 9241 1619 0 9242 1681 0 9243 1619 0 9244 1680 0 9245 1680 1390 9246 1619 1390 9247 1735 1390 9248 1680 0 9249 1735 0 9250 1537 0 9251 1735 1391 9252 1619 1391 9253 1746 1391 9254 1746 1392 9255 1619 1392 9256 1620 1392 9257 1746 0 9258 1620 0 9259 1745 0 9260 1745 1393 9261 1620 1393 9262 1621 1393 9263 1745 1394 9264 1621 1394 9265 1611 1394 9266 1729 1395 9267 1625 1395 9268 1728 1395 9269 1728 1396 9270 1625 1396 9271 1626 1396 9272 1728 1397 9273 1626 1397 9274 1727 1397 9275 1727 1398 9276 1626 1398 9277 1627 1398 9278 1727 1399 9279 1627 1399 9280 1726 1399 9281 1726 0 9282 1627 0 9283 1628 0 9284 1672 1400 9285 1636 1400 9286 1671 1400 9287 1671 0 9288 1636 0 9289 1637 0 9290 1671 0 9291 1637 0 9292 1796 0 9293 1796 1401 9294 1637 1401 9295 1638 1401 9296 1796 0 9297 1638 0 9298 1639 0 9299 1796 0 9300 1639 0 9301 1795 0 9302 1795 1402 9303 1639 1402 9304 1640 1402 9305 1733 0 9306 1641 0 9307 1732 0 9308 1732 0 9309 1641 0 9310 1642 0 9311 1653 1403 9312 1674 1403 9313 1652 1403 9314 1652 1404 9315 1674 1404 9316 1675 1404 9317 1652 1405 9318 1675 1405 9319 1676 1405 9320 1656 0 9321 1840 0 9322 1655 0 9323 1655 1406 9324 1840 1406 9325 1841 1406 9326 1655 1407 9327 1841 1407 9328 1665 1407 9329 1665 1408 9330 1841 1408 9331 1842 1408 9332 1840 1409 9333 1656 1409 9334 1839 1409 9335 1839 0 9336 1656 0 9337 1657 0 9338 1839 0 9339 1657 0 9340 1838 0 9341 1838 1410 9342 1657 1410 9343 1658 1410 9344 1838 1411 9345 1658 1411 9346 1527 1411 9347 1527 1412 9348 1658 1412 9349 1711 1412 9350 1880 0 9351 1666 0 9352 1879 0 9353 1879 0 9354 1666 0 9355 1667 0 9356 1879 1413 9357 1667 1413 9358 1799 1413 9359 1799 1414 9360 1667 1414 9361 1668 1414 9362 1799 0 9363 1668 0 9364 1798 0 9365 1798 1415 9366 1668 1415 9367 1669 1415 9368 1798 0 9369 1669 0 9370 1797 0 9371 1797 1416 9372 1669 1416 9373 1670 1416 9374 1797 0 9375 1670 0 9376 1796 0 9377 1796 1417 9378 1670 1417 9379 1671 1417 9380 1678 0 9381 1870 0 9382 1677 0 9383 1677 1418 9384 1870 1418 9385 1859 1418 9386 1677 1419 9387 1859 1419 9388 1687 1419 9389 1687 1420 9390 1859 1420 9391 1860 1420 9392 1870 1421 9393 1678 1421 9394 1869 1421 9395 1869 0 9396 1678 0 9397 1679 0 9398 1869 0 9399 1679 0 9400 1868 0 9401 1868 1422 9402 1679 1422 9403 1680 1422 9404 1868 1423 9405 1680 1423 9406 1537 1423 9407 1850 0 9408 1688 0 9409 1849 0 9410 1849 0 9411 1688 0 9412 1689 0 9413 1849 1424 9414 1689 1424 9415 1834 1424 9416 1834 1425 9417 1689 1425 9418 1690 1425 9419 1834 0 9420 1690 0 9421 1833 0 9422 1833 1426 9423 1690 1426 9424 1691 1426 9425 1833 0 9426 1691 0 9427 1832 0 9428 1832 1427 9429 1691 1427 9430 1692 1427 9431 1832 0 9432 1692 0 9433 1831 0 9434 1831 1428 9435 1692 1428 9436 1693 1428 9437 1701 0 9438 1702 0 9439 1845 0 9440 1845 0 9441 1702 0 9442 1844 0 9443 1711 0 9444 1712 0 9445 1874 0 9446 1874 1429 9447 1712 1429 9448 1873 1429 9449 1873 1430 9450 1712 1430 9451 1713 1430 9452 1873 0 9453 1713 0 9454 1872 0 9455 1872 0 9456 1713 0 9457 1714 0 9458 1872 0 9459 1714 0 9460 1871 0 9461 1871 0 9462 1714 0 9463 1715 0 9464 1871 0 9465 1715 0 9466 1882 0 9467 1735 0 9468 1736 0 9469 1856 0 9470 1856 1431 9471 1736 1431 9472 1855 1431 9473 1855 1432 9474 1736 1432 9475 1737 1432 9476 1855 0 9477 1737 0 9478 1854 0 9479 1854 0 9480 1737 0 9481 1738 0 9482 1854 0 9483 1738 0 9484 1853 0 9485 1853 0 9486 1738 0 9487 1739 0 9488 1853 0 9489 1739 0 9490 1852 0 9491 1747 0 9492 1748 0 9493 1531 0 9494 1531 1311 9495 1748 1311 9496 1749 1311 9497 1754 0 9498 1755 0 9499 1826 0 9500 1826 0 9501 1755 0 9502 1825 0 9503 1825 0 9504 1755 0 9505 1824 0 9506 1824 1433 9507 1755 1433 9508 1756 1433 9509 1824 0 9510 1756 0 9511 1823 0 9512 1823 1434 9513 1756 1434 9514 1757 1434 9515 1823 0 9516 1757 0 9517 1822 0 9518 1822 0 9519 1757 0 9520 1821 0 9521 1821 1435 9522 1757 1435 9523 1758 1435 9524 1821 0 9525 1758 0 9526 1820 0 9527 1820 0 9528 1758 0 9529 1760 0 9530 1820 1436 9531 1760 1436 9532 1761 1436 9533 1759 0 9534 1760 0 9535 1532 0 9536 1762 0 9537 1818 0 9538 1761 0 9539 1761 1437 9540 1818 1437 9541 1819 1437 9542 1761 1438 9543 1819 1438 9544 1820 1438 9545 1818 1439 9546 1762 1439 9547 1817 1439 9548 1817 1440 9549 1762 1440 9550 1763 1440 9551 1817 0 9552 1763 0 9553 1816 0 9554 1816 0 9555 1763 0 9556 1815 0 9557 1815 1441 9558 1763 1441 9559 1764 1441 9560 1815 0 9561 1764 0 9562 1848 0 9563 1848 0 9564 1764 0 9565 1847 0 9566 1847 1301 9567 1764 1301 9568 1765 1301 9569 1847 1300 9570 1765 1300 9571 1858 1300 9572 1858 1299 9573 1765 1299 9574 1766 1299 9575 1858 1442 9576 1766 1442 9577 1857 1442 9578 1857 1298 9579 1766 1298 9580 1767 1298 9581 1857 1443 9582 1767 1443 9583 1536 1443 9584 1536 1297 9585 1767 1297 9586 1768 1297 9587 1772 0 9588 1876 0 9589 1771 0 9590 1771 1444 9591 1876 1444 9592 1877 1444 9593 1771 1445 9594 1877 1445 9595 1782 1445 9596 1782 1446 9597 1877 1446 9598 1878 1446 9599 1782 1276 9600 1878 1276 9601 1800 1276 9602 1800 0 9603 1878 0 9604 1879 0 9605 1800 0 9606 1879 0 9607 1799 0 9608 1876 1447 9609 1772 1447 9610 1875 1447 9611 1875 1272 9612 1772 1272 9613 1773 1272 9614 1875 1448 9615 1773 1448 9616 1526 1448 9617 1526 1271 9618 1773 1271 9619 1774 1271 9620 1777 0 9621 1778 0 9622 1542 0 9623 1542 0 9624 1778 0 9625 1788 0 9626 1779 0 9627 1805 0 9628 1778 0 9629 1778 0 9630 1805 0 9631 1806 0 9632 1778 0 9633 1806 0 9634 1788 0 9635 1788 0 9636 1806 0 9637 1787 0 9638 1787 1438 9639 1806 1438 9640 1807 1438 9641 1787 1437 9642 1807 1437 9643 1808 1437 9644 1780 0 9645 1803 0 9646 1779 0 9647 1779 1449 9648 1803 1449 9649 1804 1449 9650 1779 1450 9651 1804 1450 9652 1805 1450 9653 1803 1451 9654 1780 1451 9655 1802 1451 9656 1802 1433 9657 1780 1433 9658 1781 1433 9659 1802 0 9660 1781 0 9661 1801 0 9662 1801 0 9663 1781 0 9664 1800 0 9665 1800 1452 9666 1781 1452 9667 1782 1452 9668 1784 0 9669 1785 0 9670 1811 0 9671 1811 0 9672 1785 0 9673 1810 0 9674 1810 0 9675 1785 0 9676 1809 0 9677 1809 1440 9678 1785 1440 9679 1786 1440 9680 1809 0 9681 1786 0 9682 1808 0 9683 1808 1453 9684 1786 1453 9685 1787 1453 9686 1790 1454 9687 1791 1454 9688 1541 1454 9689 1834 0 9690 1815 0 9691 1849 0 9692 1849 0 9693 1815 0 9694 1848 0 9695 1837 0 9696 1838 0 9697 1527 0 9698 1867 0 9699 1868 0 9700 1537 0 9701 1527 258 9702 1526 258 9703 1892 258 9704 1892 258 9705 1526 258 9706 1883 258 9707 1892 258 9708 1883 258 9709 1891 258 9710 1891 258 9711 1883 258 9712 1884 258 9713 1891 258 9714 1884 258 9715 1890 258 9716 1890 258 9717 1884 258 9718 1885 258 9719 1890 258 9720 1885 258 9721 1888 258 9722 1888 258 9723 1885 258 9724 1887 258 9725 1887 258 9726 1885 258 9727 1886 258 9728 1888 258 9729 1889 258 9730 1890 258 9731 1527 252 9732 1892 252 9733 1893 252 9734 1893 252 9735 1892 252 9736 1894 252 9737 1449 252 9738 1527 252 9739 1897 252 9740 1897 252 9741 1527 252 9742 1896 252 9743 1896 252 9744 1527 252 9745 1895 252 9746 1895 252 9747 1527 252 9748 1893 252 9749 1530 1455 9750 1529 575 9751 1446 1456 9752 1446 1456 9753 1529 575 9754 1447 576 9755 1447 576 9756 1529 575 9757 1448 572 9758 1448 572 9759 1529 575 9760 1528 574 9761 1448 572 9762 1528 574 9763 1449 1457 9764 1449 1457 9765 1528 574 9766 1527 1458 9767 1446 285 9768 1445 285 9769 1530 285 9770 1530 285 9771 1445 285 9772 1531 285 9773 1898 285 9774 1531 285 9775 1901 285 9776 1901 285 9777 1531 285 9778 1900 285 9779 1900 285 9780 1531 285 9781 1899 285 9782 1899 1459 9783 1531 1459 9784 1445 1459 9785 1903 285 9786 1531 285 9787 1902 285 9788 1902 285 9789 1531 285 9790 1898 285 9791 1911 1460 9792 1904 1461 9793 1910 1462 9794 1910 1462 9795 1904 1461 9796 1905 1463 9797 1910 1462 9798 1905 1463 9799 1909 1464 9800 1909 1464 9801 1905 1463 9802 1906 1465 9803 1909 1464 9804 1906 1465 9805 1908 1466 9806 1908 1466 9807 1906 1465 9808 1907 1467 9809 1912 1468 9810 1913 1469 9811 1917 1470 9812 1917 1470 9813 1913 1469 9814 1914 1471 9815 1917 1470 9816 1914 1471 9817 1916 1472 9818 1916 1472 9819 1914 1471 9820 1915 1473 9821 1916 1472 9822 1915 1473 9823 1902 1474 9824 1902 1474 9825 1915 1473 9826 1903 1475 9827 1531 1476 9828 1969 1476 9829 1532 1476 9830 1532 1477 9831 1969 1477 9832 1970 1477 9833 1532 1478 9834 1970 1478 9835 1971 1478 9836 1903 268 9837 1982 268 9838 1531 268 9839 1531 268 9840 1982 268 9841 1983 268 9842 1531 268 9843 1983 268 9844 1984 268 9845 1915 268 9846 2047 268 9847 1903 268 9848 1903 1479 9849 2047 1479 9850 2048 1479 9851 1903 1480 9852 2048 1480 9853 2036 1480 9854 2036 1481 9855 2048 1481 9856 2049 1481 9857 2036 268 9858 2049 268 9859 2035 268 9860 2035 1482 9861 2049 1482 9862 2050 1482 9863 2035 268 9864 2050 268 9865 2034 268 9866 2034 1483 9867 2050 1483 9868 2051 1483 9869 2034 268 9870 2051 268 9871 2033 268 9872 2033 1484 9873 2051 1484 9874 1928 1484 9875 2033 268 9876 1928 268 9877 2043 268 9878 2043 1485 9879 1928 1485 9880 1929 1485 9881 2043 1486 9882 1929 1486 9883 2042 1486 9884 2042 1487 9885 1929 1487 9886 1930 1487 9887 2042 268 9888 1930 268 9889 2041 268 9890 2041 1488 9891 1930 1488 9892 1931 1488 9893 2041 1489 9894 1931 1489 9895 2024 1489 9896 2024 1490 9897 1931 1490 9898 2023 1490 9899 2023 1491 9900 1931 1491 9901 1932 1491 9902 2023 268 9903 1932 268 9904 2022 268 9905 2022 268 9906 1932 268 9907 1933 268 9908 2022 1492 9909 1933 1492 9910 2032 1492 9911 2032 1491 9912 1933 1491 9913 1934 1491 9914 2032 1493 9915 1934 1493 9916 2031 1493 9917 2031 268 9918 1934 268 9919 2014 268 9920 2031 1494 9921 2014 1494 9922 2030 1494 9923 2030 1495 9924 2014 1495 9925 2015 1495 9926 2030 1496 9927 2015 1496 9928 1960 1496 9929 1960 1497 9930 2015 1497 9931 2016 1497 9932 1960 268 9933 2016 268 9934 1959 268 9935 1959 268 9936 2016 268 9937 2017 268 9938 1959 1498 9939 2017 1498 9940 1958 1498 9941 1958 1499 9942 2017 1499 9943 2018 1499 9944 1958 268 9945 2018 268 9946 1957 268 9947 1957 268 9948 2018 268 9949 1999 268 9950 1957 1500 9951 1999 1500 9952 1990 1500 9953 1915 268 9954 1914 268 9955 2047 268 9956 2047 268 9957 1914 268 9958 2046 268 9959 2046 1501 9960 1914 1501 9961 1913 1501 9962 2046 1502 9963 1913 1502 9964 1918 1502 9965 1918 268 9966 1919 268 9967 2046 268 9968 2046 268 9969 1919 268 9970 1920 268 9971 2046 268 9972 1920 268 9973 2045 268 9974 2045 1503 9975 1920 1503 9976 1921 1503 9977 2045 268 9978 1921 268 9979 2044 268 9980 2044 1504 9981 1921 1504 9982 1922 1504 9983 2044 268 9984 1922 268 9985 2054 268 9986 2054 268 9987 1922 268 9988 2053 268 9989 2053 1505 9990 1922 1505 9991 1923 1505 9992 2053 268 9993 1923 268 9994 2052 268 9995 2052 268 9996 1923 268 9997 1924 268 9998 2052 268 9999 1924 268 10000 1925 268 10001 1925 268 10002 1926 268 10003 2052 268 10004 2052 268 10005 1926 268 10006 1927 268 10007 2052 1506 10008 1927 1506 10009 1928 1506 10010 1934 268 10011 1935 268 10012 2014 268 10013 2014 268 10014 1935 268 10015 2013 268 10016 2013 1487 10017 1935 1487 10018 1936 1487 10019 2013 1486 10020 1936 1486 10021 2012 1486 10022 2012 1485 10023 1936 1485 10024 1937 1485 10025 2012 1507 10026 1937 1507 10027 2011 1507 10028 2011 1484 10029 1937 1484 10030 2004 1484 10031 2011 1508 10032 2004 1508 10033 2021 1508 10034 2021 1483 10035 2004 1483 10036 2005 1483 10037 2021 268 10038 2005 268 10039 2020 268 10040 2020 1482 10041 2005 1482 10042 2006 1482 10043 2020 268 10044 2006 268 10045 2019 268 10046 2019 1481 10047 2006 1481 10048 2007 1481 10049 2019 1509 10050 2007 1509 10051 1904 1509 10052 1904 1479 10053 2007 1479 10054 2008 1479 10055 1904 268 10056 2008 268 10057 1905 268 10058 1905 268 10059 2008 268 10060 1906 268 10061 1906 1510 10062 2008 1510 10063 2009 1510 10064 1906 1511 10065 2009 1511 10066 1907 1511 10067 1907 1512 10068 2009 1512 10069 1947 1512 10070 1947 268 10071 2009 268 10072 1946 268 10073 1946 268 10074 2009 268 10075 1945 268 10076 1945 1513 10077 2009 1513 10078 2010 1513 10079 1945 1514 10080 2010 1514 10081 1944 1514 10082 1944 268 10083 2010 268 10084 2000 268 10085 1944 1504 10086 2000 1504 10087 1943 1504 10088 1943 1515 10089 2000 1515 10090 2001 1515 10091 1943 1516 10092 2001 1516 10093 2002 1516 10094 2004 268 10095 1937 268 10096 2003 268 10097 2003 1506 10098 1937 1506 10099 1938 1506 10100 2003 268 10101 1938 268 10102 1939 268 10103 1939 268 10104 1940 268 10105 2003 268 10106 2003 268 10107 1940 268 10108 1941 268 10109 2003 268 10110 1941 268 10111 1942 268 10112 2003 268 10113 1942 268 10114 2002 268 10115 2002 1505 10116 1942 1505 10117 1943 1505 10118 1532 268 10119 1998 268 10120 1904 268 10121 1904 268 10122 1998 268 10123 1999 268 10124 1904 1517 10125 1999 1517 10126 2019 1517 10127 2019 268 10128 1999 268 10129 2018 268 10130 1949 268 10131 1980 268 10132 1948 268 10133 1948 1500 10134 1980 1500 10135 1981 1500 10136 1948 268 10137 1981 268 10138 2037 268 10139 2037 1518 10140 1981 1518 10141 2036 1518 10142 2036 1519 10143 1981 1519 10144 1903 1519 10145 1980 1520 10146 1949 1520 10147 1989 1520 10148 1989 1521 10149 1949 1521 10150 1950 1521 10151 1989 268 10152 1950 268 10153 1988 268 10154 1988 1522 10155 1950 1522 10156 1951 1522 10157 1988 268 10158 1951 268 10159 1978 268 10160 1978 268 10161 1951 268 10162 1977 268 10163 1977 268 10164 1951 268 10165 1952 268 10166 1977 268 10167 1952 268 10168 1976 268 10169 1976 268 10170 1952 268 10171 1953 268 10172 1976 268 10173 1953 268 10174 1975 268 10175 1975 268 10176 1953 268 10177 1954 268 10178 1975 268 10179 1954 268 10180 1993 268 10181 1993 268 10182 1954 268 10183 1992 268 10184 1992 1522 10185 1954 1522 10186 1955 1522 10187 1992 268 10188 1955 268 10189 1991 268 10190 1991 1521 10191 1955 1521 10192 1956 1521 10193 1991 268 10194 1956 268 10195 1990 268 10196 1990 268 10197 1956 268 10198 1957 268 10199 1961 268 10200 2028 268 10201 1960 268 10202 1960 1523 10203 2028 1523 10204 2029 1523 10205 1960 1524 10206 2029 1524 10207 2030 1524 10208 1962 268 10209 2039 268 10210 1961 268 10211 1961 1497 10212 2039 1497 10213 2040 1497 10214 1961 268 10215 2040 268 10216 2025 268 10217 2025 1495 10218 2040 1495 10219 2041 1495 10220 2025 1525 10221 2041 1525 10222 2024 1525 10223 2039 268 10224 1962 268 10225 2038 268 10226 2038 1526 10227 1962 1526 10228 1963 1526 10229 2038 1527 10230 1963 1527 10231 2037 1527 10232 2037 1528 10233 1963 1528 10234 1948 1528 10235 1965 268 10236 1985 268 10237 1964 268 10238 1964 1529 10239 1985 1529 10240 1986 1529 10241 1964 268 10242 1986 268 10243 1979 268 10244 1979 1530 10245 1986 1530 10246 1987 1530 10247 1979 268 10248 1987 268 10249 1978 268 10250 1978 268 10251 1987 268 10252 1988 268 10253 1985 268 10254 1965 268 10255 1531 268 10256 1531 1531 10257 1965 1531 10258 1966 1531 10259 1531 1478 10260 1966 1478 10261 1967 1478 10262 1967 1532 10263 1968 1532 10264 1531 1532 10265 1531 1533 10266 1968 1533 10267 1969 1533 10268 1971 268 10269 1972 268 10270 1532 268 10271 1532 1534 10272 1972 1534 10273 1995 1534 10274 1532 1535 10275 1995 1535 10276 1996 1535 10277 1972 268 10278 1973 268 10279 1995 268 10280 1995 1536 10281 1973 1536 10282 1994 1536 10283 1994 1537 10284 1973 1537 10285 1974 1537 10286 1994 268 10287 1974 268 10288 1993 268 10289 1993 1538 10290 1974 1538 10291 1975 1538 10292 1981 268 10293 1982 268 10294 1903 268 10295 1984 268 10296 1985 268 10297 1531 268 10298 1996 268 10299 1997 268 10300 1532 268 10301 1532 268 10302 1997 268 10303 1998 268 10304 2025 1539 10305 2026 1539 10306 1961 1539 10307 1961 1523 10308 2026 1523 10309 2027 1523 10310 1961 1540 10311 2027 1540 10312 2028 1540 10313 2051 268 10314 2052 268 10315 1928 268 10316 1949 258 10317 1948 258 10318 2056 258 10319 2056 258 10320 1948 258 10321 2055 258 10322 1952 1541 10323 1951 1542 10324 2059 1543 10325 2059 1543 10326 1951 1542 10327 2058 1544 10328 2058 1544 10329 1951 1542 10330 1950 1545 10331 2058 1544 10332 1950 1545 10333 2057 1546 10334 2057 1546 10335 1950 1545 10336 1949 1547 10337 2057 1546 10338 1949 1547 10339 2056 1548 10340 1953 0 10341 1952 0 10342 2060 0 10343 2060 0 10344 1952 0 10345 2059 0 10346 1956 1549 10347 1955 1550 10348 2063 1551 10349 2063 1551 10350 1955 1550 10351 2062 1552 10352 2062 1552 10353 1955 1550 10354 1954 1553 10355 2062 1552 10356 1954 1553 10357 2061 1554 10358 2061 1554 10359 1954 1553 10360 1953 1555 10361 2061 1554 10362 1953 1555 10363 2060 1556 10364 1957 285 10365 1956 285 10366 2064 285 10367 2064 285 10368 1956 285 10369 2063 285 10370 1960 1557 10371 1959 1558 10372 2067 1559 10373 2067 1559 10374 1959 1558 10375 2066 1560 10376 2066 1560 10377 1959 1558 10378 1958 1561 10379 2066 1560 10380 1958 1561 10381 2065 1562 10382 2065 1562 10383 1958 1561 10384 1957 1563 10385 2065 1562 10386 1957 1563 10387 2064 1564 10388 1961 65 10389 1960 65 10390 2068 65 10391 2068 65 10392 1960 65 10393 2067 65 10394 1948 1565 10395 1963 1566 10396 2055 1567 10397 2055 1567 10398 1963 1566 10399 2070 1568 10400 2070 1568 10401 1963 1566 10402 1962 1569 10403 2070 1568 10404 1962 1569 10405 2069 1570 10406 2069 1570 10407 1962 1569 10408 1961 1571 10409 2069 1570 10410 1961 1571 10411 2068 1572 10412 2072 252 10413 2184 252 10414 2071 252 10415 2071 1573 10416 2184 1573 10417 2185 1573 10418 2071 252 10419 2185 252 10420 2186 252 10421 2184 1574 10422 2072 1574 10423 2194 1574 10424 2194 1575 10425 2072 1575 10426 2073 1575 10427 2194 1576 10428 2073 1576 10429 2193 1576 10430 2193 252 10431 2073 252 10432 2074 252 10433 2193 252 10434 2074 252 10435 2075 252 10436 2075 252 10437 1912 252 10438 2193 252 10439 2193 1577 10440 1912 1577 10441 1917 1577 10442 2193 252 10443 1917 252 10444 2192 252 10445 2192 1578 10446 1917 1578 10447 1916 1578 10448 2192 1579 10449 1916 1579 10450 1902 1579 10451 1898 252 10452 2126 252 10453 1902 252 10454 1902 1580 10455 2126 1580 10456 2127 1580 10457 1902 1581 10458 2127 1581 10459 2128 1581 10460 2076 252 10461 2114 252 10462 1898 252 10463 1898 1582 10464 2114 1582 10465 2115 1582 10466 1898 1583 10467 2115 1583 10468 2116 1583 10469 1911 252 10470 2132 252 10471 2076 252 10472 2076 1584 10473 2132 1584 10474 2133 1584 10475 2076 1585 10476 2133 1585 10477 2134 1585 10478 1910 252 10479 2143 252 10480 1911 252 10481 1911 1586 10482 2143 1586 10483 2144 1586 10484 1911 252 10485 2144 252 10486 2154 252 10487 2154 1587 10488 2144 1587 10489 2145 1587 10490 2154 252 10491 2145 252 10492 2153 252 10493 2153 252 10494 2145 252 10495 2146 252 10496 2153 252 10497 2146 252 10498 2152 252 10499 2152 252 10500 2146 252 10501 2147 252 10502 2152 252 10503 2147 252 10504 2151 252 10505 2151 252 10506 2147 252 10507 2087 252 10508 2151 1588 10509 2087 1588 10510 2161 1588 10511 2161 252 10512 2087 252 10513 2088 252 10514 2161 1589 10515 2088 1589 10516 2160 1589 10517 2160 252 10518 2088 252 10519 2089 252 10520 2160 252 10521 2089 252 10522 2159 252 10523 2159 1590 10524 2089 1590 10525 2090 1590 10526 2159 1591 10527 2090 1591 10528 2164 1591 10529 2164 252 10530 2090 252 10531 2163 252 10532 2163 1592 10533 2090 1592 10534 2091 1592 10535 2163 252 10536 2091 252 10537 2162 252 10538 2162 252 10539 2091 252 10540 2092 252 10541 2162 1593 10542 2092 1593 10543 2172 1593 10544 2172 1592 10545 2092 1592 10546 2093 1592 10547 2172 252 10548 2093 252 10549 2171 252 10550 2171 1594 10551 2093 1594 10552 2176 1594 10553 2171 252 10554 2176 252 10555 2170 252 10556 2170 1595 10557 2176 1595 10558 2177 1595 10559 2170 252 10560 2177 252 10561 2068 252 10562 2068 252 10563 2177 252 10564 2178 252 10565 2068 252 10566 2178 252 10567 2069 252 10568 2069 252 10569 2178 252 10570 2179 252 10571 2069 1596 10572 2179 1596 10573 2070 1596 10574 2070 1597 10575 2179 1597 10576 2180 1597 10577 2070 252 10578 2180 252 10579 2055 252 10580 2055 1598 10581 2180 1598 10582 2118 1598 10583 2055 1599 10584 2118 1599 10585 2119 1599 10586 1910 252 10587 1909 252 10588 2143 252 10589 2143 252 10590 1909 252 10591 2142 252 10592 2142 1577 10593 1909 1577 10594 1908 1577 10595 2142 1600 10596 1908 1600 10597 2077 1600 10598 2077 252 10599 2078 252 10600 2142 252 10601 2142 252 10602 2078 252 10603 2079 252 10604 2142 252 10605 2079 252 10606 2141 252 10607 2141 1575 10608 2079 1575 10609 2080 1575 10610 2141 252 10611 2080 252 10612 2140 252 10613 2140 1601 10614 2080 1601 10615 2081 1601 10616 2140 1602 10617 2081 1602 10618 2150 1602 10619 2150 252 10620 2081 252 10621 2149 252 10622 2149 1603 10623 2081 1603 10624 2082 1603 10625 2149 1604 10626 2082 1604 10627 2148 1604 10628 2148 1605 10629 2082 1605 10630 2083 1605 10631 2148 1606 10632 2083 1606 10633 2084 1606 10634 2084 252 10635 2085 252 10636 2148 252 10637 2148 252 10638 2085 252 10639 2086 252 10640 2148 1607 10641 2086 1607 10642 2087 1607 10643 2093 252 10644 2094 252 10645 2176 252 10646 2176 252 10647 2094 252 10648 2175 252 10649 2175 252 10650 2094 252 10651 2095 252 10652 2175 1589 10653 2095 1589 10654 2174 1589 10655 2174 252 10656 2095 252 10657 2096 252 10658 2174 252 10659 2096 252 10660 2173 252 10661 2173 252 10662 2096 252 10663 2188 252 10664 2173 1608 10665 2188 1608 10666 2183 1608 10667 2183 252 10668 2188 252 10669 2189 252 10670 2183 252 10671 2189 252 10672 2182 252 10673 2182 252 10674 2189 252 10675 2190 252 10676 2182 252 10677 2190 252 10678 2181 252 10679 2181 1587 10680 2190 1587 10681 2191 1587 10682 2181 252 10683 2191 252 10684 1902 252 10685 1902 1586 10686 2191 1586 10687 2192 1586 10688 2188 252 10689 2096 252 10690 2187 252 10691 2187 1607 10692 2096 1607 10693 2097 1607 10694 2187 252 10695 2097 252 10696 2098 252 10697 2098 1609 10698 2099 1609 10699 2187 1609 10700 2187 1606 10701 2099 1606 10702 2100 1606 10703 2187 1605 10704 2100 1605 10705 2101 1605 10706 2187 252 10707 2101 252 10708 2186 252 10709 2186 1603 10710 2101 1603 10711 2071 1603 10712 2103 252 10713 2123 252 10714 2102 252 10715 2102 252 10716 2123 252 10717 2124 252 10718 2102 252 10719 2124 252 10720 1898 252 10721 1898 1585 10722 2124 1585 10723 2125 1585 10724 1898 1584 10725 2125 1584 10726 2126 1584 10727 2123 252 10728 2103 252 10729 2122 252 10730 2122 1610 10731 2103 1610 10732 2104 1610 10733 2122 1611 10734 2104 1611 10735 2121 1611 10736 2121 1612 10737 2104 1612 10738 2105 1612 10739 2121 252 10740 2105 252 10741 2058 252 10742 2058 252 10743 2105 252 10744 2059 252 10745 2059 252 10746 2105 252 10747 2106 252 10748 2059 252 10749 2106 252 10750 2060 252 10751 2060 252 10752 2106 252 10753 2107 252 10754 2060 252 10755 2107 252 10756 2061 252 10757 2061 252 10758 2107 252 10759 2108 252 10760 2061 252 10761 2108 252 10762 2137 252 10763 2137 1612 10764 2108 1612 10765 2109 1612 10766 2137 1611 10767 2109 1611 10768 2136 1611 10769 2136 1610 10770 2109 1610 10771 2110 1610 10772 2136 252 10773 2110 252 10774 2135 252 10775 2135 252 10776 2110 252 10777 2111 252 10778 2135 252 10779 2111 252 10780 2134 252 10781 2134 252 10782 2111 252 10783 2076 252 10784 2111 252 10785 2112 252 10786 2076 252 10787 2076 1613 10788 2112 1613 10789 2113 1613 10790 2076 1583 10791 2113 1583 10792 2114 1583 10793 2116 252 10794 2117 252 10795 1898 252 10796 1898 1614 10797 2117 1614 10798 2102 1614 10799 2055 252 10800 2119 252 10801 2056 252 10802 2056 1615 10803 2119 1615 10804 2120 1615 10805 2056 1616 10806 2120 1616 10807 2057 1616 10808 2057 252 10809 2120 252 10810 2058 252 10811 2058 1617 10812 2120 1617 10813 2121 1617 10814 2067 1618 10815 2167 1618 10816 2068 1618 10817 2068 1619 10818 2167 1619 10819 2168 1619 10820 2068 1620 10821 2168 1620 10822 2169 1620 10823 2066 252 10824 2157 252 10825 2067 252 10826 2067 252 10827 2157 252 10828 2158 252 10829 2067 252 10830 2158 252 10831 2165 252 10832 2165 1595 10833 2158 1595 10834 2159 1595 10835 2165 252 10836 2159 252 10837 2164 252 10838 2157 252 10839 2066 252 10840 2156 252 10841 2156 1621 10842 2066 1621 10843 2065 1621 10844 2156 1622 10845 2065 1622 10846 2155 1622 10847 2155 1623 10848 2065 1623 10849 2064 1623 10850 2155 252 10851 2064 252 10852 2129 252 10853 2129 252 10854 2064 252 10855 2139 252 10856 2139 252 10857 2064 252 10858 2063 252 10859 2139 252 10860 2063 252 10861 2138 252 10862 2138 1624 10863 2063 1624 10864 2062 1624 10865 2138 1625 10866 2062 1625 10867 2061 1625 10868 2118 252 10869 2180 252 10870 2128 252 10871 2128 252 10872 2180 252 10873 2181 252 10874 2128 252 10875 2181 252 10876 1902 252 10877 2129 252 10878 2130 252 10879 2155 252 10880 2155 252 10881 2130 252 10882 2154 252 10883 2154 252 10884 2130 252 10885 1911 252 10886 2130 252 10887 2131 252 10888 1911 252 10889 1911 1580 10890 2131 1580 10891 2132 1580 10892 2137 252 10893 2138 252 10894 2061 252 10895 2147 252 10896 2148 252 10897 2087 252 10898 2165 1626 10899 2166 1626 10900 2067 1626 10901 2067 1620 10902 2166 1620 10903 2167 1620 10904 2169 1626 10905 2170 1626 10906 2068 1626 10907 1965 258 10908 1964 258 10909 2102 258 10910 2102 258 10911 1964 258 10912 2103 258 10913 1968 1541 10914 1967 1542 10915 2115 1543 10916 2115 1543 10917 1967 1542 10918 2116 1544 10919 2116 1544 10920 1967 1542 10921 1966 1545 10922 2116 1544 10923 1966 1545 10924 2117 1546 10925 2117 1546 10926 1966 1545 10927 1965 1547 10928 2117 1546 10929 1965 1547 10930 2102 1548 10931 1969 0 10932 1968 0 10933 2114 0 10934 2114 0 10935 1968 0 10936 2115 0 10937 1972 1549 10938 1971 1550 10939 2111 1551 10940 2111 1551 10941 1971 1550 10942 2112 1552 10943 2112 1552 10944 1971 1550 10945 1970 1553 10946 2112 1552 10947 1970 1553 10948 2113 1554 10949 2113 1554 10950 1970 1553 10951 1969 1555 10952 2113 1554 10953 1969 1555 10954 2114 1556 10955 1973 285 10956 1972 285 10957 2110 285 10958 2110 285 10959 1972 285 10960 2111 285 10961 1976 1557 10962 1975 1558 10963 2107 1559 10964 2107 1559 10965 1975 1558 10966 2108 1560 10967 2108 1560 10968 1975 1558 10969 1974 1561 10970 2108 1560 10971 1974 1561 10972 2109 1562 10973 2109 1562 10974 1974 1561 10975 1973 1563 10976 2109 1562 10977 1973 1563 10978 2110 1564 10979 1977 65 10980 1976 65 10981 2106 65 10982 2106 65 10983 1976 65 10984 2107 65 10985 1964 1565 10986 1979 1566 10987 2103 1567 10988 2103 1567 10989 1979 1566 10990 2104 1568 10991 2104 1568 10992 1979 1566 10993 1978 1569 10994 2104 1568 10995 1978 1569 10996 2105 1570 10997 2105 1570 10998 1978 1569 10999 1977 1571 11000 2105 1570 11001 1977 1571 11002 2106 1572 11003 2119 1627 11004 2118 1628 11005 2195 1629 11006 2195 1629 11007 2118 1628 11008 2128 1630 11009 2195 1629 11010 2128 1630 11011 2204 1631 11012 2204 1631 11013 2128 1630 11014 2127 1632 11015 2204 1631 11016 2127 1632 11017 2203 1633 11018 2203 1633 11019 2127 1632 11020 2126 1634 11021 2203 1633 11022 2126 1634 11023 2202 1635 11024 2202 1635 11025 2126 1634 11026 2125 1636 11027 2202 1635 11028 2125 1636 11029 2201 1637 11030 2201 1637 11031 2125 1636 11032 2124 1638 11033 2201 1637 11034 2124 1638 11035 2200 1639 11036 2200 1639 11037 2124 1638 11038 2123 1640 11039 2200 1639 11040 2123 1640 11041 2122 1641 11042 2121 1642 11043 2198 1643 11044 2122 1641 11045 2122 1641 11046 2198 1643 11047 2199 1644 11048 2122 1641 11049 2199 1644 11050 2200 1639 11051 2198 1643 11052 2121 1642 11053 2197 1645 11054 2197 1645 11055 2121 1642 11056 2120 1646 11057 2197 1645 11058 2120 1646 11059 2196 1647 11060 2196 1647 11061 2120 1646 11062 2119 1627 11063 2196 1647 11064 2119 1627 11065 2195 1629 11066 1989 1648 11067 2196 1647 11068 1980 1649 11069 1980 1649 11070 2196 1647 11071 2195 1629 11072 1980 1649 11073 2195 1629 11074 1981 1650 11075 1981 1650 11076 2195 1629 11077 2204 1631 11078 1981 1650 11079 2204 1631 11080 1982 1651 11081 1982 1651 11082 2204 1631 11083 2203 1633 11084 1982 1651 11085 2203 1633 11086 1983 1652 11087 1983 1652 11088 2203 1633 11089 2202 1635 11090 1983 1652 11091 2202 1635 11092 1984 1653 11093 1984 1653 11094 2202 1635 11095 2201 1637 11096 1984 1653 11097 2201 1637 11098 1985 1654 11099 1985 1654 11100 2201 1637 11101 2200 1639 11102 1985 1654 11103 2200 1639 11104 1986 1655 11105 1986 1655 11106 2200 1639 11107 2199 1644 11108 1986 1655 11109 2199 1644 11110 1987 1656 11111 1987 1656 11112 2199 1644 11113 2198 1643 11114 1987 1656 11115 2198 1643 11116 1988 1657 11117 1988 1657 11118 2198 1643 11119 2197 1645 11120 1988 1657 11121 2197 1645 11122 1989 1648 11123 1989 1648 11124 2197 1645 11125 2196 1647 11126 2130 1627 11127 2129 1628 11128 2205 1629 11129 2205 1629 11130 2129 1628 11131 2139 1630 11132 2205 1629 11133 2139 1630 11134 2214 1631 11135 2214 1631 11136 2139 1630 11137 2138 1658 11138 2214 1631 11139 2138 1658 11140 2213 1633 11141 2213 1633 11142 2138 1658 11143 2137 1634 11144 2213 1633 11145 2137 1634 11146 2212 1635 11147 2212 1635 11148 2137 1634 11149 2136 1636 11150 2212 1635 11151 2136 1636 11152 2211 1637 11153 2211 1637 11154 2136 1636 11155 2135 1638 11156 2211 1637 11157 2135 1638 11158 2210 1639 11159 2210 1639 11160 2135 1638 11161 2134 1640 11162 2210 1639 11163 2134 1640 11164 2133 1641 11165 2132 1642 11166 2208 1643 11167 2133 1641 11168 2133 1641 11169 2208 1643 11170 2209 1644 11171 2133 1641 11172 2209 1644 11173 2210 1639 11174 2208 1643 11175 2132 1642 11176 2207 1645 11177 2207 1645 11178 2132 1642 11179 2131 1659 11180 2207 1645 11181 2131 1659 11182 2206 1647 11183 2206 1647 11184 2131 1659 11185 2130 1627 11186 2206 1647 11187 2130 1627 11188 2205 1629 11189 1999 1648 11190 2206 1647 11191 1990 1649 11192 1990 1649 11193 2206 1647 11194 2205 1629 11195 1990 1649 11196 2205 1629 11197 1991 1650 11198 1991 1650 11199 2205 1629 11200 2214 1631 11201 1991 1650 11202 2214 1631 11203 1992 1651 11204 1992 1651 11205 2214 1631 11206 2213 1633 11207 1992 1651 11208 2213 1633 11209 1993 1652 11210 1993 1652 11211 2213 1633 11212 2212 1635 11213 1993 1652 11214 2212 1635 11215 1994 1653 11216 1994 1653 11217 2212 1635 11218 2211 1637 11219 1994 1653 11220 2211 1637 11221 1995 1654 11222 1995 1654 11223 2211 1637 11224 2210 1639 11225 1995 1654 11226 2210 1639 11227 1996 1655 11228 1996 1655 11229 2210 1639 11230 2209 1644 11231 1996 1655 11232 2209 1644 11233 1997 1656 11234 1997 1656 11235 2209 1644 11236 2208 1643 11237 1997 1656 11238 2208 1643 11239 1998 1657 11240 1998 1657 11241 2208 1643 11242 2207 1645 11243 1998 1657 11244 2207 1645 11245 1999 1648 11246 1999 1648 11247 2207 1645 11248 2206 1647 11249 1922 0 11250 1921 0 11251 2071 0 11252 2071 0 11253 1921 0 11254 2072 0 11255 1926 840 11256 1925 841 11257 2098 842 11258 2098 842 11259 1925 841 11260 2099 843 11261 2099 843 11262 1925 841 11263 1924 844 11264 2099 843 11265 1924 844 11266 2100 845 11267 2100 845 11268 1924 844 11269 1923 847 11270 2100 845 11271 1923 847 11272 2101 846 11273 2101 846 11274 1923 847 11275 1922 1660 11276 2101 846 11277 1922 1660 11278 2071 1661 11279 1927 258 11280 1926 258 11281 2097 258 11282 2097 258 11283 1926 258 11284 2098 258 11285 2086 1662 11286 1938 1663 11287 2087 1664 11288 2087 1664 11289 1938 1663 11290 1937 1665 11291 2087 1664 11292 1937 1665 11293 1936 1666 11294 2087 1664 11295 1936 1666 11296 2088 1667 11297 2088 1667 11298 1936 1666 11299 1935 1668 11300 2088 1667 11301 1935 1668 11302 2089 1669 11303 2089 1669 11304 1935 1668 11305 1934 1670 11306 2089 1669 11307 1934 1670 11308 2090 1671 11309 2090 1671 11310 1934 1670 11311 1933 1672 11312 2090 1671 11313 1933 1672 11314 2091 1673 11315 2091 1673 11316 1933 1672 11317 1932 1674 11318 2091 1673 11319 1932 1674 11320 2092 1675 11321 2092 1675 11322 1932 1674 11323 1931 1676 11324 2092 1675 11325 1931 1676 11326 2093 1677 11327 2093 1677 11328 1931 1676 11329 1930 1678 11330 2093 1677 11331 1930 1678 11332 2094 1679 11333 2094 1679 11334 1930 1678 11335 1929 1680 11336 2094 1679 11337 1929 1680 11338 2095 1681 11339 2095 1681 11340 1929 1680 11341 1928 1682 11342 2095 1681 11343 1928 1682 11344 2096 1683 11345 2096 1683 11346 1928 1682 11347 1927 1684 11348 2096 1683 11349 1927 1684 11350 2097 1685 11351 1939 285 11352 1938 285 11353 2085 285 11354 2085 285 11355 1938 285 11356 2086 285 11357 1943 1686 11358 1942 871 11359 2081 1687 11360 2081 1687 11361 1942 871 11362 2082 873 11363 2082 873 11364 1942 871 11365 1941 874 11366 2082 873 11367 1941 874 11368 2083 875 11369 2083 875 11370 1941 874 11371 1940 877 11372 2083 875 11373 1940 877 11374 2084 876 11375 2084 876 11376 1940 877 11377 1939 878 11378 2084 876 11379 1939 878 11380 2085 879 11381 1944 0 11382 1943 0 11383 2080 0 11384 2080 0 11385 1943 0 11386 2081 0 11387 1907 1467 11388 1947 1688 11389 1908 1466 11390 1908 1466 11391 1947 1688 11392 2077 1689 11393 2077 1689 11394 1947 1688 11395 1946 1690 11396 2077 1689 11397 1946 1690 11398 2078 1691 11399 2078 1691 11400 1946 1690 11401 1945 1692 11402 2078 1691 11403 1945 1692 11404 2079 1693 11405 2079 1693 11406 1945 1692 11407 1944 1694 11408 2079 1693 11409 1944 1694 11410 2080 1695 11411 1921 1696 11412 1920 1697 11413 2072 1698 11414 2072 1698 11415 1920 1697 11416 2073 1699 11417 2073 1699 11418 1920 1697 11419 1919 1700 11420 2073 1699 11421 1919 1700 11422 2074 1701 11423 2074 1701 11424 1919 1700 11425 1918 1702 11426 2074 1701 11427 1918 1702 11428 2075 1703 11429 2075 1703 11430 1918 1702 11431 1913 1469 11432 2075 1703 11433 1913 1469 11434 1912 1468 11435 1911 258 11436 2076 258 11437 1904 258 11438 1904 258 11439 2076 258 11440 1532 258 11441 1444 1704 11442 1532 1704 11443 2217 1704 11444 2217 258 11445 1532 258 11446 2216 258 11447 2216 258 11448 1532 258 11449 2215 258 11450 2215 258 11451 1532 258 11452 2076 258 11453 1533 258 11454 1532 258 11455 1443 258 11456 1443 258 11457 1532 258 11458 1444 258 11459 1536 1705 11460 1535 559 11461 1440 1706 11462 1440 1706 11463 1535 559 11464 1441 560 11465 1441 560 11466 1535 559 11467 1442 556 11468 1442 556 11469 1535 559 11470 1534 558 11471 1442 556 11472 1534 558 11473 1443 1707 11474 1443 1707 11475 1534 558 11476 1533 1708 11477 1440 252 11478 2218 252 11479 1536 252 11480 1536 1709 11481 2218 1709 11482 2219 1709 11483 1536 1710 11484 2219 1710 11485 2220 1710 11486 2220 252 11487 2221 252 11488 1536 252 11489 2221 252 11490 2222 252 11491 1536 252 11492 1536 252 11493 2222 252 11494 2223 252 11495 1537 285 11496 1536 285 11497 2232 285 11498 2232 285 11499 1536 285 11500 2223 285 11501 2232 285 11502 2223 285 11503 2231 285 11504 2231 285 11505 2223 285 11506 2224 285 11507 2231 285 11508 2224 285 11509 2230 285 11510 2230 285 11511 2224 285 11512 2225 285 11513 2230 285 11514 2225 285 11515 2228 285 11516 2228 285 11517 2225 285 11518 2227 285 11519 2227 285 11520 2225 285 11521 2226 285 11522 2228 285 11523 2229 285 11524 2230 285 11525 1537 268 11526 2232 268 11527 2233 268 11528 2233 268 11529 2232 268 11530 2234 268 11531 1507 268 11532 1537 268 11533 2237 268 11534 2237 268 11535 1537 268 11536 2236 268 11537 2236 268 11538 1537 268 11539 2235 268 11540 2235 268 11541 1537 268 11542 2233 268 11543 1540 1711 11544 1539 264 11545 1504 1712 11546 1504 1712 11547 1539 264 11548 1505 265 11549 1505 265 11550 1539 264 11551 1506 261 11552 1506 261 11553 1539 264 11554 1538 263 11555 1506 261 11556 1538 263 11557 1507 1713 11558 1507 1713 11559 1538 263 11560 1537 1714 11561 1504 258 11562 1503 258 11563 1540 258 11564 1540 258 11565 1503 258 11566 1541 258 11567 2238 258 11568 1541 258 11569 2241 258 11570 2241 258 11571 1541 258 11572 2240 258 11573 2240 258 11574 1541 258 11575 2239 258 11576 2239 1715 11577 1541 1715 11578 1503 1715 11579 2243 258 11580 1541 258 11581 2242 258 11582 2242 258 11583 1541 258 11584 2238 258 11585 2249 1467 11586 2244 1466 11587 2248 1465 11588 2248 1465 11589 2244 1466 11590 2245 1464 11591 2248 1465 11592 2245 1464 11593 2247 1463 11594 2247 1463 11595 2245 1464 11596 2246 1462 11597 2247 1463 11598 2246 1462 11599 2242 1461 11600 2242 1461 11601 2246 1462 11602 2243 1460 11603 2250 1468 11604 2251 1469 11605 2257 1470 11606 2257 1470 11607 2251 1469 11608 2252 1716 11609 2257 1470 11610 2252 1716 11611 2256 1472 11612 2256 1472 11613 2252 1716 11614 2253 1473 11615 2256 1472 11616 2253 1473 11617 2255 1474 11618 2255 1474 11619 2253 1473 11620 2254 1475 11621 1541 252 11622 2316 252 11623 1542 252 11624 1542 1717 11625 2316 1717 11626 2317 1717 11627 1542 1718 11628 2317 1718 11629 2318 1718 11630 2243 252 11631 2337 252 11632 1541 252 11633 1541 252 11634 2337 252 11635 2338 252 11636 1541 252 11637 2338 252 11638 2339 252 11639 2246 252 11640 2348 252 11641 2243 252 11642 2243 1719 11643 2348 1719 11644 2349 1719 11645 2243 1720 11646 2349 1720 11647 2350 1720 11648 2348 1721 11649 2246 1721 11650 2259 1721 11651 2259 1722 11652 2246 1722 11653 2245 1722 11654 2259 1723 11655 2245 1723 11656 2258 1723 11657 2258 1724 11658 2245 1724 11659 2244 1724 11660 2259 252 11661 2260 252 11662 2348 252 11663 2348 252 11664 2260 252 11665 2347 252 11666 2347 252 11667 2260 252 11668 2261 252 11669 2347 252 11670 2261 252 11671 2346 252 11672 2346 252 11673 2261 252 11674 2345 252 11675 2345 1725 11676 2261 1725 11677 2262 1725 11678 2345 252 11679 2262 252 11680 2344 252 11681 2344 1726 11682 2262 1726 11683 2343 1726 11684 2343 1727 11685 2262 1727 11686 2263 1727 11687 2343 1728 11688 2263 1728 11689 2267 1728 11690 2267 1729 11691 2263 1729 11692 2264 1729 11693 2267 252 11694 2264 252 11695 2266 252 11696 2266 252 11697 2264 252 11698 2265 252 11699 2343 252 11700 2267 252 11701 2342 252 11702 2342 1730 11703 2267 1730 11704 2268 1730 11705 2342 252 11706 2268 252 11707 2356 252 11708 2356 252 11709 2268 252 11710 2355 252 11711 2355 1731 11712 2268 1731 11713 2269 1731 11714 2355 252 11715 2269 252 11716 2354 252 11717 2354 1732 11718 2269 1732 11719 2270 1732 11720 2354 1733 11721 2270 1733 11722 2370 1733 11723 2370 1734 11724 2270 1734 11725 2271 1734 11726 2370 252 11727 2271 252 11728 2369 252 11729 2369 252 11730 2271 252 11731 2272 252 11732 2369 1735 11733 2272 1735 11734 2368 1735 11735 2368 252 11736 2272 252 11737 2367 252 11738 2367 252 11739 2272 252 11740 2273 252 11741 2367 1735 11742 2273 1735 11743 2366 1735 11744 2366 252 11745 2273 252 11746 2274 252 11747 2366 252 11748 2274 252 11749 2365 252 11750 2365 1734 11751 2274 1734 11752 2275 1734 11753 2365 1736 11754 2275 1736 11755 2381 1736 11756 2381 1732 11757 2275 1732 11758 2276 1732 11759 2381 252 11760 2276 252 11761 2380 252 11762 2380 1731 11763 2276 1731 11764 2277 1731 11765 2380 252 11766 2277 252 11767 2379 252 11768 2379 252 11769 2277 252 11770 2393 252 11771 2379 1737 11772 2393 1737 11773 2378 1737 11774 2378 1738 11775 2393 1738 11776 2377 1738 11777 2377 1739 11778 2393 1739 11779 2394 1739 11780 2377 1740 11781 2394 1740 11782 2384 1740 11783 2277 252 11784 2278 252 11785 2393 252 11786 2393 252 11787 2278 252 11788 2392 252 11789 2392 1728 11790 2278 1728 11791 2282 1728 11792 2392 1727 11793 2282 1727 11794 2283 1727 11795 2282 1741 11796 2278 1741 11797 2281 1741 11798 2281 252 11799 2278 252 11800 2279 252 11801 2281 1742 11802 2279 1742 11803 2280 1742 11804 2284 1743 11805 2390 1743 11806 2283 1743 11807 2283 1744 11808 2390 1744 11809 2391 1744 11810 2283 1745 11811 2391 1745 11812 2392 1745 11813 2285 1746 11814 2388 1746 11815 2284 1746 11816 2284 1747 11817 2388 1747 11818 2389 1747 11819 2284 252 11820 2389 252 11821 2390 252 11822 2388 252 11823 2285 252 11824 2387 252 11825 2387 252 11826 2285 252 11827 2286 252 11828 2387 1748 11829 2286 1748 11830 2287 1748 11831 2250 252 11832 2257 252 11833 2287 252 11834 2287 252 11835 2257 252 11836 2387 252 11837 2257 252 11838 2256 252 11839 2387 252 11840 2387 1749 11841 2256 1749 11842 2255 1749 11843 2387 252 11844 2255 252 11845 2386 252 11846 2386 252 11847 2255 252 11848 2385 252 11849 2385 252 11850 2255 252 11851 2376 252 11852 2385 252 11853 2376 252 11854 2384 252 11855 2384 1750 11856 2376 1750 11857 2377 1750 11858 1542 252 11859 2323 252 11860 2255 252 11861 2255 252 11862 2323 252 11863 2324 252 11864 2255 1751 11865 2324 1751 11866 2375 1751 11867 2375 1752 11868 2324 1752 11869 2325 1752 11870 2375 252 11871 2325 252 11872 2374 252 11873 2374 252 11874 2325 252 11875 2289 252 11876 2374 1753 11877 2289 1753 11878 2290 1753 11879 2289 252 11880 2326 252 11881 2288 252 11882 2288 1754 11883 2326 1754 11884 2327 1754 11885 2288 252 11886 2327 252 11887 2303 252 11888 2303 252 11889 2327 252 11890 2328 252 11891 2303 252 11892 2328 252 11893 2306 252 11894 2306 252 11895 2328 252 11896 2305 252 11897 2305 1755 11898 2328 1755 11899 2329 1755 11900 2305 252 11901 2329 252 11902 2304 252 11903 2304 1756 11904 2329 1756 11905 2320 1756 11906 2304 1757 11907 2320 1757 11908 1542 1757 11909 1542 1758 11910 2320 1758 11911 2321 1758 11912 1542 252 11913 2321 252 11914 2322 252 11915 2374 1759 11916 2290 1759 11917 2373 1759 11918 2373 1760 11919 2290 1760 11920 2291 1760 11921 2373 1761 11922 2291 1761 11923 2383 1761 11924 2383 252 11925 2291 252 11926 2292 252 11927 2383 252 11928 2292 252 11929 2382 252 11930 2382 1762 11931 2292 1762 11932 2365 1762 11933 2382 1763 11934 2365 1763 11935 2381 1763 11936 2293 252 11937 2362 252 11938 2292 252 11939 2292 1764 11940 2362 1764 11941 2363 1764 11942 2292 1765 11943 2363 1765 11944 2364 1765 11945 2294 252 11946 2352 252 11947 2293 252 11948 2293 1766 11949 2352 1766 11950 2353 1766 11951 2293 1762 11952 2353 1762 11953 2370 1762 11954 2370 1767 11955 2353 1767 11956 2354 1767 11957 2352 1768 11958 2294 1768 11959 2351 1768 11960 2351 1760 11961 2294 1760 11962 2295 1760 11963 2351 1769 11964 2295 1769 11965 2361 1769 11966 2361 1753 11967 2295 1753 11968 2296 1753 11969 2361 252 11970 2296 252 11971 2335 252 11972 2335 1770 11973 2296 1770 11974 2334 1770 11975 2334 252 11976 2296 252 11977 2297 252 11978 2334 252 11979 2297 252 11980 2333 252 11981 2333 1771 11982 2297 1771 11983 2298 1771 11984 2333 252 11985 2298 252 11986 2311 252 11987 2311 252 11988 2298 252 11989 2310 252 11990 2310 252 11991 2298 252 11992 2299 252 11993 2310 252 11994 2299 252 11995 2309 252 11996 2309 252 11997 2299 252 11998 2300 252 11999 2309 252 12000 2300 252 12001 2308 252 12002 2308 252 12003 2300 252 12004 2301 252 12005 2308 252 12006 2301 252 12007 2307 252 12008 2307 252 12009 2301 252 12010 2302 252 12011 2307 252 12012 2302 252 12013 2306 252 12014 2306 252 12015 2302 252 12016 2303 252 12017 2333 252 12018 2311 252 12019 2332 252 12020 2332 1772 12021 2311 1772 12022 2312 1772 12023 2332 252 12024 2312 252 12025 2331 252 12026 2331 252 12027 2312 252 12028 2313 252 12029 2331 252 12030 2313 252 12031 2330 252 12032 2330 252 12033 2313 252 12034 1541 252 12035 2330 252 12036 1541 252 12037 2339 252 12038 2313 252 12039 2314 252 12040 1541 252 12041 1541 1773 12042 2314 1773 12043 2315 1773 12044 1541 1718 12045 2315 1718 12046 2316 1718 12047 2318 252 12048 2319 252 12049 1542 252 12050 1542 1774 12051 2319 1774 12052 2304 1774 12053 2322 252 12054 2323 252 12055 1542 252 12056 2325 1770 12057 2326 1770 12058 2289 1770 12059 2361 252 12060 2335 252 12061 2360 252 12062 2360 1752 12063 2335 1752 12064 2336 1752 12065 2360 1775 12066 2336 1775 12067 2243 1775 12068 2243 252 12069 2336 252 12070 2337 252 12071 2341 1776 12072 2358 1776 12073 2340 1776 12074 2340 1750 12075 2358 1750 12076 2359 1750 12077 2340 252 12078 2359 252 12079 2350 252 12080 2350 252 12081 2359 252 12082 2243 252 12083 2341 252 12084 2342 252 12085 2358 252 12086 2358 1738 12087 2342 1738 12088 2357 1738 12089 2357 1737 12090 2342 1737 12091 2356 1737 12092 2359 252 12093 2360 252 12094 2243 252 12095 2364 252 12096 2365 252 12097 2292 252 12098 2370 252 12099 2371 252 12100 2293 252 12101 2293 1765 12102 2371 1765 12103 2372 1765 12104 2293 1764 12105 2372 1764 12106 2362 1764 12107 2375 252 12108 2376 252 12109 2255 252 12110 2289 258 12111 2288 258 12112 2396 258 12113 2396 258 12114 2288 258 12115 2395 258 12116 2292 1572 12117 2291 1570 12118 2399 1571 12119 2399 1571 12120 2291 1570 12121 2398 1569 12122 2398 1569 12123 2291 1570 12124 2290 1568 12125 2398 1569 12126 2290 1568 12127 2397 1566 12128 2397 1566 12129 2290 1568 12130 2289 1567 12131 2397 1566 12132 2289 1567 12133 2396 1565 12134 2293 65 12135 2292 65 12136 2400 65 12137 2400 65 12138 2292 65 12139 2399 65 12140 2296 1564 12141 2295 1562 12142 2403 1563 12143 2403 1563 12144 2295 1562 12145 2402 1561 12146 2402 1561 12147 2295 1562 12148 2294 1560 12149 2402 1561 12150 2294 1560 12151 2401 1558 12152 2401 1558 12153 2294 1560 12154 2293 1559 12155 2401 1558 12156 2293 1559 12157 2400 1557 12158 2297 285 12159 2296 285 12160 2404 285 12161 2404 285 12162 2296 285 12163 2403 285 12164 2300 1556 12165 2299 1554 12166 2407 1555 12167 2407 1555 12168 2299 1554 12169 2406 1553 12170 2406 1553 12171 2299 1554 12172 2298 1552 12173 2406 1553 12174 2298 1552 12175 2405 1550 12176 2405 1550 12177 2298 1552 12178 2297 1551 12179 2405 1550 12180 2297 1551 12181 2404 1549 12182 2301 0 12183 2300 0 12184 2408 0 12185 2408 0 12186 2300 0 12187 2407 0 12188 2288 1548 12189 2303 1546 12190 2395 1547 12191 2395 1547 12192 2303 1546 12193 2410 1545 12194 2410 1545 12195 2303 1546 12196 2302 1544 12197 2410 1545 12198 2302 1544 12199 2409 1542 12200 2409 1542 12201 2302 1544 12202 2301 1543 12203 2409 1542 12204 2301 1543 12205 2408 1541 12206 2412 268 12207 2527 268 12208 2411 268 12209 2411 268 12210 2527 268 12211 2528 268 12212 2411 268 12213 2528 268 12214 2529 268 12215 2413 268 12216 2525 268 12217 2412 268 12218 2412 268 12219 2525 268 12220 2526 268 12221 2412 268 12222 2526 268 12223 2527 268 12224 2525 1777 12225 2413 1777 12226 2417 1777 12227 2417 1778 12228 2413 1778 12229 2414 1778 12230 2417 268 12231 2414 268 12232 2416 268 12233 2416 1779 12234 2414 1779 12235 2415 1779 12236 2525 268 12237 2417 268 12238 2524 268 12239 2524 1780 12240 2417 1780 12241 2418 1780 12242 2524 268 12243 2418 268 12244 2516 268 12245 2516 268 12246 2418 268 12247 2515 268 12248 2515 268 12249 2418 268 12250 2419 268 12251 2515 268 12252 2419 268 12253 2514 268 12254 2514 268 12255 2419 268 12256 2420 268 12257 2514 1781 12258 2420 1781 12259 2508 1781 12260 2508 1782 12261 2420 1782 12262 2421 1782 12263 2508 1783 12264 2421 1783 12265 2507 1783 12266 2507 268 12267 2421 268 12268 2422 268 12269 2507 1784 12270 2422 1784 12271 2506 1784 12272 2506 268 12273 2422 268 12274 2423 268 12275 2506 1785 12276 2423 1785 12277 2505 1785 12278 2505 1784 12279 2423 1784 12280 2504 1784 12281 2504 268 12282 2423 268 12283 2424 268 12284 2504 1783 12285 2424 1783 12286 2503 1783 12287 2503 1782 12288 2424 1782 12289 2425 1782 12290 2503 1786 12291 2425 1786 12292 2497 1786 12293 2497 268 12294 2425 268 12295 2426 268 12296 2497 268 12297 2426 268 12298 2496 268 12299 2496 268 12300 2426 268 12301 2427 268 12302 2496 268 12303 2427 268 12304 2495 268 12305 2495 268 12306 2427 268 12307 2487 268 12308 2495 268 12309 2487 268 12310 2494 268 12311 2494 1787 12312 2487 1787 12313 2493 1787 12314 2493 268 12315 2487 268 12316 2488 268 12317 2493 268 12318 2488 268 12319 2478 268 12320 2427 268 12321 2428 268 12322 2487 268 12323 2487 268 12324 2428 268 12325 2486 268 12326 2486 1777 12327 2428 1777 12328 2432 1777 12329 2486 268 12330 2432 268 12331 2433 268 12332 2432 1788 12333 2428 1788 12334 2431 1788 12335 2431 268 12336 2428 268 12337 2429 268 12338 2431 1779 12339 2429 1779 12340 2430 1779 12341 2434 268 12342 2484 268 12343 2433 268 12344 2433 268 12345 2484 268 12346 2485 268 12347 2433 268 12348 2485 268 12349 2486 268 12350 2435 1789 12351 2482 1789 12352 2434 1789 12353 2434 268 12354 2482 268 12355 2483 268 12356 2434 268 12357 2483 268 12358 2484 268 12359 2482 1790 12360 2435 1790 12361 2481 1790 12362 2481 268 12363 2435 268 12364 2436 268 12365 2481 268 12366 2436 268 12367 2247 268 12368 2247 1791 12369 2436 1791 12370 2248 1791 12371 2248 268 12372 2436 268 12373 2437 268 12374 2248 268 12375 2437 268 12376 2249 268 12377 2247 268 12378 2242 268 12379 2481 268 12380 2481 1792 12381 2242 1792 12382 2480 1792 12383 2480 268 12384 2242 268 12385 2479 268 12386 2479 268 12387 2242 268 12388 2492 268 12389 2479 1793 12390 2492 1793 12391 2478 1793 12392 2478 268 12393 2492 268 12394 2493 268 12395 2238 268 12396 2471 268 12397 2242 268 12398 2242 1794 12399 2471 1794 12400 2472 1794 12401 2242 1795 12402 2472 1795 12403 2491 1795 12404 2491 1796 12405 2472 1796 12406 2473 1796 12407 2491 268 12408 2473 268 12409 2490 268 12410 2490 268 12411 2473 268 12412 2403 268 12413 2490 1797 12414 2403 1797 12415 2402 1797 12416 2438 1798 12417 2447 1798 12418 2238 1798 12419 2238 1799 12420 2447 1799 12421 2448 1799 12422 2238 1800 12423 2448 1800 12424 2449 1800 12425 2254 268 12426 2465 268 12427 2438 268 12428 2438 268 12429 2465 268 12430 2466 268 12431 2438 1801 12432 2466 1801 12433 2467 1801 12434 2253 268 12435 2530 268 12436 2254 268 12437 2254 1802 12438 2530 1802 12439 2531 1802 12440 2254 1803 12441 2531 1803 12442 2532 1803 12443 2253 268 12444 2252 268 12445 2530 268 12446 2530 1804 12447 2252 1804 12448 2439 1804 12449 2530 268 12450 2439 268 12451 2440 268 12452 2252 268 12453 2251 268 12454 2439 268 12455 2440 268 12456 2441 268 12457 2530 268 12458 2530 268 12459 2441 268 12460 2529 268 12461 2529 1805 12462 2441 1805 12463 2411 1805 12464 2443 268 12465 2459 268 12466 2442 268 12467 2442 1806 12468 2459 1806 12469 2460 1806 12470 2442 268 12471 2460 268 12472 2457 268 12473 2457 268 12474 2460 268 12475 2461 268 12476 2457 268 12477 2461 268 12478 2410 268 12479 2410 268 12480 2461 268 12481 2395 268 12482 2395 1807 12483 2461 1807 12484 2462 1807 12485 2395 268 12486 2462 268 12487 2396 268 12488 2396 1808 12489 2462 1808 12490 2463 1808 12491 2396 1809 12492 2463 1809 12493 2521 1809 12494 2521 268 12495 2463 268 12496 2520 268 12497 2520 1796 12498 2463 1796 12499 2464 1796 12500 2520 1810 12501 2464 1810 12502 2254 1810 12503 2254 1794 12504 2464 1794 12505 2465 1794 12506 2444 268 12507 2438 268 12508 2443 268 12509 2443 268 12510 2438 268 12511 2458 268 12512 2443 1811 12513 2458 1811 12514 2459 1811 12515 2444 268 12516 2445 268 12517 2438 268 12518 2438 1799 12519 2445 1799 12520 2446 1799 12521 2438 1812 12522 2446 1812 12523 2447 1812 12524 2449 268 12525 2450 268 12526 2238 268 12527 2238 268 12528 2450 268 12529 2468 268 12530 2238 1813 12531 2468 1813 12532 2469 1813 12533 2468 268 12534 2450 268 12535 2477 268 12536 2477 268 12537 2450 268 12538 2451 268 12539 2477 268 12540 2451 268 12541 2476 268 12542 2476 1814 12543 2451 1814 12544 2452 1814 12545 2476 268 12546 2452 268 12547 2405 268 12548 2405 268 12549 2452 268 12550 2406 268 12551 2406 268 12552 2452 268 12553 2453 268 12554 2406 268 12555 2453 268 12556 2407 268 12557 2407 268 12558 2453 268 12559 2454 268 12560 2407 268 12561 2454 268 12562 2408 268 12563 2408 268 12564 2454 268 12565 2455 268 12566 2408 268 12567 2455 268 12568 2409 268 12569 2409 268 12570 2455 268 12571 2456 268 12572 2409 268 12573 2456 268 12574 2410 268 12575 2410 268 12576 2456 268 12577 2457 268 12578 2476 268 12579 2405 268 12580 2475 268 12581 2475 1815 12582 2405 1815 12583 2404 1815 12584 2475 268 12585 2404 268 12586 2474 268 12587 2474 268 12588 2404 268 12589 2403 268 12590 2474 268 12591 2403 268 12592 2473 268 12593 2490 268 12594 2402 268 12595 2489 268 12596 2489 1816 12597 2402 1816 12598 2401 1816 12599 2489 1817 12600 2401 1817 12601 2499 1817 12602 2499 268 12603 2401 268 12604 2400 268 12605 2499 1818 12606 2400 1818 12607 2498 1818 12608 2498 268 12609 2400 268 12610 2503 268 12611 2498 1819 12612 2503 1819 12613 2497 1819 12614 2399 268 12615 2500 268 12616 2400 268 12617 2400 1820 12618 2500 1820 12619 2501 1820 12620 2400 1821 12621 2501 1821 12622 2502 1821 12623 2398 268 12624 2512 268 12625 2399 268 12626 2399 1822 12627 2512 1822 12628 2513 1822 12629 2399 268 12630 2513 268 12631 2508 268 12632 2508 1823 12633 2513 1823 12634 2514 1823 12635 2512 1824 12636 2398 1824 12637 2511 1824 12638 2511 1816 12639 2398 1816 12640 2397 1816 12641 2511 268 12642 2397 268 12643 2521 268 12644 2521 1797 12645 2397 1797 12646 2396 1797 12647 2467 268 12648 2458 268 12649 2438 268 12650 2469 268 12651 2470 268 12652 2238 268 12653 2238 268 12654 2470 268 12655 2471 268 12656 2491 268 12657 2492 268 12658 2242 268 12659 2502 268 12660 2503 268 12661 2400 268 12662 2508 268 12663 2509 268 12664 2399 268 12665 2399 1821 12666 2509 1821 12667 2510 1821 12668 2399 1820 12669 2510 1820 12670 2500 1820 12671 2516 268 12672 2517 268 12673 2524 268 12674 2524 1825 12675 2517 1825 12676 2518 1825 12677 2524 268 12678 2518 268 12679 2523 268 12680 2523 268 12681 2518 268 12682 2522 268 12683 2522 268 12684 2518 268 12685 2519 268 12686 2522 268 12687 2519 268 12688 2532 268 12689 2532 268 12690 2519 268 12691 2254 268 12692 2519 268 12693 2520 268 12694 2254 268 12695 2305 258 12696 2304 258 12697 2442 258 12698 2442 258 12699 2304 258 12700 2443 258 12701 2308 1572 12702 2307 1570 12703 2455 1571 12704 2455 1571 12705 2307 1570 12706 2456 1569 12707 2456 1569 12708 2307 1570 12709 2306 1568 12710 2456 1569 12711 2306 1568 12712 2457 1566 12713 2457 1566 12714 2306 1568 12715 2305 1567 12716 2457 1566 12717 2305 1567 12718 2442 1565 12719 2309 65 12720 2308 65 12721 2454 65 12722 2454 65 12723 2308 65 12724 2455 65 12725 2312 1564 12726 2311 1562 12727 2451 1563 12728 2451 1563 12729 2311 1562 12730 2452 1561 12731 2452 1561 12732 2311 1562 12733 2310 1560 12734 2452 1561 12735 2310 1560 12736 2453 1558 12737 2453 1558 12738 2310 1560 12739 2309 1559 12740 2453 1558 12741 2309 1559 12742 2454 1557 12743 2313 285 12744 2312 285 12745 2450 285 12746 2450 285 12747 2312 285 12748 2451 285 12749 2316 1556 12750 2315 1554 12751 2447 1555 12752 2447 1555 12753 2315 1554 12754 2448 1553 12755 2448 1553 12756 2315 1554 12757 2314 1552 12758 2448 1553 12759 2314 1552 12760 2449 1550 12761 2449 1550 12762 2314 1552 12763 2313 1551 12764 2449 1550 12765 2313 1551 12766 2450 1549 12767 2317 0 12768 2316 0 12769 2446 0 12770 2446 0 12771 2316 0 12772 2447 0 12773 2304 1548 12774 2319 1546 12775 2443 1547 12776 2443 1547 12777 2319 1546 12778 2444 1545 12779 2444 1545 12780 2319 1546 12781 2318 1544 12782 2444 1545 12783 2318 1544 12784 2445 1542 12785 2445 1542 12786 2318 1544 12787 2317 1543 12788 2445 1542 12789 2317 1543 12790 2446 1541 12791 2467 1653 12792 2321 1826 12793 2458 1654 12794 2458 1654 12795 2321 1826 12796 2320 1827 12797 2458 1654 12798 2320 1827 12799 2459 1655 12800 2459 1655 12801 2320 1827 12802 2329 1828 12803 2459 1655 12804 2329 1828 12805 2460 1656 12806 2460 1656 12807 2329 1828 12808 2328 1829 12809 2460 1656 12810 2328 1829 12811 2461 1657 12812 2461 1657 12813 2328 1829 12814 2327 1830 12815 2461 1657 12816 2327 1830 12817 2462 1648 12818 2462 1648 12819 2327 1830 12820 2326 1831 12821 2462 1648 12822 2326 1831 12823 2463 1649 12824 2463 1649 12825 2326 1831 12826 2325 1832 12827 2463 1649 12828 2325 1832 12829 2464 1650 12830 2464 1650 12831 2325 1832 12832 2324 1833 12833 2464 1650 12834 2324 1833 12835 2465 1651 12836 2465 1651 12837 2324 1833 12838 2323 1834 12839 2465 1651 12840 2323 1834 12841 2466 1652 12842 2466 1652 12843 2323 1834 12844 2322 1835 12845 2466 1652 12846 2322 1835 12847 2467 1653 12848 2467 1653 12849 2322 1835 12850 2321 1826 12851 2477 1653 12852 2331 1826 12853 2468 1654 12854 2468 1654 12855 2331 1826 12856 2330 1827 12857 2468 1654 12858 2330 1827 12859 2469 1655 12860 2469 1655 12861 2330 1827 12862 2339 1828 12863 2469 1655 12864 2339 1828 12865 2470 1656 12866 2470 1656 12867 2339 1828 12868 2338 1829 12869 2470 1656 12870 2338 1829 12871 2471 1657 12872 2471 1657 12873 2338 1829 12874 2337 1830 12875 2471 1657 12876 2337 1830 12877 2472 1648 12878 2472 1648 12879 2337 1830 12880 2336 1831 12881 2472 1648 12882 2336 1831 12883 2473 1649 12884 2473 1649 12885 2336 1831 12886 2335 1832 12887 2473 1649 12888 2335 1832 12889 2474 1650 12890 2474 1650 12891 2335 1832 12892 2334 1833 12893 2474 1650 12894 2334 1833 12895 2475 1651 12896 2475 1651 12897 2334 1833 12898 2333 1834 12899 2475 1651 12900 2333 1834 12901 2476 1652 12902 2476 1652 12903 2333 1834 12904 2332 1835 12905 2476 1652 12906 2332 1835 12907 2477 1653 12908 2477 1653 12909 2332 1835 12910 2331 1826 12911 2284 0 12912 2283 0 12913 2411 0 12914 2411 0 12915 2283 0 12916 2412 0 12917 2250 1468 12918 2287 1703 12919 2251 1469 12920 2251 1469 12921 2287 1703 12922 2439 1702 12923 2439 1702 12924 2287 1703 12925 2286 1701 12926 2439 1702 12927 2286 1701 12928 2440 1700 12929 2440 1700 12930 2286 1701 12931 2285 1699 12932 2440 1700 12933 2285 1699 12934 2441 1697 12935 2441 1697 12936 2285 1699 12937 2284 1698 12938 2441 1697 12939 2284 1698 12940 2411 1696 12941 2283 1661 12942 2282 846 12943 2412 1660 12944 2412 1660 12945 2282 846 12946 2413 847 12947 2413 847 12948 2282 846 12949 2281 845 12950 2413 847 12951 2281 845 12952 2414 844 12953 2414 844 12954 2281 845 12955 2280 843 12956 2414 844 12957 2280 843 12958 2415 1836 12959 2415 1836 12960 2280 843 12961 2279 842 12962 2415 1836 12963 2279 842 12964 2416 840 12965 2279 258 12966 2278 258 12967 2416 258 12968 2416 258 12969 2278 258 12970 2417 258 12971 2278 1685 12972 2277 1683 12973 2417 1684 12974 2417 1684 12975 2277 1683 12976 2418 1682 12977 2418 1682 12978 2277 1683 12979 2276 1681 12980 2418 1682 12981 2276 1681 12982 2419 1680 12983 2419 1680 12984 2276 1681 12985 2275 1679 12986 2419 1680 12987 2275 1679 12988 2420 1678 12989 2420 1678 12990 2275 1679 12991 2274 1677 12992 2420 1678 12993 2274 1677 12994 2421 1676 12995 2421 1676 12996 2274 1677 12997 2273 1675 12998 2421 1676 12999 2273 1675 13000 2422 1674 13001 2422 1674 13002 2273 1675 13003 2272 1673 13004 2422 1674 13005 2272 1673 13006 2423 1672 13007 2423 1672 13008 2272 1673 13009 2271 1671 13010 2423 1672 13011 2271 1671 13012 2424 1670 13013 2424 1670 13014 2271 1671 13015 2270 1669 13016 2424 1670 13017 2270 1669 13018 2425 1668 13019 2425 1668 13020 2270 1669 13021 2269 1667 13022 2425 1668 13023 2269 1667 13024 2426 1666 13025 2426 1666 13026 2269 1667 13027 2268 1664 13028 2426 1666 13029 2268 1664 13030 2427 1665 13031 2427 1665 13032 2268 1664 13033 2428 1663 13034 2428 1663 13035 2268 1664 13036 2267 1662 13037 2267 285 13038 2266 285 13039 2428 285 13040 2428 285 13041 2266 285 13042 2429 285 13043 2266 879 13044 2265 876 13045 2429 878 13046 2429 878 13047 2265 876 13048 2430 1837 13049 2430 1837 13050 2265 876 13051 2264 875 13052 2430 1837 13053 2264 875 13054 2431 874 13055 2431 874 13056 2264 875 13057 2263 873 13058 2431 874 13059 2263 873 13060 2432 871 13061 2432 871 13062 2263 873 13063 2262 1687 13064 2432 871 13065 2262 1687 13066 2433 1686 13067 2262 0 13068 2261 0 13069 2433 0 13070 2433 0 13071 2261 0 13072 2434 0 13073 2261 1695 13074 2260 1693 13075 2434 1694 13076 2434 1694 13077 2260 1693 13078 2435 1692 13079 2435 1692 13080 2260 1693 13081 2259 1691 13082 2435 1692 13083 2259 1691 13084 2436 1690 13085 2436 1690 13086 2259 1691 13087 2258 1689 13088 2436 1690 13089 2258 1689 13090 2437 1688 13091 2437 1688 13092 2258 1689 13093 2244 1466 13094 2437 1688 13095 2244 1466 13096 2249 1467 13097 2254 285 13098 2438 285 13099 2255 285 13100 2255 285 13101 2438 285 13102 1542 285 13103 1502 1838 13104 1542 1838 13105 2535 1838 13106 2535 285 13107 1542 285 13108 2534 285 13109 2534 285 13110 1542 285 13111 2533 285 13112 2533 285 13113 1542 285 13114 2438 285 13115 1543 285 13116 1542 285 13117 1501 285 13118 1501 285 13119 1542 285 13120 1502 285 13121 1526 1839 13122 1545 771 13123 1498 1840 13124 1498 1840 13125 1545 771 13126 1499 772 13127 1499 772 13128 1545 771 13129 1500 768 13130 1500 768 13131 1545 771 13132 1544 770 13133 1500 768 13134 1544 770 13135 1501 1841 13136 1501 1841 13137 1544 770 13138 1543 1842 13139 1498 268 13140 2536 268 13141 1526 268 13142 1526 1843 13143 2536 1843 13144 2537 1843 13145 1526 1844 13146 2537 1844 13147 2538 1844 13148 2538 268 13149 2539 268 13150 1526 268 13151 2539 268 13152 2540 268 13153 1526 268 13154 1526 268 13155 2540 268 13156 1883 268 13157 1887 1845 13158 1886 809 13159 2541 1846 13160 2541 1846 13161 1886 809 13162 2544 810 13163 2544 810 13164 1886 809 13165 1885 808 13166 2544 810 13167 1885 808 13168 2543 807 13169 2543 807 13170 1885 808 13171 1884 806 13172 2543 807 13173 1884 806 13174 2542 804 13175 2542 804 13176 1884 806 13177 1883 805 13178 2542 804 13179 1883 805 13180 2540 803 13181 1888 0 13182 1887 0 13183 2545 0 13184 2545 0 13185 1887 0 13186 2541 0 13187 1892 850 13188 1891 851 13189 1894 852 13190 1894 852 13191 1891 851 13192 2548 853 13193 2548 853 13194 1891 851 13195 1890 854 13196 2548 853 13197 1890 854 13198 2547 855 13199 2547 855 13200 1890 854 13201 1889 857 13202 2547 855 13203 1889 857 13204 2546 856 13205 2546 856 13206 1889 857 13207 1888 1847 13208 2546 856 13209 1888 1847 13210 2545 1848 13211 2539 285 13212 1893 285 13213 2540 285 13214 2540 285 13215 1893 285 13216 1894 285 13217 2540 285 13218 1894 285 13219 2542 285 13220 2542 285 13221 1894 285 13222 2548 285 13223 2542 285 13224 2548 285 13225 2543 285 13226 2543 285 13227 2548 285 13228 2547 285 13229 2543 285 13230 2547 285 13231 2541 285 13232 2541 285 13233 2547 285 13234 2545 285 13235 2545 285 13236 2547 285 13237 2546 285 13238 2541 285 13239 2544 285 13240 2543 285 13241 2539 786 13242 2538 784 13243 1893 785 13244 1893 785 13245 2538 784 13246 1895 783 13247 1895 783 13248 2538 784 13249 2537 782 13250 1895 783 13251 2537 782 13252 1896 781 13253 1896 781 13254 2537 782 13255 1897 1849 13256 1897 1849 13257 2537 782 13258 2536 1850 13259 1897 1849 13260 2536 1850 13261 1194 1137 13262 1194 1137 13263 2536 1850 13264 1192 1119 13265 1192 1119 13266 2536 1850 13267 1189 813 13268 1189 813 13269 2536 1850 13270 1498 1840 13271 1194 1137 13272 1193 861 13273 1897 1849 13274 1897 1849 13275 1193 861 13276 1449 1457 13277 1291 65 13278 1290 65 13279 2558 65 13280 2558 65 13281 1290 65 13282 1302 65 13283 2558 1851 13284 1302 1851 13285 2557 1851 13286 2557 1852 13287 1302 1852 13288 1301 1852 13289 2557 1853 13290 1301 1853 13291 2556 1853 13292 2556 1854 13293 1301 1854 13294 1300 1854 13295 2556 1855 13296 1300 1855 13297 2555 1855 13298 2555 65 13299 1300 65 13300 1299 65 13301 2555 65 13302 1299 65 13303 2554 65 13304 2554 65 13305 1299 65 13306 1298 65 13307 2554 1856 13308 1298 1856 13309 2553 1856 13310 2553 65 13311 1298 65 13312 1297 65 13313 2553 1857 13314 1297 1857 13315 2552 1857 13316 2552 65 13317 1297 65 13318 1296 65 13319 2552 65 13320 1296 65 13321 2551 65 13322 2551 65 13323 1296 65 13324 1295 65 13325 2551 1858 13326 1295 1858 13327 2550 1858 13328 2550 1859 13329 1295 1859 13330 1294 1859 13331 2550 1860 13332 1294 1860 13333 2549 1860 13334 2549 65 13335 1294 65 13336 1293 65 13337 2549 65 13338 1293 65 13339 2560 65 13340 2560 1861 13341 1293 1861 13342 1292 1861 13343 2560 65 13344 1292 65 13345 2559 65 13346 2559 65 13347 1292 65 13348 1291 65 13349 2559 65 13350 1291 65 13351 2558 65 13352 1898 495 13353 1901 1862 13354 2076 497 13355 2076 497 13356 1901 1862 13357 2215 498 13358 2215 498 13359 1901 1862 13360 1900 499 13361 2215 498 13362 1900 499 13363 2216 500 13364 2216 500 13365 1900 499 13366 2217 1863 13367 2217 1863 13368 1900 499 13369 1899 1864 13370 2217 1863 13371 1899 1864 13372 1445 503 13373 1445 503 13374 1444 504 13375 2217 1863 13376 2221 787 13377 2220 788 13378 2233 789 13379 2233 789 13380 2220 788 13381 2235 868 13382 2235 868 13383 2220 788 13384 2219 791 13385 2235 868 13386 2219 791 13387 2236 792 13388 2236 792 13389 2219 791 13390 2237 1865 13391 2237 1865 13392 2219 791 13393 2218 1866 13394 2237 1865 13395 2218 1866 13396 101 1142 13397 101 1142 13398 2218 1866 13399 120 1139 13400 120 1139 13401 2218 1866 13402 121 860 13403 121 860 13404 2218 1866 13405 1440 1706 13406 101 1142 13407 100 814 13408 2237 1865 13409 2237 1865 13410 100 814 13411 1507 1713 13412 2221 258 13413 2233 258 13414 2222 258 13415 2222 258 13416 2233 258 13417 2234 258 13418 2222 258 13419 2234 258 13420 2568 258 13421 2568 258 13422 2234 258 13423 2561 258 13424 2568 258 13425 2561 258 13426 2567 258 13427 2567 258 13428 2561 258 13429 2562 258 13430 2567 258 13431 2562 258 13432 2565 258 13433 2565 258 13434 2562 258 13435 2564 258 13436 2564 258 13437 2562 258 13438 2563 258 13439 2565 258 13440 2566 258 13441 2567 258 13442 2227 1848 13443 2226 856 13444 2565 1847 13445 2565 1847 13446 2226 856 13447 2566 857 13448 2566 857 13449 2226 856 13450 2225 855 13451 2566 857 13452 2225 855 13453 2567 854 13454 2567 854 13455 2225 855 13456 2224 853 13457 2567 854 13458 2224 853 13459 2568 851 13460 2568 851 13461 2224 853 13462 2223 852 13463 2568 851 13464 2223 852 13465 2222 850 13466 2228 0 13467 2227 0 13468 2564 0 13469 2564 0 13470 2227 0 13471 2565 0 13472 2232 803 13473 2231 804 13474 2234 805 13475 2234 805 13476 2231 804 13477 2561 806 13478 2561 806 13479 2231 804 13480 2230 807 13481 2561 806 13482 2230 807 13483 2562 808 13484 2562 808 13485 2230 807 13486 2229 810 13487 2562 808 13488 2229 810 13489 2563 809 13490 2563 809 13491 2229 810 13492 2228 1846 13493 2563 809 13494 2228 1846 13495 2564 1845 13496 1502 529 13497 2535 1867 13498 1503 531 13499 1503 531 13500 2535 1867 13501 2239 1868 13502 2239 1868 13503 2535 1867 13504 2534 533 13505 2239 1868 13506 2534 533 13507 2240 534 13508 2240 534 13509 2534 533 13510 2241 536 13511 2241 536 13512 2534 533 13513 2533 535 13514 2241 536 13515 2533 535 13516 2438 537 13517 2438 537 13518 2238 538 13519 2241 536 13520 1248 880 13521 1247 882 13522 2569 1869 13523 2569 1869 13524 1247 882 13525 1268 884 13526 2569 1869 13527 1268 884 13528 2589 1870 13529 2589 1870 13530 1268 884 13531 1267 886 13532 2589 1870 13533 1267 886 13534 2588 1871 13535 2588 1871 13536 1267 886 13537 1266 888 13538 2588 1871 13539 1266 888 13540 2587 1872 13541 2587 1872 13542 1266 888 13543 1265 890 13544 2587 1872 13545 1265 890 13546 2586 1873 13547 2586 1873 13548 1265 890 13549 1264 892 13550 2586 1873 13551 1264 892 13552 2585 1874 13553 2585 1874 13554 1264 892 13555 1263 894 13556 2585 1874 13557 1263 894 13558 2584 1875 13559 2584 1875 13560 1263 894 13561 1262 895 13562 2584 1875 13563 1262 895 13564 2583 1876 13565 2583 1876 13566 1262 895 13567 1261 897 13568 2583 1876 13569 1261 897 13570 2582 1877 13571 2582 1877 13572 1261 897 13573 1260 899 13574 2582 1877 13575 1260 899 13576 2581 1878 13577 2581 1878 13578 1260 899 13579 1259 901 13580 2581 1878 13581 1259 901 13582 2580 1879 13583 2580 1879 13584 1259 901 13585 1258 903 13586 2580 1879 13587 1258 903 13588 2579 1880 13589 2579 1880 13590 1258 903 13591 1257 905 13592 2579 1880 13593 1257 905 13594 2578 1881 13595 2578 1881 13596 1257 905 13597 1256 907 13598 2578 1881 13599 1256 907 13600 2577 1882 13601 2577 1882 13602 1256 907 13603 1255 909 13604 2577 1882 13605 1255 909 13606 2576 1883 13607 2576 1883 13608 1255 909 13609 1254 911 13610 2576 1883 13611 1254 911 13612 2575 1884 13613 2575 1884 13614 1254 911 13615 1253 913 13616 2575 1884 13617 1253 913 13618 2574 1885 13619 2574 1885 13620 1253 913 13621 1252 915 13622 2574 1885 13623 1252 915 13624 2573 1886 13625 2573 1886 13626 1252 915 13627 1251 917 13628 2573 1886 13629 1251 917 13630 2572 1887 13631 2572 1887 13632 1251 917 13633 1250 919 13634 2572 1887 13635 1250 919 13636 2571 1888 13637 2571 1888 13638 1250 919 13639 1249 921 13640 2571 1888 13641 1249 921 13642 2570 1889 13643 2570 1889 13644 1249 921 13645 1248 880 13646 2570 1889 13647 1248 880 13648 2569 1869 13649 2589 1870 13650 1557 1890 13651 2569 1869 13652 2569 1869 13653 1557 1890 13654 1556 1891 13655 2569 1869 13656 1556 1891 13657 2570 1889 13658 2570 1889 13659 1556 1891 13660 1555 1892 13661 2570 1889 13662 1555 1892 13663 2571 1888 13664 2571 1888 13665 1555 1892 13666 1554 1893 13667 2571 1888 13668 1554 1893 13669 2572 1887 13670 2572 1887 13671 1554 1893 13672 1553 1894 13673 2572 1887 13674 1553 1894 13675 2573 1886 13676 2573 1886 13677 1553 1894 13678 1552 1895 13679 2573 1886 13680 1552 1895 13681 2574 1885 13682 2574 1885 13683 1552 1895 13684 1551 1896 13685 2574 1885 13686 1551 1896 13687 2575 1884 13688 2575 1884 13689 1551 1896 13690 1550 1897 13691 2575 1884 13692 1550 1897 13693 2576 1883 13694 2576 1883 13695 1550 1897 13696 1549 1898 13697 2576 1883 13698 1549 1898 13699 2577 1882 13700 2577 1882 13701 1549 1898 13702 1548 1899 13703 2577 1882 13704 1548 1899 13705 2578 1881 13706 2578 1881 13707 1548 1899 13708 1547 1900 13709 2578 1881 13710 1547 1900 13711 2579 1880 13712 2579 1880 13713 1547 1900 13714 1546 1901 13715 2579 1880 13716 1546 1901 13717 2580 1879 13718 2580 1879 13719 1546 1901 13720 1566 1902 13721 2580 1879 13722 1566 1902 13723 2581 1878 13724 2581 1878 13725 1566 1902 13726 1565 1903 13727 2581 1878 13728 1565 1903 13729 2582 1877 13730 2582 1877 13731 1565 1903 13732 1564 1904 13733 2582 1877 13734 1564 1904 13735 2583 1876 13736 2583 1876 13737 1564 1904 13738 1563 1905 13739 2583 1876 13740 1563 1905 13741 2584 1875 13742 2584 1875 13743 1563 1905 13744 1562 1906 13745 2584 1875 13746 1562 1906 13747 2585 1874 13748 2585 1874 13749 1562 1906 13750 1561 1907 13751 2585 1874 13752 1561 1907 13753 2586 1873 13754 2586 1873 13755 1561 1907 13756 1560 1908 13757 2586 1873 13758 1560 1908 13759 2587 1872 13760 2587 1872 13761 1560 1908 13762 1559 1909 13763 2587 1872 13764 1559 1909 13765 2588 1871 13766 2588 1871 13767 1559 1909 13768 1558 1910 13769 2588 1871 13770 1558 1910 13771 2589 1870 13772 2589 1870 13773 1558 1910 13774 1557 1890 13775 273 1911 13776 1576 1912 13777 263 1913 13778 263 1913 13779 1576 1912 13780 1575 1914 13781 263 1913 13782 1575 1914 13783 264 1915 13784 264 1915 13785 1575 1914 13786 1574 1916 13787 264 1915 13788 1574 1916 13789 1573 1917 13790 1576 1912 13791 273 1911 13792 1577 1918 13793 1577 1918 13794 273 1911 13795 272 1919 13796 1577 1918 13797 272 1919 13798 1567 1920 13799 1567 1920 13800 272 1919 13801 271 1921 13802 1567 1920 13803 271 1921 13804 1568 1922 13805 1568 1922 13806 271 1921 13807 270 1923 13808 1568 1922 13809 270 1923 13810 1569 1924 13811 1569 1924 13812 270 1923 13813 269 1925 13814 1569 1924 13815 269 1925 13816 1570 1926 13817 1570 1926 13818 269 1925 13819 268 1927 13820 1570 1926 13821 268 1927 13822 1571 1928 13823 1571 1928 13824 268 1927 13825 267 1929 13826 1571 1928 13827 267 1929 13828 1572 1930 13829 1572 1930 13830 267 1929 13831 266 1931 13832 1572 1930 13833 266 1931 13834 265 1932 13835 1572 1930 13836 265 1932 13837 1573 1917 13838 1573 1917 13839 265 1932 13840 264 1915 13841 262 1911 13842 1587 1912 13843 252 1913 13844 252 1913 13845 1587 1912 13846 1586 1914 13847 252 1913 13848 1586 1914 13849 253 1915 13850 253 1915 13851 1586 1914 13852 1585 1916 13853 253 1915 13854 1585 1916 13855 1584 1917 13856 1587 1912 13857 262 1911 13858 1588 1918 13859 1588 1918 13860 262 1911 13861 261 1919 13862 1588 1918 13863 261 1919 13864 1578 1920 13865 1578 1920 13866 261 1919 13867 260 1921 13868 1578 1920 13869 260 1921 13870 1579 1922 13871 1579 1922 13872 260 1921 13873 259 1923 13874 1579 1922 13875 259 1923 13876 1580 1924 13877 1580 1924 13878 259 1923 13879 258 1925 13880 1580 1924 13881 258 1925 13882 1581 1926 13883 1581 1926 13884 258 1925 13885 257 1927 13886 1581 1926 13887 257 1927 13888 1582 1928 13889 1582 1928 13890 257 1927 13891 256 1929 13892 1582 1928 13893 256 1929 13894 1583 1933 13895 1583 1933 13896 256 1929 13897 255 1931 13898 1583 1933 13899 255 1931 13900 254 1932 13901 1583 1933 13902 254 1932 13903 1584 1917 13904 1584 1917 13905 254 1932 13906 253 1915 13907 251 1911 13908 1598 1912 13909 241 1913 13910 241 1913 13911 1598 1912 13912 1597 1914 13913 241 1913 13914 1597 1914 13915 242 1934 13916 242 1934 13917 1597 1914 13918 1596 1916 13919 242 1934 13920 1596 1916 13921 1595 1917 13922 1598 1912 13923 251 1911 13924 1599 1918 13925 1599 1918 13926 251 1911 13927 250 1919 13928 1599 1918 13929 250 1919 13930 1589 1920 13931 1589 1920 13932 250 1919 13933 249 1921 13934 1589 1920 13935 249 1921 13936 1590 1922 13937 1590 1922 13938 249 1921 13939 248 1935 13940 1590 1922 13941 248 1935 13942 1591 1924 13943 1591 1924 13944 248 1935 13945 247 1925 13946 1591 1924 13947 247 1925 13948 1592 1926 13949 1592 1926 13950 247 1925 13951 246 1927 13952 1592 1926 13953 246 1927 13954 1593 1928 13955 1593 1928 13956 246 1927 13957 245 1929 13958 1593 1928 13959 245 1929 13960 1594 1933 13961 1594 1933 13962 245 1929 13963 244 1931 13964 1594 1933 13965 244 1931 13966 243 1932 13967 1594 1933 13968 243 1932 13969 1595 1917 13970 1595 1917 13971 243 1932 13972 242 1934 13973 240 1911 13974 1609 1912 13975 230 1913 13976 230 1913 13977 1609 1912 13978 1608 1914 13979 230 1913 13980 1608 1914 13981 231 1915 13982 231 1915 13983 1608 1914 13984 1607 1916 13985 231 1915 13986 1607 1916 13987 1606 1917 13988 1609 1912 13989 240 1911 13990 1610 1918 13991 1610 1918 13992 240 1911 13993 239 1919 13994 1610 1918 13995 239 1919 13996 1600 1920 13997 1600 1920 13998 239 1919 13999 238 1921 14000 1600 1920 14001 238 1921 14002 1601 1922 14003 1601 1922 14004 238 1921 14005 237 1935 14006 1601 1922 14007 237 1935 14008 1602 1924 14009 1602 1924 14010 237 1935 14011 236 1925 14012 1602 1924 14013 236 1925 14014 1603 1926 14015 1603 1926 14016 236 1925 14017 235 1927 14018 1603 1926 14019 235 1927 14020 1604 1928 14021 1604 1928 14022 235 1927 14023 234 1929 14024 1604 1928 14025 234 1929 14026 1605 1933 14027 1605 1933 14028 234 1929 14029 233 1931 14030 1605 1933 14031 233 1931 14032 232 1932 14033 1605 1933 14034 232 1932 14035 1606 1917 14036 1606 1917 14037 232 1932 14038 231 1915 14039 229 1911 14040 1620 1936 14041 219 1913 14042 219 1913 14043 1620 1936 14044 1619 1937 14045 219 1913 14046 1619 1937 14047 220 1934 14048 220 1934 14049 1619 1937 14050 1618 1916 14051 220 1934 14052 1618 1916 14053 1617 1917 14054 1620 1936 14055 229 1911 14056 1621 1918 14057 1621 1918 14058 229 1911 14059 228 1919 14060 1621 1918 14061 228 1919 14062 1611 1920 14063 1611 1920 14064 228 1919 14065 227 1921 14066 1611 1920 14067 227 1921 14068 1612 1922 14069 1612 1922 14070 227 1921 14071 226 1923 14072 1612 1922 14073 226 1923 14074 1613 1924 14075 1613 1924 14076 226 1923 14077 225 1925 14078 1613 1924 14079 225 1925 14080 1614 1926 14081 1614 1926 14082 225 1925 14083 224 1927 14084 1614 1926 14085 224 1927 14086 1615 1928 14087 1615 1928 14088 224 1927 14089 223 1929 14090 1615 1928 14091 223 1929 14092 1616 1938 14093 1616 1938 14094 223 1929 14095 222 1931 14096 1616 1938 14097 222 1931 14098 221 1932 14099 1616 1938 14100 221 1932 14101 1617 1917 14102 1617 1917 14103 221 1932 14104 220 1934 14105 218 1911 14106 1631 1912 14107 208 1913 14108 208 1913 14109 1631 1912 14110 1630 1914 14111 208 1913 14112 1630 1914 14113 209 1915 14114 209 1915 14115 1630 1914 14116 1629 1916 14117 209 1915 14118 1629 1916 14119 1628 1917 14120 1631 1912 14121 218 1911 14122 1632 1918 14123 1632 1918 14124 218 1911 14125 217 1919 14126 1632 1918 14127 217 1919 14128 1622 1920 14129 1622 1920 14130 217 1919 14131 216 1921 14132 1622 1920 14133 216 1921 14134 1623 1922 14135 1623 1922 14136 216 1921 14137 215 1935 14138 1623 1922 14139 215 1935 14140 1624 1924 14141 1624 1924 14142 215 1935 14143 214 1925 14144 1624 1924 14145 214 1925 14146 1625 1926 14147 1625 1926 14148 214 1925 14149 213 1927 14150 1625 1926 14151 213 1927 14152 1626 1928 14153 1626 1928 14154 213 1927 14155 212 1929 14156 1626 1928 14157 212 1929 14158 1627 1933 14159 1627 1933 14160 212 1929 14161 211 1931 14162 1627 1933 14163 211 1931 14164 210 1932 14165 1627 1933 14166 210 1932 14167 1628 1917 14168 1628 1917 14169 210 1932 14170 209 1915 14171 207 1911 14172 1642 1912 14173 197 1913 14174 197 1913 14175 1642 1912 14176 1641 1914 14177 197 1913 14178 1641 1914 14179 198 1939 14180 198 1939 14181 1641 1914 14182 1640 1916 14183 198 1939 14184 1640 1916 14185 1639 1917 14186 1642 1912 14187 207 1911 14188 1643 1918 14189 1643 1918 14190 207 1911 14191 206 1919 14192 1643 1918 14193 206 1919 14194 1633 1920 14195 1633 1920 14196 206 1919 14197 205 1921 14198 1633 1920 14199 205 1921 14200 1634 1922 14201 1634 1922 14202 205 1921 14203 204 1935 14204 1634 1922 14205 204 1935 14206 1635 1924 14207 1635 1924 14208 204 1935 14209 203 1925 14210 1635 1924 14211 203 1925 14212 1636 1926 14213 1636 1926 14214 203 1925 14215 202 1927 14216 1636 1926 14217 202 1927 14218 1637 1928 14219 1637 1928 14220 202 1927 14221 201 1929 14222 1637 1928 14223 201 1929 14224 1638 1933 14225 1638 1933 14226 201 1929 14227 200 1931 14228 1638 1933 14229 200 1931 14230 199 1932 14231 1638 1933 14232 199 1932 14233 1639 1917 14234 1639 1917 14235 199 1932 14236 198 1939 14237 284 1911 14238 1653 1912 14239 274 1913 14240 274 1913 14241 1653 1912 14242 1652 1914 14243 274 1913 14244 1652 1914 14245 275 1915 14246 275 1915 14247 1652 1914 14248 1651 1916 14249 275 1915 14250 1651 1916 14251 1650 1917 14252 1653 1912 14253 284 1911 14254 1654 1918 14255 1654 1918 14256 284 1911 14257 283 1919 14258 1654 1918 14259 283 1919 14260 1644 1920 14261 1644 1920 14262 283 1919 14263 282 1921 14264 1644 1920 14265 282 1921 14266 1645 1922 14267 1645 1922 14268 282 1921 14269 281 1935 14270 1645 1922 14271 281 1935 14272 1646 1924 14273 1646 1924 14274 281 1935 14275 280 1925 14276 1646 1924 14277 280 1925 14278 1647 1926 14279 1647 1926 14280 280 1925 14281 279 1927 14282 1647 1926 14283 279 1927 14284 1648 1928 14285 1648 1928 14286 279 1927 14287 278 1929 14288 1648 1928 14289 278 1929 14290 1649 1933 14291 1649 1933 14292 278 1929 14293 277 1931 14294 1649 1933 14295 277 1931 14296 276 1932 14297 1649 1933 14298 276 1932 14299 1650 1917 14300 1650 1917 14301 276 1932 14302 275 1915 14303 76 1940 14304 75 1941 14305 2590 1942 14306 2590 1942 14307 75 1941 14308 87 1943 14309 2590 1942 14310 87 1943 14311 2600 1944 14312 2600 1944 14313 87 1943 14314 86 1945 14315 2600 1944 14316 86 1945 14317 2599 1946 14318 2599 1946 14319 86 1945 14320 85 1947 14321 2599 1946 14322 85 1947 14323 2598 1948 14324 2598 1948 14325 85 1947 14326 84 1949 14327 2598 1948 14328 84 1949 14329 2597 1950 14330 2597 1950 14331 84 1949 14332 83 1951 14333 2597 1950 14334 83 1951 14335 2596 1952 14336 2596 1952 14337 83 1951 14338 82 1953 14339 2596 1952 14340 82 1953 14341 81 1954 14342 2596 1952 14343 81 1954 14344 2595 1955 14345 2595 1955 14346 81 1954 14347 80 1956 14348 2595 1955 14349 80 1956 14350 2594 1957 14351 2594 1957 14352 80 1956 14353 79 1958 14354 2594 1957 14355 79 1958 14356 2593 1959 14357 2593 1959 14358 79 1958 14359 78 1960 14360 2593 1959 14361 78 1960 14362 2592 1961 14363 2592 1961 14364 78 1960 14365 77 1962 14366 2592 1961 14367 77 1962 14368 2591 1963 14369 2591 1963 14370 77 1962 14371 76 1940 14372 2591 1963 14373 76 1940 14374 2590 1942 14375 1665 1964 14376 2590 1942 14377 1655 1965 14378 1655 1965 14379 2590 1942 14380 2600 1944 14381 1655 1965 14382 2600 1944 14383 1656 1966 14384 1656 1966 14385 2600 1944 14386 2599 1946 14387 1656 1966 14388 2599 1946 14389 1657 1967 14390 1657 1967 14391 2599 1946 14392 2598 1948 14393 1657 1967 14394 2598 1948 14395 1658 1968 14396 1658 1968 14397 2598 1948 14398 2597 1950 14399 1658 1968 14400 2597 1950 14401 1659 1969 14402 1659 1969 14403 2597 1950 14404 2596 1952 14405 1659 1969 14406 2596 1952 14407 1660 1970 14408 1660 1970 14409 2596 1952 14410 2595 1955 14411 1660 1970 14412 2595 1955 14413 1661 1971 14414 1661 1971 14415 2595 1955 14416 2594 1957 14417 1661 1971 14418 2594 1957 14419 1662 1972 14420 1662 1972 14421 2594 1957 14422 2593 1959 14423 1662 1972 14424 2593 1959 14425 1663 1973 14426 1663 1973 14427 2593 1959 14428 2592 1961 14429 1663 1973 14430 2592 1961 14431 1664 1974 14432 1664 1974 14433 2592 1961 14434 2591 1963 14435 1664 1974 14436 2591 1963 14437 1665 1964 14438 1665 1964 14439 2591 1963 14440 2590 1942 14441 51 1975 14442 50 1976 14443 2601 1977 14444 2601 1977 14445 50 1976 14446 62 1978 14447 2601 1977 14448 62 1978 14449 2611 1979 14450 2611 1979 14451 62 1978 14452 61 1980 14453 2611 1979 14454 61 1980 14455 2610 1981 14456 2610 1981 14457 61 1980 14458 60 1982 14459 2610 1981 14460 60 1982 14461 2609 1983 14462 2609 1983 14463 60 1982 14464 59 1984 14465 2609 1983 14466 59 1984 14467 2608 1985 14468 2608 1985 14469 59 1984 14470 58 1986 14471 2608 1985 14472 58 1986 14473 2607 1987 14474 2607 1987 14475 58 1986 14476 57 1988 14477 2607 1987 14478 57 1988 14479 56 1989 14480 2607 1987 14481 56 1989 14482 2606 1990 14483 2606 1990 14484 56 1989 14485 55 1991 14486 2606 1990 14487 55 1991 14488 2605 1992 14489 2605 1992 14490 55 1991 14491 54 1993 14492 2605 1992 14493 54 1993 14494 2604 1994 14495 2604 1994 14496 54 1993 14497 53 1995 14498 2604 1994 14499 53 1995 14500 2603 1996 14501 2603 1996 14502 53 1995 14503 52 1997 14504 2603 1996 14505 52 1997 14506 2602 1998 14507 2602 1998 14508 52 1997 14509 51 1975 14510 2602 1998 14511 51 1975 14512 2601 1977 14513 1676 1999 14514 2601 1977 14515 1666 2000 14516 1666 2000 14517 2601 1977 14518 2611 1979 14519 1666 2000 14520 2611 1979 14521 1667 2001 14522 1667 2001 14523 2611 1979 14524 2610 1981 14525 1667 2001 14526 2610 1981 14527 1668 2002 14528 1668 2002 14529 2610 1981 14530 2609 1983 14531 1668 2002 14532 2609 1983 14533 1669 2003 14534 1669 2003 14535 2609 1983 14536 2608 1985 14537 1669 2003 14538 2608 1985 14539 1670 2004 14540 1670 2004 14541 2608 1985 14542 2607 1987 14543 1670 2004 14544 2607 1987 14545 1671 2005 14546 1671 2005 14547 2607 1987 14548 2606 1990 14549 1671 2005 14550 2606 1990 14551 1672 2006 14552 1672 2006 14553 2606 1990 14554 2605 1992 14555 1672 2006 14556 2605 1992 14557 1673 2007 14558 1673 2007 14559 2605 1992 14560 2604 1994 14561 1673 2007 14562 2604 1994 14563 1674 2008 14564 1674 2008 14565 2604 1994 14566 2603 1996 14567 1674 2008 14568 2603 1996 14569 1675 2009 14570 1675 2009 14571 2603 1996 14572 2602 1998 14573 1675 2009 14574 2602 1998 14575 1676 1999 14576 1676 1999 14577 2602 1998 14578 2601 1977 14579 26 2010 14580 25 2011 14581 2612 2012 14582 2612 2012 14583 25 2011 14584 37 2013 14585 2612 2012 14586 37 2013 14587 2622 2014 14588 2622 2014 14589 37 2013 14590 36 2015 14591 2622 2014 14592 36 2015 14593 2621 2016 14594 2621 2016 14595 36 2015 14596 35 2017 14597 2621 2016 14598 35 2017 14599 2620 2018 14600 2620 2018 14601 35 2017 14602 34 2019 14603 2620 2018 14604 34 2019 14605 2619 2020 14606 2619 2020 14607 34 2019 14608 33 2021 14609 2619 2020 14610 33 2021 14611 2618 2022 14612 2618 2022 14613 33 2021 14614 32 2023 14615 2618 2022 14616 32 2023 14617 31 2024 14618 2618 2022 14619 31 2024 14620 2617 2025 14621 2617 2025 14622 31 2024 14623 30 2026 14624 2617 2025 14625 30 2026 14626 2616 2027 14627 2616 2027 14628 30 2026 14629 29 2028 14630 2616 2027 14631 29 2028 14632 2615 2029 14633 2615 2029 14634 29 2028 14635 28 2030 14636 2615 2029 14637 28 2030 14638 2614 2031 14639 2614 2031 14640 28 2030 14641 27 2032 14642 2614 2031 14643 27 2032 14644 2613 2033 14645 2613 2033 14646 27 2032 14647 26 2010 14648 2613 2033 14649 26 2010 14650 2612 2012 14651 1687 2034 14652 2612 2012 14653 1677 2035 14654 1677 2035 14655 2612 2012 14656 2622 2014 14657 1677 2035 14658 2622 2014 14659 1678 2036 14660 1678 2036 14661 2622 2014 14662 2621 2016 14663 1678 2036 14664 2621 2016 14665 1679 2037 14666 1679 2037 14667 2621 2016 14668 2620 2018 14669 1679 2037 14670 2620 2018 14671 1680 2038 14672 1680 2038 14673 2620 2018 14674 2619 2020 14675 1680 2038 14676 2619 2020 14677 1681 2039 14678 1681 2039 14679 2619 2020 14680 2618 2022 14681 1681 2039 14682 2618 2022 14683 1682 2040 14684 1682 2040 14685 2618 2022 14686 2617 2025 14687 1682 2040 14688 2617 2025 14689 1683 2041 14690 1683 2041 14691 2617 2025 14692 2616 2027 14693 1683 2041 14694 2616 2027 14695 1684 2042 14696 1684 2042 14697 2616 2027 14698 2615 2029 14699 1684 2042 14700 2615 2029 14701 1685 2043 14702 1685 2043 14703 2615 2029 14704 2614 2031 14705 1685 2043 14706 2614 2031 14707 1686 2044 14708 1686 2044 14709 2614 2031 14710 2613 2033 14711 1686 2044 14712 2613 2033 14713 1687 2034 14714 1687 2034 14715 2613 2033 14716 2612 2012 14717 1 2045 14718 0 2046 14719 2623 2047 14720 2623 2047 14721 0 2046 14722 12 2048 14723 2623 2047 14724 12 2048 14725 2633 2049 14726 2633 2049 14727 12 2048 14728 11 2050 14729 2633 2049 14730 11 2050 14731 2632 2051 14732 2632 2051 14733 11 2050 14734 10 2052 14735 2632 2051 14736 10 2052 14737 2631 2053 14738 2631 2053 14739 10 2052 14740 9 2054 14741 2631 2053 14742 9 2054 14743 2630 2055 14744 2630 2055 14745 9 2054 14746 8 2056 14747 2630 2055 14748 8 2056 14749 2629 2057 14750 2629 2057 14751 8 2056 14752 7 2058 14753 2629 2057 14754 7 2058 14755 6 2059 14756 2629 2057 14757 6 2059 14758 2628 2060 14759 2628 2060 14760 6 2059 14761 5 2061 14762 2628 2060 14763 5 2061 14764 2627 2062 14765 2627 2062 14766 5 2061 14767 4 2063 14768 2627 2062 14769 4 2063 14770 2626 2064 14771 2626 2064 14772 4 2063 14773 3 2065 14774 2626 2064 14775 3 2065 14776 2625 2066 14777 2625 2066 14778 3 2065 14779 2 2067 14780 2625 2066 14781 2 2067 14782 2624 2068 14783 2624 2068 14784 2 2067 14785 1 2045 14786 2624 2068 14787 1 2045 14788 2623 2047 14789 1698 2069 14790 2623 2047 14791 1688 2070 14792 1688 2070 14793 2623 2047 14794 2633 2049 14795 1688 2070 14796 2633 2049 14797 1689 2071 14798 1689 2071 14799 2633 2049 14800 2632 2051 14801 1689 2071 14802 2632 2051 14803 1690 2072 14804 1690 2072 14805 2632 2051 14806 2631 2053 14807 1690 2072 14808 2631 2053 14809 1691 2073 14810 1691 2073 14811 2631 2053 14812 2630 2055 14813 1691 2073 14814 2630 2055 14815 1692 2074 14816 1692 2074 14817 2630 2055 14818 2629 2057 14819 1692 2074 14820 2629 2057 14821 1693 2075 14822 1693 2075 14823 2629 2057 14824 2628 2060 14825 1693 2075 14826 2628 2060 14827 1694 2076 14828 1694 2076 14829 2628 2060 14830 2627 2062 14831 1694 2076 14832 2627 2062 14833 1695 2077 14834 1695 2077 14835 2627 2062 14836 2626 2064 14837 1695 2077 14838 2626 2064 14839 1696 2078 14840 1696 2078 14841 2626 2064 14842 2625 2066 14843 1696 2078 14844 2625 2066 14845 1697 2079 14846 1697 2079 14847 2625 2066 14848 2624 2068 14849 1697 2079 14850 2624 2068 14851 1698 2069 14852 1698 2069 14853 2624 2068 14854 2623 2047 14855 1710 771 14856 1399 2080 14857 1699 1091 14858 1699 1091 14859 1399 2080 14860 1398 1090 14861 1699 1091 14862 1398 1090 14863 1700 263 14864 1700 263 14865 1398 1090 14866 1409 2081 14867 1700 263 14868 1409 2081 14869 1701 264 14870 1701 264 14871 1409 2081 14872 1408 265 14873 1701 264 14874 1408 265 14875 1702 1089 14876 1702 1089 14877 1408 265 14878 1407 1088 14879 1702 1089 14880 1407 1088 14881 1703 558 14882 1703 558 14883 1407 1088 14884 1406 556 14885 1703 558 14886 1406 556 14887 1704 559 14888 1704 559 14889 1406 556 14890 1405 560 14891 1704 559 14892 1405 560 14893 1705 1087 14894 1705 1087 14895 1405 560 14896 1404 1086 14897 1705 1087 14898 1404 1086 14899 1706 574 14900 1706 574 14901 1404 1086 14902 1403 572 14903 1706 574 14904 1403 572 14905 1707 575 14906 1707 575 14907 1403 572 14908 1402 576 14909 1707 575 14910 1402 576 14911 1708 1085 14912 1708 1085 14913 1402 576 14914 1401 1084 14915 1708 1085 14916 1401 1084 14917 1709 770 14918 1709 770 14919 1401 1084 14920 1400 768 14921 1709 770 14922 1400 768 14923 1710 771 14924 1710 771 14925 1400 768 14926 1399 2080 14927 1722 264 14928 1411 265 14929 1711 1089 14930 1711 1089 14931 1411 265 14932 1410 1088 14933 1711 1089 14934 1410 1088 14935 1712 558 14936 1712 558 14937 1410 1088 14938 1421 556 14939 1712 558 14940 1421 556 14941 1713 559 14942 1713 559 14943 1421 556 14944 1420 560 14945 1713 559 14946 1420 560 14947 1714 1087 14948 1714 1087 14949 1420 560 14950 1419 1086 14951 1714 1087 14952 1419 1086 14953 1715 574 14954 1715 574 14955 1419 1086 14956 1418 572 14957 1715 574 14958 1418 572 14959 1716 575 14960 1716 575 14961 1418 572 14962 1417 576 14963 1716 575 14964 1417 576 14965 1717 1085 14966 1717 1085 14967 1417 576 14968 1416 1084 14969 1717 1085 14970 1416 1084 14971 1718 770 14972 1718 770 14973 1416 1084 14974 1415 2082 14975 1718 770 14976 1415 2082 14977 1719 771 14978 1719 771 14979 1415 2082 14980 1414 772 14981 1719 771 14982 1414 772 14983 1720 1091 14984 1720 1091 14985 1414 772 14986 1413 1090 14987 1720 1091 14988 1413 1090 14989 1721 263 14990 1721 263 14991 1413 1090 14992 1412 261 14993 1721 263 14994 1412 261 14995 1722 264 14996 1722 264 14997 1412 261 14998 1411 265 14999 1734 559 15000 2550 2083 15001 1723 1087 15002 1723 1087 15003 2550 2083 15004 2549 1086 15005 1723 1087 15006 2549 1086 15007 1724 574 15008 1724 574 15009 2549 1086 15010 2560 2084 15011 1724 574 15012 2560 2084 15013 1725 575 15014 1725 575 15015 2560 2084 15016 2559 576 15017 1725 575 15018 2559 576 15019 1726 1085 15020 1726 1085 15021 2559 576 15022 2558 1084 15023 1726 1085 15024 2558 1084 15025 1727 770 15026 1727 770 15027 2558 1084 15028 2557 768 15029 1727 770 15030 2557 768 15031 1728 771 15032 1728 771 15033 2557 768 15034 2556 772 15035 1728 771 15036 2556 772 15037 1729 1091 15038 1729 1091 15039 2556 772 15040 2555 1090 15041 1729 1091 15042 2555 1090 15043 1730 263 15044 1730 263 15045 2555 1090 15046 2554 261 15047 1730 263 15048 2554 261 15049 1731 264 15050 1731 264 15051 2554 261 15052 2553 265 15053 1731 264 15054 2553 265 15055 1732 1089 15056 1732 1089 15057 2553 265 15058 2552 1088 15059 1732 1089 15060 2552 1088 15061 1733 558 15062 1733 558 15063 2552 1088 15064 2551 556 15065 1733 558 15066 2551 556 15067 1734 559 15068 1734 559 15069 2551 556 15070 2550 2083 15071 1746 1096 15072 1387 576 15073 1735 1085 15074 1735 1085 15075 1387 576 15076 1386 1084 15077 1735 1085 15078 1386 1084 15079 1736 770 15080 1736 770 15081 1386 1084 15082 1397 768 15083 1736 770 15084 1397 768 15085 1737 771 15086 1737 771 15087 1397 768 15088 1396 772 15089 1737 771 15090 1396 772 15091 1738 1091 15092 1738 1091 15093 1396 772 15094 1395 1090 15095 1738 1091 15096 1395 1090 15097 1739 263 15098 1739 263 15099 1395 1090 15100 1394 261 15101 1739 263 15102 1394 261 15103 1740 264 15104 1740 264 15105 1394 261 15106 1393 265 15107 1740 264 15108 1393 265 15109 1741 1089 15110 1741 1089 15111 1393 265 15112 1392 1088 15113 1741 1089 15114 1392 1088 15115 1742 558 15116 1742 558 15117 1392 1088 15118 1391 2085 15119 1742 558 15120 1391 2085 15121 1743 559 15122 1743 559 15123 1391 2085 15124 1390 560 15125 1743 559 15126 1390 560 15127 1744 1087 15128 1744 1087 15129 1390 560 15130 1389 1086 15131 1744 1087 15132 1389 1086 15133 1745 574 15134 1745 574 15135 1389 1086 15136 1388 572 15137 1745 574 15138 1388 572 15139 1746 1096 15140 1746 1096 15141 1388 572 15142 1387 576 15143 1794 771 15144 1487 772 15145 1783 1091 15146 1783 1091 15147 1487 772 15148 1486 1090 15149 1783 1091 15150 1486 1090 15151 1784 263 15152 1784 263 15153 1486 1090 15154 1497 261 15155 1784 263 15156 1497 261 15157 1785 264 15158 1785 264 15159 1497 261 15160 1496 265 15161 1785 264 15162 1496 265 15163 1786 1089 15164 1786 1089 15165 1496 265 15166 1495 1088 15167 1786 1089 15168 1495 1088 15169 1787 558 15170 1787 558 15171 1495 1088 15172 1494 556 15173 1787 558 15174 1494 556 15175 1788 559 15176 1788 559 15177 1494 556 15178 1493 560 15179 1788 559 15180 1493 560 15181 1789 1087 15182 1789 1087 15183 1493 560 15184 1492 1086 15185 1789 1087 15186 1492 1086 15187 1790 574 15188 1790 574 15189 1492 1086 15190 1491 572 15191 1790 574 15192 1491 572 15193 1791 575 15194 1791 575 15195 1491 572 15196 1490 576 15197 1791 575 15198 1490 576 15199 1792 1085 15200 1792 1085 15201 1490 576 15202 1489 1084 15203 1792 1085 15204 1489 1084 15205 1793 770 15206 1793 770 15207 1489 1084 15208 1488 768 15209 1793 770 15210 1488 768 15211 1794 771 15212 1794 771 15213 1488 768 15214 1487 772 15215 1782 771 15216 1475 772 15217 1771 1091 15218 1771 1091 15219 1475 772 15220 1474 1090 15221 1771 1091 15222 1474 1090 15223 1772 263 15224 1772 263 15225 1474 1090 15226 1485 261 15227 1772 263 15228 1485 261 15229 1773 264 15230 1773 264 15231 1485 261 15232 1484 265 15233 1773 264 15234 1484 265 15235 1774 1089 15236 1774 1089 15237 1484 265 15238 1483 1088 15239 1774 1089 15240 1483 1088 15241 1775 558 15242 1775 558 15243 1483 1088 15244 1482 556 15245 1775 558 15246 1482 556 15247 1776 559 15248 1776 559 15249 1482 556 15250 1481 560 15251 1776 559 15252 1481 560 15253 1777 1087 15254 1777 1087 15255 1481 560 15256 1480 1086 15257 1777 1087 15258 1480 1086 15259 1778 574 15260 1778 574 15261 1480 1086 15262 1479 572 15263 1778 574 15264 1479 572 15265 1779 575 15266 1779 575 15267 1479 572 15268 1478 576 15269 1779 575 15270 1478 576 15271 1780 1085 15272 1780 1085 15273 1478 576 15274 1477 1084 15275 1780 1085 15276 1477 1084 15277 1781 770 15278 1781 770 15279 1477 1084 15280 1476 768 15281 1781 770 15282 1476 768 15283 1782 771 15284 1782 771 15285 1476 768 15286 1475 772 15287 1770 771 15288 1451 772 15289 1759 1091 15290 1759 1091 15291 1451 772 15292 1450 1090 15293 1759 1091 15294 1450 1090 15295 1760 263 15296 1760 263 15297 1450 1090 15298 1461 261 15299 1760 263 15300 1461 261 15301 1761 264 15302 1761 264 15303 1461 261 15304 1460 265 15305 1761 264 15306 1460 265 15307 1762 1089 15308 1762 1089 15309 1460 265 15310 1459 1088 15311 1762 1089 15312 1459 1088 15313 1763 558 15314 1763 558 15315 1459 1088 15316 1458 556 15317 1763 558 15318 1458 556 15319 1764 559 15320 1764 559 15321 1458 556 15322 1457 560 15323 1764 559 15324 1457 560 15325 1765 1087 15326 1765 1087 15327 1457 560 15328 1456 1086 15329 1765 1087 15330 1456 1086 15331 1766 574 15332 1766 574 15333 1456 1086 15334 1455 572 15335 1766 574 15336 1455 572 15337 1767 575 15338 1767 575 15339 1455 572 15340 1454 576 15341 1767 575 15342 1454 576 15343 1768 1085 15344 1768 1085 15345 1454 576 15346 1453 1084 15347 1768 1085 15348 1453 1084 15349 1769 770 15350 1769 770 15351 1453 1084 15352 1452 768 15353 1769 770 15354 1452 768 15355 1770 771 15356 1770 771 15357 1452 768 15358 1451 772 15359 1758 771 15360 1463 772 15361 1747 1091 15362 1747 1091 15363 1463 772 15364 1462 1090 15365 1747 1091 15366 1462 1090 15367 1748 263 15368 1748 263 15369 1462 1090 15370 1473 261 15371 1748 263 15372 1473 261 15373 1749 264 15374 1749 264 15375 1473 261 15376 1472 265 15377 1749 264 15378 1472 265 15379 1750 1089 15380 1750 1089 15381 1472 265 15382 1471 1088 15383 1750 1089 15384 1471 1088 15385 1751 558 15386 1751 558 15387 1471 1088 15388 1470 556 15389 1751 558 15390 1470 556 15391 1752 559 15392 1752 559 15393 1470 556 15394 1469 560 15395 1752 559 15396 1469 560 15397 1753 1087 15398 1753 1087 15399 1469 560 15400 1468 1086 15401 1753 1087 15402 1468 1086 15403 1754 574 15404 1754 574 15405 1468 1086 15406 1467 572 15407 1754 574 15408 1467 572 15409 1755 575 15410 1755 575 15411 1467 572 15412 1466 576 15413 1755 575 15414 1466 576 15415 1756 1085 15416 1756 1085 15417 1466 576 15418 1465 1084 15419 1756 1085 15420 1465 1084 15421 1757 770 15422 1757 770 15423 1465 1084 15424 1464 768 15425 1757 770 15426 1464 768 15427 1758 771 15428 1758 771 15429 1464 768 15430 1463 772 15431 1512 285 15432 1511 285 15433 1810 285 15434 1810 285 15435 1511 285 15436 1811 285 15437 1516 1128 15438 1515 1125 15439 1806 1127 15440 1806 1127 15441 1515 1125 15442 1807 1126 15443 1807 1126 15444 1515 1125 15445 1514 1124 15446 1807 1126 15447 1514 1124 15448 1808 1123 15449 1808 1123 15450 1514 1124 15451 1809 1120 15452 1809 1120 15453 1514 1124 15454 1513 1122 15455 1809 1120 15456 1513 1122 15457 1512 1121 15458 1512 1121 15459 1810 2086 15460 1809 1120 15461 1806 252 15462 1805 252 15463 1516 252 15464 1516 252 15465 1805 252 15466 1517 252 15467 1521 1118 15468 1520 1115 15469 1801 1117 15470 1801 1117 15471 1520 1115 15472 1802 1116 15473 1802 1116 15474 1520 1115 15475 1519 1114 15476 1802 1116 15477 1519 1114 15478 1803 1113 15479 1803 1113 15480 1519 1114 15481 1804 1110 15482 1804 1110 15483 1519 1114 15484 1518 1112 15485 1804 1110 15486 1518 1112 15487 1517 1111 15488 1517 1111 15489 1805 1109 15490 1804 1110 15491 1522 258 15492 1521 258 15493 1800 258 15494 1800 258 15495 1521 258 15496 1801 258 15497 1190 812 15498 1525 1105 15499 1796 1107 15500 1796 1107 15501 1525 1105 15502 1797 1106 15503 1797 1106 15504 1525 1105 15505 1524 1104 15506 1797 1106 15507 1524 1104 15508 1798 1103 15509 1798 1103 15510 1524 1104 15511 1799 1100 15512 1799 1100 15513 1524 1104 15514 1523 1102 15515 1799 1100 15516 1523 1102 15517 1522 1101 15518 1522 1101 15519 1800 2087 15520 1799 1100 15521 1191 268 15522 1190 268 15523 1795 268 15524 1795 268 15525 1190 268 15526 1796 268 15527 1511 1138 15528 1510 1135 15529 1811 1140 15530 1811 1140 15531 1510 1135 15532 1812 1136 15533 1812 1136 15534 1510 1135 15535 1509 1134 15536 1812 1136 15537 1509 1134 15538 1813 1133 15539 1813 1133 15540 1509 1134 15541 1814 1130 15542 1814 1130 15543 1509 1134 15544 1508 1132 15545 1814 1130 15546 1508 1132 15547 1191 811 15548 1191 811 15549 1795 1129 15550 1814 1130 15551 1831 252 15552 1830 252 15553 1237 252 15554 1237 252 15555 1830 252 15556 1238 252 15557 1237 859 15558 1439 1125 15559 1831 1127 15560 1831 1127 15561 1439 1125 15562 1832 1126 15563 1832 1126 15564 1439 1125 15565 1438 1124 15566 1832 1126 15567 1438 1124 15568 1833 1123 15569 1833 1123 15570 1438 1124 15571 1834 1120 15572 1834 1120 15573 1438 1124 15574 1437 1122 15575 1834 1120 15576 1437 1122 15577 1436 1121 15578 1436 1121 15579 1815 2086 15580 1834 1120 15581 1436 285 15582 1435 285 15583 1815 285 15584 1815 285 15585 1435 285 15586 1816 285 15587 1435 1138 15588 1434 1135 15589 1816 1140 15590 1816 1140 15591 1434 1135 15592 1817 1136 15593 1817 1136 15594 1434 1135 15595 1433 1134 15596 1817 1136 15597 1433 1134 15598 1818 1133 15599 1818 1133 15600 1433 1134 15601 1819 1130 15602 1819 1130 15603 1433 1134 15604 1432 1132 15605 1819 1130 15606 1432 1132 15607 1431 1131 15608 1431 1131 15609 1820 1129 15610 1819 1130 15611 1431 268 15612 1430 268 15613 1820 268 15614 1820 268 15615 1430 268 15616 1821 268 15617 1430 1108 15618 1429 1105 15619 1821 1107 15620 1821 1107 15621 1429 1105 15622 1822 1106 15623 1822 1106 15624 1429 1105 15625 1428 1104 15626 1822 1106 15627 1428 1104 15628 1823 1103 15629 1823 1103 15630 1428 1104 15631 1824 1100 15632 1824 1100 15633 1428 1104 15634 1427 1102 15635 1824 1100 15636 1427 1102 15637 1426 1101 15638 1426 1101 15639 1825 2087 15640 1824 1100 15641 1426 258 15642 1425 258 15643 1825 258 15644 1825 258 15645 1425 258 15646 1826 258 15647 1425 1118 15648 1424 1115 15649 1826 1117 15650 1826 1117 15651 1424 1115 15652 1827 1116 15653 1827 1116 15654 1424 1115 15655 1423 1114 15656 1827 1116 15657 1423 1114 15658 1828 1113 15659 1828 1113 15660 1423 1114 15661 1829 1110 15662 1829 1110 15663 1423 1114 15664 1422 1112 15665 1829 1110 15666 1422 1112 15667 1238 858 15668 1238 858 15669 1830 1109 15670 1829 1110 15671 500 768 15672 1845 770 15673 489 1084 15674 489 1084 15675 1845 770 15676 1844 1085 15677 489 1084 15678 1844 1085 15679 490 576 15680 490 576 15681 1844 1085 15682 1843 575 15683 490 576 15684 1843 575 15685 491 572 15686 491 572 15687 1843 575 15688 1842 574 15689 491 572 15690 1842 574 15691 492 1086 15692 492 1086 15693 1842 574 15694 1841 1087 15695 492 1086 15696 1841 1087 15697 493 560 15698 493 560 15699 1841 1087 15700 1840 559 15701 493 560 15702 1840 559 15703 494 556 15704 494 556 15705 1840 559 15706 1839 558 15707 494 556 15708 1839 558 15709 495 1088 15710 495 1088 15711 1839 558 15712 1838 1089 15713 495 1088 15714 1838 1089 15715 496 265 15716 496 265 15717 1838 1089 15718 1837 264 15719 496 265 15720 1837 264 15721 497 261 15722 497 261 15723 1837 264 15724 1836 263 15725 497 261 15726 1836 263 15727 498 1090 15728 498 1090 15729 1836 263 15730 1835 1091 15731 498 1090 15732 1835 1091 15733 499 772 15734 499 772 15735 1835 1091 15736 1846 771 15737 499 772 15738 1846 771 15739 500 768 15740 500 768 15741 1846 771 15742 1845 770 15743 488 768 15744 1857 770 15745 477 1084 15746 477 1084 15747 1857 770 15748 1856 1085 15749 477 1084 15750 1856 1085 15751 478 576 15752 478 576 15753 1856 1085 15754 1855 575 15755 478 576 15756 1855 575 15757 479 572 15758 479 572 15759 1855 575 15760 1854 574 15761 479 572 15762 1854 574 15763 480 1086 15764 480 1086 15765 1854 574 15766 1853 1087 15767 480 1086 15768 1853 1087 15769 481 560 15770 481 560 15771 1853 1087 15772 1852 559 15773 481 560 15774 1852 559 15775 482 556 15776 482 556 15777 1852 559 15778 1851 558 15779 482 556 15780 1851 558 15781 483 1088 15782 483 1088 15783 1851 558 15784 1850 1089 15785 483 1088 15786 1850 1089 15787 484 265 15788 484 265 15789 1850 1089 15790 1849 264 15791 484 265 15792 1849 264 15793 485 261 15794 485 261 15795 1849 264 15796 1848 263 15797 485 261 15798 1848 263 15799 486 1090 15800 486 1090 15801 1848 263 15802 1847 1091 15803 486 1090 15804 1847 1091 15805 487 772 15806 487 772 15807 1847 1091 15808 1858 771 15809 487 772 15810 1858 771 15811 488 768 15812 488 768 15813 1858 771 15814 1857 770 15815 476 768 15816 1869 770 15817 465 1084 15818 465 1084 15819 1869 770 15820 1868 1085 15821 465 1084 15822 1868 1085 15823 466 576 15824 466 576 15825 1868 1085 15826 1867 575 15827 466 576 15828 1867 575 15829 467 572 15830 467 572 15831 1867 575 15832 1866 574 15833 467 572 15834 1866 574 15835 468 1086 15836 468 1086 15837 1866 574 15838 1865 1087 15839 468 1086 15840 1865 1087 15841 469 560 15842 469 560 15843 1865 1087 15844 1864 559 15845 469 560 15846 1864 559 15847 470 556 15848 470 556 15849 1864 559 15850 1863 558 15851 470 556 15852 1863 558 15853 471 1088 15854 471 1088 15855 1863 558 15856 1862 1089 15857 471 1088 15858 1862 1089 15859 472 265 15860 472 265 15861 1862 1089 15862 1861 264 15863 472 265 15864 1861 264 15865 473 261 15866 473 261 15867 1861 264 15868 1860 263 15869 473 261 15870 1860 263 15871 474 1090 15872 474 1090 15873 1860 263 15874 1859 1091 15875 474 1090 15876 1859 1091 15877 475 772 15878 475 772 15879 1859 1091 15880 1870 771 15881 475 772 15882 1870 771 15883 476 768 15884 476 768 15885 1870 771 15886 1869 770 15887 512 768 15888 1881 770 15889 501 1084 15890 501 1084 15891 1881 770 15892 1880 1085 15893 501 1084 15894 1880 1085 15895 502 576 15896 502 576 15897 1880 1085 15898 1879 575 15899 502 576 15900 1879 575 15901 503 572 15902 503 572 15903 1879 575 15904 1878 574 15905 503 572 15906 1878 574 15907 504 1086 15908 504 1086 15909 1878 574 15910 1877 1087 15911 504 1086 15912 1877 1087 15913 505 560 15914 505 560 15915 1877 1087 15916 1876 559 15917 505 560 15918 1876 559 15919 506 556 15920 506 556 15921 1876 559 15922 1875 558 15923 506 556 15924 1875 558 15925 507 1088 15926 507 1088 15927 1875 558 15928 1874 1089 15929 507 1088 15930 1874 1089 15931 508 265 15932 508 265 15933 1874 1089 15934 1873 264 15935 508 265 15936 1873 264 15937 509 261 15938 509 261 15939 1873 264 15940 1872 263 15941 509 261 15942 1872 263 15943 510 1090 15944 510 1090 15945 1872 263 15946 1871 1091 15947 510 1090 15948 1871 1091 15949 511 772 15950 511 772 15951 1871 1091 15952 1882 771 15953 511 772 15954 1882 771 15955 512 768 15956 512 768 15957 1882 771 15958 1881 770 15959 2010 2088 15960 2140 2089 15961 2000 2090 15962 2000 2090 15963 2140 2089 15964 2150 2091 15965 2000 2090 15966 2150 2091 15967 2001 2092 15968 2001 2092 15969 2150 2091 15970 2149 2093 15971 2001 2092 15972 2149 2093 15973 2002 2094 15974 2002 2094 15975 2149 2093 15976 2148 2095 15977 2002 2094 15978 2148 2095 15979 2003 2096 15980 2003 2096 15981 2148 2095 15982 2147 2097 15983 2003 2096 15984 2147 2097 15985 2004 2098 15986 2004 2098 15987 2147 2097 15988 2146 2099 15989 2004 2098 15990 2146 2099 15991 2005 2100 15992 2005 2100 15993 2146 2099 15994 2145 2101 15995 2005 2100 15996 2145 2101 15997 2006 2102 15998 2006 2102 15999 2145 2101 16000 2144 2103 16001 2006 2102 16002 2144 2103 16003 2007 2104 16004 2007 2104 16005 2144 2103 16006 2143 2105 16007 2007 2104 16008 2143 2105 16009 2008 2106 16010 2008 2106 16011 2143 2105 16012 2142 2107 16013 2008 2106 16014 2142 2107 16015 2009 2108 16016 2009 2108 16017 2142 2107 16018 2141 2109 16019 2009 2108 16020 2141 2109 16021 2010 2088 16022 2010 2088 16023 2141 2109 16024 2140 2089 16025 2350 2110 16026 2479 2111 16027 2340 2112 16028 2340 2112 16029 2479 2111 16030 2478 2113 16031 2340 2112 16032 2478 2113 16033 2341 2114 16034 2341 2114 16035 2478 2113 16036 2488 2115 16037 2341 2114 16038 2488 2115 16039 2342 2116 16040 2342 2116 16041 2488 2115 16042 2487 2117 16043 2342 2116 16044 2487 2117 16045 2343 2118 16046 2343 2118 16047 2487 2117 16048 2486 2119 16049 2343 2118 16050 2486 2119 16051 2344 2120 16052 2344 2120 16053 2486 2119 16054 2485 2121 16055 2344 2120 16056 2485 2121 16057 2345 2122 16058 2345 2122 16059 2485 2121 16060 2484 2123 16061 2345 2122 16062 2484 2123 16063 2346 2124 16064 2346 2124 16065 2484 2123 16066 2483 2125 16067 2346 2124 16068 2483 2125 16069 2347 2126 16070 2347 2126 16071 2483 2125 16072 2482 2127 16073 2347 2126 16074 2482 2127 16075 2348 2128 16076 2348 2128 16077 2482 2127 16078 2481 2129 16079 2348 2128 16080 2481 2129 16081 2349 2130 16082 2349 2130 16083 2481 2129 16084 2480 2131 16085 2349 2130 16086 2480 2131 16087 2350 2110 16088 2350 2110 16089 2480 2131 16090 2479 2111 16091 2021 2088 16092 2151 2089 16093 2011 2090 16094 2011 2090 16095 2151 2089 16096 2161 2091 16097 2011 2090 16098 2161 2091 16099 2012 2092 16100 2012 2092 16101 2161 2091 16102 2160 2093 16103 2012 2092 16104 2160 2093 16105 2013 2094 16106 2013 2094 16107 2160 2093 16108 2159 2095 16109 2013 2094 16110 2159 2095 16111 2014 2096 16112 2014 2096 16113 2159 2095 16114 2158 2097 16115 2014 2096 16116 2158 2097 16117 2015 2098 16118 2015 2098 16119 2158 2097 16120 2157 2099 16121 2015 2098 16122 2157 2099 16123 2016 2100 16124 2016 2100 16125 2157 2099 16126 2156 2101 16127 2016 2100 16128 2156 2101 16129 2017 2102 16130 2017 2102 16131 2156 2101 16132 2155 2103 16133 2017 2102 16134 2155 2103 16135 2018 2104 16136 2018 2104 16137 2155 2103 16138 2154 2105 16139 2018 2104 16140 2154 2105 16141 2019 2106 16142 2019 2106 16143 2154 2105 16144 2153 2107 16145 2019 2106 16146 2153 2107 16147 2020 2108 16148 2020 2108 16149 2153 2107 16150 2152 2109 16151 2020 2108 16152 2152 2109 16153 2021 2088 16154 2021 2088 16155 2152 2109 16156 2151 2089 16157 2361 2110 16158 2490 2111 16159 2351 2112 16160 2351 2112 16161 2490 2111 16162 2489 2113 16163 2351 2112 16164 2489 2113 16165 2352 2114 16166 2352 2114 16167 2489 2113 16168 2499 2115 16169 2352 2114 16170 2499 2115 16171 2353 2116 16172 2353 2116 16173 2499 2115 16174 2498 2117 16175 2353 2116 16176 2498 2117 16177 2354 2118 16178 2354 2118 16179 2498 2117 16180 2497 2119 16181 2354 2118 16182 2497 2119 16183 2355 2120 16184 2355 2120 16185 2497 2119 16186 2496 2121 16187 2355 2120 16188 2496 2121 16189 2356 2122 16190 2356 2122 16191 2496 2121 16192 2495 2123 16193 2356 2122 16194 2495 2123 16195 2357 2124 16196 2357 2124 16197 2495 2123 16198 2494 2125 16199 2357 2124 16200 2494 2125 16201 2358 2126 16202 2358 2126 16203 2494 2125 16204 2493 2127 16205 2358 2126 16206 2493 2127 16207 2359 2128 16208 2359 2128 16209 2493 2127 16210 2492 2129 16211 2359 2128 16212 2492 2129 16213 2360 2130 16214 2360 2130 16215 2492 2129 16216 2491 2131 16217 2360 2130 16218 2491 2131 16219 2361 2110 16220 2361 2110 16221 2491 2131 16222 2490 2111 16223 2032 2088 16224 2162 2089 16225 2022 2090 16226 2022 2090 16227 2162 2089 16228 2172 2091 16229 2022 2090 16230 2172 2091 16231 2023 2092 16232 2023 2092 16233 2172 2091 16234 2171 2093 16235 2023 2092 16236 2171 2093 16237 2024 2094 16238 2024 2094 16239 2171 2093 16240 2170 2095 16241 2024 2094 16242 2170 2095 16243 2025 2096 16244 2025 2096 16245 2170 2095 16246 2169 2097 16247 2025 2096 16248 2169 2097 16249 2026 2098 16250 2026 2098 16251 2169 2097 16252 2168 2099 16253 2026 2098 16254 2168 2099 16255 2027 2100 16256 2027 2100 16257 2168 2099 16258 2167 2101 16259 2027 2100 16260 2167 2101 16261 2028 2102 16262 2028 2102 16263 2167 2101 16264 2166 2103 16265 2028 2102 16266 2166 2103 16267 2029 2104 16268 2029 2104 16269 2166 2103 16270 2165 2105 16271 2029 2104 16272 2165 2105 16273 2030 2106 16274 2030 2106 16275 2165 2105 16276 2164 2107 16277 2030 2106 16278 2164 2107 16279 2031 2108 16280 2031 2108 16281 2164 2107 16282 2163 2109 16283 2031 2108 16284 2163 2109 16285 2032 2088 16286 2032 2088 16287 2163 2109 16288 2162 2089 16289 2372 2110 16290 2501 2111 16291 2362 2112 16292 2362 2112 16293 2501 2111 16294 2500 2113 16295 2362 2112 16296 2500 2113 16297 2363 2114 16298 2363 2114 16299 2500 2113 16300 2510 2115 16301 2363 2114 16302 2510 2115 16303 2364 2116 16304 2364 2116 16305 2510 2115 16306 2509 2117 16307 2364 2116 16308 2509 2117 16309 2365 2118 16310 2365 2118 16311 2509 2117 16312 2508 2119 16313 2365 2118 16314 2508 2119 16315 2366 2120 16316 2366 2120 16317 2508 2119 16318 2507 2121 16319 2366 2120 16320 2507 2121 16321 2367 2122 16322 2367 2122 16323 2507 2121 16324 2506 2123 16325 2367 2122 16326 2506 2123 16327 2368 2124 16328 2368 2124 16329 2506 2123 16330 2505 2125 16331 2368 2124 16332 2505 2125 16333 2369 2126 16334 2369 2126 16335 2505 2125 16336 2504 2127 16337 2369 2126 16338 2504 2127 16339 2370 2128 16340 2370 2128 16341 2504 2127 16342 2503 2129 16343 2370 2128 16344 2503 2129 16345 2371 2130 16346 2371 2130 16347 2503 2129 16348 2502 2131 16349 2371 2130 16350 2502 2131 16351 2372 2110 16352 2372 2110 16353 2502 2131 16354 2501 2111 16355 2043 2088 16356 2173 2089 16357 2033 2090 16358 2033 2090 16359 2173 2089 16360 2183 2091 16361 2033 2090 16362 2183 2091 16363 2034 2092 16364 2034 2092 16365 2183 2091 16366 2182 2093 16367 2034 2092 16368 2182 2093 16369 2035 2094 16370 2035 2094 16371 2182 2093 16372 2181 2095 16373 2035 2094 16374 2181 2095 16375 2036 2096 16376 2036 2096 16377 2181 2095 16378 2180 2097 16379 2036 2096 16380 2180 2097 16381 2037 2098 16382 2037 2098 16383 2180 2097 16384 2179 2099 16385 2037 2098 16386 2179 2099 16387 2038 2100 16388 2038 2100 16389 2179 2099 16390 2178 2101 16391 2038 2100 16392 2178 2101 16393 2039 2102 16394 2039 2102 16395 2178 2101 16396 2177 2103 16397 2039 2102 16398 2177 2103 16399 2040 2104 16400 2040 2104 16401 2177 2103 16402 2176 2105 16403 2040 2104 16404 2176 2105 16405 2041 2106 16406 2041 2106 16407 2176 2105 16408 2175 2107 16409 2041 2106 16410 2175 2107 16411 2042 2108 16412 2042 2108 16413 2175 2107 16414 2174 2109 16415 2042 2108 16416 2174 2109 16417 2043 2088 16418 2043 2088 16419 2174 2109 16420 2173 2089 16421 2383 2110 16422 2512 2111 16423 2373 2112 16424 2373 2112 16425 2512 2111 16426 2511 2113 16427 2373 2112 16428 2511 2113 16429 2374 2114 16430 2374 2114 16431 2511 2113 16432 2521 2115 16433 2374 2114 16434 2521 2115 16435 2375 2116 16436 2375 2116 16437 2521 2115 16438 2520 2117 16439 2375 2116 16440 2520 2117 16441 2376 2118 16442 2376 2118 16443 2520 2117 16444 2519 2119 16445 2376 2118 16446 2519 2119 16447 2377 2120 16448 2377 2120 16449 2519 2119 16450 2518 2121 16451 2377 2120 16452 2518 2121 16453 2378 2122 16454 2378 2122 16455 2518 2121 16456 2517 2123 16457 2378 2122 16458 2517 2123 16459 2379 2124 16460 2379 2124 16461 2517 2123 16462 2516 2125 16463 2379 2124 16464 2516 2125 16465 2380 2126 16466 2380 2126 16467 2516 2125 16468 2515 2127 16469 2380 2126 16470 2515 2127 16471 2381 2128 16472 2381 2128 16473 2515 2127 16474 2514 2129 16475 2381 2128 16476 2514 2129 16477 2382 2130 16478 2382 2130 16479 2514 2129 16480 2513 2131 16481 2382 2130 16482 2513 2131 16483 2383 2110 16484 2383 2110 16485 2513 2131 16486 2512 2111 16487 2054 2088 16488 2184 2089 16489 2044 2090 16490 2044 2090 16491 2184 2089 16492 2194 2091 16493 2044 2090 16494 2194 2091 16495 2045 2092 16496 2045 2092 16497 2194 2091 16498 2193 2093 16499 2045 2092 16500 2193 2093 16501 2046 2094 16502 2046 2094 16503 2193 2093 16504 2192 2095 16505 2046 2094 16506 2192 2095 16507 2047 2096 16508 2047 2096 16509 2192 2095 16510 2191 2097 16511 2047 2096 16512 2191 2097 16513 2048 2098 16514 2048 2098 16515 2191 2097 16516 2190 2099 16517 2048 2098 16518 2190 2099 16519 2049 2100 16520 2049 2100 16521 2190 2099 16522 2189 2101 16523 2049 2100 16524 2189 2101 16525 2050 2102 16526 2050 2102 16527 2189 2101 16528 2188 2103 16529 2050 2102 16530 2188 2103 16531 2051 2104 16532 2051 2104 16533 2188 2103 16534 2187 2105 16535 2051 2104 16536 2187 2105 16537 2052 2106 16538 2052 2106 16539 2187 2105 16540 2186 2107 16541 2052 2106 16542 2186 2107 16543 2053 2108 16544 2053 2108 16545 2186 2107 16546 2185 2109 16547 2053 2108 16548 2185 2109 16549 2054 2088 16550 2054 2088 16551 2185 2109 16552 2184 2089 16553 2394 2110 16554 2523 2111 16555 2384 2112 16556 2384 2112 16557 2523 2111 16558 2522 2113 16559 2384 2112 16560 2522 2113 16561 2385 2114 16562 2385 2114 16563 2522 2113 16564 2532 2115 16565 2385 2114 16566 2532 2115 16567 2386 2116 16568 2386 2116 16569 2532 2115 16570 2531 2117 16571 2386 2116 16572 2531 2117 16573 2387 2118 16574 2387 2118 16575 2531 2117 16576 2530 2119 16577 2387 2118 16578 2530 2119 16579 2388 2120 16580 2388 2120 16581 2530 2119 16582 2529 2121 16583 2388 2120 16584 2529 2121 16585 2389 2122 16586 2389 2122 16587 2529 2121 16588 2528 2123 16589 2389 2122 16590 2528 2123 16591 2390 2124 16592 2390 2124 16593 2528 2123 16594 2527 2125 16595 2390 2124 16596 2527 2125 16597 2391 2126 16598 2391 2126 16599 2527 2125 16600 2526 2127 16601 2391 2126 16602 2526 2127 16603 2392 2128 16604 2392 2128 16605 2526 2127 16606 2525 2129 16607 2392 2128 16608 2525 2129 16609 2393 2130 16610 2393 2130 16611 2525 2129 16612 2524 2131 16613 2393 2130 16614 2524 2131 16615 2394 2110 16616 2394 2110 16617 2524 2131 16618 2523 2111 16619</p>
        </polylist>
      </mesh>
    </geometry>
  </library_geometries>
  <library_controllers/>
  <library_visual_scenes>
    <visual_scene id="Scene" name="Scene">
      <node id="_88-MoveIt-60-TCP-01" name="_88-MoveIt-60-TCP-01" type="NODE">
        <matrix sid="transform">0.0254 0 0 0 0 -4.13819e-9 -0.0254 0 0 0.0254 -4.13819e-9 0 0 0 0 1</matrix>
        <instance_geometry url="#Untitled_000-mesh" name="_88-MoveIt-60-TCP-01"/>
      </node>
    </visual_scene>
  </library_visual_scenes>
  <scene>
    <instance_visual_scene url="#Scene"/>
  </scene>
</COLLADA>