<?xml version="1.0" encoding="UTF-8"?>
<COLLADA xmlns="http://www.collada.org/2005/11/COLLADASchema" version="1.4.1">
    <asset>
        <contributor>
            <author>VCGLab</author>
            <authoring_tool>VCGLib | MeshLab</authoring_tool>
        </contributor>
        <up_axis>Y_UP</up_axis>
        <created>Di. Apr 17 09:23:57 2018</created>
        <modified>Di. Apr 17 09:23:57 2018</modified>
    </asset>
    <library_images/>
    <library_materials/>
    <library_effects/>
    <library_geometries>
        <geometry id="shape0-lib" name="shape0">
            <mesh>
                <source id="shape0-lib-positions" name="position">
                    <float_array id="shape0-lib-positions-array" count="4578">-0.335009 -0.02185 -0.0254063 -0.340864 -0.0172397 -0.0288794 -0.327919 0.02315 -0.0237925 -0.321033 0.02315 -0.0268613 -0.325586 0.02315 -0.0298998 -0.325484 0.02315 -0.0330198 -0.323393 0.02315 -0.0267713 -0.329655 0.02315 -0.0129547 -0.331144 0.02315 -0.0172064 -0.329986 0.02315 -0.0246759 -0.342469 0.02315 -0.0277663 -0.336467 0.02315 -0.0255014 -0.337739 0.02315 -0.0240098 -0.329219 0.02315 -0.0278045 -0.323501 -0.02185 -0.0269149 -0.32933 0.02315 -0.0253167 -0.333125 0.02315 -0.017786 -0.331654 -0.02185 -0.0118375 -0.331388 0.02315 -0.0117647 -0.320537 -0.02185 -0.0259366 -0.324786 -0.02185 -0.0322357 -0.329677 -0.02185 -0.0129377 -0.33107 -0.02185 -0.0169623 -0.325563 -0.02185 -0.0298453 -0.328845 -0.02185 -0.0283142 -0.332948 -0.02185 -0.0188188 -0.329921 -0.02185 -0.0245824 -0.342452 -0.02185 -0.0277879 -0.338705 -0.02185 -0.0244815 -0.328417 -0.02185 -0.0235135 -0.330934 -0.02185 -0.0241253 -0.326374 0.02315 -0.0808384 -0.329913 0.02315 -0.0862195 -0.330637 0.02315 -0.0929688 -0.328522 0.02315 -0.0920475 -0.340071 -0.02185 -0.0763864 -0.335317 0.02315 -0.0794157 -0.328785 0.02315 -0.077583 -0.324641 0.02315 -0.0754341 -0.324042 0.02315 -0.0726721 -0.322682 0.02315 -0.0778281 -0.319688 0.02315 -0.0787105 -0.340107 0.02315 -0.0764629 -0.330591 0.02315 -0.0816838 -0.327989 -0.02185 -0.0795257 -0.333948 0.02315 -0.0819281 -0.336871 -0.02185 -0.0813858 -0.341619 -0.02185 -0.0775359 -0.341722 0.02315 -0.0776431 -0.32486 -0.02185 -0.0717901 -0.320214 -0.02185 -0.0778022 -0.334361 -0.02185 -0.0798098 -0.330078 -0.02185 -0.0932241 -0.328488 -0.02185 -0.0920091 -0.326997 -0.02185 -0.0810909 -0.332042 -0.02185 -0.0852457 -0.329941 -0.02185 -0.0871698 -0.326592 -0.02185 -0.0787789 -0.32809 -0.02185 -0.0766365 -0.324933 -0.02185 -0.0748082 -0.32257 -0.02185 -0.0779682 -0.284576 -0.02185 -0.105761 -0.290818 -0.02185 -0.107901 -0.290846 0.02315 -0.105851 -0.276531 -0.02185 -0.0908622 -0.278778 0.02315 -0.0964625 -0.276574 0.02315 -0.10421 -0.268763 0.02315 -0.105449 -0.263937 0.02315 -0.0988241 -0.266691 0.02315 -0.0908428 -0.257378 0.02315 -0.0909198 -0.260086 0.02315 -0.0997018 -0.25802 -0.02185 -0.103404 -0.247153 -0.02185 -0.103626 -0.245125 0.02315 -0.0971393 -0.246314 0.02315 -0.0907248 -0.238431 -0.02185 -0.090787 -0.241067 -0.02185 -0.0981206 -0.239386 0.02315 -0.103193 -0.238035 -0.02185 -0.104237 -0.228339 -0.02185 -0.090816 -0.220708 -0.02185 -0.0906743 -0.221103 0.02315 -0.0906706 -0.221279 0.02315 -0.095368 -0.222267 -0.02185 -0.099042 -0.211201 -0.02185 -0.105138 -0.214048 0.02315 -0.105758 -0.206768 -0.02185 -0.0982931 -0.201961 -0.02185 -0.0906301 -0.203155 0.02315 -0.0989506 -0.202437 -0.02185 -0.0959248 -0.20135 -0.02185 -0.102863 -0.19521 -0.02185 -0.105807 -0.188769 -0.02185 -0.0906067 -0.181532 0.02315 -0.0907235 -0.183558 0.02315 -0.0963783 -0.182538 0.02315 -0.102498 -0.1823 -0.02185 -0.102825 -0.171666 0.02315 -0.10427 -0.157664 -0.02185 -0.105647 -0.149969 -0.02185 -0.09669 -0.150968 -0.02185 -0.0905434 -0.145903 -0.02185 -0.0985911 -0.143224 0.02315 -0.103946 -0.135414 0.02315 -0.105186 -0.133237 -0.0156321 -0.0907491 -0.125612 -0.02185 -0.0904823 -0.126579 -0.02185 -0.0968154 -0.113287 -0.02185 -0.102944 -0.112013 -0.02185 -0.0961256 -0.111634 0.02315 -0.0974705 -0.105081 -0.02185 -0.0905236 -0.107504 0.02315 -0.0987439 -0.105229 -0.02185 -0.10363 -0.0994309 -0.02185 -0.105505 -0.0937143 0.02315 -0.102183 -0.0948864 -0.02185 -0.103221 -0.0925918 -0.02185 -0.0974227 -0.09376 0.02315 -0.0904194 -0.0862826 0.02315 -0.0905354 -0.076236 -0.02185 -0.103669 -0.0764166 0.02315 -0.104082 -0.07362 -0.02185 -0.0980363 -0.0684049 0.02315 -0.0903803 -0.0669813 -0.02185 -0.0904484 -0.0675204 -0.02185 -0.103028 -0.0627955 0.02315 -0.105598 -0.0560744 0.02315 -0.102576 -0.0544919 -0.02185 -0.0973474 -0.0495613 -0.02185 -0.0903291 -0.0380911 0.02315 -0.0903913 -0.0301481 0.02315 -0.0903135 -0.0311897 -0.02185 -0.096147 -0.0294204 -0.02185 -0.102953 -0.0225386 -0.02185 -0.105532 -0.016663 0.02315 -0.100981 -0.0169403 -0.02185 -0.100425 -0.0100749 0.02315 -0.0903858 -0.0124343 -0.02185 -0.0972348 -0.00931025 -0.02185 -0.103889 -0.00470755 0.02315 -0.105459 -0.00489541 -0.02185 -0.10764 -0.0103614 0.02315 -0.105815 -0.0145897 -0.02185 -0.0979512 -0.0144393 0.02315 -0.0984 -0.0241455 0.02315 -0.107567 -0.0314485 -0.02185 -0.103564 -0.0334292 -0.02185 -0.0968339 -0.0353577 0.02315 -0.0923034 -0.0334609 0.02315 -0.0992607 -0.042006 -0.02185 -0.107676 -0.0446563 0.02315 -0.107441 -0.0584058 0.02315 -0.106973 -0.068094 -0.02185 -0.105638 -0.0670374 0.02315 -0.106086 -0.0715291 -0.02185 -0.0969091 -0.0719309 0.02315 -0.100916 -0.0894436 -0.02185 -0.102331 -0.0904608 0.02315 -0.0996602 -0.0888917 0.02315 -0.0924163 -0.109578 -0.02185 -0.0977733 -0.10956 0.02315 -0.0973192 -0.111423 -0.02185 -0.0924608 -0.11304 -0.02185 -0.105109 -0.128189 -0.02185 -0.101846 -0.130473 -0.02185 -0.0924984 -0.130847 -0.02185 -0.104078 -0.136221 0.02315 -0.10768 -0.143113 0.02315 -0.106115 -0.147523 -0.02185 -0.0962678 -0.160393 -0.02185 -0.107023 -0.166289 -0.02185 -0.101921 -0.16648 0.02315 -0.101432 -0.168487 0.02315 -0.0926032 -0.165092 0.02315 -0.0925668 -0.167339 0.02315 -0.101923 -0.175823 0.02315 -0.10798 -0.183722 0.02315 -0.104182 -0.182171 -0.02185 -0.105503 -0.185702 0.02315 -0.0982895 -0.185882 0.02315 -0.100395 -0.205281 0.02315 -0.101179 -0.209888 0.02315 -0.106452 -0.214598 0.02315 -0.107758 -0.223972 0.02315 -0.0983277 -0.226701 -0.02185 -0.104817 -0.24291 0.02315 -0.0975823 -0.244773 -0.02185 -0.0927242 -0.243349 -0.02185 -0.101583 -0.251556 -0.02185 -0.108089 -0.252023 0.02315 -0.10813 -0.260203 -0.02185 -0.104159 -0.261823 -0.02185 -0.0964934 -0.0191444 0.02315 -0.0903626 -0.0548399 0.02315 -0.0961184 -0.130074 0.02315 -0.0926237 -0.149657 0.02315 -0.0925291 -0.150287 0.02315 -0.0904831 -0.055814 0.02315 -0.0903486 -0.0541868 0.02315 -0.0923775 -0.0481826 0.02315 -0.0904602 -0.076191 0.02315 -0.0904666 -0.126597 0.02315 -0.0904405 -0.126992 0.02315 -0.0924916 -0.0127033 0.02315 -0.0922676 -0.0354265 0.02315 -0.0977144 -0.0377519 0.02315 -0.105768 -0.0384335 0.02315 -0.103843 -0.0732368 0.02315 -0.0924151 -0.244374 0.02315 -0.0928495 -0.28426 0.02315 -0.0907957 -0.283132 0.02315 -0.0927844 -0.00465288 0.02315 -0.107234 -0.0110192 0.02315 -0.102272 -0.0142687 0.02315 -0.0988722 -0.0121207 0.02315 -0.0960792 -0.0163077 0.02315 -0.0922657 -0.0174712 0.02315 -0.104726 -0.105153 0.02315 -0.090623 -0.111682 0.02315 -0.0924458 -0.190491 0.02315 -0.0906923 -0.228694 0.02315 -0.0907765 -0.241111 0.02315 -0.092704 -0.238682 0.02315 -0.0908364 -0.253924 0.02315 -0.105989 -0.278253 0.02315 -0.0907835 -0.0317418 0.02315 -0.0923034 -0.0314989 0.02315 -0.0971587 -0.0333287 0.02315 -0.0987567 -0.0307155 0.02315 -0.10443 -0.0287842 0.02315 -0.103576 -0.0235486 0.02315 -0.105382 -0.052774 0.02315 -0.100062 -0.0693796 0.02315 -0.0965308 -0.0698417 0.02315 -0.0923787 -0.11281 0.02315 -0.090457 -0.107761 0.02315 -0.0924407 -0.146312 0.02315 -0.0925674 -0.143524 0.02315 -0.0923433 -0.14719 0.02315 -0.101321 -0.145647 0.02315 -0.0969038 -0.153796 0.02315 -0.104777 -0.203011 0.02315 -0.0926288 -0.0506111 0.02315 -0.0923278 -0.0524105 0.02315 -0.0972063 -0.0503968 0.02315 -0.0967156 -0.0507626 0.02315 -0.103231 -0.0490399 0.02315 -0.102152 -0.0442981 0.02315 -0.10538 -0.125547 0.02315 -0.0940808 -0.128561 0.02315 -0.0997354 -0.126192 0.02315 -0.100641 -0.123351 0.02315 -0.10683 -0.121766 0.02315 -0.105147 -0.184142 0.02315 -0.0926044 -0.206587 0.02315 -0.0926785 -0.200582 0.02315 -0.0907611 -0.220336 0.02315 -0.103155 -0.259922 0.02315 -0.104333 -0.26196 0.02315 -0.0976201 -0.260161 0.02315 -0.0927417 -0.0714108 0.02315 -0.0996225 -0.0680897 0.02315 -0.10219 -0.0836662 0.02315 -0.105071 -0.0772303 0.02315 -0.106632 -0.0736538 0.02315 -0.0971464 -0.147866 0.02315 -0.0978489 -0.149596 0.02315 -0.0982181 -0.149772 0.02315 -0.103797 -0.162482 0.02315 -0.0906859 -0.171441 0.02315 -0.0906547 -0.222061 0.02315 -0.0926665 -0.220717 0.02315 -0.10542 -0.244005 0.02315 -0.102753 -0.247052 0.02315 -0.103382 -0.290841 0.02315 -0.107864 -0.28565 0.02315 -0.104097 -0.284258 0.02315 -0.105643 -0.281146 0.02315 -0.0974338 -0.283251 0.02315 -0.0971837 -0.0997484 0.02315 -0.105532 -0.0996232 0.02315 -0.107829 -0.0921007 0.02315 -0.103089 -0.0908766 0.02315 -0.0961559 -0.0933486 0.02315 -0.0951688 -0.130587 0.02315 -0.0985608 -0.129466 0.02315 -0.101739 -0.193371 0.02315 -0.107793 -0.208536 0.02315 -0.090663 -0.234448 0.02315 -0.108056 -0.240708 0.02315 -0.0964912 -0.241262 0.02315 -0.103607 -0.264509 0.02315 -0.104714 -0.262255 0.02315 -0.0988382 -0.263736 0.02315 -0.0927914 -0.272548 0.02315 -0.108131 -0.0888553 0.02315 -0.0987249 -0.0852514 0.02315 -0.106755 -0.0926324 0.02315 -0.0924082 -0.115104 0.02315 -0.10445 -0.10944 0.02315 -0.0986175 -0.11459 0.02315 -0.10643 -0.20499 0.02315 -0.099095 -0.200979 0.02315 -0.105825 -0.232522 0.02315 -0.105813 -0.225816 0.02315 -0.104091 -0.226103 0.02315 -0.100716 -0.224226 0.02315 -0.0964194 -0.225982 0.02315 -0.0926715 -0.177591 0.02315 -0.105505 -0.104984 0.02315 -0.103726 -0.107522 0.02315 -0.104032 -0.168904 0.02315 -0.0973343 -0.197966 0.02315 -0.105297 -0.192489 0.02315 -0.105063 -0.187689 0.02315 -0.099347 -0.187757 0.02315 -0.0926044 -0.208474 0.02315 -0.102877 -0.20719 0.02315 -0.0964815 -0.164853 0.02315 -0.0975655 -0.15752 0.02315 -0.1081 -0.161154 0.02315 -0.104811 -0.28566 -0.02185 -0.0909808 -0.0695824 -0.02185 -0.0923627 -0.266439 -0.02185 -0.0908912 -0.073323 -0.02185 -0.0923856 -0.0762936 -0.02185 -0.0905621 -0.282861 -0.02185 -0.0928011 -0.260082 -0.02185 -0.0927388 -0.258962 -0.02185 -0.0907457 -0.225723 -0.02185 -0.0926865 -0.21976 -0.02185 -0.106313 -0.0114613 -0.02185 -0.0902539 -0.259929 -0.02185 -0.0970787 -0.247389 -0.02185 -0.0908536 -0.209289 -0.02185 -0.0907783 -0.162794 -0.02185 -0.090684 -0.165178 -0.02185 -0.0925967 -0.168573 -0.02185 -0.0925737 -0.171543 -0.02185 -0.0907502 -0.054273 -0.02185 -0.0923479 -0.0568896 -0.02185 -0.0904774 -0.0505324 -0.02185 -0.092325 -0.030655 -0.02185 -0.0902896 -0.0376494 -0.02185 -0.0905285 -0.290848 -0.02185 -0.105883 -0.286468 -0.02185 -0.10453 -0.283312 -0.02185 -0.0998059 -0.28127 -0.02185 -0.0993994 -0.263552 -0.02185 -0.092799 -0.264041 -0.02185 -0.0977613 -0.26264 -0.02185 -0.101549 -0.266736 -0.02185 -0.104046 -0.268237 -0.02185 -0.10736 -0.273158 -0.02185 -0.105874 -0.217326 -0.02185 -0.105112 -0.223951 -0.02185 -0.0988137 -0.222107 -0.02185 -0.0926721 -0.143181 -0.02185 -0.0905989 -0.0161731 -0.02185 -0.0922727 -0.0127936 -0.02185 -0.0923008 -0.281028 -0.02185 -0.0981121 -0.279298 -0.02185 -0.0995279 -0.252914 -0.02185 -0.105835 -0.238709 -0.02185 -0.106165 -0.242456 -0.02185 -0.101167 -0.24169 -0.02185 -0.0928442 -0.193754 -0.02185 -0.107541 -0.18245 -0.02185 -0.0906042 -0.0421662 -0.02185 -0.105787 -0.0354038 -0.02185 -0.0922978 -0.0335851 -0.02185 -0.0971692 -0.0359903 -0.02185 -0.100463 -0.0352092 -0.02185 -0.1032 -0.225818 -0.02185 -0.0983308 -0.22411 -0.02185 -0.0991333 -0.230865 -0.02185 -0.105585 -0.232584 -0.02185 -0.107828 -0.206402 -0.02185 -0.0926861 -0.20549 -0.02185 -0.101436 -0.211087 -0.02185 -0.107247 -0.176811 -0.02185 -0.107753 -0.145782 -0.02185 -0.0925131 -0.0718995 -0.02185 -0.101245 -0.0785856 -0.02185 -0.107176 -0.0624146 -0.02185 -0.105459 -0.0694921 -0.02185 -0.097138 -0.0528496 -0.02185 -0.101207 -0.0571861 -0.02185 -0.103632 -0.0595356 -0.02185 -0.107139 -0.0185995 -0.02185 -0.0904908 -0.0165471 -0.02185 -0.103852 -0.24515 -0.02185 -0.0971002 -0.19997 -0.02185 -0.106599 -0.204926 -0.02185 -0.0995993 -0.203057 -0.02185 -0.0926346 -0.176714 -0.02185 -0.105684 -0.18561 -0.02185 -0.100324 -0.183596 -0.02185 -0.0964354 -0.184228 -0.02185 -0.0926344 -0.16887 -0.02185 -0.0982243 -0.166975 -0.02185 -0.0998111 -0.170733 -0.02185 -0.105765 -0.171486 -0.02185 -0.103858 -0.149704 -0.02185 -0.0925236 -0.147885 -0.02185 -0.0973948 -0.149509 -0.02185 -0.103426 -0.151903 -0.02185 -0.103438 -0.127078 -0.02185 -0.0925215 -0.0860312 -0.02185 -0.090486 -0.0506537 -0.02185 -0.103745 -0.0492484 -0.02185 -0.101977 -0.0522734 -0.02185 -0.0960797 -0.0500371 -0.02185 -0.0956237 -0.0244308 -0.02185 -0.107681 -0.0314825 -0.02185 -0.0922874 -0.00466739 -0.02185 -0.105285 -0.0138192 -0.02185 -0.101835 -0.163712 -0.02185 -0.102321 -0.113186 -0.02185 -0.0904891 -0.0949895 -0.02185 -0.0905526 -0.0923729 -0.02185 -0.0924232 -0.154785 -0.02185 -0.107327 -0.138731 -0.02185 -0.107906 -0.14172 -0.02185 -0.104753 -0.146272 -0.02185 -0.103196 -0.135648 -0.02185 -0.105174 -0.12889 -0.02185 -0.0981771 -0.130484 -0.02185 -0.0988071 -0.0849282 -0.02185 -0.106647 -0.0814645 -0.02185 -0.105496 -0.119681 -0.02185 -0.107869 -0.119564 -0.02185 -0.105571 -0.12467 -0.02185 -0.103141 -0.109825 -0.02185 -0.0996983 -0.0907753 -0.02185 -0.0996608 -0.188222 -0.02185 -0.0962835 -0.187803 -0.02185 -0.0925988 -0.185985 -0.02185 -0.0974701 -0.18965 -0.02185 -0.102976 -0.187997 -0.02185 -0.10419 -0.106194 -0.02185 -0.105713 -0.107592 -0.02185 -0.0972134 -0.107807 -0.02185 -0.0924465 -0.0959566 -0.02185 -0.106776 -0.08705 -0.02185 -0.102637 -0.0883801 -0.02185 -0.0965448 -0.0903733 -0.02185 -0.0961549 -0.0886323 -0.02185 -0.0924002 -0.277644 -0.02185 -0.106052 -0.279362 0.02315 -0.103683 -0.28101 0.02315 -0.0976581 -0.279211 0.02315 -0.0927793 -0.279257 -0.02185 -0.092785 0.0216812 -0.02185 -0.0876853 0.0301662 -0.02185 -0.0850485 0.0296722 0.02315 -0.0919816 0.0400775 -0.02185 -0.0998598 0.0396478 0.02315 -0.100299 0.0344478 -0.02185 -0.0998045 0.0209134 -0.02185 -0.103664 0.0209414 0.02315 -0.103913 0.0262845 0.02315 -0.0985463 0.0261125 -0.02185 -0.0938925 0.0218519 0.02315 -0.0876192 0.0242048 0.02315 -0.104141 0.0394898 0.02315 -0.09787 0.0274288 0.02315 -0.0924374 0.0280999 0.02315 -0.0876835 0.0288224 0.02315 -0.0853866 0.0340384 0.02315 -0.0976743 0.0290464 0.02315 -0.0964307 0.0245268 0.02315 -0.0887699 0.027127 -0.02185 -0.101742 0.0280352 0.02315 -0.0989191 0.0214056 -0.02185 -0.1054 0.024496 -0.02185 -0.0887769 0.0275956 -0.02185 -0.0926623 0.0297655 -0.02185 -0.0925466 0.0296237 -0.02185 -0.0965312 0.0394804 -0.02185 -0.0978439 0.0343865 -0.02185 -0.0978244 0.0251272 -0.02185 -0.100286 0.0276128 -0.02185 -0.0879739 0.0638557 0.02315 -0.0632976 0.0668247 0.02315 -0.066492 0.0746034 -0.02185 -0.0715722 0.0736239 0.02315 -0.072069 0.0792347 -0.0172396 -0.0695128 0.0805746 -0.02185 -0.0708982 0.0758541 0.02315 -0.0734789 0.0652901 0.0190557 -0.0831218 0.0585178 0.02315 -0.0684926 0.0805862 0.02315 -0.0709226 0.0683652 0.02315 -0.0819334 0.0617581 0.02315 -0.0680505 0.0645514 0.02315 -0.0653865 0.0676034 0.02315 -0.0716222 0.0657407 0.02315 -0.0722031 0.0674239 0.02315 -0.0784111 0.0665418 0.02315 -0.070422 0.0694721 0.02315 -0.0762096 0.0693374 -0.02185 -0.0791054 0.0618281 -0.02185 -0.0679879 0.0650886 -0.02185 -0.0622505 0.0587283 -0.02185 -0.0683575 0.0666667 -0.02185 -0.0703033 0.0645302 -0.02185 -0.0654098 0.0679678 -0.02185 -0.0774568 0.0666075 -0.02185 -0.0843977 0.0639246 -0.02185 -0.0709876 0.0681168 -0.02185 -0.0720398 0.0695203 -0.02185 -0.0702273 0.0743029 -0.02185 -0.0739379 0.0831699 -0.02185 -0.0344655 0.0861264 -0.02185 -0.0260866 0.0991341 0.02315 -0.0302996 0.103856 0.02315 -0.0269537 0.099753 0.02315 -0.0322537 0.09586 -0.02185 -0.0415426 0.0948897 0.02315 -0.037834 0.102125 -0.0183955 -0.0263923 0.0870042 0.02315 -0.029318 0.0851101 0.02315 -0.0284961 0.0920058 0.02315 -0.032957 0.0859171 0.02315 -0.0325044 0.0868122 0.02315 -0.0343951 0.0912788 0.02315 -0.0305305 0.0934751 0.02315 -0.0339101 0.092581 -0.02185 -0.0333139 0.0974541 0.02315 -0.0390336 0.0973549 0.02315 -0.0452995 0.087059 -0.02185 -0.0291468 0.0954419 0.0185396 -0.044619 0.0972087 -0.02185 -0.0452728 0.103925 -0.02185 -0.0269911 0.0910804 -0.02185 -0.0328093 0.0918988 -0.02185 -0.0308887 0.0994904 -0.02185 -0.0322918 0.0977392 -0.02185 -0.0307532 0.0857745 -0.02185 -0.0327448 0.0978691 -0.02185 -0.0398738 0.0920273 -0.02185 -0.0348972 0.089795 0.02315 0.0065394 0.0898767 -0.02185 0.00687267 0.0887909 -0.02185 0.0141631 0.0962423 0.02315 0.0138249 0.102062 0.02315 0.0177717 0.105367 0.02315 0.0222792 0.10501 -0.02185 0.022779 0.0987667 -0.02185 0.0123747 0.10735 0.02315 0.00346865 0.101563 -0.02185 0.00943604 0.102948 0.02315 0.0225475 0.088773 0.02315 0.0153656 0.0909304 0.02315 0.0131094 0.103186 0.02315 0.00784933 0.105265 0.02315 0.003199 0.0964896 0.02315 0.00993965 0.0997087 0.02315 0.0125154 0.0913768 0.02315 0.00940158 0.0967908 0.02315 0.0119901 0.104203 0.02315 0.00962184 0.107274 -0.02185 0.0034475 0.0913784 -0.02185 0.00937002 0.105292 -0.02185 0.00320091 0.105247 -0.02185 0.00842939 0.0976988 -0.02185 0.0122424 0.102921 -0.02185 0.0225428 0.102238 -0.02185 0.0180897 0.0962641 -0.02185 0.0138175 0.103973 -0.02185 0.0172453 0.0909496 -0.02185 0.0130535 0.0821451 -0.017756 0.0667776 0.0835192 0.02315 0.067687 0.0851609 0.02315 0.0639267 0.0843091 -0.02185 0.0578294 0.0754086 0.02315 0.0527904 0.0758261 -0.02185 0.0524066 0.0729216 0.02315 0.052962 0.0764775 0.02315 0.0475663 0.0775153 0.02315 0.0496034 0.0944958 0.02315 0.0516748 0.0926654 0.02315 0.0503626 0.0791407 0.02315 0.0555255 0.0834445 0.02315 0.0619295 0.082987 0.02315 0.0557536 0.0814877 0.02315 0.0522037 0.0887215 0.02315 0.0535863 0.0868697 0.02315 0.056023 0.0796325 0.02315 0.0531182 0.0814088 -0.02185 0.054485 0.0942992 -0.02185 0.0514376 0.0774203 -0.02185 0.0464639 0.0723407 -0.02185 0.0539681 0.0774213 -0.02185 0.0497565 0.0926892 -0.02185 0.0503767 0.0897746 -0.02185 0.0555475 0.0889157 -0.02185 0.0534349 0.0830746 -0.02185 0.053117 0.0848795 -0.02185 0.064936 0.0827699 -0.02185 0.058677 0.0471711 0.02315 0.0770307 0.0481365 -0.02185 0.0766196 0.0436809 -0.02185 0.083618 0.0434836 -0.0177558 0.096816 0.0443038 0.02315 0.0982451 0.0467536 -0.02185 0.0963965 0.0483105 0.02315 0.0945665 0.0495391 -0.02185 0.088417 0.0534123 0.02315 0.0877898 0.0437369 0.02315 0.0812931 0.0490695 0.02315 0.0815718 0.0407407 0.02315 0.0809383 0.0602492 0.02315 0.0868638 0.046097 0.02315 0.0940681 0.0485454 0.02315 0.086144 0.0470737 0.02315 0.0883004 0.0468965 -0.02185 0.0794844 0.0469765 0.02315 0.0794352 0.048744 0.02315 0.0865496 0.0557777 0.02315 0.0898931 0.0612273 -0.02185 0.0885575 0.0612791 0.02315 0.0886968 0.041741 -0.02185 0.0801308 0.0496208 -0.02185 0.0841003 0.0489826 -0.02185 0.0866687 0.0475388 -0.02185 0.0904791 0.0567017 -0.02185 0.090065 0.0602642 -0.02185 0.0868871 0.0555198 -0.02185 0.0879278 0.0437932 -0.02185 0.081275 0.00762635 0.02315 0.0902921 4.70915e-05 0.02315 0.0908305 0.00050073 0.02315 0.103984 -0.00455158 0.02315 0.106041 -0.00454991 -0.0135945 0.106784 0.00473356 -0.02185 0.0994682 0.0150026 0.02315 0.107047 0.0149073 -0.02185 0.104974 0.00283453 0.02315 0.0925665 0.00622322 0.02315 0.0923774 0.00704125 0.02315 0.0959054 0.0149044 0.02315 0.104947 0.00889623 0.02315 0.10308 0.00839484 0.02315 0.105022 0.000779112 0.02315 0.106476 0.00270447 0.02315 0.0973243 0.00462443 0.02315 0.0997138 0.00492055 0.02315 0.0987816 0.0150188 -0.02185 0.106899 0.00867359 -0.02185 0.0903576 -0.000132519 -0.02185 0.0908052 0.00270353 -0.02185 0.0925703 0.00628033 -0.02185 0.092362 0.00499805 -0.02185 0.100397 0.0109448 -0.02185 0.106411 0.00966048 -0.02185 0.103482 0.00232436 -0.02185 0.101981 0.00042598 -0.02185 0.106718 0.00674191 -0.02185 0.0971031 -0.0995526 -0.012 -0.0176152 -0.228175 -0.0119996 -0.0388714 -0.0717418 -0.0119996 -0.0690855 -0.0942004 -0.0159669 -0.0121413 -0.0892452 -0.0120017 0.0431426 -0.179184 -0.0159998 0.014651 -0.163113 -0.0119995 -0.0712302 -0.160474 -0.0159999 -0.0740474 -0.16467 -0.0159996 -0.0652131 0.0116994 -0.0120043 0.00238795 0.00384862 -0.016 0.0115838 -0.290844 -0.016 -0.0868545 -0.310154 -0.016 -0.0821846 -0.313327 -0.012 -0.081078 -0.0301724 -0.016 0.0809378 -0.303007 -0.012 -0.0189898 -0.0134005 -0.016 0.0850295 0.00383183 -0.012 0.0860698 0.00955742 -0.016 0.0853875 0.028997 -0.012 0.0803658 0.0770022 -0.012 0.0372592 0.0770022 -0.016 0.0372592 0.0853244 -0.012 0.00389215 0.0668447 -0.016 -0.0523203 0.0720702 -0.012 -0.0454499 0.0112153 -0.012 -0.0850013 -0.290844 -0.012 -0.0868545 0.00729869 -0.016 -0.00960208 -0.0301724 -0.012 0.0809378 -0.1781 -0.012 0.00847227 -0.319511 -0.012 -0.0301007 -0.32571 -0.012 -0.0600026 -0.291411 -0.012 -0.04975 -0.000288112 -0.012 -0.0858156 0.0573674 -0.012 -0.0630858 0.0580464 -0.012 0.0623608 0.00634788 -0.012 -0.0108639 0.083309 -0.012 -0.0160916 0.00187601 -0.0120017 -0.0142049 -0.0106617 -0.012 -0.00793656 0.0385143 -0.012 -0.0761914 -0.0191021 -0.012 0.084169 -0.255523 -0.0120026 -0.0715464 0.082024 -0.016 -0.0216994 -0.229736 -0.016 -0.0435665 -0.0101002 -0.012 0.0101874 -0.000288113 -0.016 -0.0858156 -0.0733096 -0.0159956 -0.0766919 -0.0658801 -0.016 -0.0717362 -0.305308 -0.0156284 -0.0514064 -0.274652 -0.0159812 -0.0531208 -0.324088 -0.016 -0.0621289 -0.277606 -0.0159984 -0.0452463 -0.303007 -0.016 -0.0189898 -0.32183 -0.016 -0.0325042 -0.0918726 -0.0159999 0.0424173 0.0678682 -0.016 0.0519087 0.0517006 -0.016 0.0682122 0.0317884 -0.016 0.0796447 0.0846901 -0.016 0.00962326 0.033382 -0.016 -0.0788195 0.0483812 -0.016 -0.070272 -0.264992 -0.0159998 -0.0209996 -0.256035 -0.0159901 -0.072026 -0.221344 -0.016 -0.0388434 -0.104165 -0.016 -0.0193544 -0.00869242 -0.016 -0.0104661 -0.0736534 -0.0159962 -0.065042 0.0112153 -0.016 -0.0850013 -0.296883 -0.0139254 -0.0550847 0.0161393 0.0101021 0.00271604 -0.0228935 0.0249986 -0.00484581 0.0124956 0.0229986 0.0113011 -0.009462 0.025 -0.0145125 -0.00523988 0.0249989 0.0201503 -0.0167344 0.0230334 -0.0017177 -0.00583087 0.0206121 -0.0087579 0.016943 0.0250003 0.00563874 -0.225234 0.025 -0.0409426 -0.0301724 0.025 0.0809378 -0.303007 0.025 -0.0189898 -0.325966 0.0250001 -0.0539456 -0.290844 0.025 -0.0868545 -0.000288111 0.025 -0.0858156 -0.0701671 0.0249985 -0.0646774 0.0653114 0.025 -0.0547618 0.0458151 0.025 -0.0715861 0.083309 0.025 -0.0160916 0.0223448 0.025 0.0837778 0.0517006 0.025 0.0682122 0.00489491 0.0249995 -0.0182694 -0.0714877 0.0249998 -0.0727008 -0.0997896 0.0249996 -0.0203242 -0.291203 0.0249981 -0.0561022 -0.265234 0.0249925 -0.0208968 -0.258133 0.0249994 -0.0699271 -0.176543 0.0249988 0.0138315 -0.180552 0.0249996 0.00632349 -0.160537 0.0249996 -0.0740487 -0.166885 0.0249988 -0.0682899 -0.101029 0.0209993 -0.016538 -0.087351 0.025 0.0437442 -0.0915605 0.021 0.044123 -0.0707615 0.019265 -0.0710675 -0.290844 0.021 -0.0868545 -0.314886 0.025 -0.0797299 -0.320257 0.025 -0.0304609 -0.303007 0.021 -0.0189898 -0.0301724 0.021 0.0809378 -0.0134006 0.025 0.0850295 0.0517006 0.021 0.0682122 0.071344 0.025 0.047308 0.0770022 0.021 0.0372592 0.0840558 0.021 0.0153544 0.081265 0.025 0.0265438 0.0853244 0.021 0.00389215 0.0815699 0.021 -0.0245465 0.0362474 0.021 -0.0782012 0.0168608 0.025 -0.0838282 -0.287068 0.0230488 -0.0489317 -0.292781 0.0227747 -0.0542923 -0.227274 0.021 -0.0399235 -0.178264 0.021 0.0107664 -0.0940502 0.0249846 -0.0159594 -0.00804743 0.0229907 0.013866 0.00954669 0.0226488 -0.0112676 -0.0265867 0.021 -0.000497788 -0.00401948 0.021 0.0281104 0.0274392 0.021 0.00352314 0.0112153 0.021 -0.0850013 -0.070332 0.021 -0.0710967 -0.32148 0.021 -0.0687628 -0.302665 0.021 -0.0851737 -0.325006 0.021 -0.0452288 -0.277355 0.021 -0.0515988 -0.30542 0.021 -0.052262 -0.314936 0.021 -0.0269587 0.00955742 0.021 0.0853875 -0.0134005 0.021 0.0850295 0.0678682 0.021 0.0519087 0.0317884 0.021 0.0796447 -0.000288111 0.021 -0.0858156 0.0616191 0.021 -0.0591907 -0.264972 0.0209998 -0.0206572 -0.163078 0.021 -0.0736252 0.0720702 0.021 -0.0454498 -0.00393955 0.0100238 0.0281783 -0.0285965 0.0100216 -0.00311069 -0.0260206 0.021 -0.00525378 0.00275111 0.021 -0.0278348 0.00262381 0.0100341 -0.0277501 0.0273866 0.0100513 0.0034666 0.00186708 0.0133631 0.00767122 0.00618113 0.0206053 0.00797049 -0.00198126 0.0104864 0.0160364 -0.0169508 0.0107376 -0.00189017 0.00170948 0.0104117 -0.0158576 0.00448461 0.0132533 -0.00714095 -0.0391074 0.02315 0.091187 -0.0396051 -0.02185 0.0922522 -0.0370822 -0.02185 0.099918 -0.0379178 0.02315 0.0990732 -0.032923 0.02315 0.102508 -0.0324169 -0.02185 0.101034 -0.0373921 0.02315 0.0943057 -0.0366142 -0.02185 0.0970283 -0.0368663 -0.02185 0.0907115 -0.0339116 0.02315 0.0869978 -0.0322159 -0.02185 0.0850349 -0.0428997 -0.02185 0.0927358 -0.0553569 -0.02185 0.0852376 -0.0501003 -0.02185 0.0784512 -0.0583703 0.02315 0.0791024 -0.0584904 -0.02185 0.0753109 -0.0607871 0.02315 0.0865318 -0.0634827 -0.02185 0.0878062 -0.0700987 -0.02185 0.0869341 -0.0726004 0.02315 0.0775062 -0.0690866 0.02315 0.0713235 -0.0780915 0.02315 0.0795947 -0.0906211 0.02315 0.0763062 -0.09074 -0.02185 0.0713294 -0.108499 0.02315 0.0697259 -0.119139 -0.02185 0.068548 -0.124971 0.02315 0.0662022 -0.126826 -0.02185 0.0587556 -0.129781 0.02315 0.0491228 -0.12978 -0.02185 0.0516523 -0.129918 0.02315 0.056398 -0.138302 -0.02185 0.0617515 -0.144437 -0.02185 0.0517414 -0.139488 -0.02185 0.0455501 -0.147758 0.02315 0.0462013 -0.149405 0.02315 0.052584 -0.162717 0.02315 0.0461762 -0.168052 0.02315 0.0470505 -0.175242 -0.02185 0.0323897 -0.183811 0.02315 0.037957 -0.198193 -0.02185 0.0358595 -0.198711 0.02315 0.0336601 -0.196925 -0.02185 0.0303119 -0.201476 0.02315 0.0227873 -0.201888 -0.02185 0.0317581 -0.212245 0.02315 0.0186276 -0.210997 -0.02185 0.0192292 -0.219566 0.02315 0.0247965 -0.233641 0.02315 0.0236643 -0.233324 -0.02185 0.0245105 -0.237183 0.02315 0.0169167 -0.247776 0.02315 0.00761678 -0.255142 -0.02185 0.00292846 -0.254693 0.02315 0.00301057 -0.255187 -0.02185 0.0107212 -0.259688 0.02315 0.0154781 -0.267991 0.02315 0.0135603 -0.26463 -0.02185 -0.000511466 -0.271747 -0.02185 -0.00326623 -0.272653 0.02315 -0.00336977 -0.27292 -0.02185 0.00381972 -0.286945 0.02315 0.00518827 -0.286756 -0.02185 -0.00199429 -0.286722 0.02315 -0.00203594 -0.282507 -0.02185 -0.00709172 -0.289253 0.02315 -0.00971421 -0.291087 -0.02185 -0.00179117 -0.30102 0.02315 -0.0120953 -0.306033 0.02315 -0.015937 -0.318774 -0.0176881 -0.00446384 -0.319456 -0.02185 -0.00265655 -0.319447 0.02315 -0.00261391 -0.31285 0.02315 -0.00245329 -0.307073 -0.02185 -0.00740712 -0.289039 0.02315 -0.0075109 -0.289845 0.02315 0.00129913 -0.286477 -0.02185 0.0089919 -0.278817 -0.02185 0.0111444 -0.272806 -0.02185 0.00747983 -0.270662 -0.02185 0.00357619 -0.272038 0.02315 0.00705824 -0.259316 -0.02185 0.0175757 -0.249603 0.02315 0.00700157 -0.249603 -0.02185 0.00700152 -0.253813 -0.02185 0.0148135 -0.251418 -0.02185 0.0216371 -0.232066 0.02315 0.0135049 -0.234667 -0.02185 0.0267326 -0.223646 -0.02185 0.0303215 -0.223068 0.02315 0.0305544 -0.211184 0.02315 0.0375182 -0.203256 0.02315 0.0356819 -0.195971 0.02315 0.0267422 -0.193987 0.02315 0.0437698 -0.195591 -0.02185 0.0427947 -0.187518 0.02315 0.0433442 -0.178434 0.02315 0.0332456 -0.182072 -0.02185 0.0387481 -0.182713 0.02315 0.0416036 -0.169436 0.02315 0.0502951 -0.160216 0.02315 0.0399026 -0.163153 0.02315 0.0428191 -0.163714 -0.02185 0.0515558 -0.158004 -0.02185 0.0571347 -0.146581 0.02315 0.051811 -0.146093 -0.02185 0.0451012 -0.145836 -0.02185 0.0581361 -0.141346 -0.02185 0.0629851 -0.128697 -0.02185 0.0592362 -0.128688 0.02315 0.0580886 -0.126536 0.02315 0.0671953 -0.127213 -0.02185 0.0661187 -0.122189 -0.02185 0.0700735 -0.118445 0.02315 0.0705811 -0.110566 0.02315 0.064727 -0.109828 -0.02185 0.0720455 -0.103632 -0.02185 0.0769349 -0.0943116 -0.02185 0.0741419 -0.0887064 0.02315 0.0662236 -0.0760863 0.02315 0.0803284 -0.0743447 0.02315 0.0715262 -0.0723028 0.02315 0.0874504 -0.0567847 -0.02185 0.0840046 -0.0529016 0.02315 0.0953289 -0.308644 0.02315 -0.0134637 -0.306741 0.02315 -0.0140111 -0.303576 0.02315 -0.012816 -0.235407 0.02315 0.0122298 -0.228622 0.02315 0.0126899 -0.283616 0.02315 -0.00763914 -0.312122 0.02315 -0.00452104 -0.30754 0.02315 -0.00727077 -0.111904 0.02315 0.055703 -0.0714952 0.02315 0.0727095 -0.24743 0.02315 0.0217716 -0.253772 0.02315 0.01685 -0.252183 0.02315 0.0159267 -0.25254 0.02315 0.00991796 -0.192867 0.02315 0.0258504 -0.121357 0.02315 0.0521713 -0.104841 0.02315 0.0581631 -0.0763342 0.02315 0.0688488 -0.063945 0.02315 0.0903254 -0.0532914 0.02315 0.0793071 -0.0390144 0.02315 0.0823528 -0.305892 0.02315 0.000832826 -0.303193 0.02315 0.000551937 -0.305736 0.02315 -0.00646545 -0.307317 0.02315 -0.00687067 -0.271235 0.02315 -0.000960357 -0.270858 0.02315 0.00350428 -0.275316 0.02315 0.00756918 -0.275369 0.02315 0.00987255 -0.264377 0.02315 -0.000470502 -0.253284 0.02315 0.00564955 -0.253434 0.02315 0.0116228 -0.254993 0.02315 0.00969669 -0.259644 0.02315 0.0175393 -0.2333 0.02315 0.0180915 -0.236346 0.02315 0.0218629 -0.231676 0.02315 0.0295267 -0.213969 0.02315 0.0201267 -0.163013 0.02315 0.0367047 -0.163732 0.02315 0.0386251 -0.0856023 0.02315 0.0653317 -0.0922221 0.02315 0.064946 -0.0926007 0.02315 0.0626683 -0.290711 0.02315 -0.0042008 -0.289402 0.02315 -0.000758418 -0.296093 0.02315 0.00267286 -0.297219 0.02315 0.00477892 -0.268159 0.02315 0.0159614 -0.269395 0.02315 0.00549138 -0.267601 0.02315 0.000385989 -0.235393 0.02315 0.0174295 -0.239011 0.02315 0.0225213 -0.247689 0.02315 0.0242903 -0.241892 0.02315 0.0218743 -0.217364 0.02315 0.0188845 -0.219168 0.02315 0.0162217 -0.17499 0.02315 0.0324306 -0.183413 0.02315 0.0293821 -0.142339 0.02315 0.0464829 -0.14552 0.02315 0.0431437 -0.14143 0.02315 0.0610282 -0.127977 0.02315 0.0517856 -0.0566323 0.02315 0.078032 -0.0568459 0.02315 0.0758287 -0.0498475 0.02315 0.0784922 -0.237046 0.02315 0.00964148 -0.215089 0.02315 0.0241303 -0.199652 0.02315 0.0253902 -0.124461 0.02315 0.0530631 -0.107948 0.02315 0.0637663 -0.0681651 0.02315 0.0878457 -0.0722724 0.02315 0.0840596 -0.0751985 0.02315 0.081061 -0.134084 0.02315 0.0610382 -0.129719 0.02315 0.0605877 -0.110151 0.02315 0.0709299 -0.106704 0.02315 0.059608 -0.0940496 0.02315 0.0671401 -0.106534 0.02315 0.0755882 -0.103413 0.02315 0.0751732 -0.0575712 0.02315 0.0876651 -0.0539855 0.02315 0.0920821 -0.0545252 0.02315 0.0838936 -0.0385898 0.02315 0.0846867 -0.040486 0.02315 0.0891629 -0.0458138 0.02315 0.0945479 -0.0348977 0.02315 0.0993871 -0.0351997 0.02315 0.0859278 -0.28484 0.02315 0.0105216 -0.282158 0.02315 0.00896055 -0.285698 0.02315 -0.00623575 -0.217851 0.02315 0.0247596 -0.228556 0.02315 0.0291116 -0.199638 0.02315 0.03059 -0.202292 0.02315 0.0318064 -0.208788 0.02315 0.0357743 -0.192801 0.02315 0.0422721 -0.199681 0.02315 0.0381276 -0.199375 0.02315 0.0303297 -0.139674 0.02315 0.0638391 -0.0932373 0.02315 0.072288 -0.0962688 0.02315 0.0727468 -0.099565 0.02315 0.0768554 -0.0567823 0.02315 0.0840054 -0.178893 0.02315 0.0367817 -0.180444 0.02315 0.0422095 -0.175992 0.02315 0.0482464 -0.178044 0.02315 0.0492673 -0.165631 0.02315 0.0391096 -0.164219 0.02315 0.0445003 -0.110265 0.02315 0.0582913 -0.112041 0.02315 0.0629782 -0.110628 0.02315 0.0650438 -0.117324 0.02315 0.0682271 -0.181774 0.02315 0.0319705 -0.182137 0.02315 0.038723 -0.15511 0.02315 0.0552949 -0.144617 0.02315 0.0534384 -0.146418 0.02315 0.0571499 -0.145275 0.02315 0.0493994 -0.140511 0.02315 0.0470981 -0.126376 0.02315 0.0581331 -0.09028 0.02315 0.0707332 -0.0916429 0.02315 0.0691401 -0.0927859 0.02315 0.0768906 -0.0866051 0.02315 0.0811475 -0.0860415 0.02315 0.0835798 -0.217831 0.02315 0.0252456 -0.217157 0.02315 0.0322283 -0.215435 0.02315 0.0315092 -0.153332 0.02315 0.0574242 -0.16169 0.02315 0.0545492 -0.160173 0.02315 0.0531937 -0.164426 0.02315 0.0489341 -0.157268 -0.0156321 0.0391343 -0.145854 0.02315 0.0452054 -0.267101 -0.02185 0.0164738 -0.247951 -0.02185 0.00549292 -0.290897 -0.02185 -0.010232 -0.0391948 -0.02185 0.082326 -0.307356 -0.02185 -0.0163774 -0.0928271 -0.02185 0.0625853 -0.174345 -0.02185 0.0506287 -0.20151 -0.02185 0.0226692 -0.214536 -0.02185 0.0327518 -0.250166 -0.02185 0.0101414 -0.252299 -0.02185 0.00953248 -0.251784 -0.02185 0.0167608 -0.30699 -0.02185 -0.0141208 -0.0404359 -0.02185 0.0878363 -0.0742741 -0.02185 0.0715839 -0.0752465 -0.02185 0.0690665 -0.0869138 -0.02185 0.0647735 -0.0887811 -0.02185 0.0661989 -0.19622 -0.02185 0.0266672 -0.237265 -0.02185 0.00950873 -0.228875 -0.02185 0.012649 -0.268493 -0.02185 0.00408796 -0.269662 -0.02185 0.0101806 -0.271357 -0.02185 0.0113492 -0.270666 -0.02185 -0.0006002 -0.110564 -0.02185 0.0560536 -0.103942 -0.02185 0.0587285 -0.193887 -0.02185 0.0254213 -0.267481 -0.02185 0.000421298 -0.278012 -0.02185 0.00884352 -0.303624 -0.02185 0.00288419 -0.301583 -0.02185 -0.0142478 -0.0330497 -0.02185 0.102801 -0.0351522 -0.02185 0.0859386 -0.0530262 -0.02185 0.0793593 -0.0558924 -0.02185 0.0925349 -0.0508017 -0.02185 0.094731 -0.0921516 -0.02185 0.0650037 -0.142587 -0.02185 0.0464078 -0.16397 -0.02185 0.038521 -0.182214 -0.02185 0.0296842 -0.217294 -0.02185 0.0189422 -0.219387 -0.02185 0.0160889 -0.265596 -0.02185 0.0150568 -0.260135 -0.02185 0.0154238 -0.25341 -0.02185 0.0112816 -0.253243 -0.02185 0.00567078 -0.295071 -0.02185 0.00441529 -0.297913 -0.02185 0.00274574 -0.289165 -0.02185 -0.00187831 -0.288998 -0.02185 -0.00748968 -0.303485 -0.02185 -0.0128141 -0.0483868 -0.02185 0.0968537 -0.0585347 -0.02185 0.0831036 -0.0574025 -0.02185 0.085116 -0.0620093 -0.02185 0.089334 -0.0563966 -0.02185 0.0781642 -0.0763464 -0.02185 0.0768535 -0.228747 -0.02185 0.0306805 -0.303445 -0.02185 0.000293043 -0.30556 -0.02185 -0.00706463 -0.307865 -0.02185 -0.00498316 -0.314125 -0.02185 -0.00219073 -0.313327 -0.02185 -0.00455391 -0.308698 -0.02185 -0.0093258 -0.0764342 -0.02185 0.0807221 -0.0840661 -0.02185 0.0818325 -0.0864938 -0.02185 0.0834556 -0.0999053 -0.02185 0.0751802 -0.0940947 -0.02185 0.0688651 -0.113543 -0.02185 0.0654941 -0.114894 -0.02185 0.0693355 -0.11039 -0.02185 0.0639237 -0.110223 -0.02185 0.0583126 -0.111969 -0.02185 0.0601021 -0.12471 -0.02185 0.0529881 -0.123088 -0.02185 0.0514041 -0.160465 -0.02185 0.0398276 -0.164634 -0.02185 0.0361654 -0.199658 -0.02185 0.0314561 -0.199847 -0.02185 0.0376701 -0.194658 -0.02185 0.0411499 -0.206501 -0.02185 0.037416 -0.20918 -0.02185 0.0355577 -0.199989 -0.02185 0.0318127 -0.199611 -0.02185 0.0254114 -0.213923 -0.02185 0.0201373 -0.216901 -0.02185 0.0234332 -0.215947 -0.02185 0.0254205 -0.218061 -0.02185 0.0303385 -0.231975 -0.02185 0.0135067 -0.285433 -0.02185 -0.00618356 -0.289839 -0.02185 -4.16198e-05 -0.287371 -0.02185 0.00357555 -0.284045 -0.02185 0.0082489 -0.0678271 -0.02185 0.0719801 -0.0921627 -0.02185 0.0701489 -0.0925822 -0.02185 0.0771514 -0.0896977 -0.02185 0.0782616 -0.106659 -0.02185 0.0596186 -0.110417 -0.02185 0.0642638 -0.228878 -0.02185 0.0287807 -0.222124 -0.02185 0.027404 -0.218637 -0.02185 0.0266389 -0.219263 -0.02185 0.0225859 -0.233487 -0.02185 0.0182771 -0.235704 -0.02185 0.0190074 -0.24726 -0.02185 0.0219256 -0.243063 -0.02185 0.0243048 -0.240483 -0.02185 0.0212698 -0.236003 -0.02185 0.019434 -0.235365 -0.02185 0.012251 -0.237141 -0.02185 0.0160059 -0.0708289 -0.02185 0.0728038 -0.0740105 -0.02185 0.0759587 -0.073224 -0.02185 0.079996 -0.0748321 -0.02185 0.0829512 -0.0699866 -0.02185 0.0894892 -0.108932 -0.02185 0.0701348 -0.132187 -0.02185 0.0599718 -0.133455 -0.02185 0.0632147 -0.128268 -0.02185 0.0573434 -0.128101 -0.02185 0.0517323 -0.147878 -0.02185 0.0424098 -0.168973 -0.02185 0.0475907 -0.167876 -0.02185 0.0490991 -0.163704 -0.02185 0.0434595 -0.16556 -0.02185 0.0420355 -0.181279 -0.02185 0.0323009 -0.183547 -0.02185 0.0366694 -0.183418 -0.02185 0.0403809 -0.18943 -0.02185 0.0440455 -0.188625 -0.02185 0.0417447 -0.213468 -0.02185 0.0362144 -0.146317 -0.02185 0.0519085 -0.143026 -0.02185 0.0590726 -0.159486 -0.02185 0.0540329 -0.15287 -0.02185 0.0549051 -0.149998 -0.02185 0.0556793 -0.147922 -0.02185 0.0502025 -0.145826 -0.02185 0.0500397 -0.162622 -0.02185 0.0457563 -0.164194 -0.02185 0.0453282 -0.178342 -0.02185 0.0332474 -0.179855 -0.02185 0.0380178 -0.179692 -0.02185 0.044251 -0.181035 -0.02185 0.0464734 -0.17575 -0.02185 0.0482465 -0.124671 -0.02185 0.0660953 -0.0442936 0.02315 0.0963566 -0.0402467 -0.02185 0.0931698 -0.039077 0.02315 0.0905619 -0.0385192 -0.02185 0.0847444 -0.0121779 0.02315 0.0900632 -0.0123593 -0.02185 0.0900662 -0.0208014 0.02315 0.0886242 -0.021096 -0.02185 0.0884481 -0.0198142 -0.02185 0.0958466 -0.0257355 0.02315 0.102227 -0.0291922 -0.02185 0.104324 -0.0288388 -0.014925 0.102237 -0.0291519 0.02315 0.10437 -0.0185503 0.02315 0.0908698 -0.014105 -0.02185 0.10359 -0.0157937 -0.02185 0.0961848 -0.0152092 0.02315 0.0914669 -0.0209 0.02315 0.0988952 -0.022647 0.02315 0.103189 -0.0184559 0.02315 0.0982373 -0.0100472 0.02315 0.107765 -0.015988 0.02315 0.100853 -0.0164783 0.02315 0.103788 -0.0178038 0.02315 0.0967415 -0.0179086 -0.02185 0.0970013 -0.0237809 -0.02185 0.101632 -0.0189091 -0.02185 0.0907831 -0.0151501 -0.02185 0.091465 -0.00968257 0.0185396 0.105767 -0.00999747 -0.02185 0.107625 -0.0155652 -0.02185 0.105102 -0.0211781 -0.02185 0.102511 -0.017834 -0.02185 0.0947428 0.0294295 0.02315 0.0856785 0.0207415 -0.02185 0.0882587 0.0200124 -0.02185 0.104163 0.0200816 0.02315 0.104667 0.0205585 -0.02185 0.106087 0.0392126 0.02315 0.100575 0.0391776 -0.02185 0.100625 0.0238491 0.02315 0.0893272 0.0209221 0.02315 0.0882419 0.0246858 0.02315 0.0934368 0.0271961 0.02315 0.0945286 0.0249523 0.02315 0.0998607 0.0257522 0.02315 0.102837 0.0290415 0.02315 0.0937893 0.0386329 0.02315 0.0985538 0.0341284 0.02315 0.0986194 0.0335836 0.02315 0.100471 0.0270924 0.02315 0.088424 0.0283433 0.02315 0.0966649 0.0274593 -0.02185 0.0882549 0.023908 -0.02185 0.0893226 0.0292074 -0.02185 0.0857935 0.0386421 -0.02185 0.0985799 0.0276323 -0.02185 0.0962289 0.0257082 -0.02185 0.0985676 0.0252268 -0.02185 0.10294 0.0289276 -0.02185 0.0934149 0.0337856 -0.02185 0.0984991 0.0332292 -0.02185 0.10035 0.0273301 -0.02185 0.0951963 0.0634159 -0.02185 0.0641221 0.064754 0.02315 0.072744 0.0667027 -0.02185 0.0799728 0.0658751 0.02315 0.0853421 0.0684536 0.02315 0.0807234 0.0679289 0.02315 0.0735217 0.0800138 0.02315 0.0720527 0.0786092 -0.02185 0.0705257 0.0678468 -0.02185 0.0706125 0.0587779 0.02315 0.0684854 0.0612375 0.02315 0.0688916 0.0643829 0.02315 0.0838449 0.0667725 0.02315 0.0796163 0.0785892 0.02315 0.0705065 0.0740085 0.02315 0.0727345 0.0675341 0.02315 0.0700342 0.0665399 0.02315 0.0716842 0.0638613 0.02315 0.0664518 0.0645884 0.02315 0.0631273 0.0666857 -0.02185 0.0719235 0.0729821 0.02315 0.0748326 0.0588115 -0.02185 0.0684326 0.0638952 -0.02185 0.0664033 0.0799313 -0.02185 0.0719291 0.0745812 -0.02185 0.0748856 0.074824 -0.02185 0.0724781 0.0643651 -0.02185 0.0838237 0.0659629 -0.02185 0.085411 0.064912 -0.02185 0.0728615 0.0689851 -0.02185 0.077169 0.0653883 -0.02185 0.0709661 0.0611669 -0.02185 0.0689536 0.0858965 0.02315 0.0272016 0.0893074 -0.02185 0.035636 0.0951262 -0.02185 0.0401117 0.0970109 0.02315 0.0464791 0.0971202 -0.02185 0.0465013 0.0949802 -0.02185 0.0457993 0.0965932 0.02315 0.038569 0.0908539 -0.02185 0.0337999 0.103706 -0.02185 0.0283176 0.101783 0.0185394 0.0275521 0.0980509 0.02315 0.0317822 0.0854871 0.02315 0.0338565 0.0854191 -0.02185 0.0340228 0.0867379 0.02315 0.030499 0.0916272 0.02315 0.0320533 0.0947676 0.02315 0.0391564 0.0910293 0.02315 0.0341111 0.0831854 0.02315 0.0351383 0.0950057 0.02315 0.0458102 0.091479 0.02315 0.0339741 0.0993928 -0.02185 0.0333286 0.0986488 0.02315 0.0338983 0.103687 0.02315 0.0282597 0.083113 -0.02185 0.0345344 0.0860298 -0.02185 0.0271147 0.0988673 -0.02185 0.0315267 0.0918733 -0.02185 0.0320639 0.0966238 -0.02185 0.0390172 0.0867464 -0.02185 0.0304405 0.092328 -0.02185 0.0343773 0.0888262 0.02315 -0.014465 0.0898661 0.02315 -0.00564091 0.0977843 -0.02185 -0.00903737 0.104308 -0.02185 -0.00512844 0.107143 -0.02185 -0.0021544 0.105244 0.02315 -0.00190555 0.107607 0.02315 -0.00273817 0.103346 -0.02185 -0.00933118 0.0998503 0.02315 -0.0109349 0.0914592 -0.02185 -0.00815441 0.105201 0.02315 -0.0214992 0.103264 -0.02185 -0.0212702 0.102388 0.02315 -0.0168342 0.096745 0.02315 -0.012668 0.0891096 -0.02185 -0.0137461 0.1027 0.02315 -0.00750057 0.0914454 0.02315 -0.00833362 0.10311 0.02315 -0.0212811 0.102864 0.02315 -0.0136219 0.0951024 0.02315 -0.00819044 0.0910122 0.02315 -0.0121294 0.0948928 0.02315 -0.0107961 0.0977776 -0.02185 -0.0110831 0.105122 -0.02185 -0.0215024 0.0898464 -0.02185 -0.00539155 0.0949467 -0.02185 -0.0103161 0.0910752 -0.02185 -0.0117656 0.103776 -0.02185 -0.0149364 0.100794 -0.02185 -0.0145375 0.0729287 -0.02185 -0.0528391 0.0888641 0.02315 -0.0527562 0.089575 0.02315 -0.0545088 0.0820464 -0.02185 -0.0539677 0.0818744 0.02315 -0.0534077 0.082993 0.02315 -0.0653649 0.0826063 -0.02185 -0.0655771 0.0803122 -0.02185 -0.0547486 0.0778461 0.02315 -0.0487139 0.072755 0.02315 -0.0530191 0.0941175 -0.0161807 -0.0498545 0.0947892 0.02315 -0.0502972 0.0776424 0.02315 -0.0455988 0.0762739 0.02315 -0.0513776 0.0815453 0.02315 -0.05069 0.0843813 0.02315 -0.0561926 0.0817517 0.02315 -0.0555786 0.0856784 0.02315 -0.0625378 0.0841632 -0.02185 -0.0666184 0.0841371 0.02315 -0.0666115 0.0779388 -0.02185 -0.0485599 0.0769709 -0.02185 -0.0464051 0.0911342 -0.02185 -0.0537027 0.0763575 -0.02185 -0.0512088 0.0836646 -0.02185 -0.0602805 0.0858629 -0.02185 -0.0587613 0.0819654 -0.02185 -0.0511901 0.0897883 -0.02185 -0.0523237 0.0476975 -0.02185 -0.076322 0.0421716 0.02315 -0.0795536 0.0499987 0.02315 -0.0821292 0.050345 -0.02185 -0.0833192 0.0566365 -0.02185 -0.0871078 0.0609916 -0.0149251 -0.085953 0.0620061 -0.02185 -0.0876927 0.0476847 0.02315 -0.0786363 0.0458575 -0.02185 -0.0975836 0.0487943 0.02315 -0.0758286 0.0457514 0.02315 -0.0839163 0.0443526 0.02315 -0.0805847 0.0441685 0.02315 -0.0957938 0.0501056 0.02315 -0.0896522 0.0481551 0.02315 -0.0909266 0.0619465 0.02315 -0.0880509 0.0556132 0.02315 -0.087259 0.0542209 0.02315 -0.0886546 0.0486603 0.02315 -0.0841722 0.0480216 0.02315 -0.0834845 0.0455883 0.02315 -0.0977687 0.0443242 -0.02185 -0.0805987 0.0410354 -0.02185 -0.0804146 0.0441812 -0.02185 -0.0958184 0.0482358 -0.02185 -0.083665 0.0476289 -0.02185 -0.0862993 0.0476586 -0.02185 -0.0786542 0.0486098 -0.02185 -0.0839082 0.0552027 -0.02185 -0.089205 0.0471338 -0.02185 -0.0927488 0.0500123 -0.02185 -0.0899042 0.0025849 -0.02185 -0.0945846 0.00830798 0.02315 -0.089863 0.00581581 -0.02185 -0.0990366 0.00573378 0.02315 -0.0986286 -0.00364385 0.016225 -0.105662 -7.08241e-05 -0.02185 -0.104669 0.000581175 0.02315 -0.0904223 0.00326244 0.02315 -0.0921673 0.00707556 0.02315 -0.0919316 0.0159312 0.02315 -0.106463 -0.00351515 0.02315 -0.107671 9.93733e-05 0.02315 -0.104479 0.0038372 0.02315 -0.0985278 0.0100458 0.02315 -0.105106 0.0115611 0.02315 -0.103692 0.00749811 0.02315 -0.0971095 0.00582594 0.02315 -0.0977164 0.00183768 0.02315 -0.105868 -0.0035051 -0.02185 -0.107696 0.00225537 -0.02185 -0.0902359 0.00701859 -0.02185 -0.0919475 0.00757547 -0.02185 -0.0970476 0.0096935 -0.02185 -0.0898439 0.0158722 -0.0193106 -0.105203 0.0104001 -0.02185 -0.105324 0.0100169 -0.02185 -0.102355 0.00344212 -0.02185 -0.0921622 0.000992736 -0.02185 -0.10628 0.0056627 -0.02185 -0.0999905 0.00311918 -0.02185 -0.10049 -0.305584 0.02315 -0.0880982 -0.301021 0.02315 -0.104464 -0.297787 -0.0149251 -0.106277 -0.303869 0.02315 -0.10434 -0.305598 -0.02185 -0.0996853 -0.31641 -0.02185 -0.100624 -0.306552 0.02315 -0.0948562 -0.301521 -0.02185 -0.0914753 -0.301647 0.02315 -0.0914394 -0.29957 0.02315 -0.0899917 -0.304452 0.02315 -0.0906875 -0.316527 0.02315 -0.100845 -0.313961 0.02315 -0.102874 -0.303225 0.02315 -0.097026 -0.307295 0.02315 -0.100346 -0.310773 0.02315 -0.100167 -0.304976 0.02315 -0.0972968 -0.305053 -0.02185 -0.0965779 -0.310879 -0.02185 -0.102675 -0.316982 -0.02185 -0.102335 -0.298338 -0.02185 -0.090462 -0.306714 -0.02185 -0.0879552 -0.304937 -0.02185 -0.0903936 -0.298394 0.0152008 -0.108213 -0.301162 -0.02185 -0.10688 -0.301991 -0.02185 -0.103401 -0.308784 -0.02185 -0.0991644 -0.303003 -0.02185 -0.0976168 -0.330051 0.02315 -0.0567283 -0.330083 0.02315 -0.0479857 -0.3454 0.02315 -0.0625124 -0.346412 -0.02185 -0.0594529 -0.343977 0.02315 -0.0473958 -0.345886 0.02315 -0.0578123 -0.339185 0.02315 -0.0526921 -0.341388 0.02315 -0.0555388 -0.338266 0.02315 -0.0504334 -0.33627 0.02315 -0.0523754 -0.331886 0.02315 -0.0543336 -0.331943 0.02315 -0.0505994 -0.343886 0.02315 -0.0505469 -0.347064 -0.02185 -0.0430059 -0.329925 -0.02185 -0.0570474 -0.329992 -0.02185 -0.0491438 -0.338263 -0.02185 -0.0544451 -0.332031 -0.02185 -0.0537852 -0.345261 -0.02185 -0.062487 -0.343899 -0.02185 -0.0586435 -0.34664 0.0191998 -0.043037 -0.343068 -0.02185 -0.0487866 -0.345777 -0.02185 -0.0482906 -0.337847 -0.02185 -0.0526994 -0.342099 -0.02185 -0.0537764 -0.331942 -0.02185 -0.0505678 -0.335391 -0.02185 -0.050129</float_array>
                    <technique_common>
                        <accessor count="1526" source="#shape0-lib-positions-array" stride="3">
                            <param name="X" type="float"/>
                            <param name="Y" type="float"/>
                            <param name="Z" type="float"/>
                        </accessor>
                    </technique_common>
                </source>
                <source id="shape0-lib-normals" name="normal">
                    <float_array id="shape0-lib-normals-array" count="9000">0.406977 0.0232495 0.913143 0.810495 0.00235491 -0.58574 0.829006 -0.00235467 -0.559234 -0.694687 -0.023293 -0.718935 -0.812997 -0.000165566 -0.582268 -0.426635 0.00669576 -0.904399 -0.302828 -0.0118235 -0.952972 0.518848 0.0149997 -0.854735 -0.566669 0.0001918 -0.823946 -0.661589 -0.000597933 0.749866 -0.621957 0.00513813 0.783034 -0.0457852 -0.00948642 0.998906 0.0855944 0.0103886 0.996276 0.728979 -0.00697466 0.684501 0.764815 0.00117202 0.644249 0.565973 3.61947e-05 0.824424 0.486195 -0.00428598 0.87384 0.943787 -0.000583607 -0.330554 0.944948 -0.000229457 -0.32722 0.926854 0.00355146 0.375405 0.898077 -0.00721492 0.439779 0.293932 0.0026725 0.955823 -0.818908 0.000133925 0.573925 -0.817889 0.000277343 0.575376 0 1 0 0 1 0 0 1 0 0 1 0 0 1 0 0 1 0 0.352792 0.0397789 -0.934856 0 1 0 0 1 0 0 1 0 0 1 0 0 1 0 0 1 0 0 1 0 -0.237962 0.00367173 -0.971268 -0.34148 -0.0108541 -0.939826 -0.88535 0.00403384 -0.464908 -0.892997 0.00679967 -0.450011 -0.983223 -0.00806615 0.182226 -0.96079 0.00522584 0.277229 1.23614e-06 -1 4.01638e-07 -1.61652e-06 -1 1.09048e-06 0 -1 0 0 -1 0 0 -1 0 0 -1 0 0 -1 0 0.613104 -0.375766 -0.694912 -0.168332 -0.720532 -0.67268 -6.0617e-07 -1 -1.97118e-06 3.83959e-07 -1 -5.40363e-07 0 -1 0 0 -1 0 0 -1 0 -0.719078 0.0266753 0.694418 0.811105 0.00233397 0.584896 0.791232 -0.00239118 0.611511 0.436139 -0.0232498 -0.899579 0.303279 0.00114975 -0.952901 0.835497 -0.0084799 -0.549429 0.89995 0.00863417 -0.435907 0.972672 -0.00551982 0.23212 0.957747 0.000965779 0.287611 0.399408 0.010161 -0.916717 0.607313 -0.000222625 -0.794462 -0.970938 -0.0107045 -0.239091 -0.999482 0.0319153 0.0040437 -0.764396 -0.0263384 0.644209 -0.438155 0.019079 0.898697 -0.197584 -0.00354629 0.98028 -0.589913 0.000907156 0.807466 -0.596187 0.000547971 0.802845 0.514172 0.00186263 0.857685 0.524775 0.00369635 0.851233 -0.270111 -0.0141729 0.962725 -0.451503 0.0117928 0.892192 -0.832128 -0.00118604 0.554582 -0.773965 -0.0037885 -0.633216 -0.800842 -0.000139885 -0.598876 0 1 0 1.50365e-06 1 -3.25914e-07 -1.57978e-06 1 -1.1392e-06 0 1 0 -6.45973e-07 1 2.02964e-06 -3.28938e-07 1 1.64086e-06 0 1 0 0 1 0 0 1 0 0 1 0 0 1 0 0 1 0 0.839188 -0.0130035 -0.543685 0.571947 0.0319739 -0.819667 0.204909 -0.0251027 -0.978459 -0.482599 0.0208044 -0.875594 -0.629839 -0.00329108 -0.776719 0 -1 0 0 -1 0 0 -1 0 0 -1 0 0 -1 0 0 -1 0 0 -1 0 0 -1 0 0 -1 0 0 -1 0 0 -1 0 0 -1 0 0 -1 0 0 -1 0 0.00130342 0.000379051 -0.999999 0.00446494 0.000122584 -0.99999 0.919585 0.00539014 0.392853 0.972042 -0.0129165 0.234452 0.934991 0.0129086 -0.354436 0.88729 -0.00507104 -0.461184 0.324338 0.000177202 -0.945941 0.319648 0.00094094 -0.947536 -0.999998 4.51557e-05 -0.00202737 -0.999891 -0.000514437 -0.0147335 -0.319724 -0.000661698 0.94751 -0.295204 -0.00380789 0.955427 -0.831388 0.00978372 0.555607 -0.944578 -0.0178227 0.327804 -0.966246 0.0162898 -0.257107 -0.987266 0.0313579 -0.155957 -0.00202933 -0.00182822 0.999996 -0.0129886 -0.00371039 0.999909 0.99503 0.0382468 -0.0919338 0.952556 0.00970811 -0.30421 0.961405 -0.0297494 0.273523 0.718339 0.0288266 0.695096 0.156703 -0.0246155 0.987339 -0.273723 0.0176613 0.961646 -0.80815 -0.0180509 0.5887 -0.919039 0.0114371 0.394 -0.945308 -0.00551025 -0.326134 -0.944142 -0.00492355 -0.329503 0.00826561 0.0035775 0.999959 -0.0194585 -0.00118427 0.99981 0.987924 -0.0353662 -0.150852 0.955518 -0.013854 -0.294607 0.957146 0.0201654 0.288903 0.713986 -0.0247955 0.699721 0.429802 0.0127436 0.902833 -0.357919 -0.00481972 0.93374 -0.354711 -0.00427264 0.934966 -0.955527 0.000537474 0.294904 -0.95602 0.000790616 0.293302 -0.941362 0.000234799 -0.337398 -0.982981 0.0240168 -0.182132 0.0146139 0.00117939 0.999893 -0.0074368 -0.00268334 0.999969 0.941413 0.00488815 -0.33722 0.941057 0.00474408 -0.338215 0.980979 -0.0148285 0.193547 0.895879 0.0165801 0.443988 0.356657 -0.0109697 0.934171 0.184718 0.0117967 0.982721 -0.621746 -0.0189155 0.78299 -0.820614 0.0250754 0.570933 -0.967467 -0.0194811 -0.252248 -0.948052 -0.00719661 -0.318034 -0.0139521 -0.000204219 0.999903 -0.0185646 -0.00102292 0.999827 0.999263 0.00877205 -0.0373827 0.983079 -0.00662812 -0.183062 0.992246 -0.0315901 0.120208 0.775367 0.0244103 0.631039 0.382435 -0.0146037 0.923867 0.00414991 0.0140422 0.999893 -0.459154 -0.0168108 0.888198 -0.839134 0.0235413 0.543415 -0.980297 -0.0171151 0.196785 -0.94807 0.00391335 -0.318037 -0.974142 0.0168816 -0.225307 0.0123377 0.00253431 0.999921 -0.0202258 -0.00222379 0.999793 0.995515 -0.0307586 -0.0894675 0.95402 -0.00492482 -0.299701 0.987606 0.0261693 0.154757 0.773955 -0.0239588 0.632788 0.432353 0.0162677 0.901558 -0.0426279 -0.0139217 0.998994 -0.453688 0.0127199 0.89107 -0.765711 -0.0184801 0.64292 -0.977651 0.0257719 0.208647 -0.951349 -0.00970785 -0.307961 -0.99466 -0.0382451 -0.0958618 0.0034839 0.00257989 0.999991 -0.00039733 0.00188635 0.999998 0.981 -0.020504 -0.192921 0.941425 -0.000372553 -0.337223 0.986397 -0.00104694 0.164379 0.980021 0.00374788 0.198858 0.519432 -0.00345975 0.854505 0.455704 0.00532931 0.890116 -0.204012 -0.00787934 0.978937 -0.329819 0.00733085 0.944016 -0.90697 0.000223421 0.421195 -0.928983 -0.00801768 0.370037 -0.941551 0.00595279 -0.336818 -0.934829 0.00288578 -0.355085 0.00348472 1.78934e-05 0.999994 -0.00757207 -0.00210658 0.999969 0.945426 -0.00656867 -0.325771 0.996346 0.0335686 -0.0785334 0.890359 -0.0254538 0.454547 0.48178 0.021098 0.876038 -0.00473818 -0.0189254 0.99981 -0.357886 0.0127105 0.933679 -0.841943 -0.0193872 0.539218 -0.961152 0.017319 0.275475 -0.987047 0.00273144 -0.160407 -0.995919 0.0151858 -0.0889682 0.00712946 -0.00144777 0.999974 0.26503 0.0393695 0.963436 0.906597 -0.00943916 -0.421892 0.94658 0.00669168 -0.322398 0.945469 -0.0175844 0.325237 0.827219 0.0175844 0.561605 0.156744 -0.0124595 0.987561 0.0692437 -0.000100086 0.9976 -0.776658 0.00421841 0.629909 -0.808268 -0.00507237 0.588792 -0.946419 -0.000396931 -0.32294 -0.036373 -0.0017243 0.999337 0.960567 0.0207659 0.277273 0.988452 -0.0135162 -0.15093 0.99505 -0.0168887 -0.0979267 0.957213 0.016323 0.288923 0.713313 -0.0148008 0.70069 0.429804 0.0125071 0.902836 -0.104019 -0.0144752 0.99447 -0.386078 0.0152805 0.92234 -0.895246 -0.0212468 0.445066 -0.982895 0.0137695 0.183651 -0.979031 0.00216052 -0.203699 -0.986203 0.00836018 -0.165332 0.0216694 0.00224227 0.999763 0.00426167 -0.000747887 0.999991 0.93623 0.000726492 -0.351386 0.960516 -0.0113381 -0.277994 0.938368 0.00991149 0.345495 0.892363 -0.0039016 0.451301 0.326094 0.000247172 0.945337 0.307711 0.00274571 0.951476 -0.485342 -0.0028958 0.87432 -0.449107 -0.00891019 0.893434 -0.929717 0.0157282 0.367939 -0.998455 -0.0194 0.0520612 -0.94415 0.000624841 -0.329514 -0.995893 0.0274641 -0.0862705 0.0155091 0.00118422 0.999879 -0.00743347 -0.00275635 0.999969 0.95402 0.00500028 -0.299701 0.932357 -0.00766642 -0.361459 0.976776 0.0206471 0.213267 0.773947 -0.023959 0.632797 0.45566 0.0138933 0.890045 -0.135215 -0.0159661 0.990688 -0.329829 0.00733174 0.944012 -0.906972 0.000222052 0.421192 -0.928978 -0.00801681 0.370047 -0.941553 0.005952 -0.336812 -0.934833 0.00288539 -0.355077 -0.0110774 -0.001863 0.999937 -0.0122146 -0.00209574 0.999923 0.987187 0.0314684 -0.156435 0.936226 0.00240104 -0.351391 0.974984 -0.00543555 0.222211 0.948259 0.00608853 0.317439 0.541234 -0.0088047 0.840826 0.429829 0.00643715 0.902887 -0.329828 0.000134394 0.944041 -0.410118 -0.0112755 0.911963 -0.919014 0.0134556 0.393996 -0.982132 -0.0127249 0.18776 -0.944149 0.00169661 -0.329516 -0.985763 0.0240378 -0.166414 0.0146138 0.00246449 0.99989 -0.0202289 -0.00237692 0.999793 0.995515 -0.0307593 -0.0894596 0.942689 -0.000559883 -0.333672 0.992326 0.0109216 0.123167 0.970232 -0.00355474 0.24215 0.562703 0.000607559 0.826659 0.473708 0.0144738 0.880563 -0.253549 -0.0207627 0.9671 -0.652834 0.0214286 0.757198 -0.897639 -0.0156539 0.440453 -0.98609 0.0224121 -0.164694 -0.939692 -0.00818118 -0.341924 -0.00979412 0.000642608 0.999952 -0.034136 -0.00338104 0.999412 0.995797 -0.0112661 -0.0908954 0.981077 0.00238877 -0.193602 0.967758 0.0123058 0.251581 0.920954 -0.00762622 0.389596 0.351009 0.0080018 0.936338 0.326102 0.00415417 0.945325 -0.538497 -0.0149067 0.842496 -0.673917 0.0132752 0.738688 -0.98633 0.00404421 -0.164732 -0.973701 -0.011144 -0.227555 0.0025499 0.00285297 0.999993 -0.0331817 -0.00324904 0.999444 0.989953 -0.0309041 -0.137978 0.941085 0.0021264 -0.338163 0.984482 -0.0113566 0.175117 0.905041 0.0190998 0.424894 0.450671 -0.0149644 0.892565 0.28798 0.00394525 0.957628 0.999511 -0.00566397 0.0307672 0.995342 0.000516935 -0.096403 -0.241351 0.0100389 -0.970386 -0.544996 -0.0322204 -0.837819 -0.871218 0.0235787 -0.490329 -0.994121 -0.0169704 0.106938 -0.973042 0.00178206 0.230621 -0.000506442 0.000152133 -1 -0.00831565 0.000754265 -0.999965 0.956609 0.00281613 0.29136 0.963254 -0.000539766 0.268593 0.949122 -0.00631082 -0.314846 0.901734 0.0101235 -0.432173 0.436836 -0.00850141 -0.899501 0.391683 -0.00016587 -0.9201 -0.43091 0.00500345 -0.902381 -0.505998 -0.00836471 -0.862494 -0.908256 0.00673897 -0.418361 -0.959265 -0.00992237 -0.282333 -0.970996 0.0123712 0.238777 -0.919263 -0.00515696 0.393611 -8.24209e-06 -0.000123175 -1 0.00266764 -0.00034093 -0.999996 0.936842 -0.000916824 0.349751 0.964745 0.00956137 0.263011 0.965498 -0.0147489 -0.259993 0.834731 0.015759 -0.550432 0.549862 -0.0165791 -0.835091 0.235421 0.0189386 -0.971709 -0.413727 -0.0196146 -0.91019 -0.567572 0.00802675 -0.823285 -0.96457 0.000679128 -0.263827 -0.978365 -0.00815638 -0.206725 -0.938204 0.00580536 0.346034 -0.907221 -0.00156016 0.420651 0.0138927 -0.000684357 -0.999903 0.00612075 -5.18802e-05 -0.999981 0.987334 -0.00178725 0.158643 0.983496 -0.00625253 0.180819 0.775102 0.0147729 -0.631664 0.663575 -0.0139006 -0.74798 -0.172707 0.00796931 -0.984941 -0.102197 -0.00750158 -0.994736 -0.828138 0.0138666 -0.560353 -0.930358 -0.0196314 -0.366126 -0.977219 0.0153324 0.21168 -0.919259 -0.00515795 0.39362 0.010746 -0.000678187 -0.999942 0.00612072 -0.000320359 -0.999981 0.987335 -0.0017872 0.158641 0.988405 -0.000420511 0.151838 0.733312 0.00547637 -0.67987 0.663599 -0.0109392 -0.748008 0.0153496 0.0116302 -0.999815 -0.0831262 -0.00298753 -0.996535 -0.69093 -0.00669689 -0.72289 -0.805941 0.0169088 -0.591754 -0.988769 -0.0135158 -0.148839 -0.97723 0.0145889 0.211678 -0.907207 -0.0050786 0.420654 -0.00216305 0.000320984 -0.999998 0.00613463 -0.000320941 -0.999981 0.905537 0.00507889 0.424237 0.976387 -0.0145887 0.215535 0.984647 0.0157578 -0.173847 0.808207 -0.0210333 -0.588523 0.532939 0.0236342 -0.845824 -0.10324 -0.0316718 -0.994152 -0.433206 0.0208865 -0.901053 -0.91986 -0.0124961 -0.392049 -0.956847 0.00330646 -0.290572 -0.948933 -0.00281172 0.315466 -0.938219 0.000916559 0.346042 0.00129202 0.000341069 -0.999999 0.0039686 0.000123258 -0.999992 0.939857 0.00530427 0.341528 0.9764 -0.0135429 0.215544 0.859704 0.00490254 -0.510769 0.834871 0.0125916 -0.550301 0.383744 -0.0139036 -0.923335 0.0455777 0.0267603 -0.998602 -0.577569 -0.0282882 -0.815852 -0.80588 0.0210841 -0.591704 -0.992882 -0.0137562 0.118302 -0.977333 0.0017291 0.211702 0.0428356 -0.00316126 -0.999077 -0.00679402 0.000678238 -0.999977 0.963229 -0.00778505 0.268569 0.997615 0.0180428 0.0666173 0.949063 -0.0127727 -0.314827 0.660288 0.0187466 -0.750779 0.436769 -0.0198413 -0.899355 -0.221452 0.0172485 -0.975019 -0.529657 -0.0178234 -0.848024 -0.761768 0.0114578 -0.647749 -0.983995 -0.0126655 -0.177745 -0.99484 0.018573 0.0997426 -0.907171 -0.0101743 0.420639 -0.01146 -0.000111268 -0.999934 0.00265809 -0.00117536 -0.999996 0.936839 -0.000916801 0.349759 0.947676 0.00281192 0.319222 0.965599 -0.0030401 -0.260017 0.952298 0.00304013 -0.305156 0.594456 -0.00316073 -0.804122 0.485431 0.01448 -0.874155 -0.0540765 -0.0204347 -0.998328 -0.654202 0.0236812 -0.755949 -0.597005 0.00618278 -0.802214 -0.992961 -0.00550913 0.11831 -0.987954 0.00178732 0.154736 0.0107285 -0.000677483 -0.999942 -0.00679622 0.000678242 -0.999977 0.976487 -0.00172832 0.215569 0.992406 0.0137568 0.122231 0.845497 -0.0182094 -0.53367 0.580831 0.0256579 -0.81362 0.310857 -0.0116094 -0.950386 -0.38692 0.00384501 -0.922105 -0.433268 0.0115343 -0.901191 -0.833039 -0.0124594 -0.553074 -0.947811 0.0124594 -0.318588 -0.984173 -0.0100214 0.176924 -0.96431 0.00166898 0.26477 -1.03024e-05 -0.000123172 -1 -0.00994233 0.000685075 -0.99995 0.936842 -0.000917057 0.349752 0.97216 0.0129946 0.233959 0.957786 -0.0208177 -0.286729 0.702549 0.0269682 -0.711125 0.502942 -0.00913031 -0.864272 -0.149828 -0.00426402 -0.988703 -0.250444 0.0110382 -0.968068 -0.816091 -0.00836133 -0.577863 -0.858996 0.00451907 -0.511963 -0.965812 -0.00427413 0.259207 -0.956214 0.000942096 0.292668 0.0138947 0.000226316 -0.999903 0.0154176 0.000111516 -0.999881 0.988397 0.00402587 0.151838 0.994596 -0.00521625 0.103689 0.720267 0.000603581 -0.693697 0.752954 -0.00842437 -0.658019 0.267257 0.009906 -0.963574 -0.106986 -0.0196407 -0.994066 -0.356816 0.0109437 -0.934111 -0.872904 -0.00889232 -0.48781 -0.908863 0.00407674 -0.417075 -0.957752 -0.00355699 0.287575 -0.947458 0.000929616 0.319879 0.00129392 0.000340251 -0.999999 0.00397066 0.000122428 -0.999992 0.905542 0.00507876 0.424227 0.970047 -0.0121317 0.242615 0.979097 0.0147576 -0.20286 0.90987 -0.0112081 -0.414741 0.455653 0.00540002 -0.890141 0.417365 0.0126959 -0.90865 -0.262042 -0.0157303 -0.964928 -0.546552 0.016579 -0.837261 -0.800028 -0.0112926 -0.599856 -0.964513 0.011293 -0.263793 -0.995633 -0.017345 0.0917263 -0.938158 0.0109905 0.346034 0.0445207 -0.00317649 -0.999003 -0.0389045 0.00361242 -0.999236 0.987303 -0.00830465 0.158633 0.999185 0.0155202 0.037273 0.621214 -0.0113171 -0.783559 0.556963 0.0050337 -0.830522 -0.41379 -0.00511847 -0.910358 -0.433289 -0.000770471 -0.901255 -0.956837 0.0048667 -0.290584 -0.978363 -0.00815734 -0.206735 -0.938201 0.00580527 0.346043 -0.907217 -0.00156011 0.420659 0.0138928 0.000225642 -0.999904 0.0173253 -3.31002e-05 -0.99985 0.971271 0.00394091 0.237943 0.994503 -0.0147494 0.103665 0.933553 0.0135919 -0.358183 0.720131 -0.0188627 -0.693582 0.391143 0.0217052 -0.920074 -5.17168e-07 1 -7.70893e-07 2.51501e-09 1 9.86312e-07 0 1 0 0 1 0 -0.529899 0.0840008 0.84389 -3.91125e-06 1 -1.20291e-06 0 1 0 0 1 0 0 1 0 -5.3984e-07 1 -8.18459e-07 -1.04087e-08 1 9.39572e-07 -3.61637e-06 1 -2.12976e-07 4.19865e-06 1 1.42616e-05 0 1 0 2.4832e-07 1 -9.47153e-07 0 1 0 0 1 0 0 1 0 0 1 0 -2.48464e-07 1 -8.79644e-08 -1.8885e-06 1 -5.45126e-07 9.9434e-07 1 3.41935e-06 0 1 0 0 1 0 0 1 0 3.28809e-07 1 1.01215e-08 2.9292e-07 1 5.80136e-07 6.82644e-07 1 6.52496e-07 0 1 0 5.30061e-07 1 -4.07653e-07 9.541e-07 1 -3.4284e-07 0 1 0 0 1 0 -7.70077e-07 1 6.63512e-07 -5.4942e-08 1 5.09183e-07 1.89513e-07 1 -1.75634e-06 0 1 0 0 1 0 0 1 0 -5.48477e-07 1 -5.00716e-07 1.43042e-08 1 9.78708e-07 0 1 0 0 1 0 0 1 0 0 1 0 0 1 0 2.72651e-07 1 -6.16437e-07 -5.37383e-07 1 -1.5578e-06 0 1 0 0 1 0 0 1 0 3.63908e-07 1 -1.92953e-07 1.66291e-06 1 -2.63513e-07 0 1 0 0 1 0 5.51896e-06 1 -2.15987e-06 5.98004e-06 1 -2.08912e-06 3.8147e-07 1 -1.33266e-07 4.86178e-07 1 2.48845e-08 2.7343e-07 1 1.39952e-08 -1.12731e-07 1 -7.10259e-07 0 1 0 0 1 0 0 1 0 0 1 0 0 1 0 1.45182e-07 1 -2.3188e-07 -5.5021e-07 1 -8.08307e-07 0 1 0 0 1 0 0 1 0 -8.12621e-07 1 4.3316e-07 0 1 0 -1.3954e-07 1 -3.64984e-07 -5.75053e-07 1 -5.64877e-07 1.28361e-07 1 -1.22719e-06 -2.06056e-06 1 -2.94575e-06 1.37342e-08 1 3.94216e-06 0 1 0 0 1 0 0 1 0 -3.18432e-07 1 -1.15286e-06 0 1 0 0 1 0 0 1 0 0 1 0 5.83869e-07 1 -3.8361e-07 0 1 0 0 1 0 0 1 0 1.13965e-07 1 -9.91152e-07 -2.18391e-07 1 -9.00694e-07 0 1 0 0 1 0 0 1 0 0 1 0 0 1 0 0 1 0 -2.10096e-07 1 -5.45746e-08 0 1 0 0 1 0 0 1 0 1.87571e-07 1 -7.70681e-07 -5.19672e-07 1 -2.6997e-06 -3.43428e-09 1 -9.85519e-07 2.85964e-07 1 -4.81882e-08 0 1 0 0 1 0 0 1 0 2.46936e-07 1 -6.50887e-07 1.03444e-07 1 -5.00644e-07 0 1 0 0 1 0 0 1 0 0 1 0 0 1 0 0 1 0 0 1 0 4.36954e-07 1 -7.87151e-07 -1.1672e-07 1 -2.07738e-07 0 1 0 0 1 0 0 1 0 -0.992672 0.0850924 0.0857963 4.99816e-06 1 1.76414e-06 0 1 0 5.32625e-07 1 -9.19137e-07 9.88336e-08 1 -5.643e-07 0 1 0 1.05866e-06 1 -3.7922e-07 2.31496e-07 1 -4.67209e-07 0 1 0 0 1 0 6.90839e-08 1 -3.12893e-07 1.94835e-07 1 -2.74962e-07 0 1 0 0 1 0 0 1 0 -5.15169e-09 1 -6.17338e-07 -1.63244e-06 1 -5.63196e-07 -1.11402e-07 1 -5.89385e-07 0 1 0 0 1 0 0 1 0 0 1 0 0 1 0 1.07115e-07 1 -1.83883e-07 -6.28889e-07 1 -5.14194e-07 0 1 0 0 1 0 0 1 0 0 1 0 0 1 0 0 1 0 0 1 0 -2.38837e-07 1 -6.2557e-07 6.30059e-07 1 -1.37171e-06 2.71804e-07 1 2.31045e-08 0 1 0 0 1 0 0 1 0 3.84974e-06 1 -1.379e-06 1.54634e-06 1 -1.73513e-06 0 1 0 0 1 0 1.76277e-07 1 -1.23846e-07 -8.08763e-07 1 -1.33048e-06 1.36527e-07 1 -6.55117e-07 0 1 0 0 1 0 0 1 0 0 1 0 9.43726e-08 1 -7.8468e-07 7.7481e-08 1 -8.0675e-07 1.68251e-06 1 6.39082e-07 1.83453e-06 1 6.25681e-07 0 1 0 6.94452e-07 1 -1.28031e-06 2.95242e-08 1 -6.91905e-07 9.90094e-07 1 -1.00218e-06 6.93235e-07 1 -5.82066e-07 1.19821e-06 1 2.8836e-07 1.94614e-07 1 2.78217e-07 -3.46152e-07 1 -8.36215e-07 -1.48532e-07 1 -8.90507e-07 0 1 0 0 1 0 0 1 0 0 1 0 -9.4983e-07 1 3.27288e-07 -7.9522e-07 1 3.34669e-07 0 1 0 -1.2034e-06 1 -1.89638e-06 2.67045e-09 1 -5.63496e-07 0 -1 0 0 -1 0 -1.08415e-06 -1 6.09113e-07 3.69164e-08 -1 -1.89683e-06 5.02129e-07 -1 -6.82287e-07 -1.22348e-08 -1 1.00158e-06 0 -1 0 0 -1 0 0 -1 0 1.76301e-07 -1 -3.57298e-07 0 -1 0 0 -1 0 0 -1 0 5.48195e-07 -1 -3.56816e-07 -3.32051e-08 -1 1.00015e-06 0 -1 0 -4.25365e-06 -1 1.48866e-05 -7.32929e-09 -1 9.85514e-07 0 -1 0 0 -1 0 0 -1 0 0 -1 0 -5.44019e-07 -1 6.77836e-07 7.64091e-09 -1 -1.00906e-06 0 -1 0 0 -1 0 0 -1 0 0 -1 0 0 -1 0 0 -1 0 0 -1 0 0 -1 0 0 -1 0 0 -1 0 0 -1 0 1.67701e-06 -1 5.85274e-07 1.60165e-06 -1 5.92709e-07 0 -1 0 4.73314e-07 -1 -7.76405e-07 -1.49302e-07 -1 -4.94419e-07 0 -1 0 0 -1 0 0 -1 0 5.07353e-07 -1 -1.36186e-06 0 -1 0 0 -1 0 0 -1 0 0 -1 0 0 -1 0 0 -1 0 0 -1 0 2.57255e-07 -1 -6.71128e-07 -2.20496e-07 -1 -9.58982e-07 0 -1 0 0 -1 0 0 -1 0 0 -1 0 -2.72811e-07 -1 -1.45139e-06 5.5541e-07 -1 -1.94179e-07 0 -1 0 0 -1 0 5.53319e-06 -1 -2.52385e-06 6.65416e-06 -1 -2.3915e-06 3.1377e-07 -1 -1.88462e-06 -8.45226e-07 -1 -4.09574e-07 -5.4596e-07 -1 3.92305e-07 -0.351964 -0.395163 0.848509 0 -1 0 0 -1 0 0 -1 0 0 -1 0 3.55603e-07 -1 -9.56269e-07 0 -1 0 0 -1 0 0 -1 0 -4.58825e-07 -1 6.24428e-08 -1.64447e-07 -1 -1.53439e-06 0 -1 0 0 -1 0 0 -1 0 5.5306e-07 -1 -8.53196e-07 -3.66647e-09 -1 -8.8341e-07 -1.35085e-06 -1 2.65656e-07 -8.03422e-07 -1 -2.874e-07 -5.59833e-07 -1 -3.00204e-07 0 -1 0 4.74923e-07 -1 -8.49354e-07 2.423e-07 -1 -6.93493e-07 1.94545e-08 -1 -1.07536e-06 3.32113e-08 -1 -1.05178e-06 0 -1 0 0 -1 0 0 -1 0 0 -1 0 0 -1 0 9.49856e-07 -1 -1.69872e-06 0 -1 0 0 -1 0 0 -1 0 -1.26825e-06 -1 -6.81651e-07 0 -1 0 5.10393e-07 -1 -4.84973e-07 1.47699e-07 -1 -5.26587e-07 0 -1 0 -9.57094e-07 -1 -3.43037e-07 -8.72095e-07 -1 -3.50373e-07 0 -1 0 4.76893e-07 -1 -8.87811e-07 0 -1 0 0 -1 0 0 -1 0 0 -1 0 -2.97998e-08 -1 -8.99061e-07 0 -1 0 0 -1 0 0 -1 0 -7.16496e-07 -1 3.71024e-07 8.03411e-07 -1 2.87402e-07 2.64412e-07 -1 3.15734e-07 0 -1 0 0 -1 0 -2.71448e-07 -1 -1.07122e-07 3.19793e-07 -1 -9.15319e-07 0 -1 0 0 -1 0 0 -1 0 2.43497e-09 -1 -4.80819e-07 0 -1 0 0 -1 0 0 -1 0 0 -1 0 -2.42336e-07 -1 -1.00699e-06 0 -1 0 0 -1 0 0 -1 0 0 -1 0 0 -1 0 0 -1 0 0 -1 0 0 -1 0 0 -1 0 0 -1 0 8.90911e-07 -1 1.04871e-06 5.25505e-07 -1 2.46712e-07 1.08299e-06 -1 7.88702e-08 2.56496e-07 -1 -6.69165e-07 2.99963e-07 -1 -5.9468e-07 0 -1 0 0 -1 0 0 -1 0 0 -1 0 0 -1 0 7.93212e-07 -1 -7.62622e-07 -4.38837e-08 -1 -6.32236e-07 -9.04313e-07 -1 -1.44788e-06 -5.32944e-07 -1 -3.61819e-07 -1.55175e-06 -1 -2.80302e-07 -6.90572e-07 -1 3.20206e-07 -2.28891e-07 -1 3.11017e-07 -0.913621 -0.406565 0.0016747 -1.16719e-07 -1 2.95464e-07 0 -1 0 0 -1 0 2.0971e-07 -1 -9.18315e-07 0 -1 0 2.34747e-07 -1 -7.06435e-07 3.46731e-07 -1 -8.2834e-07 -3.76924e-07 -1 -7.91757e-07 -2.37177e-07 -1 -6.44274e-07 0 -1 0 0 -1 0 0 -1 0 0 -1 0 0 -1 0 -2.67742e-07 -1 -3.06423e-08 6.1353e-07 -1 -7.08538e-07 0 -1 0 0 -1 0 0 -1 0 -1.03837e-06 -1 -3.87654e-07 -7.18603e-07 -1 2.15126e-07 -9.73964e-07 -1 2.0786e-07 -1.03956e-06 -1 1.18607e-07 7.66157e-07 -1 -1.50478e-06 -4.24967e-07 -1 -4.09222e-06 -5.5879e-07 -1 2.58691e-07 0 -1 0 0 -1 0 0 -1 0 0 -1 0 0 -1 0 0 -1 0 0 -1 0 0 -1 0 0 -1 0 0 -1 0 -0.137656 -0.0301538 -0.990021 -0.54648 0.0232054 -0.837151 -0.91983 -0.0144863 -0.39205 -0.96456 0.00303946 -0.263846 -0.948936 -0.00281119 0.315456 -0.938224 0.000916627 0.346026 -0.305036 -0.00195564 0.952339 -0.296758 -0.000276909 0.954953 0.991338 0.0305639 0.127731 0.998571 0.00274195 -0.0533655 0.793464 -0.00599406 0.608588 0.752368 0.003622 0.658733 0.0358752 -0.00305734 0.999352 0.00382921 0.000577525 0.999992 0.997841 0.0101617 0.0648821 0.958827 -3.65011e-05 0.28399 -0.00982304 -0.0098561 -0.999903 -0.34265 0.029273 -0.939007 -0.561468 -0.00535359 -0.827481 -0.973413 -0.0119758 -0.228742 -0.994131 0.0114555 -0.107571 -0.962063 -0.000910983 -0.272828 -0.708655 0.00434014 0.705542 -0.625501 -0.0140641 0.780097 -0.988143 0.0195257 0.15229 -0.926082 -0.035312 -0.375667 -0.813878 0.00393906 -0.581022 0.290911 -5.01641e-05 -0.95675 0.249483 0.00355013 -0.968373 2.88368e-07 1 -9.48384e-07 2.97155e-07 1 -9.34693e-08 2.27168e-08 1 3.24459e-07 1.05564e-06 1 8.35293e-07 2.75905e-08 1 7.68569e-07 -8.26682e-07 1 -3.02394e-07 2.87468e-07 1 -5.38493e-08 0 1 0 6.56829e-08 1 3.08489e-07 0 1 0 -4.19876e-07 1 -1.8766e-07 -4.61262e-07 1 -3.53789e-07 0.781722 -0.00063251 0.623627 0.784199 -0.000193991 0.62051 0.995648 0.00322549 0.0931417 0.998528 -0.0169182 -0.051534 0.806187 0.0208206 -0.591294 0.538653 -0.0099471 -0.842469 -0.069807 0.0322238 -0.99704 -9.40291e-06 -1 1.33011e-05 -6.59979e-07 -1 4.54534e-09 -7.54163e-07 -1 -2.38313e-07 -9.95084e-07 -1 -3.14443e-07 7.2398e-06 -1 -2.57738e-07 0 -1 0 0 -1 0 0 -1 0 0 -1 0 -8.37431e-07 -1 1.29062e-07 -1.31206e-06 -1 6.77155e-08 -2.75589e-07 -1 -7.81531e-08 -4.88117e-07 -1 6.08758e-07 6.51952e-06 -1 -5.96833e-07 -0.697447 -0.00243339 0.716632 -0.692598 -0.00107471 0.721323 0.73199 0.0358883 0.68037 0.874088 0.0120496 0.485619 0.633982 -0.0261794 0.772905 0.255757 0.0162392 0.966605 -0.407322 0.00121706 0.913284 0.719103 0.00019179 0.694904 0.436142 -0.000599721 -0.899878 0.475286 -0.00741069 -0.8798 -0.219513 0.0175163 -0.975452 -0.429709 -0.017516 -0.902798 -0.916433 0.00734894 -0.400121 -0.898191 0.000652454 -0.439604 -0.910175 -0.0022153 0.414219 -0.965008 -0.0172115 -0.261655 -0.847836 0.0199033 -0.529886 -0.456938 -0.0055853 -0.889481 -0.451589 -0.00479117 -0.892213 0.690159 6.7022e-05 -0.723658 0.690304 5.01784e-05 -0.723519 0 1 0 0 1 0 0 1 0 -0.162353 0.0398446 0.985928 0 1 0 -0.754184 0.624968 -0.201547 0 1 0 0 1 0 -1.90634e-07 1 -3.92008e-07 0 1 0 -2.72552e-08 1 -3.67211e-07 3.36603e-07 1 -1.51412e-07 7.04195e-07 1 1.90937e-07 1.14806e-06 1 -2.22013e-07 0.444163 0.00193803 0.895944 0.541599 -0.0112642 0.840561 0.892068 0.0149833 0.451653 0.985309 -0.0139036 0.170215 0.981768 0.00927808 -0.189855 0.88869 -0.00960941 -0.458407 0.313781 0.0396955 -0.948665 -6.49337e-07 -1 -1.27246e-07 0 -1 0 0 -1 0 0 -1 0 -0.980638 -0.0375769 0.192189 -0.405344 -0.369112 0.836333 0.72274 -0.684993 -0.0918232 0 -1 0 -5.38847e-07 -1 -3.76601e-07 -1.10041e-06 -1 2.15661e-07 -1.71709e-06 -1 -2.96632e-07 -5.2699e-07 -1 -3.29361e-07 -6.31065e-07 -1 -8.13368e-07 0 -1 0 -0.957879 0.0779642 -0.276387 -0.943009 -0.00348142 0.332748 0.312688 0.0578253 0.948094 0.639535 0.00269196 0.768758 -0.0293855 -0.00836071 0.999533 -0.0231977 -0.00935762 0.999687 -0.710927 0.0149499 0.703106 0.315102 -0.000305891 0.949058 0.790734 0.00171943 -0.612158 0.766979 -0.00393305 -0.64166 0.0614192 0.000486969 -0.998112 0.0904137 -0.0051284 -0.995891 -0.588301 0.0094446 -0.808587 -0.673338 -0.00363175 -0.739326 -0.336285 0.000532666 -0.94176 -0.997388 -0.0156966 -0.0705035 -0.86603 0.0224898 -0.499486 -0.391475 -0.0351085 -0.919519 -0.0486781 0.0055028 -0.998799 0.94643 -0.00127336 -0.322908 0.941788 -0.00013385 -0.336206 -0.577794 0.0350972 0.815428 0 1 0 0 1 0 6.6288e-07 1 1.52751e-06 -1.5982e-05 -1 -4.61147e-06 0 1 0 -0.922781 0.385048 0.0146208 -0.260563 0.788563 -0.557024 2.07967e-07 1 -2.85707e-06 0 1 0 0 1 0 0 1 0 0 1 0 0.083323 -0.00558662 0.996507 0.182842 0.00939213 0.983097 0.778515 -0.00715283 0.627585 0.789781 -0.00416951 0.613375 0.999829 0.00951537 -0.0158415 0.992596 -0.00329691 -0.121418 7.82349e-07 -1 2.38402e-07 -9.32507e-07 -1 3.29042e-07 0 -1 0 0 -1 0 -0.939828 -0.0356116 -0.339786 0 -1 0 0.322424 -0.872573 0.36696 -0.683003 -0.454976 0.571405 0 -1 0 0 -1 0 0 -1 0 0 -1 0 -4.91319e-08 -1 -1.00811e-06 2.65883e-07 -1 -9.2984e-08 -0.99336 0.00267957 -0.115016 -0.989085 -0.00288817 -0.147317 0.0461822 -0.0266673 0.998577 0.20203 -6.29185e-05 0.979379 -0.561271 -0.000408393 0.827632 -0.581717 0.00347808 0.813384 -0.98323 -0.00254775 0.182352 -0.988445 0.000583023 0.151579 0.110209 0.0101618 0.993856 -0.11235 -3.65115e-05 0.993669 0.982854 -0.00985653 -0.184122 0.864825 0.0292725 -0.501219 0.683116 -0.0120164 -0.730211 -0.0865089 0.00492607 -0.996239 -0.0675204 0.00121236 -0.997717 0.128256 3.65343e-05 -0.991741 0.123465 0.000259196 -0.992349 -0.912928 -0.000577681 -0.40812 -0.858109 0.0128541 -0.513306 -0.297901 -0.0229038 -0.954322 0.214128 0.0350647 -0.976176 0.452837 -0.00578034 -0.891575 0.992831 -5.02822e-05 0.119528 0.993294 0.000279161 0.115619 0 1 0 0 1 0 0 1 0 2.78917e-07 1 -1.60075e-07 8.44496e-07 1 3.77528e-07 0 1 0 0 1 0 0 1 0 0 1 0 0 1 0 0 1 0 0 1 0 0 1 0 -0.413734 -0.000652367 0.910397 -0.431342 -0.00364475 0.902181 0.304322 0.0114806 0.9525 0.450825 -0.0131884 0.892515 0.890299 0.00859602 0.455295 0.926268 -0.00173094 0.376861 0 -1 0 0 -1 0 0 -1 0 -3.4593e-08 -1 2.78041e-07 1.14914e-07 -1 4.20637e-07 0 -1 0 0 -1 0 0 -1 0 0 -1 0 0 -1 0 0 -1 0 0 -1 0 0 -1 0 0.678927 0.0321932 -0.733499 -0.834985 -0.00152428 -0.550271 -0.828111 -0.00361875 -0.560552 -0.380969 0.0255811 0.924234 -0.411317 0.0306259 0.910978 -0.829659 -0.0278636 0.557574 -0.995932 0.0212581 -0.087567 0.520149 -0.0364408 0.853298 0.916452 0.00324255 0.400132 0.996763 -0.0080286 -0.0800007 0.966266 0.0165334 -0.257015 0.538466 -0.0230346 -0.842332 0.364144 0.011321 -0.931274 0.582633 5.39031e-05 -0.812736 0.550244 0.00199644 -0.835001 -0.632873 -0.000577639 -0.774256 -0.629631 -0.000103619 -0.776894 0.0543414 0.00359494 -0.998516 0.187723 -0.0133134 -0.982132 0.761916 0.0137269 -0.647531 0.834215 0.000133666 0.55144 0.856753 0.00355022 0.515715 0 1 0 0 1 0 -0.999362 0.0332815 0.012961 0 1 0 0 1 0 0 1 0 0 1 0 0 1 0 0 1 0 0 1 0 0 1 0 0 1 0 0 1 0 0 1 0 -0.856602 0.0035464 0.515966 -0.764412 -0.0105962 0.644641 -0.37245 0.0134813 0.927954 -0.125982 -0.0186124 0.991858 0.495193 0.0227896 0.868484 0.672357 -0.00683858 0.740195 0 -1 0 0 -1 0 0 -1 0 0 -1 0 0 -1 0 0 -1 0 0 -1 0 0 -1 0 0 -1 0 -0.748439 -0.613356 0.252256 0 -1 0 0 -1 0 0.922372 0.0233118 -0.385598 -0.519311 0.00379143 -0.854577 -0.481254 -0.00231652 -0.876578 -0.873535 -0.0281368 0.485947 -0.758062 -0.0106981 0.652095 -0.87156 0.0147183 0.490068 -0.9858 -0.0182727 -0.166928 -0.837222 0.0167688 -0.546607 0.0821353 -0.0364412 0.995955 0.676289 0.00655741 0.736607 0.943953 -0.0192589 0.329519 0.999336 0.0234745 0.0278726 0.779064 -0.0144571 -0.626777 0.710194 0.00117195 -0.704005 0.871812 3.65443e-05 -0.48984 0.866326 0.000547929 -0.49948 -0.134209 -0.000557362 -0.990953 -0.214243 -0.0130297 -0.976694 0.544166 0.0229125 -0.838664 0.819634 -0.022123 -0.572461 0.980877 0.00108206 -0.194625 0.497488 6.40962e-05 0.867471 0.499773 0.000277368 0.866157 0 1 0 0 1 0 0 1 0 0 1 0 0 1 0 0 1 0 0 1 0 0 1 0 0 1 0 0 1 0 0 1 0 0 1 0 -0.918428 0.0321901 -0.394275 0 1 0 -0.970498 0.00198925 0.2411 -0.960326 -0.00435444 0.278845 -0.402724 0.000287854 0.915322 -0.429309 -0.00536506 0.903141 0.212482 0.00809579 0.977131 0.316033 -0.00330057 0.948742 0 -1 0 0 -1 0 0 -1 0 0 -1 0 0 -1 0 -0.782313 -0.614174 -0.103816 0 -1 0 0 -1 0 0 -1 0 0 -1 0 0 -1 0 -6.56878e-07 -1 -7.36378e-07 0 -1 0 0.994342 0.0232915 0.103645 -0.0708693 0.000843721 -0.997485 -0.0507619 -0.00263712 -0.998707 -0.925499 0.00348104 0.378734 -0.976226 0.030456 0.214606 -0.94909 -0.0244847 -0.314053 -0.561253 0.0140848 -0.827524 -0.376986 -0.0187498 -0.926029 0.0218962 0.00521523 0.999747 0.859701 -0.0039941 0.510781 0.869279 -0.000589298 0.494322 0.970038 0.00367809 -0.242927 0.959315 -0.00281688 -0.282325 0.998908 3.6416e-05 -0.0467313 0.998327 0.000547895 -0.0578096 0.296697 -0.000564765 -0.954972 0.273547 -0.00394671 -0.961851 0.909279 0.0117262 -0.416022 0.968082 -0.0131017 -0.250291 0.961357 0.000932611 0.275302 0.0557133 -0.000271808 0.998447 0.0581553 -8.41811e-05 0.998308 0 1 0 0 1 0 0 1 0 0 1 0 0 1 0 0 1 0 0 1 0 0 1 0 0 1 0 0 1 0 0 1 0 0 1 0 -0.0812999 0.0201543 0.996486 0 1 0 -0.987505 -0.00119938 -0.157583 -0.979895 -0.00884485 -0.199318 -0.873603 0.0159601 0.486378 -0.710902 -0.0185874 0.703046 -0.292975 0.0129021 0.956033 -0.119046 -0.00330272 0.992883 0 -1 0 0 -1 0 0 -1 0 0 -1 0 0 -1 0 0 -1 0 0 -1 0 -0.811094 -0.486278 -0.325054 0 -1 0 0 -1 0 0 -1 0 0 -1 0 0.239852 -0.965391 0.102426 0.136716 0.87871 -0.457359 -0.594221 -0.413657 -0.689774 0.912112 -0.409057 0.0268964 -0.328283 -0.806672 0.491437 0.55836 -0.309024 -0.769895 -0.55836 0.309024 0.769895 -0.866654 -0.281856 -0.411664 0.866654 0.281856 0.411664 0.377152 0.639304 -0.67011 -0.377152 -0.639304 0.67011 -0.0367246 0.732605 0.679663 -0.149256 0.474965 -0.867255 0.149256 -0.474965 0.867255 0.889808 0.455501 -0.0275678 -0.889808 -0.455501 0.0275678 0.889808 0.455501 -0.0275678 0.149256 -0.474965 0.867255 -0.0516482 0.289259 0.955856 0.00357551 -4.16244e-10 -0.999994 0.00357551 0 -0.999994 -0.248854 0 -0.968541 -0.23427 0.0821906 -0.968691 -0.736451 -0.442545 -0.511658 -0.859424 -0.0800036 -0.504966 -0.911096 -0.4063 0.0694567 -0.894375 0.40708 0.185414 -0.583215 0 0.812318 -0.550124 -0.172081 0.817161 -0.343916 0 0.939 -0.343916 0 0.939 -0.280184 0 0.959946 -0.235064 -0.127778 0.963544 -0.082215 0.0962031 0.991961 -0.015311 -0.189379 0.981785 0.218608 0.148407 0.964462 0.250115 -3.76302e-07 0.968216 0.48906 0.187734 0.851808 0.487848 0.377459 0.787102 0.706782 -0.0959865 0.700889 0.744785 0.359117 0.562432 0.848568 0 0.529086 0.963417 0 0.268009 0.952718 0.189382 0.237621 0.952586 -0.288703 -0.0960707 0.976823 -0.197241 -0.0831452 0.915562 0.197241 -0.35049 0.82968 -0.377458 -0.411287 0.494088 -0.0642864 -0.867032 0.560454 0.189378 -0.806243 0.671634 -0.267831 -0.690778 0.764541 0.0959892 -0.637387 0.070615 -8.22065e-09 -0.997504 0.070615 -1.64413e-08 -0.997504 0.268628 -6.25447e-08 -0.963244 0.299229 0.225272 -0.927208 2.77005e-05 1 0.000107649 -0.922445 -0.101764 0.372477 -1.08925e-07 -1 3.37468e-09 2.35017e-05 1 -8.05201e-05 3.76141e-05 1 -0.000102577 -2.4034e-05 1 0.000109518 -2.53404e-06 1 1.17291e-05 -4.01945e-06 1 6.13818e-06 -4.52185e-06 1 9.06284e-07 -0.136716 -0.87871 0.457359 4.61935e-08 1 2.71416e-08 5.13669e-05 1 -3.58742e-05 1.67853e-07 1 -3.43946e-05 2.05562e-06 1 -1.33204e-05 5.07223e-06 1 -4.36654e-07 -8.8518e-10 1 1.2504e-08 2.94378e-08 1 1.44948e-08 2.34971e-07 1 -1.95892e-07 -5.78174e-05 1 -1.44205e-05 -6.52509e-05 1 0.000349421 5.26383e-08 1 2.64823e-09 3.82006e-08 1 5.25961e-09 5.98903e-08 1 -6.82394e-09 4.02035e-08 1 4.89187e-09 9.13658e-05 1 -0.000293793 3.60566e-08 1 -3.6364e-09 -0.186635 -0.832784 -0.52119 5.91767e-07 1 3.73885e-07 6.81665e-08 1 8.5871e-06 -3.41721e-05 1 4.9179e-05 -3.48662e-05 1 0.000252013 4.07315e-08 1 1.61301e-08 1.64531e-06 1 4.1597e-06 -8.53186e-06 1 2.97284e-05 -1.83615e-06 1 2.85925e-05 3.75599e-08 1 1.8494e-08 -2.20264e-05 1 -2.68013e-06 2.58263e-05 1 -1.8267e-05 1.58593e-05 -1 -5.32362e-05 1.09255e-05 1 -0.000102462 2.12501e-05 1 -0.000111103 0.0373775 0.871438 0.48908 -1.65342e-06 -1 4.51521e-06 0.287022 0.943912 -0.163246 -0.530398 0.843337 -0.0863739 -1.40855e-08 -1 1.98971e-07 6.77157e-05 1 5.44406e-05 -0.000145677 -1 -0.000678402 -8.2187e-08 -1 1.04355e-05 1.71777e-05 -1 0.000245373 -2.40385e-06 -1 3.40689e-05 -0.000186914 -0.999999 0.0011098 0.000103514 -1 0.000428024 0.0206818 -0.999785 -0.00157666 -0.00752061 -0.999628 -0.026224 -0.000730517 0.999998 0.0019186 -0.00870372 -0.998719 0.0498539 4.46566e-06 -1 -6.35772e-06 4.23032e-06 -1 -1.08089e-05 5.12787e-06 -1 -1.41125e-05 9.38085e-07 -1 -4.69398e-06 -1.0504e-07 -1 -2.46692e-08 1.52318e-07 -1 2.65297e-07 -1.00063e-07 -1 -6.30082e-08 -4.1781e-08 -1 -2.60506e-08 -4.63944e-08 -1 -1.29063e-08 0.530398 -0.843337 0.0863739 -0.530398 0.843337 -0.0863739 -4.84048e-08 -1 -9.58016e-08 1.14172e-07 -1 -1.17426e-07 -7.8204e-08 -1 -2.08877e-08 1.64658e-05 -1 -6.56444e-05 -3.0816e-05 -1 -4.10452e-05 -8.46242e-07 -1 3.08105e-06 -1.89298e-06 -1 3.92924e-06 2.68515e-05 -1 1.87482e-05 0.000210754 -1 -0.000143295 -2.06863e-05 -1 -0.000329727 8.15385e-05 -1 -0.000424191 -0.000114724 -1 0.0001417 9.8151e-07 -1 -1.09619e-05 3.7462e-05 -1 -0.000114897 -2.53537e-08 -1 1.442e-08 -4.00408e-08 -1 1.09686e-08 -3.67233e-06 -1 2.69075e-06 -6.82374e-07 -1 2.09578e-06 -1.77453e-06 -1 3.83589e-06 0.0367246 -0.732605 -0.679663 -6.11702e-08 -1 4.73159e-09 0 -1 0 1.09168e-07 -1 1.35325e-07 -7.48638e-08 -1 1.07087e-08 -6.31227e-08 -1 5.37288e-09 3.71465e-05 -1 5.28559e-05 -0.000273417 -1 0.000255139 -5.06481e-08 -1 -1.35277e-08 -1.14963e-08 -1 2.01738e-08 -0.121349 -0.887403 0.444736 -0.0407975 0.540029 -0.840657 -0.0118772 -0.999907 -0.00664953 0.0867101 0.976092 0.199312 -0.976457 0.19976 -0.0814156 0.836933 0.287434 -0.465753 0.0717982 0.958971 0.274261 -0.821365 -0.392463 0.413924 -0.373411 0.927027 0.0344206 -0.0364956 0.956525 -0.289357 -0.35898 -0.754937 -0.54882 0.0662371 0.188643 -0.979809 -0.0662372 -0.188643 0.979809 0.976457 -0.19976 0.0814156 -0.212117 0.545747 -0.810658 0.212117 -0.545747 0.810658 0.161783 0.98294 -0.0874921 0.199286 -0.789691 0.580236 -0.369817 0.928485 0.0339284 0.971502 0.171866 0.163236 -0.971502 -0.171866 -0.163236 0.112463 -0.156504 -0.981254 -0.112463 0.156504 0.981254 -1.97808e-05 -1 4.19107e-05 0.178107 0.952348 0.247612 6.8755e-06 1 -2.82398e-05 4.0083e-06 1 -1.59751e-05 -2.3628e-05 1 0.000128724 3.3462e-05 1 -9.12502e-05 -2.71222e-05 1 4.08943e-05 0.000185626 1 -0.000278988 0.000142377 1 -3.01663e-05 6.41149e-05 1 0.000113651 5.83695e-05 1 2.10362e-05 -0.0158002 -0.967127 -0.253804 -3.16031e-06 1 8.27101e-05 7.05759e-06 1 2.35541e-05 -1.04509e-05 1 0.000135 -2.96052e-06 1 5.87796e-05 -1.31174e-09 1 1.29172e-05 -2.43843e-06 1 -3.13729e-07 0 1 0 5.54306e-08 1 2.10499e-08 4.06536e-08 1 2.92468e-08 1.53411e-08 1 -1.77776e-08 4.01886e-08 1 1.9267e-09 1.7879e-05 1 -3.94185e-05 -1.74334e-05 1 6.92325e-05 -7.23186e-06 1 -1.36389e-05 -5.27268e-07 1 -1.65456e-05 -1.18964e-05 1 -5.68397e-06 1.8195e-05 1 -2.58908e-05 0.424919 0.854036 -0.300112 -1.25557e-05 1 0.000126877 -2.05993e-06 1 -7.17189e-07 0.000161094 1 -0.00076488 -1.04111e-05 1 -9.87231e-06 8.63569e-06 1 -1.40771e-05 1.04439e-05 1 -7.78405e-06 -1.22761e-05 1 -3.37307e-06 7.4202e-06 1 -2.70776e-05 5.9063e-06 1 2.57789e-05 -4.41113e-05 1 0.000286447 -6.52583e-05 1 7.4586e-05 -4.79222e-06 1 6.21606e-06 3.304e-05 1 9.84589e-05 -4.26666e-05 1 -0.00013099 -3.13872e-05 1 1.51902e-05 -7.81251e-05 1 0.000218576 0.0158001 0.967127 0.253804 0.483917 -0.732853 -0.478279 -0.483917 0.732853 0.478279 -0.881926 0.0186532 0.47102 0.881926 -0.0186532 -0.47102 -0.63452 0.329021 -0.699378 0.63452 -0.329021 0.699378 -0.439602 0.685493 0.580387 0.439602 -0.685493 -0.580387 -0.983685 -0.078456 0.161889 0.983685 0.078456 -0.161889 0.00357551 0 -0.999994 0.00357551 0 -0.999994 -0.140779 0 -0.990041 -0.260378 0.400252 -0.878636 -0.468843 -0.700907 -0.537508 -0.843428 0.396581 -0.362426 -0.862818 -0.488698 -0.129303 -0.935312 0.271115 0.22735 -0.703173 -0.596091 0.387587 -0.555474 0 0.831534 -0.553705 -0.00755543 0.832679 -0.343916 0 0.939 -0.343916 1.60148e-07 0.939 0.8859 0.189786 0.423275 -0.237007 -8.27736e-07 0.971508 -0.237007 0 0.971508 -0.0155931 -5.94161e-08 0.999878 0.231424 -0.379304 0.895863 0.0336079 0.278798 0.959762 0.497913 0 0.867227 0.459961 0.189594 0.867462 0.710061 0 0.704141 0.720209 0.152568 0.676773 0.841612 -0.127781 0.524748 0.934566 -0.18979 0.300941 0.92733 0.359897 0.102634 0.801956 0.596145 0.038447 0.979791 -0.152572 -0.129354 0.821161 0.431776 -0.373181 0.79452 0.481665 -0.369779 0.79429 -0.0642847 -0.604128 0.635967 0.228947 -0.736973 0.595986 -0.110109 -0.79541 0.33515 0.509259 -0.792673 0.261167 -0.0866622 -0.961396 0.0693372 0.189377 -0.979453 0.11512 0 -0.993352 0.125462 -0.988607 -0.0831606 -0.147332 -0.967293 0.206491 -0.0628863 0.863147 -0.501022 0.127735 0.987596 -0.0913173 -3.49688e-08 -1 -3.18685e-08 8.73886e-09 1 -7.13525e-08 -3.84498e-08 -1 2.6561e-08 5.9283e-09 -1 -8.37429e-08 4.1755e-08 -1 -1.53706e-07 -4.49151e-08 -1 1.13929e-08 -4.16618e-08 -1 5.48368e-08 -1.89284e-08 -1 -1.33116e-07 -4.6411e-07 -1 1.19312e-06 -9.88968e-08 -1 1.19549e-10 -1.00506e-07 -1 -1.5062e-08 0.119728 -0.985944 -0.116528 -0.180891 -0.866618 0.465029 5.6399e-08 -1 4.21897e-07 0.0136452 0.816349 -0.577397 -9.24277e-07 -1 -6.91413e-06 -4.79394e-06 -1 2.54046e-06 -5.51473e-06 -1 8.25544e-06 -4.7782e-08 -1 1.2519e-08 -5.76239e-08 -1 4.54919e-08 -6.55884e-08 -1 7.04448e-08 1.46383e-09 -1 -9.38654e-08 -1.66409e-07 -1 2.2689e-07 -3.01695e-08 -1 -5.2547e-08 -4.43658e-08 -1 -1.42863e-08 -4.29547e-08 -1 -2.67824e-08 -2.76359e-07 -1 3.64854e-08 -9.95259e-08 -1 -1.10152e-08 -2.76362e-08 -1 -2.51859e-08 -4.56038e-08 -1 3.60775e-08 -4.5469e-08 -1 3.45832e-08 1.66774e-06 -1 -7.95149e-06 -4.97126e-06 -1 2.06525e-05 -3.17506e-08 -1 -1.15748e-07 -4.21307e-06 -1 -8.08045e-06 -6.96392e-06 -1 6.76979e-06 2.44175e-06 -1 3.33754e-05 9.39237e-06 -1 1.11785e-06 -3.78319e-08 -1 -1.33445e-08 -3.6972e-08 -1 -1.20922e-08 3.8486e-06 -1 -3.68426e-06 -3.10687e-08 1 8.96169e-08 -6.74873e-08 -1 4.73234e-08 3.14285e-07 -1 -1.30013e-05 1.06423e-05 -1 -7.19038e-06 -3.8855e-08 -1 -2.14035e-09 -0.117245 0.989493 0.0845944 -0.971812 0.205434 -0.115662 -0.785429 -0.00189301 0.618948 -0.785121 -0.00367463 0.619332 0.615775 0.00935425 0.787866 0.619332 -0.00703418 0.785097 0.785713 -0.000585343 -0.618591 0.783369 -0.0138935 -0.621402 -0.619497 -0.0078815 -0.78496 -0.617393 0.00109079 -0.786654 0.0401547 -0.998694 -0.0315733 0.0686571 -0.995091 -0.0712802 0.0541214 -0.996211 0.0680712 0.00667887 -0.999458 0.0322481 -0.00409592 -0.999972 -0.00630524 -0.0556855 -0.997343 -0.0469793 -0.0358192 -0.998939 0.0289642 -0.00359023 -0.999897 -0.013878 -0.545549 -0.730005 0.411667 0.737951 -0.417683 -0.530065 -0.737951 0.417683 0.530065 -0.568314 -0.817383 -0.0943665 0.568314 0.817383 0.0943665 0.241085 -0.946484 -0.214584 0.12356 -0.991908 0.0291923 0.174025 -0.951234 0.254695 -0.233864 -0.971671 -0.0341198 -0.343001 -0.828471 -0.442704 -0.343789 -0.000137325 0.939047 -0.334273 0.000685016 0.942476 -0.817197 -0.00099928 -0.576358 -0.802666 -0.00523954 -0.596406 -0.98871 0.0144664 0.149142 -0.949811 -0.011769 0.312602 -0.581634 0.00447053 0.813438 -0.566576 0.006973 0.82398 0.941486 -0.000451911 0.337052 0.844713 0.0270082 -0.534538 0.690328 0.0115863 -0.723404 0.897613 -0.0111419 -0.440643 0.999094 0.0148592 -0.0398841 0.90258 -0.023788 0.429864 0.773554 0.00150827 0.633729 0.672043 0.0575283 -0.738274 0.36186 -0.000893959 -0.932232 -0.975551 0.0040422 -0.219736 -0.977425 0.00513918 -0.21122 -0.893337 0.0122486 -0.44922 -0.710768 -0.0177097 -0.703204 -0.244753 0.0231846 -0.969308 0.2887 -0.0358932 -0.956747 0.900921 0.0382951 -0.43229 0.997628 -0.020403 -0.0657474 0.755924 0.00557956 0.654635 0.790568 -0.00499994 0.612354 0.355697 -0.00224592 -0.934599 0.350539 -0.00111728 -0.936548 -0.905877 0.0379592 -0.421836 -0.999979 0.00314678 -0.00568151 -0.950678 -0.0240248 -0.309249 -0.688753 0.0207356 -0.724699 -0.175297 -0.0173761 -0.984362 0.130683 0.0144677 -0.991319 0.677697 -0.0142259 -0.735204 0.911619 0.0178052 -0.41065 0.998613 -0.0166044 -0.0499698 0.829357 0.0194018 0.558382 0.86897 0.0315272 0.493859 0.323132 0.00323254 -0.946349 0.365518 -0.00334949 -0.930798 -0.989872 -0.0246025 -0.139813 -0.986492 -0.02843 -0.161325 -0.541765 0.0301584 -0.839989 -0.179378 -0.0250901 -0.98346 0.535421 0.0173565 -0.844407 0.769606 -0.0119488 -0.638407 0.98879 0.0138291 -0.148674 0.998089 -0.00939353 0.0610806 0.755934 0.000946386 0.654647 0.863238 -0.031407 0.50382 0.355696 -6.6186e-05 -0.934602 0.347049 0.00152007 -0.937846 -0.951302 0.00535393 -0.308213 -0.980208 -0.00660108 -0.19786 -0.929732 -0.013174 -0.368002 -0.735701 0.0228472 -0.676921 -0.321476 -0.0252089 -0.946582 0.48754 0.0378722 -0.872279 0.730925 -0.0132446 -0.68233 0.995717 -0.00875958 0.0920394 0.915533 0.0366584 0.400569 0.874356 0.023573 0.484711 0.328957 0.00243713 -0.944342 0.374534 -0.00416213 -0.927204 -0.944263 -0.0306654 -0.32776 -0.999822 -0.000387651 -0.0188669 -0.959843 0.0163695 -0.28006 -0.704744 -0.0161399 -0.709278 -0.478982 0.0130599 -0.877728 0.255914 -0.0172151 -0.966546 0.405305 0.00487834 -0.914169 0.959479 0.00707635 -0.281691 0.985116 -0.012222 -0.171456 0.765043 0.00125716 0.643978 0.890627 -0.0419777 0.452792 0.340286 0.00294104 -0.940317 -0.0370103 -0.0560862 -0.99774 -0.999821 -0.00109488 -0.018871 -0.960256 0.0263416 -0.277876 -0.744089 -0.0155316 -0.6679 -0.279438 0.0109754 -0.960101 0.00135978 -0.0159756 -0.999871 0.493113 0.0203056 -0.869728 0.921896 -0.015877 -0.387111 0.981934 0.0110622 -0.188901 0.83923 -0.0171309 0.543506 0.781096 -0.00371237 0.6244 0.619109 0.0410598 -0.784231 0.350533 -0.00308984 -0.936545 -0.805927 0.0518397 -0.589742 -0.999979 0.00314789 -0.00568486 -0.968096 -0.0186815 -0.249882 -0.688819 0.0156542 -0.724765 -0.429172 -0.013538 -0.903121 0.130679 0.0150918 -0.99131 0.383267 -0.0113719 -0.923567 0.940114 0.00799825 -0.340765 0.935128 0.00528216 -0.354271 0.779592 -0.00419583 0.626273 0.375619 -0.0024204 -0.926771 -0.676113 0.0331707 -0.736051 -0.987707 -0.0116947 -0.15588 -0.956348 -0.0204641 -0.291513 -0.852 0.0111585 -0.523423 -0.148919 -0.00882224 -0.98881 -0.0963125 -0.000520958 -0.995351 0.711879 0.00383257 -0.702292 0.80475 -0.0134646 -0.593461 0.999538 0.0155322 -0.02611 0.96141 -0.0129985 0.274814 0.74438 0.00243325 0.667752 0.773464 -0.00492372 0.633822 0.340292 0.00275636 -0.940316 0.361776 -0.00118429 -0.932264 -0.981905 -0.0274242 -0.187379 -0.998917 -0.00452901 -0.0463116 -0.70685 0.016092 -0.707181 -0.43255 -0.0295758 -0.901125 0.0980853 0.0207634 -0.994961 0.824327 -0.0199235 -0.565763 0.83137 -0.0175714 -0.555442 0.974602 0.0221175 0.222848 0.800576 -0.0127867 0.599095 0.849205 -0.0242694 0.527505 0.335205 0.00222224 -0.942143 0.339558 0.00127605 -0.940584 -0.999135 0.000854855 -0.0415806 -0.9959 -0.00883342 -0.0900309 -0.521225 -0.00375737 -0.853411 -0.462076 0.00829241 -0.886802 0.464056 0.000222329 -0.885806 0.540018 -0.012452 -0.841562 0.981891 0.0143957 -0.188901 0.998746 -0.0176911 0.0468286 0.781098 0.00301608 0.624401 0.887918 0.0307459 0.458974 0.328234 0.00118854 -0.944596 0.350536 -0.00280564 -0.936545 -0.998915 0.00500037 -0.0463065 -0.999788 -0.00766543 0.019131 -0.859658 0.0192957 -0.510506 -0.432572 -0.0276237 -0.901176 -0.199745 0.00863459 -0.97981 0.692677 0.00034686 -0.721248 0.730966 -0.00768563 -0.68237 0.999637 0.00654447 -0.026129 0.998125 -0.0039006 0.061077 0.755935 -0.000443948 0.654646 0.77346 -0.00492372 0.633825 0.340286 0.0011173 -0.940321 0.350532 -0.00111718 -0.93655 -0.99981 0.00492279 -0.0188726 -0.999816 -0.00133194 0.019122 -0.844173 0.0100511 -0.535977 -0.72499 -0.0134548 -0.688628 -0.0963003 0.010354 -0.995299 0.0185422 -0.00335013 -0.999822 0.775802 0.000766681 -0.630976 0.752186 -0.00554331 -0.658927 0.971304 0.0130153 0.237486 0.883242 -0.0206276 0.468464 0.902508 -0.0238081 0.430014 0.553877 0.0371013 -0.831771 0.335888 -0.00163404 -0.941901 -0.998945 0.010053 -0.0448025 -0.999975 0.00417321 -0.00568666 -0.776254 -0.0110111 -0.630324 -0.688877 0.00771954 -0.724838 0.0670364 0.000540108 -0.99775 0.224998 -0.0204199 -0.974145 0.767875 0.0195775 -0.640301 0.984913 -0.0236967 -0.171417 0.981998 0.0138142 0.188386 0.765038 -0.0047442 0.643967 0.765718 -0.00488834 0.643158 0.330606 0.00448365 -0.943758 0.360944 -0.00117935 -0.932587 -0.986377 -0.0202319 -0.163249 -0.97112 -0.0320148 -0.236434 -0.702156 0.021907 -0.711686 -0.199256 -0.0158112 -0.97982 0.0980749 0.0116244 -0.995111 0.61893 -0.013535 -0.78533 0.814666 0.0130566 -0.579783 0.999469 -0.0105774 0.0308041 0.993951 -0.000644168 0.109823 0.768154 1.62269e-05 0.640265 0.874269 0.0274372 0.484666 0.345468 -0.00182848 -0.938429 0.350532 -0.00275616 -0.936547 -0.966046 0.0382481 -0.255523 -0.999723 0.0071462 -0.0224245 -0.78707 -0.0264296 -0.616298 -0.553385 0.0210328 -0.83266 0.286222 -0.0131277 -0.958073 0.405311 0.00298398 -0.914174 0.940135 -0.00331738 -0.340788 0.961058 0.00744115 -0.276247 0.766549 -0.00554914 0.642162 0.874366 -0.0341007 0.484067 0.608035 0.0303356 -0.79333 0.346095 -0.001001 -0.938199 -0.687444 0.0273254 -0.725723 -0.982249 -0.0159959 -0.186896 -0.931491 -0.0321899 -0.362338 -0.717619 0.0197262 -0.696156 -0.0156567 0.00114972 -0.999877 -0.935974 0.000530698 -0.352067 -0.0870526 -0.000925556 0.996203 -0.024343 0.00652243 0.999682 0.594622 -0.0121568 0.803914 0.671911 0.00473431 0.740616 0.992999 0.00995642 0.117707 0.999908 -0.00554586 0.0124193 -0.353179 -0.000676409 0.935555 -0.349321 -0.000358636 0.937003 -0.872738 -0.00178708 -0.488185 -0.846314 -0.0120278 -0.532549 -0.983133 0.0196035 0.181838 -0.880017 -0.0227292 0.474397 -0.41405 0.0206149 0.910021 -0.176187 -0.0163642 0.984221 0.577908 0.0209964 0.815832 0.72915 -0.013187 0.684226 0.999547 0.00452471 0.0297603 0.998559 0.000942538 0.0536486 -0.356579 -0.00101766 0.934265 -0.344028 0.000126567 0.938959 -0.812543 -0.00546362 -0.582876 -0.875992 0.0142443 -0.482115 -0.937154 -0.0105196 0.348758 -0.87879 0.0157628 0.476949 -0.270462 -0.0228758 0.962459 0.0683477 0.022951 0.997398 0.520421 -0.0157571 0.853764 0.815925 0.0157382 0.577943 0.966509 -0.0192305 0.255911 0.996383 0.0119125 -0.0841357 -0.347421 -0.000190562 0.937709 -0.30536 0.00376398 0.95223 -0.704121 -0.00243457 -0.710076 -0.832541 0.0173893 -0.55369 -0.995759 -0.0235634 -0.088932 -0.916471 0.0241996 0.399368 -0.769245 -0.0108097 0.638862 -0.140153 0.00797869 0.990098 -0.182214 -0.000531667 0.983259 0.689787 0.0056165 0.72399 0.729225 -0.00479432 0.684257 0.999558 0.000314655 0.0297422 0.999685 0.000929466 0.0250981 -0.344784 -9.71351e-07 0.938682 -0.343394 0.000128009 0.939192 -0.684454 7.54429e-07 -0.729056 -0.704666 0.00230955 -0.709535 -0.96128 -0.0027803 -0.275559 -0.984524 0.00881389 -0.175029 -0.943465 -0.0141323 0.331171 -0.773902 0.0268199 0.632737 -0.304011 -0.0309483 0.952166 0.199674 0.0208465 0.979641 0.567802 -0.0185116 0.822957 0.815125 0.0147488 0.579098 0.99604 -0.00956159 0.0883937 0.999996 0.000916664 -0.00263938 -0.356568 -0.000684156 0.934269 -0.347281 0.000123204 0.937761 -0.827713 -0.00169878 -0.561149 -0.889973 0.0162259 -0.455725 -0.990857 -0.0225707 0.133015 -0.853712 0.0244428 0.520172 -0.554756 -0.0147811 0.831882 -0.118525 0.0177405 0.992793 0.0702136 -0.00606421 0.997514 0.59232 -0.0117776 0.805617 0.743127 0.0149594 0.668983 0.985052 -0.0100223 0.171968 0.996578 0.00166886 0.0826383 -0.343547 -0.000123188 0.939135 -0.334211 0.000684342 0.942498 -0.742017 -0.000903925 -0.670381 -0.798259 0.00776627 -0.602264 -0.986084 -0.0136983 -0.165683 -0.995248 0.0159711 0.0960547 -0.78783 -0.0100249 0.615812 -0.662952 0.0119701 0.748566 -0.16992 -0.0199189 0.985257 0.225603 0.0212608 0.973987 0.652097 -0.017826 0.757926 0.815172 0.00938529 0.579144 0.998241 -0.00617498 0.0589697 0.999996 0.000916662 -0.00264507 -0.344773 0.000340933 0.938686 -0.347284 0.000123106 0.93776 -0.725363 0.00515741 -0.688348 -0.812305 -0.00950102 -0.583155 -0.999522 0.00551024 -0.0304065 -0.999224 0.00407727 -0.0391721 -0.769284 -0.00366241 0.638896 -0.703856 0.00968794 0.710277 -0.198954 -0.0141462 0.979907 0.065642 0.0127594 0.997762 0.520472 -0.00881411 0.853833 0.651539 0.00939964 0.758557 0.966532 -0.0180849 0.255908 0.998494 0.0113878 0.0536644 -0.356568 -0.000684235 0.934269 -0.306765 0.00361099 0.951779 -0.827716 -0.00169908 -0.561145 -0.889976 0.0162258 -0.455719 -0.990857 -0.0225705 0.133018 -0.853713 0.0244425 0.520169 -0.527585 -0.0176689 0.849319 -0.118527 0.0202904 0.992744 0.230062 -0.0178864 0.973012 0.803858 0.0120581 0.594699 0.743191 -0.0069627 0.669043 0.996535 0.00950176 0.0826349 0.998536 -0.00515825 -0.0538385 -0.341523 0.000321023 0.939874 -0.349301 -0.000320222 0.93701 -0.704674 0.00507862 -0.709513 -0.827647 -0.0121314 -0.561118 -0.978948 0.0112929 -0.203795 -0.996975 -0.011293 0.0769015 -0.898929 0.0112924 0.437948 -0.698743 -0.0161524 0.71519 -0.325153 0.0276717 0.945256 0.178827 -0.0248918 0.983566 0.63924 0.0175449 0.768807 0.80388 -0.00992296 0.594709 0.993925 0.0123704 0.109359 0.998537 -0.00515723 -0.053823 -0.341512 0.000320765 0.939878 -0.349306 -0.000321781 0.937009 -0.704672 0.00507844 -0.709515 -0.827649 -0.0121322 -0.561114 -0.989192 0.0147589 -0.145878 -0.996975 -0.0112085 0.0769105 -0.733736 0.00540045 0.679414 -0.704141 0.0126955 0.709947 -0.029078 -0.0178853 0.999417 0.310325 0.0297033 0.950166 0.74922 -0.0235657 0.661901 0.980828 0.0176304 0.194076 0.999553 -0.00278538 0.0297544 -0.341525 0.00032087 0.939873 -0.347284 -0.000153679 0.93776 -0.765312 0.00530364 -0.643638 -0.842916 -0.0135439 -0.537875 -0.977527 0.00557582 0.210738 -0.973153 0.00915228 0.229977 -0.618468 -0.00948492 0.785753 -0.385939 0.0217085 0.922269 0.100649 -0.019595 0.994729 0.577881 0.0230111 0.815796 0.76859 -0.0118714 0.639631 0.999547 0.0045266 0.0297577 0.998559 0.000941929 0.0536627 -0.346813 -0.000127296 0.937934 -0.344012 0.000127608 0.938965 -0.777406 -0.000929335 -0.628998 -0.798276 0.00355695 -0.602281 -0.997138 -0.00407677 0.0754991 -0.997755 -0.00551108 0.0667421 -0.789815 0.00953041 0.613271 -0.619433 -0.0164513 0.784877 -0.178865 0.017906 0.983711 0.286957 -0.0242451 0.957636 0.585157 0.0194279 0.810687 0.973089 -0.0137559 0.230017 0.990575 0.00172893 0.136964 -0.341535 5.20217e-05 0.939869 -0.334222 0.000684336 0.942494 -0.704675 0.00156023 -0.709528 -0.759639 -0.00580513 -0.650319 -0.989268 0.00815589 -0.145885 -0.998199 -0.00486569 -0.0597933 -0.719311 0.000769562 0.694688 -0.704185 0.00511816 0.709998 0.262216 -0.00529854 0.964995 0.310462 0.00591801 0.950567 0.973167 -0.00550975 0.230033 0.98098 0.00178704 0.194101 -0.383492 -0.00374272 0.923537 -0.33376 0.000685639 0.942658 -0.704078 -0.0119119 -0.710023 -0.913936 0.0218227 -0.405272 -0.993084 -0.0129881 -0.116687 -0.910781 0.00992184 0.412771 -0.803322 -0.0143746 0.595372 -0.325168 0.026091 0.945296 0.0194419 -0.0211845 0.999587 0.675249 0.0127995 0.737479 0.661593 0.0093873 0.749804 0.989643 -0.0101051 0.143194 0.999671 0.00530982 0.0251013 -0.356565 -0.00101756 0.93427 -0.334206 0.001017 0.9425 -0.777399 -0.0053096 -0.628986 -0.889884 0.0215136 -0.455679 -0.994242 -0.0258371 0.103998 -0.853712 0.0244428 0.520172 -0.498635 -0.0206646 0.866566 1.40629e-06 1 1.4846e-06 -3.20561e-07 1 8.4915e-07 -1.15316e-06 1 1.50458e-06 0 1 0 5.47228e-07 1 2.69674e-08 6.24689e-07 1 -1.11521e-06 0 1 0 0 1 0 0 1 0 0 1 0 0 1 0 0 1 0 -0.251785 0.0396555 -0.96697 0 1 0 0 1 0 0 1 0 9.31387e-07 1 -1.65942e-07 7.91319e-07 1 2.55252e-06 0 1 0 0 1 0 -8.07004e-07 1 6.56354e-07 9.86237e-08 1 1.69713e-07 0 1 0 0 1 0 0 1 0 0 1 0 0 1 0 1.03132e-06 1 4.01356e-08 9.98409e-07 1 -1.35185e-06 3.79681e-07 1 6.59819e-07 3.18308e-07 1 -9.32221e-07 3.99056e-07 1 8.23199e-07 3.60673e-06 1 -3.8486e-06 -1.50927e-07 1 8.03738e-07 0 1 0 0 1 0 0 1 0 6.91656e-08 1 -2.69772e-07 -5.89551e-07 1 -4.93886e-07 0 1 0 0 1 0 0 1 0 0 1 0 0 1 0 0 1 0 0 1 0 0 1 0 -2.19621e-07 1 4.6427e-09 -1.76334e-07 1 7.63451e-07 5.77616e-07 1 1.55384e-07 9.16895e-07 1 2.46653e-07 6.61632e-07 1 4.04864e-08 1.82028e-06 1 -1.69926e-06 -4.92345e-07 1 7.86075e-07 2.32985e-06 1 -2.03772e-06 0 1 0 0 1 0 0 1 0 0 1 0 0 1 0 5.09367e-05 1 -5.43526e-05 0 1 0 0 1 0 6.24826e-07 1 1.21845e-06 -1.12056e-06 1 6.97515e-07 0 1 0 0 1 0 0 1 0 -7.10933e-07 1 -2.69445e-07 9.38639e-07 1 3.55746e-07 9.51659e-07 1 3.10289e-07 0 1 0 -1.12501e-07 1 5.01032e-07 -1.3689e-08 1 7.38134e-07 0 1 0 0 1 0 0 1 0 0 1 0 0.750869 0.0700823 -0.656722 -4.05168e-06 1 3.86036e-06 -9.01952e-10 1 6.63222e-07 0 1 0 0 1 0 0 1 0 0 1 0 -4.07322e-06 1 -4.43431e-06 1.30249e-06 1 3.89628e-07 0 1 0 -1.7142e-07 1 1.79409e-06 0 1 0 0 1 0 0 1 0 0 1 0 -8.02061e-06 1 -1.73324e-06 7.93076e-06 1 5.80338e-06 8.64453e-08 1 8.3756e-07 0 1 0 0 1 0 0 1 0 -4.44625e-07 1 1.14495e-06 6.70875e-07 1 -6.26272e-07 1.07484e-06 1 -7.18983e-08 7.36393e-07 1 6.80688e-08 7.9913e-07 1 2.39053e-07 -4.57651e-07 1 1.04701e-06 -1.2003e-06 1 9.74395e-07 0 1 0 0 1 0 0 1 0 -1.16339e-06 1 1.17165e-06 0 1 0 0 1 0 -2.40521e-07 1 2.02153e-07 -1.92502e-07 1 6.37947e-07 7.26578e-07 1 -1.05667e-06 6.09757e-07 1 6.72323e-08 0 1 0 9.93452e-07 1 -5.46377e-07 3.57675e-06 1 2.65764e-06 -3.9952e-07 1 5.06931e-07 -9.94787e-07 1 7.41873e-07 0 1 0 0 1 0 0 1 0 0 1 0 0 1 0 0 1 0 -3.96372e-07 1 1.5076e-06 0 1 0 0 1 0 0 1 0 0 1 0 1.82495e-08 1 1.09313e-06 -5.0708e-07 1 8.41828e-07 0 1 0 0 1 0 0 1 0 0 1 0 1.38749e-07 1 2.18561e-07 0 1 0 0 1 0 0 1 0 0 1 0 6.52353e-07 1 1.03406e-06 0 1 0 0 1 0 -3.6429e-07 1 5.67708e-07 0 1 0 0 1 0 0 1 0 0 1 0 -6.03911e-07 1 6.11009e-07 -2.75782e-06 1 7.22433e-07 0 1 0 0 1 0 0 1 0 -3.50198e-07 1 1.12077e-06 -1.10357e-06 1 -2.08247e-08 -3.73785e-07 1 2.55758e-07 0 1 0 4.8621e-07 1 1.02276e-06 -1.86041e-07 1 7.02646e-07 0 1 0 0 1 0 0 1 0 3.09378e-07 1 2.12866e-07 8.63177e-08 1 1.31203e-06 -1.00213e-06 1 1.28885e-06 0 1 0 0 1 0 0 1 0 0 1 0 0 1 0 0 1 0 0 1 0 0 1 0 0 1 0 0 1 0 0 1 0 0 1 0 0 1 0 -6.27586e-07 1 9.11224e-07 -9.64249e-07 1 2.08219e-08 0 1 0 -9.88588e-08 1 2.70185e-07 1.34014e-07 1 7.34746e-07 0 1 0 0 1 0 0 1 0 9.99366e-08 1 2.39269e-07 -1.09483e-07 1 9.6616e-07 0 1 0 0 1 0 0 1 0 0 1 0 0 1 0 0.927076 0.0631437 0.369517 4.40984e-06 1 -9.24682e-07 0 1 0 0 1 0 5.31394e-07 1 4.31149e-07 0 -1 0 0 -1 0 0 -1 0 -6.93341e-07 -1 5.7815e-07 0 -1 0 0 -1 0 9.17254e-07 -1 -1.02641e-06 0 -1 0 0 -1 0 0 -1 0 0 -1 0 2.26289e-06 -1 -3.67923e-07 -1.28737e-06 -1 3.48983e-06 -1.52638e-06 -1 -3.43808e-07 0 -1 0 0 -1 0 -3.9514e-07 -1 4.11669e-07 0 -1 0 -3.57002e-06 -1 -2.78692e-06 -4.15313e-06 -1 -7.44041e-07 0 -1 0 -3.17981e-06 -1 4.29183e-06 0 -1 0 2.78932e-06 -1 -3.29711e-06 0 -1 0 0 -1 0 0 -1 0 -1.07717e-06 -1 1.42531e-06 0 -1 0 -4.76951e-07 -1 4.17817e-07 0 -1 0 0 -1 0 0 -1 0 0 -1 0 1.59363e-07 -1 2.31125e-07 -7.43442e-07 -1 1.72329e-06 -1.10612e-06 -1 1.66764e-07 -2.51928e-07 -1 -7.68965e-07 0 -1 0 7.05987e-07 -1 -4.68274e-07 -3.45473e-07 -1 9.23026e-07 0 -1 0 0 -1 0 -1.00823e-06 -1 1.04982e-06 0 -1 0 -4.93633e-07 -1 8.91281e-07 0 -1 0 -3.54855e-07 -1 1.10924e-08 -3.93872e-07 -1 -1.37868e-07 2.32136e-07 -1 -9.70654e-07 0 -1 0 0 -1 0 5.02931e-07 -1 -3.14949e-07 1.12739e-06 -1 7.9513e-07 1.35018e-07 -1 4.38741e-07 0 -1 0 0 -1 0 0 -1 0 0 -1 0 0 -1 0 0 -1 0 -7.09241e-06 -1 8.22953e-06 -3.50767e-07 -1 9.03895e-07 -3.69759e-07 -1 9.21836e-07 0 -1 0 0 -1 0 0 -1 0 0 -1 0 0 -1 0 -3.09258e-07 -1 6.97526e-07 -3.13239e-07 -1 5.33289e-07 0 -1 0 0 -1 0 0 -1 0 0 -1 0 -6.72737e-06 -1 -3.72441e-06 1.11102e-07 -1 7.51114e-07 0 -1 0 0 -1 0 -9.19182e-07 -1 3.26071e-08 -3.79836e-07 -1 7.45659e-07 2.64835e-06 -1 1.5047e-08 1.13647e-06 -1 -6.39372e-07 0 -1 0 0 -1 0 -4.58387e-07 -1 4.42093e-07 -4.20793e-06 -1 -5.94343e-07 1.03869e-05 -1 1.98216e-06 2.24255e-07 -1 1.35525e-07 -7.92879e-07 -1 6.6418e-07 0 -1 0 -1.73628e-06 -1 -1.92265e-06 0.0794781 -0.407983 -0.909523 -0.596815 -0.776656 -0.201537 0 -1 0 0 -1 0 0 -1 0 -2.86174e-06 -1 -6.49513e-08 0 -1 0 2.13378e-07 -1 1.46668e-06 -2.71262e-07 -1 4.85327e-07 3.25307e-07 -1 1.75251e-06 0 -1 0 0 -1 0 -2.86955e-07 -1 6.4723e-07 -1.65233e-07 -1 8.90591e-07 0 -1 0 0 -1 0 0 -1 0 0 -1 0 -8.25285e-08 -1 -1.26047e-06 0 -1 0 -5.93791e-07 -1 1.67318e-07 0.607829 -0.389622 -0.69191 0 -1 0 0 -1 0 0 -1 0 0 -1 0 -1.10058e-06 -1 1.64099e-06 -3.36112e-07 -1 6.41581e-07 -3.55816e-07 -1 5.12925e-07 0 -1 0 0 -1 0 0 -1 0 0 -1 0 0 -1 0 0 -1 0 0 -1 0 0 -1 0 -4.66822e-07 -1 6.81893e-07 0 -1 0 0 -1 0 0 -1 0 -6.65005e-07 -1 4.53672e-07 -6.29146e-07 -1 4.47752e-07 0 -1 0 0 -1 0 0 -1 0 -1.80995e-07 -1 4.70261e-07 -3.73462e-07 -1 5.88984e-07 3.57505e-07 -1 1.09122e-06 -6.96044e-07 -1 -1.41237e-07 -4.39662e-07 -1 -2.06075e-07 2.28104e-06 -1 1.15968e-06 0 -1 0 -2.98419e-07 -1 -1.04443e-07 -1.22579e-06 -1 1.57001e-06 0 -1 0 -2.94732e-07 -1 1.00072e-06 0 -1 0 0 -1 0 0 -1 0 0 -1 0 0 -1 0 0 -1 0 -8.80626e-07 -1 -1.22896e-07 -9.38095e-07 -1 -2.97365e-07 0 -1 0 -5.10432e-07 -1 9.00463e-07 0 -1 0 0 -1 0 0 -1 0 0 -1 0 5.82838e-07 -1 2.7554e-07 0 -1 0 0 -1 0 0 -1 0 0 -1 0 -6.36916e-07 -1 7.5694e-07 2.19468e-07 -1 1.02867e-07 -2.61211e-07 -1 8.65202e-07 0 -1 0 0 -1 0 0 -1 0 0 -1 0 7.15748e-08 -1 7.39697e-07 -2.45672e-07 -1 1.78687e-07 0 -1 0 0 -1 0 0 -1 0 6.15741e-06 -1 -2.13916e-07 0 -1 0 0 -1 0 -7.71531e-07 -1 -6.16755e-07 -3.20258e-08 -1 -3.60337e-07 0 -1 0 0 -1 0 -1.8518e-07 -1 5.556e-07 -3.56797e-07 -1 6.29301e-07 -8.44851e-08 -1 6.40889e-07 -5.39191e-07 -1 -4.06049e-07 -5.88507e-07 -1 -2.2313e-07 0 -1 0 0 -1 0 0 -1 0 0.858585 -0.406555 0.312322 -7.78274e-08 -1 2.85866e-07 0 -1 0 0 -1 0 -4.88704e-07 -1 8.3408e-07 9.15793e-08 -1 3.56548e-07 0 -1 0 0 -1 0 -7.77059e-07 -1 -6.36768e-07 -1.43617e-07 -1 -4.35981e-07 0 -1 0 0 -1 0 0 -1 0 -3.27076e-07 -1 9.74791e-07 4.29845e-09 -1 4.65522e-07 -0.11852 0.021746 0.992714 0.412151 -0.0274297 0.910703 0.743068 0.0194515 0.668933 0.979526 -0.0138225 0.200841 0.996578 0.00166877 0.0826465 0.164588 0.00278332 -0.986359 0.182116 -0.000801015 -0.983277 -0.985306 0.00578131 0.170702 -0.999678 -0.0234712 -0.0095952 -0.824639 0.0184043 -0.56536 -0.567308 -0.0137648 -0.823391 -0.107241 0.00847469 -0.994197 -0.986542 0.00104953 -0.163508 0.220721 -0.00119272 0.975336 0.178718 -0.00898759 0.983859 0.763188 0.0151814 0.645998 0.918356 -0.0180091 0.395345 0.999808 0.0148113 -0.012807 0.965037 -0.00719045 -0.262014 0.983956 0.000532811 0.178408 0.603959 -0.0231704 -0.796678 0.974604 0.0272675 -0.222267 0.942503 -0.0304564 0.332806 0.872017 -0.00348177 0.489463 -0.175915 -0.000272674 0.984405 -0.178498 -0.00047397 0.98394 5.73366e-07 1 -8.87633e-08 3.32419e-07 1 -1.99215e-06 -0.530971 0.0430511 -0.846296 7.34586e-07 1 2.59389e-07 -2.18718e-06 1 5.33661e-07 0 1 0 5.83896e-07 1 6.1673e-08 5.3527e-07 1 2.17803e-07 0 1 0 0.486606 0.379419 -0.786928 0.540956 0.836181 0.0903751 -3.78278e-07 1 1.67056e-07 0 1 0 -0.895049 -0.00115796 -0.445967 -0.897315 -0.000459211 -0.441391 -0.982758 0.00335443 0.184864 -0.96055 -0.0113794 0.277876 -0.52588 0.0141581 0.850441 -0.412727 -0.00329145 0.910849 -5.96929e-07 -1 5.59062e-07 1.80089e-07 -1 -9.72331e-07 -0.432395 -0.239932 -0.869176 2.87256e-07 -1 1.26935e-06 9.28712e-07 -1 5.21286e-07 1.6082e-07 -1 4.16573e-07 0.700294 -0.0382397 -0.71283 0 -1 0 1.75858e-07 -1 3.1549e-07 5.81168e-07 -1 3.98439e-07 0 -1 0 0 -1 0 0 -1 0 0 -1 0 -0.288505 0.000801191 -0.957478 -0.279575 -0.00107455 -0.960123 -0.8098 0.0034686 0.586696 -0.900518 0.0290079 0.433849 -0.998979 -0.0179713 0.0414421 -0.702378 0.00865374 -0.711751 -0.70073 0.00907904 -0.713369 -0.962027 -0.0015817 0.272949 0.30697 0.033266 0.951138 0.55895 -0.0046246 0.829189 0.941313 -0.010217 0.337379 0.985107 0.0160162 0.171197 0.880142 -0.00940278 -0.474617 0.840935 0.00115758 -0.541135 0.961241 3.6518e-05 -0.275711 0.967384 -0.00103431 -0.253312 -0.0145802 -0.00058307 -0.999894 0.0166354 0.00254801 -0.999858 0.688567 -0.00330463 -0.725165 0.722996 0.00391744 -0.690841 0.998854 -0.00292674 0.0477818 0.999315 -0.00483846 0.036692 0.268272 -0.00143309 0.963342 0.287929 0.000279589 0.957652 1.00037e-06 1 1.52999e-06 -4.06086e-07 1 -6.2108e-07 -9.76209e-07 1 -9.89236e-07 -8.70137e-07 1 6.3041e-07 -1.03036e-06 1 6.63032e-07 -2.32157e-06 1 -6.2764e-07 -7.55618e-07 1 3.13464e-08 -5.58594e-07 1 2.02927e-07 0 1 0 0 1 0 1.06872e-06 1 -3.88244e-07 4.99822e-07 1 -5.26388e-07 2.92858e-07 1 8.6175e-08 -0.999794 -0.00808197 -0.0186098 -0.988526 0.0173595 0.150047 -0.657916 -0.00976255 0.753028 -0.587648 0.0024601 0.809113 -0.0461063 -0.0023142 0.998934 -0.0184532 0.00112645 0.999829 0 -1 0 -4.27374e-10 -1 -7.57056e-07 0 -1 0 0 -1 0 -2.34838e-06 -1 4.57256e-07 -3.35277e-06 -1 -3.6907e-07 0 -1 0 0 -1 0 7.60734e-07 -1 -2.16464e-07 -8.85138e-07 -1 2.51863e-07 0 -1 0 -2.50074e-07 -1 -7.5176e-08 -5.64506e-07 -1 5.39399e-07 0.825416 -0.0339636 -0.563503 -0.677905 0.000356655 -0.73515 -0.683417 0.00166832 -0.730026 -0.587488 -0.00138849 0.809232 -0.580326 8.88343e-05 0.814384 -0.959468 -0.00263344 0.281804 -0.969723 0.00343757 0.244184 -0.870607 -0.00254798 -0.491973 -0.85483 0.000583081 -0.518909 -0.70829 -0.000300905 0.705921 -0.704751 -5.36665e-05 0.709455 0.873151 0.00244866 0.487443 0.938747 -0.0161002 0.344231 0.997204 0.0175182 -0.0726512 0.864906 -0.0203476 -0.501522 0.568953 0.0145747 -0.822241 0.430341 -0.00191853 -0.902664 0.735432 3.6609e-05 -0.677598 0.727872 0.000547991 -0.685713 -0.437389 -0.00057741 -0.899272 -0.458414 -0.00324429 -0.888733 0.2583 0.0101849 -0.966011 0.384922 -0.00918578 -0.922903 0.919838 0.00135131 -0.392297 0.680948 -0.000277402 0.732332 0.682875 -6.4184e-05 0.730535 0 1 0 1.38191e-06 1 8.03338e-07 1.78341e-06 1 -1.62792e-06 0 1 0 0 1 0 0 1 0 0 1 0 0 1 0 0 1 0 0 1 0 0 1 0 0 1 0 0 1 0 0 1 0 -0.892454 -0.00115791 0.451138 -0.890141 -0.000459978 0.455684 -0.439085 0.00335546 0.89844 -0.351229 -0.0113796 0.936221 0.367609 0.0141582 0.929873 0.483664 -0.00329133 0.875248 -1.12054e-06 -1 1.05196e-06 -6.39462e-07 -1 -6.84092e-07 -3.73301e-08 -1 8.2437e-07 0 -1 0 0 -1 0 0 -1 0 0 -1 0 0 -1 0 0 -1 0 0 -1 0 0 -1 0 0 -1 0 -1.00349e-06 -1 9.61687e-07 0 -1 0 -0.946296 0.00585942 -0.323248 -0.930668 -0.00205079 -0.365859 -0.175077 -0.0129304 0.98447 -0.327563 -0.0341206 0.944213 -0.609635 0.0119668 0.792592 -0.999334 -0.00720423 0.035761 -0.999671 0.000571607 -0.0256495 -0.31641 -0.000300795 0.948622 -0.311667 -5.38104e-05 0.950191 0.998606 0.00239999 -0.0527354 0.997808 2.01031e-05 -0.0661835 0.670675 -0.00693129 -0.741719 0.625269 0.00295974 -0.780404 0.0458953 0.00672984 -0.998924 -0.0409867 -0.00363153 -0.999153 0.350732 -0.00105643 -0.936475 -0.755156 -0.00998063 -0.65547 -0.0421787 0.00490611 -0.999098 -0.0765783 -0.000652314 -0.997063 0.646297 0.00335512 -0.763078 0.646146 0.0033881 -0.763207 0.937083 -0.000278025 0.349107 0.937704 -0.000133747 0.347435 1.78367e-06 1 1.09721e-07 0 1 0 -6.10029e-07 1 7.20546e-07 -0.689968 0.379401 -0.616441 0.670823 0.716983 -0.189556 0 1 0 0 1 0 0 1 0 0 1 0 0 1 0 -3.71843e-07 1 -2.86961e-08 0 1 0 0 1 0 -0.576381 -0.00117223 0.81718 -0.59117 -0.00392659 0.806538 0.0105666 0.0091588 0.999902 0.146827 -0.0100956 0.989111 0.757911 0.004271 0.652344 0.745724 0.00117641 0.666254 2.51358e-07 -1 1.13302e-06 -1.84057e-06 -1 -7.23554e-07 0 -1 0 0 -1 0 -0.552235 -0.042065 -0.832626 0 -1 0 0 -1 0 0 -1 0 0 -1 0 0 -1 0 0 -1 0 0 -1 0 1.16049e-06 -1 -1.37019e-06 7.74848e-07 -1 -1.52301e-07 -0.993127 0.00108199 0.117039 -0.996121 -0.00487021 0.0878558 0.437755 0.00479103 0.899081 0.417363 0.00777153 0.908707 -0.0904038 -0.0241261 0.995613 -0.513821 0.0268432 0.857477 -0.910273 -0.0107056 0.413871 -0.72337 -0.0343416 0.689606 0.332271 0.0088073 0.943143 0.883831 -0.0151831 -0.46756 0.725962 0.0319143 -0.686994 0.116427 -0.0263387 -0.99285 -0.295604 0.0190789 -0.95512 -0.526844 -0.00354641 -0.849955 -0.103768 -0.00059601 -0.994601 -0.123982 0.000285855 -0.992284 -0.987097 -0.00342045 -0.160085 -0.938691 0.015691 -0.344403 -0.593802 -0.0200074 -0.804362 -0.0675333 0.0353474 -0.997091 0.221284 -0.0141847 -0.975106 0.993551 0.000473828 -0.113386 0.994394 -0.000116186 -0.10574 0 1 0 0 1 0 6.79325e-07 1 -3.08866e-07 0 1 0 0 1 0 0 1 0 0 1 0 1.94889e-06 1 -1.61703e-06 0 1 0 0 1 0 0 1 0 0 1 0 0 1 0 -0.324924 0.00718981 0.945713 -0.101303 -0.0128381 0.994773 0.334091 0.0154074 0.942415 0.54044 -0.0136222 0.841272 0.958643 0.0111213 0.284393 0.979611 -0.00171947 0.200899 0 -1 0 0 -1 0 -8.64379e-07 -1 1.97732e-07 0 -1 0 0 -1 0 0 -1 0 0 -1 0 0 -1 0 0 -1 0 0 -1 0 0 -1 0 0 -1 0 -0.835119 0.00260583 0.550063 -0.846753 -0.00114104 0.531986 0.691609 -0.0232555 0.721897 0.793627 0.000646687 0.608404 0.271688 -0.00815995 0.962351 0.143397 0.0124553 0.989587 -0.493669 -0.00178134 0.869648 0.804494 -0.0204202 -0.59361 0.628335 0.00783509 -0.777903 0.029141 -0.0168935 -0.999433 -0.141545 0.0117778 -0.989862 -0.758845 0.00520482 -0.651251 -0.796326 -0.0037105 -0.604856 -0.736719 0.00952094 -0.676132 -0.555916 -0.000194935 -0.831239 -0.98059 0.00750313 0.195925 -0.991634 -0.02901 -0.125783 -0.855082 0.0177962 -0.518188 -0.273626 -0.00898551 -0.961794 -0.250383 -0.00483849 -0.968135 0.861179 -0.000306172 -0.508302 0.858639 1.50452e-05 -0.512581 0 1 0 0 1 0 -0.383252 0.0169394 0.923488 0 1 0 0 1 0 0 1 0 0 1 0 0 1 0 0 1 0 0 1 0 0 1 0 0 1 0 0 1 0 0.510636 0.00417381 0.859787 0.621907 -0.0242022 0.782717 0.979525 0.0208203 0.200243 0.977301 -0.0137361 -0.211409 0.935293 0.000596925 -0.353873 0 -1 0 0 -1 0 0 -1 0 0.545111 -0.647953 0.531987 0 -1 0 0 -1 0 0 -1 0 0 -1 0 0 -1 0 0 -1 0 0 -1 0 0 -1 0 -0.772669 0.0316395 -0.63402 -0.490242 0.00239132 0.871583 -0.523425 -0.00308503 0.852066 0.934958 -0.026667 0.353754 0.98221 0.00259146 0.187766 0.674455 -0.0143314 0.738177 0.515803 0.0146087 0.856583 -0.252583 -0.00249186 0.967572 0.872429 0.00504823 0.488714 0.21699 -0.00748412 -0.976145 0.0778882 0.0138931 -0.996865 -0.627581 -0.00417002 -0.77854 -0.626308 -0.00387023 -0.779566 -0.984006 5.86647e-05 -0.178136 -0.984824 0.000639011 -0.173552 -0.811955 8.96533e-05 -0.58372 -0.725123 -0.00717021 -0.688582 -0.773622 -0.000564663 0.633647 -0.720651 -0.0117162 0.693199 -0.996877 0.0195256 0.0765171 -0.945705 -0.0222835 -0.324261 -0.665828 0.0117274 -0.746013 0.504788 -5.1049e-05 -0.863243 0.503757 5.21428e-05 -0.863845 -4.99805e-07 1 -1.05717e-06 -9.59602e-07 1 1.70604e-06 0 1 0 0 1 0 0.123913 0.0514933 0.990956 2.26282e-06 1 4.32575e-07 8.09399e-07 1 -5.30296e-07 0 1 0 0 1 0 0 1 0 0 1 0 0 1 0 0 1 0 0 1 0 0.616934 -0.000632405 0.787014 0.620056 -0.000194822 0.784557 0.947373 0.00322673 0.320116 0.961769 -0.00352831 0.27384 0.879526 0.000840802 -0.475851 0.87378 0.00322692 -0.486311 1.03441e-06 -1 -8.15903e-07 0 -1 0 0 -1 0 -2.02193e-06 -1 -7.65026e-07 0 -1 0 0 -1 0 -0.20912 -0.266964 0.940744 0.759738 -0.391191 -0.519392 -1.13374e-07 -1 3.33993e-07 0 -1 0 0 -1 0 0 -1 0 0 -1 0 0 -1 0 -0.996444 -0.0373847 -0.0755085 -0.0721839 -0.0017971 0.99739 -0.0526379 0.0021766 0.998611 0.993349 0.0305372 -0.111018 0.959391 0.00126132 -0.282078 0.90849 0.00213689 0.417901 0.850888 -0.0135912 0.525171 0.43312 0.0119227 0.901257 0.0360157 -0.029694 -0.99891 -0.224582 0.00295579 -0.974451 -0.808037 -0.00350545 -0.589121 -0.832421 0.00350588 -0.554133 -0.985905 -0.00331361 0.167274 -0.980513 0.00117181 0.196449 -0.997914 -0.000187002 -0.0645491 -0.296282 -0.00291262 0.955096 -0.846835 0.000956939 0.531855 -0.79486 -0.0137629 0.606637 -0.995736 0.0198157 -0.0900932 -0.927909 -0.00683969 -0.372745 0.0617084 0.000133695 -0.998094 0.0599285 0.000277968 -0.998203 -4.46105e-07 1 -6.85434e-07 -6.81064e-08 1 9.4105e-07 0 1 0 0 1 0 1.86034e-06 1 -2.07914e-07 0.53523 0.0243137 0.844356 0 1 0 2.89399e-07 1 -3.3611e-07 -0.307374 0.270488 0.912336 -0.564697 0.425933 -0.706893 0 1 0 0 1 0 0 1 0 0 1 0 0.907804 0.00367215 0.41938 0.9619 -0.0172783 0.272855 0.89809 0.0189477 -0.439404 0.802829 -0.00961968 -0.596132 0.300423 0.00308637 -0.953801 0.319275 0.000598677 -0.947662 0 -1 0 -6.21401e-07 -1 1.67557e-06 0 -1 0 -0.660634 -0.042462 0.749506 0 -1 0 9.05778e-07 -1 -2.66315e-07 0.419339 -0.906215 0.0541193 3.67461e-07 -1 -3.25095e-07 0 -1 0 0 -1 0 0 -1 0 0 -1 0 0 -1 0 0 -1 0 -0.989585 0.0252864 0.141712 0.30031 -0.00174667 0.95384 0.286729 -0.00415221 0.958003 0.886996 0.0291024 -0.46086 0.837595 0.0112931 -0.546175 0.985007 0.00258279 0.172497 0.958721 -0.0139347 0.284006 0.556038 0.00767091 0.831122 -0.565202 0.0125494 -0.824857 -0.851031 -0.021587 -0.524671 -0.987655 0.0218863 -0.155111 -0.869349 -0.0142011 0.493994 -0.895661 -0.00286373 0.444729 -0.948324 -0.000911185 0.317303 -0.116971 0.00457652 0.993125 -0.18797 0.0135818 0.982081 -0.782695 -0.0207338 0.622061 -0.982884 0.0313697 0.181536 -0.25893 -0.00351899 -0.96589 -0.301923 -8.41833e-05 -0.953332 0 1 0 0 1 0 0.864243 0.0495917 0.500624 -0.039729 0.415379 -0.90878 0 1 0 0 1 0 0 1 0 0 1 0 0 1 0 0 1 0 0 1 0 0 1 0 0 1 0 0.999763 -0.0108969 -0.0188232 0.959015 0.0241396 -0.282325 0.722808 -0.0218214 -0.690704 0.354605 0.0201375 -0.934799 -0.0556027 -0.00823936 -0.998419 -0.619989 0.0322235 -0.783949 0 -1 0 0 -1 0 0.285045 -0.0557269 -0.956893 0.872059 -0.443172 0.207634 0 -1 0 0 -1 0 0 -1 0 -3.59135e-07 -1 -9.68553e-07 0 -1 0 0 -1 0 0 -1 0 0 -1 0 0 -1 0 -0.179449 -0.0256717 0.983432 0.99999 0.00278357 0.00363378 0.999962 0.00179771 0.00852908 -0.297896 0.00593065 -0.95458 -0.104304 -0.0314009 -0.99405 0.597266 0.0219839 -0.801742 0.866688 -0.0139632 -0.498654 0.942586 0.00272853 -0.333952 -0.934936 -0.00309253 -0.354802 -0.994581 0.0153809 -0.102821 -0.796163 -0.012743 0.604948 -0.607037 0.0201656 0.794418 0.000875913 -0.0241458 0.999708 0.219411 0.0111833 0.975569 0.852903 0.0010973 0.522068 0.469504 -0.0177959 0.882751 0.172228 0.0176648 0.984899 -0.286556 -0.0118248 0.95799 -0.999883 -5.11256e-05 -0.0152978 -0.999609 0.00354937 0.0277317 0 1 0 0 1 0 0 1 0 -0.841096 0.540345 -0.0241829 0 1 0 0 1 0 0 1 0 0 1 0 0 1 0 0 1 0 0 1 0 0.339492 -0.000646135 -0.940609 0.379749 -0.00665309 -0.925066 -0.233394 0.0151849 -0.972264 -0.485807 -0.0234013 -0.873753 -0.942461 0.0228709 -0.333534 -0.97155 0.00985748 -0.236631 2.55553e-06 -1 5.08038e-07 9.49494e-07 -1 8.09862e-09 0 -1 0 0.822547 -0.0080672 0.568639 0 -1 0 -4.46304e-07 -1 -1.43014e-06 0 -1 0 0 -1 0 -3.71881e-07 -1 -2.13298e-06 0 -1 0 0 -1 0 -3.18143e-07 -1 1.74352e-06 -4.81425e-07 -1 4.6002e-07</float_array>
                    <technique_common>
                        <accessor count="3000" source="#shape0-lib-normals-array" stride="3">
                            <param name="X" type="float"/>
                            <param name="Y" type="float"/>
                            <param name="Z" type="float"/>
                        </accessor>
                    </technique_common>
                </source>
                <vertices id="shape0-lib-vertices">
                    <input semantic="POSITION" source="#shape0-lib-positions"/>
                </vertices>
                <triangles count="3000">
                    <input offset="0" semantic="VERTEX" source="#shape0-lib-vertices"/>
                    <input offset="1" semantic="NORMAL" source="#shape0-lib-normals"/>
                    <p>2 0 19 0 3 0 5 1 3 1 20 1 20 2 3 2 19 2 5 3 20 3 24 3 5 4 24 4 13 4 13 5 24 5 0 5 13 6 0 6 11 6 11 7 0 7 1 7 10 8 1 8 27 8 10 9 27 9 28 9 10 10 28 10 12 10 12 11 28 11 30 11 12 12 30 12 9 12 9 13 30 13 23 13 9 14 23 14 4 14 7 15 18 15 21 15 21 16 18 16 17 16 7 17 21 17 8 17 8 18 21 18 22 18 8 19 22 19 29 19 8 20 29 20 2 20 2 21 29 21 19 21 6 22 4 22 14 22 14 23 4 23 23 23 6 24 3 24 4 24 4 25 3 25 5 25 18 26 7 26 8 26 18 27 8 27 16 27 4 28 5 28 13 28 4 29 13 29 9 29 1 30 10 30 11 30 11 31 10 31 12 31 16 32 8 32 15 32 15 33 8 33 2 33 15 34 2 34 6 34 11 35 12 35 9 35 11 36 9 36 13 36 6 37 2 37 3 37 6 38 14 38 15 38 15 39 14 39 26 39 15 40 26 40 25 40 15 41 25 41 16 41 16 42 25 42 17 42 16 43 17 43 18 43 23 44 20 44 14 44 14 45 20 45 19 45 21 46 17 46 22 46 23 47 24 47 20 47 22 48 17 48 25 48 22 49 25 49 29 49 29 50 25 50 26 50 27 51 1 51 28 51 28 52 1 52 0 52 14 53 19 53 29 53 14 54 29 54 26 54 23 55 30 55 24 55 24 56 30 56 0 56 0 57 30 57 28 57 37 58 49 58 39 58 41 59 39 59 50 59 50 60 39 60 49 60 41 61 50 61 54 61 41 62 54 62 31 62 31 63 54 63 32 63 32 64 54 64 56 64 32 65 56 65 34 65 34 66 56 66 53 66 33 67 34 67 52 67 52 68 34 68 53 68 33 69 52 69 55 69 33 70 55 70 43 70 43 71 55 71 57 71 43 72 57 72 40 72 40 73 57 73 60 73 42 74 48 74 35 74 35 75 48 75 47 75 42 76 35 76 51 76 42 77 51 77 36 77 36 78 51 78 37 78 37 79 51 79 58 79 37 80 58 80 49 80 38 81 40 81 59 81 59 82 40 82 60 82 37 83 39 83 38 83 38 84 39 84 40 84 40 85 39 85 41 85 34 86 33 86 32 86 40 87 41 87 31 87 40 88 31 88 43 88 48 89 42 89 45 89 45 90 42 90 36 90 37 91 38 91 45 91 37 92 45 92 36 92 32 93 33 93 43 93 32 94 43 94 31 94 38 95 59 95 44 95 38 96 44 96 45 96 45 97 44 97 46 97 45 98 46 98 48 98 48 99 46 99 47 99 35 100 47 100 46 100 35 101 46 101 51 101 60 102 50 102 59 102 59 103 50 103 49 103 51 104 46 104 44 104 51 105 44 105 58 105 52 106 53 106 55 106 55 107 53 107 56 107 54 108 57 108 55 108 54 109 55 109 56 109 57 110 54 110 60 110 58 111 44 111 59 111 58 112 59 112 49 112 60 113 54 113 50 113 211 114 452 114 327 114 327 115 452 115 453 115 211 116 327 116 278 116 278 117 327 117 348 117 278 118 348 118 277 118 277 119 348 119 61 119 277 120 61 120 62 120 277 121 62 121 275 121 63 122 275 122 345 122 345 123 275 123 62 123 63 124 345 124 276 124 276 125 345 125 346 125 276 126 346 126 347 126 276 127 347 127 279 127 279 128 347 128 322 128 279 129 322 129 210 129 225 130 210 130 64 130 64 131 210 131 322 131 225 132 64 132 65 132 65 133 64 133 362 133 65 134 362 134 66 134 66 135 362 135 354 135 66 136 354 136 67 136 67 137 354 137 352 137 67 138 352 138 68 138 68 139 352 139 350 139 68 140 350 140 69 140 69 141 350 141 324 141 70 142 69 142 329 142 329 143 69 143 324 143 70 144 329 144 333 144 70 145 333 145 71 145 71 146 333 146 72 146 71 147 72 147 224 147 224 148 72 148 363 148 224 149 363 149 73 149 224 150 73 150 274 150 274 151 73 151 74 151 74 152 73 152 392 152 74 153 392 153 334 153 74 154 334 154 75 154 223 155 75 155 76 155 76 156 75 156 334 156 223 157 76 157 290 157 290 158 76 158 77 158 290 159 77 159 78 159 78 160 77 160 79 160 78 161 79 161 304 161 304 162 79 162 376 162 304 163 376 163 306 163 306 164 376 164 374 164 306 165 374 165 221 165 221 166 374 166 80 166 82 167 221 167 81 167 81 168 221 168 80 168 82 169 81 169 83 169 83 170 81 170 84 170 83 171 84 171 257 171 257 172 84 172 355 172 257 173 355 173 86 173 86 174 355 174 85 174 86 175 85 175 317 175 317 176 85 176 87 176 317 177 87 177 318 177 318 178 87 178 335 178 318 179 335 179 288 179 256 180 288 180 88 180 88 181 288 181 335 181 256 182 88 182 90 182 256 183 90 183 89 183 89 184 90 184 91 184 89 185 91 185 313 185 313 186 91 186 92 186 313 187 92 187 314 187 314 188 92 188 439 188 314 189 439 189 315 189 315 190 439 190 436 190 315 191 436 191 220 191 220 192 436 192 93 192 94 193 220 193 368 193 368 194 220 194 93 194 94 195 368 195 398 195 94 196 398 196 95 196 95 197 398 197 96 197 96 198 398 198 97 198 96 199 97 199 309 199 309 200 97 200 396 200 309 201 396 201 98 201 98 202 396 202 403 202 98 203 403 203 400 203 98 204 400 204 312 204 312 205 400 205 339 205 312 206 339 206 270 206 269 207 270 207 336 207 336 208 270 208 339 208 269 209 336 209 319 209 319 210 336 210 418 210 319 211 418 211 321 211 321 212 418 212 99 212 321 213 99 213 241 213 241 214 99 214 407 214 241 215 407 215 267 215 267 216 407 216 100 216 267 217 100 217 101 217 267 218 101 218 197 218 358 219 197 219 101 219 197 220 358 220 238 220 238 221 358 221 240 221 240 222 358 222 102 222 240 223 102 223 103 223 103 224 102 224 424 224 103 225 424 225 104 225 104 226 424 226 426 226 104 227 426 227 428 227 104 228 428 228 285 228 285 229 428 229 105 229 106 230 202 230 105 230 202 231 106 231 249 231 249 232 106 232 107 232 249 233 107 233 251 233 251 234 107 234 433 234 251 235 433 235 253 235 253 236 433 236 432 236 253 237 432 237 299 237 299 238 432 238 108 238 299 239 108 239 110 239 110 240 108 240 109 240 110 241 109 241 419 241 110 242 419 242 235 242 218 243 235 243 111 243 111 244 235 244 419 244 218 245 111 245 442 245 218 246 442 246 112 246 112 247 442 247 113 247 112 248 113 248 310 248 310 249 113 249 280 249 280 250 113 250 114 250 280 251 114 251 115 251 115 252 114 252 116 252 115 253 116 253 117 253 115 254 117 254 284 254 284 255 117 255 420 255 284 256 420 256 118 256 119 257 118 257 409 257 409 258 118 258 420 258 119 259 409 259 296 259 296 260 409 260 446 260 296 261 446 261 445 261 296 262 445 262 263 262 263 263 445 263 430 263 263 264 430 264 121 264 121 265 430 265 120 265 121 266 120 266 122 266 121 267 122 267 265 267 265 268 122 268 326 268 265 269 326 269 201 269 123 270 201 270 124 270 124 271 201 271 326 271 123 272 124 272 233 272 233 273 124 273 386 273 233 274 386 274 262 274 262 275 386 275 125 275 262 276 125 276 126 276 126 277 125 277 385 277 126 278 385 278 388 278 126 279 388 279 127 279 127 280 388 280 128 280 127 281 128 281 194 281 194 282 128 282 341 282 194 283 341 283 198 283 200 284 198 284 129 284 129 285 198 285 341 285 200 286 129 286 413 286 200 287 413 287 245 287 245 288 413 288 411 288 245 289 411 289 247 289 247 290 411 290 248 290 248 291 411 291 369 291 248 292 369 292 207 292 207 293 369 293 372 293 207 294 372 294 205 294 205 295 372 295 344 295 205 296 344 296 130 296 131 297 130 297 343 297 343 298 130 298 344 298 131 299 343 299 132 299 131 300 132 300 227 300 227 301 132 301 133 301 227 302 133 302 230 302 230 303 133 303 134 303 230 304 134 304 231 304 231 305 134 305 135 305 135 306 134 306 136 306 135 307 136 307 390 307 135 308 390 308 193 308 137 309 193 309 332 309 332 310 193 310 390 310 137 311 332 311 138 311 137 312 138 312 215 312 215 313 138 313 213 313 213 314 138 314 139 314 213 315 139 315 140 315 140 316 139 316 416 316 212 317 140 317 141 317 141 318 140 318 416 318 212 319 141 319 142 319 142 320 141 320 417 320 142 321 417 321 214 321 214 322 417 322 360 322 214 323 360 323 204 323 216 324 204 324 359 324 359 325 204 325 360 325 216 326 359 326 144 326 144 327 359 327 143 327 144 328 143 328 391 328 144 329 391 329 217 329 217 330 391 330 414 330 217 331 414 331 145 331 145 332 414 332 229 332 229 333 414 333 146 333 229 334 146 334 228 334 228 335 146 335 147 335 228 336 147 336 226 336 226 337 147 337 415 337 148 338 226 338 370 338 370 339 226 339 415 339 148 340 370 340 371 340 148 341 371 341 149 341 149 342 371 342 373 342 149 343 373 343 206 343 206 344 373 344 150 344 206 345 150 345 151 345 151 346 150 346 410 346 151 347 410 347 246 347 246 348 410 348 244 348 244 349 410 349 412 349 244 350 412 350 243 350 243 351 412 351 342 351 199 352 243 352 340 352 340 353 243 353 342 353 199 354 340 354 387 354 199 355 387 355 232 355 232 356 387 356 152 356 152 357 387 357 389 357 152 358 389 358 153 358 152 359 153 359 154 359 154 360 153 360 261 360 261 361 153 361 155 361 261 362 155 362 234 362 234 363 155 363 323 363 208 364 234 364 325 364 325 365 234 365 323 365 208 366 325 366 383 366 208 367 383 367 156 367 156 368 383 368 264 368 264 369 383 369 384 369 264 370 384 370 297 370 297 371 384 371 429 371 297 372 429 372 157 372 297 373 157 373 158 373 158 374 157 374 447 374 158 375 447 375 159 375 159 376 447 376 448 376 298 377 159 377 421 377 421 378 159 378 448 378 298 379 421 379 283 379 283 380 421 380 435 380 283 381 435 381 282 381 282 382 435 382 444 382 282 383 444 383 281 383 281 384 444 384 441 384 281 385 441 385 311 385 311 386 441 386 160 386 311 387 160 387 161 387 161 388 160 388 443 388 161 389 443 389 236 389 219 390 236 390 162 390 162 391 236 391 443 391 219 392 162 392 300 392 300 393 162 393 434 393 300 394 434 394 163 394 300 395 163 395 301 395 301 396 163 396 431 396 301 397 431 397 252 397 252 398 431 398 164 398 252 399 164 399 250 399 250 400 164 400 408 400 250 401 408 401 203 401 195 402 203 402 165 402 165 403 203 403 408 403 195 404 165 404 427 404 195 405 427 405 286 405 286 406 427 406 166 406 286 407 166 407 167 407 167 408 166 408 423 408 167 409 423 409 168 409 168 410 423 410 425 410 168 411 425 411 239 411 239 412 425 412 169 412 239 413 169 413 237 413 237 414 169 414 382 414 196 415 237 415 404 415 404 416 237 416 382 416 196 417 404 417 405 417 196 418 405 418 266 418 266 419 405 419 406 419 266 420 406 420 268 420 268 421 406 421 422 421 268 422 422 422 320 422 320 423 422 423 170 423 320 424 170 424 171 424 320 425 171 425 172 425 172 426 171 426 337 426 172 427 337 427 174 427 173 428 174 428 338 428 338 429 174 429 337 429 173 430 338 430 401 430 173 431 401 431 175 431 175 432 401 432 402 432 175 433 402 433 176 433 176 434 402 434 381 434 176 435 381 435 178 435 176 436 178 436 177 436 177 437 178 437 397 437 177 438 397 438 179 438 179 439 397 439 399 439 179 440 399 440 254 440 316 441 254 441 437 441 437 442 254 442 399 442 316 443 437 443 438 443 316 444 438 444 180 444 180 445 438 445 440 445 180 446 440 446 287 446 287 447 440 447 367 447 287 448 367 448 393 448 287 449 393 449 303 449 303 450 393 450 394 450 303 451 394 451 302 451 302 452 394 452 395 452 302 453 395 453 242 453 255 454 242 454 378 454 378 455 242 455 395 455 255 456 378 456 181 456 181 457 378 457 379 457 181 458 379 458 380 458 181 459 380 459 182 459 182 460 380 460 183 460 183 461 380 461 331 461 183 462 331 462 272 462 272 463 331 463 356 463 272 464 356 464 184 464 184 465 356 465 357 465 184 466 357 466 271 466 308 467 271 467 330 467 330 468 271 468 357 468 308 469 330 469 307 469 307 470 330 470 375 470 307 471 375 471 305 471 305 472 375 472 185 472 305 473 185 473 377 473 305 474 377 474 289 474 289 475 377 475 364 475 289 476 364 476 291 476 291 477 364 477 365 477 291 478 365 478 186 478 186 479 365 479 366 479 186 480 366 480 222 480 209 481 222 481 187 481 187 482 222 482 366 482 209 483 187 483 188 483 209 484 188 484 273 484 273 485 188 485 189 485 273 486 189 486 190 486 190 487 189 487 191 487 190 488 191 488 258 488 258 489 191 489 259 489 259 490 191 490 192 490 259 491 192 491 260 491 260 492 192 492 328 492 294 493 260 493 349 493 349 494 260 494 328 494 294 495 349 495 293 495 293 496 349 496 351 496 293 497 351 497 292 497 292 498 351 498 353 498 292 499 353 499 295 499 216 500 193 500 204 500 204 501 193 501 137 501 148 502 130 502 226 502 226 503 130 503 131 503 105 504 202 504 195 504 196 505 197 505 237 505 199 506 198 506 243 506 243 507 198 507 200 507 199 508 194 508 198 508 208 509 201 509 234 509 234 510 201 510 123 510 195 511 202 511 203 511 237 512 197 512 238 512 267 513 197 513 196 513 207 514 151 514 248 514 130 515 148 515 205 515 205 516 148 516 149 516 205 517 149 517 207 517 207 518 149 518 206 518 207 519 206 519 151 519 203 520 202 520 249 520 294 521 69 521 260 521 260 522 69 522 70 522 211 523 210 523 452 523 452 524 210 524 225 524 140 525 212 525 142 525 140 526 142 526 213 526 213 527 142 527 214 527 213 528 214 528 215 528 215 529 214 529 204 529 215 530 204 530 137 530 193 531 216 531 135 531 135 532 216 532 144 532 135 533 144 533 217 533 135 534 217 534 231 534 231 535 217 535 145 535 271 536 82 536 83 536 308 537 221 537 271 537 271 538 221 538 82 538 209 539 75 539 222 539 222 540 75 540 223 540 452 541 225 541 65 541 226 542 131 542 227 542 226 543 227 543 228 543 228 544 227 544 229 544 229 545 227 545 230 545 229 546 230 546 145 546 145 547 230 547 231 547 194 548 199 548 232 548 194 549 232 549 127 549 127 550 232 550 152 550 127 551 152 551 126 551 234 552 123 552 233 552 219 553 235 553 236 553 236 554 235 554 218 554 237 555 238 555 240 555 237 556 240 556 239 556 239 557 240 557 103 557 239 558 103 558 168 558 168 559 103 559 167 559 167 560 103 560 104 560 211 561 279 561 210 561 243 562 200 562 245 562 243 563 245 563 244 563 244 564 245 564 246 564 246 565 245 565 247 565 246 566 247 566 151 566 151 567 247 567 248 567 298 568 118 568 159 568 159 569 118 569 119 569 284 570 118 570 298 570 203 571 249 571 250 571 250 572 249 572 251 572 250 573 251 573 252 573 252 574 251 574 253 574 252 575 253 575 299 575 316 576 220 576 254 576 254 577 220 577 94 577 255 578 288 578 242 578 242 579 288 579 256 579 209 580 74 580 75 580 190 581 258 581 224 581 224 582 258 582 71 582 71 583 258 583 259 583 71 584 259 584 70 584 70 585 259 585 260 585 234 586 233 586 261 586 261 587 233 587 262 587 261 588 262 588 154 588 154 589 262 589 126 589 154 590 126 590 152 590 297 591 263 591 264 591 264 592 263 592 121 592 264 593 121 593 156 593 156 594 121 594 265 594 156 595 265 595 208 595 208 596 265 596 201 596 219 597 110 597 235 597 299 598 301 598 252 598 267 599 196 599 266 599 267 600 266 600 268 600 267 601 268 601 241 601 241 602 268 602 320 602 173 603 270 603 174 603 174 604 270 604 269 604 257 605 183 605 272 605 271 606 83 606 184 606 184 607 83 607 257 607 184 608 257 608 272 608 190 609 224 609 274 609 190 610 274 610 273 610 273 611 274 611 74 611 273 612 74 612 209 612 275 613 63 613 277 613 277 614 63 614 276 614 277 615 276 615 278 615 278 616 276 616 279 616 278 617 279 617 211 617 281 618 280 618 115 618 281 619 115 619 282 619 282 620 115 620 283 620 283 621 115 621 284 621 283 622 284 622 298 622 105 623 195 623 285 623 285 624 195 624 286 624 285 625 286 625 104 625 104 626 286 626 167 626 313 627 287 627 303 627 318 628 288 628 255 628 222 629 223 629 290 629 222 630 290 630 186 630 186 631 290 631 78 631 186 632 78 632 291 632 291 633 78 633 289 633 295 634 66 634 67 634 295 635 67 635 292 635 292 636 67 636 68 636 292 637 68 637 293 637 293 638 68 638 294 638 294 639 68 639 69 639 66 640 295 640 450 640 66 641 450 641 65 641 65 642 450 642 451 642 65 643 451 643 452 643 159 644 119 644 296 644 159 645 296 645 158 645 158 646 296 646 297 646 297 647 296 647 263 647 110 648 219 648 300 648 110 649 300 649 299 649 299 650 300 650 301 650 242 651 256 651 89 651 242 652 89 652 302 652 302 653 89 653 303 653 303 654 89 654 313 654 78 655 304 655 289 655 289 656 304 656 305 656 305 657 304 657 306 657 305 658 306 658 307 658 307 659 306 659 221 659 307 660 221 660 308 660 254 661 94 661 95 661 254 662 95 662 179 662 179 663 95 663 96 663 179 664 96 664 177 664 177 665 96 665 176 665 176 666 96 666 309 666 176 667 309 667 98 667 236 668 218 668 161 668 161 669 218 669 112 669 161 670 112 670 311 670 311 671 112 671 310 671 311 672 310 672 281 672 281 673 310 673 280 673 270 674 173 674 312 674 312 675 173 675 175 675 312 676 175 676 98 676 98 677 175 677 176 677 287 678 313 678 314 678 287 679 314 679 180 679 180 680 314 680 315 680 180 681 315 681 316 681 316 682 315 682 220 682 257 683 86 683 183 683 183 684 86 684 182 684 182 685 86 685 317 685 182 686 317 686 181 686 181 687 317 687 318 687 181 688 318 688 255 688 174 689 269 689 319 689 174 690 319 690 172 690 172 691 319 691 321 691 172 692 321 692 320 692 320 693 321 693 241 693 453 694 64 694 327 694 327 695 64 695 322 695 328 696 329 696 349 696 349 697 329 697 324 697 323 698 124 698 325 698 325 699 124 699 326 699 354 700 449 700 353 700 357 701 81 701 330 701 330 702 81 702 80 702 380 703 355 703 331 703 101 704 100 704 404 704 342 705 129 705 340 705 340 706 129 706 341 706 360 707 332 707 359 707 359 708 332 708 390 708 328 709 333 709 329 709 366 710 76 710 187 710 187 711 76 711 334 711 357 712 84 712 81 712 395 713 88 713 378 713 378 714 88 714 335 714 90 715 88 715 395 715 337 716 336 716 338 716 338 717 336 717 339 717 342 718 413 718 129 718 415 719 343 719 370 719 370 720 343 720 344 720 415 721 132 721 343 721 138 722 332 722 360 722 345 723 62 723 346 723 346 724 62 724 61 724 346 725 61 725 347 725 347 726 61 726 348 726 347 727 348 727 322 727 322 728 348 728 327 728 349 729 324 729 350 729 349 730 350 730 351 730 351 731 350 731 352 731 351 732 352 732 353 732 353 733 352 733 354 733 331 734 355 734 84 734 331 735 84 735 356 735 356 736 84 736 357 736 399 737 368 737 437 737 437 738 368 738 93 738 382 739 358 739 404 739 404 740 358 740 101 740 64 741 453 741 362 741 362 742 453 742 361 742 362 743 361 743 449 743 362 744 449 744 354 744 73 745 363 745 189 745 189 746 363 746 191 746 191 747 363 747 72 747 191 748 72 748 333 748 191 749 333 749 192 749 192 750 333 750 328 750 377 751 376 751 79 751 377 752 79 752 364 752 364 753 79 753 365 753 365 754 79 754 77 754 365 755 77 755 366 755 366 756 77 756 76 756 367 757 92 757 393 757 437 758 93 758 436 758 408 759 106 759 165 759 165 760 106 760 105 760 370 761 344 761 371 761 371 762 344 762 372 762 371 763 372 763 373 763 373 764 372 764 369 764 373 765 369 765 150 765 330 766 80 766 374 766 330 767 374 767 375 767 375 768 374 768 185 768 185 769 374 769 376 769 185 770 376 770 377 770 378 771 335 771 87 771 378 772 87 772 379 772 379 773 87 773 85 773 379 774 85 774 380 774 380 775 85 775 355 775 399 776 398 776 368 776 325 777 326 777 122 777 325 778 122 778 383 778 383 779 122 779 120 779 383 780 120 780 384 780 384 781 120 781 430 781 388 782 385 782 389 782 389 783 385 783 153 783 153 784 385 784 125 784 153 785 125 785 155 785 155 786 125 786 386 786 155 787 386 787 323 787 323 788 386 788 124 788 388 789 389 789 387 789 388 790 387 790 128 790 128 791 387 791 340 791 128 792 340 792 341 792 359 793 390 793 143 793 143 794 390 794 136 794 143 795 136 795 391 795 391 796 136 796 134 796 391 797 134 797 414 797 187 798 334 798 392 798 187 799 392 799 188 799 188 800 392 800 73 800 188 801 73 801 189 801 393 802 92 802 91 802 393 803 91 803 394 803 394 804 91 804 90 804 394 805 90 805 395 805 381 806 396 806 178 806 178 807 396 807 97 807 178 808 97 808 397 808 397 809 97 809 398 809 397 810 398 810 399 810 338 811 339 811 400 811 338 812 400 812 401 812 401 813 400 813 403 813 401 814 403 814 402 814 402 815 403 815 381 815 381 816 403 816 396 816 404 817 100 817 405 817 405 818 100 818 406 818 406 819 100 819 407 819 406 820 407 820 422 820 443 821 111 821 162 821 162 822 111 822 419 822 448 823 409 823 421 823 421 824 409 824 420 824 150 825 369 825 410 825 410 826 369 826 411 826 410 827 411 827 412 827 412 828 411 828 413 828 412 829 413 829 342 829 414 830 134 830 133 830 414 831 133 831 146 831 146 832 133 832 147 832 147 833 133 833 132 833 147 834 132 834 415 834 141 835 416 835 139 835 141 836 139 836 417 836 417 837 139 837 138 837 417 838 138 838 360 838 407 839 99 839 422 839 422 840 99 840 170 840 170 841 99 841 418 841 170 842 418 842 171 842 171 843 418 843 336 843 171 844 336 844 337 844 162 845 419 845 109 845 444 846 116 846 114 846 423 847 426 847 424 847 423 848 424 848 425 848 425 849 424 849 102 849 425 850 102 850 169 850 169 851 102 851 382 851 382 852 102 852 358 852 165 853 105 853 428 853 165 854 428 854 427 854 427 855 428 855 166 855 166 856 428 856 426 856 166 857 426 857 423 857 408 858 107 858 106 858 384 859 430 859 429 859 108 860 432 860 431 860 431 861 432 861 433 861 431 862 433 862 164 862 164 863 433 863 107 863 164 864 107 864 408 864 162 865 109 865 434 865 434 866 109 866 108 866 434 867 108 867 163 867 163 868 108 868 431 868 116 869 444 869 435 869 116 870 435 870 117 870 117 871 435 871 421 871 117 872 421 872 420 872 437 873 436 873 438 873 438 874 436 874 440 874 440 875 436 875 439 875 440 876 439 876 367 876 367 877 439 877 92 877 444 878 114 878 441 878 441 879 114 879 113 879 441 880 113 880 160 880 160 881 113 881 442 881 160 882 442 882 443 882 443 883 442 883 111 883 429 884 430 884 445 884 429 885 445 885 157 885 157 886 445 886 447 886 447 887 445 887 446 887 447 888 446 888 448 888 448 889 446 889 409 889 295 890 353 890 449 890 295 891 449 891 450 891 450 892 449 892 361 892 450 893 361 893 451 893 451 894 361 894 453 894 451 895 453 895 452 895 469 896 464 896 455 896 455 897 464 897 454 897 469 898 455 898 456 898 456 899 455 899 478 899 456 900 478 900 470 900 470 901 478 901 481 901 470 902 481 902 466 902 466 903 481 903 480 903 458 904 466 904 457 904 457 905 466 905 480 905 458 906 457 906 459 906 458 907 459 907 471 907 471 908 459 908 479 908 471 909 479 909 483 909 471 910 483 910 468 910 460 911 461 911 475 911 461 912 460 912 462 912 462 913 460 913 482 913 462 914 482 914 463 914 462 915 463 915 464 915 464 916 463 916 454 916 472 917 468 917 476 917 476 918 468 918 483 918 472 919 464 919 468 919 468 920 464 920 469 920 465 921 461 921 462 921 467 922 464 922 472 922 466 923 458 923 470 923 468 924 456 924 471 924 464 925 467 925 462 925 462 926 467 926 474 926 462 927 474 927 465 927 468 928 469 928 456 928 470 929 458 929 471 929 470 930 471 930 456 930 472 931 476 931 477 931 472 932 477 932 467 932 467 933 477 933 474 933 474 934 477 934 473 934 474 935 473 935 465 935 465 936 473 936 475 936 465 937 475 937 461 937 483 938 455 938 476 938 476 939 455 939 454 939 476 940 454 940 463 940 476 941 463 941 477 941 478 942 483 942 479 942 478 943 479 943 481 943 481 944 479 944 459 944 457 945 480 945 481 945 457 946 481 946 459 946 482 947 473 947 463 947 463 948 473 948 477 948 460 949 475 949 473 949 460 950 473 950 482 950 483 951 478 951 455 951 484 952 492 952 504 952 504 953 492 953 505 953 484 954 504 954 485 954 485 955 504 955 512 955 485 956 512 956 487 956 487 957 512 957 486 957 487 958 486 958 488 958 493 959 488 959 489 959 493 960 489 960 513 960 493 961 513 961 490 961 490 962 513 962 497 962 497 963 513 963 506 963 497 964 506 964 507 964 497 965 507 965 496 965 491 966 508 966 499 966 499 967 508 967 498 967 498 968 508 968 510 968 498 969 510 969 492 969 492 970 510 970 505 970 495 971 496 971 503 971 503 972 496 972 507 972 495 973 492 973 496 973 496 974 492 974 484 974 496 975 484 975 485 975 488 976 493 976 487 976 487 977 493 977 490 977 494 978 491 978 499 978 492 979 495 979 498 979 498 980 495 980 500 980 496 981 485 981 497 981 487 982 490 982 497 982 487 983 497 983 485 983 498 984 500 984 501 984 498 985 501 985 499 985 499 986 501 986 494 986 495 987 503 987 500 987 500 988 503 988 511 988 500 989 511 989 501 989 501 990 511 990 502 990 501 991 502 991 494 991 494 992 502 992 509 992 494 993 509 993 491 993 512 994 504 994 506 994 507 995 504 995 503 995 503 996 504 996 505 996 506 997 504 997 507 997 491 998 509 998 508 998 489 999 488 999 513 999 513 1000 488 1000 486 1000 503 1001 505 1001 510 1001 503 1002 510 1002 511 1002 509 1003 502 1003 508 1003 508 1004 502 1004 511 1004 508 1005 511 1005 510 1005 512 1006 506 1006 513 1006 512 1007 513 1007 486 1007 526 1008 514 1008 523 1008 515 1009 523 1009 514 1009 523 1010 515 1010 527 1010 527 1011 515 1011 537 1011 527 1012 537 1012 516 1012 516 1013 537 1013 539 1013 516 1014 539 1014 521 1014 517 1015 521 1015 535 1015 517 1016 535 1016 518 1016 518 1017 535 1017 538 1017 518 1018 538 1018 536 1018 518 1019 536 1019 524 1019 524 1020 536 1020 522 1020 522 1021 536 1021 532 1021 533 1022 531 1022 534 1022 533 1023 519 1023 520 1023 520 1024 519 1024 542 1024 520 1025 542 1025 526 1025 526 1026 542 1026 514 1026 525 1027 522 1027 540 1027 540 1028 522 1028 532 1028 521 1029 517 1029 516 1029 516 1030 517 1030 518 1030 522 1031 523 1031 527 1031 525 1032 523 1032 522 1032 523 1033 525 1033 526 1033 522 1034 527 1034 524 1034 531 1035 533 1035 530 1035 530 1036 533 1036 520 1036 526 1037 525 1037 528 1037 526 1038 528 1038 520 1038 520 1039 528 1039 530 1039 516 1040 518 1040 527 1040 527 1041 518 1041 524 1041 525 1042 540 1042 529 1042 525 1043 529 1043 528 1043 528 1044 529 1044 541 1044 528 1045 541 1045 530 1045 530 1046 541 1046 531 1046 531 1047 541 1047 534 1047 532 1048 515 1048 540 1048 540 1049 515 1049 514 1049 515 1050 532 1050 537 1050 537 1051 532 1051 536 1051 533 1052 534 1052 519 1052 519 1053 534 1053 541 1053 539 1054 538 1054 521 1054 521 1055 538 1055 535 1055 537 1056 536 1056 539 1056 539 1057 536 1057 538 1057 519 1058 541 1058 542 1058 542 1059 541 1059 529 1059 540 1060 514 1060 542 1060 540 1061 542 1061 529 1061 554 1062 543 1062 545 1062 545 1063 543 1063 544 1063 554 1064 545 1064 570 1064 554 1065 570 1065 546 1065 546 1066 570 1066 547 1066 547 1067 570 1067 569 1067 547 1068 569 1068 553 1068 553 1069 569 1069 568 1069 548 1070 553 1070 549 1070 549 1071 553 1071 568 1071 548 1072 549 1072 571 1072 548 1073 571 1073 559 1073 559 1074 571 1074 550 1074 559 1075 550 1075 572 1075 559 1076 572 1076 555 1076 557 1077 551 1077 565 1077 565 1078 551 1078 563 1078 557 1079 565 1079 556 1079 556 1080 565 1080 552 1080 556 1081 552 1081 558 1081 558 1082 552 1082 544 1082 558 1083 544 1083 543 1083 560 1084 555 1084 564 1084 564 1085 555 1085 572 1085 560 1086 543 1086 555 1086 555 1087 543 1087 554 1087 553 1088 548 1088 547 1088 556 1089 562 1089 551 1089 556 1090 551 1090 557 1090 561 1091 558 1091 560 1091 560 1092 558 1092 543 1092 558 1093 561 1093 556 1093 556 1094 561 1094 562 1094 555 1095 554 1095 546 1095 555 1096 546 1096 559 1096 547 1097 548 1097 559 1097 547 1098 559 1098 546 1098 560 1099 564 1099 567 1099 560 1100 567 1100 561 1100 561 1101 567 1101 562 1101 562 1102 567 1102 566 1102 562 1103 566 1103 551 1103 551 1104 566 1104 563 1104 572 1105 545 1105 564 1105 564 1106 545 1106 544 1106 570 1107 545 1107 572 1107 565 1108 563 1108 552 1108 552 1109 563 1109 566 1109 552 1110 567 1110 544 1110 544 1111 567 1111 564 1111 552 1112 566 1112 567 1112 549 1113 568 1113 569 1113 549 1114 569 1114 571 1114 572 1115 550 1115 570 1115 570 1116 550 1116 569 1116 569 1117 550 1117 571 1117 587 1118 593 1118 580 1118 579 1119 580 1119 594 1119 594 1120 580 1120 593 1120 579 1121 594 1121 584 1121 584 1122 594 1122 601 1122 584 1123 601 1123 585 1123 585 1124 601 1124 573 1124 574 1125 573 1125 600 1125 574 1126 600 1126 575 1126 575 1127 600 1127 576 1127 575 1128 576 1128 586 1128 586 1129 576 1129 578 1129 586 1130 578 1130 577 1130 583 1131 582 1131 596 1131 596 1132 582 1132 592 1132 583 1133 596 1133 588 1133 588 1134 596 1134 598 1134 588 1135 598 1135 599 1135 588 1136 599 1136 587 1136 587 1137 599 1137 593 1137 581 1138 577 1138 595 1138 595 1139 577 1139 578 1139 581 1140 580 1140 577 1140 577 1141 580 1141 579 1141 573 1142 574 1142 585 1142 585 1143 574 1143 575 1143 581 1144 587 1144 580 1144 577 1145 579 1145 584 1145 590 1146 587 1146 581 1146 582 1147 583 1147 588 1147 582 1148 588 1148 589 1148 577 1149 584 1149 586 1149 585 1150 575 1150 586 1150 585 1151 586 1151 584 1151 587 1152 590 1152 589 1152 587 1153 589 1153 588 1153 581 1154 595 1154 590 1154 590 1155 595 1155 591 1155 590 1156 591 1156 589 1156 589 1157 591 1157 597 1157 589 1158 597 1158 582 1158 582 1159 597 1159 592 1159 578 1160 594 1160 595 1160 595 1161 594 1161 593 1161 596 1162 592 1162 597 1162 596 1163 597 1163 598 1163 595 1164 593 1164 591 1164 591 1165 593 1165 599 1165 598 1166 597 1166 599 1166 599 1167 597 1167 591 1167 594 1168 578 1168 601 1168 600 1169 573 1169 601 1169 601 1170 578 1170 576 1170 601 1171 576 1171 600 1171 612 1172 603 1172 602 1172 613 1173 602 1173 624 1173 624 1174 602 1174 603 1174 613 1175 624 1175 604 1175 613 1176 604 1176 617 1176 617 1177 604 1177 627 1177 617 1178 627 1178 615 1178 615 1179 627 1179 605 1179 606 1180 605 1180 607 1180 606 1181 607 1181 608 1181 608 1182 607 1182 609 1182 608 1183 609 1183 616 1183 616 1184 609 1184 631 1184 616 1185 631 1185 611 1185 614 1186 623 1186 629 1186 629 1187 623 1187 622 1187 614 1188 629 1188 610 1188 610 1189 629 1189 630 1189 610 1190 630 1190 625 1190 610 1191 625 1191 612 1191 612 1192 625 1192 603 1192 619 1193 611 1193 618 1193 618 1194 611 1194 631 1194 619 1195 602 1195 611 1195 611 1196 602 1196 613 1196 619 1197 612 1197 602 1197 623 1198 614 1198 610 1198 623 1199 610 1199 621 1199 612 1200 620 1200 610 1200 610 1201 620 1201 621 1201 620 1202 612 1202 619 1202 615 1203 608 1203 617 1203 617 1204 608 1204 616 1204 617 1205 616 1205 613 1205 613 1206 616 1206 611 1206 605 1207 606 1207 615 1207 615 1208 606 1208 608 1208 619 1209 618 1209 620 1209 620 1210 618 1210 626 1210 620 1211 626 1211 628 1211 620 1212 628 1212 621 1212 621 1213 628 1213 623 1213 623 1214 628 1214 622 1214 631 1215 624 1215 618 1215 618 1216 624 1216 603 1216 604 1217 624 1217 631 1217 618 1218 603 1218 625 1218 618 1219 625 1219 626 1219 607 1220 605 1220 627 1220 607 1221 627 1221 609 1221 609 1222 627 1222 604 1222 609 1223 604 1223 631 1223 630 1224 628 1224 626 1224 630 1225 626 1225 625 1225 629 1226 622 1226 628 1226 629 1227 628 1227 630 1227 642 1228 651 1228 632 1228 633 1229 632 1229 652 1229 652 1230 632 1230 651 1230 633 1231 652 1231 647 1231 647 1232 652 1232 658 1232 647 1233 658 1233 634 1233 634 1234 658 1234 636 1234 634 1235 636 1235 635 1235 636 1236 659 1236 646 1236 646 1237 659 1237 637 1237 646 1238 637 1238 648 1238 648 1239 637 1239 640 1239 640 1240 637 1240 653 1240 643 1241 638 1241 639 1241 639 1242 638 1242 650 1242 643 1243 639 1243 644 1243 644 1244 639 1244 657 1244 644 1245 657 1245 660 1245 644 1246 660 1246 642 1246 642 1247 660 1247 651 1247 641 1248 640 1248 654 1248 654 1249 640 1249 653 1249 641 1250 642 1250 632 1250 633 1251 640 1251 632 1251 632 1252 640 1252 641 1252 638 1253 643 1253 644 1253 638 1254 644 1254 645 1254 641 1255 649 1255 642 1255 642 1256 649 1256 644 1256 644 1257 649 1257 645 1257 640 1258 633 1258 647 1258 640 1259 647 1259 648 1259 634 1260 646 1260 648 1260 634 1261 648 1261 647 1261 635 1262 636 1262 646 1262 635 1263 646 1263 634 1263 641 1264 654 1264 655 1264 641 1265 655 1265 649 1265 649 1266 655 1266 645 1266 645 1267 655 1267 656 1267 645 1268 656 1268 638 1268 638 1269 656 1269 650 1269 653 1270 652 1270 654 1270 654 1271 652 1271 651 1271 652 1272 653 1272 658 1272 654 1273 651 1273 660 1273 654 1274 660 1274 655 1274 639 1275 650 1275 656 1275 639 1276 656 1276 657 1276 659 1277 636 1277 658 1277 653 1278 637 1278 658 1278 658 1279 637 1279 659 1279 657 1280 656 1280 655 1280 657 1281 655 1281 660 1281 693 1282 710 1282 730 1282 693 1283 730 1283 692 1283 663 1284 709 1284 728 1284 663 1285 728 1285 708 1285 663 1286 708 1286 709 1286 661 1287 664 1287 726 1287 661 1288 726 1288 664 1288 667 1289 668 1289 669 1289 667 1290 669 1290 668 1290 662 1291 725 1291 705 1291 662 1292 705 1292 725 1292 688 1293 699 1293 727 1293 727 1294 700 1294 697 1294 727 1295 697 1295 700 1295 727 1296 700 1296 706 1296 727 1297 706 1297 700 1297 700 1298 706 1298 727 1298 700 1299 727 1299 697 1299 697 1300 727 1300 688 1300 694 1301 707 1301 687 1301 687 1302 707 1302 672 1302 687 1303 672 1303 674 1303 672 1304 673 1304 674 1304 674 1305 673 1305 712 1305 674 1306 712 1306 692 1306 692 1307 712 1307 715 1307 692 1308 715 1308 691 1308 714 1309 676 1309 715 1309 715 1310 676 1310 691 1310 675 1311 689 1311 676 1311 675 1312 676 1312 714 1312 689 1313 675 1313 702 1313 702 1314 675 1314 677 1314 702 1315 677 1315 678 1315 678 1316 677 1316 679 1316 678 1317 679 1317 680 1317 680 1318 679 1318 719 1318 680 1319 719 1319 718 1319 680 1320 718 1320 696 1320 696 1321 718 1321 717 1321 696 1322 717 1322 681 1322 681 1323 717 1323 682 1323 681 1324 682 1324 720 1324 681 1325 720 1325 683 1325 683 1326 720 1326 698 1326 698 1327 720 1327 704 1327 698 1328 704 1328 685 1328 685 1329 704 1329 684 1329 721 1330 701 1330 722 1330 722 1331 701 1331 695 1331 722 1332 695 1332 684 1332 684 1333 695 1333 685 1333 707 1334 694 1334 729 1334 729 1335 694 1335 686 1335 729 1336 686 1336 721 1336 721 1337 686 1337 701 1337 687 1338 674 1338 703 1338 670 1339 697 1339 688 1339 706 1340 700 1340 697 1340 665 1341 689 1341 702 1341 689 1342 665 1342 676 1342 676 1343 665 1343 690 1343 662 1344 676 1344 690 1344 676 1345 662 1345 691 1345 691 1346 662 1346 692 1346 693 1347 692 1347 730 1347 693 1348 674 1348 692 1348 703 1349 674 1349 693 1349 687 1350 667 1350 694 1350 694 1351 667 1351 663 1351 694 1352 663 1352 697 1352 694 1353 697 1353 686 1353 697 1354 701 1354 686 1354 685 1355 695 1355 701 1355 683 1356 670 1356 681 1356 697 1357 670 1357 683 1357 696 1358 681 1358 706 1358 678 1359 680 1359 706 1359 680 1360 696 1360 706 1360 706 1361 702 1361 678 1361 670 1362 706 1362 681 1362 697 1363 683 1363 698 1363 671 1364 706 1364 670 1364 697 1365 661 1365 706 1365 667 1366 661 1366 697 1366 703 1367 661 1367 667 1367 687 1368 703 1368 667 1368 698 1369 685 1369 701 1369 697 1370 663 1370 667 1370 706 1371 661 1371 665 1371 665 1372 661 1372 662 1372 698 1373 701 1373 697 1373 702 1374 706 1374 665 1374 665 1375 662 1375 690 1375 692 1376 662 1376 693 1376 693 1377 662 1377 703 1377 662 1378 661 1378 703 1378 710 1379 711 1379 730 1379 705 1380 725 1380 723 1380 727 1381 706 1381 671 1381 671 1382 670 1382 688 1382 709 1383 707 1383 729 1383 707 1384 708 1384 728 1384 707 1385 709 1385 708 1385 672 1386 707 1386 668 1386 668 1387 707 1387 728 1387 668 1388 669 1388 672 1388 672 1389 669 1389 724 1389 724 1390 673 1390 672 1390 712 1391 710 1391 715 1391 713 1392 715 1392 710 1392 713 1393 711 1393 712 1393 712 1394 711 1394 710 1394 723 1395 714 1395 715 1395 714 1396 723 1396 666 1396 714 1397 666 1397 675 1397 675 1398 666 1398 716 1398 675 1399 671 1399 677 1399 717 1400 718 1400 719 1400 717 1401 719 1401 679 1401 717 1402 671 1402 682 1402 682 1403 671 1403 720 1403 670 1404 671 1404 688 1404 670 1405 688 1405 671 1405 720 1406 671 1406 688 1406 704 1407 722 1407 684 1407 727 1408 729 1408 721 1408 723 1409 715 1409 713 1409 723 1410 713 1410 705 1410 725 1411 705 1411 726 1411 666 1412 723 1412 725 1412 712 1413 673 1413 713 1413 713 1414 673 1414 724 1414 713 1415 724 1415 705 1415 705 1416 724 1416 726 1416 726 1417 724 1417 669 1417 726 1418 669 1418 727 1418 727 1419 669 1419 728 1419 727 1420 671 1420 675 1420 727 1421 675 1421 726 1421 726 1422 675 1422 716 1422 726 1423 716 1423 725 1423 725 1424 716 1424 666 1424 727 1425 699 1425 688 1425 671 1426 717 1426 679 1426 671 1427 679 1427 677 1427 688 1428 727 1428 722 1428 688 1429 722 1429 720 1429 720 1430 722 1430 704 1430 669 1431 668 1431 728 1431 728 1432 709 1432 727 1432 727 1433 709 1433 729 1433 727 1434 721 1434 722 1434 730 1435 711 1435 693 1435 693 1436 711 1436 710 1436 711 1437 713 1437 710 1437 786 1438 734 1438 736 1438 811 1439 817 1439 751 1439 785 1440 736 1440 735 1440 751 1441 734 1441 786 1441 751 1442 786 1442 738 1442 738 1443 786 1443 733 1443 785 1444 735 1444 733 1444 733 1445 735 1445 738 1445 731 1446 738 1446 812 1446 738 1447 731 1447 812 1447 751 1448 817 1448 811 1448 751 1449 811 1449 734 1449 734 1450 811 1450 751 1450 736 1451 785 1451 737 1451 736 1452 737 1452 786 1452 733 1453 786 1453 814 1453 807 1454 815 1454 735 1454 735 1455 815 1455 807 1455 816 1456 808 1456 732 1456 732 1457 808 1457 816 1457 738 1458 734 1458 751 1458 732 1459 736 1459 734 1459 756 1460 739 1460 760 1460 770 1461 735 1461 740 1461 758 1462 741 1462 757 1462 757 1463 741 1463 740 1463 757 1464 740 1464 762 1464 755 1465 767 1465 741 1465 767 1466 755 1466 742 1466 742 1467 755 1467 754 1467 742 1468 754 1468 766 1468 754 1469 780 1469 742 1469 766 1470 754 1470 756 1470 756 1471 743 1471 766 1471 743 1472 760 1472 759 1472 743 1473 759 1473 752 1473 743 1474 752 1474 744 1474 734 1475 744 1475 752 1475 744 1476 734 1476 779 1476 779 1477 734 1477 747 1477 734 1478 748 1478 746 1478 734 1479 746 1479 747 1479 748 1480 734 1480 775 1480 775 1481 734 1481 738 1481 735 1482 775 1482 738 1482 735 1483 749 1483 750 1483 735 1484 770 1484 749 1484 735 1485 772 1485 775 1485 753 1486 735 1486 732 1486 732 1487 735 1487 736 1487 753 1488 732 1488 734 1488 734 1489 752 1489 759 1489 741 1490 758 1490 755 1490 750 1491 772 1491 735 1491 740 1492 735 1492 762 1492 762 1493 735 1493 753 1493 762 1494 753 1494 757 1494 753 1495 760 1495 739 1495 743 1496 756 1496 760 1496 753 1497 739 1497 755 1497 760 1498 753 1498 759 1498 759 1499 753 1499 734 1499 757 1500 753 1500 758 1500 758 1501 753 1501 755 1501 739 1502 756 1502 754 1502 739 1503 754 1503 755 1503 742 1504 780 1504 754 1504 754 1505 780 1505 781 1505 781 1506 780 1506 754 1506 757 1507 758 1507 783 1507 758 1508 757 1508 783 1508 805 1509 760 1509 759 1509 805 1510 759 1510 760 1510 784 1511 753 1511 761 1511 761 1512 753 1512 784 1512 764 1513 745 1513 752 1513 764 1514 752 1514 745 1514 765 1515 743 1515 802 1515 802 1516 743 1516 744 1516 743 1517 765 1517 793 1517 743 1518 793 1518 766 1518 793 1519 792 1519 766 1519 766 1520 792 1520 742 1520 742 1521 792 1521 794 1521 742 1522 794 1522 767 1522 767 1523 794 1523 797 1523 768 1524 741 1524 797 1524 797 1525 741 1525 767 1525 741 1526 768 1526 740 1526 740 1527 768 1527 769 1527 775 1528 772 1528 773 1528 799 1529 770 1529 740 1529 799 1530 740 1530 769 1530 798 1531 770 1531 799 1531 801 1532 749 1532 798 1532 798 1533 749 1533 770 1533 771 1534 750 1534 801 1534 801 1535 750 1535 749 1535 750 1536 771 1536 800 1536 750 1537 800 1537 772 1537 772 1538 800 1538 773 1538 775 1539 773 1539 774 1539 775 1540 774 1540 776 1540 775 1541 776 1541 748 1541 748 1542 776 1542 777 1542 748 1543 777 1543 806 1543 748 1544 806 1544 746 1544 746 1545 806 1545 803 1545 746 1546 803 1546 747 1546 778 1547 747 1547 803 1547 747 1548 778 1548 779 1548 779 1549 778 1549 790 1549 779 1550 790 1550 802 1550 779 1551 802 1551 744 1551 781 1552 780 1552 796 1552 780 1553 781 1553 795 1553 733 1554 814 1554 785 1554 785 1555 814 1555 737 1555 806 1556 789 1556 810 1556 806 1557 810 1557 809 1557 788 1558 789 1558 774 1558 803 1559 802 1559 790 1559 803 1560 790 1560 778 1560 765 1561 802 1561 805 1561 805 1562 802 1562 791 1562 782 1563 793 1563 765 1563 795 1564 792 1564 782 1564 782 1565 792 1565 793 1565 792 1566 796 1566 794 1566 792 1567 781 1567 796 1567 795 1568 781 1568 792 1568 794 1569 796 1569 795 1569 795 1570 796 1570 780 1570 804 1571 794 1571 795 1571 804 1572 797 1572 794 1572 797 1573 804 1573 768 1573 768 1574 783 1574 763 1574 768 1575 763 1575 769 1575 801 1576 798 1576 763 1576 763 1577 798 1577 799 1577 763 1578 799 1578 769 1578 763 1579 771 1579 801 1579 788 1580 774 1580 773 1580 788 1581 773 1581 800 1581 777 1582 776 1582 806 1582 806 1583 776 1583 774 1583 806 1584 774 1584 789 1584 791 1585 802 1585 803 1585 791 1586 803 1586 806 1586 795 1587 782 1587 804 1587 768 1588 804 1588 783 1588 765 1589 805 1589 782 1589 761 1590 782 1590 805 1590 783 1591 782 1591 761 1591 783 1592 761 1592 787 1592 787 1593 761 1593 809 1593 763 1594 783 1594 787 1594 763 1595 787 1595 771 1595 783 1596 804 1596 782 1596 771 1597 787 1597 788 1597 771 1598 788 1598 800 1598 761 1599 805 1599 791 1599 761 1600 791 1600 809 1600 809 1601 791 1601 806 1601 814 1602 786 1602 737 1602 787 1603 809 1603 808 1603 807 1604 788 1604 808 1604 808 1605 788 1605 787 1605 788 1606 807 1606 789 1606 789 1607 807 1607 812 1607 789 1608 812 1608 810 1608 810 1609 812 1609 811 1609 808 1610 809 1610 811 1610 811 1611 809 1611 810 1611 815 1612 807 1612 808 1612 815 1613 808 1613 816 1613 816 1614 808 1614 811 1614 816 1615 811 1615 817 1615 807 1616 731 1616 812 1616 815 1617 731 1617 807 1617 817 1618 811 1618 812 1618 817 1619 812 1619 731 1619 818 1620 817 1620 731 1620 813 1621 737 1621 814 1621 813 1622 814 1622 737 1622 813 1623 737 1623 818 1623 818 1624 737 1624 813 1624 813 1625 815 1625 816 1625 813 1626 816 1626 818 1626 818 1627 816 1627 817 1627 813 1628 818 1628 731 1628 813 1629 731 1629 815 1629 1030 1630 1026 1630 1112 1630 1112 1631 1026 1631 1231 1631 1030 1632 1112 1632 820 1632 1030 1633 820 1633 819 1633 819 1634 820 1634 822 1634 822 1635 820 1635 821 1635 822 1636 821 1636 1111 1636 822 1637 1111 1637 823 1637 824 1638 823 1638 1111 1638 823 1639 824 1639 1029 1639 1029 1640 824 1640 826 1640 1029 1641 826 1641 825 1641 825 1642 826 1642 827 1642 825 1643 827 1643 828 1643 828 1644 827 1644 829 1644 828 1645 829 1645 963 1645 1082 1646 963 1646 829 1646 963 1647 1082 1647 1092 1647 963 1648 1092 1648 1027 1648 1027 1649 1092 1649 830 1649 1027 1650 830 1650 1028 1650 1028 1651 830 1651 1115 1651 1028 1652 1115 1652 1024 1652 1024 1653 1115 1653 831 1653 1024 1654 831 1654 1025 1654 1025 1655 831 1655 1007 1655 1007 1656 831 1656 832 1656 1006 1657 1007 1657 834 1657 834 1658 1007 1658 832 1658 1006 1659 834 1659 833 1659 833 1660 834 1660 1132 1660 833 1661 1132 1661 835 1661 835 1662 1132 1662 836 1662 835 1663 836 1663 1013 1663 1013 1664 836 1664 837 1664 1013 1665 837 1665 1014 1665 1014 1666 837 1666 1194 1666 1014 1667 1194 1667 838 1667 838 1668 1194 1668 1174 1668 838 1669 1174 1669 839 1669 960 1670 839 1670 1094 1670 1094 1671 839 1671 1174 1671 960 1672 1094 1672 1136 1672 960 1673 1136 1673 840 1673 840 1674 1136 1674 1145 1674 840 1675 1145 1675 1068 1675 1068 1676 1145 1676 1177 1676 1068 1677 1177 1677 841 1677 841 1678 1177 1678 842 1678 841 1679 842 1679 1065 1679 1065 1680 842 1680 983 1680 983 1681 842 1681 1095 1681 985 1682 983 1682 1084 1682 1084 1683 983 1683 1095 1683 985 1684 1084 1684 1020 1684 1020 1685 1084 1685 1148 1685 1020 1686 1148 1686 1044 1686 1044 1687 1148 1687 1147 1687 1044 1688 1147 1688 1022 1688 1022 1689 1147 1689 1197 1689 1022 1690 1197 1690 843 1690 843 1691 1197 1691 1012 1691 1012 1692 1197 1692 1105 1692 1012 1693 1105 1693 959 1693 951 1694 959 1694 1104 1694 1104 1695 959 1695 1105 1695 951 1696 1104 1696 1153 1696 951 1697 1153 1697 1054 1697 1054 1698 1153 1698 1149 1698 1054 1699 1149 1699 1056 1699 1056 1700 1149 1700 844 1700 1056 1701 844 1701 845 1701 845 1702 844 1702 1227 1702 845 1703 1227 1703 846 1703 845 1704 846 1704 1064 1704 1064 1705 846 1705 958 1705 958 1706 846 1706 1155 1706 847 1707 958 1707 1155 1707 847 1708 1155 1708 848 1708 847 1709 848 1709 849 1709 849 1710 848 1710 1198 1710 849 1711 1198 1711 1016 1711 1016 1712 1198 1712 850 1712 1016 1713 850 1713 1003 1713 1003 1714 850 1714 1214 1714 1003 1715 1214 1715 1060 1715 1060 1716 1214 1716 851 1716 1060 1717 851 1717 1063 1717 1063 1718 851 1718 852 1718 1063 1719 852 1719 1002 1719 1202 1720 1002 1720 852 1720 1002 1721 1202 1721 853 1721 853 1722 1202 1722 1218 1722 853 1723 1218 1723 854 1723 854 1724 1218 1724 1216 1724 854 1725 1216 1725 1059 1725 1059 1726 1216 1726 1215 1726 1059 1727 1215 1727 1075 1727 1075 1728 1215 1728 855 1728 855 1729 1215 1729 1220 1729 855 1730 1220 1730 1077 1730 1157 1731 981 1731 1077 1731 981 1732 1157 1732 1051 1732 1051 1733 1157 1733 1206 1733 1051 1734 1206 1734 856 1734 856 1735 1206 1735 1203 1735 856 1736 1203 1736 1049 1736 1049 1737 1203 1737 1226 1737 1049 1738 1226 1738 1224 1738 1049 1739 1224 1739 1048 1739 1048 1740 1224 1740 1223 1740 1048 1741 1223 1741 1047 1741 1047 1742 1223 1742 999 1742 999 1743 1223 1743 857 1743 1000 1744 999 1744 1119 1744 1119 1745 999 1745 857 1745 1000 1746 1119 1746 1208 1746 1000 1747 1208 1747 858 1747 858 1748 1208 1748 1211 1748 858 1749 1211 1749 1039 1749 1039 1750 1211 1750 1160 1750 1039 1751 1160 1751 860 1751 860 1752 1160 1752 859 1752 860 1753 859 1753 861 1753 860 1754 861 1754 957 1754 957 1755 861 1755 1106 1755 862 1756 957 1756 1086 1756 1086 1757 957 1757 1106 1757 862 1758 1086 1758 863 1758 862 1759 863 1759 1037 1759 1037 1760 863 1760 1038 1760 1038 1761 863 1761 1162 1761 1038 1762 1162 1762 1087 1762 1038 1763 1087 1763 1072 1763 1072 1764 1087 1764 1167 1764 1072 1765 1167 1765 1009 1765 1009 1766 1167 1766 865 1766 1009 1767 865 1767 864 1767 998 1768 864 1768 1121 1768 1121 1769 864 1769 865 1769 998 1770 1121 1770 866 1770 866 1771 1121 1771 1183 1771 866 1772 1183 1772 1181 1772 866 1773 1181 1773 1035 1773 1035 1774 1181 1774 1180 1774 1035 1775 1180 1775 868 1775 1035 1776 868 1776 867 1776 867 1777 868 1777 1184 1777 867 1778 1184 1778 977 1778 977 1779 1184 1779 947 1779 947 1780 1184 1780 1099 1780 1008 1781 947 1781 1098 1781 1098 1782 947 1782 1099 1782 1008 1783 1098 1783 869 1783 869 1784 1098 1784 1191 1784 869 1785 1191 1785 1188 1785 869 1786 1188 1786 996 1786 996 1787 1188 1787 1186 1787 996 1788 1186 1788 953 1788 953 1789 1186 1789 955 1789 955 1790 1186 1790 1090 1790 955 1791 1090 1791 1088 1791 955 1792 1088 1792 870 1792 870 1793 1088 1793 1080 1793 870 1794 1080 1794 872 1794 871 1795 872 1795 1080 1795 872 1796 871 1796 975 1796 975 1797 871 1797 873 1797 975 1798 873 1798 874 1798 874 1799 873 1799 1123 1799 874 1800 1123 1800 1122 1800 874 1801 1122 1801 875 1801 875 1802 1122 1802 1101 1802 875 1803 1101 1803 991 1803 991 1804 1101 1804 1100 1804 991 1805 1100 1805 972 1805 972 1806 1100 1806 876 1806 878 1807 972 1807 877 1807 877 1808 972 1808 876 1808 878 1809 877 1809 879 1809 878 1810 879 1810 970 1810 970 1811 879 1811 1108 1811 970 1812 1108 1812 1032 1812 1032 1813 1108 1813 1173 1813 1032 1814 1173 1814 880 1814 880 1815 1173 1815 1172 1815 880 1816 1172 1816 882 1816 882 1817 1172 1817 881 1817 882 1818 881 1818 883 1818 882 1819 883 1819 948 1819 884 1820 948 1820 1081 1820 1081 1821 948 1821 883 1821 884 1822 1081 1822 986 1822 986 1823 1081 1823 885 1823 986 1824 885 1824 988 1824 988 1825 885 1825 1127 1825 988 1826 1127 1826 965 1826 965 1827 1127 1827 1138 1827 965 1828 1138 1828 966 1828 966 1829 1138 1829 1139 1829 966 1830 1139 1830 886 1830 886 1831 1139 1831 1110 1831 886 1832 1110 1832 887 1832 1083 1833 887 1833 1110 1833 887 1834 1083 1834 943 1834 943 1835 1083 1835 1143 1835 943 1836 1143 1836 949 1836 949 1837 1143 1837 1142 1837 949 1838 1142 1838 888 1838 890 1839 888 1839 889 1839 890 1840 889 1840 1141 1840 890 1841 1141 1841 891 1841 891 1842 1141 1842 892 1842 891 1843 892 1843 950 1843 950 1844 892 1844 944 1844 944 1845 892 1845 1091 1845 945 1846 944 1846 1130 1846 1130 1847 944 1847 1091 1847 945 1848 1130 1848 1140 1848 945 1849 1140 1849 967 1849 967 1850 1140 1850 964 1850 964 1851 1140 1851 1109 1851 964 1852 1109 1852 989 1852 989 1853 1109 1853 1126 1853 989 1854 1126 1854 987 1854 987 1855 1126 1855 1128 1855 987 1856 1128 1856 1129 1856 987 1857 1129 1857 893 1857 1033 1858 893 1858 1170 1858 1170 1859 893 1859 1129 1859 1033 1860 1170 1860 1171 1860 1033 1861 1171 1861 894 1861 894 1862 1171 1862 895 1862 894 1863 895 1863 1031 1863 1031 1864 895 1864 896 1864 1031 1865 896 1865 971 1865 971 1866 896 1866 897 1866 971 1867 897 1867 969 1867 969 1868 897 1868 1103 1868 969 1869 1103 1869 968 1869 992 1870 968 1870 1107 1870 1107 1871 968 1871 1103 1871 992 1872 1107 1872 898 1872 992 1873 898 1873 899 1873 899 1874 898 1874 1102 1874 899 1875 1102 1875 990 1875 990 1876 1102 1876 1079 1876 990 1877 1079 1877 900 1877 990 1878 900 1878 976 1878 976 1879 900 1879 974 1879 974 1880 900 1880 1124 1880 974 1881 1124 1881 1125 1881 974 1882 1125 1882 973 1882 901 1883 973 1883 902 1883 902 1884 973 1884 1125 1884 901 1885 902 1885 1089 1885 901 1886 1089 1886 956 1886 956 1887 1089 1887 903 1887 956 1888 903 1888 954 1888 954 1889 903 1889 904 1889 954 1890 904 1890 995 1890 995 1891 904 1891 1187 1891 995 1892 1187 1892 994 1892 994 1893 1187 1893 1189 1893 994 1894 1189 1894 993 1894 993 1895 1189 1895 1190 1895 993 1896 1190 1896 946 1896 905 1897 946 1897 1169 1897 1169 1898 946 1898 1190 1898 905 1899 1169 1899 1185 1899 905 1900 1185 1900 978 1900 978 1901 1185 1901 906 1901 978 1902 906 1902 979 1902 979 1903 906 1903 1137 1903 979 1904 1137 1904 908 1904 908 1905 1137 1905 907 1905 908 1906 907 1906 1182 1906 908 1907 1182 1907 1034 1907 1034 1908 1182 1908 1120 1908 1034 1909 1120 1909 997 1909 980 1910 997 1910 1165 1910 1165 1911 997 1911 1120 1911 980 1912 1165 1912 1166 1912 980 1913 1166 1913 1070 1913 1070 1914 1166 1914 1168 1914 1070 1915 1168 1915 1071 1915 1071 1916 1168 1916 1212 1916 1071 1917 1212 1917 909 1917 909 1918 1212 1918 1161 1918 909 1919 1161 1919 910 1919 910 1920 1161 1920 1163 1920 910 1921 1163 1921 1036 1921 1036 1922 1163 1922 1164 1922 1036 1923 1164 1923 1010 1923 911 1924 1010 1924 1097 1924 1097 1925 1010 1925 1164 1925 911 1926 1097 1926 1041 1926 1041 1927 1097 1927 1158 1927 1041 1928 1158 1928 1159 1928 1041 1929 1159 1929 1040 1929 1040 1930 1159 1930 913 1930 1040 1931 913 1931 912 1931 912 1932 913 1932 1210 1932 912 1933 1210 1933 914 1933 914 1934 1210 1934 1209 1934 914 1935 1209 1935 1058 1935 1058 1936 1209 1936 1207 1936 1058 1937 1207 1937 1057 1937 915 1938 1057 1938 1222 1938 1222 1939 1057 1939 1207 1939 915 1940 1222 1940 916 1940 915 1941 916 1941 917 1941 917 1942 916 1942 1225 1942 917 1943 1225 1943 1050 1943 1050 1944 1225 1944 1085 1944 1050 1945 1085 1945 918 1945 918 1946 1085 1946 1204 1946 918 1947 1204 1947 1205 1947 918 1948 1205 1948 1052 1948 1052 1949 1205 1949 982 1949 982 1950 1205 1950 1118 1950 919 1951 982 1951 1156 1951 1156 1952 982 1952 1118 1952 919 1953 1156 1953 920 1953 920 1954 1156 1954 1221 1954 920 1955 1221 1955 1076 1955 1076 1956 1221 1956 921 1956 1076 1957 921 1957 1074 1957 1074 1958 921 1958 922 1958 1074 1959 922 1959 1073 1959 1073 1960 922 1960 1217 1960 1073 1961 1217 1961 923 1961 923 1962 1217 1962 1219 1962 923 1963 1219 1963 1078 1963 1078 1964 1219 1964 924 1964 1001 1965 1078 1965 1117 1965 1117 1966 1078 1966 924 1966 1001 1967 1117 1967 1062 1967 1062 1968 1117 1968 1213 1968 1062 1969 1213 1969 1061 1969 1061 1970 1213 1970 925 1970 1061 1971 925 1971 926 1971 1061 1972 926 1972 1042 1972 1042 1973 926 1973 1199 1973 1042 1974 1199 1974 1017 1974 1017 1975 1199 1975 1200 1975 1017 1976 1200 1976 1004 1976 1004 1977 1200 1977 1201 1977 1011 1978 1004 1978 1154 1978 1154 1979 1004 1979 1201 1979 1011 1980 1154 1980 928 1980 928 1981 1154 1981 927 1981 928 1982 927 1982 930 1982 928 1983 930 1983 929 1983 929 1984 930 1984 931 1984 929 1985 931 1985 932 1985 932 1986 931 1986 1150 1986 932 1987 1150 1987 1055 1987 1055 1988 1150 1988 1151 1988 1055 1989 1151 1989 1152 1989 1055 1990 1152 1990 1053 1990 1019 1991 1053 1991 1178 1991 1178 1992 1053 1992 1152 1992 1019 1993 1178 1993 1179 1993 1019 1994 1179 1994 933 1994 933 1995 1179 1995 934 1995 933 1996 934 1996 1018 1996 1018 1997 934 1997 1021 1997 1021 1998 934 1998 935 1998 1021 1999 935 1999 1045 1999 1045 2000 935 2000 936 2000 1045 2001 936 2001 1043 2001 1043 2002 936 2002 1116 2002 1043 2003 1116 2003 984 2003 937 2004 984 2004 1096 2004 1096 2005 984 2005 1116 2005 937 2006 1096 2006 1066 2006 1066 2007 1096 2007 1175 2007 1066 2008 1175 2008 1067 2008 1067 2009 1175 2009 1176 2009 1067 2010 1176 2010 1146 2010 1067 2011 1146 2011 1069 2011 1069 2012 1146 2012 1144 2012 1069 2013 1144 2013 938 2013 938 2014 1144 2014 1093 2014 938 2015 1093 2015 939 2015 952 2016 939 2016 1192 2016 1192 2017 939 2017 1093 2017 952 2018 1192 2018 1193 2018 952 2019 1193 2019 1015 2019 1015 2020 1193 2020 1195 2020 1015 2021 1195 2021 940 2021 940 2022 1195 2022 1196 2022 940 2023 1196 2023 961 2023 961 2024 1196 2024 1134 2024 961 2025 1134 2025 1133 2025 961 2026 1133 2026 1046 2026 1046 2027 1133 2027 1135 2027 1046 2028 1135 2028 1005 2028 962 2029 1005 2029 1113 2029 1113 2030 1005 2030 1135 2030 962 2031 1113 2031 941 2031 962 2032 941 2032 1023 2032 1023 2033 941 2033 1114 2033 1023 2034 1114 2034 942 2034 942 2035 1114 2035 1131 2035 944 2036 887 2036 943 2036 945 2037 887 2037 944 2037 945 2038 886 2038 887 2038 901 2039 872 2039 973 2039 905 2040 947 2040 946 2040 946 2041 947 2041 1008 2041 884 2042 986 2042 893 2042 1033 2043 948 2043 893 2043 893 2044 948 2044 884 2044 992 2045 972 2045 968 2045 968 2046 972 2046 878 2046 901 2047 870 2047 872 2047 888 2048 890 2048 949 2048 949 2049 890 2049 891 2049 949 2050 891 2050 950 2050 949 2051 950 2051 943 2051 943 2052 950 2052 944 2052 1032 2053 1031 2053 970 2053 838 2054 839 2054 952 2054 1033 2055 882 2055 948 2055 995 2056 953 2056 955 2056 995 2057 955 2057 954 2057 954 2058 955 2058 956 2058 956 2059 955 2059 870 2059 956 2060 870 2060 901 2060 911 2061 957 2061 1010 2061 1010 2062 957 2062 862 2062 1019 2063 959 2063 1053 2063 1053 2064 959 2064 951 2064 952 2065 839 2065 939 2065 939 2066 839 2066 960 2066 1013 2067 961 2067 835 2067 1030 2068 963 2068 1026 2068 989 2069 988 2069 964 2069 964 2070 988 2070 965 2070 964 2071 965 2071 966 2071 964 2072 966 2072 967 2072 967 2073 966 2073 945 2073 945 2074 966 2074 886 2074 968 2075 878 2075 969 2075 969 2076 878 2076 970 2076 969 2077 970 2077 971 2077 971 2078 970 2078 1031 2078 973 2079 872 2079 975 2079 973 2080 975 2080 974 2080 974 2081 975 2081 874 2081 974 2082 874 2082 976 2082 976 2083 874 2083 990 2083 990 2084 874 2084 875 2084 947 2085 905 2085 977 2085 977 2086 905 2086 978 2086 977 2087 978 2087 867 2087 867 2088 978 2088 1035 2088 1035 2089 978 2089 979 2089 919 2090 981 2090 982 2090 1063 2091 1002 2091 1001 2091 1011 2092 958 2092 1004 2092 1004 2093 958 2093 847 2093 937 2094 983 2094 984 2094 984 2095 983 2095 985 2095 1030 2096 828 2096 963 2096 893 2097 986 2097 987 2097 987 2098 986 2098 988 2098 987 2099 988 2099 989 2099 990 2100 875 2100 899 2100 899 2101 875 2101 991 2101 899 2102 991 2102 992 2102 992 2103 991 2103 972 2103 946 2104 1008 2104 869 2104 946 2105 869 2105 993 2105 993 2106 869 2106 994 2106 994 2107 869 2107 996 2107 994 2108 996 2108 995 2108 995 2109 996 2109 953 2109 980 2110 864 2110 997 2110 997 2111 864 2111 998 2111 915 2112 999 2112 1057 2112 1057 2113 999 2113 1000 2113 981 2114 919 2114 1077 2114 1001 2115 1002 2115 1078 2115 1003 2116 1042 2116 1016 2116 1005 2117 1006 2117 833 2117 962 2118 1007 2118 1005 2118 1005 2119 1007 2119 1006 2119 980 2120 1009 2120 864 2120 982 2121 981 2121 1051 2121 1019 2122 1012 2122 959 2122 984 2123 985 2123 1020 2123 961 2124 1013 2124 940 2124 940 2125 1013 2125 1014 2125 940 2126 1014 2126 1015 2126 1015 2127 1014 2127 838 2127 1015 2128 838 2128 952 2128 1026 2129 963 2129 1027 2129 1078 2130 1002 2130 853 2130 1016 2131 1042 2131 1017 2131 1016 2132 1017 2132 849 2132 849 2133 1017 2133 1004 2133 849 2134 1004 2134 847 2134 1021 2135 1022 2135 1018 2135 1018 2136 1022 2136 843 2136 1018 2137 843 2137 933 2137 933 2138 843 2138 1012 2138 933 2139 1012 2139 1019 2139 1022 2140 1021 2140 1045 2140 942 2141 1024 2141 1023 2141 1023 2142 1024 2142 1025 2142 1023 2143 1025 2143 962 2143 962 2144 1025 2144 1007 2144 1026 2145 1027 2145 1230 2145 1230 2146 1027 2146 1228 2146 1228 2147 1027 2147 1028 2147 1228 2148 1028 2148 942 2148 942 2149 1028 2149 1024 2149 823 2150 1029 2150 822 2150 822 2151 1029 2151 825 2151 822 2152 825 2152 819 2152 819 2153 825 2153 828 2153 819 2154 828 2154 1030 2154 1031 2155 1032 2155 880 2155 1031 2156 880 2156 894 2156 894 2157 880 2157 882 2157 894 2158 882 2158 1033 2158 997 2159 998 2159 866 2159 997 2160 866 2160 1034 2160 1034 2161 866 2161 908 2161 908 2162 866 2162 1035 2162 908 2163 1035 2163 979 2163 1010 2164 862 2164 1036 2164 1036 2165 862 2165 1037 2165 1036 2166 1037 2166 910 2166 910 2167 1037 2167 1038 2167 910 2168 1038 2168 909 2168 912 2169 1039 2169 1040 2169 1040 2170 1039 2170 860 2170 1040 2171 860 2171 1041 2171 1041 2172 860 2172 911 2172 911 2173 860 2173 957 2173 845 2174 929 2174 932 2174 984 2175 1020 2175 1043 2175 1043 2176 1020 2176 1044 2176 1043 2177 1044 2177 1045 2177 1045 2178 1044 2178 1022 2178 835 2179 961 2179 1046 2179 835 2180 1046 2180 833 2180 833 2181 1046 2181 1005 2181 1072 2182 909 2182 1038 2182 999 2183 915 2183 1047 2183 1047 2184 915 2184 917 2184 1047 2185 917 2185 1048 2185 1048 2186 917 2186 1049 2186 1049 2187 917 2187 1050 2187 982 2188 1051 2188 1052 2188 1052 2189 1051 2189 856 2189 1052 2190 856 2190 918 2190 918 2191 856 2191 1049 2191 918 2192 1049 2192 1050 2192 1053 2193 951 2193 1054 2193 1053 2194 1054 2194 1055 2194 1055 2195 1054 2195 1056 2195 1055 2196 1056 2196 932 2196 932 2197 1056 2197 845 2197 1057 2198 1000 2198 858 2198 1057 2199 858 2199 1058 2199 1058 2200 858 2200 914 2200 914 2201 858 2201 1039 2201 914 2202 1039 2202 912 2202 1042 2203 1003 2203 1061 2203 1061 2204 1003 2204 1060 2204 1061 2205 1060 2205 1062 2205 1062 2206 1060 2206 1063 2206 1062 2207 1063 2207 1001 2207 958 2208 1011 2208 1064 2208 1064 2209 1011 2209 928 2209 1064 2210 928 2210 845 2210 845 2211 928 2211 929 2211 983 2212 937 2212 1065 2212 1065 2213 937 2213 1066 2213 1065 2214 1066 2214 1067 2214 1065 2215 1067 2215 841 2215 841 2216 1067 2216 1068 2216 1068 2217 1067 2217 1069 2217 939 2218 960 2218 938 2218 938 2219 960 2219 840 2219 938 2220 840 2220 1069 2220 1069 2221 840 2221 1068 2221 1009 2222 980 2222 1070 2222 1009 2223 1070 2223 1072 2223 1072 2224 1070 2224 1071 2224 1072 2225 1071 2225 909 2225 1073 2226 1059 2226 1074 2226 1074 2227 1059 2227 1075 2227 1074 2228 1075 2228 1076 2228 1076 2229 1075 2229 855 2229 1076 2230 855 2230 920 2230 920 2231 855 2231 919 2231 919 2232 855 2232 1077 2232 1078 2233 853 2233 923 2233 923 2234 853 2234 854 2234 923 2235 854 2235 1073 2235 1073 2236 854 2236 1059 2236 1125 2237 871 2237 902 2237 902 2238 871 2238 1080 2238 902 2239 1080 2239 1088 2239 1079 2240 1101 2240 1122 2240 1129 2241 1081 2241 1170 2241 1170 2242 1081 2242 883 2242 1231 2243 1082 2243 1112 2243 1112 2244 1082 2244 829 2244 1103 2245 877 2245 1107 2245 1107 2246 877 2246 876 2246 1103 2247 879 2247 877 2247 1091 2248 1083 2248 1130 2248 1130 2249 1083 2249 1110 2249 1092 2250 1082 2250 1231 2250 1164 2251 1086 2251 1097 2251 1097 2252 1086 2252 1106 2252 1090 2253 904 2253 903 2253 1090 2254 903 2254 1088 2254 1088 2255 903 2255 1089 2255 1088 2256 1089 2256 902 2256 1091 2257 1143 2257 1083 2257 1135 2258 834 2258 1113 2258 1113 2259 834 2259 832 2259 1093 2260 1094 2260 1192 2260 1192 2261 1094 2261 1174 2261 1116 2262 1084 2262 1096 2262 1096 2263 1084 2263 1095 2263 1190 2264 1098 2264 1169 2264 1169 2265 1098 2265 1099 2265 904 2266 1090 2266 1186 2266 1107 2267 876 2267 898 2267 898 2268 876 2268 1100 2268 898 2269 1100 2269 1101 2269 898 2270 1101 2270 1102 2270 1102 2271 1101 2271 1079 2271 1115 2272 1131 2272 1114 2272 1152 2273 1104 2273 1178 2273 1178 2274 1104 2274 1105 2274 1153 2275 1104 2275 1152 2275 924 2276 1202 2276 1117 2276 1117 2277 1202 2277 852 2277 1120 2278 1121 2278 1165 2278 1165 2279 1121 2279 865 2279 1137 2280 868 2280 1180 2280 1108 2281 896 2281 1173 2281 1173 2282 896 2282 895 2282 879 2283 1103 2283 897 2283 879 2284 897 2284 1108 2284 1108 2285 897 2285 896 2285 824 2286 1111 2286 821 2286 824 2287 821 2287 826 2287 826 2288 821 2288 820 2288 826 2289 820 2289 827 2289 827 2290 820 2290 1112 2290 827 2291 1112 2291 829 2291 1113 2292 832 2292 831 2292 1113 2293 831 2293 941 2293 941 2294 831 2294 1114 2294 1114 2295 831 2295 1115 2295 1095 2296 842 2296 1096 2296 1116 2297 1148 2297 1084 2297 1207 2298 1119 2298 1222 2298 1222 2299 1119 2299 857 2299 1079 2300 1122 2300 900 2300 900 2301 1122 2301 1123 2301 900 2302 1123 2302 873 2302 900 2303 873 2303 1124 2303 1124 2304 873 2304 1125 2304 1125 2305 873 2305 871 2305 1109 2306 1138 2306 1127 2306 1109 2307 1127 2307 1126 2307 1126 2308 1127 2308 885 2308 1126 2309 885 2309 1128 2309 1128 2310 885 2310 1129 2310 1129 2311 885 2311 1081 2311 1110 2312 1139 2312 1130 2312 1131 2313 1115 2313 1229 2313 1229 2314 1115 2314 830 2314 1229 2315 830 2315 1092 2315 1229 2316 1092 2316 1231 2316 836 2317 1196 2317 837 2317 834 2318 1135 2318 1132 2318 1132 2319 1135 2319 1133 2319 1132 2320 1133 2320 836 2320 836 2321 1133 2321 1134 2321 836 2322 1134 2322 1196 2322 1093 2323 1136 2323 1094 2323 1208 2324 1119 2324 1207 2324 868 2325 1137 2325 906 2325 1138 2326 1109 2326 1140 2326 1138 2327 1140 2327 1139 2327 1139 2328 1140 2328 1130 2328 889 2329 888 2329 1141 2329 1141 2330 888 2330 1142 2330 1141 2331 1142 2331 892 2331 892 2332 1142 2332 1143 2332 892 2333 1143 2333 1091 2333 1136 2334 1093 2334 1144 2334 1136 2335 1144 2335 1145 2335 1145 2336 1144 2336 1146 2336 935 2337 1197 2337 1147 2337 935 2338 1147 2338 936 2338 936 2339 1147 2339 1148 2339 936 2340 1148 2340 1116 2340 931 2341 1227 2341 844 2341 931 2342 844 2342 1150 2342 1150 2343 844 2343 1149 2343 1150 2344 1149 2344 1151 2344 1151 2345 1149 2345 1153 2345 1151 2346 1153 2346 1152 2346 1201 2347 1155 2347 1154 2347 1201 2348 848 2348 1155 2348 1118 2349 1157 2349 1156 2349 1156 2350 1157 2350 1077 2350 1097 2351 861 2351 1158 2351 1158 2352 861 2352 859 2352 1158 2353 859 2353 1159 2353 1159 2354 859 2354 1160 2354 1159 2355 1160 2355 913 2355 1212 2356 1087 2356 1162 2356 1212 2357 1162 2357 1161 2357 1161 2358 1162 2358 863 2358 1161 2359 863 2359 1163 2359 1163 2360 863 2360 1164 2360 1164 2361 863 2361 1086 2361 1165 2362 865 2362 1167 2362 1165 2363 1167 2363 1166 2363 1166 2364 1167 2364 1168 2364 1168 2365 1167 2365 1087 2365 1168 2366 1087 2366 1212 2366 1170 2367 883 2367 881 2367 1170 2368 881 2368 1171 2368 1171 2369 881 2369 1172 2369 1171 2370 1172 2370 895 2370 895 2371 1172 2371 1173 2371 1096 2372 842 2372 1175 2372 1175 2373 842 2373 1176 2373 1176 2374 842 2374 1177 2374 1176 2375 1177 2375 1146 2375 1146 2376 1177 2376 1145 2376 1178 2377 1105 2377 1179 2377 1179 2378 1105 2378 1197 2378 1179 2379 1197 2379 934 2379 1154 2380 1155 2380 846 2380 1118 2381 1206 2381 1157 2381 1211 2382 1210 2382 1160 2382 1160 2383 1210 2383 913 2383 1106 2384 861 2384 1097 2384 1137 2385 1180 2385 907 2385 907 2386 1180 2386 1181 2386 907 2387 1181 2387 1182 2387 1182 2388 1181 2388 1183 2388 1182 2389 1183 2389 1120 2389 1120 2390 1183 2390 1121 2390 868 2391 906 2391 1184 2391 1184 2392 906 2392 1185 2392 1184 2393 1185 2393 1169 2393 1184 2394 1169 2394 1099 2394 904 2395 1186 2395 1187 2395 1187 2396 1186 2396 1188 2396 1187 2397 1188 2397 1189 2397 1189 2398 1188 2398 1191 2398 1189 2399 1191 2399 1190 2399 1190 2400 1191 2400 1098 2400 1192 2401 1174 2401 1193 2401 1193 2402 1174 2402 1194 2402 1193 2403 1194 2403 1195 2403 1195 2404 1194 2404 837 2404 1195 2405 837 2405 1196 2405 1197 2406 935 2406 934 2406 926 2407 850 2407 1199 2407 1199 2408 850 2408 1198 2408 1199 2409 1198 2409 1200 2409 1200 2410 1198 2410 848 2410 1200 2411 848 2411 1201 2411 1085 2412 1226 2412 1203 2412 1085 2413 1203 2413 1204 2413 1204 2414 1203 2414 1205 2414 1205 2415 1203 2415 1206 2415 1205 2416 1206 2416 1118 2416 1208 2417 1207 2417 1209 2417 1208 2418 1209 2418 1211 2418 1211 2419 1209 2419 1210 2419 1117 2420 852 2420 851 2420 1117 2421 851 2421 1213 2421 1213 2422 851 2422 925 2422 925 2423 851 2423 1214 2423 925 2424 1214 2424 926 2424 926 2425 1214 2425 850 2425 922 2426 1215 2426 1216 2426 922 2427 1216 2427 1217 2427 1217 2428 1216 2428 1218 2428 1217 2429 1218 2429 1219 2429 1219 2430 1218 2430 924 2430 924 2431 1218 2431 1202 2431 1156 2432 1077 2432 1220 2432 1156 2433 1220 2433 1221 2433 1221 2434 1220 2434 921 2434 921 2435 1220 2435 1215 2435 921 2436 1215 2436 922 2436 1154 2437 846 2437 927 2437 927 2438 846 2438 930 2438 930 2439 846 2439 1227 2439 1222 2440 857 2440 1223 2440 1222 2441 1223 2441 916 2441 916 2442 1223 2442 1225 2442 1225 2443 1223 2443 1224 2443 1225 2444 1224 2444 1226 2444 1225 2445 1226 2445 1085 2445 1227 2446 931 2446 930 2446 942 2447 1131 2447 1228 2447 1228 2448 1131 2448 1229 2448 1228 2449 1229 2449 1230 2449 1230 2450 1229 2450 1231 2450 1230 2451 1231 2451 1026 2451 1234 2452 1232 2452 1235 2452 1235 2453 1232 2453 1233 2453 1234 2454 1235 2454 1236 2454 1234 2455 1236 2455 1245 2455 1245 2456 1236 2456 1253 2456 1245 2457 1253 2457 1237 2457 1237 2458 1253 2458 1239 2458 1240 2459 1239 2459 1238 2459 1240 2460 1238 2460 1259 2460 1240 2461 1259 2461 1246 2461 1246 2462 1259 2462 1247 2462 1247 2463 1259 2463 1260 2463 1247 2464 1260 2464 1241 2464 1241 2465 1260 2465 1254 2465 1256 2466 1248 2466 1257 2466 1256 2467 1242 2467 1249 2467 1249 2468 1242 2468 1243 2468 1249 2469 1243 2469 1232 2469 1232 2470 1243 2470 1233 2470 1244 2471 1241 2471 1255 2471 1255 2472 1241 2472 1254 2472 1244 2473 1232 2473 1241 2473 1241 2474 1232 2474 1234 2474 1239 2475 1240 2475 1237 2475 1232 2476 1244 2476 1249 2476 1241 2477 1234 2477 1247 2477 1247 2478 1234 2478 1245 2478 1240 2479 1246 2479 1237 2479 1237 2480 1246 2480 1245 2480 1245 2481 1246 2481 1247 2481 1248 2482 1256 2482 1250 2482 1250 2483 1256 2483 1249 2483 1244 2484 1251 2484 1249 2484 1249 2485 1251 2485 1250 2485 1244 2486 1255 2486 1252 2486 1244 2487 1252 2487 1251 2487 1251 2488 1252 2488 1250 2488 1250 2489 1252 2489 1258 2489 1250 2490 1258 2490 1248 2490 1248 2491 1258 2491 1257 2491 1254 2492 1235 2492 1255 2492 1255 2493 1235 2493 1233 2493 1238 2494 1239 2494 1253 2494 1238 2495 1253 2495 1259 2495 1255 2496 1233 2496 1243 2496 1255 2497 1243 2497 1252 2497 1256 2498 1257 2498 1242 2498 1242 2499 1257 2499 1258 2499 1236 2500 1260 2500 1259 2500 1236 2501 1259 2501 1253 2501 1260 2502 1236 2502 1254 2502 1254 2503 1236 2503 1235 2503 1242 2504 1258 2504 1243 2504 1243 2505 1258 2505 1252 2505 1269 2506 1261 2506 1262 2506 1262 2507 1261 2507 1282 2507 1269 2508 1262 2508 1270 2508 1270 2509 1262 2509 1285 2509 1270 2510 1285 2510 1272 2510 1272 2511 1285 2511 1264 2511 1264 2512 1285 2512 1263 2512 1265 2513 1264 2513 1263 2513 1264 2514 1265 2514 1273 2514 1273 2515 1265 2515 1286 2515 1273 2516 1286 2516 1284 2516 1273 2517 1284 2517 1271 2517 1271 2518 1284 2518 1281 2518 1271 2519 1281 2519 1268 2519 1275 2520 1266 2520 1283 2520 1283 2521 1266 2521 1267 2521 1275 2522 1283 2522 1276 2522 1276 2523 1283 2523 1288 2523 1276 2524 1288 2524 1274 2524 1274 2525 1288 2525 1287 2525 1274 2526 1287 2526 1261 2526 1261 2527 1287 2527 1282 2527 1278 2528 1268 2528 1280 2528 1280 2529 1268 2529 1281 2529 1278 2530 1261 2530 1268 2530 1268 2531 1261 2531 1269 2531 1264 2532 1273 2532 1272 2532 1268 2533 1269 2533 1270 2533 1268 2534 1270 2534 1271 2534 1272 2535 1273 2535 1271 2535 1272 2536 1271 2536 1270 2536 1261 2537 1278 2537 1274 2537 1266 2538 1275 2538 1276 2538 1266 2539 1276 2539 1277 2539 1274 2540 1278 2540 1279 2540 1274 2541 1279 2541 1276 2541 1276 2542 1279 2542 1277 2542 1278 2543 1280 2543 1290 2543 1278 2544 1290 2544 1279 2544 1279 2545 1290 2545 1289 2545 1279 2546 1289 2546 1277 2546 1277 2547 1289 2547 1267 2547 1277 2548 1267 2548 1266 2548 1281 2549 1262 2549 1280 2549 1280 2550 1262 2550 1282 2550 1262 2551 1281 2551 1285 2551 1283 2552 1267 2552 1288 2552 1281 2553 1284 2553 1285 2553 1285 2554 1284 2554 1286 2554 1265 2555 1263 2555 1286 2555 1286 2556 1263 2556 1285 2556 1280 2557 1282 2557 1287 2557 1280 2558 1287 2558 1290 2558 1267 2559 1289 2559 1288 2559 1288 2560 1289 2560 1290 2560 1288 2561 1290 2561 1287 2561 1309 2562 1299 2562 1291 2562 1300 2563 1309 2563 1312 2563 1312 2564 1309 2564 1291 2564 1300 2565 1312 2565 1319 2565 1300 2566 1319 2566 1292 2566 1292 2567 1319 2567 1303 2567 1303 2568 1319 2568 1293 2568 1303 2569 1293 2569 1302 2569 1302 2570 1293 2570 1317 2570 1294 2571 1302 2571 1318 2571 1318 2572 1302 2572 1317 2572 1294 2573 1318 2573 1295 2573 1295 2574 1318 2574 1320 2574 1295 2575 1320 2575 1296 2575 1296 2576 1320 2576 1321 2576 1296 2577 1321 2577 1301 2577 1301 2578 1321 2578 1322 2578 1304 2579 1297 2579 1298 2579 1298 2580 1297 2580 1314 2580 1304 2581 1298 2581 1305 2581 1305 2582 1298 2582 1316 2582 1305 2583 1316 2583 1299 2583 1305 2584 1299 2584 1306 2584 1306 2585 1299 2585 1309 2585 1308 2586 1301 2586 1313 2586 1313 2587 1301 2587 1322 2587 1308 2588 1309 2588 1301 2588 1301 2589 1309 2589 1300 2589 1301 2590 1300 2590 1292 2590 1301 2591 1292 2591 1296 2591 1302 2592 1294 2592 1303 2592 1294 2593 1295 2593 1303 2593 1303 2594 1295 2594 1296 2594 1303 2595 1296 2595 1292 2595 1297 2596 1304 2596 1305 2596 1297 2597 1305 2597 1311 2597 1306 2598 1307 2598 1311 2598 1306 2599 1311 2599 1305 2599 1307 2600 1306 2600 1308 2600 1308 2601 1306 2601 1309 2601 1308 2602 1313 2602 1310 2602 1308 2603 1310 2603 1307 2603 1307 2604 1310 2604 1311 2604 1311 2605 1310 2605 1315 2605 1311 2606 1315 2606 1297 2606 1297 2607 1315 2607 1314 2607 1313 2608 1291 2608 1299 2608 1322 2609 1312 2609 1313 2609 1313 2610 1312 2610 1291 2610 1298 2611 1314 2611 1315 2611 1298 2612 1315 2612 1316 2612 1299 2613 1310 2613 1313 2613 1316 2614 1315 2614 1299 2614 1299 2615 1315 2615 1310 2615 1293 2616 1320 2616 1318 2616 1293 2617 1318 2617 1317 2617 1319 2618 1321 2618 1320 2618 1319 2619 1320 2619 1293 2619 1322 2620 1319 2620 1312 2620 1321 2621 1319 2621 1322 2621 1340 2622 1323 2622 1346 2622 1346 2623 1323 2623 1347 2623 1340 2624 1346 2624 1324 2624 1340 2625 1324 2625 1338 2625 1338 2626 1324 2626 1325 2626 1338 2627 1325 2627 1341 2627 1341 2628 1325 2628 1328 2628 1326 2629 1341 2629 1327 2629 1327 2630 1341 2630 1328 2630 1326 2631 1327 2631 1329 2631 1329 2632 1327 2632 1350 2632 1329 2633 1350 2633 1330 2633 1329 2634 1330 2634 1339 2634 1339 2635 1330 2635 1334 2635 1334 2636 1330 2636 1335 2636 1332 2637 1345 2637 1331 2637 1332 2638 1348 2638 1333 2638 1333 2639 1348 2639 1337 2639 1337 2640 1348 2640 1349 2640 1337 2641 1349 2641 1347 2641 1337 2642 1347 2642 1323 2642 1336 2643 1334 2643 1351 2643 1351 2644 1334 2644 1335 2644 1336 2645 1323 2645 1334 2645 1334 2646 1323 2646 1340 2646 1323 2647 1336 2647 1337 2647 1345 2648 1332 2648 1344 2648 1344 2649 1332 2649 1333 2649 1338 2650 1329 2650 1339 2650 1338 2651 1339 2651 1340 2651 1340 2652 1339 2652 1334 2652 1341 2653 1326 2653 1338 2653 1338 2654 1326 2654 1329 2654 1336 2655 1342 2655 1337 2655 1337 2656 1342 2656 1344 2656 1337 2657 1344 2657 1333 2657 1336 2658 1351 2658 1352 2658 1336 2659 1352 2659 1342 2659 1342 2660 1352 2660 1344 2660 1344 2661 1352 2661 1343 2661 1344 2662 1343 2662 1331 2662 1344 2663 1331 2663 1345 2663 1335 2664 1346 2664 1351 2664 1351 2665 1346 2665 1347 2665 1348 2666 1343 2666 1352 2666 1348 2667 1352 2667 1349 2667 1332 2668 1331 2668 1348 2668 1348 2669 1331 2669 1343 2669 1324 2670 1330 2670 1325 2670 1325 2671 1330 2671 1350 2671 1335 2672 1324 2672 1346 2672 1325 2673 1350 2673 1327 2673 1325 2674 1327 2674 1328 2674 1330 2675 1324 2675 1335 2675 1351 2676 1347 2676 1349 2676 1351 2677 1349 2677 1352 2677 1354 2678 1353 2678 1377 2678 1377 2679 1353 2679 1367 2679 1354 2680 1377 2680 1372 2680 1372 2681 1377 2681 1355 2681 1372 2682 1355 2682 1368 2682 1368 2683 1355 2683 1356 2683 1368 2684 1356 2684 1358 2684 1358 2685 1356 2685 1357 2685 1359 2686 1358 2686 1357 2686 1359 2687 1357 2687 1360 2687 1359 2688 1360 2688 1361 2688 1361 2689 1360 2689 1378 2689 1361 2690 1378 2690 1369 2690 1369 2691 1378 2691 1362 2691 1370 2692 1363 2692 1364 2692 1364 2693 1363 2693 1376 2693 1370 2694 1364 2694 1365 2694 1365 2695 1364 2695 1381 2695 1365 2696 1381 2696 1366 2696 1366 2697 1381 2697 1367 2697 1366 2698 1367 2698 1353 2698 1373 2699 1369 2699 1379 2699 1379 2700 1369 2700 1362 2700 1373 2701 1353 2701 1369 2701 1369 2702 1353 2702 1354 2702 1358 2703 1359 2703 1368 2703 1363 2704 1370 2704 1365 2704 1363 2705 1365 2705 1371 2705 1371 2706 1365 2706 1366 2706 1371 2707 1366 2707 1374 2707 1368 2708 1359 2708 1361 2708 1368 2709 1361 2709 1372 2709 1369 2710 1354 2710 1372 2710 1369 2711 1372 2711 1361 2711 1374 2712 1366 2712 1373 2712 1373 2713 1366 2713 1353 2713 1373 2714 1379 2714 1374 2714 1374 2715 1379 2715 1375 2715 1374 2716 1375 2716 1371 2716 1371 2717 1375 2717 1380 2717 1371 2718 1380 2718 1363 2718 1363 2719 1380 2719 1376 2719 1362 2720 1377 2720 1379 2720 1379 2721 1377 2721 1367 2721 1357 2722 1356 2722 1360 2722 1360 2723 1356 2723 1355 2723 1360 2724 1355 2724 1378 2724 1378 2725 1355 2725 1362 2725 1362 2726 1355 2726 1377 2726 1364 2727 1376 2727 1380 2727 1364 2728 1380 2728 1381 2728 1379 2729 1367 2729 1375 2729 1381 2730 1380 2730 1375 2730 1381 2731 1375 2731 1367 2731 1394 2732 1391 2732 1403 2732 1403 2733 1391 2733 1382 2733 1394 2734 1403 2734 1408 2734 1394 2735 1408 2735 1396 2735 1396 2736 1408 2736 1383 2736 1383 2737 1408 2737 1409 2737 1383 2738 1409 2738 1392 2738 1393 2739 1392 2739 1404 2739 1393 2740 1404 2740 1384 2740 1384 2741 1404 2741 1385 2741 1384 2742 1385 2742 1386 2742 1386 2743 1385 2743 1390 2743 1390 2744 1385 2744 1402 2744 1387 2745 1401 2745 1388 2745 1388 2746 1401 2746 1400 2746 1387 2747 1388 2747 1406 2747 1387 2748 1406 2748 1398 2748 1398 2749 1406 2749 1389 2749 1398 2750 1389 2750 1391 2750 1391 2751 1389 2751 1382 2751 1395 2752 1390 2752 1405 2752 1405 2753 1390 2753 1402 2753 1395 2754 1391 2754 1390 2754 1390 2755 1391 2755 1394 2755 1392 2756 1393 2756 1383 2756 1383 2757 1393 2757 1384 2757 1401 2758 1387 2758 1399 2758 1391 2759 1395 2759 1398 2759 1390 2760 1394 2760 1396 2760 1390 2761 1396 2761 1386 2761 1398 2762 1395 2762 1397 2762 1398 2763 1397 2763 1387 2763 1387 2764 1397 2764 1399 2764 1383 2765 1384 2765 1386 2765 1383 2766 1386 2766 1396 2766 1395 2767 1405 2767 1397 2767 1397 2768 1405 2768 1407 2768 1397 2769 1407 2769 1399 2769 1399 2770 1407 2770 1400 2770 1399 2771 1400 2771 1401 2771 1402 2772 1403 2772 1405 2772 1405 2773 1403 2773 1382 2773 1408 2774 1403 2774 1402 2774 1392 2775 1409 2775 1404 2775 1388 2776 1400 2776 1407 2776 1388 2777 1407 2777 1406 2777 1405 2778 1382 2778 1389 2778 1406 2779 1407 2779 1389 2779 1389 2780 1407 2780 1405 2780 1408 2781 1385 2781 1409 2781 1409 2782 1385 2782 1404 2782 1408 2783 1402 2783 1385 2783 1420 2784 1432 2784 1411 2784 1419 2785 1411 2785 1410 2785 1410 2786 1411 2786 1432 2786 1419 2787 1410 2787 1413 2787 1419 2788 1413 2788 1412 2788 1412 2789 1413 2789 1426 2789 1426 2790 1413 2790 1414 2790 1426 2791 1414 2791 1415 2791 1425 2792 1415 2792 1416 2792 1425 2793 1416 2793 1438 2793 1425 2794 1438 2794 1427 2794 1427 2795 1438 2795 1428 2795 1428 2796 1438 2796 1437 2796 1428 2797 1437 2797 1436 2797 1428 2798 1436 2798 1417 2798 1422 2799 1430 2799 1433 2799 1433 2800 1430 2800 1418 2800 1422 2801 1433 2801 1424 2801 1424 2802 1433 2802 1439 2802 1424 2803 1439 2803 1435 2803 1424 2804 1435 2804 1420 2804 1420 2805 1435 2805 1432 2805 1421 2806 1417 2806 1431 2806 1431 2807 1417 2807 1436 2807 1421 2808 1411 2808 1417 2808 1417 2809 1411 2809 1419 2809 1420 2810 1421 2810 1429 2810 1421 2811 1420 2811 1411 2811 1415 2812 1425 2812 1426 2812 1417 2813 1419 2813 1412 2813 1417 2814 1412 2814 1428 2814 1430 2815 1422 2815 1424 2815 1420 2816 1429 2816 1424 2816 1424 2817 1429 2817 1423 2817 1424 2818 1423 2818 1430 2818 1426 2819 1425 2819 1427 2819 1426 2820 1427 2820 1428 2820 1426 2821 1428 2821 1412 2821 1421 2822 1431 2822 1434 2822 1421 2823 1434 2823 1429 2823 1429 2824 1434 2824 1423 2824 1423 2825 1434 2825 1440 2825 1423 2826 1440 2826 1418 2826 1423 2827 1418 2827 1430 2827 1436 2828 1410 2828 1431 2828 1431 2829 1410 2829 1432 2829 1433 2830 1418 2830 1439 2830 1413 2831 1410 2831 1436 2831 1431 2832 1432 2832 1434 2832 1434 2833 1432 2833 1435 2833 1416 2834 1415 2834 1438 2834 1438 2835 1415 2835 1414 2835 1437 2836 1413 2836 1436 2836 1413 2837 1437 2837 1438 2837 1413 2838 1438 2838 1414 2838 1439 2839 1418 2839 1440 2839 1439 2840 1440 2840 1435 2840 1435 2841 1440 2841 1434 2841 1447 2842 1441 2842 1460 2842 1442 2843 1447 2843 1463 2843 1463 2844 1447 2844 1460 2844 1442 2845 1463 2845 1456 2845 1456 2846 1463 2846 1462 2846 1456 2847 1462 2847 1466 2847 1456 2848 1466 2848 1455 2848 1455 2849 1466 2849 1464 2849 1450 2850 1464 2850 1465 2850 1450 2851 1465 2851 1454 2851 1454 2852 1465 2852 1443 2852 1454 2853 1443 2853 1444 2853 1444 2854 1443 2854 1461 2854 1444 2855 1461 2855 1449 2855 1445 2856 1451 2856 1459 2856 1445 2857 1446 2857 1452 2857 1452 2858 1446 2858 1453 2858 1453 2859 1446 2859 1470 2859 1453 2860 1470 2860 1441 2860 1453 2861 1441 2861 1447 2861 1448 2862 1449 2862 1467 2862 1467 2863 1449 2863 1461 2863 1448 2864 1447 2864 1449 2864 1449 2865 1447 2865 1442 2865 1447 2866 1448 2866 1453 2866 1453 2867 1448 2867 1457 2867 1449 2868 1442 2868 1456 2868 1464 2869 1450 2869 1455 2869 1455 2870 1450 2870 1454 2870 1449 2871 1456 2871 1444 2871 1451 2872 1445 2872 1458 2872 1458 2873 1445 2873 1452 2873 1453 2874 1457 2874 1458 2874 1453 2875 1458 2875 1452 2875 1455 2876 1454 2876 1456 2876 1456 2877 1454 2877 1444 2877 1448 2878 1467 2878 1457 2878 1457 2879 1467 2879 1469 2879 1457 2880 1469 2880 1458 2880 1458 2881 1469 2881 1468 2881 1458 2882 1468 2882 1459 2882 1458 2883 1459 2883 1451 2883 1467 2884 1460 2884 1441 2884 1461 2885 1463 2885 1467 2885 1467 2886 1463 2886 1460 2886 1445 2887 1459 2887 1446 2887 1446 2888 1459 2888 1468 2888 1461 2889 1462 2889 1463 2889 1465 2890 1464 2890 1466 2890 1461 2891 1443 2891 1462 2891 1462 2892 1443 2892 1466 2892 1466 2893 1443 2893 1465 2893 1467 2894 1441 2894 1469 2894 1446 2895 1468 2895 1469 2895 1446 2896 1469 2896 1470 2896 1470 2897 1469 2897 1441 2897 1477 2898 1492 2898 1471 2898 1480 2899 1471 2899 1491 2899 1491 2900 1471 2900 1492 2900 1480 2901 1491 2901 1484 2901 1484 2902 1491 2902 1498 2902 1484 2903 1498 2903 1496 2903 1484 2904 1496 2904 1472 2904 1472 2905 1496 2905 1473 2905 1494 2906 1495 2906 1474 2906 1474 2907 1495 2907 1475 2907 1474 2908 1475 2908 1487 2908 1487 2909 1475 2909 1479 2909 1479 2910 1475 2910 1478 2910 1476 2911 1482 2911 1490 2911 1482 2912 1476 2912 1486 2912 1486 2913 1476 2913 1497 2913 1486 2914 1497 2914 1477 2914 1477 2915 1497 2915 1492 2915 1481 2916 1479 2916 1493 2916 1493 2917 1479 2917 1478 2917 1480 2918 1479 2918 1471 2918 1471 2919 1479 2919 1481 2919 1473 2920 1494 2920 1472 2920 1472 2921 1494 2921 1474 2921 1479 2922 1480 2922 1484 2922 1471 2923 1481 2923 1477 2923 1483 2924 1482 2924 1486 2924 1472 2925 1474 2925 1484 2925 1484 2926 1474 2926 1487 2926 1477 2927 1481 2927 1485 2927 1477 2928 1485 2928 1486 2928 1486 2929 1485 2929 1483 2929 1479 2930 1484 2930 1487 2930 1481 2931 1493 2931 1488 2931 1481 2932 1488 2932 1485 2932 1485 2933 1488 2933 1489 2933 1485 2934 1489 2934 1483 2934 1483 2935 1489 2935 1490 2935 1483 2936 1490 2936 1482 2936 1478 2937 1491 2937 1493 2937 1493 2938 1491 2938 1492 2938 1494 2939 1473 2939 1495 2939 1495 2940 1473 2940 1496 2940 1491 2941 1478 2941 1498 2941 1493 2942 1492 2942 1488 2942 1488 2943 1492 2943 1497 2943 1476 2944 1490 2944 1489 2944 1476 2945 1489 2945 1497 2945 1478 2946 1475 2946 1498 2946 1498 2947 1475 2947 1496 2947 1496 2948 1475 2948 1495 2948 1497 2949 1489 2949 1488 2949 1500 2950 1525 2950 1514 2950 1499 2951 1500 2951 1513 2951 1513 2952 1500 2952 1514 2952 1499 2953 1513 2953 1515 2953 1499 2954 1515 2954 1506 2954 1506 2955 1515 2955 1518 2955 1506 2956 1518 2956 1501 2956 1501 2957 1518 2957 1517 2957 1501 2958 1517 2958 1502 2958 1501 2959 1502 2959 1504 2959 1504 2960 1502 2960 1523 2960 1504 2961 1523 2961 1505 2961 1505 2962 1523 2962 1516 2962 1505 2963 1516 2963 1509 2963 1503 2964 1519 2964 1520 2964 1503 2965 1520 2965 1507 2965 1507 2966 1520 2966 1525 2966 1507 2967 1525 2967 1500 2967 1510 2968 1509 2968 1524 2968 1524 2969 1509 2969 1516 2969 1501 2970 1504 2970 1506 2970 1510 2971 1500 2971 1509 2971 1509 2972 1500 2972 1499 2972 1519 2973 1503 2973 1511 2973 1506 2974 1504 2974 1505 2974 1511 2975 1503 2975 1507 2975 1511 2976 1507 2976 1508 2976 1508 2977 1507 2977 1500 2977 1508 2978 1500 2978 1510 2978 1509 2979 1499 2979 1505 2979 1505 2980 1499 2980 1506 2980 1510 2981 1524 2981 1522 2981 1510 2982 1522 2982 1508 2982 1508 2983 1522 2983 1511 2983 1511 2984 1522 2984 1521 2984 1511 2985 1521 2985 1519 2985 1519 2986 1521 2986 1512 2986 1516 2987 1513 2987 1524 2987 1524 2988 1513 2988 1514 2988 1502 2989 1517 2989 1518 2989 1519 2990 1512 2990 1520 2990 1520 2991 1512 2991 1521 2991 1516 2992 1515 2992 1513 2992 1520 2993 1521 2993 1522 2993 1520 2994 1522 2994 1525 2994 1515 2995 1516 2995 1523 2995 1515 2996 1523 2996 1518 2996 1518 2997 1523 2997 1502 2997 1524 2998 1514 2998 1525 2998 1524 2999 1525 2999 1522 2999</p>
                </triangles>
            </mesh>
        </geometry>
    </library_geometries>
    <library_visual_scenes>
        <visual_scene id="VisualSceneNode" name="VisualScene">
            <node id="node" name="node">
                <instance_geometry url="#shape0-lib">
                    <bind_material>
                        <technique_common/>
                    </bind_material>
                </instance_geometry>
            </node>
        </visual_scene>
    </library_visual_scenes>
    <scene>
        <instance_visual_scene url="#VisualSceneNode"/>
    </scene>
</COLLADA>
