<?xml version="1.0" encoding="UTF-8"?>
<COLLADA xmlns="http://www.collada.org/2005/11/COLLADASchema" version="1.4.1">
    <asset>
        <contributor>
            <author>VCGLab</author>
            <authoring_tool>VCGLib | MeshLab</authoring_tool>
        </contributor>
        <up_axis>Y_UP</up_axis>
        <created>Mo. Sep 10 15:05:20 2018</created>
        <modified>Mo. Sep 10 15:05:20 2018</modified>
    </asset>
    <library_images/>
    <library_materials/>
    <library_effects/>
    <library_geometries>
        <geometry id="shape0-lib" name="shape0">
            <mesh>
                <source id="shape0-lib-positions" name="position">
                    <float_array id="shape0-lib-positions-array" count="7284">0.03 0.0258971 0.0348064 0.03 0.0281737 0.033943 0.0302003 0.0301786 0.0325591 0.03 0.0317922 0.0307374 0.03 0.0335063 0.0262174 0.03 0.0335063 0.0237825 0.03 0.0329237 0.0214184 0.03 0.0301775 0.01744 0.03 0.0281737 0.0160569 0.03 0.02348 0.0148998 0.03 0.0187864 0.0160569 0.03 0.0167826 0.01744 0.0303312 0.0151677 0.0192625 0.03 0.0140364 0.0214185 0.0303299 0.0134536 0.0237824 0.03 0.0134538 0.0262174 0.03 0.0140364 0.0285815 0.03 0.0151679 0.0307374 0.0302002 0.0167821 0.0325596 0.03 0.0187864 0.033943 -0.03 0.0167826 0.0325599 -0.03 0.0187864 0.033943 -0.03 0.021063 0.0348064 -0.03 0.0281737 0.033943 -0.0302002 0.0301779 0.0325597 -0.03 0.0317921 0.0307374 -0.03 0.0329237 0.0285815 -0.03 0.0335063 0.0262174 -0.03 0.0329237 0.0214184 -0.03 0.0301775 0.01744 -0.03 0.0281737 0.0160569 -0.03 0.0258971 0.0151935 -0.03 0.02348 0.0148998 -0.03 0.021063 0.0151935 -0.03 0.0167826 0.01744 -0.0303014 0.0151681 0.0192621 -0.03 0.0140364 0.0214184 -0.0303295 0.0134537 0.0237819 -0.03 0.0134538 0.0262174 -0.03 0.0140364 0.0285815 -0.03 0.0151679 0.0307374 0.0303224 0.0210731 0.0152421 0.0302268 0.0317971 0.0193429 -0.0302624 0.0258851 0.0347578 -0.0305248 0.02348 0.0349998 -0.0305248 0.0281272 0.0338545 -0.0305248 0.0301112 0.0324849 -0.0305248 0.0317098 0.0306806 -0.0305248 0.0328302 0.028546 -0.0305248 0.0334071 0.0262054 -0.0304274 0.0334568 0.0237884 -0.0305248 0.0328302 0.0214538 -0.0305248 0.0301112 0.0175149 -0.0305248 0.0281272 0.0161453 -0.0305248 0.0258732 0.0152905 -0.0305248 0.02348 0.0149999 -0.0303167 0.0187477 0.0161241 -0.0305248 0.0168489 0.0175149 -0.0305248 0.0141299 0.0214538 -0.0305248 0.013553 0.0262054 -0.0305248 0.0141299 0.028546 -0.0305248 0.0152501 0.0306806 -0.0305248 0.0168489 0.0324849 -0.0305248 0.0188328 0.0338545 -0.0305248 0.0210869 0.0347094 0.0302623 0.021075 0.0347578 0.0305248 0.0188329 0.0338545 0.0305248 0.0168489 0.0324849 0.0305248 0.0234801 0.0349998 0.0305248 0.0258732 0.0347094 0.0305248 0.0281272 0.0338545 0.0305248 0.0301112 0.0324849 0.0305248 0.0317098 0.0306806 0.0302209 0.0328293 0.0286891 0.0305248 0.0334071 0.0262054 0.0305248 0.0334071 0.0237946 0.0305248 0.0328302 0.0214538 -0.0303311 0.0317056 0.0192398 0.0305248 0.0301112 0.0175149 0.0305248 0.0281272 0.0161453 0.030399 0.0258866 0.0152421 0.0305248 0.02348 0.0149999 -0.0305248 0.0210869 0.0152905 0.0305248 0.0188329 0.0161453 0.0305248 0.0168489 0.0175149 0.0305248 0.0141299 0.0214538 0.0305248 0.013553 0.0262054 0.0305248 0.0141299 0.028546 0.0305248 0.0152503 0.0306806 0.0143106 0.0161791 -0.00167459 0.0128996 0.0160921 0.00267476 0.0141597 0.00912327 0.000235074 0.009951 0.00925356 -0.000896201 0.0132139 0.0238619 -0.00131655 -0.012 0.0159801 0.00249994 -0.00928771 0.0159863 -0.00148195 -0.0103456 0.0161801 0.00233447 -0.0118401 0.00924194 -0.00232321 -0.0120641 0.00914442 0.00182068 -0.0110919 0.0220446 0.00387537 -0.00977498 0.0237043 -0.0023973 0.00448966 0.0059619 0.032325 0.0162513 0.00605351 0.0282968 0.0169344 0.00592965 0.0239004 0.00986421 0.00598002 0.025 -0.00986421 0.00598002 0.025 0.0158159 0.00553554 -0.0192591 0.0165985 0.00604266 -0.0280548 0.00857711 0.00596904 -0.0313433 -0.015946 0.00603777 -0.0284522 -0.00986421 0.00598001 -0.025 0.00986421 0.00598001 -0.025 0.0316222 0.00597638 0.00749987 0.0294204 0.00597376 0.0139708 0.0249113 0.0059818 0.0208994 -0.00624329 0.00595594 0.0319517 -0.0168911 0.00604218 0.0279313 -0.0249126 0.0059818 0.0208979 -0.0294194 0.00597376 0.013973 -0.0316222 0.00597948 0.00749993 0.000742062 -0.00396818 -0.0327976 -0.0112423 -0.00397986 -0.0305663 -0.0212273 -0.00395161 -0.0247804 -0.0288725 -0.00396967 -0.0154741 -0.032372 -0.00398207 -0.00312036 -0.0321067 -0.00397217 0.00572091 -0.0255214 -0.00398445 0.0206407 -0.0138589 -0.00397628 0.0296391 -0.000742024 -0.00397426 0.0327976 0.0112426 -0.0039764 0.0305662 0.0212276 -0.00394743 0.0247802 0.0288727 -0.00397759 0.0154738 0.032372 -0.00398284 0.00311959 0.032329 -0.00396257 -0.0033986 0.0288744 -0.00398308 -0.0154705 0.0224493 -0.00396311 -0.0235937 0.0138584 -0.00397665 -0.0296393 -0.0316226 0.0149801 0.00749993 -0.0318434 0.0159801 0.00649994 -0.0325423 0.0159806 -1.53243e-06 -0.0318434 0.0159801 -0.00649989 -0.0316226 0.0149801 -0.00749988 -0.0316222 0.00597954 -0.00749988 -0.0294202 0.00597393 -0.013971 -0.024911 0.0059818 -0.0208997 -0.00222546 0.00593787 -0.0327176 0.0277362 0.00597578 -0.0174954 0.0316222 0.00597817 -0.00749987 0.0316226 0.0149801 -0.00749987 0.0318434 0.0159801 -0.00649995 0.0325423 0.0159806 1.57686e-06 0.0318434 0.0159801 0.00649995 0.0316226 0.0149801 0.00749987 -0.0216402 0.0158626 0.00162095 -0.0235936 0.0159801 -0.00339568 0.0245461 0.0159801 0.00375891 0.0215466 0.0159702 -0.000991459 -0.00373858 -0.00397134 -0.0294731 -0.0169338 -0.00398821 -0.0246395 -0.0277698 -0.00397361 -0.0109373 -0.0259803 -0.00400329 0.0149801 -0.00893414 -0.00395155 0.0288814 0.0140082 -0.00395006 0.0267314 0.0271957 -0.00400352 0.0122031 0.0272527 -0.0039646 -0.0118456 0.0198539 -0.00396055 -0.0220944 0.00900495 -0.00401074 -0.0283938 0.000978873 -1.85556e-05 -0.0299101 -0.0227848 -1.99312e-05 -0.0190369 -0.0285261 -1.94964e-05 -0.00849581 -0.0295369 -0.00368363 0.00170255 -0.0286065 -1.95457e-05 0.00764823 -0.0216098 -1.98846e-05 0.0203401 -0.00120354 -1.48817e-05 0.0299797 0.0227848 -1.99108e-05 0.0190369 0.0283398 -1.96903e-05 0.00894487 0.029705 -0.00372654 0.000446048 0.027739 -2.1064e-05 -0.0117144 -0.00977391 -1.98902e-05 -0.000538744 -0.0134673 -1.98459e-05 -0.00127643 -0.0122805 -1.99232e-05 0.00198191 0.0140285 -2.00413e-05 -0.00120622 0.0100383 -1.9929e-05 3.91053e-05 0.0122015 -1.99185e-05 0.00225163 -0.02878 0.015408 -0.00156385 -0.0285324 0.0157207 0.00356382 -0.0259328 0.0127786 0.0027104 -0.0241739 0.0126123 -0.00223232 -0.0274286 -6.53567e-05 0.00223189 -0.0258394 -2.25884e-05 -0.00256783 -0.0237666 -1.99256e-05 0.00103354 0.024141 0.012388 0.00220817 0.0288016 0.0153177 0.00149524 0.0285324 0.0157207 -0.00356382 0.0258651 0.0129628 -0.00273407 0.0258394 -2.25771e-05 0.00256783 0.0237666 -1.99164e-05 -0.00103354 0.0274286 -6.53537e-05 -0.00223195 -0.0150515 0.00273168 -0.0254879 -0.00941491 0.00266307 -0.0207119 -0.0173563 0.00589978 -0.0228324 -0.0127118 0.00557565 -0.0181678 -0.0137035 -1.19841e-05 -0.0263481 -0.0119744 -1.99289e-05 -0.0207695 0.0147173 0.00260562 0.0252306 0.0144297 0.00463706 0.0183132 0.00920623 0.00511766 0.0205949 0.0119744 -1.99131e-05 0.0207695 0.0134436 7.34675e-05 0.0262018 -0.0152657 0.00255543 0.019748 -0.0133902 0.00520444 0.0269873 -0.00955248 0.00277722 0.0239488 -0.0107471 0.00550097 0.0191836 -0.0173563 0.00589979 0.0228324 -0.0149252 -0.000146362 0.025437 -0.0113425 -1.99177e-05 0.0211737 0.00854337 0.00517458 -0.0214792 0.0147455 0.00246429 -0.0259624 0.0118482 -1.99242e-05 -0.021033 0.0151027 -6.73731e-05 -0.0255126 0.030823 0.00598002 0.0086 -0.0308229 0.00598001 0.00859999 -0.0308229 0.00598001 -0.0086 0.318313 0.0523493 0.00230444 0.311638 0.0528828 -0.00118702 0.317277 0.0308529 9.58842e-05 0.310565 0.02139 -0.00178246 0.3163 0.0267039 0.00378342 0.293539 0.0497555 -0.00355761 0.29124 0.0526718 -0.000353229 0.291914 0.0380115 -0.00248306 0.28921 0.0307823 -0.00246339 0.294219 0.0220044 0.00140579 0.28809 0.0238188 -0.00172459 0.052943 0.02298 0.0391936 0.0528648 0.0214798 0.0367148 0.0499608 0.0214807 0.0374724 0.0536382 0.0324741 0.0380431 0.0547249 0.0229801 0.0349874 0.054886 0.0276581 0.0343302 0.0451159 0.0289335 0.0336211 0.045275 0.0229801 0.0349874 0.046882 0.0229775 0.038153 0.0804903 0.0229797 -0.0390556 0.0811091 0.0229731 -0.0364994 0.0812979 0.0229801 0.000242478 0.0805538 0.0214795 0.00112462 0.0807801 0.0214799 -0.00120765 0.197981 0.0229801 0.0364154 0.197774 0.0229802 0.0392833 0.199248 0.0214799 0.0390246 0.198507 0.0214788 0.0364166 0.22974 0.0229877 -0.0384579 0.227554 0.0229801 -0.0365342 0.228777 0.0214671 -0.036479 0.226449 0.0229788 -0.038678 0.228034 0.0229802 -0.00150227 0.229271 0.0229801 0.00085307 0.226842 0.0229801 0.00086242 0.228823 0.0214797 -0.0017377 0.233147 0.0298415 0.0478401 0.230254 0.0314136 0.047 0.231346 0.0276455 0.047 0.195335 0.0316671 0.046993 0.193282 0.0270047 0.0470002 0.192203 0.0305768 0.0478086 0.0495711 0.0302997 -0.0470069 0.0465866 0.03037 -0.0478169 0.0877629 0.0298979 -0.047875 0.0843557 0.0294707 -0.047012 0.233886 0.0299889 -0.0479562 0.230434 0.0294898 -0.0470165 0.0470062 0.039993 -0.0216555 0.0501599 0.0418867 -0.0206007 0.158916 0.0418147 -0.0193494 0.158231 0.0429039 0.036612 0.0519825 0.03998 -0.0170352 0.0470001 0.03998 -0.0172048 0.162 0.0399802 -0.0172377 0.157223 0.0399805 -0.0220604 0.161317 0.0397011 -0.0206162 0.160719 0.0401919 0.0370567 0.157017 0.0399801 0.0320352 0.161999 0.0399862 0.031495 0.158114 0.0381088 0.0347035 0.0521883 0.0379606 -0.0195903 0.157233 0.0333846 -0.0156268 0.161875 0.0329801 0.0343051 0.0470465 0.0402125 0.0367356 0.047 0.0399802 0.0322407 0.051578 0.0399794 0.0371146 0.0493969 0.0420706 0.0340145 0.0518519 0.0386208 0.0353972 0.0466159 0.0331231 0.0381209 0.202319 0.0425175 0.00435168 0.203262 0.0427006 0.00994057 0.20504 0.0425301 0.0126591 0.3466 0.04298 -0.00704991 0.274533 0.04298 0.00704987 0.3466 0.04298 0.00494988 0.334814 0.0397221 0.00888098 0.3344 0.0409801 0.00859995 0.336941 0.0409808 0.00860239 0.333 0.0409801 0.00749988 0.274591 0.0409811 0.00860096 0.335452 0.0409822 0.00536729 0.348284 0.0419801 -0.0403499 0.334996 0.0409483 -0.0254791 0.27465 0.0409801 -0.00859999 0.348284 0.0419801 0.0403499 0.42535 0.0419801 0.0303499 0.423117 0.0415633 -0.0254212 0.361246 0.050932 -0.0345549 0.339507 0.0509499 0.00141473 0.361175 0.0509151 0.0343374 0.42269 0.0416466 0.0237542 0.324975 0.0497104 0.000224864 0.381817 0.04298 0.040425 0.425425 0.04248 -0.0304249 0.381817 0.04298 -0.040425 0.274559 0.04298 -0.00494992 0.27455 0.04808 0.00499994 0.27455 0.0430801 0.00699992 0.27455 0.0430801 0.00499994 0.34655 0.0430801 0.00699992 0.34655 0.04808 0.00699992 0.34655 0.0430801 0.00499995 0.27455 0.0430801 -0.00699996 0.27455 0.04808 -0.00699996 0.27455 0.0430801 -0.00499999 0.34655 0.0430801 -0.00499998 0.34655 0.0430801 -0.00699996 0.34655 0.04808 -0.00499998 0.27 0.04948 -0.02 0.271464 0.050822 -0.0235165 0.275 0.04948 -0.025 0.270205 0.0502883 -0.0213838 0.32 0.0509801 -0.0234999 0.273487 0.0504603 -0.0247115 0.32 0.04948 -0.025 0.335232 0.0411162 -0.0313849 0.326138 0.0502401 -0.0258093 0.334004 0.0509794 -0.0305559 0.342736 0.0509818 -0.0434105 0.345846 0.0504012 -0.0446972 0.422296 0.0504616 -0.0447309 0.348284 0.04948 -0.0449999 0.42 0.0509801 -0.0434999 0.42 0.0494801 -0.0449999 0.4285 0.0509801 -0.0349998 0.427076 0.0503529 -0.0424849 0.43 0.0494801 -0.0349998 0.4285 0.0509801 0.0349999 0.43 0.0494801 0.0349999 0.429747 0.0503448 -0.0372318 0.429643 0.0505689 0.0376292 0.425156 0.0509783 0.0435454 0.42 0.0494801 0.0449999 0.428129 0.0504166 0.0410912 0.342611 0.0509801 0.0433815 0.348284 0.0494801 0.0449999 0.422237 0.050388 0.0447452 0.33976 0.0316395 0.0402349 0.346017 0.050455 0.0447464 0.32 0.0494801 0.025 0.338028 0.050984 0.0363881 0.33152 0.0509785 0.0284076 0.271979 0.0508802 0.0240194 0.322196 0.0502722 0.024862 0.32 0.0509801 0.0234999 0.275 0.0494801 0.025 0.2715 0.0509801 7.41082e-09 0.270005 0.0502407 0.0210396 0.348284 0.03248 0.0449999 0.42 0.0324801 0.0449999 0.32 0.0409801 0.025 0.273837 0.0409802 0.0249998 0.270074 0.0413335 0.0221281 0.27 0.0409746 -0.00750016 0.270013 0.0410413 -0.0208993 0.27 0.0409745 0.00750018 0.27 0.03248 0.00749988 0.27 0.03248 -0.00749992 0.27284 0.0409895 -0.024995 0.349055 0.0509298 -0.0104507 0.35587 0.0509672 -0.022658 0.351487 0.0509801 -0.0352695 0.374068 0.0509801 -0.0355428 0.390054 0.0509801 -0.03672 0.398645 0.0509129 -0.0344701 0.414234 0.0509788 -0.0265364 0.419519 0.0509801 -0.0235784 0.420561 0.0509629 -0.0275879 0.422608 0.0509801 -0.0237933 0.421329 0.0509801 0.00735564 0.422944 0.0509801 0.0240294 0.419584 0.0509308 0.0136858 0.419157 0.0500587 0.0270742 0.41063 0.0509754 0.0272583 0.384332 0.0509801 0.0373487 0.359493 0.0509771 0.0380758 0.408265 0.0509695 0.0364554 0.396464 0.0509152 0.0352806 0.357561 0.0505976 0.0349039 0.361355 0.0509012 0.0285842 0.355771 0.0509779 0.0265417 0.353108 0.0509801 0.0194494 0.349197 0.0509787 0.0273342 0.348275 0.0509467 0.00553448 0.422185 0.0509394 0.0268572 0.312328 0.050979 0.00376267 0.2905 0.0509801 0.00479991 0.306627 0.0511689 0.00192268 0.3145 0.0509801 -0.00479995 0.2905 0.0509801 -0.00479995 0.340453 0.0509806 -0.0115924 0.282648 0.0508525 0.00195683 0.284677 0.0507143 -0.000349789 0.280862 0.0509801 -0.00179987 0.305741 0.0509801 -0.00196587 0.300271 0.0503987 -0.00186067 0.304285 0.0500884 -0.00184952 0.295227 0.0509989 6.12517e-06 0.417894 0.050989 -0.0357054 0.323526 0.0509759 -0.00185608 0.339482 0.0509767 -0.00149809 0.342312 0.0509793 0.00847108 0.3403 0.0509801 0.0107548 0.34791 0.0509801 -0.0232199 0.34774 0.0509766 0.0237869 0.342235 0.0508537 0.00189407 0.280062 0.0508836 0.00107903 0.348084 0.0509754 -0.0275795 0.297011 0.0500546 -0.00110315 0.3466 0.04808 -0.00704991 0.3466 0.04298 -0.00494992 0.2745 0.04808 -0.00494992 0.274584 0.0429813 -0.00704991 0.3466 0.04808 0.00494988 0.274632 0.0429815 0.00494988 0.3466 0.04298 0.00704987 0.2745 0.04808 0.00704987 0.348284 0.0409801 -0.0405 0.415425 0.0414801 -0.040425 0.425425 0.0409801 7.50656e-05 0.4155 0.0419801 0.0405 0.41535 0.0409801 0.0403499 0.4255 0.04298 0.0305 0.348284 0.0409801 0.0405 0.334996 0.0409477 0.0254794 0.274561 0.0409804 0.00749988 0.274563 0.0409802 -0.00749992 0.42 0.03248 -0.0449999 0.427541 0.031641 -0.0420198 0.43 0.03248 -0.0349998 0.43 0.0324801 0.0349999 0.429008 0.0314696 0.0393406 0.426948 0.0316254 0.0422701 0.340495 0.0415784 -0.04137 0.348284 0.03248 -0.0449999 0.292168 0.0489499 0.00462008 0.290092 0.0469193 -0.00488936 0.286117 0.0463293 0.00106651 0.318815 0.0464315 0.000125591 0.312481 0.0463994 0.00385768 0.315967 0.048735 -0.00449323 0.309393 0.0490794 -0.00103485 0.413457 0.046587 0.035477 0.41679 0.0508959 0.0355395 0.421037 0.0471654 0.03185 0.349281 0.046407 -0.0300724 0.29183 0.03098 -0.00259005 0.29326 0.0308805 3.46138e-05 0.290387 0.0309782 0.0027153 0.288372 0.0308529 0.00169582 0.287745 0.0308511 -0.000216395 0.314694 0.0309803 -0.00273358 0.316529 0.0308657 -0.00178014 0.316166 0.0308473 0.00213862 0.313967 0.0309454 0.0026315 0.31181 0.0309003 0.00110007 0.422017 0.0439801 0.00191088 0.416512 0.0439801 0.0195161 0.410672 0.0439801 0.0267365 0.40322 0.0439801 0.0322794 0.385413 0.0439801 0.037064 0.37618 0.0439801 0.0360016 0.35215 0.0437346 0.01692 0.370974 0.0439801 -0.03431 0.379946 0.0439801 -0.03672 0.389234 0.0439801 -0.0368234 0.413297 0.0439801 -0.0239413 0.417005 0.0509432 -0.0191458 0.421865 0.0509792 -0.00489692 0.323452 0.0409799 -0.0250031 0.0323999 0.0161801 -0.00759989 -0.0323999 0.00698 -0.00759989 -0.0105149 0.0161801 -0.00238371 -0.0323999 0.0161801 0.00759989 0.0323999 0.0161801 0.00759989 0.00799251 0.0190552 0.00253254 0.0114251 0.0219496 0.00445252 0.0106509 0.0233353 0.00500995 0.0169958 0.0201123 -0.000613112 0.0178876 0.0229449 -0.000367046 0.0117392 0.0187074 -0.00501108 0.00735807 0.0229168 -0.0015285 -0.0154967 0.0223693 0.00028071 -0.0140166 0.0231861 0.00472921 -0.00627661 0.0229181 0.000932267 -0.00723696 0.0208467 -0.0010308 -0.0129365 0.0186707 -0.00499588 0.0325596 0.0069828 -0.00760186 -0.0313266 0.00722825 0.00880658 -0.0310647 0.00733429 -0.00874424 -0.0323999 0.00698 0.00759989 0.0324312 0.0069834 0.00760037 0.0305228 0.0069924 0.0266898 -0.0305 0.0171783 -0.00778473 -0.0304699 0.0268009 -0.041855 -0.0324485 0.039165 -0.0201682 0.0304838 0.00698298 -0.00881642 0.0321507 0.00598764 -0.00859183 0.0322984 0.00617677 -0.0277772 0.0318999 0.00710726 -0.0311792 0.0318999 0.0084821 -0.0340172 0.0318999 0.0103438 -0.0365624 0.0318999 0.0126322 -0.0387322 0.0309095 0.015297 -0.0404634 0.0318999 0.0181798 -0.041678 0.0318999 0.0212589 -0.0423584 0.0318999 0.0244102 -0.0424752 0.0318999 0.0275311 -0.0420246 0.0318999 0.0305207 -0.041021 0.0318999 0.0332817 -0.0394975 0.0318999 0.0357243 -0.0375031 0.0318999 0.0377692 -0.0351025 0.0318999 0.0393504 -0.0323743 0.0318999 0.0404162 -0.0294062 0.0318999 0.040932 -0.0262954 0.0318999 0.0408811 -0.0231423 0.0318999 0.0402652 -0.0200496 0.0318999 0.0391043 -0.0171176 0.0318999 0.0374361 -0.0144415 0.0318999 0.0353147 -0.0121084 0.0318999 0.0328089 -0.0101939 0.0318999 0.0300003 -0.00876004 0.0321243 0.0258934 -0.00749838 0.0125453 0.0240066 -0.0061422 0.0322646 0.0231078 -0.00407928 0.0321367 0.0231096 0.00408459 0.0318999 0.0241071 0.00611687 0.0318999 0.0300003 0.00875997 0.0318999 0.0328089 0.0101939 0.0303857 0.0353377 0.0121423 0.0318999 0.0152727 0.0404559 0.0318999 0.0126323 0.0387322 0.0318999 0.0103438 0.0365624 0.0318999 0.0374361 0.0144415 0.0318999 0.0391043 0.0171175 0.0318999 0.0402652 0.0200496 0.0318999 0.0408811 0.0231423 0.0318999 0.040932 0.0262954 0.0310936 0.03938 0.032268 0.0318999 0.0404162 0.0294062 0.0318999 0.0377693 0.0351025 0.0312987 0.035713 0.0375121 0.0318999 0.0332817 0.0394975 0.0318999 0.0305207 0.041021 0.0310665 0.0274556 0.042027 0.0318999 0.0244102 0.0424752 0.0315313 0.021252 0.0423568 0.0318999 0.0181798 0.041678 0.0318999 0.00848216 0.0340172 0.0318999 0.00710726 0.0311792 0.0318999 0.00626427 0.0281406 0.0322737 0.00598038 0.0250015 -0.0323195 0.00598031 0.0250006 -0.0318999 0.0300003 0.00876003 -0.0318999 0.0328089 0.0101939 -0.0318999 0.0353147 0.0121084 -0.0318999 0.0374359 0.0144415 -0.0318999 0.0391043 0.0171175 -0.0318999 0.0402652 0.0200496 -0.0318999 0.0408811 0.0231423 -0.0318999 0.040932 0.0262954 -0.030567 0.0404433 0.0292876 -0.0318999 0.0393504 0.0323743 -0.0308072 0.0378655 0.0349396 -0.0318999 0.0357243 0.0375031 -0.0318999 0.0332817 0.0394975 -0.0318999 0.0305207 0.041021 -0.0318999 0.0275311 0.0420245 -0.0318999 0.0244102 0.0424752 -0.0318999 0.0212589 0.0423584 -0.0318999 0.0181798 0.041678 -0.0318999 0.0152727 0.0404559 -0.0318999 0.0126322 0.0387322 -0.0318999 0.0103438 0.0365624 -0.0318999 0.0084821 0.0340172 -0.0318999 0.00710726 0.0311792 -0.0318999 0.00626421 0.0281406 -0.0322645 0.0231079 0.0040794 -0.0118687 0.0245319 0.00652653 -0.0321243 0.0258936 0.00749844 0.0321742 0.0258964 0.00749975 -0.0171308 0.0231137 -0.00133079 -0.0321719 0.0260106 -0.00756419 -0.0127679 0.0236616 -0.005521 -0.0318999 0.00626421 -0.0281406 -0.0318999 0.00710725 -0.0311792 -0.0318999 0.00848209 -0.0340172 -0.0314078 0.0103741 -0.0365955 -0.0318999 0.0126322 -0.0387322 -0.0318999 0.0152727 -0.0404559 -0.0318999 0.0212589 -0.0423584 -0.0318999 0.0244101 -0.0424752 -0.0318999 0.0275311 -0.0420246 -0.0318999 0.0305207 -0.041021 -0.0318999 0.0332817 -0.0394975 -0.0313007 0.0357166 -0.0375084 -0.0318999 0.0377692 -0.0351025 -0.0318999 0.0393504 -0.0323743 -0.0318999 0.040932 -0.0262954 -0.0318999 0.0408811 -0.0231423 -0.0318999 0.0402652 -0.0200496 -0.0318999 0.0391043 -0.0171176 -0.0318999 0.0374359 -0.0144415 -0.0318999 0.0353145 -0.0121084 -0.0318999 0.0328089 -0.0101939 -0.0316535 0.0404178 -0.029398 -0.0303169 0.00716608 -0.0291492 -0.0322417 0.0300088 -0.00876314 -0.0324432 0.00598162 -0.0250539 -0.0324043 0.0161844 -0.00760007 0.032389 0.0391706 0.0202443 0.0307395 0.0144222 0.0390022 0.0324533 0.00774491 0.0292305 0.032253 0.0302709 -0.040056 0.0323031 0.039163 -0.0200207 0.0324109 0.03179 -0.0112594 0.0324011 0.0219967 -0.00712985 0.0304809 0.00733721 0.0086965 0.0324945 0.00776464 0.00903905 0.032459 0.017426 -0.00837624 0.0324948 0.00770396 -0.0090242 0.0324101 0.0075978 -0.0296022 0.0324918 0.0121162 -0.0361643 0.0324609 0.021375 -0.0410116 0.0323706 0.0382063 -0.0326961 0.0323653 0.0221798 0.00707972 0.0324905 0.032204 0.0116194 0.0324731 0.0377946 0.0334787 0.0324927 0.0266178 0.0407904 0.0324927 0.0149584 0.0386539 0.0324905 0.031111 0.0319676 0.0324966 0.033553 0.0250103 0.0324927 0.0312307 0.0181247 0.032495 0.0233315 0.0147316 0.0324995 0.0145108 0.0196591 0.0324935 0.0148116 0.0307693 0.0324899 0.0233138 0.0352639 0.0324977 0.0222504 -0.0149847 0.0324902 0.0294837 -0.0166239 0.0324932 0.0332622 -0.0225969 0.032496 0.033068 -0.0286412 0.0324969 0.0251123 -0.0353944 0.0324923 0.0153648 -0.0312225 0.0324992 0.0134076 -0.0249895 0.032498 0.0157004 -0.018192 0.0324738 0.0174103 0.00881851 -0.0324816 0.0244787 -0.00857306 -0.0306356 0.0339041 -0.0122219 -0.0324235 0.0379527 -0.0332002 -0.0311643 0.0180097 -0.0416185 -0.0303297 0.00728029 0.0269962 -0.0324507 0.0106499 0.0352629 -0.0322571 0.0302715 0.040056 -0.0324706 0.0385783 0.0190183 -0.0324583 0.0317952 0.0112712 -0.0324184 0.0219936 0.00713068 -0.0324945 0.00776463 -0.00903905 -0.0324256 0.0174281 0.00838011 -0.0324953 0.00770402 0.00902438 -0.0324929 0.00783026 0.0283761 -0.0323109 0.0219225 -0.00483048 -0.0324906 0.032204 -0.0116194 -0.0324883 0.00776559 -0.0293307 -0.0324929 0.0149584 -0.0386538 -0.0324925 0.0266177 -0.0407905 -0.0324309 0.0192147 0.0408701 -0.032492 0.0177324 -0.00913829 -0.0324998 0.02348 0.033 -0.0324998 0.0178232 0.0306567 -0.0324998 0.016552 0.029 -0.0325 0.0154801 0.025 -0.0324998 0.016552 0.0209998 -0.0324998 0.02748 0.0180718 -0.0324998 0.03148 0.025 -0.0324998 0.0312074 0.0270705 -0.0324998 0.0304081 0.029 -0.0324998 0.0291369 0.0306567 -0.0324998 0.02748 0.0319282 -0.0324928 0.0383236 0.0312326 0.335 0.0214096 0.0327273 0.335 0.0234801 0.033 0.335 0.0154801 0.025 -0.0324995 0.0178232 0.0193431 -0.0324998 0.01948 0.0180718 0.335 0.0178233 0.0306568 -0.0324998 0.0214095 0.0172726 0.335 0.016552 0.029 -0.0324998 0.02348 0.0169999 0.335 0.0157528 0.0270705 -0.0324998 0.0255506 0.0172726 0.335 0.0157528 0.0229294 0.335 0.016552 0.0209999 0.335 0.0178233 0.0193431 -0.0324998 0.0291369 0.0193431 -0.0324998 0.0304081 0.0209998 0.335 0.0194802 0.0180718 0.335 0.0214096 0.0172726 -0.0324998 0.0312074 0.0229294 0.335 0.0234801 0.0169999 0.335 0.0312074 0.0229294 0.335 0.0255506 0.0172726 0.335 0.0304082 0.0209999 0.335 0.0291369 0.0193431 -0.0324998 0.0255506 0.0327274 -0.0324998 0.0214095 0.0327274 0.335 0.0314801 0.025 -0.0324998 0.01948 0.0319282 0.335 0.0312074 0.0270705 0.335 0.0291369 0.0306568 0.335 0.0304082 0.029 -0.0324998 0.0157527 0.0270705 0.335 0.02748 0.0319282 0.335 0.0255506 0.0327273 0.335 0.0194802 0.0319282 -0.0324998 0.0157527 0.0229294 -0.0324998 0.01948 -0.0319282 -0.0324998 0.0304081 -0.029 -0.0324998 0.0312074 -0.0270705 -0.0324998 0.0304081 -0.0209998 -0.0324998 0.0291369 -0.0193431 0.335 0.0214095 -0.0172726 0.335 0.0234801 -0.0169999 0.335 0.0194801 -0.0180718 -0.0324998 0.0178231 -0.0306568 -0.0324998 0.0165518 -0.029 -0.0324998 0.0157527 -0.0270705 0.335 0.0178233 -0.0193431 -0.0324998 0.0154801 -0.025 -0.0324998 0.0214094 -0.0327274 0.335 0.016552 -0.0209998 -0.0324998 0.02348 -0.033 0.335 0.0157528 -0.0229294 -0.0324998 0.0255506 -0.0327274 0.335 0.0154801 -0.025 -0.0324998 0.02748 -0.0319282 0.335 0.0157528 -0.0270704 -0.0324998 0.0291369 -0.0306568 0.335 0.016552 -0.029 0.335 0.0178232 -0.0306567 0.335 0.0194801 -0.0319282 -0.0324998 0.0314799 -0.025 0.335 0.0214095 -0.0327273 -0.0324998 0.0312074 -0.0229294 0.335 0.0234801 -0.033 0.335 0.0255506 -0.0327273 0.335 0.02748 -0.0319282 -0.0324998 0.02748 -0.0180718 0.335 0.0291369 -0.0306567 -0.0324998 0.0255506 -0.0172726 0.335 0.0304082 -0.029 -0.0324998 0.02348 -0.0169999 0.335 0.0312074 -0.0270704 -0.0324998 0.0214094 -0.0172726 0.335 0.03148 -0.025 -0.0324998 0.01948 -0.0180718 0.335 0.0312074 -0.0229294 0.335 0.0304082 -0.0209998 0.335 0.02748 -0.0180718 0.335 0.0291369 -0.0193431 -0.0324998 0.0178231 -0.0193431 -0.0324998 0.0157527 -0.0229294 0.335 0.0255506 -0.0172726 -0.0324987 0.0165518 -0.0209998 0.335013 0.0319583 -0.0311531 0.335153 0.0314975 0.0315936 0.3349 0.0399801 0.00759984 0.3349 0.03078 0.00759984 0.2701 0.03078 0.00759984 0.292303 0.0307789 0.00195892 0.2701 0.03078 -0.00759988 0.3349 0.03078 -0.00759988 0.312572 0.0307967 -0.00184207 0.310041 0.0277776 -0.00182812 0.309792 0.0239709 -0.00286083 0.315137 0.0235154 -0.00507246 0.314932 0.0280067 -0.0049613 0.311026 0.0240369 0.00361473 0.29084 0.0280278 -0.00495385 0.293905 0.0239352 -0.00381975 0.295578 0.0240763 0.000189037 0.293126 0.0272237 0.00420768 0.286596 0.0281496 0.00356902 0.271365 0.0397267 -0.00881504 0.333269 0.0397979 -0.00880145 0.334882 0.00952084 -0.0336702 0.272145 0.0397204 0.0289797 0.27014 0.00882997 0.0328706 0.271961 0.00698675 -0.0224619 0.271992 0.0145349 -0.038768 0.3344 0.0406959 0.0281406 0.3344 0.0398528 0.0311792 0.3344 0.0366162 0.0365624 0.3344 0.0343279 0.0387322 0.3344 0.0316874 0.0404559 0.3344 0.0287804 0.041678 0.3344 0.0257012 0.0423584 0.3344 0.02255 0.0424752 0.3344 0.019429 0.0420246 0.3344 0.0164394 0.0410211 0.3344 0.0136785 0.0394975 0.3344 0.0112358 0.0375031 0.3344 0.00919081 0.0351026 0.3344 0.00760968 0.0323743 0.3344 0.00654395 0.0294063 0.3344 0.00602813 0.0262954 0.333744 0.00608523 0.0231847 0.3344 0.00669487 0.0200496 0.3344 0.00785579 0.0171176 0.3344 0.00952406 0.0144416 0.3344 0.0116455 0.0121084 0.3344 0.0141512 0.0101939 0.3344 0.0169598 0.00875999 0.334624 0.0210666 0.00749834 0.315722 0.0229942 0.00609083 0.334765 0.0238523 0.00407929 0.319406 0.0239794 0.00243212 0.318343 0.0240522 -0.00233393 0.334637 0.0238505 -0.00408451 0.3344 0.0228531 -0.00611685 0.3344 0.0169598 -0.00876002 0.3344 0.0141512 -0.0101939 0.3344 0.0116455 -0.0121084 0.3344 0.0316874 -0.0404559 0.3344 0.0343279 -0.0387322 0.3344 0.0366162 -0.0365624 0.3344 0.00952406 -0.0144415 0.3344 0.00785579 -0.0171175 0.3344 0.00669487 -0.0200496 0.3344 0.00607903 -0.0231423 0.3344 0.00602813 -0.0262953 0.3344 0.00760968 -0.0323742 0.3344 0.00654395 -0.0294062 0.3344 0.00919081 -0.0351025 0.3344 0.0112358 -0.037503 0.333573 0.0136509 -0.0394779 0.3344 0.0164394 -0.041021 0.3344 0.02255 -0.0424751 0.332879 0.0256709 -0.0423547 0.3344 0.0287804 -0.0416779 0.3344 0.038478 -0.0340172 0.3344 0.0398528 -0.0311792 0.3344 0.0406958 -0.0281406 0.3344 0.0409801 -0.00859998 0.334917 0.0399796 -0.00760036 0.2701 0.0399801 0.00759984 0.2701 0.0399801 -0.00759988 0.2706 0.0169598 -0.00876002 0.2706 0.0141512 -0.0101939 0.2706 0.0116455 -0.0121084 0.2706 0.00952406 -0.0144415 0.2706 0.00785578 -0.0171175 0.2706 0.00669486 -0.0200496 0.2706 0.00607903 -0.0231423 0.2706 0.00602812 -0.0262953 0.2706 0.00654394 -0.0294062 0.2706 0.00760967 -0.0323742 0.2706 0.00919081 -0.0351025 0.2706 0.0112358 -0.037503 0.2706 0.0136784 -0.0394975 0.2706 0.0164394 -0.041021 0.2706 0.019429 -0.0420245 0.2706 0.0257012 -0.0423584 0.2706 0.0287804 -0.0416779 0.2706 0.0316874 -0.0404559 0.2706 0.0366161 -0.0365624 0.2706 0.038478 -0.0340172 0.2706 0.0398528 -0.0311792 0.270235 0.0238523 -0.00407939 0.289683 0.0233872 -0.00548368 0.334572 0.0211659 -0.00749456 0.270376 0.0210665 -0.00749843 0.285054 0.0237089 -0.00112169 0.2706 0.0169598 0.00875999 0.270328 0.0209494 0.0075642 0.289731 0.0232985 0.00552107 0.2706 0.0406959 0.0281406 0.2706 0.0398528 0.0311792 0.2706 0.038478 0.0340172 0.2706 0.0366162 0.0365624 0.271349 0.0343459 0.0387105 0.2706 0.0316874 0.0404559 0.2706 0.0287804 0.041678 0.2706 0.0257012 0.0423584 0.2706 0.02255 0.0424752 0.2706 0.019429 0.0420246 0.2706 0.0164394 0.0410211 0.271493 0.0136558 0.0394821 0.2706 0.0112358 0.0375031 0.2706 0.00919081 0.0351025 0.2706 0.00760968 0.0323743 0.2706 0.00607903 0.0231423 0.2706 0.00669487 0.0200496 0.2706 0.00785579 0.0171176 0.2706 0.00952406 0.0144416 0.2706 0.0116455 0.0121084 0.2706 0.0141512 0.0101939 0.2706 0.0406958 -0.0281406 0.269646 0.022434 -0.0424664 0.27157 0.0343745 -0.0386878 0.270087 0.0250623 0.00507028 0.2706 0.00654395 0.0294063 0.270044 0.00604959 0.0264374 0.270058 0.0396135 0.00904287 0.33314 0.0195868 -0.0420509 0.334676 0.0396526 -0.0269552 0.332724 0.0397141 0.026171 0.333926 0.0384291 0.0340815 0.334945 0.031588 0.0392082 0.332632 0.0123332 0.036828 0.334964 0.00846733 0.0189135 0.334954 0.0152474 0.0111772 0.33316 0.0249258 0.0069824 0.334953 0.0295544 0.00838615 0.334964 0.0391572 0.0279095 0.334996 0.0231867 0.00855811 0.334815 0.00935156 -0.0167835 0.334922 0.0354449 -0.0364321 0.334971 0.0295402 -0.00879215 0.334969 0.0249252 -0.00719159 0.334973 0.0145652 -0.0113674 0.334963 0.00712241 -0.0262276 0.334993 0.0218623 -0.0412192 0.334944 0.0198416 0.0409324 0.334992 0.00860746 0.0319718 0.334995 0.02748 0.0180718 0.188 0.0214801 0.0152014 0.188 0.0188775 0.0161173 0.188 0.0168838 0.0174769 0.0920001 0.0151209 0.0194482 0.0920002 0.0169175 0.0174448 0.092 0.0137393 0.0227373 0.188 0.0152051 0.0193788 0.15125 0.0141299 0.0214538 0.092 0.0134801 0.025 0.15125 0.013553 0.0237946 0.092 0.0137393 0.0272626 0.188 0.0134802 0.0238374 0.15125 0.013553 0.0262054 0.187983 0.0140426 0.0283286 0.187999 0.0152284 0.0306409 0.187999 0.0179982 0.0334378 0.187998 0.0214489 0.0347954 0.092003 0.0256324 0.0347812 0.188 0.0281554 0.0338331 0.175085 0.0301112 0.0324849 0.188 0.0316865 0.0307121 0.187997 0.03298 0.0282228 0.092 0.03298 0.0281225 0.0920001 0.0315927 0.030953 0.092 0.0282196 0.0338774 0.092 0.0229801 0.0349874 0.188 0.0229801 0.0349877 0.187999 0.0258044 0.0347319 0.238 0.0214801 0.0347978 0.238 0.0229801 0.0349874 0.270004 0.0222578 0.0350141 0.238 0.0263068 0.0346603 0.270004 0.0271328 0.0343839 0.238 0.0303581 0.0323502 0.270007 0.0310531 0.0316377 0.238 0.0324268 0.0294671 0.270001 0.0335947 0.0262177 0.238 0.0334795 0.0261803 0.238 0.0329339 0.02154 0.270001 0.0324145 0.0203544 0.238 0.0303568 0.0176465 0.238 0.0263125 0.015339 0.270003 0.024799 0.0150176 0.238 0.0229801 0.0150125 0.270004 0.0210884 0.0152895 0.238 0.0214801 0.0152019 0.188 0.0229814 0.015002 0.092 0.0214801 0.0152019 0.0419999 0.0214801 0.0152019 0.0419999 0.02298 0.0150125 0.0419999 0.028897 0.0162591 0.042 0.0334853 0.0232504 0.0419999 0.032935 0.0284598 0.0419993 0.0291987 0.0335027 0.0419999 0.0229801 0.0349874 0.0419999 0.0214801 0.0347978 0.092 0.021481 0.0348089 0.238 0.0183905 0.0336843 0.270005 0.0176869 0.0332342 0.270006 0.0145432 0.0296389 0.238 0.0143861 0.0295706 0.238 0.0134801 0.025 0.270002 0.0134104 0.0250002 0.238 0.0137394 0.0227373 0.270005 0.0145425 0.0203612 0.238 0.0150533 0.0194952 0.238 0.018396 0.0163146 0.270006 0.0176876 0.016764 0.0419997 0.0167598 0.0172837 0.0419995 0.0134546 0.0238215 0.0419981 0.0157842 0.0318957 0.0920021 0.0189542 0.0339336 0.0920002 0.0169687 0.0326124 0.0920001 0.0150516 0.0305037 0.0920001 0.0189942 0.0160504 0.092 0.02298 0.0150012 0.188 0.02585 0.0152906 0.092 0.0261438 0.015297 0.188 0.0281421 0.0161625 0.187999 0.0301207 0.0175356 0.188 0.0317588 0.0193759 0.092 0.0300716 0.0173959 0.188 0.03298 0.0218773 0.0920004 0.0317913 0.0194147 0.092 0.03298 0.0218773 0.158831 0.0337566 0.0256483 0.188 0.0214801 -0.0347984 0.188 0.0188436 -0.0338676 0.175085 0.0168489 -0.0324849 0.187999 0.0152283 -0.0306408 0.0920001 0.0150515 -0.0305037 0.0920073 0.0139952 -0.028258 0.092 0.0134801 -0.025 0.187993 0.0140939 -0.0284347 0.15125 0.013553 -0.0262054 0.092 0.0137393 -0.0227373 0.15125 0.013553 -0.0237946 0.0920006 0.0142237 -0.0211705 0.188 0.0135063 -0.0236906 0.0920002 0.0214795 -0.0151884 0.188 0.0258841 -0.0152832 0.0920001 0.0260413 -0.0152982 0.188 0.0281576 -0.0161741 0.187999 0.0301207 -0.0175356 0.15125 0.0328302 -0.0214538 0.164045 0.0329654 -0.0153701 0.188 0.0150131 -0.0196347 0.188 0.0168723 -0.017491 0.188 0.0188554 -0.0161312 0.188 0.0214799 -0.0151868 0.188 0.0229801 -0.0150121 0.188 0.0317278 -0.0193401 0.188 0.03298 -0.0218773 0.238 0.0214801 -0.0152019 0.238 0.0229801 -0.0150125 0.270005 0.0210885 -0.0152896 0.270004 0.0247948 -0.0150173 0.238 0.0263055 -0.0153376 0.238 0.0303582 -0.0176498 0.270001 0.0324134 -0.0203524 0.238 0.0329338 -0.0215397 0.270001 0.0335504 -0.0249997 0.238 0.0333807 -0.027376 0.270006 0.0324138 -0.0296476 0.238 0.030362 -0.0323493 0.270005 0.0292584 -0.033247 0.238 0.0263121 -0.0346607 0.270006 0.0247995 -0.0349824 0.238 0.0229801 -0.0349874 0.238 0.0214801 -0.0347978 0.187998 0.0230237 -0.0349976 0.092 0.0214801 -0.0347978 0.0419999 0.0214801 -0.0347978 0.0419999 0.02298 -0.0349874 0.0419999 0.0289494 -0.0336774 0.0420005 0.0328382 -0.0287302 0.0419999 0.03348 -0.025 0.0420001 0.0328526 -0.0212889 0.0419996 0.0280073 -0.0158536 0.0420001 0.02298 -0.0150124 0.0419999 0.0214801 -0.0152019 0.0920002 0.0229806 -0.0149875 0.238 0.018396 -0.0163146 0.270007 0.0176876 -0.0167638 0.238 0.0150534 -0.0194951 0.270005 0.0145427 -0.0203603 0.238 0.0137393 -0.0227373 0.238 0.0134801 -0.025 0.270002 0.0134102 -0.0249988 0.238 0.0143859 -0.0295703 0.270005 0.0145424 -0.0296377 0.238 0.0183872 -0.0336818 0.270006 0.0176847 -0.0332327 0.0419969 0.0153246 -0.0314909 0.0419997 0.013479 -0.0238227 0.0419999 0.0168267 -0.0170959 0.0920001 0.0189308 -0.0160825 0.0920002 0.0169415 -0.0174159 0.0920003 0.0153506 -0.0191424 0.092 0.0183928 -0.0336845 0.092 0.022979 -0.0349986 0.0920029 0.0257535 -0.0347534 0.187999 0.0258451 -0.0347195 0.092 0.03298 -0.0218773 0.0920004 0.0318142 -0.0194399 0.092 0.0300716 -0.0173958 0.0550892 0.0314284 -0.0185551 0.0496018 0.0341161 -0.0228035 0.188 0.0281555 -0.0338328 0.0920001 0.02822 -0.0338772 0.175085 0.0301112 -0.0324849 0.188001 0.0316816 -0.0307436 0.188 0.03298 -0.0281225 0.0920006 0.0317183 -0.0307395 0.092 0.03298 -0.0281225 0.27204 0.0190077 0.00934465 0.270063 0.0078295 0.0209953 0.2725 0.0211765 0.0422097 0.272244 0.0396906 -0.0261239 0.270012 0.0153582 -0.0387184 0.270099 0.0152095 -0.011203 0.270096 0.0249661 -0.00712948 0.270048 0.0295348 -0.0083773 0.270005 0.0392562 -0.00902413 0.270012 0.038234 -0.0328883 0.270105 0.0250465 -0.0414261 0.270119 0.00834823 -0.0315224 0.270069 0.00839395 -0.0190773 0.270139 0.0112477 0.0141052 0.270007 0.0203423 0.0407903 0.270007 0.0320016 0.0386539 0.270011 0.0391954 0.0293377 0.270006 0.0292555 0.0167512 0.270006 0.0292605 -0.0167554 0.270005 0.0210884 -0.0347102 0.270029 0.0295501 0.0088172 0.334979 0.0393885 -0.00926964 0.336303 0.0410494 -0.0062462 0.333 0.0409801 -0.00749992 0.333464 0.0410005 0.0296036 0.418 0.03598 0.0379999 0.418 0.0319801 0.0379999 0.385 0.03598 0.0379999 0.352 0.0319801 0.0379999 0.352 0.03598 0.0379999 0.423 0.03598 0.033 0.423 0.0319801 0.033 0.423 0.03598 -0.033 0.423 0.0319801 -0.033 0.423 0.03598 1.53445e-08 0.42099 0.0359582 -0.0379576 0.418 0.0319801 -0.0379998 0.308396 0.0479198 2.46015e-05 0.304669 0.0479253 0.0019275 0.344126 0.0509805 -0.0118609 0.343176 0.0508788 -0.00906127 0.342306 0.0509798 0.0125341 0.361469 0.0496305 0.0369798 0.349651 0.0462559 -0.0272069 0.347004 0.0481944 -0.0246165 0.350648 0.0479957 -0.0237909 0.412394 0.0509681 -0.0356492 0.408853 0.0509666 -0.0380097 0.408423 0.0507416 -0.0341853 0.419719 0.0509322 0.0236259 0.412218 0.0509795 0.0366528 0.410201 0.0509761 0.0381303 0.420578 0.0503694 -0.026546 0.360166 0.0509794 -0.0381536 0.346936 0.0479827 0.0260532 0.342541 0.0509777 -0.00149899 0.320736 0.051117 -0.000398228 0.300964 0.0512004 0.000678629 0.297078 0.0509801 0.000432563 0.297958 0.0509427 0.0016504 0.393377 0.0359754 -0.037138 0.385 0.03598 -0.0379998 0.355857 0.037879 0.0233581 0.348042 0.0374244 -0.00643252 0.347 0.03598 1.20224e-08 0.355857 0.0378789 -0.023358 0.385 0.0377301 -0.0370707 0.414142 0.0378794 -0.0233581 0.421958 0.0374246 -0.0064324 0.414142 0.0378794 0.0233581 0.385 0.0377301 0.0370707 0.393376 0.0359754 0.037138 0.337116 0.0309713 0.00789751 0.334801 0.0309684 0.00593347 0.333 0.03248 0.00749988 0.2715 0.03098 0.00599993 0.2715 0.03098 -0.00599997 0.333 0.03248 -0.00749992 0.410674 0.0509164 0.033787 0.351021 0.0510206 0.0252755 0.344331 0.0507822 0.0105682 0.357713 0.0509484 -0.0351781 0.419663 0.0464567 -0.0236074 0.420696 0.0420679 -0.0273673 0.323206 0.0509664 0.00203569 0.280977 0.0483299 -0.00180136 0.337674 0.0309803 0.0355512 0.346 0.03098 0.033 0.346 0.03098 -0.033 0.336825 0.0309782 -0.00766008 0.337956 0.0309769 -0.0363831 0.384142 0.03098 -0.0434999 0.352 0.03098 -0.039 0.418 0.03098 -0.039 0.334411 0.0309692 -0.0059387 0.422059 0.0310489 -0.0366422 0.424 0.03098 -0.033 0.4285 0.03098 -0.0349998 0.424 0.03098 0.033 0.421761 0.0309954 0.0369673 0.42 0.03098 0.0434999 0.418 0.03098 0.039 0.352 0.03098 0.039 0.348033 0.0309906 0.0367624 0.352 0.03598 -0.0379998 0.352 0.0319801 -0.0379998 0.347041 0.0359647 -0.0359347 0.347 0.0319801 -0.033 0.348235 0.0309249 -0.0370111 0.347 0.03598 0.033 0.347 0.0319801 0.033 0.335008 0.0319302 -0.00950335 0.335037 0.0317688 0.00956215 0.345898 0.0315714 0.0447152 0.343558 0.0314953 0.0438119 0.348284 0.0310056 0.043694 0.422288 0.0314952 0.0447328 0.424337 0.031541 0.0440098 0.429589 0.031354 0.0377379 0.429748 0.0316219 -0.0372283 0.422272 0.0315716 -0.044734 0.345492 0.0313811 -0.0445984 0.343556 0.031472 -0.0438106 0.421845 0.0359796 0.0366563 0.348344 0.0359796 0.0368446 0.419894 0.0509702 -0.0115003 0.348495 0.0442739 0.00259782 0.350359 0.0509709 -0.0117602 0.361305 0.0509526 -0.0283581 0.372711 0.0509713 -0.0344463 0.38185 0.050966 -0.036437 0.391196 0.0509702 -0.036044 0.400135 0.0509692 -0.0332941 0.40748 0.0509629 -0.0291 0.414526 0.0509696 -0.0215825 0.42158 0.0509543 0.000212872 0.419828 0.0509698 0.0116667 0.414091 0.0509658 0.0221646 0.407517 0.0509713 0.0288192 0.395614 0.0509699 0.0352978 0.381127 0.0509698 0.0363671 0.370227 0.050964 0.0337485 0.363779 0.0509664 0.0297861 0.356918 0.0509717 0.02343 0.350715 0.0509813 0.0132733 0.348295 0.0509809 -0.00101714 0.406718 0.0509806 0.0161087 0.388942 0.0509819 0.026338 0.371495 0.0509773 0.0229158 0.360312 0.0509787 0.0102261 0.358789 0.0509801 -0.00344657 0.363507 0.0509794 -0.0157168 0.378174 0.0509821 -0.025818 0.395739 0.0509806 -0.0245456 0.407735 0.0509753 -0.0137892 0.411432 0.0509801 -0.000498147 0.388375 -0.0115208 0.00584556 0.381625 -0.0115208 0.00584556 0.388375 0.0539801 0.00584556 0.37825 -0.0115208 1.7541e-08 0.37825 0.0539801 1.18148e-08 0.381625 -0.0115208 -0.00584559 0.388375 -0.0115208 -0.00584559 0.39175 -0.0115208 1.81311e-08 0.36 0.0098569 0.0465041 0.369999 0.0142733 0.0464771 0.360046 0.0141717 0.0465865 0.370001 0.0124159 0.0421992 0.359939 0.0107166 0.042443 0.369999 0.00943979 0.0464263 0.36 -0.00492565 0.0429263 0.36 -0.00136004 0.0429979 0.359489 -0.0029069 0.0474533 0.37 -0.00193469 0.0473635 0.369984 -0.000574359 0.0431537 0.37001 -0.00525383 0.0453947 0.37 -0.0105208 0.0524999 0.4 -0.0105208 0.0524999 0.37 0.0194792 0.0524999 0.4 0.0194792 0.0524999 0.4 -0.0105208 0.0375 0.37 -0.0105209 0.0375 0.4 0.0194792 0.0374999 0.37 0.0194792 0.0374999 0.3475 0.03548 -0.033 0.352 0.03548 -0.0374999 0.3475 0.0209802 -0.033 0.352 0.0209802 -0.0374999 0.3475 0.0354801 0.033 0.3475 0.0209802 0.033 0.3475 0.0209802 -0.0231126 0.4225 0.0354801 0.033 0.418 0.0354801 0.0374999 0.4225 0.0209802 0.033 0.418 0.0209802 0.0374999 0.352 0.0354801 0.0374999 0.3781 0.0359707 0.037111 0.352 0.0209802 0.0374999 0.347918 0.0359711 0.00833304 0.418 0.0354801 -0.0374999 0.3781 0.0359707 -0.0371109 0.422082 0.035971 -0.00833039 0.4225 0.0354801 -0.033 0.418 0.0209802 -0.0374999 0.4225 0.0209802 -0.033 0.348796 0.0209672 -0.0255191 0.35564 0.0208688 -0.0256501 0.361887 0.0209802 -0.0374999 0.417019 0.0362837 -0.0200066 0.407469 0.0361867 -0.0300767 0.398141 0.0367173 -0.0351702 0.420429 -0.0115208 -0.0256101 0.356457 -0.0115208 -0.025718 0.359353 -0.0115208 -0.0293906 0.359279 0.0208312 -0.0286724 0.410609 0.0209802 -0.035572 0.410613 0.0209802 -0.0306126 0.41145 0.020926 -0.0275687 0.421276 0.0210086 -0.0255694 0.4225 0.0209802 -0.0231126 0.409463 0.0209802 -0.0371669 0.408113 0.0209802 -0.0374999 0.414123 -0.0115208 -0.0256443 0.410694 -0.0115208 -0.0288124 0.414799 0.0209856 -0.0256238 0.421412 0.0209643 0.0255122 0.4225 0.0209802 0.0231126 0.413524 -0.0115208 0.0257102 0.410648 -0.0115208 0.0293875 0.410626 0.0209641 0.0299453 0.359389 0.0209802 0.0353216 0.359449 -0.0114621 0.0364366 0.359333 0.0209833 0.0288974 0.355902 0.0206649 0.0352595 0.360715 0.0209919 0.0374806 0.359373 -0.0115208 0.0299035 0.355728 0.0206755 0.025658 0.358096 -0.0115208 0.0270689 0.355056 -0.0115208 0.0256164 0.361887 -0.0115208 -0.0374999 0.359461 -0.0114851 -0.0361746 0.359393 0.0209516 -0.0357035 0.34933 -0.0115208 -0.0256111 0.3475 -0.0115208 -0.0240857 0.349568 -0.0115208 0.0256103 0.3475 -0.0115208 0.0241455 0.349238 0.0210036 0.0256066 0.347671 0.0209802 0.0241781 0.361887 -0.0115208 0.0375 0.408113 -0.0115208 0.0375 0.408811 0.0209982 0.0374871 0.409758 -0.0115208 0.0369846 0.410609 0.0209503 0.0356567 0.410612 -0.0115208 0.0351958 0.421154 -0.0114739 0.0255766 0.4225 -0.0115208 0.0231126 0.4225 -0.0115208 -0.023858 0.408113 -0.0115208 -0.0374999 0.41058 -0.0115664 -0.0361063 0.398141 0.0367174 0.0351704 0.407469 0.0361867 0.0300767 0.417019 0.0362837 0.0200067 0.421071 0.0371088 0.00977637 0.371859 0.0367173 -0.0351702 0.362531 0.0361867 -0.0300765 0.352982 0.0362837 -0.0200082 0.348929 0.0371088 0.00977494 0.352982 0.0362837 0.0200081 0.362531 0.0361867 0.0300766 0.371859 0.0367173 0.0351703 0.362613 0.05388 -0.00223153 0.405946 0.0544791 0.00227482 0.40622 0.0544795 -0.00181751 0.409259 0.0544736 0.000250053 0.402489 0.0464315 -0.00913118 0.404955 0.0455643 -0.0115806 0.406489 0.0543731 -0.0107096 0.402391 0.0544821 -0.010888 0.404598 0.046153 0.00983806 0.403947 0.045713 0.0134425 0.404888 0.05448 0.00870926 0.401689 0.05448 0.0111002 0.405401 0.05448 0.013118 0.386638 0.0453383 0.0226333 0.383198 0.0467897 0.0207933 0.384706 0.0544928 0.0209541 0.384456 0.05448 0.0244511 0.366579 0.0462933 0.00991232 0.364864 0.0456694 0.0127887 0.365553 0.05448 0.00873722 0.363737 0.05448 0.0120289 0.367784 0.0544837 0.012049 0.365828 0.0463252 -0.0125488 0.365472 0.0452971 -0.00906907 0.366061 0.0544961 -0.0130803 0.363829 0.05448 -0.00965159 0.368327 0.0544565 -0.00951897 0.385428 0.0462291 -0.0242625 0.384704 0.0460897 -0.0200876 0.382947 0.0544862 -0.0209005 0.386374 0.0544836 -0.0235659 0.381625 0.0539836 -0.00584559 0.388375 0.054132 -0.00584583 0.391751 0.0540602 -1.40123e-06 0.371968 0.0541763 0.000584432 0.390237 0.05448 -0.00997471 0.365433 0.0544527 -8.30002e-05 0.381626 0.0544031 0.00584747 0.395208 0.05448 0.00436456 0.393773 0.05448 0.0194406 0.410111 0.05448 0.00826682 0.396914 0.0544809 0.0169982 0.402398 0.054514 0.0203967 0.396868 0.0544885 0.0211131 0.390396 0.05448 0.0258798 0.378633 0.05448 0.0256581 0.393748 0.05448 -0.0192541 0.39512 0.05448 -0.0244226 0.396792 0.0545025 -0.0211435 0.404715 0.05448 -0.0176129 0.396819 0.0544795 -0.0167436 0.372035 0.05448 -0.0178038 0.369681 0.054494 -0.0215326 0.373809 0.0544829 -0.0214377 0.38228 0.0544691 -0.0266012 0.375586 0.0544814 -0.0174324 0.367353 0.0544172 0.0199012 0.373739 0.0544833 0.0169905 0.374035 0.0545083 0.0205551 0.411255 0.0544606 -0.00498329 0.361347 0.05448 -0.0120914 0.359931 0.054491 0.000185259 0.359536 0.0544898 0.00754739 0.408231 0.0423101 -0.00193654 0.405126 0.0426961 0.000446212 0.408735 0.0430641 0.00144876 0.376221 0.0430526 0.0197491 0.372395 0.0435394 0.021034 0.373851 0.0422571 0.0169333 0.373511 0.042915 -0.0169614 0.376251 0.0430641 -0.0192548 0.372759 0.0422077 -0.021097 0.397078 0.0430526 -0.0169894 0.393488 0.043007 -0.0188815 0.39763 0.0423481 -0.0205732 0.365427 0.0431684 -0.000379808 0.363125 0.0543773 0.00228323 0.36084 0.042197 -0.000380483 0.397967 0.0429385 0.0179573 0.393975 0.0429971 0.0182406 0.39591 0.0422297 0.0212183 0.357716 0.0148918 0.0314333 0.351674 0.0150557 0.0277862 0.351589 0.0174576 0.0324785 0.353877 0.0509624 0.0358208 0.357145 0.0463683 0.0275492 0.357846 0.0505555 0.0287935 0.349813 0.0508694 0.0334913 0.349768 0.0461515 0.0287045 0.351771 0.0495352 0.0269076 0.418139 0.0158933 0.0284509 0.41763 0.0207405 0.035679 0.420363 0.0148647 0.0317699 0.412125 0.016202 0.0317467 0.412753 0.049289 0.0277076 0.41594 0.0171973 -0.0278449 0.419567 0.0153199 -0.0315949 0.418356 0.0210463 -0.0352768 0.420232 0.0461238 -0.0287044 0.41972 0.0502652 -0.0271458 0.419409 0.0468152 -0.0345484 0.412808 0.0465453 -0.0277729 0.41155 0.0503411 -0.0310507 0.411993 0.0461238 -0.0335207 0.41615 0.0498028 -0.0357647 0.351504 0.0210049 -0.035321 0.349474 0.0193087 -0.0298881 0.355584 0.0149713 -0.0348422 0.358508 0.0507066 -0.0323326 0.351577 0.0489238 -0.0352257 0.355917 0.0461644 -0.0267489 0.35114 0.0508317 -0.0259322 0.349533 0.0207633 0.0295988 0.415024 0.0209703 0.0256168 0.412178 0.0210637 0.026912 0.42067 0.0208037 0.0309433 0.413659 0.0147279 -0.0339033 0.420015 0.0205633 -0.0289457 0.354315 0.0153797 -0.0286566 0.357096 0.0180377 -0.0328932 0.188 0.03298 0.0449999 0.092 0.03298 0.0449999 0.157132 0.03298 0.0346514 0.0419999 0.03598 -0.0449999 0.0419999 0.03598 0.0449999 0.0419999 0.03598 -0.047 0.0419999 0.0249799 -0.047 0.0419999 0.0249799 -0.0449999 0.0419999 0.0229801 0.0449999 0.0419999 0.02298 -0.0449999 0.238 0.0229801 -0.0449999 0.198742 0.0229801 -0.0365857 0.19797 0.0229801 -0.0390907 0.188 0.0229801 -0.0449999 0.196648 0.0229801 -0.00112229 0.188 0.0229801 0.0449999 0.226162 0.0229803 0.038151 0.238 0.0229801 0.0449999 0.228174 0.022979 0.0364452 0.188 0.02498 0.0449999 0.188 0.02498 0.047 0.188 0.03598 0.047 0.188 0.03598 0.0449999 0.188 0.03298 -0.0449999 0.188 0.0249799 -0.0449999 0.188 0.03598 -0.0449999 0.188 0.03598 -0.047 0.188 0.0249799 -0.047 0.238 0.02498 0.0449999 0.238 0.02498 0.047 0.238 0.03598 0.047 0.238 0.03598 0.04 0.238 0.0425301 0.04 0.238 0.0425301 -0.03 0.238 0.03598 -0.03 0.238 0.03598 -0.0449999 0.238 0.03598 -0.047 0.238 0.0249799 -0.047 0.238 0.0249799 -0.0449999 0.092 0.03298 -0.0449999 0.092 0.02298 -0.0449999 0.052542 0.02298 -0.0365364 0.0504168 0.0229798 -0.0388001 0.0535539 0.02298 -0.000144741 0.0508665 0.0229832 -0.0146753 0.092 0.0249799 -0.0449999 0.092 0.0249799 -0.047 0.092 0.03598 -0.047 0.092 0.03598 -0.0449999 0.092 0.0229801 0.0449999 0.0495478 0.0330687 -0.0144212 0.0456266 0.0298847 -0.0168124 0.0511526 0.0337988 0.0294106 0.153 0.03298 -0.00999999 0.153005 0.03298 0.0217687 0.15566 0.03298 -0.0218773 0.166997 0.0329797 0.0217396 0.167 0.03298 -0.00999999 0.16172 0.0359545 -0.0189271 0.168 0.03598 -0.03 0.167 0.03598 -0.0107525 0.168 0.03598 0.04 0.167 0.03598 0.0207091 0.161961 0.0359699 0.0345268 0.162 0.03598 -0.03 0.047 0.03598 -0.03 0.047 0.03598 -0.02175 0.047 0.03598 -0.01725 0.162 0.03598 0.0449999 0.0470008 0.0359792 0.0343104 0.047 0.03598 0.0449999 0.168 0.0425301 -0.03 0.168 0.0425301 0.04 0.199876 0.0425301 -0.03 0.194842 0.0425301 -0.03 0.186447 0.0425301 -0.03 0.181412 0.0425301 -0.03 0.173017 0.0425301 -0.03 0.20968 0.0434937 -0.0300004 0.210812 0.0425301 -0.03 0.162 0.03598 -0.0150332 0.153045 0.0359819 -0.0130576 0.162006 0.0359796 0.0254258 0.153013 0.03598 0.023141 0.081458 0.0229801 0.0365363 0.0515199 0.0214801 -0.00170934 0.0527207 0.0214801 0.00137264 0.092 0.0129801 -0.0449999 0.092 0.0129801 0.0449999 0.092 0.0214801 -0.0449999 0.092 0.0214801 0.0449999 0.0419999 0.0129801 -0.0449999 0.0419999 0.0214801 -0.0449999 0.0821531 0.0214802 0.0398483 0.0809547 0.0214773 0.0366428 0.0419999 0.0214801 0.0449999 0.0520469 0.02148 -0.0398151 0.080342 0.0214798 -0.0387346 0.0826242 0.0214792 -0.0362084 0.0444994 0.0104807 0.0425002 0.0825623 0.01048 -7.40415e-05 0.0517241 0.0229793 0.000988275 0.0524461 0.01048 5.1246e-05 0.0526569 0.0214795 -0.0364846 0.0537722 0.0214797 -0.0383835 0.0803014 0.0229795 0.0386444 0.0836935 0.0229757 0.0382005 0.0835551 0.0214721 0.0373275 0.0894993 0.0104802 0.042498 0.0895 0.0104802 -0.0424991 0.0445 0.0104803 -0.0424999 0.0419999 0.0129801 0.0449999 0.229429 0.02148 0.00109566 0.226534 0.0214799 0.000966633 0.238 0.0129801 -0.0449999 0.238 0.0129801 0.0449999 0.238 0.0214801 -0.0449999 0.238 0.0214801 0.0449999 0.188 0.0129801 -0.0449999 0.188 0.0214801 -0.0449999 0.228343 0.0214762 0.0362407 0.188 0.0214801 0.0449999 0.226365 0.0214766 -0.0374131 0.227425 0.0214797 -0.0396792 0.226787 0.01048 -0.000360804 0.226435 0.0214799 0.0389331 0.190499 0.0104811 0.0425005 0.2355 0.0104806 0.0424984 0.2355 0.0104806 -0.0424998 0.190501 0.0104802 -0.0424989 0.188 0.0129801 0.0449999 0.15425 0.03598 0.0449999 0.15425 0.06138 0.0449999 0.0515104 0.0505311 0.0449999 0.047 0.06138 0.0449999 0.047 0.0484704 0.0449999 0.211774 0.0280696 -0.0470059 0.215027 0.0319645 -0.046999 0.24 0.06298 -0.047 0.04 0.06298 -0.047 0.24 0.03598 -0.047 0.0693949 0.0319306 -0.0469994 0.0661769 0.0279038 -0.0470067 0.04 0.03598 -0.047 0.24 0.06098 -0.0449999 0.24 0.03598 -0.0449999 0.04 0.06098 -0.0449999 0.04 0.03598 -0.0449999 0.04 0.06298 -0.0296 0.15425 0.06298 -0.0296 0.24 0.06298 0.047 0.15425 0.06298 0.047 0.04 0.06098 -0.0296 0.239385 0.03598 0.0449999 0.24 0.06098 0.0449999 0.24 0.03598 0.047 0.15425 0.03598 0.047 0.214609 0.0276353 0.0470002 0.21015 0.0291885 0.0470043 0.15425 0.06098 -0.0296 0.15425 0.06098 0.0409999 0.162 0.06098 0.0409999 0.162 0.06098 0.0449999 0.2355 0.05693 -0.000300009 0.2355 0.0468836 -0.000300006 0.2201 0.0425301 -0.000300004 0.2201 0.0425301 -0.0224998 0.2355 0.05693 -0.0224998 0.235501 0.0425301 -0.0224998 0.238485 0.0440469 -0.0170659 0.239408 0.0440222 -0.00241923 0.2396 0.04333 -0.02045 0.2285 0.04333 -0.00234991 0.23945 0.0433292 -0.00215935 0.229578 0.0433248 -0.0207957 0.2285 0.0425301 -0.0217 0.2285 0.0425301 -0.00109994 0.235473 0.0566764 -0.00589984 0.2355 0.05603 -0.0011999 0.235723 0.0446005 -0.00117486 0.234564 0.0444617 -0.0215944 0.2226 0.05603 -0.0215999 0.2355 0.05603 -0.0215999 0.222917 0.0453058 -0.0215903 0.2226 0.05603 -0.0011999 0.223811 0.0444001 -0.00125962 0.221182 0.047673 -0.0213079 0.221317 0.0486443 -0.00146406 0.221629 0.0569308 -0.000303081 0.220099 0.0458575 -0.0113816 0.221618 0.0569303 -0.022497 0.221102 0.04855 -0.00617903 0.221454 0.0485722 -0.0155744 0.221853 0.0486618 -0.00889229 0.221674 0.0569303 -0.0114208 0.2355 0.05693 -0.0168 0.221902 0.0569134 -0.0164091 0.2355 0.05693 -0.016 0.2355 0.05603 -0.016 0.222616 0.0560302 -0.0165239 0.2226 0.05603 -0.00639992 0.2355 0.05603 -0.00679993 0.2355 0.05693 -0.00679993 0.221901 0.0569134 -0.00642061 0.222761 0.0441446 -0.0149044 0.222628 0.0469685 -0.00766807 0.2355 0.05693 0.0294 0.2355 0.0468836 0.0294 0.2201 0.0425301 0.0294 0.2355 0.05693 0.00719989 0.235501 0.0425301 0.00719989 0.23698 0.0441522 0.00810338 0.239409 0.0440227 0.0272786 0.2396 0.04333 0.00924993 0.2285 0.04333 0.0273499 0.23946 0.0433302 0.0275264 0.2285 0.0425301 0.0079999 0.2285 0.0425301 0.0285999 0.235473 0.0566764 0.0238001 0.2355 0.05603 0.0284999 0.235724 0.0446005 0.0285249 0.2226 0.05603 0.00809992 0.2355 0.05603 0.00809992 0.222909 0.0452993 0.00810981 0.2226 0.05603 0.0284999 0.223569 0.0447164 0.0284498 0.220087 0.0425312 0.00720752 0.221315 0.048635 0.0282367 0.221629 0.0569308 0.0293969 0.221367 0.0489007 0.014143 0.220099 0.0458574 0.0183183 0.221804 0.047479 0.00839121 0.22139 0.0569304 0.00720162 0.221108 0.0485155 0.0235228 0.221853 0.0486618 0.0208075 0.221674 0.0569303 0.018279 0.2355 0.05693 0.0129 0.221901 0.0569134 0.013279 0.2355 0.05693 0.0136999 0.2355 0.05603 0.0136999 0.222618 0.0560302 0.0131761 0.2226 0.05603 0.0232999 0.2355 0.05603 0.0229 0.2355 0.05693 0.0229 0.221901 0.0569134 0.0232792 0.223695 0.0441044 0.0131732 0.228635 0.043331 0.00904251 0.222622 0.047094 0.0136614 0.222686 0.0442511 0.0224971 0.200777 0.0442229 -0.0242197 0.209714 0.0433391 -0.021013 0.200204 0.0426196 -0.0196901 0.200177 0.0484087 -0.0241092 0.210724 0.0487066 -0.029861 0.209915 0.0480321 -0.0224525 0.205574 0.0487122 -0.0284411 0.210789 0.0484459 -0.0203661 0.21083 0.0425301 -0.0168599 0.199862 0.0488208 -0.0200556 0.209914 0.0442237 -0.0224438 0.187345 0.0437029 -0.0299977 0.193946 0.0437028 -0.0299941 0.194649 0.0427102 -0.0208773 0.18671 0.0426273 -0.0206653 0.186662 0.0485471 -0.0299857 0.187338 0.0447343 -0.0224132 0.19467 0.048742 -0.0298689 0.192683 0.0486819 -0.0242278 0.194822 0.0483898 -0.0199453 0.186424 0.0487291 -0.0199604 0.193945 0.0442232 -0.0224939 0.1835 0.0425301 0.029 0.181618 0.0425307 0.0282 0.170097 0.0425301 0.029 0.205674 0.0425301 -0.00192719 0.201117 0.0425303 -0.00227618 0.173 0.0425301 -0.0168599 0.18143 0.0425301 -0.0168599 0.174693 0.0425307 -0.0198226 0.173914 0.0437029 -0.0299977 0.180515 0.0437028 -0.0299941 0.18053 0.04331 -0.02145 0.173944 0.0433902 -0.0215137 0.177413 0.0487928 -0.027818 0.173232 0.048547 -0.0299866 0.173908 0.0447343 -0.0224132 0.18116 0.0484807 -0.024646 0.181392 0.0483898 -0.0199453 0.172994 0.0487291 -0.0199604 0.180515 0.0442232 -0.0224939 0.170101 0.05493 0.02 0.182721 0.054934 0.0200283 0.168001 0.046322 0.02 0.16592 0.0437167 0.0272945 0.170739 0.0447573 0.0282591 0.183517 0.0425303 0.0200135 0.175038 0.0438609 0.0224405 0.180031 0.0437435 0.0281337 0.181043 0.043251 0.0208071 0.170155 0.0546585 0.0240056 0.1701 0.0540301 0.0208 0.180915 0.0453074 0.0208391 0.169763 0.0446036 0.0207975 0.181 0.0540301 0.0282 0.1701 0.0540301 0.0282 0.181 0.0540301 0.0208 0.181163 0.0541438 0.0252534 0.183003 0.0548794 0.0289798 0.183122 0.0478233 0.0235884 0.170126 0.0549338 0.0289839 0.15425 0.06138 0.0409999 0.162 0.05073 0.0449999 0.157093 0.0505317 0.0448311 0.162 0.0484704 0.0409999 0.161998 0.0530088 0.0409999 0.047 0.06138 0.0409999 0.0470034 0.0531025 0.0433937 0.0520258 0.0507445 0.0409999 0.0508535 0.0527909 0.0409999 0.0470002 0.0484751 0.0409999 0.047 0.03998 -0.03 0.162 0.0399801 -0.03 0.162 0.0399801 0.0409999 0.047 0.03998 0.0409999 0.0547498 0.03998 0.0409 0.0557499 0.03998 0.0409 0.15325 0.0399801 0.0409 0.15425 0.0399801 0.0409 0.15425 0.0399801 -0.0285997 0.15425 0.03998 -0.0296 0.15325 0.03998 -0.0285 0.0547498 0.03998 -0.0285998 0.0557499 0.03998 -0.0285 0.14771 0.03998 -0.0229081 0.0547498 0.03998 -0.0296 0.0616208 0.0399799 -0.0223721 0.157553 0.0523833 0.0409999 0.157642 0.0489602 0.0409999 0.0682521 0.04528 -0.0296 0.15425 0.0553609 -0.0146899 0.15315 0.05178 0.0409 0.0558498 0.05178 0.0409 0.15315 0.05178 0.0398999 0.0558498 0.05178 0.0398999 0.154248 0.0515292 0.0260049 0.15325 0.0533303 0.0247255 0.153424 0.0553659 0.0192119 0.15425 0.0417308 0.01914 0.15325 0.0417308 0.01914 0.154251 0.0553614 0.00222367 0.15325 0.0553608 0.00222433 0.15325 0.0553607 -0.01469 0.15425 0.0417308 0.00222433 0.15325 0.0417308 0.00222487 0.15425 0.0417308 -0.01469 0.15325 0.0417308 -0.01469 0.0547498 0.06068 -0.0285999 0.15425 0.06068 -0.0285998 0.145251 0.0558301 -0.0296 0.14525 0.04778 -0.0296 0.14525 0.0558301 -0.0285999 0.142669 0.04778 -0.0286149 0.13375 0.04528 -0.0285998 0.06825 0.04528 -0.0285999 0.06825 0.05583 -0.0296 0.06825 0.05583 -0.0285999 0.10548 0.0558301 -0.0296 0.10548 0.0558301 -0.0285999 0.10673 0.0577299 -0.0296 0.10673 0.0577299 -0.0285999 0.10798 0.0558301 -0.0296 0.10798 0.0558301 -0.0285999 0.13375 0.04528 -0.0296 0.0557499 0.05585 -0.0214 0.0547498 0.05585 -0.0213986 0.0557499 0.04415 -0.0214 0.0547498 0.04415 -0.0214 0.0557499 0.05585 0.0304499 0.0547498 0.05585 0.0304466 0.0557499 0.04415 0.0304499 0.0547498 0.04415 0.0304499 0.0557499 0.06068 -0.0285 0.15315 0.06068 0.0398999 0.0558498 0.06068 0.0398999 0.0558498 0.06068 0.0409 0.15315 0.06068 0.0409 0.15325 0.06078 0.0408989 0.15325 0.06078 -0.0285008 0.0557499 0.06078 0.0408981 0.0558498 0.0613356 0.0407239 0.0558498 0.06178 0.0397999 0.15315 0.061561 0.0405134 0.154242 0.0612622 -0.0284941 0.15315 0.06178 0.0397999 0.154249 0.0610387 0.040898 0.154249 0.0607312 -0.0295999 0.0547504 0.0611449 -0.0295951 0.15321 0.0617626 -0.0290075 0.0555393 0.0617796 -0.0285043 0.0547505 0.0610432 -0.0284986 0.0547505 0.0610365 0.0408992 0.148496 0.06178 -0.0215502 0.147464 0.0607801 0.0340332 0.150357 0.06078 -0.0216479 0.0620062 0.06078 0.0342516 0.145803 0.06078 -0.025196 0.146544 0.06078 -0.0214498 0.0618646 0.06078 -0.0249297 0.15071 0.0592468 -0.0249517 0.147691 0.0544597 -0.0231331 0.0805157 0.0601799 -0.0103151 0.0797784 0.0601799 -0.013106 0.0784673 0.0601799 -0.00828099 0.0769926 0.0601799 -0.0138628 0.0756816 0.0601799 -0.00903791 0.0749442 0.0601799 -0.0118288 0.0784684 0.04098 -0.00828218 0.0805157 0.04098 -0.0103151 0.0756816 0.04098 -0.00903791 0.0749443 0.04098 -0.0118288 0.0769933 0.04098 -0.0138623 0.0797784 0.04098 -0.013106 0.202791 0.0456519 0.000303319 0.191236 0.0303586 -0.0475925 0.195418 0.0301233 -0.0470964 0.0671644 0.0285737 -0.0502038 0.214449 0.0304968 -0.0505479 0.211909 0.0299861 0.0498192 0.213649 0.0324989 0.047 0.198136 0.01048 -1.798e-05 0.197154 0.0214801 -0.00150334 0.199827 0.0214795 -0.0385015 0.198576 0.0214791 -0.0363648 0.196347 0.0215416 -0.0372664 0.23041 0.0214792 0.0395169 0.0512615 0.02298 -0.00146377 0.0534953 0.0229791 -0.0387007 0.050412 0.021532 -0.0371852 0.3486 0.04298 0.01395 0.2765 0.04298 0.01605 0.27655 0.0430801 0.0139999 0.27655 0.04808 0.0139999 0.27655 0.0430801 0.016 0.34855 0.0430801 0.016 0.34855 0.0430801 0.0139999 0.34855 0.04808 0.016 0.2765 0.04298 0.01395 0.3486 0.04808 0.01395 0.3486 0.04298 0.01605 0.2765 0.04808 0.01605 0.3486 0.04298 -0.01605 0.2765 0.04298 -0.01395 0.27655 0.0430801 -0.016 0.27655 0.04808 -0.016 0.27655 0.0430801 -0.0139999 0.34855 0.0430801 -0.0139999 0.34855 0.0430801 -0.016 0.34855 0.04808 -0.0139999 0.3486 0.04808 -0.01605 0.3486 0.04298 -0.01395 0.2765 0.04808 -0.01395 0.2765 0.04298 -0.01605 0.333025 0.0258732 -0.0152905 0.333025 0.0281273 -0.0161453 0.333025 0.0301112 -0.0175149 0.333025 0.0328302 -0.0214538 0.333025 0.0334071 -0.0262053 0.333025 0.0328302 -0.028546 0.333025 0.0317098 -0.0306806 0.333025 0.0301112 -0.0324849 0.333025 0.0281273 -0.0338546 0.333025 0.0234801 -0.0349998 0.333025 0.021087 -0.0347094 0.333025 0.0188329 -0.0338546 0.333025 0.016849 -0.0324849 0.333025 0.0152503 -0.0306806 0.333025 0.01413 -0.028546 0.333025 0.0135531 -0.0262053 0.333025 0.01413 -0.0214538 0.333025 0.016849 -0.0175149 0.333025 0.021087 -0.0152905 0.333025 0.0234801 -0.0149998 0.332763 0.0258851 -0.0347578 0.2725 0.0258971 -0.0348064 0.2725 0.0281737 -0.033943 0.3325 0.0281737 -0.033943 0.2725 0.0301776 -0.0325599 0.2725 0.0187864 -0.033943 0.2723 0.0167822 -0.0325597 0.2725 0.015168 -0.0307374 0.2725 0.0140364 -0.0285815 0.2725 0.0134538 -0.0262174 0.27217 0.0134537 -0.0237824 0.2725 0.0140364 -0.0214184 0.272172 0.0152581 -0.0192506 0.2725 0.0167826 -0.01744 0.2725 0.0187865 -0.0160569 0.2725 0.0210631 -0.0151934 0.2725 0.0234801 -0.0148998 0.2725 0.0258971 -0.0151934 0.2725 0.0301776 -0.01744 0.272199 0.031792 -0.0192621 0.2725 0.0329237 -0.0214184 0.272171 0.0335064 -0.0237819 0.2725 0.0335063 -0.0262174 0.2725 0.0329237 -0.0285815 0.2725 0.0317922 -0.0307374 0.3327 0.030178 -0.0325597 0.3325 0.0317922 -0.0307374 0.3325 0.0329237 -0.0285815 0.3325 0.0335064 -0.0262174 0.33283 0.0335065 -0.0237824 0.3325 0.0329237 -0.0214184 0.332828 0.0317022 -0.0192507 0.3325 0.0301776 -0.0174399 0.3325 0.0281737 -0.0160569 0.332645 0.0259009 -0.015194 0.3325 0.0234801 -0.0148998 0.3325 0.0210631 -0.0151934 0.332814 0.0186911 -0.0161633 0.3325 0.0167826 -0.0174399 0.332801 0.0151683 -0.0192616 0.3325 0.0140364 -0.0214184 0.33283 0.0134537 -0.0237813 0.3325 0.0134538 -0.0262174 0.3325 0.0140364 -0.0285815 0.3325 0.015168 -0.0307374 0.3327 0.0167816 -0.0325591 0.3325 0.0187865 -0.033943 0.3325 0.0210631 -0.0348064 0.271975 0.021087 -0.0152905 0.271975 0.0188329 -0.0161453 0.271975 0.0168489 -0.0175149 0.271975 0.0234801 -0.0149998 0.271975 0.0258732 -0.0152905 0.272182 0.0282692 -0.0161635 0.271975 0.0301112 -0.0175149 0.271975 0.0328302 -0.0214538 0.271975 0.0334071 -0.0262054 0.271975 0.0328302 -0.028546 0.271975 0.0317098 -0.0306806 0.271975 0.0301112 -0.0324849 0.271975 0.0281273 -0.0338545 0.271975 0.0258732 -0.0347094 0.271975 0.0234801 -0.0349998 0.272238 0.021075 -0.0347578 0.271975 0.0188329 -0.0338545 0.271975 0.0168489 -0.0324849 0.271975 0.0152503 -0.0306806 0.271975 0.01413 -0.028546 0.271975 0.013553 -0.0262054 0.271975 0.01413 -0.0214538 0.272 0.0317099 0.0306806 0.272 0.0152503 0.0193194 0.333025 0.0258732 0.0347094 0.333025 0.0281273 0.0338545 0.333025 0.0301112 0.032485 0.333025 0.0334071 0.0237946 0.333025 0.0317099 0.0193193 0.333025 0.0301112 0.0175149 0.333025 0.0281273 0.0161453 0.333025 0.0258732 0.0152905 0.333025 0.0234801 0.0149999 0.333025 0.021087 0.0152905 0.333025 0.0188329 0.0161453 0.333025 0.016849 0.0175149 0.333025 0.0135531 0.0262054 0.333025 0.0152503 0.0306806 0.333025 0.016849 0.032485 0.333025 0.021087 0.0347094 0.3325 0.0258971 0.0151934 0.2725 0.0258971 0.0151935 0.3325 0.0234801 0.0148999 0.2725 0.0281737 0.0160569 0.3325 0.0281737 0.0160569 0.2725 0.0301776 0.01744 0.2725 0.0210631 0.0151935 0.2723 0.0167823 0.0174402 0.2725 0.015168 0.0192625 0.2725 0.0140364 0.0214184 0.2725 0.0134538 0.0237825 0.272203 0.0141212 0.0286147 0.2725 0.015168 0.0307374 0.2725 0.0167826 0.0325599 0.2725 0.0187865 0.033943 0.2725 0.0210631 0.0348064 0.2725 0.0281737 0.033943 0.2725 0.0301776 0.0325599 0.2725 0.0317922 0.0307374 0.2725 0.0335064 0.0262174 0.272212 0.0328389 0.0213847 0.2725 0.0317922 0.0192625 0.3327 0.030178 0.0174403 0.3325 0.0317922 0.0192625 0.33286 0.0329236 0.0214178 0.3325 0.0335064 0.0237825 0.33289 0.0334572 0.0262094 0.332803 0.0328287 0.0286912 0.3325 0.0317922 0.0307374 0.3325 0.0301776 0.0325599 0.332647 0.0281771 0.0339416 0.3325 0.0258971 0.0348064 0.332856 0.023344 0.0350498 0.3325 0.0210631 0.0348064 0.332897 0.0188119 0.0339001 0.3325 0.0167826 0.0325599 0.3325 0.015168 0.0307374 0.332763 0.0140381 0.0285873 0.3325 0.0134538 0.0262174 0.332913 0.0135033 0.0237892 0.332792 0.0141321 0.0213073 0.3325 0.015168 0.0192625 0.3325 0.0167826 0.01744 0.3325 0.0187865 0.0160569 0.332622 0.0210571 0.0151944 0.271975 0.021087 0.0347094 0.271975 0.0188329 0.0338545 0.271975 0.016849 0.032485 0.271969 0.0236172 0.0350499 0.272228 0.0260193 0.0347248 0.271975 0.0281273 0.0338545 0.271975 0.0301112 0.0324849 0.333025 0.0317099 0.0306806 0.27231 0.0329251 0.0284371 0.271975 0.0334071 0.0262054 0.272238 0.0334568 0.0237885 0.271975 0.0317098 0.0193193 0.271975 0.0301112 0.0175149 0.271975 0.0281273 0.0161453 0.271975 0.0258732 0.0152905 0.271972 0.0233429 0.0149502 0.271975 0.021087 0.0152905 0.272238 0.0188097 0.0161011 0.271975 0.016849 0.0175149 0.333025 0.0152503 0.0193193 0.271975 0.01413 0.0214538 0.271975 0.0135531 0.0237946 0.272238 0.0135034 0.0262114 0.271975 0.0152503 0.0306806 0.03 0.02348 -0.0148998 0.03 0.0258971 -0.0151935 0.03 0.0281737 -0.0160569 0.0302003 0.0301785 -0.0174407 0.03 0.0317921 -0.0192626 0.03 0.0335063 -0.0237826 0.03 0.0335063 -0.0262174 0.0302629 0.032922 -0.0285873 0.03 0.0317921 -0.0307374 0.03 0.0301775 -0.0325599 0.03 0.0258971 -0.0348064 0.03 0.021063 -0.0348064 0.0301471 0.0187831 -0.0339416 0.03 0.0167826 -0.0325599 0.03 0.0151679 -0.0307374 0.03 0.0134538 -0.0237825 0.03036 0.0140365 -0.0214178 0.03 0.0151679 -0.0192625 0.0302002 0.0167821 -0.0174403 0.03 0.0187864 -0.0160569 0.0301921 0.0210634 -0.0151932 -0.03 0.0167826 -0.01744 -0.03 0.0187864 -0.0160569 -0.03 0.021063 -0.0151935 -0.03 0.0258971 -0.0151935 -0.03 0.0301775 -0.01744 -0.03 0.0317921 -0.0192626 -0.03 0.0335063 -0.0237826 -0.0302969 0.0328389 -0.0286147 -0.03 0.0317921 -0.0307374 -0.03 0.0301775 -0.0325599 -0.03 0.0281737 -0.033943 -0.03 0.0258971 -0.0348064 -0.03 0.021063 -0.0348064 -0.03 0.0167826 -0.0325599 -0.03 0.0151679 -0.0307374 -0.03 0.0134538 -0.0262174 -0.0302883 0.0141212 -0.0213848 -0.03 0.0151679 -0.0192625 0.0305002 0.0317098 -0.0193193 -0.0305248 0.0258732 -0.0152905 -0.0305282 0.0236168 -0.0149502 -0.0302623 0.0281505 -0.0161011 -0.0305248 0.0301112 -0.0175149 -0.0303883 0.0328767 -0.0214354 -0.0305248 0.0334071 -0.0237946 -0.0302623 0.0334567 -0.0262114 -0.0305248 0.0317098 -0.0306806 -0.0305248 0.0301112 -0.0324849 -0.0305248 0.0281272 -0.0338545 -0.0305248 0.0258732 -0.0347094 -0.0305293 0.0233436 -0.0350498 -0.0305248 0.0210869 -0.0347094 -0.0303968 0.018811 -0.0338996 -0.0305248 0.0168489 -0.0324849 -0.0305248 0.0152501 -0.0306806 -0.0303939 0.0140837 -0.0285656 -0.0305248 0.013553 -0.0262054 -0.0302623 0.0135034 -0.0237885 -0.0305248 0.0152501 -0.0193193 -0.0305248 0.0168489 -0.0175149 -0.0305248 0.0188328 -0.0161453 -0.0305248 0.0210869 -0.0152905 0.0305248 0.0210869 -0.0152905 0.0305248 0.0188328 -0.0161453 0.0305248 0.0168489 -0.0175149 0.0305248 0.02348 -0.0149999 0.0305248 0.0258732 -0.0152905 0.0305248 0.0281272 -0.0161453 0.0305248 0.0301112 -0.0175149 -0.0305248 0.0317098 -0.0193194 0.0303745 0.0328784 -0.0214391 0.0305248 0.0334071 -0.0237946 0.0305248 0.0334071 -0.0262054 0.0305248 0.0317098 -0.0306806 0.0305248 0.0301112 -0.0324849 0.0303968 0.0281482 -0.0339002 0.0305248 0.0258732 -0.0347094 0.0303557 0.0236161 -0.0350498 0.0305248 0.0210869 -0.0347094 0.0305248 0.0188328 -0.0338545 0.0305248 0.0168489 -0.0324849 0.0305248 0.0152501 -0.0306806 0.0303027 0.0141312 -0.0286909 0.0303898 0.0135029 -0.0262095 0.0305248 0.013553 -0.0237946 0.0305248 0.0152501 -0.0193193 0.0641838 0.0542273 0.0102819 0.0562488 0.0536883 0.00353622 0.0679932 0.0553226 0.00257122 0.0562299 0.05533 0.00252789 0.0562299 0.05533 0.019528 0.06823 0.04766 0.00252789 0.06823 0.04766 0.019528 0.0678829 0.0553323 0.0194998 0.0592301 0.04766 0.0195278 0.0575856 0.0471046 0.0194645 0.0561654 0.0482601 0.00338805 0.0561368 0.0545607 0.0182575 0.0586701 0.0475774 0.00252688 0.0644275 0.0483665 0.0185277 0.0642149 0.0544558 0.0183207 0.06443 0.0483665 0.00352788 0.0641619 0.0545163 0.00363183 0.0571133 0.0483657 0.0185223 0.15235 0.05533 0.00118792 0.13076 0.0553285 0.00118792 0.15235 0.05533 -0.0146919 0.13076 0.0553346 -0.0146919 0.15235 0.0416999 0.00118792 0.15235 0.0439 -0.000312006 0.15235 0.0416999 -0.0146919 0.15235 0.0439 -0.0131919 0.15235 0.0513314 -0.013192 0.152878 0.0513655 -0.00876391 0.15235 0.0547673 -0.00875199 0.152964 0.0547642 -0.00475097 0.15235 0.0513328 -0.000311807 0.13076 0.0416999 0.00118792 0.13076 0.0416999 -0.0146919 0.153175 0.0513365 -0.00473475 0.13535 0.05133 -0.00875199 0.13535 0.05133 -0.0131919 0.13535 0.0439 -0.0131919 0.13535 0.0439 -0.000312006 0.13535 0.05133 -0.000312008 0.13535 0.05133 -0.00475198 0.13535 0.0547673 -0.00475198 0.13535 0.0547672 -0.00875199 0.144142 0.0513475 0.0217194 0.144746 0.0514453 0.0292604 0.144798 0.0549402 0.0217917 0.143632 0.0550839 0.0291746 0.087263 0.0465441 -0.0288609 0.0870411 0.0463681 -0.018533 0.0999174 0.0545674 -0.02892 0.0994515 0.0465534 -0.0288638 0.0999183 0.0469062 -0.0186573 0.0948183 0.0465034 -0.0204028 0.0871046 0.0545438 -0.0290148 0.0919821 0.0486085 -0.0202243 0.0870527 0.0541458 -0.0186897 0.0883285 0.0470319 -0.021569 0.0882475 0.0533743 -0.0289169 0.0987125 0.0533743 -0.028917 0.099821 0.0544365 -0.018555 0.0935309 0.0542849 -0.0203093 0.0882478 0.0533693 -0.0214751 0.0987099 0.0533376 -0.0212046 0.0615641 0.0545719 0.0243879 0.0654299 0.0553299 0.0198812 0.0562299 0.05533 0.019878 0.0609876 0.0551947 0.0285582 0.0654259 0.0483302 0.019878 0.0654213 0.0483297 0.0288879 0.0621236 0.0542834 0.0207572 0.0568654 0.0485267 0.0200767 0.0586241 0.0488498 0.0281284 0.0624719 0.049324 0.0243879 0.06543 0.0553319 0.0288879 0.13344 0.0529792 -0.0188709 0.113832 0.0485514 -0.0188809 0.10114 0.0529799 -0.0189462 0.122511 0.048194 -0.0189323 0.100246 0.0463946 -0.0188376 0.10114 0.0463549 -0.0203699 0.100246 0.0463536 -0.0290059 0.133438 0.0463639 -0.0196072 0.133435 0.0463559 -0.0289659 0.116555 0.0545481 -0.0289581 0.133424 0.0545686 -0.0289163 0.100247 0.0553754 -0.0289178 0.116821 0.0545807 -0.0203828 0.100249 0.0546735 -0.0187755 0.13254 0.04788 -0.0203699 0.10114 0.04788 -0.0203699 0.10114 0.0529799 -0.0203699 0.13254 0.0529799 -0.0203699 0.117263 0.0463416 -0.0251472 0.116732 0.0472798 -0.0217373 0.13223 0.0479154 -0.0213334 0.10145 0.0479152 -0.0213269 0.111481 0.0472802 -0.0266241 0.122013 0.0472795 -0.0265941 0.101449 0.0472787 -0.0288449 0.10145 0.0536314 -0.0288528 0.13223 0.0536306 -0.0288268 0.132231 0.0472787 -0.0288449 0.10114 0.0545551 -0.0203699 0.133198 0.0545612 -0.0203164 0.10145 0.053625 -0.0213521 0.13223 0.0536201 -0.0214937 0.0774072 0.0485821 -0.0183701 0.0687647 0.054558 -0.02892 0.0690285 0.0467426 -0.0289026 0.0867196 0.0545607 -0.02892 0.0867165 0.0463512 -0.0202939 0.078819 0.0463169 -0.0277708 0.0688612 0.046352 -0.0203071 0.0775917 0.0545553 -0.02892 0.0687976 0.0483181 -0.0199015 0.0852083 0.0521574 -0.0200117 0.0727258 0.0496863 -0.0188714 0.0790578 0.0564603 -0.0184821 0.0687729 0.0545655 -0.0192637 0.0796803 0.0470247 -0.0221737 0.0699696 0.0533743 -0.0289165 0.0855147 0.0533743 -0.0289165 0.0864839 0.0465845 -0.0289108 0.0867112 0.0545546 -0.0188102 0.0778927 0.0545553 -0.0203093 0.0699698 0.0471037 -0.0214475 0.069969 0.0533672 -0.0214398 0.0855135 0.0533607 -0.0215821 0.0855145 0.0477732 -0.0214428 0.15235 0.05533 0.019128 0.13076 0.0553349 0.019128 0.15235 0.05533 0.00324792 0.13076 0.0553287 0.00324792 0.15235 0.0416999 0.019128 0.15235 0.0439 0.0176279 0.15235 0.0416999 0.00324792 0.15235 0.0439 0.00474787 0.15235 0.0513314 0.00474769 0.152878 0.0513655 0.00917602 0.15235 0.0547673 0.00918794 0.152964 0.0547642 0.013189 0.15235 0.0513328 0.0176281 0.13076 0.0416999 0.019128 0.13076 0.0416999 0.00324792 0.153175 0.0513365 0.0132052 0.13535 0.05133 0.00918794 0.13535 0.05133 0.00474787 0.13535 0.0439 0.00474787 0.13535 0.0439 0.0176279 0.13535 0.05133 0.0176279 0.13535 0.05133 0.013188 0.13535 0.0547673 0.013188 0.13535 0.0547673 0.00918794 0.134323 0.0545598 -0.0186826 0.133767 0.0494406 -0.0194979 0.144727 0.0491061 -0.0188861 0.144535 0.0545552 -0.0198223 0.139234 0.0491832 -0.0279289 0.133784 0.0545757 -0.0289187 0.133868 0.0493531 -0.0289137 0.134675 0.0536405 -0.0289009 0.144641 0.0540134 -0.0289155 0.134675 0.0498443 -0.0213734 0.14441 0.0494346 -0.0230192 0.134675 0.0536368 -0.0214231 0.143814 0.0536329 -0.0213633 0.0562489 0.0536883 0.00116956 0.0642342 0.0541463 -0.0120689 0.05625 0.0537524 -0.00901628 0.0562488 0.0536883 -0.0188136 0.0644213 0.0542268 -0.00457943 0.0562299 0.05533 -0.019822 0.0562299 0.05533 0.00217783 0.0679974 0.0553299 0.00217664 0.06823 0.04766 -0.019822 0.06823 0.04766 0.00217783 0.0592301 0.04766 0.00217759 0.0563033 0.0483304 0.00132024 0.0561795 0.048247 -0.0189645 0.0592252 0.0467272 -0.019822 0.0592311 0.0476601 -0.0198217 0.0679812 0.0553262 -0.019718 0.06443 0.0483665 0.00117785 0.06443 0.0535321 0.001176 0.06443 0.0483665 -0.0188219 0.064072 0.054272 -0.0186907 0.0587597 0.0468529 -2.9956e-05 0.0571428 0.0483504 -0.00707674</float_array>
                    <technique_common>
                        <accessor count="2428" source="#shape0-lib-positions-array" stride="3">
                            <param name="X" type="float"/>
                            <param name="Y" type="float"/>
                            <param name="Z" type="float"/>
                        </accessor>
                    </technique_common>
                </source>
                <source id="shape0-lib-normals" name="normal">
                    <float_array id="shape0-lib-normals-array" count="14847">8.27514e-08 -0.079789 -0.996812 -0.94572 -0.115238 -0.303865 -0.950675 -0.31019 0 -0.934885 -0.344641 0.0849292 -0.84431 -0.304394 0.441006 -0.889751 0.259285 0.375652 -1.03848e-07 0.100109 -0.994977 -0.808466 0.277488 -0.519022 -0.945695 0.287821 -0.151065 -0.870114 0.478536 -0.117923 -0.663716 0.699448 0.265055 -0.876495 0.270021 0.398555 -0.688336 0.0109525 0.725309 -0.91357 -0.249461 0.321184 -0.983348 -0.180703 0.019337 -0.819673 -0.470567 -0.326655 -0.000818455 0.0796112 -0.996826 -0.000823375 0.354598 -0.935019 -2.1059e-08 0.335427 -0.942066 -3.52702e-08 0.568065 -0.822984 2.60468e-06 0.748487 -0.66315 3.74331e-07 0.568057 -0.822989 1.86806e-08 0.748529 -0.663102 1.36656e-09 0.88545 -0.464735 1.55641e-09 0.88545 -0.464735 -1.52868e-08 0.970954 -0.239266 -1.5564e-08 0.970954 -0.239266 -3.10411e-08 1 -4.93245e-05 9.52494e-07 1 -7.36874e-05 -9.86878e-07 0.970927 0.239375 -4.51381e-08 0.970933 0.239353 -5.63415e-08 0.885462 0.464712 2.85247e-06 0.885496 0.464648 5.16809e-07 0.748458 0.663183 -8.87055e-08 0.748448 0.663194 -8.6136e-08 0.556406 0.83091 0.000552045 0.568052 0.822993 0.000794087 0.372846 0.927893 -0.000816746 0.335727 0.941959 -0.000821568 0.120594 0.992702 -3.93592e-08 0.140804 0.990038 -2.33303e-08 -0.12059 0.992702 -0.000822587 -0.140687 0.990054 -0.000815357 -0.354615 0.935012 -3.74605e-08 -0.335577 0.942013 -1.58289e-08 -0.568052 0.822993 -1.71209e-08 -0.568052 0.822993 7.14601e-09 -0.762308 0.647214 4.64439e-05 -0.76154 0.648118 0.000487482 -0.872858 0.487974 -2.88849e-08 -0.878858 0.477084 -1.36253e-08 -0.975623 0.219451 0.000818505 -0.970953 0.23927 0.000820525 -0.999795 0.020219 0 -1 0 1.48558e-08 -0.970953 -0.23927 -0.00104029 -0.9645 -0.264082 -0.000557856 -0.885441 -0.464751 9.14414e-07 -0.892158 -0.451724 7.84788e-07 -0.74855 -0.663078 2.93596e-06 -0.748586 -0.663038 -6.33589e-07 -0.568035 -0.823004 3.57781e-08 -0.568049 -0.822995 2.08261e-08 -0.335427 -0.942066 0.000823375 -0.354598 -0.935019 0.000821052 -0.100199 -0.994967 1 0 0 0.897534 0.053175 0.437726 1 0 0 0.808432 -0.277501 -0.519067 0.945678 -0.287861 -0.151092 0.827196 -0.545592 -0.134449 0.681681 -0.677837 0.275405 0.936408 -0.163076 0.310719 0.984641 -0.0210543 0.17332 0.703322 0.4703 0.533063 0.681021 0.683253 0.263394 0.870445 0.477968 -0.117783 1 0 0 0.951362 0.204291 -0.230599 1 0 0 0.927411 0.363176 -0.0895151 -1.27822e-06 -0.99916 0.0409729 1.31256e-06 -0.960319 -0.278904 -3.2352e-06 -0.903775 -0.428008 -1.14295e-07 -0.720665 -0.693284 0.928205 0.211374 0.306196 0.972901 -0.131359 0.190287 0.858031 -0.498676 0.122905 0.885 -0.465591 0 0.992792 0.106117 -0.0556974 0.705322 0.662759 0.251539 0.932243 0.204573 0.29845 0.82778 -0.0131713 0.560898 0.913866 -0.21314 0.345572 0.965247 -0.259692 0.0292909 1 0 0 1 0 0 -0.76928 -0.423676 -0.478234 -0.596967 -0.191986 -0.778955 0.540602 -0.695421 -0.473434 0.414653 -0.43804 -0.797612 -0.940033 0.166151 -0.297879 -0.813673 0.567752 -0.124876 0.414228 0.739188 -0.531052 -0.951362 -0.204291 -0.230599 -1 0 0 -0.983522 -0.175534 -0.043266 -0.93566 -0.200486 0.290423 -0.998023 -0.0222853 0.0587645 -0.992467 -0.0147697 0.121621 -0.934267 0.0429881 0.353974 -0.927178 0.363735 -0.089653 -0.998273 -0.0520108 -0.0272985 -0.86843 -0.468592 0.16202 -0.995858 -0.0223037 0.0881496 -0.690387 0.475226 0.54546 -0.678443 0.688286 0.25686 -0.992763 0.10634 -0.0558081 -1 0 0 -1 0 0 0.940045 -0.166132 -0.297852 0.801578 -0.582163 -0.136232 0.992185 -0.0281256 0.121562 0.813743 0.567673 -0.124781 0.596905 0.532025 -0.600544 0.596961 0.191984 -0.778961 -0.414219 -0.739195 -0.531049 -0.345988 0.772141 -0.533001 -0.345974 0.43602 -0.830776 -0.000814993 -0.120483 0.992715 -0.000812666 -0.373801 0.927509 3.6769e-07 -0.354624 0.935009 5.89307e-07 -0.568088 0.822968 -0.00060833 0.898224 -0.439538 -0.000813079 -0.100091 -0.994978 4.56735e-08 -0.748493 0.663143 3.46658e-08 -0.5681 0.82296 1.45532e-06 -0.748469 0.663169 1.74114e-06 -0.885447 0.464741 -1.54493e-09 -0.885467 0.464702 1.50205e-08 -0.970942 0.239317 1.54497e-08 -0.970942 0.239317 2.79865e-08 -0.999162 0.0409401 4.60892e-08 -0.96031 -0.278935 5.36952e-08 -0.90374 -0.428082 8.60281e-08 -0.720668 -0.69328 8.48834e-08 -0.568105 -0.822956 0.00110883 -0.590987 -0.80668 0.000798482 -0.33561 -0.942001 -0.000821392 -0.373964 -0.927443 3.78511e-08 -0.120558 -0.992706 2.42444e-08 0.100171 -0.99497 -0.000814179 0.120555 -0.992706 -0.000818195 0.373888 -0.927474 3.55346e-08 0.354589 -0.935022 1.55511e-08 0.568105 -0.822956 1.54487e-08 0.568105 -0.822956 -3.39119e-09 0.734348 -0.678773 4.42594e-05 0.735126 -0.677931 2.69964e-08 0.891571 -0.452881 1.46023e-08 0.970945 -0.239301 0.000813804 0.965808 -0.259259 0.000815561 1 0 -1.25178e-09 0.999789 0.0205633 -1.38265e-08 0.973991 0.226587 -0.000549596 0.970941 0.239319 -0.001142 0.871638 0.490149 -2.78081e-08 0.885448 0.464738 -4.04654e-08 0.748493 0.663143 -4.48045e-08 0.748493 0.663143 -3.46651e-08 0.568088 0.822968 -3.55325e-08 0.568088 0.822968 -2.16399e-08 0.354633 0.935006 0.000812667 0.373801 0.927509 0.000814994 0.120484 0.992715 -1.04001e-07 0.10011 0.994976 -0.0261604 -0.999252 -0.0284797 -0.261007 -0.146658 0.954131 0.60126 0.683957 0.413145 -0.0668112 0.593824 -0.801816 0.527248 0.390191 -0.754825 -0.696678 0.462366 0.548504 -0.162971 0.950506 0.264536 0.128034 -0.988063 0.0856715 -0.119611 0.992812 0.00429143 -0.447283 0.615784 -0.648651 0.62742 0.710068 0.319606 0.546355 0.0868974 -0.833034 -0.117279 0.965872 0.230948 0.220378 0.974266 -0.0473157 0.133438 0.933302 -0.33338 -0.000688281 0.999992 0.00382229 -4.72021e-08 0.999997 0.00247366 -0.16552 0.982126 0.0896164 -0.00927146 0.999948 -0.00432917 -4.53081e-08 1 -0.000487613 4.89674e-05 0.999995 -0.00326982 -4.72394e-08 0.999999 -0.00172894 -0.00194601 0.999971 -0.00738621 -0.00923624 0.999957 0.000145223 0.0080647 0.999964 0.00252225 -0.000121256 1 0.000344917 2.16163e-05 0.999962 0.00868875 0.00960749 0.999947 0.00367411 -0.00355029 0.999992 0.00209199 -0.964776 -5.02865e-05 0.263072 -0.975573 0.00430296 0.219634 -0.99423 0.00895127 0.106891 -0.994231 0.0082238 -0.106943 -0.978334 -0.00910816 -0.206832 -0.985639 -5.14191e-05 -0.168869 -0.94669 -0.00345691 -0.322128 -0.8376 0.0362547 -0.545079 -0.643359 0.0595982 -0.763242 -0.295877 0.0622359 -0.953197 0.125941 0.0457296 -0.990983 0.233864 -0.0422361 -0.971352 0.378649 0.0426633 -0.924557 0.686126 0.0787621 -0.723206 0.931536 0.0328347 -0.362164 0.985452 -5.1399e-05 -0.169951 0.978203 -0.00844651 -0.207477 0.994242 0.00758646 -0.106892 0.999932 -0.00956663 -0.0066401 0.994231 0.00822203 0.106943 0.978333 -0.00911452 0.206838 0.985641 -5.13637e-05 0.168853 0.946692 -0.00345365 0.322121 0.837607 0.0362232 0.545071 0.648752 0.0559455 0.758941 0.323201 0.0523916 0.944879 -0.0347211 0.0657151 0.997234 -0.233843 -0.0468197 0.971146 -0.352376 0.052627 0.934378 -0.659223 0.0208759 0.751658 -0.837574 0.0371031 0.545062 -0.946626 -0.0114913 0.322128 -0.999463 -0.0132157 0.0299989 -0.961049 -0.0473701 -0.272289 -0.772088 -0.0384947 -0.634349 -0.500778 -0.0528055 -0.863964 -0.182795 -0.0468293 -0.982035 0.57531 -0.0280578 -0.817454 0.783745 -0.036484 -0.620011 0.960454 -0.0450733 -0.274768 0.961061 -0.0473767 0.272246 0.77207 -0.0384924 0.634371 0.500744 -0.054598 0.863872 0.182812 -0.0495519 0.981898 -0.610087 -0.0498533 0.790764 -0.911371 -0.0874447 0.40219 0.00106517 -0.999999 0.000485505 0.00117644 -0.999999 -0.000278276 -0.0018695 -0.999998 -0.000412618 0.053412 -0.998111 0.0303655 0.0524925 -0.997895 -0.0380852 0.000344356 -0.999995 0.00329955 -0.000399986 -0.999988 -0.00496169 0.00179947 -0.999984 0.00531344 -0.0595624 -0.997568 -0.0362138 -0.0475735 -0.998452 0.0288292 -0.00469749 -0.999985 0.00299587 0.00181206 -0.999987 0.00484622 -0.00270257 -0.999986 -0.00459248 -0.00821799 -0.999923 -0.00929977 -0.00823747 -0.999928 -0.00870753 0.000259386 -1 -0.00093005 0.108281 -0.994118 -0.00213572 -0.0115179 -0.999925 0.00426098 0.00430401 -0.99998 -0.00467071 0.00312463 -0.999919 -0.0123343 -0.00168428 -0.999966 -0.00808441 -0.00185486 -0.999965 -0.00820742 0.00351261 -0.999975 0.00612632 0.00942549 -0.999951 0.00309444 -0.093194 -0.995645 -0.00247924 -0.00463355 -0.999985 0.00302448 -0.00165244 -0.999998 -0.001151 0.00556812 -0.999968 -0.00567399 0.00306713 -0.999876 -0.0154172 -0.00336235 0.999992 -0.00200993 0.0102166 -0.999941 -0.00373326 -7.23823e-08 0.707085 0.707129 6.1434e-07 0.707107 0.707107 8.9826e-07 1.0352e-07 1 8.98278e-07 1.03391e-07 1 -6.77295e-07 0.707106 -0.707107 1.04142e-08 0.707084 -0.707129 -0.00448753 0.999989 -0.00149944 -0.00486613 0.998565 0.0533362 -5.8494e-08 1 1.75481e-07 -0.00838351 0.9991 -0.0415888 -0.014841 0.999464 0.0291843 -0.018025 0.999209 0.0354456 0.0344849 -0.966416 -0.254657 -0.000672736 0.999998 0.00178786 -0.0561695 0.987199 0.149276 0.00101213 0.999524 -0.0308432 0.000478946 0.999996 0.00269045 -5.96054e-08 0.999999 -0.00123582 0.0308878 0.99929 -0.0215834 0.00752466 0.99972 0.022443 0.0127765 0.99934 -0.0340139 0.0633683 0.983628 -0.168701 -0.182007 0.983104 -0.0194954 -0.140441 0.986343 0.0860418 -0.0714085 0.997418 0.00759427 0.113255 0.970369 0.213443 0.157274 0.987412 0.0168347 0.12316 0.990168 -0.0663282 0.0714084 0.997418 -0.00759432 -0.0656817 0.984755 -0.161068 0.232211 -0.171275 0.957467 0.341201 0.123225 0.931879 0.617821 -0.172264 0.767217 0.871148 -0.126355 0.474485 0.836178 -0.297174 -0.460971 0.592214 0.234654 -0.770857 0.298743 -0.337614 -0.892619 -0.245619 -0.1603 -0.956021 -0.599099 -0.186552 -0.778639 -0.867255 -0.14136 -0.477374 -0.704724 -0.292529 0.646367 -0.290016 -0.230251 0.928911 0.755223 0.270708 0.596955 0.985234 0.104873 0.135334 0.953559 0.165854 -0.25143 0.595767 0.331 -0.73178 -0.0847589 0.418705 -0.904158 -0.701524 0.317617 -0.637953 -0.97239 0.111675 -0.204905 -0.974721 0.11382 0.192263 -0.808165 0.0802636 0.583461 -0.497398 0.144086 0.855473 -0.0819543 0.205626 0.975193 -0.971942 -0.227983 -0.0579013 0.984653 -0.167418 0.049284 -0.709082 0.00433603 -0.705113 -0.193831 0.143734 0.970448 0.93924 -0.0281941 -0.342101 0.243306 -0.258308 -0.934922 -0.880893 0.0860075 -0.465435 0.296472 0.0985985 0.949938 0.713577 -0.0636526 -0.697679 0.736062 0.672571 -0.076556 -0.605872 0.758142 -0.241123 -0.271855 0.0387186 -0.961559 0.294775 0.266232 0.91773 -0.89336 0.276323 0.354336 -0.937043 -0.115421 -0.329587 0.118503 -0.0419655 0.992067 0.808931 -0.0724672 -0.58342 0.936934 0.158273 0.311616 -0.862334 0.100499 0.496266 -0.311016 0.0715262 -0.947709 0.623821 0.72108 0.301481 -0.701438 0.706557 0.0936041 0.343536 -0.0500994 0.937802 0.837797 0.134006 -0.529281 -0.380327 0.402391 -0.832726 -0.123006 -0.0455638 -0.991359 -0.799723 -0.073007 0.595914 0.942308 -0.110945 0.315826 0.862059 0.103603 -0.496106 0.311004 0.0738418 0.947536 -0.936806 0.159107 -0.311577 -0.474152 0.671671 0.569243 -0.41001 0.544879 0.731436 0.868369 0.440022 0.228727 -0.757081 -0.552763 -0.348255 0.501476 0.740223 -0.447875 0.923775 0.25469 -0.285959 -0.708124 0.670797 0.220437 0.747094 0.503221 -0.434303 -0.568036 -0.48707 0.6634 -0.353425 0.355702 -0.865198 -0.773237 0.599014 0.208054 0.390234 0.508793 -0.767363 -0.848991 0.507769 -0.146239 0.561966 0.791891 -0.238964 0.858025 0.454158 -0.239863 -0.814374 0.54064 0.210957 0.41278 -0.49971 -0.761513 0.406833 0.24907 0.878892 -0.848945 0.496486 0.181092 -0.416672 0.740291 0.527593 -0.975971 -0.147601 0.160297 0.404589 -0.470393 0.784244 0.555291 0.72421 -0.408867 -0.515325 0.221541 -0.827865 0.411758 0.832485 0.370708 -0.520863 0.745646 -0.415589 0.959655 -0.227374 -0.165422 -0.533068 -0.399065 0.746047 -0.426744 0.362466 -0.828558 -0.899435 0.433577 -0.0550308 0.391035 0.305234 0.868288 0.588335 0.711853 0.383571 0.706342 0.493018 0.507952 -0.639674 0.607301 -0.471171 0.285967 0.100062 -0.953001 0.63294 0.221122 0.741952 -0.974093 -0.101542 0.202067 4.41767e-08 -1.03472e-07 -1 4.41751e-08 -1.03461e-07 -1 -1.91349e-07 -1 7.84764e-07 4.49329e-06 -1 3.47236e-07 2.52935e-07 -1 2.95235e-07 -1.53148e-06 -1 -1.46104e-05 -2.0199e-06 -1 2.13582e-06 -1.48721e-06 -1 -0.000152356 -0.00550811 -0.999963 0.00659006 -1.2645e-05 -1 3.29151e-06 8.99398e-07 -1 4.3288e-06 -3.40836e-05 -1 2.26816e-05 0.000289815 -1 -0.000652936 0.528792 -0.814089 -0.240079 0.815622 -0.514093 0.26546 0.0163331 -0.999794 0.0120082 2.46762e-05 -1 7.54985e-05 -2.78331e-05 -1 -1.35748e-05 -2.71871e-05 -1 -1.17135e-05 -3.26752e-06 -1 4.4205e-07 0.00225018 -0.999612 -0.0277558 0.0151741 -0.999742 -0.0168991 9.91612e-06 -1 0.000560464 0.00978166 -0.999846 0.0145417 0.000153725 -1 0.000650878 1.88912e-05 -1 -1.14564e-05 -0.000207328 -1 0.000533988 -0.601557 -0.763109 0.236208 -0.736936 -0.632547 -0.238348 -0.0140857 -0.999888 -0.00513139 1.08532e-05 -1 0.000111487 -7.29689e-05 -1 2.11958e-06 -0.00440583 -0.999963 0.0073909 -0.000193401 -1 -6.66664e-05 2.61984e-05 -1 -0.000753908 -2.89997e-05 -1 -2.71568e-06 1.95766e-07 -1 -2.08055e-07 0.836786 -0.514849 0.186334 -0.838857 -0.543525 -0.0300051 -0.000737623 -0.999999 -0.00119554 -0.000217255 -0.999999 -0.00135683 0.0026404 -0.999861 0.0164733 2.05601e-07 -1 2.723e-07 -0.0136718 -0.99636 0.0841361 0.0223755 -0.981751 0.18885 0.00737865 -0.974963 0.222245 -0.00338614 -0.999978 0.00572899 -0.000617314 -1 0.000759556 0.00339533 -0.999994 -0.000278388 -0.00335598 -0.999994 -0.000287988 0.000620993 -1 0.000757915 0.00303744 -0.999982 0.00512048 0.104761 -0.977277 -0.184269 -0.00727932 -0.998043 -0.0621023 0.00248438 -0.999987 -0.00446151 0.000478276 -1 -0.00082414 -0.00341924 -0.999994 0.000238929 0.0222174 -0.999706 -0.00968372 0.00881706 -0.999839 -0.0156322 0.875428 0.230654 -0.424765 -0.849806 -0.0174573 0.526806 0.490615 -0.26412 0.830384 -0.444019 0.227411 -0.866678 -0.815217 0.493327 0.303398 0.33945 0.776928 -0.530241 -0.12044 0.920803 0.370966 0.2306 0.0278819 0.972649 0.104841 -0.486027 -0.867633 -0.989052 -0.0802484 0.123838 -0.537073 -0.0500759 -0.842048 0.409096 -0.832601 0.373385 0.31611 -0.82739 0.464221 -0.737488 -0.41442 -0.533261 -0.534562 0.0956676 0.839697 0.861899 0.469822 0.190779 -0.194793 0.651791 -0.732955 -0.209589 0.612584 -0.762111 -0.226119 0.759179 0.610342 0.518211 -0.196095 -0.832469 -0.464872 -0.745043 0.478336 -0.153587 -0.492148 0.856855 0.282821 -0.616854 -0.734509 0.17207 -0.667939 -0.72405 0.156252 -0.742405 0.651475 0.782262 -0.159459 0.602195 -0.144938 -0.540938 -0.82848 0.997364 -0.0715851 0.0118546 0.132811 -0.849791 0.510114 -0.250124 0.133453 -0.958973 -0.546823 0.140063 0.82545 -0.0219633 -0.118685 -0.992689 -0.920602 0.0201437 -0.389984 -0.9518 -0.0102822 -0.306546 -0.900094 -0.387208 0.19975 0.941608 0.0236234 -0.335881 0.888815 -0.0798235 -0.45126 0.169197 0.00130929 -0.985581 0.708242 0.685274 -0.169681 -0.961577 0.144942 0.233155 -0.912105 0.400303 -0.088444 0.716785 0.695373 0.0517203 -0.941535 -0.329992 -0.0679494 -0.682748 -0.704347 0.194293 0.91156 0.319227 -0.259138 0.575308 0.488957 0.655699 -0.815093 0.399152 0.419884 -0.35046 -0.250368 0.902493 -0.731108 -0.287344 -0.618801 0.779514 0.474122 -0.409348 0.00384033 0.0685145 0.997643 -0.882816 0.150339 -0.445011 -0.0439899 0.154965 0.98694 0.975547 0.069072 -0.208657 -0.324393 -0.0940176 0.941238 0.291053 -0.126694 0.948281 0.277942 0.7061 -0.651284 0.718077 0.681727 0.140048 -0.550643 0.585754 0.594714 -9.97597e-05 0.999996 0.00293105 -0.364012 -0.931389 -0.00323616 -0.66318 -0.358785 0.656861 0.592717 0.783975 -0.18458 -0.0581274 0.848214 -0.526454 -0.671218 -0.530957 0.517253 0.529394 -0.83452 0.152701 -0.00438077 0.827583 0.561327 0.706297 -0.246894 -0.663466 -0.642988 0.76517 -0.0328914 -0.300838 -0.952239 0.05232 -0.192725 -0.979124 0.0646065 1.81568e-05 1 0 -5.17389e-08 1 0.000624431 -5.17255e-08 1 0.000739737 2.15335e-05 1 0 -0.951532 -0.305774 0.0330113 0.000994209 -0.21771 -0.976013 0.000255409 -1 -0.000325045 -1.58204e-05 -1 2.01338e-05 -4.90851e-06 -1 0.00059898 0.000330769 -1 -0.000594427 0.770345 0.300191 0.562543 -0.996492 0.0281696 -0.0788041 -0.999998 -0.00183962 -0.000135077 -0.998588 -0.0245749 -0.0470962 -0.998967 0.044833 0.00736083 -0.999843 0.0131584 -0.0118967 -0.999598 -0.00785691 0.0272497 -0.000745666 -0.0500063 0.998749 0.999545 0.0301144 0.00148092 -0.00134083 -0.0300465 -0.999548 0.224137 0.377534 -0.89846 -0.952371 0.270915 0.13998 0.013341 0.66817 0.743889 -0.438367 0.263346 -0.859351 0.0164441 -0.999865 3.56126e-05 -0.00657894 -0.147453 0.989047 0.988934 -0.148355 -1.6042e-07 -1 0 0 1 0 0 5.17401e-08 -1 0 5.17401e-08 -1 0 -4.52726e-08 9.31347e-08 1 4.52726e-08 -9.31347e-08 -1 -1 0 0 5.17401e-08 -1 0 5.17401e-08 -1 0 1 0 0 4.52726e-08 -9.31347e-08 -1 -4.52726e-08 9.31347e-08 1 -0.39825 0.91726 -0.00555881 -0.00301383 0.955698 -0.294335 -0.86014 -0.00885748 -0.509981 -0.49973 0.0599983 -0.864101 5.56273e-08 0.28226 -0.959338 -0.881333 0.110344 -0.459431 -0.82591 -0.0556751 -0.561046 -0.00251434 0.950338 -0.311211 -0.0184889 -0.654991 -0.75541 -0.326949 -0.687118 -0.648825 -0.000902302 0.910676 -0.413119 -0.884466 -0.0076362 -0.466543 -4.03047e-07 0.264311 -0.964438 -0.00043005 0.921301 -0.38885 -0.000665034 0.310612 -0.950536 0.00647009 0.996383 -0.0847244 0.114513 0.973779 -0.196571 0.0851591 0.996127 0.0218745 0.256858 0.957784 -0.129125 0.950224 0.311568 -3.33092e-08 0.451056 0.892493 -0.00204542 0.338528 0.940956 -1.00276e-07 0.959414 0.282003 0.00048835 0.127217 0.986917 0.0990478 0.267566 0.957812 0.104904 -6.33428e-08 0.251659 0.967816 0.000795258 0.896501 0.443041 0.000252726 0.269585 0.962977 -0.00069582 0.93273 0.360576 -0.342691 0.484999 0.804574 -0.00704059 0.563421 0.82614 0.00309581 0.889341 0.457235 -9.57632e-08 0.171617 0.985164 -0.322299 0.946581 0.0103644 -0.838028 0.0597828 0.542342 -0.456323 0.889813 -0.00115391 -0.97104 0.238876 -0.00431017 -5.19451e-08 0 1 -5.19451e-08 0 1 -0.111128 0 0.993806 -0.118156 -0.000897784 0.992995 -0.371882 0.000808181 0.92828 -0.360215 0.00309896 0.932864 -0.835903 0.0340948 0.547817 -0.913447 -0.000858962 0.406956 -0.823395 -0.00916461 0.567395 -0.845072 -0.038532 0.533262 -0.772771 -0.0750138 0.630237 -0.357903 0.0420831 0.93281 0.0627088 0 0.998032 -0.322336 0.0901713 0.942321 -8.27825e-08 -2.12449e-05 1 -3.99458e-06 0 1 -0.291719 0.0398943 0.955672 -0.608393 -0.0356638 0.792834 -1 0.0001735 0.000118057 -0.999999 -0.00143567 -0.000976892 -1 0.000537109 2.14701e-09 -0.999961 -0.00710923 0.00523304 -1 0 0 -1 0 0 -0.990214 0.0132813 -0.138923 -0.822795 -0.0298035 -0.567556 -0.161692 0.040553 -0.986008 0.00632067 0.99998 -0.000746803 -0.012005 0.999829 -0.0140813 -0.000103582 0.999342 0.03626 0.00939125 0.999951 0.00309736 0.00135631 0.999992 0.003818 0.00505685 0.998804 -0.0486331 -0.0161813 0.999707 -0.0179892 -0.0840862 0.996455 -0.00249757 -0.0108592 0.996089 0.0876875 0.00517164 0.999972 -0.0053542 -0.00240545 0.999962 0.00843053 -0.000364217 0.999999 0.00166256 1.18983e-05 1 0.000164741 2.16629e-05 1 9.56821e-05 0.00103264 0.999989 0.00456104 -0.000876862 0.999999 0.000684107 -0.00382533 0.99999 -0.00217248 -0.0039997 0.999987 -0.00327188 -0.00267229 0.999899 0.0139526 0.00219458 0.999766 0.0214998 0.0157229 0.998045 0.0604883 0.0186674 0.999025 -0.0400164 -0.0780746 0.995271 -0.0577929 -0.0020672 0.999998 -0.000758712 -0.0048761 0.999966 0.00664173 -0.00372642 0.999974 0.00621072 0.00188127 0.999991 -0.00380823 -0.00426248 0.999988 -0.00224106 9.76711e-05 1 5.1352e-05 0.000602838 0.999962 0.00866601 -0.00676673 0.999977 -0.000218557 0.000242268 1 -6.29799e-05 5.45479e-07 1 -2.76258e-07 -0.0209027 0.999779 0.00202441 -0.0148682 0.999889 6.3661e-05 -0.000135795 1 -1.06437e-07 0.00467418 0.999989 -0.000201774 0.108758 0.959268 0.260722 0.0125784 0.999646 -0.0234379 -0.000656663 0.999999 0.00140557 0.00018219 1 -0.000911113 2.13679e-05 1 0.000148392 -0.000153611 0.999999 -0.00106172 -0.00104588 0.999992 -0.00390082 0.00134979 0.999999 -0.0003311 0.0318037 0.999455 0.00881901 -0.00454863 0.99999 -0.000528471 -0.00475568 0.999988 0.00155145 0.000936581 0.999665 -0.0258813 -0.000227394 0.999994 -0.00358224 -0.00667868 0.999786 -0.019584 -0.00557392 0.999981 -0.00258828 -0.088323 0.996078 -0.0051679 -0.00314277 0.998932 0.0461069 0.0157898 0.99986 -0.00561731 0.00989194 0.999945 -0.00340276 -4.93677e-05 1 -0.000646401 0.0137416 0.999772 0.0163663 -0.00030518 1 0.000433071 0.0386582 0.997424 -0.0604295 -0.0309988 0.999484 0.00836456 -0.00391356 0.999811 -0.019046 -0.0354478 0.998817 0.0332996 0.000140662 1 0.000675048 1.08029e-05 1 0.000193392 -0.00716727 0.999974 0.000559076 -0.00731525 0.99997 -0.0026529 0.0114241 0.999538 -0.02817 0.14771 0.342302 0.927907 0.000691031 0.999995 -0.00292751 -2.90957e-05 1 -4.66348e-05 4.84054e-05 1 -7.676e-05 -0.000577849 0.999912 -0.0132558 -0.0318264 0.979343 0.199685 0.175427 0.8739 -0.453348 0.211514 0.72659 0.653704 -1.5522e-07 1 -4.79723e-07 -1.5522e-07 1 -2.44866e-07 -1.96508e-05 1 -5.97885e-06 0.000199068 1 0.00082972 0.0196934 0.998067 -0.0589431 0.00412224 0.998411 -0.0562017 0.0311998 0.994475 0.100232 0 1 0 -0.00325595 0.999972 -0.00671973 -0.085226 0.88469 0.458324 0.0739393 0.945018 -0.318551 -0.0309262 0.985681 0.165758 0.242634 0.895807 -0.372369 0.0114339 0.999819 0.015189 0.0593129 0.986269 -0.154131 -6.30681e-05 0.999209 -0.0397718 0.00287928 0.999734 0.0228976 0.000636988 0.999995 0.00300683 -0.000314343 0.999914 -0.0131007 0.0339701 0.999416 0.00365087 -6.10025e-05 1 0.000377575 -0.000106947 0.999997 0.00242542 -0.000423735 1 -0.00074199 1.69332e-05 1 -6.88172e-05 -2.27937e-05 1 -5.53072e-05 0.000507592 0.999999 -0.00106068 3.09309e-05 1 -2.08523e-05 0.00017512 1 0.000201134 8.12002e-05 1 0.000137316 6.24518e-05 1 9.91787e-05 0.00084128 0.99999 -0.00449767 0.0386675 0.999061 -0.0195302 0.0350142 0.997583 0.0600247 0.00136284 0.999957 0.00919492 0.256135 0.945422 -0.201427 0.03708 0.988474 -0.146778 -0.00203499 0.999989 0.00419957 0.0108191 0.999935 0.00357815 0.00680358 0.99935 0.0353885 0 1 0 -4.47749e-05 1 -0.000570766 -0.00882089 0.99991 -0.0101057 -0.0185752 0.999783 0.00940741 0.0749749 0.945345 -0.317335 0.245509 -0.506865 0.826325 0.0855285 0.992442 -0.0879968 0.00644383 0.11902 0.992871 1.67345e-07 1 -6.6242e-07 -0.0965097 0.282114 0.954514 0.799182 -0.482968 -0.35784 -0.729531 0.00234866 -0.683944 -0.47585 -0.0889163 0.875021 0.944515 -0.326256 0.0380535 -0.596079 -0.415395 -0.687122 -0.64121 -0.71577 -0.276629 -0.123734 -0.0258813 0.991978 -0.965382 0.0338979 -0.258627 -0.625246 0.00985855 0.780366 0.967469 0.0291905 0.251299 -0.0693952 0.00417968 -0.997581 -0.872551 -0.128638 0.471282 0.969983 0.0207293 0.242287 -0.287184 0.148077 -0.946361 0.815433 -0.472309 -0.334655 -0.356228 -0.0159842 0.934262 0.962295 0.0416091 0.268805 -0.613192 -0.788198 -0.0523363 -1 0 0 4.52469e-08 -9.07827e-08 -1 -4.52609e-08 9.13059e-08 1 -0.999668 -0.00956746 0.0239183 0.999638 -0.0102469 -0.0248855 -0.000693176 -0.00998275 -0.99995 0.000693179 -0.00979126 0.999952 0.999682 0.00642837 0.0243715 -0.999655 -0.00974847 -0.0243709 0.000694832 -0.0100064 0.99995 -0.000694832 -0.00982373 -0.999952 -4.52908e-08 9.13059e-08 1 -1 0 0 4.52305e-08 -9.10133e-08 -1 -0.999668 -0.009568 0.0239197 0.999638 -0.0102475 -0.024887 -0.000694831 -0.0100066 -0.99995 0.000694833 -0.00980855 0.999952 0.999578 0.0158403 0.0243704 -0.999655 -0.00974904 -0.0243723 0.000693178 -0.00998257 0.99995 -0.000693178 -0.00980035 -0.999952 0.00663667 -0.148361 0.988911 -0.000956941 -0.0214398 0.99977 -0.999769 0.0214514 0.00105491 0.000742353 -0.0498951 -0.998754 0.00664013 -0.148418 -0.988902 0.998869 0.00646153 0.0470961 0.999893 0.0144811 0.00216544 0.999862 0.0115629 0.0119124 0.116359 0 -0.993207 0.116241 1.53372e-05 -0.993221 0.425264 -0.000391595 -0.905069 0.891342 0.0108848 -0.4532 0.993637 3.22402e-05 -0.112626 0.993666 0 -0.112371 0.458027 -0.0107115 -0.888874 0.90828 -3.08383e-05 -0.418363 1 0 0 1 0 0 0.990908 0 0.134542 0.989035 -0.00194456 0.147665 0.916222 -0.000309192 0.400671 0.637512 0.00826462 0.770396 0.379096 0.00613687 0.925337 0.113287 -0.000346426 0.993562 0.115974 0 0.993252 0.940345 0.0122107 0.340003 0.817528 -0.0152639 0.575687 0.554569 -0.00348383 0.832131 0.332717 0.000278987 0.943027 -0.381833 0.00290929 -0.924227 -0.12428 -0.00283916 -0.992243 -0.142336 0 -0.989818 -0.64636 -0.0115167 -0.762946 -0.376794 0.00220295 -0.926294 5.19451e-08 0 -1 5.19451e-08 0 -1 -0.102203 0.297605 -0.949203 -0.158885 0.232221 -0.959599 -0.989084 0.0341709 0.143333 -0.920016 -0.250379 0.301464 0.103393 0.30037 0.948202 0.00782937 0.401701 0.915737 0.981978 -0.138016 -0.129119 0.948692 -0.251798 -0.191262 -0.951117 -0.241407 0.192613 0.142518 0.251703 0.957254 0.114796 0.28382 0.951981 0.991191 0.0895484 -0.097579 0.555006 0.513928 -0.654099 -0.630346 -0.462674 -0.623376 -0.572104 0.820041 -0.0151338 -0.490112 -0.724351 0.484877 -0.372472 0.0169934 0.927888 0.607604 -0.0784478 0.790356 -0.682054 0.201026 -0.703129 -0.704754 0.35745 0.612823 -0.554076 -0.253719 0.792859 0.443159 0.39922 0.802642 0.811727 0.570534 0.124862 0.621615 0.783318 0.00288883 0.269573 -0.19485 -0.943061 -0.426691 0.34219 -0.837162 -0.775883 -0.404484 -0.484147 -0.193387 0.803559 0.562934 0.0549301 0.321048 0.945468 -0.562057 0.7498 0.34913 -0.310142 0.93605 0.166201 -0.0145846 0.0206906 0.99968 0.910871 0.013589 0.412467 0.913372 0.048602 0.404215 0.424902 0.51687 -0.743171 -0.230874 -0.0664299 -0.970713 0.394079 0.534219 -0.747872 0.0494693 -0.0157862 0.998651 -0.878069 0.00320634 0.478523 0.152277 0.980084 0.127463 -0.996992 -0.0640718 -0.0436092 -0.958345 0.110621 -0.263319 -0.776822 0.0421987 -0.628305 -0.595874 0.0561752 -0.801111 -0.167952 0.0141576 -0.985694 0.114118 0.057964 -0.991775 0.736112 0.134265 -0.663409 0.944601 -0.0103704 -0.328058 -0.83129 -0.0923558 -0.548113 -0.489849 -0.102536 -0.865757 0.246156 -0.10116 -0.963937 0.259019 0.055338 0.964286 0.0111388 -0.0160849 0.999809 -0.253202 0.0153606 0.967291 0.489667 -0.0632809 0.86961 0.0730304 -0.105456 0.991739 -0.719613 -0.0908911 0.6884 -0.124446 -0.0501778 -0.990957 -0.517165 0.00754009 -0.855853 -0.475984 0.0616845 -0.877288 8.27541e-08 0.000364669 -1 -0.000160268 -0.000549358 -1 3.02459e-05 -0.000213236 1 -2.8011e-06 1.95268e-05 1 0.00859249 -0.998552 0.0530967 -0.00347685 -0.999771 -0.0211308 0.00619267 -0.975886 -0.218191 -3.29803e-05 -1 -0.000271694 -6.70551e-05 -1 -0.000552035 -0.00020032 -1 7.18714e-06 -6.82254e-05 -1 -0.000286118 5.74892e-08 -1 -1.12956e-07 -0.00429516 -0.999383 0.0348691 0.00884135 -0.999814 -0.0171352 5.60156e-05 -1 0 0.860921 -0.294677 -0.414706 0.133394 0.433118 -0.891412 -0.596742 -0.0106388 -0.802363 -0.602966 0.255476 -0.755754 -0.657274 0.142635 0.740031 -0.6874 0.250099 0.681859 0.656213 0.0607295 0.752128 0.646703 0.68252 -0.340503 0.283021 0.922204 -0.263512 -0.406709 -0.445408 -0.797621 -0.307408 -0.575594 0.757755 -0.695923 0.0983569 0.711349 -0.454592 0.714612 -0.531672 0.593673 0.765393 -0.248447 0.50413 -0.0590334 -0.861608 0.472856 -0.104152 0.874963 7.39817e-06 -1.0123e-07 -1 4.31195e-08 -5.19499e-05 -1 0.384252 -0.923041 -0.0185833 0.94235 0.0530372 -0.330399 0.992345 -0.0795612 -0.0944569 -0.257946 -0.96603 -0.0157987 -0.570353 -0.0472132 0.820042 -0.961345 0.172061 0.214965 -0.961001 0.0435897 -0.273088 -0.937889 0.345272 -0.0339168 0.18846 0.981909 0.0183778 0.97394 0.179293 0.138903 0.923789 -0.382887 0.00333749 -0.0163264 0.999473 0.0280503 0.995879 -0.0902113 -0.00928861 0.979283 0.141685 -0.14467 1 0 0 0.494772 0.187517 0.848551 1 0 0 1 0 0 1 0 0 0.953424 0.116387 0.278274 1 0 0 0.936334 0.344348 0.0685742 0.929243 0.343522 0.136016 1 0 0 1 0 0 1 0 0 0.994017 0.0778532 0.0766049 0.898865 -0.26117 -0.351897 0.919327 0.0632047 -0.388385 0.942952 -0.288193 -0.166694 0.99339 0.0441373 -0.105961 0.850989 -0.472645 -0.228966 0.654123 0.567776 0.499753 1 0 0 0.981698 0.0101221 -0.190176 0.892832 0.181197 -0.412333 0.956096 0.191541 -0.221794 0.79542 0.549619 -0.255394 0.974267 0.225086 -0.0118034 0.979167 0.202501 -0.0150295 0.777068 0.425649 0.463669 -0.0308337 0.774275 0.632098 0.997199 0.0725547 0.0181913 0.958737 0.283901 0.0149601 -0.0114328 0.999935 -0.000398385 0.992856 0.119316 0.000965435 -0.00958952 0.897206 -0.441509 -0.00146797 0.61166 -0.79112 0.972237 0.233992 -0.00156355 0.951847 0.0823145 -0.295315 0.36065 -0.424103 0.830703 0.988904 0.105385 0.104706 1 0 0 1 -4.52848e-06 4.77604e-06 0.976111 -0.195536 0.094729 0.995965 0.0422598 0.0791728 0.349245 -0.795173 0.495709 1 0 0 0.898285 -0.439357 0.00709231 0.56643 -0.81301 -0.134803 0.647544 -0.379521 -0.660795 0.733202 0.229423 -0.640141 0.584348 -0.392065 -0.710509 0.427497 -0.0160306 -0.903875 0.158003 -0.973019 0.168132 0.988985 0.111672 0.097145 0.880602 -0.048862 0.471331 0.96966 -0.194908 -0.147552 0.859072 0.490949 -0.144791 0.397672 -0.744549 -0.536195 1 -7.87724e-07 1.48345e-06 -0.1941 0.608091 -0.769773 0.834285 -0.531268 0.147389 0.298401 0.922805 -0.243698 0.537788 0.841389 0.0533675 5.18865e-05 -0.705268 0.708941 -0.511879 -0.857582 0.0503233 -6.00141e-06 -0.707153 0.70706 -0.513567 -0.85677 -0.0468491 4.2323e-05 -0.707115 -0.707098 5.33852e-08 -0.705779 -0.708432 0.508541 -0.859863 -0.04496 -8.32633e-07 0.454689 -0.89065 2.3199e-08 0.607113 -0.794616 9.30565e-05 0.739906 -0.67271 -1.57014e-06 0.848592 -0.529048 2.14958e-08 0.929771 -0.368139 1.14042e-08 0.980742 -0.195309 9.42442e-10 0.99987 -0.0161404 -9.41162e-09 0.986924 0.161184 -0.000238481 0.940279 0.340406 0.000117546 0.986531 0.163574 2.71233e-08 0.454705 -0.890642 0.000205898 0.610417 -0.79208 -1.36014e-06 0.738634 -0.674107 2.93842e-08 0.848609 -0.529021 2.14726e-08 0.929771 -0.368139 1.13016e-08 0.980742 -0.195309 9.88864e-10 0.99987 -0.0161404 0.000120851 0.942639 0.333814 0.000425356 0.869488 0.493954 2.58231e-05 0.865467 0.500966 -0.000488058 0.767596 0.640934 4.39018e-05 0.760654 0.649158 3.06087e-06 0.632467 0.774588 0 0.632514 0.774549 0 0.483134 0.875546 -1.85809e-08 0.318218 0.948017 0.000133029 0.142903 0.989737 2.16207e-09 -0.0370278 0.999314 3.2925e-07 -0.215779 0.976442 2.2628e-08 -0.387529 0.921858 1.59591e-08 -0.546634 0.837372 6.62904e-07 -0.688059 0.725655 2.3564e-08 -0.807118 0.59039 8.80196e-07 -0.89996 0.435973 2.65881e-08 -0.9636 0.267349 9.76064e-07 -0.99593 0.0901339 0.00331696 -0.997745 0.0670323 -0.0137633 0.999446 -0.0302967 0.0143259 -0.995679 0.0917528 -2.71234e-08 0.483135 0.875546 0.000337055 0.311746 0.950165 -8.68337e-09 0.145596 0.989344 2.03324e-05 -0.0374389 0.999299 1.24598e-08 -0.215773 0.976444 1.13012e-08 -0.387529 0.921858 5.26683e-07 -0.546643 0.837366 2.03421e-08 -0.688049 0.725664 7.88862e-07 -0.807128 0.590377 1.35615e-08 -0.899952 0.435989 -0.0134486 -0.995685 0.0918192 0.0143776 0.999469 -0.0292243 -0.00509844 -0.998496 0.0545812 4.70151e-08 -0.995931 0.0901217 9.33867e-07 -0.963605 0.267331 -0.00393464 0.999943 -0.00993758 -0.00510656 0.99672 -0.0807717 0.00215728 0.800378 -0.599492 0.00200639 0.799322 -0.600899 6.6755e-06 0.293658 -0.95591 -8.82318e-07 0.293551 -0.955944 -8.79672e-06 0.580875 -0.813993 0.00781712 0.998049 -0.0619451 -0.0104846 0.998227 -0.0586003 -8.13599e-06 0.287234 0.957861 0.000228105 0.582079 0.813133 -0.000443462 0.293642 0.955915 0.00820748 0.693998 0.71993 0.688254 0.0528744 0.72354 -0.00785671 0.975131 0.221491 0.017589 0.995134 0.0969521 0.0288074 0.98751 0.154901 -0.0159631 -0.99545 -0.0939407 0.0147375 0.999493 0.0282398 -0.00509847 -0.998496 -0.0545809 -0.000881846 -0.996467 -0.0839824 -0.000719522 -0.997073 -0.0764496 4.70891e-08 -0.9975 -0.0706674 0.000200748 -0.9636 -0.267349 5.75976e-08 -0.96457 -0.263827 6.48684e-08 -0.89996 -0.435974 2.35378e-08 -0.80622 -0.591616 5.14954e-05 -0.687303 -0.726371 1.59591e-08 -0.546634 -0.837372 4.08381e-05 -0.39097 -0.920403 -0.000320673 -0.22211 -0.975022 2.16229e-09 -0.0370316 -0.999314 -2.79519e-07 0.142898 -0.989737 -1.85809e-08 0.318218 -0.948017 -2.82104e-08 0.483134 -0.875546 0 0.632644 -0.774443 -3.73932e-05 0.760739 -0.649058 0 0.865205 -0.501419 0 0.941291 -0.337597 4.61881e-06 0.986546 -0.163482 -9.42442e-10 0.99987 0.0161404 -1.14041e-08 0.980742 0.195307 -2.14958e-08 0.929771 0.368139 -3.08913e-08 0.848592 0.529048 -1.40211e-06 0.739887 0.672731 -1.19307e-06 0.607131 0.794602 -2.5998e-08 0.455006 0.890489 2.48629e-08 -0.89996 -0.435973 -7.6749e-05 -0.807118 -0.59039 2.03424e-08 -0.688059 -0.725655 0.000110398 -0.544763 -0.83859 0.000178105 -0.388308 -0.92153 1.24318e-08 -0.215779 -0.976442 7.24707e-08 -0.0370302 -0.999314 -8.47662e-09 0.142903 -0.989737 -1.92121e-08 0.318218 -0.948017 0 0.483135 -0.875546 -1.13791e-05 0.632467 -0.774588 0 0.76123 -0.648482 0 0.865205 -0.501419 -1.92942e-05 0.94116 -0.337962 9.60656e-09 0.986531 -0.163574 -9.88864e-10 0.99987 0.0161404 -1.18666e-08 0.980742 0.195307 -2.14726e-08 0.929771 0.368139 -1.60031e-06 0.848609 0.529021 -1.44435e-06 0.739887 0.672731 -2.2603e-08 0.607113 0.794616 1.73699e-05 0.45469 0.89065 -0.00953045 0.998345 0.0567118 -0.284641 0.95698 0.0562949 -0.895252 -0.416859 0.157327 -0.959472 -0.154044 0.235974 -0.832918 -0.167617 0.527401 -0.566738 0.823398 0.0287047 -0.985222 0.0898596 -0.145818 -1 4.5292e-06 -4.77667e-06 -1 0 0 -0.68638 0.727227 -0.00484153 -1 0 0 -0.231 -0.881483 -0.411857 -0.373652 -0.927448 0.0149713 -0.946845 0.121899 -0.2977 -0.500338 -0.547609 -0.670661 -0.774059 -0.620921 0.123653 -0.924608 -0.354169 0.140232 -1 0 0 -1 0 0 -1 -2.47544e-06 2.25081e-06 -0.99177 0.0839062 -0.0967046 -0.956019 0.0364541 0.291031 -0.355897 0.90464 -0.234442 -0.971598 -0.135329 -0.19412 -1 0 0 -0.988865 -0.111708 0.0983238 -0.25276 -0.529541 0.809752 -1 0 0 -0.981279 0.0102365 0.192321 -0.890639 0.182935 0.416289 -0.751444 0.446193 -0.486048 0.0217476 0.774638 -0.632031 0.0184532 0.789634 -0.6133 -0.996768 0.0772447 -0.0220652 -0.0473861 0.990184 -0.131493 -0.993775 0.110995 -0.00958893 -0.0871885 0.995413 0.0393724 -0.0201432 0.556229 0.830785 -0.985263 0.116959 0.12481 -0.854839 0.315036 0.412313 -0.974613 0.217168 -0.0544694 -0.579213 0.445603 0.682606 -0.980906 0.194392 0.00589575 -0.793023 -0.187641 -0.579574 -0.979809 0.147931 0.134504 -0.994673 0.0874761 0.0545362 -1 0 0 -0.916406 -0.400198 -0.00646019 -0.880142 -0.15105 0.450037 -0.917604 -0.343916 0.199312 -0.548288 0.0657407 0.833702 -1 0 0 -1 0 0 0.193764 0.910989 0.364081 0.0599252 -0.676472 -0.734026 -0.981779 -0.0738519 0.17509 -0.826263 0.540278 0.159339 -0.762819 -0.57327 0.299114 -0.233667 0.836767 -0.495197 -0.44386 0.0331839 0.895482 -0.688052 0.413995 0.59598 -0.961196 0.275242 0.0185218 -0.950251 -0.280323 -0.135799 -0.713298 -0.67535 -0.187374 -0.524574 0.850961 -0.0262394 -0.298886 0.952773 -0.0537584 0.287482 -0.397941 0.871204 -0.945161 0.244983 -0.215994 0.994496 0.0172441 0.103343 0.998851 -0.0479244 -0.000905638 0.9982 -0.0599723 0 0.997947 0.00339227 -0.0639505 -0.149839 0.104427 -0.98318 -0.466854 0.88162 -0.0692366 -0.986508 -0.100901 0.128922 -0.999785 -0.0207569 0.000284179 -0.650703 -0.000326646 -0.759332 -0.7472 6.72773e-08 0.6646 0.356469 0.381737 -0.852764 0.572671 -0.198937 0.795281 0.341762 -0.746934 0.57034 0.711482 0.550726 -0.436456 0.727037 0.683377 0.0664277 0.723203 0.378975 0.577369 0.243042 -0.17484 0.954129 -0.110278 -0.817967 -0.564596 0.829998 -0.256522 -0.495277 0.207727 -0.978187 -0.00053196 0.99969 0.0157106 -0.0193093 0.999996 -0.000952571 -0.00262453 0.999983 -0.00583732 0.000700226 0.999996 0.00210294 -0.00180728 0.99999 -0.00394753 0.00203612 1 0.000365011 9.19522e-05 1 -0.000225754 -0.000371268 0.999997 0.00237966 0.000955607 0.999996 0.00222171 0.0016542 0.999984 -0.00572958 0.000205433 1 9.84364e-05 -0.000565084 0.99988 0.0145235 -0.00545344 0.999919 0.012653 0.00155521 1 0.000399581 -0.00027808 0.999856 -0.00517454 -0.0161687 0.99972 0.0235588 0.00221671 0.999917 0.0128942 -0.000851098 0.999878 0.00922653 0.0125971 0.999915 0.00384539 0.0124238 0.999869 0.0134665 0.00900773 0.999564 0.0274726 0.0108243 0.999473 0.0324484 -0.00057925 0.999988 -0.00208108 0.00434278 0.999988 0.00345973 0.00336874 0.999918 -0.0121185 -0.00405311 0.999922 -0.0115716 -0.00474211 0.999938 -0.0093241 0.00603197 0.999996 0.00244811 -0.00170651 1 -0.000145268 0.000224374 0.999986 -0.00250043 -0.00474475 0.999385 0.0258948 -0.023633 0.999719 0.00637251 -0.0228447 0.99963 0.0269897 0.00328369 0.999375 0.0229437 -0.026898 0.999907 0.00443697 0.0128902 0.999875 0.0150865 -0.00478973 0.337798 -0.941212 0.00346512 0.125765 -0.0655121 0.989895 0.172233 -0.0221474 -0.984807 0.0485054 0.632531 0.773015 -0.0340035 0.366593 0.92976 -0.933695 0.064279 -0.352251 0.225005 -0.727611 -0.648039 -0.452364 0.692655 0.561778 -0.437958 0.502045 -0.74575 -0.448186 -0.161126 -0.8793 -0.165245 -0.780909 -0.602391 0.00638867 -0.925435 0.378853 -0.523795 0.783223 0.334964 -0.798989 0.433409 0.416861 -0.734215 0.678796 0.0128212 -0.265987 -0.963975 -0.00180151 -0.288186 -0.957574 -0.000132183 -0.999999 0.00151107 0.000412097 -1 -0.000819489 -0.000253531 -1 0.000256496 0.000536961 -0.999999 -0.00102225 -0.000302784 -0.999952 -0.00457492 -0.0086474 -0.999025 -0.00214951 0.0440849 -0.998567 0.0527005 -0.00928542 -0.999989 0.00262868 0.00383589 -0.999977 -0.000263517 -0.00673213 -0.999975 -0.0011085 -0.00702066 -0.999953 0.00670285 -0.00698296 -1 -0.000870154 0.000129264 -0.999984 0.00150496 0.00551089 -1 -0.000233808 -0.000180476 -0.998854 0.0189373 0.0439607 -0.373253 -0.927442 0.0231095 -0.242588 -0.970109 0.00635866 -0.207641 -0.0631871 -0.976162 -0.199097 0.00980657 0.979931 -0.999966 -0.00107683 0.00817825 -0.999966 -0.0027487 0.00772762 -0.999971 -0.00291267 0.00703191 -0.999981 -0.00373177 0.0048631 -0.999983 -0.00459207 0.00352334 -0.99998 -0.00578698 0.00239725 1 -0.000598725 -0.00024802 1 -0.000247944 -0.000598594 1 -2.88569e-05 -0.000219112 -0.999801 -0.00768469 -0.0184028 -0.999968 -0.00787809 0.00109468 1 -8.58699e-05 4.80677e-05 -0.999981 0.000800041 -0.0060886 -0.999986 0.00200336 -0.00483656 -0.999988 0.00296597 -0.00386556 -0.999993 0.00301926 -0.00231659 -0.999994 0.00325417 -0.00134803 -0.999993 0.00371027 -0.000488421 -1 0.000924987 0.000121772 -1 0.000801916 0.000332192 -1 0.000736274 0.000564921 -0.999999 0.000713409 0.000929692 -0.999998 0.000773571 0.00186758 -0.999955 0.00124227 0.00943502 -0.999987 0.00299511 -0.00420727 -0.999995 0.00263874 -0.00176 -0.999951 0.00170089 0.00979184 -6.39583e-08 0.793377 0.608731 -3.92719e-08 0.991446 -0.130519 -3.65896e-07 0.991438 -0.130576 -1.83733e-07 0.382681 0.923881 -2.46872e-08 -0.382682 0.92388 -3.77862e-07 0.991439 0.130569 -3.63972e-07 0.92389 0.382659 -2.61421e-07 0.608738 0.793371 -9.35377e-08 0.130576 0.991438 -1.80918e-08 -0.130572 0.991439 8.41968e-09 -0.793347 0.608769 3.24369e-07 -0.923869 0.382709 -8.42228e-09 -0.608738 0.793371 3.92693e-08 -0.991439 0.130569 3.67759e-07 -0.991446 -0.130521 5.96007e-08 -0.923868 -0.382711 5.49173e-08 -0.382682 -0.92388 3.21304e-07 -0.793347 -0.608769 6.39588e-08 -0.608778 -0.793341 -1.14645e-07 -0.130571 -0.991439 1.30728e-08 0.130543 -0.991443 -2.53964e-07 0.382654 -0.923892 -1.93077e-07 0.608779 -0.79334 -2.65778e-07 0.793377 -0.608731 -2.46853e-08 0.923868 -0.382711 6.73271e-08 -0.130539 -0.991443 -1.68913e-07 0.130575 -0.991438 -1.04128e-07 0.382678 -0.923882 -1.89056e-07 0.608779 -0.79334 -8.41991e-09 0.79335 -0.608766 -3.29061e-07 0.923889 -0.382661 -5.11769e-08 0.991447 0.130512 -5.96006e-08 0.923869 0.382709 -3.21305e-07 0.79335 0.608766 -2.6142e-07 0.608738 0.793371 -1.83733e-07 0.382681 0.923881 -7.23589e-08 0.130572 0.991439 -3.92694e-08 -0.130568 0.991439 -2.46875e-08 -0.382682 0.92388 -8.42217e-09 -0.608738 0.793371 2.65777e-07 -0.793375 0.608733 2.46886e-08 -0.923889 0.38266 3.55852e-07 -0.991446 0.130514 5.11816e-08 -0.991438 -0.130576 3.59289e-07 -0.923888 -0.382662 6.39583e-08 -0.793375 -0.608733 5.99378e-08 -0.608778 -0.79334 -9.49288e-08 -0.382657 -0.92389 -0.999998 -0.000290338 0.00220455 -0.999992 -0.00254711 0.00300073 1 -0.000286986 0.000692852 0.999998 -0.00133829 0.0017442 0.999998 -0.00217976 0.000286939 -0.999995 -0.00300537 -0.000395642 -0.999999 -0.00124644 -0.000516257 -1 -0.000774343 -0.000594182 -1 -0.000524602 -0.000683647 -1 -0.000335762 -0.000810605 -0.999999 -0.000135443 -0.00102866 -1 -0.000148987 -0.00100824 0.999994 -0.00351543 0.000644805 -1 0.000118563 -0.000900485 -1 0.000359768 -0.000868563 -0.999947 0.0062938 -0.00820188 -0.99996 0.00709062 -0.00544043 -0.99996 0.00822303 -0.00340638 -0.999973 0.00728715 -0.000959321 -0.999981 0.00617314 0.000812622 -0.999981 0.00564387 0.00233795 -0.999976 0.00546747 0.00419503 -0.999995 0.00194995 0.00254137 -0.999997 0.000917549 0.00221517 -0.999998 0.000281405 0.00213679 -0.999974 0.00710499 -0.00152485 -0.999957 0.0088301 -0.00273829 -0.999977 0.00545618 0.00405785 -3.63972e-07 0.923889 0.382661 -6.39588e-08 0.608777 0.793341 -3.59289e-07 0.923888 0.382662 -5.11816e-08 0.991438 0.130576 -1.30737e-08 -0.130539 0.991443 -5.49173e-08 0.382682 0.92388 -4.61551e-08 0.130539 0.991443 3.24369e-07 -0.923868 0.382711 -4.39797e-09 -0.608778 0.79334 4.6154e-08 -0.991447 -0.130512 -2.00046e-08 -0.382681 0.923881 8.41968e-09 -0.793347 0.608769 3.92719e-08 -0.991446 0.130518 3.21313e-07 -0.793375 -0.608733 5.95993e-08 -0.923889 -0.38266 6.39584e-08 -0.608738 -0.793371 5.95999e-08 -0.382682 -0.92388 1.80917e-08 0.130572 -0.991439 5.11814e-08 -0.130572 -0.991439 8.41994e-09 0.608766 -0.79335 -2.65766e-07 0.79335 -0.608766 -3.65902e-07 0.991447 -0.130512 2.46873e-08 0.382681 -0.923881 -3.2438e-07 0.92389 -0.382659 3.92693e-08 0.130568 -0.991439 7.2358e-08 -0.130568 -0.991439 2.46873e-08 0.382681 -0.923881 -1.8904e-07 0.608738 -0.793371 -2.65767e-07 0.79335 -0.608766 -3.29062e-07 0.923889 -0.38266 -3.92693e-08 0.991439 -0.130569 -3.77809e-07 0.991446 0.130519 -3.21155e-07 0.79335 0.608766 -6.39583e-08 0.793377 0.608731 -5.99378e-08 0.608778 0.793341 -5.49173e-08 0.382682 0.92388 -6.7328e-08 0.130543 0.991443 -3.42456e-08 -0.130543 0.991443 -2.00046e-08 -0.382681 0.923881 -8.41891e-09 -0.608779 0.79334 2.65777e-07 -0.793375 0.608733 2.46885e-08 -0.923888 0.382662 3.42468e-08 -0.991446 0.130519 5.1179e-08 -0.991447 -0.130511 3.59284e-07 -0.923869 -0.382709 6.39587e-08 -0.793347 -0.608769 6.39584e-08 -0.608738 -0.793371 5.95999e-08 -0.382682 -0.92388 4.31168e-08 -1.0123e-07 -1 4.31168e-08 -1.0123e-07 -1 0.000449572 0.9992 -0.0399964 0.000939344 0.999388 -0.0349648 -0.00398222 0.998704 0.0507339 -0.0100013 0.997108 0.0753345 -5.74812e-08 1 -0.000189762 0.0148769 0.998184 0.0583671 -0.00388106 0.999992 0.000336509 -0.00403012 0.999992 0 0.00689431 0.999636 -0.0261037 -5.74677e-08 1 -0.000453799 -0.000487294 0.999988 -0.00478785 -0.00707911 0.999786 -0.0194532 -0.0163634 0.997662 -0.0663466 0.00606247 0.999972 0.00441053 0.00413652 0.999991 0 0.00241072 0.999989 0.004053 0.0266905 0.996495 -0.0792787 -0.00502177 -0.999925 0.0111453 0.000126568 -0.999383 0.0351206 0.0196745 -0.98747 -0.156577 0.982259 -0.0135078 -0.187043 0.530117 -0.254135 0.808944 0.381937 -0.00543999 0.924172 -0.644049 -0.0482947 0.763458 -0.612809 -0.346319 -0.710302 0.296941 -0.537271 -0.789409 -0.622298 -0.772411 0.126989 -0.0306378 -0.98293 0.18141 0.655823 -0.245033 0.714041 -0.364898 -0.0153091 0.930921 -0.657249 0.344106 -0.670533 0.041988 -0.349504 -0.935994 -0.793952 -0.497926 0.34887 0.57941 0.0954046 -0.809433 7.31356e-06 1.0123e-07 1 -4.31198e-08 5.19336e-05 1 0.969369 -0.0346799 -0.243147 -0.986417 0.0800639 0.143424 0.946021 -0.243136 -0.21431 0.93278 0.33608 0.130273 0.490099 -0.869678 0.0588412 0.417353 -0.884819 -0.20715 0.618242 0.757378 0.210133 0.895913 0.24283 0.371985 0.912941 0.123606 0.388923 0.955825 -0.159277 -0.247042 -0.172723 0.739152 -0.651016 0.759159 -0.447869 -0.472326 1 0 0 0.829524 -0.553819 -0.0719278 1 0 0 0.982775 0.122003 -0.138812 0.981511 -0.168346 -0.091079 0.667026 0.692712 0.274276 1 0 0 1 0 0 1 0 0 0.358929 0.256152 0.897528 0.972229 0.0339081 0.231562 0.979071 -0.192739 0.065356 0.97436 0.2085 0.084557 1 0 0 1 0 0 0.725808 -0.0983086 0.680836 0.982364 -0.104722 0.1549 0.936878 -0.266169 0.226746 0.874065 -0.420324 0.243593 0.87598 -0.453969 0.163007 0.652708 0.747405 -0.123928 0.74709 -0.449527 -0.489675 -0.0318829 -0.77422 -0.632114 0.863512 0.372961 0.339481 0.942555 -0.333727 -0.0147057 -0.0123336 -0.999924 0.000411254 -0.00679666 -0.999882 -0.0137656 0.653864 0.751999 0.0834202 -0.00693282 -0.897372 0.44122 0.966036 -0.258027 0.0139864 0.955201 -0.122589 0.269377 1 0 0 1 0 0 1 0 0 0.984306 -0.161137 -0.071953 0.942603 -0.124519 0.30983 0.933195 -0.137993 0.331821 1 0 0 1 0 0 0.995548 0.0320464 -0.0886454 0.944499 -0.309187 -0.11102 0.283121 0.398749 0.872262 0.195015 0.0572681 0.979127 0.617833 0.757688 -0.210219 0.98166 0.182384 -0.0554976 -0.0282898 0.619635 -0.78438 0.718347 -0.464162 0.518201 0.945371 -0.241197 0.21931 0.851238 -0.279748 0.443999 0.908731 -0.313633 0.275396 0.977437 -0.179247 0.111746 0.955506 -0.283385 0.0818628 0.883156 -0.460047 0.0916132 0.888591 -0.452523 -0.0750333 0.895614 0.384872 0.223046 -0.866429 -0.47791 -0.144579 0.559206 0.631082 0.53761 1 0 0 0.954808 0.267489 -0.129581 0.87546 0.482358 0.0300037 0.972933 -0.230943 -0.0082135 0.0983295 -0.995032 0.0155864 -0.260377 0.937567 0.230591 0.000926992 -0.749865 -0.66159 0.288176 -0.95755 -0.00728108 -7.7011e-07 0.707126 -0.707087 -1.0167e-08 0.707149 -0.707064 7.05693e-05 -0.0997632 0.995011 0.218263 -0.975736 0.0173131 1.03738e-05 0.707102 0.707111 -7.66827e-08 0.706788 0.707426 -1.24545e-08 -0.454689 0.89065 -8.2098e-09 -0.607131 0.794601 2.94018e-09 -0.739879 0.67274 1.39947e-08 -0.848601 0.529034 1.92214e-08 -0.929771 0.368139 3.15463e-08 -0.980745 0.195291 4.28444e-08 -0.99987 0.016142 5.27541e-08 -0.98653 -0.163578 6.09488e-08 -0.941166 -0.337946 5.27541e-08 -0.98653 -0.163578 -2.03425e-08 -0.454689 0.89065 -9.04142e-09 -0.607131 0.794602 4.52059e-09 -0.739879 0.67274 6.78089e-09 -0.848601 0.529034 1.92122e-08 -0.929771 0.368139 3.16443e-08 -0.980745 0.195291 4.28035e-08 -0.99987 0.016142 6.10257e-08 -0.941166 -0.337946 6.71674e-08 -0.865206 -0.501417 6.71674e-08 -0.865206 -0.501417 7.00683e-08 -0.76123 -0.648482 7.12012e-08 -0.76123 -0.648482 7.29256e-08 -0.632466 -0.774588 -3.50892e-05 -0.633017 -0.774138 6.18934e-05 -0.483136 -0.875545 7.39357e-08 -0.318219 -0.948017 -4.94559e-05 -0.145489 -0.98936 -0.000194465 0.0330971 -0.999452 0.000161897 0.215771 -0.976444 3.11983e-08 0.387544 -0.921851 1.6682e-08 0.549678 -0.835377 -2.54029e-06 0.688033 -0.725679 -1.26534e-08 0.807108 -0.590404 -2.70922e-08 0.89996 -0.435973 -4.06542e-08 0.9636 -0.267349 -5.28882e-08 0.995928 -0.0901549 -0.00115868 0.995556 -0.0941642 7.82772e-08 -0.484205 -0.874955 0.000384255 -0.31084 -0.950462 0.000120093 -0.141786 -0.989897 7.70956e-05 0.0385879 -0.999255 4.36757e-08 0.212677 -0.977123 3.05143e-08 0.387543 -0.921851 -0.000186377 0.546633 -0.837372 2.26029e-09 0.68807 -0.725644 -1.13014e-08 0.807108 -0.590404 -2.7123e-08 0.89996 -0.435973 0.000173732 0.995661 -0.0930582 -4.06542e-08 0.9636 -0.267349 -0.0201004 -0.998429 0.0522996 0.0016103 -0.978665 0.205455 -0.0194439 -0.933933 0.356919 0.00341812 -0.632266 0.774744 -0.00350078 -0.87244 0.48871 0.000396758 -0.293639 0.955916 -2.51129e-08 -0.28811 0.957597 0.0075795 -0.982935 0.183799 5.87132e-08 -0.287109 -0.957898 0.000244068 -0.588155 -0.808748 -0.000443729 -0.293642 -0.955915 0.00772751 -0.691808 -0.72204 0.789979 0.294015 -0.538041 -0.00238695 -0.923224 -0.384256 0.0237922 -0.992644 -0.118706 0.0180358 -0.969859 -0.242998 8.4541e-07 0.995928 0.0901571 -6.32877e-08 0.995929 0.090143 -0.000852491 0.99557 0.0940189 -7.18752e-08 0.9636 0.267349 -7.23312e-08 0.9636 0.267349 -7.80053e-08 0.89996 0.435973 2.37399e-05 0.807108 0.590404 -8.25446e-08 0.68729 0.726384 -0.000131082 0.54885 0.835921 -7.64557e-08 0.387543 0.921851 -6.96136e-08 0.215771 0.976444 -6.05123e-08 0.0370303 0.999314 -4.94472e-08 -0.142897 0.989738 -3.6774e-08 -0.318219 0.948017 -2.28479e-08 -0.483853 0.875149 3.85073e-05 -0.633051 0.77411 -4.52872e-09 -0.76123 0.648482 8.61182e-09 -0.865206 0.501417 2.14834e-08 -0.941166 0.337946 3.36069e-08 -0.986418 0.164255 -0.000353224 -0.99996 -0.00899506 0.00022739 -0.980745 -0.195291 6.22127e-08 -0.929771 -0.368139 6.80528e-08 -0.848601 -0.529034 6.18622e-08 -0.739879 -0.67274 6.13855e-08 -0.607131 -0.794601 5.89162e-08 -0.454705 -0.890642 0.00024586 0.897779 0.440446 -8.11878e-08 0.807398 0.590007 -5.33842e-05 0.68807 0.725644 -8.13741e-08 0.546633 0.837372 -7.57207e-08 0.387543 0.921851 -7.00672e-08 0.215771 0.976444 -6.04647e-08 0.0370303 0.999314 -4.97274e-08 -0.142897 0.989738 -3.72939e-08 -0.318219 0.948017 -4.05166e-05 -0.483152 0.875537 -1.58217e-08 -0.632448 0.774603 -4.52053e-09 -0.76123 0.648482 6.78112e-09 -0.865206 0.501417 2.1472e-08 -0.941166 0.337946 3.21279e-05 -0.98653 0.163578 0.000110518 -0.999831 -0.0183764 5.35615e-08 -0.981613 -0.190881 6.21572e-08 -0.929771 -0.368139 5.87677e-08 -0.848601 -0.529033 6.1028e-08 -0.739879 -0.67274 6.10296e-08 -0.607131 -0.794602 6.55475e-08 -0.454705 -0.890642 -0.107083 0.994113 -0.0165366 -0.500304 -0.865528 -0.0236013 -0.232615 -0.971766 -0.0395254 -0.994876 -0.0972566 -0.027606 -0.708954 -0.659827 0.249025 -0.518744 -0.331322 0.788118 -0.496238 -0.70072 0.51258 0.170409 0.940002 -0.295564 -0.490779 -0.277259 -0.825992 -0.941765 -0.212678 -0.260473 -1 0 0 -1 0 0 -0.953106 -0.116852 0.279167 -0.972817 -0.173248 0.153663 -0.94808 -0.31375 -0.0520232 -1 0 0 -1 0 0 -1 0 0 -1 0 0 -0.993608 -0.0789731 0.0806569 -0.917114 0.237925 -0.319833 -0.451838 0.891073 -0.0427813 -1 0 0 -0.879581 0.251633 -0.403756 -0.870139 -0.106333 0.481198 -0.915565 0.276981 -0.291584 -0.911533 -0.355796 -0.206196 -0.898238 -0.41365 -0.14853 -0.90857 0.344368 0.236458 -1 0 0 -0.393665 -0.881709 0.260034 -0.86869 -0.300749 0.393609 0.0009765 -0.660196 0.751093 0.0271226 -0.774411 0.632101 -0.997131 -0.0733596 0.0186528 -0.0356251 -0.990814 0.130452 -0.992383 -0.123193 0.000239298 -0.0894594 -0.995989 0.00145676 -0.0270412 -0.51946 -0.854067 -0.309779 0.47965 0.820959 -1 0 0 -1 0 0 -0.748795 -0.230557 -0.62141 -0.6114 -0.306672 -0.729481 -0.601604 -0.644714 -0.471611 -0.980343 0.177564 0.0860185 -0.592964 0.193826 0.781553 -1 0 0 -0.695404 -0.676339 0.242854 -0.946276 -0.279774 0.162139 -1 0 0 -1 0 0 -1 0 0 0.0138118 0.994454 0.104258 -0.764523 0.391361 0.512193 -0.972028 -0.209691 -0.105787 0.998947 -0.0445325 -0.0110747 -0.602273 -0.305029 -0.737716 -0.952121 -0.279023 -0.124946 -0.741598 -0.657928 -0.13101 -0.978042 0.208021 -0.0126551 0.823687 -0.524885 0.214561 -0.530491 0.645287 -0.549712 -0.359964 0.360318 -0.860579 0.441597 0.0476907 -0.895945 -0.749625 -0.551507 -0.365926 -0.883686 0.451042 0.125141 0.0178547 -0.972013 -0.234249 -0.999339 -0.0358561 0.00593541 -0.770332 -0.632082 0.0840272 -0.999696 0.0242472 0.00443756 0.319517 0.477975 0.818198 -0.976887 0.196091 -0.085092 -0.877267 -0.0364577 0.478617 0.998959 0.0157404 -0.0428229 0.999037 0.0438662 0.00101065 0.998363 0.0571902 0 0.998113 -0.00184309 0.0613703 0.997756 6.77845e-09 0.0669611 -0.984159 0.121633 -0.128985 -0.999098 0.042439 -0.0011409 -0.998338 0.0576244 0 -0.998304 -5.7001e-09 -0.0582149 -0.999596 0.00351259 -0.0281955 -0.69276 -7.30036e-08 -0.721168 0.435977 -0.0262283 -0.899576 0.717494 -0.368152 -0.591325 0.744106 0.225523 -0.628845 0.136295 0.98092 0.138634 0.939676 0.283456 0.191473 0.892178 -0.451675 0.00293509 0.458027 -0.280675 -0.843465 0.23555 0.971806 0.0104767 0.99827 0.00203973 0.0587675 0.994154 0.0187655 -0.106333 0.532771 -0.526304 0.662691 -0.647079 -0.75794 -0.082554 0.221269 0.974833 0.0271973 0.274103 0.0463515 0.960583 -3.80229e-05 -0.744483 -0.667641 -9.89328e-05 -0.557445 -0.830214 7.84462e-05 -0.563402 -0.826183 0.000453938 -0.891142 -0.453725 -0.00231172 -0.92197 -0.387255 -0.00109359 -0.993498 -0.113843 0.00121612 -0.970945 -0.239298 0.00691484 -0.932621 -0.360791 -0.00164262 -0.970945 -0.239298 -0.00109375 -0.993497 0.11385 0.00123043 -0.999999 0 -0.00197873 -0.999998 0 -0.00123988 -0.926911 0.375279 0.000723295 -0.977097 0.212794 0.00604285 -0.992232 0.124253 0.00156982 -0.710543 0.703652 0.000349628 0.0902293 0.995921 -0.000459934 0.897946 0.440105 -0.00225129 0.655062 0.755572 -3.65291e-06 -0.124632 0.992203 0.0220716 0.662097 0.749093 3.05388e-05 -0.124632 0.992203 6.88368e-06 -0.125408 0.992105 -0.00365793 -0.125407 0.992099 0.00137838 0.0978615 0.995199 0.00525551 0.128205 0.991734 0.00577475 0.573731 0.819024 0.0100668 0.905354 0.424539 0.00860116 0.980302 -0.197319 0.00743297 0.751921 -0.659211 0.00778583 0.362529 -0.93194 0.00431146 -0.0730838 -0.997316 -0.00157847 -0.339372 -0.940651 0.00118331 -0.125245 -0.992125 9.58186e-06 -0.125245 -0.992126 0.000205761 -0.13168 -0.991292 -4.90895e-06 -0.13168 -0.991292 4.20712e-08 -0.132621 -0.991167 0.0246768 -0.125217 -0.991822 0.0365132 0.206011 -0.977868 -0.0831481 0.393292 -0.915646 -0.0523545 0.946266 -0.319123 -0.0587315 0.941952 0.330572 -0.0702211 0.38843 0.918799 -0.0438192 -0.45353 0.890163 0.0244378 -0.12537 0.991809 -0.000217888 -0.125408 0.992105 9.97401e-05 -0.118247 0.992984 5.90885e-09 -0.118247 0.992984 0 -0.118248 0.992984 -1.12947e-06 -0.118282 0.99298 0.00188096 -0.33906 0.940763 0.00512743 -0.362855 0.931831 -0.00594294 -0.716546 0.697514 -0.00213682 -0.980913 0.194438 -0.0021625 -0.993496 -0.113843 -0.00462904 -0.926769 -0.375602 -0.00508496 -0.689324 -0.724435 0.00407834 -0.397787 -0.917469 0.00229068 -0.752798 0.658248 0.00426264 -0.971445 0.237226 0.0067774 -0.971469 -0.23707 0.00579334 -0.75282 -0.658201 -0.0333166 -0.403304 -0.914459 -0.102283 -0.485171 -0.868417 0.0979836 -0.888144 -0.448999 0.065328 -0.958751 0.276639 -0.0568472 -0.466613 0.882633 -0.122049 -0.992162 0.0267976 2.30519e-05 -0.327321 0.944913 0.00116 -0.366115 0.930569 -0.00121723 -0.553981 0.832528 0.000401514 -0.73992 0.672695 0.000986716 -0.889814 0.456323 0.000253828 -0.33196 -0.943293 -4.67878e-06 -0.323034 -0.946387 1.00777e-05 -0.132621 -0.991167 6.74217e-06 0.093095 -0.995657 0.000239639 0.100102 -0.994977 0.000289915 0.887354 0.461088 0.000949404 0.744091 0.668078 0.000760526 0.570934 0.820996 0.000656038 0.329786 0.944056 -0.000160351 0.357095 0.934068 0 0.13911 0.990277 -0.0416669 0.222437 0.974056 0.0268339 0.634907 0.772122 0.0364036 0.232065 0.972019 0.0653397 0.801781 0.594035 0.0265312 0.994116 0.105021 0.097083 0.832087 -0.546082 -0.000224764 -0.125255 -0.992125 0.00102539 0.355538 -0.934661 -0.00185917 0.471295 -0.881974 0.000903888 0.570143 -0.821545 0.000554196 0.761247 -0.648462 0.00011556 0.888903 -0.458096 0.00286409 0.89863 -0.438698 -0.000774292 0.900576 -0.434698 -0.00038562 0.980659 -0.195721 -0.00538371 0.0974949 -0.995221 -0.00724398 0.495562 -0.868542 -0.00691332 0.833857 -0.551937 -0.00343904 0.993154 -0.116765 -0.00378544 0.952343 0.305007 -0.00466397 0.812475 0.582977 -0.00528234 0.495331 0.868689 -3.6784e-06 0.077525 0.99699 0.000179549 -0.749733 -0.66174 -1.60239e-05 0.746948 -0.664882 -0.000879434 0.901631 -0.432506 0.00043584 -0.749657 -0.661827 -0.00235505 -0.689494 -0.724287 0.00113802 -0.574645 -0.818402 0.0229699 -0.665711 -0.745856 0.00105891 -0.904899 -0.425626 0.000584056 -0.973968 -0.226686 -0.00196181 -0.987728 -0.15617 -0.0010936 -0.993498 0.113843 0.00123043 -0.999999 0 0.00715119 -0.992391 -0.122921 -0.00126989 -0.999999 0 0.00226523 -0.955387 0.295347 -0.00183235 -0.977998 0.208607 0.00213682 -0.937399 0.34825 -3.20063e-05 -0.755457 0.655198 -2.57914e-05 -0.56552 0.824734 -1.37467e-05 -0.33856 0.940945 0.000255757 0.0929431 0.995671 -1.95394e-05 0.746773 0.665079 -0.0299955 0.998713 0.0408917 0.00144473 0.896741 0.442554 0.00422908 -0.999902 0.013325 0.000298775 -0.115709 0.993283 8.30675e-06 -0.125245 0.992126 0.00118735 -0.125245 0.992125 0.00430357 -0.0732788 0.997302 -0.00536824 0.0972915 0.995241 0.00779444 0.362699 0.931874 0.00737282 0.751984 0.65914 0.00697822 0.971327 0.237646 0.0124861 0.971305 -0.23751 0.00743968 0.751941 -0.659188 0.00777583 0.362685 -0.931879 0.00431473 -0.0731573 -0.997311 -0.00157861 -0.339388 -0.940645 0.00118126 -0.125408 -0.992105 1.1984e-05 -0.125408 -0.992105 9.06502e-05 -0.127988 -0.991776 -6.15277e-06 -0.127989 -0.991776 7.89348e-08 -0.132786 -0.991145 0.0143454 -0.125405 -0.992002 0.0895661 0.21349 -0.972831 -0.12262 0.642247 -0.756626 -0.0310031 0.999003 -0.03211 -0.0371166 0.844527 0.534225 -0.0446473 0.220749 0.974308 -0.00938783 -0.376972 0.926177 0.0125168 -0.125325 0.992037 -0.000268804 -0.125333 0.992115 0.00025348 -0.132673 0.99116 9.64237e-06 0.101 0.994886 -0.00157373 -0.339371 0.940651 0.00407532 -0.397708 0.917503 -0.00508858 -0.689316 0.724443 -0.0046331 -0.926765 0.375614 -0.00217451 -0.993496 0.113843 -0.00213557 -0.980918 -0.194412 -0.00594306 -0.716638 -0.69742 0.00413244 -0.398169 -0.917303 0.00578417 -0.752786 0.65824 0.00676883 -0.97144 0.237187 0.00425149 -0.971474 -0.237108 0.00229506 -0.75292 -0.658108 -0.124587 -0.46953 -0.874082 -0.0276107 -0.393313 -0.91899 0.0360257 -0.971601 -0.233868 0.0546414 -0.893922 0.44488 -0.05141 -0.439204 0.896915 -0.0124846 -0.954 -0.299546 -0.0321142 -0.947061 0.319443 0.000218688 -0.331019 0.943624 0.000248452 -0.556784 0.830658 0.000889584 -0.735396 0.677637 -0.000582378 -0.874127 0.485696 -0.000200729 -0.339208 -0.940711 -5.84247e-06 -0.332905 -0.94296 7.22963e-05 -0.132786 -0.991145 -3.04815e-05 0.0880357 -0.996117 -1.1812e-05 0.35827 -0.933618 0.000258099 0.0980996 -0.995177 -0.00539017 0.0975636 -0.995215 -0.007267 0.49567 -0.868481 -0.0110011 0.854797 -0.518846 -0.0109565 0.997021 0.0763464 -0.00692443 0.833781 0.552052 -0.00727466 0.495536 0.868557 -0.064246 -0.994678 0.0805532 -7.47912e-08 0.942764 0.33346 -0.000803374 0.902125 0.431474 0.000554725 0.760986 0.648769 0.000904195 0.569898 0.821715 -0.00208469 0.461684 0.887042 0.000451599 0.364854 0.931065 -0.000492417 -0.132673 0.99116 -0.0366816 0.270087 0.962137 0.109751 0.369109 0.922883 -0.0311127 0.826032 0.562764 -0.00979398 0.165024 0.986241 0.0618736 0.745024 0.664162 0.0195432 0.985821 0.166659 0.0222392 0.985275 -0.169525 0.0132247 0.78612 -0.617932 -0.000224649 -0.125418 -0.992104 0.000660219 0.334743 -0.942309 0.0212794 0.658819 -0.752001 0.000762817 0.5709 -0.821019 -0.00272409 0.667701 -0.744425 0.000322907 0.896091 -0.44387 -1.79351e-08 0.900776 -0.434283 7.22446e-05 -0.889309 -0.457306 -1.55805e-05 -0.115709 0.993283 0.000323618 0.888959 0.457987 0.000254099 0.74167 -0.670765 0.135184 -0.541967 -0.829456 -0.393751 0.203754 0.896351 -0.852856 0.483453 0.197254 -0.267722 -0.548176 0.792356 -0.527155 0.153159 0.835853 -0.0917934 0.78817 0.608574 -0.876707 0.257046 -0.406587 -0.134342 -0.265527 -0.954698 -0.596156 -0.802869 0.000553898 -0.235766 0.971615 0.0194718 -0.999964 -0.000893697 -0.00846914 -0.999947 -0.00574412 -0.00859737 -0.999994 0.00177781 -0.00283382 -0.999995 0.00165271 -0.00283847 -0.999981 0.00601644 -0.00121101 -0.999991 0.00295235 -0.00316113 -0.999993 0.00304303 -0.00225306 -0.999998 -0.00183857 0.00024855 -1 0.000701383 -9.48173e-05 -1 7.94219e-05 0.000614372 -1 -0.000370268 0.000398324 -0.999999 -0.00105174 0.00063781 -0.999792 -0.0180786 0.00949236 -0.99978 -0.0201741 0.00578728 -0.999999 0.00141712 0.000665614 -1 0.000101665 0.000554827 -0.999956 -0.00890939 -0.00281663 -0.999819 -0.0101599 -0.0160682 -0.999795 -0.0150873 -0.0134726 -0.99966 -0.0108623 -0.0236992 -0.999843 -0.0121701 -0.0128532 -0.999923 -0.0123875 -0.000640007 -0.999941 -0.0108071 -0.00109438 -0.999904 -0.00727932 0.0118206 -0.999931 -0.00112409 0.0116872 -0.999886 -0.00650917 0.0136419 -0.999865 -0.0121048 0.0111479 -0.999908 -0.00814403 0.01086 -0.999948 -0.00977832 0.00302999 -0.999985 0.00236771 0.00493446 -0.99998 0.00398117 0.00488162 -0.999987 -0.00423019 0.00290776 -0.999998 0.00172895 -0.000367531 -0.999999 0.000377959 -0.00116964 -0.999916 0.00129553 -0.0128945 -0.999881 -0.000856298 -0.0153954 -1 0.000415369 0.000101625 -1 0.000796955 -0.000417136 -0.999869 0.00566722 -0.0151452 -0.999754 -0.00908437 -0.0202428 -0.999955 0.00830996 -0.0046163 -0.999841 -0.0176872 -0.00236005 -0.99983 -0.0180181 -0.00395144 -0.999999 -0.000624045 -0.000827321 -0.999845 -0.0169511 -0.00477965 -0.999882 -0.00619369 0.0140956 -0.999831 -0.0165828 0.00787825 -0.324366 0.945752 -0.0184466 -0.462622 0.885738 -0.0380742 -0.173445 0.0646199 0.982721 -0.301525 -0.685207 -0.663004 -0.943589 -0.3295 -0.0326977 -0.67481 -0.480978 0.559725 0.0141353 -0.999738 0.0179893 -9.56235e-07 -1 5.41073e-05 6.2348e-08 -1 7.93471e-08 -0.0255639 -0.999661 -0.00500112 -0.00391327 -0.999584 -0.028574 -0.00254174 -0.999926 0.0118605 0.999426 -0.0319667 -0.0111792 0.999974 0.00667495 -0.00290576 0.999977 0.0067272 -0.000971772 0.999987 -0.00457634 0.00217171 0.999999 -6.92268e-05 0.00104793 0.997646 -0.0615762 0.0301683 0.999895 0.00916959 -0.0111832 0.999199 0.0390809 0.00858398 0.640255 -0.768056 -0.0128303 0.98516 -0.170168 -0.0224117 0.997083 -0.0705149 -0.0292063 0.998045 -0.0495889 -0.0380517 0.996729 -0.075768 0.0281295 0.999971 0.00102246 0.00753611 0.999978 -0.0010175 0.00663029 0.999994 -0.00257301 -0.00211541 0.999989 -0.00460701 -0.000606727 0.999991 -0.00402298 -0.00166625 0.999985 -0.00335918 -0.00423835 0.999864 0.00542396 -0.0155704 0.999987 -0.00441772 0.00270801 0.999871 -0.0159271 0.00209754 0.999978 -0.00606501 0.00251203 0.999978 0.00404662 0.00527344 0.999978 0.00253698 0.0061253 0.999971 0.000989469 0.00751316 0.999977 -0.000876767 0.00665718 0.999998 -0.000730268 0.00176318 0.999999 -0.000733504 0.000955877 1 -0.000784051 0.000601631 1 -0.000873731 0.000361887 0.999983 -0.00579611 0.000763366 0.999978 -0.00520409 -0.00399329 0.999984 -0.00348103 -0.00453684 0.999983 -0.00220396 -0.00532087 0.999977 -0.000877397 -0.00666191 -0.999957 0.00120966 -0.00918502 -0.999957 0.00734784 -0.00563831 0.999698 -0.024594 0.000199234 0.999995 -0.00320746 -0.000422222 0.999999 -0.00127109 -0.000526465 0.999885 -0.0150857 0.00130243 0.999991 0.00341168 0.00261793 0.999995 0.000604544 0.00299065 0.999994 -0.000955482 0.00332687 0.999986 -0.00491706 0.00178888 0.99999 -0.00434469 -0.000572212 0.999905 -0.00552516 -0.0126631 0.999899 -0.0131622 -0.00545157 0.99991 -0.01227 -0.00535508 0.999998 -0.00204326 6.27314e-05 0.999948 -0.0100851 0.00132765 0.999983 -0.00532119 0.00220396 0.999994 0.00204867 0.00267003 0.999994 0.00130709 0.00315562 0.999995 0.000408248 0.00309985 0.999995 -0.000424394 0.00322253 0.999992 -0.00148852 0.00359364 0.999995 -0.00197777 0.00257745 0.999993 -0.00287911 0.00220925 0.999985 -0.0050953 0.00211039 0.99999 -0.0045161 0.000594753 0.999902 -0.0111174 -0.00853002 0.999999 -0.000720119 -0.000938438 1 -0.000349333 -0.000843368 1 -0.000109358 -0.000830572 1 0.00011518 -0.000874768 0.999915 -0.00498379 0.012032 0.999981 -0.0037465 0.00488232 0.999987 -0.00405767 0.00311362 0 0 -1 5.64437e-08 4.65674e-07 -1 1.12888e-07 0 -1 -0.953552 0 -0.301228 -0.954349 -0.0025569 -0.298683 -0.264755 0 -0.964316 -0.329419 -0.0532717 -0.94268 -1 0 0 -1 0 0 -1 0 0 -0.270961 0.193656 0.942909 -0.968207 0 0.250149 -0.921886 -0.100472 0.374208 -0.185967 0.70515 -0.684237 0.0249051 0.998969 -0.0379537 0.238317 0.853021 0.464284 0.00275469 0.999303 0.0372284 0.0510437 0.9977 0.0446036 0.0465507 0.997545 -0.0523118 -0.0102972 0.898855 0.438125 0.392649 0.854 -0.341338 0.156618 0.86086 -0.484139 -0.0367982 0.997832 0.0545707 -0.260783 0.945104 0.196905 -0.00147155 0.999774 -0.0212275 -0.00247821 0.999996 -0.00108113 0.00243466 0.99992 0.0124203 -0.0161467 0.999851 0.00604304 -0.000299675 0.999334 0.0364884 0.0336815 0.999393 0.00891229 0.241626 0.894646 0.375801 0.339504 0.895058 -0.28915 -0.015915 0.856678 -0.515606 -0.0611595 0.995322 0.0747935 -0.000606611 -1 0.000570886 0.0107607 -0.999942 3.57652e-05 0.00980274 -0.999952 1.12882e-07 0.113673 -0.465889 -0.877512 0.158178 -0.637598 -0.753955 0.719715 0.133595 -0.681295 0.875999 -0.307312 -0.371734 0.779866 -0.623542 -0.0548216 0.633032 -0.770904 -0.0705587 0.810169 0.530086 0.250269 0.712368 -0.628619 0.312042 0.719713 0.133572 0.681301 0.113688 -0.465864 0.877522 -0.090755 -0.466969 0.879604 -0.719762 0.133292 0.681305 -0.798101 -0.502395 0.332616 -0.969058 -0.222424 0.107029 -0.686445 -0.725341 -0.0516965 -0.685833 0.695095 -0.215581 -0.724702 -0.601826 -0.335577 -0.719766 0.133225 -0.681314 -0.0907646 -0.466992 -0.879591 0.332336 -0.782102 -0.527134 0.724875 -0.601601 -0.335607 0.332327 -0.782118 0.527115 0.158183 -0.637546 0.753998 -0.151223 -0.746761 0.647673 -0.33232 -0.782121 0.527115 -0.712216 -0.628816 0.311992 -0.332333 -0.782115 -0.527116 -0.151218 -0.746677 -0.647771 -0.613875 0.044769 -0.788133 -0.0784419 -0.0872531 -0.993093 -0.907474 -0.0452781 0.417661 -0.644663 0.0848659 0.759741 0.656255 8.2672e-08 0.75454 0.656258 -1.81315e-06 0.754536 -4.43487e-08 7.85769e-08 1 -3.98411e-08 1.09566e-07 1 6.52851e-05 -3.49747e-05 1 3.98429e-08 -1.09566e-07 -1 4.43487e-08 -7.85897e-08 -1 5.23871e-05 -2.81769e-05 -1 1.17532e-08 -0.719575 0.694415 0.00061289 -0.706786 0.707427 -0.707114 -0.707099 0 -0.707114 -0.707099 0 7.33333e-08 -0.718616 -0.695407 0.000567863 -0.706808 -0.707405 0.771705 0.238767 -0.589459 0.733615 0.290017 0.614572 0.63496 0.0849962 -0.767855 -0.959859 0.0140737 -0.280129 -0.160335 0.952983 -0.257131 -0.617284 -0.661627 0.425688 -2.99012e-07 0.148364 -0.988933 -0.988744 0.149435 -0.00738473 0.00221295 0.148421 0.988922 -0.00221286 0.148746 -0.988873 6.44719e-05 -1 0.000324298 0.00236242 -0.999997 -0.000488967 0.00036012 -1 5.98983e-05 -0.00437144 -0.999927 0.01131 0.0050324 0.99927 -0.037865 5.64438e-08 -1 -1.07621e-08 0.00166456 -0.999999 -0.000475915 0.00359294 -0.999994 -0.000188783 0.00668826 -0.999978 -0.000290462 0.00384568 -0.999958 -0.00836101 -0.0152486 -0.995792 -0.0903636 -0.000173753 -0.999997 0.00238719 1.22536e-05 -1 -7.25097e-05 0.0552177 -0.942642 -0.329208 -0.0152809 -0.99967 0.0206368 -0.00673315 -0.999972 0.00314384 0.0157745 -0.995703 0.0912472 -0.00141968 -0.99997 -0.00761892 -0.0177053 -0.992781 0.118628 0.00635373 -0.99998 0.000713815 -0.000175163 -0.999967 0.00807104 -0.00793614 -0.999969 0 0.000195002 -1 1.12888e-07 0.00527703 0.999275 0.0376933 -0.00679633 -0.99986 -0.0152929 5.01685e-08 -1 1.12888e-07 0.0077764 0.99997 0.000514507 0.00329525 -0.999994 -0.00146457 5.64438e-08 -1 -2.50863e-08 -0.000342487 -0.999987 0.00517629 0.000711523 -0.999997 0.00243595 -0.00397335 -0.999989 0.00230193 -0.000964794 -0.999372 0.0354076 -0.0076171 -0.999401 -0.033752 -0.001281 -0.999512 0.0312204 -0.00127228 -0.978833 -0.204656 -1.12888e-07 0 1 -5.64437e-08 -4.65674e-07 1 -0.00117838 -0.00972195 0.999952 0.953209 0.17286 0.248015 0.254012 0 0.967201 0.382574 -0.105396 0.917894 1 0 0 1 0 0 0.999955 -0.00944779 0.00114516 0.301317 0 -0.953524 0.298452 -0.00287819 -0.95442 0.964313 0 -0.264765 0.942636 -0.0533296 -0.329536 -0.37038 -0.656821 0.656814 -0.664606 -0.664531 0.34161 -0.707147 -0.707067 7.98191e-08 -0.707147 -0.707067 7.98191e-08 -0.657394 -0.657319 -0.368463 -0.354628 -0.661153 -0.661147 7.98236e-08 -0.70711 -0.707104 7.98236e-08 -0.70711 -0.707104 0.368952 -0.657222 -0.657216 0.660995 -0.660939 -0.35531 0.707136 -0.707077 7.98203e-08 0.707136 -0.707077 7.98203e-08 0.65571 -0.655655 0.374382 0.358389 -0.660138 0.660132 3.71668e-13 -0.70711 0.707104 3.71668e-13 -0.70711 0.707104 -0.912565 -0.0163518 0.408604 -0.739024 -0.131075 0.660805 -0.578748 0.0838827 -0.811181 0.659371 -0.146257 -0.737454 0.354868 -1.02435e-07 -0.934916 -0.992826 0.0207603 -0.117755 0.998934 0.0375601 0.0268431 -0.843612 -0.249503 -0.475465 -0.207758 -0.97817 0.00451056 -0.364791 -0.93104 -0.00954471 -0.0161293 -0.989096 0.146388 -0.0657823 -0.997394 0.0296443 -0.102922 -0.994672 0.00587341 -0.685853 -0.0172632 0.727535 -0.0901499 -0.945403 0.313188 2.14764e-07 -0.299029 0.954244 -0.000984963 -0.875682 0.482887 -0.000484358 -0.262833 0.964841 0.0672536 -0.996349 0.0525922 0.0388752 -0.996011 0.0803108 0.0072116 -0.999054 -0.0428925 0.00174178 -0.679962 0.733245 0.124603 -0.991714 0.0312562 0.0632935 -0.997976 0.00614005 -0.174768 -0.98458 0.00767863 0.939993 -0.341193 0.000774284 0.454237 -0.890878 -0.0022204 0.959481 -0.281773 2.69892e-07 0.265977 -0.955668 -0.126315 0.0137262 -0.995326 -0.0955884 0.0134066 -0.997853 -0.0641008 0.0456803 -0.996955 -0.0631933 0.00159054 -0.920021 -0.391867 -0.000813112 -0.341337 -0.939941 6.44777e-08 -0.280902 -0.959737 -0.0127191 -0.996409 0.0837062 -0.0115354 -0.997316 -0.0723086 -0.00954957 -0.997237 -0.0736688 -0.791912 -0.0941477 -0.603333 -0.870792 0.00837987 -0.491581 -0.337412 -0.941264 -0.0132429 -0.46307 -0.886321 -0.00125885 -0.961675 0.27247 -0.0306789 -0.975694 0.218226 0.0199751 -0.999519 0.0297598 0.0087624 -0.856884 -0.409565 -0.31306 1.14071e-07 -0.999945 -0.0104621 -9.57664e-05 -0.999971 -0.00764742 0 -0.999986 0.00532498 0.000361592 -1 1.12888e-07 0.000159536 -1 0.000767078 -0.0096709 -0.999953 1.12871e-07 -0.000310495 -0.999999 0.00134371 1.11693e-07 -0.999945 0.0104634 -0.00121139 -0.999999 0.000314957 0.99554 0.0759921 0.0558969 -0.0176062 0.999837 0.00389237 0.0273054 -0.999604 -0.0067877 0.696867 0.116301 -0.707708 0.0999495 0.979737 -0.173566 0.206843 0.0508826 -0.97705 -0.0111297 0.0435026 -0.998991 -0.259147 0.0455758 -0.964762 0.998746 0.0114865 0.0487212 0.960991 0.137338 -0.240072 -0.755626 -0.0862394 0.649302 -0.135971 0.965555 0.221847 -0.114263 0.0289446 0.993029 0.0326424 0.19981 0.979291 0.00747254 0.403272 -0.91505 0.596543 0.0302884 0.80201 0.77714 0.0310212 0.628563 -0.939519 0.325272 -0.107253 0.982913 0.138318 0.121447 0.0224627 0.999675 -0.0120185 0.725772 0.101981 -0.680334 0.0242512 0.996622 -0.0784644 0.041752 0.0991327 -0.994198 -0.211772 0.0971139 -0.972482 -0.468687 0.0993332 -0.877762 -0.0645132 0.997372 -0.0329631 -0.0585453 0.996229 0.064027 -0.232133 0.113781 0.966006 0.0728519 0.143082 0.987026 0.473368 0.139519 0.869745 0.70705 0.111027 0.698393 0.871006 0.121378 0.476042 0.98374 0.098247 0.150342 -0.0401478 0.999156 -0.00864432 -0.849695 0.0929262 0.519022 -0.984158 0.0604792 0.16666 -0.994171 -0.0726032 -0.0797 -0.967278 -0.0686207 0.244263 0.00261038 0.999996 -0.000953077 0.000900204 1 0.000227267 0.00116815 0.999999 0.00101808 0.000590434 0.999999 0.000897473 0.00147992 0.999999 0.000638516 0.000273933 1 0.000714326 8.52662e-05 0.999999 0.00127365 -0.000433949 1 0.000869061 -0.000341676 0.999999 0.00120284 -0.000802221 0.999999 0.00113277 -0.00035774 0.999999 0.0011848 -0.000368809 1 0.000433639 9.49027e-05 1 9.40544e-05 0.000479837 1 0.000651779 0.000250085 1 -7.18078e-05 -0.000149215 1 -0.000960422 -0.000752821 1 -0.000348364 0.000389702 0.999998 -0.00218967 -0.000884906 0.999999 -0.000787283 -0.0014678 0.999997 -0.00186611 -0.00172491 0.999999 -0.000158659 0.000154375 1 -0.000962963 0.000444439 0.999999 -0.00107757 0.000269962 0.999999 -0.00142171 -0.000383525 0.999999 -0.00164793 0.00118558 0.999999 -0.000829723 0.000475724 1 -0.000312037 0.00124561 0.999999 -0.000674983 -9.39158e-05 1 -0.000808414 0.000512239 1 -0.000506015 0.00247337 0.999996 0.00100234 0 -8.53109e-08 -1 -0.000280941 2.88663e-05 -1 0.866021 1.12007e-06 -0.500007 0.866027 -4.52419e-08 -0.499998 0.866023 4.37117e-08 0.500004 0.866023 4.52536e-08 0.500004 0 8.53063e-08 1 3.51706e-05 3.70953e-06 1 -0.866023 1.85478e-06 0.500004 -0.865917 2.38103e-05 0.500188 -0.866021 2.16556e-06 -0.500007 -0.86601 -4.52448e-08 -0.500026 0.0110958 -0.0105045 0.999883 -0.0137419 0.917181 -0.398235 0.123206 -0.811469 -0.571261 0.00697903 -0.0191606 0.999792 -0.143966 0.761845 -0.631558 -0.0423848 -0.977571 -0.206299 -0.999799 0.010327 0.0172049 -0.993573 0.00227385 -0.11317 -0.0793013 0.944492 0.318821 0.054446 -0.50929 0.858871 -0.0850653 0.94801 0.30666 0.204006 -0.421912 -0.883387 -0.126551 -0.911199 0.392048 0.0140207 0.0200862 -0.9997 -1.24176e-07 0 1 -1.24176e-07 0 1 6.20882e-08 -1 6.20885e-08 6.20882e-08 -1 6.20885e-08 1 0 0 1 0 0 0 1 0 0 1 0 -1 4.15807e-10 0.000209283 -0.999989 0.000973808 -0.00454383 -0.999986 -0.00374981 0.00376632 -0.999998 0.00189552 -1.1769e-10 -0.999996 -0.00151034 -0.00252472 -1 -0.000103313 -0.0001727 -0.999992 0.000230269 0.00387598 -1 0 0.000166833 -1 -1.78367e-06 0.000169782 -1 0.000194642 0 -1 -0.000348974 -0.000315243 -0.999999 0.00134244 0.00047278 -0.707104 -1.81671e-07 -0.707109 -0.707104 -1.77413e-07 -0.707109 -1 0 0 -1 0 0 -1 0 0 -1 0 0 -1 0 0 0.7071 1.8167e-07 0.707114 0.7071 1.77412e-07 0.707114 0.161995 -0.973403 0.161998 -0.00536236 0.780674 0.624916 -7.91023e-08 0.621223 0.783634 0.00900567 0.841929 0.539514 -0.00165863 0.534909 0.844908 -0.7071 1.8167e-07 0.707114 -0.7071 1.97125e-07 0.707114 -0.16203 -0.973392 0.162033 -0.724493 -0.689282 -0.000532876 -0.128333 -0.991645 0.0130812 -0.761479 0.648189 -1.24405e-06 -0.53518 0.844703 0.00774543 -0.139994 -0.980206 -0.139995 -0.0239079 -0.609273 -0.7926 -0.00166481 0.534771 -0.844995 -1.11298e-06 0.621339 -0.783542 -0.0127734 0.943019 -0.332493 0.679028 0.733801 0.0214041 0.128385 -0.991638 -0.0130765 0.761372 0.648316 -7.31346e-08 0.340203 0.940263 -0.012946 0.136079 -0.981308 -0.13608 0.707105 -1.81669e-07 -0.707109 0.707105 -1.77411e-07 -0.707109 0 -0.999936 0.0113257 -0.00806713 -0.9996 -0.0271187 -0.0402019 -0.677036 -0.734851 0.786346 -0.617782 0.00217024 0.0146613 -0.999785 0.0146614 -0.203172 -0.910491 -0.360177 -0.751381 -0.647126 0.129048 -0.0100223 -0.99995 1.88382e-07 -0.00667159 -0.93523 0.353977 -0.000911625 0.936429 -0.350857 0.999981 3.79633e-06 0.00619813 0.999995 0.000625959 0.00297576 0.00543603 0.0011098 -0.999985 0.00840026 0.000457944 -0.999965 -0.999871 -0.00186503 -0.0159279 -0.999866 -0.00192642 -0.0162437 -0.638932 -0.0145045 -0.769126 -0.785181 0.0119485 -0.619151 0.999999 -0.000877739 -0.000805239 0.999876 0.00162592 -0.0156371 0.00877347 -0.999942 -0.00630396 0.00853368 -0.999964 -6.49609e-06 -0.625046 -0.764375 0.15827 -0.412081 -0.550009 0.726416 -0.00544572 -0.506992 0.861934 0.611482 -0.781267 -0.125349 0.231264 -0.971992 0.0418076 -0.0231796 -0.999731 1.88336e-07 0.0302049 -0.996017 -0.0838978 -0.0353618 -0.998749 0.035362 0.00115227 -0.999563 0.0295394 0 -1 0 0.678561 0.0123414 -0.734441 0.964081 -0.0122926 -0.265324 0.502315 -0.00989918 -0.864628 0.0163756 0.00185615 0.999864 0.0174905 0.00206684 0.999845 -0.00142915 -0.999556 -0.0297485 0.111697 -0.993642 -0.0141186 -0.804695 -0.414195 -0.425333 -0.953467 -0.301477 -0.00356579 -0.0215532 -0.639618 0.768391 -0.0298598 -0.999549 -0.00316293 -0.00212478 -0.991387 0.130951 0.168341 -0.981144 0.0949623 0.0453148 -0.997944 0.0453157 0.0146224 -0.999893 1.88366e-07 0.787663 0.00981573 0.616029 0.413715 -0.0164832 0.910257 0.890309 -0.00721488 0.455301 -0.999961 -0.00154958 0.00871574 -0.999932 -0.0008701 0.0116395 -0.0499683 -0.997161 -0.0563367 0.0745052 -0.995073 -0.0654084 -0.109602 -0.993973 -0.00212433 -0.0470228 -0.998261 0.035554 -0.0511964 -0.997375 0.0511975 0.00164276 -0.989842 0.142164 0.0908293 -0.99459 -0.0503995 0.0900757 -0.995934 -0.00126539 -0.667519 -0.0164738 0.744411 -0.431101 0.00783214 0.90227 -0.911689 0.0115908 0.410717 -0.47942 0 -0.877586 -0.584522 0.0105594 -0.811309 -0.0191027 0.00251999 -0.999814 -0.0149849 0.0017177 -0.999886 -0.640259 -0.00834658 -0.768114 -0.880312 0.0141974 -0.474182 -0.00110782 0.000102324 0.999999 -0.00797334 -0.00112579 0.999968 -0.67371 0.0028036 0.738991 -0.577991 -0.00577178 0.816022 0.999798 -0.00527993 0.0193803 -0.400045 -0.0138747 0.91639 -0.852045 0.0164059 0.523212 0.00139213 0.000366258 0.999999 0.00180536 -0.00203068 0.999996 -0.00139541 2.56881e-07 0.999999 -5.64438e-08 2.96313e-07 1 -1.24176e-07 9.31268e-08 1 -0.00254657 -0.00286449 0.999993 -0.00199454 0.000523915 0.999998 -2.44876e-07 1.98682e-06 1 -8.05887e-08 6.53861e-07 1 -1.24176e-07 -1.00751e-06 1 2.44876e-07 1.98682e-06 1 0.00221593 2.56918e-07 0.999998 0.298977 -0.00603935 0.954241 0.713484 0.00995122 0.700601 0.902417 -0.00603272 0.430821 0.877528 -0.00602689 0.479487 0.91075 4.77952e-08 0.412958 1 0 0 1 0 0 1 0 0 1 0 0 1 0 0 1 0 0 0.645776 -0.0158597 -0.763362 0.89506 0.0102252 -0.445828 -3.55623e-08 -1 1.38789e-07 1.08591e-07 -1 1.67056e-08 6.15352e-08 -1 7.9311e-08 8.72081e-08 -1 1.124e-07 8.48422e-08 -1 1.10336e-07 1.23369e-07 -1 1.6044e-07 5.25279e-08 -1 9.15969e-08 -0.0222053 -0.999732 0.00659715 4.02943e-08 -1 8.39687e-08 0 -1 1.17686e-07 3.03578e-09 -1 1.15794e-07 -0.0177172 -0.999828 -0.00553612 -3.55724e-08 -1 1.38782e-07 1.07218e-07 -1 1.7784e-08 6.06488e-08 -1 7.72381e-08 9.87703e-08 -1 1.25787e-07 2.01717e-07 -1 2.18999e-07 6.84695e-08 -1 1.1979e-07 -2.8145e-08 -1 1.26794e-08 6.67959e-08 -1 1.00493e-07 -0.0281312 -0.999561 0.00930995 0 -1 5.88431e-08 4.02943e-08 -1 9.25609e-08 3.08236e-09 -1 1.15764e-07 -3.74823e-07 -1 -2.32324e-09 -6.65733e-07 -1 -3.17826e-07 1.48644e-07 -1 -1.75709e-07 0.00654225 -0.999723 0.0226067 -7.7874e-08 -1 1.92357e-07 1.69968e-07 -1 -2.39965e-07 1.33068e-07 -1 1.59641e-07 -7.77879e-08 -1 1.92247e-07 0 -2.56918e-07 -1 8.05887e-08 -3.11869e-07 -1 0 -2.5692e-07 -1 5.64442e-08 -2.18433e-07 -1 8.05886e-08 0 -1 8.05886e-08 0 -1 0.81207 0.00885523 -0.583492 0.239498 0 -0.970897 0.491672 -0.0115011 -0.870704 0.103157 -0.383541 0.917744 0.998401 0.0134915 0.0548992 0.103156 -0.383627 -0.917709 0.348349 0.936536 -0.0393996 -0.000909201 0.93641 0.350907 0.00548553 -0.968018 0.250821 0.00288149 0.999995 -0.00138316 -0.0457143 -0.0904087 0.994855 0.0368512 -0.212628 -0.976438 0.72314 0.155651 0.672935 -0.658476 0.186759 -0.729061 -0.992046 0.050198 0.115432 0.596372 0.0873967 0.797936 0.474633 -0.111035 -0.873152 0.933324 0.295043 0.204587 -0.975197 0.15592 -0.1571 0.978742 -0.193048 0.0692574 -0.973335 -0.218325 -0.0703789 -0.447724 0.0690364 0.891503 0.543075 0.286569 -0.78927 -0.829116 -0.0237331 0.558572 0.861878 0.176268 0.475496 0.00502157 -0.0852775 -0.996345 0.833986 0.152411 0.530319 -0.85519 0.244976 -0.456768 -0.841937 0.058896 0.536353 0.837991 0.0115916 0.545562 0.0291189 -0.0580912 -0.997887 0.970961 0.183465 0.153542 -0.954788 0.297123 -0.00990337 0.608201 -0.135697 0.782098 -0.601541 -0.200731 -0.773211 0.960391 0.217793 0.173826 -0.978134 0.126055 -0.16542 0.0330432 0.99926 0.0196782 0.0231653 0.996075 -0.0854314 -0.0624907 -0.996805 -0.0497393 -0.0148192 0.99635 -0.0840653 0.021942 -0.997781 0.0628575 -0.0155811 -0.999873 -0.00328678 0.0118851 0.999655 0.0234403 -0.210568 0.97485 0.0729976 0.0409299 0.999078 0.0129574 0.0567475 0.987553 -0.14669 -0.000195544 0.999114 0.0420836 0.000408937 0.999982 -0.00602213 -0.00276462 0.999991 -0.00318626 5.76967e-05 1 -0.000106141 -0.00558678 0.999984 0.000683063 8.62697e-05 1 -8.30084e-05 0 1 0 5.78374e-05 1 -0.000128862 0.00174733 0.999999 0.000148932 -6.679e-05 1 -0.000788446 0 1 0 -0.00250439 0.999981 -0.00571007 -0.00486035 0.999986 -0.00190841 -0.00214744 0.999997 -0.00112679 -0.00531647 0.999971 -0.00542957 0.00154976 0.999999 0.000812179 -0.000866777 0.999993 0.00360365 0.000770589 0.999993 0.00372069 0.00128715 0.99999 0.00438759 0.00138346 0.99998 -0.00622081 0.000427182 1 0.000112679 -0.00886186 0.999958 -0.00235318 0.00051452 0.999986 0.00522676 0.00764187 0.999913 -0.0107681 -9.98461e-05 1 -0.000354137 0.0262117 0.999618 0.00873883 -0.00384421 0.99992 -0.0120796 0.0270758 0.999571 -0.01114 -0.000172365 1 5.97538e-05 0.000166874 1 0.000219514 0.000103755 1 0.000107081 0.000119517 1 4.52206e-05 0.000403744 1 0.000152762 -0.000196551 1 -0.000262118 0.0037777 0.999992 0.00137156 -0.00380681 0.999991 -0.00187677 -0.00281283 0.999992 0.00286143 0.00263847 0.999994 0.00209077 -0.000391597 1 0.000544849 0.00264823 0.999995 0.00166648 -0.000184341 0.999996 -0.0029805 -0.00145469 0.999995 -0.00283186 -4.71766e-05 0.999989 -0.00473031 -0.000667992 0.999997 0.00253517 -0.000289868 1 0.000760772 -0.00102594 0.999997 0.00220682 0.00763619 0.999951 0.00625169 -0.0353267 0.999372 -0.00261254 0.00299673 0.999991 -0.00313578 0.00259805 0.999992 -0.00305852 -0.00665955 0.999945 0.00809776 -0.000955761 0.999964 0.008411 0.00147484 0.999999 0.000813664 0.0051658 0.999827 -0.0178531 -0.0130486 0.999897 -0.00592094 0.0045261 0.999982 -0.00399647 0.00171845 0.999973 -0.00714769 -0.015538 0.999688 0.019546 -0.0533686 0.998149 0.0291667 0.000793294 0.999999 -0.000806998 0.0342724 0.999411 0.00200014 -0.0120799 0.999836 0.0135197 -3.43625e-07 1 1.42863e-06 -0.008376 0.999932 -0.00813232 0.00345844 0.999993 -0.0011631 0.000782884 1 4.49993e-05 0.00516152 0.999985 0.00198768 0.00704776 0.999974 0.00167145 0.923775 -0.284017 -0.256853 0.649524 -0.230736 -0.724485 0.0690001 -0.29528 -0.952916 -0.532503 -0.344179 -0.773293 -0.914501 -0.20013 -0.35162 -0.984893 -0.133991 0.109695 -0.713735 -0.308215 0.628956 -0.180063 -0.352134 0.918465 0.456159 -0.404321 0.792744 0.916011 -0.305466 0.260027 0.858749 0.255245 -0.444297 0.573859 0.129947 -0.808579 0.166885 0.0641244 -0.983889 -0.3633 0.224709 -0.904168 -0.731965 0.217176 -0.645804 -0.908558 0.404308 -0.105157 -0.933393 0.355352 -0.0500219 -0.824376 0.216732 0.522907 -0.443864 0.225563 0.86724 -0.0186676 0.137473 0.99033 0.415072 -0.0535688 0.90821 0.78873 0.356896 0.50053 0.983614 0.159158 0.0846909 -0.559787 -0.10055 0.822514 0.994605 -0.0795482 0.0665859 -0.520437 -0.0655469 -0.851381 -0.98919 0.0595092 0.13402 0.613422 0.0936983 0.784177 0.252906 0.13116 -0.958559 -0.0408439 0.976541 -0.211421 -0.977839 -0.1924 0.0825456 0.985255 -0.150835 -0.080757 -0.317658 0.00609361 -0.948186 -0.763642 -0.0100164 0.645562 0.943036 0.007082 0.332616 0.0241434 0.956555 -0.290549 0.103862 -0.0590678 -0.992836 -0.907797 -0.117154 0.402715 0.896778 -0.0645587 0.437746 0.974405 0.110082 -0.196002 -0.642254 0.0841929 -0.761854 -0.47807 0.0652039 0.875898 -0.167416 0.976384 -0.136553 0.632416 -0.0394594 -0.773624 -0.997634 -0.0685136 0.00576395 0.527208 0.0156481 0.849592 0.46574 0.029582 -0.884427 -0.988724 -0.0192165 -0.148512 0.386689 0.069804 0.919565 0.0824077 0.980211 -0.179989 -0.603247 -0.020649 0.797287 0.671291 0.0155338 0.741031 -0.716031 0.0187365 -0.697817 -0.0343407 0.161477 0.986279 0.549254 0.0788943 -0.831923 -0.0468229 0.221782 -0.973971 0.475034 -0.0446646 -0.878833 -0.995722 -0.0917503 -0.0109645 0.612289 -0.0715154 0.787393 0.844617 0.0703221 -0.530732 -0.850187 0.0619532 -0.522823 0.0718078 0.0890991 0.993431 0.0306468 0.972536 0.230724 -0.284422 -0.855467 0.432758 -0.898876 -0.396459 0.186663 -0.100326 -0.571372 0.814536 0.982809 -0.178522 0.0470691 0.251558 0.236764 -0.938436 -0.87857 0.344265 -0.331054 -0.129938 -0.403949 -0.905506 0.0613376 0.98732 -0.146414 -0.161291 0.986803 -0.0143187 0.0670725 0.981564 -0.178976 -0.156619 -0.968195 -0.19511 0.806586 -0.122189 -0.57835 0.840915 0.0317234 0.540236 -0.391863 -0.646589 -0.654497 -0.0967687 -0.582119 0.807325 -0.762854 0.586127 0.272965 0.716667 0.684679 0.132675 -0.131295 0.982265 -0.133855 -0.0633996 -0.915599 0.397062 0.967228 0.0437258 -0.250118 0.540867 -0.415658 0.731226 0.363954 -0.44806 -0.816566 -0.359166 0.538918 0.76195 0.979078 0.165564 -0.118295 -0.969902 -0.190622 0.151504 -0.656988 0.328442 -0.678596 -0.081198 -0.450534 -0.889059 0.0980631 -0.339889 0.935339 0.702122 0.633654 -0.324819 0.0433975 0.9965 -0.0714384 0.501675 0.274138 -0.82047 0.20679 -0.595422 0.776344 -0.368363 -0.659307 -0.655456 -0.728662 -0.527399 -0.436923 0.580381 0.478746 0.658757 -0.162345 0.965044 -0.20575 -0.858359 0.493123 -0.141598 0.880338 -0.0368149 0.472917 0.621846 -0.435919 -0.650601 -0.534859 0.0668565 -0.842292 -0.643833 0.234147 0.72846 0.413972 -0.568011 -0.71133 -0.344763 -0.609872 -0.713579 0.686386 0.0152552 -0.727078 -0.659766 -0.57566 0.483036 -0.507339 0.194666 -0.839472 -0.476092 -0.331272 0.814614 0.550497 -0.499338 0.66904 0.738018 -0.671839 0.0629426 2.06389e-05 -1 -6.15626e-05 -4.56337e-06 -1 8.14676e-10 3.87002e-05 -1 0.000185808 3.88051e-08 -1 -1.1575e-07 3.86126e-08 -1 1.85387e-07 5.7196e-08 -1 0 -1 -9.6608e-05 -6.07959e-06 -1 -2.57535e-06 9.23591e-06 -1 2.89011e-05 -1.91609e-06 -1 -4.74244e-05 -4.13883e-08 -1 1.91305e-05 2.39132e-06 -1 -0.000541263 -6.76581e-05 -1 -0.000190899 0 -1 9.2279e-05 4.86975e-05 -1 0 0 -1 0 0 -1 0 0 -1 0.000106161 6.22301e-06 -1 -0.000276614 2.42391e-06 -1 7.89794e-05 -1.454e-05 -1 0.000126182 -2.323e-05 -1 -9.46507e-05 0 -1 0 5.1195e-05 -1 0 0 0.000498935 -0.999994 -0.00336815 -0.000916212 -1 0 0.00241648 -0.999988 0.00420788 -4.18648e-05 -1 -0.000283918 -4.61854e-05 -1 1.42332e-05 -1.09164e-06 -1 0.000611362 -2.17636e-09 -1 1.21885e-06 -0.000875453 -0.999768 0.0215044 0.1171 -0.577341 0.808062 -0.307422 -0.594969 -0.742633 -0.00258117 -0.999987 0.00435531 7.45058e-08 -1 1.89507e-07 -1.82512e-08 -1 2.77662e-07 1.60371e-06 -1 -2.43977e-05 2.25509e-07 -1 1.24073e-07 -2.35332e-05 -1 -1.29478e-05 1.97009e-06 -1 5.86508e-06 -6.98399e-05 -1 4.37517e-05 -2.61285e-05 -1 6.71957e-05 1.01037e-09 -1 2.62473e-07 7.45076e-08 -1 2.21814e-07 5.10858e-06 -1 2.11523e-05 -3.64369e-05 -1 -0.00102244 7.45112e-08 -1 7.83774e-07 -2.75775e-06 -1 2.05845e-05 6.28891e-06 -1 0 -3.81611e-05 -1 0.000723738 7.45066e-08 -1 -1.0625e-05 -1.51051e-05 -1 0 0.000277948 -0.999999 0.0010966 3.01561e-06 -1 -3.13206e-05 -1 0 0 -1 0 0 -1 0.000621221 -6.59867e-11 -1 -0.000508746 -2.43786e-07 -1 0 0 -1 0 0 -1 0 0 -1 0.000610018 -4.88297e-07 -1 -0.000504593 5.35984e-11 -1 0 0 -0.999998 -0.00197199 0.000178525 -1 0 0 -1 0 0 -1 0 0 -1 0 0 -1 0 0 -1 0.000476462 0.000135489 -1 -0.000347211 6.93527e-05 -1 0 0 -1 -0.000780423 0 -1 0.000208463 9.00617e-05 -1 0 0 -1 0.000398427 -0.000130643 -1 0.000485044 -0.000137931 -1 0 0 -1 0 0 -1 0 0 -1 0 -0.000208568 1 0 0 1 0 0 1 0 0 1 0 0 1 0 0 0.993342 -0.0935993 -0.0671605 1 0 0 1 0 0 1 0 0 1 0 0 1 0 0 1 0 0 1 0 0 1 0 0 1 0 0 1 0 0 1 0 0 1 0 0 1 0 0 1 0 0 0.459533 -0.8292 0.318208 0.755719 0.620538 -0.209335 1 0 0 1 0 0 1 0 0 1 0 0 1 0 0 1 0 0 1 0 0 3.88051e-08 -1 0 3.88051e-08 -1 0 1 0.000306764 -5.2236e-11 1 0.000300488 1.77038e-07 1 -0.000207959 2.2267e-11 1 -1.0429e-06 1.95167e-06 1 -5.57517e-07 5.96271e-06 1 3.9133e-05 1.81704e-06 1 -0.000205368 -1.20997e-07 1 1.47892e-05 -1.58354e-12 0.000555555 -1 -0.000100942 -0.00116368 -0.999997 -0.00230364 3.72565e-08 -1 -5.03771e-05 1.95496e-05 -1 -0.000176723 -0.000238495 -0.999997 -0.00252761 -0.000239657 -0.999999 -0.00163105 -1.92423e-05 -0.999992 0.00407019 2.74286e-05 -1 0.000422599 -0.000240114 -1 0.000297137 -0.289649 -0.71223 -0.639399 0.121489 -0.549185 0.826823 -2.12447e-05 -1 0 3.54171e-08 -1 -8.10291e-06 4.38269e-06 -1 3.46371e-06 -1.3039e-07 -1 2.26609e-07 0.000592735 -1 -0.000405039 -7.39505e-05 -1 1.23624e-07 0.000744329 -1 0.000567507 1.63562e-05 -1 -1.99378e-05 1.20813e-05 -1 -2.29418e-05 4.47785e-06 -1 -3.35451e-06 -0.000372913 1 0.000254775 1 0.000478316 0 1 -0.000108877 -5.19528e-05 1 0 -5.35883e-06 1 0 0 1 0 0 1 0 0 0.999999 0.00126901 -0.000375029 0.999999 -0.00101326 -0.000202718 1 0 0 1 4.29644e-05 0 1 -1.28883e-05 5.51614e-06 1 0 0 0.999999 -0.00112364 0 0.999999 0.00137881 0.000649515 -0.60816 -0.0595752 -0.791576 0.468578 0.0834244 -0.879474 0.720873 -0.610486 0.3281 6.12742e-08 -1 1.17253e-07 8.89853e-08 -1 1.70281e-07 5.85185e-08 -1 3.26753e-07 0.134797 -0.990413 0.03019 -8.10857e-08 -1 1.70281e-07 1.44285e-05 -1 -9.38832e-06 0.00117284 -0.999997 0.00207399 0.659985 -0.745993 -0.0889604 -0.361697 -0.924812 -0.117894 -0.0926753 -0.987832 -0.124898 -0.00447094 0.99999 -0.000232502 3.72495e-06 1 0 -7.91112e-05 1 3.90823e-06 -0.00263261 0.999996 0.0010541 0 1 0 -3.88051e-08 1 -6.72625e-08 -3.23938e-08 1 -9.7182e-08 -7.45056e-08 1 -2.23518e-07 -7.4504e-07 1 0 3.10435e-06 1 -8.27848e-07 -0.356643 0.934241 -7.64267e-07 -1.67188e-06 1 -1.06437e-07 -0.000803452 0.999999 -0.000964156 0 1 0 -5.32184e-08 1 2.12877e-07 -7.24976e-08 1 2.0082e-08 -5.32184e-08 1 -7.09583e-08 -7.45058e-08 1 0 -1.03064e-06 1 -8.27845e-08 0.000198753 1 1.59645e-05 -7.44982e-07 1 -7.73671e-05 0 0.999997 0.00230323 -1 0 0 -1 0 0 -5.32184e-08 0 1 -5.32184e-08 0 1 -0.094306 0.959282 -0.266242 5.32184e-08 2.53821e-08 -1 0 2.8437e-07 -1 2.21875e-07 -6.24869e-07 -1 0 0 -1 0 0 -1 0 0 -1 0.0198064 0.0227767 -0.999544 0 -2.8437e-07 -1 6.85098e-08 0 -1 0.0218131 0.0216934 -0.999527 0.667643 0.513374 -0.539166 -0.000403575 0.002243 -0.999997 -0.000607882 0.00239977 -0.999997 0.97045 0.144191 -0.193482 -0.0459839 -0.141699 0.988841 0.822642 0.565074 -0.062856 -0.869931 0.119987 0.478355 -0.839983 -0.00771008 0.542559 -1 -2.29634e-05 -9.15492e-05 -1 0.000968473 0 0.657357 0.532879 0.532843 0.183082 -0.5262 0.830418 -0.357079 0.426838 -0.830845 -0.66628 -0.241657 -0.705459 0.482356 0.363316 -0.797078 0.224649 -0.409361 -0.884283 0.999997 -0.00259369 -0.000160884 0.9999 -0.0140929 0.000880101 -1.49813e-05 -1 0.000121946 -0.000895448 -0.999998 0.00174262 0.000530999 -1 0 -0.000325213 -0.999997 -0.00221347 4.99702e-08 -1 3.40109e-07 -2.33983e-05 -1 -0.000297345 0.000308891 -1 0.00060302 1.69578e-06 -1 -2.80659e-05 3.72512e-08 -1 2.0922e-05 -0.000536806 -1 0 9.41664e-10 -1 -0.000827866 6.47693e-06 1 -2.50451e-05 1.294e-05 1 -1.98582e-05 -0.00021254 1 0.000134313 1.88607e-05 1 -5.38396e-05 3.38534e-06 1 0.000155265 1.92735e-05 1 -7.50927e-06 -3.72528e-08 1 -1.63568e-07 1.15628e-07 1 -4.50507e-08 -2.20001e-08 1 -1.22527e-07 1.19604e-05 1 -8.57704e-06 1 0 0 1 0 0 0.999926 -0.0121887 0.000304696 0.999986 0.00523 -0.000751436 1 1.22571e-05 -5.8632e-06 1 0 0 1 0 0 1 0 0 1 0 0 0.999999 -0.00138851 4.40593e-05 1 0.000257202 7.7092e-06 1 7.4876e-05 5.15852e-08 1 6.00043e-05 -1.18327e-07 1 -4.88372e-05 5.88489e-06 1 2.39607e-05 -4.725e-08 1 -4.31442e-05 3.53439e-12 1 -5.98608e-05 5.82183e-06 1 5.743e-05 3.95659e-08 1 0 0 1 -4.10784e-05 -1.75834e-06 1 -5.76453e-05 -4.12575e-06 1 6.32644e-12 1.4435e-05 0.999999 -0.00128059 0.000480813 1 0.000825583 7.21275e-08 7.45056e-08 -4.3827e-07 -1 7.45056e-08 -4.3827e-07 -1 0.000566861 0.999985 0.00542612 -0.00102537 0.999999 8.73655e-05 0.0013133 0.999996 -0.00248677 1.48887e-05 1 -4.95682e-06 8.65034e-05 1 -0.000943475 7.89304e-05 1 -0.000872692 9.55551e-05 0.999997 0.00258755 -1.79013e-05 1 0.000257893 0.000140163 1 -0.000637964 -7.41696e-05 1 0 -3.7259e-08 1 7.84005e-05 -1.76082e-06 1 0.000211601 -3.32533e-06 1 9.31955e-05 1.68557e-05 1 -0.000749812 -3.72265e-08 1 -0.000355801 0.00789855 0.998741 0.0495468 0.00773769 0.999858 -0.0149709 -0.00617075 0.999981 0 7.82178e-06 1 0.000230358 -3.72545e-08 1 2.30641e-05 6.85784e-05 1 0.000175469 -9.59558e-05 1 0 4.19381e-06 1 5.56677e-05 -0.63012 -0.528229 0.569142 0.725153 -0.211901 -0.655173 -0.82454 -0.465758 0.321254 0.0264195 0.579805 -0.814327 -0.740042 -0.499683 -0.450172 0.63792 -0.0448484 -0.768795 -0.70481 -0.658402 0.264102 0.820975 -0.341325 0.457709 -1.19617e-05 -1 1.34038e-05 -2.62834e-06 -1 -3.17384e-06 1.73169e-05 -1 8.78042e-08 3.86914e-08 -1 -5.56656e-06 -5.66992e-05 -1 5.02877e-06 7.39025e-08 -1 2.89752e-06 -7.45056e-08 4.3827e-07 1 -7.45056e-08 4.3827e-07 1 -1 -0.000237192 -4.13726e-08 -0.999999 -0.00117774 -6.85923e-06 -1 -0.000610341 5.8518e-06 -1 5.98044e-11 0.000136455 -1 0.000313936 0 -1 8.36316e-05 -3.3045e-06 -1 2.52544e-05 -3.09436e-12 -1 1.4102e-06 -3.4647e-06 -1 4.8128e-05 -6.23051e-06 -0.999999 -0.00140383 2.74421e-05 -1 -9.47533e-11 -0.000216198 -1 0.00047448 0 -0.707081 -0.707132 2.92719e-08 -0.707064 -0.70715 -9.67955e-07 1.1134e-05 -0.707238 -0.706976 7.90242e-08 -0.707133 -0.707081 0.706994 -0.707219 6.07337e-06 0.7071 -0.707114 5.8538e-08 2.61193e-05 -0.707397 0.706816 -2.5729e-08 -0.707149 0.707065 1.35322e-05 1 4.03501e-05 -0.000152957 1 -7.31265e-05 -1.41414e-05 1 -1.22527e-07 -2.07626e-05 1 3.90051e-06 7.68465e-06 1 -1.90128e-05 1.26553e-05 1 -7.81385e-05 -7.45054e-08 1 -4.08281e-08 -1.09617e-05 1 -6.00691e-06 -3.65406e-06 1 -1.08956e-05 1 0 0 1 0 0 1 0 0 1 0 0 1 0 0 1 0 0 1 0 0 1 0 0 1 0 0 1 0 0 1 0 0 1 0 0 1 0 0 1 0 0 1 0 0 1 0 0 1 0 0 1 0 0 7.45058e-08 -4.3827e-07 -1 7.45058e-08 -4.38271e-07 -1 -0.000499668 1 -0.000612612 -0.000118777 1 0 0.000257927 1 -0.000521461 -9.95886e-08 1 -2.95914e-05 -1.45761e-06 1 -0.000433108 8.02509e-05 0.999999 -0.0013399 0.000108536 0.999994 0.00345792 -0.000623878 0.999896 -0.0144104 -0.00290777 0.999996 0.000392656 -0.00160983 0.999994 -0.00305998 -7.45036e-08 1 -2.9754e-05 5.29083e-05 0.999999 0.00139331 9.97924e-05 1 0.000250208 0.000360253 0.999953 -0.0097089 -6.67351e-08 1 -0.000643763 0.00757752 0.998694 0.050519 0.0108602 0.999747 -0.0196736 -0.00736924 0.999973 0 0.000431165 0.999959 0.00903483 -7.45134e-08 1 9.21444e-05 0.00159837 0.999993 0.00325589 -0.00140966 0.999999 0 -3.46452e-06 1 7.22308e-05 -0.865898 -0.292991 -0.405435 0.620572 -0.737983 -0.265086 0.052913 0.578169 -0.8142 -0.271323 -0.623636 -0.733119 -0.744389 -0.41014 -0.526944 -1.04088e-05 -1 2.19838e-05 9.37531e-06 -1 -1.07918e-05 6.1992e-05 -1 8.7656e-08 3.21513e-08 -1 -2.74619e-06 -7.40066e-05 -1 1.05606e-05 2.16331e-07 -1 1.26462e-05 -7.45058e-08 4.38271e-07 1 -7.45058e-08 4.3827e-07 1 -1 0 0 -1 0 0 -0.999677 -0.0254047 -0.000600394 -0.999946 0.0102251 0.00167054 -1 -6.06252e-05 6.00373e-05 -1 3.78443e-11 8.63491e-05 -1 -0.000396144 0.000205648 -1 0 0 -1 0 0 -1 0 0 -1 0 0 -1 0 0 -1 0 0 -1 0 0 -1 0 0 -0.999951 -0.00991631 0.000244864 -0.999992 0.00394436 -0.000687088 -1 0.000187845 -9.89397e-05 -1 0 0 -1 0 0 -0.707114 -0.7071 5.85368e-08 -0.706951 -0.707263 -9.26084e-06 -7.47597e-06 -0.707186 -0.707027 7.90197e-08 -0.707258 -0.706955 0.707037 -0.707177 6.19881e-08 0.707037 -0.707176 5.85432e-08 2.61629e-05 -0.707405 0.706808 -2.57324e-08 -0.707157 0.707057 7.45058e-08 0 -1 7.45058e-08 0 -1 3.88051e-08 0 -1 3.88051e-08 0 -1 7.45056e-08 0 -1 7.45056e-08 0 -1 -7.45058e-08 0 1 -7.45058e-08 0 1 0 0 1 0 0 1 -5.9844e-08 0 1 -2.91568e-08 -6.72633e-08 1 0 0 1 -7.4504e-07 0 1 -1.86267e-08 -2.79399e-07 1 -7.45056e-08 0 1 -3.88051e-08 -4.36555e-07 1 -3.47346e-08 -1.4441e-08 1 -0.416873 -0.173317 0.892288 0 0 1 -0.00025693 -0.00409203 -0.999992 -0.000751467 0.00240564 -0.999997 0.000268727 0.00155359 -0.999999 0.00903133 0.0278884 -0.99957 0.125693 0.17527 -0.976464 -0.180093 0 -0.98365 0.1065 -0.171952 -0.979332 0.00269083 -0.0226149 -0.999741 7.4648e-08 -0.00191047 -0.999998 -0.000614243 0.00325994 -0.999995 -0.292583 0.343349 -0.892472 7.45248e-08 -0.000254624 -1 5.58793e-08 3.03542e-08 -1 7.45058e-08 -5.51892e-09 -1 0 0 -1 0.253811 0.339405 -0.905751 0.000246565 0.00160791 -0.999999 0.000251263 0.0015508 -0.999999 7.45166e-08 -0.000148529 -1 -0.000451148 0.00237034 -0.999997 -0.192631 -0.330365 -0.923987 -0.270104 0.318875 -0.908495 -0.175337 0 -0.984508 -5.43166e-05 -0.00276024 -0.999996 -0.000480918 0.00218928 -0.999997 -0.000143306 -0.00109435 -0.999999 0.238721 -0.340936 -0.909272 7.45904e-08 -0.00227989 -0.999997 0.202252 0 -0.979334 -0.200845 -0.340317 -0.918611 0.226384 0 -0.974038 3.88051e-08 -6.32379e-08 -1 7.45056e-08 5.51868e-09 -1 0 0 -1 -7.45058e-08 5.96044e-09 1 0 0 1 -5.58793e-08 -3.27826e-08 1 -3.88051e-08 6.8297e-08 1 -7.45056e-08 -5.96018e-09 1 0 0 1 -6.52129e-08 1 -4.28194e-07 -3.72529e-08 1 -6.11782e-07 5.47204e-08 1 -1.58523e-07 4.22559e-15 1 -9.72661e-08 3.88051e-08 -1 0 3.88051e-08 -1 0 -1 0 0 -1 0 0 -1 0 0 -1 0 0 0.955571 -0.0235071 -0.293823 1 0 0 1 0 0 1 0 0 1 0 0 1 0 0 0 -1 0 0 -1 0 0 -1 0 0 -1 0 0 -1 0 0 -1 0 0 -1 0 0 -1 0 3.72528e-08 -1 0 3.72528e-08 -1 0 7.45058e-08 -1 0 7.45058e-08 -1 0 7.45058e-08 -1 0 7.45058e-08 -1 0 9.99383e-06 3.64404e-05 1 0 0 1 -0.144821 0.245662 0.958476 0 0 1 0 0 1 -4.34436e-08 -5.43045e-08 1 0 0 1 0.170564 0 0.985347 0.000200576 -0.0020745 0.999998 -0.000352642 0.000837165 1 -0.000465794 0.00178644 0.999998 -1.29989e-07 1.12376e-07 1 -0.000471287 0.0017536 0.999998 -0.000288237 -0.00212269 0.999998 0.156042 0.263826 0.951865 1.00008e-05 2.49653e-05 1 -0.110167 -0.275014 0.955108 -7.4501e-08 -6.3789e-05 1 0.0759498 -0.198216 0.977211 -0.188919 0 0.981993 0 0 1 -4.89097e-08 0 1 -4.89097e-08 0 1 0 -1 1.05533e-07 4.25879e-08 -1 1.00858e-07 4.77601e-08 -1 0 6.52129e-08 -1 0 5.58793e-08 -1 6.92447e-08 5.83109e-08 -1 8.27844e-08 -0.000221513 2.86797e-07 1 -6.21621e-05 0.000220284 1 0.0982933 -0.347698 0.93244 1.20945e-07 0.000194268 -1 -0.000201533 -1.43529e-07 -1 0.477693 0.87806 -0.0286243 0.997946 0.0635371 0.00818732 -7.59223e-05 -1 0.000276892 0.000519115 -1 -3.83099e-05 0.105005 -0.379875 0.919058 0.0909347 -0.282685 0.954893 0.265958 -0.858858 0.437754 0.574523 -0.81779 0.0338064 1 0 0 0.22955 -0.819804 -0.524623 -0.00667459 0.699155 -0.714939 0.0438669 -0.612167 0.789511 -0.016273 0.350202 0.936533 0.999975 0.00504672 -0.00504752 1 0 0 0.979856 0.0195542 0.198747 0.000418351 0.000906682 1 -1.44412e-07 0.000473872 1 0.0549657 -0.989134 -0.136356 0 -1 0 0.00701634 0.00586561 -0.999958 3.60474e-08 -0.00219039 -0.999998 -0.997877 0.0520204 0.0391797 -0.99721 0.0582332 0.0466965 -0.9985 0.0313144 0.0449063 -0.994603 0.0937349 -0.0444732 -0.997749 0.0490083 -0.0457709 -0.872113 0.125727 0.472877 -0.998943 -0.00777238 0.0453036 -0.965096 0.136482 -0.223522 -0.961215 0.0842439 -0.26262 -5.08653e-12 -1 3.59613e-05 0.072405 -0.980291 0.183815 1 0 0 1 7.03668e-05 7.03715e-05 0.63739 -0.0512066 0.768838 0.0300777 0 -0.999548 0.0401063 0.160544 -0.986214 0.0286977 -0.105928 0.99396 -0.00114177 0.999995 0.00283382 2.14681e-05 1 -6.53573e-07 -5.47708e-07 -1 -1.76633e-05 -1.38788e-05 -1 0 1 0 0 1 0 0 -0.971044 0.228786 0.0687846 -0.752703 0.632617 -0.1823 -1 -0.000300044 5.1101e-11 -0.942012 0.321467 -0.0962918 -0.979152 0.202599 0.0146757 -0.906624 0.0954859 0.410994 -0.894553 0.0948856 -0.436774 -0.97845 0.202462 0.0405672 0.017538 0.999844 -0.00206631 6.60951e-05 0.998976 -0.0452448 0.038464 0.00704473 -0.999235 0.0309578 0.0478741 0.998374 0.0278824 0 0.999611 -0.00112724 0.999994 0.00343726 2.15553e-05 1 0 -0.00111954 0.999993 -0.00344537 0.0167523 0.996905 0.0768056 0.026536 -0.649953 -0.759511 0.244175 0.961858 -0.123317 0.999819 0.0139614 0.0129434 0.999926 0.0117694 -0.00315304 0.999158 0.0295607 0.0284474 0.999995 0.00285715 0.00158083 0.999995 0.00307839 0 0.984695 0.103256 -0.140408 0.0712701 0.982462 0.172305 0.0226956 0.999533 -0.0204642 0.00638948 0.999979 0.00128183 0.178678 -0.953668 -0.242057 0.965586 0.247814 -0.0789448 -0.000223582 1.85404e-07 1 -6.28895e-05 0.000222035 1 0.0983086 -0.347753 0.932418 -0.000494932 -0.000365116 -1 -0.000122438 -1.05628e-07 -1 0.312456 0.949353 -0.033167 0.997065 0.0761742 0.00763645 -9.23078e-05 -1 1.25419e-05 2.26355e-05 -1 -5.47742e-05 0.094891 -0.549025 0.830402 0.0909552 -0.282775 0.954864 0.144607 -0.793648 0.590942 0.984473 -0.175385 0.00725019 1 0 0 0.229516 -0.819811 -0.524627 0.0108695 0.644914 -0.764178 0.0392815 -0.531548 0.846117 -0.0151732 0.335855 0.941791 0.999975 0.00504783 -0.00504749 1 0 0 0.979692 0.0196372 0.199546 0.000533849 0.000937523 0.999999 -7.22028e-08 0.000291123 1 0.0549671 -0.989133 -0.13636 0 -1 0 0.0062258 0.00496382 -0.999968 1.44382e-07 -0.00218491 -0.999998 -0.920491 0.357288 -0.158245 -0.995947 -0.033099 0.0836332 -0.994374 0.0566005 -0.0895368 -0.998568 0.031776 0.043043 -0.994707 0.0926258 -0.0444734 -0.997069 0.0615337 -0.0454555 -0.872112 0.125727 0.472878 -0.998943 -0.00777236 0.0453035 -0.971174 0.137446 -0.194757 -0.962144 0.083314 -0.259497 -2.54317e-12 -1 3.52262e-05 0.0724161 -0.980291 0.183808 1 0 0 1 7.03668e-05 7.03668e-05 0.472772 0.0586531 -0.879231 0.0309373 0 -0.999521 0.0401841 0.147737 -0.98821 0.0278489 -0.0933188 0.995247 -0.00114253 0.999995 0.00289183 2.53457e-05 1 0 -5.36151e-07 -1 -1.72957e-05 -1.38974e-05 -1 4.04918e-07 1 0 0 1 0 0 -0.970255 0.231836 0.0696968 -0.757979 0.628613 -0.174106 -0.999999 0.00165027 0.000585589 -0.955404 0.283181 -0.0837427 -0.681337 0.0619535 0.729343 -0.894717 0.0949023 -0.436435 -0.978657 0.201986 0.0378557 0.017538 0.999844 -0.00206625 6.61891e-05 0.998976 -0.0452441 0.0384726 0.00705579 -0.999235 0.0309487 0.0478627 0.998374 0.027874 0 0.999611 -0.00112729 0.999994 0.00343651 2.14212e-05 1 -4.04919e-07 -0.00111674 0.999994 -0.00343695 0.0374442 0.995813 -0.0833887 0.0112692 -0.800207 -0.599618 0.99996 0.00761865 -0.00478001 0.999994 0.000255978 -0.00354609 0.998689 0.0287977 0.042319 0.999998 0.000545121 0.00177806 0.999973 0.00729295 0 0.984608 0.0850079 -0.152714 0.935965 0.346306 -0.0635664 0.07941 0.972878 0.217263 0.0176076 0.999749 -0.0138236 -0.000973899 0.999976 0.00687819 0.941714 0.322172 0.0968496 0.0187119 0.995137 -0.0967023 0.0730182 -0.997178 -0.017436 0.147592 -0.154811 0.976857 -0.0268737 -0.995252 -0.0935447 0.99998 0.00611987 -0.00136987 0.999875 0.0144065 -0.00645866 -0.985724 0.141658 -0.0909997 -0.998067 -0.0531446 0.0322148 0.00863777 0.999588 0.027387 0.0345896 0.999345 0.0106189 -0.144521 0.983236 -0.11118 0.097823 -0.995188 0.00553031 -0.944472 0.162665 0.285504 -0.648193 -0.761402 -0.0106581 -0.588863 -0.808232 0.000806913 0.0304186 0.0604824 0.997706 0.190519 0.0531841 -0.980242 0.167632 -0.00229611 -0.985847 -0.976219 0.197863 -0.0885762 -0.999522 0.000332656 0.0309181 -0.02197 -0.995035 -0.0970745 0.0747902 0.988114 -0.134301 5.61074e-05 0.997601 -0.0692265 0.00733047 -0.993453 -0.114004 4.16036e-05 -0.994125 -0.108239 0.0280385 -0.162705 0.986276 0.434318 -0.788365 -0.435717 0.999183 -0.0340146 0.0218104 0.999506 0.0279753 -0.0143157 -0.999063 0.0357578 -0.024367 -0.998333 -0.0501027 0.02865 0.0673606 0.997137 0.0343573 0.0402331 0.998038 0.047968 -0.00491216 0.999821 -0.0182656 0.793906 -0.607829 -0.0160374 -0.794623 -0.607084 -0.00482361 -0.00643897 -0.115053 0.993339 -0.0400921 -0.372002 -0.927366 -0.875321 -0.369198 -0.31226 -0.989751 0.14245 -0.0100168 0.990039 0.139633 -0.0180625 0.00461839 0.999427 -0.0335329 -0.00933796 0.999877 0.012589 -0.0253948 0.999631 -0.00969625 0 1 -2.83506e-07 0.0182919 0.998547 0.0506975 -4.162e-06 1 -4.51055e-05 -0.000454836 0.999999 -0.00136403 0.00199075 0.999997 0.0015719 -5.74447e-05 1 5.12318e-05 -9.78822e-08 1 -3.56998e-07 0 1 0 5.27569e-05 -1 1.00569e-05 -0.000102991 1 -6.80303e-05 0.000204306 1 0.000269081 -2.48552e-07 1 -8.58225e-08 5.17688e-05 1 1.78752e-05 -0.000747156 1 -0.000153133 -0.000213202 0.999998 0.00188789 0.00715958 0.999963 0.00475181 -0.01009 0.999862 0.0131781 2.17599e-09 0.999946 -0.010415 -0.0109741 0.99974 -0.0199731 0.0153848 0.999872 0.0043201 0 0.999962 -0.00868398 0.0204295 0.999605 -0.019306 -1.55021e-05 1 -1.06437e-07 6.59365e-05 1 -2.53733e-05 0 1 -2.83506e-07 -0.000243978 1 6.30204e-05 9.42608e-05 1 -1.1902e-05 8.9205e-05 1 -4.05708e-07 0 1 -5.92982e-05 -1.0024e-07 1 -1.41248e-07 -5.32184e-08 1 8.98691e-08 0 1 0 2.1701e-07 1 -1.8084e-07 -1.28664e-08 1 -1.12595e-07 -9.36973e-08 1 -1.06437e-07 4.72221e-08 1 -9.69703e-08 7.38797e-05 1 -0.000151712 -1.3702e-07 1 -3.27015e-07 -1.72344e-07 1 -2.8327e-07 -1.02096e-07 1 -1.67807e-07 0.0084284 0.999964 -1.18296e-05 0 0.999962 -0.00868398 -7.76044e-06 1 -6.12768e-06 1.26722e-08 -1 1.33068e-07 -1.57996e-07 1 -1.80839e-07 0 -1 0 0 1 0 0.0747899 0.988113 -0.134311 5.60878e-05 0.997601 -0.0692266 -0.0118078 -0.999253 -0.0367943 7.21679e-06 -0.998945 -0.045925 -0.0127145 -0.28201 0.959327 0.540054 -0.629164 -0.559012 0.283803 -0.846059 -0.451264 0.999983 0.00576317 -0.00136988 0.995261 0.0848629 -0.0474775 0.842495 0.24163 0.481474 -0.999064 0.0357549 -0.0243652 -0.999998 -0.00161349 -0.00129392 0.0696333 0.997447 0.0158619 0.0402915 0.998715 0.0307567 -0.0487039 0.998627 -0.019294 0.794091 -0.607277 -0.0251855 0.868134 0.475285 -0.142993 0.926178 0.247546 -0.284457 -0.972597 0.103351 0.208262 -0.794079 -0.607235 -0.0265236 -0.657515 -0.753441 0.000900946 -0.00091487 0.0219673 0.999758 -0.0453488 -0.445179 -0.894293 -0.989408 0.144812 -0.010049 0.3017 -0.846 -0.439614 0.990065 0.139433 -0.0181656 0.00224271 0.00134016 -0.999997 0.000819162 -0.000200068 -1 0 0.00163665 0.999999 0.000325299 0.00129669 0.999999 -0.0661146 -0.297749 -0.952352 -0.606136 -0.794784 -0.0302947 -0.279841 -0.960046 -0.000554457 0.0422524 -0.994076 -0.100143 -0.0226114 -0.0840284 -0.996207 0.00329847 -0.999718 -0.0235007 -0.00273685 -0.0157342 0.999873 -0.126715 -0.52153 -0.843771 -0.105631 -0.877587 0.467635 -0.262598 -0.00133922 -0.964904 -0.0860753 -0.99477 0.0549832 -0.342178 0.0834815 0.935919 -0.999799 0.0139311 0.0144231 -0.998605 0.0356907 0.0389013 0 -0.00637553 -0.99998 -0.0126608 0.00763504 -0.999891 -0.0676497 -0.978854 0.193051 0 -0.999674 0.0255279 -0.00401564 0.0045217 0.999982 0 -0.000265175 1 0.801124 0.371842 -0.468971 0.928624 0.206645 0.308147 0 -0.999256 -0.038564 -0.202875 0.644961 -0.736796 -0.999535 0.00238459 0.0304055 -0.673593 -0.0511119 -0.737333 0.997319 0.0731527 0.00188718 0.998728 0.0401452 -0.0304965 0.997829 0.0640159 0.0154713 0.0282759 0.987081 0.157706 -0.000467131 0.99771 0.0676308 0.00408185 0.980676 -0.195597 -0.990554 0.093945 -0.0998852 -0.997101 0.0545149 -0.0530849 -0.99929 0.009902 0.0363437 -0.187312 0.964882 0.184165 -0.000307164 -1 -2.71113e-05 -1 0 0 -1 0 0 -1 0 0 -1 0 0 -1 0 0 -1 0 0 0 0 -1 3.87777e-08 6.83539e-08 -1 7.24976e-08 -1.78345e-09 -1 4.77601e-08 0 -1 -0.0182645 0.870535 -0.491768 0.0520724 -0.8677 -0.494353 -3.47346e-08 1 0 -3.47346e-08 1 0 -1 -0.000409547 0 -0.415562 0.909564 0.0010595 -0.330911 -0.843852 -0.422389 -0.411545 0.911379 -0.00440218 -0.859537 -0.492367 -0.137005 -4.38002e-05 -1 -1.02139e-05 -0.000225074 -1 -5.28895e-05 -0.377305 -0.0212097 0.925846 -1 0 0.000748676 -0.999999 0.00155674 0 4.85907e-08 0 -1 4.85907e-08 0 -1 0.992664 0.11821 0.0253746 0.997362 0 0.0725924 0.979804 0.0155152 -0.199357 0.999971 -0.00573273 0.00493843 0.999999 0.00171728 2.02745e-05 1 -8.17972e-05 -0.000148427 0.99667 -0.0393541 -0.0714108 0.347401 0.562861 0.75 0.270774 0.552162 -0.788542 1 0 0 1 0 0 0.999986 -0.00371976 -0.00371982 0.872394 0.413156 -0.261212 -0.999813 0.0165263 -0.00999875 -1 -7.17855e-05 -7.17855e-05 -1 4.77204e-06 4.77204e-06 -1 1.97335e-05 -2.6985e-05 -0.0764936 0.496256 -0.8648 -0.409712 0.419057 0.810264 -1 -0.000192466 -1.28009e-06 -1 1.47336e-05 1.48117e-05 -0.414414 0.0102986 -0.91003 0.000282586 0.999999 -0.00156408 0.00214531 0.999998 0.000513044 8.98153e-07 1 -1.07203e-07 -0.000200441 1 9.51014e-06 0.0467072 0.9974 0.0548802 1.2565e-07 1 -3.69173e-06 0.000157103 1 1.21809e-05 -2.02039e-06 1 -0.000156749 -6.49535e-07 1 -5.68963e-05 -6.49537e-07 1 -2.0621e-06 -5.50697e-07 1 4.82391e-05 0 1 0 -0.000694308 0.998548 0.0538682 -0.0401644 0.999114 -0.0125362 2.47931e-05 1 7.73846e-06 -0.000141358 1 -1.07204e-07 -1.07484e-05 1 -5.94876e-05 -1.07665e-05 1 -5.95873e-05 -6.37222e-07 1 0.000591394 -3.82081e-08 1 3.82758e-07 -1.2991e-06 1 2.06981e-05 -0.00124567 0.999999 -0.000123634 5.44604e-05 1 7.85149e-06 0.0561844 0.99785 0.0337518 -5.50702e-07 1 0.000138339 -3.74401e-08 1 7.25372e-07 0 1 0 2.04172e-05 1 -1.07356e-07 0 1 0 -1.40627e-06 1 -9.66214e-07 1.43685e-06 -1 1.42354e-06 -3.82081e-08 1 -3.7854e-08 0.103991 0.925317 -0.364658 0.126504 -0.898994 -0.419293 0.99099 0.0257665 0.131437 0.0759755 -0.996907 -0.0200843 3.82866e-08 -1 0 3.82866e-08 -1 0 0 5.48049e-05 1 0.000862573 9.6275e-05 1 0.764062 0.597008 0.244523 0.000599364 -1 0.000292321 0 0.00527595 -0.999986 0 1 0 0 1 0 0.000655199 4.81558e-05 1 0.000536208 3.94257e-05 1 0.000599193 -1 3.19016e-05 0.000178813 -1 7.04784e-06 0 1 0 0 1 0 -0.000120139 -8.74604e-06 1 0 6.83293e-08 1 1 0.000753981 -5.90524e-05 -1 -1.66054e-09 -0.000542763 -1 2.55218e-05 0 1 4.81147e-05 -0.000995865 1 0 0 -1 0.000125871 -0.00101317 -0.354205 0.115295 -0.928033 -0.269898 0.962889 0 -5.68765e-08 1 0 -5.68747e-08 1 -1.18213e-10 1 0.000197034 0 0.999998 3.788e-10 0.00207848 1.60098e-06 -1 0 1.60098e-06 -1 0 0.835402 -0.549639 0 0.835402 -0.549639 0 -0.835402 -0.549639 0 -0.835402 -0.549639 0 9.99514e-08 -1 0 9.99541e-08 -1 1.0127e-10 0 3.98068e-05 1 0.00109334 9.16994e-05 0.999999 0.00136897 1.59201e-07 0.999999 0 -0.000116853 1 -4.6275e-10 -1 1.43695e-07 1.96733e-10 -1 1.43708e-07 0 -1.59201e-07 -1 0.00322033 -0.000275416 -0.999995 0 1 -1.43695e-07 0 1 -1.43695e-07 -1 0 0 -1 0 0 -1 0 0 -1 0 0 -1 0 0 -1 0 0 -0.999125 0.0379982 -0.0175025 -1 0 0 -0.997275 -0.0730551 0.0102367 -1 0 0 -1 0 0 -0.999558 0.0128969 -0.0267834 -7.45448e-08 1.76553e-07 1 3.21402e-06 3.05942e-06 1 -2.8438e-08 1.13186e-05 1 -1.25426e-06 2.95904e-05 1 -0.00130665 8.81838e-06 0.999999 -1.73541e-08 -3.51854e-07 1 0 0 1 0.00080329 0.00314155 0.999995 0.00121492 -0.00225492 0.999997 -5.61601e-08 2.73246e-07 1 -5.9228e-08 2.19189e-07 1 1.5696e-12 -9.80399e-07 1 1 1.05614e-07 7.18477e-08 1 0 0 1 -1.22331e-07 7.18477e-08 1 1.3452e-07 5.36786e-08 1 0 0 1 0 0 1 0 0 1 -1.14113e-07 5.38445e-08 3.82866e-08 0 -1 3.82866e-08 0 -1 -3.82866e-08 0 1 -3.82866e-08 0 1 0.219876 -0.440026 -0.87065 0.00686474 -4.2804e-05 -0.999976 -0.0992162 0.00490044 -0.995054 1 4.73994e-05 -0.000104305 1 0.000202987 1.63314e-05 1 0 0 1 0 0 1 0 0 1 0.000378066 -0.000418047 0.999999 0.00112836 -9.72919e-05 0.948087 -0.314633 0.0462362 0.994416 0.0606962 -0.0863292 0.992929 0.10002 -0.0639382 1 0 0 -0.18542 0.718354 0.670512 -0.44707 0.246194 0.859952 -0.795664 0.548961 0.256046 5.47355e-06 2.87261e-06 -1 6.42946e-09 -2.31383e-07 -1 4.15029e-08 -1.90913e-07 -1 2.84382e-08 -2.41447e-07 -1 5.61601e-08 2.0837e-07 -1 -9.05427e-05 0.000231018 -1 -0.000362289 -2.47923e-07 -1 -4.03175e-05 0.000817539 -1 -1.5696e-12 9.80399e-07 -1 -4.54081e-05 0.000740056 -1 5.84385e-07 1.18487e-05 -1 0 0 -1 -0.185617 0.853835 -0.486324 0.132851 0.458531 0.878692 0.714077 0.699187 0.035084 -1 3.16397e-05 -6.97275e-05 -1 0 0 -1 1.2405e-07 -7.18477e-08 -1 -1.34327e-07 -5.36015e-08 -1 0 0 -1 3.13166e-05 4.75439e-05 -1 0.000127216 -4.13403e-08 -1 0.00012687 -7.18721e-08 0.50093 0.0926026 -0.86052 0.0203603 -8.99643e-08 -0.999793 0.0993297 0.000763888 -0.995054 -0.0116735 0.00480489 -0.99992 0.185031 0.718192 0.670794 0.000989616 -0.999679 0.0253232 -1.35732e-08 -0.703504 0.710691 0.0155128 -0.999879 0.00144108 -3.42789e-08 0.995018 -0.0996938 7.49868e-07 0.995026 -0.099618 0.995072 0.00897855 0.0987476 -1 0 0 -1 0 0 -1 0 0 -1 0 0 -0.00115031 0.901184 0.433435 -4.78349e-08 0.955989 0.293401 -4.69091e-08 0.259455 0.965755 0.00104981 0.401827 0.915715 0.987774 0.149033 0.0457396 -0.991515 -0.0742873 0.106678 1 0 0 1 0 0 1 0 0 0.436192 0.899854 0.000152694 0.557402 0.830239 0.00261854 -0.00243409 0.865126 -0.501548 0.00203545 0.499564 -0.866274 -0.558479 0.829515 0.00253439 -0.682409 0.730971 7.08677e-05 0.000162317 0.999998 -0.00223026 -3.82866e-08 1 -1.18539e-07 0.0032949 0.999995 -0.000250072 -4.06478e-06 1 -6.19905e-06 6.27259e-08 -1 1.20753e-06 7.41384e-07 -1 1.2412e-07 -1.10493e-05 -1 6.3019e-07 0.780908 -0.530571 0.329662 -0.230957 -0.822083 -0.520421 4.47007e-08 -1 1.00725e-07 1.33408e-07 -1 1.25575e-07 -5.67736e-09 -1 1.20867e-06 7.42853e-07 -1 6.99239e-07 3.8277e-08 -1 -8.7138e-06 2.5431e-07 -1 1.07358e-07 4.43534e-08 -1 -8.77312e-09 -0.956093 -0.223878 0.189116 -0.0543716 -0.324461 -0.944335 0.855299 -0.429042 0.290494 0.0502482 -0.24851 0.967325 0 1 0 0 1 0 0 1 0 0 1 0 0.704623 -4.34045e-06 0.709581 0.704603 6.88406e-08 0.709602 -0.261726 9.36313e-08 0.965142 -0.262205 -7.45765e-05 0.965012 -0.966824 -2.97664e-06 0.255442 -0.966829 2.47794e-08 0.255423 -0.704407 -4.78308e-05 -0.709796 -0.704622 -2.25629e-06 -0.709583 0.262053 -9.36227e-08 -0.965054 0.262181 -2.00561e-05 -0.965019 0.966831 -2.47789e-08 -0.255419 0.966831 -2.47789e-08 -0.255419 0 -1 0 0 -1 0 0 -1 0 0 -1 0 1 -0.000250497 0 1 0 -0.000499187 3.47346e-08 0 -1 3.47929e-08 1.56101e-08 -1 -0.52677 -0.23634 -0.81649 0 0 -1 0 0 -1 3.49904e-08 2.00435e-08 -1 3.49652e-08 1.34343e-08 -1 3.52875e-08 9.175e-10 -1 3.39999e-08 -7.52938e-08 -1 3.36698e-08 -6.64424e-13 -1 3.23938e-08 1.57206e-08 -1 0 0 -1 -0.919796 0.354852 0.167497 0.795743 0.430443 0.426041 0.0601564 0.61648 -0.785069 -0.776372 0.620644 -0.109758 -0.759968 0.634962 -0.138823 -0.670578 0.709056 0.218096 -0.297011 -0.853818 0.427528 0.774258 0.152846 0.614136 0.65351 0.729633 -0.201396 -0.364948 0.17493 0.914446 0.862782 -0.0210796 0.505136 -0.646346 0.0310702 -0.762411 -0.130435 0.43954 0.888702 0.238378 0.929795 0.28046 0.83402 0.165415 -0.526353 0.486268 0.222136 -0.845103 -0.963662 -0.195768 0.181741 0.279117 -0.848166 0.450231 0.911957 0.0837055 0.401656 -0.297682 0.0101582 0.954611 0.833214 0.257388 0.489394 -0.848635 0.251221 -0.465518 0.552892 0.379755 -0.741685 0.0944753 0.69164 0.716037 0.251378 -0.151936 -0.955889 -5.16684e-08 1 0 -5.16684e-08 1 0 -1 0 0 5.17401e-08 -1 0 5.17401e-08 -1 0 1 0 0 3.88051e-08 -1.86269e-07 -1 -5.17401e-08 0 1 -3.87513e-08 1.82612e-07 1 -1 0 0 5.16684e-08 0 -1 1 0 0 -0.999668 -0.00956774 0.0239175 0.999638 -0.0102466 -0.0248847 -0.00069222 -0.00996898 -0.99995 0.000692222 -0.00978646 0.999952 0.999652 -0.0100406 0.0243845 -0.999655 -0.00975457 -0.0243846 0.000694017 -0.00999485 0.99995 -0.000694018 -0.00981222 -0.999952 -5.16684e-08 1 0 -5.16684e-08 1 0 -1 0 0 5.17401e-08 -1 0 5.17401e-08 -1 0 1 0 0 5.17401e-08 0 -1 -3.88051e-08 1.86269e-07 1 -1 0 0 3.87513e-08 -1.82612e-07 -1 1 0 0 -5.16684e-08 0 1 -0.999668 -0.00956833 0.023919 0.999638 -0.0102472 -0.0248863 -0.000694017 -0.00999485 -0.99995 0.000694019 -0.00981222 0.999952 0.999652 -0.0100412 0.0243861 -0.999655 -0.0097552 -0.0243861 0.000692221 -0.00996861 0.99995 -0.000692221 -0.00978683 -0.999952 0.939964 0.166207 0.298066 0.813613 0.567835 0.12489 0.99241 0.0276682 -0.119821 0.8138 -0.56761 0.124698 0.596913 -0.532027 0.600535 0.596868 -0.192001 0.779028 -0.414024 0.739283 0.53108 -0.345751 -0.772225 0.533034 -0.345857 -0.436031 0.830819 -1 0 0 -1 0 0 -0.992719 -0.106654 0.055976 -0.677423 -0.689161 -0.257206 -0.684024 -0.479907 -0.549363 -0.995873 0.0216738 -0.0881269 -0.765299 0.59813 -0.237818 -0.992788 0.106155 0.0557112 -0.951195 0.204632 0.230983 -0.92678 -0.364691 0.0898895 0.00125853 0.903791 0.427972 0.000937328 0.720607 0.693343 -0.941412 -0.0406592 -0.334799 -0.992939 0.0143015 -0.117759 -0.998111 0.021782 -0.0574404 -0.936185 0.199694 -0.289276 -0.927433 0.363118 0.0895191 -1 0 0 0.998037 -0.0222052 -0.0585548 0.99582 -0.0220983 -0.0886192 0.936159 -0.199737 -0.28933 0.765292 -0.598143 -0.237808 0.992789 -0.106144 0.0557086 0.951543 -0.203925 0.230176 1 0 0 1 0 0 0.992792 0.106124 0.0556951 0.677923 0.688769 -0.25694 0.680196 0.482694 -0.551671 0.992663 -0.0145768 -0.120029 1.18956e-06 0.960318 0.278907 -1.36524e-06 0.99916 -0.0409732 0.927389 -0.363229 0.0895292 1 0 0 0.927436 0.363114 0.0894996 7.38139e-07 -0.99916 -0.0409804 -4.66834e-06 -0.960279 0.279041 -0.00126089 -0.903812 0.427927 -0.000940843 -0.720535 0.693418 0.939283 0.04137 -0.340642 -0.813643 0.567798 0.124861 -0.768746 0.424111 0.478707 -0.596796 0.191996 0.779084 0.413871 0.739363 0.531088 0.414697 0.438008 0.797606 -0.939828 -0.166536 0.298309 -0.813587 -0.567869 0.124901 -0.997727 -0.014542 -0.0658003 0.414054 -0.739277 0.531064 -5.58713e-08 -0.079789 0.996812 1 0 0 0.905078 -0.0512816 -0.422141 1 0 0 -6.68226e-08 0.100112 0.994976 0.808774 0.277268 0.518659 0.94578 0.287599 0.150957 0.870076 0.478601 0.117938 0.711467 0.652763 -0.260222 0.938903 0.159945 -0.30476 0.985264 0.0206266 -0.169791 0.697998 -0.474848 -0.536022 0.681523 -0.682818 -0.263222 0.870751 -0.477442 0.117655 1 0 0 -0.000821093 -0.100201 0.994967 -0.00082338 -0.354598 0.935019 -3.74382e-08 -0.335427 0.942066 -1.58298e-08 -0.568042 0.822999 2.48752e-06 -0.748511 0.663123 8.9826e-07 -0.568024 0.823012 6.22663e-09 -0.748551 0.663077 2.61217e-08 -0.885451 0.464732 2.64591e-08 -0.885451 0.464732 4.54289e-08 -0.970953 0.23927 1.97427e-06 -0.970942 0.239316 2.04891e-06 -1 4.92231e-05 1.04422e-06 -1 2.43365e-05 -8.68065e-07 -0.970926 -0.239379 7.47113e-08 -0.970932 -0.239356 8.38297e-08 -0.885465 -0.464707 -0.00119858 -0.871281 -0.490782 -0.000984426 -0.748562 -0.663065 8.6451e-08 -0.764964 -0.644074 8.6127e-08 -0.555972 -0.831201 0.000554942 -0.568029 -0.823009 0.00103652 -0.378381 -0.92565 1.43592e-05 -0.354945 -0.934887 -1.04841e-06 -0.120593 -0.992702 5.36115e-08 -0.12062 -0.992699 3.87387e-08 0.120596 -0.992702 3.85222e-08 0.120596 -0.992702 2.15224e-08 0.354616 -0.935012 -0.00103425 0.378331 -0.92567 -0.000553055 0.56803 -0.823007 1.65041e-08 0.556014 -0.831173 -7.50482e-09 0.764956 -0.644082 0.000987804 0.748497 -0.663137 0.00120117 0.87126 -0.490821 -1.24464e-08 0.88547 -0.464696 -3.03533e-08 0.970938 -0.23933 3.99832e-06 0.970914 -0.239427 -4.68926e-08 1 4.93321e-05 -4.6569e-08 1 4.93241e-05 -6.00691e-08 0.970954 0.239266 -6.06997e-08 0.970954 0.239266 -7.00872e-08 0.88544 0.464754 -7.00377e-08 0.88544 0.464754 -7.60264e-08 0.748551 0.663077 1.43858e-06 0.748576 0.663049 -1.78795e-06 0.568036 0.823004 -1.12623e-06 0.568049 0.822995 -6.93685e-07 0.335427 0.942066 0.00082263 0.354598 0.935019 0.000818242 0.0796159 0.996825 -0.945883 0.115069 0.30342 -0.9071 0.0507606 -0.417842 -0.970229 -0.137571 -0.199325 -0.808182 -0.27777 0.519312 -0.945789 -0.287578 0.150936 -0.870141 -0.478483 0.117935 -0.711377 -0.652849 -0.260249 -0.914863 -0.211606 -0.343873 -0.950692 0.0193279 -0.309533 -0.700178 0.472975 -0.534832 -0.680851 0.683343 -0.263599 -0.870164 0.478449 0.117901 -0.945731 0.287723 0.151022 1.44327e-06 -0.737209 0.675665 1.09376e-06 -0.568105 0.822956 -0.0011405 -0.591659 0.806187 -0.000549811 -0.354573 0.935028 -2.21151e-08 -0.342277 0.939599 -3.80747e-08 -0.120561 0.992706 -5.27879e-08 0.120558 0.992706 0.000547598 0.354581 0.935025 -8.48832e-08 0.568117 0.822948 -8.21242e-08 0.890116 0.455734 -5.8471e-08 0.999162 -0.0409405 -4.46438e-08 0.970941 -0.239319 -2.56733e-08 0.885456 -0.464723 -5.20691e-09 0.748484 -0.663153 -1.59136e-06 0.568133 -0.822937 -0.000812651 0.37375 -0.927529 5.46049e-08 0.100112 -0.994976 0.000815312 -0.120489 -0.992714 -1.74709e-06 -0.354573 -0.935028 1.19427e-06 -0.568145 -0.822929 7.47207e-08 -0.748469 -0.66317 6.88799e-08 -0.885467 -0.464702 1.96976e-06 -0.970942 -0.239316 2.69287e-08 -0.960312 0.278927 1.2927e-08 -0.890114 0.455739 2.01448e-06 -0.999161 -0.0409484 5.90408e-08 -0.97093 -0.239363 6.88799e-08 -0.885467 -0.464702 1.54768e-06 -0.748493 -0.663142 -1.52209e-06 -0.568088 -0.822968 0.000813516 -0.373801 -0.927509 -0.000814937 0.120484 -0.992715 -1.79033e-06 0.354624 -0.935009 1.55516e-08 0.5681 -0.82296 -5.20691e-09 0.748484 -0.663153 -2.56733e-08 0.885456 -0.464723 -4.46438e-08 0.970941 -0.239319 -7.56193e-08 0.960309 0.278938 -8.62141e-08 0.737193 0.675682 0.00113899 0.591619 0.806217 -6.38893e-08 0.342333 0.939579 -5.27879e-08 0.120558 0.992706 -3.80747e-08 -0.120561 0.992706 -0.999987 0.00184338 -0.00486098 -0.998251 -0.0137368 0.0575062 -0.989658 -0.0814966 0.118052 -0.600439 -0.795487 -0.081693 -0.982508 -0.132418 -0.130937 -0.99643 0.0291418 -0.079237 -0.982911 0.167482 0.0763894 -0.879006 0.350777 0.322961 -0.871492 0.0720232 0.485093 -0.911306 -0.308177 0.273035 -0.885176 -0.264312 -0.382887 -0.999946 -0.00368749 0.00972277 -0.999994 -0.00197203 0.00285664 -0.917231 0.298157 -0.264177 -0.895814 0.431517 0.106351 0.895555 0.263982 0.358183 0.842581 0.528274 0.104806 0.971418 0.149105 -0.184701 -0.945719 -0.212583 -0.245812 0.972079 -0.147971 0.182118 -0.435145 0.730608 0.526175 0.959893 -0.0994243 -0.262144 0.995282 -0.0551202 -0.0798481 0.992491 -0.064239 -0.104092 0.823237 -0.564754 0.0577335 0.994815 -0.0577786 0.0836954 1 0 0 0.998208 0.0143191 0.0580953 0.759375 0.648838 -0.0485802 0.948002 0.224475 -0.225616 0.908245 -0.313195 -0.27749 -0.00125959 0.979945 -0.199264 -0.000935182 0.865605 -0.500726 0.946322 -0.241932 0.214344 1 0 0 0.989266 0.083018 0.120252 0.900122 0.326066 0.288897 -0.00125419 -0.979919 0.199391 -0.000960383 -0.865327 0.501208 0.878133 0.35808 -0.317272 0.833621 0.14289 -0.533534 -0.957403 0.177525 0.227737 0.385692 0.00990149 0.922575 -0.596829 -0.192017 0.779054 -0.921904 -0.300509 0.244515 -0.99443 -0.0624697 -0.0848947 0.414474 -0.438045 0.797702 0.789092 -0.217831 0.574354 0.907885 -0.313795 0.277989 0.962838 -0.202159 -0.179097 0.905491 -0.241058 -0.349253 1 0 0 0.631399 0.225424 0.74197 0.945797 0.287555 0.150933 0.923174 0.373217 0.0919696 0.94908 0.208901 -0.235812 0.787279 0.218644 -0.576529 0.981713 -0.134403 -0.134814 0.822412 -0.563629 -0.07721 0.986498 -0.093029 0.134788 9.47423e-07 -0.120569 0.992705 9.07329e-07 -0.354615 0.935012 -3.57968e-08 -0.354637 0.935004 -1.58312e-08 -0.568029 0.823009 1.29763e-06 -0.748522 0.66311 -5.78542e-07 -0.56804 0.823001 6.22673e-09 -0.748543 0.663087 2.82182e-08 -0.896841 0.442354 0.000982648 -0.885485 0.464668 0.00121648 -0.968515 0.248952 0.000822716 -0.970915 0.239423 0.000824824 -0.999793 0.0203235 -0.000817839 -0.999797 -0.0201544 -0.000822463 -0.967356 -0.253421 -0.000513153 -0.969397 -0.245497 0.000426816 -0.897091 -0.441846 8.42572e-08 -0.892077 -0.451883 8.76457e-08 -0.74851 -0.663123 8.87158e-08 -0.74851 -0.663123 8.63672e-08 -0.568042 -0.822999 1.26519e-05 -0.568297 -0.822823 -2.98875e-06 -0.341109 -0.940024 0.000546922 -0.354679 -0.934988 0.00106962 -0.134221 -0.990951 -0.000426977 -0.0949707 -0.99548 0.000425217 0.0949856 -0.995479 5.53437e-08 0.106116 -0.994354 3.60373e-08 0.354598 -0.935019 -0.000816088 0.37333 -0.927698 -0.0008236 0.568044 -0.822998 1.71409e-08 0.551091 -0.834445 -5.29998e-09 0.748499 -0.663136 6.22556e-09 0.748498 -0.663137 -1.43037e-08 0.896877 -0.44228 0.00100409 0.885269 -0.465078 0.00121612 0.968515 -0.248951 0.000822857 0.970903 -0.239471 0.000824724 0.999793 -0.0203236 -0.000820976 0.999795 0.020229 -0.000821555 0.970954 0.239266 -0.00108646 0.969356 0.245657 -0.00054946 0.88544 0.464754 -6.94361e-08 0.892063 0.45191 -7.60269e-08 0.748529 0.663103 -1.27198e-06 0.748509 0.663125 3.70103e-07 0.551144 0.83441 0.000821749 0.56803 0.823007 0.000823584 0.37352 0.927622 2.16489e-05 0.355116 0.934822 -4.15199e-06 0.106122 0.994353 0.000551473 0.120688 0.99269 0.00104283 -0.0950416 0.995473 -0.978584 0.116929 0.169416 -0.893374 0.336315 0.297951 -0.910788 0.309035 -0.273791 -0.65392 0.180468 -0.734724 -0.969475 -0.183528 -0.162592 -0.646185 -0.758037 0.0884605 -0.97891 -0.0246312 0.202801 -0.945829 -0.115138 0.303563 -0.723072 -0.554549 0.411877 -0.916303 -0.285859 -0.280486 -0.800941 -0.166512 -0.575124 -0.866816 0.381569 -0.320991 -0.685075 0.721321 -0.101824 -0.983695 0.10484 0.146127 5.20499e-09 -0.748469 0.66317 -1.55505e-08 -0.568111 0.822952 -0.000808535 -0.584842 0.811147 -0.000821978 -0.354616 0.935012 -3.70402e-08 -0.335151 0.942165 -0.000668355 -0.14918 0.98881 0.000571032 0.133347 0.991069 -7.86938e-08 0.354624 0.935009 -8.48829e-08 0.5681 0.82296 -0.000670772 0.871582 0.490249 -0.000812819 0.969408 0.245453 0.000819631 0.999786 -0.0206808 -2.4273e-08 0.877451 -0.479666 -5.20828e-09 0.748494 -0.663141 1.55499e-08 0.568117 -0.822948 2.1155e-08 0.354581 -0.935025 0.000537374 0.120558 -0.992706 5.27881e-08 -0.120561 -0.992706 0.000815528 -0.354572 -0.935028 8.48834e-08 -0.568128 -0.82294 -0.00115123 -0.871529 -0.490342 -0.000814504 -0.969378 -0.24557 0.000819687 -0.999788 0.0205811 1.08945e-08 -0.877496 0.479584 -6.17969e-09 -0.748469 0.66317 0.000816704 -0.968509 0.248979 -0.000819329 -0.99979 -0.0204753 -0.000543052 -0.970946 -0.239298 -3.84868e-07 -0.885451 -0.464733 -5.7296e-07 -0.748491 -0.663146 8.61386e-08 -0.748479 -0.663158 0.000813248 -0.584955 -0.811066 6.35771e-08 -0.335324 -0.942103 0.00114042 -0.14918 -0.988809 3.72226e-08 0.133304 -0.991075 3.54189e-08 0.35458 -0.935026 1.55499e-08 0.568117 -0.822948 -5.20828e-09 0.748494 -0.663141 0.000817127 0.96851 -0.248973 -0.000823039 0.99979 0.0204738 0.000670825 0.97748 0.211027 -8.17759e-08 0.879295 0.476277 -8.61738e-08 0.748483 0.663154 -8.61385e-08 0.748483 0.663154 -8.48829e-08 0.5681 0.82296 0.00115096 0.381728 0.924274 0.000602264 0.134044 0.990975 -5.23378e-08 -0.133357 0.991068 -0.949704 -0.0377627 -0.310864 -0.94571 -0.115254 -0.30389 -0.85884 -0.512244 0 -0.910793 -0.309028 0.273785 -0.654093 -0.180413 0.734584 -0.96942 0.183683 0.162741 -0.646154 0.758067 -0.0884241 -0.83136 0.257033 -0.492721 -0.722928 0.554691 -0.411938 -0.916417 0.2857 0.280278 -0.801004 0.166449 0.575054 -0.866888 -0.381464 0.320921 -0.894033 -0.44786 0.0112183 -0.74133 -0.540792 -0.397458 4.02947e-06 0.120496 -0.992714 1.90001e-06 0.354616 -0.935012 3.57891e-08 0.354659 -0.934996 1.58289e-08 0.568052 -0.822993 2.76896e-06 0.748497 -0.663138 5.77858e-07 0.56804 -0.823001 1.86802e-08 0.748542 -0.663087 -3.7834e-10 0.896851 -0.442332 0.000983668 0.885484 -0.464669 0.00121708 0.968524 -0.248919 0.000822641 0.970927 -0.239373 0.000824715 0.999793 -0.020323 -0.000816722 0.999797 0.0201245 -0.000820463 0.965818 0.259218 -0.000252954 0.969406 0.245462 0.00022095 0.894691 0.446685 -5.61636e-08 0.892081 0.451875 -6.44099e-08 0.748486 0.663151 -4.6691e-08 0.748486 0.66315 -3.42184e-08 0.551125 0.834423 0.00083198 0.568256 0.822852 0.000814873 0.373387 0.927675 -2.17578e-08 0.354665 0.934994 -6.58964e-09 0.106133 0.994352 -0.000425083 0.0949719 0.99548 0.000425135 -0.0949835 0.995479 6.6079e-09 -0.106112 0.994354 2.20164e-08 -0.354598 0.935019 -0.000814889 -0.373303 0.927709 -0.000822942 -0.568065 0.822983 3.42808e-08 -0.551126 0.834422 4.64729e-08 -0.748498 0.663137 -4.04662e-08 -0.748499 0.663136 -2.74604e-08 -0.896877 0.442281 0.00100391 -0.885271 0.465075 0.00121594 -0.968515 0.24895 0.000822883 -0.970902 0.239475 0.000824779 -0.999793 0.0203244 0 -1 0 1.60857e-08 -0.965856 -0.259078 1.16201e-05 -0.965931 -0.2588 -1.81884e-06 -0.894731 -0.446605 2.64836e-08 -0.894751 -0.446564 4.11715e-08 -0.748519 -0.663113 4.82647e-06 -0.748597 -0.663025 -5.07746e-07 -0.551155 -0.834403 0.000821907 -0.568111 -0.822952 0.000823741 -0.373521 -0.927622 4.98047e-08 -0.354615 -0.935012 3.74564e-08 -0.106099 -0.994356 0.000552609 -0.12059 -0.992702 0.00104228 0.095057 -0.995471 0.78888 0.217928 -0.574609 0.907767 0.313976 -0.27817 0.847414 0.397396 0.352089 0.572834 0.217305 0.790341 1 0 0 0.850874 -0.39325 -0.34838 0.6312 -0.225416 -0.742142 0.900393 -0.314873 -0.300244 0.724413 -0.686366 -0.0642424 0.949114 -0.208837 0.235732 0.788192 -0.21823 0.575438 0.84652 0.398634 0.352837 0.721588 0.689369 0.063873 0.98647 0.0931288 -0.134925 1 0 0 0.946437 0.241676 -0.214127 -0.000936306 -0.865618 0.500705 -0.00126007 -0.979945 0.199262 0.908209 0.313247 0.277548 0.995277 0.0551468 0.0798866 0.959856 0.0994693 0.262262 0.833443 -0.14294 0.533798 0.878191 -0.358013 0.317187 -0.000960196 0.865328 -0.501205 -0.00125398 0.979909 -0.199442 0.961848 -0.273585 0 0.994825 0.0577252 -0.083618 0.823358 0.564577 -0.057741 0.992483 0.0642715 0.104146 0.947997 -0.22451 0.225603 0.911863 -0.410154 -0.0167259 0.999086 -0.0242777 -0.0351686 1 0 0 -0.781202 -0.416986 -0.464593 -0.596878 -0.192009 -0.779018 0.411167 0.0162842 -0.911414 0.715105 -0.593364 -0.369519 0.414804 -0.438021 -0.797543 -0.761232 0.15519 -0.629636 -0.922048 0.300244 -0.244297 -0.99445 0.0623678 0.0847301 0.507484 0.401197 -0.762562 -0.872247 -0.0716576 -0.483787 -0.968374 -0.186756 -0.16545 -0.771616 -0.628695 -0.0967068 -0.917213 -0.298198 0.264195 -0.999997 0.00144823 -0.00209799 -0.999971 0.00270805 -0.0071399 -0.965976 0.0367249 0.25601 -0.970759 0.179674 0.159198 -0.911633 0.307628 -0.272561 -0.989695 0.0813511 -0.117841 -0.999983 -0.00208231 0.00549103 -0.922971 -0.298631 -0.242785 -0.996403 -0.0294633 0.0794592 -0.971631 0.176735 0.157153 -0.77604 0.623169 0.0970689 -0.998264 0.0136078 -0.0573099 0.97155 -0.148702 0.184331 0.972042 0.148061 -0.182244 -2.21023e-08 -0.133325 0.991072 -6.8912e-09 -0.35458 0.935026 -3.39888e-08 -0.354581 0.935025 -1.55499e-08 -0.568117 0.822948 -6.88177e-07 0.748504 0.66313 5.20632e-09 -0.748479 0.663158 -1.55499e-08 -0.568117 0.822948 -1.85389e-08 -0.748479 0.663158 -2.4946e-09 -0.877477 0.47962 0.000815273 -0.968519 0.24894 0.000817741 -0.999786 0.020659 -0.000822162 -0.999791 -0.0204244 -0.000812388 -0.969415 -0.245427 0.000311707 -0.975643 -0.219366 -0.000328816 -0.871619 -0.490184 5.70531e-08 -0.875655 -0.482937 6.33031e-08 -0.748469 -0.66317 4.6348e-08 -0.748468 -0.66317 3.46658e-08 -0.5681 -0.82296 0.000810275 -0.584866 -0.81113 0.000819542 -0.354624 -0.935009 2.0043e-08 -0.335224 -0.942138 8.13931e-09 -0.133386 -0.991064 0.00066759 -0.149153 -0.988814 -0.000667686 0.149174 -0.988811 -8.02541e-09 0.133363 -0.991067 -2.04493e-08 0.335121 -0.942175 -0.000823858 0.354633 -0.935005 -0.000810198 0.584853 -0.811139 -3.39876e-08 0.568088 -0.822968 -4.56736e-08 0.748494 -0.663141 4.17145e-08 0.748493 -0.663143 2.92646e-08 0.877496 -0.479585 0.000814788 0.968509 -0.248978 0.000815814 1 0 -1.25184e-09 0.99979 0.0205151 -1.33636e-08 0.975725 0.219002 -1.42941e-05 0.975646 0.219353 4.56535e-06 0.87568 0.482892 -5.01015e-07 0.875741 0.482781 -8.49709e-08 0.748514 0.663119 -8.48834e-08 0.568105 0.822956 0.000814132 0.584953 0.811067 0.00081601 0.354589 0.935022 -4.93041e-08 0.335326 0.942102 -3.76441e-08 0.120555 0.992707 0.00113925 0.149145 0.988815 0.00053812 -0.120558 0.992706 0.000625329 1 -0.000566541 -0.000199803 1 0 0.998978 0.0451925 0 0.999503 0.0308532 0.00649292 -0.0339379 -0.0132985 0.999335 0.00241966 0.000923165 0.999997 -2.02822e-05 0.00367491 0.999993 -0.972272 -0.161554 0.16908 -0.946743 -0.136776 0.291496 -0.992757 0.120139 0 -0.999856 -0.015616 -0.00668157 -0.999024 0.0141945 0.041838 0.0174046 -0.99809 0.0592789 -0.349854 -0.109999 -0.930324 5.71109e-05 0.00565668 -0.999984 0.00368457 0.00129031 -0.999992 0 -1 0 0.00864025 -0.999952 0.00457423 0.000744769 -0.0339507 -0.999423 0.00726736 -0.0415463 -0.99911 -0.0132031 -0.999508 0.0284568 0.104485 -0.993574 -0.043516 -0.0166875 -0.0176257 0.999705 -0.00923677 -0.0271446 0.999589 -0.276942 -0.959854 -0.0445255 0.320177 -0.947339 -0.00594292 -0.0127746 0.999899 -0.00617416 -0.000121728 1 -2.03158e-08 -0.999127 -0.0417827 -0.000166749 -0.999385 -0.0347293 0.00485412 -0.99905 -0.0435681 0.00138534 -0.948938 -0.309391 0.0615883 -6.62581e-05 1 0.000379102 0.000212578 1 0 1 0 0 1 0 0 1 0 0 1 0 0 1 0 0 1 0 0 0.992034 -0.0442415 -0.117949 0.988071 0.153314 0.0145243 1 0 0 0.349814 0.935322 -0.0529506 0.980742 -0.0686077 0.182859 0.993393 0.0616088 0.0968191 -4.31368e-08 9.39614e-08 1 -4.3143e-08 9.39516e-08 1 -1 0 0 -1 0 0 4.31368e-08 -6.83284e-08 -1 4.31222e-08 -6.83054e-08 -1 0.00203152 -0.99997 0.00745605 8.41478e-05 -1 0 1.05185e-05 1.25346e-07 1 -5.47832e-08 2.43124e-05 1 0 1 0 0 1 0 -1.54079e-08 2.68217e-05 -1 1.18094e-05 -2.23273e-07 -1 0.000164799 -1 -0.000803105 0.000364067 -1 0 0.000968102 -0.00467034 -0.999989 5.75272e-05 0 -1 -0.000175923 -1 -0.000747669 3.50616e-06 -1 1.49011e-05 -4.24967e-08 -0.00350433 0.999994 0.000680055 0 1 0 -1 0 0 -1 0 1 0 0 1 0 0 1 0 0 1 0 0 1 0 0 1 0 0 0.945317 0.292836 0.143608 0.981139 -0.177613 -0.0762816 -0.953633 -0.290104 0.080145 -0.970993 0.180453 -0.156876 0.0187584 -0.628402 -0.777663 0.00880257 0.020122 0.999759 -0.999785 -0.0199114 -0.00578814 -0.999769 0.00106273 -0.0214634 0.999873 0.0127945 0.00945905 0.997347 -0.0582835 -0.0436011 -0.0102366 -0.0137124 0.999854 0.224286 0.221709 0.948968 0.0680274 -0.997191 0.031358 0.0133661 -0.99977 -0.0167511 0.0671477 -0.0178622 -0.997583 -5.67607e-06 -0.0834001 -0.996516 0.00741453 -0.0100352 -0.999922 0.0046926 -0.0072866 -0.999962 -0.0227128 0.99973 -0.00497316 -0.262447 -0.426974 0.865341 0.0952291 0.992212 -0.0802896 -0.0406946 0.997386 0.0597043 -0.001935 0.999919 0.0126085 -0.0118428 0.99919 0.0384598 0.989771 -0.142664 -0.000135692 0.989243 0.0147547 -0.145536 -3.8348e-09 -1 -0.000673292 -0.0029074 -0.999984 -0.00476164 -0.994181 -0.107717 -0.000849926 -0.80266 0.405772 -0.437134 0.157153 -0.202882 -0.96651 0.0258874 0.0151365 -0.99955 7.41656e-06 0.999879 0.0155811 -0.0308551 0.999524 -0.000224905 -0.0232033 0.000479839 -0.999731 0.000354994 -0.0291729 -0.999574 1 -0.000569463 -1.31074e-05 0.999999 -0.00124172 0.00050931 -0.0740097 9.21648e-05 0.997258 -0.112915 -0.0252254 0.993284 -0.232174 -0.966182 0.112197 -0.132641 0.991105 -0.0107948 -0.144858 0.015374 0.989333 -0.181851 -0.982054 0.0500086 -0.0826048 -0.994895 0.0579624 -0.0229456 -0.999737 -7.65855e-05 -0.979378 -0.169401 -0.110102 -0.683724 0.299755 -0.665333 -0.976079 -0.168831 -0.136986 -0.583074 0.452852 0.6745 0.0043803 -0.00750326 0.999962 0.0428175 -0.110531 0.99295 0.00492663 -0.0240772 0.999698 0.00225068 -0.0122275 0.999923 -1 0.00036269 -1.46283e-06 -1 0.000109492 0.000204451 -0.0291266 -0.794528 0.606529 0.999998 0.00134735 -0.00137995 0.984339 0.174353 0.0260192 1 -0.000266069 -0.000321401 -0.0374013 -0.999292 0.00403043 -0.000757818 -1 0.000237193 0.000197075 -0.999994 0.00345986 0.00108787 -0.999999 0.000859052 0.133585 -0.00124943 -0.991037 0.0680319 0.00973427 -0.997636 -0.00451682 -0.040366 -0.999175 0.00258167 -0.0983192 -0.995152 0.000834387 -0.127693 -0.991813 -0.0794272 0.00590644 -0.996823 -0.0978432 0.0028249 -0.995198 -0.217369 -0.321135 -0.92175 -0.212669 -0.150911 -0.9654 0.214832 -0.110494 -0.97038 0.217789 -0.170488 -0.96099 1.03249e-07 -0.976968 0.213388 -1.1864e-07 1 0 2.07266e-05 1 0.000459744 0.212548 0.950105 -0.228307 -0.000181893 0.539456 -0.842014 -0.0398124 0.998266 -0.0433515 0.040343 0.998249 -0.0432643 -0.270633 0.916586 -0.294326 -0.137731 -0.50903 -0.849658 -5.93199e-08 0 1 -0.0213315 0.439201 0.898136 0.116371 -0.746203 -0.655469 0.863741 0 0.503936 0.00120546 0.999992 -0.00383941 -0.00122108 0.999999 0.000833824 -0.00163753 0.999992 -0.00375122 0.248062 0.966436 0.0668331 0.884999 0.465594 0 0.872943 5.7685e-07 0.487821 0.0023209 0.101496 -0.994833 -0.811815 0.321299 0.487569 -6.02726e-08 0.00804642 0.999968 -0.00409054 -0.0321239 0.999476 0.000821267 1.18231e-06 1 1 0 0 0.0185236 0.996264 -0.0843447 1 -0.000158481 -0.000120373 -2.42136e-05 -1 -0.000850775 -0.000165009 -0.999999 -0.00143056 -0.0185272 0.996256 -0.0844473 -1 -0.000140451 -0.000107122 -1 0 0 0.050681 0.994637 0.0901599 -0.00460353 -0.0280848 -0.999595 -0.0002111 -0.00440683 -0.99999 -0.219673 -0.0999385 0.970441 -0.161865 -0.253342 0.953739 -0.0769762 -0.815668 0.573377 0.158692 -0.175633 0.971581 0.219923 -0.0322241 0.974985 -0.0982906 0.0347234 0.994552 -0.419174 0.602985 -0.678751 -0.99943 -0.0337415 0.000872193 -0.999676 -0.00136263 -0.025413 -0.999391 -0.028049 -0.0207344 0.999563 -0.0295349 0.000813918 0.999625 0.00550077 -0.0268329 -0.123215 0.171347 -0.977476 0.0307452 -0.999138 -0.0278867 -4.65958e-05 -0.999989 0.00464151 -0.0380732 -0.998211 -0.0461006 -0.0520939 0.991718 -0.117396 0.000758062 -0.00220087 -0.999997 -9.03558e-07 -0.00297344 -0.999996 0 -0.00297928 -0.999996 1.74644e-06 -0.00296756 -0.999996 -0.00183277 -0.00110437 -0.999998 -0.00072788 -0.202062 0.979373 0.0585159 0.989238 -0.134103 8.08175e-05 1 -3.25782e-06 -0.000588509 1 0.000600504 0.000303865 1 -1.1055e-05 0.0010283 0.999999 -0.000779004 0.0403482 0.243372 0.969094 -0.156217 -0.36257 0.918771 0.112436 0.169812 0.979041 0.00446898 0.998791 -0.0489487 0.990082 -0.140492 -5.44913e-05 0.992123 0.000277469 -0.125271 0 -1 -0.000949673 -0.000434435 -0.999998 -0.00185296 -0.104487 0.979969 -0.16954 -0.991743 -0.00337444 -0.1282 -0.989964 -0.141317 -0.000421742 -0.0353893 0.825662 -0.563054 -0.00915955 -0.024922 -0.999647 0.000249644 0.00122584 -0.999999 0.000226382 1 0 -6.07365e-05 1 -0.000390357 1 0 0 1 0 0 1 0 0 1 0 0 1 0 0 1 0 0 0.992034 -0.044238 -0.117944 0.988071 0.153314 0.014524 1 0 0 0.34981 0.935323 -0.0529501 0.980742 -0.0686156 0.18286 0.993394 0.061609 0.0968171 -8.62735e-08 1.36608e-07 1 -8.62426e-08 1.36657e-07 1 -1 0 0 -1 0 0 4.31368e-08 -8.54105e-08 -1 4.3142e-08 -8.54187e-08 -1 0.00203152 -0.99997 0.00745574 8.41478e-05 -1 0 1.05185e-05 1.25346e-07 1 -2.73912e-08 2.42498e-05 1 0 1 0 0 1 0 1.09567e-07 2.43079e-05 -1 1.07376e-05 0 -1 0.000164798 -1 -0.000803114 0.000364067 -1 0 0.000964994 -0.00467257 -0.999989 5.39847e-05 0 -1 -0.000175925 -1 -0.00074767 0 -1 0 -5.47834e-08 -0.00350433 0.999994 0.000680055 0 1 0 -1 0 0 -1 0 1 0 0 1 0 0 1 0 0 1 0 0 1 0 0 1 0 0 -0.0596807 -0.150671 0.986781 0.109338 0.172055 0.979001 -0.999814 -0.0161077 -0.010575 -0.993646 0.0995631 0.0524862 0.982606 -0.16334 -0.0883477 0.999277 0.036834 0.00945309 -0.0332677 -0.999407 0.00893088 0.131986 -0.987284 -0.0885994 -0.0310812 -0.999463 0.0103504 0.0193135 -0.000648607 -0.999813 -0.000725941 -0.0197426 -0.999805 0.000619342 0.999999 0.00152248 0.0516506 0.996933 -0.0587987 0.044324 0.996585 -0.0696656 1 0 0 0.978557 -0.183912 -0.0927506 0.0373894 -0.999301 -0.000494847 -9.94815e-05 -0.998733 -0.0503323 -0.988954 -0.0957759 -0.11312 0.0282656 0.996329 -0.0808076 -0.142259 0.345661 -0.927513 0.00654238 -0.0130903 -0.999893 -0.0188601 -0.992621 -0.119782 0.0528631 -0.998557 0.00940835 0.000324302 1 5.49149e-11 1.01133e-05 1 -0.000168622 0.999474 0.0324359 0 0.99954 0.0303104 -0.000744906 -0.311587 -0.869116 0.384124 -0.304123 -0.118991 0.945172 0.000101264 8.67784e-06 1 -2.64913e-05 0.000154713 1 -0.999945 -0.0102081 -0.00224311 -0.999919 -0.0127325 -1.69319e-07 -0.999935 -0.011393 0.000195423 -0.999219 0.0116828 0.0377479 0.0517648 -0.998638 0.0065253 0.0613508 -0.998097 -0.00627255 -0.999934 -0.0114769 -0.000177159 -0.270083 0.00201685 -0.962835 -0.288802 -0.113045 -0.950692 -3.30243e-05 0.0135649 -0.999908 0.00885181 0.00342435 -0.999955 -6.62366e-06 -1 -2.7097e-06 0 -1 0 -0.0175175 -0.00035781 -0.999847 0.000249786 -0.0281093 -0.999605 0.074714 -0.996989 -0.0207575 -0.0169292 -0.023242 0.999587 -0.0136409 -0.0275468 0.999527 -0.536902 -0.841805 -0.0556878 -0.447575 -0.894233 -0.00484401 0.834937 -0.549859 0.0231296 0.99998 -0.00632139 4.63802e-05 -0.0143604 0.999869 -0.00753501 -0.00221609 0.999998 0 -0.00441786 0.999988 0.00194376 -0.997865 -0.0610165 0.0232895 -0.997639 -0.063717 0.0256074 -0.999999 -0.00148498 0 -0.999999 5.4112e-07 0.00151208 -0.828238 -0.555737 0.0719518</float_array>
                    <technique_common>
                        <accessor count="4949" source="#shape0-lib-normals-array" stride="3">
                            <param name="X" type="float"/>
                            <param name="Y" type="float"/>
                            <param name="Z" type="float"/>
                        </accessor>
                    </technique_common>
                </source>
                <vertices id="shape0-lib-vertices">
                    <input semantic="POSITION" source="#shape0-lib-positions"/>
                </vertices>
                <triangles count="4949">
                    <input offset="0" semantic="VERTEX" source="#shape0-lib-vertices"/>
                    <input offset="1" semantic="NORMAL" source="#shape0-lib-normals"/>
                    <p>0 0 68 0 44 0 0 1 1 1 2 1 73 2 4 2 5 2 42 3 5 3 6 3 80 4 7 4 8 4 41 5 10 5 11 5 68 6 65 6 44 6 65 7 18 7 19 7 18 8 16 8 17 8 16 9 14 9 15 9 14 10 12 10 13 10 12 11 41 11 11 11 41 12 80 12 9 12 80 13 42 13 7 13 42 14 73 14 5 14 73 15 2 15 3 15 65 16 22 16 44 16 65 17 21 17 22 17 65 18 19 18 21 18 21 19 19 19 20 19 20 20 18 20 40 20 20 21 19 21 18 21 18 22 17 22 40 22 40 23 17 23 39 23 17 24 16 24 39 24 39 25 16 25 38 25 16 26 15 26 38 26 38 27 15 27 37 27 15 28 14 28 37 28 37 29 14 29 36 29 14 30 13 30 36 30 36 31 13 31 35 31 13 32 12 32 35 32 35 33 12 33 34 33 12 34 11 34 34 34 34 35 11 35 56 35 11 36 10 36 56 36 56 37 10 37 33 37 10 38 41 38 33 38 33 39 41 39 32 39 41 40 9 40 32 40 32 41 9 41 31 41 9 42 80 42 31 42 31 43 80 43 30 43 80 44 8 44 30 44 30 45 8 45 29 45 8 46 7 46 29 46 29 47 7 47 77 47 7 48 42 48 77 48 77 49 42 49 28 49 42 50 6 50 28 50 28 51 6 51 50 51 6 52 5 52 50 52 50 53 5 53 27 53 5 54 4 54 27 54 27 55 4 55 26 55 4 56 73 56 26 56 26 57 73 57 25 57 73 58 3 58 25 58 25 59 3 59 24 59 3 60 2 60 24 60 24 61 2 61 23 61 2 62 1 62 23 62 23 63 1 63 43 63 1 64 0 64 43 64 43 65 0 65 44 65 22 66 21 66 20 66 56 67 33 67 32 67 31 68 30 68 29 68 43 69 24 69 23 69 24 70 26 70 25 70 26 71 50 71 27 71 50 72 77 72 28 72 77 73 31 73 29 73 31 74 56 74 32 74 56 75 35 75 34 75 35 76 37 76 36 76 37 77 39 77 38 77 39 78 20 78 40 78 65 79 66 79 88 79 88 80 66 80 67 80 14 81 87 81 86 81 14 82 86 82 37 82 14 83 37 83 85 83 12 84 85 84 35 84 12 85 35 85 84 85 12 86 84 86 83 86 80 87 79 87 78 87 42 88 76 88 75 88 73 89 75 89 74 89 88 90 87 90 14 90 14 91 85 91 12 91 12 92 83 92 41 92 41 93 81 93 80 93 80 94 78 94 42 94 42 95 75 95 73 95 72 96 71 96 70 96 70 97 69 97 68 97 2 98 72 98 70 98 0 99 70 99 68 99 73 100 72 100 2 100 2 101 70 101 0 101 18 102 65 102 88 102 16 103 88 103 14 103 18 104 88 104 16 104 43 105 45 105 47 105 47 106 45 106 46 106 50 107 48 107 49 107 77 108 52 108 53 108 56 109 53 109 54 109 56 110 54 110 55 110 56 111 55 111 82 111 37 112 59 112 60 112 47 113 48 113 50 113 50 114 51 114 77 114 77 115 53 115 56 115 56 116 57 116 35 116 35 117 58 117 37 117 37 118 60 118 61 118 61 119 62 119 63 119 63 120 64 120 44 120 24 121 43 121 47 121 26 122 47 122 50 122 31 123 77 123 56 123 39 124 37 124 61 124 20 125 61 125 63 125 22 126 63 126 44 126 24 127 47 127 26 127 39 128 61 128 20 128 20 129 63 129 22 129 64 130 65 130 44 130 64 131 66 131 65 131 64 132 63 132 66 132 66 133 63 133 67 133 77 134 76 134 42 134 82 135 81 135 41 135 67 136 62 136 88 136 67 137 63 137 62 137 62 138 61 138 88 138 88 139 61 139 87 139 61 140 60 140 87 140 87 141 60 141 86 141 60 142 59 142 86 142 86 143 59 143 37 143 37 144 58 144 85 144 85 145 58 145 35 145 35 146 57 146 84 146 84 147 57 147 83 147 57 148 56 148 83 148 83 149 56 149 82 149 41 150 83 150 82 150 82 151 55 151 81 151 81 152 55 152 80 152 55 153 54 153 80 153 80 154 54 154 79 154 54 155 53 155 79 155 79 156 53 156 78 156 53 157 52 157 78 157 78 158 52 158 77 158 42 159 78 159 77 159 77 160 51 160 76 160 76 161 51 161 75 161 51 162 50 162 75 162 75 163 50 163 74 163 50 164 49 164 74 164 74 165 49 165 73 165 49 166 48 166 73 166 73 167 48 167 72 167 48 168 47 168 72 168 72 169 47 169 71 169 47 170 46 170 71 170 71 171 46 171 70 171 46 172 45 172 70 172 70 173 45 173 69 173 45 174 43 174 69 174 69 175 43 175 68 175 43 176 44 176 68 176 90 177 89 177 156 177 181 178 91 178 92 178 93 179 501 179 503 179 506 180 93 180 505 180 505 181 93 181 503 181 506 182 500 182 501 182 506 183 501 183 93 183 95 184 96 184 94 184 96 185 497 185 94 185 507 186 100 186 511 186 100 187 99 187 510 187 100 188 510 188 511 188 99 189 100 189 507 189 213 190 116 190 210 190 210 191 116 191 115 191 101 192 105 192 115 192 101 193 104 193 105 193 210 194 115 194 105 194 104 195 101 195 102 195 221 196 220 196 119 196 119 197 220 197 112 197 108 198 110 198 111 198 108 199 145 199 110 199 107 200 108 200 111 200 110 201 145 201 109 201 222 202 142 202 522 202 147 203 522 203 142 203 220 204 113 204 112 204 118 205 221 205 119 205 137 206 125 206 119 206 137 207 138 207 125 207 125 208 138 208 139 208 140 209 124 209 139 209 140 210 141 210 124 210 124 211 141 211 142 211 123 212 142 212 143 212 123 213 143 213 144 213 122 214 144 214 109 214 121 215 109 215 145 215 145 216 108 216 120 216 120 217 108 217 136 217 136 218 108 218 107 218 135 219 107 219 146 219 134 220 146 220 147 220 133 221 147 221 148 221 149 222 133 222 148 222 149 223 150 223 133 223 133 224 150 224 132 224 151 225 132 225 150 225 151 226 152 226 132 226 132 227 152 227 112 227 131 228 112 228 113 228 131 229 113 229 114 229 130 230 114 230 102 230 129 231 102 231 101 231 115 232 128 232 101 232 128 233 115 233 127 233 127 234 115 234 116 234 126 235 116 235 117 235 126 236 117 236 118 236 125 237 118 237 119 237 125 238 139 238 124 238 124 239 142 239 123 239 123 240 144 240 122 240 122 241 109 241 121 241 121 242 145 242 120 242 136 243 107 243 135 243 135 244 146 244 134 244 134 245 147 245 133 245 132 246 112 246 131 246 131 247 114 247 130 247 130 248 102 248 129 248 129 249 101 249 128 249 127 250 116 250 126 250 126 251 118 251 125 251 157 252 121 252 120 252 121 253 157 253 158 253 123 254 158 254 159 254 124 255 159 255 170 255 125 256 170 256 160 256 126 257 160 257 161 257 128 258 161 258 162 258 130 259 162 259 163 259 132 260 163 260 176 260 133 261 176 261 164 261 134 262 164 262 165 262 135 263 165 263 166 263 120 264 166 264 157 264 121 265 158 265 122 265 122 266 158 266 123 266 123 267 159 267 124 267 124 268 170 268 125 268 125 269 160 269 126 269 126 270 161 270 127 270 127 271 161 271 128 271 128 272 162 272 129 272 129 273 162 273 130 273 130 274 163 274 131 274 131 275 163 275 132 275 132 276 176 276 133 276 133 277 164 277 134 277 134 278 165 278 135 278 135 279 166 279 136 279 136 280 166 280 120 280 222 281 143 281 142 281 146 282 522 282 147 282 151 283 138 283 152 283 152 284 138 284 137 284 137 285 119 285 152 285 119 286 112 286 152 286 140 287 149 287 141 287 141 288 149 288 148 288 94 289 90 289 95 289 94 290 151 290 90 290 94 291 138 291 151 291 94 292 153 292 138 292 153 293 94 293 154 293 154 294 94 294 497 294 154 295 497 295 95 295 154 296 95 296 140 296 184 297 154 297 140 297 95 298 90 298 156 298 95 299 156 299 149 299 140 300 95 300 149 300 156 301 89 301 155 301 155 302 89 302 90 302 155 303 90 303 151 303 192 304 155 304 151 304 192 305 151 305 150 305 150 306 193 306 192 306 150 307 149 307 193 307 193 308 149 308 156 308 184 309 140 309 139 309 139 310 185 310 184 310 139 311 138 311 185 311 185 312 138 312 153 312 167 313 202 313 157 313 157 314 202 314 158 314 158 315 202 315 168 315 159 316 168 316 169 316 160 317 171 317 172 317 161 318 172 318 214 318 161 319 214 319 173 319 162 320 173 320 208 320 162 321 208 321 174 321 163 322 174 322 175 322 165 323 177 323 219 323 166 324 219 324 167 324 158 325 168 325 159 325 159 326 169 326 170 326 170 327 171 327 160 327 160 328 172 328 161 328 161 329 173 329 162 329 162 330 174 330 163 330 163 331 175 331 176 331 176 332 177 332 164 332 164 333 177 333 165 333 165 334 219 334 166 334 166 335 167 335 157 335 178 336 98 336 97 336 179 337 97 337 98 337 180 338 98 338 178 338 178 339 97 339 179 339 179 340 98 340 180 340 183 341 92 341 91 341 183 342 91 342 181 342 181 343 92 343 182 343 182 344 92 344 183 344 186 345 184 345 185 345 187 346 186 346 153 346 186 347 185 347 153 347 187 348 154 348 184 348 153 349 154 349 187 349 190 350 186 350 187 350 189 351 187 351 184 351 188 352 184 352 186 352 184 353 188 353 189 353 187 354 189 354 190 354 186 355 190 355 188 355 191 356 194 356 156 356 194 357 192 357 193 357 156 358 194 358 193 358 191 359 156 359 155 359 191 360 155 360 192 360 195 361 191 361 192 361 197 362 192 362 194 362 196 363 194 363 191 363 191 364 195 364 196 364 194 365 196 365 197 365 192 366 197 366 195 366 110 367 198 367 199 367 110 368 109 368 198 368 198 369 109 369 200 369 199 370 201 370 110 370 198 371 200 371 201 371 203 372 202 372 201 372 199 373 202 373 203 373 201 374 202 374 198 374 198 375 202 375 199 375 199 376 203 376 201 376 204 377 103 377 205 377 204 378 104 378 102 378 204 379 102 379 103 379 206 380 104 380 204 380 206 381 208 381 207 381 205 382 207 382 208 382 204 383 208 383 206 383 206 384 207 384 205 384 205 385 208 385 204 385 211 386 212 386 209 386 212 387 211 387 105 387 209 388 212 388 213 388 209 389 213 389 210 389 210 390 105 390 211 390 209 391 214 391 215 391 211 392 215 392 214 392 210 393 214 393 209 393 209 394 215 394 211 394 211 395 214 395 210 395 107 396 217 396 106 396 217 397 107 397 111 397 217 398 111 398 216 398 216 399 218 399 219 399 106 400 219 400 218 400 216 401 106 401 218 401 216 402 219 402 217 402 217 403 219 403 106 403 142 404 141 404 148 404 147 405 142 405 148 405 207 406 180 406 182 406 183 407 207 407 182 407 207 408 183 408 174 408 180 409 178 409 182 409 182 410 178 410 203 410 218 411 203 411 167 411 167 412 219 412 218 412 178 413 179 413 203 413 203 414 179 414 168 414 168 415 179 415 169 415 189 416 169 416 179 416 169 417 189 417 170 417 189 418 188 418 170 418 190 419 171 419 188 419 171 420 190 420 179 420 180 421 171 421 179 421 180 422 172 422 171 422 172 423 180 423 215 423 214 424 172 424 215 424 173 425 214 425 215 425 173 426 215 426 207 426 173 427 207 427 208 427 189 428 179 428 190 428 174 429 183 429 175 429 195 430 175 430 183 430 175 431 195 431 176 431 195 432 197 432 176 432 196 433 177 433 197 433 177 434 196 434 181 434 177 435 181 435 218 435 219 436 177 436 218 436 183 437 181 437 195 437 195 438 181 438 196 438 218 439 181 439 182 439 203 440 218 440 182 440 170 441 188 441 171 441 176 442 197 442 177 442 167 443 203 443 202 443 202 444 203 444 168 444 208 445 207 445 174 445 180 446 207 446 215 446 105 447 213 447 212 447 104 448 206 448 103 448 103 449 206 449 205 449 102 450 114 450 576 450 113 451 576 451 114 451 576 452 113 452 220 452 221 453 118 453 577 453 117 454 577 454 118 454 577 455 117 455 116 455 111 456 106 456 216 456 200 457 110 457 201 457 109 458 144 458 633 458 143 459 633 459 144 459 633 460 143 460 222 460 522 461 146 461 523 461 523 462 146 462 107 462 223 463 463 463 465 463 466 464 464 464 410 464 464 465 463 465 223 465 465 466 466 466 224 466 410 467 224 467 466 467 223 468 465 468 224 468 224 469 410 469 223 469 464 470 223 470 410 470 841 471 226 471 800 471 226 472 801 472 797 472 226 473 797 473 800 473 227 474 801 474 226 474 226 475 841 475 227 475 461 476 462 476 417 476 417 477 462 477 460 477 228 478 229 478 460 478 228 479 417 479 229 479 228 480 461 480 417 480 417 481 460 481 229 481 472 482 231 482 230 482 233 483 232 483 806 483 806 484 232 484 805 484 804 485 232 485 802 485 232 486 233 486 802 486 896 487 233 487 806 487 232 488 804 488 805 488 233 489 896 489 802 489 234 490 235 490 237 490 235 491 234 491 236 491 237 492 235 492 236 492 234 493 237 493 236 493 237 494 234 494 293 494 234 495 237 495 238 495 238 496 237 496 239 496 239 497 237 497 1567 497 240 498 293 498 242 498 241 499 240 499 242 499 242 500 293 500 234 500 1613 501 243 501 244 501 1612 502 244 502 243 502 245 503 247 503 246 503 250 504 248 504 249 504 251 505 249 505 248 505 251 506 250 506 249 506 248 507 250 507 251 507 254 508 252 508 253 508 1637 509 253 509 255 509 253 510 1637 510 254 510 1628 511 256 511 259 511 259 512 256 512 257 512 1628 513 257 513 258 513 1628 514 258 514 256 514 257 515 1628 515 1627 515 257 516 1627 516 259 516 260 517 261 517 262 517 265 518 264 518 263 518 280 519 279 519 274 519 281 520 283 520 275 520 276 521 273 521 272 521 276 522 272 522 277 522 277 523 272 523 285 523 278 524 274 524 279 524 278 525 280 525 274 525 282 526 275 526 283 526 281 527 275 527 282 527 283 528 281 528 284 528 290 529 291 529 288 529 289 530 291 530 290 530 291 531 289 531 288 531 288 532 289 532 292 532 296 533 295 533 294 533 297 534 437 534 435 534 435 535 437 535 320 535 298 536 440 536 439 536 439 537 440 537 299 537 449 538 301 538 300 538 300 539 301 539 302 539 302 540 301 540 303 540 301 541 304 541 303 541 303 542 304 542 450 542 303 543 305 543 302 543 1169 544 1168 544 432 544 437 545 308 545 451 545 320 546 451 546 450 546 439 547 450 547 298 547 439 548 320 548 450 548 437 549 451 549 320 549 450 550 304 550 298 550 309 551 446 551 317 551 310 552 444 552 318 552 443 553 306 553 319 553 1169 554 428 554 1170 554 1506 555 1168 555 1170 555 466 556 421 556 1162 556 1163 557 412 557 1162 557 320 558 439 558 298 558 445 559 317 559 446 559 318 560 447 560 310 560 322 561 321 561 323 561 324 562 326 562 325 562 324 563 322 563 326 563 326 564 322 564 323 564 322 565 324 565 325 565 326 566 323 566 321 566 327 567 329 567 328 567 327 568 331 568 329 568 329 569 331 569 330 569 331 570 332 570 330 570 328 571 331 571 327 571 332 572 329 572 330 572 336 573 371 573 334 573 338 574 334 574 337 574 334 575 379 575 336 575 338 576 383 576 334 576 338 577 339 577 335 577 340 578 343 578 458 578 342 579 343 579 340 579 337 580 341 580 338 580 338 581 341 581 339 581 337 582 342 582 341 582 344 583 343 583 345 583 458 584 1215 584 340 584 345 585 348 585 346 585 345 586 343 586 347 586 345 587 346 587 344 587 423 588 349 588 350 588 347 589 350 589 345 589 350 590 347 590 423 590 350 591 349 591 354 591 355 592 353 592 351 592 354 593 349 593 355 593 355 594 349 594 352 594 355 595 351 595 354 595 352 596 358 596 355 596 358 597 352 597 356 597 363 598 360 598 357 598 356 599 363 599 361 599 357 600 361 600 363 600 363 601 356 601 359 601 366 602 369 602 368 602 370 603 368 603 367 603 368 604 369 604 367 604 364 605 368 605 370 605 371 606 372 606 367 606 367 607 372 607 377 607 336 608 372 608 371 608 372 609 336 609 333 609 360 610 373 610 357 610 357 611 373 611 374 611 360 612 363 612 373 612 373 613 363 613 1238 613 1238 614 363 614 359 614 1238 615 359 615 1239 615 359 616 365 616 362 616 1211 617 362 617 365 617 1149 618 1211 618 365 618 1149 619 789 619 1211 619 365 620 366 620 1149 620 1149 621 366 621 368 621 375 622 368 622 364 622 1149 623 368 623 375 623 370 624 376 624 364 624 364 625 376 625 375 625 376 626 370 626 367 626 376 627 367 627 377 627 333 628 378 628 372 628 333 629 379 629 378 629 372 630 378 630 380 630 377 631 372 631 380 631 381 632 380 632 382 632 382 633 380 633 378 633 379 634 333 634 336 634 379 635 334 635 383 635 383 636 338 636 335 636 384 637 1180 637 408 637 384 638 1165 638 1180 638 1165 639 384 639 1164 639 384 640 428 640 1164 640 384 641 385 641 428 641 428 642 385 642 1506 642 1506 643 385 643 1253 643 312 644 1503 644 1253 644 312 645 1206 645 1503 645 1206 646 343 646 386 646 1206 647 1178 647 343 647 343 648 1178 648 387 648 388 649 343 649 387 649 388 650 347 650 343 650 1172 651 347 651 388 651 1171 652 347 652 1172 652 347 653 1171 653 423 653 312 654 1253 654 387 654 387 655 1178 655 312 655 388 656 389 656 1172 656 1173 657 1172 657 389 657 1258 658 1173 658 389 658 1258 659 1171 659 1173 659 1171 660 1258 660 390 660 390 661 1258 661 492 661 391 662 390 662 492 662 390 663 391 663 392 663 393 664 349 664 392 664 393 665 493 665 349 665 391 666 492 666 393 666 492 667 493 667 393 667 352 668 493 668 394 668 394 669 395 669 352 669 394 670 396 670 395 670 395 671 396 671 1174 671 349 672 493 672 352 672 396 673 398 673 1174 673 1174 674 398 674 397 674 1175 675 356 675 468 675 1175 676 1176 676 356 676 356 677 1176 677 399 677 356 678 399 678 359 678 400 679 359 679 399 679 359 680 400 680 1479 680 365 681 359 681 1479 681 1203 682 398 682 401 682 401 683 398 683 402 683 402 684 1176 684 401 684 402 685 399 685 1176 685 399 686 1266 686 400 686 400 687 1266 687 314 687 404 688 314 688 1266 688 404 689 403 689 314 689 403 690 404 690 405 690 405 691 404 691 406 691 1204 692 405 692 406 692 365 693 407 693 366 693 365 694 1482 694 407 694 406 695 1166 695 429 695 1166 696 406 696 1205 696 1205 697 406 697 408 697 408 698 430 698 426 698 430 699 408 699 1180 699 432 700 386 700 342 700 342 701 386 701 343 701 409 702 468 702 352 702 352 703 468 703 356 703 468 704 1203 704 1175 704 410 705 1209 705 223 705 410 706 427 706 1209 706 410 707 369 707 427 707 410 708 411 708 369 708 410 709 1184 709 411 709 410 710 412 710 1184 710 412 711 410 711 466 711 413 712 419 712 466 712 413 713 414 713 419 713 413 714 337 714 414 714 413 715 415 715 337 715 413 716 424 716 415 716 413 717 1181 717 424 717 417 718 416 718 411 718 418 719 417 719 414 719 371 720 414 720 337 720 334 721 371 721 337 721 419 722 414 722 420 722 421 723 420 723 1182 723 412 724 1182 724 1184 724 422 725 1184 725 433 725 422 726 411 726 1184 726 1479 727 400 727 403 727 1479 728 1482 728 365 728 407 729 405 729 1204 729 423 730 392 730 349 730 1180 731 1165 731 425 731 425 732 1165 732 415 732 424 733 425 733 415 733 425 734 424 734 1209 734 427 735 426 735 1209 735 337 736 415 736 342 736 342 737 415 737 428 737 432 738 342 738 428 738 428 739 415 739 1164 739 429 740 1166 740 366 740 366 741 1166 741 369 741 427 742 369 742 1166 742 1209 743 426 743 313 743 313 744 426 744 430 744 1205 745 408 745 426 745 425 746 1209 746 313 746 1209 747 1181 747 223 747 411 748 416 748 371 748 369 749 371 749 367 749 371 750 416 750 431 750 371 751 431 751 418 751 418 752 414 752 371 752 429 753 366 753 407 753 429 754 1204 754 406 754 409 755 352 755 395 755 421 756 1182 756 412 756 420 757 422 757 433 757 420 758 414 758 422 758 419 759 420 759 421 759 411 760 371 760 369 760 421 761 466 761 419 761 1163 762 421 762 412 762 1162 763 412 763 466 763 1168 764 1506 764 432 764 1169 765 432 765 428 765 1170 766 428 766 1506 766 1167 767 400 767 314 767 315 768 395 768 1174 768 409 769 395 769 315 769 311 770 392 770 1208 770 1207 771 392 771 391 771 1207 772 391 772 393 772 311 773 393 773 392 773 1208 774 392 774 1207 774 1207 775 393 775 311 775 1179 776 429 776 407 776 1210 777 417 777 418 777 1210 778 418 778 431 778 316 779 1209 779 424 779 434 780 297 780 435 780 320 781 436 781 435 781 297 782 434 782 437 782 331 783 435 783 332 783 331 784 434 784 435 784 331 785 328 785 434 785 434 786 328 786 437 786 437 787 328 787 436 787 436 788 328 788 329 788 332 789 436 789 329 789 332 790 435 790 436 790 299 791 438 791 439 791 438 792 299 792 440 792 298 793 441 793 440 793 326 794 440 794 325 794 326 795 438 795 440 795 326 796 321 796 438 796 438 797 321 797 439 797 439 798 321 798 441 798 441 799 321 799 322 799 325 800 441 800 322 800 325 801 440 801 441 801 319 802 306 802 442 802 443 803 319 803 442 803 447 804 318 804 444 804 317 805 445 805 448 805 309 806 317 806 448 806 439 807 441 807 298 807 298 808 450 808 320 808 437 809 436 809 320 809 348 810 345 810 452 810 452 811 345 811 1245 811 1245 812 345 812 350 812 453 813 350 813 354 813 1244 814 354 814 351 814 454 815 1244 815 351 815 1245 816 350 816 453 816 453 817 354 817 1244 817 353 818 455 818 351 818 351 819 455 819 454 819 353 820 355 820 455 820 455 821 355 821 1243 821 1243 822 355 822 358 822 457 823 358 823 356 823 1242 824 356 824 361 824 1241 825 361 825 357 825 374 826 1241 826 357 826 1243 827 358 827 456 827 456 828 358 828 457 828 457 829 356 829 1242 829 1242 830 361 830 1241 830 1247 831 343 831 344 831 1246 832 344 832 346 832 459 833 1246 833 346 833 458 834 343 834 1247 834 1247 835 344 835 1246 835 348 836 452 836 346 836 346 837 452 837 459 837 1496 838 390 838 1493 838 1493 839 390 839 392 839 1493 840 392 840 1495 840 1495 841 392 841 423 841 1495 842 423 842 1498 842 1498 843 423 843 1171 843 1498 844 1171 844 1496 844 1496 845 1171 845 390 845 1480 846 403 846 405 846 1480 847 405 847 1483 847 1483 848 405 848 407 848 1483 849 407 849 1482 849 417 850 411 850 460 850 411 851 422 851 460 851 422 852 228 852 460 852 422 853 414 853 228 853 228 854 414 854 461 854 414 855 417 855 461 855 223 856 1181 856 463 856 1181 857 465 857 463 857 1181 858 413 858 465 858 413 859 466 859 465 859 467 860 1489 860 1203 860 398 861 1203 861 1489 861 1203 862 468 862 467 862 468 863 469 863 467 863 468 864 409 864 469 864 409 865 397 865 469 865 397 866 398 866 1489 866 1253 867 1503 867 1505 867 1206 868 1504 868 1503 868 1206 869 386 869 1504 869 470 870 1504 870 432 870 386 871 432 871 1504 871 432 872 1506 872 470 872 1253 873 1505 873 1506 873 1506 874 1505 874 470 874 230 875 231 875 471 875 230 876 471 876 472 876 793 877 472 877 473 877 481 878 394 878 493 878 481 879 396 879 394 879 398 880 482 880 483 880 398 881 483 881 484 881 399 882 402 882 485 882 399 883 485 883 486 883 406 884 404 884 487 884 406 885 487 885 408 885 396 886 482 886 398 886 398 887 484 887 402 887 399 888 486 888 1266 888 387 889 488 889 489 889 388 890 489 890 490 890 388 891 490 891 389 891 1253 892 488 892 387 892 387 893 489 893 388 893 1258 894 491 894 492 894 339 895 341 895 494 895 340 896 341 896 342 896 494 897 341 897 340 897 339 898 494 898 335 898 335 899 494 899 383 899 512 900 495 900 496 900 496 901 495 901 634 901 89 902 96 902 95 902 90 903 96 903 89 903 89 904 95 904 497 904 497 905 495 905 89 905 497 906 634 906 495 906 96 907 634 907 497 907 96 908 498 908 634 908 96 909 499 909 498 909 96 910 90 910 499 910 89 911 499 911 90 911 89 912 495 912 499 912 500 913 506 913 502 913 502 914 501 914 500 914 501 915 502 915 504 915 504 916 503 916 501 916 504 917 505 917 503 917 505 918 504 918 548 918 548 919 506 919 505 919 507 920 606 920 508 920 508 921 99 921 507 921 508 922 509 922 99 922 509 923 511 923 510 923 509 924 608 924 511 924 99 925 509 925 510 925 606 926 507 926 511 926 521 927 644 927 512 927 642 928 516 928 670 928 515 929 498 929 516 929 516 930 498 930 499 930 642 931 637 931 517 931 571 932 636 932 569 932 566 933 569 933 563 933 691 934 518 934 682 934 518 935 691 935 514 935 612 936 631 936 674 936 620 937 519 937 673 937 630 938 673 938 520 938 517 939 516 939 642 939 639 940 542 940 640 940 523 941 512 941 522 941 512 942 646 942 521 942 523 943 646 943 512 943 638 944 534 944 536 944 526 945 527 945 525 945 528 946 529 946 530 946 532 947 533 947 534 947 536 948 537 948 538 948 538 949 539 949 540 949 546 950 641 950 640 950 534 951 535 951 536 951 639 952 540 952 541 952 639 953 541 953 542 953 542 954 543 954 544 954 542 955 544 955 545 955 542 956 545 956 546 956 547 957 641 957 546 957 528 958 530 958 648 958 530 959 638 959 648 959 525 960 646 960 523 960 525 961 528 961 646 961 525 962 523 962 524 962 527 963 528 963 525 963 530 964 531 964 532 964 638 965 530 965 532 965 534 966 638 966 532 966 536 967 649 967 638 967 538 968 649 968 536 968 538 969 639 969 649 969 540 970 639 970 538 970 640 971 542 971 546 971 547 972 548 972 549 972 641 973 547 973 549 973 650 974 549 974 550 974 550 975 549 975 504 975 650 976 641 976 549 976 550 977 502 977 551 977 551 978 603 978 605 978 551 979 650 979 550 979 605 980 650 980 551 980 553 981 554 981 552 981 635 982 561 982 563 982 556 983 572 983 555 983 556 984 557 984 573 984 573 985 574 985 576 985 650 986 605 986 552 986 554 987 558 987 559 987 560 988 561 988 559 988 561 989 562 989 563 989 563 990 562 990 564 990 566 991 567 991 569 991 636 992 571 992 572 992 567 993 568 993 569 993 569 994 570 994 571 994 573 995 517 995 637 995 573 996 637 996 636 996 552 997 554 997 650 997 559 998 635 998 554 998 561 999 635 999 559 999 565 1000 566 1000 563 1000 572 1001 556 1001 573 1001 636 1002 572 1002 573 1002 575 1003 576 1003 574 1003 517 1004 573 1004 576 1004 516 1005 517 1005 576 1005 512 1006 496 1006 522 1006 222 1007 496 1007 633 1007 222 1008 522 1008 496 1008 577 1009 515 1009 221 1009 221 1010 515 1010 516 1010 516 1011 220 1011 221 1011 516 1012 576 1012 220 1012 552 1013 578 1013 579 1013 553 1014 579 1014 580 1014 554 1015 580 1015 581 1015 558 1016 581 1016 582 1016 559 1017 582 1017 583 1017 560 1018 583 1018 584 1018 561 1019 584 1019 585 1019 562 1020 585 1020 586 1020 564 1021 586 1021 563 1021 564 1022 562 1022 586 1022 552 1023 579 1023 553 1023 553 1024 580 1024 554 1024 554 1025 581 1025 558 1025 558 1026 582 1026 559 1026 559 1027 583 1027 560 1027 560 1028 584 1028 561 1028 561 1029 585 1029 562 1029 586 1030 587 1030 563 1030 563 1031 587 1031 565 1031 565 1032 587 1032 588 1032 589 1033 565 1033 588 1033 589 1034 566 1034 565 1034 589 1035 590 1035 566 1035 566 1036 590 1036 567 1036 567 1037 590 1037 591 1037 568 1038 591 1038 592 1038 569 1039 592 1039 593 1039 570 1040 593 1040 594 1040 571 1041 594 1041 595 1041 572 1042 595 1042 596 1042 555 1043 596 1043 597 1043 556 1044 597 1044 598 1044 557 1045 598 1045 599 1045 573 1046 599 1046 600 1046 574 1047 600 1047 601 1047 575 1048 601 1048 104 1048 103 1049 575 1049 104 1049 103 1050 102 1050 575 1050 575 1051 102 1051 576 1051 567 1052 591 1052 568 1052 568 1053 592 1053 569 1053 569 1054 593 1054 570 1054 570 1055 594 1055 571 1055 571 1056 595 1056 572 1056 572 1057 596 1057 555 1057 555 1058 597 1058 556 1058 556 1059 598 1059 557 1059 557 1060 599 1060 573 1060 573 1061 600 1061 574 1061 577 1062 116 1062 601 1062 601 1063 116 1063 213 1063 105 1064 601 1064 213 1064 105 1065 104 1065 601 1065 575 1066 574 1066 601 1066 508 1067 606 1067 602 1067 502 1068 509 1068 508 1068 603 1069 551 1069 502 1069 502 1070 508 1070 603 1070 605 1071 604 1071 578 1071 552 1072 605 1072 578 1072 603 1073 604 1073 605 1073 550 1074 504 1074 502 1074 502 1075 506 1075 509 1075 546 1076 632 1076 607 1076 547 1077 607 1077 548 1077 547 1078 546 1078 607 1078 608 1079 548 1079 607 1079 511 1080 608 1080 606 1080 548 1081 608 1081 506 1081 506 1082 608 1082 509 1082 548 1083 504 1083 549 1083 633 1084 609 1084 109 1084 109 1085 609 1085 200 1085 200 1086 609 1086 110 1086 110 1087 609 1087 523 1087 111 1088 523 1088 106 1088 111 1089 110 1089 523 1089 609 1090 610 1090 523 1090 523 1091 610 1091 524 1091 524 1092 610 1092 611 1092 525 1093 611 1093 612 1093 526 1094 612 1094 613 1094 527 1095 613 1095 614 1095 528 1096 614 1096 674 1096 529 1097 674 1097 615 1097 530 1098 615 1098 616 1098 531 1099 616 1099 617 1099 532 1100 617 1100 618 1100 533 1101 618 1101 619 1101 534 1102 619 1102 620 1102 535 1103 620 1103 621 1103 536 1104 621 1104 622 1104 537 1105 622 1105 630 1105 538 1106 630 1106 623 1106 539 1107 623 1107 624 1107 540 1108 624 1108 625 1108 541 1109 625 1109 626 1109 542 1110 626 1110 627 1110 543 1111 627 1111 628 1111 544 1112 628 1112 629 1112 545 1113 629 1113 632 1113 524 1114 611 1114 525 1114 525 1115 612 1115 526 1115 526 1116 613 1116 527 1116 527 1117 614 1117 528 1117 528 1118 674 1118 529 1118 529 1119 615 1119 530 1119 530 1120 616 1120 531 1120 531 1121 617 1121 532 1121 532 1122 618 1122 533 1122 533 1123 619 1123 534 1123 534 1124 620 1124 535 1124 535 1125 621 1125 536 1125 536 1126 622 1126 537 1126 537 1127 630 1127 538 1127 538 1128 623 1128 539 1128 539 1129 624 1129 540 1129 540 1130 625 1130 541 1130 541 1131 626 1131 542 1131 542 1132 627 1132 543 1132 543 1133 628 1133 544 1133 544 1134 629 1134 545 1134 545 1135 632 1135 546 1135 523 1136 107 1136 106 1136 513 1137 515 1137 577 1137 599 1138 577 1138 601 1138 690 1139 597 1139 596 1139 690 1140 596 1140 594 1140 675 1141 513 1141 577 1141 677 1142 590 1142 588 1142 598 1143 597 1143 599 1143 596 1144 595 1144 594 1144 586 1145 582 1145 678 1145 592 1146 591 1146 590 1146 588 1147 587 1147 586 1147 586 1148 585 1148 584 1148 578 1149 680 1149 679 1149 590 1150 589 1150 588 1150 586 1151 584 1151 583 1151 586 1152 583 1152 582 1152 582 1153 581 1153 580 1153 582 1154 580 1154 579 1154 582 1155 579 1155 578 1155 604 1156 680 1156 578 1156 594 1157 677 1157 690 1157 599 1158 675 1158 577 1158 599 1159 676 1159 675 1159 599 1160 601 1160 600 1160 597 1161 690 1161 599 1161 690 1162 676 1162 599 1162 594 1163 593 1163 592 1163 677 1164 594 1164 592 1164 590 1165 677 1165 592 1165 679 1166 582 1166 578 1166 604 1167 603 1167 602 1167 603 1168 508 1168 602 1168 680 1169 604 1169 602 1169 685 1170 602 1170 606 1170 685 1171 680 1171 602 1171 685 1172 606 1172 608 1172 685 1173 608 1173 607 1173 671 1174 685 1174 607 1174 629 1175 628 1175 632 1175 520 1176 624 1176 630 1176 613 1177 674 1177 614 1177 672 1178 671 1178 607 1178 672 1179 607 1179 632 1179 628 1180 627 1180 632 1180 632 1181 627 1181 626 1181 625 1182 624 1182 626 1182 624 1183 623 1183 630 1183 620 1184 619 1184 616 1184 622 1185 621 1185 630 1185 519 1186 615 1186 674 1186 619 1187 618 1187 616 1187 618 1188 617 1188 616 1188 633 1189 631 1189 612 1189 632 1190 626 1190 672 1190 520 1191 672 1191 626 1191 624 1192 520 1192 626 1192 621 1193 620 1193 630 1193 620 1194 673 1194 630 1194 519 1195 616 1195 615 1195 674 1196 613 1196 612 1196 611 1197 633 1197 612 1197 610 1198 633 1198 611 1198 609 1199 633 1199 610 1199 631 1200 633 1200 514 1200 633 1201 496 1201 514 1201 519 1202 620 1202 616 1202 678 1203 582 1203 679 1203 644 1204 495 1204 512 1204 670 1205 495 1205 644 1205 670 1206 499 1206 495 1206 670 1207 516 1207 499 1207 518 1208 514 1208 634 1208 682 1209 518 1209 634 1209 682 1210 498 1210 513 1210 634 1211 498 1211 682 1211 514 1212 496 1212 634 1212 498 1213 515 1213 513 1213 651 1214 650 1214 554 1214 653 1215 569 1215 636 1215 654 1216 636 1216 637 1216 651 1217 554 1217 635 1217 635 1218 563 1218 652 1218 652 1219 569 1219 653 1219 653 1220 636 1220 654 1220 647 1221 646 1221 528 1221 647 1222 528 1222 648 1222 637 1223 642 1223 643 1223 658 1224 670 1224 650 1224 670 1225 658 1225 659 1225 637 1226 659 1226 660 1226 670 1227 659 1227 643 1227 643 1228 659 1228 637 1228 654 1229 660 1229 661 1229 653 1230 661 1230 655 1230 655 1231 652 1231 653 1231 655 1232 656 1232 652 1232 637 1233 660 1233 654 1233 654 1234 661 1234 653 1234 657 1235 635 1235 656 1235 635 1236 657 1236 651 1236 651 1237 657 1237 658 1237 651 1238 658 1238 650 1238 650 1239 670 1239 641 1239 670 1240 644 1240 641 1240 641 1241 644 1241 662 1241 662 1242 663 1242 641 1242 664 1243 640 1243 663 1243 640 1244 664 1244 639 1244 639 1245 664 1245 665 1245 662 1246 644 1246 669 1246 669 1247 644 1247 645 1247 668 1248 645 1248 646 1248 646 1249 667 1249 668 1249 646 1250 647 1250 667 1250 667 1251 647 1251 648 1251 669 1252 645 1252 668 1252 667 1253 648 1253 666 1253 666 1254 648 1254 638 1254 665 1255 638 1255 649 1255 639 1256 665 1256 649 1256 666 1257 638 1257 665 1257 640 1258 641 1258 663 1258 656 1259 635 1259 652 1259 521 1260 646 1260 645 1260 644 1261 521 1261 645 1261 642 1262 670 1262 643 1262 569 1263 652 1263 563 1263 686 1264 671 1264 672 1264 688 1265 519 1265 674 1265 688 1266 674 1266 631 1266 686 1267 672 1267 520 1267 673 1268 519 1268 689 1268 689 1269 519 1269 688 1269 688 1270 631 1270 687 1270 676 1271 684 1271 675 1271 703 1272 588 1272 586 1272 677 1273 588 1273 703 1273 703 1274 586 1274 678 1274 631 1275 514 1275 687 1275 687 1276 514 1276 681 1276 787 1277 691 1277 671 1277 681 1278 787 1278 688 1278 691 1279 787 1279 681 1279 681 1280 688 1280 687 1280 686 1281 520 1281 671 1281 671 1282 691 1282 685 1282 685 1283 691 1283 680 1283 691 1284 682 1284 680 1284 680 1285 682 1285 707 1285 707 1286 679 1286 680 1286 707 1287 682 1287 683 1287 695 1288 683 1288 684 1288 684 1289 676 1289 695 1289 707 1290 683 1290 695 1290 703 1291 690 1291 677 1291 513 1292 675 1292 683 1292 683 1293 675 1293 684 1293 682 1294 513 1294 683 1294 514 1295 691 1295 681 1295 729 1296 690 1296 692 1296 729 1297 676 1297 690 1297 729 1298 731 1298 676 1298 676 1299 731 1299 693 1299 676 1300 693 1300 694 1300 676 1301 694 1301 735 1301 707 1302 739 1302 696 1302 707 1303 708 1303 710 1303 707 1304 710 1304 712 1304 679 1305 707 1305 712 1305 676 1306 735 1306 695 1306 695 1307 739 1307 707 1307 712 1308 714 1308 679 1308 679 1309 714 1309 697 1309 678 1310 697 1310 718 1310 678 1311 718 1311 719 1311 678 1312 719 1312 722 1312 678 1313 722 1313 698 1313 703 1314 698 1314 699 1314 703 1315 699 1315 700 1315 703 1316 700 1316 701 1316 703 1317 701 1317 702 1317 703 1318 702 1318 728 1318 690 1319 728 1319 692 1319 679 1320 697 1320 678 1320 678 1321 698 1321 703 1321 703 1322 728 1322 690 1322 696 1323 716 1323 707 1323 706 1324 695 1324 735 1324 735 1325 713 1325 706 1325 708 1326 720 1326 710 1326 714 1327 725 1327 697 1327 706 1328 715 1328 739 1328 739 1329 715 1329 716 1329 707 1330 717 1330 720 1330 710 1331 721 1331 723 1331 712 1332 723 1332 725 1332 718 1333 727 1333 726 1333 719 1334 726 1334 722 1334 697 1335 949 1335 727 1335 722 1336 724 1336 730 1336 698 1337 730 1337 699 1337 699 1338 732 1338 700 1338 702 1339 736 1339 728 1339 700 1340 734 1340 733 1340 701 1341 733 1341 736 1341 728 1342 737 1342 705 1342 692 1343 705 1343 729 1343 729 1344 704 1344 738 1344 731 1345 738 1345 709 1345 693 1346 709 1346 694 1346 694 1347 711 1347 735 1347 705 1348 692 1348 728 1348 729 1349 705 1349 704 1349 731 1350 729 1350 738 1350 693 1351 731 1351 709 1351 694 1352 709 1352 711 1352 735 1353 711 1353 713 1353 739 1354 695 1354 706 1354 716 1355 696 1355 739 1355 707 1356 716 1356 717 1356 708 1357 707 1357 720 1357 710 1358 720 1358 721 1358 712 1359 710 1359 723 1359 714 1360 712 1360 725 1360 697 1361 725 1361 949 1361 718 1362 697 1362 727 1362 719 1363 718 1363 726 1363 722 1364 726 1364 724 1364 698 1365 722 1365 730 1365 699 1366 730 1366 732 1366 700 1367 732 1367 734 1367 701 1368 700 1368 733 1368 702 1369 701 1369 736 1369 728 1370 736 1370 737 1370 777 1371 671 1371 775 1371 777 1372 787 1372 671 1372 777 1373 779 1373 787 1373 787 1374 779 1374 784 1374 787 1375 785 1375 752 1375 688 1376 752 1376 750 1376 688 1377 750 1377 749 1377 688 1378 749 1378 748 1378 688 1379 748 1379 740 1379 688 1380 740 1380 753 1380 688 1381 753 1381 755 1381 689 1382 688 1382 755 1382 787 1383 752 1383 688 1383 755 1384 757 1384 689 1384 689 1385 757 1385 759 1385 673 1386 759 1386 761 1386 673 1387 761 1387 741 1387 673 1388 741 1388 742 1388 520 1389 742 1389 765 1389 520 1390 765 1390 767 1390 520 1391 767 1391 743 1391 520 1392 743 1392 744 1392 671 1393 744 1393 771 1393 671 1394 771 1394 773 1394 671 1395 773 1395 775 1395 689 1396 759 1396 673 1396 673 1397 742 1397 520 1397 520 1398 744 1398 671 1398 750 1399 760 1399 762 1399 748 1400 763 1400 740 1400 762 1401 749 1401 750 1401 752 1402 758 1402 760 1402 755 1403 768 1403 757 1403 740 1404 764 1404 766 1404 753 1405 766 1405 768 1405 741 1406 774 1406 742 1406 759 1407 770 1407 761 1407 765 1408 778 1408 767 1408 757 1409 769 1409 770 1409 761 1410 772 1410 774 1410 742 1411 776 1411 778 1411 743 1412 781 1412 744 1412 767 1413 780 1413 781 1413 744 1414 783 1414 771 1414 771 1415 782 1415 773 1415 775 1416 746 1416 777 1416 773 1417 786 1417 746 1417 779 1418 747 1418 751 1418 784 1419 751 1419 787 1419 785 1420 756 1420 752 1420 777 1421 745 1421 747 1421 787 1422 754 1422 756 1422 777 1423 746 1423 745 1423 746 1424 775 1424 773 1424 779 1425 777 1425 747 1425 784 1426 779 1426 751 1426 787 1427 751 1427 754 1427 785 1428 787 1428 756 1428 752 1429 756 1429 758 1429 760 1430 750 1430 752 1430 748 1431 749 1431 762 1431 763 1432 748 1432 762 1432 740 1433 763 1433 764 1433 753 1434 740 1434 766 1434 755 1435 753 1435 768 1435 757 1436 768 1436 769 1436 759 1437 757 1437 770 1437 761 1438 770 1438 772 1438 741 1439 761 1439 774 1439 742 1440 774 1440 776 1440 765 1441 742 1441 778 1441 767 1442 778 1442 780 1442 743 1443 767 1443 781 1443 744 1444 781 1444 783 1444 771 1445 783 1445 782 1445 773 1446 782 1446 786 1446 790 1447 791 1447 869 1447 869 1448 791 1448 792 1448 796 1449 231 1449 472 1449 796 1450 472 1450 480 1450 480 1451 472 1451 793 1451 793 1452 791 1452 479 1452 793 1453 792 1453 791 1453 793 1454 474 1454 792 1454 475 1455 792 1455 474 1455 475 1456 794 1456 792 1456 231 1457 794 1457 475 1457 231 1458 795 1458 794 1458 231 1459 796 1459 795 1459 480 1460 793 1460 479 1460 796 1461 477 1461 795 1461 225 1462 795 1462 477 1462 225 1463 791 1463 795 1463 478 1464 791 1464 225 1464 479 1465 791 1465 478 1465 801 1466 804 1466 798 1466 798 1467 804 1467 803 1467 476 1468 477 1468 796 1468 801 1469 798 1469 797 1469 798 1470 800 1470 797 1470 800 1471 798 1471 799 1471 800 1472 799 1472 841 1472 227 1473 840 1473 838 1473 838 1474 801 1474 227 1474 841 1475 840 1475 227 1475 473 1476 474 1476 793 1476 896 1477 893 1477 802 1477 893 1478 803 1478 802 1478 804 1479 899 1479 805 1479 806 1480 805 1480 899 1480 802 1481 803 1481 804 1481 808 1482 868 1482 942 1482 870 1483 794 1483 868 1483 868 1484 794 1484 795 1484 859 1485 928 1485 809 1485 911 1486 1127 1486 811 1486 934 1487 832 1487 935 1487 300 1488 790 1488 301 1488 300 1489 449 1489 930 1489 931 1490 930 1490 449 1490 815 1491 449 1491 814 1491 932 1492 817 1492 818 1492 932 1493 818 1493 820 1493 947 1494 823 1494 933 1494 933 1495 823 1495 948 1495 816 1496 817 1496 931 1496 818 1497 819 1497 820 1497 830 1498 832 1498 934 1498 823 1499 824 1499 825 1499 836 1500 936 1500 935 1500 948 1501 828 1501 830 1501 830 1502 831 1502 832 1502 832 1503 833 1503 834 1503 832 1504 834 1504 835 1504 832 1505 835 1505 836 1505 837 1506 936 1506 836 1506 820 1507 947 1507 932 1507 931 1508 449 1508 815 1508 817 1509 932 1509 931 1509 820 1510 821 1510 823 1510 823 1511 821 1511 822 1511 947 1512 820 1512 823 1512 948 1513 823 1513 825 1513 826 1514 948 1514 825 1514 827 1515 948 1515 826 1515 828 1516 948 1516 827 1516 829 1517 830 1517 828 1517 935 1518 832 1518 836 1518 837 1519 838 1519 839 1519 936 1520 837 1520 839 1520 943 1521 839 1521 842 1521 842 1522 839 1522 841 1522 841 1523 839 1523 840 1523 943 1524 936 1524 839 1524 842 1525 799 1525 843 1525 843 1526 943 1526 842 1526 894 1527 943 1527 843 1527 845 1528 846 1528 844 1528 848 1529 863 1529 847 1529 848 1530 849 1530 864 1530 307 1531 929 1531 865 1531 944 1532 943 1532 894 1532 944 1533 894 1533 844 1533 852 1534 853 1534 851 1534 851 1535 853 1535 854 1535 945 1536 855 1536 859 1536 945 1537 856 1537 855 1537 859 1538 860 1538 928 1538 928 1539 861 1539 862 1539 865 1540 866 1540 307 1540 865 1541 929 1541 941 1541 863 1542 864 1542 941 1542 862 1543 863 1543 941 1543 850 1544 944 1544 846 1544 846 1545 944 1545 844 1545 944 1546 851 1546 940 1546 851 1547 944 1547 850 1547 945 1548 940 1548 851 1548 854 1549 945 1549 851 1549 856 1550 945 1550 854 1550 857 1551 859 1551 855 1551 859 1552 809 1552 945 1552 858 1553 859 1553 857 1553 863 1554 848 1554 864 1554 941 1555 864 1555 865 1555 868 1556 307 1556 867 1556 868 1557 929 1557 307 1557 929 1558 868 1558 808 1558 927 1559 304 1559 869 1559 450 1560 927 1560 380 1560 304 1561 927 1561 450 1561 790 1562 304 1562 301 1562 869 1563 304 1563 790 1563 378 1564 870 1564 451 1564 451 1565 870 1565 308 1565 308 1566 870 1566 868 1566 868 1567 867 1567 308 1567 844 1568 871 1568 872 1568 845 1569 872 1569 873 1569 846 1570 873 1570 874 1570 850 1571 874 1571 875 1571 851 1572 875 1572 876 1572 852 1573 876 1573 877 1573 853 1574 877 1574 878 1574 854 1575 878 1575 879 1575 856 1576 879 1576 855 1576 856 1577 854 1577 879 1577 844 1578 872 1578 845 1578 845 1579 873 1579 846 1579 846 1580 874 1580 850 1580 850 1581 875 1581 851 1581 851 1582 876 1582 852 1582 852 1583 877 1583 853 1583 853 1584 878 1584 854 1584 879 1585 880 1585 855 1585 855 1586 880 1586 857 1586 857 1587 880 1587 881 1587 882 1588 857 1588 881 1588 882 1589 858 1589 857 1589 882 1590 883 1590 858 1590 858 1591 883 1591 859 1591 859 1592 883 1592 884 1592 860 1593 884 1593 885 1593 928 1594 885 1594 922 1594 861 1595 922 1595 886 1595 862 1596 886 1596 887 1596 863 1597 887 1597 888 1597 847 1598 888 1598 923 1598 848 1599 923 1599 889 1599 849 1600 889 1600 890 1600 864 1601 890 1601 891 1601 865 1602 891 1602 921 1602 866 1603 921 1603 494 1603 307 1604 866 1604 494 1604 859 1605 884 1605 860 1605 860 1606 885 1606 928 1606 928 1607 922 1607 861 1607 861 1608 886 1608 862 1608 862 1609 887 1609 863 1609 863 1610 888 1610 847 1610 847 1611 923 1611 848 1611 848 1612 889 1612 849 1612 849 1613 890 1613 864 1613 864 1614 891 1614 865 1614 921 1615 383 1615 494 1615 866 1616 865 1616 921 1616 896 1617 892 1617 893 1617 798 1618 893 1618 799 1618 798 1619 803 1619 893 1619 894 1620 843 1620 893 1620 893 1621 843 1621 799 1621 894 1622 895 1622 871 1622 844 1623 894 1623 871 1623 842 1624 841 1624 799 1624 836 1625 897 1625 898 1625 837 1626 898 1626 838 1626 837 1627 836 1627 898 1627 899 1628 838 1628 898 1628 806 1629 899 1629 896 1629 838 1630 899 1630 801 1630 801 1631 899 1631 804 1631 838 1632 840 1632 839 1632 376 1633 900 1633 375 1633 375 1634 900 1634 814 1634 449 1635 375 1635 814 1635 900 1636 901 1636 814 1636 814 1637 901 1637 815 1637 815 1638 901 1638 902 1638 931 1639 902 1639 903 1639 816 1640 903 1640 904 1640 817 1641 904 1641 905 1641 818 1642 905 1642 906 1642 819 1643 906 1643 907 1643 820 1644 907 1644 908 1644 821 1645 908 1645 909 1645 822 1646 909 1646 910 1646 823 1647 910 1647 911 1647 824 1648 911 1648 912 1648 825 1649 912 1649 913 1649 826 1650 913 1650 914 1650 827 1651 914 1651 925 1651 828 1652 925 1652 926 1652 829 1653 926 1653 915 1653 830 1654 915 1654 916 1654 831 1655 916 1655 917 1655 832 1656 917 1656 918 1656 833 1657 918 1657 919 1657 834 1658 919 1658 920 1658 835 1659 920 1659 897 1659 815 1660 902 1660 931 1660 931 1661 903 1661 816 1661 816 1662 904 1662 817 1662 817 1663 905 1663 818 1663 818 1664 906 1664 819 1664 819 1665 907 1665 820 1665 820 1666 908 1666 821 1666 821 1667 909 1667 822 1667 822 1668 910 1668 823 1668 823 1669 911 1669 824 1669 824 1670 912 1670 825 1670 825 1671 913 1671 826 1671 826 1672 914 1672 827 1672 827 1673 925 1673 828 1673 828 1674 926 1674 829 1674 829 1675 915 1675 830 1675 830 1676 916 1676 831 1676 831 1677 917 1677 832 1677 832 1678 918 1678 833 1678 833 1679 919 1679 834 1679 834 1680 920 1680 835 1680 835 1681 897 1681 836 1681 383 1682 921 1682 378 1682 807 1683 921 1683 1128 1683 921 1684 807 1684 870 1684 378 1685 921 1685 870 1685 890 1686 1128 1686 921 1686 923 1687 888 1687 887 1687 889 1688 923 1688 890 1688 812 1689 878 1689 1137 1689 885 1690 884 1690 922 1690 922 1691 884 1691 881 1691 884 1692 883 1692 881 1692 881 1693 883 1693 882 1693 871 1694 1131 1694 1130 1694 874 1695 1130 1695 1137 1695 1136 1696 879 1696 878 1696 878 1697 877 1697 876 1697 878 1698 876 1698 875 1698 874 1699 873 1699 872 1699 874 1700 872 1700 871 1700 895 1701 1131 1701 871 1701 923 1702 886 1702 1135 1702 890 1703 1134 1703 1128 1703 890 1704 921 1704 891 1704 923 1705 1134 1705 890 1705 887 1706 886 1706 923 1706 922 1707 1135 1707 886 1707 880 1708 1136 1708 881 1708 879 1709 1136 1709 880 1709 878 1710 812 1710 1136 1710 878 1711 875 1711 874 1711 1137 1712 878 1712 874 1712 1130 1713 874 1713 871 1713 894 1714 893 1714 895 1714 895 1715 893 1715 892 1715 1131 1716 895 1716 892 1716 924 1717 892 1717 896 1717 924 1718 1131 1718 892 1718 924 1719 896 1719 899 1719 924 1720 899 1720 898 1720 1125 1721 924 1721 898 1721 920 1722 918 1722 897 1722 920 1723 919 1723 918 1723 904 1724 1127 1724 906 1724 904 1725 906 1725 905 1725 904 1726 903 1726 902 1726 902 1727 901 1727 377 1727 1125 1728 898 1728 897 1728 918 1729 917 1729 916 1729 914 1730 926 1730 925 1730 914 1731 913 1731 926 1731 910 1732 907 1732 906 1732 909 1733 908 1733 910 1733 910 1734 908 1734 907 1734 900 1735 376 1735 377 1735 897 1736 918 1736 1125 1736 916 1737 926 1737 918 1737 926 1738 1126 1738 1138 1738 1125 1739 918 1739 1138 1739 926 1740 1138 1740 918 1740 915 1741 926 1741 916 1741 913 1742 911 1742 926 1742 911 1743 811 1743 926 1743 912 1744 911 1744 913 1744 910 1745 1127 1745 911 1745 1127 1746 910 1746 906 1746 810 1747 904 1747 902 1747 900 1748 377 1748 901 1748 810 1749 902 1749 377 1749 377 1750 380 1750 927 1750 927 1751 810 1751 377 1751 1126 1752 926 1752 811 1752 813 1753 922 1753 881 1753 813 1754 881 1754 1136 1754 1135 1755 922 1755 813 1755 937 1756 791 1756 300 1756 942 1757 791 1757 937 1757 942 1758 795 1758 791 1758 942 1759 868 1759 795 1759 791 1760 790 1760 300 1760 1132 1761 794 1761 807 1761 1145 1762 794 1762 1132 1762 1145 1763 792 1763 794 1763 1145 1764 869 1764 792 1764 1145 1765 927 1765 869 1765 794 1766 870 1766 807 1766 946 1767 928 1767 862 1767 809 1768 928 1768 946 1768 946 1769 862 1769 941 1769 931 1770 938 1770 930 1770 931 1771 932 1771 938 1771 948 1772 830 1772 934 1772 935 1773 936 1773 939 1773 929 1774 808 1774 1146 1774 1146 1775 942 1775 1236 1775 1237 1776 937 1776 300 1776 947 1777 933 1777 948 1777 939 1778 936 1778 943 1778 300 1779 930 1779 938 1779 808 1780 942 1780 1146 1780 954 1781 952 1781 953 1781 951 1782 954 1782 1024 1782 951 1783 952 1783 954 1783 953 1784 956 1784 957 1784 953 1785 957 1785 955 1785 955 1786 959 1786 958 1786 955 1787 957 1787 959 1787 956 1788 961 1788 957 1788 957 1789 961 1789 959 1789 958 1790 962 1790 960 1790 958 1791 959 1791 962 1791 959 1792 961 1792 962 1792 960 1793 963 1793 1023 1793 960 1794 962 1794 963 1794 961 1795 963 1795 962 1795 1022 1796 964 1796 965 1796 967 1797 976 1797 977 1797 971 1798 972 1798 973 1798 969 1799 973 1799 974 1799 976 1800 975 1800 966 1800 969 1801 968 1801 970 1801 966 1802 978 1802 976 1802 976 1803 978 1803 979 1803 979 1804 978 1804 980 1804 980 1805 981 1805 979 1805 980 1806 982 1806 981 1806 983 1807 982 1807 984 1807 985 1808 984 1808 986 1808 988 1809 986 1809 989 1809 990 1810 989 1810 1142 1810 991 1811 1142 1811 992 1811 993 1812 992 1812 994 1812 995 1813 994 1813 1016 1813 995 1814 993 1814 994 1814 995 1815 950 1815 993 1815 993 1816 950 1816 996 1816 996 1817 950 1817 997 1817 1025 1818 997 1818 998 1818 999 1819 998 1819 658 1819 658 1820 1000 1820 999 1820 1000 1821 658 1821 657 1821 1001 1822 657 1822 656 1822 1002 1823 656 1823 655 1823 1003 1824 655 1824 661 1824 1005 1825 661 1825 1020 1825 1005 1826 1004 1826 661 1826 1005 1827 1006 1827 1004 1827 975 1828 1006 1828 966 1828 975 1829 238 1829 1006 1829 1006 1830 238 1830 241 1830 1004 1831 1006 1831 241 1831 978 1832 1007 1832 980 1832 980 1833 1007 1833 1008 1833 1008 1834 1007 1834 1010 1834 1012 1835 1010 1835 1011 1835 1012 1836 1011 1836 1013 1836 1014 1837 1013 1837 1015 1837 1017 1838 1015 1838 1016 1838 994 1839 1017 1839 1016 1839 1008 1840 1010 1840 1009 1840 1009 1841 1010 1841 1012 1841 1012 1842 1013 1842 1014 1842 1014 1843 1015 1843 1017 1843 998 1844 1018 1844 658 1844 658 1845 1018 1845 659 1845 659 1846 1018 1846 1019 1846 660 1847 1019 1847 1020 1847 661 1848 660 1848 1020 1848 659 1849 1019 1849 660 1849 1006 1850 1021 1850 966 1850 965 1851 966 1851 1021 1851 965 1852 1021 1852 1022 1852 1022 1853 1023 1853 964 1853 964 1854 1023 1854 963 1854 951 1855 1024 1855 950 1855 1024 1856 997 1856 950 1856 996 1857 997 1857 1025 1857 1025 1858 1027 1858 996 1858 996 1859 1027 1859 1026 1859 971 1860 973 1860 970 1860 970 1861 973 1861 969 1861 969 1862 974 1862 968 1862 968 1863 974 1863 967 1863 977 1864 968 1864 967 1864 238 1865 239 1865 241 1865 241 1866 239 1866 240 1866 239 1867 1567 1867 240 1867 1004 1868 1003 1868 661 1868 1003 1869 1002 1869 655 1869 1002 1870 1001 1870 656 1870 1001 1871 1000 1871 657 1871 998 1872 999 1872 1025 1872 1026 1873 1027 1873 1028 1873 1027 1874 1031 1874 1028 1874 1028 1875 1031 1875 1029 1875 1029 1876 1031 1876 1033 1876 1030 1877 1033 1877 1571 1877 1030 1878 1571 1878 1032 1878 1033 1879 1034 1879 1569 1879 1569 1880 1035 1880 1571 1880 993 1881 991 1881 992 1881 991 1882 990 1882 1142 1882 990 1883 988 1883 989 1883 988 1884 987 1884 986 1884 987 1885 985 1885 986 1885 985 1886 983 1886 984 1886 983 1887 981 1887 982 1887 975 1888 976 1888 967 1888 956 1889 953 1889 952 1889 1033 1890 1030 1890 1029 1890 1569 1891 1571 1891 1033 1891 1040 1892 1038 1892 1039 1892 1040 1893 1109 1893 1038 1893 1038 1894 1109 1894 1037 1894 1037 1895 1039 1895 1038 1895 1040 1896 1039 1896 1041 1896 1041 1897 1043 1897 1044 1897 1041 1898 1044 1898 1042 1898 1042 1899 1046 1899 1045 1899 1042 1900 1044 1900 1046 1900 1043 1901 1048 1901 1044 1901 1044 1902 1048 1902 1046 1902 1045 1903 1046 1903 1047 1903 1046 1904 1048 1904 1047 1904 1047 1905 1048 1905 1056 1905 1107 1906 1056 1906 1057 1906 1106 1907 1057 1907 1058 1907 1049 1908 1058 1908 1059 1908 1091 1909 1060 1909 1050 1909 1114 1910 1053 1910 1061 1910 1570 1911 1054 1911 1055 1911 1054 1912 1061 1912 1062 1912 1055 1913 1054 1913 1062 1913 1059 1914 1063 1914 1060 1914 1060 1915 1063 1915 1064 1915 1064 1916 1063 1916 1065 1916 1066 1917 1064 1917 1065 1917 1066 1918 1067 1918 1064 1918 1067 1919 1066 1919 1143 1919 1068 1920 1143 1920 1069 1920 1070 1921 1069 1921 1071 1921 1072 1922 1071 1922 1073 1922 1074 1923 1073 1923 1075 1923 1076 1924 1075 1924 1077 1924 1078 1925 1077 1925 1144 1925 1079 1926 1144 1926 1101 1926 1079 1927 1078 1927 1144 1927 1079 1928 1036 1928 1078 1928 1078 1929 1036 1929 1080 1929 1080 1930 1036 1930 1081 1930 1110 1931 1081 1931 1082 1931 1083 1932 1082 1932 666 1932 666 1933 1084 1933 1083 1933 1084 1934 666 1934 665 1934 1086 1935 665 1935 664 1935 1087 1936 664 1936 663 1936 1088 1937 663 1937 662 1937 1090 1938 662 1938 1105 1938 1090 1939 1089 1939 662 1939 1090 1940 1049 1940 1089 1940 1091 1941 1049 1941 1060 1941 1091 1942 1050 1942 1051 1942 1063 1943 1092 1943 1065 1943 1065 1944 1092 1944 1093 1944 1093 1945 1092 1945 1094 1945 1095 1946 1094 1946 1096 1946 1098 1947 1096 1947 1097 1947 1098 1948 1097 1948 1099 1948 1102 1949 1099 1949 1101 1949 1144 1950 1102 1950 1101 1950 1093 1951 1094 1951 1095 1951 1095 1952 1096 1952 1098 1952 1098 1953 1099 1953 1100 1953 1100 1954 1099 1954 1102 1954 1082 1955 1103 1955 666 1955 666 1956 1103 1956 667 1956 668 1957 1103 1957 1104 1957 669 1958 1104 1958 1105 1958 662 1959 669 1959 1105 1959 667 1960 1103 1960 668 1960 668 1961 1104 1961 669 1961 1058 1962 1049 1962 1106 1962 1057 1963 1106 1963 1107 1963 1056 1964 1107 1964 1108 1964 1056 1965 1108 1965 1047 1965 1109 1966 1081 1966 1037 1966 1037 1967 1081 1967 1036 1967 1080 1968 1081 1968 1110 1968 1110 1969 1111 1969 1080 1969 1112 1970 1111 1970 1118 1970 1080 1971 1111 1971 1112 1971 1078 1972 1076 1972 1077 1972 1076 1973 1074 1973 1075 1973 1074 1974 1072 1974 1073 1974 1072 1975 1070 1975 1071 1975 1070 1976 1068 1976 1069 1976 1068 1977 1067 1977 1143 1977 1570 1978 1055 1978 286 1978 1054 1979 1570 1979 1113 1979 1114 1980 1054 1980 1113 1980 1114 1981 1115 1981 1053 1981 1053 1982 1115 1982 1052 1982 1115 1983 1051 1983 1052 1983 1050 1984 1052 1984 1051 1984 1049 1985 1091 1985 1089 1985 1566 1986 1089 1986 1559 1986 1559 1987 1116 1987 1566 1987 1566 1988 1116 1988 1117 1988 1089 1989 1088 1989 662 1989 1088 1990 1087 1990 663 1990 1087 1991 1086 1991 664 1991 1086 1992 1085 1992 665 1992 1085 1993 1084 1993 665 1993 1082 1994 1083 1994 1110 1994 1111 1995 1119 1995 1118 1995 1118 1996 1120 1996 1121 1996 1118 1997 1119 1997 1120 1997 1119 1998 1123 1998 1120 1998 1121 1999 1123 1999 1122 1999 1123 2000 1124 2000 1122 2000 1043 2001 1041 2001 1039 2001 1060 2002 1049 2002 1059 2002 1054 2003 1114 2003 1061 2003 1123 2004 1121 2004 1120 2004 924 2005 1125 2005 1138 2005 1140 2006 1127 2006 904 2006 1140 2007 904 2007 810 2007 811 2008 1127 2008 1139 2008 1139 2009 1127 2009 1140 2009 1140 2010 810 2010 1141 2010 1134 2011 923 2011 1135 2011 1135 2012 813 2012 1129 2012 1136 2013 812 2013 1137 2013 810 2014 927 2014 1141 2014 992 2015 924 2015 994 2015 992 2016 1145 2016 924 2016 1145 2017 992 2017 1142 2017 1142 2018 989 2018 1145 2018 927 2019 989 2019 986 2019 1145 2020 989 2020 927 2020 927 2021 986 2021 1141 2021 1140 2022 986 2022 984 2022 982 2023 1140 2023 984 2023 1140 2024 982 2024 980 2024 1139 2025 980 2025 1008 2025 1139 2026 1008 2026 1009 2026 1009 2027 811 2027 1139 2027 1009 2028 1012 2028 811 2028 1141 2029 986 2029 1140 2029 1140 2030 980 2030 1139 2030 1014 2031 1126 2031 1012 2031 1126 2032 1014 2032 1138 2032 1138 2033 1014 2033 1017 2033 1138 2034 1017 2034 994 2034 1138 2035 994 2035 924 2035 924 2036 1145 2036 1131 2036 1145 2037 1132 2037 1131 2037 1131 2038 1132 2038 1066 2038 1066 2039 1065 2039 1131 2039 1130 2040 1065 2040 1093 2040 1095 2041 1130 2041 1093 2041 1130 2042 1095 2042 1137 2042 1137 2043 1095 2043 1098 2043 1066 2044 1132 2044 1143 2044 1143 2045 1132 2045 1069 2045 1069 2046 1132 2046 1133 2046 1071 2047 1133 2047 1134 2047 1134 2048 1073 2048 1071 2048 1075 2049 1134 2049 1135 2049 1077 2050 1135 2050 1144 2050 1069 2051 1133 2051 1071 2051 1073 2052 1134 2052 1075 2052 1075 2053 1135 2053 1077 2053 1144 2054 1135 2054 1102 2054 1102 2055 1135 2055 1129 2055 1100 2056 1129 2056 1136 2056 1137 2057 1098 2057 1136 2057 1102 2058 1129 2058 1100 2058 1100 2059 1136 2059 1098 2059 1130 2060 1131 2060 1065 2060 1012 2061 1126 2061 811 2061 807 2062 1128 2062 1133 2062 1133 2063 1128 2063 1134 2063 1132 2064 807 2064 1133 2064 1136 2065 1129 2065 813 2065 307 2066 1146 2066 867 2066 867 2067 1146 2067 1147 2067 1147 2068 1148 2068 867 2068 451 2069 308 2069 1148 2069 1148 2070 308 2070 867 2070 379 2071 383 2071 378 2071 340 2072 307 2072 494 2072 375 2073 449 2073 1149 2073 1237 2074 949 2074 937 2074 937 2075 949 2075 939 2075 937 2076 939 2076 943 2076 949 2077 935 2077 939 2077 937 2078 943 2078 942 2078 945 2079 944 2079 940 2079 946 2080 941 2080 788 2080 941 2081 929 2081 788 2081 789 2082 730 2082 1237 2082 789 2083 732 2083 730 2083 789 2084 734 2084 732 2084 734 2085 789 2085 733 2085 733 2086 789 2086 932 2086 737 2087 932 2087 947 2087 704 2088 947 2088 948 2088 713 2089 948 2089 934 2089 934 2090 715 2090 706 2090 715 2091 934 2091 716 2091 716 2092 934 2092 935 2092 723 2093 935 2093 949 2093 726 2094 949 2094 1237 2094 724 2095 1237 2095 730 2095 724 2096 726 2096 1237 2096 733 2097 932 2097 736 2097 736 2098 932 2098 737 2098 737 2099 947 2099 705 2099 705 2100 947 2100 704 2100 704 2101 948 2101 738 2101 738 2102 948 2102 709 2102 709 2103 948 2103 711 2103 711 2104 948 2104 713 2104 713 2105 934 2105 706 2105 716 2106 935 2106 717 2106 717 2107 935 2107 720 2107 720 2108 935 2108 721 2108 721 2109 935 2109 723 2109 723 2110 949 2110 725 2110 727 2111 949 2111 726 2111 1236 2112 778 2112 788 2112 1236 2113 780 2113 778 2113 1236 2114 781 2114 780 2114 1236 2115 942 2115 781 2115 781 2116 942 2116 783 2116 782 2117 942 2117 943 2117 747 2118 943 2118 944 2118 754 2119 944 2119 945 2119 945 2120 760 2120 758 2120 945 2121 809 2121 760 2121 760 2122 809 2122 762 2122 763 2123 809 2123 946 2123 769 2124 946 2124 788 2124 776 2125 788 2125 778 2125 776 2126 774 2126 788 2126 783 2127 942 2127 782 2127 782 2128 943 2128 786 2128 786 2129 943 2129 746 2129 746 2130 943 2130 745 2130 745 2131 943 2131 747 2131 747 2132 944 2132 751 2132 751 2133 944 2133 754 2133 754 2134 945 2134 756 2134 756 2135 945 2135 758 2135 762 2136 809 2136 763 2136 763 2137 946 2137 764 2137 764 2138 946 2138 766 2138 766 2139 946 2139 768 2139 768 2140 946 2140 769 2140 769 2141 788 2141 770 2141 770 2142 788 2142 772 2142 772 2143 788 2143 774 2143 1150 2144 1151 2144 1152 2144 1152 2145 1151 2145 1153 2145 1154 2146 1152 2146 1153 2146 1155 2147 1156 2147 1248 2147 1248 2148 1156 2148 1224 2148 1150 2149 1224 2149 1151 2149 1150 2150 1248 2150 1224 2150 1157 2151 1158 2151 1159 2151 1159 2152 1158 2152 1156 2152 1155 2153 1159 2153 1156 2153 1160 2154 1161 2154 1220 2154 1157 2155 1220 2155 1158 2155 1157 2156 1160 2156 1220 2156 417 2157 1210 2157 431 2157 417 2158 431 2158 416 2158 1162 2159 421 2159 1163 2159 1164 2160 415 2160 1165 2160 427 2161 1205 2161 426 2161 1205 2162 427 2162 1166 2162 314 2163 403 2163 1167 2163 1167 2164 403 2164 400 2164 1168 2165 1169 2165 1170 2165 1171 2166 1172 2166 1173 2166 1174 2167 397 2167 409 2167 1175 2168 1203 2168 401 2168 1175 2169 401 2169 1176 2169 1178 2170 1206 2170 312 2170 1204 2171 429 2171 407 2171 1180 2172 425 2172 430 2172 430 2173 425 2173 313 2173 316 2174 424 2174 1181 2174 316 2175 1181 2175 1209 2175 1182 2176 433 2176 1183 2176 1182 2177 1183 2177 1184 2177 1186 2178 1160 2178 1185 2178 1157 2179 1326 2179 1160 2179 1157 2180 1159 2180 1326 2180 1321 2181 1195 2181 1152 2181 1195 2182 1321 2182 1394 2182 1187 2183 1393 2183 1392 2183 1391 2184 1392 2184 1323 2184 1391 2185 1323 2185 1188 2185 1188 2186 1323 2186 1189 2186 1390 2187 1188 2187 1189 2187 1188 2188 1390 2188 1190 2188 1190 2189 1390 2189 1389 2189 1186 2190 1191 2190 1325 2190 1186 2191 1185 2191 1191 2191 1192 2192 1334 2192 1333 2192 1193 2193 1333 2193 1326 2193 1193 2194 1326 2194 1159 2194 1159 2195 1387 2195 1193 2195 1386 2196 1387 2196 1159 2196 1387 2197 1386 2197 1194 2197 1194 2198 1386 2198 1385 2198 1152 2199 1195 2199 1196 2199 1394 2200 1393 2200 1187 2200 1187 2201 1392 2201 1391 2201 1190 2202 1389 2202 1388 2202 1388 2203 1325 2203 1191 2203 1191 2204 1185 2204 1335 2204 1335 2205 1334 2205 1192 2205 1192 2206 1333 2206 1193 2206 1194 2207 1385 2207 1384 2207 1384 2208 1196 2208 1195 2208 302 2209 1197 2209 1237 2209 1237 2210 300 2210 302 2210 1197 2211 302 2211 305 2211 1197 2212 305 2212 1198 2212 1199 2213 305 2213 303 2213 1198 2214 305 2214 1199 2214 1199 2215 450 2215 381 2215 1199 2216 303 2216 450 2216 381 2217 450 2217 380 2217 1148 2218 1202 2218 451 2218 451 2219 1202 2219 382 2219 451 2220 382 2220 378 2220 381 2221 1198 2221 1199 2221 1200 2222 1198 2222 381 2222 1200 2223 381 2223 1201 2223 1201 2224 381 2224 382 2224 382 2225 1202 2225 1219 2225 382 2226 1219 2226 1201 2226 315 2227 1174 2227 409 2227 1207 2228 311 2228 1177 2228 311 2229 1208 2229 1177 2229 1207 2230 1177 2230 1208 2230 420 2231 433 2231 1182 2231 1184 2232 1183 2232 433 2232 442 2233 306 2233 443 2233 447 2234 444 2234 310 2234 448 2235 446 2235 309 2235 445 2236 446 2236 448 2236 1211 2237 1197 2237 1212 2237 1212 2238 1197 2238 1214 2238 1213 2239 1214 2239 1215 2239 1215 2240 1233 2240 1213 2240 1218 2241 1216 2241 1220 2241 1218 2242 1217 2242 1216 2242 1214 2243 1197 2243 1198 2243 1214 2244 1198 2244 1219 2244 1219 2245 1198 2245 225 2245 225 2246 477 2246 1219 2246 477 2247 476 2247 1219 2247 1219 2248 476 2248 1201 2248 1201 2249 476 2249 471 2249 231 2250 1201 2250 471 2250 475 2251 1201 2251 231 2251 475 2252 474 2252 1200 2252 474 2253 473 2253 1200 2253 1200 2254 473 2254 479 2254 1198 2255 479 2255 478 2255 1198 2256 478 2256 225 2256 1198 2257 1200 2257 479 2257 1200 2258 1201 2258 475 2258 1212 2259 1214 2259 1213 2259 1233 2260 1216 2260 1217 2260 1220 2261 1222 2261 1221 2261 1221 2262 1222 2262 1223 2262 1223 2263 1222 2263 1224 2263 1224 2264 1225 2264 1226 2264 1226 2265 1225 2265 1227 2265 1227 2266 1225 2266 1240 2266 1212 2267 1228 2267 1211 2267 1227 2268 1240 2268 1228 2268 480 2269 473 2269 472 2269 796 2270 472 2270 471 2270 479 2271 473 2271 480 2271 796 2272 471 2272 476 2272 1229 2273 1230 2273 1186 2273 1186 2274 1230 2274 1161 2274 1160 2275 1186 2275 1161 2275 1231 2276 1232 2276 1233 2276 1229 2277 1233 2277 1230 2277 1229 2278 1231 2278 1233 2278 1234 2279 1235 2279 1189 2279 1189 2280 1235 2280 1232 2280 1231 2281 1189 2281 1232 2281 1154 2282 1153 2282 1249 2282 1249 2283 1153 2283 1228 2283 1234 2284 1228 2284 1235 2284 1234 2285 1249 2285 1228 2285 1161 2286 1218 2286 1220 2286 1158 2287 1220 2287 1221 2287 1221 2288 1223 2288 1158 2288 1158 2289 1223 2289 1156 2289 1156 2290 1223 2290 1224 2290 1151 2291 1224 2291 1226 2291 1226 2292 1227 2292 1151 2292 1151 2293 1227 2293 1153 2293 1153 2294 1227 2294 1228 2294 1235 2295 1228 2295 1212 2295 1212 2296 1213 2296 1235 2296 1235 2297 1213 2297 1232 2297 1232 2298 1213 2298 1233 2298 1230 2299 1233 2299 1217 2299 1217 2300 1218 2300 1230 2300 1230 2301 1218 2301 1161 2301 1236 2302 1147 2302 1146 2302 1147 2303 1236 2303 1214 2303 1147 2304 1214 2304 1219 2304 1147 2305 1219 2305 1202 2305 1148 2306 1147 2306 1202 2306 340 2307 788 2307 929 2307 932 2308 789 2308 938 2308 938 2309 789 2309 1149 2309 1197 2310 1211 2310 789 2310 1237 2311 1197 2311 789 2311 1211 2312 1228 2312 362 2312 1228 2313 1239 2313 362 2313 1228 2314 1240 2314 1239 2314 1239 2315 359 2315 362 2315 1240 2316 1238 2316 1239 2316 1238 2317 374 2317 373 2317 1238 2318 1240 2318 1241 2318 1241 2319 374 2319 1238 2319 1224 2320 457 2320 1242 2320 457 2321 1224 2321 456 2321 1242 2322 1241 2322 1240 2322 1242 2323 1240 2323 1225 2323 1224 2324 1242 2324 1225 2324 1224 2325 1222 2325 456 2325 456 2326 1222 2326 1243 2326 455 2327 1243 2327 1244 2327 1222 2328 1244 2328 1243 2328 1244 2329 454 2329 455 2329 1244 2330 1222 2330 453 2330 453 2331 1222 2331 1220 2331 1245 2332 1220 2332 1216 2332 453 2333 1220 2333 1245 2333 1246 2334 1245 2334 1216 2334 1246 2335 459 2335 1245 2335 1245 2336 459 2336 452 2336 1247 2337 1246 2337 1216 2337 1233 2338 1247 2338 1216 2338 1247 2339 1233 2339 1215 2339 458 2340 1247 2340 1215 2340 788 2341 340 2341 1215 2341 1215 2342 1214 2342 788 2342 1236 2343 788 2343 1214 2343 929 2344 307 2344 340 2344 929 2345 1146 2345 307 2345 300 2346 938 2346 449 2346 449 2347 938 2347 1149 2347 1325 2348 1229 2348 1186 2348 1229 2349 1325 2349 1231 2349 1196 2350 1150 2350 1152 2350 1248 2351 1159 2351 1155 2351 1150 2352 1196 2352 1248 2352 1323 2353 1234 2353 1189 2353 1249 2354 1321 2354 1154 2354 1321 2355 1152 2355 1154 2355 1234 2356 1323 2356 1249 2356 493 2357 1260 2357 481 2357 493 2358 1250 2358 1260 2358 1250 2359 493 2359 492 2359 1259 2360 492 2360 491 2360 1257 2361 1258 2361 389 2361 1256 2362 389 2362 490 2362 1255 2363 490 2363 489 2363 1254 2364 489 2364 488 2364 408 2365 1251 2365 384 2365 1251 2366 408 2366 487 2366 1268 2367 487 2367 404 2367 1267 2368 404 2368 1266 2368 1265 2369 486 2369 485 2369 1264 2370 485 2370 402 2370 1264 2371 402 2371 484 2371 1263 2372 484 2372 483 2372 1262 2373 483 2373 482 2373 1261 2374 482 2374 396 2374 1261 2375 396 2375 481 2375 1250 2376 492 2376 1259 2376 1259 2377 491 2377 1258 2377 1257 2378 389 2378 1256 2378 1256 2379 490 2379 1255 2379 1255 2380 489 2380 1254 2380 1254 2381 488 2381 1253 2381 385 2382 384 2382 1252 2382 1268 2383 404 2383 1267 2383 1266 2384 486 2384 1265 2384 1265 2385 485 2385 1264 2385 1264 2386 484 2386 1263 2386 1263 2387 483 2387 1262 2387 1262 2388 482 2388 1261 2388 1261 2389 481 2389 1260 2389 1270 2390 1252 2390 384 2390 487 2391 1268 2391 1269 2391 1251 2392 1269 2392 1270 2392 384 2393 1251 2393 1270 2393 487 2394 1269 2394 1251 2394 1280 2395 1261 2395 1260 2395 1280 2396 1271 2396 1261 2396 1261 2397 1271 2397 1262 2397 1264 2398 1271 2398 1272 2398 1262 2399 1271 2399 1263 2399 1263 2400 1271 2400 1264 2400 1264 2401 1272 2401 1265 2401 1265 2402 1272 2402 1273 2402 1267 2403 1273 2403 1268 2403 1265 2404 1273 2404 1266 2404 1266 2405 1273 2405 1267 2405 1268 2406 1273 2406 1274 2406 1270 2407 1274 2407 1275 2407 1268 2408 1274 2408 1269 2408 1269 2409 1274 2409 1270 2409 1270 2410 1275 2410 1252 2410 1252 2411 1275 2411 1276 2411 1253 2412 385 2412 1276 2412 1252 2413 1276 2413 385 2413 1276 2414 1277 2414 1253 2414 1253 2415 1277 2415 1254 2415 1256 2416 1277 2416 1278 2416 1256 2417 1278 2417 1257 2417 1254 2418 1277 2418 1255 2418 1255 2419 1277 2419 1256 2419 1258 2420 1278 2420 1279 2420 1250 2421 1259 2421 1279 2421 1257 2422 1278 2422 1258 2422 1258 2423 1279 2423 1259 2423 1250 2424 1279 2424 1280 2424 1250 2425 1280 2425 1260 2425 1281 2426 1282 2426 1283 2426 1283 2427 1282 2427 1432 2427 1282 2428 1284 2428 1432 2428 1432 2429 1284 2429 1285 2429 1284 2430 1286 2430 1285 2430 1285 2431 1286 2431 1426 2431 1286 2432 1287 2432 1426 2432 1426 2433 1287 2433 1427 2433 1287 2434 1288 2434 1427 2434 1427 2435 1288 2435 1428 2435 1288 2436 1281 2436 1428 2436 1428 2437 1281 2437 1283 2437 1291 2438 1294 2438 1290 2438 1291 2439 1290 2439 1292 2439 1293 2440 1292 2440 1294 2440 1289 2441 1294 2441 1291 2441 1291 2442 1292 2442 1293 2442 1294 2443 1289 2443 1293 2443 1293 2444 1289 2444 1291 2444 1295 2445 1297 2445 1296 2445 1296 2446 1297 2446 1299 2446 1297 2447 1300 2447 1298 2447 1297 2448 1298 2448 1299 2448 1295 2449 1299 2449 1300 2449 1297 2450 1295 2450 1300 2450 1296 2451 1299 2451 1295 2451 1301 2452 1302 2452 1303 2452 1303 2453 1302 2453 1304 2453 1305 2454 1302 2454 1306 2454 1306 2455 1302 2455 1301 2455 1307 2456 1304 2456 1305 2456 1305 2457 1304 2457 1302 2457 1308 2458 1303 2458 1307 2458 1307 2459 1303 2459 1304 2459 1306 2460 1292 2460 1308 2460 1306 2461 1299 2461 1292 2461 1306 2462 1300 2462 1299 2462 1306 2463 1301 2463 1300 2463 1300 2464 1301 2464 1298 2464 1298 2465 1301 2465 1294 2465 1298 2466 1294 2466 1299 2466 1301 2467 1303 2467 1294 2467 1294 2468 1303 2468 1290 2468 1290 2469 1303 2469 1308 2469 1290 2470 1308 2470 1292 2470 1292 2471 1299 2471 1294 2471 1309 2472 1310 2472 1311 2472 1311 2473 1310 2473 1312 2473 1314 2474 1313 2474 1309 2474 1315 2475 1309 2475 1311 2475 1315 2476 1314 2476 1309 2476 1315 2477 1370 2477 1314 2477 1315 2478 1368 2478 1370 2478 1316 2479 1317 2479 1318 2479 1318 2480 1317 2480 1319 2480 1317 2481 1316 2481 1248 2481 1249 2482 1320 2482 1321 2482 1321 2483 1320 2483 1317 2483 1196 2484 1317 2484 1248 2484 1196 2485 1321 2485 1317 2485 1320 2486 1313 2486 1322 2486 1322 2487 1313 2487 1314 2487 1313 2488 1320 2488 1249 2488 1231 2489 1309 2489 1189 2489 1189 2490 1309 2490 1323 2490 1323 2491 1309 2491 1313 2491 1323 2492 1313 2492 1249 2492 1309 2493 1231 2493 1310 2493 1160 2494 1324 2494 1185 2494 1185 2495 1324 2495 1325 2495 1325 2496 1324 2496 1310 2496 1325 2497 1310 2497 1231 2497 1248 2498 1316 2498 1159 2498 1159 2499 1316 2499 1326 2499 1326 2500 1316 2500 1327 2500 1326 2501 1327 2501 1160 2501 1327 2502 1324 2502 1160 2502 1324 2503 1327 2503 1328 2503 1328 2504 1327 2504 1329 2504 1332 2505 1500 2505 1312 2505 1500 2506 1332 2506 1366 2506 1366 2507 1514 2507 1500 2507 1514 2508 1366 2508 1339 2508 1500 2509 1311 2509 1312 2509 1501 2510 1311 2510 1500 2510 1311 2511 1501 2511 1330 2511 1330 2512 1315 2512 1311 2512 1331 2513 1330 2513 1501 2513 1335 2514 1185 2514 1325 2514 1378 2515 1353 2515 1377 2515 1377 2516 1353 2516 1354 2516 1336 2517 1347 2517 1343 2517 1343 2518 1347 2518 1349 2518 1365 2519 1338 2519 1366 2519 1366 2520 1338 2520 1339 2520 1331 2521 1339 2521 1337 2521 1338 2522 1337 2522 1339 2522 1340 2523 1341 2523 1383 2523 1383 2524 1341 2524 1348 2524 1492 2525 1340 2525 1345 2525 1341 2526 1340 2526 1492 2526 1342 2527 1341 2527 1490 2527 1342 2528 1490 2528 1349 2528 1490 2529 1343 2529 1349 2529 1490 2530 1512 2530 1343 2530 1343 2531 1512 2531 1329 2531 1344 2532 1343 2532 1329 2532 1512 2533 1492 2533 1329 2533 1329 2534 1492 2534 1328 2534 1492 2535 1345 2535 1328 2535 1328 2536 1345 2536 1346 2536 1347 2537 1348 2537 1342 2537 1348 2538 1341 2538 1342 2538 1347 2539 1342 2539 1349 2539 1350 2540 1508 2540 1379 2540 1379 2541 1508 2541 1352 2541 1350 2542 1510 2542 1508 2542 1510 2543 1350 2543 1318 2543 1354 2544 1509 2544 1488 2544 1488 2545 1377 2545 1354 2545 1377 2546 1488 2546 1486 2546 1377 2547 1486 2547 1375 2547 1375 2548 1486 2548 1319 2548 1486 2549 1510 2549 1319 2549 1319 2550 1510 2550 1318 2550 1318 2551 1350 2551 1351 2551 1353 2552 1352 2552 1509 2552 1352 2553 1508 2553 1509 2553 1353 2554 1509 2554 1354 2554 1355 2555 1357 2555 1356 2555 1356 2556 1357 2556 1360 2556 1507 2557 1371 2557 1361 2557 1371 2558 1507 2558 1372 2558 1372 2559 1507 2559 1314 2559 1507 2560 1358 2560 1314 2560 1314 2561 1358 2561 1322 2561 1359 2562 1322 2562 1358 2562 1359 2563 1358 2563 1355 2563 1357 2564 1355 2564 1358 2564 1362 2565 1357 2565 1361 2565 1362 2566 1361 2566 1363 2566 1360 2567 1357 2567 1362 2567 1364 2568 1365 2568 1332 2568 1332 2569 1365 2569 1366 2569 1330 2570 1331 2570 1367 2570 1367 2571 1331 2571 1337 2571 1368 2572 1330 2572 1367 2572 1330 2573 1368 2573 1315 2573 1369 2574 1363 2574 1371 2574 1371 2575 1363 2575 1361 2575 1371 2576 1372 2576 1370 2576 1370 2577 1369 2577 1371 2577 1370 2578 1372 2578 1314 2578 1359 2579 1356 2579 1373 2579 1356 2580 1359 2580 1355 2580 1375 2581 1307 2581 1374 2581 1375 2582 1317 2582 1307 2582 1375 2583 1319 2583 1317 2583 1317 2584 1320 2584 1307 2584 1307 2585 1320 2585 1308 2585 1308 2586 1320 2586 1359 2586 1373 2587 1308 2587 1359 2587 1373 2588 1306 2588 1308 2588 1373 2589 1374 2589 1306 2589 1306 2590 1374 2590 1305 2590 1305 2591 1374 2591 1307 2591 1320 2592 1322 2592 1359 2592 1376 2593 1375 2593 1374 2593 1375 2594 1376 2594 1377 2594 1376 2595 1378 2595 1377 2595 1350 2596 1379 2596 1380 2596 1350 2597 1380 2597 1351 2597 1380 2598 1381 2598 1351 2598 1351 2599 1381 2599 1344 2599 1316 2600 1344 2600 1327 2600 1316 2601 1351 2601 1344 2601 1316 2602 1318 2602 1351 2602 1344 2603 1329 2603 1327 2603 1381 2604 1336 2604 1343 2604 1343 2605 1344 2605 1381 2605 1288 2606 1352 2606 1281 2606 1288 2607 1380 2607 1352 2607 1288 2608 1381 2608 1380 2608 1288 2609 1347 2609 1381 2609 1288 2610 1287 2610 1347 2610 1347 2611 1287 2611 1348 2611 1348 2612 1287 2612 1382 2612 1348 2613 1382 2613 1383 2613 1382 2614 1287 2614 1364 2614 1364 2615 1287 2615 1286 2615 1338 2616 1364 2616 1286 2616 1364 2617 1338 2617 1365 2617 1284 2618 1337 2618 1286 2618 1284 2619 1368 2619 1337 2619 1284 2620 1370 2620 1368 2620 1284 2621 1363 2621 1370 2621 1284 2622 1362 2622 1363 2622 1284 2623 1282 2623 1362 2623 1362 2624 1282 2624 1360 2624 1360 2625 1282 2625 1373 2625 1360 2626 1373 2626 1356 2626 1282 2627 1281 2627 1373 2627 1373 2628 1281 2628 1374 2628 1374 2629 1281 2629 1353 2629 1353 2630 1378 2630 1374 2630 1374 2631 1378 2631 1376 2631 1381 2632 1347 2632 1336 2632 1352 2633 1380 2633 1379 2633 1281 2634 1352 2634 1353 2634 1370 2635 1363 2635 1369 2635 1367 2636 1337 2636 1368 2636 1286 2637 1337 2637 1338 2637 1328 2638 1346 2638 1324 2638 1324 2639 1346 2639 1332 2639 1310 2640 1332 2640 1312 2640 1310 2641 1324 2641 1332 2641 1382 2642 1364 2642 1346 2642 1346 2643 1364 2643 1332 2643 1383 2644 1345 2644 1340 2644 1345 2645 1382 2645 1346 2645 1345 2646 1383 2646 1382 2646 1384 2647 1195 2647 1321 2647 1193 2648 1387 2648 1326 2648 1191 2649 1335 2649 1325 2649 1387 2650 1159 2650 1326 2650 1196 2651 1384 2651 1321 2651 1395 2652 1431 2652 1456 2652 1454 2653 1397 2653 1398 2653 1400 2654 1401 2654 1402 2654 1399 2655 1402 2655 1401 2655 1400 2656 1402 2656 1399 2656 1399 2657 1401 2657 1400 2657 1405 2658 1403 2658 1407 2658 1403 2659 1405 2659 1406 2659 1404 2660 1406 2660 1407 2660 1403 2661 1406 2661 1404 2661 1404 2662 1407 2662 1403 2662 1409 2663 1410 2663 1411 2663 1408 2664 1411 2664 1410 2664 1408 2665 1410 2665 1409 2665 1409 2666 1411 2666 1408 2666 1412 2667 1416 2667 1414 2667 1412 2668 1414 2668 1415 2668 1413 2669 1415 2669 1416 2669 1412 2670 1415 2670 1413 2670 1413 2671 1416 2671 1412 2671 1419 2672 1417 2672 1421 2672 1417 2673 1419 2673 1420 2673 1418 2674 1420 2674 1421 2674 1417 2675 1420 2675 1418 2675 1418 2676 1421 2676 1417 2676 1422 2677 1425 2677 1424 2677 1423 2678 1424 2678 1425 2678 1422 2679 1424 2679 1423 2679 1423 2680 1425 2680 1422 2680 1285 2681 1426 2681 1429 2681 1432 2682 1285 2682 1429 2682 1428 2683 1283 2683 1432 2683 1433 2684 1428 2684 1432 2684 1429 2685 1426 2685 1427 2685 1428 2686 1421 2686 1427 2686 1427 2687 1421 2687 1429 2687 1433 2688 1430 2688 1428 2688 1429 2689 1421 2689 1431 2689 1429 2690 1431 2690 1432 2690 1428 2691 1430 2691 1421 2691 1434 2692 1432 2692 1410 2692 1432 2693 1434 2693 1436 2693 1406 2694 1436 2694 1407 2694 1432 2695 1436 2695 1433 2695 1433 2696 1436 2696 1406 2696 1405 2697 1433 2697 1406 2697 1405 2698 1396 2698 1433 2698 1405 2699 1398 2699 1396 2699 1405 2700 1435 2700 1398 2700 1407 2701 1435 2701 1405 2701 1407 2702 1436 2702 1437 2702 1438 2703 1437 2703 1436 2703 1438 2704 1434 2704 1439 2704 1437 2705 1438 2705 1439 2705 1439 2706 1434 2706 1410 2706 1439 2707 1410 2707 1411 2707 1410 2708 1440 2708 1411 2708 1410 2709 1453 2709 1440 2709 1452 2710 1410 2710 1432 2710 1425 2711 1441 2711 1442 2711 1442 2712 1441 2712 1443 2712 1443 2713 1445 2713 1444 2713 1442 2714 1443 2714 1444 2714 1444 2715 1445 2715 1402 2715 1444 2716 1402 2716 1401 2716 1401 2717 1397 2717 1454 2717 1397 2718 1401 2718 1402 2718 1433 2719 1402 2719 1430 2719 1433 2720 1397 2720 1402 2720 1397 2721 1433 2721 1396 2721 1430 2722 1445 2722 1441 2722 1441 2723 1425 2723 1430 2723 1402 2724 1445 2724 1430 2724 1447 2725 1419 2725 1446 2725 1447 2726 1455 2726 1419 2726 1419 2727 1455 2727 1420 2727 1447 2728 1446 2728 1448 2728 1424 2729 1448 2729 1450 2729 1447 2730 1448 2730 1449 2730 1449 2731 1448 2731 1424 2731 1449 2732 1424 2732 1425 2732 1442 2733 1449 2733 1425 2733 1421 2734 1450 2734 1446 2734 1424 2735 1450 2735 1430 2735 1430 2736 1450 2736 1421 2736 1421 2737 1446 2737 1419 2737 1431 2738 1471 2738 1414 2738 1416 2739 1431 2739 1414 2739 1416 2740 1452 2740 1431 2740 1416 2741 1451 2741 1452 2741 1451 2742 1416 2742 1415 2742 1457 2743 1415 2743 1414 2743 1414 2744 1471 2744 1457 2744 1453 2745 1452 2745 1451 2745 1431 2746 1452 2746 1432 2746 1452 2747 1453 2747 1410 2747 1440 2748 1453 2748 1451 2748 1454 2749 1444 2749 1401 2749 1455 2750 1456 2750 1420 2750 1457 2751 1471 2751 1456 2751 1457 2752 1451 2752 1415 2752 1440 2753 1439 2753 1411 2753 1437 2754 1435 2754 1407 2754 1398 2755 1435 2755 1454 2755 1425 2756 1424 2756 1430 2756 1431 2757 1421 2757 1420 2757 1420 2758 1456 2758 1431 2758 1280 2759 1279 2759 1454 2759 1444 2760 1279 2760 1278 2760 1449 2761 1278 2761 1277 2761 1447 2762 1277 2762 1276 2762 1455 2763 1276 2763 1275 2763 1457 2764 1275 2764 1274 2764 1451 2765 1274 2765 1273 2765 1440 2766 1273 2766 1272 2766 1437 2767 1272 2767 1271 2767 1435 2768 1271 2768 1280 2768 1454 2769 1279 2769 1444 2769 1444 2770 1278 2770 1442 2770 1442 2771 1278 2771 1449 2771 1449 2772 1277 2772 1447 2772 1447 2773 1276 2773 1455 2773 1455 2774 1275 2774 1456 2774 1456 2775 1275 2775 1457 2775 1457 2776 1274 2776 1451 2776 1451 2777 1273 2777 1440 2777 1440 2778 1272 2778 1439 2778 1439 2779 1272 2779 1437 2779 1437 2780 1271 2780 1435 2780 1435 2781 1280 2781 1454 2781 1458 2782 1398 2782 1397 2782 1459 2783 1397 2783 1396 2783 1460 2784 1396 2784 1398 2784 1458 2785 1460 2785 1398 2785 1458 2786 1397 2786 1459 2786 1459 2787 1396 2787 1460 2787 1459 2788 1460 2788 1458 2788 1461 2789 1453 2789 1452 2789 1462 2790 1452 2790 1453 2790 1462 2791 1453 2791 1461 2791 1461 2792 1452 2792 1463 2792 1463 2793 1452 2793 1462 2793 1462 2794 1461 2794 1463 2794 1464 2795 1446 2795 1450 2795 1465 2796 1450 2796 1448 2796 1466 2797 1448 2797 1446 2797 1464 2798 1466 2798 1446 2798 1464 2799 1450 2799 1465 2799 1465 2800 1448 2800 1466 2800 1464 2801 1465 2801 1466 2801 1468 2802 1441 2802 1445 2802 1469 2803 1445 2803 1443 2803 1468 2804 1443 2804 1441 2804 1468 2805 1445 2805 1467 2805 1467 2806 1445 2806 1469 2806 1469 2807 1443 2807 1468 2807 1468 2808 1467 2808 1469 2808 1470 2809 1431 2809 1395 2809 1472 2810 1395 2810 1456 2810 1470 2811 1471 2811 1431 2811 1470 2812 1395 2812 1472 2812 1472 2813 1456 2813 1471 2813 1471 2814 1470 2814 1472 2814 1475 2815 1434 2815 1438 2815 1473 2816 1438 2816 1436 2816 1474 2817 1436 2817 1434 2817 1474 2818 1434 2818 1475 2818 1475 2819 1438 2819 1473 2819 1473 2820 1436 2820 1474 2820 1473 2821 1474 2821 1475 2821 1476 2822 1478 2822 1477 2822 1507 2823 1477 2823 1478 2823 1478 2824 1476 2824 1358 2824 1480 2825 1481 2825 403 2825 1480 2826 1484 2826 1481 2826 1483 2827 1482 2827 1484 2827 1480 2828 1483 2828 1484 2828 1479 2829 403 2829 1482 2829 1481 2830 1484 2830 403 2830 403 2831 1484 2831 1482 2831 1488 2832 1485 2832 1487 2832 1485 2833 1510 2833 1487 2833 1487 2834 1510 2834 1486 2834 1509 2835 1485 2835 1488 2835 1488 2836 1487 2836 1486 2836 1489 2837 467 2837 468 2837 468 2838 469 2838 397 2838 397 2839 1489 2839 468 2839 1490 2840 1511 2840 1491 2840 1491 2841 1492 2841 1512 2841 1490 2842 1491 2842 1512 2842 1491 2843 1511 2843 1492 2843 1496 2844 1494 2844 1497 2844 1493 2845 1495 2845 1494 2845 1496 2846 1497 2846 1498 2846 1498 2847 1497 2847 1499 2847 1495 2848 1498 2848 1499 2848 1493 2849 1494 2849 1496 2849 1495 2850 1499 2850 1494 2850 1499 2851 1497 2851 1494 2851 1502 2852 1500 2852 1514 2852 1502 2853 1514 2853 1501 2853 1501 2854 1514 2854 1513 2854 1502 2855 1501 2855 1500 2855 1505 2856 1503 2856 1506 2856 1503 2857 1504 2857 1506 2857 1504 2858 470 2858 1506 2858 1357 2859 1358 2859 1476 2859 1357 2860 1476 2860 1361 2860 1477 2861 1507 2861 1361 2861 1478 2862 1358 2862 1507 2862 1361 2863 1476 2863 1477 2863 1509 2864 1508 2864 1485 2864 1510 2865 1485 2865 1508 2865 1341 2866 1511 2866 1490 2866 1492 2867 1511 2867 1341 2867 1331 2868 1501 2868 1513 2868 1331 2869 1513 2869 1339 2869 1514 2870 1339 2870 1513 2870 287 2871 1515 2871 1517 2871 1515 2872 287 2872 971 2872 971 2873 287 2873 1517 2873 1517 2874 1515 2874 1516 2874 971 2875 1517 2875 972 2875 972 2876 1517 2876 1516 2876 1089 2877 999 2877 1088 2877 1088 2878 999 2878 1000 2878 1087 2879 1000 2879 1001 2879 1518 2880 1001 2880 1519 2880 1518 2881 1086 2881 1001 2881 1518 2882 1085 2882 1086 2882 1518 2883 1520 2883 1085 2883 1085 2884 1520 2884 1084 2884 1084 2885 1520 2885 1521 2885 1084 2886 1521 2886 1522 2886 1084 2887 1522 2887 1083 2887 1088 2888 1000 2888 1087 2888 1087 2889 1001 2889 1086 2889 1001 2890 1002 2890 1519 2890 1003 2891 1519 2891 1002 2891 1004 2892 1523 2892 1003 2892 1519 2893 1003 2893 1523 2893 1522 2894 1524 2894 1083 2894 252 2895 1078 2895 253 2895 1078 2896 252 2896 1525 2896 255 2897 1525 2897 252 2897 255 2898 1527 2898 1525 2898 1527 2899 255 2899 1526 2899 1526 2900 255 2900 253 2900 1526 2901 253 2901 1078 2901 1080 2902 1526 2902 1078 2902 1080 2903 1948 2903 1526 2903 1080 2904 1527 2904 1948 2904 1080 2905 1528 2905 1527 2905 1527 2906 1528 2906 1525 2906 258 2907 993 2907 1529 2907 256 2908 258 2908 1529 2908 257 2909 1064 2909 993 2909 1064 2910 257 2910 256 2910 1064 2911 256 2911 1529 2911 1529 2912 996 2912 1060 2912 993 2913 996 2913 1529 2913 258 2914 257 2914 993 2914 1064 2915 1529 2915 1060 2915 249 2916 248 2916 1531 2916 248 2917 979 2917 1533 2917 248 2918 976 2918 979 2918 976 2919 248 2919 249 2919 1530 2920 976 2920 249 2920 1531 2921 248 2921 1533 2921 249 2922 1532 2922 1530 2922 1532 2923 1531 2923 979 2923 1533 2924 979 2924 1531 2924 249 2925 1531 2925 1532 2925 1032 2926 1062 2926 1030 2926 1030 2927 1062 2927 1061 2927 1029 2928 1061 2928 1053 2928 1028 2929 1053 2929 1052 2929 1028 2930 1052 2930 1050 2930 996 2931 1050 2931 1060 2931 996 2932 1026 2932 1050 2932 1030 2933 1061 2933 1029 2933 1029 2934 1053 2934 1028 2934 1028 2935 1050 2935 1026 2935 971 2936 970 2936 1515 2936 968 2937 1515 2937 970 2937 1515 2938 968 2938 1534 2938 1535 2939 1515 2939 1534 2939 1535 2940 1536 2940 1515 2940 1515 2941 1536 2941 1537 2941 968 2942 977 2942 1534 2942 1534 2943 977 2943 976 2943 1530 2944 1534 2944 976 2944 1122 2945 1538 2945 1121 2945 1121 2946 1538 2946 1118 2946 1118 2947 1538 2947 1539 2947 1112 2948 1539 2948 1080 2948 1112 2949 1118 2949 1539 2949 1540 2950 1541 2950 1538 2950 1538 2951 1541 2951 1542 2951 1539 2952 1538 2952 1542 2952 1539 2953 1528 2953 1080 2953 1532 2954 979 2954 1543 2954 1543 2955 979 2955 981 2955 981 2956 1544 2956 1543 2956 981 2957 983 2957 1544 2957 1544 2958 983 2958 1545 2958 1668 2959 983 2959 985 2959 1546 2960 985 2960 987 2960 987 2961 1547 2961 1546 2961 987 2962 988 2962 1547 2962 1547 2963 988 2963 1548 2963 1548 2964 988 2964 1549 2964 1549 2965 988 2965 1070 2965 1072 2966 1549 2966 1070 2966 1549 2967 1072 2967 1550 2967 1074 2968 1550 2968 1072 2968 1074 2969 1551 2969 1550 2969 1551 2970 1074 2970 1552 2970 1552 2971 1074 2971 1076 2971 1078 2972 1553 2972 1076 2972 1078 2973 1525 2973 1553 2973 1545 2974 983 2974 1668 2974 1668 2975 985 2975 1546 2975 1068 2976 988 2976 990 2976 1067 2977 990 2977 991 2977 1064 2978 991 2978 993 2978 1064 2979 1067 2979 991 2979 1070 2980 988 2980 1068 2980 1068 2981 990 2981 1067 2981 1552 2982 1076 2982 1553 2982 1554 2983 1538 2983 1124 2983 1124 2984 1538 2984 1122 2984 1113 2985 1034 2985 1114 2985 1114 2986 1034 2986 1033 2986 1115 2987 1033 2987 1031 2987 1051 2988 1031 2988 1027 2988 1091 2989 1027 2989 1025 2989 1091 2990 1051 2990 1027 2990 1114 2991 1033 2991 1115 2991 1115 2992 1031 2992 1051 2992 1110 2993 244 2993 1555 2993 1555 2994 244 2994 243 2994 243 2995 1524 2995 1555 2995 243 2996 1951 2996 1524 2996 1556 2997 243 2997 244 2997 244 2998 1083 2998 1556 2998 244 2999 1110 2999 1083 2999 1951 3000 243 3000 1556 3000 1951 3001 1557 3001 1524 3001 1083 3002 1557 3002 1952 3002 1556 3003 1083 3003 1952 3003 1524 3004 1557 3004 1083 3004 245 3005 1025 3005 999 3005 1558 3006 245 3006 999 3006 1089 3007 1558 3007 1950 3007 1616 3008 1089 3008 1950 3008 1616 3009 999 3009 1089 3009 1616 3010 1558 3010 999 3010 245 3011 1091 3011 1025 3011 1091 3012 245 3012 1089 3012 1558 3013 1089 3013 245 3013 1089 3014 1950 3014 1559 3014 1124 3015 1123 3015 1554 3015 1119 3016 1554 3016 1123 3016 1554 3017 1119 3017 1560 3017 1561 3018 1554 3018 1560 3018 1561 3019 1562 3019 1554 3019 1554 3020 1562 3020 1563 3020 1119 3021 1111 3021 1560 3021 1560 3022 1111 3022 1110 3022 1555 3023 1560 3023 1110 3023 972 3024 1516 3024 973 3024 973 3025 1516 3025 974 3025 974 3026 1516 3026 1564 3026 967 3027 1564 3027 975 3027 967 3028 974 3028 1564 3028 1565 3029 1116 3029 1559 3029 1565 3030 1559 3030 1566 3030 240 3031 1567 3031 293 3031 1568 3032 1569 3032 1034 3032 1113 3033 1568 3033 1034 3033 1113 3034 1570 3034 1568 3034 1570 3035 286 3035 1568 3035 1032 3036 1572 3036 1062 3036 1032 3037 1571 3037 1572 3037 1062 3038 1572 3038 1055 3038 1566 3039 1117 3039 1565 3039 1565 3040 1117 3040 1116 3040 237 3041 293 3041 1567 3041 1575 3042 1574 3042 1573 3042 1574 3043 1575 3043 1577 3043 1597 3044 1576 3044 1577 3044 1576 3045 1597 3045 1578 3045 1579 3046 1574 3046 1540 3046 1563 3047 1579 3047 1540 3047 1563 3048 1580 3048 1579 3048 1563 3049 1518 3049 1580 3049 1580 3050 1518 3050 1581 3050 1581 3051 1518 3051 1582 3051 285 3052 1581 3052 1582 3052 1574 3053 1577 3053 1576 3053 1576 3054 1578 3054 1583 3054 1537 3055 1576 3055 1583 3055 1537 3056 1546 3056 1576 3056 1537 3057 1668 3057 1546 3057 1574 3058 1549 3058 1540 3058 1540 3059 1549 3059 1550 3059 1518 3060 1519 3060 1582 3060 1582 3061 1519 3061 1584 3061 1519 3062 1585 3062 1584 3062 1579 3063 1573 3063 1574 3063 1574 3064 1576 3064 1586 3064 1586 3065 1576 3065 1587 3065 1576 3066 1546 3066 1587 3066 1587 3067 1546 3067 1547 3067 1588 3068 1764 3068 1593 3068 1574 3069 1588 3069 1549 3069 1574 3070 1589 3070 1588 3070 1574 3071 1590 3071 1589 3071 1574 3072 1591 3072 1590 3072 1574 3073 1592 3073 1591 3073 1574 3074 1586 3074 1592 3074 1593 3075 1768 3075 1594 3075 1588 3076 1594 3076 1549 3076 1548 3077 1549 3077 1594 3077 1776 3078 1781 3078 1589 3078 1795 3079 1801 3079 1591 3079 1592 3080 1799 3080 1794 3080 1590 3081 1779 3081 1775 3081 1588 3082 1767 3082 1764 3082 286 3083 1055 3083 1595 3083 1595 3084 1055 3084 1573 3084 1575 3085 1055 3085 1572 3085 1573 3086 1055 3086 1575 3086 1572 3087 1571 3087 1575 3087 1575 3088 1571 3088 1577 3088 1596 3089 1568 3089 286 3089 1595 3090 1596 3090 286 3090 1597 3091 1571 3091 1035 3091 1597 3092 1577 3092 1571 3092 1569 3093 1598 3093 1035 3093 1598 3094 1597 3094 1035 3094 1569 3095 1568 3095 1598 3095 1598 3096 1568 3096 1596 3096 1564 3097 234 3097 1620 3097 1621 3098 1564 3098 1620 3098 1564 3099 1621 3099 975 3099 1599 3100 975 3100 1621 3100 1599 3101 238 3101 975 3101 1620 3102 234 3102 1599 3102 242 3103 234 3103 1523 3103 234 3104 238 3104 1599 3104 1564 3105 1523 3105 234 3105 242 3106 1523 3106 1004 3106 1004 3107 241 3107 242 3107 1049 3108 1600 3108 247 3108 1049 3109 247 3109 997 3109 247 3110 246 3110 997 3110 246 3111 1601 3111 997 3111 247 3112 1600 3112 246 3112 1600 3113 1601 3113 246 3113 997 3114 1601 3114 998 3114 998 3115 1601 3115 1600 3115 1600 3116 1090 3116 998 3116 1049 3117 1090 3117 1600 3117 1602 3118 958 3118 1603 3118 1602 3119 1042 3119 958 3119 1602 3120 1041 3120 1042 3120 1602 3121 1040 3121 1041 3121 1602 3122 1109 3122 1040 3122 1602 3123 1604 3123 1109 3123 1109 3124 1604 3124 1081 3124 958 3125 1042 3125 955 3125 955 3126 1042 3126 1045 3126 953 3127 1045 3127 1047 3127 953 3128 1047 3128 1108 3128 954 3129 1108 3129 1107 3129 1024 3130 1107 3130 1106 3130 997 3131 1106 3131 1049 3131 997 3132 1024 3132 1106 3132 955 3133 1045 3133 953 3133 953 3134 1108 3134 954 3134 954 3135 1107 3135 1024 3135 958 3136 960 3136 1603 3136 1603 3137 960 3137 1023 3137 1023 3138 1022 3138 1603 3138 1603 3139 1022 3139 1605 3139 1605 3140 1022 3140 1021 3140 1006 3141 1605 3141 1021 3141 1602 3142 1606 3142 1604 3142 1604 3143 1606 3143 1607 3143 1622 3144 1006 3144 1609 3144 1006 3145 1622 3145 1605 3145 1605 3146 1622 3146 1608 3146 1608 3147 236 3147 1605 3147 235 3148 1608 3148 1609 3148 236 3149 1608 3149 235 3149 235 3150 1609 3150 1006 3150 1005 3151 235 3151 1006 3151 1005 3152 236 3152 235 3152 1005 3153 1610 3153 236 3153 236 3154 1610 3154 1605 3154 1611 3155 1619 3155 1612 3155 1612 3156 1619 3156 1618 3156 1618 3157 1081 3157 1613 3157 1618 3158 1082 3158 1081 3158 1618 3159 1952 3159 1082 3159 1607 3160 1952 3160 1611 3160 1607 3161 1082 3161 1952 3161 1612 3162 1618 3162 1613 3162 1611 3163 1604 3163 1607 3163 1612 3164 1613 3164 1604 3164 1604 3165 1613 3165 1081 3165 1611 3166 1612 3166 1604 3166 244 3167 1612 3167 1613 3167 243 3168 1613 3168 1612 3168 1616 3169 1600 3169 1601 3169 1951 3170 1611 3170 1557 3170 1557 3171 1611 3171 1952 3171 1951 3172 1619 3172 1611 3172 1620 3173 1609 3173 1608 3173 1621 3174 1608 3174 1622 3174 1623 3175 1614 3175 1617 3175 1625 3176 1624 3176 1615 3176 1615 3177 1624 3177 1623 3177 1625 3178 1615 3178 1617 3178 1617 3179 1614 3179 1625 3179 1623 3180 1617 3180 1615 3180 1626 3181 1603 3181 1610 3181 1610 3182 1603 3182 1605 3182 1626 3183 1104 3183 1606 3183 1626 3184 1019 3184 1104 3184 1626 3185 1020 3185 1019 3185 1626 3186 1610 3186 1020 3186 1020 3187 1610 3187 1005 3187 1105 3188 1019 3188 1018 3188 1090 3189 1018 3189 998 3189 1090 3190 1105 3190 1018 3190 1104 3191 1019 3191 1105 3191 1104 3192 1103 3192 1606 3192 1606 3193 1103 3193 1607 3193 1082 3194 1607 3194 1103 3194 1626 3195 1606 3195 1614 3195 1614 3196 1606 3196 1625 3196 1624 3197 1625 3197 1602 3197 1602 3198 1625 3198 1606 3198 1623 3199 1624 3199 1603 3199 1603 3200 1624 3200 1602 3200 1623 3201 1603 3201 1614 3201 1614 3202 1603 3202 1626 3202 1063 3203 1945 3203 259 3203 259 3204 1627 3204 1063 3204 1063 3205 1627 3205 995 3205 1627 3206 1628 3206 995 3206 1628 3207 1945 3207 995 3207 259 3208 1945 3208 1628 3208 995 3209 1945 3209 950 3209 1945 3210 1059 3210 950 3210 1063 3211 1059 3211 1945 3211 1629 3212 1011 3212 1630 3212 1629 3213 1097 3213 1011 3213 1629 3214 1099 3214 1097 3214 1629 3215 1101 3215 1099 3215 1629 3216 1631 3216 1101 3216 1101 3217 1631 3217 1079 3217 1011 3218 1097 3218 1013 3218 1013 3219 1097 3219 1096 3219 1015 3220 1096 3220 1094 3220 1016 3221 1094 3221 1092 3221 995 3222 1092 3222 1063 3222 995 3223 1016 3223 1092 3223 1013 3224 1096 3224 1015 3224 1015 3225 1094 3225 1016 3225 1011 3226 1010 3226 1630 3226 1010 3227 1007 3227 1630 3227 1630 3228 1007 3228 1632 3228 978 3229 1632 3229 1007 3229 1629 3230 1633 3230 1631 3230 1631 3231 1633 3231 1634 3231 1949 3232 978 3232 1635 3232 978 3233 1949 3233 1632 3233 1640 3234 1632 3234 1949 3234 1640 3235 250 3235 1632 3235 250 3236 1640 3236 251 3236 251 3237 1640 3237 1635 3237 251 3238 1635 3238 978 3238 966 3239 251 3239 978 3239 966 3240 250 3240 251 3240 966 3241 1636 3241 250 3241 250 3242 1636 3242 1632 3242 1638 3243 1946 3243 1637 3243 1637 3244 1946 3244 1947 3244 1947 3245 1079 3245 254 3245 1947 3246 1036 3246 1079 3246 1947 3247 1948 3247 1036 3247 1634 3248 1948 3248 1946 3248 1634 3249 1036 3249 1948 3249 1637 3250 1947 3250 254 3250 1946 3251 1631 3251 1634 3251 1638 3252 254 3252 1631 3252 1631 3253 254 3253 1079 3253 1946 3254 1638 3254 1631 3254 255 3255 1638 3255 1637 3255 252 3256 254 3256 1638 3256 252 3257 1638 3257 255 3257 1527 3258 1946 3258 1948 3258 1531 3259 1635 3259 1640 3259 1642 3260 1641 3260 1944 3260 1644 3261 1643 3261 1639 3261 1639 3262 1643 3262 1642 3262 1644 3263 1639 3263 1944 3263 1944 3264 1641 3264 1644 3264 1642 3265 1944 3265 1639 3265 1645 3266 1630 3266 1636 3266 1636 3267 1630 3267 1632 3267 1645 3268 1048 3268 1633 3268 1645 3269 961 3269 1048 3269 1645 3270 963 3270 961 3270 1645 3271 964 3271 963 3271 1645 3272 965 3272 964 3272 1645 3273 1636 3273 965 3273 965 3274 1636 3274 966 3274 1056 3275 961 3275 956 3275 1057 3276 956 3276 952 3276 1058 3277 952 3277 951 3277 1059 3278 951 3278 950 3278 1059 3279 1058 3279 951 3279 1048 3280 961 3280 1056 3280 1056 3281 956 3281 1057 3281 1057 3282 952 3282 1058 3282 1048 3283 1043 3283 1633 3283 1633 3284 1043 3284 1039 3284 1039 3285 1037 3285 1633 3285 1633 3286 1037 3286 1634 3286 1036 3287 1634 3287 1037 3287 1645 3288 1633 3288 1641 3288 1641 3289 1633 3289 1644 3289 1643 3290 1644 3290 1629 3290 1629 3291 1644 3291 1633 3291 1642 3292 1643 3292 1630 3292 1630 3293 1643 3293 1629 3293 1642 3294 1630 3294 1641 3294 1641 3295 1630 3295 1645 3295 1539 3296 1553 3296 1528 3296 1528 3297 1553 3297 1525 3297 1538 3298 1554 3298 1540 3298 1540 3299 1554 3299 1563 3299 1522 3300 1560 3300 1524 3300 1524 3301 1560 3301 1555 3301 1543 3302 1534 3302 1532 3302 1532 3303 1534 3303 1530 3303 1537 3304 1583 3304 1515 3304 1515 3305 1583 3305 1646 3305 1516 3306 1646 3306 1647 3306 1648 3307 1516 3307 1647 3307 1516 3308 1648 3308 1585 3308 1523 3309 1585 3309 1519 3309 1523 3310 1516 3310 1585 3310 1523 3311 1564 3311 1516 3311 1515 3312 1646 3312 1516 3312 1649 3313 1648 3313 1647 3313 1649 3314 1831 3314 1648 3314 1648 3315 1650 3315 1585 3315 1651 3316 271 3316 1552 3316 271 3317 1651 3317 1652 3317 1541 3318 1652 3318 1651 3318 1939 3319 1541 3319 1651 3319 1939 3320 1938 3320 1541 3320 1541 3321 1938 3321 1542 3321 1542 3322 1938 3322 1939 3322 1651 3323 1542 3323 1939 3323 1542 3324 1651 3324 1552 3324 271 3325 1652 3325 1551 3325 270 3326 271 3326 1551 3326 1551 3327 1652 3327 1541 3327 1653 3328 1541 3328 1654 3328 1653 3329 1551 3329 1541 3329 1653 3330 1655 3330 1551 3330 1520 3331 266 3331 267 3331 1657 3332 266 3332 1656 3332 1656 3333 266 3333 1520 3333 1656 3334 1520 3334 1562 3334 1656 3335 1562 3335 269 3335 1561 3336 269 3336 268 3336 1562 3337 268 3337 269 3337 1520 3338 267 3338 1521 3338 1657 3339 269 3339 1561 3339 1657 3340 1656 3340 269 3340 266 3341 1657 3341 1521 3341 267 3342 266 3342 1521 3342 1521 3343 1657 3343 1561 3343 1561 3344 268 3344 1562 3344 271 3345 270 3345 1552 3345 1552 3346 270 3346 1551 3346 1541 3347 1562 3347 1654 3347 1654 3348 1562 3348 1520 3348 1658 3349 1654 3349 1520 3349 1550 3350 1659 3350 1540 3350 1550 3351 1660 3351 1659 3351 1659 3352 1661 3352 1540 3352 1540 3353 1661 3353 1563 3353 1563 3354 1661 3354 1518 3354 1518 3355 1661 3355 1662 3355 1663 3356 1664 3356 1654 3356 1654 3357 1664 3357 1653 3357 1653 3358 1664 3358 1665 3358 1665 3359 1664 3359 1666 3359 1540 3360 1563 3360 1541 3360 1541 3361 1563 3361 1562 3361 1667 3362 1663 3362 1661 3362 1661 3363 1663 3363 1654 3363 1658 3364 1661 3364 1654 3364 1658 3365 1662 3365 1661 3365 1668 3366 1669 3366 1670 3366 1670 3367 1669 3367 1665 3367 1665 3368 1669 3368 1659 3368 1653 3369 1659 3369 1655 3369 1653 3370 1665 3370 1659 3370 1659 3371 1660 3371 1655 3371 1662 3372 1658 3372 1518 3372 1518 3373 1658 3373 1520 3373 1550 3374 1551 3374 1660 3374 1660 3375 1551 3375 1655 3375 1545 3376 1668 3376 1670 3376 1537 3377 1536 3377 1583 3377 1583 3378 1536 3378 1671 3378 1646 3379 1583 3379 1671 3379 1521 3380 1561 3380 1522 3380 1522 3381 1561 3381 1560 3381 1544 3382 1535 3382 1543 3382 1543 3383 1535 3383 1534 3383 1553 3384 1539 3384 1552 3384 1552 3385 1539 3385 1542 3385 1672 3386 262 3386 1943 3386 1943 3387 262 3387 261 3387 1545 3388 261 3388 260 3388 1943 3389 261 3389 1545 3389 1943 3390 1545 3390 1665 3390 1536 3391 1665 3391 1666 3391 1671 3392 1536 3392 1666 3392 1545 3393 260 3393 1544 3393 1673 3394 1535 3394 1672 3394 1673 3395 264 3395 1535 3395 263 3396 1673 3396 1943 3396 1665 3397 1536 3397 1943 3397 264 3398 1673 3398 263 3398 263 3399 1943 3399 1536 3399 265 3400 263 3400 1536 3400 262 3401 1672 3401 1544 3401 260 3402 262 3402 1544 3402 1544 3403 1672 3403 1535 3403 264 3404 265 3404 1535 3404 1535 3405 265 3405 1536 3405 1545 3406 1670 3406 1665 3406 1667 3407 1674 3407 1663 3407 1663 3408 1674 3408 1664 3408 1675 3409 1674 3409 1676 3409 1676 3410 1674 3410 1669 3410 1677 3411 1676 3411 1669 3411 1667 3412 1661 3412 1674 3412 1674 3413 1661 3413 1659 3413 1669 3414 1674 3414 1659 3414 1678 3415 1703 3415 1679 3415 1679 3416 1703 3416 1680 3416 1680 3417 1694 3417 1679 3417 1705 3418 1683 3418 1681 3418 1705 3419 1682 3419 1683 3419 1684 3420 1685 3420 1686 3420 1686 3421 1685 3421 1688 3421 1688 3422 1687 3422 1689 3422 1688 3423 1689 3423 1686 3423 1683 3424 1695 3424 1690 3424 1680 3425 1691 3425 1694 3425 1695 3426 1689 3426 1690 3426 1689 3427 1687 3427 1690 3427 1690 3428 1687 3428 1691 3428 1691 3429 1687 3429 1694 3429 1694 3430 1687 3430 1700 3430 1685 3431 1700 3431 1687 3431 1688 3432 1685 3432 1687 3432 1693 3433 1692 3433 1678 3433 1679 3434 1693 3434 1678 3434 1679 3435 1694 3435 1693 3435 1695 3436 1696 3436 1698 3436 1695 3437 1697 3437 1696 3437 1692 3438 1693 3438 1715 3438 1715 3439 1693 3439 1699 3439 1700 3440 1699 3440 1694 3440 1694 3441 1699 3441 1693 3441 1707 3442 1705 3442 1701 3442 1707 3443 1711 3443 1705 3443 1703 3444 1706 3444 1702 3444 1703 3445 1718 3445 1706 3445 1709 3446 1711 3446 1707 3446 1704 3447 1708 3447 1709 3447 1708 3448 1718 3448 1709 3448 1709 3449 1707 3449 1704 3449 1718 3450 1708 3450 1706 3450 1714 3451 1696 3451 1697 3451 1714 3452 1697 3452 1710 3452 1710 3453 1697 3453 1682 3453 1682 3454 1697 3454 1683 3454 1683 3455 1697 3455 1695 3455 1711 3456 1712 3456 1713 3456 1714 3457 1711 3457 1713 3457 1714 3458 1710 3458 1711 3458 1711 3459 1710 3459 1705 3459 1705 3460 1710 3460 1682 3460 1715 3461 1714 3461 1716 3461 1716 3462 1714 3462 1713 3462 1716 3463 1713 3463 1717 3463 1717 3464 1713 3464 1712 3464 1706 3465 1704 3465 1680 3465 1706 3466 1708 3466 1704 3466 1704 3467 1681 3467 1680 3467 1707 3468 1681 3468 1704 3468 1701 3469 1681 3469 1707 3469 1705 3470 1681 3470 1701 3470 1703 3471 1702 3471 1680 3471 1706 3472 1680 3472 1702 3472 1718 3473 1703 3473 1692 3473 1692 3474 1703 3474 1678 3474 1715 3475 1718 3475 1692 3475 1716 3476 1718 3476 1715 3476 1716 3477 1717 3477 1718 3477 1718 3478 1717 3478 1709 3478 1709 3479 1717 3479 1712 3479 1709 3480 1712 3480 1711 3480 1695 3481 1719 3481 1684 3481 1689 3482 1695 3482 1686 3482 1686 3483 1695 3483 1684 3483 1714 3484 1720 3484 1719 3484 1714 3485 1719 3485 1696 3485 1696 3486 1719 3486 1698 3486 1715 3487 1720 3487 1714 3487 1699 3488 1720 3488 1715 3488 1699 3489 1700 3489 1720 3489 1719 3490 1695 3490 1698 3490 1719 3491 1700 3491 1685 3491 1719 3492 1685 3492 1684 3492 1684 3493 1689 3493 1695 3493 1720 3494 1700 3494 1719 3494 1721 3495 1743 3495 1722 3495 1722 3496 1743 3496 1723 3496 1723 3497 1735 3497 1722 3497 1747 3498 1725 3498 1741 3498 1747 3499 1724 3499 1725 3499 1726 3500 1727 3500 1728 3500 1728 3501 1727 3501 1730 3501 1728 3502 1730 3502 1761 3502 1730 3503 1729 3503 1761 3503 1725 3504 1726 3504 1731 3504 1723 3505 1732 3505 1735 3505 1726 3506 1761 3506 1731 3506 1761 3507 1729 3507 1731 3507 1731 3508 1729 3508 1732 3508 1732 3509 1729 3509 1735 3509 1735 3510 1729 3510 1740 3510 1727 3511 1740 3511 1729 3511 1730 3512 1727 3512 1729 3512 1734 3513 1733 3513 1721 3513 1722 3514 1734 3514 1721 3514 1722 3515 1735 3515 1734 3515 1726 3516 1736 3516 1738 3516 1726 3517 1737 3517 1736 3517 1733 3518 1734 3518 1756 3518 1756 3519 1734 3519 1739 3519 1740 3520 1739 3520 1735 3520 1735 3521 1739 3521 1734 3521 1744 3522 1746 3522 1741 3522 1746 3523 1752 3523 1747 3523 1746 3524 1744 3524 1752 3524 1743 3525 1748 3525 1742 3525 1743 3526 1759 3526 1748 3526 1750 3527 1752 3527 1744 3527 1745 3528 1749 3528 1750 3528 1749 3529 1759 3529 1750 3529 1750 3530 1744 3530 1745 3530 1759 3531 1749 3531 1748 3531 1755 3532 1736 3532 1737 3532 1755 3533 1737 3533 1751 3533 1751 3534 1737 3534 1724 3534 1724 3535 1737 3535 1725 3535 1725 3536 1737 3536 1726 3536 1752 3537 1753 3537 1754 3537 1755 3538 1752 3538 1754 3538 1755 3539 1751 3539 1752 3539 1752 3540 1751 3540 1747 3540 1747 3541 1751 3541 1724 3541 1756 3542 1755 3542 1757 3542 1757 3543 1755 3543 1754 3543 1757 3544 1754 3544 1758 3544 1758 3545 1754 3545 1753 3545 1748 3546 1745 3546 1723 3546 1748 3547 1749 3547 1745 3547 1745 3548 1741 3548 1723 3548 1744 3549 1741 3549 1745 3549 1747 3550 1741 3550 1746 3550 1743 3551 1742 3551 1723 3551 1742 3552 1748 3552 1723 3552 1759 3553 1743 3553 1733 3553 1733 3554 1743 3554 1721 3554 1756 3555 1759 3555 1733 3555 1757 3556 1759 3556 1756 3556 1757 3557 1758 3557 1759 3557 1759 3558 1758 3558 1750 3558 1750 3559 1758 3559 1753 3559 1750 3560 1753 3560 1752 3560 1763 3561 1740 3561 1727 3561 1761 3562 1726 3562 1728 3562 1763 3563 1762 3563 1756 3563 1755 3564 1762 3564 1736 3564 1736 3565 1762 3565 1738 3565 1756 3566 1762 3566 1755 3566 1739 3567 1763 3567 1756 3567 1739 3568 1740 3568 1763 3568 1762 3569 1760 3569 1738 3569 1760 3570 1726 3570 1738 3570 1760 3571 1763 3571 1727 3571 1760 3572 1727 3572 1726 3572 1762 3573 1763 3573 1760 3573 1764 3574 1774 3574 1593 3574 1766 3575 1593 3575 1765 3575 1766 3576 1765 3576 1771 3576 1768 3577 1769 3577 1770 3577 1772 3578 1594 3578 1771 3578 1768 3579 1771 3579 1594 3579 1773 3580 1767 3580 1588 3580 1766 3581 1773 3581 1588 3581 1770 3582 1771 3582 1768 3582 1771 3583 1770 3583 1773 3583 1767 3584 1773 3584 1770 3584 1593 3585 1766 3585 1588 3585 1771 3586 1765 3586 1772 3586 1593 3587 1594 3587 1765 3587 1765 3588 1594 3588 1772 3588 1773 3589 1766 3589 1771 3589 1764 3590 1767 3590 1774 3590 1767 3591 1769 3591 1774 3591 1769 3592 1768 3592 1593 3592 1774 3593 1769 3593 1593 3593 1767 3594 1770 3594 1769 3594 1780 3595 1785 3595 1775 3595 1775 3596 1785 3596 1776 3596 1778 3597 1775 3597 1777 3597 1777 3598 1775 3598 1776 3598 1783 3599 1778 3599 1777 3599 1779 3600 1782 3600 1780 3600 1777 3601 1589 3601 1783 3601 1781 3602 1783 3602 1589 3602 1784 3603 1779 3603 1590 3603 1778 3604 1784 3604 1590 3604 1782 3605 1783 3605 1781 3605 1783 3606 1782 3606 1784 3606 1779 3607 1784 3607 1782 3607 1775 3608 1778 3608 1590 3608 1776 3609 1589 3609 1777 3609 1784 3610 1778 3610 1783 3610 1782 3611 1785 3611 1780 3611 1782 3612 1781 3612 1785 3612 1781 3613 1776 3613 1785 3613 1780 3614 1775 3614 1779 3614 295 3615 1741 3615 294 3615 1792 3616 1790 3616 1778 3616 1590 3617 1792 3617 1778 3617 1590 3618 1591 3618 1792 3618 1741 3619 295 3619 296 3619 1810 3620 1787 3620 296 3620 296 3621 294 3621 1810 3621 1810 3622 294 3622 1790 3622 1741 3623 296 3623 1723 3623 1723 3624 296 3624 1786 3624 1587 3625 1786 3625 1788 3625 1787 3626 1587 3626 1788 3626 1787 3627 1810 3627 1587 3627 1786 3628 296 3628 1787 3628 1789 3629 1680 3629 1772 3629 1789 3630 1772 3630 1790 3630 294 3631 1741 3631 1680 3631 1789 3632 294 3632 1680 3632 1790 3633 1772 3633 1766 3633 1778 3634 1790 3634 1777 3634 1778 3635 1589 3635 1590 3635 1589 3636 1778 3636 1777 3636 1777 3637 1790 3637 1766 3637 1589 3638 1766 3638 1588 3638 1589 3639 1777 3639 1766 3639 1587 3640 1810 3640 1586 3640 1586 3641 1810 3641 1791 3641 1592 3642 1586 3642 1791 3642 1791 3643 1810 3643 1793 3643 1792 3644 1793 3644 1810 3644 1792 3645 1591 3645 1793 3645 1793 3646 1591 3646 1592 3646 1723 3647 1786 3647 1587 3647 1547 3648 1723 3648 1587 3648 1547 3649 1732 3649 1723 3649 1547 3650 1731 3650 1732 3650 1547 3651 1725 3651 1731 3651 1547 3652 1548 3652 1725 3652 1725 3653 1548 3653 1680 3653 1741 3654 1725 3654 1680 3654 1594 3655 1681 3655 1548 3655 1594 3656 1772 3656 1681 3656 1681 3657 1772 3657 1680 3657 1594 3658 1766 3658 1772 3658 1594 3659 1588 3659 1766 3659 1790 3660 1792 3660 1810 3660 1548 3661 1691 3661 1680 3661 1548 3662 1690 3662 1691 3662 1548 3663 1683 3663 1690 3663 1548 3664 1681 3664 1683 3664 1800 3665 1804 3665 1794 3665 1794 3666 1804 3666 1795 3666 1797 3667 1794 3667 1796 3667 1796 3668 1794 3668 1795 3668 1802 3669 1797 3669 1796 3669 1802 3670 1793 3670 1797 3670 1799 3671 1798 3671 1800 3671 1792 3672 1591 3672 1802 3672 1801 3673 1802 3673 1591 3673 1793 3674 1803 3674 1791 3674 1803 3675 1799 3675 1592 3675 1791 3676 1803 3676 1592 3676 1798 3677 1802 3677 1801 3677 1802 3678 1798 3678 1803 3678 1799 3679 1803 3679 1798 3679 1794 3680 1797 3680 1592 3680 1592 3681 1797 3681 1793 3681 1793 3682 1797 3682 1803 3682 1802 3683 1796 3683 1792 3683 1795 3684 1591 3684 1796 3684 1796 3685 1591 3685 1792 3685 1803 3686 1793 3686 1802 3686 1801 3687 1804 3687 1800 3687 1804 3688 1801 3688 1795 3688 1800 3689 1798 3689 1801 3689 1800 3690 1794 3690 1799 3690 1805 3691 1806 3691 1810 3691 1805 3692 1810 3692 1807 3692 1822 3693 1788 3693 1786 3693 1822 3694 1824 3694 1788 3694 1788 3695 1809 3695 1787 3695 1813 3696 1787 3696 1812 3696 1786 3697 1813 3697 1810 3697 1786 3698 1787 3698 1813 3698 1809 3699 1812 3699 1787 3699 1808 3700 1811 3700 1812 3700 1816 3701 1817 3701 1813 3701 1810 3702 1817 3702 1807 3702 1813 3703 1817 3703 1810 3703 1813 3704 1811 3704 1816 3704 1813 3705 1812 3705 1811 3705 1807 3706 1817 3706 1805 3706 1815 3707 1814 3707 1805 3707 1805 3708 1817 3708 1815 3708 1818 3709 1809 3709 1819 3709 1818 3710 1812 3710 1809 3710 1814 3711 1815 3711 1821 3711 1821 3712 1815 3712 1820 3712 1817 3713 1816 3713 1820 3713 1815 3714 1817 3714 1820 3714 1823 3715 1821 3715 1822 3715 1821 3716 1823 3716 1806 3716 1821 3717 1818 3717 1819 3717 1821 3718 1819 3718 1824 3718 1824 3719 1819 3719 1788 3719 1788 3720 1819 3720 1809 3720 1810 3721 1823 3721 1786 3721 1823 3722 1822 3722 1786 3722 1810 3723 1806 3723 1823 3723 1821 3724 1806 3724 1814 3724 1814 3725 1806 3725 1805 3725 1821 3726 1824 3726 1822 3726 1818 3727 1816 3727 1812 3727 1818 3728 1821 3728 1816 3728 1821 3729 1820 3729 1816 3729 1812 3730 1816 3730 1811 3730 1787 3731 1810 3731 1786 3731 1675 3732 1825 3732 1674 3732 1674 3733 1825 3733 1664 3733 1664 3734 1825 3734 1666 3734 1666 3735 1825 3735 1647 3735 1671 3736 1647 3736 1646 3736 1671 3737 1666 3737 1647 3737 1583 3738 1826 3738 1537 3738 1537 3739 1826 3739 1669 3739 1668 3740 1537 3740 1669 3740 1669 3741 1826 3741 1677 3741 1828 3742 1827 3742 1826 3742 1829 3743 1826 3743 1827 3743 1825 3744 1830 3744 1647 3744 1647 3745 1830 3745 1649 3745 1649 3746 1830 3746 1831 3746 1834 3747 1650 3747 1648 3747 1833 3748 1648 3748 1831 3748 1834 3749 1648 3749 1832 3749 1832 3750 1648 3750 1833 3750 1598 3751 1595 3751 1597 3751 1598 3752 1596 3752 1595 3752 272 3753 1581 3753 285 3753 1835 3754 1580 3754 272 3754 272 3755 1580 3755 1581 3755 1835 3756 1836 3756 1580 3756 1580 3757 1836 3757 1579 3757 1573 3758 1579 3758 280 3758 280 3759 1579 3759 1836 3759 278 3760 1573 3760 280 3760 1578 3761 1597 3761 283 3761 283 3762 1597 3762 278 3762 278 3763 1597 3763 1595 3763 1573 3764 278 3764 1595 3764 283 3765 284 3765 1578 3765 281 3766 1578 3766 284 3766 1828 3767 1826 3767 1837 3767 1837 3768 1826 3768 1583 3768 1578 3769 1837 3769 1583 3769 1578 3770 281 3770 1837 3770 288 3771 1584 3771 1838 3771 1838 3772 1584 3772 1585 3772 1650 3773 1838 3773 1585 3773 1650 3774 1834 3774 1838 3774 288 3775 292 3775 1584 3775 289 3776 1584 3776 292 3776 289 3777 277 3777 1584 3777 1584 3778 277 3778 1582 3778 277 3779 285 3779 1582 3779 272 3780 1846 3780 1835 3780 272 3781 276 3781 1846 3781 1846 3782 276 3782 1839 3782 1839 3783 276 3783 290 3783 290 3784 288 3784 1838 3784 289 3785 276 3785 277 3785 290 3786 276 3786 289 3786 1839 3787 290 3787 1838 3787 1840 3788 1838 3788 1841 3788 1850 3789 1840 3789 1841 3789 1838 3790 1837 3790 1841 3790 1841 3791 1837 3791 1842 3791 1842 3792 1837 3792 281 3792 1842 3793 281 3793 282 3793 279 3794 1842 3794 282 3794 279 3795 1843 3795 1842 3795 1843 3796 279 3796 1836 3796 1843 3797 1836 3797 1844 3797 1843 3798 1846 3798 1845 3798 1845 3799 1846 3799 1847 3799 1848 3800 1847 3800 1850 3800 278 3801 282 3801 283 3801 279 3802 282 3802 278 3802 279 3803 280 3803 1836 3803 1836 3804 1835 3804 1844 3804 1844 3805 1835 3805 1849 3805 1849 3806 1835 3806 1846 3806 1840 3807 1850 3807 1847 3807 1840 3808 1839 3808 1838 3808 1845 3809 1850 3809 1841 3809 1845 3810 1848 3810 1850 3810 1845 3811 1847 3811 1848 3811 1828 3812 1852 3812 1827 3812 1829 3813 1827 3813 1851 3813 1851 3814 1827 3814 1852 3814 1850 3815 1935 3815 1931 3815 1855 3816 1856 3816 1857 3816 1857 3817 1856 3817 1858 3817 1841 3818 1842 3818 1901 3818 1901 3819 1842 3819 1909 3819 1859 3820 1861 3820 1860 3820 1864 3821 1861 3821 1865 3821 1861 3822 1862 3822 1863 3822 1867 3823 1868 3823 1862 3823 1862 3824 1868 3824 1863 3824 1864 3825 1865 3825 1867 3825 1867 3826 1865 3826 1868 3826 1864 3827 1865 3827 1854 3827 1854 3828 1865 3828 1866 3828 1867 3829 1869 3829 1868 3829 1868 3830 1869 3830 1870 3830 1854 3831 1866 3831 1869 3831 1869 3832 1866 3832 1870 3832 1909 3833 1864 3833 1854 3833 1871 3834 1911 3834 1846 3834 1846 3835 1911 3835 1849 3835 1910 3836 1872 3836 1844 3836 1844 3837 1872 3837 1843 3837 1873 3838 1874 3838 1875 3838 1875 3839 1874 3839 1876 3839 1876 3840 1887 3840 1877 3840 1887 3841 1853 3841 1877 3841 1877 3842 1853 3842 1878 3842 1879 3843 1880 3843 1853 3843 1853 3844 1880 3844 1878 3844 1881 3845 1882 3845 1879 3845 1879 3846 1882 3846 1880 3846 1881 3847 1883 3847 1882 3847 1882 3848 1883 3848 1884 3848 1885 3849 1886 3849 1883 3849 1883 3850 1886 3850 1884 3850 1885 3851 1873 3851 1886 3851 1886 3852 1873 3852 1875 3852 1839 3853 1840 3853 1915 3853 1915 3854 1840 3854 1903 3854 1888 3855 1889 3855 1890 3855 1890 3856 1889 3856 1891 3856 1892 3857 1893 3857 1888 3857 1888 3858 1893 3858 1889 3858 1894 3859 1895 3859 1892 3859 1892 3860 1895 3860 1893 3860 1891 3861 1895 3861 1890 3861 1890 3862 1895 3862 1894 3862 1845 3863 1866 3863 1902 3863 1845 3864 1870 3864 1866 3864 1845 3865 1868 3865 1870 3865 1845 3866 1841 3866 1868 3866 1868 3867 1841 3867 1863 3867 1863 3868 1841 3868 1860 3868 1861 3869 1860 3869 1901 3869 1860 3870 1841 3870 1901 3870 1861 3871 1901 3871 1865 3871 1865 3872 1901 3872 1902 3872 1865 3873 1902 3873 1866 3873 1863 3874 1860 3874 1861 3874 1871 3875 1878 3875 1880 3875 1871 3876 1846 3876 1878 3876 1878 3877 1846 3877 1877 3877 1877 3878 1846 3878 1843 3878 1876 3879 1843 3879 1872 3879 1884 3880 1875 3880 1872 3880 1884 3881 1886 3881 1875 3881 1877 3882 1843 3882 1876 3882 1876 3883 1872 3883 1875 3883 1872 3884 1871 3884 1884 3884 1884 3885 1871 3885 1880 3885 1882 3886 1884 3886 1880 3886 1896 3887 1892 3887 1888 3887 1847 3888 1888 3888 1890 3888 1894 3889 1847 3889 1890 3889 1894 3890 1840 3890 1847 3890 1894 3891 1892 3891 1840 3891 1840 3892 1892 3892 1903 3892 1847 3893 1896 3893 1888 3893 1896 3894 1903 3894 1892 3894 1897 3895 1857 3895 1898 3895 1898 3896 1857 3896 1858 3896 1899 3897 1856 3897 1900 3897 1900 3898 1856 3898 1855 3898 1902 3899 1912 3899 1907 3899 1902 3900 1907 3900 1845 3900 1845 3901 1907 3901 1843 3901 1842 3902 1859 3902 1909 3902 1842 3903 1862 3903 1859 3903 1842 3904 1867 3904 1862 3904 1842 3905 1843 3905 1867 3905 1854 3906 1869 3906 1843 3906 1907 3907 1854 3907 1843 3907 1907 3908 1909 3908 1854 3908 1864 3909 1909 3909 1861 3909 1861 3910 1859 3910 1862 3910 1861 3911 1909 3911 1859 3911 1869 3912 1867 3912 1843 3912 1908 3913 1901 3913 1909 3913 1922 3914 1913 3914 1871 3914 1871 3915 1913 3915 1911 3915 1844 3916 1873 3916 1910 3916 1844 3917 1874 3917 1873 3917 1844 3918 1887 3918 1874 3918 1844 3919 1853 3919 1887 3919 1844 3920 1849 3920 1853 3920 1911 3921 1853 3921 1849 3921 1911 3922 1879 3922 1853 3922 1879 3923 1911 3923 1883 3923 1881 3924 1879 3924 1883 3924 1911 3925 1910 3925 1883 3925 1883 3926 1910 3926 1873 3926 1883 3927 1873 3927 1885 3927 1876 3928 1874 3928 1887 3928 1912 3929 1902 3929 1872 3929 1912 3930 1872 3930 1910 3930 1846 3931 1889 3931 1914 3931 1846 3932 1891 3932 1889 3932 1846 3933 1895 3933 1891 3933 1846 3934 1839 3934 1895 3934 1895 3935 1839 3935 1893 3935 1893 3936 1839 3936 1915 3936 1915 3937 1914 3937 1893 3937 1914 3938 1889 3938 1893 3938 1922 3939 1896 3939 1913 3939 1847 3940 1913 3940 1896 3940 1847 3941 1846 3941 1913 3941 1913 3942 1846 3942 1914 3942 1915 3943 1903 3943 1905 3943 1922 3944 1871 3944 1902 3944 1872 3945 1902 3945 1871 3945 1896 3946 1922 3946 1903 3946 1898 3947 1903 3947 1897 3947 1903 3948 1901 3948 1897 3948 1905 3949 1903 3949 1898 3949 1904 3950 1898 3950 1858 3950 1856 3951 1904 3951 1858 3951 1856 3952 1899 3952 1904 3952 1905 3953 1898 3953 1904 3953 1905 3954 1904 3954 1906 3954 1905 3955 1906 3955 1908 3955 1899 3956 1900 3956 1904 3956 1900 3957 1906 3957 1904 3957 1906 3958 1901 3958 1908 3958 1906 3959 1897 3959 1901 3959 1897 3960 1906 3960 1857 3960 1857 3961 1906 3961 1855 3961 1906 3962 1900 3962 1855 3962 1908 3963 1907 3963 1912 3963 1907 3964 1908 3964 1909 3964 1911 3965 1913 3965 1912 3965 1910 3966 1911 3966 1912 3966 1915 3967 1905 3967 1913 3967 1914 3968 1915 3968 1913 3968 1913 3969 1916 3969 1912 3969 1916 3970 1905 3970 1908 3970 1916 3971 1908 3971 1912 3971 1905 3972 1916 3972 1913 3972 1918 3973 1917 3973 1921 3973 1922 3974 1917 3974 1919 3974 1901 3975 1917 3975 1918 3975 1902 3976 1918 3976 1923 3976 1923 3977 1920 3977 1902 3977 1902 3978 1920 3978 1922 3978 1922 3979 1919 3979 1903 3979 1917 3980 1922 3980 1921 3980 1903 3981 1919 3981 1917 3981 1901 3982 1903 3982 1917 3982 1902 3983 1901 3983 1918 3983 1920 3984 1921 3984 1922 3984 1920 3985 1924 3985 1921 3985 1923 3986 1924 3986 1920 3986 1924 3987 1923 3987 1918 3987 1921 3988 1924 3988 1918 3988 1925 3989 1926 3989 1927 3989 1927 3990 1926 3990 1928 3990 1929 3991 1928 3991 1930 3991 1929 3992 1927 3992 1928 3992 1927 3993 1931 3993 1925 3993 1925 3994 1931 3994 1932 3994 1933 3995 1931 3995 1929 3995 1929 3996 1931 3996 1927 3996 1930 3997 1934 3997 1929 3997 1929 3998 1934 3998 1933 3998 1935 3999 1934 3999 1928 3999 1928 4000 1934 4000 1930 4000 1936 4001 1935 4001 1926 4001 1926 4002 1935 4002 1928 4002 1925 4003 1932 4003 1926 4003 1926 4004 1932 4004 1936 4004 1936 4005 1931 4005 1935 4005 1936 4006 1932 4006 1931 4006 1933 4007 1934 4007 1931 4007 1931 4008 1934 4008 1935 4008 1676 4009 1677 4009 1829 4009 1829 4010 1677 4010 1826 4010 1825 4011 1675 4011 1830 4011 1830 4012 1675 4012 1833 4012 1831 4013 1830 4013 1833 4013 1676 4014 1829 4014 1675 4014 1675 4015 1829 4015 1851 4015 1833 4016 1851 4016 1832 4016 1833 4017 1675 4017 1851 4017 1852 4018 1832 4018 1851 4018 1832 4019 1852 4019 1834 4019 1834 4020 1852 4020 1838 4020 1838 4021 1852 4021 1837 4021 1837 4022 1852 4022 1828 4022 1790 4023 294 4023 1937 4023 1937 4024 294 4024 1789 4024 1790 4025 1937 4025 1789 4025 1940 4026 1657 4026 1656 4026 1941 4027 1651 4027 1652 4027 1942 4028 1943 4028 1673 4028 1942 4029 1673 4029 1672 4029 1943 4030 1942 4030 1672 4030 1946 4031 1527 4031 1526 4031 1947 4032 1526 4032 1948 4032 1526 4033 1947 4033 1946 4033 1531 4034 1533 4034 1635 4034 1640 4035 1949 4035 1531 4035 1531 4036 1949 4036 1533 4036 1949 4037 1635 4037 1533 4037 1600 4038 1950 4038 1558 4038 1600 4039 1616 4039 1950 4039 1558 4040 1616 4040 1600 4040 1618 4041 1951 4041 1556 4041 1556 4042 1952 4042 1618 4042 1951 4043 1618 4043 1619 4043 1599 4044 1609 4044 1620 4044 1622 4045 1599 4045 1621 4045 1608 4046 1621 4046 1620 4046 1599 4047 1622 4047 1609 4047 1953 4048 1961 4048 1963 4048 1963 4049 1961 4049 1954 4049 1955 4050 1957 4050 1956 4050 1955 4051 1959 4051 1957 4051 1957 4052 1959 4052 1958 4052 1959 4053 1960 4053 1958 4053 1956 4054 1959 4054 1955 4054 1960 4055 1957 4055 1958 4055 1962 4056 1961 4056 1953 4056 1962 4057 1953 4057 1963 4057 1964 4058 1963 4058 1954 4058 1964 4059 1954 4059 1961 4059 1959 4060 1963 4060 1960 4060 1959 4061 1962 4061 1963 4061 1959 4062 1956 4062 1962 4062 1962 4063 1956 4063 1961 4063 1961 4064 1956 4064 1964 4064 1964 4065 1956 4065 1957 4065 1960 4066 1964 4066 1957 4066 1960 4067 1963 4067 1964 4067 1965 4068 1976 4068 1974 4068 1974 4069 1976 4069 1966 4069 1967 4070 1969 4070 1968 4070 1967 4071 1971 4071 1969 4071 1969 4072 1971 4072 1970 4072 1971 4073 1972 4073 1970 4073 1968 4074 1971 4074 1967 4074 1972 4075 1969 4075 1970 4075 1973 4076 1965 4076 1974 4076 1975 4077 1974 4077 1966 4077 1975 4078 1966 4078 1976 4078 1973 4079 1976 4079 1965 4079 1971 4080 1974 4080 1972 4080 1971 4081 1973 4081 1974 4081 1971 4082 1968 4082 1973 4082 1973 4083 1968 4083 1976 4083 1976 4084 1968 4084 1975 4084 1975 4085 1968 4085 1969 4085 1972 4086 1975 4086 1969 4086 1972 4087 1974 4087 1975 4087 2003 4088 2060 4088 2063 4088 2005 4089 2063 4089 2007 4089 2012 4090 2009 4090 2050 4090 2020 4091 2018 4091 2055 4091 2001 4092 2055 4092 2057 4092 1998 4093 2057 4093 2059 4093 2003 4094 2063 4094 2005 4094 2020 4095 2055 4095 2001 4095 2001 4096 2057 4096 1998 4096 2057 4097 2058 4097 2059 4097 2056 4098 2057 4098 2055 4098 2054 4099 2055 4099 2018 4099 2052 4100 2018 4100 2016 4100 2051 4101 2016 4101 2050 4101 2046 4102 2050 4102 2009 4102 2066 4103 2009 4103 2007 4103 2064 4104 2007 4104 2063 4104 2061 4105 2063 4105 2060 4105 2054 4106 2018 4106 2053 4106 2052 4107 2016 4107 2028 4107 2028 4108 2016 4108 2051 4108 2049 4109 2050 4109 2048 4109 2048 4110 2050 4110 2045 4110 2045 4111 2050 4111 2046 4111 2046 4112 2009 4112 2047 4112 2065 4113 2007 4113 2064 4113 2062 4114 2063 4114 2061 4114 2034 4115 1978 4115 1977 4115 2034 4116 2028 4116 1978 4116 1978 4117 2028 4117 1979 4117 1980 4118 2028 4118 2026 4118 1982 4119 2026 4119 1983 4119 1985 4120 1983 4120 1997 4120 1987 4121 1986 4121 1988 4121 1989 4122 1988 4122 1990 4122 1991 4123 1990 4123 2038 4123 1993 4124 2038 4124 2036 4124 1994 4125 2036 4125 2034 4125 1977 4126 1996 4126 2034 4126 1980 4127 2026 4127 2018 4127 2018 4128 2026 4128 1981 4128 1981 4129 2026 4129 1982 4129 1984 4130 1983 4130 1985 4130 1991 4131 2038 4131 1992 4131 1992 4132 2038 4132 2007 4132 2007 4133 2038 4133 1993 4133 1993 4134 2036 4134 2009 4134 2009 4135 2036 4135 1994 4135 1995 4136 2034 4136 1996 4136 2040 4137 2038 4137 1990 4137 2042 4138 1990 4138 1988 4138 2044 4139 1988 4139 1986 4139 2040 4140 1990 4140 2042 4140 2042 4141 1988 4141 2044 4141 2022 4142 1997 4142 1983 4142 2024 4143 1983 4143 2026 4143 2031 4144 2028 4144 2034 4144 2022 4145 1983 4145 2024 4145 1998 4146 2059 4146 1986 4146 1998 4147 1999 4147 2001 4147 2050 4148 2014 4148 2013 4148 2012 4149 2011 4149 2010 4149 2059 4150 2060 4150 1986 4150 2060 4151 2003 4151 2002 4151 2003 4152 2005 4152 2004 4152 2005 4153 2007 4153 2006 4153 2007 4154 2009 4154 2008 4154 2009 4155 2012 4155 2010 4155 2012 4156 2050 4156 2013 4156 2050 4157 2016 4157 2015 4157 2016 4158 2018 4158 2017 4158 2018 4159 2020 4159 2019 4159 2020 4160 2001 4160 2021 4160 1997 4161 1998 4161 1986 4161 1997 4162 1999 4162 1998 4162 1997 4163 2000 4163 1999 4163 1999 4164 2000 4164 2001 4164 2001 4165 2022 4165 2021 4165 2001 4166 2000 4166 2022 4166 2022 4167 2023 4167 2021 4167 2021 4168 2023 4168 2020 4168 2023 4169 2024 4169 2020 4169 2020 4170 2024 4170 2019 4170 2024 4171 2025 4171 2019 4171 2019 4172 2025 4172 2018 4172 2025 4173 2026 4173 2018 4173 2018 4174 2026 4174 2017 4174 2026 4175 2027 4175 2017 4175 2017 4176 2027 4176 2016 4176 2027 4177 2028 4177 2016 4177 2016 4178 2028 4178 2015 4178 2028 4179 2029 4179 2015 4179 2015 4180 2029 4180 2050 4180 2029 4181 2030 4181 2050 4181 2050 4182 2030 4182 2014 4182 2030 4183 2031 4183 2014 4183 2014 4184 2031 4184 2013 4184 2031 4185 2032 4185 2013 4185 2013 4186 2032 4186 2012 4186 2032 4187 2033 4187 2012 4187 2012 4188 2033 4188 2011 4188 2033 4189 2034 4189 2011 4189 2011 4190 2034 4190 2010 4190 2034 4191 2035 4191 2010 4191 2010 4192 2035 4192 2009 4192 2035 4193 2036 4193 2009 4193 2009 4194 2036 4194 2008 4194 2036 4195 2037 4195 2008 4195 2008 4196 2037 4196 2007 4196 2037 4197 2038 4197 2007 4197 2007 4198 2038 4198 2006 4198 2038 4199 2039 4199 2006 4199 2006 4200 2039 4200 2005 4200 2039 4201 2040 4201 2005 4201 2005 4202 2040 4202 2004 4202 2040 4203 2041 4203 2004 4203 2004 4204 2041 4204 2003 4204 2041 4205 2042 4205 2003 4205 2003 4206 2042 4206 2002 4206 2042 4207 2043 4207 2002 4207 2002 4208 2043 4208 2060 4208 2043 4209 2044 4209 2060 4209 2060 4210 2044 4210 1986 4210 2044 4211 2043 4211 2042 4211 2034 4212 2033 4212 2032 4212 2031 4213 2030 4213 2029 4213 1997 4214 2022 4214 2000 4214 2022 4215 2024 4215 2023 4215 2024 4216 2026 4216 2025 4216 2026 4217 2028 4217 2027 4217 2028 4218 2031 4218 2029 4218 2031 4219 2034 4219 2032 4219 2034 4220 2036 4220 2035 4220 2036 4221 2038 4221 2037 4221 2038 4222 2040 4222 2039 4222 2040 4223 2042 4223 2041 4223 1994 4224 2047 4224 2009 4224 1994 4225 2046 4225 2047 4225 1994 4226 2034 4226 2046 4226 2046 4227 2034 4227 2045 4227 2045 4228 2034 4228 1995 4228 2048 4229 1995 4229 1996 4229 2049 4230 1996 4230 1977 4230 2050 4231 1977 4231 1978 4231 2051 4232 1978 4232 1979 4232 2052 4233 2028 4233 1980 4233 2053 4234 2018 4234 1981 4234 2054 4235 1981 4235 1982 4235 2055 4236 1982 4236 1983 4236 2056 4237 1983 4237 1984 4237 2057 4238 1984 4238 1985 4238 2058 4239 1985 4239 1997 4239 2059 4240 1997 4240 1986 4240 2060 4241 1986 4241 1987 4241 2061 4242 1987 4242 1988 4242 2062 4243 1988 4243 1989 4243 2063 4244 1989 4244 1990 4244 2064 4245 1990 4245 1991 4245 2065 4246 1991 4246 1992 4246 2066 4247 2007 4247 1993 4247 1993 4248 2009 4248 2066 4248 1992 4249 2007 4249 2065 4249 1991 4250 2065 4250 2064 4250 1990 4251 2064 4251 2063 4251 1989 4252 2063 4252 2062 4252 1988 4253 2062 4253 2061 4253 1987 4254 2061 4254 2060 4254 1997 4255 2059 4255 2058 4255 1985 4256 2058 4256 2057 4256 1984 4257 2057 4257 2056 4257 1983 4258 2056 4258 2055 4258 1982 4259 2055 4259 2054 4259 1981 4260 2054 4260 2053 4260 1980 4261 2018 4261 2052 4261 1979 4262 2028 4262 2051 4262 1978 4263 2051 4263 2050 4263 1977 4264 2050 4264 2049 4264 1996 4265 2049 4265 2048 4265 1995 4266 2048 4266 2045 4266 2145 4267 2143 4267 2144 4267 2145 4268 2105 4268 2143 4268 2143 4269 2105 4269 2142 4269 2139 4270 2140 4270 2138 4270 2136 4271 2067 4271 2134 4271 2132 4272 2133 4272 2096 4272 2150 4273 2152 4273 2068 4273 2148 4274 2068 4274 2147 4274 2146 4275 2147 4275 2145 4275 2142 4276 2105 4276 2141 4276 2136 4277 2134 4277 2135 4277 2130 4278 2133 4278 2131 4278 2131 4279 2133 4279 2132 4279 2132 4280 2096 4280 2153 4280 2151 4281 2152 4281 2150 4281 2092 4282 2147 4282 2068 4282 2094 4283 2068 4283 2152 4283 2099 4284 2096 4284 2133 4284 2138 4285 2134 4285 2067 4285 2088 4286 2105 4286 2145 4286 2092 4287 2068 4287 2094 4287 2117 4288 2070 4288 2069 4288 2070 4289 2117 4289 2071 4289 2071 4290 2117 4290 2112 4290 2072 4291 2111 4291 2109 4291 2074 4292 2109 4292 2075 4292 2076 4293 2075 4293 2077 4293 2079 4294 2077 4294 2125 4294 2081 4295 2124 4295 2122 4295 2083 4296 2122 4296 2119 4296 2071 4297 2112 4297 2137 4297 2072 4298 2109 4298 2105 4298 2105 4299 2109 4299 2073 4299 2073 4300 2109 4300 2074 4300 2078 4301 2077 4301 2079 4301 2079 4302 2125 4302 2080 4302 2080 4303 2125 4303 2149 4303 2081 4304 2122 4304 2096 4304 2096 4305 2122 4305 2082 4305 2082 4306 2122 4306 2083 4306 2084 4307 2119 4307 2117 4307 2129 4308 2125 4308 2077 4308 2129 4309 2077 4309 2085 4309 2085 4310 2077 4310 2075 4310 2107 4311 2075 4311 2109 4311 2115 4312 2112 4312 2117 4312 2085 4313 2075 4313 2107 4313 2086 4314 2088 4314 2145 4314 2105 4315 2090 4315 2106 4315 2138 4316 2103 4316 2102 4316 2134 4317 2102 4317 2101 4317 2099 4318 2098 4318 2097 4318 2145 4319 2147 4319 2091 4319 2092 4320 2094 4320 2093 4320 2094 4321 2152 4321 2095 4321 2096 4322 2099 4322 2097 4322 2099 4323 2133 4323 2100 4323 2134 4324 2138 4324 2102 4324 2138 4325 2140 4325 2104 4325 2105 4326 2088 4326 2090 4326 2085 4327 2086 4327 2087 4327 2085 4328 2088 4328 2086 4328 2085 4329 2089 4329 2088 4329 2088 4330 2089 4330 2090 4330 2090 4331 2107 4331 2106 4331 2090 4332 2089 4332 2107 4332 2107 4333 2108 4333 2106 4333 2106 4334 2108 4334 2105 4334 2108 4335 2109 4335 2105 4335 2105 4336 2109 4336 2140 4336 2109 4337 2110 4337 2140 4337 2140 4338 2110 4338 2104 4338 2110 4339 2111 4339 2104 4339 2104 4340 2111 4340 2138 4340 2111 4341 2112 4341 2138 4341 2138 4342 2112 4342 2103 4342 2112 4343 2113 4343 2103 4343 2103 4344 2113 4344 2102 4344 2113 4345 2114 4345 2102 4345 2102 4346 2114 4346 2101 4346 2114 4347 2115 4347 2101 4347 2101 4348 2115 4348 2134 4348 2115 4349 2116 4349 2134 4349 2134 4350 2116 4350 2133 4350 2116 4351 2117 4351 2133 4351 2133 4352 2117 4352 2100 4352 2117 4353 2118 4353 2100 4353 2100 4354 2118 4354 2099 4354 2118 4355 2119 4355 2099 4355 2099 4356 2119 4356 2098 4356 2119 4357 2120 4357 2098 4357 2098 4358 2120 4358 2097 4358 2120 4359 2121 4359 2097 4359 2097 4360 2121 4360 2096 4360 2121 4361 2122 4361 2096 4361 2096 4362 2122 4362 2152 4362 2122 4363 2123 4363 2152 4363 2152 4364 2123 4364 2095 4364 2123 4365 2124 4365 2095 4365 2095 4366 2124 4366 2094 4366 2124 4367 2125 4367 2094 4367 2094 4368 2125 4368 2093 4368 2125 4369 2126 4369 2093 4369 2093 4370 2126 4370 2092 4370 2126 4371 2127 4371 2092 4371 2092 4372 2127 4372 2147 4372 2127 4373 2128 4373 2147 4373 2147 4374 2128 4374 2091 4374 2128 4375 2129 4375 2091 4375 2091 4376 2129 4376 2145 4376 2129 4377 2087 4377 2145 4377 2145 4378 2087 4378 2086 4378 2129 4379 2128 4379 2127 4379 2125 4380 2127 4380 2126 4380 2122 4381 2121 4381 2120 4381 2119 4382 2118 4382 2117 4382 2115 4383 2114 4383 2113 4383 2111 4384 2110 4384 2109 4384 2129 4385 2085 4385 2087 4385 2085 4386 2107 4386 2089 4386 2107 4387 2109 4387 2108 4387 2112 4388 2115 4388 2113 4388 2115 4389 2117 4389 2116 4389 2119 4390 2122 4390 2120 4390 2122 4391 2124 4391 2123 4391 2125 4392 2129 4392 2127 4392 2083 4393 2132 4393 2082 4393 2083 4394 2131 4394 2132 4394 2083 4395 2119 4395 2131 4395 2131 4396 2119 4396 2130 4396 2130 4397 2119 4397 2084 4397 2133 4398 2084 4398 2117 4398 2134 4399 2117 4399 2069 4399 2135 4400 2069 4400 2070 4400 2136 4401 2070 4401 2071 4401 2138 4402 2137 4402 2112 4402 2139 4403 2112 4403 2111 4403 2140 4404 2111 4404 2072 4404 2141 4405 2105 4405 2073 4405 2142 4406 2073 4406 2074 4406 2143 4407 2074 4407 2075 4407 2144 4408 2075 4408 2076 4408 2145 4409 2076 4409 2077 4409 2146 4410 2077 4410 2078 4410 2147 4411 2078 4411 2079 4411 2148 4412 2079 4412 2080 4412 2150 4413 2149 4413 2125 4413 2151 4414 2125 4414 2124 4414 2152 4415 2124 4415 2081 4415 2153 4416 2096 4416 2082 4416 2132 4417 2153 4417 2082 4417 2081 4418 2096 4418 2152 4418 2124 4419 2152 4419 2151 4419 2125 4420 2151 4420 2150 4420 2150 4421 2068 4421 2149 4421 2149 4422 2068 4422 2148 4422 2080 4423 2149 4423 2148 4423 2079 4424 2148 4424 2147 4424 2078 4425 2147 4425 2146 4425 2077 4426 2146 4426 2145 4426 2076 4427 2145 4427 2144 4427 2075 4428 2144 4428 2143 4428 2074 4429 2143 4429 2142 4429 2073 4430 2142 4430 2141 4430 2072 4431 2105 4431 2140 4431 2111 4432 2140 4432 2139 4432 2112 4433 2139 4433 2138 4433 2138 4434 2067 4434 2137 4434 2137 4435 2067 4435 2136 4435 2071 4436 2137 4436 2136 4436 2070 4437 2136 4437 2135 4437 2069 4438 2135 4438 2134 4438 2117 4439 2134 4439 2133 4439 2084 4440 2133 4440 2130 4440 2155 4441 2174 4441 2154 4441 2155 4442 2156 4442 2157 4442 2225 4443 2159 4443 2160 4443 2161 4444 2162 4444 2163 4444 2230 4445 2164 4445 2232 4445 2166 4446 2167 4446 2168 4446 2238 4447 2169 4447 2170 4447 2174 4448 2172 4448 2173 4448 2172 4449 2170 4449 2171 4449 2237 4450 2166 4450 2168 4450 2166 4451 2232 4451 2165 4451 2230 4452 2161 4452 2163 4452 2161 4453 2225 4453 2160 4453 2225 4454 2157 4454 2158 4454 2174 4455 2177 4455 2154 4455 2174 4456 2176 4456 2177 4456 2174 4457 2173 4457 2176 4457 2176 4458 2173 4458 2175 4458 2175 4459 2172 4459 2192 4459 2175 4460 2173 4460 2172 4460 2172 4461 2171 4461 2192 4461 2192 4462 2171 4462 2191 4462 2171 4463 2170 4463 2191 4463 2191 4464 2170 4464 2212 4464 2170 4465 2169 4465 2212 4465 2212 4466 2169 4466 2190 4466 2169 4467 2238 4467 2190 4467 2190 4468 2238 4468 2210 4468 2238 4469 2237 4469 2210 4469 2210 4470 2237 4470 2189 4470 2237 4471 2168 4471 2189 4471 2189 4472 2168 4472 2188 4472 2168 4473 2167 4473 2188 4473 2188 4474 2167 4474 2207 4474 2167 4475 2166 4475 2207 4475 2207 4476 2166 4476 2187 4476 2166 4477 2165 4477 2187 4477 2187 4478 2165 4478 2205 4478 2165 4479 2232 4479 2205 4479 2205 4480 2232 4480 2186 4480 2232 4481 2164 4481 2186 4481 2186 4482 2164 4482 2185 4482 2164 4483 2230 4483 2185 4483 2185 4484 2230 4484 2184 4484 2230 4485 2163 4485 2184 4485 2184 4486 2163 4486 2183 4486 2163 4487 2162 4487 2183 4487 2183 4488 2162 4488 2182 4488 2162 4489 2161 4489 2182 4489 2182 4490 2161 4490 2200 4490 2161 4491 2160 4491 2200 4491 2200 4492 2160 4492 2181 4492 2160 4493 2159 4493 2181 4493 2181 4494 2159 4494 2198 4494 2159 4495 2225 4495 2198 4495 2198 4496 2225 4496 2180 4496 2225 4497 2158 4497 2180 4497 2180 4498 2158 4498 2179 4498 2158 4499 2157 4499 2179 4499 2179 4500 2157 4500 2196 4500 2157 4501 2156 4501 2196 4501 2196 4502 2156 4502 2178 4502 2156 4503 2155 4503 2178 4503 2178 4504 2155 4504 2195 4504 2155 4505 2154 4505 2195 4505 2195 4506 2154 4506 2177 4506 2177 4507 2176 4507 2195 4507 2191 4508 2175 4508 2192 4508 2210 4509 2189 4509 2188 4509 2207 4510 2187 4510 2205 4510 2185 4511 2184 4511 2183 4511 2198 4512 2180 4512 2179 4512 2195 4513 2196 4513 2178 4513 2196 4514 2198 4514 2179 4514 2198 4515 2200 4515 2181 4515 2182 4516 2185 4516 2183 4516 2185 4517 2205 4517 2186 4517 2207 4518 2210 4518 2188 4518 2210 4519 2212 4519 2190 4519 2191 4520 2176 4520 2175 4520 2217 4521 2218 4521 2220 4521 2170 4522 2219 4522 2240 4522 2170 4523 2240 4523 2191 4523 2170 4524 2191 4524 2239 4524 2237 4525 2236 4525 2235 4525 2232 4526 2235 4526 2234 4526 2232 4527 2234 4527 2233 4527 2230 4528 2232 4528 2231 4528 2161 4529 2229 4529 2228 4529 2161 4530 2228 4530 2182 4530 2161 4531 2182 4531 2227 4531 2225 4532 2227 4532 2226 4532 2218 4533 2219 4533 2170 4533 2170 4534 2239 4534 2238 4534 2237 4535 2235 4535 2232 4535 2230 4536 2229 4536 2161 4536 2161 4537 2227 4537 2225 4537 2193 4538 2223 4538 2222 4538 2222 4539 2221 4539 2220 4539 2157 4540 2193 4540 2222 4540 2155 4541 2222 4541 2220 4541 2174 4542 2155 4542 2220 4542 2225 4543 2193 4543 2157 4543 2157 4544 2222 4544 2155 4544 2174 4545 2220 4545 2218 4545 2172 4546 2218 4546 2170 4546 2166 4547 2237 4547 2232 4547 2174 4548 2218 4548 2172 4548 2194 4549 2196 4549 2195 4549 2198 4550 2197 4550 2224 4550 2200 4551 2198 4551 2199 4551 2182 4552 2201 4552 2202 4552 2205 4553 2202 4553 2203 4553 2205 4554 2203 4554 2204 4554 2207 4555 2205 4555 2206 4555 2210 4556 2208 4556 2209 4556 2191 4557 2213 4557 2214 4557 2191 4558 2214 4558 2215 4558 2195 4559 2215 4559 2216 4559 2196 4560 2197 4560 2198 4560 2182 4561 2202 4561 2205 4561 2207 4562 2208 4562 2210 4562 2210 4563 2211 4563 2212 4563 2191 4564 2215 4564 2195 4564 2185 4565 2182 4565 2205 4565 2176 4566 2191 4566 2195 4566 2216 4567 2217 4567 2195 4567 2216 4568 2218 4568 2217 4568 2216 4569 2215 4569 2218 4569 2218 4570 2215 4570 2219 4570 2224 4571 2223 4571 2193 4571 2219 4572 2214 4572 2240 4572 2219 4573 2215 4573 2214 4573 2214 4574 2213 4574 2240 4574 2240 4575 2213 4575 2191 4575 2191 4576 2212 4576 2239 4576 2239 4577 2212 4577 2238 4577 2212 4578 2211 4578 2238 4578 2238 4579 2211 4579 2237 4579 2211 4580 2210 4580 2237 4580 2237 4581 2210 4581 2236 4581 2210 4582 2209 4582 2236 4582 2236 4583 2209 4583 2235 4583 2209 4584 2208 4584 2235 4584 2235 4585 2208 4585 2234 4585 2208 4586 2207 4586 2234 4586 2234 4587 2207 4587 2233 4587 2207 4588 2206 4588 2233 4588 2233 4589 2206 4589 2232 4589 2206 4590 2205 4590 2232 4590 2232 4591 2205 4591 2231 4591 2205 4592 2204 4592 2231 4592 2231 4593 2204 4593 2230 4593 2204 4594 2203 4594 2230 4594 2230 4595 2203 4595 2229 4595 2203 4596 2202 4596 2229 4596 2229 4597 2202 4597 2228 4597 2202 4598 2201 4598 2228 4598 2228 4599 2201 4599 2182 4599 2182 4600 2200 4600 2227 4600 2227 4601 2200 4601 2226 4601 2200 4602 2199 4602 2226 4602 2226 4603 2199 4603 2225 4603 2199 4604 2198 4604 2225 4604 2225 4605 2198 4605 2224 4605 2193 4606 2225 4606 2224 4606 2224 4607 2197 4607 2223 4607 2223 4608 2197 4608 2222 4608 2197 4609 2196 4609 2222 4609 2222 4610 2196 4610 2221 4610 2196 4611 2194 4611 2221 4611 2221 4612 2194 4612 2220 4612 2194 4613 2195 4613 2220 4613 2220 4614 2195 4614 2217 4614 2244 4615 2248 4615 2243 4615 2244 4616 2245 4616 2248 4616 2246 4617 2248 4617 2247 4617 2246 4618 2243 4618 2248 4618 2250 4619 2249 4619 2245 4619 2245 4620 2249 4620 2248 4620 2249 4621 2247 4621 2248 4621 2252 4622 2250 4622 2245 4622 2258 4623 2250 4623 2252 4623 2244 4624 2252 4624 2245 4624 2244 4625 2242 4625 2252 4625 2244 4626 2251 4626 2242 4626 2252 4627 2242 4627 2241 4627 2253 4628 2251 4628 2244 4628 2243 4629 2246 4629 2253 4629 2244 4630 2243 4630 2253 4630 2247 4631 2249 4631 2246 4631 2249 4632 2253 4632 2246 4632 2254 4633 2258 4633 2255 4633 2255 4634 2258 4634 2252 4634 2252 4635 2241 4635 2255 4635 2257 4636 2241 4636 2242 4636 2256 4637 2257 4637 2251 4637 2251 4638 2257 4638 2242 4638 2251 4639 2253 4639 2250 4639 2250 4640 2253 4640 2249 4640 2251 4641 2258 4641 2256 4641 2256 4642 2258 4642 2254 4642 2254 4643 2241 4643 2256 4643 2254 4644 2255 4644 2241 4644 2256 4645 2241 4645 2257 4645 2250 4646 2258 4646 2251 4646 2259 4647 2262 4647 2260 4647 2259 4648 2261 4648 2262 4648 2263 4649 2271 4649 2259 4649 2263 4650 2264 4650 2271 4650 2263 4651 2265 4651 2264 4651 2264 4652 2265 4652 2266 4652 2266 4653 2265 4653 2267 4653 2265 4654 2261 4654 2267 4654 2267 4655 2261 4655 2268 4655 2268 4656 2261 4656 2269 4656 2261 4657 2259 4657 2269 4657 2269 4658 2259 4658 2270 4658 2271 4659 2274 4659 2259 4659 2259 4660 2274 4660 2270 4660 2272 4661 2263 4661 2260 4661 2260 4662 2263 4662 2259 4662 2273 4663 2272 4663 2262 4663 2262 4664 2272 4664 2260 4664 2265 4665 2273 4665 2261 4665 2261 4666 2273 4666 2262 4666 2268 4667 2275 4667 2267 4667 2267 4668 2275 4668 2276 4668 2276 4669 2277 4669 2267 4669 2267 4670 2277 4670 2266 4670 2266 4671 2277 4671 2264 4671 2264 4672 2277 4672 2278 4672 2264 4673 2278 4673 2271 4673 2271 4674 2278 4674 2279 4674 2271 4675 2279 4675 2274 4675 2274 4676 2279 4676 2280 4676 2274 4677 2280 4677 2270 4677 2270 4678 2280 4678 2281 4678 2270 4679 2281 4679 2269 4679 2269 4680 2281 4680 2282 4680 2269 4681 2282 4681 2268 4681 2268 4682 2282 4682 2275 4682 2263 4683 2272 4683 2265 4683 2265 4684 2272 4684 2273 4684 2279 4685 2278 4685 2280 4685 2280 4686 2278 4686 2275 4686 2281 4687 2275 4687 2282 4687 2281 4688 2280 4688 2275 4688 2278 4689 2277 4689 2275 4689 2275 4690 2277 4690 2276 4690 2284 4691 2285 4691 2286 4691 2284 4692 2283 4692 2285 4692 2284 4693 2286 4693 2283 4693 2283 4694 2286 4694 2285 4694 2291 4695 2288 4695 2294 4695 2291 4696 2295 4696 2288 4696 2287 4697 2295 4697 2293 4697 2287 4698 2288 4698 2295 4698 2299 4699 2291 4699 2289 4699 2289 4700 2291 4700 2290 4700 2295 4701 2291 4701 2299 4701 2292 4702 2294 4702 2288 4702 2290 4703 2291 4703 2292 4703 2292 4704 2288 4704 2287 4704 2297 4705 2287 4705 2293 4705 2293 4706 2298 4706 2297 4706 2293 4707 2289 4707 2298 4707 2290 4708 2298 4708 2289 4708 2299 4709 2300 4709 2295 4709 2294 4710 2292 4710 2291 4710 2287 4711 2296 4711 2292 4711 2300 4712 2299 4712 2293 4712 2293 4713 2299 4713 2289 4713 2300 4714 2293 4714 2295 4714 2297 4715 2301 4715 2287 4715 2287 4716 2301 4716 2296 4716 2297 4717 2298 4717 2301 4717 2301 4718 2298 4718 2302 4718 2298 4719 2290 4719 2302 4719 2292 4720 2302 4720 2290 4720 2292 4721 2296 4721 2302 4721 2296 4722 2301 4722 2302 4722 2304 4723 2305 4723 2306 4723 2313 4724 2304 4724 2306 4724 2304 4725 2307 4725 2310 4725 2304 4726 2310 4726 2305 4726 2313 4727 2307 4727 2304 4727 2308 4728 2307 4728 2313 4728 2313 4729 2306 4729 2308 4729 2306 4730 2311 4730 2308 4730 2303 4731 2306 4731 2305 4731 2310 4732 2311 4732 2312 4732 2310 4733 2309 4733 2305 4733 2303 4734 2305 4734 2309 4734 2311 4735 2310 4735 2308 4735 2307 4736 2308 4736 2310 4736 2312 4737 2306 4737 2303 4737 2306 4738 2312 4738 2311 4738 2312 4739 2303 4739 2309 4739 2312 4740 2309 4740 2310 4740 2318 4741 2315 4741 2327 4741 2321 4742 2314 4742 2317 4742 2314 4743 2315 4743 2317 4743 2314 4744 2327 4744 2315 4744 2318 4745 2327 4745 2320 4745 2320 4746 2327 4746 2325 4746 2317 4747 2315 4747 2329 4747 2314 4748 2322 4748 2324 4748 2343 4749 2314 4749 2324 4749 2321 4750 2322 4750 2314 4750 2319 4751 2318 4751 2320 4751 2320 4752 2332 4752 2319 4752 2319 4753 2332 4753 2321 4753 2322 4754 2321 4754 2332 4754 2320 4755 2339 4755 2338 4755 2320 4756 2325 4756 2339 4756 2323 4757 2339 4757 2325 4757 2340 4758 2323 4758 2324 4758 2339 4759 2323 4759 2340 4759 2324 4760 2322 4760 2340 4760 2340 4761 2322 4761 2341 4761 2337 4762 2322 4762 2332 4762 2337 4763 2341 4763 2322 4763 2336 4764 2320 4764 2338 4764 2336 4765 2332 4765 2320 4765 2328 4766 2317 4766 2329 4766 2330 4767 2316 4767 2331 4767 2331 4768 2316 4768 2314 4768 2336 4769 2333 4769 2332 4769 2334 4770 2333 4770 2335 4770 2334 4771 2337 4771 2333 4771 2333 4772 2336 4772 2335 4772 2333 4773 2337 4773 2332 4773 2321 4774 2317 4774 2328 4774 2329 4775 2319 4775 2328 4775 2328 4776 2319 4776 2321 4776 2315 4777 2318 4777 2329 4777 2329 4778 2318 4778 2319 4778 2326 4779 2343 4779 2323 4779 2323 4780 2343 4780 2324 4780 2326 4781 2323 4781 2342 4781 2325 4782 2327 4782 2342 4782 2330 4783 2327 4783 2316 4783 2330 4784 2342 4784 2327 4784 2327 4785 2314 4785 2316 4785 2314 4786 2343 4786 2331 4786 2331 4787 2326 4787 2330 4787 2331 4788 2343 4788 2326 4788 2326 4789 2342 4789 2330 4789 2339 4790 2344 4790 2335 4790 2338 4791 2335 4791 2336 4791 2338 4792 2339 4792 2335 4792 2339 4793 2340 4793 2344 4793 2344 4794 2340 4794 2345 4794 2337 4795 2334 4795 2341 4795 2341 4796 2334 4796 2340 4796 2340 4797 2334 4797 2345 4797 2325 4798 2342 4798 2323 4798 2334 4799 2344 4799 2345 4799 2335 4800 2344 4800 2334 4800 2354 4801 2356 4801 2358 4801 2354 4802 2346 4802 2356 4802 2354 4803 2350 4803 2346 4803 2346 4804 2350 4804 2363 4804 2357 4805 2346 4805 2355 4805 2346 4806 2357 4806 2356 4806 2363 4807 2355 4807 2346 4807 2348 4808 2358 4808 2347 4808 2348 4809 2354 4809 2358 4809 2348 4810 2352 4810 2354 4810 2349 4811 2363 4811 2362 4811 2362 4812 2363 4812 2350 4812 2356 4813 2357 4813 2355 4813 2351 4814 2362 4814 2350 4814 2351 4815 2350 4815 2352 4815 2351 4816 2352 4816 2348 4816 2351 4817 2359 4817 2362 4817 2360 4818 2348 4818 2347 4818 2360 4819 2347 4819 2353 4819 2353 4820 2361 4820 2360 4820 2353 4821 2349 4821 2361 4821 2362 4822 2361 4822 2349 4822 2354 4823 2352 4823 2350 4823 2348 4824 2359 4824 2351 4824 2364 4825 2363 4825 2353 4825 2353 4826 2363 4826 2349 4826 2353 4827 2347 4827 2364 4827 2364 4828 2347 4828 2358 4828 2355 4829 2364 4829 2356 4829 2355 4830 2363 4830 2364 4830 2364 4831 2358 4831 2356 4831 2365 4832 2359 4832 2348 4832 2360 4833 2366 4833 2348 4833 2348 4834 2366 4834 2365 4834 2360 4835 2361 4835 2366 4835 2366 4836 2361 4836 2367 4836 2359 4837 2368 4837 2362 4837 2362 4838 2368 4838 2367 4838 2361 4839 2362 4839 2367 4839 2359 4840 2365 4840 2368 4840 2368 4841 2366 4841 2367 4841 2368 4842 2365 4842 2366 4842 2369 4843 2371 4843 2370 4843 2370 4844 2371 4844 2372 4844 2373 4845 2381 4845 2369 4845 2373 4846 2374 4846 2381 4846 2373 4847 2375 4847 2374 4847 2374 4848 2375 4848 2376 4848 2376 4849 2375 4849 2377 4849 2375 4850 2371 4850 2377 4850 2377 4851 2371 4851 2378 4851 2378 4852 2371 4852 2379 4852 2371 4853 2369 4853 2379 4853 2379 4854 2369 4854 2380 4854 2381 4855 2384 4855 2369 4855 2369 4856 2384 4856 2380 4856 2382 4857 2373 4857 2370 4857 2370 4858 2373 4858 2369 4858 2383 4859 2382 4859 2372 4859 2372 4860 2382 4860 2370 4860 2375 4861 2383 4861 2371 4861 2371 4862 2383 4862 2372 4862 2378 4863 2385 4863 2377 4863 2377 4864 2385 4864 2386 4864 2386 4865 2387 4865 2377 4865 2377 4866 2387 4866 2376 4866 2376 4867 2387 4867 2374 4867 2374 4868 2387 4868 2388 4868 2374 4869 2388 4869 2381 4869 2381 4870 2388 4870 2389 4870 2381 4871 2389 4871 2384 4871 2384 4872 2389 4872 2390 4872 2384 4873 2390 4873 2380 4873 2380 4874 2390 4874 2391 4874 2380 4875 2391 4875 2379 4875 2379 4876 2391 4876 2392 4876 2379 4877 2392 4877 2378 4877 2378 4878 2392 4878 2385 4878 2373 4879 2382 4879 2375 4879 2375 4880 2382 4880 2383 4880 2389 4881 2388 4881 2390 4881 2390 4882 2388 4882 2385 4882 2391 4883 2385 4883 2392 4883 2391 4884 2390 4884 2385 4884 2388 4885 2387 4885 2385 4885 2385 4886 2387 4886 2386 4886 2395 4887 2393 4887 2394 4887 2396 4888 2393 4888 2395 4888 2399 4889 2394 4889 2398 4889 2398 4890 2394 4890 2393 4890 2403 4891 2401 4891 2395 4891 2396 4892 2395 4892 2401 4892 2399 4893 2397 4893 2394 4893 2403 4894 2395 4894 2397 4894 2395 4895 2394 4895 2397 4895 2400 4896 2399 4896 2398 4896 2401 4897 2400 4897 2398 4897 2393 4898 2396 4898 2398 4898 2398 4899 2396 4899 2401 4899 2397 4900 2399 4900 2402 4900 2400 4901 2404 4901 2402 4901 2399 4902 2400 4902 2402 4902 2400 4903 2401 4903 2404 4903 2404 4904 2401 4904 2405 4904 2401 4905 2403 4905 2405 4905 2403 4906 2397 4906 2402 4906 2403 4907 2402 4907 2405 4907 2402 4908 2404 4908 2405 4908 2406 4909 2410 4909 2423 4909 2408 4910 2407 4910 2410 4910 2411 4911 2412 4911 2421 4911 2413 4912 2421 4912 2412 4912 2414 4913 2421 4913 2415 4913 2415 4914 2421 4914 2413 4914 2426 4915 2416 4915 2417 4915 2417 4916 2416 4916 2412 4916 2412 4917 2416 4917 2413 4917 2416 4918 2415 4918 2413 4918 2406 4919 2417 4919 2412 4919 2411 4920 2408 4920 2412 4920 2411 4921 2409 4921 2408 4921 2411 4922 2418 4922 2409 4922 2408 4923 2409 4923 2407 4923 2408 4924 2410 4924 2406 4924 2408 4925 2406 4925 2412 4925 2420 4926 2419 4926 2418 4926 2420 4927 2418 4927 2411 4927 2421 4928 2414 4928 2420 4928 2411 4929 2421 4929 2420 4929 2420 4930 2414 4930 2416 4930 2414 4931 2415 4931 2416 4931 2422 4932 2417 4932 2423 4932 2423 4933 2417 4933 2406 4933 2425 4934 2407 4934 2409 4934 2424 4935 2425 4935 2418 4935 2418 4936 2425 4936 2409 4936 2426 4937 2417 4937 2427 4937 2419 4938 2426 4938 2418 4938 2426 4939 2419 4939 2416 4939 2416 4940 2419 4940 2420 4940 2418 4941 2427 4941 2424 4941 2424 4942 2427 4942 2422 4942 2422 4943 2427 4943 2417 4943 2425 4944 2424 4944 2407 4944 2407 4945 2424 4945 2410 4945 2410 4946 2424 4946 2422 4946 2422 4947 2423 4947 2410 4947 2427 4948 2418 4948 2426 4948</p>
                </triangles>
            </mesh>
        </geometry>
    </library_geometries>
    <library_visual_scenes>
        <visual_scene id="VisualSceneNode" name="VisualScene">
            <node id="node" name="node">
                <instance_geometry url="#shape0-lib">
                    <bind_material>
                        <technique_common/>
                    </bind_material>
                </instance_geometry>
            </node>
        </visual_scene>
    </library_visual_scenes>
    <scene>
        <instance_visual_scene url="#VisualSceneNode"/>
    </scene>
</COLLADA>
