<?xml version="1.0" encoding="UTF-8"?>
<COLLADA xmlns="http://www.collada.org/2005/11/COLLADASchema" version="1.4.1">
    <asset>
        <contributor>
            <author>VCGLab</author>
            <authoring_tool>VCGLib | MeshLab</authoring_tool>
        </contributor>
        <up_axis>Y_UP</up_axis>
        <created>Mo. Sep 10 15:10:45 2018</created>
        <modified>Mo. Sep 10 15:10:45 2018</modified>
    </asset>
    <library_images/>
    <library_materials/>
    <library_effects/>
    <library_geometries>
        <geometry id="shape0-lib" name="shape0">
            <mesh>
                <source id="shape0-lib-positions" name="position">
                    <float_array id="shape0-lib-positions-array" count="7302">0.355 0.0311356 0.0338506 0.354816 0.0331828 0.0323639 0.355 0.0347976 0.0304118 0.355936 0.0358654 0.02798 0.355 0.0363499 0.0256341 0.355 0.036191 0.0231073 0.354816 0.0354095 0.0207011 0.355 0.0340521 0.0185619 0.355 0.0299879 0.0156093 0.355 0.0275357 0.0149796 0.355 0.022552 0.0156093 0.355 0.0203334 0.0168289 0.354816 0.0184887 0.0185605 0.355 0.0171312 0.0206996 0.355 0.0163489 0.0231073 0.355 0.01619 0.0256341 0.355 0.0177422 0.0304118 0.354816 0.0193547 0.0323616 0.355 0.0237583 0.0347826 0.355 0.0262699 0.0351 0.415196 0.0331847 0.0323619 0.415 0.0311356 0.0338506 0.415 0.0262699 0.0351 0.415 0.0214043 0.0338506 0.415196 0.0193568 0.0323634 0.415 0.0177423 0.0304118 0.415341 0.0166646 0.0281225 0.415 0.01619 0.0256341 0.415 0.0163489 0.0231073 0.415 0.0171312 0.0206996 0.415 0.0203334 0.0168289 0.415 0.022552 0.0156093 0.415 0.0250042 0.0149796 0.415 0.0299879 0.0156093 0.415 0.0322065 0.0168289 0.415 0.0354086 0.0206996 0.415 0.036191 0.0231073 0.415298 0.0363501 0.0256344 0.415 0.0358756 0.028121 0.415 0.0347976 0.0304118 0.354697 0.0288435 0.0347641 0.415262 0.0237707 0.0347342 0.3545 0.0262699 0.0349999 0.357274 0.0213384 0.0337553 0.357122 0.0193118 0.0321804 0.415525 0.0178267 0.0303583 0.355914 0.0166742 0.0279791 0.415525 0.0162897 0.0256279 0.415525 0.0164471 0.0231262 0.357134 0.0174158 0.020371 0.415361 0.0185259 0.0185942 0.415525 0.0203921 0.0169097 0.415525 0.0225887 0.0157021 0.35475 0.0250104 0.0150292 0.415262 0.0275295 0.0150292 0.415525 0.0299512 0.0157021 0.354737 0.0320418 0.0167523 0.415374 0.034014 0.0185943 0.415525 0.0353182 0.0207421 0.415525 0.0360928 0.0231262 0.415525 0.0362502 0.0256279 0.415525 0.0357805 0.02809 0.3545 0.0347134 0.0303579 0.357122 0.0332281 0.0321804 0.354499 0.0237827 0.0346857 0.415262 0.0287692 0.0347342 0.415525 0.0310874 0.0337631 0.357122 0.0362601 0.0253139 0.357122 0.036011 0.022769 0.357122 0.033658 0.0182773 0.357122 0.0294046 0.0155214 0.357122 0.0268966 0.0150394 0.357122 0.0231353 0.0155214 0.357134 0.0208311 0.0166247 0.357122 0.0188819 0.0182773 0.357122 0.0165289 0.022769 0.357122 0.0162798 0.0253139 0.3545 0.0178265 0.0303579 -0.00889093 0.0189633 0.00107539 -0.0161928 0.0189661 0.000297901 -0.0127423 0.0138699 -0.00235713 -0.0111164 0.0138689 0.00224441 -0.0154822 0.0257093 0.00354182 -0.0165814 0.02575 -0.0024581 -0.0129598 0.0262747 0.00229454 -0.0119063 0.0220548 0.0048145 0.0103457 0.0189699 -0.00233448 0.00958431 0.018969 0.00208759 0.0103304 0.0138695 -0.00198883 0.0136695 0.0138695 0.00198883 0.0069685 0.0257214 0.00122684 0.0140903 0.0254869 0.000833686 0.0082804 0.0267176 0.00041948 0.0105563 0.0219911 -0.00481731 0.0125295 0.0220091 0.00484115 -0.0156605 0.00876993 -0.025 0.0282187 0.00876993 -0.00859994 0.0290466 0.00876999 -0.00749987 0.0156605 0.00876993 0.025 -0.0282187 0.00876993 0.00859999 -0.0290466 0.00876999 0.00749993 -0.0287052 0.00877553 -0.00856006 -0.0266365 0.00876802 -0.013964 -0.0214465 0.00876671 -0.021083 -0.017418 -0.00309372 -0.0246385 -0.0104002 0.00876707 -0.0282169 -0.00643426 -0.00303161 -0.0294105 0.00218862 0.00870567 -0.0299654 0.0104003 0.0087645 -0.0282169 0.016584 0.00876909 -0.0249967 0.0214463 0.00876671 -0.0210832 0.0266374 0.00876856 -0.0139623 0.0287052 0.00877553 0.00856012 0.0266414 0.00876826 0.013955 0.0214463 0.00876671 0.0210832 0.0156346 -0.00321012 0.0256642 0.0104002 0.00876707 0.0282169 0.00218856 0.00870568 0.0299655 -0.00437796 0.00827003 0.0296788 -0.0104003 0.00876451 0.0282169 -0.016584 0.00876909 0.0249967 -0.0214465 0.00876671 0.021083 -0.0266407 0.00876832 0.0139564 0.00223643 -0.00319034 -0.0300202 0.0113048 -0.00319809 -0.027869 0.018998 -0.00319803 -0.0233152 0.0250112 -0.00319791 -0.0167036 0.0279292 -0.00319719 -0.0109444 0.0298523 -0.00320738 -0.00323129 0.0298025 -0.00320738 0.00351673 0.0279291 -0.00319719 0.0109448 0.023871 -0.00319826 0.0185188 0.00703716 -0.00319808 0.0292392 -0.00223643 -0.00319034 0.0300202 -0.0113048 -0.00319809 0.027869 -0.0189978 -0.00319803 0.0233153 -0.0250111 -0.00319791 0.0167037 -0.0279292 -0.00319719 0.0109445 -0.0298523 -0.00320739 0.00323129 -0.0298025 -0.00320739 -0.00351668 -0.0279291 -0.0031972 -0.0109448 -0.0250111 -0.00319791 -0.0167037 -0.0143071 -0.00320065 -0.0221392 -0.0235934 -0.00318945 -0.0125556 0.01929 -0.00319928 0.0179639 0.0290474 0.0177699 -0.00749987 0.0292874 0.01877 -0.00649989 0.0300454 0.0187713 -3.27713e-10 0.0292874 0.01877 0.00649995 0.0290474 0.0177699 0.00749993 -0.0290474 0.0177699 0.00749993 -0.0292874 0.01877 0.00649994 -0.0300454 0.0187713 -2.95437e-09 -0.0292874 0.01877 -0.00649989 -0.0290474 0.0177699 -0.00749988 -0.00470793 -0.00320375 -0.0260759 -0.0246011 -0.00319946 0.00987703 -0.00823194 -0.00319063 0.0254312 0.0106084 -7.57319e-05 0.0244028 0.026523 -0.00319934 0.0047499 0.0216383 -0.00319904 -0.0153199 0.0154952 -3.18124e-05 -0.0209839 0.0081234 -0.00320578 -0.0253661 -0.00371337 -3.00454e-05 -0.026204 -0.0153311 -3.00453e-05 -0.0216489 -0.025266 -3.00438e-05 -0.00787836 -0.0261844 -3.22072e-05 0.0054574 -0.0114286 -3.00329e-05 0.0239935 0.022972 -3.00309e-05 0.0140213 0.0253646 -3.00357e-05 -0.00106853 0.0241325 -3.12365e-05 -0.010768 0.00297171 0.01877 -0.00406796 0.0177554 0.01877 -0.00300801 0.0175002 0.01877 0.00284535 0.00269997 0.01877 0.00433409 0.0214606 0.01877 0.00500893 0.0271425 0.0181199 0.00250739 0.00531965 0.01877 -0.000214324 -0.000539406 0.01877 0.00500893 -0.0198281 0.01877 0.00472724 -0.00297183 0.01877 0.0040679 -0.0195259 0.01877 -0.00471413 -0.000171116 0.01877 -0.00510353 -0.0271425 0.0181199 -0.00250739 -0.00512838 0.01877 0.000874304 -0.0037297 0.01877 -0.00348765 0.0212248 0.01877 -0.00497782 0.0246086 0.0182299 -0.00451827 -0.0246087 0.0182299 0.00451827 -0.0104173 -3.00381e-05 0.0021081 -0.0135826 -3.00384e-05 -0.00210804 0.0115781 -3.00361e-05 0.00249934 0.0124139 -3.00368e-05 -0.00244611 -0.0249997 0.0148699 -0.00109399 -0.0202948 0.0148699 0.00324589 -0.0203082 0.0148699 -0.00288934 -0.0229872 -3.00396e-05 0.00313622 -0.0238334 -3.00414e-05 -0.00261396 -0.0189769 -3.0041e-05 -0.000674261 0.0185749 0.0148699 -0.00140548 0.021157 0.0148699 0.0032624 0.0250569 0.0148699 -0.00142509 0.0196656 -3.00363e-05 0.00165451 0.0199045 -3.00363e-05 -0.00228077 0.0230347 -3.00337e-05 0.00282407 0.00613802 0.00486994 0.0175122 0.0133291 0.00486994 0.0236178 0.00882804 0.00876993 0.0143252 0.00739801 0.00876993 0.0241989 0.0155035 0.00803638 0.016279 0.0106996 -3.00318e-05 0.0156107 -0.00900751 0.00856322 -0.0142423 -0.0161854 0.00486993 -0.0189125 -0.010965 0.00851649 -0.0246023 -0.0162632 0.00876993 -0.0166027 -0.00600624 0.00789833 -0.0202902 -0.00811893 -3.00443e-05 -0.0172157 0.00595325 0.00486994 -0.0198457 0.0126488 0.00486994 -0.0234945 0.0163814 0.00829816 -0.020921 0.00624681 0.00876993 -0.0223856 0.0109496 0.00844544 -0.0139304 0.00894928 -3.00416e-05 -0.0166051 0.0110694 -4.69894e-05 -0.0239077 -0.0151165 0.00486994 0.022288 -0.00639206 0.00853825 0.0222306 -0.00891823 0.00486994 0.0144554 -0.0104899 0.00876993 0.0132696 -0.0162632 0.00876993 0.0215022 -0.0166809 -3.31228e-05 0.0205106 -0.00894928 -3.00343e-05 0.0166051 -0.0037297 -3.0037e-05 0.00348771 -0.00512838 -3.00392e-05 -0.000874276 -0.00240362 -3.00396e-05 -0.00450522 0.00217181 -3.00391e-05 -0.00472724 0.00433415 -3.00368e-05 0.00269997 0.00497389 -3.00383e-05 -0.00115544 0.000482555 -3.00364e-05 0.00517994 -0.0323952 0.00877016 -0.00860936 -0.0324057 0.00877011 0.0250006 0.377426 0.0498866 0.00186325 0.368569 0.0489218 -0.00191777 0.370009 0.0337635 0.000141038 0.370812 0.0335699 -0.00178222 0.372115 0.0265251 0.00222339 0.372202 0.0264796 -0.00426857 0.399257 0.0335711 0.0017897 0.400976 0.0277438 0.00285883 0.398187 0.0268672 0.00221403 0.394553 0.0259558 -0.002519 0.314311 0.0243012 -0.0386792 0.310851 0.0242699 -0.0389648 0.30939 0.0290552 -0.0348694 0.317583 0.0362805 -0.0387525 0.310943 0.0257699 -0.0383014 0.309775 0.0257699 -0.0349874 0.310169 0.0350756 -0.0307131 0.319275 0.0335923 -0.0329864 0.317539 0.0257698 -0.0386066 0.28125 0.0242699 0.0396187 0.282843 0.0257697 0.0363464 0.284225 0.0242694 0.0374619 0.282782 0.0257699 0.0390068 0.284144 0.0242699 0.00107045 0.282329 0.0257699 0.000198784 0.280785 0.0242699 0.000680892 0.168097 0.0257452 -0.0371603 0.164659 0.0257699 -0.0393625 0.164928 0.0242699 -0.0388316 0.167854 0.0242696 -0.0392336 0.166127 0.0257697 -0.036371 0.138202 0.0257698 0.0390093 0.134903 0.0257452 0.0371604 0.136799 0.0257693 0.0363539 0.137475 0.0132709 0.0374854 0.135219 0.0257699 -0.000648198 0.133837 0.0331879 -0.047049 0.128802 0.0320097 -0.0470022 0.171248 0.0340947 -0.0483484 0.173244 0.0299695 -0.0470003 0.314077 0.0330299 0.0470002 0.320019 0.0326186 0.0472977 0.278843 0.0326856 0.0496992 0.28028 0.0342308 0.0470001 0.274673 0.0316607 0.0470003 0.134269 0.0343718 0.0470002 0.129682 0.0317193 0.0470877 0.312115 0.0443332 0.018034 0.313823 0.0398336 0.0173167 0.202526 0.0427837 0.0217975 0.207819 0.0403414 0.0195829 0.206441 0.0449011 -0.033048 0.3175 0.0427701 0.0171995 0.31721 0.042783 0.0219279 0.2025 0.0427698 0.0172197 0.2025 0.0427698 -0.0322195 0.203944 0.0427657 -0.0368945 0.20635 0.0450653 0.0185503 0.206724 0.0399964 -0.0324493 0.205927 0.037674 -0.0341141 0.312855 0.0440513 -0.0316157 0.317128 0.0429616 -0.0369041 0.3175 0.0427699 -0.0322194 0.31336 0.0398896 -0.033322 0.16199 0.0453203 -0.0100084 0.4271 0.0457698 -0.0070499 0.357033 0.0457698 -0.00704991 0.4271 0.0457698 -0.00494991 0.35715 0.0457698 -0.00494992 0.35702 0.0457698 0.00704987 0.4271 0.0457698 0.00704987 0.35715 0.0457698 0.00494988 0.4271 0.0457698 0.00494988 0.35715 0.0437699 0.00859995 0.4155 0.0437699 0.00749989 0.357073 0.0437699 0.00749989 0.417982 0.0437742 0.00504596 0.417823 0.0438035 0.00907488 0.47877 0.0516199 -0.0273815 0.429828 0.0447699 -0.0303998 0.417492 0.0437697 -0.0211416 0.41245 0.0447699 -0.0203498 0.36215 0.0437699 -0.0203498 0.36215 0.0457698 -0.0203498 0.35715 0.0437699 -0.00859998 0.357051 0.0437699 -0.00749992 0.36215 0.0457698 0.0203499 0.36215 0.0437699 0.0203499 0.41245 0.0447699 0.0203499 0.429828 0.0447699 0.0303999 0.47795 0.0437699 0.0303999 0.478857 0.0452608 0.0304744 0.48795 0.0437699 -0.0203998 0.487949 0.045745 -0.0220632 0.47795 0.0457698 -0.0303998 0.478857 0.0442789 -0.0304743 0.362 0.0447699 0.0205 0.357077 0.0449491 0.0161492 0.476716 0.051769 -0.0282926 0.41245 0.0457698 0.0205 0.429828 0.0457698 0.03055 0.487987 0.0452654 0.0218618 0.429828 0.0457698 -0.03055 0.41245 0.0457698 -0.0205 0.357077 0.0449491 -0.0161491 0.352502 0.051151 -0.0212561 0.41245 0.0517699 -0.0234999 0.355783 0.0509371 -0.0249982 0.41245 0.0502699 -0.025 0.418373 0.0517628 -0.0263366 0.429828 0.0502699 -0.03505 0.422988 0.0418894 -0.0324666 0.4826 0.0517699 -0.0335499 0.4826 0.0502699 -0.03505 0.426519 0.0517665 -0.0345329 0.492599 0.0517633 -0.0263303 0.491127 0.0380464 -0.0304122 0.491997 0.0517646 0.0285379 0.4926 0.0502699 0.02505 0.4826 0.0502699 0.03505 0.486065 0.0517656 0.0345006 0.426788 0.0517657 0.0346099 0.429828 0.0502699 0.03505 0.423174 0.0504773 0.032586 0.415251 0.0508292 0.025002 0.41245 0.0517699 0.0235 0.3575 0.0502699 0.025 0.352502 0.0510036 0.0213138 0.355478 0.0514154 0.0245751 0.354 0.0517699 1.0948e-08 0.4826 0.0352699 0.03505 0.429828 0.0352699 0.03505 0.421995 0.0344108 0.0311433 0.418373 0.0436659 0.0264654 0.41245 0.0437699 0.025 0.355577 0.0437701 0.024999 0.3525 0.0437656 -0.00750016 0.352501 0.0437699 -0.0208506 0.3525 0.0352699 0.00749989 0.3525 0.0352699 -0.00749986 0.35463 0.0437782 -0.0243469 0.3575 0.0437699 -0.025 0.428 0.0517699 1.41826e-08 0.424263 0.0517698 -0.0108155 0.429443 0.0517699 -0.0103442 0.436068 0.0517222 -0.0273437 0.430651 0.0517699 -0.0284726 0.454767 0.0517699 -0.0296293 0.467899 0.0517699 -0.0279025 0.482299 0.0517699 -0.0290488 0.48229 0.0510324 -0.0204509 0.484115 0.0517699 -0.013415 0.486187 0.0517669 -0.0198058 0.444343 0.0517699 -0.0265177 0.438349 0.0517681 -0.0287788 0.487305 0.0517699 -0.00056086 0.485787 0.0517699 0.00870992 0.48713 0.0517683 0.0206653 0.486559 0.051259 0.0245297 0.48141 0.0517397 0.0179613 0.484181 0.0516725 0.0284973 0.472913 0.0517699 0.0254879 0.464125 0.0517699 0.0288091 0.457944 0.0517699 0.0296221 0.450974 0.0517699 0.0288091 0.438295 0.051768 0.028616 0.432802 0.0515832 0.0290423 0.437511 0.0517699 0.0222348 0.433135 0.0517699 0.016646 0.429195 0.0517676 0.0223968 0.428973 0.0517696 0.0191671 0.40104 0.0517668 0.00204046 0.404898 0.0517697 -2.60282e-05 0.395428 0.0517525 -0.00395464 0.429198 0.0517694 -0.02128 0.446754 0.0517699 0.0275073 0.42932 0.0517693 0.00953807 0.423741 0.0517698 0.0117437 0.394922 0.0517699 0.00359995 0.388529 0.0517516 0.00125219 0.388344 0.0517664 -0.001428 0.373 0.0517699 -0.00479995 0.381064 0.05176 -0.000503893 0.37926 0.0517695 0.000812125 0.373 0.0517699 0.00479991 0.366554 0.0517699 -4.59498e-06 0.486023 0.0517699 -0.0268987 0.4271 0.0508698 -0.0070499 0.4271 0.0508698 -0.00494991 0.357 0.0508698 -0.00494992 0.357 0.0508698 -0.00704991 0.42705 0.0508698 -0.00699996 0.42705 0.0508698 -0.00499998 0.35705 0.0508698 -0.00699996 0.4271 0.0508698 0.00494988 0.357 0.0508698 0.00494988 0.4271 0.0508698 0.00704987 0.357 0.0508698 0.00704987 0.42705 0.0508698 0.00499995 0.42705 0.0508698 0.00699992 0.35705 0.0508698 0.00499995 0.362 0.0447699 -0.0205 0.429828 0.0437699 -0.03055 0.4881 0.0447699 -0.0205499 0.4881 0.0437699 0.0205499 0.429828 0.0437699 0.03055 0.485928 0.0338754 -0.0345623 0.487382 0.0517173 -0.0340112 0.4926 0.0352699 -0.02505 0.4926 0.0352699 0.02505 0.492113 0.0339345 0.0283776 0.489721 0.0427702 0.0321709 0.429828 0.0352699 -0.03505 0.432619 0.0515168 0.020451 0.429077 0.0517287 0.0268987 0.370704 0.0476036 0.00397987 0.375267 0.0470928 -0.00398772 0.39933 0.0469569 0.00394918 0.400053 0.0475408 -0.00364821 0.392413 0.0471545 2.5941e-05 0.483786 0.0485431 0.0205257 0.436558 0.0511862 -0.021043 0.431643 0.0471941 -0.0289672 0.42933 0.0479724 -0.0227064 0.375988 0.0336815 -0.000251 0.372509 0.03377 0.00277717 0.395639 0.0337699 -0.00259279 0.399301 0.0337633 -0.00163613 0.396922 0.03377 0.00274618 0.394029 0.0336629 0.000456717 0.42804 0.0426447 -0.00260328 0.445422 0.0421884 -0.0270321 0.45352 0.0426603 -0.0293494 0.462349 0.0426835 -0.0292334 0.476491 0.0422148 -0.0229248 0.486517 0.0426422 -0.00620947 0.48706 0.0426447 0.00260349 0.48506 0.0422037 0.0109951 0.469678 0.0421884 0.0270321 0.46158 0.0426603 0.0293493 0.452751 0.0426835 0.0292335 0.444896 0.0421692 0.0268124 0.428583 0.0426422 0.00620951 0.41245 0.0437699 -0.025 0.418411 0.0338119 -0.0265937 0.3525 0.0437566 0.00750084 0.3526 0.0335698 -0.00759988 0.4174 0.0335698 -0.00759987 0.396892 0.0335699 -0.00278781 0.373026 0.0336311 -0.00279848 0.4174 0.0335698 0.00759991 0.3526 0.0335698 0.0075999 0.37428 0.03357 0.00240172 0.377662 0.0267442 -0.00018531 0.372999 0.0303103 0.00516005 0.368892 0.0269704 -0.00283115 0.376818 0.0267805 -0.00366364 0.402495 0.0268215 -0.00160865 0.3965 0.0264741 0.00478716 0.391696 0.0269001 0.000565657 0.398145 0.0304421 -0.00492816 0.352605 0.0427728 -0.00860159 0.417393 0.0427729 0.00860162 0.417133 0.0325766 -0.00855033 0.415511 0.042742 -0.0280813 0.415595 0.0295709 0.0415316 0.354484 0.0425773 0.027949 0.3526 0.0427699 -0.00759988 0.3531 0.0434343 -0.0284102 0.4169 0.0424407 -0.0316899 0.3531 0.040827 -0.034713 0.3531 0.038655 -0.0373634 0.4169 0.0360082 -0.03954 0.354437 0.0140922 -0.0132717 0.3531 0.0116792 -0.0153376 0.3531 0.0138418 -0.0126796 0.4169 0.0297101 -0.0421585 0.3531 0.0329879 -0.0411591 0.4169 0.0263004 -0.0424999 0.3531 0.0228896 -0.0421704 0.3531 0.0196082 -0.0411823 0.3531 0.013928 -0.0374065 0.4169 0.0117469 -0.0347636 0.3531 0.00877006 -0.0250609 0.3531 0.0091175 -0.02847 0.3531 0.00909371 -0.0216493 0.3531 0.0164811 -0.0104939 0.373586 0.0263424 -0.00498395 0.352836 0.0261368 -0.00574826 0.368013 0.0267923 0.00216891 0.373456 0.0261247 0.00550927 0.352809 0.0238575 0.00749792 0.3531 0.0164811 0.0104939 0.35428 0.0138474 0.0126792 0.3531 0.0116792 0.0153377 0.3531 0.010076 0.0183665 0.3531 0.0360082 0.0395401 0.4169 0.038655 0.0373635 0.3531 0.040827 0.034713 0.354127 0.00877328 0.0250504 0.3531 0.00909372 0.0216494 0.3531 0.0091175 0.02847 0.3531 0.0101226 0.0317461 0.354198 0.0139364 0.0374098 0.3531 0.0117469 0.0347636 0.4169 0.0196082 0.0411823 0.3531 0.0228896 0.0421704 0.3531 0.0263004 0.0424999 0.3543 0.0329589 0.0411704 0.3531 0.0424407 0.0316899 0.3531 0.0434343 0.0284103 0.352503 0.0437666 0.0211247 0.3526 0.0427699 0.0075999 0.4174 0.0427699 -0.00759988 0.4174 0.0427699 0.0075999 0.3531 0.0194956 0.00886436 0.4169 0.0164811 0.0104939 0.4169 0.0138418 0.0126796 0.4169 0.010076 0.0183665 0.4169 0.00909372 0.0216494 0.4169 0.00877007 0.025061 0.4169 0.00911751 0.02847 0.415695 0.0101143 0.0317135 0.4169 0.0117469 0.0347636 0.4169 0.013928 0.0374066 0.385 0.0165824 0.0395738 0.4169 0.0228896 0.0421704 0.4169 0.0263004 0.0424999 0.3531 0.0297101 0.0421585 0.4169 0.0329879 0.0411591 0.4169 0.040827 0.034713 0.4169 0.0424407 0.0316899 0.4169 0.0434343 0.0284103 0.417237 0.0266452 0.00406714 0.417334 0.0252779 0.006543 0.417166 0.0238535 0.00749977 0.4169 0.0194956 -0.00886427 0.352834 0.0238536 -0.00749974 0.417191 0.0238574 -0.00749801 0.397061 0.0260493 -0.00560127 0.4169 0.0434343 -0.0284102 0.415585 0.0408228 -0.0347128 0.4169 0.0329879 -0.0411591 0.4169 0.0228896 -0.0421704 0.4169 0.0196082 -0.0411822 0.385 0.0165824 -0.0395738 0.415756 0.0139348 -0.0374111 0.3531 0.0101226 -0.0317461 0.4169 0.0091175 -0.02847 0.4169 0.00877006 -0.0250609 0.4169 0.00909372 -0.0216493 0.3531 0.010076 -0.0183664 0.4169 0.0116792 -0.0153376 0.4169 0.0138418 -0.0126796 0.4169 0.0164811 -0.0104939 0.417491 0.0437761 0.0211082 0.4169 0.0360082 0.0395401 0.4169 0.0116792 0.0153377 0.4169 0.038655 -0.0373634 0.416363 0.0324643 0.00864013 0.352508 0.0140261 0.0140987 0.352509 0.0105977 0.02981 0.352549 0.0217648 0.0407662 0.352508 0.0420456 0.00899179 0.352561 0.0420354 -0.02961 0.352646 0.0379145 -0.0367977 0.352623 0.0280574 -0.041433 0.352608 0.0149169 -0.0373425 0.352654 0.00978883 -0.0252629 0.352508 0.0160169 -0.0125189 0.352702 0.0277683 -0.00715135 0.354231 0.0425135 0.00863792 0.352527 0.0323973 0.00878157 0.35256 0.0324005 -0.00875144 0.352507 0.042042 -0.0090323 0.35253 0.0278884 0.00703115 0.352546 0.0380452 0.036911 0.352925 0.0262699 0.0349999 0.352509 0.0224353 0.0343169 0.352507 0.018424 0.0313208 0.352504 0.0163503 0.0267667 0.352507 0.0167235 0.0217766 0.352506 0.0194508 0.0175817 0.352925 0.0225887 0.0157021 0.352925 0.0250167 0.0150788 0.352504 0.0286749 0.0152145 0.352509 0.0330874 0.0175803 0.352501 0.035816 0.0217752 0.352504 0.0362507 0.0256304 0.352509 0.0354398 0.0291749 0.352505 0.0331139 0.0322918 0.352509 0.0301063 0.0343161 0.352505 0.0237854 -0.0153129 0.352925 0.0262699 -0.0149998 0.352509 0.0202386 -0.0169295 0.352506 0.0178275 -0.0196392 0.352506 0.0163504 -0.0232333 0.352504 0.016723 -0.0282219 0.352506 0.0194497 -0.0324172 0.352505 0.0225938 -0.0343005 0.352925 0.0250167 -0.034921 0.352506 0.0286783 -0.0347844 0.352509 0.0330881 -0.0324191 0.352509 0.0358161 -0.028224 0.352501 0.0361897 -0.0232342 0.352501 0.0341162 -0.0186792 0.352503 0.0301062 -0.0156836 0.354491 0.0426945 -0.00882332 0.415526 0.00992973 -0.022267 0.417411 0.0124515 -0.0343404 0.41738 0.0297446 -0.0412797 0.415535 0.0420968 0.029571 0.417408 0.0385546 0.0357574 0.417492 0.0263778 0.0411519 0.41749 0.00988855 0.0256399 0.415561 0.0127427 0.01439 0.41578 0.0277713 0.00702097 0.415774 0.0425135 -0.00863789 0.417453 0.0420074 -0.00897031 0.417482 0.0320457 0.00893487 0.41745 0.0420561 0.00902088 0.417485 0.0419726 0.0280486 0.417386 0.0172189 0.0387044 0.417494 0.0173226 0.0119189 0.417469 0.0278623 -0.00708119 0.417396 0.0176969 -0.0111753 0.417441 0.0420815 -0.0255818 0.41751 0.0103951 -0.0220877 0.417498 0.0166422 -0.0206303 0.417497 0.0243216 -0.0145117 0.417501 0.0316477 0.0157241 0.417497 0.0182555 0.0172362 0.417496 0.0181386 0.032648 0.417497 0.0309419 0.034568 0.417484 0.0321328 -0.00893007 0.417488 0.0354941 0.0255123 0.415507 0.0426954 0.00882329 0.4175 0.0342699 0.025 0.4175 0.033198 0.0209999 0.4175 0.0319268 0.0193431 0.4175 0.0302699 0.0180718 0.4175 0.0283405 0.0172726 0.4175 0.02227 0.0180718 0.4175 0.0185426 0.0229294 0.4175 0.0206131 0.0306568 0.4175 0.02227 0.0319282 0.4175 0.0241994 0.0327274 0.4175 0.033198 0.029 -0.0325 0.0262699 0.033 -0.0324969 0.017088 0.0289726 -0.0325 0.032547 0.019943 -0.032498 0.0340176 0.0177581 -0.0324968 0.0361718 0.0299218 -0.0325 0.0319268 0.0306567 -0.0325 0.0283405 0.0327274 -0.0325 0.0302699 0.0319282 -0.0325 0.0339972 0.0270705 -0.0325 0.033198 0.029 0.4175 0.0262699 0.0169999 0.4175 0.0241994 0.0172726 -0.0325 0.0342699 0.025 -0.0325 0.0339972 0.0229294 0.4175 0.0206131 0.0193431 0.4175 0.0193419 0.0209999 -0.0325 0.0302699 0.0180718 0.4175 0.01827 0.025 -0.0325 0.0283404 0.0172726 -0.0325 0.0262698 0.0169999 -0.0325 0.0241994 0.0172726 -0.0325 0.0206131 0.0193431 0.4175 0.0193419 0.029 -0.0325 0.02227 0.0180718 0.4175 0.0185426 0.0270705 -0.0325 0.0193418 0.0209998 0.4175 0.0262699 0.033 -0.0325 0.0185426 0.0229294 -0.0325 0.0185426 0.0270705 -0.0325 0.01827 0.025 -0.0325 0.0193418 0.029 -0.0325 0.0206131 0.0306567 0.4175 0.0283405 0.0327274 0.4175 0.0302699 0.0319282 0.4175 0.0319268 0.0306568 -0.0325 0.02227 0.0319282 -0.0325 0.0241994 0.0327274 0.4175 0.0339973 0.0270705 0.4175 0.0339973 0.0229294 -0.0325 0.02227 -0.0180718 -0.0325 0.0206131 -0.0193431 -0.0325 0.0182699 -0.025 -0.0325 0.0206131 -0.0306568 -0.0325 0.0241994 -0.0327273 -0.0325153 0.0381027 -0.0353658 -0.0325 0.0302699 -0.0319282 -0.0325149 0.0419006 -0.0222013 -0.0325 0.033198 -0.0209998 -0.0325 0.0319267 -0.0193431 -0.0325 0.0283404 -0.0172726 -0.0325 0.0302699 -0.0180718 0.4175 0.0283405 -0.0327273 0.4175 0.0302699 -0.0319282 0.4175 0.0262699 -0.033 -0.0325 0.0339972 -0.0229294 0.4175 0.02227 -0.0319282 -0.0325 0.0342699 -0.025 -0.0325 0.0339972 -0.0270705 0.4175 0.033198 -0.029 0.4175 0.0206131 -0.0306567 -0.0325 0.033198 -0.029 -0.0325 0.0319267 -0.0306568 0.4175 0.0185426 -0.0270704 0.4175 0.0193419 -0.029 0.4175 0.0241994 -0.0327273 0.4175 0.01827 -0.025 -0.0325 0.0283404 -0.0327273 0.4175 0.0185426 -0.0229294 -0.0325 0.0262698 -0.033 0.4175 0.0193419 -0.0209998 0.4175 0.0206131 -0.0193431 -0.0325 0.02227 -0.0319282 0.4175 0.02227 -0.0180718 -0.0325 0.0193418 -0.029 0.4175 0.0241994 -0.0172726 0.4175 0.0262699 -0.0169999 -0.0325 0.0185426 -0.0270705 0.4175 0.0283405 -0.0172726 0.4175 0.0302699 -0.0180718 -0.0325 0.0185426 -0.0229294 0.4175 0.0319268 -0.0193431 -0.0325 0.0193418 -0.0209998 0.4175 0.033198 -0.0209998 0.4175 0.0339973 -0.0229294 0.4175 0.0342699 -0.025 -0.0325 0.0241994 -0.0172726 -0.0325 0.0262698 -0.0169999 0.4175 0.0339973 -0.0270704 0.4175 0.0319268 -0.0306567 0.417493 0.0353113 -0.0188854 0.417496 0.023548 -0.0357924 0.417525 0.037891 -0.0351205 -0.0324985 0.0220184 -0.0153491 -0.0323999 0.0189699 0.00759989 0.0323999 0.01897 0.00759989 0.0151628 0.0189696 -4.51284e-05 0.0323999 0.01897 -0.00759983 -0.0323999 0.0189699 -0.00759983 -0.0131831 0.0189658 -0.00266928 -0.00732875 0.0257425 -0.00295389 -0.0101913 0.0260246 -0.00402111 -0.00699961 0.0255555 0.00115466 0.017102 0.025749 -0.000689654 0.0105501 0.026159 -0.00502157 -0.0324029 0.00976396 0.00860005 -0.0305147 0.0391211 -0.0356233 -0.0305946 0.0229689 0.0415317 0.0323577 0.0265663 0.0417628 0.0305946 0.0229689 -0.0415316 -0.0323999 0.00976991 0.00759989 -0.0319 0.0091055 0.0284102 0.0319 0.0100992 0.0316899 -0.0319 0.0117128 0.034713 -0.0319 0.0165316 0.03954 -0.0319 0.0408606 0.0153376 -0.0319 0.038698 0.0126796 0.0319 0.0228297 0.0421585 -0.0319 0.0195519 0.0411591 -0.0319 0.0262394 0.0424999 -0.0319 0.0296503 0.0421704 -0.0319 0.0407929 0.0347636 -0.0319 0.0437698 0.0250609 -0.0319 0.0434223 0.02847 -0.0319 0.0434461 0.0216494 -0.0319 0.0360588 0.0104939 -0.0114142 0.0261975 0.00498396 -0.0322415 0.026404 0.00574928 -0.0141153 0.0260383 -0.00477845 -0.0319 0.0268969 -0.00611681 -0.0321743 0.0286863 -0.0074997 -0.0319 0.0360588 -0.0104939 -0.0319 0.038698 -0.0126796 -0.0319 0.0408606 -0.0153376 0.0319 0.0424639 -0.0183664 -0.0319 0.0165316 -0.03954 0.0319 0.0138848 -0.0373635 -0.0319 0.0117128 -0.034713 -0.0319 0.0437698 -0.0250609 -0.0307112 0.043445 -0.0216653 -0.0319 0.0434223 -0.02847 0.0319 0.0424173 -0.0317461 -0.0307127 0.0262564 -0.0424968 0.0319 0.0386118 -0.0374066 -0.0319 0.0407929 -0.0347636 -0.0319 0.0329316 -0.0411823 -0.0319 0.0296503 -0.0421704 -0.0319 0.0195519 -0.0411591 -0.0319 0.00910544 -0.0284103 -0.0324408 0.00877016 -0.0250034 -0.0323999 0.00976991 -0.00759983 0.0323999 0.00976992 0.00759989 0.0323999 0.00976992 -0.00759983 -0.0319 0.0330441 -0.00886429 0.0319 0.0360588 -0.0104939 0.0319 0.038698 -0.0126796 0.0319 0.0434461 -0.0216494 0.0319 0.0437698 -0.0250609 0.0319 0.0434223 -0.02847 0.0319 0.0407929 -0.0347636 -0.0319 0.0359574 -0.0395738 0.0306911 0.0329439 -0.0411735 0.0319 0.0296503 -0.0421704 0.0319 0.0262394 -0.0424999 -0.0319 0.0228296 -0.0421585 0.0319 0.0195519 -0.0411591 0.0319 0.0117128 -0.034713 0.0319 0.0100992 -0.0316899 0.0319 0.0091055 -0.0284102 0.0322646 0.0258977 -0.0040794 0.0321243 0.0286835 -0.00749844 0.0319 0.0330441 0.00886434 -0.0321656 0.0286863 0.00749975 0.0321743 0.0286863 0.00749975 0.0126344 0.0265069 0.00562286 0.0160016 0.0257702 0.00355822 0.0319 0.00910551 0.0284103 0.0306916 0.0117199 0.0347189 0.0319 0.0165317 0.03954 0.0319 0.0195519 0.0411591 0.0319 0.0262394 0.0424999 0.0319 0.0296503 0.0421704 -0.0319 0.0329316 0.0411823 -3.30158e-09 0.0359575 0.0395738 -0.0319 0.0386118 0.0374066 0.0319 0.0407929 0.0347636 -0.0319 0.0424173 0.0317461 0.0319 0.0434223 0.02847 0.0319 0.0437698 0.0250609 0.0307112 0.0434451 0.0216653 -0.0319 0.0424639 0.0183664 0.0319 0.0408606 0.0153376 0.0319 0.038698 0.0126796 0.0319 0.0360588 0.0104939 0.0324022 0.00877011 -0.0250003 0.0319 0.0165316 -0.03954 0.0319 0.0408606 -0.0153376 -0.0319 0.0138848 0.0373635 0.0324033 0.00877011 0.0250036 -0.032459 0.0215583 -0.0410716 -0.0324133 0.0100999 -0.0316831 -0.0305158 0.00996273 -0.0279493 -0.0324921 0.0104943 -0.00899178 -0.0305953 0.0104425 0.0296836 -0.032489 0.010465 0.00907492 -0.0324154 0.0314377 0.0411138 -0.0324063 0.0413164 0.0323999 -0.0323665 0.0417707 0.0195644 -0.0324077 0.0359714 0.0117782 -0.0322985 0.0247716 0.00715136 -0.030522 0.0100275 -0.0086385 -0.0324743 0.0201421 -0.00888485 -0.0324402 0.0201394 0.00875145 -0.0324846 0.012507 0.0342151 -0.0324702 0.0246498 -0.0070324 -0.0323839 0.035486 -0.0114872 -0.0324967 0.016692 -0.0223562 -0.032496 0.0200516 -0.0343239 -0.0324964 0.0329085 -0.0162892 -0.032498 0.0245444 0.0355188 -0.0324982 0.0205524 0.015181 -0.0305106 0.00984573 0.00882333 0.1765 0.0242697 0.0347981 0.1765 0.0208905 0.0335218 0.219238 0.0191989 0.0320711 0.2725 0.0169593 0.0286486 0.2725 0.018936 0.0319127 0.219238 0.0212699 0.0336602 0.219238 0.0176097 0.03 0.2725 0.0163474 0.0262417 0.1765 0.0174439 0.0298668 0.219238 0.0166107 0.0275881 0.2725 0.0163474 0.0237582 0.1765 0.0163473 0.0262417 0.219238 0.0162699 0.025 0.1765 0.0163473 0.0237582 0.219238 0.0166107 0.0224118 0.2725 0.0174439 0.0201331 0.1765 0.0169592 0.0213513 0.219238 0.0176097 0.02 0.2725 0.0192949 0.017811 0.1765 0.0191196 0.0179856 0.2725 0.021377 0.016262 0.2725 0.02427 0.0152019 0.1765 0.021307 0.0163144 0.219238 0.0236818 0.0153406 0.2725 0.0257699 0.015009 0.315173 0.0257968 0.0142692 0.1765 0.02427 0.0152019 0.245975 0.0262699 0.0149999 0.1765 0.0257699 0.0150107 0.1765 0.0287794 0.0153152 0.1765 0.0312245 0.0163073 0.1765 0.0333048 0.017885 0.1765 0.0348757 0.0199063 0.1765 0.0357699 0.0218773 0.08555 0.0236818 0.0153406 0.1265 0.0242699 0.0152019 0.08555 0.0212699 0.0163397 0.1265 0.0208903 0.0164782 0.08555 0.0191989 0.0179288 0.032075 0.0203921 0.0169096 0.032498 0.0225891 0.0157016 0.032075 0.0250167 0.0150789 0.08555 0.0262699 0.0149999 0.0324952 0.027523 0.0150786 0.08555 0.028858 0.0153406 0.032075 0.0299512 0.0157021 0.08555 0.0312698 0.0163397 0.0324954 0.0321472 0.016909 0.08555 0.0333409 0.0179288 0.032075 0.033975 0.0186257 0.08555 0.0349301 0.02 0.0324953 0.0353178 0.0207407 0.08555 0.0359292 0.0224118 0.032075 0.0360928 0.0231262 0.08555 0.0362699 0.025 0.0324976 0.0362505 0.0256262 0.08555 0.0359292 0.0275881 0.032075 0.0357804 0.02809 0.08555 0.0349301 0.03 0.08555 0.0333409 0.0320711 0.0324954 0.0331165 0.0322888 0.032075 0.0310873 0.033763 0.0325041 0.0288338 0.034663 0.08555 0.0262699 0.0349998 0.0324955 0.0262699 0.0350001 0.032502 0.0237064 0.0346632 0.032075 0.0214525 0.033763 0.08555 0.0212699 0.0336602 0.1265 0.0208905 0.0335218 0.1265 0.02427 0.0347978 0.1265 0.02825 0.0348019 0.1265 0.0257699 0.0349874 0.126495 0.0310995 0.0337742 0.1265 0.0181456 0.0191694 0.08555 0.0176097 0.02 0.0324997 0.0172221 0.0207407 0.1265 0.0169592 0.0213513 0.08555 0.0166107 0.0224118 0.032075 0.0164471 0.0231262 0.1265 0.0163473 0.0237582 0.08555 0.0162699 0.025 0.0324963 0.0162893 0.0256263 0.1265 0.0163473 0.0262417 0.08555 0.0166107 0.0275881 0.032075 0.0167594 0.0280901 0.08555 0.0176097 0.03 0.1265 0.0174439 0.0298668 0.08555 0.0191989 0.0320711 0.0324955 0.0194234 0.0322888 0.3225 0.0219172 0.0340029 0.3225 0.0189749 0.0319478 0.3225 0.0169593 0.0286486 0.3225 0.0163474 0.0262417 0.3225 0.0163474 0.0237582 0.3225 0.0169593 0.0213513 0.3225 0.0181456 0.0191694 0.3225 0.0206997 0.0166045 0.3225 0.02427 0.0152019 0.3225 0.0257699 0.0150114 0.3225 0.0295808 0.015484 0.3225 0.033734 0.0182324 0.3225 0.0355785 0.0213462 0.3225 0.0361923 0.0237564 0.3225 0.0361923 0.0262434 0.3225 0.0355785 0.0286537 0.3225 0.0335591 0.0319543 0.3225 0.0306078 0.0340101 0.3225 0.02825 0.0348019 0.3225 0.0257699 0.0349874 0.322505 0.0242873 0.0348364 0.2725 0.0257699 0.0349874 0.245975 0.0262699 0.0349998 0.272501 0.0286652 0.0347304 0.2725 0.0311785 0.0337244 0.176501 0.0333128 0.0321018 0.1765 0.0312355 0.0336822 0.2725 0.0219172 0.0340029 0.219238 0.0236818 0.0346591 0.2725 0.02427 0.0347978 0.176501 0.0257926 0.0350029 0.176501 0.0288198 0.0346712 0.1265 0.0326972 0.032661 0.1265 0.0343889 0.0308379 0.1265 0.0360302 0.0275159 0.1265 0.0361922 0.0237564 0.1265 0.0355785 0.0213462 0.1265 0.0343889 0.019162 0.1265 0.0326972 0.017339 0.1265 0.0293437 0.0154031 0.1265 0.0257699 0.0150125 0.2725 0.028774 0.0153139 0.2725 0.0311942 0.0162912 0.2725 0.0332793 0.0178611 0.2725 0.0348595 0.0198793 0.2725 0.0357699 0.0218773 0.309204 0.0338573 0.0178766 0.272499 0.0332679 0.0321584 0.176501 0.0348801 0.0300781 0.1765 0.0357699 0.0281225 0.272499 0.034858 0.0301381 0.2725 0.0357699 0.0281225 0.1765 0.021365 -0.0162775 0.1765 0.0242699 -0.0152016 0.1765 0.0192475 -0.0178684 0.2725 0.0181456 -0.0191694 0.2725 0.0169592 -0.0213513 0.2725 0.0192756 -0.0178409 0.219238 0.0176097 -0.02 0.2725 0.0163473 -0.0237582 0.1765 0.0174439 -0.0201331 0.219238 0.0166107 -0.0224118 0.2725 0.0163473 -0.0262417 0.1765 0.0163473 -0.0237582 0.219238 0.0162699 -0.025 0.2725 0.0169592 -0.0286485 0.1765 0.0163473 -0.0262417 0.219238 0.0166107 -0.0275881 0.219238 0.0176097 -0.03 0.2725 0.018936 -0.0319127 0.1765 0.0174439 -0.0298667 0.219238 0.0191989 -0.032071 0.2725 0.0219172 -0.0340029 0.219238 0.0212699 -0.0336602 0.2725 0.02427 -0.0347978 0.1765 0.0208905 -0.0335218 0.219238 0.0236818 -0.0346591 0.2725 0.0257695 -0.0349908 0.1765 0.0242699 -0.0347978 0.245975 0.0262699 -0.0349998 0.1765 0.0257698 -0.034989 0.176501 0.0287794 -0.0346846 0.1765 0.0312245 -0.0336926 0.176501 0.0333048 -0.0321149 0.176501 0.0348697 -0.0301013 0.1765 0.0357699 -0.0281225 0.2725 0.0357699 -0.0281225 0.272499 0.0348743 -0.0301013 0.272499 0.0332792 -0.0321388 0.08555 0.0236818 -0.0346591 0.1265 0.0242699 -0.0347978 0.08555 0.0212699 -0.0336602 0.1265 0.0208905 -0.0335218 0.08555 0.0191989 -0.032071 0.032075 0.0203921 -0.0330902 0.0324938 0.0185653 -0.0313752 0.0324956 0.0225891 -0.0342982 0.032075 0.0250167 -0.034921 0.08555 0.0262698 -0.0349998 0.0324949 0.0275258 -0.034921 0.08555 0.028858 -0.0346591 0.032075 0.0299511 -0.0342977 0.08555 0.0312698 -0.0336602 0.032075 0.0321478 -0.0330902 0.08555 0.0333409 -0.032071 0.0324955 0.0339745 -0.0313752 0.08555 0.0349301 -0.03 0.032075 0.0353181 -0.0292578 0.08555 0.0359291 -0.0275881 0.0324973 0.0360927 -0.0268753 0.08555 0.0362699 -0.025 0.032075 0.0362502 -0.024372 0.08555 0.0359291 -0.0224118 0.0324953 0.0357812 -0.0219114 0.08555 0.0349301 -0.02 0.032075 0.0347131 -0.0196416 0.08555 0.0333409 -0.0179288 0.0324956 0.0331164 -0.017711 0.08555 0.0312698 -0.0163396 0.032075 0.0310873 -0.0162369 0.0324997 0.0288339 -0.0153369 0.08555 0.0262699 -0.0149999 0.032075 0.0262698 -0.0149999 0.0324998 0.0237062 -0.0153367 0.1265 0.0214363 -0.0162282 0.1265 0.0198328 -0.0173473 0.1265 0.0242699 -0.0152019 0.1265 0.02825 -0.015198 0.1265 0.0257699 -0.0150125 0.08555 0.0176097 -0.03 0.032075 0.0172217 -0.0292578 0.1265 0.0174439 -0.0298667 0.08555 0.0166107 -0.0275881 0.1265 0.0163473 -0.0262417 0.08555 0.0162699 -0.025 0.0324994 0.0162893 -0.0243737 0.1265 0.0163473 -0.0237582 0.08555 0.0166107 -0.0224117 0.032075 0.0167594 -0.0219098 0.1265 0.0169592 -0.0213513 0.08555 0.0176097 -0.02 0.0324994 0.0178256 -0.0196429 0.1265 0.0181456 -0.0191694 0.08555 0.0191989 -0.0179288 0.032075 0.0194246 -0.0177101 0.3225 0.0209158 -0.0164665 0.3225 0.0181456 -0.0191694 0.3225 0.0169593 -0.0213513 0.3225 0.0163474 -0.0237582 0.3225 0.0163474 -0.0262416 0.3225 0.017362 -0.0297069 0.3225 0.0206998 -0.0333954 0.3225 0.02427 -0.0347978 0.322481 0.0257694 -0.0349878 0.3225 0.0295809 -0.0345158 0.3225 0.0337338 -0.0317675 0.3225 0.0355785 -0.0286537 0.3225 0.0361923 -0.0262434 0.3225 0.0361923 -0.0237564 0.3225 0.0355785 -0.0213461 0.3225 0.0343889 -0.019162 0.3225 0.0326972 -0.017339 0.3225 0.0293382 -0.0154044 0.3225 0.0257699 -0.0150125 0.322501 0.0242704 -0.0151642 0.2725 0.0257699 -0.0150125 0.245975 0.0262699 -0.0149999 0.2725 0.0286655 -0.0152694 0.2725 0.0311785 -0.0162755 0.1765 0.0333128 -0.0178981 0.1765 0.0312355 -0.0163177 0.2725 0.0213525 -0.0162837 0.245975 0.0236818 -0.0153406 0.2725 0.02427 -0.0152018 0.1765 0.0257705 -0.0149969 0.1765 0.0288198 -0.0153285 0.272498 0.0287739 -0.0346858 0.2725 0.0311942 -0.0337087 0.2725 0.0332679 -0.0178414 0.1765 0.0348856 -0.019929 0.1765 0.0357699 -0.0218773 0.2725 0.034842 -0.0198411 0.211498 0.0357699 -0.0218764 0.2725 0.0357699 -0.0218773 0.206234 0.036527 -0.0254289 0.1265 0.0316403 -0.0164721 0.1265 0.0343889 -0.019162 0.1265 0.0355785 -0.0213461 0.1265 0.0361922 -0.0237564 0.1265 0.0361922 -0.0262434 0.1265 0.0355785 -0.0286537 0.1265 0.0343889 -0.0308379 0.1265 0.0326971 -0.032661 0.1265 0.0306078 -0.03401 0.1265 0.02825 -0.0348019 0.1265 0.0257699 -0.0349874 0.0324908 0.0425604 0.0231627 0.0323961 0.0387045 0.035926 0.0324919 0.0126323 0.0340974 0.0305182 0.00996334 0.0279499 0.0324921 0.0104943 0.00899184 0.0305953 0.0104425 -0.0296835 0.032474 0.0109882 -0.0325814 0.0324913 0.0261618 -0.041152 0.0324063 0.0413163 -0.0324001 0.0305607 0.0397972 -0.0143899 0.0324889 0.041136 -0.0174538 0.0324191 0.0247899 -0.00721008 0.0307901 0.0100216 0.00863659 0.032464 0.0201422 0.00878101 0.0324476 0.0201399 -0.00871634 0.0324931 0.0104977 -0.00903237 0.0324694 0.0246499 0.00703287 0.0323769 0.0354845 0.0114854 0.0324939 0.0185657 0.0186244 0.0324938 0.0178255 0.0303567 0.0324936 0.0347144 0.0303567 0.0324935 0.0164472 -0.0268757 0.032495 0.0214511 -0.0162375 0.0305101 0.00983495 -0.00871223 0.42705 0.0458699 -0.00499998 0.35705 0.0458699 -0.00499998 0.35705 0.0458699 -0.00699996 0.42705 0.0458699 -0.00699995 0.42705 0.0458699 0.00699992 0.35705 0.0458699 0.00699998 0.35705 0.0458699 0.00499995 0.42705 0.0458699 0.00499995 0.417502 0.0437746 -0.00866799 0.4155 0.0437699 -0.00749992 0.419977 0.043774 -0.00736175 0.417911 0.0436659 -0.0262689 0.48355 0.0347699 0.0305 0.43155 0.0347699 0.0305 0.48355 0.0417698 0.0305 0.43155 0.0417698 0.0305 0.48805 0.0417698 0.026 0.48805 0.0347699 0.026 0.48684 0.0340705 0.0295332 0.487005 0.0417637 0.0292963 0.48805 0.0347699 -0.0259999 0.48805 0.0417698 -0.0259999 0.48355 0.0417698 -0.0305 0.48355 0.0347699 -0.0305 0.486846 0.0417637 -0.029455 0.487083 0.0340705 -0.0292904 0.485939 0.0512305 -0.0224793 0.42255 0.0517696 1.39444e-08 0.42798 0.0417726 1.50557e-08 0.45755 0.0417762 -0.0295452 0.481673 0.0420753 -0.0171097 0.48712 0.0417726 1.76408e-08 0.45755 0.0417762 0.0295453 0.419251 0.0337699 0.00574864 0.416074 0.03377 0.00600035 0.4155 0.0352699 0.00749989 0.354 0.0337699 0.00599993 0.354 0.0337699 -0.00599991 0.4155 0.0352699 -0.00749992 0.416943 0.0337654 -0.00596367 0.478353 0.051031 0.0263685 0.478752 0.0517684 0.0287748 0.417646 0.0337732 0.0097846 0.42605 0.0337699 0.026 0.419594 0.0337695 -0.0083193 0.42605 0.0337699 -0.0259999 0.428247 0.0338155 -0.0295406 0.48905 0.0337699 1.84248e-08 0.45755 0.0337699 0.0315 0.42804 0.0338168 0.0293196 0.43155 0.0347699 -0.0305 0.43155 0.0417698 -0.0305 0.42705 0.0417698 -0.0259999 0.42705 0.0347699 -0.0259999 0.428095 0.0417637 -0.0292961 0.42705 0.0347699 0.026 0.42705 0.0417698 0.026 0.428254 0.0417637 0.0294549 0.426477 0.0337783 0.034525 0.485941 0.0339318 0.0345096 0.492075 0.033781 -0.0281825 0.4826 0.0352699 -0.03505 0.45755 0.0337699 -0.0315 0.427499 0.0342536 -0.0347613 0.430053 0.043054 -0.0109945 0.436193 0.0431986 -0.0206631 0.450773 0.0517392 -0.0286662 0.461255 0.0517101 -0.0291273 0.468174 0.0421418 -0.0275953 0.469729 0.0517307 -0.0266838 0.478099 0.0517087 -0.0209936 0.483813 0.0517304 -0.0130876 0.485895 0.0430098 -0.00890903 0.430166 0.043108 0.0111802 0.43565 0.0426881 0.0201831 0.460727 0.0517177 0.0291534 0.468988 0.0517308 0.0269465 0.479533 0.0430822 0.0201729 0.486252 0.0461031 0.00640185 0.430436 0.0467699 -0.0105011 0.441323 0.0468423 -0.0244238 0.482171 0.0517552 0.0156264 0.428008 0.0458727 6.80368e-05 0.428339 0.0517699 -0.000564184 0.430574 0.0517471 0.0108722 0.435112 0.0517495 0.0185046 0.441425 0.0517313 0.0243877 0.45118 0.0517007 0.0286861 0.475181 0.0517449 0.0231307 0.486886 0.0517533 0.000591058 0.43369 0.0517699 -0.0176244 0.450664 0.0517699 0.0199876 0.439541 0.0517699 0.0102244 0.436846 0.0517699 -0.000459648 0.440882 0.0517699 -0.0126055 0.451589 0.0517699 -0.0198322 0.4662 0.0517699 -0.0192898 0.478702 0.0517699 -0.00347374 0.470632 0.0517699 0.01698 0.457553 -0.000729967 0.0039983 0.45408 -0.000729968 0.00199278 0.454089 -0.00072997 -0.00200889 0.457559 -0.000729669 -0.00400172 0.46102 -0.000729969 -0.00199268 0.461014 0.00176998 0.00199999 0.43255 0.0231221 0.034582 0.44255 0.0208888 0.0364511 0.43255 0.0219057 0.0397248 0.44255 0.0238773 0.0401598 0.43255 0.0264565 0.0383433 0.44255 0.026621 0.0366022 0.43255 0.0089065 0.0343811 0.43255 0.00863346 0.0406031 0.44255 0.009025 0.0346085 0.44255 0.00624844 0.0391051 0.44255 0.011266 0.0388033 0.44255 0.00126996 0.0449999 0.47255 0.00126996 0.0449999 0.44255 0.0312699 0.0449999 0.47255 0.03127 0.0449999 0.44255 0.00126996 0.03 0.47255 0.00126996 0.03 0.47255 0.0312699 0.03 0.44255 0.0312699 0.03 0.42755 0.0412699 -0.0264998 0.43105 0.0412699 -0.03 0.42755 0.0297699 -0.0264998 0.48755 0.0412699 0.0264999 0.48405 0.0412699 0.03 0.48755 0.0297699 0.0264999 0.43105 0.0412699 0.03 0.42755 0.0412699 0.0264999 0.431056 0.029555 0.0299905 0.48405 0.0412699 -0.03 0.475299 -0.00072999 -0.0299999 0.48405 0.0297699 -0.03 0.43783 -0.000729995 -0.0299998 0.48755 0.0412699 -0.0264998 0.48755 0.0297699 -0.0264998 0.483267 0.0294551 0.01975 0.47854 0.0297699 0.0206875 0.476356 0.0297699 0.029996 0.48656 0.0297699 0.0197373 0.48755 -0.000729976 0.0177487 0.428547 0.0297699 0.019744 0.486349 -0.000729976 0.0197472 0.4805 -0.000729976 0.0197629 0.47731 -0.000729976 0.0222939 0.437807 0.0297699 0.0286956 0.427533 0.0296445 0.0264137 0.439283 0.0297699 0.0299991 0.435438 0.0294972 0.0198101 0.437797 0.0294926 0.0231985 0.43776 -0.00072998 0.0221134 0.434332 -0.000729981 0.0197507 0.435243 -0.000729993 -0.0197943 0.437804 0.0297165 -0.0289681 0.437769 0.0295483 -0.0225414 0.433909 0.029595 -0.0197342 0.428625 0.0297699 -0.01974 0.42755 -0.000729993 -0.0177486 0.437796 -0.000729993 -0.0227425 0.477282 0.0297084 -0.0288266 0.478123 0.0297699 -0.0211159 0.486436 0.0297699 -0.0197447 0.477313 -0.000729989 -0.0229491 0.480796 0.02945 -0.0197546 0.479797 -0.000729987 -0.0197664 0.477297 -0.00072999 -0.02874 0.48755 -0.000729974 -0.0197162 0.477265 -0.000729974 0.0299587 0.428569 -0.000729993 -0.0197453 0.42755 -0.000729982 0.0197183 0.437812 -0.000729979 0.0299581 0.458224 0.0502359 -0.0172633 0.459453 0.0552689 -0.0146918 0.457168 0.0497699 0.0164325 0.458495 0.0552178 0.0204116 0.456263 0.0552594 0.0152868 0.46413 0.0551953 0.0130077 0.467253 0.0551075 0.0175534 0.4493 0.0462785 0.0142894 0.442711 0.0552445 -0.000486024 0.448961 0.0466114 -0.0123704 0.450299 0.0551916 -0.0160681 0.44826 0.0552699 -0.0183397 0.466696 0.0466711 -0.0125683 0.464105 0.0552625 -0.0133645 0.47405 0.0552699 1.58895e-08 0.457553 0.0552207 0.00400139 0.461014 0.0547699 0.00199993 0.461015 0.0549032 -0.00200097 0.45755 0.0547699 -0.00399993 0.454084 0.0548968 -0.00199775 0.454086 0.0547699 0.00199993 0.449533 0.0552442 -0.0121251 0.44939 0.0552699 0.0121946 0.469296 0.0552649 0.0167161 0.477095 0.0552699 0.00684483 0.44053 0.0552699 -0.0117975 0.455118 0.0552534 -0.0202973 0.477208 0.0552699 -0.00777612 0.467521 0.0552093 -0.0176313 0.438668 0.0552699 0.00950702 0.437388 0.0552136 -0.00051034 0.448915 0.0552699 0.0184453 0.484035 0.029583 0.029977 0.484449 0.0257419 0.0259609 0.477305 0.0293921 0.0237268 0.429764 0.0257312 0.0267405 0.435465 0.0258973 0.0221846 0.483259 0.0260611 -0.0273325 0.478106 0.0290516 -0.023884 0.485576 0.0294659 -0.0222797 0.434133 0.0261736 -0.021877 0.435375 0.0257967 -0.0269829 0.43105 0.0297699 -0.03 0.43617 0.0481613 0.0222311 0.428941 0.0481017 0.0230543 0.436348 0.0511682 0.0271381 0.484057 0.0474647 -0.0288322 0.478071 0.0513553 -0.0216933 0.1765 0.0357699 -0.0449999 0.202108 0.03577 -0.0337419 0.208684 0.0357699 -0.0326313 0.2725 0.0357699 -0.0449999 0.206856 0.0357699 -0.0376835 0.3225 0.0387699 0.0449999 0.3225 0.0387698 -0.0449999 0.3225 0.0387699 0.047 0.3225 0.0277698 0.047 0.3225 0.0277698 0.0449999 0.3225 0.0257699 -0.0449999 0.3225 0.0257699 0.0449999 0.1265 0.0257699 0.0449999 0.168125 0.0257699 0.0386834 0.164987 0.0257699 0.0370369 0.1765 0.0257699 0.0449999 0.166704 0.0257699 -0.000242196 0.1765 0.0257699 -0.0449999 0.137914 0.0257694 -0.0370434 0.1265 0.0257699 -0.0449999 0.134948 0.025765 -0.0390537 0.1765 0.0277698 -0.0449999 0.1765 0.0277698 -0.047 0.1765 0.0387698 -0.047 0.1765 0.0387698 -0.0449999 0.1765 0.0357699 0.0449999 0.1765 0.0277698 0.0449999 0.1765 0.0387699 0.0449999 0.1765 0.0387699 0.047 0.1765 0.0277698 0.047 0.1265 0.0277698 -0.0449999 0.1265 0.0277698 -0.047 0.1265 0.0387698 -0.047 0.1265 0.0387698 -0.0449999 0.1265 0.0387698 -0.04 0.1265 0.0453199 -0.04 0.1265 0.0453199 0.03 0.1265 0.0387698 0.03 0.1265 0.0387698 0.0449999 0.1265 0.0387698 0.047 0.1265 0.0277698 0.047 0.1265 0.0277698 0.0449999 0.2725 0.0357699 0.0449999 0.2725 0.0257699 0.0449999 0.310724 0.0257698 0.0385869 0.314085 0.0257488 0.0389505 0.312867 0.0257699 0.00134714 0.2725 0.0277698 0.0449999 0.2725 0.0277698 0.047 0.2725 0.0387699 0.047 0.2725 0.0387699 0.0449999 0.2725 0.0257699 -0.0449999 0.315891 0.0359067 0.0147548 0.318606 0.0359669 0.0208582 0.2115 0.0357699 0.01 0.20586 0.0357917 0.0219607 0.204043 0.0357881 0.0158344 0.197501 0.0357699 -0.021859 0.1975 0.0357699 0.01 0.202702 0.0387698 0.018648 0.1965 0.0387699 0.03 0.1975 0.0387699 0.0107521 0.1965 0.0387698 -0.04 0.1975 0.0387698 -0.0207087 0.202567 0.0387698 -0.0344996 0.2025 0.0387699 0.03 0.3175 0.0387699 0.03 0.3175 0.0387699 0.02175 0.3175 0.0387699 0.01725 0.2025 0.0387698 -0.0449999 0.3175 0.0387698 -0.0322498 0.317497 0.0387698 -0.0367805 0.3175 0.0387698 -0.0449999 0.1965 0.0453199 0.03 0.1965 0.0453199 -0.04 0.153779 0.0513897 0.0300284 0.16464 0.0517499 0.03 0.164627 0.0453199 0.03 0.169653 0.0453199 0.03 0.178057 0.0453199 0.03 0.191487 0.0453199 0.03 0.16374 0.0460998 0.03 0.153683 0.0453199 0.03 0.15457 0.0460998 0.03 0.17807 0.0517499 0.03 0.1915 0.0517499 0.03 0.1906 0.0460998 0.03 0.183087 0.0455036 0.03 0.2025 0.0387698 0.0150332 0.211492 0.0387698 0.0127723 0.202498 0.0387699 -0.0252457 0.211497 0.0387698 -0.022784 0.2807 0.0257559 -0.0373812 0.283593 0.0257695 -0.0366287 0.314222 0.0242699 -0.000625237 0.282568 0.0242699 -0.00191884 0.2725 0.01577 0.0449999 0.2725 0.01577 -0.0449999 0.2725 0.02427 0.0449999 0.2725 0.0242699 -0.0449999 0.3225 0.01577 0.0449999 0.3225 0.02427 0.0449999 0.280887 0.0242697 -0.0389444 0.284628 0.02427 -0.0378142 0.312198 0.0242718 -0.0361935 0.3225 0.02427 -0.0449999 0.310711 0.02427 0.0388328 0.312552 0.0242696 0.036143 0.281712 0.0242694 0.0364144 0.314228 0.0242699 0.0371909 0.312925 0.01327 -0.0347717 0.283001 0.0132707 0.0375838 0.282548 0.01327 -0.000310519 0.313391 0.01327 -0.00019773 0.311664 0.01327 0.0378899 0.283636 0.0257698 -0.0395148 0.32 0.0132701 -0.0425005 0.275 0.01327 -0.0424999 0.275 0.01327 0.0424999 0.32 0.01327 0.0424999 0.3225 0.01577 -0.0449999 0.165902 0.0242699 0.00194639 0.137297 0.0242699 0.0017373 0.134749 0.0242699 -0.000649076 0.137849 0.0242699 -0.00121861 0.16704 0.0242699 -0.00197529 0.1265 0.01577 0.0449999 0.1265 0.01577 -0.0449999 0.1265 0.02427 0.0449999 0.1265 0.0242699 -0.0449999 0.1765 0.01577 0.0449999 0.1765 0.02427 0.0449999 0.137845 0.0242699 -0.0391545 0.138116 0.0242699 -0.0368667 0.165659 0.0242699 -0.0363971 0.1765 0.0242699 -0.0449999 0.135597 0.0242699 0.0397805 0.138215 0.02427 0.0369084 0.164736 0.0132826 -0.0386941 0.136811 0.01327 5.43174e-05 0.167169 0.0242695 0.0360849 0.165794 0.0242699 0.0398455 0.1659 0.01327 0.0375044 0.174 0.01327 -0.0424999 0.129 0.01327 -0.0424999 0.129 0.01327 0.0424999 0.174 0.01327 0.0424999 0.1765 0.01577 -0.0449999 0.21025 0.0387698 -0.0449999 0.21025 0.0641699 -0.0449999 0.312989 0.053321 -0.0449999 0.3175 0.0641699 -0.0449999 0.317498 0.0557986 -0.0449999 0.3175 0.0512602 -0.0449999 0.148913 0.0307281 0.047 0.1245 0.0657699 0.047 0.3245 0.0657699 0.047 0.3245 0.0387699 0.047 0.295057 0.0303196 0.0470001 0.1245 0.0387698 0.047 0.1245 0.0637699 0.0449999 0.1245 0.0387698 0.0449999 0.3245 0.0637699 0.0449999 0.3245 0.0387699 0.0449999 0.3245 0.0657699 0.0296 0.21025 0.0657699 0.0296 0.1245 0.0657698 -0.047 0.21025 0.0657699 -0.047 0.3245 0.0637699 0.0296 0.1245 0.0387698 -0.0449999 0.1245 0.0637699 -0.0449999 0.1245 0.0387698 -0.047 0.21025 0.0387698 -0.047 0.149071 0.0311614 -0.0470002 0.168701 0.034079 -0.047 0.21025 0.0637699 0.0296 0.21025 0.0637699 -0.0409999 0.2025 0.0637699 -0.0409999 0.2025 0.0637699 -0.0449999 0.129057 0.0597114 0.000300001 0.1444 0.0597198 0.000300002 0.1444 0.0597198 0.0224999 0.1444 0.0453199 0.0224999 0.129 0.0597198 0.0224999 0.128999 0.0453199 0.0224999 0.128304 0.0477798 0.0215966 0.125051 0.0468162 0.0201746 0.124977 0.0468155 0.00260121 0.1249 0.0461199 0.02045 0.125178 0.0461205 0.00269228 0.136 0.0461199 0.02045 0.136 0.0453199 0.0217 0.136 0.0453199 0.00109995 0.136 0.0461346 0.00127786 0.129 0.0588198 0.00599992 0.129 0.0597198 0.00599992 0.129 0.0588198 0.00119984 0.128324 0.0477738 0.00120407 0.14107 0.0474673 0.0215804 0.1419 0.0588198 0.0215999 0.129 0.0588198 0.0215999 0.1419 0.0588198 0.00119984 0.140042 0.0473517 0.00236964 0.143438 0.051724 0.0163698 0.1444 0.0453201 0.000301049 0.143295 0.0510744 0.00147021 0.1426 0.0597198 0.00139988 0.1444 0.0498552 0.0112936 0.14397 0.0510976 0.0212772 0.1426 0.0597198 0.0214 0.143161 0.0518074 0.00642818 0.142809 0.0596996 0.0114558 0.129 0.0588198 0.0168 0.129 0.0597198 0.0168 0.142599 0.0597129 0.0164 0.129 0.0597198 0.016 0.129 0.0588198 0.016 0.1419 0.0588198 0.0114 0.129 0.0588198 0.00679994 0.129 0.0597198 0.00679994 0.142599 0.0597128 0.00639993 0.137968 0.0468912 0.0134569 0.129683 0.0461202 0.0139832 0.141882 0.0492425 0.00121713 0.141889 0.0495559 0.013274 0.141881 0.0496099 0.0189583 0.140436 0.047011 0.00824446 0.129057 0.0597114 -0.0294 0.1444 0.0597198 -0.0294 0.1444 0.0597198 -0.00719988 0.1444 0.0453199 -0.00719988 0.129 0.0597198 -0.00719988 0.128999 0.0453199 -0.00719988 0.128304 0.0477798 -0.00810325 0.125094 0.0468405 -0.00976991 0.124977 0.0468159 -0.0270986 0.125043 0.0461205 -0.00955742 0.1249 0.0461199 -0.0273499 0.136 0.0461199 -0.0273499 0.129683 0.0461202 -0.0207165 0.136 0.0461199 -0.00924992 0.138371 0.0471623 -0.00842267 0.136 0.0453199 -0.0079999 0.136 0.0453199 -0.0285998 0.137357 0.047498 -0.0279214 0.129 0.0588198 -0.0236999 0.129 0.0597198 -0.0236999 0.129 0.0588198 -0.0285 0.128379 0.0477539 -0.0285036 0.1419 0.0588198 -0.00809991 0.129 0.0588198 -0.00809991 0.14188 0.0487354 -0.00812226 0.1419 0.0588198 -0.0285 0.141894 0.0489089 -0.0284986 0.143438 0.0517239 -0.0133301 0.1444 0.0453199 -0.0293988 0.14325 0.0510992 -0.0282405 0.1426 0.0597198 -0.0282999 0.1444 0.0515157 -0.0222397 0.14397 0.0510977 -0.00842261 0.1426 0.0597198 -0.00829989 0.142606 0.0515391 -0.0226372 0.142809 0.0596996 -0.0182441 0.142605 0.0525712 -0.0239009 0.129 0.0588198 -0.0129 0.129 0.0597198 -0.0129 0.142599 0.0597128 -0.0132999 0.129 0.0597198 -0.0136999 0.129 0.0588198 -0.0136999 0.1419 0.0588198 -0.0182999 0.129 0.0588198 -0.0229 0.129 0.0597198 -0.0229 0.142599 0.0597128 -0.0232999 0.140405 0.046892 -0.0171529 0.141886 0.0496975 -0.0201626 0.140104 0.0471088 -0.0254198 0.163725 0.0470163 0.0225031 0.163725 0.0470097 0.0299723 0.154585 0.0470094 0.0299806 0.154965 0.0470363 0.0224855 0.16374 0.0462417 0.0214245 0.15457 0.0461748 0.0214251 0.163449 0.0507015 0.022791 0.154585 0.050822 0.0224525 0.159155 0.0508399 0.026062 0.159155 0.0518488 0.0287103 0.15367 0.0453199 0.0168599 0.164541 0.0453205 0.0167101 0.15369 0.0513126 0.0204558 0.164623 0.0510861 0.0213064 0.159629 0.04532 0.0195561 0.17715 0.0470163 0.024988 0.170717 0.0462739 0.0300156 0.17717 0.0462511 0.02113 0.17054 0.0460998 0.02145 0.169676 0.0485177 0.0199746 0.176771 0.0508348 0.0239177 0.169881 0.0511295 0.0248277 0.173855 0.0519357 0.0282501 0.16964 0.0453199 0.0168599 0.177951 0.0453199 0.0191346 0.169658 0.0517499 0.021335 0.178056 0.0510482 0.0212412 0.171399 0.0470952 0.0224346 0.159362 0.0453201 -0.00244861 0.181033 0.0453199 -0.0289951 0.181 0.0453199 -0.0200023 0.194803 0.0453205 -0.029 0.1915 0.0453199 0.0168599 0.18307 0.0453199 0.0168599 0.187627 0.04532 0.0195546 0.19058 0.0470163 0.024988 0.183985 0.0470094 0.0299819 0.1906 0.0462511 0.02113 0.18397 0.0461766 0.0214028 0.190201 0.0508348 0.0239177 0.183311 0.0511295 0.0248277 0.187285 0.0519357 0.0282501 0.183088 0.0512593 0.0203089 0.191486 0.0510482 0.0212412 0.184829 0.0470952 0.0224346 0.181 0.0577199 -0.02 0.19453 0.0577145 -0.0200038 0.181 0.0577199 -0.029 0.197845 0.0465613 -0.0270681 0.197234 0.0464743 -0.0221884 0.183363 0.0461138 -0.0208011 0.184152 0.0461121 -0.0281986 0.1944 0.0568199 -0.0208326 0.193837 0.0475648 -0.0208139 0.193931 0.0473852 -0.0281862 0.1835 0.0568199 -0.0281919 0.1835 0.0568199 -0.0208 0.183509 0.0488479 -0.0208056 0.181115 0.0511401 -0.0274432 0.182832 0.0577143 -0.0244999 0.181324 0.0510524 -0.0235005 0.1944 0.0568199 -0.0281672 0.1944 0.0577199 -0.0289802 0.184643 0.0469884 -0.0243388 0.183511 0.0481095 -0.0281919 0.21025 0.0641699 -0.0409999 0.2025 0.0512699 -0.0449999 0.207332 0.0513684 -0.0449999 0.2025 0.0557698 -0.0449999 0.202555 0.055952 -0.0410142 0.2025 0.0512602 -0.0409999 0.3175 0.0641699 -0.0409999 0.317499 0.0557795 -0.0409999 0.313078 0.0520771 -0.0409999 0.313043 0.0549771 -0.0409999 0.3175 0.051265 -0.0409999 0.3175 0.0427699 0.03 0.2025 0.0427699 0.03 0.2025 0.0427698 -0.0409999 0.3175 0.0427699 -0.0409999 0.30975 0.0427699 -0.0409 0.30875 0.0427699 -0.0409 0.21125 0.0427698 -0.0409 0.21025 0.0427698 -0.0409 0.21025 0.0427699 0.0285998 0.21025 0.0427699 0.0296 0.21125 0.0427699 0.0285 0.30975 0.0427699 0.0285998 0.30875 0.0427699 0.0285 0.30975 0.0427699 0.0296 0.216275 0.0427686 0.0238016 0.216535 0.0427692 -0.0351378 0.30333 0.0427688 0.0238276 0.207247 0.0524943 -0.0409999 0.30392 0.0427689 -0.0350852 0.236806 0.0427698 -0.0290398 0.21025 0.0581508 0.0146899 0.21135 0.0545698 -0.0409 0.30865 0.0545698 -0.0409 0.21135 0.0545698 -0.0398999 0.21025 0.0637825 -0.0408951 0.21025 0.0539294 -0.021142 0.21125 0.0561201 -0.0247255 0.21124 0.0581611 -0.0192082 0.21025 0.0583163 -0.0288235 0.21025 0.0581505 -0.01914 0.21025 0.0581505 -0.00325989 0.21025 0.0445206 -0.01914 0.21125 0.0445206 -0.01914 0.21025 0.0445206 -0.00325989 0.21025 0.0581505 -0.00118994 0.21125 0.0581505 -0.00222486 0.21125 0.0581505 0.01469 0.21025 0.0445206 -0.00118994 0.21125 0.0445206 -0.00222486 0.21025 0.0445206 0.01469 0.21125 0.0445206 0.01469 0.21025 0.0634699 0.0285999 0.219249 0.0586199 0.0296 0.21925 0.0505698 0.0296 0.21925 0.0586199 0.0285999 0.21925 0.0505698 0.0285999 0.23075 0.0505698 0.0290999 0.23075 0.0480699 0.0296 0.23075 0.0480699 0.0285999 0.296249 0.0480699 0.0296 0.29625 0.0480699 0.0285999 0.29625 0.0586199 0.0296 0.29625 0.0586199 0.0285999 0.25902 0.0586199 0.0285999 0.25902 0.0586199 0.0296 0.25652 0.0605199 0.0296 0.25777 0.0605199 0.0285999 0.25652 0.0586199 0.0296 0.25652 0.0586199 0.0285999 0.30875 0.0586399 0.0214 0.30975 0.0586399 0.0213963 0.30875 0.0469399 0.0214 0.30975 0.0469399 0.0214 0.30875 0.0586399 -0.0304499 0.30975 0.0586399 -0.0304493 0.30875 0.0469398 -0.0304499 0.30975 0.0469398 -0.0304499 0.30865 0.0545698 -0.0398999 0.30865 0.0634699 -0.0409 0.21135 0.0634699 -0.0409 0.21025 0.0634699 0.0285 0.30875 0.06457 0.028511 0.309749 0.0638354 0.0295998 0.309749 0.0637792 0.0285 0.30975 0.0638359 -0.0408993 0.30875 0.0635699 -0.0408975 0.309748 0.0635699 0.0285999 0.21125 0.0635699 -0.0408991 0.21135 0.0634699 -0.0398999 0.308663 0.0645694 -0.0401873 0.211337 0.0645693 -0.0400147 0.210251 0.0635211 0.0295999 0.21125 0.0645715 0.0286701 0.216391 0.0645698 0.0214993 0.214143 0.0635699 0.0216479 0.216818 0.0635699 0.0205626 0.218084 0.0635699 -0.0350613 0.302891 0.0635699 -0.0342094 0.21426 0.0627253 0.0252218 0.21736 0.0635699 0.0257386 0.219095 0.0635699 0.0223368 0.215779 0.0590184 0.0207162 0.21897 0.0589911 0.0243777 0.283984 0.0629699 0.0103151 0.284722 0.0629699 0.013106 0.286033 0.0629699 0.00828094 0.287507 0.0629699 0.0138628 0.288818 0.0629699 0.00903786 0.289556 0.0629699 0.0118288 0.286033 0.0437699 0.00828094 0.283985 0.0437699 0.0103159 0.288818 0.0437699 0.00903786 0.289555 0.0437699 0.0118282 0.287507 0.0437699 0.0138628 0.284722 0.0437699 0.013106 0.219256 0.0645698 -0.0348003 0.301269 0.0645698 -0.0333049 0.303046 0.0645692 0.0220295 0.169689 0.031556 0.0470002 0.172694 0.0328086 0.0473283 0.297027 0.0335514 0.0497005 0.30021 0.0348301 0.047 0.150766 0.0319057 0.0497012 0.154082 0.0348083 0.047 0.1527 0.032999 -0.0471699 0.167329 0.0132706 -0.000772727 0.136551 0.013276 -0.0374163 0.135057 0.0242696 -0.036713 0.310803 0.0242687 9.41069e-05 0.281862 0.0132761 -0.0372714 0.35905 0.0458699 0.0139999 0.35905 0.0508698 0.0139999 0.35905 0.0458699 0.016 0.42905 0.0458699 0.0139999 0.42905 0.0458699 0.016 0.42905 0.0508698 0.0139999 0.42905 0.0508698 0.016 0.4291 0.0457698 0.01395 0.4291 0.0457698 0.01605 0.359 0.0457698 0.01605 0.359 0.0457698 0.01395 0.4291 0.0508698 0.01395 0.4291 0.0508698 0.01605 0.359 0.0508698 0.01605 0.35905 0.0458699 -0.016 0.35905 0.0508698 -0.016 0.35905 0.0458699 -0.0139999 0.42905 0.0458699 -0.016 0.42905 0.0458699 -0.0139999 0.42905 0.0508698 -0.016 0.42905 0.0508698 -0.0139999 0.4291 0.0457698 -0.01605 0.4291 0.0457698 -0.01395 0.359 0.0457698 -0.01395 0.4291 0.0508698 -0.01605 0.4291 0.0508698 -0.01395 0.359 0.0508698 -0.01395 0.359 0.0457698 -0.01605 0.0302026 0.0166412 -0.0280553 0.0305226 0.0172319 -0.0205457 0.0302409 0.0185444 -0.0184883 0.03 0.0358755 -0.028121 0.03033 0.0275198 -0.0349218 0.0305006 0.023783 -0.0153142 -0.030525 0.0194245 -0.0177101 -0.030525 0.0167594 -0.0219098 -0.030525 0.0164471 -0.0268736 -0.030525 0.0172217 -0.0292578 -0.030525 0.0203921 -0.0330902 -0.030525 0.0250167 -0.034921 -0.030525 0.0275231 -0.034921 -0.030525 0.0299511 -0.0342977 -0.030525 0.0321478 -0.0330902 -0.0304305 0.0355968 -0.0286893 -0.030525 0.0360927 -0.0268736 -0.0303728 0.0362208 -0.0237406 -0.030525 0.0357804 -0.0219098 0.0302334 0.0333272 -0.0179169 0.0305006 0.0310875 -0.016237 -0.030525 0.0287567 -0.0153141 -0.0301566 0.0231733 -0.0345402 0.03 0.0237582 -0.0347826 -0.0302927 0.026272 -0.0351002 -0.03 0.0214043 -0.0338506 0.03 0.0193559 -0.0323626 0.03 0.0262698 -0.0351 0.03 0.0287816 -0.0347826 0.03 0.0331837 -0.0323626 0.03 0.0347975 -0.0304118 0.03 0.0363499 -0.0256341 0.03 0.036191 -0.0231073 0.0301981 0.0353585 -0.0206228 0.03 0.0340521 -0.0185619 0.03 0.0322065 -0.0168289 0.03 0.0299879 -0.0156093 0.03 0.0275357 -0.0149796 0.03 0.0250041 -0.0149796 0.03 0.022552 -0.0156092 0.03 0.0203333 -0.0168289 0.03 0.0171311 -0.0206996 0.03 0.0163488 -0.0231073 0.03 0.0161899 -0.0256341 0.03 0.0177421 -0.0304118 -0.0301566 0.0189603 -0.0318685 -0.03 0.0177421 -0.0304118 -0.03 0.0166643 -0.028121 -0.0301345 0.0162394 -0.0250054 -0.03 0.0163488 -0.0231073 -0.0301564 0.0174787 -0.0201707 -0.03 0.0184877 -0.0185619 -0.0301716 0.0208927 -0.0165329 -0.03 0.0225519 -0.0156092 -0.0301336 0.0256373 -0.0149897 -0.03 0.0275357 -0.0149796 -0.0302204 0.0299896 -0.0156099 -0.03 0.0322065 -0.0168289 -0.0301564 0.0343831 -0.0191024 -0.03 0.0354085 -0.0206996 -0.03 0.0363499 -0.0256341 -0.03 0.0347975 -0.0304118 -0.0302542 0.033433 -0.0320951 -0.03 0.0311355 -0.0338506 -0.03 0.0287816 -0.0347826 0.0305002 0.0262698 -0.0149999 0.0305006 0.0214522 -0.016237 0.01608 0.0191989 -0.0179288 0.0303274 0.0287648 -0.0153153 0.01608 0.0349301 -0.02 0.01608 0.0359291 -0.0224118 0.01608 0.0362699 -0.025 0.01608 0.0359291 -0.0275881 0.0305001 0.0348306 -0.03032 0.01608 0.0333409 -0.032071 0.0302466 0.0311469 -0.0338408 0.01608 0.028858 -0.0346591 0.0233025 0.0256433 -0.0349604 0.01608 0.0236817 -0.0346591 0.0302465 0.0214007 -0.0338457 0.01608 0.0191989 -0.032071 0.0305001 0.0177092 -0.03032 0.01608 0.0166107 -0.0275881 0.01608 0.0162699 -0.025 0.01608 0.0166107 -0.0224117 0.01608 0.0176096 -0.02 0.03 0.0177422 0.019588 0.0305225 0.0172319 0.0294543 0.0302409 0.0185444 0.0315115 0.03 0.0358756 0.0218788 0.0303301 0.0275198 0.0150781 0.0303274 0.0287649 0.0346846 0.0305006 0.023783 0.0346858 0.0305006 0.0214522 0.033763 -0.030525 0.0194246 0.0322897 -0.030525 0.0167594 0.02809 -0.030525 0.0164471 0.0231262 -0.030525 0.0172217 0.020742 -0.030525 0.0203921 0.0169096 -0.030525 0.0250167 0.0150789 -0.030525 0.0275232 0.0150789 -0.030525 0.0299511 0.0157021 -0.030525 0.0321478 0.0169096 -0.030525 0.0353181 0.020742 -0.030525 0.0360928 0.0231262 -0.0304089 0.0362205 0.0262613 -0.030525 0.0357804 0.02809 0.0302334 0.0333272 0.0320828 0.0305006 0.0310875 0.033763 -0.0301566 0.0231733 0.0154596 0.03 0.0237582 0.0152173 -0.0302927 0.026272 0.0148997 -0.03 0.0214043 0.0161493 0.03 0.019356 0.0176374 0.03 0.0262699 0.0148998 0.03 0.0287816 0.0152173 0.03 0.0331837 0.0176374 0.03 0.0347975 0.019588 0.03 0.0363499 0.0243658 0.03 0.036191 0.0268925 0.0301981 0.0353585 0.0293771 0.03 0.0340521 0.0314379 0.03 0.0322065 0.033171 0.03 0.0299879 0.0343906 0.03 0.0275357 0.0350203 0.03 0.0250041 0.0350203 0.03 0.022552 0.0343906 0.03 0.0203333 0.033171 0.03 0.0171311 0.0293003 0.03 0.0163488 0.0268926 0.03 0.0161899 0.0243658 0.03 0.0166643 0.0218788 -0.0301566 0.0189603 0.0181314 -0.03 0.0177421 0.019588 -0.03 0.0166643 0.0218788 -0.0301345 0.0162394 0.0249945 -0.03 0.0163488 0.0268926 -0.0301564 0.0174787 0.0298291 -0.03 0.0184877 0.0314379 -0.0303025 0.020335 0.0331722 -0.03 0.022552 0.0343906 -0.0302625 0.025637 0.0350101 -0.03 0.0275357 0.0350203 -0.03 0.0299879 0.0343906 -0.0301841 0.0322052 0.0331721 -0.0302625 0.0343826 0.0308981 -0.03 0.0354086 0.0293003 -0.03 0.0363499 0.0243658 -0.0302927 0.0358764 0.0218807 -0.0301566 0.034386 0.0191063 -0.03 0.0331837 0.0176374 -0.03 0.0311355 0.0161493 -0.03 0.0287816 0.0152173 0.0305002 0.0262699 0.0349998 0.01608 0.0191989 0.0320711 0.01608 0.0349301 0.03 0.01608 0.0359291 0.0275881 0.01608 0.0362699 0.025 0.01608 0.0359291 0.0224118 0.0305002 0.0348306 0.0196799 0.01608 0.0333409 0.0179288 0.0302465 0.0311469 0.0161591 0.01608 0.028858 0.0153406 0.0233025 0.0256433 0.0150394 0.01608 0.0236818 0.0153406 0.0302465 0.0214007 0.0161542 0.01608 0.0191989 0.0179288 0.01608 0.0176097 0.02 0.01608 0.0166107 0.0224118 0.01608 0.0162699 0.025 0.01608 0.0166107 0.0275881 0.01608 0.0176097 0.03 0.355 0.0311356 -0.0161493 0.354816 0.0331827 -0.017636 0.355 0.0347976 -0.019588 0.355 0.0358756 -0.0218788 0.355 0.0363499 -0.0243658 0.355914 0.0361013 -0.0270607 0.355 0.0354086 -0.0293003 0.354816 0.0340533 -0.0314368 0.355 0.0299879 -0.0343906 0.355 0.0250042 -0.0350203 0.355 0.0203334 -0.033171 0.354816 0.0184887 -0.0314393 0.355 0.0171312 -0.0293003 0.35475 0.0163486 -0.0268923 0.355 0.01619 -0.0243658 0.355 0.0166643 -0.0218788 0.354658 0.0177838 -0.0196156 0.355 0.019356 -0.0176374 0.355 0.0237583 -0.0152173 0.355 0.0262699 -0.0148998 0.415196 0.0331847 -0.0176379 0.415 0.0311356 -0.0161493 0.415 0.0262699 -0.0148998 0.415 0.0214043 -0.0161493 0.415196 0.0193567 -0.0176365 0.415 0.0177422 -0.019588 0.415319 0.0166646 -0.0218774 0.415 0.01619 -0.0243658 0.415 0.0163489 -0.0268925 0.415 0.0171312 -0.0293003 0.415 0.0203334 -0.033171 0.415 0.022552 -0.0343905 0.415 0.0250042 -0.0350203 0.415 0.0275357 -0.0350203 0.415 0.0299879 -0.0343905 0.415 0.0322065 -0.033171 0.415 0.0354086 -0.0293003 0.415 0.036191 -0.0268925 0.415298 0.0363501 -0.0243653 0.415 0.0358756 -0.0218788 0.415 0.0347976 -0.019588 0.354648 0.0288451 -0.0152362 0.35475 0.0275294 -0.0349707 0.415262 0.0237707 -0.0152657 0.3545 0.0262699 -0.0149998 0.357259 0.0213367 -0.0162455 0.357122 0.0193117 -0.0178194 0.415525 0.0178267 -0.0196416 0.357122 0.0166851 -0.0221607 0.415525 0.0162897 -0.024372 0.415525 0.0164471 -0.0268736 0.357134 0.0174158 -0.029629 0.41522 0.018577 -0.0314616 0.415525 0.0203921 -0.0330902 0.35475 0.0225537 -0.0343914 0.415525 0.0250167 -0.034921 0.415525 0.0275232 -0.034921 0.415525 0.0299512 -0.0342977 0.355 0.0322065 -0.033171 0.41537 0.0340137 -0.031406 0.415525 0.0353182 -0.0292578 0.415525 0.0360928 -0.0268736 0.415525 0.0362502 -0.024372 0.415525 0.0357805 -0.0219098 0.3545 0.0347134 -0.0196419 0.357122 0.0332281 -0.0178194 0.354499 0.0237827 -0.0153141 0.415262 0.0287692 -0.0152657 0.415525 0.0310874 -0.0162369 0.357122 0.0358548 -0.0221607 0.357122 0.0362601 -0.024686 0.357134 0.0351241 -0.029629 0.357122 0.033658 -0.0317226 0.357122 0.0294046 -0.0344783 0.357122 0.0256433 -0.0349604 0.357134 0.020831 -0.0333752 0.357122 0.0188819 -0.0317226 0.357122 0.0162798 -0.024686 0.296558 0.0581183 -0.0110999 0.308255 0.0567026 -0.0185069 0.308251 0.0564782 -0.00353622 0.304463 0.056909 -0.0108278 0.300101 0.055176 -0.0107736 0.296507 0.0581126 -0.00257122 0.30827 0.0581199 -0.00252794 0.30827 0.0581199 -0.019528 0.296506 0.0581137 -0.0195218 0.296367 0.0504519 -0.00263845 0.29627 0.0504511 -0.0194686 0.30527 0.0504499 -0.0195278 0.305285 0.0495155 -0.019528 0.308296 0.0510349 -0.0186745 0.308282 0.0510409 -0.00340067 0.305277 0.0495155 -0.00252788 0.305268 0.05045 -0.00252824 0.30007 0.0511565 -0.018528 0.300081 0.0565256 -0.0182518 0.30007 0.0511565 -0.00352793 0.300205 0.0561245 -0.00380962 0.308325 0.0511432 -0.011028 0.21171 0.0581194 -0.00118786 0.23374 0.0581199 -0.00118797 0.21215 0.0581199 0.0146919 0.233739 0.0581199 0.0146879 0.21215 0.0444898 -0.00118797 0.21215 0.0466899 0.000312006 0.21215 0.0444898 0.0146919 0.21215 0.0466899 0.0131919 0.21215 0.0541213 0.0131921 0.211417 0.0541697 0.00876636 0.21215 0.057557 0.00875199 0.211536 0.0575541 0.00475097 0.211404 0.0541227 0.00474376 0.21215 0.0541227 0.000311804 0.23374 0.0444898 -0.00118797 0.23374 0.0444898 0.0146919 0.22915 0.0541199 0.00875199 0.22915 0.0541199 0.0131919 0.22915 0.0466899 0.0131919 0.22915 0.0466899 0.000312007 0.22915 0.0541199 0.000312004 0.22915 0.0541199 0.00475199 0.22915 0.0575571 0.00475198 0.22915 0.0575571 0.00875199 0.21785 0.0573383 -0.0278183 0.220919 0.0541988 -0.0217036 0.215528 0.0579005 -0.0218063 0.213656 0.0579142 -0.0290944 0.220807 0.054302 -0.0293193 0.220165 0.0580197 -0.0292492 0.277457 0.0573572 0.02892 0.277459 0.0491409 0.02892 0.277452 0.0491413 0.020289 0.265089 0.0511551 0.0203023 0.264583 0.0573573 0.02892 0.264581 0.0491409 0.02892 0.264582 0.0491418 0.0202568 0.271171 0.0573452 0.02892 0.275244 0.0511764 0.0194099 0.276951 0.0553265 0.0201291 0.269361 0.055305 0.0195194 0.271643 0.0489381 0.0255669 0.276224 0.0498673 0.021559 0.276253 0.0498141 0.0289146 0.276252 0.0561642 0.0289169 0.265787 0.0561642 0.0289169 0.26586 0.049578 0.0262577 0.27097 0.0573917 0.0203189 0.264722 0.0573744 0.0201208 0.277447 0.0573907 0.0200531 0.265788 0.0561521 0.0216762 0.265788 0.050576 0.0214771 0.276173 0.0561473 0.0216418 0.267178 0.0532113 0.0213407 0.272082 0.0528695 0.0213278 0.299123 0.0581206 -0.0219487 0.29907 0.0581197 -0.0288879 0.30827 0.0581199 -0.019878 0.30827 0.0581199 -0.0288879 0.300611 0.0511194 -0.0198783 0.299089 0.0511242 -0.0288721 0.307348 0.0520562 -0.0203973 0.307719 0.0518653 -0.0281687 0.30255 0.0547428 -0.0278714 0.302499 0.0519827 -0.0242926 0.304351 0.0574597 -0.024384 0.303066 0.0567409 -0.0208594 0.242092 0.0521181 0.0188325 0.231073 0.0494218 0.0188575 0.23106 0.055769 0.0188709 0.25908 0.05213 0.0188247 0.252729 0.0517214 0.0188653 0.264247 0.0494218 0.0188575 0.238228 0.0506782 0.0188709 0.26426 0.0491449 0.02892 0.264249 0.05812 0.02892 0.23106 0.0491449 0.02892 0.231063 0.0573545 0.02892 0.24131 0.0520912 0.0158418 0.26336 0.0491449 0.0203699 0.23196 0.0491449 0.0203699 0.244627 0.0491449 0.02892 0.247961 0.0573449 0.02892 0.23196 0.0506699 0.0203699 0.26336 0.0506699 0.0203699 0.26336 0.0557725 0.0203645 0.23196 0.0557698 0.0203699 0.246604 0.049098 0.0254531 0.249852 0.0491436 0.0287518 0.249672 0.0500694 0.0288011 0.24766 0.0500689 0.0217399 0.23227 0.0507049 0.0217399 0.23227 0.0500699 0.0217399 0.26305 0.0500872 0.0217399 0.245648 0.0500694 0.0288011 0.263051 0.0500686 0.0288449 0.263051 0.0564211 0.0288237 0.232269 0.0564205 0.0288241 0.232269 0.0500686 0.0288449 0.24766 0.0581199 0.0246449 0.264245 0.0573589 0.0198929 0.231384 0.0573543 0.0202866 0.23227 0.0507049 0.02124 0.26305 0.0507049 0.02124 0.26305 0.0564183 0.0217399 0.26305 0.0557848 0.02124 0.23227 0.0564133 0.0217399 0.23227 0.0557848 0.02124 0.247361 0.0573449 0.0203699 0.25352 0.0545655 0.0212509 0.248942 0.0534617 0.0212416 0.244199 0.053028 0.021254 0.2418 0.0519242 0.0212509 0.236353 0.0532082 0.0212515 0.248845 0.0517209 0.02124 0.241834 0.0545655 0.0212509 0.246402 0.0534617 0.021254 0.253487 0.0519243 0.0212509 0.25655 0.0532449 0.0212528 0.260542 0.053427 0.0212502 0.25147 0.0532449 0.0212555 0.281841 0.0521199 0.0185917 0.28803 0.0518874 0.0160124 0.289315 0.0523067 0.0186272 0.295735 0.0573479 0.02892 0.295737 0.0491409 0.02892 0.295737 0.0511607 0.0186609 0.27778 0.0573506 0.02892 0.277779 0.0491409 0.02892 0.277783 0.049141 0.020294 0.295652 0.049141 0.0203046 0.286907 0.0573452 0.02892 0.278276 0.0511565 0.0203032 0.295229 0.0511603 0.0203093 0.285813 0.0553268 0.0202439 0.288938 0.0492932 0.02864 0.286758 0.0498095 0.0217801 0.285659 0.0492735 0.0253649 0.29453 0.0498141 0.0289138 0.29453 0.0561642 0.0289165 0.278985 0.0561642 0.0289165 0.279021 0.0493177 0.0289048 0.286708 0.0573667 0.0203139 0.295724 0.0573713 0.0198082 0.277791 0.0573585 0.0198083 0.29453 0.0498959 0.0214932 0.278985 0.0498574 0.0214979 0.29453 0.0561621 0.0218334 0.290878 0.0550805 0.0213253 0.278985 0.0561521 0.0217062 0.286939 0.0534245 0.0213371 0.281623 0.0532249 0.0213324 0.292193 0.0527119 0.0213301 0.21171 0.0581194 -0.0191279 0.23374 0.0581199 -0.019128 0.21215 0.0581199 -0.00324797 0.233739 0.0581199 -0.00325143 0.21215 0.0444898 -0.019128 0.21215 0.0466899 -0.0176279 0.21215 0.0444898 -0.00324791 0.21215 0.0466899 -0.00474792 0.21215 0.0541213 -0.00474768 0.211417 0.0541697 -0.00917357 0.21215 0.057557 -0.00918799 0.211536 0.0575541 -0.0131889 0.211404 0.0541227 -0.0131962 0.21215 0.0541227 -0.0176282 0.23374 0.0444898 -0.019128 0.23374 0.0444898 -0.00324797 0.22915 0.0541199 -0.00918799 0.22915 0.0541199 -0.00474792 0.22915 0.0466899 -0.00474792 0.22915 0.0466899 -0.0176279 0.22915 0.0541199 -0.0176279 0.22915 0.0541199 -0.013188 0.22915 0.0575571 -0.013188 0.22915 0.0575571 -0.00918799 0.225852 0.0534111 0.0185023 0.230631 0.0522058 0.028943 0.230736 0.0573584 0.02892 0.23059 0.0574091 0.0198204 0.230722 0.0516899 0.0203383 0.219787 0.0523537 0.0201943 0.219933 0.0520501 0.0289457 0.219774 0.0573584 0.02892 0.225255 0.0516798 0.0277949 0.23071 0.0559114 0.0198828 0.22067 0.0560105 0.0202968 0.229825 0.0564304 0.0289009 0.220684 0.0564301 0.0288918 0.219943 0.0573829 0.0198926 0.229825 0.0526342 0.0213735 0.222114 0.0526063 0.0220907 0.229825 0.0564266 0.0214231 0.220845 0.0563755 0.0214058 0.226305 0.0545148 0.0213233 0.308251 0.0564782 -0.00116955 0.300829 0.0569531 0.00461883 0.30825 0.0565423 0.00901622 0.308251 0.0564782 0.0188136 0.296372 0.0581131 0.019787 0.30827 0.0581199 0.019822 0.30827 0.0581199 -0.00217789 0.29627 0.0504499 0.019822 0.29627 0.0504499 -0.00217789 0.296493 0.0581038 -0.00211929 0.296558 0.058099 0.014773 0.296522 0.0581195 0.00759662 0.30527 0.0504499 -0.00217759 0.305279 0.0495171 -0.00217789 0.30824 0.0511287 -0.00134741 0.305275 0.0495171 0.019822 0.305269 0.05045 0.0198217 0.30007 0.0511565 -0.0011779 0.300141 0.0549163 -0.0009434 0.30007 0.0511565 0.0188219 0.30007 0.0563219 0.01882 0.308485 0.0511352 0.00596608 0.308261 0.0511001 0.0189392 0.300088 0.0542471 0.0112895 0.300177 0.0550896 0.00654001 0.300274 0.056495 0.0150845</float_array>
                    <technique_common>
                        <accessor count="2434" source="#shape0-lib-positions-array" stride="3">
                            <param name="X" type="float"/>
                            <param name="Y" type="float"/>
                            <param name="Z" type="float"/>
                        </accessor>
                    </technique_common>
                </source>
                <source id="shape0-lib-normals" name="normal">
                    <float_array id="shape0-lib-normals-array" count="14904">0.785362 -0.315974 -0.532322 0.694988 0.520501 0.496054 0.94623 0.279371 -0.163094 0.847824 -0.411726 0.334181 0.931088 -0.0852027 0.354706 0.959751 0.135297 0.246117 0.959917 0.266569 0.0866061 0.567759 -0.821572 -0.0516656 0.705797 -0.51176 0.48985 0.750014 0.171677 0.638754 0.558875 0.827617 -0.0520494 0.914975 -0.100355 0.390833 0.300242 -0.119593 0.946336 -0.00064783 -0.129505 -0.991579 -0.000891071 -0.349905 -0.936785 8.13995e-08 -0.370225 -0.928942 8.67246e-08 -0.587769 -0.809029 2.28503e-06 -0.770582 -0.637341 -9.10409e-06 -0.587593 -0.809157 8.67581e-08 -0.770549 -0.637381 8.26155e-08 -0.904819 -0.425796 0.00111725 -0.915775 -0.40169 0.000616983 -0.982289 -0.187373 4.00629e-06 -0.979329 -0.202275 2.77824e-06 -0.998024 0.062831 5.80015e-08 -0.998028 0.0627667 3.98597e-08 -0.951043 0.309058 -6.55849e-06 -0.951091 0.308909 1.20243e-06 -0.833685 0.55224 -0.000819948 -0.84439 0.535728 -0.00082438 -0.69863 0.715482 0.000883985 -0.669096 0.743176 0.000202739 -0.481738 0.876315 1.6122e-09 -0.486286 0.8738 -1.5956e-08 -0.229648 0.973274 -0.000822649 -0.248705 0.968579 -0.000824791 -0.0195474 0.999809 0.000824896 0.019552 0.999808 0.000822762 0.248706 0.968579 -4.42583e-08 0.229649 0.973274 -5.71145e-08 0.481736 0.876317 -8.53187e-08 0.481735 0.876317 -8.77998e-08 0.698718 0.715398 -0.000826792 0.684451 0.729058 -0.000819912 0.833724 0.552181 -8.52589e-08 0.84432 0.535839 -7.82346e-08 0.951064 0.308993 -7.85869e-08 0.951064 0.308993 -6.58626e-08 0.998029 0.0627623 -6.58598e-08 0.998029 0.0627623 -4.93577e-08 0.982296 -0.187335 0.000646655 0.979294 -0.202444 0.0011736 0.904825 -0.425782 -1.87851e-06 0.915647 -0.401983 -1.56305e-06 0.770509 -0.637429 -7.64683e-06 0.770601 -0.637317 3.7741e-06 0.587685 -0.809089 0.000695582 0.574309 -0.818639 0.00114694 0.3497 -0.936861 -0.000819741 0.39011 -0.920768 -0.000824453 0.144741 -0.989469 5.38899e-08 0.125378 -0.992109 7.0425e-08 -0.144816 -0.989459 -0.830312 0.273293 -0.485688 -0.762928 0.533674 -0.364874 -0.87938 0.475181 0.0298824 -0.882089 0.44803 0.145561 -0.882176 0.226859 0.412674 -0.932425 0.0898731 0.350008 -0.932404 -0.174108 0.316715 -0.894017 -0.428029 0.132381 -0.939307 -0.304725 -0.157622 -0.830494 -0.27322 -0.485418 -0.81296 0 -0.58232 -0.87489 -0.460611 0.149684 -0.903814 -0.387195 -0.182209 -0.482045 0.87198 -0.0853451 -0.285747 0.180848 -0.941086 -0.475093 -0.875749 -0.0857384 -0.215771 0.581541 0.78438 -0.230953 0.972634 -0.0253841 -0.101598 0.757936 -0.644369 -0.181766 0.233733 -0.95516 -0.153013 -0.427433 -0.891004 -0.999327 0.0271173 0.0247214 -0.853741 -0.486964 -0.184371 -0.207572 -0.590501 0.779886 0.291518 -0.191494 -0.937202 -0.0856584 -0.582963 -0.807971 0.181096 -0.726781 -0.662566 0.426758 -0.904151 -0.0196984 0.31964 -0.777045 0.542247 -0.216876 0.122421 -0.968493 0.938807 -0.186072 -0.289859 -0.0888192 -0.902613 -0.42119 -0.289546 0.782536 -0.551181 -0.473504 -0.0443501 -0.879674 -0.286431 -0.782924 -0.552256 0.0162054 -0.680993 0.732111 0.0269986 -0.614657 0.788333 0.00815007 0.886992 -0.461712 -0.00125643 -0.887253 0.461281 -0.000518222 -0.9889 0.148581 0.961919 0.13168 0.239526 0.00560537 -0.134646 -0.990878 0.00740977 -0.268451 0.963265 0.967403 -0.240849 0.078248 -0.400802 -0.914356 0.0575366 -0.400975 -0.899862 -0.171662 0.00860553 -0.973927 -0.226699 0.0259576 0.792872 0.608835 0.944848 0.326863 0.0205669 0.00460161 -0.908865 -0.417065 0.984321 0.0741846 0.160029 0.0109561 0.481598 -0.876324 0.937904 -0.326088 0.11833 0.0160548 0.839529 0.543078 0.00437206 0 0.999991 -0.996543 0.0503837 -0.0660551 -0.181863 0.98208 -0.0494498 -0.181616 0.891315 0.41542 -0.972142 0.0769753 0.221393 -0.894828 -0.203101 0.397532 -0.963965 -0.234786 -0.125089 0.632573 -0.359204 -0.686166 -0.000816221 -0.356545 0.934278 -0.000816786 -0.125319 0.992116 -0.00463895 0.509574 0.860414 0.000928583 0.386291 0.922376 0.000602945 0.0911899 0.995833 -0.000618458 0.989258 0.146179 0.000506606 0.998026 -0.0628016 0.00163242 0.95971 -0.280989 0.0016354 0.854701 -0.519118 -0.00222636 0.188717 -0.982029 -0.00023727 0.00569983 -0.999984 0.000655024 -0.481752 -0.876308 -0.00113912 -0.646687 -0.762755 0.000506872 -0.998026 -0.0627979 -0.000617833 -0.989267 0.146116 1.24696e-07 -0.899968 0.435956 -1.41779e-06 -0.775169 0.631754 0.000476157 0.899843 0.436213 0.0010531 0.982286 0.187386 -0.000797716 0.995244 -0.0974096 0.000558216 0.951066 -0.308986 -0.00175572 0.809727 -0.586804 -0.00023869 0.686474 -0.727155 -0.00114515 0.42211 -0.906544 0.000476543 0.267663 -0.963512 0.000624374 -0.253136 -0.967431 -0.00125122 -0.431875 -0.901933 -5.59353e-05 -0.670059 -0.742308 -0.00188525 -0.819141 -0.573589 0.000807299 -0.937914 -0.346866 -0.000798624 -0.995241 -0.097437 0.941004 -0.0628497 -0.332507 0.2205 0.540081 0.812214 -0.198247 0.97921 0.0429603 -0.0587557 0.996141 -0.0652031 0.122488 0.992366 0.014396 0.271485 0.542512 0.794969 0.290851 0.663634 0.689199 0.106521 0.730046 0.675045 -0.00288378 0.741721 -0.670703 0.153481 0.877475 0.454402 -0.675858 0.376548 -0.633583 -0.043335 0.66285 0.747497 2.59366e-05 1 -0.000846956 0.000123218 0.999999 -0.00166214 0.000123146 0.999415 -0.0342048 9.83044e-05 1 -0.000128172 -2.60521e-05 1 0.000846767 -0.000123218 0.999999 0.00166098 -0.000123145 0.999404 0.0345116 -9.83698e-05 1 0.000128222 -0.559683 0.0577219 -0.826694 -0.137115 0.0539701 -0.989084 -0.521016 0.0512223 -0.852009 0.000440502 1 -0.00038573 0.560048 0.0446569 0.827256 -0.0790369 0.799149 0.595914 0.521148 0.0461247 0.852219 -0.000537646 1 0.000458846 -0.0136785 -0.998916 -0.0444846 -0.0118248 -0.999537 -0.028047 -0.0198486 -0.99964 -0.0180638 0.00196301 -0.999998 -0.000358127 0.00030581 -1 0.000245478 -0.000747817 -0.999999 0.00104211 0.0116809 -0.99993 -0.00195181 0.00225854 -0.999997 0.00126863 0.00140955 -0.999999 -0.00101654 0.00292082 -0.999996 2.16117e-05 -0.000237693 -0.999999 0.00138078 -0.000619656 -1 0.000189901 0.000840293 -0.999999 -0.000782098 0.0010317 -0.999998 -0.00175598 0.00121603 -0.999998 -0.00152363 -0.000830004 -0.999999 0.00137166 0.000370478 -0.999999 -0.00123283 0.000206874 -1 0.000117767 -0.00154886 -0.999999 0.000362233 0.000785447 -1 -0.000385998 2.74968e-05 -0.999994 -0.0033517 -0.0211433 -0.998951 -0.0406218 0.000639741 -1 0.000201142 -0.00214085 -0.999997 0.000832232 -0.00246058 -0.999997 -1.8079e-05 0.00146714 -0.999998 -0.00168709 0.000320118 -1 -3.79593e-05 0.000249892 -1 -0.00020914 0.00104218 -0.999998 -0.00174732 -9.65786e-05 -0.999995 -0.00319475 0.982612 -7.76949e-05 -0.185669 0.974236 -0.00847779 -0.22537 0.993234 0.00830194 -0.11583 0.999924 -0.00987033 0.00737492 0.99324 0.00755705 0.11583 0.974102 -0.0078424 0.225973 0.972214 -0.00941661 0.233906 0.969534 -0.0141408 0.244547 0.933933 0.0106228 0.357291 0.881202 -0.0239433 0.472133 0.807573 0.037511 0.588574 0.208025 0.0250728 0.977802 -0.0450225 0.0213404 0.998758 -0.237054 -0.0153594 0.971375 -0.230791 -0.0108458 0.972943 -0.461857 0.00912735 0.886907 -0.626923 0.0170169 0.778896 -0.807874 0.0251672 0.588818 -0.93697 0.0130094 0.349167 -0.982613 -7.78886e-05 0.185667 -0.974236 -0.00847835 0.225369 -0.993234 0.00830061 0.115836 -0.993239 0.00755579 -0.115838 -0.974102 -0.00784252 -0.225973 -0.972214 -0.0094168 -0.233906 -0.969535 -0.01414 -0.244545 -0.933851 0.0106723 -0.357504 -0.891887 -0.0176833 -0.451913 -0.8078 0.0251077 -0.588921 -0.0700639 0.00431109 -0.997533 0.208222 0.00533974 -0.978067 0.230791 -0.0108458 -0.972943 0.461857 0.00912739 -0.886907 0.626919 0.0170183 -0.778898 0.807816 0.0251292 -0.588899 0.93692 0.013051 -0.349301 0.970076 -0.0209594 -0.241895 0.655053 -0.0290713 0.755023 0.383754 -0.0290028 0.92298 0.0838688 -0.0266157 0.996121 -0.509295 -0.0181614 0.8604 -0.739544 -0.0258607 0.672612 -0.891888 -0.0177069 0.451909 -0.970077 -0.0209593 0.241892 -0.999924 -0.00987263 -0.00737498 -0.721723 -0.037952 -0.691141 -0.397948 -0.0410482 -0.916489 0.509294 -0.0181608 -0.860401 0.739544 -0.0258556 -0.672612 0.891898 -0.0176837 -0.45189 -0.473937 -0.851016 -0.226177 -0.57489 0.267687 0.773205 -0.894157 0.391304 0.217634 0.00880856 -0.361112 -0.932481 0.560795 0.580351 -0.59051 0.870742 0.490165 0.0393351 0.363955 -0.0765903 0.928262 0.74316 -0.400304 0.536162 0.804818 -0.306721 -0.508124 0.0161892 -0.40038 -0.916206 -0.828662 -0.544111 -0.131387 -0.983592 -0.130128 0.124958 -0.72592 -0.310372 0.613767 -0.146835 -0.298465 0.943058 -0.0551351 0.0575096 0.996821 0.379349 -0.0205482 0.925025 0.712744 0.123402 0.690484 0.917706 0.39219 0.063263 0.543864 0.176935 -0.820308 -0.629314 -0.202314 -0.750355 -0.808227 0.388641 -0.44241 -0.546963 0.128153 0.82729 -1.12383e-08 0.707066 -0.707147 -1.13312e-08 0.707066 -0.707147 0 1 0 0 1 0 0.0117393 0.986435 -0.163735 0.0226341 0.998615 -0.0474942 0.0200598 0.998406 0.0527503 0.0127808 0.991813 0.127058 -8.46657e-08 1 -4.06411e-07 -6.35989e-08 1 2.30082e-08 -8.46657e-08 1 4.44438e-07 0.0339809 0.983375 -0.178377 -0.241839 0.969912 -0.0280054 -0.158329 0.984719 0.0725255 -0.0316316 0.999314 0.0192725 -0.042772 0.999059 -0.00716115 -0.0355806 0.999157 -0.0204928 -7.31324e-08 1 -7.27037e-07 0 1 0 0.00234101 0.998205 0.0598481 -0.00397922 0.999152 0.0409695 -0.0232271 0.99945 -0.023658 0.00971634 0.992092 -0.125139 0 1 0 -6.35989e-08 1 -7.79368e-09 -1.89059e-08 1 -9.39711e-07 -0.0324919 0.983564 0.17761 0.241836 0.969913 0.0280071 0.158328 0.98472 -0.0725227 0.0494968 0.998215 -0.033424 0.0521919 0.998497 0.0167356 0.0188889 0.999601 -0.0209801 0.0830127 0.894285 0.439732 -0.109408 0.993918 0.0125569 0.080791 0.996725 0.00352352 -6.97295e-09 1 1.18683e-06 -1.42356e-08 1 9.74775e-07 -0.0820213 0.895385 -0.437673 0.10941 0.993917 -0.0125579 -7.8699e-08 0.707067 0.707147 -7.93493e-08 0.707067 0.707147 -0.0182383 0.117727 0.992878 -4.80933e-08 5.1737e-08 1 -0.798854 -0.0460637 0.599758 -0.976192 0.140829 -0.164974 -0.758917 -0.134719 0.637099 0.976182 0.140898 0.164972 0.75862 -0.137541 -0.63685 0.300786 0.540135 0.785991 0.849767 0.424098 -0.313108 0.445156 0.754278 -0.482598 -0.706057 0.708153 0.0015432 -0.740621 0.314213 -0.593929 0.228376 0.374634 0.898607 0.000761493 0.354994 -0.934868 -0.774054 0.388987 0.49953 0.673416 -0.116312 -0.730056 -0.996058 -0.0886757 0.002177 0.3566 -0.0671482 0.931841 0.985156 0.0918992 -0.144988 -0.368882 0.104346 0.923601 -0.683083 0.128724 -0.718908 -0.923331 0.186045 0.335927 -0.47622 0.785005 -0.396209 0.00222528 0.677446 0.735569 0.44838 0.418698 0.789714 0.974093 0.222122 0.0424829 0.451704 0.335107 -0.826841 0.00692836 0.672862 0.739736 0.693762 0.609445 -0.383759 -0.328597 0.407202 -0.85218 0.874501 -0.0353296 -0.483736 0.32716 0.0689563 -0.94245 -0.766398 -0.0778288 -0.637634 0.00302008 -0.0583749 0.99829 0.994533 0.085201 0.0603757 -0.216702 0.0188822 0.976055 -0.857665 -0.0299948 -0.513334 0.861471 -0.49224 0.124769 -0.518065 -0.718792 -0.463624 -0.135649 0.681347 0.719281 0.435828 0.739299 -0.513314 0.734039 0.679016 0.0111435 -0.87659 0.481193 -0.00659159 0.584158 -0.430575 -0.688015 0.192334 -0.194236 0.961915 -0.857534 0.513395 -0.0325555 -0.307193 0.91732 -0.253293 -0.216601 0.900063 0.378114 0.790897 -0.300089 0.533319 0.281808 0.493091 -0.823071 0.455525 0.49327 -0.741068 -0.473947 0.425293 0.771038 0.247539 -0.439142 0.863643 -0.0202619 -0.356783 -0.933968 -0.468957 0.796735 -0.381174 0.421782 0.472318 0.773961 0.808412 -0.362752 -0.463553 -0.147114 -0.486368 0.86128 0.761003 0.610482 0.219516 -0.548326 0.106431 0.829465 -0.517318 0.366188 -0.773491 0.755086 0.028501 -0.655006 0.466599 -0.221829 0.856199 -0.870749 -0.490882 0.0288124 -0.372062 0.880274 -0.294427 0.77122 0.335732 0.540836 0.0682672 -0.177722 -0.98171 -0.886082 -0.235735 0.399108 0.700067 0.450557 0.55399 0.548283 0.124826 -0.826925 0.420119 0.362345 0.831989 -0.939702 -0.132386 -0.315333 0.70828 -0.429176 0.560489 -0.610489 -0.627626 -0.483103 0.0182383 0.117727 -0.992878 4.80933e-08 -5.17446e-08 -1 1.15791e-07 -1 2.45621e-07 6.46678e-08 -1 4.93437e-07 -1.21338e-07 -1 1.63578e-07 -1.02342e-07 -1 3.34127e-08 -2.81966e-08 -1 3.79183e-07 1.20508e-07 -1 3.12317e-07 1.47674e-07 -1 2.89932e-07 1.6263e-07 -1 2.98465e-07 -0.000232274 -1 5.71737e-05 -0.00144169 -0.999997 0.00190224 1.51047e-07 -1 1.9566e-07 6.50237e-07 -1 6.2454e-07 1.25295e-07 -1 2.79963e-07 -1.17413e-07 -1 4.91846e-07 0.000477099 -1 -0.000129367 0.000612703 -1 -8.98702e-05 -8.59356e-05 -0.999999 -0.00105217 1.67611e-07 -1 5.32993e-07 4.19739e-07 -1 -2.42648e-07 0.00010991 -1 -0.000130218 1.43175e-07 -1 2.42539e-07 -0.00197678 -0.999984 -0.00521825 -0.000673999 -0.999986 -0.00520475 1.25673e-07 -1 4.05013e-07 7.38009e-09 -1 3.29017e-07 1.20669e-07 -1 3.28235e-07 1.05719e-07 -1 3.35606e-07 1.07765e-07 -1 4.09478e-07 2.34483e-07 -1 1.80498e-07 0.000380148 -1 -3.82374e-05 -1.24945e-08 -1 1.3876e-07 -3.02904e-06 -1 0.000139899 -2.81618e-05 -1 0.000127378 5.87261e-08 -1 1.28097e-08 -3.89563e-05 -1 8.93068e-05 2.14526e-07 -1 6.54568e-08 -4.0618e-07 -1 2.54559e-07 6.6594e-07 -1 2.60564e-07 1.46244e-07 -1 3.03184e-07 4.9341e-08 -1 1.4581e-07 5.08797e-08 -1 1.43307e-07 3.99712e-08 -1 2.15452e-07 0.413368 -0.0201157 0.910342 0.951859 -0.0283882 0.305219 0.828635 -0.0161357 -0.559557 0.36079 0.0111295 -0.932581 -0.203906 -0.0199874 -0.978787 -0.866107 -0.0319262 -0.498839 -0.853837 0.0180851 0.520226 -0.31289 -0.0199875 0.949579 0.0484524 0.0260232 0.998486 0.799606 0.0239232 0.600048 0.95186 0.0283881 -0.305217 0.372748 0.0136076 -0.927833 -0.541183 0.0260154 -0.840502 -0.986169 0.0263289 -0.163637 -0.786677 -0.0164254 0.617146 -0.0445401 -0.998916 -0.0135625 -1.39264e-05 -1 -0.000842527 -0.000301701 -1 -3.54921e-05 -0.000371277 -1 1.08954e-06 0.0014284 -0.999997 0.00193657 0.000319754 -1 2.65139e-05 6.40198e-05 -1 -0.000688758 -0.0223077 -0.999629 -0.0156438 1.05565e-05 -1 0.000837587 0.000307736 -1 7.00385e-06 -0.000309973 -1 1.03026e-07 -6.38748e-05 -1 0.000688549 -0.292428 -0.950333 -0.106553 -0.224887 0.930423 0.289377 0.0994887 0.883155 -0.45841 0.331438 -0.625439 0.706382 -0.144545 -0.989486 0.00499439 -0.833525 -0.20375 0.513539 0.0427494 -0.999057 0.00757206 0.948169 -0.310763 0.066349 -0.365705 -0.460446 -0.808857 -0.466505 -0.368923 0.803908 -8.21733e-05 0.999997 -0.00230983 0.583065 0.600471 -0.547238 -0.857321 0.511435 -0.0586027 0.236939 0.284408 0.928963 -0.0432371 -0.993933 0.101137 0.0286461 -0.990759 -0.132578 0.290228 -0.955934 0.044243 0.566376 -0.693008 -0.446047 -0.0649892 -0.969439 0.236567 0.311184 -0.948683 -0.0562542 -0.693418 0.180614 -0.697531 -0.840112 -0.527796 0.125075 -0.890886 -0.136905 0.433104 0.0718345 0.399739 -0.91381 0.520292 -0.136953 0.842936 0.734705 0.257569 0.627588 0.938589 0.0981049 0.330797 -0.958501 0.00796747 0.284979 -0.53907 -0.409257 0.736147 -0.0288459 0.0139955 0.999486 -0.798778 0.601345 -0.018369 0.729194 0.684104 0.0166617 -0.716643 0.689729 -0.103427 0.690968 0.624384 -0.364291 -0.686044 0.554936 -0.47052 -0.105529 0.401083 0.909943 0.368686 0.736375 -0.567294 -0.301384 0.794507 0.527187 0.508654 0.855715 0.094988 -0.413834 -0.457431 -0.787082 0.399256 -0.87106 -0.286093 -0.492931 0.565951 0.660847 -0.280816 -0.95965 -0.0146087 0.62431 -0.780131 0.0404158 -0.512185 0.858875 0.000314157 -0.4172 -0.9088 0.00511572 0.494828 -0.855308 0.153601 -0.547409 -0.819758 -0.168347 0.248171 -0.963448 -0.100892 0.268087 0.963224 0.0181378 0.583462 -0.808248 -0.0794127 -0.235625 -0.90547 -0.352995 -5.31676e-08 1 0 -5.32565e-08 1 2.9665e-09 -5.31577e-08 1 -3.29067e-09 -5.32565e-08 1 0 0.000390839 -0.999785 0.0207277 6.37598e-08 -1 -4.46173e-09 0.00927289 -0.999928 0.00763037 7.40615e-08 0 -1 0.707379 0 -0.706835 -0.998272 -0.0587571 0.000473643 -0.995915 0.0111986 -0.0896032 -0.998867 0.0475666 0.00146463 -0.997277 -0.0403307 -0.0617354 -0.99926 0.0384639 0 -0.998222 -0.0214969 0.0556031 -0.997503 -0.0107376 0.0698025 -0.997916 -0.064533 0.000431985 0.707379 0 0.706835 -7.40615e-08 0 1 -0.00102435 -0.0492926 0.998784 1 -0.000232747 -0.000867605 -0.00102416 0.0492927 -0.998784 0.00234863 0.61411 0.789217 -0.00294315 0.148045 -0.988976 0.889144 0.453378 -0.0622199 0 -1 0 0 -1 0 0.00295168 -0.148927 -0.988844 -0.00295186 -0.148494 0.988909 -0.175275 -0.146196 0.973604 -1.59921e-05 -0.148504 0.988912 -0.988028 -0.154273 -0.000829649 -0.00311602 -0.0518048 0.998652 0.00308562 -0.148503 -0.988907 -0.181679 -0.146024 -0.972456 -0.00295171 -0.148494 -0.988909 0.00295154 -0.148927 0.988844 1 0 0 -0.00767612 -0.649973 -0.759919 -0.0138567 0.99941 -0.0314342 -0.705344 0.105508 -0.700969 0.0123503 0.707068 -0.707038 4.35394e-08 0.326532 -0.945186 -0.0603154 0.705834 -0.705805 0.824468 0.078308 -0.560464 0.9354 0.353443 0.010255 -0.011719 0.999861 -0.0118298 0.705029 0.104896 0.701378 0.00173315 0.341251 0.939971 -8.76479e-08 0.282276 0.959333 -0.544245 0.590436 0.595973 -0.686776 -0.154212 0.710322 -0.534034 -0.489957 0.689021 -0.00335078 0.342589 0.93948 0.00460225 0.851344 0.524588 -0.00839991 0.993011 -0.117725 -0.740129 0.0276701 0.671895 -0.419598 0.907705 0.00314285 -7.05922e-08 0 1 -7.05922e-08 0 1 -0.154782 0 0.987949 -0.144331 -0.00217388 0.989527 -0.489787 0.00435472 0.871832 -0.78821 0.00257838 0.615401 -0.779597 0.0113964 0.626178 -0.237546 0.093976 0.96682 -3.25602e-05 -0.000274686 1 -1.78497e-05 -0.000150326 1 -0.176967 0.0522033 0.982831 -0.783261 -0.0163505 0.621478 -1 -0.00014579 0.000221045 -1 0.000273723 9.47746e-07 -1 0.000129076 -7.58569e-05 -1 0.000270669 1.62396e-07 -1 0 0 -1 0 0 -0.853735 -0.0284494 -0.51993 -0.748809 0.0605604 -0.660013 -0.221701 -0.0528687 -0.97368 -5.46831e-05 1 -7.62815e-06 -1.33204e-05 1 1.99343e-05 -7.52378e-06 1 -4.37757e-05 0.0790451 0.996869 -0.00181474 -0.0143108 0.996205 0.0858526 -0.00884892 0.9998 0.0179129 -0.000111524 1 -5.03969e-05 -5.3951e-05 1 -0.000382056 -6.46218e-08 1 4.9142e-07 0.000114635 1 0.000299067 0.0483204 0.997358 0.05425 0.0114841 0.998788 0.0478689 0.114489 0.984496 -0.132889 -0.175725 0.982763 -0.0574306 -0.179989 0.967536 -0.177418 -0.000131785 1 -0.000441485 0.00660212 0.989122 0.14695 0.000125959 1 -0.000425489 0.000561542 1 -0.000139357 0.00119183 0.999999 -9.87202e-06 0.000560965 1 9.18513e-05 0.000686627 1 5.24947e-05 -0.168052 0.980238 0.104361 -0.694021 0.719914 -0.0076626 -0.397562 0.375978 0.83701 -0.00534694 0.999985 0.000730261 -0.011137 0.993842 -0.110246 0.113731 0.985687 0.124444 0.000102257 1 0.000271697 0.000102458 1 0.000357751 6.56957e-05 1 0.000499466 -5.63955e-05 1 0.00048349 -0.000147323 1 0.000104375 -0.0560732 0.948703 -0.311157 -0.0721025 0.995798 0.0564548 0.0436606 0.996434 0.0721959 0.000174815 1 0.000596997 2.2522e-05 1 1.62438e-05 -0.000410465 1 0.000647017 3.18147e-05 1 -2.52238e-05 0.000282161 0.999998 -0.0019139 3.52926e-06 1 0.000857808 -0.000153302 1 0.000496963 -0.000177624 1 0.000311386 -0.321639 0.946026 0.0397915 5.23535e-05 1 -0.00011248 6.78427e-06 1 -2.09899e-05 -5.46831e-05 1 7.04498e-05 -0.000587412 1 -5.23705e-05 0.00026733 1 -0.00093871 0.00264718 0.999884 -0.0150015 -0.00196764 0.999995 -0.00243612 0.00384959 0.999979 0.00527166 0.000890069 0.999995 -0.00302611 -0.000478735 0.999995 0.0032026 -5.55629e-06 1 -9.8403e-05 -1.71893e-07 1 -3.57962e-08 2.82404e-06 1 -2.67462e-06 0.00071886 0.999999 0.00151653 0 1 0 -0.011378 0.999535 -0.0282999 -0.0128551 0.997582 -0.068301 -0.0010455 0.999998 -0.00186542 2.15506e-07 1 -8.5306e-07 -0.0140475 0.999291 0.0349392 0 1 0 0.0356951 0.999346 0.00579785 0.0496226 0.998719 0.00993514 0.000147651 1 0.000184662 0.00117324 0.999997 -0.00203205 -0.00946518 0.992612 0.120964 -0.153203 0.971532 -0.180705 6.71921e-06 1 2.31082e-05 -0.000491658 1 0.000462288 8.53724e-05 1 -2.89602e-05 0 1 0 -0.00772746 0.999776 0.0196947 0.0103966 0.999917 -0.00764902 -0.000604167 1 -0.000148679 -3.65478e-05 1 5.78759e-05 0.0166007 0.999648 -0.020714 0.177634 0.932275 -0.315133 -0.0438401 0.999034 -0.0029317 0.0110635 0.999939 0.000739843 -0.0393622 0.996393 -0.0751811 0.00214007 0.999988 -0.00431581 -0.000180765 0.999985 0.00554991 0.00270217 0.999966 -0.00782501 0.0706526 0.997492 -0.00424886 -1 0 0 -1 0 0 0.998022 0.0293526 -0.055592 3.98569e-08 -9.01338e-08 -1 3.99423e-08 -9.1306e-08 -1 -3.98757e-08 9.1306e-08 1 -3.98569e-08 9.10479e-08 1 0 -1 0 0 -1 0 5.32184e-08 -1 5.32814e-08 5.31425e-08 -1 -5.32054e-08 0 -1 0 -0.999655 -0.00975426 -0.0243854 0.000714677 -0.0100062 0.99995 5.31425e-08 -1 -5.30788e-08 -3.99423e-08 9.1306e-08 1 -3.98569e-08 9.01338e-08 1 0.99766 0.0293419 0.0617591 -1 0 0 -1 0 0 3.98569e-08 -9.11497e-08 -1 3.98683e-08 -9.1306e-08 -1 0 -1 0 0 -1 0 5.32184e-08 -1 5.31546e-08 5.31425e-08 -1 -5.30788e-08 0 -1 0 -0.999655 -0.00975512 -0.0243868 0.000712975 -0.00997034 0.99995 5.31425e-08 -1 -5.32054e-08 0.00579106 -0.292199 0.95634 -0.0015428 0 0.999999 -0.997274 -0.0737674 -0.00179482 -0.00154272 0 -0.999999 0.00552861 -0.278949 -0.96029 0.999959 0.00807669 0.00410563 0.999961 0.00879273 0.000923639 0.999656 0.026172 -0.00146579 0.999992 0.00392101 0 0.999979 0.00647455 0 0.999664 0.0256125 -0.00395333 0.144977 0 -0.989435 0.208436 0.0132237 -0.977947 0.987109 -0.0123281 -0.159573 0.927854 0.011359 -0.37277 1 5.8274e-05 -1.74474e-05 1 0 0 0.98946 0 0.144809 0.985721 0.00489953 0.168314 0.846628 0.000723955 0.532184 0.159429 -0.000610371 0.987209 0.531657 -0.00326944 0.846954 0.156595 0 0.987663 -0.125519 0.00591471 -0.992074 -0.154372 0 -0.988013 7.05922e-08 0 -1 7.05922e-08 0 -1 -0.914506 0.403318 0.031838 -0.493684 -0.158573 0.855062 0.410084 0.212087 0.887046 0.632989 0.76581 0.113405 -0.922556 0.343011 -0.176732 -0.345601 0.127478 0.929682 0.497146 0.11969 0.859372 0.997588 -0.0645238 0.0255874 0.393169 0.661812 -0.638297 0.0908304 0.540025 0.836733 0.589008 -0.169053 -0.790247 -0.392978 0.381266 -0.836782 -0.536533 0.0524136 -0.84225 -0.584559 0.121555 -0.802194 -0.544153 0.817312 -0.189468 -0.46895 -0.0744656 0.88008 0.359256 0.325994 0.87445 0.592855 -0.115888 0.796927 0.763687 0.631235 -0.135371 -0.288836 0.791834 -0.53812 -0.360819 -0.332842 0.871221 0.64002 0.710461 0.29261 0.0018974 0.956027 -0.293272 -0.730672 0.67313 0.114083 -0.202996 -0.148634 0.967833 0.962776 0.187696 0.194507 0.929038 -0.101375 0.355826 0.058028 0.352842 -0.933882 -0.0901226 0.986473 -0.136924 0.138501 0.981737 0.130425 0.0937748 0.931096 -0.352515 -0.175613 -0.976235 -0.126988 0.970616 0.0503759 0.235302 0.843883 0.0190592 0.536189 0.569353 0.0199995 0.82185 0.275547 -0.00817712 0.961253 -0.0132078 0.0325217 0.999384 -0.268669 0.0230506 0.962957 -0.489685 0.0138287 0.87179 -0.745779 -0.064832 0.663031 -0.890284 0.0518239 0.452447 -0.973207 -0.0886163 0.21217 -0.996955 0.0480603 0.0614123 -0.972805 0.0187805 -0.230865 -0.853249 0.0524434 -0.51886 -0.573951 0.0621887 -0.816525 -0.273998 0.0195305 -0.961532 0.0132002 0.0351953 -0.999293 0.293788 0.0123271 -0.955791 0.583867 0.0632081 -0.809385 0.853614 -0.0153392 -0.520681 0.951318 0.0348616 -0.306233 0.997868 0.0219122 -0.0614773 0.989801 -0.0350527 0.138075 0.832327 -0.0116778 0.554161 0.574559 0.0126681 0.818365 0.285979 -0.0192225 0.958043 -0.130098 -0.0654536 0.989338 -0.521595 -0.0247409 0.852834 -0.807608 0.0605674 0.586602 -0.968499 -0.0651313 0.240351 -0.986428 -0.0295274 -0.161516 -0.903386 -0.0334723 -0.42752 -0.662421 -0.0473713 -0.747633 -0.353345 -0.0313824 -0.934967 -0.130376 -0.022354 -0.991213 0.115824 -0.0237257 -0.992986 0.294747 0.0130177 -0.955487 0.495216 -0.0329989 -0.868143 0.787168 -0.0220623 -0.616344 0.879535 0.0597061 -0.472074 0.990114 -0.0299791 -0.137027 -0.220141 0 -0.975468 -0.226242 0.00475619 -0.97406 -0.357962 0.0126102 -0.933651 -0.793403 0.00703523 -0.608657 -2.86629e-05 0.000242884 -1 6.77942e-08 0 -1 -0.0029433 0.148045 0.988976 0.84066 0.536255 0.0756349 0.00231641 0.627821 -0.778354 -4.31168e-08 1.0123e-07 1 -4.31168e-08 1.0123e-07 1 0.00149717 0.998022 0.0628503 -0.000601688 0.999135 0.0415923 0.00208213 0.999638 -0.0268096 0.00257447 0.999715 -0.0237219 -5.7488e-08 1 -2.5018e-05 -0.0262531 0.993372 -0.11191 0.0292456 0.997981 0.0563705 7.22759e-05 1 0 -5.74991e-08 1 0.000225869 -4.6573e-05 1 -0.000147659 0.00257409 0.999738 -0.0227601 0.0140887 0.99817 0.0588062 -0.0653965 0.989753 -0.126931 -6.54565e-06 1 0 -0.0113409 0.999306 0.0354819 0.0118166 -0.999842 -0.0133019 -0.092788 -0.99157 0.0904414 -0.789758 -0.13613 -0.598123 0.521735 -0.0142052 -0.852989 -0.329844 -0.811419 -0.482496 0.0309518 -0.96885 0.245707 0.548214 -0.833675 0.0666819 0.0685487 -0.997281 -0.027041 -0.380472 0.871541 -0.309284 0.706459 -0.274305 0.652435 -0.594099 0.0233985 0.804051 -0.61722 -0.785341 -0.0477373 -0.11614 0.0148509 -0.993122 0.11705 -0.00798571 0.993094 4.31168e-08 -1.0123e-07 -1 4.31168e-08 -1.0123e-07 -1 0.799977 0.598713 0.0397442 0.792281 0.113638 0.599481 0.99658 0.0816852 -0.0125191 0.99056 -0.085696 -0.106994 -0.88833 -0.423902 -0.176572 -0.994896 -0.0972252 -0.0270077 -0.167336 0.985688 -0.0204211 -0.0455126 -0.998369 -0.0344772 -0.835826 0.548988 -0.00255418 -0.028491 0.657049 -0.75331 -0.0136193 0.972674 -0.231776 -0.95104 0.298847 0.0788272 -0.898883 0.338926 -0.277739 -0.0518975 -0.585948 -0.808685 -0.0123327 0.66216 -0.749261 -0.999426 -0.0330357 -0.0074504 -0.0104672 0.0996254 -0.99497 -0.0150145 0.0569044 -0.998267 -0.977885 -0.061143 -0.200005 -0.0126036 0.140114 -0.990055 -0.0105157 -0.553543 -0.832754 -0.902847 -0.34414 0.257748 -0.00525883 -0.829885 -0.55791 -0.911678 0.403303 -0.0786745 -1 0 0 -0.00587581 -0.376449 0.926419 0.0745887 0.773534 -0.629351 -0.849152 0.122214 -0.513813 -0.950378 0.264905 -0.163116 -0.969549 0.106064 -0.220738 -0.977216 -0.0612009 -0.203233 -0.773649 -0.350752 -0.527674 -0.867092 -0.413411 -0.277926 -0.990735 -0.133109 -0.0269305 -1 0 0 -1 0 0 -1 0 0 -0.997972 -0.038182 0.050927 -0.99574 -0.0915142 -0.0113002 -0.0276915 -0.990446 0.135092 -0.0878696 -0.994579 -0.0556035 0.00413295 -0.68042 -0.732811 -0.0820866 -0.120245 -0.989345 -0.980761 -0.0459155 0.189735 -0.929532 0.0523351 0.36501 -0.657571 0.699861 0.278916 -0.887268 0.407667 0.215784 -0.548622 0.799299 -0.245224 -0.106588 0.906271 0.409038 -0.0192504 -0.397406 0.917441 -0.0300372 -0.774349 0.632046 -0.83809 0.150034 -0.524495 -0.892371 -0.427886 -0.143482 -0.493734 0.413529 0.764997 -0.545212 0.803118 0.240301 -0.782639 0.575959 -0.23611 -0.522966 0.750526 -0.404002 -0.919573 -0.0377804 0.391099 -0.969429 0.0244466 0.244151 -0.00525741 0.707704 0.70649 -0.600328 0.565997 0.565026 -0.931529 0.320823 0.17125 -0.893283 -0.29266 -0.341167 -0.569726 -0.821267 -0.030547 -0.994607 0.0992562 0.0300711 -0.493258 -0.869883 0.000744304 -0.533208 0.030829 0.845422 0.103397 -0.994638 0.0019307 -7.11394e-08 0.707128 0.707086 0.000715196 0.728344 0.685211 0.218751 -0.975582 0.0196812 4.16493e-05 -0.0996412 0.995023 0.00404551 0.818386 -0.574654 -1.01627e-08 0.707107 -0.707107 0.229597 -0.0741552 -0.970457 0.00290571 -0.999996 -0.000203334 -0.0651586 0.996581 0.0507923 7.09706e-08 -0.637811 -0.770193 -6.52012e-05 -0.775701 -0.6311 5.9192e-08 -0.883824 -0.46782 5.86925e-08 -0.958034 -0.286653 4.91115e-08 -0.99553 -0.0944447 -6.80272e-05 -0.994847 0.101392 2.47083e-08 -0.955881 0.293753 0.000128299 -0.881663 0.471879 -3.38863e-09 -0.771281 0.636495 -4.51481e-05 -0.63277 0.77434 -5.25052e-08 -0.0961529 0.995367 -6.39171e-08 0.0996308 0.995025 -6.06039e-05 0.472455 0.881355 -8.21865e-08 0.635162 0.772379 -7.90069e-08 0.882188 0.470898 -7.2812e-08 0.957042 0.289949 -6.38283e-08 0.995192 0.097944 1.38029e-06 0.995189 0.0979689 6.65607e-08 -0.475532 -0.879698 -5.19854e-05 -0.638557 -0.769575 6.23317e-08 -0.774949 -0.632024 6.65569e-08 -0.883824 -0.46782 5.92811e-08 -0.958034 -0.286653 -3.52505e-05 -0.995592 -0.0937904 3.78487e-08 -0.994972 0.100155 2.54031e-05 -0.956019 0.293305 1.03997e-08 -0.880534 0.473984 -7.06242e-05 -0.770443 0.637509 -3.84785e-08 -0.288344 0.957527 -5.25213e-08 -0.0961529 0.995367 3.71137e-05 0.290977 0.95673 -8.03929e-08 0.471489 0.881872 -8.11207e-08 0.77347 0.633833 -7.69592e-08 0.882188 0.470898 -0.00996269 0.993792 0.110806 -7.2812e-08 0.957042 0.289949 0.00657272 -0.998821 -0.0480983 0.0115114 -0.993488 -0.113354 -0.0038192 -0.846938 -0.531677 8.92281e-06 -0.298943 -0.954271 -1.06666e-05 -0.557599 -0.83011 0.0162067 -0.99522 -0.0963025 1.41462e-05 -0.608665 0.793427 -8.24653e-06 -0.298914 0.95428 -0.00297587 -0.942441 0.334359 -0.00378869 -0.674022 0.738701 -0.00334554 -0.946634 0.322293 -0.0248241 -0.993009 0.115401 0.0564756 -0.998075 -0.0256226 -0.000741836 -0.960423 0.278546 -0.00545506 0.994458 -0.10499 -5.25204e-08 0.995192 -0.097944 -6.08282e-08 0.995192 -0.0979439 -3.89516e-08 0.957042 -0.289949 5.96948e-05 0.881663 -0.471879 -8.23256e-09 0.77408 -0.633088 2.38757e-08 0.472455 -0.881355 6.3734e-08 -0.0961529 -0.995367 7.27466e-08 -0.288346 -0.957526 7.90398e-08 -0.469387 -0.882993 1.27298e-05 -0.632535 -0.774531 3.76799e-05 -0.770835 -0.637035 4.94871e-08 -0.994847 -0.10139 3.80821e-08 -0.99553 0.0944463 2.52174e-08 -0.958036 0.286649 6.33246e-09 -0.775701 0.6311 -5.7974e-09 -0.63781 0.770194 -1.07568e-08 -0.475546 0.879691 5.28018e-05 0.77347 -0.633833 8.01209e-09 0.635162 -0.772379 3.8823e-08 0.291639 -0.956528 7.27466e-08 -0.288346 -0.957526 5.92792e-08 -0.956019 -0.293305 4.94006e-08 -0.994847 -0.10139 3.79592e-08 -0.99553 0.0944463 1.66395e-08 -0.88382 0.467827 6.2402e-09 -0.775701 0.6311 4.15988e-09 -0.63781 0.770193 -0.0150293 0.996784 -0.0787097 0.921616 -0.388029 0.00762105 0.758282 -0.650286 0.0462214 0.0376432 -0.998874 -0.02887 0.918576 -0.394488 0.0244466 0.949589 0.300029 0.0908981 0.106173 -0.993624 -0.0379211 -0.0230716 -0.0996214 -0.994758 0.972833 0.17559 -0.150874 1 0 0 0.562769 0.293527 0.772743 0.0104662 0.0996425 0.994968 0.0104646 0.0961477 -0.995312 0.960777 -0.0799642 0.265543 0.0105158 -0.553543 0.832754 0.842203 0.533988 0.0745047 0.906866 0.413623 0.0806877 1 0 0 0.00587467 -0.376454 -0.926417 -0.312823 0.736766 0.599431 0.824169 0.239609 0.51316 0.773377 -0.35278 -0.52672 1 0 0 0.886849 0.384355 0.256459 0.379283 -0.920394 -0.0949732 0.805973 -0.374484 -0.458442 0.953471 0.00135521 0.301481 0.643196 -0.484271 0.593112 0.838808 0.267142 -0.474381 1 0 0 0.481927 0.871696 -0.0888407 1 0 0 1 0 0 -0.00955011 -0.875496 -0.483132 0.716615 0.328694 0.615161 0.844737 0.481801 0.232995 0.717223 0.690961 0.0903571 0.0296457 -0.993723 -0.107869 0.0930152 -0.993504 0.0655654 0.0815065 -0.108768 0.99072 0.992158 -0.0789541 0.0968949 0.0952559 -0.372474 0.923141 0.976111 -0.121535 0.180102 0.0104673 0.775659 -0.631066 1 0 0 0.0104656 -0.883767 0.46781 0.965168 0.00129981 0.261629 0.00525879 -0.922696 -0.385492 -0.91745 0.0396407 -0.395871 0.0107079 -0.555038 -0.831756 1 0 0 0.156707 -0.987101 0.0327847 -0.588382 0.774656 -0.231766 1 0 0 1 0 0 0.797578 -0.248226 -0.549776 0.964236 0.185518 0.189293 0.846731 -0.4909 -0.205093 1 0 0 1 0 0 1 0 0 0.454168 -0.565876 0.688125 0.46712 -0.847936 0.250604 0.949243 0.301032 -0.0912018 0.0952258 -0.988296 0.119174 0.589513 -0.807759 -0.000151233 0.474116 -0.663452 -0.578831 0.506666 -0.861975 -0.0169813 0.972431 -0.0438475 0.229031 -0.999519 0.00388922 0.0307652 -0.999349 0.0360298 -0.00187554 -0.998067 0.0621542 0 -0.998096 -6.52345e-09 -0.061673 -0.522972 0.100111 0.84645 -0.999988 -5.02951e-10 -0.00496841 0.74349 -0.0718031 0.664881 0.742452 -0.669276 0.028884 0.965713 -0.259613 0 0.962734 -2.50336e-08 -0.270449 0.529648 0.0649846 -0.845725 0.999976 7.07736e-10 0.00699138 -0.604981 -0.3609 -0.709753 -0.371802 -0.857253 -0.356202 0.0915656 -0.919032 0.3834 -0.854934 0.513328 0.0747163 -0.86558 -0.48927 -0.106711 -0.8796 -0.33155 0.341143 -0.861395 0.116894 0.494302 -0.0585367 -0.413957 0.908412 -0.59016 -0.727952 0.348994 -0.262018 0.965063 0.000245071 0.927059 0.0932204 0.363142 0.854171 -5.63127e-05 -0.519992 0.927403 0.0931748 0.362274 -0.999995 0.000588629 -0.00323587 -0.999995 0.00232952 -0.00222852 -0.999998 0.000247966 -0.00206527 -0.999997 -0.00193511 -0.00149089 -0.999997 0.00220122 0.000524842 -0.999966 0.0078184 0.00248122 -0.999978 0.00596239 0.00277652 -0.99998 0.00560089 0.00289828 -0.999978 0.00270426 0.00599058 -0.999898 1.54424e-06 0.0142582 -0.999976 -0.00383624 0.00580245 -0.999153 -0.0371992 0.017599 -0.999979 0.00131786 0.00633831 -0.999995 0.000689197 0.00294793 -1 -0.000946498 -0.000143941 -0.999999 0.00110588 -0.000520496 -1 -0.00036588 -3.43219e-06 -0.999995 -0.00101068 -0.00308215 -0.999998 0.000721446 -0.00169693 -0.999998 6.35627e-05 -0.00188335 -0.999861 0.0164128 0.00279104 -0.992158 -0.124509 -0.0109774 -0.999721 0.00106872 0.0236083 -0.999999 -0.000713186 -0.0009056 -1 0.000716219 0.00046255 -1 -0.000421546 0.00017324 -0.999749 -0.0223917 -0.00051061 -0.999754 -0.0221634 -0.00124922 -0.99968 -0.0244292 -0.00656267 -0.999878 -0.0128773 -0.00885246 -0.99988 -0.00820222 -0.0131549 -0.999847 -0.00122317 -0.0174769 -0.999756 0.0109688 -0.0191903 -0.999773 0.0178492 -0.011607 -0.999879 0.00507722 -0.0147346 -0.999967 0.00787349 -0.00219012 -0.999967 0.00452646 0.00672585 -0.999973 -0.00535265 0.00501863 -0.999969 0.0073975 -0.00262657 -1 0.00048633 0.000221388 -0.999765 0.0110921 -0.0186255 -0.999775 -0.00526257 -0.02057 -0.999761 0.0070537 0.0206886 0.712846 0.0554723 0.699124 0.736409 -0.0393761 -0.67539 -0.312307 0.949981 -0.0011221 -0.11391 0.0283026 0.993088 -0.206584 0.0209073 -0.978206 0.239207 -0.957258 -0.162593 0.589583 0.480415 -0.649302 0.142951 -0.82188 0.551433 0.81209 -0.216059 -0.542059 0.794308 0.558753 -0.238474 0.352812 0.85407 0.382214 -0.230378 -0.248732 0.940775 -0.524613 -0.8423 -0.123741 -0.107887 -0.43642 -0.893251 0.657562 0.308952 0.687139 0.844821 -0.463718 0.266913 0.827721 -0.493479 -0.267127 0.289337 0.957219 0.00406061 0.979991 0.00484018 -0.198985 -0.969704 -0.214158 -0.117521 0.995858 -0.0905588 -0.00809752 0.999978 0.00621994 -0.00243593 0.999994 -0.00346914 9.4847e-05 0.999993 -0.00361904 -0.000251405 0.999999 -0.000121439 -0.00138336 1 -0.000355079 -0.00050379 0.999999 -0.00119504 -0.000356424 1 -0.000776932 5.98545e-05 0.99977 -0.0143054 0.015986 1 -0.000174989 0.00063915 0.999929 0.0109853 0.00452837 0.999958 -0.00293646 0.00868736 0.999751 -0.0157831 0.0157613 0.999914 0.0104428 0.00799953 0.999994 0.00156896 0.00302249 0.999903 -0.0107629 0.00889836 0.999941 -0.000609697 0.0108535 0.999914 -0.0089121 -0.00957523 0.999315 -0.0122254 -0.0349298 0.999887 -0.00929053 0.0118213 0.999928 0.0114214 0.00378617 0.999752 -0.0009794 -0.0222391 0.309957 0.950367 0.0270011 0.066882 0.997752 0.00425581 0.268371 0.0396851 -0.962498 0.104057 0.00887723 -0.994532 0.349305 0.936998 0.00460955 0.195549 0.00460959 0.980683 -0.348437 0.935528 -0.0581337 0.999945 0.0103562 -0.00136326 0.999827 0.0177462 -0.00564635 0.999999 -0.00159531 0.000660851 1 -0.000405668 0.00031127 1 -0.000228339 0.000297596 1 -0.000143814 0.000347202 1 -6.72577e-05 0.000510705 0.999993 -0.000479101 -0.00363774 0.999999 -0.000494085 -0.00119283 1 -0.000583955 -0.00076107 1 -0.000749901 -0.000575377 0.999999 -0.00112653 -0.000466661 0.999996 -0.00287467 -0.000378499 0.999994 -0.00350795 0.000461906 0.999999 -0.00147119 0.000609439 0.999999 -0.000997806 0.000765587 0.999999 -0.000787771 0.0010266 0.999998 -0.000680429 0.00164271 0.999984 -0.000731697 0.00555692 0.999999 0.000179741 0.00136513 0.999999 0.000423024 0.00102128 0.999999 0.000724744 0.000944467 0.999998 0.00147813 0.00113417 0.999884 0.0140713 0.00582901 0.999956 0.00927486 0.00122098 0.999853 0.0156816 0.00688921 0.999992 -0.000658338 0.00386234 0.99887 -0.0475268 -0.000294787 1 -0.00039789 -0.000882953 -1 -9.41394e-05 0.000714947 -1 -0.000307038 0.00074126 -0.999999 -0.000816399 0.00106391 -0.999999 -0.00138985 0.00106649 -0.999999 -0.00138385 0.000573171 -0.999998 -0.00181999 0.000239645 -0.999989 -0.0047204 -0.000623321 -0.999999 -0.0014846 -0.000614898 -1 -0.00054716 -0.00041986 -1 -0.00032464 -0.000423104 -1 -0.000204759 -0.000494332 -1 -9.26492e-05 -0.00068981 -0.999999 0.000220463 -0.00167403 -0.999999 0.000435783 -0.00105208 -1 0.000475422 -0.000578535 -1 0.000775484 -0.000376582 -0.999996 0.00279893 -0.000368604 -0.999999 0.00125922 0.000165842 -0.999999 0.00095697 0.000396363 -0.999999 0.00087235 0.000669355 -0.999999 0.000976869 0.00127303 -0.999969 0.00303513 0.00732752 -1 0.0001128 0.000856712 -0.999997 -0.00174882 0.00181783 0.99916 -0.0397134 -0.0100714 -0.999995 0.000614405 -0.00314088 -0.999997 0.00262673 -0.000362605 -0.999996 0.00129095 0.00245891 3.00412e-07 -0.923889 -0.382661 2.65557e-07 -0.923869 0.38271 3.50929e-08 -0.991439 0.130568 -5.10868e-08 0.130575 0.991438 0.000275508 -0.899545 0.436827 -0.00028186 -0.793363 0.608749 -3.08056e-07 0.923869 0.382709 0.000154997 -0.634897 0.772597 -2.46416e-08 -0.382681 0.923881 -3.91966e-08 -0.130568 0.991439 -5.94895e-08 0.382683 0.92388 -6.38399e-08 0.608738 0.793371 -6.38402e-08 0.793347 0.60877 -5.10854e-08 0.991443 0.13054 -3.91977e-08 0.991442 -0.130547 -2.21864e-07 0.793375 -0.608733 -2.46428e-08 0.923889 -0.382661 2.08174e-08 0.382682 -0.92388 8.40336e-09 0.608778 -0.79334 3.50939e-08 0.130546 -0.991442 4.69816e-08 -0.13054 -0.991443 5.56653e-08 -0.38268 -0.923881 6.05565e-08 -0.608777 -0.793341 6.05561e-08 -0.793364 -0.608748 5.56662e-08 -0.923869 -0.38271 3.50939e-08 0.130546 -0.991442 4.69816e-08 -0.130539 -0.991443 5.56653e-08 -0.38268 -0.923881 6.13205e-08 -0.608777 -0.793342 6.05561e-08 -0.793364 -0.608748 4.6983e-08 -0.991439 -0.130574 3.09634e-07 -0.991446 -0.130518 2.97739e-07 -0.991447 0.130511 -8.40657e-09 -0.608738 0.793371 -2.46416e-08 -0.382681 0.923881 -3.91966e-08 -0.130568 0.991439 -5.10868e-08 0.130575 0.991438 -5.94895e-08 0.382683 0.92388 -6.38399e-08 0.608738 0.793371 -2.77296e-07 0.793375 0.608733 -5.94889e-08 0.92389 0.382659 -5.10854e-08 0.991443 0.13054 -3.91977e-08 0.991442 -0.130547 -2.73205e-07 0.923868 -0.382711 -8.40404e-09 0.793347 -0.60877 5.1196e-09 0.608778 -0.793341 2.08174e-08 0.382681 -0.92388 -1 -8.87722e-05 0.000674034 -1 -0.00021834 0.000527121 -1 -0.000392128 0.000511062 -0.999997 -0.00203278 0.00155984 -0.999999 -0.00156646 0.000648802 -0.999999 -0.00169816 0.00022364 -0.999996 -0.00265981 -0.000350304 -0.999996 -0.00266841 -0.00110522 -0.999999 -0.00118203 -0.000907024 -0.999999 -0.000747109 -0.000973609 -0.999999 -0.000498569 -0.00120375 -0.999998 -0.000245219 -0.00186192 -0.999968 0.00104057 -0.00790111 -0.999997 -0.000949513 0.0022926 -0.999998 -0.00124414 0.00162127 -0.999998 -0.00156479 0.00120072 -0.999996 -0.0025326 0.00104897 -0.999998 -0.00205292 0.000270374 -0.999998 -0.00186374 -0.000245445 -0.999998 -0.00181702 -0.000752576 -0.999999 0.00105647 0.000810669 -0.999999 0.000707995 0.000922702 -0.999999 0.000506024 0.00122166 -0.999998 0.000291884 0.00221635 -0.999998 0.000339046 0.00177583 -0.999998 -0.0015362 0.000913608 -0.999975 -0.00674164 -0.00195264 -0.999997 -0.000934001 0.00234999 -0.999997 -0.00224296 0.000678212 -0.999999 -0.00162395 0.000645941 3.50925e-08 -0.991439 0.130574 2.65557e-07 -0.923869 0.38271 5.12183e-09 -0.793363 0.608749 -2.08175e-08 -0.38268 0.923881 6.97152e-08 -0.608792 0.79333 -6.05565e-08 0.608779 0.79334 -3.08056e-07 0.923868 0.382711 1.13518e-07 -0.130539 0.991443 6.6709e-08 0.382658 0.92389 -5.10857e-08 0.991442 0.130547 -4.6983e-08 0.130574 0.991439 -6.38402e-08 0.793347 0.60877 -2.21864e-07 0.793375 -0.608733 8.40657e-09 0.608738 -0.793371 2.46414e-08 0.382683 -0.92388 -1.70519e-07 0.991443 -0.13054 3.91962e-08 0.130575 -0.991438 5.94895e-08 -0.382681 -0.923881 6.38399e-08 -0.608738 -0.793372 5.94895e-08 -0.382681 -0.923881 -2.46429e-08 0.92389 -0.382659 1.65641e-07 -0.793364 -0.608748 5.56661e-08 -0.92387 -0.382707 5.10865e-08 -0.130568 -0.991439 3.09624e-07 -0.991447 -0.130511 3.91962e-08 0.130575 -0.991438 5.10865e-08 -0.130568 -0.991439 1.41952e-07 -0.608751 -0.793361 6.05564e-08 -0.79335 -0.608766 3.00412e-07 -0.92389 -0.382658 4.69827e-08 -0.991439 -0.130568 2.97739e-07 -0.991446 0.130518 2.08186e-08 -0.923889 0.382661 1.10203e-07 -0.793349 0.608767 -5.11951e-09 -0.608779 0.79334 1.52238e-07 -0.382645 0.923895 -3.50927e-08 -0.130571 0.991439 8.43394e-08 0.130546 0.991442 -5.56654e-08 0.382682 0.92388 -6.38403e-08 0.608778 0.79334 -2.77296e-07 0.793375 0.608733 -5.9489e-08 0.923889 0.382661 -1.82408e-07 0.991438 0.130575 -3.91966e-08 0.991439 -0.130568 -2.73206e-07 0.923869 -0.382709 -8.40404e-09 0.793347 -0.60877 8.40657e-09 0.608738 -0.793371 2.46414e-08 0.382683 -0.92388 4.31169e-08 -1.0123e-07 -1 4.31169e-08 -1.0123e-07 -1 0.000189807 -1 -0.00088807 0.000320958 -1 -0.000148185 0.000214435 -0.999998 0.00179611 5.74823e-08 -1 0.000163309 6.58462e-05 -1 -0.000108993 1.75057e-05 -1 0 -2.07603e-05 -1 -8.73096e-05 5.74891e-08 -1 -1.12958e-07 0.000200304 -0.999999 -0.00162577 -0.000191859 -1 -9.73134e-05 -0.00023928 -1 0 -0.000355851 -1 -0.000258735 -0.0120975 0.998849 0.0464122 -0.0162435 0.998031 0.0605866 0.0837452 0.99574 0.0385928 0.0867835 -0.880737 -0.465586 -0.016904 0.994268 0.105571 0.33425 -0.00115182 -0.942484 -0.642516 0.107358 -0.758714 -0.549331 0.0400882 0.834643 0.866516 0.0257195 0.498487 0.597523 0.123763 -0.792243 -0.490235 0.160323 -0.856718 -0.752979 0.627486 -0.198204 -0.116534 -0.0149096 0.993075 0.502547 -0.0948306 -0.859333 -4.31169e-08 1.0123e-07 1 -4.31169e-08 1.0123e-07 1 -0.115448 -0.991494 -0.0601028 -0.0502105 0.99691 0.0604027 -0.734955 0.676787 0.0424285 -0.0273718 -0.675264 0.737068 -0.0130889 -0.970268 0.24168 -0.643424 0.765118 -0.0245007 0.0231523 0.0996203 -0.994756 -0.970495 -0.202169 0.131401 -1 0 0 -0.999423 0.0333324 0.00659871 -0.0104664 -0.0996415 0.994968 -0.0104646 -0.096146 -0.995312 -0.693647 0.207703 0.689719 -0.0105168 0.553543 0.832754 -0.814819 0.579437 0.0179832 -0.908198 0.418538 0.00145795 -1 0 0 -1 0 0 -0.00587414 0.376448 -0.926419 -0.940719 0.263107 -0.214063 -0.924239 0.138051 -0.355985 -0.773286 0.352842 -0.526812 -0.860648 0.393854 -0.322744 -0.027202 -0.913907 0.405012 -0.985823 0.0721507 0.151482 -0.888478 0.290245 0.355478 -0.942104 0.222306 0.251037 -1 0 0 -0.793178 0.536228 0.288667 -1 0 0 -1 0 0 -1 0 0 -0.853172 0.420497 -0.308674 -0.999421 0.0340139 -0.00105892 -0.0295978 0.990351 -0.135387 -0.99892 0.044958 0.0117033 0.0355554 0.98642 0.16035 1.11631e-05 0.611498 0.791246 -0.242743 -0.31259 0.918348 -0.939994 0.106431 0.324167 -0.841921 -0.518672 0.148823 -0.98988 0.0856568 0.113138 -0.250039 0.369852 0.894813 -0.978664 0.114932 0.170315 -0.858332 -0.398003 -0.32382 -0.833309 -0.250478 0.492806 -0.00536405 0.926097 0.377247 -0.489521 -0.867497 0.088424 0.729083 -0.432036 -0.530833 -1 0 0 -0.00526028 0.922696 -0.385493 -0.00525902 0.705241 -0.708948 -1 0 0 -0.640484 -0.292364 0.710144 -0.494653 0.253466 0.831309 -0.8586 0.242202 0.451823 -0.989834 0.134718 0.0456108 -1 0 0 -0.990025 0.125042 -0.0649212 0.291049 -0.793965 0.533769 -0.0052572 -0.707704 -0.70649 -0.889478 -0.323409 -0.322854 -0.296838 0.936783 0.185268 -0.537954 -0.826324 -0.166713 -0.529978 0.848006 -0.0030108 -0.557287 0.830319 0.00155009 0.349688 -0.627796 0.695406 0.498567 -0.845865 0.189587 -0.000436131 -0.693806 -0.720162 7.11398e-08 -0.707149 -0.707064 -0.230604 -0.970694 0.0676461 -0.231129 -0.972902 -0.00647201 1.11646e-08 -0.707149 0.707065 0.000436176 -0.693807 0.720161 -0.00836594 -0.710533 0.703614 0.248466 -0.965884 -0.0730237 -0.151989 -0.987825 0.0331742 -0.0319006 -0.999436 0.0105358 -2.24852e-08 0.637838 0.770171 -1.84257e-08 0.775683 0.631123 -8.39355e-07 0.883814 0.467839 -4.00597e-05 0.995528 0.0944625 5.92103e-09 0.994845 -0.101405 1.71245e-08 0.956027 -0.293277 0 0.77128 -0.636497 7.77052e-05 0.289736 -0.957107 -5.61429e-09 0.0961513 -0.995367 -7.57343e-05 -0.0982259 -0.995164 2.75867e-08 -0.472455 -0.881355 3.70873e-08 -0.635163 -0.772378 2.57558e-08 -0.882196 -0.470882 -4.18036e-05 -0.957037 -0.289965 9.64525e-07 -0.995195 -0.0979145 5.82141e-06 -0.995193 -0.0979374 -2.49592e-08 0.47553 0.8797 -2.28803e-08 0.637838 0.770171 -7.42575e-07 0.775692 0.631112 -8.82918e-05 0.958045 0.286618 -5.22389e-09 0.995459 0.0951944 6.24007e-09 0.994845 -0.101405 0 0.88052 -0.474009 3.18386e-05 0.469386 -0.882993 -1.76797e-08 0.288351 -0.957525 -2.31267e-05 0.0957228 -0.995408 1.76801e-08 -0.291645 -0.956527 2.70393e-08 -0.472455 -0.881355 2.28802e-08 -0.773468 -0.633835 -5.97729e-05 -0.88272 -0.4699 4.17243e-05 -0.995197 -0.0978899 -1.57411e-05 -0.995172 -0.0981453 9.38797e-07 -0.956804 -0.290734 0.00845467 0.996634 0.0815444 -0.00313179 0.985201 0.171377 0.00107245 0.8481 0.529835 -5.61113e-06 0.298825 0.954308 -7.79618e-10 0.608583 -0.79349 2.41389e-08 0.298825 -0.954308 -0.00311219 0.940946 -0.338542 -0.00362798 0.671037 -0.741415 -0.00803716 0.984654 -0.174332 -0.0108746 0.986682 -0.162296 0.0413119 0.999146 -0.00078852 -0.00217269 0.949037 -0.315158 -1.02765e-05 -0.995189 0.0979762 2.34002e-08 -0.995194 0.0979276 -3.97401e-05 -0.995196 0.0978993 1.58565e-05 -0.995172 0.0981463 1.10097e-08 -0.957037 0.289965 5.47161e-05 -0.881709 0.471794 1.24242e-06 -0.635164 0.772378 2.75876e-08 -0.472469 0.881347 5.81736e-09 -0.0996291 0.995025 -5.61429e-09 0.0961513 0.995367 0 0.88052 0.474009 -5.92113e-09 0.994845 0.101406 5.55832e-09 0.995459 -0.0951927 8.82932e-05 0.958043 -0.286625 1.84257e-08 0.775683 -0.631123 2.24852e-08 0.637838 -0.770171 2.56831e-08 0.475516 -0.879707 2.72641e-05 -0.773477 0.633825 9.24154e-07 -0.472455 0.881355 1.70291e-08 -0.291643 0.956527 -5.61429e-09 0.0961513 0.995367 -1.68368e-08 0.288351 0.957525 0 0.77128 0.636497 -1.76799e-08 0.956027 0.293277 -6.24018e-09 0.994845 0.101406 4.0059e-05 0.995529 -0.0944609 1.45592e-08 0.883817 -0.467832 1.87202e-08 0.775683 -0.631123 2.28803e-08 0.637838 -0.770171 -0.104827 -0.994375 -0.0151822 0.10947 -0.992352 0.0570332 0.0679546 0.996046 -0.057223 0.734581 0.677247 -0.0415663 0.572231 0.78486 0.237798 0.691137 0.637584 0.340318 0.643722 0.764858 0.0247747 -0.0230698 0.0996212 0.994758 0.577599 -0.0348639 0.815576 1 0 0 0.987261 0.0847238 0.134679 0.0104665 -0.0996422 -0.994968 0.0104646 -0.096146 0.995312 0.00531257 0.552717 -0.833352 0.926687 -0.370394 0.0637213 0.908215 0.418501 -0.00145805 1 0 0 1 0 0 0.00587555 0.376439 0.926423 -0.312793 -0.736771 -0.59944 0.921135 -0.0691884 -0.383045 0.773298 0.352834 0.526801 0.860666 0.393827 0.32273 -0.431236 -0.793715 -0.429014 0.991534 0.121691 -0.045305 0.976368 0.0249304 -0.21467 0.852775 -0.402823 0.332429 0.793199 0.536204 -0.288654 1 0 0 1 0 0 1 0 0 -0.00799301 0.775059 0.631838 -0.0241316 -0.956446 0.290912 0.996783 0.0770929 0.0219089 0.0441975 0.992873 0.110678 -0.0115989 0.999901 -0.00801353 0.989592 0.143885 -0.00208109 0.104315 0.978315 -0.178936 0.0816037 0.120403 -0.989365 0.971168 -0.166903 -0.170226 0.989957 0.0854077 -0.112654 0.251543 0.369722 -0.894445 0.978663 0.114933 -0.170319 0.858346 -0.39798 0.323811 0.0053632 0.9261 -0.377241 0.489527 -0.867493 -0.0884252 0.948081 0.293448 0.122599 0.00526028 0.922696 0.385493 0.0193658 0.489754 0.871645 0.0146302 0.731989 0.68116 0.10117 -0.982095 0.158917 0.0347566 0.433011 0.900719 0.0222486 0.134251 -0.990698 0.954677 -0.0868054 0.284703 0.986732 -0.0767103 0.143096 0.96696 0.0122909 -0.254634 1 3.55798e-06 -4.29616e-06 0.990271 0.122284 0.0664112 0.837743 0.0525048 0.543534 0.858405 -0.051107 0.51042 0.00531503 -0.708449 0.705742 0.717986 0.691053 -0.0833168 0.206772 0.945722 -0.25071 0.798169 -0.576551 0.174685 0.546154 0.837622 0.0102149 0.177515 -0.97977 -0.0924118 0.000697158 -0.0242139 -0.999707 -0.999491 -0.00313127 -0.0317403 -0.99934 -0.0362775 0.00192596 -0.997996 -0.063279 0 -0.998601 -0.00567111 0.0525816 -0.999989 -4.78145e-10 -0.00472333 -0.999996 -2.95606e-10 -0.00292013 0.999136 -0.0415568 -0.000930464 0.998512 -0.054525 0 0.998535 -5.87639e-09 -0.0541161 0.527723 -0.0993191 0.84359 0.999092 4.31365e-09 0.0426122 -0.586823 0.771081 -0.247131 -0.334773 0.44806 -0.828957 -0.105182 -0.994309 0.0169148 -0.662977 0.638719 0.390511 -0.464677 0.850786 -0.245434 -0.853323 0.16739 -0.493781 -0.666724 -0.742849 0.0604544 -0.872057 -0.164749 0.46084 -0.23111 -0.972922 0.00318753 -0.999995 0.000466866 0.00325653 -0.999993 -0.000560288 0.00358152 -0.999989 -0.0038064 0.00263929 -0.999998 0.00183516 0.00119447 -0.999963 -0.00793141 -0.00333477 -0.999956 -0.00899275 -0.00258459 -0.999982 -0.0014043 -0.00579838 -0.999916 -0.0103767 -0.00780137 -0.999787 0.00987881 0.0181405 -0.999773 0.0144186 0.0157034 -0.999998 0.000117276 0.00193276 -0.999489 -0.0311843 -0.00701297 -0.997547 0.069058 0.0114798 -0.999895 0.00273211 -0.0142059 -0.999531 0.0301597 -0.00523884 -0.999891 0.0139072 -0.0050611 -0.999821 0.0187585 -0.00243773 -0.999948 0.00452842 0.00918458 -0.999998 -0.00124902 0.00124854 -0.999945 0.00473424 -0.00932431 -0.999997 -0.00226656 0.000359397 -1 -0.000840096 -0.000115409 -0.999822 -0.00312989 0.0186181 -0.999857 0.0116997 0.0122173 -0.999696 0.000429423 -0.0246346 -0.295575 -0.954962 0.0261189 -0.136066 -0.0324209 -0.990169 -0.178919 -0.0105731 0.983807 -0.00181829 -0.353329 0.935498 0.000404723 -0.382639 0.923898 0.00283478 -0.608763 0.793347 0.00269801 -0.855373 0.518006 -0.00210613 -0.793344 0.608771 -0.000646147 -0.608765 0.79335 -0.00550858 -0.727537 0.686046 0.0011794 -0.793345 0.608772 0.00143668 -0.969169 0.246391 -0.00157285 -0.923889 0.382658 0.00239055 -0.923887 0.382658 0.0014547 -0.999999 0 -0.00160149 -0.991439 0.13056 -0.00322345 -0.957163 0.289532 0.00199592 -0.991438 0.13056 0.00258664 -0.957165 -0.289531 -0.00160161 -0.99144 -0.130554 -0.00181283 -0.999998 0 0.00199609 -0.991439 -0.130554 -0.00191901 -0.923881 -0.382676 -0.00179039 -0.969169 -0.24639 0.00196073 -0.923881 -0.382676 -0.000876034 -0.781967 -0.623319 -0.00427162 -0.84155 -0.540162 -0.000369105 -0.596895 -0.802319 -0.00023231 -0.375847 -0.926682 0.00135494 -0.344068 -0.938944 4.74516e-05 -0.127546 -0.991833 0.158365 0.498667 -0.852204 -0.00180007 -0.351526 -0.936177 0.00147878 -0.126459 -0.991971 -1.7342e-05 -0.0191606 -0.999816 0.00224529 0.100969 -0.994887 0.00049571 0.910671 -0.413131 0.00190551 -0.353301 -0.935508 -0.000421747 -0.382699 -0.923873 -0.00295866 -0.608763 -0.793347 -0.00138476 -0.68463 -0.72889 0.00153645 -0.608765 -0.793349 -0.0014362 -0.481595 -0.876393 0.00159401 -0.382699 -0.923872 -0.00146959 -0.248725 -0.968573 -0.00148104 0.000127923 -0.999999 -0.00146917 0.248456 -0.968642 -0.0014351 0.481864 -0.876245 -0.00138545 0.684422 -0.729084 -0.00130987 0.844347 -0.535795 -0.00122192 0.951006 -0.309171 -0.00110659 0.998027 -0.0627755 -0.000976168 0.982311 0.187254 -0.000815735 0.904866 0.425695 -0.000644218 0.770591 0.637329 -0.000171572 0.587806 0.809002 4.3813e-06 0.130363 0.991466 4.39047e-06 -0.130294 0.991475 0.000519535 -0.370976 0.928642 -0.000500763 -0.389973 0.920826 0.000778546 -0.35323 0.935536 -0.000730711 -0.115325 0.993327 -6.58563e-06 -0.100659 0.994921 -0.00601327 -0.0745819 -0.997197 0.00303384 0.0371524 0.999305 -0.000754699 0.114909 0.993376 0.000716742 0.339271 0.940688 -0.000157606 0.370839 0.928697 0.00362389 -0.700106 -0.71403 -0.00196452 -0.793362 -0.608747 -0.00131574 -0.84424 -0.535963 0.00148813 -0.793363 -0.608747 0.00180874 -0.878536 -0.477672 -0.00204622 -0.923881 -0.382676 -0.00122092 -0.950998 -0.309194 0.00140629 -0.923882 -0.382676 0.00186868 -0.969169 -0.24639 -0.00208315 -0.991439 -0.130554 -0.00110677 -0.998026 -0.0627938 0.00128941 -0.99144 -0.130554 0.00189207 -0.999998 0 -0.00208299 -0.991438 0.13056 -0.000973773 -0.982309 0.187265 0.00117829 -0.99144 0.13056 0.00336426 -0.957163 0.289531 -0.00249488 -0.923887 0.382658 -0.000818378 -0.904848 0.425735 0.00102292 -0.923889 0.382659 -0.00123087 -0.793344 0.608772 -0.000644945 -0.770606 0.637312 0.00086587 -0.793345 0.608772 0.00574909 -0.727536 0.686046 -0.00295857 -0.608763 0.793347 -0.000451373 -0.587853 0.808967 0.000680129 -0.608765 0.79335 -0.00414369 -0.331725 0.943367 0.00130797 -0.572624 0.819817 0.00575459 -0.598416 0.801165 -0.00477305 -0.853335 0.521341 -0.00421682 -0.969162 0.246389 9.73413e-05 -1 0 -0.00412355 -0.969162 -0.246388 -0.000133512 -0.878538 -0.477673 -0.00651257 -0.708582 -0.705599 -0.00490427 -0.365647 -0.930741 4.88253e-08 -0.162643 -0.986685 -0.000505605 -0.109384 -0.993999 0.00314087 0.0374348 -0.999294 -0.00519704 0.123068 -0.992385 -0.00623133 0.551856 -0.833916 0.000478371 0.860371 -0.509667 -0.00414124 0.96906 -0.246789 -0.00194508 0.999998 0 0.00019297 0.96907 0.246784 -0.00512138 0.852998 0.521889 0.00118338 0.571564 0.820557 -0.00434667 0.318368 0.947957 -0.00163367 0.0745831 0.997213 -6.65594e-08 -0.101352 0.994851 -0.00563015 -0.0884201 -0.996067 0.00391533 0.0688711 0.997618 9.47611e-06 0.60548 0.795861 -0.000424897 0.116438 0.993198 3.95658e-05 0.378894 0.92544 -0.000187587 0.371612 0.928388 0.00752015 -0.910067 0.414394 0.00757427 -0.997187 -0.0745712 0.00762645 -0.838357 -0.545069 0.00651116 -0.514502 -0.857464 0.00218379 -0.248643 -0.968593 -0.00117413 -0.127546 -0.991832 0.00170833 -0.574084 0.818794 -0.00129468 -0.382639 0.923897 -0.000247723 -0.13332 0.991073 0.00106781 -0.320068 0.947394 3.68806e-06 -0.229811 0.973235 3.35812e-06 -0.100481 0.994939 -0.000704092 0.108941 0.994048 -0.0028334 0.571684 0.820469 0.000652649 0.612545 0.790436 0.00172332 0.733025 0.680199 -0.00197209 0.793355 0.608756 0.000868338 0.793356 0.608757 0.00278433 0.896543 0.442948 -0.0016034 0.923864 0.382717 0.00102138 0.923865 0.382717 -0.00221456 0.991444 0.130515 0.00117735 0.991446 0.130515 0.00320375 0.999068 0.0430511 -0.00208148 0.991445 -0.130509 0.00128865 0.991446 -0.130509 0.00187885 0.969079 -0.246746 -0.00204722 0.923856 -0.382735 0.00140805 0.923857 -0.382736 0.00181757 0.878192 -0.478305 -0.00197234 0.793374 -0.608732 0.00147499 0.793374 -0.608733 0.00172512 0.733013 -0.680213 -0.00185767 0.608751 -0.793359 0.00155259 0.608751 -0.79336 0.0037088 0.499945 -0.866049 -0.00312808 0.382706 -0.923865 0.00157791 0.382707 -0.923868 -3.38923e-05 0.130512 -0.991447 0.00161126 0.130512 -0.991445 0.00163337 0.108646 -0.994079 -0.00122286 -0.125245 -0.992125 -0.00148359 -0.130515 -0.991445 0.00159323 -0.130515 -0.991445 -3.66592e-05 -0.125245 -0.992126 3.47878e-07 -0.126459 -0.991972 -6.39421e-06 0.124486 -0.992221 8.74815e-06 0.374448 -0.927248 5.64957e-05 0.601472 -0.798894 5.5355e-05 0.787371 -0.616479 3.95879e-05 0.913115 -0.407702 -0.000220524 0.90999 -0.41463 0.00635076 0.472508 -0.881303 0.00621306 0.83826 -0.545236 0.00506554 0.99369 -0.11205 0.00266019 0.974814 0.223002 0.00516454 0.801438 0.598056 -0.00104612 0.558368 0.829593 0.00504998 0.175996 0.984378 0.00125833 -0.101347 0.99485 -0.000728597 -0.110087 0.993922 8.92605e-06 0.790615 0.612314 -4.92399e-05 0.910214 0.414139 -0.000205673 0.785798 0.618483 -5.13892e-08 0.911096 0.412195 0.00617926 -0.175989 0.984373 0.000960034 -0.133321 0.991072 0.000355023 -0.796541 -0.604585 8.3758e-06 -0.607084 -0.794638 -1.71263e-05 -0.1564 -0.987694 -0.000878935 0.10067 -0.99492 -3.62788e-05 0.375986 -0.926625 -3.80755e-05 0.604284 -0.796769 -3.91962e-05 0.789579 -0.613649 -0.000191244 0.599744 0.800192 5.72667e-05 -0.792404 0.609996 0.0013906 -0.878537 0.477673 -0.00243961 -0.761713 0.64791 -2.70534e-05 -0.599883 0.800088 -5.32804e-05 -0.600654 0.799509 0.00109396 -0.782242 0.622974 0.0014367 -0.96917 0.24639 -0.00157325 -0.923881 0.382676 0.00239163 -0.92388 0.382675 0.0014547 -0.999999 0 -0.00160162 -0.99144 0.130554 -0.00322349 -0.957163 0.289531 0.00199608 -0.991439 0.130554 0.0014367 -0.969169 -0.246391 -0.00160148 -0.991439 -0.13056 -0.00181283 -0.999998 0 0.00199593 -0.991438 -0.13056 0.00269806 -0.855373 -0.518006 -0.00157282 -0.923889 -0.382658 -0.00322343 -0.957163 -0.289532 0.00239058 -0.923887 -0.382658 -0.00210667 -0.793335 -0.608782 0.00117938 -0.793336 -0.608783 0.00170825 -0.574086 -0.818793 -0.000647095 -0.60878 -0.793339 -0.00550751 -0.727537 -0.686046 0.00283508 -0.608777 -0.793336 0.00106781 -0.320068 -0.947394 -0.00129478 -0.382641 -0.923896 0.000404909 -0.382642 -0.923897 9.32968e-05 -0.127697 -0.991813 -4.1834e-05 -0.124392 -0.992233 -3.54238e-05 0.0358967 -0.999355 0.0590919 0.270083 -0.961022 -0.00182476 -0.353243 -0.93553 0.00147863 -0.126498 -0.991966 -1.86428e-05 -0.018972 -0.99982 0.0022428 0.100995 -0.994884 -1.96273e-08 0.911038 -0.412323 -3.63838e-05 0.375947 -0.926641 0.00190455 -0.353243 -0.93553 -0.00042247 -0.382642 -0.923897 -0.00295874 -0.608777 -0.793336 -0.0013841 -0.684634 -0.728886 0.00153683 -0.608779 -0.793338 -0.00143604 -0.481601 -0.876389 0.00159595 -0.382641 -0.923896 -0.00146555 -0.248745 -0.968568 -0.00148024 0.000247729 -0.999999 -0.00146252 0.248668 -0.968588 -0.00143221 0.481723 -0.876322 -0.00138351 0.684637 -0.728883 -0.00131322 0.844232 -0.535976 -0.00121873 0.951061 -0.309 -0.00110779 0.998015 -0.0629714 -0.000970733 0.982287 0.187381 -0.00081862 0.904881 0.425664 -0.000642998 0.770541 0.63739 -0.000453143 0.587794 0.809011 -3.90743e-08 0.130318 0.991472 -3.00106e-08 -0.130267 0.991479 -0.00014963 -0.370945 0.928655 0.000693607 -0.340567 0.94022 -0.00073318 -0.115338 0.993326 -6.00055e-06 -0.100611 0.994926 -0.00600806 -0.0745826 -0.997197 0.00303477 0.0372287 0.999302 -0.000753488 0.114978 0.993368 0.000802095 0.351786 0.93608 -0.000559561 0.39104 0.920373 0.00051677 0.371 0.928633 0.00574812 -0.727536 -0.686045 -0.00123075 -0.793336 -0.608783 -0.00131422 -0.844221 -0.535993 0.00148905 -0.793336 -0.608782 -0.00249484 -0.923887 -0.382658 -0.0012182 -0.951059 -0.309006 0.00139196 -0.923889 -0.382658 0.00336429 -0.957163 -0.289531 -0.00208298 -0.991438 -0.13056 -0.00110899 -0.998014 -0.0629775 0.00130223 -0.99144 -0.13056 0.00189207 -0.999998 0 -0.00208307 -0.991439 0.130551 -0.000974089 -0.982311 0.187254 0.00117823 -0.991441 0.130551 0.00186901 -0.969169 0.24639 -0.00204594 -0.923877 0.382684 -0.000817492 -0.904846 0.425739 0.00102276 -0.923879 0.382684 0.0018087 -0.878536 0.477672 -0.00196457 -0.793362 0.608747 -0.000645962 -0.770573 0.637351 0.000868194 -0.793363 0.608748 0.00171082 -0.733733 0.679436 -0.00278496 -0.572299 0.82004 -0.000171954 -0.587843 0.808975 0.000646496 -0.612582 0.790407 -0.00122938 -0.361889 0.93222 0.00468156 -0.414735 0.90993 -0.00471531 -0.698346 0.715745 -0.00183499 -0.878536 0.477672 -0.00421126 -0.969162 0.246388 0.000101308 -1 0 -0.00653142 -0.959684 -0.281004 -0.00901629 -0.741454 -0.670944 -0.00499937 -0.36559 -0.930763 8.56286e-08 -0.162892 -0.986644 -0.000512102 -0.108945 -0.994048 0.003124 0.0376587 -0.999286 -0.00518329 0.122922 -0.992403 -0.00623101 0.551866 -0.833909 0.000486452 0.860358 -0.50969 -0.00413868 0.969062 -0.246782 8.7293e-05 1 0 -0.00421103 0.96906 0.246789 0.00028682 0.878195 0.478303 -0.00428226 0.733007 0.680208 -0.00470988 0.499076 0.866545 -0.00220703 0.109172 0.99402 -2.94176e-08 -0.100684 0.994918 -0.00567377 -0.0883897 -0.99607 0.00393733 0.0686725 0.997631 9.47875e-06 0.605482 0.795859 -0.00042337 0.116456 0.993196 4.0224e-05 0.378952 0.925416 -0.000187558 0.37165 0.928373 0.00248801 -0.747058 0.664755 0.00507392 -0.924927 0.380112 0.00756842 -0.997194 -0.0744826 0.00911336 -0.838433 -0.544928 0.0065595 -0.513862 -0.857848 0.00217259 -0.248444 -0.968644 -0.00117246 -0.127697 -0.991813 -0.00106421 -0.347344 0.937737 -0.000307947 -0.135147 0.990826 0.00280739 -0.34767 0.937613 3.2916e-06 -0.229637 0.973276 3.19034e-06 -0.100454 0.994942 -0.000734429 0.108103 0.994139 -5.79775e-06 0.124479 -0.992222 9.46245e-06 0.374381 -0.927275 5.62445e-05 0.787395 -0.616448 -3.74049e-05 0.604299 -0.796758 5.64344e-05 0.601509 -0.798866 -4.3537e-05 0.910243 -0.414074 -3.77553e-05 0.789569 -0.613661 -0.109024 0.574257 -0.811383 0.00633194 0.472659 -0.881223 0.00620214 0.83832 -0.545144 0.00757466 0.997181 -0.0746498 0.00753188 0.910109 0.414301 0.00748262 0.59846 0.801117 0.00465758 0.17597 0.984385 0.00124111 -0.100683 0.994918 -0.000746842 -0.110296 0.993899 8.89028e-06 0.790634 0.612289 3.45447e-05 0.910296 0.413959 0.000258812 0.978113 0.208074 5.97143e-06 0.909973 0.414668 0.000523952 0.906951 0.421236 -0.000360143 0.9106 0.413288 -0.00294016 0.608762 0.793347 0.000681551 0.608765 0.793351 0.00362294 0.699429 0.714693 -0.0019724 0.793374 0.608732 0.00086081 0.793375 0.608733 0.00181759 0.878193 0.478303 -0.00204872 0.923873 0.382694 0.00103415 0.923874 0.382694 0.001876 0.969079 0.246746 -0.00208287 0.991439 0.130554 0.00116732 0.99144 0.130554 0.00189812 0.999998 0 -0.00208246 0.991438 -0.13056 0.00130327 0.99144 -0.13056 0.00187616 0.96908 -0.246739 -0.00204828 0.92388 -0.382677 0.00139237 0.923881 -0.382678 0.00181867 0.878197 -0.478295 -0.00197237 0.793347 -0.608767 0.00149009 0.793347 -0.608768 0.00172374 0.733002 -0.680224 -0.00185922 0.608766 -0.793348 0.00153793 0.608766 -0.793348 0.00159265 0.542448 -0.840088 -0.00170706 0.382648 -0.923893 0.00157823 0.382648 -0.923893 0.001421 0.31837 -0.947965 -0.00151964 0.130535 -0.991443 0.00161665 0.130535 -0.991442 0.00121378 0.0745832 -0.997214 -0.0012295 -0.125408 -0.992105 -0.0014833 -0.130537 -0.991442 0.00159733 -0.130537 -0.991442 -3.31643e-05 -0.125408 -0.992105 7.86197e-08 -0.126498 -0.991967 0.00288824 -0.125513 0.992088 0.00101386 -0.135147 0.990825 1.03473e-05 -0.375202 0.926943 -1.88414e-05 -0.156472 -0.987682 -0.000878906 0.100647 -0.994922 -0.000191317 0.599745 0.800191 -0.000209429 0.78575 0.618544 0.225038 0.932251 0.283314 0.497983 -0.842402 0.205846 0.734715 -0.675929 0.0575687 0.653986 0.644148 -0.396707 0.478858 -0.419602 0.771122 0.140504 0.0341648 -0.98949 -0.556147 0.830981 0.0130985 0.708362 -0.34775 -0.614242 0.887386 0.234285 -0.39706 0.700961 0.376572 0.605679 0.267451 -0.963571 0.000860625 0.999995 0.00015497 -0.00326309 0.999988 -0.00273702 -0.00395056 0.999987 -0.00364489 -0.00362956 0.999995 -0.000713174 -0.00316004 0.999993 0.00286681 -0.00228594 0.999998 -0.00175553 0.000360979 1 -0.000989284 9.40398e-05 1 1.06963e-05 0.000525741 1 -0.000632717 -0.00036752 0.999501 -0.0164719 0.0269508 0.999792 -0.000142744 0.0203789 0.999792 -0.000644159 0.0204008 0.999533 0.0163491 0.0258228 0.999813 0.00573322 0.0184872 0.999889 0.0119392 0.00895483 0.999854 0.0160059 0.00604064 0.999951 0.00449779 0.00878347 0.999919 0.00277891 0.0124427 0.999999 0.00082187 -0.000631954 0.999807 0.0151583 -0.0125148 0.999992 0.00143747 -0.00372106 0.999908 0.00485801 -0.0127017 0.999815 0.0139785 -0.0132409 0.999998 -0.00156816 -0.000936576 0.999935 -0.0112393 0.00183296 0.995605 0.0936205 -0.00259644 0.999951 2.35987e-05 0.00992773 0.999857 0.00891882 0.0143532 1 0.000817554 0.000449482 1 0.000810765 0.000457637 0.999917 0.0117256 -0.0053851 0.999919 0.0113501 -0.00574014 0.999796 0.00967124 -0.0177557 1 5.67975e-05 -0.000596545 0.999995 -0.00222171 -0.00244913 0.999996 -0.00243947 -0.00108133 0.999997 -0.00103629 -0.00242383 0.999976 -0.00404009 0.00559636 0.999982 0.00459344 0.00376778 0.999994 -0.00342489 -0.000881109 0.999975 -0.00435591 0.00554129 1 -0.000586442 0.000190446 0.999996 -0.0021151 -0.00172871 0.999975 0.00680571 -0.00207384 0.99997 0.000583561 0.00774465 0.313081 -0.949364 -0.0262308 0.249779 -0.968089 -0.0203635 0.169545 -0.0314845 0.985019 0.209793 -0.0207486 -0.977526 -0.59848 -0.294839 0.744911 -0.598269 -0.617356 0.510828 -0.597333 -0.787714 0.150668 -0.598013 -0.762157 -0.247988 -0.583894 -0.394525 -0.709519 -0.584785 0.393996 -0.709079 -0.598575 0.761805 -0.247712 -0.595941 0.788856 0.150201 -0.597738 0.471566 0.648332 -0.596939 0.100181 0.796008 -0.828859 -0.269504 0.490266 -0.828841 -0.269512 0.490291 -0.597325 -0.725534 0.341766 -0.597535 -0.800253 -0.0504601 -0.598389 -0.676565 -0.429174 -0.58566 -0.393426 -0.708674 -0.621451 -4.21934e-05 -0.783453 -0.59683 0.548947 -0.585193 -0.594667 0.764662 -0.248323 -0.599848 0.723926 0.340753 -0.598969 0.470815 0.647741 -0.598627 0.100184 0.794738 -3.99138e-08 9.31345e-08 1 3.99138e-08 -9.31345e-08 -1 3.99138e-08 -9.31345e-08 -1 1 0 0 1 0 0 5.32184e-08 -1 0 5.32184e-08 -1 0 -1 0 0 8.18234e-07 9.31345e-08 1 3.99138e-08 -9.31345e-08 -1 3.99138e-08 -9.31345e-08 -1 1 0 0 1 0 0 5.32184e-08 -1 0 5.32184e-08 -1 0 -1 0 0 0.0306423 -0.147386 -0.988604 0.000978082 -0.999997 -0.00235804 6.37358e-08 -1 5.73436e-09 7.37409e-05 -0.999992 -0.003908 0.00336625 -0.999994 -0.000320915 0.999996 -0.00250938 0.00157277 0.999987 -0.00504778 0.000664512 0.999993 -0.00345913 0.00143293 0.999994 -0.00266303 0.00204335 0.999994 -0.00212235 0.00276577 0.999992 0.00153161 -0.00369767 0.999999 0.000216019 -0.00164066 0.999999 -0.000166886 -0.00126743 0.999999 -0.000496011 -0.00119748 0.999999 -0.00106272 -0.0013849 0.999987 -0.00397117 -0.00304696 0.999998 0.00164603 0.000681866 0.999999 0.00133667 0.000176005 1 -0.000906321 0.000119333 1 -0.000699925 0.000289941 1 -0.000669318 0.000513548 0.999999 -0.000870701 0.00113479 0.999999 -0.00045548 0.00109963 0.999999 -0.000143003 0.0010858 0.999999 0.000175879 0.00133549 0.999996 0.00112615 0.00271878 0.999996 0.00175921 0.00229279 0.999997 0.00187474 0.00143849 0.999997 0.00234295 0.000970549 0.999993 0.00379318 0.000499325 0.999988 0.00208706 0.00432433 0.999999 -0.000996446 0.00141138 0.999998 0.00167073 0.00107934 0.999999 0.00127494 0.00020154 0.999994 -0.00214837 0.00270366 3.58201e-08 0 -1 3.58201e-08 0 -1 -0.953243 0 -0.302204 -0.946636 0.0103828 -0.322138 -0.281952 0 -0.959428 -0.32896 -0.0220134 -0.944087 -1 0 0 -1 0 0 -0.302223 0 0.953237 -0.322071 0.0103366 0.946659 -0.959424 0 0.281967 -0.944063 -0.0220409 0.329027 0.967739 -0.244779 -0.0596965 0.176723 0.639866 0.74789 -0.16433 0.600195 0.782791 -0.0287625 0.989539 0.141367 -0.176732 0.6398 -0.747945 0.174856 0.680252 -0.711816 0.202365 0.966956 -0.155062 0.778334 0.589715 0.215483 -0.0119461 -0.267875 0.96338 -0.967737 -0.244787 0.0596952 -0.859902 0.477731 -0.179837 0.0119327 -0.267941 -0.963362 0.459641 -0.070751 -0.885282 -0.929178 -0.00974869 -0.369505 -0.990989 -0.128383 -0.0381826 0.703069 3.89577e-08 0.711121 0.0787314 0.0797819 0.993698 0.879097 -0.12375 0.460298 -4.43487e-08 2.38596e-08 1 -3.98499e-08 5.47834e-08 1 0.000208768 -0.000112317 1 3.98349e-08 -5.47834e-08 -1 -9.01756e-07 -6.52947e-06 -1 5.25233e-05 -3.51339e-05 -1 1.04445e-08 -0.707023 0.70719 -4.06323e-06 -0.70711 0.707104 -0.707092 -0.707122 0 -0.707092 -0.707122 0 -5.88695e-07 -0.714456 -0.699681 0.000356363 -0.70693 -0.707284 -1.57559e-05 0.148487 -0.988914 -0.961967 0.175687 0.209174 0.996906 0.0785174 -0.00365157 -0.98885 0.148868 0.00362207 0.00308553 0.148486 0.98891 -0.00311595 0.0518048 -0.998652 1 0 0 -0.00110727 -0.999999 0.000371929 -8.25831e-05 -1 2.79097e-05 -0.00533913 -0.999984 -0.00197316 -0.00428446 -0.99987 -0.015535 -0.0693294 -0.996234 0.0520665 -0.0564675 -0.998384 -0.00645359 0.0209642 -0.998225 -0.0557394 0.000203572 -1 0.000346971 -0.000814803 -0.999992 -0.00380463 0.00688244 -0.996433 -0.0841104 -0.0126763 -0.999408 0.031998 0.000371282 -0.999998 0.00211386 1.30063e-07 -1 -1.77479e-05 -0.0247013 -0.989068 0.145376 0.00161293 -0.999999 6.92485e-05 0.00282688 -0.999351 0.0359165 1.02027e-06 -1 -6.00468e-06 -0.000402338 -1 0 -7.24798e-05 -1 0.00088688 6.50193e-05 -1 1.43281e-07 0.00752721 -0.999347 0.0353439 0.0287544 -0.999583 0.00269329 -0.0239506 -0.999678 0.00838266 -0.0331816 -0.998877 -0.0338343 0.00258862 -0.999566 0.0293492 0.00849089 -0.999617 -0.0263267 -0.00101845 -0.99997 -0.00770194 5.93892e-05 -0.998911 0.0466594 -0.00208278 -0.999638 0.0268264 0.000339087 -0.999391 -0.0349048 0.00602249 -0.9999 0.0127679 -3.58201e-08 0 1 -3.58201e-08 0 1 0.95324 0 0.302214 0.947975 0.00833848 0.318237 0.278919 0 0.960315 0.328985 -0.0227499 0.944061 1 0 0 1 0 0 0.302254 0 -0.953227 0.316889 0.00761354 -0.948432 0.958292 0 -0.285789 0.944105 -0.0198226 -0.329049 -0.0538944 0.788151 0.613118 -0.699883 0.71219 0.0543098 -0.707107 -0.707107 1.01315e-07 -0.612987 0.788253 -0.0538933 -0.0543099 0.712129 -0.699945 7.59859e-08 -0.707106 -0.707107 0.0543011 0.691785 -0.720059 0.653353 -0.653353 -0.38244 0.707107 -0.707107 1.01315e-07 0.707107 -0.707107 1.01315e-07 0.649679 -0.649679 0.394759 0.0538588 0.609026 0.791319 2.53287e-08 -0.707107 0.707107 -0.984824 -0.00238407 0.173543 -0.262699 -0.02131 0.964643 -0.465728 -0.0666276 0.882416 -0.661222 0.0965203 -0.743955 0.728875 -3.75073e-08 -0.684646 -0.801969 -0.0210149 -0.596996 -0.98976 -0.104148 -0.0976138 0.920409 -0.142154 0.364197 0.999438 -0.0307269 0.0134013 -0.20205 -0.973782 0.104521 -0.195557 -0.980169 -0.0320462 -0.0792101 -0.994958 0.0615252 -0.604521 -0.0271297 0.796127 -0.10975 -0.993142 -0.0403002 0.00120028 -0.371891 0.928276 -4.31508e-08 -0.332007 0.943277 0.939713 -0.341965 0.000296689 0.700314 -0.113007 0.704833 0.943086 -0.332548 4.94547e-08 0.637312 -0.0281476 -0.770091 -0.0901731 -0.513577 -0.853292 0.704141 -0.199692 -0.681402 0.0161245 -0.956749 -0.290468 8.71919e-08 -0.273189 -0.96196 -0.473422 -0.0150057 -0.880708 -0.00707448 -0.996557 -0.0826114 -0.25301 -0.471043 -0.845047 -0.848014 -0.524276 0.0775069 0.619919 -0.783544 -0.0419478 -0.972001 -0.223589 -0.0722653 -0.999608 0.0279691 0.000845684 -0.999619 0.0275788 0.000789139 -0.964665 0.249769 -0.0838862 -0.977459 0.209457 -0.0264918 -0.999942 0.0105756 0.0018851 -0.813688 0.562787 0.145542 7.13992e-08 -0.999978 0.00668177 -0.000413172 -0.999989 -0.00457173 0.00434352 -0.999991 0.000263256 -0.00301223 -0.999995 1.4328e-07 0.0049741 -0.999988 -0.000285525 -0.000391333 -0.999992 0.00397699 7.188e-08 -0.999978 -0.00668178 0.000413283 -0.999989 0.00457085 -0.00434429 -0.999991 -0.000262997 0.00301223 -0.999995 1.4328e-07 -0.00497332 -0.999988 0.000285783 0.00039145 -0.999992 -0.00397626 -0.450378 0.100536 -0.88716 -0.0437111 0.0582583 -0.997344 0.276661 0.046368 -0.959848 0.560861 0.072763 -0.824706 0.808718 0.0643148 -0.58467 0.992186 0.0159348 0.123747 0.990774 0.0310419 -0.131921 -0.582888 -0.0055478 0.812533 0.567632 0.0484172 0.821858 -0.401529 0.085469 0.911849 -0.0489064 0.0549429 0.997291 0.257955 0.0273152 0.965771 0.82941 0.300894 0.470682 0.889378 -0.0066963 -0.457123 0.746654 0.00884034 -0.665154 0.489613 0.00347812 -0.871933 -0.570643 -0.0429868 -0.820073 -0.968915 0.127978 -0.211721 0.967764 0.126773 -0.217628 0.901859 -0.0493158 0.429207 0.725085 0.133603 0.675576 -0.858733 0.0435925 0.510566 -0.977687 0.0534153 0.20316 -0.851335 0.0587903 0.521319 -0.678552 0.0946471 0.728429 0.524423 -0.0271115 0.851026 -0.834867 0.156138 -0.527843 -0.978608 0.0754497 0.191398 -0.629531 0.0897754 -0.771772 -0.879884 -0.0916404 -0.466269 -0.974716 0.0309883 -0.221287 0.935544 0.196721 0.293357 -0.516785 0.303881 -0.800368 -0.936595 0.191023 -0.293768 -0.00218036 0.999965 0.00808369 -0.000375068 0.999968 0.00797663 -0.00147077 0.999998 0.00167562 -0.00236201 0.999994 0.00245252 -0.0017886 0.999986 0.00500873 -0.00245622 0.999996 0.00114851 0 1 0 0 1 0 0 1 0 0.000933081 0.999999 -0.00133709 -0.00220819 0.999992 -0.00327163 0.000129468 0.999994 -0.00348756 -0.000797637 0.999984 -0.00567678 0.00245327 0.99997 -0.00731081 0.00461678 0.999983 -0.00364964 0.00321443 0.999992 -0.00239542 0.0047024 0.999984 -0.00305174 0.00108389 0.999993 -0.00352808 0.00133305 0.999999 0.000525956 0.00160814 0.999995 0.00287103 0.00180614 0.999998 0.000440033 0.000152114 0.999992 0.0039479 0.000735262 0.999988 0.00488279 -0.000557642 0.999993 0.00383083 -0.676555 0.623684 -0.391524 -0.126775 0.742258 -0.658013 0.189252 0.0258723 -0.981588 0.125233 -0.772528 0.622509 0.0928975 0.788432 0.608067 -0.171718 -0.958694 -0.226756 -0.0984159 0.289074 0.952235 -1 0 0 0.000263217 0.882021 -0.471209 0.0220237 -0.850654 -0.525265 0.161698 0.0592464 0.98506 -0.247195 0.968034 0.0424814 -0.237816 -0.970376 -0.0425842 -1.24176e-07 1.24177e-07 1 -1.24177e-07 1.24176e-07 1 4.26856e-08 -1 8.53717e-08 4.26856e-08 -1 8.53717e-08 1 0 0 1 0 0 -1.24176e-07 1 -7.94733e-06 -4.09782e-06 1 0 -1 0 0 -1 0 0 -1 0 0 -1 0 0 -1 0 0 -1 0 0 -1 0 0 -1 0 0 -1 0 0 -1 0 0 -1 0 0 -1 0 0 -0.707116 -1.14528e-07 -0.707097 -0.707116 -1.11843e-07 -0.707097 0.707119 1.14527e-07 0.707094 0.703323 -0.00230339 0.710867 0.20948 -0.955112 0.209472 -0.0024057 0.734962 0.678104 -7.32854e-08 0.668209 0.743973 0.00532408 0.807927 0.589259 -0.707116 -0.000933601 0.707097 -0.712493 -0.00416089 0.701667 -0.209513 -0.955097 0.209507 -0.679504 0.733666 -0.00289151 -0.759911 0.650028 -9.16011e-08 -0.590222 0.80722 0.00573543 -0.20949 -0.955107 -0.209484 0.00240296 0.734894 -0.678178 -2.08824e-08 0.668211 -0.743972 -0.00532604 0.807971 -0.589198 3.51443e-08 -1.61969e-07 -1 3.51662e-07 -1.61969e-07 -1 2.0157e-08 -9.28975e-08 -1 -4.7226e-06 -6.97366e-06 -1 0.679524 0.733647 0.00289138 0.759933 0.650002 -9.11984e-08 0.59024 0.807207 -0.00573578 0.209503 -0.955102 -0.209495 0.707119 -1.14527e-07 -0.707094 0.707119 -1.11844e-07 -0.707094 -0.0974706 -0.982017 -0.161686 -0.0241559 -0.99811 0.0564971 0.604765 -0.543479 0.582142 0.737626 -0.508408 -0.444331 0.0951101 -0.995369 -0.0139236 -0.9886 -0.0415256 0.144726 0.181339 -0.026279 -0.983069 -0.00477271 -0.0006862 0.999988 -0.00965714 -0.00161265 0.999952 0.00382521 0.00029788 0.999993 0.00268076 0.000181029 0.999996 0.621461 0.0161922 0.783278 0.193395 -0.0173094 0.980968 0.927055 -0.0176612 0.37451 -0.999998 -8.87945e-05 0.00182067 -0.999978 0.000986691 0.00662919 -0.0392915 -0.998921 -0.0247562 0.0261355 -0.99922 -0.0295947 0.0414115 -0.997877 0.0502698 -0.820551 -0.0195047 0.571241 -0.567402 0.0191423 0.823219 0.0010883 0.000173702 -0.999999 -0.00733257 0.00165655 -0.999972 0.528936 -0.425319 0.734392 -0.0133269 -0.999822 -0.0133266 -0.0330945 -0.999438 0.00526289 0.986589 -0.0450169 -0.156894 -0.588173 -0.0242741 -0.808371 -0.755962 0.00367483 -0.654605 -0.136703 -0.559028 -0.817802 -0.920539 -0.376716 0.10341 -0.237439 -0.939908 0.24535 0.0561706 -0.993392 0.100091 0.231268 -0.972142 0.0381383 -0.986028 -0.036166 -0.162605 0.610235 -0.757843 0.230838 0.590339 -0.550477 -0.590318 0.17105 -0.0490775 0.984039 0.788222 0.0160424 -0.615182 0.993925 -0.0198896 -0.108251 0.452379 -0.0146255 -0.891706 0.999996 0.000485608 -0.00276359 0.533396 -0.00214205 -0.845863 0.00647361 -0.000699688 -0.999979 0.0017238 0.00033423 -0.999998 1 0 0 1 0 0 1 0 0 1 0 0 0.857123 -0.00576257 0.51508 0.999983 -0.000113072 0.00587109 0.988572 0.0292819 0.147879 -0.999989 -0.000694768 -0.00468554 -0.999985 -0.000855396 -0.0054711 -0.151202 -0.0336057 0.987931 -0.89071 0.00171523 -0.454569 -1 -0.000559263 1.68558e-10 -0.999999 0.00146122 -2.05415e-10 -1 -7.01018e-05 -0.000336441 -1 0 0 0.98821 -0.0324295 0.149628 -5.00071e-07 -1 1.18675e-07 -6.17206e-08 -1 -2.73825e-07 -2.31951e-07 -1 -4.50562e-08 1.58187e-06 -1 2.67002e-06 -5.40379e-05 -1 -5.60895e-05 -8.85686e-06 -1 7.64404e-06 -1.26327e-05 -1 3.70746e-06 3.04059e-08 -1 9.03794e-08 0.000154279 -1 0.0001176 1.50692e-07 -1 8.10822e-07 9.0411e-07 -1 3.73186e-07 6.21886e-07 -1 5.97777e-07 2.63944e-07 -1 9.07252e-07 7.14774e-07 -1 3.01393e-07 4.62503e-08 -1 -6.99194e-07 5.13964e-07 -1 -1.79065e-07 4.96883e-07 -1 -1.9292e-07 7.50387e-07 -1 8.40656e-08 1.44592e-07 -1 -3.76609e-07 -8.05233e-07 -1 3.44603e-07 4.42006e-08 -1 8.08617e-08 6.32161e-07 -1 5.86889e-07 4.00277e-08 -1 8.23045e-08 -2.24313e-07 -1 -2.82719e-07 -0.000275407 6.20884e-08 1 -0.000180278 -0.000207133 1 -6.20882e-08 1.14863e-07 1 -3.51443e-08 2.26679e-07 1 0.000723092 -0.000831366 0.999999 0.0024276 -0.00197175 0.999995 0.00105076 6.20883e-08 0.999999 0.00834773 -0.000974409 0.999965 -6.10957e-08 -0.0206513 0.999787 -0.00844958 -0.000936956 0.999964 -1.5243e-05 -0.0209147 0.999781 -0.00102168 -0.000809501 0.999999 -0.661625 0.0309029 0.749198 0.979213 -0.0795544 0.18658 0.203702 -0.0265173 0.978674 -0.212356 -0.0518255 0.975817 -0.981489 0.00352219 0.191485 -0.982845 0.00976377 -0.184176 -0.204346 -0.0527613 -0.977476 0.785301 0.118697 -0.607629 -0.914911 -0.0677874 0.397922 -0.0537847 0.996969 0.0562073 0.997096 0.00767177 0.0757694 0.977899 -0.0590935 -0.200554 -0.979043 0.070303 -0.191132 -0.682986 0.376302 0.626041 0.750719 0.281777 0.597514 -0.500606 4.78901e-05 -0.865676 -0.500017 -1.05763e-06 -0.866016 -1 -3.00204e-10 -0.000245814 -0.999999 -9.02116e-05 -0.00144383 -0.499711 8.40997e-05 0.866192 -0.502027 -0.000109205 0.864852 0.500207 5.3292e-05 0.865906 0.498015 -0.000129123 0.867169 0.999997 -0.000108759 0.00224913 1 8.95706e-05 -0.000496635 0.499956 5.72951e-05 -0.866051 0.50007 4.79072e-05 -0.865985 0.146711 -0.988679 -0.0314569 -0.147808 -0.988467 -0.0329618 -0.16128 0.963126 0.215353 0.0447483 0.998898 0.0141537 0.077435 0.996997 -0.00060031 -0.115966 -0.99315 -0.0143488 0.00480769 0.99959 0.0282159 -0.0304383 0.998876 -0.0363281 0.0133446 0.999908 0.00229317 0.0114576 0.999869 0.0114404 -0.0325521 0.999116 0.0265885 -0.00232569 0.999996 -0.00133101 -0.00269372 0.999996 0.00119834 -0.00241832 0.999994 0.00233375 -4.92755e-05 1 -2.00115e-05 0 1 0 0.00533104 0.99989 -0.0138333 -0.0090859 0.99995 0.00426132 -0.00625734 0.999875 -0.0145464 0.00298851 0.999989 0.00353113 0.00974749 0.999622 0.0257165 0.00531896 0.999952 -0.00820175 0.00278875 0.999984 -0.00492187 0.00353745 0.999947 -0.00962797 0.00292122 0.999994 0.00168117 -0.00177119 0.999998 -0.00106919 0.000578179 0.999997 -0.00230663 -0.00578838 0.999971 -0.00488234 -0.0058261 0.999977 0.00336772 0.00292648 0.999991 -0.00309286 0.00739607 0.999969 -0.00258188 0 1 0 0.00414405 0.999972 0.00630081 0.00148425 0.999999 0.000112788 -0.18916 0.315271 0.929958 -0.657339 0.00359687 0.753587 -0.979892 0.156057 0.124332 -0.962738 -0.0349178 -0.26817 -0.642062 0.110551 -0.758641 -0.271152 0.147688 -0.951139 0.197016 0.363391 -0.910567 0.711502 0.0641347 -0.699751 0.916519 0.399929 0.00708222 0.741276 0.327592 0.585828 0.357544 0.205467 0.911014 0.308411 0.150882 0.939211 -0.659637 -0.0104938 0.751511 -0.952285 -0.188288 0.240211 -0.939194 0.143228 -0.312091 -0.550726 -0.17587 -0.815948 0.0365663 -0.168571 -0.985011 0.721377 -0.393014 -0.570223 0.778181 -0.547875 0.307031 0.135318 -0.417804 0.898403 -0.290933 -0.844549 -0.449549 -0.50842 -0.647881 0.567238 0.78679 0.0956324 -0.609767 -0.123299 0.991613 0.0387556 0.127156 0.991512 -0.0271151 0.482686 -0.656136 0.580086 -0.569243 -0.385193 -0.726353 -0.576544 -0.452887 -0.680067 0.769239 -0.347783 -0.536021 0.590411 -0.549636 0.591029 -0.676483 -0.330715 0.658026 -0.0801304 -0.809212 0.582027 -0.515619 -0.856366 -0.0278341 0.0402532 -0.996739 0.0699385 -0.635333 -0.765995 -0.0979969 -0.940029 -0.223125 0.257995 0.126041 -0.509259 -0.851334 0.847887 -0.530097 -0.00925462 0.685021 -0.695157 0.217953 -0.175194 0.842275 -0.509785 -0.061001 0.87948 -0.47201 0.0308567 0.987899 0.151999 -0.0364007 0.864344 -0.501581 -0.618629 0.718511 -0.317868 -0.424768 0.898659 0.109476 -5.82569e-06 -1 2.41712e-05 4.80063e-06 -1 0 -8.4761e-06 -1 -6.05029e-05 5.45501e-08 -1 -1.97372e-08 3.88051e-08 -1 -1.61005e-07 3.88051e-08 -1 2.76993e-07 5.83755e-08 -1 0 1 0 0 1 0 0 1 0 0 1 0 0 1 0 0 1 0 0 1 0 0 1 0 0 1 0 0 1 0 0 1 0 0 1 0 0 1 0 0 1 0 0 1 0 0 1 0 0 1 0 0 1 0 0 1 0 0 1 0 0 1 0 0 1 0 0 1 0 0 0.999985 -0.00521538 0.00189582 1 0 0 1 0 0 1 0 0 0.00298263 -0.999733 -0.0229115 -0.00294302 -0.999996 0 0.0035577 -0.999969 0.00696792 4.02022e-06 -1 2.61977e-05 1.68437e-05 -1 0.000172077 3.65892e-06 -1 -6.97356e-06 3.85172e-05 -1 -0.000722395 0.000456867 -0.999963 -0.00857847 0.00147553 -0.999995 -0.00281223 0.00171316 -0.999996 -0.00227145 3.72529e-08 -1 -4.9393e-08 5.79413e-08 -1 9.4502e-08 9.22403e-09 -1 1.24073e-07 5.72155e-08 -1 1.50792e-07 3.11179e-05 -1 -1.98632e-05 1.20429e-05 -1 -3.25277e-05 3.72565e-08 -1 9.81899e-08 -0.00306677 -0.999975 -0.0064416 0.000183986 -0.999998 0.00189211 1.2684e-05 -1 -8.3431e-05 4.01069e-06 -1 0.000280456 -2.15723e-06 -1 0.000103803 -0.00309375 -0.999724 0.0233097 0.00293279 -0.999996 -1.09777e-05 3.72529e-08 -1 7.8248e-08 -0.000577667 -1 0 0.000271157 -0.999998 0.00176349 0.000153517 -0.999999 -0.00103882 1 0 0 1 0 0 1 0 0 1 0 0 1 0 0 1 0 0 1 0 0 1 0 0 1 0 0 1 0 0 0.999999 0.00112562 0 1 8.11955e-05 -6.3106e-05 1 -0.000373293 -0.000150057 1 0 0 1 0.00047305 -0.000144532 1 -0.000330005 -6.59305e-05 1 0 0 1 0 0 1 0 0 1 0 0 0.999999 0.00113881 0 1 8.14114e-05 6.30513e-05 1 -0.000373831 0.000149774 1 0 0 1 1.08725e-05 9.92084e-05 1 0.000479589 0.000146857 1 0 0 1 0 0 1 0 0 1 0 0.000101359 -1 0 0 -1 0 0 -1 0 0 -1 0 0 -1 0 0 -1 0 0 -1 0 0 -1 0 0 -1 0 0 -1 0 0 -1 0 0 -1 0 0 -1 0 0 -1 0 0 -1 0 0 -1 0 0 -1 0 0 -1 0 0 -1 0 0 -1 0 0 -1 0 0 -1 0 0 -1 0 0 -1 0 0 -1 0 0 -1 0 0 -1 0 0 -1 0 0 -1 0 0 -0.999991 0.00410796 0.00141164 -0.999998 -0.00178209 -8.39094e-05 -1 0 0 -1 0 0 -1 0 0 -1 0 0 -1 0 0 -0.999999 -0.0014992 0 3.88051e-08 -1 0 3.88051e-08 -1 0 -1 0 0 -1 0 0 -1 0 0 -1 0 0 -1 0 0 -1 0 0 -1 0 0 -1 0 0 -1 0 0 -1 0 0 -3.3457e-05 -1 8.60501e-05 1.81156e-07 -1 0 7.45058e-08 -1 -1.82972e-07 -3.57254e-06 -1 2.39869e-05 -2.62925e-06 -1 8.6757e-05 5.41411e-06 -1 -1.33359e-05 7.45185e-08 -1 -0.000169154 -0.00779489 -0.999867 0.0143309 -0.00460943 -0.999875 -0.0151112 0.00250765 -0.999997 0 7.45058e-08 -1 1.9676e-07 0 -1 0 2.1072e-07 -1 1.24078e-07 1.86974e-07 -1 1.24087e-07 7.45035e-08 -1 4.94452e-08 -1.05312e-08 -1 2.80055e-07 0.00395181 0.999988 -0.00278622 -0.999999 0.00111119 0 -1 8.03598e-05 6.32493e-05 -1 -0.000371566 0.000151302 -1 0 0 -1 -0.00044518 -0.000134581 -1 0.000333762 -6.66665e-05 -1 0 0 -1 0 0 -1 0 0 -1 0 0 -0.999999 0.00113139 0 -1 8.06776e-05 -6.31621e-05 -1 -0.000372359 -0.000150897 -1 0 0 -1 -0.000664601 -2.72169e-08 -0.999999 0.00102354 -0.000491708 0.440445 -0.0742545 0.894703 -0.912906 0.04535 0.405644 0.681782 -0.473309 0.557809 6.107e-08 -1 1.16863e-07 8.89852e-08 -1 1.70281e-07 -0.000325326 -0.999999 0.00167144 -0.00160147 -0.999998 0.00106969 0.000742218 -1 0.00037457 -8.1086e-08 -1 1.70281e-07 -1.01894e-10 -1 1.1693e-07 0.00107845 -0.999998 0.0019071 0.423134 -0.749096 0.509719 -0.633612 -0.738904 0.229252 0.147332 -0.466051 -0.872405 2.15133e-05 1 9.24158e-07 -6.92076e-05 1 -3.78914e-06 -2.22351e-05 1 9.59491e-07 1.16005e-05 1 -1.27955e-05 0 1 0 -3.88051e-08 1 -6.72626e-08 -6.47877e-08 1 5.39901e-08 -7.45058e-08 1 2.48354e-08 0 1 0 3.84948e-06 1 -8.27848e-07 0.277892 0.960612 -7.92025e-07 0.776787 0.0838075 -0.624162 3.11808e-05 1 -1.80943e-06 0 1 0 0 1 0 -5.32184e-08 1 2.12877e-07 -7.45058e-08 1 0 -1.75621e-06 1 -2.34162e-06 -2.45869e-06 1 0 7.06563e-06 1 -1.40734e-06 -6.33303e-06 1 -2.48353e-06 0 1 0 0.26114 0.965301 -0.000173495 0 1 0 0 1 -1.08293e-05 1 0 0 1 0 0 5.32184e-08 0 -1 5.32184e-08 0 -1 0.164796 -0.921715 0.351118 0.23434 -0.908471 0.346072 -0.973221 0.187076 0.133578 0.027159 0.0308877 0.999154 -5.32185e-08 2.54067e-08 1 0 2.84375e-07 1 0 2.84375e-07 1 -9.41712e-09 2.57859e-07 1 6.32481e-09 2.89216e-07 1 -3.71563e-07 0 1 -0.0536183 -0.986867 0.152376 0.000911156 0.0304669 0.999535 0 0.021301 0.999773 -0.0190019 0.0216104 0.999586 0.0311655 -0.00517428 0.999501 0 -2.8437e-07 1 -6.85224e-08 0 1 -0.00981249 -0.970709 0.240059 -0.976132 -0.0368932 0.214023 0.12366 0.946525 0.297992 -0.114391 -0.978494 0.17165 -0.526327 0.576834 0.624695 -0.00981249 -0.970709 0.240059 -0.976132 -0.0368932 0.214023 0.654414 0.744261 0.133483 -0.114391 -0.978494 0.17165 0.13357 0.974969 0.177748 -0.00100232 0.0126301 0.99992 -0.757973 0.457571 0.464873 -0.983897 0.00198826 0.178726 -0.983897 0.00198826 0.178726 -0.0306014 6.18394e-05 0.999532 -0.892431 -0.448419 0.0498706 0.65389 0.183979 -0.73388 0.622343 0.666773 -0.410004 1 -7.85607e-06 3.13374e-05 1 0.000332802 -1.26104e-09 -0.497532 0.588012 -0.637733 -0.227428 -0.360739 -0.904513 0.306439 0.441538 0.843291 0.646618 -0.272932 0.712316 -0.517238 0.247659 0.819226 -0.234265 -0.460167 0.856368 -1 -0.000318819 6.26405e-05 -0.999997 -0.00253764 -0.000140393 -0.367677 -0.679998 -0.634363 5.38541e-06 -1 -3.06293e-05 0.00190536 -0.999991 -0.003888 -0.00166901 -0.999999 -4.09411e-05 0.0017009 -0.999932 0.0115191 1.10366e-05 -1 7.36141e-05 8.63558e-06 -1 -0.000103778 0.389148 -0.870281 0.30195 1.5313e-05 -1 5.39691e-06 7.45058e-08 -1 -1.49525e-07 -4.59146e-05 -1 -5.31087e-05 -0.000315105 1 0.000156923 4.57122e-05 1 2.90983e-05 9.06943e-07 1 -7.82027e-06 1.43987e-05 1 -1.22527e-07 6.11879e-06 1 4.19654e-06 4.38967e-05 1 -2.44376e-05 4.38008e-05 1 -2.30925e-05 -7.34231e-06 1 0.000103871 -0.000387604 1 -0.000187662 -3.74736e-05 1 1.17146e-05 -7.45026e-08 1 -8.69855e-05 -1 0 0 -1 0 0 -1 0 0 -1 0 0 -1 0 0 -1 0 0 -1 0 0 -1 0 0 -1 0 0 -1 0 0 -1 0 0 -1 0 0 -1 0 0 -1 0 0 -1 0 0 -1 0 0 -1 0 0 -1 0 0 -1 0 0 -1 0 0 -1 0 0 -1 0 0 -1 0 0 -7.45059e-08 4.38267e-07 1 -7.45059e-08 4.38267e-07 1 0.227437 0.334747 0.914449 -0.331522 0.663625 -0.670593 2.85562e-05 1 -1.18673e-05 -0.000147934 1 0.000232575 3.59971e-06 1 -2.31838e-05 -2.51062e-05 1 -0.000677374 -5.25431e-05 1 -0.000210641 -7.46013e-08 0.999999 0.00128172 -0.00128066 0.999942 0.0107339 0.00380715 0.999993 0 -0.00780303 0.999856 -0.0150412 -2.49595e-06 1 1.55524e-05 -1.02937e-05 1 -0.00023183 -1.39148e-05 1 -0.000161872 -2.52791e-06 1 0.0003785 -0.000354169 0.999941 0.010848 -0.00149969 0.999997 0.00212317 0.502279 0.681631 -0.532067 -0.00161999 0.999997 0.00170028 -5.73739e-06 1 1.37644e-05 -7.45058e-08 1 -1.59604e-07 -0.329894 0.702486 0.630622 1.36239e-05 1 0 8.73902e-05 1 -0.000133887 -4.91363e-06 1 -3.01425e-05 0.566758 -0.259908 0.781814 0.365157 -0.314997 -0.876035 0.13872 -0.740036 0.658106 -0.822225 -0.0851552 -0.562756 -0.105152 0.161806 0.981204 0.215636 -0.66653 -0.71361 -0.180695 -0.683715 0.707024 0.827476 0.561365 0.0123882 -0.000182895 -1 -0.000182847 -0.000197831 -1 2.74718e-06 2.72669e-06 -0.999999 0.00117097 1.66919e-05 -1 -1.44163e-07 -2.27567e-05 -1 -0.000181392 -2.48983e-05 -1 1.91235e-05 9.95337e-05 -1 1.7636e-05 3.60614e-09 -1 8.76541e-08 0.00103613 -0.999999 -0.000185283 6.00236e-08 -1 1.0053e-07 9.12878e-06 -1 -1.32576e-06 6.67654e-07 -1 -0.000166064 -5.2767e-08 -1 9.54158e-08 4.13921e-08 -1 -7.48471e-08 7.45059e-08 -4.38267e-07 -1 7.45069e-08 -4.38274e-07 -1 1 0 0 1 0 0 1 0 0 1 0 0 1 0 0 1 0 0 1 0 0 1 0 0 1 0 0 1 0 0 1 0 0 1 -0.000315013 3.33651e-05 1 0 0 1 0 0 1 0 0 1 0 0 1 0 0 1 0 0 1 0 0 0.999997 -0.00228432 0.000488735 1 0 0 0.707089 -0.707125 5.85389e-08 0.707106 -0.707107 -9.37454e-07 -2.92684e-08 -0.707109 0.707105 2.35514e-13 -0.707108 0.707105 -0.707105 -0.707108 6.19809e-08 -0.707105 -0.707108 5.85375e-08 -7.44878e-06 -0.707112 -0.707101 1.05485e-07 -0.707041 -0.707173 -6.37313e-08 1 -1.89442e-07 7.39907e-08 1 -7.90049e-08 -9.6413e-09 1 -1.22527e-07 -2.12965e-08 1 -1.15921e-07 -6.58759e-08 1 -7.97397e-08 -6.50273e-08 1 -1.21435e-08 -6.42925e-08 1 -1.86565e-08 -3.72519e-08 1 -1.67473e-07 -5.54201e-06 1 -4.10471e-06 -8.51083e-06 1 -2.46969e-06 -2.45869e-06 1 -7.30848e-06 -1 0 0 -1 0 0 -1 0 0 -1 0 0 -1 0 0 -1 0 0 -1 0 0 -1 0 0 -1 0 0 -1 0 0 -1 0 0 -1 0 0 -1 0 0 -1 0 0 -1 0 0 -1 0 0 -1 0 0 -1 0 0 -1 0 0 -1 0 0 -1 0 0 -7.45058e-08 4.38267e-07 1 -7.45058e-08 4.38267e-07 1 -0.000131456 1 -0.000738078 3.37396e-05 1 0 -0.474122 0.731778 0.489601 0.332497 0.687755 -0.645321 -7.04044e-08 1 1.36643e-07 -6.88727e-08 1 8.1585e-09 -6.79748e-08 1 2.04103e-08 -6.17189e-08 1 -3.4653e-07 -3.72529e-08 1 2.52521e-07 -0.11659 0.601511 0.790311 0.295829 0.76154 -0.576665 -3.33923e-05 1 0 0.000132931 1 0.000249384 -3.72529e-08 1 -6.9888e-08 -1.52082e-07 1 4.20166e-05 1.53301e-05 1 -0.000103363 1.5779e-05 1 -8.75796e-05 5.77282e-06 1 0.000228586 -4.29438e-05 1 -0.00012467 2.40416e-06 1 -2.84825e-05 -3.72512e-08 1 -2.34115e-05 1.3309e-05 1 0 -0.288454 0.799643 0.526654 0.154298 0.492697 -0.856412 -1.17316e-08 1 -2.3217e-05 0.367322 -0.130646 0.920873 -0.127466 -0.35119 -0.927587 -0.955421 -0.0698006 0.286878 -0.866153 0.262883 0.425056 0.53925 -0.683825 0.491521 -0.313846 -0.575687 -0.75504 0.737157 0.552108 -0.389585 -0.180397 0.057109 -0.981935 -0.668459 0.20907 0.71376 0.0497731 0.123554 0.991089 0.985994 0.119056 -0.116799 0.000219504 -1 -0.000332389 4.13848e-08 -0.999995 0.00331861 0.000270074 -1 0.000783051 -0.00145288 -0.999999 -0.000218035 -3.11031e-05 -1 -0.00023012 -3.12734e-05 -1 2.44405e-05 0.00011795 -1 2.17934e-05 -6.09471e-10 -1 8.76541e-08 0.0009096 -1 -0.000166873 1.90127e-05 -1 -1.46188e-05 -8.85214e-05 -1 8.76543e-08 1.50548e-05 -1 -0.000160666 9.24085e-06 -1 -1.49836e-05 4.13921e-08 -1 -6.71153e-08 7.45058e-08 -4.38274e-07 -1 7.45058e-08 -4.38274e-07 -1 1 0 0 1 0 0 1 0 0 1 0 0 1 0 0 1 0 0 1 0 0 1 0 0 1 0 0 1 0 0 1 0 0 1 0 0 1 0 0 1 0 0 1 0 0 1 0 0 1 0 0 1 0 0 1 0 0 1 0 0 0.707106 -0.707108 5.85375e-08 0.707106 -0.707108 6.19809e-08 2.92687e-08 -0.707108 0.707106 -2.63416e-08 -0.707108 0.707105 -0.707106 -0.707108 6.19809e-08 -0.707106 -0.707108 5.85375e-08 2.92687e-08 -0.707109 -0.707105 7.97458e-08 -0.707108 -0.707105 -7.45058e-08 0 1 -7.45058e-08 0 1 -3.88051e-08 0 1 -3.88051e-08 0 1 -7.45058e-08 0 1 -7.45058e-08 0 1 7.45058e-08 0 -1 7.45058e-08 0 -1 0 0 -1 0 0 -1 5.27761e-08 -1.46664e-07 -1 1.05494e-07 -3.11121e-08 -1 8.1108e-08 2.51442e-08 -1 0 0 -1 8.07147e-08 3.10443e-08 -1 7.45058e-08 0 -1 3.88051e-08 -4.3657e-07 -1 6.94693e-08 -3.72266e-07 -1 2.44554e-07 -4.45067e-07 -1 0 0 -1 0.00327739 -0.0248318 0.999686 8.70388e-06 -1.10266e-05 1 -4.92893e-06 2.78917e-05 1 -0.174789 0.165051 0.970674 0.0859392 0 0.9963 -0.0618805 -0.111364 0.991851 -5.88289e-06 -5.48597e-05 1 -7.45058e-08 -6.94788e-07 1 0.00574501 0.0230434 0.999718 7.31782e-06 5.18907e-05 1 0.00942359 0.0166854 0.999816 -7.45069e-08 4.21618e-07 1 -3.88051e-08 2.01212e-07 1 -7.45058e-08 1.43493e-07 1 0 1.37974e-07 1 -8.49784e-06 1.07656e-05 1 -9.12702e-06 2.28157e-05 1 -0.0453003 0.0665031 0.996757 -6.9698e-06 3.94325e-05 1 -7.45059e-08 4.21527e-07 1 2.29082e-06 1.70577e-05 1 1.89704e-05 7.16728e-05 1 2.56515e-05 5.70973e-05 1 0.119122 0 0.99288 8.03835e-06 -9.44891e-05 1 2.51773e-06 9.51232e-06 1 -1.08655e-06 -3.361e-05 1 -0.055993 -0.0896942 0.994394 -7.45041e-08 -2.27174e-05 1 -0.000161149 0 1 -0.0275416 0 0.999621 0 1.37973e-07 1 -7.45061e-08 1.32454e-07 1 -5.58794e-08 1.07619e-07 1 7.45058e-08 5.96045e-09 -1 0 0 -1 5.58793e-08 -3.27826e-08 -1 3.88051e-08 6.82971e-08 -1 7.45058e-08 -5.96049e-09 -1 0 0 -1 -6.52129e-08 1 -4.28194e-07 -3.72529e-08 1 -6.11782e-07 -2.02614e-07 1 -1.42671e-06 -1.3902e-06 1 -9.72661e-08 3.88051e-08 -1 0 3.88051e-08 -1 0 1 0 0 1 0 0 1 0 0 1 0 0 -1 0 0 -1 0 0 -1 -8.2792e-08 -8.27844e-08 -1 0 0 -1 7.92638e-08 -7.92616e-08 -1 -2.98022e-07 -3.7251e-06 0 -1 0 0 -1 0 0 -1 0 0 -1 0 0 -1 0 0 -1 0 0 -1 0 0 -1 0 0 -1 0 7.45058e-08 -1 0 7.45058e-08 -1 0 3.72529e-08 -1 0 3.72529e-08 -1 0 3.72529e-08 -1 0 3.72529e-08 -1 0 -0.00132417 -0.0340311 -0.99942 -0.00867703 -0.0026302 -0.999959 0.00529773 0.0157377 -0.999862 7.35442e-08 -1.32526e-07 -1 4.34439e-08 -1.92278e-07 -1 0 -1.37973e-07 -1 -0.000953167 0 -1 -1.25124e-05 -0.000150621 -1 0.019273 -0.129614 -0.991377 7.68966e-08 -1.2785e-07 -1 -1.69141e-06 6.88377e-05 -1 -0.371141 0.617068 -0.693889 3.70451e-06 3.25333e-05 -1 7.67634e-05 -0.000559194 -1 7.45076e-08 -4.88255e-05 -1 8.92395e-05 0 -1 0.354396 -0.131095 -0.925861 0 -1.37974e-07 -1 4.89097e-08 0 -1 4.89097e-08 0 -1 0 -1 0 9.6061e-08 -1 -1.0545e-08 -8.89599e-14 -1 1.86264e-06 6.52129e-08 -1 4.83806e-07 3.72529e-08 -1 6.91238e-07 -5.71526e-08 -1 1.65569e-07 8.35002e-08 -7.27267e-05 -1 -0.0667817 -0.0712704 -0.995219 0 1.29351e-07 1 0 1.29351e-07 1 -0.976936 0.213492 0.00410543 -0.959997 -0.279606 -0.0150381 0.00123801 -0.999999 -0.000520351 0.000739326 -0.999999 -0.000768292 1.77993e-05 -1 -3.34966e-05 3.35611e-07 -1 -4.64133e-05 -0.105507 -0.368903 -0.92346 -0.091761 -0.24609 -0.964894 -0.325321 0.796447 0.509743 -1 0 0 -1 0 0 -0.00248202 -0.0497507 -0.998759 -0.0365066 0.731765 -0.680579 -0.127606 -0.165067 -0.977993 -0.104441 -0.449136 0.887338 -0.0548685 -0.213026 0.975505 -1 0 0 -0.998507 0.0536872 -0.0100665 -0.998129 0.0610823 -0.00271502 -0.00122153 0.00180585 -0.999998 0 0.000301499 -1 0 -1 0 0 -1 0 -0.00115854 0.00180705 0.999998 -4.51278e-08 0.000383206 1 -0.0617382 0.562589 0.824428 0.979386 0.156172 0.128113 0.970053 0.159788 -0.182935 0.983713 0.157547 -0.0865317 0.99453 0.104447 -0.000322491 0.99666 0.0802563 0.0150935 0.997483 0.0708996 0.000278199 0.993673 0.104197 0.0419256 0.996646 0.0706918 -0.0412131 1.52886e-07 -1 3.65228e-07 0 -1 7.76118e-07 -1 0 0 -1 0 0 -1 7.55409e-05 -7.55459e-05 -0.727794 0.0456757 0.684273 -0.0294013 0 0.999568 0.0597038 -0.984074 0.167431 -0.0694851 0.983676 -0.165992 -0.029402 0 -0.999568 0.000468233 0.999999 -0.00138515 -5.28573e-08 1 -6.53575e-07 0 1 0 0.51905 0.0945704 -0.849496 0 -1 0 -1 0 0 -1 0 0 0.947196 0.29642 -0.122291 1 0 0 0.966747 0.237057 0.0959399 0.993497 0.0525698 -0.100991 0.943355 -4.29168e-08 -0.331786 0.726891 4.99452e-05 0.686753 0.982005 0.18885 -0.00135827 0.000476321 0.999999 0.00140823 -0.000500856 0.999999 -0.00148077 -0.000548244 0.999999 -0.000897282 0.520763 0.0488043 0.852305 -0.0294018 0 0.999568 -0.069476 0.983681 0.165969 0.0596961 -0.984079 -0.167407 -0.0294017 0 -0.999568 0.000593632 0.999996 0.00258002 0.00146351 0.999999 0 0.000587295 0.999996 -0.00266266 -0.0355358 0.997731 -0.0571929 -0.0345819 0.997589 0.0601722 -0.0542278 -0.514094 0.856018 -1.23447e-07 0.367828 0.929894 -0.686597 0.721706 0.0878895 -0.857162 0.514886 -0.0128859 -0.999999 0.00129777 0.000547144 -0.999999 0.000900593 -0.00141627 -0.967863 0.071177 -0.241196 -0.999998 0.00206289 -7.53424e-10 -0.999998 0.00187951 0 -0.764178 0.594745 0.249622 -0.562343 0.826859 -0.00864635 -0.017932 0.999734 0.0144876 -0.00581341 0.999983 -1.64307e-05 -0.552918 0.796871 -0.243472 4.34714e-08 -7.9292e-05 -1 -0.0663756 -0.0708428 -0.995277 -6.04712e-08 6.46754e-08 1 -6.04755e-08 6.468e-08 1 -0.997349 0.0724637 0.00662563 -0.994215 0.10711 0.00798735 3.35612e-07 -1 4.58093e-05 1.70158e-05 -1 3.37819e-05 -5.45121e-05 -1 4.0404e-06 -4.75515e-05 -1 2.05818e-07 -0.105522 -0.368928 -0.923448 -0.0917082 -0.249036 -0.964143 -0.487533 0.735393 0.470647 -1 0 0 -1 0 0 -0.734535 0.571535 -0.365795 -0.0417827 -0.17207 -0.984198 -0.043218 -0.346095 -0.937204 -1.1397e-07 0.339589 -0.940574 -0.0698372 -0.256761 0.963948 -1 0 0 -0.998507 0.0536854 -0.0100662 -0.998399 0.0560303 -0.00773637 -0.00155678 0.00221955 -0.999996 7.21939e-08 0.000302254 -1 2.88782e-07 -1 0 0 -1 3.65221e-07 -0.000387085 0.000139685 1 0 -0.000333279 1 -0.0423739 0.492007 0.869559 0.952871 0.229398 -0.19853 0.61214 0.772061 -0.170898 0.984618 0.14112 0.103016 0.197731 0.460841 -0.865175 0.983712 0.157549 -0.0865369 0.99453 0.104447 -0.000324917 0.696965 0.0607163 -0.71453 0.989718 0.0754744 0.1215 1 0.000825727 0.000179977 0.993672 0.104197 0.0419281 0.999135 -0.00250886 -0.0415076 -0.214708 0.0787363 0.973499 0 -1 0 0 -1 0 -1 0 0 -1 0 0 -1 7.55409e-05 -7.55409e-05 -0.72782 0.0456768 0.684245 -0.0294013 0 0.999568 0.0596961 -0.984079 0.167409 -0.0694746 0.98368 -0.165971 -0.029393 0 -0.999568 0.000476333 0.999999 -0.00140825 0 1 0 0 1 0 0.519092 0.0945778 -0.849469 1.44389e-07 -1 4.04918e-07 -1 0 0 -1 0 0 1 0 0 0.965853 0.239558 0.0986891 0.993497 0.0525661 -0.100994 0.943365 -2.14565e-08 -0.331757 0.7098 5.58536e-05 0.704403 0.000476321 0.999999 0.00140825 -0.000500833 0.999999 -0.00148071 -0.000548244 0.999999 -0.000897074 0.52094 0.0451554 0.852398 -0.0294013 0 0.999568 -0.069476 0.98368 0.16597 0.0596975 -0.984079 -0.167408 -0.0293931 0 -0.999568 0.000593588 0.999996 0.00257932 0.00146338 0.999999 -4.04924e-07 0.000595342 0.999996 -0.00263821 -0.0408585 0.979498 0.197266 -0.0745673 -0.510303 0.856756 -0.0268769 0.284694 0.958242 -0.0171553 0.224337 -0.974361 -0.758778 0.648385 -0.0620727 -0.228013 0.89247 0.389239 -0.999999 0.00161893 -0.000360732 -0.999998 0.001983 0 -0.999998 0.00177781 -0.00113883 -1 0.000605916 -2.21293e-10 -0.0205916 0.999149 -0.0357335 -0.397455 0.909641 -0.12076 -0.0223492 0.999385 0.0270197 -0.00403558 0.999991 -0.00139334 -0.865549 0.499267 0.0394693 -0.862905 0.503393 0.0446175 0.00228484 0.999997 0.000886285 -2.93265e-05 0.999994 0.00359401 0.00729761 -0.999837 -0.016547 0 -0.999962 -0.00874409 -0.371411 -0.233166 -0.898714 0.00661575 -0.902485 0.430671 -0.0507892 -0.996305 0.0692598 -0.999996 0.00274289 0.000989997 -0.999834 0.0157692 0.00916921 0.999996 -0.00202079 -0.0017997 0.999938 -0.00906319 -0.00647069 -0.0868382 0.996196 -0.0072199 0.0270671 0.996212 -0.0826332 0.0358699 0.99645 -0.0761566 -0.660272 -0.750924 -0.0124276 -0.742404 -0.669935 0.00477382 -0.965261 0.171132 -0.197448 0.968644 0.125451 -0.214456 0.660315 -0.75096 -0.00656671 0.690533 -0.723301 -0.000683422 0.0802125 0.22527 -0.970989 0.430218 -0.100286 -0.897137 -0.00217914 -0.0780443 0.996948 -0.0380923 0.00489261 0.999262 0.979604 0.179261 0.0907863 0.993674 0.100185 0.0507386 -0.014474 -0.999624 0.0232974 -0.997208 -0.074679 -6.61871e-05 -0.0328586 0.993958 0.104725 0.0237619 -0.999521 0.0198249 -0.0289129 -0.528155 -0.848656 -0.318048 -0.900727 0.295864 -0.999946 0.010302 0.000980874 -0.997841 -0.0301193 0.0583591 -0.998551 0.0518948 0.0142512 -0.886836 0.173723 -0.428184 0.999997 -0.0020208 -0.0014356 0.999844 -0.0147413 -0.00975485 -0.346287 0.919613 0.185466 0.0821758 0.993672 -0.0765722 0.0769142 0.993843 -0.0797476 -0.12855 -0.987536 -0.0908189 -0.758311 -0.651851 0.00739859 0.953239 0.205294 -0.221788 0.667534 -0.744578 0.00134039 0.656771 -0.75409 -0.000644033 0.0221217 0.387931 -0.921423 0.0378184 0.344296 -0.938099 -0.394176 0.211562 0.894353 0.0945029 -0.481351 0.871419 0.950386 0.288343 0.116723 -2.11152e-05 1 1.6313e-05 3.55e-06 1 7.98897e-06 -1.51696e-07 1 -3.41378e-07 -0.0364925 0.999237 -0.0139223 2.17725e-05 1 -3.34123e-07 4.20718e-05 1 3.82785e-05 -2.37467e-05 1 -1.67814e-07 2.41658e-07 1 -2.19288e-05 -4.35782e-05 1 -6.12482e-05 -2.95514e-07 1 -4.15338e-07 2.39923e-06 1 1.30551e-05 -5.84137e-06 1 -3.17852e-05 -5.52259e-05 1 -3.93232e-06 -5.41325e-05 1 7.54264e-05 -7.15802e-05 1 4.53129e-05 -3.95592e-06 1 1.44536e-05 0 1 -3.42858e-07 7.76157e-08 1 -2.83582e-07 0.000119125 1 -5.10631e-05 0 1 4.48497e-05 0.000117637 1 -3.98899e-07 1.03019e-07 1 -1.06437e-07 -2.96342e-06 1 8.44122e-07 1.0534e-13 1 -2.83506e-07 0 1 0 0 1 -4.42389e-05 0.00824593 0.999868 -0.0139891 0.0218629 0.999728 -0.00806814 0 1 0 -5.32184e-08 1 -2.61546e-07 -2.87998e-08 1 -3.02777e-07 -1.75126e-07 1 -1.8084e-07 -2.57325e-08 1 -2.25191e-07 -1.58447e-06 1 -1.06437e-07 -1.49902e-05 1 -1.00697e-06 1.92209e-12 1 -3.17852e-05 3.06035e-05 1 -2.53243e-07 -1.37045e-07 1 1.69622e-07 2.29239e-07 1 -2.83733e-07 6.83419e-06 1 1.05723e-05 -1.98855e-05 1 -2.63819e-07 0 1 1.10576e-05 1.05385e-05 1 -5.91816e-07 2.92992e-05 -1 9.63122e-06 -5.50132e-07 1 -1.80839e-07 -5.89945e-08 -1 -5.16353e-07 0 1 4.96698e-07 0.00826065 0.99989 0.0122945 0.0105327 -0.999799 -0.0170506 0.0789184 -0.994439 -0.0697404 -0.0377092 -0.216505 -0.975553 -0.341559 -0.370716 0.863659 -0.999997 0.00229798 0.00126179 -0.994867 0.0870462 0.0515957 -0.953474 0.181681 -0.240583 0.999997 -0.0020208 -0.0014356 0.999998 0.0016863 0.000988866 -0.231089 0.972137 0.0393297 0.0365284 0.99391 -0.103963 0.0769142 0.993843 -0.0797476 -0.660269 -0.75092 -0.0128062 -0.72068 -0.693267 -0.000712461 0.968989 0.121885 -0.214953 0.663592 -0.748033 0.00959904 0.113093 0.209772 -0.971188 0.483933 -0.069155 -0.872368 -0.394177 0.211562 0.894352 0.0945029 -0.481351 0.871419 0.949986 0.292444 0.109562 0.000285722 -0.000186865 1 -0.000350601 -0.000390588 -1 0.00147704 0.00164393 -0.999998 0.239895 -0.970455 0.0258207 0.318854 -0.947803 0.00117384 0.000342182 -0.366561 0.930394 0.115698 -0.892946 0.435043 0.0339072 -0.999333 -0.0135777 0.0775947 -0.084579 0.993391 0.118053 -0.856625 -0.502253 0.0919154 -0.656895 0.748358 0.0262795 -0.99965 0.00304403 0.994052 -0.0606529 -0.0904487 0.0841056 -0.638596 -0.764933 -0.00225892 -0.00189709 0.999996 -0.000543454 -4.72281e-07 1 1.50996e-09 -1 5.03971e-07 -0.00071543 0.000701306 -1 -0.00299611 -0.001846 -0.999994 -0.971899 0.228492 0.0566017 0.998831 0.032398 0.0358684 0.638675 -0.0332933 0.768756 -0.998523 0.054211 -0.00367478 -0.998598 -4.61325e-05 0.0529353 -0.998033 -0.00263933 0.0626305 -0.995738 1.72336e-05 -0.0922246 0.000400301 0.999999 -0.00108212 -0.915453 0.151282 -0.372907 0.278409 0.630658 -0.724403 0.141053 0.967707 -0.208919 -0.000531666 -0.971908 0.235362 0.275943 0.64427 0.713282 -1.83887e-06 0.999999 0.00124497 -0.923692 0.0728407 0.376148 0.0369582 0.999065 0.022446 0.797725 0.600052 -0.0597696 0.110796 0.893533 -0.435113 0.110674 0.89369 -0.434821 0.999999 0.00126252 0.000144123 0.999999 0.00112899 -5.68978e-10 0.0668082 0.96313 0.260609 0.100241 0.935619 0.338481 1 0 0 1 0 0 1 0 0 1 0 0 1 0 0 1 0 0 0 0 1 -3.58202e-08 7.45054e-08 1 0 0 1 -7.45058e-08 -5.96043e-09 1 0 0 1 -4.77601e-08 0 1 -4.77601e-08 0 1 -0.672779 -0.73859 0.0430385 -0.0203738 0.99979 0.00242744 -6.94692e-08 1 -1.86264e-06 -6.94692e-08 1 -1.86264e-06 1 -0.000238524 4.44285e-10 1 -0.000117214 -0.00025388 0.180618 0.983553 -0.00118805 0.400803 0.877327 0.26392 0.453626 -0.825561 0.335667 0.177219 -0.98416 -0.00475422 0.999756 0.0120619 -0.0184909 -1.24628e-05 -1 -2.8665e-06 2.63444e-08 -1 1.04775e-07 0.999355 0 -0.0359039 0.997399 0.0720777 0 -3.23938e-08 0 1 -3.23938e-08 0 1 -0.999396 -0.029867 -0.0177831 -0.999995 0 -0.00317006 -0.0452548 0.615444 -0.786881 -0.262798 0.312658 0.912788 -0.999894 -0.0124976 -0.00745453 -1 0.000499196 -3.7615e-11 -1 -2.70973e-05 4.95732e-05 -0.997978 -0.0304839 0.0557688 0.269914 0.480245 -0.834572 -1 0 0 -1 0 0 -0.999959 -0.00638001 0.00638009 -0.83537 0.464265 0.294303 0.992241 0.0898765 0.085912 1 -0.000366206 0.00036621 1 0 0 1 0 0 0.252551 0.00735382 -0.967556 1 0 0 1 0 0 0.021786 0.012633 0.999683 -0.000295495 0.999999 0.00163557 -0.00443823 0.999986 -0.00299655 -3.04407e-05 1 -1.07203e-07 5.48813e-06 1 -4.89982e-06 -0.0502067 0.997732 0.0448247 -0.000603465 0.998903 -0.0468201 -7.64157e-08 1 -6.69373e-06 -7.64162e-08 1 -1.49441e-07 3.12674e-05 1 0.000189982 -2.10361e-06 1 2.27295e-05 -6.4788e-08 1 5.6752e-06 0 1 0 -1.3159e-05 1 0.00102095 -0.00152836 0.999998 -0.00136452 -8.43983e-08 1 -7.53511e-08 -3.23265e-07 1 -1.07203e-07 0.00447359 0.999985 -0.0030469 0.000304756 0.999999 0.00168683 0 1 0 -7.48802e-08 1 -7.5009e-07 -7.64162e-08 1 7.65466e-07 -2.02897e-06 1 -0.000227267 -6.47876e-08 1 -1.25523e-06 -7.48803e-08 1 1.45077e-06 0 1 0 -0.000197577 1 -1.07357e-07 0 1 0 0.000122766 1 -1.07357e-07 0.000258817 1 1.11914e-05 -7.64061e-08 1 -0.000265698 -9.11493e-05 1 0.000196092 -3.5137e-05 1 9.89468e-06 1.43381e-05 1 2.04061e-06 -0.000197876 1 -8.46587e-08 -0.580537 -0.78691 0.209165 -0.242434 0.932521 -0.267639 0.651953 0.0796367 0.754066 -0.0326523 0.992205 0.120264 7.65733e-08 -1 0 7.65733e-08 -1 0 0 4.02975e-05 -1 -0.00399991 0.0002326 -0.999992 -0.957332 0.270466 -0.101805 -0.96075 -0.260753 0.0946996 -0.124174 0.861643 0.49209 0.010706 -0.999943 0 0.000646308 -1 -0.000624432 0.0687842 1.36335e-07 0.997632 0 0.00500363 0.999987 0 1 0 0 1 0 0.719173 -5.93466e-08 -0.694831 0.719173 -6.37511e-08 -0.694831 1.89371e-05 -1 1.82982e-05 -0.000290572 -1 0 0.719133 6.52852e-08 0.694873 0.719133 5.93502e-08 0.694873 0 1 0 0 1 0 0.000120138 -8.88262e-06 -1 0 -6.83293e-08 -1 0.999999 9.60005e-05 -0.00103884 1 4.66865e-05 0 -1 4.81147e-05 0.000995866 -1 0 0 1 0.000124021 0.000998268 1 0 0 0 1 0 1 0 0 0 1 0 0 1 0 -1 9.32209e-05 0 -1 -1.78879e-10 -0.000983368 0 -1 0 0 -1 0 -0.83542 -0.549612 0 -0.482613 -0.635009 -0.603199 1 0 0 0.577835 -0.38015 0.722214 0 -1 0 0 -1 0 0 3.41299e-05 -1 -0.00182022 0.000120534 -0.999998 -0.00369924 -1.59199e-07 -0.999993 0 -0.00031633 -1 -8.48473e-11 -1 1.43695e-07 5.31611e-10 -1 1.43707e-07 0 1.592e-07 1 -0.000590466 -5.03072e-05 1 0 1 -1.43695e-07 0 1 -1.43695e-07 1 0 0 1 0 0 1 0 0 1 0 0 1 0 0 1 0 0 0.999997 0.00220476 0.00101555 1 0 0 0.999991 -0.00426411 -0.00059753 1 0 0 1 0 0 0.999999 0.000748436 0.00155428 6.4747e-08 -1.76555e-07 -1 -3.42824e-06 2.86527e-06 -1 5.68747e-08 1.17424e-05 -1 3.74392e-08 1.14527e-05 -1 4.33421e-06 2.87945e-06 -1 4.43004e-08 8.22064e-08 -1 4.99771e-08 -3.28792e-08 -1 1.36955e-06 6.30023e-06 -1 0.0425975 0.195958 -0.979687 -1.2469e-07 -2.31382e-07 -1 3.74688e-08 -2.78392e-08 -1 4.26615e-08 -1.16331e-07 -1 5.00308e-08 3.29146e-08 -1 -1 0 0 -1 0 0 -1 0 0 -1 0 0 -1 0 0 -1 0 0 -1 0 0 -1 0 0 -7.65733e-08 0 1 7.65733e-08 0 -1 7.65733e-08 0 -1 0.0993315 -0.0077637 0.995024 -0.172782 0.00475013 0.984949 -0.740659 0.671874 0.0030263 -1 0 0 -1 0 0 -1 0 0 -1 0 0 -1 0 0 -1 0 0 -1 0 0 -1 0 0 -1 0 0 -1 0 0 -1 0 0 -1 0 0 -1 0 0 -1 0 0 -1 0 0 -0.0667349 0.427575 -0.901513 -0.00691448 -0.968063 -0.250613 -0.968102 0.228249 0.103353 -1 0 0 0.135137 0.650038 -0.747789 0.70399 0.686252 -0.182912 -5.16873e-06 3.05211e-06 1 -2.00508e-07 2.31357e-07 1 0 0 1 -3.74401e-08 1.44814e-07 1 3.40178e-06 8.66546e-06 1 1.33167e-05 1.75314e-07 1 -5.00308e-08 3.47715e-05 1 1.08572e-06 2.37246e-05 1 1.49645e-06 1.96899e-06 -1 -6.30317e-07 1.1384e-05 1 -5.68755e-08 -1.44881e-07 1 -4.99757e-08 0 1 0.0426018 0.195978 0.979683 -0.350866 0.373246 -0.858825 -0.738938 0.672929 -0.0337148 1 4.73067e-05 0.000104221 1 0 0 1 0 0 1 0 0 1 0 0 1 0 0 1 0 0 1 0.000171583 1.43114e-05 -0.099336 -0.000502889 0.995054 0.0147907 0.00475183 0.999879 -0.151388 0.563771 -0.811938 -0.155103 -0.987796 0.0142213 0.00100483 -0.999473 -0.0324427 0.708268 0.705871 -0.0101708 0.0100665 0.110052 0.993875 -1.78851e-06 0.995028 0.0995994 -0.992934 -0.00211709 -0.118648 0.999999 -0.00130242 0 0.999833 0 -0.0182708 -0.00138174 0.627177 -0.778875 2.26037e-08 0.543936 -0.839127 0.995044 0.00137777 -0.0994258 -0.993656 0 0.112463 -0.999999 -0.00129944 0 -0.999892 0 -0.0146757 -0.585954 0.810344 -0.000768162 -0.00209648 0.663937 0.747786 0.000924256 0.829354 0.558722 0.559037 0.829142 -0.000715825 0.620686 0.784059 0.000649201 1.48326e-05 1 -0.000229379 7.70759e-06 1 -0.000135528 -0.000135645 1 -9.37216e-06 6.56261e-05 1 8.79888e-06 -9.07621e-08 1 -4.61875e-09 -8.51393e-07 1 -9.15822e-05 1.01442e-06 1 -6.06156e-05 -5.91724e-05 1 -3.0112e-06 0.000290504 1 -3.17407e-05 6.813e-06 1 1.06876e-05 0 -1 0 8.79498e-08 -1 -9.60166e-09 0 -1 0 -0.291246 0.928825 0.229041 0 -1 0 9.01847e-08 -1 -1.15747e-07 8.00166e-08 -1 1.82116e-09 8.70869e-08 -1 7.62912e-08 7.64178e-08 -1 -8.94579e-08 0 1 0 7.93905e-08 -1 4.0491e-08 0.718149 -0.299572 -0.628107 0.60623 -0.164644 -0.77806 0.877012 0.17543 0.447296 -0.0742157 -0.307999 0.948488 -0.943037 -0.329355 -0.0469618 -0.375375 0.0544633 -0.925271 -0.508972 -0.740985 0.43805 0 1 0 0 1 0 0 1 0 0 1 0 -0.704527 -6.88479e-08 -0.709677 -0.704842 -6.68654e-05 -0.709364 0.262271 -9.36169e-08 -0.964994 0.262271 -9.43772e-08 -0.964994 0.966772 -4.15599e-05 -0.25564 0.966843 -2.47745e-08 -0.255373 0.70479 6.88225e-08 0.709416 0.704515 -5.8187e-05 0.709689 -0.262251 9.36174e-08 0.965 -0.262251 9.43778e-08 0.965 -0.966772 -3.8435e-05 0.255641 -0.966837 2.47764e-08 0.255393 0 -1 0 0 -1 0 0 -1 0 0 -1 0 -0.999975 -0.00703497 1.31036e-08 -0.999905 0 0.0137983 -6.94699e-08 9.31307e-06 1 -3.63117e-08 4.22844e-07 1 -7.99522e-08 4.44002e-07 1 0 -0.00183836 0.999998 -0.00256056 0.000681948 0.999996 -7.0867e-08 1.88738e-08 1 -7.05329e-08 -3.35113e-08 1 0 0 1 -7.04041e-08 -8.49412e-10 1 -6.47877e-08 3.16262e-08 1 0 0 1 -0.60725 0.693742 -0.387259 0.617471 -0.782248 -0.0825707 0.954952 -0.106191 0.27711 -0.269027 0.815304 0.512741 0.292017 0.777798 -0.556557 0.603215 -0.766452 0.220641 -0.616891 -0.75406 -0.225476 -0.35069 0.781685 0.515738 0.369084 0.751963 -0.546195 0.363655 0.727464 -0.581852 0.058462 0.869683 -0.490136 -0.46661 0.612454 -0.638103 -1 0 0 5.32184e-08 -1 0 5.32184e-08 -1 0 1 0 0 1 0 0 3.99138e-08 -1.86269e-07 -1 3.99138e-08 -1.86269e-07 -1 -5.32184e-08 0 1 -5.31425e-08 1 0 -5.31425e-08 1 0 -3.98569e-08 1.82612e-07 1 -1 0 0 -1 0 0 5.31425e-08 0 -1 5.31425e-08 0 -1 1 0 0 0 -1 0 0 -1 0 5.32184e-08 -1 5.33556e-08 0.000711986 -0.00978666 0.999952 0.999652 -0.0100406 0.0243845 -0.999655 -0.00975455 -0.0243846 0.000713832 -0.00999463 0.99995 5.31425e-08 -1 -5.31405e-08 -1 0 0 5.32184e-08 -1 0 5.32184e-08 -1 0 1 0 0 1 0 0 5.32184e-08 0 -1 5.32184e-08 0 -1 -3.99138e-08 1.86269e-07 1 -5.31425e-08 1 0 -5.31425e-08 1 0 -1 0 0 -1 0 0 3.98569e-08 -1.82612e-07 -1 3.98569e-08 -1.82612e-07 -1 1 0 0 -5.31425e-08 0 1 0 -1 0 0 -1 0 5.32184e-08 -1 5.32165e-08 0.000713834 -0.00981242 0.999952 0.999652 -0.0100412 0.0243861 -0.999655 -0.00975517 -0.0243861 0.000711985 -0.00996839 0.99995 5.31425e-08 -1 -5.32794e-08 0.849179 -0.248285 -0.4661 0.815944 -0.427814 0.388859 0.229996 -0.106372 -0.967361 -0.336488 0.118018 -0.934263 0.531529 0.419518 -0.735854 0.969255 0.0905804 -0.228779 0.859836 0.4756 -0.185705 0.907767 0.320651 0.270447 0.0517823 -0.173656 -0.983444 -0.004369 -0.309274 0.950963 -0.593713 0.585522 -0.551969 -0.57526 0.791722 -0.205551 -0.866062 0.463784 0.186658 -0.583901 0.43478 0.685584 -0.161361 0.168633 0.972381 -0.977213 -0.102251 0.18601 -0.750471 -0.625678 -0.212887 -0.00448572 0.622315 0.782754 0.00585345 0.231886 0.972725 -0.697244 0.681752 0.221506 0.610861 0 0.791738 -0.50962 -0.213937 0.833378 -0.915936 -0.396708 0.0606977 -0.00258123 0.599826 0.800126 -0.339376 -0.13933 -0.930275 -0.600194 -0.241102 0.762651 -0.991169 -0.119981 0.0564614 -0.652567 -0.610043 -0.449448 -0.753459 -0.337334 -0.564363 -0.715889 -2.56859e-07 -0.698214 -0.964819 0.0967856 -0.244453 -0.970723 0.235949 -0.045008 -0.939667 0.267737 0.212938 -0.780544 0.118587 0.613749 -0.0608259 -0.125137 0.990273 -0.930669 -0.281906 0.233205 -0.959506 -0.281132 -0.0176806 -0.110642 -0.680316 -0.72452 -0.870849 -0.236798 -0.430753 -0.0593194 -0.248267 -0.966874 -1 0 0 -1 0 0 -0.955194 0.228059 0.188661 -0.932016 0.0454371 0.359559 0.00223536 0.177931 0.984041 0.000153662 0.369341 0.929294 -5.41402e-05 0.363206 0.931709 -3.09586e-05 0.587138 0.809487 0.000168607 0.770523 0.637412 0.00223833 0.62982 0.776738 -8.7808e-08 0.767106 0.641521 -8.2532e-08 0.906008 0.423261 -0.000119176 0.904837 0.425757 0.000175507 0.98306 0.183285 0.0022295 0.990815 0.135209 0.000165836 0.998028 -0.062763 -5.84253e-08 0.998344 -0.0575255 -3.98616e-08 0.951051 -0.309036 0.00223643 0.933331 -0.35901 0.000134198 0.842609 -0.538526 -0.000147925 0.847185 -0.531297 0.000255951 0.680084 -0.733134 0.00223598 0.644925 -0.764243 0.000167713 0.481745 -0.876311 -4.85917e-07 0.486408 -0.873732 -2.32423e-07 0.24869 -0.968583 0.0022381 0.196959 -0.980409 0.000167494 -3.67881e-07 -1 3.0722e-08 0.00530408 -0.999986 4.55104e-08 -0.248705 -0.968579 2.35159e-06 -0.248758 -0.968566 -5.44653e-06 -0.481737 -0.876316 5.3925e-08 -0.481852 -0.876253 4.5262e-08 -0.684519 -0.728995 0.00224035 -0.722257 -0.691622 0.00016348 -0.844603 -0.535392 -1.04242e-05 -0.841478 -0.540291 -0.000382816 -0.948201 -0.317672 0.00223261 -0.966062 -0.2583 0.00016574 -0.998028 -0.0627667 4.24309e-09 -0.997683 -0.0680276 -1.16325e-08 -0.982292 0.187354 0.00223071 -0.971012 0.239021 0.000169044 -0.904819 0.425796 -2.59433e-08 -0.907097 0.420921 -3.95757e-08 -0.770525 0.63741 -0.000416793 -0.776783 0.629769 0.0011646 -0.587256 0.809401 -1.41515e-05 -0.607143 0.794592 -8.08403e-05 -0.369924 0.929062 2.24526e-08 -0.368143 0.929769 7.78394e-09 -0.125369 0.99211 -7.39101e-06 -0.125543 0.992088 1.50015e-06 0.125372 0.99211 0.919016 0.211128 0.332918 0.982297 0.175202 0.0663037 0.58154 -0.672687 0.457497 -0.0251339 -0.608705 0.792999 0.798471 -0.166367 0.57859 0.951089 0.279519 0.131523 0.93147 0.353416 -0.086378 0.91403 0.297692 -0.275553 0.918292 0.115792 -0.378593 0.85183 -0.0571989 -0.520686 0.911354 -0.264208 -0.315639 0.837985 -0.492806 -0.234358 0.679185 -0.729143 0.0840129 0.53714 -0.310526 0.784254 -0.00113987 -0.368125 0.929775 0.00196825 -0.625874 0.779922 0.000816354 -0.603744 0.797178 -0.0178332 -0.844029 0.536001 0.00293396 -0.612345 0.790585 -3.10412e-05 0.368839 0.929493 -0.000910952 0.103333 0.994646 0.00147484 -0.125385 0.992107 0.00221291 0.799744 0.600338 -0.00193577 0.895136 0.44579 0.00219517 0.799686 0.600414 -0.0111557 0.923817 0.382671 -0.000583698 0.972276 0.233838 0.0011741 0.923874 0.382694 0.015129 0.98099 0.193467 0.000249777 0.991441 0.130554 -0.00216061 0.999168 -0.0407255 0.00249115 0.991438 0.130554 -0.0141774 0.982194 -0.187335 -0.00118598 0.99144 -0.13056 -0.000651747 0.964655 -0.263516 0.00148042 0.991439 -0.13056 -0.0130552 0.901973 -0.431595 -0.00374228 0.843955 -0.5364 0.00196789 0.931353 -0.364112 0.00162736 0.611999 -0.790857 0.00184013 0.754121 -0.656733 0.0165309 0.690253 -0.723379 -0.00288988 0.481721 -0.87632 0.000810756 0.631012 -0.775773 -0.0016787 0.248648 -0.968593 0.000519546 0.333794 -0.942646 0.00917548 0.285797 -0.958246 -1.87676e-06 0.192594 -0.981279 -1.15369e-05 0.0206517 -0.999787 0.0199941 -0.223343 -0.974535 0.0165889 -0.689988 -0.723631 -0.0121952 -0.903796 -0.42779 -0.0140464 -0.982753 -0.184388 0.016438 -0.979868 0.198971 0.00224832 -0.793362 0.608746 -1.26959e-06 -0.793364 0.608748 -0.000888766 -0.78444 0.620204 0.00108942 -0.155771 -0.987793 0.00119307 -0.329299 -0.944225 0.000821647 -0.630743 -0.775991 0.00104707 -0.75738 -0.652974 0.00101318 -0.929642 -0.368464 0.00147939 -0.991439 -0.13056 0.000638193 -0.991441 0.130551 0.00117353 -0.923878 0.382684 0.0012066 -0.92416 0.382003 -0.00217286 -0.991438 -0.13056 0.000249637 -0.991441 0.130551 -0.00970627 -0.923836 0.382666 -0.00136455 -0.986211 0.165487 0.000668133 -0.993864 -0.110611 -0.00139781 -0.951059 -0.309006 -0.00300583 -0.832113 -0.554598 1.66652e-05 -0.649115 -0.76069 -0.00335869 -0.461947 -0.886901 -0.000293027 -0.202372 -0.979309 -0.000732913 0 -1 2.63518e-06 0.12543 0.992102 0.0517824 -0.173658 -0.983444 0.849235 -0.248264 -0.46601 0.815835 -0.427932 0.388956 0.229394 -0.106334 -0.967508 -0.336685 0.117916 -0.934205 0.531596 0.419513 -0.735809 0.969265 0.0905659 -0.228743 0.859933 0.475443 -0.185658 -0.00494924 -0.327476 0.944847 -0.00226896 -0.368124 0.929774 -0.410034 0.684523 -0.602744 -0.575251 0.791728 -0.205556 -0.866065 0.46378 0.186654 -0.583902 0.434779 0.685584 -0.161142 0.168646 0.972415 -0.977221 -0.102239 0.185973 -0.161587 -0.872642 0.460852 -0.0195899 0.425412 0.904788 -0.0140968 0.369721 0.929036 0.00583463 -0.696766 0.717275 -0.697265 0.681733 0.2215 0.610993 2.94144e-07 0.791636 -0.509314 -0.213939 0.833564 0.610769 -0.753051 0.244692 -0.510581 -0.85814 0.0538748 -0.840078 -0.512859 -0.176763 -0.00520963 0.599677 0.800225 0.907368 -0.123274 -0.401854 0.997612 -0.0293876 -0.0625035 -0.60005 -0.241139 0.762753 -0.991169 -0.119984 0.0564643 -0.652559 -0.610029 -0.449478 -0.753363 -0.337416 -0.564442 -0.715901 0 -0.698201 -0.964824 0.0967819 -0.244436 -0.970723 0.235946 -0.0450075 -0.931248 0.280759 0.232273 -0.7805 0.118604 0.613802 -0.0607303 -0.125161 0.990276 -0.930636 -0.281962 0.233267 -0.959506 -0.281134 -0.0176811 -0.110973 -0.680316 -0.724469 -0.870946 -0.236706 -0.430607 -0.0590689 -0.248319 -0.966876 -1 0 0 -1 0 0 -0.931994 0.0454525 0.359611 0.00223435 0.177928 0.984041 0.000152878 0.369324 0.929301 -5.41689e-05 0.363211 0.931707 -3.09801e-05 0.587168 0.809465 0.000167513 0.770502 0.637438 0.00223662 0.629817 0.77674 -8.78079e-08 0.767106 0.64152 -8.26146e-08 0.904833 0.425766 -8.23282e-08 0.904833 0.425766 -7.2622e-08 0.98229 0.187369 0.00222958 0.990815 0.135204 0.00016579 0.998029 -0.0627616 -5.84253e-08 0.998344 -0.0575255 -3.9861e-08 0.951048 -0.309042 0.00223641 0.933328 -0.359017 0.00013415 0.842601 -0.538538 -0.000147039 0.847163 -0.531333 0.000256569 0.6801 -0.733119 3.13841e-06 0.684491 -0.729021 -5.30972e-06 0.481716 -0.876327 -2.99606e-08 0.481606 -0.876388 -1.54447e-08 0.248755 -0.968567 0.00223643 0.19707 -0.980387 0.000170308 0 -1 -3.43036e-10 0.00540529 -0.999985 1.54447e-08 -0.248754 -0.968567 1.4968e-08 -0.248754 -0.968567 2.99091e-08 -0.481719 -0.876326 -5.26815e-06 -0.481609 -0.876386 1.7872e-06 -0.684544 -0.728972 0.00223405 -0.722235 -0.691644 0.000163766 -0.844582 -0.535426 -9.41861e-06 -0.841466 -0.540311 -0.000382274 -0.948207 -0.317654 0.00222808 -0.966036 -0.258399 0.000168296 -0.998028 -0.0627682 4.23855e-09 -0.997678 -0.0681077 -1.16322e-08 -0.982293 0.187349 -7.73517e-06 -0.982328 0.187169 8.91542e-07 -0.904815 0.425806 0.00223588 -0.880886 0.473323 0.000166296 -0.770504 0.637436 -3.89308e-08 -0.773853 0.633365 -5.02486e-08 -0.587382 0.80931 -2.06613e-05 -0.587781 0.80902 -8.1125e-05 -0.369905 0.92907 -5.98728e-09 -0.368118 0.929779 -2.30137e-08 -0.125393 0.992107 -7.26875e-06 -0.125563 0.992086 1.62361e-06 0.125396 0.992107 0.919012 0.211133 0.332927 0.982299 0.175194 0.0663 0.959663 -0.0699369 -0.272314 0.754636 -0.601467 -0.262228 0.611176 -0.787635 0.0780694 -0.240007 -0.65956 0.712304 0.798441 -0.166381 0.578628 0.951086 0.279528 0.131531 0.931472 0.353411 -0.0863778 0.785347 0.4872 -0.381924 0.8308 0.17668 -0.527783 0.951021 -0.181699 0.25009 0.53719 -0.310494 0.784233 0.000816151 -0.603771 0.797157 -0.0178285 -0.844006 0.536037 0.00293479 -0.612377 0.790561 -0.00113725 0.125252 0.992124 0.00147228 -0.125287 0.992119 0.00221569 0.799718 0.600372 -0.00193585 0.895147 0.445768 0.00219077 0.799637 0.600479 -0.0111563 0.923824 0.382654 -0.000582425 0.972249 0.233948 0.0011739 0.923881 0.382678 0.0151281 0.980991 0.193463 0.000251084 0.99144 0.13056 -0.0021643 0.999172 -0.0406314 0.00248855 0.991437 0.13056 -0.0141787 0.982195 -0.18733 -0.00118631 0.99144 -0.130554 -0.00139721 0.951052 -0.309029 0.00148052 0.99144 -0.130554 -0.0130579 0.901963 -0.431617 -0.00168242 0.868682 -0.495367 0.00101315 0.929639 -0.368471 -0.00233406 0.700637 -0.713514 0.000589202 0.759274 -0.650771 0.0165355 0.690259 -0.723374 -0.00288914 0.481749 -0.876305 0.000810439 0.630997 -0.775785 -0.00168211 0.248598 -0.968605 0.000519365 0.333862 -0.942622 0.00918774 0.285798 -0.958246 -2.80685e-06 0.192456 -0.981306 -1.26212e-05 0.0206558 -0.999787 0.0200115 -0.223319 -0.97454 0.0151755 -0.68483 -0.728545 -0.0128184 -0.904759 -0.425731 -0.0141796 -0.982191 -0.18735 0.016436 -0.979868 0.198967 0.00224974 -0.793343 0.608771 -3.13078e-06 -0.793345 0.608772 -0.000888744 -0.78444 0.620204 0.00108703 -0.155674 -0.987808 0.00119046 -0.329383 -0.944196 0.000821413 -0.630726 -0.776005 0.00142572 -0.793363 -0.608747 0.00159788 -0.923881 -0.382676 0.00147949 -0.99144 -0.130554 0.000638049 -0.99144 0.13056 0.00117371 -0.923889 0.382658 0.00120552 -0.92416 0.382003 -0.010462 -0.79332 -0.608715 -0.00253018 -0.92388 -0.382675 -0.00118259 -0.99144 -0.130554 0.000251083 -0.99144 0.13056 -0.0097076 -0.923846 0.382641 -0.00136429 -0.98621 0.165491 0.000668253 -0.993864 -0.110607 -0.00139781 -0.951059 -0.309006 -0.00190117 -0.832187 -0.554491 1.57383e-05 -0.649115 -0.76069 -0.00335846 -0.461946 -0.886902 -0.000297187 -0.202336 -0.979316 -0.000734171 -3.71564e-07 -1 0.754843 -0.339669 -0.561104 0.959896 -0.25367 -0.119376 0.63388 0.759737 0.144901 0.633475 0.627556 -0.45264 0.937912 -0.167096 0.303975 0.806763 0.0683252 0.586912 0.825343 0.340502 0.450408 0.825463 0.506007 0.250137 0.904253 0.420953 -0.0715911 0.331742 -0.765641 0.551128 0.302289 -0.119535 0.945692 0.929314 0.362753 -0.0691764 -0.000643995 -0.12962 -0.991564 -0.000893117 -0.349888 -0.936791 7.99177e-08 -0.370285 -0.928918 8.67246e-08 -0.587767 -0.80903 5.04003e-06 -0.770581 -0.637342 -6.3026e-06 -0.587644 -0.80912 8.67593e-08 -0.770506 -0.637432 8.26157e-08 -0.904816 -0.425803 8.38234e-08 -0.904816 -0.425803 7.2626e-08 -0.982274 -0.187449 4.35341e-06 -0.982293 -0.187349 2.64045e-06 -0.998024 0.0628293 0.00124897 -0.995732 0.0922809 0.000564035 -0.951046 0.30905 4.04129e-08 -0.955343 0.295499 1.74736e-08 -0.83368 0.552248 -0.000824526 -0.844402 0.53571 -0.000820766 -0.698618 0.715495 -2.9917e-09 -0.684534 0.728981 -2.45004e-08 -0.481719 0.876326 -2.54463e-08 -0.481719 0.876326 -4.46919e-08 -0.248754 0.968567 0.000826088 -0.229743 0.973251 0.000824016 0 1 -6.07663e-08 -0.0196582 0.999807 -7.55812e-08 0.248755 0.968567 -7.36903e-06 0.248587 0.96861 6.92842e-07 0.481718 0.876326 -8.37583e-08 0.481702 0.876335 -8.77979e-08 0.69746 0.716623 -0.000731326 0.684472 0.729039 -0.00100964 0.831217 0.555947 -8.52609e-08 0.844312 0.535852 -7.82344e-08 0.951067 0.308986 -3.71805e-06 0.95104 0.309068 -4.66174e-06 0.998028 0.0627638 -6.56794e-08 0.998035 0.0626547 -4.93571e-08 0.982295 -0.187342 -8.96289e-07 0.982298 -0.187323 4.68916e-06 0.904786 -0.425867 0.000820845 0.896379 -0.443289 0.000822864 0.770468 -0.637479 5.97916e-08 0.782879 -0.622175 5.17807e-06 0.587662 -0.809107 0.000691355 0.574427 -0.818556 0.00115158 0.349682 -0.936868 -0.000819733 0.390168 -0.920743 -0.000824455 0.144764 -0.989466 2.32025e-08 0.125402 -0.992106 3.97096e-08 -0.14484 -0.989455 -0.830304 0.273289 -0.485704 -0.776177 0.521896 -0.3538 -0.892093 0.450961 0.0283599 -0.954871 0.282487 0.0917752 -0.992989 0.0294043 0.114491 -1 0 0 -0.877249 -0.231243 0.420668 -0.894775 -0.426447 0.132367 -0.939304 -0.304731 -0.157628 -0.830507 -0.273206 -0.485403 -0.813005 -1.074e-07 -0.582257 -0.947502 0.15403 0.280206 -0.877147 -0.456713 0.148412 -0.903813 -0.387196 -0.182213 -0.403746 0.903309 0.144987 -0.173401 -0.972405 0.156076 -0.214478 0.582946 0.783692 -0.29641 0.947398 0.120743 -0.167148 0.808054 -0.564899 -0.0935886 0.361898 -0.927508 -0.0873142 -0.115192 -0.989498 -0.999326 0.0271211 0.0247249 -0.23419 -0.954375 0.185268 -0.201084 -0.592639 0.779964 -0.080327 -0.586581 -0.805897 0.181043 -0.726787 -0.662573 0.19467 0.122897 -0.973139 0.931563 -0.20297 -0.301651 0.980857 -0.0971342 0.168776 0.23086 0.678167 -0.697706 -0.0849034 -0.901051 -0.425322 -0.156023 0.192804 -0.968754 0.195158 -0.100769 -0.975581 -0.470304 -0.735724 -0.487364 -0.10976 0.910537 -0.398591 0.0124437 -0.614168 0.789077 0.00814633 0.88697 -0.461756 -0.00255836 -0.887207 0.461364 -0.00107134 -0.988906 0.148538 0.00777624 0.667087 0.744939 0.00871357 0 0.999962 0.00876632 -0.248637 0.968557 0.96575 -0.246778 0.0801738 -0.400774 -0.914368 0.0575376 -0.401058 -0.899827 -0.171651 0.00860518 -0.973925 -0.226705 0.0259582 0.792863 0.608847 0.0200711 -0.680959 0.732047 0.932264 0.361065 0.022719 0.00483688 -0.906891 -0.421337 0.0214132 -0.361222 -0.932234 0.0114423 0.476397 -0.879156 0.937176 -0.328126 0.118467 0.0160554 0.839521 0.54309 0.00437504 1.86318e-07 0.99999 -0.997233 0.046198 -0.0582466 -0.181832 0.982045 -0.0502488 -0.181145 0.887365 0.423993 0.382435 -0.115842 0.916692 -0.911228 0.175218 0.372776 -0.830474 -0.280485 0.481291 -0.963967 -0.234778 -0.125087 0.632436 -0.359251 -0.686268 -0.000815453 -0.356636 0.934243 -0.000815985 -0.125371 0.99211 -0.00463157 0.509679 0.860352 0.000931707 0.386315 0.922367 0.000598187 0.0913761 0.995816 -0.000684879 0.987362 0.158478 0.000506597 0.998026 -0.0628018 -0.000843827 0.934497 -0.35597 0.000458295 0.854731 -0.519071 0.000816232 0.252977 -0.967472 0.000674536 0 -1 -0.0012696 -0.180172 -0.983634 0.000389235 -0.507701 -0.861533 -0.00113782 -0.646698 -0.762745 0.000506863 -0.998026 -0.0627981 -0.000684592 -0.987362 0.158477 0.000816165 -0.917817 0.397003 0.000813047 -0.762251 0.647282 -0.000612892 0.911094 0.412199 0.00044382 0.982287 0.187381 0.000352616 0.99776 -0.0668922 0.00110556 0.951066 -0.308985 -0.00188449 0.819131 -0.573604 -0.000469901 0.706694 -0.707519 -0.00114718 0.422124 -0.906537 0.000668227 0.248647 -0.968594 0.000816562 -0.0044126 -0.99999 -0.000160421 -0.667817 -0.744326 -0.00172147 -0.819132 -0.573603 0.00162139 -0.932148 -0.362074 0.00162936 -0.999456 -0.0329407 0.367838 -0.922102 0.120096 -0.000625709 1 0.000666743 -0.000137726 1 0 -0.000527538 1 -0.000541697 -0.999495 0.0312565 0.00575772 0.270571 0.00453573 -0.962689 0.289885 -0.113407 -0.950319 -0.00052719 0.000182403 -1 -0.00657725 -0.00673618 -0.999956 0.999696 0.00653002 0.0237698 0.999944 -0.010597 0 0.999932 -0.0116378 9.23323e-05 0.999622 0.00502432 -0.0270315 -0.0845144 -0.99631 -0.0149534 0.277495 0.00304079 0.960722 0.297136 -0.116336 0.947721 -0.0123821 -0.00854911 0.999887 -0.00367962 0.00140141 0.999992 -0.999814 0.0183256 -0.00596549 -0.999506 0.0308231 0.00615513 -0.000137939 -1 4.72776e-05 -0.000214371 -1 6.98732e-06 0.0170318 -0.0514036 0.998533 0.0318159 -0.0293252 0.999063 0.0228188 -0.999013 0.038121 0.046588 -0.995459 -0.0830114 0.0146673 -0.0570017 -0.998266 0.0350354 -0.0247054 -0.999081 0.450443 -0.892756 -0.00943163 0.448 -0.893967 0.0109623 0.471539 -0.881845 0.000222361 -0.999871 -0.0160734 -0.000471515 -0.999954 -0.00963093 -0.000117386 0.013863 0.999813 0.0134851 0.00161151 0.999999 0 0.0145262 0.999793 -0.0142151 0.99997 -0.0077182 0 0.999994 -0.00189855 -0.00301674 0.362286 -0.917079 -0.166479 0.999552 -0.0277943 -0.0111389 -2.46887e-05 1 -1.55163e-09 -1.78841e-07 1 -3.40112e-05 -0.978683 -0.0315954 0.202933 -1 0 0 -1 0 0 -1 0 0 -1 0 0 -1 0 0 -0.984835 -0.0609299 0.162443 -0.977201 0.211369 -0.0200289 -0.959443 -0.280645 0.0265932 -0.463614 0.883229 0.0704873 4.31368e-08 -9.39516e-08 -1 -5.39558e-06 8.52096e-06 -1 1 7.32481e-05 0 1 8.20907e-12 6.28865e-05 -4.31367e-08 6.83284e-08 1 0.000184763 0.000292801 1 -0.972044 -0.168404 -0.163617 -0.00281475 -0.999941 -0.0104699 -8.02038e-05 -1 0 -1.05185e-05 -1.25346e-07 -1 5.47787e-08 2.4062e-05 -1 -2.19136e-07 1 0 -2.19136e-07 1 0 -4.2806e-08 2.72681e-05 1 -1.18076e-05 3.60369e-07 1 -0.000164352 -1 -2.7664e-05 -0.000157443 -1 0 -0.000463918 -0.00208411 0.999998 -5.75537e-05 1.35497e-07 1 0.000169368 -1 0.000718877 2.19136e-07 -1 0 5.57128e-08 -0.00424062 -0.999991 -0.000810008 0 -1 1.72547e-07 -1 0 1.72547e-07 -1 0 -0.998931 0.0384839 -0.0256044 -1 0 0 -1 0 0 -1 0 0 -1 0 0 -1 0 0 -1 0 0 -0.716136 -0.69796 0.00107645 -0.558727 -0.817563 -0.139337 -0.302455 -0.642579 0.703999 -0.146639 -0.988541 0.0358137 -0.024002 0.014701 -0.999604 0.527662 0.777921 0.341192 -0.0160634 0.999853 0.00599851 0.985303 0.170379 -0.0121819 -0.0339898 -0.0285835 -0.999013 0.374992 0.00640626 -0.927006 0.0875461 -0.0445546 0.995164 -0.0661299 -0.0678154 -0.995504 0.999999 0.000243023 -0.00112841 1 0.000583724 -0.000811414 -0.999736 0.0167386 -0.01576 -1 0.000243021 -0.000116938 -0.134712 -0.0140723 -0.990785 0.0789012 0.138623 -0.987197 0.323266 -0.946308 -5.90379e-05 5.89268e-05 -0.999262 -0.0384042 -0.0985152 -0.990781 0.0929977 0.034888 -0.999391 -7.53274e-05 -0.363969 -0.646592 0.670406 -0.00469858 -0.000365642 0.999989 -0.0025733 -3.9866e-07 0.999997 4.69203e-06 -0.00260434 0.999997 0 -0.00262453 0.999997 -4.78173e-06 -0.00260273 0.999997 0.00257385 -3.98803e-07 0.999997 0.900226 -0.154402 0.407129 -0.0765722 -0.464251 -0.882387 0.00250617 0.021982 -0.999755 0.146386 0.913685 0.379145 -0.00295037 0.999981 0.00548064 0.00183719 0.999996 0.00197185 -0.00191536 0.999983 0.00545646 0.000303585 0.999993 0.00378296 0.0753771 0.305519 -0.949198 0.0288816 0.338102 -0.940666 -0.0409795 -0.0268961 -0.998798 -0.192177 0.981329 0.00785161 -0.999907 -0.00826235 0.010878 -0.999992 -0.000161007 0.00394513 0 -0.999997 0.00232731 -0.000459723 -0.999999 0.00167101 0.999888 0.000533686 -0.0149483 0.999939 0.0110335 0.00011738 0.0647569 0.977036 0.202996 -0.0656156 -0.0136861 0.997751 0.00324886 -0.0993765 0.995045 0.163508 -0.0351992 0.985914 0.00600468 0.0485443 0.998803 -0.00288093 0.0728335 0.99734 -0.00547107 -0.115905 0.993245 7.09583e-05 1 -4.13468e-07 -2.5915e-05 1 -0.00012811 0.0900598 -0.0985723 0.991046 -0.214614 0.234763 0.948065 -0.973576 -0.158222 0.164669 -0.999967 -0.00270069 0.00763631 5.85e-08 -0.00225738 -0.999997 0.0910088 -0.121668 -0.98839 0.114457 0.103525 0.988019 0.522207 -0.782233 0.339721 0.166131 -0.986104 4.06394e-07 0.00440894 0.999694 -0.0243497 0.170036 0.0583956 -0.983706 0.271864 -0.95752 -0.0961477 0.0867831 -0.996111 -0.015214 0.140005 -0.989666 0.0309972 0.920749 -0.315184 -0.229958 0.428582 0.712485 0.555592 0.558082 0.44077 -0.703041 0.913247 -0.30429 0.270903 0.00189661 -0.031739 -0.999494 0.00150415 0.00211716 -0.999997 0.00391401 0.0223388 -0.999743 -0.00481869 -0.0244125 -0.99969 0.0042807 0.0202688 0.999785 0.0243328 0.129322 -0.991304 -0.00651586 -0.00917531 -0.999937 -0.0049977 -0.0216364 -0.999753 0.999999 0.000418522 -0.00127979 0.999999 0.00122529 -0.000545696 0.0456214 -0.638292 -0.768441 -1 0.000364834 0.000240488 -0.972283 0.230995 -0.0361555 -0.999997 -0.00204667 -0.00134911 0.347274 -0.934136 -0.0824083 0.255785 -0.966359 -0.026924 9.1119e-05 -1 -9.15565e-06 0.0053841 -0.999949 0.00852083 5.47347e-10 -0.999957 -0.00922707 -1.85748e-09 -0.999909 0.0135293 -0.00309024 -0.999995 -0.000324811 -0.255817 -0.96635 -0.0269242 -0.0116538 0.0658689 0.99776 -0.0594599 0.00333464 0.998225 -0.080004 -9.7821e-05 0.996795 0.00278692 -0.0585646 0.99828 -5.81828e-05 -0.10222 0.994762 1.54975e-05 -0.103457 0.994634 0.0792462 -2.86855e-05 0.996855 0.0595091 0.00326908 0.998222 -1.37328e-07 0.0810371 0.996711 0.645391 -0.664311 0.377042 0.00324124 0.124042 0.992272 -0.00327309 -0.0537966 0.998547 -0.700602 -0.173134 0.692229 3.30367e-10 -0.999985 -0.00556925 -8.53898e-05 1 -0.000510393 -0.942741 -0.197683 0.268626 -0.208076 0.959159 0.19162 -3.38462e-09 2.84662e-06 1 -1.2103e-07 0 1 0.961719 0.00200924 0.27403 0.139814 -0.802406 0.580169 0.862623 0 -0.505848 5.93197e-08 0 -1 5.93197e-08 0 -1 -0.16042 -0.80543 0.570568 -0.862593 0 -0.505898 0.000589894 1 -4.18309e-05 0.000568119 1 -2.00664e-08 -0.000828198 1 5.76823e-05 -0.0439919 0.307144 0.950646 0.824569 0.273664 -0.495171 -0.000172705 0.00168992 -0.999999 0.00517848 -0.0506349 -0.998704 -0.0269595 -0.270998 -0.962202 -0.00118899 0.999999 0.000262277 5.43551e-05 0.999997 0.00261791 -6.23239e-05 1 0.000184552 6.55981e-05 1 -5.78067e-05 0.0200655 0.999799 -7.45043e-06 -4.70408e-08 0.629075 0.777344 -1 4.95101e-11 0.000143042 -1 4.76419e-07 0.000142616 -1 0 0 -1 0 0 1.94899e-05 -1 0.000397045 0.000162422 -1 0.00101809 1 0 0.000140518 1 4.60317e-07 0.000140559 1 4.39264e-11 0.00014093 1 0 0 1 0 0 -0.997546 -0.00128694 0.0700018 -0.0473657 0.995348 -0.0838985 0.00408662 3.66669e-07 0.999992 0.000452619 0.00386589 0.999992 0.000746303 0.00311431 0.999995 -0.00473365 0.0280547 -0.999595 -6.05148e-08 0.00069312 1 0.00487856 0.0357048 0.99935 0.00124176 -0.00630345 0.999979 0.00108832 0.000442604 -0.999999 -0.00070401 -0.0034464 0.999994 -0.00281722 3.66557e-07 0.999996 0.000539288 -0.0088001 0.999961 -6.05148e-08 -8.46108e-07 1 -0.00145695 -0.0203709 0.999791 -0.00666549 -0.0136554 0.999885 -0.0045861 0.0105957 0.999933 -0.000716422 0.00332939 0.999994 0.000108238 -6.88271e-07 1 -0.0013 1.74414e-05 0.999999 0.00165723 0.00405035 -0.99999 -0.000304148 0.00154926 0.999999 0.000742588 -0.00312294 0.999995 0.00076841 -0.00305686 0.999995 -0.000607428 8.29941e-06 1 0.00225742 -2.75177e-05 0.999997 0.00488167 -0.00119541 0.999987 -0.00231536 -0.000794368 0.999997 0.000100565 -0.619454 0.785033 -4.73612e-08 -0.622477 0.782638 0.0375683 0.181603 -0.982654 0.171841 0.956009 -0.237736 -0.0683027 -0.9949 -0.0742241 0.45506 -0.115352 0.882958 -0.351711 -0.0548876 -0.934498 -0.00742799 0.46523 -0.885159 -0.0240189 0.988881 -0.146755 0.999999 0.000243298 -0.00120628 0.999998 0.00201879 0.00039746 0.998698 -0.0500491 -0.00985369 -0.0536309 -0.818275 -0.572319 -0.999999 0.000119794 -0.00120681 -0.999999 0.000944589 -0.000462948 0.131968 0.319909 -0.938212 -0.115267 0.361607 -0.925178 0.140917 -0.990021 5.32672e-05 -1.21904e-05 -0.999658 0.0261425 -0.00677683 -0.999895 0.01279 0.00398296 -0.999793 0.0199409 -0.0224015 -0.999749 0.000201982 -0.00224892 -0.999963 0.00825716 -0.0425584 -0.0671218 0.996837 -0.005371 -0.000421796 0.999986 -0.00291947 -4.83334e-07 0.999996 9.23517e-07 -0.00297345 0.999996 0 -0.00297941 0.999996 -1.76238e-06 -0.00296758 0.999996 0.00291982 -1.22896e-07 0.999996 0.0124703 -0.00164008 0.999921 0.000224643 -1 -0.000186146 -0.937161 -0.195656 -0.288875 0.000358079 0.00240236 -0.999997 0.000593828 0.00443488 -0.99999 -0.117347 0.986805 0.11156 -0.00105843 0.999996 0.00252382 0.000593875 0.999999 0.000870743 -0.00031058 0.999997 0.00250653 -0.000365244 0.999997 0.00256387 0.0565941 0.00941397 -0.998353 -0.0559321 0.0587273 -0.996706 -0.0107127 0.999882 0.011019 -0.0973559 0.989651 0.105421 0.000721685 0.988975 0.148081 0.0452281 0.996351 0.0723816 -1 0 0 -1 0 0 -0.121945 -0.0538019 0.991078 0 -1 0.000303467 0.00062636 -0.999998 0.00167811 0.999988 0.000160418 -0.00484876 0.999986 0.00525824 -8.82394e-06 -0.00234132 0.973238 0.229786 -0.19831 -0.108141 0.974155 0.026848 -0.0567499 0.998027 -0.00281045 0.0512891 0.99868 0.00375198 -0.123333 0.992358 0.104347 -0.032886 0.993997 0.000192105 0.0446086 0.999005 0.0103399 0.0663836 0.997741 0.00174362 0.00297806 0.999994 -0.00722175 -0.405082 0.914252 -2.46887e-05 1 -1.55157e-09 -1.77999e-07 1 -3.40108e-05 -0.978684 -0.0315946 0.202929 -1 0 0 -1 0 0 -1 0 0 -1 0 0 -1 0 0 -0.984836 -0.0609226 0.162436 -0.977201 0.211369 -0.0200284 -0.959442 -0.280647 0.0265929 -0.463603 0.883235 0.0704867 2.35797e-14 -1.36657e-07 -1 -2.70572e-06 4.14918e-06 -1 1 7.32481e-05 0 1 8.20873e-12 6.28839e-05 2.73918e-06 4.49259e-06 1 0.000160077 0.000253715 1 -0.972044 -0.168405 -0.163614 -0.00281478 -0.999941 -0.0104695 -8.02038e-05 -1 0 -1.40247e-05 -6.26729e-08 -1 5.4777e-08 3.21453e-05 -1 -2.19136e-07 1 0 -2.19136e-07 1 0 3.61574e-06 4.05968e-05 1 -1.40247e-05 2.50693e-07 1 -0.000164352 -1 -2.76636e-05 -0.000157443 -1 0 -0.000460796 -0.00208654 0.999998 -5.39847e-05 0 1 0.000169371 -1 0.000718889 2.19136e-07 -1 0 5.57166e-08 -0.00425822 -0.999991 -0.000813369 0 -1 1.72547e-07 -1 0 1.72547e-07 -1 0 -0.998931 0.038484 -0.0256039 -1 0 0 -1 0 0 -1 0 0 -1 0 0 -1 0 0 -1 0 0 0.319596 -0.100754 -0.942182 -0.282839 0.0950388 -0.954447 0.999939 0.00395791 0.0103482 0.999792 -0.0203912 0.00038833 0.996736 0.0792137 -0.0155515 -0.0390137 -0.778543 -0.626378 -0.999432 -0.0298622 0.0156377 -0.99938 0.029882 -0.018629 -0.0298193 0.526917 -0.849393 0.0843898 -0.994593 0.0605299 -0.0765289 -0.996511 -0.0332968 -0.0599381 -0.997174 -0.0452913 -0.14435 0.961074 0.235585 -0.0260808 0.0049967 0.999647 0 -0.0206093 0.999788 -0.000989659 -0.0313225 0.999509 0.03702 0.00594572 0.999297 0.092584 0.989637 0.109758 -0.00241889 0.999981 0.0056056 0 0.999996 0.00271367 0.384961 -0.0671648 -0.920486 -0.0422463 -0.302785 -0.952122 -0.00666955 -0.0421611 -0.999089 0.00162832 0.998411 0.0563276 -1 0 0 -0.978143 -0.18566 0.0936322 3.08757e-05 -1 0.000509143 0.00567375 -0.999956 0.00741548 0.882757 0.353449 0.309538 0.985415 -0.168683 0.0224223 -0.00165017 -0.0491208 0.998791 0.0848382 0.205721 0.974926 0.0901402 0.194789 0.976695 -0.0212466 -0.013087 0.999689 0.187876 -0.929577 0.31716 0.316685 -0.732314 -0.602848 0.127212 -0.978956 0.15957 0.0190525 -0.998794 -0.045243 -0.000563365 0.999996 -0.00283677 -0.0030241 0.999991 0.00287127 -3.61493e-05 1 0 -0.00137545 0.999998 -0.00160971 -0.999146 0.0410024 0.00512948 -0.999461 0.0328364 0 -0.999572 0.0290979 0.00293632 -0.999225 0.0131281 -0.0371036 0.268585 0.0028994 -0.963252 0.291541 -0.114069 -0.949733 -0.00497762 0.001908 -0.999986 3.31355e-05 0.00765386 -0.999971 0.999889 -0.00254461 0.0147117 0.99992 -0.0126746 0 0.999934 -0.0114734 -0.000175407 0.999777 0.00136905 -0.0210791 0.00095704 -0.999978 -0.00653962 -0.0589761 -0.99824 0.0062735 0.999934 -0.0114775 0.000168744 0.282482 0.00212228 0.95927 0.304634 -0.11923 0.944977 3.32617e-05 0.00457345 0.99999 -0.00294644 0.001114 0.999995 1.36611e-05 -1 5.41939e-06 4.13922e-07 -1 0 0.0204905 -0.0626212 0.997827 0.0342636 -0.0332803 0.998859 0.0143166 -0.000358401 -0.999897 -0.000346656 -0.0233558 -0.999727 0.450404 -0.892825 8.17592e-05 0.481311 -0.876416 -0.0153456 0.469696 -0.882809 0.00572078 -0.999953 -0.00964871 -0.000181516 -0.999979 -0.00642122 -4.46692e-05 0.0068437 0.999973 0.00282423 0.00252911 0.999997 0 0.00337938 0.999994 -0.00100155 0.998512 1.95482e-05 0.0545374 0.998515 -0.0511972 -0.0186205 0.999983 -0.00582417 0 0.998822 -0.0474106 0.0103108 0.944863 -0.327451 0.00303887 0.999817 -0.0186125 -0.00437882 0.996142 -0.0876954 0.00311446</float_array>
                    <technique_common>
                        <accessor count="4968" source="#shape0-lib-normals-array" stride="3">
                            <param name="X" type="float"/>
                            <param name="Y" type="float"/>
                            <param name="Z" type="float"/>
                        </accessor>
                    </technique_common>
                </source>
                <vertices id="shape0-lib-vertices">
                    <input semantic="POSITION" source="#shape0-lib-positions"/>
                </vertices>
                <triangles count="4968">
                    <input offset="0" semantic="VERTEX" source="#shape0-lib-vertices"/>
                    <input offset="1" semantic="NORMAL" source="#shape0-lib-normals"/>
                    <p>40 0 1 0 0 0 2 1 1 1 3 1 5 2 3 2 6 2 7 3 6 3 56 3 9 4 56 4 53 4 11 5 10 5 12 5 13 6 12 6 14 6 15 7 14 7 46 7 16 8 46 8 17 8 19 9 43 9 40 9 4 10 3 10 5 10 8 11 56 11 9 11 18 12 43 12 19 12 40 13 65 13 19 13 40 14 21 14 65 14 40 15 0 15 21 15 21 16 0 16 20 16 20 17 1 17 39 17 20 18 0 18 1 18 1 19 2 19 39 19 39 20 2 20 38 20 2 21 3 21 38 21 38 22 3 22 37 22 3 23 4 23 37 23 37 24 4 24 36 24 4 25 5 25 36 25 36 26 5 26 35 26 5 27 6 27 35 27 35 28 6 28 57 28 6 29 7 29 57 29 57 30 7 30 34 30 7 31 56 31 34 31 34 32 56 32 33 32 56 33 8 33 33 33 33 34 8 34 54 34 8 35 9 35 54 35 54 36 9 36 32 36 9 37 53 37 32 37 32 38 53 38 31 38 53 39 10 39 31 39 31 40 10 40 30 40 10 41 11 41 30 41 30 42 11 42 50 42 11 43 12 43 50 43 50 44 12 44 29 44 12 45 13 45 29 45 29 46 13 46 28 46 13 47 14 47 28 47 28 48 14 48 27 48 14 49 15 49 27 49 27 50 15 50 26 50 15 51 46 51 26 51 26 52 46 52 25 52 46 53 16 53 25 53 25 54 16 54 24 54 16 55 17 55 24 55 24 56 17 56 23 56 17 57 43 57 23 57 23 58 43 58 41 58 43 59 18 59 41 59 41 60 18 60 22 60 18 61 19 61 22 61 22 62 19 62 65 62 41 63 24 63 23 63 25 64 24 64 26 64 27 65 26 65 28 65 29 66 28 66 50 66 30 67 50 67 31 67 32 68 31 68 54 68 33 69 54 69 34 69 36 70 57 70 37 70 39 71 37 71 20 71 21 72 20 72 65 72 22 73 65 73 41 73 35 74 57 74 36 74 38 75 37 75 39 75 3 76 67 76 68 76 56 77 70 77 71 77 46 78 75 78 76 78 40 79 63 79 62 79 3 80 68 80 6 80 6 81 69 81 56 81 56 82 71 82 53 82 53 83 72 83 73 83 73 84 74 84 49 84 49 85 75 85 46 85 77 86 44 86 43 86 53 87 73 87 10 87 10 88 73 88 12 88 12 89 73 89 49 89 14 90 49 90 46 90 17 91 77 91 43 91 43 92 64 92 42 92 1 93 40 93 62 93 12 94 49 94 14 94 46 95 77 95 17 95 43 96 42 96 40 96 1 97 62 97 3 97 41 98 43 98 26 98 26 99 43 99 44 99 26 100 44 100 45 100 26 101 45 101 46 101 26 102 46 102 47 102 50 103 51 103 52 103 54 104 52 104 53 104 54 105 55 105 56 105 57 106 58 106 59 106 37 107 59 107 60 107 37 108 60 108 61 108 37 109 61 109 62 109 37 110 62 110 63 110 26 111 47 111 48 111 48 112 49 112 50 112 50 113 52 113 54 113 54 114 56 114 57 114 57 115 59 115 37 115 37 116 63 116 66 116 65 117 42 117 41 117 41 118 26 118 24 118 28 119 26 119 48 119 50 120 28 120 48 120 31 121 50 121 54 121 34 122 54 122 57 122 20 123 37 123 66 123 20 124 66 124 65 124 43 125 41 125 64 125 64 126 41 126 42 126 40 127 66 127 63 127 40 128 65 128 66 128 65 129 40 129 42 129 67 130 3 130 60 130 67 131 60 131 59 131 6 132 68 132 58 132 6 133 58 133 57 133 71 134 70 134 54 134 71 135 54 135 53 135 73 136 52 136 51 136 73 137 51 137 74 137 76 138 48 138 47 138 76 139 47 139 46 139 77 140 46 140 45 140 77 141 45 141 44 141 3 142 62 142 61 142 61 143 60 143 3 143 68 144 67 144 59 144 59 145 58 145 68 145 69 146 6 146 57 146 57 147 56 147 69 147 70 148 56 148 55 148 55 149 54 149 70 149 53 150 52 150 72 150 72 151 52 151 73 151 51 152 50 152 74 152 74 153 50 153 49 153 49 154 48 154 75 154 75 155 48 155 76 155 190 156 80 156 81 156 789 157 84 157 85 157 82 158 84 158 83 158 84 159 788 159 83 159 788 160 84 160 789 160 84 161 82 161 85 161 790 162 91 162 94 162 91 163 92 163 94 163 93 164 92 164 790 164 92 165 91 165 790 165 92 166 93 166 90 166 92 167 90 167 94 167 95 168 109 168 105 168 105 169 109 169 108 169 105 170 108 170 107 170 97 171 96 171 101 171 98 172 120 172 116 172 116 173 120 173 119 173 116 174 119 174 117 174 100 175 99 175 112 175 104 176 103 176 95 176 106 177 105 177 107 177 104 178 95 178 105 178 111 179 96 179 97 179 115 180 114 180 98 180 117 181 119 181 118 181 115 182 98 182 116 182 122 183 99 183 100 183 106 184 155 184 104 184 104 185 155 185 142 185 104 186 142 186 143 186 138 187 143 187 156 187 136 188 156 188 157 188 133 189 157 189 132 189 104 190 143 190 141 190 141 191 143 191 140 191 140 192 143 192 139 192 139 193 143 193 138 193 138 194 156 194 137 194 137 195 156 195 136 195 136 196 157 196 135 196 135 197 157 197 134 197 134 198 157 198 133 198 157 199 115 199 132 199 131 200 115 200 144 200 131 201 144 201 159 201 128 202 159 202 160 202 125 203 160 203 162 203 123 204 162 204 155 204 123 205 155 205 106 205 131 206 159 206 130 206 130 207 159 207 129 207 129 208 159 208 128 208 128 209 160 209 127 209 127 210 160 210 126 210 126 211 160 211 125 211 125 212 162 212 124 212 124 213 162 213 123 213 145 214 128 214 97 214 145 215 146 215 128 215 128 216 146 216 147 216 147 217 129 217 128 217 147 218 148 218 129 218 129 219 148 219 149 219 112 220 129 220 149 220 112 221 130 221 129 221 112 222 113 222 130 222 130 223 113 223 131 223 131 224 113 224 114 224 132 225 116 225 117 225 118 226 133 226 117 226 118 227 119 227 133 227 133 228 119 228 134 228 134 229 119 229 120 229 135 230 120 230 121 230 136 231 121 231 122 231 137 232 122 232 100 232 138 233 100 233 150 233 151 234 138 234 150 234 151 235 152 235 138 235 139 236 152 236 153 236 139 237 153 237 154 237 101 238 139 238 154 238 101 239 140 239 139 239 101 240 102 240 140 240 140 241 102 241 141 241 141 242 102 242 103 242 123 243 106 243 107 243 107 244 108 244 123 244 123 245 108 245 124 245 124 246 108 246 109 246 125 247 109 247 110 247 126 248 110 248 111 248 127 249 111 249 97 249 128 250 127 250 97 250 131 251 114 251 115 251 115 252 116 252 132 252 132 253 117 253 133 253 134 254 120 254 135 254 135 255 121 255 136 255 136 256 122 256 137 256 137 257 100 257 138 257 138 258 152 258 139 258 141 259 103 259 104 259 104 260 105 260 106 260 124 261 109 261 125 261 125 262 110 262 126 262 126 263 111 263 127 263 115 264 158 264 144 264 162 265 160 265 161 265 160 266 159 266 170 266 115 267 157 267 158 267 157 268 156 268 229 268 156 269 143 269 166 269 155 270 163 270 164 270 143 271 164 271 165 271 156 272 166 272 229 272 157 273 167 273 158 273 159 274 168 274 169 274 159 275 169 275 170 275 160 276 170 276 161 276 162 277 223 277 163 277 155 278 162 278 163 278 155 279 164 279 142 279 142 280 164 280 143 280 143 281 165 281 166 281 229 282 167 282 157 282 158 283 168 283 144 283 144 284 168 284 159 284 161 285 223 285 162 285 153 286 146 286 154 286 154 287 146 287 145 287 182 288 172 288 186 288 182 289 171 289 172 289 86 290 172 290 171 290 172 291 86 291 783 291 87 292 173 292 783 292 173 293 87 293 174 293 175 294 174 294 178 294 148 295 178 295 151 295 148 296 175 296 178 296 148 297 176 297 175 297 148 298 147 298 176 298 176 299 147 299 187 299 171 300 177 300 86 300 87 301 86 301 177 301 87 302 177 302 174 302 173 303 174 303 175 303 178 304 180 304 179 304 78 305 179 305 180 305 78 306 79 306 179 306 786 307 181 307 79 307 181 308 786 308 185 308 181 309 185 309 182 309 153 310 182 310 146 310 153 311 181 311 182 311 153 312 183 312 181 312 153 313 152 313 183 313 183 314 152 314 188 314 180 315 184 315 78 315 184 316 185 316 78 316 78 317 185 317 786 317 187 318 146 318 186 318 147 319 146 319 187 319 173 320 172 320 783 320 182 321 186 321 146 321 178 322 179 322 151 322 151 323 179 323 188 323 151 324 188 324 152 324 148 325 151 325 149 325 149 326 151 326 150 326 112 327 149 327 100 327 100 328 149 328 150 328 189 329 81 329 190 329 191 330 89 330 192 330 89 331 88 331 192 331 192 332 88 332 191 332 88 333 89 333 191 333 183 334 193 334 195 334 193 335 183 335 188 335 193 336 188 336 194 336 79 337 195 337 194 337 194 338 179 338 79 338 183 339 195 339 181 339 188 340 179 340 194 340 79 341 181 341 195 341 194 342 196 342 193 342 198 343 194 343 195 343 197 344 195 344 193 344 193 345 196 345 197 345 195 346 197 346 198 346 194 347 198 347 196 347 201 348 176 348 187 348 200 349 176 349 201 349 201 350 187 350 199 350 186 351 172 351 199 351 199 352 172 352 173 352 200 353 173 353 175 353 199 354 187 354 186 354 199 355 173 355 200 355 200 356 175 356 176 356 200 357 202 357 199 357 202 358 200 358 204 358 204 359 200 359 201 359 203 360 201 360 199 360 199 361 202 361 203 361 201 362 203 362 169 362 201 363 169 363 204 363 205 364 207 364 208 364 206 365 208 365 209 365 205 366 209 366 207 366 205 367 208 367 206 367 205 368 158 368 210 368 206 369 210 369 158 369 206 370 158 370 205 370 205 371 210 371 209 371 209 372 210 372 206 372 212 373 211 373 215 373 212 374 215 374 213 374 212 375 213 375 214 375 212 376 214 376 211 376 212 377 216 377 164 377 215 378 164 378 216 378 212 379 164 379 215 379 215 380 216 380 212 380 221 381 219 381 218 381 220 382 217 382 218 382 217 383 220 383 221 383 218 384 219 384 220 384 217 385 222 385 223 385 218 386 223 386 161 386 221 387 161 387 222 387 221 388 222 388 217 388 217 389 223 389 218 389 218 390 161 390 221 390 224 391 225 391 226 391 224 392 227 392 228 392 224 393 228 393 225 393 226 394 225 394 227 394 226 395 227 395 224 395 224 396 167 396 229 396 226 397 229 397 230 397 226 398 230 398 167 398 224 399 229 399 226 399 226 400 167 400 224 400 101 401 154 401 97 401 97 402 154 402 145 402 189 403 231 403 230 403 189 404 232 404 231 404 232 405 189 405 190 405 190 406 233 406 232 406 233 407 190 407 216 407 233 408 216 408 234 408 234 409 216 409 222 409 222 410 192 410 234 410 192 411 222 411 161 411 222 412 163 412 223 412 222 413 216 413 163 413 198 414 216 414 190 414 198 415 165 415 216 415 198 416 197 416 165 416 165 417 197 417 166 417 196 418 166 418 197 418 196 419 189 419 166 419 189 420 196 420 198 420 190 421 189 421 198 421 166 422 189 422 229 422 210 423 167 423 230 423 210 424 158 424 167 424 210 425 168 425 158 425 210 426 202 426 168 426 210 427 191 427 202 427 235 428 210 428 237 428 235 429 191 429 210 429 191 430 235 430 236 430 192 431 191 431 236 431 229 432 189 432 230 432 202 433 191 433 192 433 203 434 192 434 170 434 203 435 170 435 169 435 202 436 192 436 203 436 161 437 170 437 192 437 234 438 192 438 236 438 168 439 204 439 169 439 168 440 202 440 204 440 237 441 210 441 230 441 164 442 163 442 216 442 165 443 164 443 216 443 237 444 230 444 231 444 182 445 185 445 233 445 232 446 185 446 184 446 231 447 184 447 180 447 237 448 180 448 178 448 237 449 178 449 174 449 235 450 174 450 177 450 234 451 177 451 171 451 234 452 171 452 182 452 233 453 234 453 182 453 233 454 185 454 232 454 232 455 184 455 231 455 231 456 180 456 237 456 237 457 174 457 235 457 235 458 177 458 236 458 236 459 177 459 234 459 219 460 221 460 220 460 95 461 103 461 836 461 102 462 836 462 103 462 836 463 102 463 238 463 238 464 102 464 101 464 110 465 881 465 111 465 881 466 110 466 109 466 227 467 225 467 228 467 98 468 114 468 885 468 113 469 885 469 114 469 121 470 239 470 122 470 239 471 121 471 120 471 241 472 456 472 455 472 240 473 241 473 455 473 456 474 241 474 240 474 244 475 493 475 494 475 245 476 244 476 495 476 495 477 244 477 494 477 245 478 493 478 244 478 411 479 457 479 458 479 459 480 413 480 458 480 459 481 457 481 418 481 418 482 411 482 413 482 413 483 411 483 458 483 413 484 459 484 418 484 418 485 457 485 411 485 469 486 246 486 468 486 499 487 248 487 498 487 498 488 248 488 247 488 247 489 249 489 500 489 249 490 248 490 499 490 249 491 247 491 248 491 249 492 499 492 500 492 1544 493 252 493 254 493 254 494 251 494 1544 494 251 495 254 495 250 495 253 496 252 496 250 496 252 497 1544 497 250 497 254 498 252 498 255 498 257 499 253 499 258 499 1151 500 257 500 258 500 258 501 253 501 250 501 1548 502 262 502 260 502 261 503 260 503 262 503 1548 504 259 504 262 504 264 505 263 505 1535 505 264 506 1535 506 265 506 265 507 263 507 264 507 269 508 267 508 266 508 1576 509 271 509 272 509 275 510 1562 510 1564 510 278 511 279 511 1614 511 282 512 284 512 283 512 298 513 296 513 1504 513 292 514 293 514 287 514 288 515 292 515 293 515 294 516 289 516 297 516 294 517 290 517 289 517 295 518 296 518 291 518 295 519 296 519 298 519 1044 520 1492 520 1493 520 302 521 301 521 300 521 303 522 301 522 302 522 256 523 253 523 257 523 305 524 306 524 307 524 307 525 306 525 308 525 309 526 310 526 311 526 311 527 310 527 312 527 313 528 314 528 317 528 313 529 315 529 314 529 314 530 316 530 317 530 321 531 322 531 323 531 323 532 322 532 441 532 344 533 324 533 306 533 306 534 324 534 325 534 308 535 325 535 315 535 311 536 315 536 309 536 311 537 308 537 315 537 306 538 325 538 308 538 315 539 313 539 309 539 309 540 313 540 337 540 326 541 336 541 327 541 327 542 328 542 326 542 329 543 330 543 331 543 332 544 333 544 341 544 335 545 319 545 334 545 336 546 595 546 328 546 327 547 336 547 328 547 315 548 337 548 313 548 308 549 311 549 306 549 306 550 311 550 309 550 336 551 326 551 339 551 339 552 326 552 328 552 595 553 339 553 328 553 340 554 329 554 331 554 333 555 443 555 341 555 335 556 334 556 342 556 342 557 334 557 319 557 343 558 320 558 321 558 323 559 343 559 321 559 323 560 441 560 343 560 342 561 319 561 442 561 347 562 349 562 348 562 347 563 346 563 349 563 349 564 354 564 351 564 354 565 352 565 353 565 354 566 353 566 350 566 352 567 447 567 353 567 447 568 355 568 356 568 355 569 357 569 358 569 400 570 360 570 357 570 357 571 360 571 451 571 359 572 360 572 361 572 359 573 361 573 362 573 361 574 364 574 363 574 363 575 364 575 373 575 361 576 365 576 364 576 364 577 368 577 366 577 365 578 368 578 364 578 365 579 367 579 368 579 367 580 375 580 368 580 345 581 367 581 369 581 359 582 362 582 370 582 370 583 362 583 371 583 371 584 362 584 1276 584 1276 585 362 585 361 585 361 586 363 586 1276 586 363 587 373 587 372 587 675 588 372 588 373 588 374 589 373 589 364 589 364 590 366 590 374 590 374 591 366 591 375 591 375 592 366 592 368 592 551 593 375 593 367 593 551 594 367 594 485 594 485 595 367 595 345 595 376 596 345 596 377 596 376 597 485 597 345 597 376 598 378 598 485 598 376 599 379 599 378 599 380 600 377 600 345 600 345 601 347 601 380 601 381 602 380 602 347 602 384 603 1245 603 382 603 384 604 383 604 1245 604 384 605 414 605 383 605 384 606 461 606 414 606 385 607 461 607 393 607 385 608 394 608 354 608 354 609 394 609 387 609 387 610 352 610 354 610 352 611 387 611 388 611 338 612 352 612 388 612 338 613 318 613 352 613 1439 614 318 614 388 614 390 615 1439 615 391 615 392 616 390 616 391 616 392 617 355 617 1244 617 393 618 387 618 394 618 388 619 318 619 338 619 392 620 391 620 355 620 355 621 391 621 395 621 395 622 357 622 355 622 357 623 395 623 396 623 397 624 357 624 396 624 397 625 398 625 357 625 460 626 398 626 397 626 397 627 399 627 460 627 397 628 396 628 399 628 400 629 357 629 398 629 399 630 401 630 1258 630 401 631 402 631 1259 631 1259 632 402 632 360 632 402 633 403 633 360 633 361 634 403 634 404 634 405 635 361 635 404 635 405 636 1437 636 406 636 453 637 407 637 408 637 453 638 408 638 410 638 410 639 365 639 409 639 365 640 410 640 417 640 411 641 417 641 412 641 346 642 383 642 414 642 414 643 349 643 346 643 360 644 403 644 361 644 405 645 404 645 415 645 407 646 405 646 415 646 407 647 1437 647 405 647 416 648 417 648 408 648 417 649 1245 649 412 649 382 650 1245 650 416 650 349 651 414 651 386 651 411 652 418 652 417 652 418 653 419 653 423 653 418 654 413 654 419 654 419 655 413 655 420 655 420 656 413 656 421 656 422 657 420 657 421 657 418 658 423 658 424 658 365 659 418 659 424 659 365 660 417 660 418 660 421 661 413 661 346 661 346 662 369 662 421 662 346 663 345 663 369 663 346 664 347 664 345 664 413 665 412 665 383 665 365 666 424 666 369 666 367 667 365 667 369 667 425 668 421 668 369 668 454 669 361 669 406 669 454 670 409 670 361 670 361 671 409 671 365 671 426 672 355 672 389 672 426 673 1244 673 355 673 1244 674 390 674 392 674 1245 675 383 675 412 675 413 676 383 676 346 676 417 677 416 677 1245 677 424 678 425 678 369 678 394 679 385 679 393 679 386 680 385 680 354 680 349 681 386 681 354 681 417 682 410 682 408 682 400 683 1259 683 360 683 1259 684 1258 684 401 684 352 685 318 685 389 685 447 686 352 686 389 686 361 687 405 687 406 687 419 688 422 688 423 688 420 689 422 689 419 689 389 690 355 690 447 690 453 691 410 691 409 691 305 692 307 692 427 692 427 693 307 693 428 693 306 694 429 694 308 694 308 695 429 695 428 695 307 696 308 696 428 696 305 697 427 697 306 697 306 698 427 698 430 698 431 699 428 699 432 699 431 700 427 700 428 700 431 701 433 701 427 701 427 702 433 702 430 702 430 703 433 703 429 703 429 704 433 704 1219 704 432 705 429 705 1219 705 432 706 428 706 429 706 312 707 434 707 311 707 311 708 434 708 435 708 309 709 311 709 435 709 312 710 310 710 434 710 434 711 310 711 436 711 309 712 437 712 436 712 310 713 309 713 436 713 438 714 436 714 439 714 438 715 434 715 436 715 438 716 440 716 434 716 434 717 440 717 435 717 435 718 440 718 437 718 437 719 440 719 1223 719 439 720 437 720 1223 720 439 721 436 721 437 721 441 722 320 722 343 722 442 723 335 723 342 723 443 724 444 724 341 724 331 725 445 725 340 725 339 726 595 726 336 726 325 727 344 727 306 727 309 728 325 728 306 728 309 729 315 729 325 729 309 730 435 730 437 730 430 731 429 731 306 731 315 732 309 732 337 732 1279 733 353 733 446 733 446 734 353 734 447 734 1278 735 355 735 448 735 1278 736 356 736 355 736 355 737 358 737 448 737 448 738 358 738 449 738 449 739 358 739 450 739 450 740 358 740 357 740 357 741 451 741 450 741 1277 742 360 742 370 742 451 743 360 743 1277 743 360 744 359 744 370 744 1281 745 354 745 452 745 354 746 350 746 452 746 350 747 353 747 452 747 452 748 353 748 1279 748 1244 749 426 749 1438 749 426 750 389 750 1438 750 389 751 318 751 1438 751 1438 752 318 752 1439 752 1437 753 407 753 1435 753 407 754 453 754 1435 754 453 755 409 755 1436 755 409 756 454 756 1436 756 1436 757 454 757 406 757 1436 758 1435 758 453 758 425 759 424 759 455 759 424 760 240 760 455 760 424 761 423 761 240 761 423 762 422 762 240 762 240 763 422 763 456 763 422 764 421 764 456 764 421 765 241 765 456 765 421 766 425 766 241 766 241 767 425 767 455 767 411 768 412 768 458 768 412 769 413 769 458 769 399 770 1258 770 460 770 1259 771 400 771 1258 771 385 772 462 772 461 772 385 773 386 773 462 773 386 774 414 774 462 774 462 775 414 775 463 775 414 776 461 776 463 776 243 777 242 777 489 777 492 778 464 778 465 778 488 779 466 779 467 779 469 780 466 780 488 780 470 781 1282 781 384 781 384 782 1282 782 1283 782 393 783 1283 783 471 783 387 784 471 784 472 784 387 785 472 785 473 785 388 786 473 786 1286 786 388 787 1286 787 474 787 391 788 474 788 1248 788 391 789 1248 789 1290 789 391 790 1290 790 475 790 395 791 475 791 476 791 396 792 476 792 477 792 399 793 477 793 1295 793 401 794 1295 794 478 794 402 795 478 795 479 795 403 796 479 796 480 796 415 797 480 797 481 797 407 798 481 798 1292 798 416 799 1292 799 1291 799 416 800 1291 800 482 800 382 801 482 801 470 801 384 802 382 802 470 802 384 803 1283 803 461 803 461 804 1283 804 393 804 393 805 471 805 387 805 387 806 473 806 388 806 388 807 474 807 1439 807 1439 808 474 808 391 808 391 809 475 809 395 809 395 810 476 810 396 810 396 811 477 811 399 811 399 812 1295 812 401 812 401 813 478 813 402 813 402 814 479 814 403 814 403 815 480 815 404 815 404 816 480 816 415 816 415 817 481 817 407 817 407 818 1292 818 408 818 408 819 1292 819 416 819 416 820 482 820 382 820 348 821 349 821 483 821 483 822 349 822 1229 822 1229 823 349 823 484 823 484 824 349 824 351 824 347 825 348 825 381 825 381 826 348 826 483 826 322 827 321 827 441 827 324 828 344 828 325 828 320 829 441 829 321 829 507 830 486 830 553 830 553 831 486 831 487 831 492 832 246 832 469 832 492 833 469 833 464 833 464 834 469 834 488 834 488 835 486 835 489 835 488 836 487 836 486 836 488 837 467 837 487 837 246 838 487 838 467 838 246 839 490 839 487 839 246 840 491 840 490 840 246 841 492 841 491 841 464 842 488 842 489 842 492 843 242 843 491 843 243 844 491 844 242 844 243 845 486 845 491 845 489 846 486 846 243 846 496 847 499 847 493 847 465 848 242 848 492 848 530 849 494 849 493 849 494 850 530 850 529 850 245 851 495 851 527 851 527 852 496 852 245 852 495 853 494 853 529 853 496 854 493 854 245 854 497 855 498 855 247 855 499 856 579 856 500 856 579 857 497 857 500 857 497 858 247 858 500 858 647 859 613 859 501 859 676 860 599 860 502 860 554 861 490 861 552 861 552 862 490 862 491 862 674 863 503 863 599 863 503 864 674 864 657 864 657 865 581 865 504 865 593 866 648 866 665 866 607 867 523 867 608 867 507 868 376 868 508 868 508 869 376 869 380 869 508 870 647 870 501 870 508 871 501 871 507 871 509 872 604 872 508 872 509 873 510 873 604 873 604 874 647 874 508 874 510 875 511 875 605 875 511 876 512 876 605 876 605 877 512 877 517 877 577 878 610 878 526 878 516 879 518 879 517 879 517 880 518 880 606 880 520 881 607 881 606 881 518 882 519 882 606 882 585 883 521 883 520 883 513 884 608 884 523 884 521 885 522 885 587 885 513 886 523 886 591 886 525 887 591 887 523 887 526 888 576 888 577 888 591 889 526 889 513 889 526 890 610 890 513 890 510 891 605 891 604 891 605 892 517 892 606 892 520 893 606 893 519 893 521 894 607 894 520 894 587 895 607 895 521 895 523 896 607 896 587 896 524 897 523 897 587 897 514 898 515 898 591 898 515 899 526 899 591 899 577 900 528 900 610 900 615 901 610 901 528 901 528 902 529 902 615 902 615 903 529 903 530 903 531 904 530 904 574 904 615 905 530 905 531 905 533 906 615 906 531 906 533 907 531 907 555 907 533 908 534 908 539 908 534 909 535 909 539 909 539 910 541 910 542 910 565 911 545 911 543 911 543 912 545 912 602 912 545 913 546 913 602 913 602 914 568 914 548 914 548 915 536 915 616 915 532 916 533 916 555 916 540 917 539 917 535 917 543 918 539 918 542 918 544 919 543 919 542 919 547 920 602 920 546 920 568 921 602 921 547 921 537 922 538 922 536 922 538 923 616 923 536 923 549 924 616 924 538 924 506 925 616 925 549 925 611 926 549 926 485 926 485 927 549 927 550 927 485 928 550 928 551 928 552 929 611 929 485 929 549 930 611 930 506 930 507 931 553 931 324 931 553 932 1226 932 324 932 325 933 507 933 324 933 325 934 376 934 507 934 313 935 317 935 554 935 552 936 313 936 554 936 552 937 485 937 313 937 485 938 315 938 313 938 550 939 375 939 551 939 532 940 556 940 557 940 533 941 557 941 597 941 534 942 597 942 558 942 535 943 558 943 559 943 540 944 559 944 560 944 539 945 560 945 561 945 541 946 561 946 562 946 542 947 562 947 563 947 544 948 563 948 564 948 543 949 564 949 565 949 546 950 566 950 567 950 547 951 567 951 568 951 548 952 569 952 596 952 536 953 596 953 537 953 538 954 570 954 571 954 549 955 571 955 572 955 550 956 572 956 374 956 375 957 550 957 374 957 555 958 556 958 532 958 532 959 557 959 533 959 533 960 597 960 534 960 534 961 558 961 535 961 535 962 559 962 540 962 540 963 560 963 539 963 539 964 561 964 541 964 541 965 562 965 542 965 542 966 563 966 544 966 544 967 564 967 543 967 545 968 566 968 546 968 546 969 567 969 547 969 568 970 569 970 548 970 548 971 596 971 536 971 537 972 570 972 538 972 538 973 571 973 549 973 572 974 373 974 374 974 550 975 549 975 572 975 497 976 573 976 498 976 530 977 499 977 498 977 498 978 574 978 530 978 555 979 531 979 575 979 575 980 531 980 574 980 530 981 493 981 499 981 577 982 578 982 528 982 577 983 576 983 578 983 528 984 579 984 527 984 579 985 528 985 578 985 527 986 579 986 496 986 496 987 579 987 499 987 495 988 529 988 528 988 527 989 495 989 528 989 1229 990 580 990 483 990 483 991 580 991 508 991 381 992 483 992 508 992 508 993 580 993 509 993 510 994 509 994 581 994 511 995 581 995 598 995 517 996 512 996 582 996 519 997 518 997 583 997 520 998 583 998 584 998 585 999 520 999 584 999 585 1000 586 1000 521 1000 521 1001 586 1001 522 1001 524 1002 588 1002 589 1002 523 1003 589 1003 590 1003 525 1004 590 1004 591 1004 514 1005 592 1005 593 1005 515 1006 593 1006 594 1006 526 1007 594 1007 576 1007 510 1008 581 1008 511 1008 511 1009 598 1009 512 1009 517 1010 582 1010 516 1010 519 1011 583 1011 520 1011 587 1012 588 1012 524 1012 524 1013 589 1013 523 1013 523 1014 590 1014 525 1014 591 1015 592 1015 514 1015 514 1016 593 1016 515 1016 515 1017 594 1017 526 1017 508 1018 380 1018 381 1018 554 1019 317 1019 502 1019 595 1020 651 1020 502 1020 502 1021 651 1021 676 1021 595 1022 502 1022 317 1022 571 1023 595 1023 572 1023 572 1024 595 1024 373 1024 505 1025 569 1025 566 1025 505 1026 566 1026 662 1026 537 1027 596 1027 569 1027 575 1028 656 1028 556 1028 568 1029 566 1029 569 1029 568 1030 567 1030 566 1030 545 1031 662 1031 566 1031 565 1032 564 1032 545 1032 562 1033 558 1033 655 1033 562 1034 560 1034 558 1034 560 1035 559 1035 558 1035 555 1036 575 1036 556 1036 558 1037 556 1037 655 1037 556 1038 656 1038 655 1038 569 1039 505 1039 537 1039 570 1040 537 1040 571 1040 537 1041 652 1041 571 1041 571 1042 651 1042 595 1042 652 1043 651 1043 571 1043 652 1044 537 1044 505 1044 662 1045 545 1045 563 1045 662 1046 563 1046 562 1046 564 1047 563 1047 545 1047 560 1048 562 1048 561 1048 597 1049 557 1049 558 1049 557 1050 556 1050 558 1050 574 1051 498 1051 573 1051 575 1052 574 1052 656 1052 656 1053 574 1053 573 1053 664 1054 656 1054 573 1054 573 1055 497 1055 664 1055 664 1056 497 1056 579 1056 664 1057 579 1057 578 1057 593 1058 664 1058 578 1058 665 1059 664 1059 593 1059 593 1060 578 1060 576 1060 592 1061 591 1061 593 1061 593 1062 589 1062 588 1062 593 1063 591 1063 590 1063 581 1064 650 1064 512 1064 588 1065 587 1065 522 1065 650 1066 584 1066 512 1066 585 1067 584 1067 586 1067 516 1068 582 1068 512 1068 580 1069 1229 1069 320 1069 588 1070 648 1070 593 1070 594 1071 593 1071 576 1071 589 1072 593 1072 590 1072 649 1073 522 1073 586 1073 649 1074 648 1074 588 1074 649 1075 588 1075 522 1075 518 1076 584 1076 583 1076 516 1077 584 1077 518 1077 512 1078 584 1078 516 1078 598 1079 581 1079 512 1079 504 1080 581 1080 509 1080 580 1081 320 1081 509 1081 504 1082 509 1082 320 1082 320 1083 1226 1083 657 1083 1226 1084 553 1084 657 1084 504 1085 320 1085 657 1085 586 1086 584 1086 650 1086 613 1087 486 1087 501 1087 612 1088 486 1088 613 1088 612 1089 491 1089 486 1089 612 1090 552 1090 491 1090 612 1091 611 1091 552 1091 486 1092 507 1092 501 1092 599 1093 490 1093 502 1093 503 1094 490 1094 599 1094 503 1095 487 1095 490 1095 503 1096 553 1096 487 1096 503 1097 657 1097 553 1097 490 1098 554 1098 502 1098 615 1099 533 1099 600 1099 600 1100 533 1100 539 1100 601 1101 539 1101 543 1101 603 1102 616 1102 506 1102 600 1103 539 1103 601 1103 601 1104 543 1104 602 1104 602 1105 548 1105 616 1105 609 1106 513 1106 610 1106 608 1107 513 1107 609 1107 506 1108 611 1108 603 1108 625 1109 623 1109 624 1109 618 1110 631 1110 617 1110 622 1111 623 1111 625 1111 625 1112 612 1112 615 1112 612 1113 625 1113 626 1113 626 1114 627 1114 612 1114 612 1115 627 1115 603 1115 603 1116 627 1116 628 1116 616 1117 603 1117 628 1117 616 1118 628 1118 629 1118 616 1119 629 1119 630 1119 616 1120 630 1120 631 1120 616 1121 631 1121 618 1121 619 1122 602 1122 618 1122 602 1123 619 1123 620 1123 616 1124 618 1124 602 1124 602 1125 620 1125 601 1125 601 1126 620 1126 600 1126 600 1127 620 1127 621 1127 600 1128 621 1128 622 1128 615 1129 622 1129 625 1129 600 1130 622 1130 615 1130 612 1131 613 1131 615 1131 615 1132 613 1132 646 1132 646 1133 610 1133 615 1133 646 1134 632 1134 610 1134 609 1135 632 1135 634 1135 609 1136 634 1136 635 1136 636 1137 609 1137 635 1137 636 1138 608 1138 609 1138 636 1139 637 1139 608 1139 608 1140 637 1140 607 1140 607 1141 637 1141 638 1141 607 1142 638 1142 639 1142 606 1143 639 1143 641 1143 605 1144 641 1144 642 1144 642 1145 643 1145 605 1145 605 1146 643 1146 604 1146 604 1147 643 1147 644 1147 646 1148 613 1148 645 1148 645 1149 613 1149 614 1149 644 1150 614 1150 604 1150 645 1151 614 1151 644 1151 605 1152 606 1152 641 1152 606 1153 607 1153 639 1153 609 1154 610 1154 632 1154 639 1155 640 1155 641 1155 632 1156 646 1156 633 1156 647 1157 604 1157 614 1157 613 1158 647 1158 614 1158 611 1159 612 1159 603 1159 667 1160 648 1160 649 1160 779 1161 650 1161 581 1161 665 1162 648 1162 667 1162 649 1163 586 1163 650 1163 779 1164 581 1164 666 1164 661 1165 651 1165 652 1165 653 1166 505 1166 662 1166 654 1167 562 1167 655 1167 663 1168 655 1168 656 1168 652 1169 505 1169 653 1169 662 1170 562 1170 654 1170 654 1171 655 1171 663 1171 666 1172 657 1172 658 1172 1260 1173 659 1173 660 1173 663 1174 656 1174 664 1174 1260 1175 670 1175 659 1175 659 1176 670 1176 664 1176 659 1177 664 1177 674 1177 674 1178 664 1178 777 1178 664 1179 670 1179 663 1179 670 1180 671 1180 663 1180 654 1181 663 1181 671 1181 672 1182 654 1182 671 1182 672 1183 662 1183 654 1183 673 1184 653 1184 672 1184 652 1185 673 1185 675 1185 652 1186 675 1186 661 1186 662 1187 672 1187 653 1187 653 1188 673 1188 652 1188 777 1189 664 1189 669 1189 669 1190 664 1190 665 1190 668 1191 665 1191 667 1191 667 1192 649 1192 778 1192 778 1193 649 1193 650 1193 669 1194 665 1194 668 1194 777 1195 779 1195 666 1195 778 1196 650 1196 779 1196 676 1197 651 1197 660 1197 660 1198 651 1198 661 1198 599 1199 676 1199 659 1199 659 1200 676 1200 660 1200 674 1201 599 1201 659 1201 657 1202 674 1202 658 1202 657 1203 666 1203 581 1203 726 1204 675 1204 677 1204 726 1205 670 1205 675 1205 726 1206 678 1206 670 1206 670 1207 678 1207 679 1207 670 1208 679 1208 680 1208 670 1209 680 1209 681 1209 670 1210 681 1210 698 1210 671 1211 698 1211 699 1211 671 1212 699 1212 682 1212 671 1213 682 1213 702 1213 671 1214 702 1214 703 1214 671 1215 703 1215 683 1215 671 1216 683 1216 705 1216 672 1217 705 1217 712 1217 672 1218 712 1218 710 1218 672 1219 710 1219 684 1219 672 1220 684 1220 685 1220 672 1221 685 1221 686 1221 672 1222 686 1222 714 1222 673 1223 714 1223 720 1223 673 1224 720 1224 721 1224 673 1225 721 1225 722 1225 673 1226 722 1226 687 1226 675 1227 687 1227 725 1227 675 1228 725 1228 677 1228 675 1229 673 1229 687 1229 673 1230 672 1230 714 1230 672 1231 671 1231 705 1231 671 1232 670 1232 698 1232 724 1233 906 1233 688 1233 724 1234 723 1234 906 1234 906 1235 723 1235 719 1235 689 1236 719 1236 718 1236 689 1237 718 1237 716 1237 689 1238 716 1238 717 1238 689 1239 717 1239 715 1239 907 1240 715 1240 713 1240 907 1241 713 1241 709 1241 907 1242 709 1242 711 1242 907 1243 711 1243 708 1243 907 1244 708 1244 707 1244 907 1245 707 1245 706 1245 691 1246 706 1246 704 1246 691 1247 704 1247 690 1247 691 1248 690 1248 701 1248 691 1249 701 1249 700 1249 692 1250 700 1250 696 1250 692 1251 696 1251 697 1251 692 1252 697 1252 693 1252 692 1253 693 1253 695 1253 692 1254 695 1254 694 1254 906 1255 694 1255 688 1255 906 1256 719 1256 689 1256 689 1257 715 1257 907 1257 907 1258 706 1258 691 1258 691 1259 700 1259 692 1259 692 1260 694 1260 906 1260 696 1261 725 1261 697 1261 726 1262 701 1262 678 1262 677 1263 700 1263 701 1263 698 1264 707 1264 699 1264 701 1265 690 1265 678 1265 678 1266 690 1266 679 1266 703 1267 713 1267 683 1267 679 1268 690 1268 704 1268 680 1269 704 1269 681 1269 681 1270 706 1270 707 1270 699 1271 708 1271 682 1271 682 1272 711 1272 709 1272 702 1273 709 1273 713 1273 683 1274 715 1274 717 1274 705 1275 717 1275 712 1275 710 1276 718 1276 684 1276 712 1277 716 1277 718 1277 685 1278 723 1278 686 1278 684 1279 719 1279 723 1279 686 1280 724 1280 714 1280 714 1281 688 1281 694 1281 720 1282 694 1282 721 1282 721 1283 695 1283 693 1283 722 1284 693 1284 697 1284 687 1285 697 1285 725 1285 688 1286 714 1286 724 1286 720 1287 714 1287 694 1287 721 1288 694 1288 695 1288 722 1289 721 1289 693 1289 687 1290 722 1290 697 1290 677 1291 696 1291 700 1291 677 1292 725 1292 696 1292 726 1293 677 1293 701 1293 680 1294 679 1294 704 1294 681 1295 704 1295 706 1295 698 1296 681 1296 707 1296 699 1297 707 1297 708 1297 682 1298 708 1298 711 1298 702 1299 682 1299 709 1299 703 1300 702 1300 713 1300 683 1301 713 1301 715 1301 705 1302 683 1302 717 1302 712 1303 717 1303 716 1303 710 1304 712 1304 718 1304 684 1305 718 1305 719 1305 685 1306 684 1306 723 1306 686 1307 723 1307 724 1307 773 1308 780 1308 774 1308 773 1309 727 1309 780 1309 780 1310 727 1310 728 1310 903 1311 728 1311 769 1311 903 1312 769 1312 767 1312 903 1313 767 1313 729 1313 903 1314 729 1314 764 1314 904 1315 764 1315 761 1315 904 1316 761 1316 730 1316 904 1317 730 1317 759 1317 904 1318 759 1318 731 1318 904 1319 731 1319 756 1319 904 1320 756 1320 754 1320 732 1321 754 1321 733 1321 732 1322 733 1322 749 1322 732 1323 749 1323 748 1323 734 1324 748 1324 745 1324 734 1325 745 1325 744 1325 734 1326 744 1326 742 1326 734 1327 742 1327 735 1327 905 1328 735 1328 736 1328 905 1329 736 1329 738 1329 905 1330 738 1330 737 1330 905 1331 737 1331 774 1331 905 1332 774 1332 780 1332 780 1333 728 1333 903 1333 903 1334 764 1334 904 1334 904 1335 754 1335 732 1335 732 1336 748 1336 734 1336 734 1337 735 1337 905 1337 772 1338 744 1338 745 1338 775 1339 745 1339 746 1339 746 1340 748 1340 776 1340 740 1341 733 1341 739 1341 776 1342 749 1342 733 1342 743 1343 759 1343 747 1343 751 1344 761 1344 750 1344 739 1345 754 1345 741 1345 752 1346 731 1346 759 1346 750 1347 764 1347 753 1347 741 1348 756 1348 731 1348 747 1349 730 1349 761 1349 757 1350 769 1350 758 1350 758 1351 728 1351 727 1351 760 1352 727 1352 762 1352 753 1353 729 1353 755 1353 762 1354 773 1354 763 1354 765 1355 737 1355 738 1355 766 1356 738 1356 768 1356 766 1357 765 1357 738 1357 755 1358 767 1358 769 1358 768 1359 736 1359 770 1359 770 1360 735 1360 771 1360 763 1361 774 1361 737 1361 771 1362 742 1362 772 1362 774 1363 763 1363 773 1363 765 1364 763 1364 737 1364 768 1365 738 1365 736 1365 770 1366 736 1366 735 1366 771 1367 735 1367 742 1367 772 1368 742 1368 744 1368 775 1369 772 1369 745 1369 746 1370 745 1370 748 1370 776 1371 748 1371 749 1371 740 1372 776 1372 733 1372 739 1373 733 1373 754 1373 741 1374 754 1374 756 1374 752 1375 741 1375 731 1375 743 1376 752 1376 759 1376 747 1377 759 1377 730 1377 751 1378 747 1378 761 1378 750 1379 761 1379 764 1379 753 1380 764 1380 729 1380 755 1381 729 1381 767 1381 757 1382 755 1382 769 1382 758 1383 769 1383 728 1383 760 1384 758 1384 727 1384 762 1385 727 1385 773 1385 797 1386 781 1386 838 1386 838 1387 781 1387 782 1387 786 1388 86 1388 78 1388 78 1389 86 1389 87 1389 87 1390 781 1390 78 1390 87 1391 782 1391 781 1391 87 1392 783 1392 782 1392 783 1393 784 1393 782 1393 86 1394 784 1394 783 1394 86 1395 785 1395 784 1395 86 1396 786 1396 785 1396 79 1397 785 1397 786 1397 79 1398 781 1398 785 1398 78 1399 781 1399 79 1399 789 1400 90 1400 787 1400 787 1401 90 1401 791 1401 787 1402 788 1402 789 1402 788 1403 787 1403 815 1403 815 1404 83 1404 788 1404 85 1405 82 1405 813 1405 813 1406 789 1406 85 1406 790 1407 791 1407 93 1407 791 1408 90 1408 93 1408 90 1409 861 1409 94 1409 861 1410 862 1410 94 1410 862 1411 790 1411 94 1411 908 1412 899 1412 792 1412 1217 1413 1208 1413 839 1413 839 1414 784 1414 837 1414 837 1415 784 1415 785 1415 122 1416 239 1416 792 1416 239 1417 908 1417 792 1417 890 1418 239 1418 798 1418 799 1419 890 1419 798 1419 799 1420 800 1420 890 1420 890 1421 908 1421 239 1421 794 1422 805 1422 807 1422 794 1423 807 1423 892 1423 884 1424 801 1424 805 1424 859 1425 896 1425 812 1425 804 1426 807 1426 805 1426 804 1427 806 1427 807 1427 869 1428 892 1428 807 1428 870 1429 871 1429 869 1429 893 1430 877 1430 894 1430 893 1431 873 1431 877 1431 873 1432 809 1432 877 1432 809 1433 811 1433 877 1433 812 1434 858 1434 859 1434 877 1435 812 1435 894 1435 812 1436 896 1436 895 1436 805 1437 794 1437 884 1437 800 1438 884 1438 890 1438 884 1439 900 1439 890 1439 900 1440 884 1440 794 1440 892 1441 869 1441 808 1441 892 1442 808 1442 893 1442 871 1443 808 1443 869 1443 873 1444 893 1444 808 1444 809 1445 873 1445 810 1445 802 1446 803 1446 877 1446 803 1447 812 1447 877 1447 812 1448 895 1448 894 1448 859 1449 814 1449 896 1449 901 1450 814 1450 83 1450 901 1451 896 1451 814 1451 83 1452 815 1452 816 1452 816 1453 857 1453 817 1453 816 1454 901 1454 83 1454 817 1455 901 1455 816 1455 827 1456 793 1456 826 1456 819 1457 901 1457 817 1457 902 1458 901 1458 819 1458 819 1459 817 1459 840 1459 819 1460 820 1460 826 1460 793 1461 847 1461 829 1461 820 1462 821 1462 826 1462 826 1463 825 1463 827 1463 887 1464 886 1464 829 1464 827 1465 831 1465 847 1465 827 1466 828 1466 831 1466 830 1467 847 1467 831 1467 847 1468 832 1468 833 1468 847 1469 833 1469 829 1469 829 1470 851 1470 834 1470 829 1471 834 1471 822 1471 829 1472 822 1472 887 1472 818 1473 819 1473 840 1473 826 1474 902 1474 819 1474 793 1475 827 1475 847 1475 823 1476 824 1476 822 1476 824 1477 887 1477 822 1477 888 1478 887 1478 836 1478 835 1479 836 1479 887 1479 836 1480 897 1480 888 1480 836 1481 238 1481 897 1481 1206 1482 112 1482 838 1482 112 1483 1206 1483 113 1483 112 1484 99 1484 838 1484 838 1485 99 1485 797 1485 122 1486 792 1486 99 1486 797 1487 99 1487 792 1487 96 1488 839 1488 837 1488 837 1489 101 1489 96 1489 837 1490 238 1490 101 1490 111 1491 839 1491 96 1491 215 1492 211 1492 213 1492 213 1493 211 1493 214 1493 818 1494 841 1494 842 1494 819 1495 842 1495 883 1495 820 1496 883 1496 821 1496 826 1497 843 1497 844 1497 825 1498 844 1498 845 1498 827 1499 845 1499 828 1499 831 1500 846 1500 830 1500 832 1501 848 1501 849 1501 833 1502 849 1502 850 1502 829 1503 850 1503 851 1503 834 1504 852 1504 882 1504 822 1505 882 1505 823 1505 824 1506 853 1506 854 1506 887 1507 854 1507 855 1507 835 1508 855 1508 95 1508 836 1509 835 1509 95 1509 840 1510 841 1510 818 1510 818 1511 842 1511 819 1511 819 1512 883 1512 820 1512 821 1513 843 1513 826 1513 826 1514 844 1514 825 1514 825 1515 845 1515 827 1515 828 1516 846 1516 831 1516 847 1517 848 1517 832 1517 832 1518 849 1518 833 1518 833 1519 850 1519 829 1519 851 1520 852 1520 834 1520 834 1521 882 1521 822 1521 823 1522 853 1522 824 1522 824 1523 854 1523 887 1523 881 1524 109 1524 855 1524 855 1525 109 1525 95 1525 835 1526 887 1526 855 1526 790 1527 856 1527 791 1527 787 1528 791 1528 815 1528 815 1529 791 1529 816 1529 840 1530 817 1530 857 1530 859 1531 860 1531 814 1531 859 1532 858 1532 860 1532 814 1533 861 1533 813 1533 861 1534 814 1534 860 1534 813 1535 861 1535 789 1535 789 1536 861 1536 90 1536 82 1537 83 1537 814 1537 813 1538 82 1538 814 1538 885 1539 863 1539 98 1539 98 1540 863 1540 798 1540 120 1541 798 1541 239 1541 120 1542 98 1542 798 1542 798 1543 863 1543 799 1543 800 1544 799 1544 864 1544 801 1545 884 1545 865 1545 805 1546 865 1546 866 1546 806 1547 804 1547 867 1547 807 1548 867 1548 868 1548 808 1549 872 1549 873 1549 810 1550 874 1550 875 1550 809 1551 875 1551 876 1551 811 1552 876 1552 877 1552 802 1553 878 1553 879 1553 803 1554 879 1554 880 1554 812 1555 880 1555 858 1555 800 1556 864 1556 884 1556 801 1557 865 1557 805 1557 805 1558 866 1558 804 1558 806 1559 867 1559 807 1559 807 1560 868 1560 869 1560 871 1561 872 1561 808 1561 873 1562 874 1562 810 1562 810 1563 875 1563 809 1563 809 1564 876 1564 811 1564 877 1565 878 1565 802 1565 802 1566 879 1566 803 1566 803 1567 880 1567 812 1567 209 1568 208 1568 207 1568 881 1569 839 1569 111 1569 839 1570 881 1570 1217 1570 1199 1571 881 1571 855 1571 854 1572 1199 1572 855 1572 854 1573 853 1573 1199 1573 1199 1574 1217 1574 881 1574 796 1575 852 1575 849 1575 796 1576 849 1576 848 1576 823 1577 882 1577 852 1577 857 1578 1205 1578 841 1578 851 1579 849 1579 852 1579 851 1580 850 1580 849 1580 847 1581 830 1581 848 1581 1202 1582 821 1582 1203 1582 1202 1583 828 1583 821 1583 828 1584 844 1584 821 1584 844 1585 843 1585 821 1585 840 1586 857 1586 841 1586 821 1587 841 1587 1203 1587 841 1588 1205 1588 1203 1588 852 1589 796 1589 823 1589 853 1590 823 1590 1199 1590 823 1591 1200 1591 1199 1591 1200 1592 823 1592 796 1592 848 1593 846 1593 1202 1593 830 1594 846 1594 848 1594 828 1595 1202 1595 846 1595 844 1596 828 1596 845 1596 883 1597 842 1597 821 1597 842 1598 841 1598 821 1598 857 1599 816 1599 856 1599 816 1600 791 1600 856 1600 1205 1601 857 1601 856 1601 1210 1602 856 1602 862 1602 862 1603 856 1603 790 1603 1210 1604 1205 1604 856 1604 861 1605 1210 1605 862 1605 860 1606 1210 1606 861 1606 874 1607 1195 1607 876 1607 879 1608 1210 1608 860 1608 1211 1609 1210 1609 879 1609 879 1610 860 1610 858 1610 879 1611 878 1611 876 1611 878 1612 877 1612 876 1612 876 1613 875 1613 874 1613 874 1614 872 1614 1195 1614 874 1615 873 1615 872 1615 871 1616 1195 1616 872 1616 871 1617 870 1617 1195 1617 870 1618 869 1618 1195 1618 1195 1619 869 1619 795 1619 869 1620 868 1620 795 1620 795 1621 804 1621 866 1621 795 1622 866 1622 865 1622 795 1623 865 1623 864 1623 880 1624 879 1624 858 1624 876 1625 1211 1625 879 1625 867 1626 795 1626 868 1626 804 1627 795 1627 867 1627 884 1628 864 1628 865 1628 864 1629 799 1629 885 1629 1197 1630 864 1630 885 1630 863 1631 885 1631 799 1631 1197 1632 885 1632 1206 1632 113 1633 1206 1633 885 1633 897 1634 238 1634 898 1634 899 1635 781 1635 792 1635 898 1636 781 1636 899 1636 898 1637 785 1637 781 1637 238 1638 785 1638 898 1638 238 1639 837 1639 785 1639 781 1640 797 1640 792 1640 1207 1641 784 1641 1208 1641 1207 1642 782 1642 784 1642 1207 1643 838 1643 782 1643 1207 1644 1206 1644 838 1644 784 1645 839 1645 1208 1645 734 1646 826 1646 793 1646 732 1647 793 1647 829 1647 889 1648 887 1648 888 1648 902 1649 826 1649 734 1649 734 1650 793 1650 732 1650 732 1651 829 1651 886 1651 891 1652 890 1652 900 1652 900 1653 794 1653 892 1653 888 1654 897 1654 889 1654 780 1655 901 1655 905 1655 780 1656 898 1656 901 1656 780 1657 903 1657 898 1657 898 1658 903 1658 889 1658 887 1659 889 1659 903 1659 887 1660 903 1660 904 1660 886 1661 904 1661 732 1661 887 1662 904 1662 886 1662 734 1663 905 1663 902 1663 902 1664 905 1664 901 1664 898 1665 899 1665 901 1665 901 1666 899 1666 907 1666 907 1667 896 1667 901 1667 895 1668 907 1668 691 1668 692 1669 895 1669 691 1669 692 1670 894 1670 895 1670 894 1671 692 1671 893 1671 892 1672 692 1672 906 1672 900 1673 906 1673 689 1673 907 1674 899 1674 891 1674 689 1675 891 1675 900 1675 907 1676 891 1676 689 1676 900 1677 892 1677 906 1677 892 1678 893 1678 692 1678 895 1679 896 1679 907 1679 908 1680 890 1680 891 1680 899 1681 908 1681 891 1681 897 1682 898 1682 889 1682 910 1683 1026 1683 909 1683 910 1684 914 1684 1026 1684 914 1685 910 1685 911 1685 913 1686 915 1686 912 1686 913 1687 911 1687 915 1687 911 1688 913 1688 914 1688 910 1689 917 1689 911 1689 911 1690 917 1690 915 1690 912 1691 918 1691 916 1691 912 1692 915 1692 918 1692 915 1693 917 1693 918 1693 916 1694 921 1694 919 1694 916 1695 918 1695 921 1695 917 1696 920 1696 918 1696 918 1697 920 1697 921 1697 919 1698 923 1698 924 1698 919 1699 921 1699 923 1699 920 1700 922 1700 921 1700 921 1701 922 1701 923 1701 924 1702 923 1702 926 1702 922 1703 925 1703 923 1703 923 1704 925 1704 926 1704 924 1705 926 1705 927 1705 925 1706 928 1706 926 1706 927 1707 928 1707 929 1707 929 1708 931 1708 932 1708 929 1709 932 1709 930 1709 1007 1710 930 1710 933 1710 934 1711 1044 1711 1493 1711 931 1712 935 1712 932 1712 932 1713 935 1713 937 1713 933 1714 937 1714 936 1714 933 1715 936 1715 1039 1715 1495 1716 941 1716 942 1716 946 1717 943 1717 944 1717 946 1718 945 1718 943 1718 945 1719 946 1719 947 1719 948 1720 947 1720 1212 1720 948 1721 945 1721 947 1721 948 1722 949 1722 945 1722 945 1723 949 1723 943 1723 943 1724 949 1724 950 1724 951 1725 950 1725 952 1725 953 1726 952 1726 954 1726 955 1727 954 1727 956 1727 957 1728 956 1728 958 1728 959 1729 958 1729 960 1729 961 1730 960 1730 962 1730 963 1731 962 1731 964 1731 965 1732 964 1732 966 1732 967 1733 966 1733 1214 1733 968 1734 1214 1734 969 1734 981 1735 969 1735 970 1735 972 1736 971 1736 973 1736 974 1737 972 1737 973 1737 974 1738 975 1738 976 1738 977 1739 974 1739 976 1739 977 1740 978 1740 974 1740 974 1741 978 1741 972 1741 972 1742 978 1742 909 1742 979 1743 909 1743 980 1743 979 1744 972 1744 909 1744 979 1745 971 1745 972 1745 979 1746 981 1746 971 1746 970 1747 971 1747 981 1747 946 1748 982 1748 947 1748 947 1749 982 1749 983 1749 1212 1750 983 1750 984 1750 1212 1751 947 1751 983 1751 982 1752 985 1752 983 1752 983 1753 985 1753 986 1753 984 1754 986 1754 987 1754 984 1755 983 1755 986 1755 985 1756 988 1756 986 1756 986 1757 988 1757 989 1757 987 1758 989 1758 990 1758 987 1759 986 1759 989 1759 988 1760 991 1760 989 1760 989 1761 991 1761 992 1761 990 1762 992 1762 993 1762 990 1763 989 1763 992 1763 991 1764 995 1764 992 1764 992 1765 995 1765 994 1765 993 1766 994 1766 1213 1766 993 1767 992 1767 994 1767 994 1768 995 1768 996 1768 1213 1769 996 1769 997 1769 1213 1770 994 1770 996 1770 995 1771 977 1771 996 1771 996 1772 977 1772 976 1772 997 1773 976 1773 975 1773 997 1774 996 1774 976 1774 998 1775 618 1775 1018 1775 998 1776 999 1776 618 1776 618 1777 999 1777 619 1777 619 1778 999 1778 1000 1778 620 1779 1000 1779 1001 1779 620 1780 1001 1780 1002 1780 621 1781 1002 1781 1003 1781 621 1782 1003 1782 1004 1782 622 1783 1004 1783 1005 1783 623 1784 1005 1784 1006 1784 624 1785 1006 1785 930 1785 1007 1786 624 1786 930 1786 624 1787 1007 1787 625 1787 625 1788 1007 1788 1008 1788 626 1789 1008 1789 1009 1789 627 1790 1009 1790 1010 1790 627 1791 1010 1791 1011 1791 628 1792 1011 1792 1012 1792 629 1793 1012 1793 1013 1793 629 1794 1013 1794 1014 1794 631 1795 1014 1795 1015 1795 631 1796 1015 1796 1016 1796 617 1797 1016 1797 1017 1797 1018 1798 1017 1798 1019 1798 1021 1799 1018 1799 1019 1799 1021 1800 1020 1800 1018 1800 1024 1801 1022 1801 1023 1801 1021 1802 1029 1802 1020 1802 1021 1803 1024 1803 1029 1803 1021 1804 1022 1804 1024 1804 619 1805 1000 1805 620 1805 620 1806 1002 1806 621 1806 621 1807 1004 1807 622 1807 622 1808 1005 1808 623 1808 623 1809 1006 1809 624 1809 933 1810 930 1810 932 1810 913 1811 1025 1811 914 1811 914 1812 1025 1812 1026 1812 980 1813 909 1813 1028 1813 1025 1814 1027 1814 1026 1814 1026 1815 1027 1815 909 1815 909 1816 1027 1816 1020 1816 1028 1817 1020 1817 1029 1817 981 1818 1030 1818 968 1818 969 1819 981 1819 968 1819 1030 1820 1031 1820 968 1820 968 1821 1031 1821 967 1821 1214 1822 968 1822 967 1822 1031 1823 1032 1823 967 1823 967 1824 1032 1824 965 1824 966 1825 967 1825 965 1825 965 1826 1032 1826 963 1826 964 1827 965 1827 963 1827 1032 1828 1033 1828 963 1828 963 1829 1033 1829 961 1829 962 1830 963 1830 961 1830 1033 1831 1034 1831 961 1831 961 1832 1034 1832 959 1832 960 1833 961 1833 959 1833 1034 1834 1035 1834 959 1834 959 1835 1035 1835 957 1835 958 1836 959 1836 957 1836 1035 1837 1036 1837 957 1837 957 1838 1036 1838 955 1838 956 1839 957 1839 955 1839 1036 1840 1037 1840 955 1840 955 1841 1037 1841 953 1841 954 1842 955 1842 953 1842 953 1843 1037 1843 951 1843 952 1844 953 1844 951 1844 1037 1845 1038 1845 951 1845 951 1846 1038 1846 944 1846 943 1847 951 1847 944 1847 943 1848 950 1848 951 1848 1038 1849 937 1849 944 1849 944 1850 937 1850 935 1850 936 1851 938 1851 1039 1851 1039 1852 938 1852 1040 1852 1040 1853 939 1853 1041 1853 1041 1854 940 1854 1042 1854 1042 1855 941 1855 1495 1855 1043 1856 1042 1856 1495 1856 625 1857 1008 1857 626 1857 626 1858 1009 1858 627 1858 627 1859 1011 1859 628 1859 628 1860 1012 1860 629 1860 629 1861 1014 1861 630 1861 630 1862 1014 1862 631 1862 631 1863 1016 1863 617 1863 617 1864 1017 1864 1018 1864 1027 1865 1018 1865 1020 1865 1023 1866 1045 1866 1046 1866 1046 1867 1048 1867 1047 1867 1046 1868 1045 1868 1048 1868 1048 1869 1049 1869 1047 1869 618 1870 617 1870 1018 1870 1020 1871 1028 1871 909 1871 928 1872 927 1872 926 1872 931 1873 929 1873 928 1873 937 1874 933 1874 932 1874 936 1875 937 1875 938 1875 939 1876 1040 1876 938 1876 940 1877 1041 1877 939 1877 941 1878 1042 1878 940 1878 1045 1879 1023 1879 1022 1879 1055 1880 1052 1880 1056 1880 1053 1881 1056 1881 1054 1881 1053 1882 1055 1882 1056 1882 1050 1883 1055 1883 1169 1883 1050 1884 1052 1884 1055 1884 1052 1885 1058 1885 1056 1885 1054 1886 1059 1886 1057 1886 1054 1887 1056 1887 1059 1887 1056 1888 1058 1888 1059 1888 1057 1889 1062 1889 1060 1889 1057 1890 1059 1890 1062 1890 1058 1891 1061 1891 1059 1891 1059 1892 1061 1892 1062 1892 1060 1893 1065 1893 1063 1893 1060 1894 1062 1894 1065 1894 1061 1895 1064 1895 1062 1895 1062 1896 1064 1896 1065 1896 1063 1897 1066 1897 1067 1897 1063 1898 1065 1898 1066 1898 1064 1899 1068 1899 1065 1899 1065 1900 1068 1900 1066 1900 1067 1901 1066 1901 1069 1901 1066 1902 1068 1902 1069 1902 1067 1903 1071 1903 1070 1903 1067 1904 1069 1904 1071 1904 1068 1905 1073 1905 1069 1905 1069 1906 1073 1906 1071 1906 1070 1907 1074 1907 1072 1907 1070 1908 1071 1908 1074 1908 1071 1909 1073 1909 1074 1909 255 1910 1072 1910 1075 1910 255 1911 1151 1911 1072 1911 255 1912 252 1912 1151 1912 1151 1913 252 1913 257 1913 1073 1914 1076 1914 1074 1914 1074 1915 1076 1915 1078 1915 1075 1916 1078 1916 1077 1916 1075 1917 1077 1917 1174 1917 1085 1918 1083 1918 1084 1918 1080 1919 1175 1919 1079 1919 1090 1920 1087 1920 1088 1920 1090 1921 1089 1921 1087 1921 1089 1922 1090 1922 1091 1922 1092 1923 1091 1923 1093 1923 1092 1924 1089 1924 1091 1924 1092 1925 1094 1925 1089 1925 1089 1926 1094 1926 1087 1926 1087 1927 1094 1927 1095 1927 1096 1928 1095 1928 1097 1928 1098 1929 1097 1929 1099 1929 1100 1930 1099 1930 1101 1930 1102 1931 1101 1931 1103 1931 1104 1932 1103 1932 1105 1932 1106 1933 1105 1933 1107 1933 1108 1934 1107 1934 1109 1934 1110 1935 1109 1935 1111 1935 1112 1936 1111 1936 1113 1936 1114 1937 1113 1937 1115 1937 1116 1938 1115 1938 1117 1938 1119 1939 1118 1939 1120 1939 1121 1940 1119 1940 1120 1940 1121 1941 1216 1941 1122 1941 1122 1942 1124 1942 1121 1942 1121 1943 1124 1943 1119 1943 1119 1944 1124 1944 1051 1944 1125 1945 1051 1945 1126 1945 1125 1946 1119 1946 1051 1946 1125 1947 1118 1947 1119 1947 1125 1948 1183 1948 1118 1948 1118 1949 1183 1949 1116 1949 1117 1950 1118 1950 1116 1950 1090 1951 1129 1951 1091 1951 1091 1952 1129 1952 1127 1952 1093 1953 1127 1953 1128 1953 1093 1954 1091 1954 1127 1954 1127 1955 1129 1955 1130 1955 1128 1956 1130 1956 1215 1956 1128 1957 1127 1957 1130 1957 1129 1958 1131 1958 1130 1958 1130 1959 1131 1959 1132 1959 1215 1960 1132 1960 1133 1960 1215 1961 1130 1961 1132 1961 1131 1962 1134 1962 1132 1962 1132 1963 1134 1963 1135 1963 1133 1964 1135 1964 1136 1964 1133 1965 1132 1965 1135 1965 1134 1966 1137 1966 1135 1966 1135 1967 1137 1967 1138 1967 1136 1968 1138 1968 1139 1968 1136 1969 1135 1969 1138 1969 1137 1970 1140 1970 1138 1970 1138 1971 1140 1971 1141 1971 1139 1972 1141 1972 1142 1972 1139 1973 1138 1973 1141 1973 1140 1974 1123 1974 1141 1974 1141 1975 1123 1975 1122 1975 1142 1976 1122 1976 1216 1976 1142 1977 1141 1977 1122 1977 1143 1978 632 1978 1162 1978 1143 1979 634 1979 632 1979 634 1980 1143 1980 1144 1980 635 1981 1144 1981 1145 1981 636 1982 1145 1982 1146 1982 636 1983 1146 1983 1147 1983 637 1984 1147 1984 1148 1984 638 1985 1148 1985 1149 1985 639 1986 1149 1986 1150 1986 640 1987 1150 1987 1072 1987 1151 1988 640 1988 1072 1988 640 1989 1151 1989 641 1989 641 1990 1151 1990 1152 1990 642 1991 1152 1991 1153 1991 643 1992 1153 1992 1154 1992 643 1993 1154 1993 1155 1993 644 1994 1155 1994 1156 1994 644 1995 1156 1995 1157 1995 645 1996 1157 1996 1158 1996 645 1997 1158 1997 1159 1997 646 1998 1159 1998 1160 1998 633 1999 1160 1999 1161 1999 1162 2000 1161 2000 1163 2000 1165 2001 1162 2001 1163 2001 1165 2002 1164 2002 1162 2002 1168 2003 1166 2003 1167 2003 1165 2004 1173 2004 1164 2004 1165 2005 1168 2005 1173 2005 1165 2006 1166 2006 1168 2006 634 2007 1144 2007 635 2007 635 2008 1145 2008 636 2008 636 2009 1147 2009 637 2009 637 2010 1148 2010 638 2010 638 2011 1149 2011 639 2011 639 2012 1150 2012 640 2012 1075 2013 1072 2013 1074 2013 1050 2014 1170 2014 1051 2014 1126 2015 1051 2015 1172 2015 1169 2016 1171 2016 1170 2016 1170 2017 1171 2017 1051 2017 1051 2018 1171 2018 1164 2018 1172 2019 1164 2019 1173 2019 1077 2020 1079 2020 1174 2020 1174 2021 1079 2021 1175 2021 1086 2022 1081 2022 1085 2022 1086 2023 1080 2023 1081 2023 1086 2024 1175 2024 1080 2024 1085 2025 1082 2025 1083 2025 1085 2026 1081 2026 1082 2026 252 2027 256 2027 257 2027 641 2028 1152 2028 642 2028 642 2029 1153 2029 643 2029 643 2030 1155 2030 644 2030 644 2031 1157 2031 645 2031 645 2032 1159 2032 646 2032 646 2033 1160 2033 633 2033 633 2034 1161 2034 1162 2034 1171 2035 1162 2035 1164 2035 1167 2036 1176 2036 1177 2036 1177 2037 1179 2037 1180 2037 1497 2038 1180 2038 1182 2038 1179 2039 1181 2039 1180 2039 1177 2040 1180 2040 1497 2040 1178 2041 1177 2041 1497 2041 1116 2042 1183 2042 1114 2042 1115 2043 1116 2043 1114 2043 1183 2044 1184 2044 1114 2044 1114 2045 1184 2045 1112 2045 1113 2046 1114 2046 1112 2046 1184 2047 1185 2047 1112 2047 1112 2048 1185 2048 1110 2048 1111 2049 1112 2049 1110 2049 1185 2050 1186 2050 1110 2050 1110 2051 1186 2051 1108 2051 1109 2052 1110 2052 1108 2052 1186 2053 1187 2053 1108 2053 1108 2054 1187 2054 1106 2054 1107 2055 1108 2055 1106 2055 1187 2056 1188 2056 1106 2056 1106 2057 1188 2057 1104 2057 1105 2058 1106 2058 1104 2058 1188 2059 1189 2059 1104 2059 1104 2060 1189 2060 1102 2060 1103 2061 1104 2061 1102 2061 1189 2062 1190 2062 1102 2062 1102 2063 1190 2063 1100 2063 1101 2064 1102 2064 1100 2064 1190 2065 1191 2065 1100 2065 1100 2066 1191 2066 1098 2066 1099 2067 1100 2067 1098 2067 1191 2068 1192 2068 1098 2068 1098 2069 1192 2069 1096 2069 1097 2070 1098 2070 1096 2070 1192 2071 1193 2071 1096 2071 1096 2072 1193 2072 1088 2072 1087 2073 1096 2073 1088 2073 1087 2074 1095 2074 1096 2074 1193 2075 1078 2075 1088 2075 1088 2076 1078 2076 1076 2076 632 2077 633 2077 1162 2077 1164 2078 1172 2078 1051 2078 1169 2079 1170 2079 1050 2079 1078 2080 1075 2080 1074 2080 1077 2081 1078 2081 1079 2081 1176 2082 1167 2082 1166 2082 1179 2083 1177 2083 1176 2083 1194 2084 876 2084 1195 2084 1196 2085 864 2085 1197 2085 1198 2086 1196 2086 1197 2086 1211 2087 876 2087 1194 2087 795 2088 864 2088 1196 2088 1201 2089 796 2089 848 2089 1204 2090 1202 2090 1203 2090 1200 2091 796 2091 1201 2091 1201 2092 848 2092 1202 2092 1204 2093 1203 2093 1205 2093 1197 2094 1206 2094 1198 2094 949 2095 1210 2095 952 2095 949 2096 1207 2096 1210 2096 1207 2097 949 2097 1212 2097 1212 2098 984 2098 1207 2098 1207 2099 984 2099 1198 2099 1198 2100 984 2100 990 2100 1196 2101 1198 2101 990 2101 1196 2102 990 2102 1213 2102 1196 2103 1213 2103 997 2103 795 2104 997 2104 974 2104 795 2105 974 2105 973 2105 795 2106 973 2106 971 2106 969 2107 795 2107 971 2107 969 2108 1195 2108 795 2108 1195 2109 969 2109 1214 2109 1195 2110 1214 2110 964 2110 1195 2111 964 2111 1194 2111 1196 2112 997 2112 795 2112 1194 2113 964 2113 960 2113 1211 2114 960 2114 956 2114 1210 2115 956 2115 952 2115 1194 2116 960 2116 1211 2116 1211 2117 956 2117 1210 2117 1207 2118 1208 2118 1210 2118 1210 2119 1208 2119 1121 2119 1121 2120 1205 2120 1210 2120 1121 2121 1118 2121 1205 2121 1205 2122 1118 2122 1115 2122 1204 2123 1115 2123 1111 2123 1111 2124 1107 2124 1204 2124 1204 2125 1107 2125 1202 2125 1202 2126 1107 2126 1103 2126 1202 2127 1103 2127 1097 2127 1201 2128 1097 2128 1094 2128 1200 2129 1094 2129 1093 2129 1093 2130 1215 2130 1200 2130 1200 2131 1215 2131 1133 2131 1216 2132 1208 2132 1139 2132 1139 2133 1208 2133 1209 2133 1133 2134 1209 2134 1200 2134 1121 2135 1208 2135 1216 2135 1139 2136 1209 2136 1133 2136 1200 2137 1201 2137 1094 2137 1201 2138 1202 2138 1097 2138 1204 2139 1205 2139 1115 2139 1217 2140 1199 2140 1209 2140 1209 2141 1199 2141 1200 2141 1208 2142 1217 2142 1209 2142 1206 2143 1207 2143 1198 2143 952 2144 956 2144 954 2144 958 2145 956 2145 960 2145 962 2146 960 2146 964 2146 966 2147 964 2147 1214 2147 970 2148 969 2148 971 2148 975 2149 974 2149 997 2149 993 2150 1213 2150 990 2150 987 2151 990 2151 984 2151 948 2152 1212 2152 949 2152 950 2153 949 2153 952 2153 1099 2154 1097 2154 1101 2154 1101 2155 1097 2155 1103 2155 1105 2156 1103 2156 1107 2156 1109 2157 1107 2157 1111 2157 1113 2158 1111 2158 1115 2158 1117 2159 1115 2159 1118 2159 1120 2160 1118 2160 1121 2160 1142 2161 1216 2161 1139 2161 1136 2162 1139 2162 1133 2162 1128 2163 1215 2163 1093 2163 1092 2164 1093 2164 1094 2164 1095 2165 1094 2165 1097 2165 432 2166 1219 2166 1218 2166 433 2167 431 2167 1220 2167 1220 2168 431 2168 1221 2168 431 2169 432 2169 1221 2169 1221 2170 432 2170 1218 2170 1220 2171 1221 2171 1219 2171 1219 2172 1221 2172 1218 2172 1220 2173 1219 2173 433 2173 439 2174 1223 2174 1222 2174 440 2175 438 2175 1224 2175 1224 2176 438 2176 1225 2176 438 2177 439 2177 1225 2177 1225 2178 439 2178 1222 2178 1224 2179 1225 2179 1223 2179 1223 2180 1225 2180 1222 2180 1224 2181 1223 2181 440 2181 1257 2182 1227 2182 1228 2182 1226 2183 1228 2183 1227 2183 324 2184 1227 2184 325 2184 324 2185 1226 2185 1227 2185 377 2186 380 2186 376 2186 779 2187 777 2187 772 2187 775 2188 779 2188 772 2188 775 2189 746 2189 779 2189 779 2190 746 2190 776 2190 779 2191 776 2191 740 2191 778 2192 740 2192 739 2192 778 2193 739 2193 741 2193 778 2194 741 2194 752 2194 778 2195 752 2195 743 2195 778 2196 743 2196 747 2196 778 2197 747 2197 751 2197 667 2198 751 2198 750 2198 667 2199 750 2199 753 2199 668 2200 753 2200 755 2200 668 2201 755 2201 757 2201 668 2202 757 2202 758 2202 668 2203 758 2203 760 2203 669 2204 760 2204 762 2204 669 2205 762 2205 763 2205 669 2206 763 2206 765 2206 669 2207 765 2207 766 2207 777 2208 766 2208 768 2208 777 2209 768 2209 770 2209 777 2210 770 2210 771 2210 777 2211 771 2211 772 2211 777 2212 669 2212 766 2212 669 2213 668 2213 760 2213 668 2214 667 2214 753 2214 667 2215 778 2215 751 2215 778 2216 779 2216 740 2216 1230 2217 1231 2217 1232 2217 1232 2218 1231 2218 1233 2218 1234 2219 1235 2219 1237 2219 1237 2220 1235 2220 1236 2220 1232 2221 1236 2221 1230 2221 1232 2222 1237 2222 1236 2222 1238 2223 1235 2223 1239 2223 1239 2224 1235 2224 1234 2224 1240 2225 1241 2225 1242 2225 1242 2226 1241 2226 1243 2226 1239 2227 1243 2227 1238 2227 1239 2228 1242 2228 1243 2228 1246 2229 470 2229 482 2229 472 2230 471 2230 1247 2230 1247 2231 1286 2231 473 2231 475 2232 1290 2232 1249 2232 479 2233 478 2233 1250 2233 1250 2234 481 2234 480 2234 482 2235 1291 2235 1246 2235 470 2236 1246 2236 1282 2236 472 2237 1247 2237 473 2237 475 2238 1249 2238 476 2238 476 2239 1249 2239 477 2239 479 2240 1250 2240 480 2240 660 2241 317 2241 1260 2241 1260 2242 317 2242 1251 2242 1251 2243 317 2243 316 2243 1253 2244 316 2244 314 2244 1251 2245 316 2245 1252 2245 1252 2246 316 2246 1253 2246 1253 2247 315 2247 378 2247 1253 2248 314 2248 315 2248 378 2249 315 2249 485 2249 1227 2250 1256 2250 325 2250 325 2251 1256 2251 379 2251 325 2252 379 2252 376 2252 378 2253 1252 2253 1253 2253 1254 2254 1252 2254 378 2254 1254 2255 378 2255 1255 2255 1255 2256 378 2256 379 2256 379 2257 1256 2257 1257 2257 379 2258 1257 2258 1255 2258 442 2259 319 2259 335 2259 443 2260 333 2260 332 2260 444 2261 332 2261 341 2261 443 2262 332 2262 444 2262 445 2263 330 2263 329 2263 331 2264 330 2264 445 2264 445 2265 329 2265 340 2265 1261 2266 1260 2266 1251 2266 1261 2267 1251 2267 1262 2267 484 2268 1263 2268 1262 2268 1263 2269 484 2269 1264 2269 1243 2270 446 2270 1278 2270 1243 2271 1278 2271 1265 2271 467 2272 1251 2272 246 2272 467 2273 1257 2273 1251 2273 1257 2274 467 2274 466 2274 1255 2275 466 2275 489 2275 1255 2276 489 2276 242 2276 242 2277 465 2277 1254 2277 1254 2278 465 2278 468 2278 1252 2279 468 2279 246 2279 1262 2280 1251 2280 1257 2280 1251 2281 1252 2281 246 2281 1252 2282 1254 2282 468 2282 1254 2283 1255 2283 242 2283 1255 2284 1257 2284 466 2284 1261 2285 1262 2285 1263 2285 1280 2286 446 2286 1243 2286 450 2287 1265 2287 1278 2287 450 2288 1236 2288 1265 2288 1236 2289 450 2289 1277 2289 1266 2290 1277 2290 1276 2290 1236 2291 1277 2291 1266 2291 1266 2292 1276 2292 1267 2292 465 2293 469 2293 468 2293 464 2294 469 2294 465 2294 464 2295 466 2295 469 2295 489 2296 466 2296 464 2296 1268 2297 1241 2297 1269 2297 1269 2298 1241 2298 1240 2298 1270 2299 1271 2299 1272 2299 1272 2300 1271 2300 1264 2300 1269 2301 1264 2301 1268 2301 1269 2302 1272 2302 1264 2302 1273 2303 1271 2303 1274 2303 1274 2304 1271 2304 1270 2304 1233 2305 1231 2305 1275 2305 1275 2306 1231 2306 1267 2306 1274 2307 1267 2307 1273 2307 1274 2308 1275 2308 1267 2308 1241 2309 1280 2309 1243 2309 1238 2310 1243 2310 1265 2310 1238 2311 1265 2311 1235 2311 1235 2312 1265 2312 1236 2312 1230 2313 1236 2313 1266 2313 1230 2314 1266 2314 1231 2314 1231 2315 1266 2315 1267 2315 1273 2316 1267 2316 1261 2316 1261 2317 1263 2317 1273 2317 1273 2318 1263 2318 1271 2318 1271 2319 1263 2319 1264 2319 1268 2320 1264 2320 1280 2320 1268 2321 1280 2321 1241 2321 658 2322 674 2322 1226 2322 1262 2323 1226 2323 674 2323 1262 2324 1228 2324 1226 2324 1228 2325 1262 2325 1257 2325 1227 2326 1257 2326 1256 2326 1229 2327 484 2327 666 2327 666 2328 484 2328 777 2328 661 2329 675 2329 373 2329 670 2330 1260 2330 675 2330 1260 2331 1261 2331 675 2331 675 2332 1261 2332 372 2332 372 2333 1261 2333 1267 2333 363 2334 372 2334 1276 2334 372 2335 1267 2335 1276 2335 1276 2336 1277 2336 370 2336 370 2337 371 2337 1276 2337 449 2338 450 2338 1278 2338 450 2339 451 2339 1277 2339 448 2340 449 2340 1278 2340 447 2341 356 2341 446 2341 1279 2342 446 2342 1280 2342 356 2343 1278 2343 446 2343 1281 2344 1279 2344 1280 2344 1279 2345 1281 2345 452 2345 354 2346 1281 2346 351 2346 1280 2347 1264 2347 1281 2347 484 2348 351 2348 1264 2348 1281 2349 1264 2349 351 2349 1262 2350 674 2350 484 2350 674 2351 777 2351 484 2351 658 2352 320 2352 666 2352 658 2353 1226 2353 320 2353 666 2354 320 2354 1229 2354 317 2355 660 2355 595 2355 595 2356 660 2356 661 2356 595 2357 661 2357 373 2357 1240 2358 1247 2358 1269 2358 1240 2359 1242 2359 1247 2359 1239 2360 1249 2360 1242 2360 1239 2361 1234 2361 1249 2361 1249 2362 1234 2362 1237 2362 1237 2363 1232 2363 1250 2363 1250 2364 1232 2364 1233 2364 1250 2365 1233 2365 1275 2365 1275 2366 1274 2366 1246 2366 1246 2367 1274 2367 1270 2367 1246 2368 1270 2368 1272 2368 1269 2369 1247 2369 1272 2369 471 2370 1298 2370 1284 2370 1247 2371 1284 2371 1285 2371 1286 2372 1285 2372 1287 2372 474 2373 1287 2373 1288 2373 1248 2374 1288 2374 1289 2374 1249 2375 1307 2375 1296 2375 1249 2376 1290 2376 1307 2376 1304 2377 1292 2377 481 2377 1294 2378 478 2378 1295 2378 1304 2379 481 2379 1305 2379 1305 2380 1250 2380 1293 2380 1293 2381 478 2381 1294 2381 1295 2382 477 2382 1296 2382 1290 2383 1248 2383 1289 2383 1248 2384 474 2384 1288 2384 474 2385 1286 2385 1287 2385 471 2386 1283 2386 1298 2386 1300 2387 1297 2387 1282 2387 1290 2388 1289 2388 1307 2388 1295 2389 1296 2389 1299 2389 1295 2390 1299 2390 1306 2390 1292 2391 1303 2391 1302 2391 1291 2392 1302 2392 1300 2392 1291 2393 1292 2393 1302 2393 1292 2394 1304 2394 1303 2394 1294 2395 1295 2395 1306 2395 1283 2396 1282 2396 1297 2396 1300 2397 1302 2397 1301 2397 1308 2398 1298 2398 1283 2398 1308 2399 1283 2399 1297 2399 1301 2400 1297 2400 1300 2400 1299 2401 1296 2401 1307 2401 1284 2402 1298 2402 1308 2402 1308 2403 1297 2403 1301 2403 1309 2404 1305 2404 1293 2404 1305 2405 1309 2405 1304 2405 1303 2406 1309 2406 1310 2406 1302 2407 1310 2407 1301 2407 1304 2408 1309 2408 1303 2408 1303 2409 1310 2409 1302 2409 1310 2410 1311 2410 1301 2410 1308 2411 1311 2411 1312 2411 1301 2412 1311 2412 1308 2412 1308 2413 1312 2413 1284 2413 1284 2414 1312 2414 1313 2414 1284 2415 1313 2415 1314 2415 1285 2416 1314 2416 1287 2416 1284 2417 1314 2417 1285 2417 1288 2418 1314 2418 1315 2418 1307 2419 1289 2419 1315 2419 1287 2420 1314 2420 1288 2420 1288 2421 1315 2421 1289 2421 1299 2422 1315 2422 1316 2422 1306 2423 1299 2423 1316 2423 1307 2424 1315 2424 1299 2424 1306 2425 1316 2425 1294 2425 1293 2426 1316 2426 1309 2426 1294 2427 1316 2427 1293 2427 1322 2428 1321 2428 1317 2428 1327 2429 1328 2429 1323 2429 1323 2430 1328 2430 1324 2430 1325 2431 1324 2431 1326 2431 1327 2432 1326 2432 1328 2432 1323 2433 1324 2433 1325 2433 1325 2434 1326 2434 1327 2434 1323 2435 1325 2435 1327 2435 1333 2436 1331 2436 1329 2436 1329 2437 1331 2437 1332 2437 1330 2438 1332 2438 1333 2438 1329 2439 1330 2439 1333 2439 1329 2440 1332 2440 1330 2440 1334 2441 1335 2441 1336 2441 1336 2442 1335 2442 1337 2442 1338 2443 1339 2443 1334 2443 1334 2444 1339 2444 1335 2444 1339 2445 1340 2445 1335 2445 1335 2446 1340 2446 1337 2446 1340 2447 1341 2447 1337 2447 1337 2448 1341 2448 1336 2448 1338 2449 1324 2449 1341 2449 1338 2450 1331 2450 1324 2450 1338 2451 1332 2451 1331 2451 1338 2452 1334 2452 1332 2452 1332 2453 1334 2453 1333 2453 1333 2454 1334 2454 1336 2454 1326 2455 1333 2455 1336 2455 1333 2456 1326 2456 1324 2456 1341 2457 1328 2457 1336 2457 1341 2458 1324 2458 1328 2458 1331 2459 1333 2459 1324 2459 1328 2460 1326 2460 1336 2460 1342 2461 1343 2461 1344 2461 1344 2462 1343 2462 1434 2462 1345 2463 1346 2463 1347 2463 1347 2464 1346 2464 1424 2464 1345 2465 1237 2465 1346 2465 1275 2466 1348 2466 1250 2466 1250 2467 1348 2467 1346 2467 1250 2468 1346 2468 1237 2468 1348 2469 1349 2469 1350 2469 1350 2470 1349 2470 1367 2470 1348 2471 1275 2471 1349 2471 1272 2472 1342 2472 1246 2472 1246 2473 1342 2473 1349 2473 1246 2474 1349 2474 1275 2474 1272 2475 1343 2475 1342 2475 1242 2476 1351 2476 1247 2476 1247 2477 1351 2477 1343 2477 1247 2478 1343 2478 1272 2478 1434 2479 1343 2479 1351 2479 1352 2480 1351 2480 1353 2480 1352 2481 1434 2481 1351 2481 1352 2482 1354 2482 1434 2482 1237 2483 1345 2483 1249 2483 1249 2484 1345 2484 1355 2484 1249 2485 1355 2485 1242 2485 1351 2486 1242 2486 1355 2486 1351 2487 1355 2487 1353 2487 1353 2488 1355 2488 1356 2488 1426 2489 1358 2489 1357 2489 1426 2490 1424 2490 1359 2490 1347 2491 1424 2491 1425 2491 1425 2492 1357 2492 1347 2492 1360 2493 1347 2493 1357 2493 1347 2494 1360 2494 1361 2494 1285 2495 1286 2495 1247 2495 1390 2496 1372 2496 1362 2496 1362 2497 1372 2497 1369 2497 1360 2498 1357 2498 1363 2498 1363 2499 1357 2499 1364 2499 1358 2500 1365 2500 1364 2500 1364 2501 1357 2501 1358 2501 1365 2502 1358 2502 1426 2502 1366 2503 1370 2503 1391 2503 1391 2504 1370 2504 1371 2504 1362 2505 1369 2505 1367 2505 1368 2506 1350 2506 1366 2506 1350 2507 1370 2507 1366 2507 1369 2508 1371 2508 1370 2508 1371 2509 1369 2509 1372 2509 1377 2510 1376 2510 1389 2510 1389 2511 1376 2511 1373 2511 1376 2512 1432 2512 1375 2512 1376 2513 1344 2513 1434 2513 1344 2514 1376 2514 1377 2514 1377 2515 1378 2515 1344 2515 1376 2516 1375 2516 1373 2516 1379 2517 1373 2517 1375 2517 1429 2518 1380 2518 1353 2518 1380 2519 1430 2519 1381 2519 1381 2520 1430 2520 1384 2520 1384 2521 1431 2521 1382 2521 1382 2522 1431 2522 1356 2522 1382 2523 1356 2523 1387 2523 1356 2524 1431 2524 1429 2524 1356 2525 1429 2525 1353 2525 1353 2526 1380 2526 1352 2526 1381 2527 1385 2527 1383 2527 1383 2528 1380 2528 1381 2528 1385 2529 1381 2529 1384 2529 1386 2530 1380 2530 1383 2530 1386 2531 1352 2531 1380 2531 1387 2532 1385 2532 1382 2532 1382 2533 1385 2533 1384 2533 1347 2534 1361 2534 1345 2534 1345 2535 1361 2535 1355 2535 1355 2536 1361 2536 1387 2536 1356 2537 1355 2537 1387 2537 1363 2538 1361 2538 1360 2538 1388 2539 1365 2539 1426 2539 1359 2540 1388 2540 1426 2540 1354 2541 1379 2541 1374 2541 1374 2542 1379 2542 1375 2542 1354 2543 1374 2543 1434 2543 1377 2544 1389 2544 1378 2544 1378 2545 1390 2545 1367 2545 1342 2546 1367 2546 1349 2546 1342 2547 1378 2547 1367 2547 1342 2548 1344 2548 1378 2548 1390 2549 1362 2549 1367 2549 1321 2550 1364 2550 1317 2550 1321 2551 1361 2551 1364 2551 1321 2552 1387 2552 1361 2552 1321 2553 1385 2553 1387 2553 1321 2554 1320 2554 1385 2554 1385 2555 1320 2555 1383 2555 1383 2556 1320 2556 1352 2556 1386 2557 1383 2557 1352 2557 1320 2558 1319 2558 1352 2558 1352 2559 1319 2559 1354 2559 1354 2560 1319 2560 1379 2560 1318 2561 1373 2561 1319 2561 1318 2562 1378 2562 1373 2562 1318 2563 1390 2563 1378 2563 1318 2564 1372 2564 1390 2564 1318 2565 1371 2565 1372 2565 1318 2566 1317 2566 1371 2566 1371 2567 1317 2567 1391 2567 1391 2568 1317 2568 1388 2568 1388 2569 1317 2569 1365 2569 1373 2570 1378 2570 1389 2570 1319 2571 1373 2571 1379 2571 1364 2572 1361 2572 1363 2572 1364 2573 1365 2573 1317 2573 1341 2574 1368 2574 1338 2574 1341 2575 1348 2575 1368 2575 1341 2576 1340 2576 1348 2576 1348 2577 1340 2577 1346 2577 1346 2578 1340 2578 1359 2578 1424 2579 1346 2579 1359 2579 1340 2580 1339 2580 1359 2580 1359 2581 1339 2581 1388 2581 1388 2582 1339 2582 1338 2582 1391 2583 1338 2583 1368 2583 1391 2584 1388 2584 1338 2584 1350 2585 1368 2585 1348 2585 1368 2586 1366 2586 1391 2586 1296 2587 477 2587 1249 2587 478 2588 1293 2588 1250 2588 1305 2589 481 2589 1250 2589 1291 2590 1300 2590 1246 2590 1300 2591 1282 2591 1246 2591 471 2592 1284 2592 1247 2592 1392 2593 1418 2593 1393 2593 1394 2594 1395 2594 1396 2594 1415 2595 1397 2595 1398 2595 1399 2596 1414 2596 1423 2596 1401 2597 1403 2597 1413 2597 1401 2598 1413 2598 1402 2598 1402 2599 1403 2599 1401 2599 1420 2600 1405 2600 1404 2600 1317 2601 1407 2601 1408 2601 1322 2602 1317 2602 1408 2602 1322 2603 1408 2603 1409 2603 1321 2604 1322 2604 1409 2604 1321 2605 1409 2605 1410 2605 1320 2606 1321 2606 1410 2606 1320 2607 1410 2607 1411 2607 1319 2608 1320 2608 1411 2608 1412 2609 1318 2609 1319 2609 1411 2610 1412 2610 1319 2610 1318 2611 1412 2611 1407 2611 1317 2612 1318 2612 1407 2612 1411 2613 1407 2613 1412 2613 1409 2614 1408 2614 1407 2614 1410 2615 1409 2615 1413 2615 1410 2616 1413 2616 1411 2616 1411 2617 1413 2617 1414 2617 1409 2618 1407 2618 1393 2618 1413 2619 1409 2619 1393 2619 1411 2620 1414 2620 1407 2620 1395 2621 1398 2621 1396 2621 1396 2622 1398 2622 1397 2622 1415 2623 1407 2623 1397 2623 1415 2624 1416 2624 1407 2624 1407 2625 1416 2625 1406 2625 1407 2626 1406 2626 1393 2626 1406 2627 1419 2627 1393 2627 1416 2628 1419 2628 1406 2628 1393 2629 1419 2629 1405 2629 1402 2630 1393 2630 1418 2630 1402 2631 1413 2631 1393 2631 1403 2632 1417 2632 1413 2632 1418 2633 1403 2633 1402 2633 1418 2634 1405 2634 1420 2634 1418 2635 1393 2635 1405 2635 1420 2636 1405 2636 1419 2636 1413 2637 1417 2637 1400 2637 1400 2638 1414 2638 1413 2638 1400 2639 1421 2639 1414 2639 1422 2640 1421 2640 1400 2640 1422 2641 1400 2641 1417 2641 1414 2642 1396 2642 1407 2642 1397 2643 1407 2643 1396 2643 1421 2644 1423 2644 1414 2644 1423 2645 1395 2645 1396 2645 1414 2646 1423 2646 1396 2646 1423 2647 1309 2647 1395 2647 1309 2648 1423 2648 1421 2648 1311 2649 1421 2649 1422 2649 1312 2650 1422 2650 1417 2650 1312 2651 1417 2651 1403 2651 1313 2652 1403 2652 1418 2652 1314 2653 1418 2653 1420 2653 1314 2654 1420 2654 1419 2654 1315 2655 1419 2655 1416 2655 1316 2656 1416 2656 1415 2656 1316 2657 1415 2657 1398 2657 1316 2658 1398 2658 1395 2658 1309 2659 1421 2659 1310 2659 1310 2660 1421 2660 1311 2660 1311 2661 1422 2661 1312 2661 1312 2662 1403 2662 1313 2662 1313 2663 1418 2663 1314 2663 1314 2664 1419 2664 1315 2664 1315 2665 1416 2665 1316 2665 1316 2666 1395 2666 1309 2666 1357 2667 1425 2667 1426 2667 1426 2668 1425 2668 1424 2668 460 2669 399 2669 398 2669 400 2670 399 2670 1258 2670 400 2671 398 2671 399 2671 1350 2672 1427 2672 1428 2672 1367 2673 1428 2673 1427 2673 1369 2674 1428 2674 1367 2674 1369 2675 1370 2675 1428 2675 1428 2676 1370 2676 1350 2676 1350 2677 1367 2677 1427 2677 1430 2678 1429 2678 1431 2678 1380 2679 1429 2679 1430 2679 1384 2680 1430 2680 1431 2680 1433 2681 1432 2681 1434 2681 1434 2682 1432 2682 1376 2682 1374 2683 1433 2683 1434 2683 1433 2684 1374 2684 1375 2684 1432 2685 1433 2685 1375 2685 406 2686 1437 2686 1435 2686 1435 2687 1436 2687 406 2687 390 2688 1244 2688 1439 2688 1438 2689 1439 2689 1244 2689 463 2690 385 2690 462 2690 463 2691 461 2691 385 2691 1440 2692 1444 2692 1441 2692 1440 2693 1441 2693 1083 2693 1083 2694 1441 2694 1442 2694 1443 2695 1442 2695 1444 2695 1444 2696 1440 2696 1443 2696 1083 2697 1442 2697 1084 2697 1084 2698 1442 2698 1443 2698 1007 2699 1161 2699 1008 2699 1008 2700 1161 2700 1160 2700 1009 2701 1160 2701 1159 2701 1009 2702 1159 2702 1158 2702 1010 2703 1158 2703 1157 2703 1011 2704 1157 2704 1156 2704 1445 2705 1156 2705 1446 2705 1445 2706 1011 2706 1156 2706 1445 2707 1012 2707 1011 2707 1445 2708 1013 2708 1012 2708 1445 2709 1447 2709 1013 2709 1013 2710 1447 2710 1014 2710 1014 2711 1447 2711 1448 2711 1015 2712 1448 2712 1449 2712 1016 2713 1449 2713 1017 2713 1016 2714 1015 2714 1449 2714 1008 2715 1160 2715 1009 2715 1009 2716 1158 2716 1010 2716 1010 2717 1157 2717 1011 2717 1156 2718 1155 2718 1446 2718 1446 2719 1155 2719 1154 2719 1153 2720 1446 2720 1154 2720 1446 2721 1153 2721 1152 2721 1151 2722 1450 2722 1152 2722 1446 2723 1152 2723 1450 2723 1014 2724 1448 2724 1015 2724 1449 2725 1451 2725 1017 2725 272 2726 980 2726 273 2726 980 2727 272 2727 1452 2727 271 2728 1452 2728 272 2728 271 2729 1453 2729 1452 2729 1454 2730 271 2730 273 2730 1453 2731 271 2731 1454 2731 1454 2732 273 2732 980 2732 1028 2733 1454 2733 980 2733 1028 2734 1453 2734 1454 2734 1028 2735 1455 2735 1453 2735 1453 2736 1455 2736 1452 2736 275 2737 1126 2737 1456 2737 275 2738 1038 2738 1126 2738 1038 2739 275 2739 1456 2739 1456 2740 1172 2740 937 2740 1126 2741 1172 2741 1456 2741 1038 2742 1456 2742 937 2742 267 2743 1457 2743 266 2743 1460 2744 267 2744 1458 2744 1458 2745 267 2745 270 2745 270 2746 1193 2746 1458 2746 270 2747 1078 2747 1193 2747 270 2748 266 2748 1078 2748 1457 2749 1078 2749 266 2749 267 2750 1459 2750 1457 2750 1459 2751 1460 2751 1193 2751 1458 2752 1193 2752 1460 2752 267 2753 1460 2753 1459 2753 1178 2754 942 2754 1177 2754 1177 2755 942 2755 941 2755 1167 2756 941 2756 940 2756 1168 2757 940 2757 939 2757 1173 2758 939 2758 938 2758 1172 2759 938 2759 937 2759 1172 2760 1173 2760 938 2760 1177 2761 941 2761 1167 2761 1167 2762 940 2762 1168 2762 1168 2763 939 2763 1173 2763 1083 2764 1082 2764 1440 2764 1440 2765 1082 2765 1081 2765 1080 2766 1440 2766 1081 2766 1080 2767 1461 2767 1440 2767 1080 2768 1079 2768 1461 2768 1461 2769 1079 2769 1078 2769 1457 2770 1461 2770 1078 2770 1461 2771 1462 2771 1440 2771 1440 2772 1462 2772 1463 2772 1464 2773 1440 2773 1463 2773 1047 2774 1465 2774 1046 2774 1046 2775 1465 2775 1023 2775 1023 2776 1465 2776 1024 2776 1024 2777 1465 2777 1466 2777 1029 2778 1466 2778 1028 2778 1029 2779 1024 2779 1466 2779 1467 2780 1468 2780 1465 2780 1465 2781 1468 2781 1469 2781 1466 2782 1465 2782 1469 2782 1466 2783 1455 2783 1028 2783 1459 2784 1193 2784 1470 2784 1470 2785 1193 2785 1192 2785 1191 2786 1470 2786 1192 2786 1191 2787 1471 2787 1470 2787 1191 2788 1190 2788 1471 2788 1471 2789 1190 2789 1472 2789 1472 2790 1190 2790 1189 2790 1473 2791 1189 2791 1474 2791 1473 2792 1472 2792 1189 2792 1189 2793 1188 2793 1474 2793 1474 2794 1188 2794 1187 2794 1186 2795 1474 2795 1187 2795 1186 2796 1475 2796 1474 2796 1186 2797 1476 2797 1475 2797 1186 2798 1477 2798 1476 2798 1186 2799 1033 2799 1477 2799 1186 2800 1034 2800 1033 2800 1186 2801 1185 2801 1034 2801 1034 2802 1185 2802 1035 2802 1035 2803 1185 2803 1184 2803 1036 2804 1184 2804 1183 2804 1037 2805 1183 2805 1125 2805 1038 2806 1125 2806 1126 2806 1038 2807 1037 2807 1125 2807 1035 2808 1184 2808 1036 2808 1036 2809 1183 2809 1037 2809 1033 2810 1032 2810 1477 2810 1478 2811 1032 2811 1031 2811 1479 2812 1031 2812 1030 2812 1480 2813 1030 2813 981 2813 1481 2814 981 2814 979 2814 980 2815 1481 2815 979 2815 980 2816 1452 2816 1481 2816 1477 2817 1032 2817 1478 2817 1478 2818 1031 2818 1479 2818 1479 2819 1030 2819 1480 2819 1480 2820 981 2820 1481 2820 1482 2821 1465 2821 1049 2821 1049 2822 1465 2822 1047 2822 1043 2823 1181 2823 1042 2823 1042 2824 1181 2824 1179 2824 1041 2825 1179 2825 1176 2825 1040 2826 1176 2826 1166 2826 1039 2827 1166 2827 1165 2827 933 2828 1165 2828 1163 2828 933 2829 1039 2829 1165 2829 1042 2830 1179 2830 1041 2830 1041 2831 1176 2831 1040 2831 1040 2832 1166 2832 1039 2832 262 2833 1019 2833 260 2833 1019 2834 262 2834 1483 2834 262 2835 1451 2835 1483 2835 262 2836 1484 2836 1451 2836 1484 2837 262 2837 260 2837 260 2838 1017 2838 1484 2838 260 2839 1019 2839 1017 2839 1484 2840 1485 2840 1451 2840 1484 2841 1017 2841 1485 2841 1451 2842 1485 2842 1017 2842 264 2843 1163 2843 1161 2843 1486 2844 264 2844 1161 2844 1486 2845 1161 2845 1007 2845 264 2846 933 2846 1163 2846 933 2847 264 2847 1007 2847 1486 2848 1007 2848 264 2848 1007 2849 1486 2849 934 2849 1049 2850 1048 2850 1482 2850 1482 2851 1048 2851 1045 2851 1022 2852 1482 2852 1045 2852 1022 2853 1487 2853 1482 2853 1022 2854 1021 2854 1487 2854 1487 2855 1021 2855 1019 2855 1483 2856 1487 2856 1019 2856 1487 2857 1488 2857 1482 2857 1482 2858 1488 2858 1489 2858 1490 2859 1482 2859 1489 2859 1084 2860 1443 2860 1085 2860 1085 2861 1443 2861 1086 2861 1086 2862 1443 2862 1175 2862 1175 2863 1443 2863 1491 2863 1174 2864 1491 2864 1075 2864 1174 2865 1175 2865 1491 2865 934 2866 1492 2866 1044 2866 1492 2867 934 2867 1493 2867 252 2868 253 2868 256 2868 1494 2869 1180 2869 1181 2869 1043 2870 1494 2870 1181 2870 1043 2871 1495 2871 1494 2871 1495 2872 1496 2872 1494 2872 1495 2873 942 2873 1496 2873 1178 2874 1498 2874 942 2874 1178 2875 1497 2875 1498 2875 942 2876 1498 2876 1496 2876 1444 2877 299 2877 1441 2877 1442 2878 299 2878 1444 2878 1441 2879 299 2879 1442 2879 1501 2880 1500 2880 1499 2880 1500 2881 1501 2881 1503 2881 1530 2882 1502 2882 1503 2882 1502 2883 1530 2883 1504 2883 1505 2884 1500 2884 1467 2884 1490 2885 1505 2885 1467 2885 1490 2886 1506 2886 1505 2886 1490 2887 1445 2887 1506 2887 1506 2888 1445 2888 1507 2888 1507 2889 1445 2889 1508 2889 288 2890 1507 2890 1508 2890 288 2891 293 2891 1507 2891 1500 2892 1503 2892 1502 2892 1502 2893 1504 2893 1509 2893 1464 2894 1502 2894 1509 2894 1464 2895 1474 2895 1502 2895 1464 2896 1473 2896 1474 2896 1500 2897 1477 2897 1467 2897 1467 2898 1477 2898 1478 2898 1445 2899 1446 2899 1508 2899 1508 2900 1446 2900 1510 2900 1510 2901 1446 2901 1511 2901 303 2902 1510 2902 1511 2902 1446 2903 1512 2903 1511 2903 1505 2904 1499 2904 1500 2904 1500 2905 1502 2905 1513 2905 1513 2906 1502 2906 1514 2906 1502 2907 1474 2907 1514 2907 1514 2908 1474 2908 1475 2908 1515 2909 1724 2909 1725 2909 1725 2910 1724 2910 1722 2910 1516 2911 1722 2911 1717 2911 1517 2912 1717 2912 1521 2912 1500 2913 1517 2913 1477 2913 1500 2914 1518 2914 1517 2914 1500 2915 1519 2915 1518 2915 1500 2916 1527 2916 1519 2916 1500 2917 1520 2917 1527 2917 1500 2918 1513 2918 1520 2918 1725 2919 1722 2919 1516 2919 1718 2920 1521 2920 1717 2920 1718 2921 1523 2921 1521 2921 1718 2922 1522 2922 1523 2922 1718 2923 1515 2923 1522 2923 1517 2924 1522 2924 1477 2924 1476 2925 1477 2925 1522 2925 1737 2926 1736 2926 1738 2926 1524 2927 1736 2927 1731 2927 1519 2928 1731 2928 1732 2928 1738 2929 1736 2929 1524 2929 1732 2930 1737 2930 1518 2930 1756 2931 1755 2931 1757 2931 1525 2932 1755 2932 1751 2932 1520 2933 1751 2933 1526 2933 1757 2934 1755 2934 1525 2934 1752 2935 1526 2935 1751 2935 1752 2936 1527 2936 1526 2936 1752 2937 1756 2937 1527 2937 1520 2938 1525 2938 1751 2938 1519 2939 1524 2939 1731 2939 1517 2940 1516 2940 1717 2940 1528 2941 1496 2941 1499 2941 1501 2942 1496 2942 1498 2942 1499 2943 1496 2943 1501 2943 1498 2944 1497 2944 1501 2944 1501 2945 1497 2945 1503 2945 1529 2946 1494 2946 1496 2946 1528 2947 1529 2947 1496 2947 1530 2948 1497 2948 1182 2948 1530 2949 1503 2949 1497 2949 1180 2950 1531 2950 1182 2950 1531 2951 1530 2951 1182 2951 1180 2952 1494 2952 1531 2952 1531 2953 1494 2953 1529 2953 1450 2954 250 2954 254 2954 1491 2955 254 2955 1555 2955 1532 2956 1491 2956 1555 2956 1491 2957 1532 2957 1075 2957 1533 2958 1075 2958 1532 2958 1533 2959 255 2959 1075 2959 254 2960 1533 2960 1555 2960 258 2961 250 2961 1450 2961 254 2962 255 2962 1533 2962 1491 2963 1450 2963 254 2963 258 2964 1450 2964 1151 2964 1006 2965 1534 2965 1910 2965 930 2966 1910 2966 263 2966 265 2967 930 2967 263 2967 930 2968 265 2968 1171 2968 1535 2969 1171 2969 265 2969 1535 2970 1910 2970 1171 2970 1535 2971 263 2971 1910 2971 1171 2972 1910 2972 1162 2972 1162 2973 1910 2973 1534 2973 1534 2974 1006 2974 1162 2974 930 2975 1006 2975 1910 2975 1536 2976 1057 2976 1537 2976 1536 2977 919 2977 1057 2977 1536 2978 916 2978 919 2978 1536 2979 912 2979 916 2979 1536 2980 913 2980 912 2980 1536 2981 1538 2981 913 2981 913 2982 1538 2982 1025 2982 1025 2983 1538 2983 1027 2983 1057 2984 919 2984 1054 2984 1054 2985 919 2985 924 2985 1055 2986 924 2986 927 2986 1169 2987 927 2987 929 2987 1171 2988 929 2988 930 2988 1171 2989 1169 2989 929 2989 1054 2990 924 2990 1053 2990 1053 2991 924 2991 1055 2991 1055 2992 927 2992 1169 2992 1057 2993 1060 2993 1537 2993 1537 2994 1060 2994 1063 2994 1067 2995 1537 2995 1063 2995 1537 2996 1067 2996 1539 2996 1539 2997 1067 2997 1070 2997 1072 2998 1539 2998 1070 2998 1536 2999 1540 2999 1538 2999 1538 3000 1540 3000 1541 3000 1532 3001 1072 3001 1543 3001 1532 3002 1542 3002 1072 3002 1072 3003 1542 3003 1539 3003 1543 3004 1539 3004 1542 3004 1543 3005 251 3005 1539 3005 251 3006 1543 3006 1544 3006 1544 3007 1543 3007 1072 3007 1150 3008 1544 3008 1072 3008 1150 3009 250 3009 1544 3009 1150 3010 1545 3010 250 3010 250 3011 1545 3011 251 3011 251 3012 1545 3012 1539 3012 259 3013 1546 3013 261 3013 261 3014 1546 3014 1547 3014 1547 3015 1027 3015 1548 3015 1547 3016 1018 3016 1027 3016 1547 3017 1549 3017 1018 3017 1541 3018 1549 3018 1485 3018 1541 3019 1018 3019 1549 3019 261 3020 1547 3020 1548 3020 1546 3021 1538 3021 1541 3021 1485 3022 1546 3022 1541 3022 1538 3023 259 3023 1027 3023 1027 3024 259 3024 1548 3024 1546 3025 259 3025 1538 3025 262 3026 259 3026 261 3026 260 3027 261 3027 1548 3027 1486 3028 1910 3028 1534 3028 1484 3029 1547 3029 1546 3029 1484 3030 1546 3030 1485 3030 1555 3031 1543 3031 1542 3031 1533 3032 1532 3032 1543 3032 1533 3033 1543 3033 1555 3033 1911 3034 1556 3034 1550 3034 1911 3035 1550 3035 1553 3035 1556 3036 1911 3036 1557 3036 1553 3037 1550 3037 1556 3037 1551 3038 1554 3038 1558 3038 1554 3039 1551 3039 1552 3039 1552 3040 1551 3040 1558 3040 1552 3041 1558 3041 1557 3041 1911 3042 1552 3042 1557 3042 1554 3043 1552 3043 1553 3043 1553 3044 1556 3044 1559 3044 1911 3045 1553 3045 1552 3045 1554 3046 1553 3046 1559 3046 1558 3047 1554 3047 1559 3047 1560 3048 1537 3048 1545 3048 1545 3049 1537 3049 1539 3049 1560 3050 1146 3050 1540 3050 1560 3051 1147 3051 1146 3051 1560 3052 1148 3052 1147 3052 1560 3053 1149 3053 1148 3053 1560 3054 1545 3054 1149 3054 1149 3055 1545 3055 1150 3055 1145 3056 1003 3056 1146 3056 1145 3057 1004 3057 1003 3057 1145 3058 1144 3058 1004 3058 1004 3059 1144 3059 1005 3059 1005 3060 1144 3060 1143 3060 1006 3061 1143 3061 1162 3061 1006 3062 1005 3062 1143 3062 1003 3063 1002 3063 1146 3063 1146 3064 1002 3064 1540 3064 1540 3065 1002 3065 1001 3065 1000 3066 1540 3066 1001 3066 1000 3067 999 3067 1540 3067 1541 3068 999 3068 998 3068 1018 3069 1541 3069 998 3069 1540 3070 999 3070 1541 3070 1560 3071 1540 3071 1556 3071 1556 3072 1540 3072 1559 3072 1558 3073 1559 3073 1536 3073 1536 3074 1559 3074 1540 3074 1557 3075 1558 3075 1537 3075 1537 3076 1558 3076 1536 3076 1557 3077 1537 3077 1556 3077 1556 3078 1537 3078 1560 3078 944 3079 1561 3079 1562 3079 944 3080 1562 3080 1563 3080 944 3081 1563 3081 1124 3081 1563 3082 1564 3082 1124 3082 1564 3083 1565 3083 1124 3083 1562 3084 1561 3084 1564 3084 1561 3085 1565 3085 1564 3085 1124 3086 1565 3086 1051 3086 1565 3087 935 3087 1051 3087 935 3088 1565 3088 1561 3088 944 3089 935 3089 1561 3089 1566 3090 988 3090 1567 3090 1566 3091 991 3091 988 3091 1566 3092 995 3092 991 3092 1566 3093 977 3093 995 3093 1566 3094 1568 3094 977 3094 977 3095 1568 3095 978 3095 985 3096 1137 3096 988 3096 985 3097 1140 3097 1137 3097 985 3098 982 3098 1140 3098 1140 3099 982 3099 1123 3099 1123 3100 982 3100 946 3100 1124 3101 946 3101 944 3101 1124 3102 1122 3102 946 3102 1123 3103 946 3103 1122 3103 1137 3104 1134 3104 988 3104 988 3105 1134 3105 1567 3105 1567 3106 1134 3106 1131 3106 1129 3107 1567 3107 1131 3107 1567 3108 1129 3108 1090 3108 1088 3109 1569 3109 1090 3109 1567 3110 1090 3110 1569 3110 1566 3111 1570 3111 1568 3111 1568 3112 1570 3112 1571 3112 1909 3113 1088 3113 1573 3113 1088 3114 1909 3114 1569 3114 1569 3115 1909 3115 1460 3115 1572 3116 1569 3116 1460 3116 1572 3117 268 3117 1569 3117 268 3118 1572 3118 1573 3118 268 3119 1573 3119 1574 3119 1574 3120 1573 3120 1088 3120 1076 3121 1574 3121 1088 3121 1076 3122 266 3122 1574 3122 1076 3123 269 3123 266 3123 1076 3124 1575 3124 269 3124 269 3125 1575 3125 268 3125 268 3126 1575 3126 1569 3126 1576 3127 1581 3127 1577 3127 1577 3128 1581 3128 1580 3128 1580 3129 978 3129 1577 3129 1580 3130 909 3130 978 3130 1580 3131 1581 3131 909 3131 1571 3132 909 3132 1581 3132 1581 3133 1568 3133 1571 3133 1568 3134 1576 3134 978 3134 272 3135 978 3135 1576 3135 1577 3136 978 3136 272 3136 1581 3137 1576 3137 1568 3137 266 3138 270 3138 1574 3138 267 3139 269 3139 268 3139 267 3140 268 3140 1574 3140 267 3141 1574 3141 270 3141 271 3142 1576 3142 1577 3142 273 3143 1577 3143 272 3143 271 3144 1577 3144 273 3144 275 3145 1564 3145 1563 3145 275 3146 1563 3146 1562 3146 1573 3147 1458 3147 1909 3147 1458 3148 1573 3148 1572 3148 1908 3149 1578 3149 1907 3149 1578 3150 1584 3150 1583 3150 1578 3151 1908 3151 1584 3151 1907 3152 1578 3152 1583 3152 274 3153 1582 3153 1585 3153 1582 3154 274 3154 1579 3154 1579 3155 274 3155 1585 3155 1579 3156 1585 3156 1584 3156 1908 3157 1579 3157 1584 3157 1582 3158 1579 3158 1907 3158 1907 3159 1583 3159 1586 3159 1908 3160 1907 3160 1579 3160 1582 3161 1907 3161 1586 3161 1585 3162 1582 3162 1586 3162 1587 3163 1567 3163 1575 3163 1575 3164 1567 3164 1569 3164 1587 3165 922 3165 1570 3165 1587 3166 1061 3166 922 3166 1587 3167 1064 3167 1061 3167 1587 3168 1068 3168 1064 3168 1587 3169 1073 3169 1068 3169 1587 3170 1575 3170 1073 3170 1073 3171 1575 3171 1076 3171 922 3172 1061 3172 925 3172 925 3173 1061 3173 1058 3173 928 3174 1058 3174 1052 3174 931 3175 1052 3175 1050 3175 935 3176 1050 3176 1051 3176 935 3177 931 3177 1050 3177 925 3178 1058 3178 928 3178 928 3179 1052 3179 931 3179 922 3180 920 3180 1570 3180 1570 3181 920 3181 917 3181 917 3182 910 3182 1570 3182 1570 3183 910 3183 1571 3183 909 3184 1571 3184 910 3184 1587 3185 1570 3185 1583 3185 1583 3186 1570 3186 1586 3186 1585 3187 1586 3187 1566 3187 1566 3188 1586 3188 1570 3188 1584 3189 1585 3189 1567 3189 1567 3190 1585 3190 1566 3190 1584 3191 1567 3191 1583 3191 1583 3192 1567 3192 1587 3192 1466 3193 1481 3193 1455 3193 1455 3194 1481 3194 1452 3194 1465 3195 1482 3195 1467 3195 1467 3196 1482 3196 1490 3196 1449 3197 1487 3197 1451 3197 1451 3198 1487 3198 1483 3198 1470 3199 1461 3199 1459 3199 1459 3200 1461 3200 1457 3200 1464 3201 1509 3201 1440 3201 1440 3202 1509 3202 1588 3202 1443 3203 1588 3203 1589 3203 1590 3204 1443 3204 1589 3204 1443 3205 1590 3205 1512 3205 1450 3206 1512 3206 1446 3206 1450 3207 1443 3207 1512 3207 1450 3208 1491 3208 1443 3208 1440 3209 1588 3209 1443 3209 1591 3210 1590 3210 1589 3210 1591 3211 1592 3211 1590 3211 1590 3212 1593 3212 1512 3212 1594 3213 286 3213 1480 3213 285 3214 1594 3214 1905 3214 1900 3215 1468 3215 1905 3215 1900 3216 1901 3216 1468 3216 1468 3217 1901 3217 1469 3217 1469 3218 1901 3218 1900 3218 1594 3219 1469 3219 1900 3219 1469 3220 1594 3220 1480 3220 286 3221 1594 3221 285 3221 285 3222 1905 3222 1479 3222 286 3223 285 3223 1479 3223 1479 3224 1905 3224 1468 3224 1595 3225 1468 3225 1489 3225 1596 3226 1489 3226 1447 3226 1597 3227 1596 3227 1447 3227 1900 3228 1905 3228 1594 3228 1598 3229 280 3229 1903 3229 1447 3230 280 3230 281 3230 1903 3231 280 3231 1447 3231 1903 3232 1447 3232 1489 3232 1903 3233 1489 3233 283 3233 1598 3234 283 3234 284 3234 1489 3235 284 3235 283 3235 1447 3236 281 3236 1448 3236 1598 3237 284 3237 1488 3237 1598 3238 1903 3238 283 3238 280 3239 1598 3239 1448 3239 281 3240 280 3240 1448 3240 1448 3241 1598 3241 1488 3241 1488 3242 284 3242 1489 3242 1480 3243 286 3243 1479 3243 1599 3244 1479 3244 1595 3244 1595 3245 1479 3245 1468 3245 1596 3246 1595 3246 1489 3246 1478 3247 1600 3247 1467 3247 1478 3248 1601 3248 1600 3248 1600 3249 1602 3249 1467 3249 1467 3250 1602 3250 1490 3250 1490 3251 1602 3251 1445 3251 1445 3252 1602 3252 1603 3252 1604 3253 1605 3253 1596 3253 1596 3254 1605 3254 1595 3254 1595 3255 1605 3255 1606 3255 1606 3256 1605 3256 1607 3256 1467 3257 1490 3257 1468 3257 1468 3258 1490 3258 1489 3258 1608 3259 1604 3259 1602 3259 1602 3260 1604 3260 1596 3260 1597 3261 1602 3261 1596 3261 1597 3262 1603 3262 1602 3262 1609 3263 1610 3263 1611 3263 1611 3264 1610 3264 1606 3264 1606 3265 1610 3265 1600 3265 1595 3266 1600 3266 1599 3266 1595 3267 1606 3267 1600 3267 1600 3268 1601 3268 1599 3268 1603 3269 1597 3269 1445 3269 1445 3270 1597 3270 1447 3270 1478 3271 1479 3271 1601 3271 1601 3272 1479 3272 1599 3272 1472 3273 1473 3273 1611 3273 1611 3274 1473 3274 1609 3274 1464 3275 1463 3275 1509 3275 1509 3276 1463 3276 1612 3276 1588 3277 1509 3277 1612 3277 1448 3278 1488 3278 1449 3278 1449 3279 1488 3279 1487 3279 1471 3280 1462 3280 1470 3280 1470 3281 1462 3281 1461 3281 1481 3282 1466 3282 1480 3282 1480 3283 1466 3283 1469 3283 1613 3284 277 3284 276 3284 1472 3285 276 3285 277 3285 1613 3286 276 3286 1472 3286 1614 3287 1472 3287 1606 3287 1463 3288 1606 3288 1607 3288 1612 3289 1463 3289 1607 3289 1472 3290 277 3290 1471 3290 1613 3291 279 3291 1462 3291 1614 3292 1613 3292 1906 3292 1606 3293 1463 3293 1614 3293 279 3294 1613 3294 1614 3294 278 3295 1614 3295 1463 3295 1614 3296 1613 3296 1472 3296 277 3297 1613 3297 1471 3297 1471 3298 1613 3298 1462 3298 1462 3299 279 3299 1463 3299 278 3300 1463 3300 279 3300 1472 3301 1611 3301 1606 3301 1608 3302 1615 3302 1604 3302 1604 3303 1615 3303 1605 3303 1616 3304 1615 3304 1617 3304 1617 3305 1615 3305 1610 3305 1618 3306 1617 3306 1610 3306 1608 3307 1602 3307 1615 3307 1615 3308 1602 3308 1600 3308 1610 3309 1615 3309 1600 3309 1619 3310 1620 3310 1644 3310 1644 3311 1637 3311 1619 3311 1621 3312 1624 3312 1622 3312 1621 3313 1623 3313 1624 3313 1626 3314 1627 3314 1628 3314 1628 3315 1627 3315 1629 3315 1629 3316 1633 3316 1662 3316 1630 3317 1662 3317 1633 3317 1629 3318 1662 3318 1628 3318 1628 3319 1662 3319 1630 3319 1624 3320 1625 3320 1631 3320 1644 3321 1632 3321 1637 3321 1638 3322 1630 3322 1631 3322 1630 3323 1633 3323 1631 3323 1631 3324 1633 3324 1632 3324 1638 3325 1631 3325 1625 3325 1627 3326 1642 3326 1633 3326 1629 3327 1627 3327 1633 3327 1642 3328 1637 3328 1633 3328 1632 3329 1633 3329 1637 3329 1634 3330 1635 3330 1636 3330 1636 3331 1635 3331 1619 3331 1619 3332 1637 3332 1636 3332 1625 3333 1639 3333 1638 3333 1625 3334 1640 3334 1639 3334 1634 3335 1636 3335 1657 3335 1657 3336 1636 3336 1641 3336 1663 3337 1641 3337 1637 3337 1637 3338 1641 3338 1636 3338 1642 3339 1663 3339 1637 3339 1647 3340 1651 3340 1643 3340 1651 3341 1647 3341 1650 3341 1643 3342 1649 3342 1648 3342 1643 3343 1654 3343 1649 3343 1646 3344 1650 3344 1645 3344 1646 3345 1660 3345 1650 3345 1643 3346 1651 3346 1654 3346 1650 3347 1660 3347 1651 3347 1657 3348 1639 3348 1652 3348 1652 3349 1639 3349 1640 3349 1652 3350 1640 3350 1653 3350 1653 3351 1640 3351 1623 3351 1623 3352 1640 3352 1624 3352 1624 3353 1640 3353 1625 3353 1654 3354 1655 3354 1656 3354 1657 3355 1654 3355 1656 3355 1652 3356 1654 3356 1657 3356 1652 3357 1653 3357 1654 3357 1654 3358 1653 3358 1649 3358 1649 3359 1653 3359 1623 3359 1621 3360 1649 3360 1623 3360 1621 3361 1648 3361 1649 3361 1658 3362 1657 3362 1656 3362 1658 3363 1656 3363 1659 3363 1659 3364 1656 3364 1655 3364 1650 3365 1647 3365 1644 3365 1647 3366 1622 3366 1644 3366 1647 3367 1643 3367 1622 3367 1648 3368 1622 3368 1643 3368 1621 3369 1622 3369 1648 3369 1620 3370 1645 3370 1644 3370 1650 3371 1644 3371 1645 3371 1660 3372 1646 3372 1635 3372 1635 3373 1646 3373 1619 3373 1619 3374 1646 3374 1620 3374 1620 3375 1646 3375 1645 3375 1660 3376 1635 3376 1634 3376 1657 3377 1660 3377 1634 3377 1658 3378 1660 3378 1657 3378 1658 3379 1659 3379 1660 3379 1660 3380 1659 3380 1651 3380 1651 3381 1659 3381 1655 3381 1651 3382 1655 3382 1654 3382 1626 3383 1638 3383 1661 3383 1666 3384 1642 3384 1627 3384 1638 3385 1626 3385 1630 3385 1630 3386 1626 3386 1628 3386 1663 3387 1642 3387 1666 3387 1663 3388 1666 3388 1664 3388 1657 3389 1663 3389 1664 3389 1664 3390 1665 3390 1657 3390 1639 3391 1665 3391 1638 3391 1639 3392 1657 3392 1665 3392 1657 3393 1641 3393 1663 3393 1661 3394 1638 3394 1665 3394 1665 3395 1664 3395 1661 3395 1661 3396 1666 3396 1627 3396 1661 3397 1627 3397 1626 3397 1664 3398 1666 3398 1661 3398 1667 3399 1668 3399 1695 3399 1695 3400 1688 3400 1667 3400 1669 3401 1672 3401 1670 3401 1669 3402 1671 3402 1672 3402 1674 3403 1675 3403 1676 3403 1676 3404 1675 3404 1677 3404 1679 3405 1677 3405 1678 3405 1677 3406 1679 3406 1676 3406 1676 3407 1679 3407 1680 3407 1679 3408 1678 3408 1680 3408 1672 3409 1673 3409 1682 3409 1695 3410 1683 3410 1688 3410 1681 3411 1680 3411 1682 3411 1680 3412 1678 3412 1682 3412 1682 3413 1678 3413 1683 3413 1683 3414 1678 3414 1684 3414 1681 3415 1682 3415 1673 3415 1675 3416 1684 3416 1678 3416 1677 3417 1675 3417 1678 3417 1683 3418 1684 3418 1688 3418 1685 3419 1686 3419 1687 3419 1687 3420 1686 3420 1667 3420 1667 3421 1688 3421 1687 3421 1673 3422 1689 3422 1691 3422 1673 3423 1690 3423 1689 3423 1685 3424 1687 3424 1709 3424 1709 3425 1687 3425 1692 3425 1693 3426 1692 3426 1688 3426 1688 3427 1692 3427 1687 3427 1684 3428 1693 3428 1688 3428 1695 3429 1696 3429 1698 3429 1696 3430 1703 3430 1698 3430 1698 3431 1702 3431 1694 3431 1702 3432 1698 3432 1701 3432 1694 3433 1700 3433 1699 3433 1694 3434 1706 3434 1700 3434 1698 3435 1703 3435 1712 3435 1697 3436 1703 3436 1696 3436 1697 3437 1712 3437 1703 3437 1694 3438 1702 3438 1706 3438 1701 3439 1712 3439 1702 3439 1712 3440 1701 3440 1698 3440 1709 3441 1689 3441 1704 3441 1704 3442 1689 3442 1690 3442 1704 3443 1690 3443 1705 3443 1705 3444 1690 3444 1671 3444 1671 3445 1690 3445 1672 3445 1672 3446 1690 3446 1673 3446 1706 3447 1707 3447 1708 3447 1709 3448 1706 3448 1708 3448 1704 3449 1706 3449 1709 3449 1704 3450 1705 3450 1706 3450 1706 3451 1705 3451 1700 3451 1700 3452 1705 3452 1671 3452 1669 3453 1700 3453 1671 3453 1669 3454 1699 3454 1700 3454 1710 3455 1709 3455 1708 3455 1710 3456 1708 3456 1711 3456 1711 3457 1708 3457 1707 3457 1698 3458 1670 3458 1695 3458 1698 3459 1694 3459 1670 3459 1699 3460 1670 3460 1694 3460 1669 3461 1670 3461 1699 3461 1668 3462 1696 3462 1695 3462 1712 3463 1697 3463 1686 3463 1686 3464 1697 3464 1667 3464 1667 3465 1697 3465 1668 3465 1668 3466 1697 3466 1696 3466 1712 3467 1686 3467 1685 3467 1709 3468 1712 3468 1685 3468 1710 3469 1712 3469 1709 3469 1710 3470 1711 3470 1712 3470 1712 3471 1711 3471 1702 3471 1702 3472 1711 3472 1707 3472 1702 3473 1707 3473 1706 3473 1715 3474 1684 3474 1675 3474 1681 3475 1674 3475 1680 3475 1680 3476 1674 3476 1676 3476 1673 3477 1691 3477 1681 3477 1715 3478 1714 3478 1693 3478 1684 3479 1715 3479 1693 3479 1714 3480 1691 3480 1709 3480 1689 3481 1709 3481 1691 3481 1709 3482 1693 3482 1714 3482 1709 3483 1692 3483 1693 3483 1681 3484 1713 3484 1674 3484 1681 3485 1691 3485 1713 3485 1675 3486 1713 3486 1715 3486 1713 3487 1675 3487 1674 3487 1713 3488 1691 3488 1714 3488 1714 3489 1715 3489 1713 3489 1716 3490 1719 3490 1717 3490 1717 3491 1719 3491 1718 3491 1720 3492 1521 3492 1721 3492 1721 3493 1521 3493 1523 3493 1730 3494 1721 3494 1728 3494 1721 3495 1730 3495 1720 3495 1515 3496 1723 3496 1724 3496 1726 3497 1522 3497 1728 3497 1515 3498 1728 3498 1522 3498 1729 3499 1516 3499 1517 3499 1727 3500 1729 3500 1517 3500 1725 3501 1728 3501 1515 3501 1728 3502 1725 3502 1729 3502 1516 3503 1729 3503 1725 3503 1521 3504 1720 3504 1517 3504 1517 3505 1720 3505 1727 3505 1729 3506 1727 3506 1720 3506 1728 3507 1721 3507 1726 3507 1523 3508 1522 3508 1721 3508 1721 3509 1522 3509 1726 3509 1729 3510 1730 3510 1728 3510 1720 3511 1730 3511 1729 3511 1716 3512 1722 3512 1719 3512 1722 3513 1723 3513 1719 3513 1723 3514 1515 3514 1718 3514 1719 3515 1723 3515 1718 3515 1722 3516 1724 3516 1723 3516 1716 3517 1717 3517 1722 3517 1731 3518 1743 3518 1732 3518 1733 3519 1732 3519 1734 3519 1735 3520 1733 3520 1734 3520 1735 3521 1740 3521 1733 3521 1739 3522 1518 3522 1735 3522 1741 3523 1735 3523 1737 3523 1737 3524 1735 3524 1518 3524 1740 3525 1733 3525 1742 3525 1742 3526 1524 3526 1519 3526 1740 3527 1742 3527 1519 3527 1738 3528 1741 3528 1737 3528 1741 3529 1738 3529 1742 3529 1524 3530 1742 3530 1738 3530 1732 3531 1733 3531 1519 3531 1519 3532 1733 3532 1740 3532 1735 3533 1734 3533 1739 3533 1732 3534 1518 3534 1734 3534 1734 3535 1518 3535 1739 3535 1742 3536 1735 3536 1741 3536 1742 3537 1740 3537 1735 3537 1731 3538 1736 3538 1743 3538 1743 3539 1736 3539 1737 3539 1743 3540 1737 3540 1732 3540 304 3541 1670 3541 1744 3541 1749 3542 1744 3542 1740 3542 1519 3543 1749 3543 1740 3543 1519 3544 1527 3544 1749 3544 1746 3545 1745 3545 304 3545 1746 3546 304 3546 1744 3546 1670 3547 304 3547 1695 3547 1695 3548 304 3548 1745 3548 1514 3549 1745 3549 1747 3549 1745 3550 1746 3550 1514 3550 1744 3551 1644 3551 1726 3551 1744 3552 1670 3552 1644 3552 1744 3553 1726 3553 1727 3553 1727 3554 1726 3554 1730 3554 1730 3555 1517 3555 1727 3555 1740 3556 1744 3556 1739 3556 1740 3557 1518 3557 1519 3557 1518 3558 1740 3558 1739 3558 1739 3559 1744 3559 1727 3559 1518 3560 1727 3560 1517 3560 1518 3561 1739 3561 1727 3561 1514 3562 1746 3562 1513 3562 1513 3563 1746 3563 1748 3563 1520 3564 1513 3564 1748 3564 1749 3565 1748 3565 1746 3565 1749 3566 1750 3566 1748 3566 1749 3567 1527 3567 1750 3567 1750 3568 1527 3568 1520 3568 1695 3569 1745 3569 1514 3569 1475 3570 1695 3570 1514 3570 1475 3571 1683 3571 1695 3571 1475 3572 1682 3572 1683 3572 1475 3573 1672 3573 1682 3573 1475 3574 1476 3574 1672 3574 1672 3575 1476 3575 1644 3575 1670 3576 1672 3576 1644 3576 1520 3577 1748 3577 1750 3577 1522 3578 1622 3578 1476 3578 1522 3579 1726 3579 1622 3579 1622 3580 1726 3580 1644 3580 1522 3581 1730 3581 1726 3581 1522 3582 1517 3582 1730 3582 1744 3583 1749 3583 1746 3583 1476 3584 1632 3584 1644 3584 1476 3585 1631 3585 1632 3585 1476 3586 1624 3586 1631 3586 1476 3587 1622 3587 1624 3587 1751 3588 1760 3588 1752 3588 1753 3589 1526 3589 1754 3589 1754 3590 1526 3590 1527 3590 1758 3591 1753 3591 1754 3591 1758 3592 1750 3592 1753 3592 1749 3593 1527 3593 1758 3593 1756 3594 1758 3594 1527 3594 1748 3595 1753 3595 1759 3595 1759 3596 1525 3596 1520 3596 1748 3597 1759 3597 1520 3597 1757 3598 1758 3598 1756 3598 1758 3599 1757 3599 1759 3599 1525 3600 1759 3600 1757 3600 1526 3601 1753 3601 1520 3601 1520 3602 1753 3602 1748 3602 1758 3603 1754 3603 1749 3603 1754 3604 1527 3604 1749 3604 1759 3605 1750 3605 1758 3605 1753 3606 1750 3606 1759 3606 1751 3607 1755 3607 1760 3607 1760 3608 1755 3608 1756 3608 1760 3609 1756 3609 1752 3609 1762 3610 1761 3610 1746 3610 1763 3611 1747 3611 1745 3611 1763 3612 1778 3612 1747 3612 1766 3613 1745 3613 1767 3613 1745 3614 1766 3614 1746 3614 1770 3615 1745 3615 1747 3615 1770 3616 1767 3616 1745 3616 1764 3617 1765 3617 1767 3617 1746 3618 1769 3618 1762 3618 1766 3619 1769 3619 1746 3619 1766 3620 1765 3620 1769 3620 1766 3621 1767 3621 1765 3621 1762 3622 1769 3622 1768 3622 1764 3623 1767 3623 1770 3623 1771 3624 1770 3624 1777 3624 1771 3625 1780 3625 1770 3625 1771 3626 1768 3626 1772 3626 1769 3627 1773 3627 1772 3627 1768 3628 1769 3628 1772 3628 1775 3629 1774 3629 1776 3629 1778 3630 1777 3630 1747 3630 1747 3631 1777 3631 1770 3631 1746 3632 1776 3632 1745 3632 1776 3633 1774 3633 1745 3633 1774 3634 1763 3634 1745 3634 1746 3635 1761 3635 1776 3635 1762 3636 1775 3636 1761 3636 1761 3637 1775 3637 1776 3637 1775 3638 1762 3638 1768 3638 1771 3639 1775 3639 1768 3639 1777 3640 1775 3640 1771 3640 1777 3641 1778 3641 1775 3641 1763 3642 1775 3642 1778 3642 1763 3643 1774 3643 1775 3643 1764 3644 1779 3644 1765 3644 1779 3645 1780 3645 1773 3645 1779 3646 1769 3646 1765 3646 1769 3647 1779 3647 1773 3647 1773 3648 1780 3648 1771 3648 1772 3649 1773 3649 1771 3649 1779 3650 1770 3650 1780 3650 1764 3651 1770 3651 1779 3651 1616 3652 1781 3652 1615 3652 1615 3653 1781 3653 1605 3653 1605 3654 1781 3654 1607 3654 1607 3655 1781 3655 1589 3655 1612 3656 1589 3656 1588 3656 1612 3657 1607 3657 1589 3657 1509 3658 1782 3658 1464 3658 1464 3659 1782 3659 1610 3659 1473 3660 1610 3660 1609 3660 1473 3661 1464 3661 1610 3661 1782 3662 1783 3662 1784 3662 1610 3663 1784 3663 1618 3663 1610 3664 1782 3664 1784 3664 1784 3665 1783 3665 1785 3665 1786 3666 1783 3666 1782 3666 1781 3667 1787 3667 1589 3667 1589 3668 1787 3668 1591 3668 1591 3669 1787 3669 1592 3669 1592 3670 1787 3670 1788 3670 1791 3671 1593 3671 1789 3671 1789 3672 1593 3672 1590 3672 1790 3673 1590 3673 1592 3673 1788 3674 1790 3674 1592 3674 1789 3675 1590 3675 1790 3675 1531 3676 1528 3676 1530 3676 1531 3677 1529 3677 1528 3677 1792 3678 1506 3678 293 3678 293 3679 1506 3679 1507 3679 1792 3680 1793 3680 1506 3680 1506 3681 1793 3681 1505 3681 1499 3682 1505 3682 289 3682 289 3683 1505 3683 1793 3683 289 3684 290 3684 1499 3684 294 3685 1499 3685 290 3685 1504 3686 1530 3686 295 3686 295 3687 1530 3687 294 3687 294 3688 1530 3688 1528 3688 1499 3689 294 3689 1528 3689 295 3690 298 3690 1504 3690 1786 3691 1782 3691 1794 3691 1794 3692 1782 3692 1509 3692 1504 3693 1794 3693 1509 3693 1504 3694 296 3694 1794 3694 301 3695 1511 3695 1795 3695 1795 3696 1511 3696 1512 3696 1593 3697 1795 3697 1512 3697 1593 3698 1791 3698 1795 3698 302 3699 1510 3699 303 3699 302 3700 292 3700 1510 3700 1510 3701 292 3701 1508 3701 292 3702 288 3702 1508 3702 293 3703 1803 3703 1792 3703 293 3704 292 3704 1803 3704 1803 3705 292 3705 1796 3705 1796 3706 292 3706 302 3706 301 3707 1796 3707 302 3707 1796 3708 301 3708 1795 3708 1797 3709 1795 3709 1798 3709 1811 3710 1797 3710 1798 3710 1811 3711 1810 3711 1797 3711 1808 3712 1811 3712 1806 3712 1795 3713 1794 3713 1798 3713 1798 3714 1794 3714 1799 3714 1799 3715 1794 3715 296 3715 1799 3716 296 3716 295 3716 294 3717 1799 3717 295 3717 294 3718 1800 3718 1799 3718 294 3719 289 3719 1800 3719 1800 3720 289 3720 1793 3720 1800 3721 1793 3721 1801 3721 1800 3722 1803 3722 1802 3722 1802 3723 1803 3723 1804 3723 1806 3724 1804 3724 1808 3724 1793 3725 1792 3725 1801 3725 1801 3726 1792 3726 1805 3726 1805 3727 1792 3727 1803 3727 1797 3728 1810 3728 1804 3728 1797 3729 1796 3729 1795 3729 1802 3730 1807 3730 1798 3730 1802 3731 1806 3731 1807 3731 1802 3732 1804 3732 1806 3732 1798 3733 1807 3733 1811 3733 1811 3734 1807 3734 1806 3734 1810 3735 1811 3735 1808 3735 1810 3736 1808 3736 1804 3736 1809 3737 1785 3737 1783 3737 1786 3738 1809 3738 1783 3738 301 3739 303 3739 1511 3739 1808 3740 1894 3740 1892 3740 1813 3741 1814 3741 1815 3741 1815 3742 1814 3742 1859 3742 1798 3743 1799 3743 1869 3743 1869 3744 1799 3744 1816 3744 1817 3745 1819 3745 1818 3745 1820 3746 1818 3746 1819 3746 1817 3747 1818 3747 1820 3747 1821 3748 1819 3748 1822 3748 1822 3749 1819 3749 1827 3749 1821 3750 1823 3750 1819 3750 1819 3751 1823 3751 1824 3751 1825 3752 1830 3752 1823 3752 1823 3753 1830 3753 1824 3753 1822 3754 1827 3754 1825 3754 1825 3755 1827 3755 1830 3755 1826 3756 1827 3756 1812 3756 1812 3757 1827 3757 1828 3757 1826 3758 1829 3758 1827 3758 1827 3759 1829 3759 1830 3759 1829 3760 1831 3760 1830 3760 1830 3761 1831 3761 1832 3761 1812 3762 1828 3762 1831 3762 1831 3763 1828 3763 1832 3763 1868 3764 1864 3764 1803 3764 1803 3765 1864 3765 1805 3765 1873 3766 1833 3766 1801 3766 1801 3767 1833 3767 1800 3767 1834 3768 1835 3768 1836 3768 1836 3769 1835 3769 1837 3769 1835 3770 1838 3770 1837 3770 1838 3771 1839 3771 1840 3771 1839 3772 1841 3772 1840 3772 1840 3773 1841 3773 1842 3773 1843 3774 1844 3774 1841 3774 1841 3775 1844 3775 1842 3775 1846 3776 1845 3776 1843 3776 1843 3777 1845 3777 1844 3777 1845 3778 1846 3778 1848 3778 1847 3779 1848 3779 1846 3779 1849 3780 1850 3780 1847 3780 1847 3781 1850 3781 1848 3781 1849 3782 1834 3782 1850 3782 1850 3783 1834 3783 1836 3783 1796 3784 1797 3784 1866 3784 1866 3785 1797 3785 1867 3785 1851 3786 1852 3786 1853 3786 1853 3787 1852 3787 1854 3787 1855 3788 1856 3788 1851 3788 1851 3789 1856 3789 1852 3789 1857 3790 1858 3790 1855 3790 1855 3791 1858 3791 1856 3791 1854 3792 1858 3792 1853 3792 1853 3793 1858 3793 1857 3793 1802 3794 1828 3794 1874 3794 1802 3795 1832 3795 1828 3795 1802 3796 1830 3796 1832 3796 1802 3797 1798 3797 1830 3797 1830 3798 1798 3798 1824 3798 1824 3799 1798 3799 1818 3799 1819 3800 1818 3800 1869 3800 1818 3801 1798 3801 1869 3801 1819 3802 1869 3802 1827 3802 1827 3803 1869 3803 1874 3803 1827 3804 1874 3804 1828 3804 1824 3805 1818 3805 1819 3805 1868 3806 1842 3806 1844 3806 1868 3807 1803 3807 1842 3807 1842 3808 1803 3808 1840 3808 1840 3809 1803 3809 1800 3809 1837 3810 1800 3810 1833 3810 1848 3811 1836 3811 1833 3811 1848 3812 1850 3812 1836 3812 1840 3813 1800 3813 1837 3813 1838 3814 1840 3814 1837 3814 1837 3815 1833 3815 1836 3815 1833 3816 1868 3816 1848 3816 1848 3817 1868 3817 1844 3817 1845 3818 1848 3818 1844 3818 1863 3819 1855 3819 1851 3819 1804 3820 1851 3820 1853 3820 1857 3821 1804 3821 1853 3821 1857 3822 1797 3822 1804 3822 1857 3823 1855 3823 1797 3823 1797 3824 1855 3824 1867 3824 1804 3825 1863 3825 1851 3825 1863 3826 1867 3826 1855 3826 1870 3827 1815 3827 1859 3827 1860 3828 1814 3828 1861 3828 1861 3829 1814 3829 1813 3829 1802 3830 1874 3830 1800 3830 1874 3831 1862 3831 1800 3831 1874 3832 1816 3832 1862 3832 1799 3833 1820 3833 1816 3833 1799 3834 1817 3834 1820 3834 1799 3835 1823 3835 1817 3835 1799 3836 1825 3836 1823 3836 1799 3837 1800 3837 1825 3837 1825 3838 1800 3838 1829 3838 1826 3839 1825 3839 1829 3839 1826 3840 1822 3840 1825 3840 1826 3841 1816 3841 1822 3841 1826 3842 1812 3842 1816 3842 1812 3843 1831 3843 1800 3843 1862 3844 1812 3844 1800 3844 1862 3845 1816 3845 1812 3845 1822 3846 1816 3846 1821 3846 1821 3847 1817 3847 1823 3847 1821 3848 1819 3848 1817 3848 1821 3849 1816 3849 1819 3849 1819 3850 1816 3850 1820 3850 1831 3851 1829 3851 1800 3851 1872 3852 1869 3852 1816 3852 1868 3853 1863 3853 1864 3853 1801 3854 1834 3854 1873 3854 1801 3855 1835 3855 1834 3855 1801 3856 1839 3856 1835 3856 1801 3857 1805 3857 1839 3857 1864 3858 1841 3858 1805 3858 1864 3859 1843 3859 1841 3859 1843 3860 1864 3860 1846 3860 1864 3861 1873 3861 1846 3861 1846 3862 1873 3862 1847 3862 1847 3863 1873 3863 1834 3863 1841 3864 1839 3864 1805 3864 1847 3865 1834 3865 1849 3865 1838 3866 1835 3866 1839 3866 1874 3867 1881 3867 1833 3867 1874 3868 1833 3868 1873 3868 1803 3869 1852 3869 1865 3869 1803 3870 1854 3870 1852 3870 1803 3871 1858 3871 1854 3871 1803 3872 1796 3872 1858 3872 1858 3873 1796 3873 1856 3873 1856 3874 1796 3874 1866 3874 1866 3875 1852 3875 1856 3875 1866 3876 1865 3876 1852 3876 1804 3877 1803 3877 1863 3877 1863 3878 1803 3878 1865 3878 1866 3879 1867 3879 1871 3879 1881 3880 1874 3880 1869 3880 1881 3881 1868 3881 1833 3881 1863 3882 1868 3882 1867 3882 1859 3883 1867 3883 1870 3883 1869 3884 1870 3884 1867 3884 1871 3885 1867 3885 1859 3885 1814 3886 1871 3886 1859 3886 1814 3887 1860 3887 1871 3887 1861 3888 1872 3888 1871 3888 1861 3889 1871 3889 1860 3889 1870 3890 1869 3890 1872 3890 1870 3891 1872 3891 1815 3891 1815 3892 1872 3892 1813 3892 1813 3893 1872 3893 1861 3893 1874 3894 1872 3894 1816 3894 1864 3895 1874 3895 1873 3895 1863 3896 1874 3896 1864 3896 1866 3897 1871 3897 1863 3897 1863 3898 1865 3898 1866 3898 1863 3899 1875 3899 1874 3899 1863 3900 1899 3900 1875 3900 1863 3901 1871 3901 1899 3901 1899 3902 1871 3902 1898 3902 1875 3903 1898 3903 1897 3903 1897 3904 1871 3904 1872 3904 1897 3905 1898 3905 1871 3905 1897 3906 1872 3906 1875 3906 1875 3907 1872 3907 1874 3907 1898 3908 1875 3908 1899 3908 1876 3909 1878 3909 1877 3909 1868 3910 1878 3910 1879 3910 1869 3911 1878 3911 1876 3911 1881 3912 1876 3912 1880 3912 1868 3913 1879 3913 1867 3913 1868 3914 1882 3914 1877 3914 1878 3915 1868 3915 1877 3915 1867 3916 1879 3916 1878 3916 1869 3917 1867 3917 1878 3917 1881 3918 1869 3918 1876 3918 1881 3919 1882 3919 1868 3919 1884 3920 1883 3920 1882 3920 1882 3921 1883 3921 1877 3921 1881 3922 1884 3922 1882 3922 1880 3923 1884 3923 1881 3923 1883 3924 1880 3924 1876 3924 1877 3925 1883 3925 1876 3925 1880 3926 1883 3926 1884 3926 1885 3927 1886 3927 1887 3927 1887 3928 1886 3928 1888 3928 1889 3929 1888 3929 1890 3929 1889 3930 1887 3930 1888 3930 1887 3931 1891 3931 1885 3931 1885 3932 1891 3932 1892 3932 1893 3933 1891 3933 1889 3933 1889 3934 1891 3934 1887 3934 1890 3935 1894 3935 1889 3935 1889 3936 1894 3936 1893 3936 1895 3937 1894 3937 1888 3937 1888 3938 1894 3938 1890 3938 1896 3939 1895 3939 1886 3939 1886 3940 1895 3940 1888 3940 1885 3941 1892 3941 1886 3941 1886 3942 1892 3942 1896 3942 1896 3943 1894 3943 1895 3943 1896 3944 1892 3944 1894 3944 1893 3945 1894 3945 1891 3945 1891 3946 1894 3946 1892 3946 1617 3947 1618 3947 1785 3947 1785 3948 1618 3948 1784 3948 1781 3949 1616 3949 1787 3949 1787 3950 1616 3950 1790 3950 1788 3951 1787 3951 1790 3951 1617 3952 1785 3952 1616 3952 1616 3953 1785 3953 1809 3953 1790 3954 1616 3954 1809 3954 1789 3955 1809 3955 1795 3955 1791 3956 1789 3956 1795 3956 1790 3957 1809 3957 1789 3957 1795 3958 1809 3958 1794 3958 1794 3959 1809 3959 1786 3959 1902 3960 1903 3960 1598 3960 1904 3961 1594 3961 1905 3961 1456 3962 1561 3962 1565 3962 1581 3963 1453 3963 1454 3963 1580 3964 1454 3964 1453 3964 1581 3965 1580 3965 1453 3965 1454 3966 1580 3966 1581 3966 1909 3967 1458 3967 1460 3967 1572 3968 1460 3968 1458 3968 1549 3969 1547 3969 1485 3969 1547 3970 1484 3970 1485 3970 1532 3971 1555 3971 1542 3971 1912 3972 1914 3972 1913 3972 1912 3973 1915 3973 1914 3973 1914 3974 1915 3974 1916 3974 1917 3975 1918 3975 1915 3975 1915 3976 1918 3976 1916 3976 1913 3977 1917 3977 1912 3977 1912 3978 1917 3978 1915 3978 1918 3979 1914 3979 1916 3979 1919 3980 1922 3980 1920 3980 1920 3981 1922 3981 1921 3981 1922 3982 1919 3982 1923 3982 1919 3983 1920 3983 1923 3983 1923 3984 1920 3984 1924 3984 1920 3985 1921 3985 1924 3985 1924 3986 1921 3986 1925 3986 1921 3987 1922 3987 1925 3987 1917 3988 1924 3988 1918 3988 1917 3989 1923 3989 1924 3989 1917 3990 1913 3990 1923 3990 1923 3991 1913 3991 1922 3991 1922 3992 1913 3992 1925 3992 1925 3993 1913 3993 1914 3993 1918 3994 1925 3994 1914 3994 1918 3995 1924 3995 1925 3995 1926 3996 1928 3996 1927 3996 1926 3997 1929 3997 1928 3997 1928 3998 1929 3998 1930 3998 1931 3999 1932 3999 1929 3999 1929 4000 1932 4000 1930 4000 1927 4001 1931 4001 1926 4001 1926 4002 1931 4002 1929 4002 1932 4003 1928 4003 1930 4003 1933 4004 1939 4004 1934 4004 1934 4005 1939 4005 1935 4005 1933 4006 1934 4006 1936 4006 1936 4007 1934 4007 1937 4007 1934 4008 1935 4008 1937 4008 1937 4009 1935 4009 1938 4009 1935 4010 1939 4010 1938 4010 1939 4011 1933 4011 1936 4011 1931 4012 1937 4012 1932 4012 1931 4013 1936 4013 1937 4013 1931 4014 1927 4014 1936 4014 1936 4015 1927 4015 1939 4015 1939 4016 1927 4016 1938 4016 1938 4017 1927 4017 1928 4017 1932 4018 1938 4018 1928 4018 1932 4019 1937 4019 1938 4019 1959 4020 1960 4020 2008 4020 2015 4021 2013 4021 1943 4021 2008 4022 2005 4022 1978 4022 2005 4023 1945 4023 1978 4023 1978 4024 1945 4024 1942 4024 1942 4025 1945 4025 2006 4025 1983 4026 1942 4026 1941 4026 1940 4027 2021 4027 2019 4027 2019 4028 2017 4028 1944 4028 1992 4029 1945 4029 1994 4029 1946 4030 1992 4030 1990 4030 1947 4031 1990 4031 1988 4031 1949 4032 1988 4032 1985 4032 1950 4033 1985 4033 1962 4033 1951 4034 1962 4034 1964 4034 1953 4035 1964 4035 1954 4035 1958 4036 1957 4036 1998 4036 1959 4037 1998 4037 1996 4037 1960 4038 1996 4038 1961 4038 1948 4039 1988 4039 1949 4039 1951 4040 1964 4040 1952 4040 1952 4041 1964 4041 1953 4041 1956 4042 1955 4042 1957 4042 1959 4043 1996 4043 1960 4043 1961 4044 1996 4044 1994 4044 2015 4045 1968 4045 1944 4045 1970 4046 2015 4046 1943 4046 1974 4047 1973 4047 1959 4047 1976 4048 1959 4048 2008 4048 1977 4049 2008 4049 1978 4049 1980 4050 1978 4050 1942 4050 1981 4051 1942 4051 1983 4051 1966 4052 1940 4052 2019 4052 1967 4053 2019 4053 1944 4053 1968 4054 1967 4054 1944 4054 1969 4055 2015 4055 1970 4055 1972 4056 1971 4056 1973 4056 1974 4057 1959 4057 1975 4057 1975 4058 1959 4058 1976 4058 1976 4059 2008 4059 1977 4059 1979 4060 1978 4060 1980 4060 1981 4061 1983 4061 1982 4061 1984 4062 1940 4062 1966 4062 1963 4063 2019 4063 1967 4063 1962 4064 1963 4064 1964 4064 1962 4065 2019 4065 1963 4065 1962 4066 1965 4066 2019 4066 2019 4067 1965 4067 1966 4067 1966 4068 1985 4068 1984 4068 1966 4069 1965 4069 1985 4069 1985 4070 1986 4070 1984 4070 1984 4071 1986 4071 1940 4071 1986 4072 1987 4072 1940 4072 1940 4073 1987 4073 1983 4073 1987 4074 1988 4074 1983 4074 1983 4075 1988 4075 1982 4075 1988 4076 1989 4076 1982 4076 1982 4077 1989 4077 1981 4077 1989 4078 1990 4078 1981 4078 1981 4079 1990 4079 1942 4079 1990 4080 1991 4080 1942 4080 1942 4081 1991 4081 1980 4081 1991 4082 1992 4082 1980 4082 1980 4083 1992 4083 1979 4083 1992 4084 1993 4084 1979 4084 1979 4085 1993 4085 1978 4085 1993 4086 1994 4086 1978 4086 1978 4087 1994 4087 1977 4087 1994 4088 1995 4088 1977 4088 1977 4089 1995 4089 1976 4089 1995 4090 1996 4090 1976 4090 1976 4091 1996 4091 1975 4091 1996 4092 1997 4092 1975 4092 1975 4093 1997 4093 1974 4093 1997 4094 1998 4094 1974 4094 1974 4095 1998 4095 1973 4095 1998 4096 1999 4096 1973 4096 1973 4097 1999 4097 1972 4097 1999 4098 1957 4098 1972 4098 1972 4099 1957 4099 1971 4099 1957 4100 2000 4100 1971 4100 1971 4101 2000 4101 1943 4101 2000 4102 1955 4102 1943 4102 1943 4103 1955 4103 1970 4103 1955 4104 2001 4104 1970 4104 1970 4105 2001 4105 1969 4105 2001 4106 2002 4106 1969 4106 1969 4107 2002 4107 2015 4107 2002 4108 2003 4108 2015 4108 2015 4109 2003 4109 1968 4109 2003 4110 2004 4110 1968 4110 1968 4111 2004 4111 1967 4111 2004 4112 1964 4112 1967 4112 1967 4113 1964 4113 1963 4113 1965 4114 1962 4114 1985 4114 1987 4115 1985 4115 1988 4115 2001 4116 1955 4116 2002 4116 2003 4117 2002 4117 1954 4117 2004 4118 1954 4118 1964 4118 1986 4119 1985 4119 1987 4119 1989 4120 1988 4120 1990 4120 1991 4121 1990 4121 1992 4121 1993 4122 1992 4122 1994 4122 1995 4123 1994 4123 1996 4123 1997 4124 1996 4124 1998 4124 1999 4125 1998 4125 1957 4125 2000 4126 1957 4126 1955 4126 2003 4127 1954 4127 2004 4127 1992 4128 2006 4128 1945 4128 1992 4129 1946 4129 2006 4129 2006 4130 1946 4130 2007 4130 1942 4131 2007 4131 1941 4131 1942 4132 2006 4132 2007 4132 2008 4133 1960 4133 1961 4133 2005 4134 1961 4134 1994 4134 1945 4135 2005 4135 1994 4135 1959 4136 1973 4136 2009 4136 1998 4137 2009 4137 1958 4137 1998 4138 1959 4138 2009 4138 2009 4139 1973 4139 2010 4139 1958 4140 2010 4140 1957 4140 1958 4141 2009 4141 2010 4141 1973 4142 1971 4142 2010 4142 2010 4143 1971 4143 2011 4143 1957 4144 2011 4144 1956 4144 1957 4145 2010 4145 2011 4145 1971 4146 1943 4146 2011 4146 2011 4147 1943 4147 2012 4147 1956 4148 2012 4148 1955 4148 1956 4149 2011 4149 2012 4149 1943 4150 2013 4150 2012 4150 1955 4151 2013 4151 2002 4151 1955 4152 2012 4152 2013 4152 2002 4153 2014 4153 1954 4153 2002 4154 2013 4154 2014 4154 2013 4155 2015 4155 2014 4155 1954 4156 2015 4156 1953 4156 1954 4157 2014 4157 2015 4157 1953 4158 2016 4158 1952 4158 1953 4159 2015 4159 2016 4159 2015 4160 1944 4160 2016 4160 2016 4161 1944 4161 1952 4161 1952 4162 1944 4162 2017 4162 2018 4163 2017 4163 2019 4163 2020 4164 2019 4164 2021 4164 2022 4165 2021 4165 1940 4165 2023 4166 1940 4166 1983 4166 2024 4167 1983 4167 1941 4167 2007 4168 2025 4168 1941 4168 2007 4169 1990 4169 2025 4169 2007 4170 1946 4170 1990 4170 1951 4171 2017 4171 2018 4171 1962 4172 2018 4172 2019 4172 1950 4173 2019 4173 2020 4173 1985 4174 2020 4174 2021 4174 1949 4175 2021 4175 2022 4175 1948 4176 2022 4176 2023 4176 1988 4177 2023 4177 2024 4177 1947 4178 2024 4178 2025 4178 1990 4179 1947 4179 2025 4179 2022 4180 1940 4180 2023 4180 2023 4181 1983 4181 2024 4181 2024 4182 1941 4182 2025 4182 1947 4183 1988 4183 2024 4183 1988 4184 1948 4184 2023 4184 1948 4185 1949 4185 2022 4185 1949 4186 1985 4186 2021 4186 1985 4187 1950 4187 2020 4187 1950 4188 1962 4188 2019 4188 1962 4189 1951 4189 2018 4189 1951 4190 1952 4190 2017 4190 2008 4191 1961 4191 2005 4191 2105 4192 2103 4192 2030 4192 2047 4193 2048 4193 2031 4193 2101 4194 2099 4194 2029 4194 2031 4195 2093 4195 2065 4195 2093 4196 2032 4196 2065 4196 2065 4197 2032 4197 2028 4197 2028 4198 2032 4198 2033 4198 2070 4199 2028 4199 2027 4199 2079 4200 2032 4200 2081 4200 2032 4201 2079 4201 2033 4201 2034 4202 2079 4202 2077 4202 2035 4203 2077 4203 2075 4203 2037 4204 2075 4204 2072 4204 2038 4205 2072 4205 2049 4205 2039 4206 2049 4206 2051 4206 2041 4207 2051 4207 2042 4207 2043 4208 2089 4208 2088 4208 2048 4209 2085 4209 2081 4209 2031 4210 2048 4210 2081 4210 2033 4211 2079 4211 2034 4211 2036 4212 2075 4212 2037 4212 2039 4213 2051 4213 2040 4213 2040 4214 2051 4214 2041 4214 2043 4215 2088 4215 2044 4215 2044 4216 2088 4216 2045 4216 2046 4217 2045 4217 2085 4217 2047 4218 2085 4218 2048 4218 2081 4219 2084 4219 2082 4219 2081 4220 2085 4220 2084 4220 2101 4221 2055 4221 2030 4221 2057 4222 2101 4222 2029 4222 2061 4223 2060 4223 2047 4223 2063 4224 2047 4224 2031 4224 2064 4225 2031 4225 2065 4225 2067 4226 2065 4226 2028 4226 2068 4227 2028 4227 2070 4227 2053 4228 2026 4228 2105 4228 2054 4229 2105 4229 2030 4229 2055 4230 2054 4230 2030 4230 2056 4231 2101 4231 2057 4231 2059 4232 2058 4232 2060 4232 2061 4233 2047 4233 2062 4233 2062 4234 2047 4234 2063 4234 2063 4235 2031 4235 2064 4235 2066 4236 2065 4236 2067 4236 2068 4237 2070 4237 2069 4237 2050 4238 2105 4238 2054 4238 2049 4239 2050 4239 2051 4239 2049 4240 2105 4240 2050 4240 2049 4241 2052 4241 2105 4241 2105 4242 2052 4242 2053 4242 2053 4243 2072 4243 2026 4243 2053 4244 2052 4244 2072 4244 2072 4245 2073 4245 2026 4245 2026 4246 2073 4246 2071 4246 2073 4247 2074 4247 2071 4247 2071 4248 2074 4248 2070 4248 2074 4249 2075 4249 2070 4249 2070 4250 2075 4250 2069 4250 2075 4251 2076 4251 2069 4251 2069 4252 2076 4252 2068 4252 2076 4253 2077 4253 2068 4253 2068 4254 2077 4254 2028 4254 2077 4255 2078 4255 2028 4255 2028 4256 2078 4256 2067 4256 2078 4257 2079 4257 2067 4257 2067 4258 2079 4258 2066 4258 2079 4259 2080 4259 2066 4259 2066 4260 2080 4260 2065 4260 2080 4261 2081 4261 2065 4261 2065 4262 2081 4262 2064 4262 2081 4263 2082 4263 2064 4263 2064 4264 2082 4264 2063 4264 2082 4265 2083 4265 2063 4265 2063 4266 2083 4266 2062 4266 2083 4267 2084 4267 2062 4267 2062 4268 2084 4268 2061 4268 2084 4269 2085 4269 2061 4269 2061 4270 2085 4270 2060 4270 2085 4271 2086 4271 2060 4271 2060 4272 2086 4272 2059 4272 2086 4273 2045 4273 2059 4273 2059 4274 2045 4274 2058 4274 2045 4275 2087 4275 2058 4275 2058 4276 2087 4276 2029 4276 2087 4277 2088 4277 2029 4277 2029 4278 2088 4278 2057 4278 2088 4279 2089 4279 2057 4279 2057 4280 2089 4280 2056 4280 2089 4281 2090 4281 2056 4281 2056 4282 2090 4282 2101 4282 2090 4283 2091 4283 2101 4283 2101 4284 2091 4284 2055 4284 2091 4285 2092 4285 2055 4285 2055 4286 2092 4286 2054 4286 2092 4287 2051 4287 2054 4287 2054 4288 2051 4288 2050 4288 2052 4289 2049 4289 2072 4289 2074 4290 2072 4290 2075 4290 2083 4291 2082 4291 2084 4291 2086 4292 2085 4292 2045 4292 2087 4293 2045 4293 2088 4293 2091 4294 2089 4294 2042 4294 2092 4295 2042 4295 2051 4295 2073 4296 2072 4296 2074 4296 2076 4297 2075 4297 2077 4297 2078 4298 2077 4298 2079 4298 2080 4299 2079 4299 2081 4299 2090 4300 2089 4300 2091 4300 2091 4301 2042 4301 2092 4301 2033 4302 2034 4302 2094 4302 2028 4303 2094 4303 2027 4303 2028 4304 2033 4304 2094 4304 2093 4305 2031 4305 2081 4305 2032 4306 2093 4306 2081 4306 2047 4307 2060 4307 2095 4307 2085 4308 2095 4308 2046 4308 2085 4309 2047 4309 2095 4309 2095 4310 2060 4310 2096 4310 2046 4311 2096 4311 2045 4311 2046 4312 2095 4312 2096 4312 2060 4313 2058 4313 2096 4313 2096 4314 2058 4314 2097 4314 2045 4315 2097 4315 2044 4315 2045 4316 2096 4316 2097 4316 2058 4317 2029 4317 2097 4317 2097 4318 2029 4318 2098 4318 2044 4319 2098 4319 2043 4319 2044 4320 2097 4320 2098 4320 2029 4321 2099 4321 2098 4321 2043 4322 2099 4322 2089 4322 2043 4323 2098 4323 2099 4323 2089 4324 2100 4324 2042 4324 2089 4325 2099 4325 2100 4325 2099 4326 2101 4326 2100 4326 2042 4327 2101 4327 2041 4327 2042 4328 2100 4328 2101 4328 2041 4329 2102 4329 2040 4329 2041 4330 2101 4330 2102 4330 2101 4331 2030 4331 2102 4331 2102 4332 2030 4332 2040 4332 2040 4333 2030 4333 2103 4333 2104 4334 2103 4334 2105 4334 2106 4335 2105 4335 2026 4335 2108 4336 2026 4336 2071 4336 2109 4337 2071 4337 2070 4337 2110 4338 2070 4338 2027 4338 2094 4339 2111 4339 2027 4339 2094 4340 2077 4340 2111 4340 2094 4341 2034 4341 2077 4341 2039 4342 2103 4342 2104 4342 2049 4343 2104 4343 2105 4343 2038 4344 2105 4344 2106 4344 2072 4345 2106 4345 2107 4345 2037 4346 2107 4346 2108 4346 2036 4347 2108 4347 2109 4347 2075 4348 2109 4348 2110 4348 2035 4349 2110 4349 2111 4349 2077 4350 2035 4350 2111 4350 2106 4351 2026 4351 2107 4351 2107 4352 2026 4352 2108 4352 2108 4353 2071 4353 2109 4353 2109 4354 2070 4354 2110 4354 2110 4355 2027 4355 2111 4355 2035 4356 2075 4356 2110 4356 2075 4357 2036 4357 2109 4357 2036 4358 2037 4358 2108 4358 2037 4359 2072 4359 2107 4359 2072 4360 2038 4360 2106 4360 2038 4361 2049 4361 2105 4361 2049 4362 2039 4362 2104 4362 2039 4363 2040 4363 2103 4363 2153 4364 2113 4364 2112 4364 2114 4365 2113 4365 2115 4365 2116 4366 2115 4366 2117 4366 2118 4367 2117 4367 2119 4367 2120 4368 2170 4368 2154 4368 2121 4369 2154 4369 2166 4369 2122 4370 2166 4370 2123 4370 2124 4371 2123 4371 2125 4371 2127 4372 2125 4372 2128 4372 2129 4373 2128 4373 2157 4373 2130 4374 2157 4374 2131 4374 2126 4375 2125 4375 2127 4375 2153 4376 2179 4376 2131 4376 2153 4377 2133 4377 2179 4377 2153 4378 2112 4378 2133 4378 2133 4379 2112 4379 2132 4379 2132 4380 2113 4380 2152 4380 2132 4381 2112 4381 2113 4381 2113 4382 2114 4382 2152 4382 2152 4383 2114 4383 2151 4383 2114 4384 2115 4384 2151 4384 2151 4385 2115 4385 2150 4385 2115 4386 2116 4386 2150 4386 2150 4387 2116 4387 2149 4387 2116 4388 2117 4388 2149 4388 2149 4389 2117 4389 2148 4389 2117 4390 2118 4390 2148 4390 2148 4391 2118 4391 2171 4391 2118 4392 2119 4392 2171 4392 2171 4393 2119 4393 2147 4393 2119 4394 2170 4394 2147 4394 2147 4395 2170 4395 2146 4395 2170 4396 2120 4396 2146 4396 2146 4397 2120 4397 2145 4397 2120 4398 2154 4398 2145 4398 2145 4399 2154 4399 2144 4399 2154 4400 2121 4400 2144 4400 2144 4401 2121 4401 2143 4401 2121 4402 2166 4402 2143 4402 2143 4403 2166 4403 2142 4403 2166 4404 2122 4404 2142 4404 2142 4405 2122 4405 2164 4405 2122 4406 2123 4406 2164 4406 2164 4407 2123 4407 2141 4407 2123 4408 2124 4408 2141 4408 2141 4409 2124 4409 2140 4409 2124 4410 2125 4410 2140 4410 2140 4411 2125 4411 2139 4411 2125 4412 2126 4412 2139 4412 2139 4413 2126 4413 2138 4413 2126 4414 2127 4414 2138 4414 2138 4415 2127 4415 2137 4415 2127 4416 2128 4416 2137 4416 2137 4417 2128 4417 2136 4417 2128 4418 2129 4418 2136 4418 2136 4419 2129 4419 2135 4419 2129 4420 2157 4420 2135 4420 2135 4421 2157 4421 2155 4421 2157 4422 2130 4422 2155 4422 2155 4423 2130 4423 2134 4423 2130 4424 2131 4424 2134 4424 2134 4425 2131 4425 2179 4425 2155 4426 2136 4426 2135 4426 2137 4427 2136 4427 2138 4427 2139 4428 2138 4428 2140 4428 2141 4429 2140 4429 2164 4429 2143 4430 2164 4430 2144 4430 2145 4431 2144 4431 2146 4431 2147 4432 2146 4432 2171 4432 2149 4433 2171 4433 2150 4433 2152 4434 2150 4434 2132 4434 2133 4435 2132 4435 2179 4435 2134 4436 2179 4436 2155 4436 2142 4437 2164 4437 2143 4437 2148 4438 2171 4438 2149 4438 2151 4439 2150 4439 2152 4439 2117 4440 2181 4440 2182 4440 2125 4441 2189 4441 2160 4441 2153 4442 2177 4442 2176 4442 2176 4443 2181 4443 2117 4443 2183 4444 2184 4444 2170 4444 2170 4445 2185 4445 2154 4445 2154 4446 2186 4446 2166 4446 2187 4447 2188 4447 2163 4447 2125 4448 2160 4448 2128 4448 2128 4449 2158 4449 2157 4449 2166 4450 2187 4450 2123 4450 2123 4451 2187 4451 2163 4451 2131 4452 2178 4452 2156 4452 2113 4453 2153 4453 2176 4453 2115 4454 2176 4454 2117 4454 2119 4455 2183 4455 2170 4455 2123 4456 2163 4456 2125 4456 2157 4457 2178 4457 2131 4457 2131 4458 2156 4458 2153 4458 2113 4459 2176 4459 2115 4459 2117 4460 2183 4460 2119 4460 2155 4461 2157 4461 2158 4461 2138 4462 2158 4462 2159 4462 2138 4463 2159 4463 2160 4463 2138 4464 2160 4464 2161 4464 2164 4465 2165 4465 2166 4465 2168 4466 2166 4466 2167 4466 2168 4467 2169 4467 2170 4467 2171 4468 2172 4468 2173 4468 2150 4469 2173 4469 2174 4469 2150 4470 2174 4470 2175 4470 2150 4471 2175 4471 2176 4471 2150 4472 2176 4472 2177 4472 2155 4473 2158 4473 2138 4473 2138 4474 2161 4474 2162 4474 2162 4475 2163 4475 2164 4475 2164 4476 2166 4476 2168 4476 2168 4477 2170 4477 2171 4477 2171 4478 2173 4478 2150 4478 2150 4479 2177 4479 2180 4479 2179 4480 2156 4480 2155 4480 2136 4481 2155 4481 2138 4481 2140 4482 2138 4482 2162 4482 2164 4483 2140 4483 2162 4483 2146 4484 2144 4484 2168 4484 2164 4485 2168 4485 2144 4485 2146 4486 2168 4486 2171 4486 2132 4487 2150 4487 2180 4487 2132 4488 2180 4488 2179 4488 2157 4489 2155 4489 2178 4489 2178 4490 2155 4490 2156 4490 2153 4491 2180 4491 2177 4491 2153 4492 2179 4492 2180 4492 2179 4493 2153 4493 2156 4493 2182 4494 2181 4494 2174 4494 2182 4495 2174 4495 2173 4495 2183 4496 2117 4496 2172 4496 2183 4497 2172 4497 2171 4497 2154 4498 2185 4498 2168 4498 2186 4499 2168 4499 2167 4499 2186 4500 2167 4500 2166 4500 2187 4501 2166 4501 2165 4501 2187 4502 2165 4502 2188 4502 2189 4503 2162 4503 2161 4503 2189 4504 2161 4504 2160 4504 2128 4505 2160 4505 2159 4505 2128 4506 2159 4506 2158 4506 2181 4507 2176 4507 2175 4507 2175 4508 2174 4508 2181 4508 2117 4509 2182 4509 2173 4509 2173 4510 2172 4510 2117 4510 2184 4511 2183 4511 2171 4511 2171 4512 2170 4512 2184 4512 2185 4513 2170 4513 2169 4513 2169 4514 2168 4514 2185 4514 2154 4515 2168 4515 2186 4515 2165 4516 2164 4516 2188 4516 2188 4517 2164 4517 2163 4517 2163 4518 2162 4518 2125 4518 2125 4519 2162 4519 2189 4519 2193 4520 2210 4520 2194 4520 2196 4521 2190 4521 2195 4521 2196 4522 2197 4522 2190 4522 2198 4523 2190 4523 2197 4523 2199 4524 2190 4524 2200 4524 2202 4525 2201 4525 2203 4525 2203 4526 2201 4526 2197 4526 2197 4527 2201 4527 2198 4527 2201 4528 2200 4528 2198 4528 2191 4529 2203 4529 2197 4529 2196 4530 2191 4530 2197 4530 2196 4531 2192 4531 2191 4531 2196 4532 2204 4532 2192 4532 2191 4533 2192 4533 2193 4533 2206 4534 2205 4534 2204 4534 2206 4535 2204 4535 2196 4535 2195 4536 2199 4536 2206 4536 2196 4537 2195 4537 2206 4537 2199 4538 2195 4538 2190 4538 2200 4539 2190 4539 2198 4539 2200 4540 2201 4540 2199 4540 2201 4541 2206 4541 2199 4541 2207 4542 2203 4542 2208 4542 2208 4543 2203 4543 2191 4543 2191 4544 2193 4544 2208 4544 2210 4545 2193 4545 2192 4545 2209 4546 2210 4546 2204 4546 2204 4547 2210 4547 2192 4547 2204 4548 2205 4548 2211 4548 2202 4549 2203 4549 2211 4549 2211 4550 2205 4550 2202 4550 2202 4551 2205 4551 2201 4551 2201 4552 2205 4552 2206 4552 2204 4553 2211 4553 2209 4553 2209 4554 2211 4554 2207 4554 2207 4555 2211 4555 2203 4555 2207 4556 2194 4556 2209 4556 2207 4557 2208 4557 2194 4557 2208 4558 2193 4558 2194 4558 2209 4559 2194 4559 2210 4559 2212 4560 2215 4560 2213 4560 2212 4561 2214 4561 2215 4561 2216 4562 2225 4562 2212 4562 2216 4563 2217 4563 2225 4563 2216 4564 2218 4564 2217 4564 2217 4565 2218 4565 2219 4565 2219 4566 2218 4566 2220 4566 2218 4567 2214 4567 2220 4567 2220 4568 2214 4568 2221 4568 2221 4569 2214 4569 2222 4569 2214 4570 2212 4570 2222 4570 2222 4571 2212 4571 2223 4571 2226 4572 2216 4572 2213 4572 2213 4573 2216 4573 2212 4573 2227 4574 2226 4574 2215 4574 2215 4575 2226 4575 2213 4575 2218 4576 2227 4576 2214 4576 2214 4577 2227 4577 2215 4577 2224 4578 2212 4578 2225 4578 2221 4579 2228 4579 2220 4579 2220 4580 2228 4580 2229 4580 2229 4581 2230 4581 2220 4581 2220 4582 2230 4582 2219 4582 2219 4583 2230 4583 2217 4583 2217 4584 2230 4584 2231 4584 2217 4585 2231 4585 2225 4585 2225 4586 2231 4586 2232 4586 2225 4587 2232 4587 2224 4587 2224 4588 2232 4588 2233 4588 2224 4589 2233 4589 2223 4589 2223 4590 2233 4590 2234 4590 2223 4591 2234 4591 2222 4591 2222 4592 2234 4592 2235 4592 2222 4593 2235 4593 2221 4593 2221 4594 2235 4594 2228 4594 2216 4595 2226 4595 2218 4595 2218 4596 2226 4596 2227 4596 2223 4597 2212 4597 2224 4597 2232 4598 2231 4598 2233 4598 2233 4599 2231 4599 2228 4599 2234 4600 2228 4600 2235 4600 2234 4601 2233 4601 2228 4601 2231 4602 2230 4602 2228 4602 2228 4603 2230 4603 2229 4603 2240 4604 2237 4604 2236 4604 2238 4605 2236 4605 2237 4605 2236 4606 2239 4606 2240 4606 2236 4607 2238 4607 2239 4607 2240 4608 2239 4608 2241 4608 2238 4609 2237 4609 2241 4609 2241 4610 2239 4610 2238 4610 2241 4611 2237 4611 2240 4611 2251 4612 2261 4612 2244 4612 2250 4613 2251 4613 2244 4613 2245 4614 2248 4614 2250 4614 2252 4615 2250 4615 2248 4615 2243 4616 2261 4616 2242 4616 2243 4617 2244 4617 2261 4617 2260 4618 2248 4618 2246 4618 2246 4619 2248 4619 2247 4619 2260 4620 2252 4620 2248 4620 2251 4621 2250 4621 2252 4621 2258 4622 2247 4622 2248 4622 2253 4623 2248 4623 2244 4623 2258 4624 2248 4624 2253 4624 2253 4625 2244 4625 2243 4625 2253 4626 2243 4626 2255 4626 2255 4627 2243 4627 2256 4627 2256 4628 2243 4628 2242 4628 2256 4629 2242 4629 2249 4629 2249 4630 2257 4630 2256 4630 2249 4631 2246 4631 2257 4631 2247 4632 2257 4632 2246 4632 2247 4633 2258 4633 2257 4633 2250 4634 2244 4634 2245 4634 2245 4635 2244 4635 2248 4635 2253 4636 2254 4636 2258 4636 2259 4637 2260 4637 2249 4637 2249 4638 2260 4638 2246 4638 2249 4639 2242 4639 2259 4639 2259 4640 2242 4640 2261 4640 2252 4641 2259 4641 2251 4641 2252 4642 2260 4642 2259 4642 2259 4643 2261 4643 2251 4643 2255 4644 2254 4644 2253 4644 2256 4645 2264 4645 2254 4645 2255 4646 2256 4646 2254 4646 2256 4647 2257 4647 2264 4647 2264 4648 2257 4648 2262 4648 2258 4649 2263 4649 2262 4649 2257 4650 2258 4650 2262 4650 2258 4651 2254 4651 2263 4651 2264 4652 2266 4652 2254 4652 2264 4653 2262 4653 2266 4653 2263 4654 2265 4654 2262 4654 2263 4655 2266 4655 2265 4655 2263 4656 2254 4656 2266 4656 2266 4657 2262 4657 2265 4657 2267 4658 2269 4658 2270 4658 2268 4659 2267 4659 2270 4659 2271 4660 2273 4660 2269 4660 2267 4661 2271 4661 2269 4661 2271 4662 2267 4662 2272 4662 2268 4663 2272 4663 2267 4663 2268 4664 2270 4664 2272 4664 2270 4665 2274 4665 2272 4665 2274 4666 2270 4666 2275 4666 2275 4667 2270 4667 2277 4667 2277 4668 2270 4668 2269 4668 2273 4669 2274 4669 2276 4669 2273 4670 2278 4670 2269 4670 2277 4671 2269 4671 2278 4671 2272 4672 2274 4672 2271 4672 2271 4673 2274 4673 2273 4673 2276 4674 2275 4674 2277 4674 2274 4675 2275 4675 2276 4675 2273 4676 2276 4676 2278 4676 2278 4677 2276 4677 2277 4677 2285 4678 2279 4678 2283 4678 2285 4679 2280 4679 2281 4679 2281 4680 2283 4680 2279 4680 2281 4681 2282 4681 2283 4681 2281 4682 2284 4682 2282 4682 2281 4683 2312 4683 2284 4683 2281 4684 2279 4684 2285 4684 2283 4685 2282 4685 2284 4685 2284 4686 2312 4686 2286 4686 2286 4687 2312 4687 2287 4687 2285 4688 2283 4688 2296 4688 2281 4689 2288 4689 2289 4689 2313 4690 2281 4690 2289 4690 2280 4691 2288 4691 2281 4691 2285 4692 2290 4692 2279 4692 2291 4693 2284 4693 2286 4693 2300 4694 2291 4694 2286 4694 2300 4695 2299 4695 2291 4695 2291 4696 2299 4696 2292 4696 2288 4697 2299 4697 2293 4697 2288 4698 2292 4698 2299 4698 2288 4699 2280 4699 2292 4699 2286 4700 2307 4700 2300 4700 2286 4701 2308 4701 2307 4701 2286 4702 2287 4702 2308 4702 2294 4703 2308 4703 2287 4703 2309 4704 2294 4704 2289 4704 2308 4705 2294 4705 2309 4705 2289 4706 2288 4706 2309 4706 2309 4707 2288 4707 2310 4707 2310 4708 2288 4708 2293 4708 2306 4709 2293 4709 2299 4709 2306 4710 2310 4710 2293 4710 2301 4711 2300 4711 2307 4711 2301 4712 2299 4712 2300 4712 2295 4713 2285 4713 2296 4713 2298 4714 2297 4714 2281 4714 2301 4715 2302 4715 2300 4715 2300 4716 2302 4716 2299 4716 2303 4717 2302 4717 2305 4717 2303 4718 2304 4718 2302 4718 2302 4719 2306 4719 2299 4719 2280 4720 2285 4720 2295 4720 2292 4721 2280 4721 2295 4721 2296 4722 2291 4722 2295 4722 2295 4723 2291 4723 2292 4723 2283 4724 2284 4724 2296 4724 2296 4725 2284 4725 2291 4725 2320 4726 2313 4726 2294 4726 2294 4727 2313 4727 2289 4727 2320 4728 2294 4728 2312 4728 2312 4729 2281 4729 2297 4729 2281 4730 2313 4730 2298 4730 2298 4731 2320 4731 2297 4731 2298 4732 2313 4732 2320 4732 2320 4733 2312 4733 2297 4733 2302 4734 2301 4734 2305 4734 2305 4735 2301 4735 2307 4735 2310 4736 2306 4736 2304 4736 2304 4737 2306 4737 2302 4737 2303 4738 2305 4738 2314 4738 2314 4739 2305 4739 2315 4739 2308 4740 2316 4740 2305 4740 2307 4741 2308 4741 2305 4741 2317 4742 2315 4742 2316 4742 2316 4743 2315 4743 2305 4743 2308 4744 2309 4744 2316 4744 2316 4745 2309 4745 2318 4745 2304 4746 2303 4746 2310 4746 2310 4747 2303 4747 2309 4747 2309 4748 2303 4748 2318 4748 2314 4749 2319 4749 2303 4749 2303 4750 2319 4750 2318 4750 2311 4751 2320 4751 2294 4751 2287 4752 2312 4752 2294 4752 2317 4753 2331 4753 2315 4753 2317 4754 2330 4754 2331 4754 2317 4755 2321 4755 2330 4755 2317 4756 2322 4756 2321 4756 2317 4757 2319 4757 2322 4757 2322 4758 2319 4758 2328 4758 2326 4759 2328 4759 2323 4759 2324 4760 2314 4760 2323 4760 2324 4761 2325 4761 2314 4761 2325 4762 2319 4762 2314 4762 2323 4763 2314 4763 2326 4763 2326 4764 2314 4764 2315 4764 2326 4765 2315 4765 2329 4765 2322 4766 2329 4766 2332 4766 2322 4767 2332 4767 2321 4767 2319 4768 2325 4768 2327 4768 2324 4769 2327 4769 2325 4769 2327 4770 2324 4770 2323 4770 2319 4771 2327 4771 2328 4771 2328 4772 2327 4772 2323 4772 2315 4773 2330 4773 2329 4773 2315 4774 2331 4774 2330 4774 2330 4775 2321 4775 2329 4775 2329 4776 2321 4776 2332 4776 2322 4777 2328 4777 2326 4777 2322 4778 2326 4778 2329 4778 2316 4779 2318 4779 2317 4779 2317 4780 2318 4780 2319 4780 2338 4781 2335 4781 2355 4781 2338 4782 2334 4782 2335 4782 2338 4783 2333 4783 2334 4783 2344 4784 2341 4784 2333 4784 2333 4785 2341 4785 2356 4785 2333 4786 2346 4786 2335 4786 2334 4787 2333 4787 2335 4787 2337 4788 2355 4788 2336 4788 2337 4789 2338 4789 2355 4789 2337 4790 2342 4790 2338 4790 2333 4791 2338 4791 2344 4791 2339 4792 2356 4792 2340 4792 2340 4793 2356 4793 2341 4793 2333 4794 2356 4794 2346 4794 2346 4795 2355 4795 2335 4795 2353 4796 2340 4796 2341 4796 2349 4797 2341 4797 2342 4797 2349 4798 2342 4798 2347 4798 2353 4799 2341 4799 2349 4799 2347 4800 2342 4800 2337 4800 2353 4801 2349 4801 2347 4801 2347 4802 2337 4802 2350 4802 2350 4803 2337 4803 2351 4803 2351 4804 2337 4804 2336 4804 2351 4805 2336 4805 2343 4805 2343 4806 2352 4806 2351 4806 2343 4807 2339 4807 2352 4807 2340 4808 2352 4808 2339 4808 2340 4809 2353 4809 2352 4809 2345 4810 2344 4810 2338 4810 2338 4811 2342 4811 2345 4811 2345 4812 2342 4812 2344 4812 2344 4813 2342 4813 2341 4813 2347 4814 2348 4814 2349 4814 2354 4815 2356 4815 2343 4815 2343 4816 2356 4816 2339 4816 2343 4817 2336 4817 2354 4817 2354 4818 2336 4818 2355 4818 2346 4819 2356 4819 2354 4819 2354 4820 2355 4820 2346 4820 2357 4821 2348 4821 2350 4821 2350 4822 2348 4822 2347 4822 2348 4823 2358 4823 2349 4823 2349 4824 2358 4824 2353 4824 2351 4825 2359 4825 2357 4825 2350 4826 2351 4826 2357 4826 2360 4827 2357 4827 2359 4827 2351 4828 2352 4828 2359 4828 2359 4829 2352 4829 2361 4829 2353 4830 2358 4830 2361 4830 2352 4831 2353 4831 2361 4831 2348 4832 2357 4832 2358 4832 2360 4833 2364 4833 2357 4833 2360 4834 2361 4834 2362 4834 2358 4835 2362 4835 2363 4835 2361 4836 2363 4836 2362 4836 2361 4837 2358 4837 2363 4837 2358 4838 2357 4838 2362 4838 2362 4839 2357 4839 2364 4839 2364 4840 2360 4840 2362 4840 2359 4841 2361 4841 2360 4841 2365 4842 2368 4842 2366 4842 2365 4843 2367 4843 2368 4843 2369 4844 2378 4844 2365 4844 2369 4845 2370 4845 2378 4845 2369 4846 2371 4846 2370 4846 2370 4847 2371 4847 2372 4847 2372 4848 2371 4848 2373 4848 2371 4849 2367 4849 2373 4849 2373 4850 2367 4850 2374 4850 2374 4851 2367 4851 2375 4851 2367 4852 2365 4852 2375 4852 2375 4853 2365 4853 2376 4853 2379 4854 2369 4854 2366 4854 2366 4855 2369 4855 2365 4855 2380 4856 2379 4856 2368 4856 2368 4857 2379 4857 2366 4857 2371 4858 2380 4858 2367 4858 2367 4859 2380 4859 2368 4859 2377 4860 2365 4860 2378 4860 2374 4861 2381 4861 2373 4861 2373 4862 2381 4862 2382 4862 2382 4863 2383 4863 2373 4863 2373 4864 2383 4864 2372 4864 2372 4865 2383 4865 2370 4865 2370 4866 2383 4866 2384 4866 2370 4867 2384 4867 2378 4867 2378 4868 2384 4868 2385 4868 2378 4869 2385 4869 2377 4869 2377 4870 2385 4870 2386 4870 2377 4871 2386 4871 2376 4871 2376 4872 2386 4872 2387 4872 2376 4873 2387 4873 2375 4873 2375 4874 2387 4874 2388 4874 2375 4875 2388 4875 2374 4875 2374 4876 2388 4876 2381 4876 2369 4877 2379 4877 2371 4877 2371 4878 2379 4878 2380 4878 2376 4879 2365 4879 2377 4879 2385 4880 2384 4880 2386 4880 2386 4881 2384 4881 2381 4881 2387 4882 2381 4882 2388 4882 2387 4883 2386 4883 2381 4883 2384 4884 2383 4884 2381 4884 2381 4885 2383 4885 2382 4885 2393 4886 2389 4886 2398 4886 2399 4887 2389 4887 2394 4887 2393 4888 2398 4888 2390 4888 2390 4889 2398 4889 2391 4889 2391 4890 2398 4890 2392 4890 2394 4891 2389 4891 2393 4891 2395 4892 2396 4892 2394 4892 2402 4893 2394 4893 2396 4893 2399 4894 2398 4894 2389 4894 2390 4895 2397 4895 2393 4895 2395 4896 2394 4896 2397 4896 2394 4897 2393 4897 2397 4897 2404 4898 2397 4898 2390 4898 2400 4899 2390 4899 2391 4899 2396 4900 2400 4900 2391 4900 2396 4901 2401 4901 2400 4901 2395 4902 2401 4902 2396 4902 2395 4903 2397 4903 2404 4903 2392 4904 2402 4904 2391 4904 2391 4905 2402 4905 2396 4905 2394 4906 2402 4906 2399 4906 2399 4907 2402 4907 2398 4907 2402 4908 2392 4908 2398 4908 2404 4909 2390 4909 2403 4909 2400 4910 2405 4910 2403 4910 2390 4911 2400 4911 2403 4911 2400 4912 2401 4912 2405 4912 2405 4913 2401 4913 2406 4913 2395 4914 2404 4914 2406 4914 2401 4915 2395 4915 2406 4915 2406 4916 2407 4916 2405 4916 2406 4917 2404 4917 2407 4917 2404 4918 2403 4918 2407 4918 2403 4919 2405 4919 2407 4919 2408 4920 2409 4920 2426 4920 2410 4921 2432 4921 2409 4921 2432 4922 2410 4922 2433 4922 2411 4923 2428 4923 2433 4923 2413 4924 2418 4924 2412 4924 2413 4925 2419 4925 2418 4925 2413 4926 2414 4926 2419 4926 2419 4927 2414 4927 2417 4927 2419 4928 2415 4928 2418 4928 2415 4929 2419 4929 2416 4929 2416 4930 2419 4930 2417 4930 2412 4931 2418 4931 2415 4931 2421 4932 2420 4932 2422 4932 2422 4933 2420 4933 2414 4933 2414 4934 2420 4934 2417 4934 2420 4935 2416 4935 2417 4935 2408 4936 2422 4936 2414 4936 2413 4937 2410 4937 2414 4937 2413 4938 2411 4938 2410 4938 2413 4939 2430 4939 2411 4939 2410 4940 2411 4940 2433 4940 2410 4941 2409 4941 2408 4941 2410 4942 2408 4942 2414 4942 2424 4943 2423 4943 2430 4943 2424 4944 2430 4944 2413 4944 2412 4945 2415 4945 2424 4945 2413 4946 2412 4946 2424 4946 2424 4947 2415 4947 2420 4947 2415 4948 2416 4948 2420 4948 2425 4949 2422 4949 2426 4949 2426 4950 2422 4950 2408 4950 2427 4951 2428 4951 2430 4951 2430 4952 2428 4952 2411 4952 2421 4953 2429 4953 2423 4953 2421 4954 2422 4954 2429 4954 2423 4955 2429 4955 2430 4955 2421 4956 2423 4956 2420 4956 2420 4957 2423 4957 2424 4957 2427 4958 2430 4958 2429 4958 2427 4959 2429 4959 2425 4959 2425 4960 2429 4960 2422 4960 2428 4961 2427 4961 2433 4961 2433 4962 2427 4962 2431 4962 2431 4963 2427 4963 2425 4963 2431 4964 2425 4964 2432 4964 2409 4965 2432 4965 2426 4965 2432 4966 2425 4966 2426 4966 2432 4967 2433 4967 2431 4967</p>
                </triangles>
            </mesh>
        </geometry>
    </library_geometries>
    <library_visual_scenes>
        <visual_scene id="VisualSceneNode" name="VisualScene">
            <node id="node" name="node">
                <instance_geometry url="#shape0-lib">
                    <bind_material>
                        <technique_common/>
                    </bind_material>
                </instance_geometry>
            </node>
        </visual_scene>
    </library_visual_scenes>
    <scene>
        <instance_visual_scene url="#VisualSceneNode"/>
    </scene>
</COLLADA>
