<?xml version="1.0" encoding="UTF-8"?>
<COLLADA xmlns="http://www.collada.org/2005/11/COLLADASchema" version="1.4.1">
    <asset>
        <contributor>
            <author>VCGLab</author>
            <authoring_tool>VCGLib | MeshLab</authoring_tool>
        </contributor>
        <up_axis>Y_UP</up_axis>
        <created>Mo. Sep 10 15:31:08 2018</created>
        <modified>Mo. Sep 10 15:31:08 2018</modified>
    </asset>
    <library_images/>
    <library_materials/>
    <library_effects/>
    <library_geometries>
        <geometry id="shape0-lib" name="shape0">
            <mesh>
                <source id="shape0-lib-positions" name="position">
                    <float_array id="shape0-lib-positions-array" count="14742">-0.0304842 -0.0049997 0.00665176 -0.0323842 -0.00499999 0.00729311 -0.0304842 -0.00597572 0.0083763 -0.0323842 -0.006181 0.00850922 -0.0323842 -0.00699967 0.00865179 -0.0304842 -0.00699967 0.00865179 -0.0323842 -0.00581032 -0.00827437 -0.0323842 -0.00699967 -0.00854814 -0.0323842 -0.00599968 -0.00754803 -0.0323842 -0.0151997 -0.00754803 -0.0323842 -0.00599968 0.00765175 -0.0323842 -0.0049997 -0.0065481 -0.0323842 -0.0151997 0.00765175 -0.0304842 -0.00699967 -0.00854814 -0.0304842 -0.00564718 -0.00806171 -0.0304842 -0.0049997 -0.0065481 0.0305157 -0.0049997 -0.00654811 0.0324156 -0.005 -0.00718939 0.0305157 -0.00597572 -0.00827265 0.0324156 -0.006181 -0.00840557 0.0324156 -0.00699967 -0.00854814 0.0305157 -0.00699967 -0.00854814 0.0324156 -0.00699967 0.00865179 0.0324156 -0.00599968 0.00765174 0.0324156 -0.0151997 -0.00754803 0.0324156 -0.0151997 0.00765174 0.0324156 -0.00599968 -0.00754803 0.0324156 -0.0049997 0.00665176 0.0324156 -0.00551242 0.00821721 0.0305157 -0.00699967 0.00865179 0.0305157 -0.00564718 0.00816542 0.0305157 -0.0049997 0.00665176 -0.0304842 -0.0151997 0.0250518 -0.0304842 -0.0151997 0.00865179 -0.0318842 -0.0151997 0.0250518 -0.031957 -0.0151998 0.00865179 -0.0304842 -0.014986 0.0276987 -0.0321916 -0.0152594 0.0254311 -0.0304842 -0.0143505 0.0302769 -0.0322858 -0.0147878 0.0287474 -0.0320809 -0.0137093 0.0319028 -0.0304848 -0.0125766 0.0340365 -0.0304842 -0.0101296 0.0369517 -0.0304843 -0.00699126 0.0393433 -0.0304843 -0.00217622 0.0412342 -0.0304842 0.00196481 0.0415384 -0.0321779 -0.000656373 0.0414669 -0.0304853 0.00460947 0.0411966 -0.0304842 0.00715137 0.0404796 -0.0321159 0.00706226 0.0405612 -0.0321495 0.00968295 0.0392781 -0.0304842 0.00955045 0.0393411 -0.0304842 0.0117357 0.0378326 -0.0304842 0.0136508 0.0359931 -0.0304842 0.015246 0.0338702 -0.0304842 0.0164799 0.031519 -0.0321696 0.0153225 0.0338424 -0.0321374 0.0166005 0.0312374 -0.0304842 0.0173209 0.0290003 -0.0304842 0.0177468 0.0250515 -0.0321678 0.0174524 0.0215013 -0.0304842 0.0169003 0.0198433 -0.0304842 0.0152456 0.0162328 -0.0304842 0.0136504 0.0141099 -0.0304848 0.010656 0.0114245 -0.0304843 0.00707537 0.00959069 -0.0322085 0.00337929 0.00853127 -0.0304842 0.00361633 0.00859487 -0.0304842 0.00269634 0.00814116 -0.0304842 0.000863451 0.00637752 -0.0304842 1.82359e-05 0.00452459 -0.0304842 -0.000199721 0.00300634 -0.0304842 -0.000199721 -0.00290262 -0.0321329 -0.000197598 -0.00342089 -0.0304842 -0.000112013 -0.00392479 -0.0304842 0.000148485 -0.0049169 -0.0304842 0.000574205 -0.00585031 -0.0324753 0.00164843 -0.00727772 -0.0304842 0.00150985 -0.00706553 -0.0304843 0.00822306 -0.00988501 -0.0321289 0.00720125 -0.00948775 -0.0304842 0.0117353 -0.0121668 -0.0321793 0.0114868 -0.0118707 -0.0304842 0.0145183 -0.0149901 -0.0304842 0.0169003 -0.0197397 -0.0304842 0.0177468 -0.0236201 -0.0304842 0.0177468 -0.0262756 -0.0304842 0.0173209 -0.0288966 -0.0304842 0.0164799 -0.0314154 -0.0304851 0.0146851 -0.0346627 -0.0304847 0.0107868 -0.0384921 -0.0304847 0.00705647 -0.0404286 -0.0304842 0.00332367 -0.041374 -0.0324478 -0.00576675 -0.0403652 -0.0304842 -0.00199842 -0.0411646 -0.0304843 -0.00692975 -0.0392736 -0.0320717 -0.00539893 -0.0400655 -0.0304856 -0.0101915 -0.036774 -0.0304844 -0.0126189 -0.0339007 -0.0304842 -0.0143505 -0.0301732 -0.0304842 -0.014986 -0.027595 -0.0304842 -0.0151997 -0.0249481 -0.0304842 -0.0151997 -0.00854814 -0.0319983 -0.0151998 -0.00854814 -0.0320862 -0.0152074 -0.0257706 -0.0322868 -0.0153947 -0.00855177 -0.0323934 -0.0158718 -0.00854122 -0.0318842 -0.0161996 -0.0249481 -0.0318842 -0.0161996 -0.00854814 -0.0318842 0.00845855 -0.00897914 -0.0318842 0.0101687 -0.0098617 -0.0318842 0.0132478 -0.0121612 -0.0318842 0.0145796 -0.0135505 -0.0318842 0.0167473 -0.016724 -0.0318842 0.0187791 -0.0240886 -0.0318842 0.0187678 -0.0260131 -0.0318842 0.0181141 -0.0298001 -0.0318842 0.0144448 -0.036501 -0.0318842 0.0130968 -0.0378745 -0.0318842 0.00999081 -0.0401377 -0.0318842 0.00827038 -0.0410001 -0.0318842 0.0045985 -0.0421345 -0.0318842 0.00269139 -0.0423928 -0.0318842 0.000767597 -0.0424399 -0.0318842 -0.00303763 -0.0419019 -0.0318842 -0.00487292 -0.041323 -0.0318842 -0.00829845 -0.0395808 -0.0318842 -0.0136177 -0.0340971 -0.0318842 -0.0145321 -0.0324036 -0.0322455 -0.0160938 -0.0268702 -0.0321467 0.0166109 -0.0311307 -0.0324264 -0.0118143 -0.0363115 -0.0320207 0.0177264 -0.0232689 -0.0324186 -0.0150222 -0.0304896 -0.0318842 -0.0157776 -0.028768 -0.0318842 -0.015255 -0.0306201 -0.0321477 -0.0132694 -0.032788 -0.0318842 -0.0125229 -0.0356797 -0.0318842 -0.0112609 -0.0371327 -0.0318842 -0.0098471 -0.0384383 -0.0318842 -0.00663364 -0.0405462 -0.0318842 -0.00114983 -0.0422757 -0.0323681 -0.000121357 -0.0423249 -0.0318842 0.00646567 -0.0416683 -0.0323249 0.0060913 -0.0416607 -0.0319522 0.00213415 -0.0414808 -0.0324116 0.0120688 -0.0385513 -0.0318842 0.0116061 -0.0390916 -0.0318842 0.015634 -0.0349878 -0.0322229 0.0135946 -0.0359775 -0.0318842 0.0166497 -0.0333532 -0.0318842 0.0174797 -0.0316171 -0.0318842 0.0185452 -0.0279245 -0.0323008 0.0183394 -0.0288598 -0.0318842 0.0185791 -0.0221745 -0.0323428 0.0185332 -0.0225552 -0.0318842 0.01817 -0.0202941 -0.0318842 0.017557 -0.0184699 -0.0323239 0.0166638 -0.0167681 -0.0318842 0.0157509 -0.0150776 -0.0321256 0.0157376 -0.01677 -0.0318842 0.0117716 -0.0109267 -0.0318842 0.00666183 -0.00828969 -0.0323216 0.0117549 -0.0108427 -0.0318842 0.00480026 -0.00780171 -0.0318842 0.00321364 -0.0071817 -0.0318842 0.00252253 -0.00667852 -0.0318842 0.0019272 -0.00606501 -0.0318842 0.00126791 -0.00497043 -0.0318842 0.00144518 -0.00535905 -0.032042 0.000997681 -0.00423771 -0.0145748 0.000979792 -0.00422507 -0.0318842 0.000800279 -0.00290262 -0.0323956 0.000433246 -0.00561887 -0.0304847 0.00352734 -0.00849306 -0.0323546 -3.83993e-06 0.00459188 -0.0318842 0.000800279 0.00300634 -0.0318842 0.000985551 0.0042854 -0.0319184 0.000869951 0.00384289 -0.0318842 0.00126791 0.0050742 -0.032141 0.0010894 0.00468308 -0.0318842 0.00144518 0.00546271 -0.0318842 0.0019272 0.00616866 -0.0318842 0.00321364 0.00728536 -0.0318842 0.00252253 0.00678217 0.0319157 0.00398034 0.00766337 -0.0318842 0.00480026 0.00790536 -0.0322682 0.00119382 0.0069328 -0.0318842 -0.0157776 0.0288716 -0.0318842 -0.015255 0.0307238 -0.0318842 -0.0136177 0.0342007 -0.0318842 -0.0125229 0.0357834 -0.0318842 -0.0098471 0.038542 -0.0318842 -0.00303763 0.0420056 -0.0318842 -0.00114983 0.0423794 -0.0318842 0.00269139 0.0424965 -0.0318842 0.00999081 0.0402414 -0.0318842 0.0116061 0.0391953 -0.0318842 0.015634 0.0350915 -0.0318842 0.0174796 0.0317206 -0.0318842 0.0181141 0.0299038 -0.0318842 0.0185452 0.0280282 -0.0318842 0.0187791 0.0241923 -0.0318842 0.0185791 0.0222782 -0.0318842 0.017557 0.0185735 -0.0318842 0.0132478 0.0122649 -0.0318842 0.0117715 0.0110303 -0.0318842 0.00845855 0.00908285 -0.0318842 0.00666183 0.00839341 -0.0323545 0.0163264 0.0163608 -0.0324998 0.00746655 0.00964463 -0.0318842 0.0101687 0.00996542 -0.0321389 0.0136246 0.0140376 -0.0324318 0.0124685 0.0117775 -0.0318842 0.0145796 0.0136542 -0.0318842 0.0157509 0.0151813 -0.0318842 0.0167473 0.0168277 -0.0321 0.0160076 0.0176303 -0.0318842 0.01817 0.0203978 -0.0323459 0.0182118 0.0212108 -0.0318842 0.0187678 0.0261166 -0.0324467 0.0184899 0.0272904 -0.032338 0.0156968 0.0350779 -0.0318842 0.0166497 0.033457 -0.0321681 0.013165 0.0365482 -0.0318842 0.0144448 0.0366048 -0.0318842 0.0130967 0.0379782 -0.0318842 0.00827038 0.0411038 -0.0323655 0.00855106 0.0408562 -0.0318842 0.00646567 0.041772 -0.0318842 0.0045985 0.0422381 -0.0323643 0.000724815 0.0425474 -0.0318842 0.000767593 0.0425436 -0.0318842 -0.00487292 0.0414267 -0.0320991 -0.0048539 0.0403328 -0.0318842 -0.00663364 0.0406499 -0.0318842 -0.00829845 0.0396845 -0.032161 -0.00950622 0.0376358 -0.0318842 -0.0112609 0.0372364 -0.0323481 -0.00874114 0.039354 -0.0324134 -0.0134315 0.0341642 -0.0318842 -0.0145321 0.0325073 -0.0318842 -0.0160938 0.0269733 -0.0323307 -0.0154139 0.00865191 -0.032341 -0.0159421 0.0267356 -0.0318842 -0.0161996 0.0250518 -0.0318842 -0.0161996 0.00865179 -0.0322776 -0.0160057 0.0084579 0.0319157 -0.0161996 -0.0249481 0.0319157 -0.0161996 -0.00854814 0.0319157 0.00666183 -0.00828969 0.0319157 0.00845855 -0.00897914 0.0319157 0.0101688 -0.00986171 0.0319157 0.0117716 -0.0109267 0.0319157 0.0132478 -0.0121612 0.0319157 0.0145796 -0.0135505 0.0319157 0.0157509 -0.0150776 0.0319157 0.0167473 -0.016724 0.0319157 0.017557 -0.0184699 0.0319157 0.01817 -0.0202941 0.0319157 0.0185791 -0.0221745 0.0319157 0.0187791 -0.0240886 0.0319157 0.0187678 -0.0260131 0.0319157 0.0185452 -0.0279245 0.0319157 0.0181141 -0.0298001 0.0319157 0.0174797 -0.0316171 0.0319157 0.0166497 -0.0333532 0.0319157 0.015634 -0.0349878 0.0319157 0.0144448 -0.036501 0.0319157 0.0130968 -0.0378745 0.0319157 0.0116061 -0.0390916 0.0319157 0.00999081 -0.0401377 0.0319157 0.00827038 -0.0410001 0.0319157 0.00646567 -0.0416683 0.0319157 0.0045985 -0.0421345 0.0319157 0.00269139 -0.0423928 0.0319157 0.000767597 -0.0424399 0.0319157 -0.00114983 -0.0422757 0.0319157 -0.00303763 -0.0419019 0.0319157 -0.00487292 -0.041323 0.0319157 -0.00663364 -0.0405462 0.0319157 -0.00829846 -0.0395808 0.0319157 -0.0098471 -0.0384383 0.0319157 -0.0112609 -0.0371327 0.0319157 -0.0125229 -0.0356797 0.0319157 -0.0136177 -0.0340971 0.0319157 -0.014532 -0.0324036 0.0319157 -0.015255 -0.0306201 0.0319157 -0.0157776 -0.028768 0.0319157 -0.0160939 -0.0268696 0.0319157 0.000985552 -0.00418174 -0.0136594 0.00112122 -0.00467926 -0.0120826 0.00123817 -0.00494903 0.0103381 0.00112092 -0.00467837 -0.0113189 0.00121695 -0.00490367 0.00937789 0.000971621 -0.00419253 -0.0103196 0.00112253 -0.00468296 0.0319157 0.00109041 -0.00458127 0.0319157 0.00126791 -0.00497043 0.0126809 0.00121695 -0.00490367 0.0136796 0.00112271 -0.0046832 0.015491 0.00084544 -0.00356913 0.00847977 0.000831535 -0.00352478 -0.0088532 0.000889938 -0.00384682 -0.0079447 0.000800635 -0.00293392 -0.0155916 0.000831504 -0.00345421 0.0119172 0.00123817 -0.00494903 0.0319157 0.00144517 -0.00535905 0.0319157 0.00192719 -0.00606501 0.0319157 0.00252253 -0.00667852 0.0319157 0.00321364 -0.0071817 -0.0318842 0.00398034 -0.00755977 0.0319157 0.00480026 -0.00780171 -0.0169437 0.00080028 0.000686936 -0.0169146 0.00080028 -0.0011248 -0.016455 0.000794636 0.00235635 -0.0154946 0.000838686 0.00362515 0.0319157 0.00126791 0.0050742 0.012682 0.00121689 0.00500721 0.0120157 0.00123775 0.00505179 -0.0103077 0.00111693 0.00476444 -0.00936383 0.000974153 0.00430781 0.0113509 0.00121736 0.00500739 0.0101136 0.00108319 0.00468701 -0.0119842 0.00123775 0.00505179 -0.0126498 0.00121695 0.00500733 -0.0138602 0.0010919 0.00469834 0.00857913 0.000843476 0.00369501 -0.00885171 0.000890243 0.00394887 0.0075084 0.000797122 0.00227785 -0.00777477 0.000797363 0.0028044 0.0320395 0.00096305 0.00419235 0.0136877 0.00111753 0.00476611 0.0319157 0.000800279 0.00300634 0.0156579 0.000823056 0.00347739 0.0147958 0.000943497 0.00422942 0.0319157 0.00480026 0.00790536 0.0319157 0.00321364 0.00728535 0.0319157 0.00252253 0.00678217 0.0319157 0.00192719 0.00616866 0.0319157 0.00144517 0.0054627 -0.0113179 0.00121689 0.00500721 0.0319157 -0.0161996 0.0250518 0.0319157 -0.0160939 0.0269733 0.0319157 -0.015255 0.0307238 0.0319157 -0.0145321 0.0325073 0.0319157 -0.0136177 0.0342007 0.0319157 -0.0125229 0.0357834 0.0319157 -0.0112609 0.0372364 0.0319157 -0.0098471 0.038542 0.0319157 -0.00829846 0.0396845 0.0319157 -0.00663364 0.0406499 0.0319157 -0.00487292 0.0414267 0.0319157 -0.00303763 0.0420056 0.0319157 -0.00114983 0.0423794 0.0319157 0.000767594 0.0425436 0.0319157 0.00269139 0.0424965 0.0319157 0.0045985 0.0422381 0.0319157 0.00646567 0.041772 0.0319157 0.00827038 0.0411038 0.0319157 0.00999081 0.0402414 0.0319157 0.0116061 0.0391953 0.0319157 0.0130968 0.0379782 0.0319157 0.0144448 0.0366048 0.0319157 0.015634 0.0350915 0.0319157 0.0166497 0.033457 0.0319157 0.0174797 0.0317206 0.0319157 0.0181141 0.0299038 0.0319157 0.0185452 0.0280282 0.0319157 0.0187678 0.0261166 0.0319157 0.0187791 0.0241923 0.0319157 0.0185791 0.0222782 0.0319157 0.01817 0.0203978 0.0319157 0.017557 0.0185735 0.0319157 0.0167473 0.0168277 0.0319157 0.0157509 0.0151813 0.0319157 0.0145796 0.0136542 0.0319157 0.0132478 0.0122649 0.0319157 0.0117716 0.0110303 0.0319157 0.0101688 0.00996542 0.0319157 0.00845855 0.00908285 0.0319157 0.00666183 0.0083934 0.0323264 -0.0159558 0.00840789 0.0319157 -0.0161996 0.00865179 0.016293 0.0007957 0.00266981 0.0166446 0.000798585 -0.00195372 0.017033 0.000800279 0.000585378 0.0323088 -0.0160058 -0.00835419 0.0320625 -0.0151998 0.00865179 0.032375 -0.0154789 0.00865179 0.0324355 -0.0156878 0.0274028 0.0322484 -0.0160613 0.0250518 0.0321139 -0.00864649 0.0381965 0.0320756 -0.000482692 0.0415018 0.0325365 0.00716674 0.040965 0.0321629 0.0117058 0.0379223 0.0321889 0.016323 0.0181443 0.0321843 0.0165207 0.0314734 0.0319157 -0.0157776 0.0288716 0.032381 -0.0135167 0.034125 0.0323208 0.00266486 0.00733816 0.0324897 0.00904959 0.00975775 0.0322797 0.0141614 0.0131655 0.0322117 0.0135325 0.0139023 0.0324608 0.0177688 0.0196191 0.032219 0.0178437 0.0259731 0.0324154 0.0186187 0.0259161 0.0322067 0.0139621 0.0356644 0.0321983 0.00711626 0.040552 0.0323636 0.0131318 0.0380011 0.0324244 -0.000931137 0.0420245 0.0323413 -0.00627291 0.040755 0.032441 -0.0101388 0.0379875 0.0321789 -0.0132694 0.0328917 0.0321546 -0.0152201 0.0257654 0.0322867 0.000466024 0.00586521 0.0322407 0.00287831 0.00836456 0.0319157 0.000800279 -0.00290263 0.0322663 -0.000196302 0.00351995 0.0326887 0.00393742 -0.00855392 0.0323559 0.000640014 -0.00481212 0.032251 0.00193065 -0.00755751 0.032371 5.66013e-05 -0.00486821 0.0321454 0.0177825 -0.0234467 0.0322814 -0.0148726 -0.0283074 0.0323636 0.0177278 -0.0188724 0.0324204 0.00461691 -0.0419727 0.0323923 0.00941348 -0.0402714 0.0323955 -0.015533 -0.00854856 0.032253 -0.015333 -0.0249481 0.0319157 -0.0151997 -0.0249481 0.0323901 -0.0158739 -0.0274731 0.0322353 -0.0122915 -0.0343583 0.0323605 -0.0142295 -0.0328582 0.0323523 -0.00903303 -0.0390364 0.0321923 -0.00950629 -0.0375321 0.0324725 -0.00141353 -0.0419866 0.0320782 0.0017547 -0.0414799 0.0322066 0.00916618 -0.0394766 0.0323385 0.0144158 -0.0364134 0.0320701 0.0117758 -0.0377551 0.0321837 0.0137574 -0.0357736 0.0323836 0.0173803 -0.028923 0.0324397 0.0185592 -0.0270383 0.032083 0.0160038 -0.0173534 0.0324411 0.0124852 -0.011663 0.0320795 0.00977897 -0.010783 0.0323584 0.00733274 -0.00951815 0.0320854 -0.0152002 -0.00854814 0.0305157 -0.0151997 -0.0249481 0.0305157 -0.0151997 -0.00854814 0.0305157 -0.014986 -0.027595 0.0305157 -0.0143505 -0.0301732 0.0305157 -0.0133096 -0.032616 0.0305155 -0.0111002 -0.0359075 0.0305157 -0.00699127 -0.0392397 0.0305165 -0.00319088 -0.0408214 0.0305157 0.000478733 -0.0414793 0.0305175 0.0045768 -0.0410947 0.0305157 0.00715136 -0.0403758 0.0305157 0.00955045 -0.0392374 0.0305157 0.0117357 -0.037729 0.0305157 0.0136508 -0.0358894 0.030516 0.0158307 -0.0328719 0.0305157 0.0173209 -0.0288966 0.0305157 0.0177468 -0.0262756 0.0305157 0.0177468 -0.0236201 0.0305157 0.0169003 -0.0197397 0.0305157 0.0152456 -0.0161292 0.0305158 0.0127961 -0.0130598 0.0305157 0.00954985 -0.0106585 0.0305157 0.00715077 -0.00952023 0.0305157 0.00328827 -0.00840145 0.0305157 0.00186699 -0.00743359 0.0305157 0.000863452 -0.00627381 0.0305157 1.82364e-05 -0.00442088 0.0305157 -0.00019972 -0.00290263 0.0305157 -0.00019972 0.00300634 0.0305157 -0.000112013 0.0040285 0.0305157 0.000148485 0.00502068 0.0305157 0.000574205 0.00595396 0.0305157 0.00115269 0.00680113 0.0305157 0.00297403 0.00826072 0.0305157 0.00838685 0.0100643 0.0305157 0.0117353 0.0122705 0.0305155 0.0145183 0.0150937 0.0305157 0.0169003 0.0198433 0.0305157 0.0177468 0.0237238 0.0305157 0.0177468 0.0263791 0.0305157 0.0173209 0.0290003 0.0305157 0.0164799 0.031519 0.0305157 0.0152461 0.0338702 0.0305157 0.0136508 0.0359931 0.0305157 0.0117357 0.0378326 0.0305157 0.00955045 0.0393411 0.0305157 0.00715136 0.0404796 0.0305155 0.00332367 0.0414777 0.0305155 -0.00199831 0.0412683 0.0305159 -0.00555134 0.0400696 0.0305157 -0.00807273 0.0386311 0.0305157 -0.0101296 0.0369517 0.0305161 -0.0118575 0.0349806 0.0305157 -0.0133096 0.0327198 0.0305157 -0.0143505 0.0302769 0.0305157 -0.014986 0.0276987 0.0305157 -0.0151997 0.0250518 0.0305157 -0.0151997 0.00865179 -0.0299843 -0.000406631 0.0150971 -0.0299843 -0.00206435 0.0155287 -0.0299843 -0.00362533 0.0162343 -0.0299843 -0.00504464 0.0171937 -0.0304842 -0.00535881 0.0168047 -0.0299843 -0.00628149 0.018379 -0.0304842 -0.00665682 0.0180487 -0.0299843 -0.00730014 0.0197562 -0.0304842 -0.00879854 0.0219591 -0.0299843 -0.00807142 0.0212859 -0.0299843 -0.00857299 0.022924 -0.0299843 -0.00879061 0.0246231 -0.0299843 -0.00871789 0.0263347 -0.0304842 -0.00925201 0.0255 -0.0299843 -0.00835699 0.0280093 -0.0299843 -0.00771826 0.0295989 -0.0304842 -0.00849986 0.0289898 -0.0299843 -0.00682008 0.0310576 -0.0299843 -0.00568831 0.0323435 -0.0304842 -0.00662809 0.0320297 -0.0299843 -0.00435549 0.0334197 -0.0299843 -0.00285989 0.0342552 -0.0304842 -0.00385058 0.0342725 -0.0299843 -0.00124466 0.034826 -0.0299843 0.000443741 0.0351155 -0.0304842 -0.00137067 0.0353098 -0.0299843 0.00130028 0.0351518 -0.0299843 0.0021568 0.0351155 -0.0299843 0.00384516 0.034826 -0.0304842 0.0030852 0.0354617 -0.0299843 0.00546044 0.0342552 -0.0299843 0.00695598 0.0334197 -0.0304842 0.00645119 0.0342725 -0.0299843 0.00828886 0.0323435 -0.0299843 0.00942063 0.0310576 -0.0304842 0.00922871 0.0320297 -0.0299843 0.0103187 0.0295989 -0.0299843 0.0109574 0.0280093 -0.0304842 0.0111005 0.0289898 -0.0299843 0.0113185 0.0263347 -0.0299843 0.0113912 0.0246231 -0.0304842 0.0118526 0.0255 -0.0299843 0.0111735 0.022924 -0.0299843 0.0106719 0.0212859 -0.0304842 0.0113991 0.0219591 -0.0299843 0.00990069 0.0197562 -0.0304842 0.0086084 0.0174266 -0.0299843 0.00888204 0.018379 -0.0299843 0.00764525 0.0171937 -0.0299843 0.00622594 0.0162343 -0.0304842 0.00396156 0.0148307 -0.0299843 0.00466496 0.0155287 -0.0299843 0.00300717 0.0150971 -0.0299843 0.00130028 0.0149517 -0.0304842 -0.00165337 0.0146794 -0.0304842 0.00645119 -0.0157275 -0.0304842 0.0030852 -0.0145382 -0.0304842 -0.00137067 -0.0146902 -0.0304842 -0.00385058 -0.0157275 -0.0304842 -0.00662809 -0.0179702 -0.0304842 -0.00849986 -0.0210101 -0.0304842 -0.0071913 -0.0312286 -0.0304842 -0.00879854 -0.0280409 -0.0304842 -0.00925195 -0.0244999 -0.0304842 0.00922871 -0.0179702 -0.0304842 0.0111005 -0.0210101 -0.0304842 0.0118526 -0.0244999 -0.0304842 0.0113991 -0.0280409 -0.0304842 0.0086084 -0.0325733 -0.0304842 0.00396156 -0.0351692 -0.0304842 0.000404575 -0.0354718 -0.0304842 -0.00305003 -0.0345724 0.0300156 0.00130027 0.0149517 0.0300156 -0.00040663 0.0150971 0.0300156 -0.00206435 0.0155287 0.0300156 -0.00362533 0.0162343 0.0300156 -0.00504464 0.0171937 0.0300156 -0.0062815 0.018379 0.0300156 -0.00730014 0.0197562 0.0300156 -0.00807142 0.0212859 0.0300156 -0.00857299 0.022924 0.0300156 -0.00879061 0.0246231 0.0300156 -0.00871789 0.0263347 0.0300156 -0.00835699 0.0280093 0.0300156 -0.00771827 0.0295989 0.0300156 -0.00682008 0.0310576 0.0300156 -0.00568831 0.0323435 0.0300156 -0.00435543 0.0334197 0.0300156 -0.00285989 0.0342552 0.0300156 -0.00124467 0.034826 0.0300156 0.000443742 0.0351155 0.0300156 0.00130027 0.0351518 0.0300156 0.00215679 0.0351155 0.0300156 0.00384515 0.034826 0.0300156 0.00546044 0.0342552 0.0300156 0.00695598 0.0334197 0.0300156 0.00828886 0.0323435 0.0300156 0.00942063 0.0310576 0.0300156 0.0103187 0.0295989 0.0300156 0.0109574 0.0280093 0.0300156 0.0113185 0.0263347 0.0300156 0.0113912 0.0246231 0.0300156 0.0111735 0.022924 0.0300156 0.010672 0.0212859 0.0300156 0.00990069 0.0197562 0.0300156 0.00888204 0.018379 0.0300156 0.00764525 0.0171937 0.0300156 0.00622594 0.0162343 0.0300156 0.00466496 0.0155287 0.0300156 0.00300717 0.0150971 -0.0299843 -0.000406628 -0.0349029 -0.0299843 -0.00206435 -0.0344711 -0.0299843 -0.00362533 -0.0337655 -0.0299843 -0.00504464 -0.0328062 -0.0299843 -0.00628149 -0.0316209 -0.0299843 -0.00730014 -0.0302437 -0.0299843 -0.00807142 -0.028714 -0.0299843 -0.00857299 -0.027076 -0.0299843 -0.00879061 -0.0253767 -0.0299843 -0.00871789 -0.0236652 -0.0299843 -0.00835699 -0.0219906 -0.0299843 -0.00771826 -0.0204011 -0.0299843 -0.00682008 -0.0189423 -0.0299843 -0.00568831 -0.0176564 -0.0299843 -0.00435543 -0.0165802 -0.0299843 -0.00285989 -0.0157448 -0.0299843 -0.00124466 -0.0151741 -0.0299843 0.000443743 -0.0148845 -0.0299843 0.00130028 -0.0148482 -0.0299843 0.0021568 -0.0148845 -0.0299843 0.00384516 -0.0151741 -0.0299843 0.00546044 -0.0157448 -0.0299843 0.00695598 -0.0165802 -0.0299843 0.00828886 -0.0176564 -0.0299843 0.00942063 -0.0189423 -0.0299843 0.0103187 -0.0204011 -0.0299843 0.0109574 -0.0219906 -0.0299843 0.0113185 -0.0236652 -0.0299843 0.0113912 -0.0253767 -0.0299843 0.0111735 -0.027076 -0.0299843 0.010672 -0.028714 -0.0299843 0.00990069 -0.0302437 -0.0299843 0.00888204 -0.0316209 -0.0299843 0.00764525 -0.0328062 -0.0299843 0.00622594 -0.0337655 -0.0299843 0.00466496 -0.0344711 -0.0299843 0.00300717 -0.0349029 -0.0299843 0.00130028 -0.0350481 0.0300156 0.00130027 -0.0350481 0.0300156 -0.000406628 -0.0349029 0.0300156 -0.00206435 -0.0344711 0.0300156 -0.00362533 -0.0337655 0.0300156 -0.00504464 -0.0328062 0.0300156 -0.0062815 -0.0316209 0.0300156 -0.00730014 -0.0302437 0.0300156 -0.00807136 -0.028714 0.0300156 -0.00857299 -0.027076 0.0300156 -0.00879061 -0.0253767 0.0300156 -0.00871789 -0.0236652 0.0300156 -0.00835699 -0.0219906 0.0300156 -0.00771827 -0.0204011 0.0300156 -0.00682008 -0.0189424 0.0300156 -0.00568831 -0.0176564 0.0300156 -0.00435543 -0.0165802 0.0300156 -0.00285989 -0.0157448 0.0300156 -0.00124467 -0.0151741 0.0300156 0.000443744 -0.0148845 0.0300156 0.00130027 -0.0148482 0.0300156 0.00215679 -0.0148845 0.0300156 0.00384515 -0.0151741 0.0300156 0.00546044 -0.0157448 0.0300156 0.00695598 -0.0165802 0.0300156 0.00828886 -0.0176564 0.0300156 0.00942063 -0.0189424 0.0300156 0.0103187 -0.0204011 0.0300156 0.0109574 -0.0219906 0.0300156 0.0113185 -0.0236652 0.0300156 0.0113912 -0.0253767 0.0300156 0.0111735 -0.027076 0.0300156 0.010672 -0.028714 0.0300156 0.00990075 -0.0302437 0.0300156 0.00888204 -0.0316209 0.0300156 0.00764525 -0.0328062 0.0300156 0.00622594 -0.0337655 0.0300156 0.00466496 -0.0344711 0.0300156 0.00300717 -0.0349029 0.0305157 0.00721454 -0.0336986 0.0305157 0.0107312 -0.0297031 0.0305157 0.0117765 -0.0262897 0.0305157 0.011625 -0.0227229 0.0305157 0.010294 -0.0194105 0.0305157 0.0079354 -0.0167307 0.0305157 0.00397122 -0.0146902 0.0305157 -0.000484677 -0.0145382 0.0305157 -0.00385058 -0.0157275 0.0305157 -0.0066281 -0.0179702 0.0305157 -0.00902444 -0.0227229 0.0305157 -0.00917596 -0.0262897 0.0305157 -0.0071913 -0.0312286 0.0305157 -0.00305003 -0.0345724 0.0305157 0.00219595 -0.0354718 0.0305157 0.00979191 0.0187713 0.0305157 0.00721454 0.0163013 0.0305157 -0.0071913 0.0187713 0.0305157 0.0117765 0.0237102 0.0305157 0.011625 0.027277 0.0305157 0.010294 0.0305895 0.0305157 0.00396156 0.0148307 0.0305157 0.000404573 0.014528 0.0305157 -0.00342244 0.0156792 0.0305157 0.0079354 0.0332692 0.0305157 0.00397122 0.0353098 0.0305157 -0.00917596 0.0237102 0.0305157 -0.00902444 0.027277 0.0305157 -0.00769335 0.0305895 0.0305157 -0.00533486 0.0332692 0.0305157 -0.00221825 0.0350102 0.0305157 0.000401322 0.0356136 -0.0126146 -0.00309962 0.00281066 -0.0124711 -0.0030995 0.00507879 -0.0147913 -0.00309974 0.00424135 -0.0165211 -0.0030998 0.00227195 -0.014737 -0.00309962 0.000977244 -0.0169986 -0.00309962 0.000189079 -0.0165085 -0.00309974 -0.00224858 -0.0141143 -0.00309962 -0.00457328 -0.0138692 -0.00309962 -0.00215733 -0.0119842 -0.00309962 -0.00494814 -0.0111114 -0.00309962 -0.00263709 -0.0102554 -0.0030995 -0.00469375 -0.00812793 -0.0030995 -0.00321299 -0.00965309 -0.00309962 -0.00145364 -0.00917095 -0.00309962 0.000580331 -0.00692433 -0.00309962 -0.000471634 -0.00750446 -0.0030998 0.00236118 -0.0105609 -0.00309962 0.00246054 -0.00955796 -0.0030998 0.00452435 -0.00707585 0.000800279 -0.00111651 -0.00706524 0.000800279 0.00103438 -0.0123944 -0.00599968 -0.0026927 -0.0115195 -0.00599968 -0.00265849 -0.0103617 -0.00599968 -0.00222731 -0.00928998 -0.00599968 -0.000702112 -0.00930571 -0.00599968 0.000629125 -0.009651 -0.00599968 0.00148845 -0.0102628 -0.00599968 0.00218362 -0.0112914 -0.00599968 0.00271308 -0.0127498 -0.00599968 0.00271839 -0.0141289 -0.00599968 0.00184864 -0.0147108 -0.00599968 0.000263604 -0.0142397 -0.00599968 -0.00171083 0.0113853 -0.00309962 0.00281066 0.0115287 -0.0030995 0.00507879 0.00920862 -0.00309974 0.00424135 0.00747883 -0.0030998 0.00227183 0.00926292 -0.00309962 0.000977191 0.00700122 -0.00309962 0.000188798 0.00749147 -0.00309974 -0.00224858 0.00887453 -0.00309962 -0.00383824 0.0102843 -0.0030995 -0.00469303 0.00984609 -0.00309962 -0.00176054 0.0120157 -0.00309962 -0.00494814 0.0124287 -0.00309962 -0.0028227 0.0137446 -0.0030995 -0.00469375 0.0155173 -0.00309962 -0.00354183 0.0147294 -0.00309962 -0.000858823 0.0167368 -0.00309962 -0.00172842 0.0169617 -0.00309974 0.00123697 0.0154922 -0.0030995 0.00370693 0.0136788 -0.00309974 0.00478578 0.0140812 -0.00309962 0.00209325 0.00741267 0.00080028 -0.0019083 0.00697106 0.00080028 -5.41146e-05 0.012996 -0.00599968 -0.00254422 0.0143047 -0.00599968 -0.00155675 0.0147503 -0.00599968 7.18483e-05 0.0143618 -0.00599968 0.00157607 0.0129219 -0.00599968 0.00269306 0.0113226 -0.00599968 0.00271308 0.0100076 -0.00599968 0.00204176 0.00933707 -0.00599968 0.000629125 0.00936115 -0.00599968 -0.000832205 0.0101196 -0.00599968 -0.00192636 0.0108869 -0.00599968 -0.00244498 0.0117833 -0.00599968 -0.00267828 0.0319917 0.00388509 0.034673 0.0305157 0.00697994 0.0332327 0.0305157 0.00902438 0.0312857 0.0319393 0.0101566 0.0296048 0.0319917 0.0108483 0.0278951 0.0319565 0.0112443 0.0246206 0.0305157 0.0110657 0.0263023 0.0305157 0.00996458 0.0202089 0.0319917 0.00974279 0.019763 0.0319616 0.00771928 0.0174598 0.0305157 0.00604808 0.0162971 0.0305157 0.00380575 0.0154471 0.0305157 0.00122833 0.0150567 0.0305157 -0.00215525 0.0157123 0.0305159 -0.00425434 0.0168253 0.0319917 -0.00501812 0.0173495 0.0305159 -0.00756097 0.020579 0.0305157 -0.00818944 0.0221409 0.0319393 -0.00864518 0.0245508 0.0305157 -0.00830472 0.0275551 0.0319565 -0.00758344 0.0295405 0.0305157 -0.00586414 0.0319216 0.0319565 -0.00426608 0.0333032 0.0305157 -0.000381668 0.0348345 0.0305157 0.00229078 0.0349607 0.0305157 0.00339454 -0.00920486 0.0305157 -0.0144496 0.0250518 0.0305157 -0.00659966 0.0090518 0.0305157 -0.0144496 0.0090518 0.0305157 -0.00449961 0.00695175 0.0305157 -0.00659966 -0.00894815 0.0305157 -0.0144496 -0.00894815 0.0305157 -0.000234509 0.0054363 0.0305157 0.014393 -0.0165729 0.0305157 0.0110657 -0.0236975 0.0305157 0.00668353 0.0101451 0.0305157 -0.00449961 -0.00684816 0.0305176 -0.000598789 0.00394207 0.0305157 0.00971275 -0.0116823 0.0305162 -0.00715441 -0.0197475 0.0305157 -0.0144496 -0.0249481 0.0305157 0.0145328 0.016587 0.0305157 0.0107438 0.0375134 0.0305157 0.0143087 0.033857 0.0305157 0.0168116 0.027531 0.0305157 -0.0122693 0.0326298 0.0305157 -0.01338 -0.0305375 0.0305157 -0.00952428 -0.0361013 0.0305157 -0.00215268 -0.0342883 0.0305157 0.0168413 -0.0251498 0.0305157 0.00748515 -0.0326081 0.0305157 0.0143087 -0.0337534 0.0305157 -0.00279647 -0.0402583 0.0305157 0.000641158 -0.0348664 0.0319727 -0.000629252 0.0348689 0.0320083 0.00810706 0.0323198 0.0319568 0.0107838 0.0221482 0.0320083 0.00472545 0.0157018 0.0320083 -0.00190866 0.0156253 0.0319727 -0.00752145 0.020332 0.0320083 -0.00859064 0.0262029 0.0320157 -0.00615013 0.0316089 0.0305157 0.00553536 -0.0159352 0.0305158 0.00753247 -0.0172225 0.0319917 0.00824904 -0.0178094 0.0319616 0.0100741 -0.0202727 0.0306245 0.011241 -0.0255195 0.0305157 0.0105688 -0.0286726 0.0319917 0.00974279 -0.0302369 0.0319393 0.00761687 -0.0326463 0.0319917 0.00609123 -0.0336828 0.0319616 -0.00476897 -0.0328224 0.0318972 -0.00633734 -0.0313055 0.0319616 -0.00783849 -0.0288626 0.0305157 -0.00830591 -0.027447 0.0319616 -0.00858706 -0.0239085 0.0305157 -0.00818461 -0.0219103 0.0305159 -0.00493896 -0.017228 0.0305157 -0.00266743 -0.0158144 0.0305157 0.00151151 -0.0149336 0.032004 0.00283146 -0.0150502 0.0320157 0.00614065 -0.0162835 0.031916 0.0110519 -0.0228957 0.0320083 0.011058 -0.0269337 0.0319354 0.00230998 -0.0349043 0.0320083 -0.00190866 -0.0343746 0.0319568 -0.00853747 -0.0262085 0.0320083 -0.00764227 -0.0205679 0.0319727 -0.00517201 -0.0173187 0.0320083 -0.00131959 -0.0153413 0.0306156 -0.0145497 -0.0249481 0.0306156 -0.0145497 -0.00884813 0.0306156 0.00668865 -0.0100422 0.0319747 0.00788927 -0.0104733 0.0320096 0.0114184 -0.012709 0.0306156 0.0124858 -0.0137183 0.0319549 0.0146982 -0.0163894 0.0306156 0.0168174 -0.0217169 0.0319747 0.01708 -0.0229652 0.0320096 0.0165434 -0.0293999 0.0306156 0.0160385 -0.0307796 0.0320096 0.0146252 -0.0335864 0.0306156 0.0137454 -0.0347633 0.0320096 0.00972283 -0.0384104 0.0305157 0.00720429 -0.0396973 0.0305157 0.00406104 -0.0405547 0.0305157 0.000414268 -0.0408103 0.0319549 -0.006042 -0.0390494 0.0318665 -0.00967872 -0.0364597 0.0319747 -0.0113866 -0.0345386 0.0320096 -0.0141314 -0.0286941 0.0306156 -0.0143822 -0.0272465 0.0305157 0.000632586 -0.00702333 0.0306156 -0.000599744 -0.00320882 0.0319495 0.0026896 0.0089736 0.0306156 -0.0145497 0.0250518 0.0306156 -0.0138832 0.0295999 0.0319747 -0.0135197 0.0308229 0.0306156 -0.0119397 0.0337653 0.0319747 -0.0112406 0.0348324 0.0306156 -0.00888252 0.037198 0.0319747 -0.00790673 0.0380196 0.0305157 -0.00496393 0.0396101 0.0305157 -0.00147277 0.0406949 0.0305157 0.00313246 0.0408327 0.0305157 0.0063045 0.0400899 0.0306156 0.00842821 0.0392086 0.0319549 0.0113632 0.0373601 0.0306156 0.0137454 0.034867 0.0319747 0.0145376 0.0338672 0.0319549 0.017001 0.0275509 0.0306156 0.017122 0.0241048 0.0319747 0.0170483 0.0228312 0.0319549 0.0146872 0.0164761 0.0320096 0.0100694 0.0118126 0.0305157 0.00878811 0.0110833 0.0306156 -0.0145497 0.00895184 0.0306153 -0.00616795 0.00895166 0.0306156 -0.00459969 0.00695175 0.0306156 -0.00459969 -0.00684816 0.0320149 -0.00460011 -0.00738305 0.0306157 -0.00632411 -0.00884801 0.0320156 -0.0063175 0.00895166 0.0320157 -0.0145497 0.00895184 0.0320154 -0.00460017 0.00785798 0.0320155 -0.00592554 -0.00884742 0.0320157 -0.0145497 -0.00884813 0.0320157 -0.0145497 -0.0249481 0.0325157 -0.00297827 -0.0154828 0.0325157 -0.00588709 -0.0174489 0.0325157 -0.00797486 -0.0202716 0.0325157 -0.00900298 -0.0236288 0.0325157 -0.00833809 -0.0288212 0.0325157 -0.00522524 -0.03303 0.0325157 -0.000174746 -0.0354748 0.0325157 0.00476074 -0.0347421 0.0325157 0.00782585 -0.03303 0.0325157 0.0101454 -0.0303944 0.0325157 0.0114546 -0.0271366 0.0325157 0.0116036 -0.0236288 0.0325157 0.0105755 -0.0202716 0.0325157 0.00848776 -0.0174489 0.0325157 0.00557887 -0.0154828 0.0325157 0.00026695 -0.0145399 0.0325157 -0.00659966 -0.0093481 0.0325157 -0.000534551 -0.00575346 0.0325157 -0.00409967 -0.00684816 0.0325157 -0.0140496 0.0250518 0.0325157 -0.0140496 -0.0249481 0.0325157 -0.0140496 -0.0093481 0.0325157 -0.0140496 0.0094518 0.0325157 -0.00659966 0.0094518 0.0325157 0.00324905 0.0096811 0.0325156 -0.00251365 0.0152132 0.0325157 -0.00591314 0.0175255 0.0325156 -0.00844944 0.0208749 0.0325157 -0.0134473 0.0288885 0.0325157 -0.00900298 0.0263712 0.0325036 0.00131571 0.0149663 0.0325157 0.0112871 -0.0133448 0.0325157 0.0075376 -0.0109669 0.0325157 0.00324905 -0.00957739 0.0325157 0.0164178 -0.0273644 0.0325157 0.0164753 -0.0229249 0.0325157 0.0141967 -0.0166984 0.0325157 0.000848497 -0.00795281 0.0325157 0.000315371 0.00736403 0.032516 -0.000918556 0.00506693 0.0325157 -0.0136458 -0.0282634 0.0325157 -0.00409967 0.00695175 0.0325157 -0.00109965 5.18461e-05 0.0325157 0.0114546 0.0228633 0.0325157 0.0112323 0.0280934 0.0325157 0.0159076 0.0296346 0.0325157 0.00848776 0.032551 0.0325157 0.00949907 0.0121229 0.0325157 0.00476068 0.0152577 0.0325157 0.00782585 0.0169699 0.0325157 0.0141967 0.0168021 0.0325157 0.0101454 0.0196055 0.0325157 0.0164753 0.0230285 0.0325157 -0.012066 -0.0324125 0.0325157 -0.00936204 -0.0359341 0.0325157 -0.00576133 -0.0385316 0.0325157 -0.00156671 -0.0399867 0.0325157 0.00428808 -0.0401092 0.0325157 0.00916087 -0.0380854 0.0325157 0.0126 -0.0352773 0.0325157 0.0150886 -0.0316006 0.0325157 -0.00131703 0.035104 0.0325157 -0.00371701 0.0395157 0.0325157 -0.00451636 0.0336578 0.0325157 -0.0076564 0.0374677 0.0325157 -0.00797486 0.0297283 0.0325157 -0.0108424 0.0343755 0.0325157 0.0139784 0.0336333 0.0325157 0.0109827 0.0369103 0.0325094 0.00651222 0.0336378 0.0325157 0.00717276 0.03919 0.0325157 0.000644211 0.0403471 0.0325157 0.00287062 0.0354546 0.0320157 -0.0145497 0.0250518 0.0320157 0.00668865 0.0101459 0.0319546 0.0124908 0.0138176 0.0319546 0.0161914 0.0196029 0.0319546 0.0160447 0.0308863 0.0320237 0.00724613 0.0397858 0.0320237 0.00276828 0.0408724 0.0320157 -0.000528305 0.040796 0.0320237 -0.00405848 0.0400093 0.0319546 -0.0143889 0.0273507 0.0319573 0.000494052 0.00690007 0.0320122 -0.000592038 0.00430667 0.0320117 -0.000593348 -0.00422388 0.0319872 0.000177921 -0.00636107 0.031962 0.0026837 -0.00886947 0.0319546 -0.0130691 -0.031653 0.0320157 -0.00279188 -0.0402608 0.0320237 0.000780187 -0.040828 0.0320237 0.00535852 -0.0403095 0.0319546 0.0121956 -0.0364689 0.0319546 0.0170988 -0.0263054 0.0319546 0.0161911 -0.0194982 -0.0304843 0.00297332 -0.0347323 -0.0319604 0.00388509 -0.0345693 -0.0304842 0.00681323 -0.0331049 -0.0304842 0.0106599 -0.0282527 -0.0319604 0.0108483 -0.0277915 -0.0319302 0.0112402 -0.0247508 -0.0304842 0.0112801 -0.0245241 -0.0304842 0.00996459 -0.0201054 -0.0319604 0.0097428 -0.0196593 -0.0319302 0.00771928 -0.0173563 -0.0304843 0.00604808 -0.0161933 -0.0304843 0.00380564 -0.0153433 -0.0304843 0.00122833 -0.014953 -0.0304844 -0.00301713 -0.0159097 -0.0304847 -0.00667762 -0.0190422 -0.0304844 -0.00756097 -0.0204753 -0.0319604 -0.00797218 -0.0213054 -0.0319081 -0.00864517 -0.0244471 -0.0304842 -0.00830471 -0.0274514 -0.0319302 -0.007676 -0.0292221 -0.0318659 -0.00652343 -0.0310751 -0.0304842 -0.005512 -0.032056 -0.0319253 -0.00426608 -0.0331995 -0.0304843 -0.000183848 -0.0348543 -0.0304842 -0.0144496 0.0090518 -0.0304848 0.00874859 0.0184905 -0.0304842 0.00339454 0.00930852 -0.0304842 -0.0144496 -0.0249481 -0.0304842 -0.0144496 -0.00894815 -0.0304842 -0.00659966 -0.00894815 -0.0304842 -0.00449961 -0.00684815 -0.0304842 0.000391424 0.0064854 -0.0304845 -9.46335e-06 -0.00593096 -0.0304842 -0.00449961 0.00695175 -0.0304864 -0.000598789 -0.00383848 -0.0304842 0.0110657 0.0238012 -0.0304842 0.0166246 0.0260824 -0.0304842 0.014393 0.0166766 -0.0304842 0.0145328 -0.0164834 -0.0304844 0.00348014 -0.00913572 -0.0304842 -0.00659966 0.0090518 -0.0304842 -0.0144496 0.0250518 -0.0304842 -0.01338 0.0306411 -0.0304842 -0.00783497 0.0287227 -0.0304842 -0.0111588 0.0346185 -0.0304842 0.00971275 0.011786 -0.0304842 0.0107438 -0.0374097 -0.0304842 0.0151272 -0.032248 -0.0304842 0.0168413 -0.0251498 -0.0304842 0.0127719 0.0355382 -0.0304842 0.00570089 0.0337885 -0.0304842 -0.0125971 -0.0314323 -0.0319727 -0.000553376 -0.0347909 -0.0319254 0.00613672 -0.0336072 -0.0319253 0.00819367 -0.032128 -0.0319254 0.00974548 -0.0301489 -0.0319254 0.0107839 -0.0220444 -0.031977 0.00472546 -0.015598 -0.031977 -0.00190866 -0.0155216 -0.0319283 -0.00547272 -0.0176037 -0.031977 -0.00859063 -0.0260993 -0.0304843 0.00213456 0.0151967 -0.0304843 0.00553537 0.0160389 -0.0304845 0.0075326 0.017326 -0.0319302 0.0100741 0.0203763 -0.0305933 0.011241 0.0256233 -0.0319604 0.0110224 0.0272261 -0.0304842 0.00996459 0.0298946 -0.0319604 0.0097428 0.0303407 -0.0319257 0.00437266 0.0345354 -0.0304843 -0.000531453 0.0348396 -0.0319604 -0.00209117 0.034419 -0.0304842 -0.0046038 0.0330308 -0.0319604 -0.00501811 0.0327541 -0.0319253 -0.00793862 0.0287549 -0.0319302 -0.00858706 0.0240121 -0.0304842 -0.00830471 0.0225484 -0.0304843 -0.00607913 0.018279 -0.0319604 -0.00421423 0.016755 -0.0304843 -0.0020107 0.0156942 -0.0319604 -0.00113523 0.0153917 -0.031977 0.00203031 0.0151209 -0.031977 0.00529712 0.0159314 -0.031977 0.00810707 0.0177839 -0.0318845 0.0110519 0.0229992 -0.0319253 0.00754648 0.0328013 -0.0319254 -0.00667345 0.03095 -0.0319254 -0.00853747 0.0263123 -0.0319415 -0.00734389 0.0200143 -0.0305843 -0.0145497 0.0250518 -0.0305843 -0.0145497 0.00895184 -0.0305843 0.00668865 0.0101459 -0.0319434 0.00788927 0.010577 -0.0319782 0.0114183 0.0128127 -0.0305843 0.0124858 0.013822 -0.0319236 0.0146982 0.0164932 -0.0305843 0.0161849 0.0196047 -0.0319434 0.0166258 0.0208017 -0.0319782 0.0171797 0.0249422 -0.0305843 0.017092 0.026409 -0.0319782 0.0165434 0.0295036 -0.0305843 0.0160385 0.0308832 -0.0319782 0.0146252 0.0336901 -0.0318803 0.0127618 0.036048 -0.0319782 0.00972283 0.038514 -0.0304843 0.00720423 0.0398011 -0.0304843 0.00406104 0.0406583 -0.0304843 0.000414219 0.040914 -0.0304843 -0.00279647 0.0403621 -0.0319236 -0.00604206 0.0391531 -0.0305843 -0.00888252 0.037198 -0.0319434 -0.00986182 0.0363806 -0.0305843 -0.0119397 0.0337653 -0.0319434 -0.0126432 0.0327012 -0.0319782 -0.0141314 0.0287979 -0.0305843 -0.0143822 0.0273501 -0.0305843 -0.000599745 0.00331253 -0.0319583 0.000512428 -0.00683462 -0.0305843 -0.0145497 -0.0249481 -0.0319782 -0.0136497 -0.0303027 -0.0305843 -0.0130632 -0.0316497 -0.0305843 -0.0119397 -0.0336617 -0.0319434 -0.0112406 -0.0347288 -0.0319782 -0.00630301 -0.0388894 -0.0304843 -0.00496393 -0.0395065 -0.0304843 -0.00147289 -0.0405912 -0.0304843 0.00313246 -0.0407292 -0.0304843 0.00630456 -0.0399862 -0.0305843 0.00842822 -0.0391049 -0.0319236 0.0113633 -0.0372564 -0.0305843 0.0137454 -0.0347633 -0.0319434 0.0145376 -0.0337634 -0.0305843 0.0167284 -0.0285809 -0.0319434 0.0170234 -0.0273396 -0.0305843 0.017122 -0.0240011 -0.0319434 0.0170483 -0.0227275 -0.0319236 0.0146872 -0.0163724 -0.0319782 0.0100694 -0.011709 -0.0304843 0.00878811 -0.0109796 -0.0305843 -0.0145497 -0.00884813 -0.0305841 -0.00629174 -0.00884807 -0.0305843 -0.00459969 -0.00684815 -0.0305843 -0.00459969 0.00695175 -0.0305844 -0.00620413 0.00895154 -0.0319842 -0.00631749 -0.00884801 -0.0319842 -0.0145497 -0.00884813 -0.0319841 -0.00460028 -0.00779462 -0.0319825 -0.00460118 0.00781769 -0.0319844 -0.0062952 0.00895178 -0.0319842 -0.0145497 0.00895184 -0.0319842 -0.0145497 0.0250518 -0.0324843 -0.00297826 0.0155864 -0.0324843 -0.00588709 0.0175526 -0.0324843 -0.00797486 0.0203754 -0.0324843 -0.00900298 0.0237324 -0.0324843 -0.00833809 0.0289249 -0.0324843 -0.0064972 0.0319146 -0.0324843 -0.00254607 0.0346302 -0.0324783 0.00131506 0.0351383 -0.0324843 0.00476068 0.0348458 -0.0324843 0.00782585 0.0331335 -0.0324843 0.0101454 0.030498 -0.0324843 0.0114546 0.0272403 -0.0324843 0.0116036 0.0237324 -0.0324843 0.0105755 0.0203754 -0.0324843 0.00848776 0.0175526 -0.0324843 0.00557888 0.0155864 -0.0324843 0.000266952 0.0146436 -0.0324843 -0.00659966 0.00945181 -0.0324843 -0.000534552 0.00585717 -0.0324843 -0.00409967 0.00695175 -0.0324843 -0.0140496 -0.0249481 -0.0324843 -0.0140496 0.0250518 -0.0324843 -0.0140496 0.00945181 -0.0324843 -0.0140496 -0.00934809 -0.0324843 -0.00659966 -0.00934809 -0.0324843 0.00031537 -0.00726038 -0.0324846 -0.000918557 -0.00496322 -0.0324722 0.00131571 -0.0148627 -0.0324843 0.00324905 -0.00957739 -0.0324843 0.0112872 0.0134484 -0.0324843 0.0075376 0.0110706 -0.0324843 0.00324905 0.00968111 -0.0324843 -0.00251365 -0.0151094 -0.0324843 -0.00591314 -0.0174218 -0.0324842 -0.00844943 -0.0207714 -0.0324843 -0.0136458 -0.0282634 -0.0324843 -0.00900298 -0.0262674 -0.0324843 0.00949907 -0.0120192 -0.0324843 0.00476068 -0.0151541 -0.0324843 0.00782585 -0.0168664 -0.0324843 0.0141967 -0.0166984 -0.0324843 0.0101454 -0.0195019 -0.0324843 0.0166083 0.0252505 -0.0324843 0.0160215 0.0208496 -0.0324843 0.0141967 0.0168021 -0.0324843 0.000848497 0.00805652 -0.0324843 -0.00409967 -0.00684815 -0.0324843 -0.00109964 5.18489e-05 -0.0324843 -0.0136458 0.028367 -0.0324843 0.0164753 -0.0229249 -0.0324843 0.0114546 -0.0227597 -0.0324843 0.0159076 -0.029531 -0.0324843 0.0116036 -0.0262674 -0.0324843 0.0105755 -0.0296246 -0.0324843 -0.00131702 -0.0350004 -0.0324843 -0.003717 -0.039412 -0.0324843 -0.00936204 -0.0359341 -0.0324843 -0.00451636 -0.0335542 -0.0324843 -0.00705111 -0.0311248 -0.0324843 -0.012066 -0.0324125 -0.0324843 0.0139784 -0.0335296 -0.0324843 0.00848776 -0.0324473 -0.0324843 0.0109828 -0.0368068 -0.0324843 0.00506061 -0.0397885 -0.0324843 0.0037396 -0.0352707 -0.0324843 0.000644214 -0.0402434 -0.0324843 -0.012066 0.0325163 -0.0324843 -0.00936204 0.0360378 -0.0324843 -0.003717 0.0395157 -0.0324843 -0.000470627 0.0402993 -0.0324843 0.00428796 0.0402129 -0.0324843 0.00916088 0.038189 -0.0324843 0.0126 0.035381 -0.0324843 0.0150886 0.0317043 -0.0319842 -0.0145497 -0.0249481 -0.0319233 0.0066914 -0.010036 -0.0319233 0.0124908 -0.0137139 -0.0319233 0.0161914 -0.0194992 -0.0319233 0.0160447 -0.0307826 -0.0319925 0.0072462 -0.0396821 -0.0319925 0.00276828 -0.0407687 -0.0319925 -0.00183308 -0.0405246 -0.0319233 -0.00888729 -0.0370993 -0.0319233 -0.0143889 -0.0272469 -0.0319666 0.00265914 -0.00885617 -0.0319809 -0.000592038 -0.0042029 -0.0319776 -0.000592178 0.00434476 -0.0319235 0.00110537 0.00779319 -0.0319455 0.00349021 0.00923711 -0.0319842 -0.00279194 0.0403645 -0.0319925 0.000780156 0.0409318 -0.0319925 0.00535864 0.0404132 0.334516 0.00760029 -0.00654812 0.332616 0.00760029 -0.00654812 0.334516 0.00857632 -0.0082726 0.332616 0.00817893 -0.00812925 0.332616 0.00960026 -0.00854815 0.334516 0.00960026 -0.00854815 0.332616 0.00826089 0.00830291 0.332616 0.00960026 0.00865178 0.332616 0.00860022 0.00765173 0.332616 0.0178003 0.00765173 0.332616 0.00860022 -0.00754805 0.332616 0.0178003 -0.00754805 0.332616 0.00760029 0.00665174 0.334516 0.00960026 0.00865178 0.334516 0.00824766 0.00816534 0.334516 0.00760029 0.00665174 0.395516 0.00760029 0.00665174 0.397416 0.00760029 0.00665174 0.395516 0.00857631 0.00837628 0.397416 0.00817893 0.00823293 0.397416 0.00960026 0.00865177 0.395516 0.00960026 0.00865177 0.397416 0.00826089 -0.00819923 0.397416 0.00960026 -0.00854816 0.397416 0.00860022 -0.00754805 0.397416 0.0178003 0.00765173 0.397416 0.0178003 -0.00754805 0.397416 0.00860022 0.00765173 0.397416 0.00760029 -0.00654812 0.395516 0.00960026 -0.00854816 0.395516 0.00824765 -0.00806166 0.395516 0.00760029 -0.00654812 0.334516 0.0178003 -0.0249481 0.334516 0.0178003 -0.00854815 0.333116 0.0178003 -0.0249481 0.333043 0.0178004 -0.00854815 0.334516 0.0174351 -0.0287384 0.332849 0.0170557 -0.0300065 0.332832 0.014855 -0.0344081 0.334516 0.0152432 -0.0338761 0.334516 0.0116849 -0.0378443 0.334516 0.00722293 -0.0404337 0.332955 0.00845371 -0.0398389 0.334516 0.00328897 -0.0413279 0.332828 0.00313912 -0.041371 0.334516 0.00063573 -0.0414348 0.332894 -0.00193186 -0.0411476 0.334516 -0.00200029 -0.0411146 0.334516 -0.00455083 -0.0403758 0.334516 -0.0069498 -0.0392374 0.334516 -0.0100698 -0.0369597 0.334516 -0.0126455 -0.0337665 0.334516 -0.0138794 -0.0314154 0.332618 -0.0159254 -0.0257862 0.334516 -0.0150359 -0.0277863 0.332962 -0.0151386 -0.0267132 0.334516 -0.0150687 -0.0224663 0.334516 -0.0138791 -0.0184804 0.334516 -0.0126452 -0.0161292 0.334516 -0.0110498 -0.0140063 0.332864 -0.0106281 -0.0134159 0.334516 -0.00913472 -0.0121668 0.334515 -0.00598915 -0.0101248 0.332865 -0.000903218 -0.00842376 0.334516 -0.000687837 -0.00840153 0.334516 0.000733507 -0.00743361 0.334516 0.00173704 -0.00627382 0.334516 0.00258224 -0.00442089 0.334516 0.00280021 -0.00290264 0.334516 0.00280021 0.00300632 0.334516 0.00271259 0.00402848 0.334516 0.00245194 0.00502066 0.334516 0.0020263 0.00595395 0.334516 0.000670242 0.00766407 0.334516 -0.0010158 0.00859485 0.334516 -0.00913472 0.0122705 0.334516 -0.0142997 0.0198433 0.332842 -0.0145033 0.019755 0.334516 -0.0151461 0.0237238 0.334516 -0.0151461 0.0263791 0.334516 -0.0147203 0.0290003 0.332874 -0.0151676 0.0264538 0.334514 -0.013874 0.0314702 0.334516 -0.0126455 0.0338702 0.332825 -0.0113614 0.0356644 0.334516 -0.0110503 0.0359931 0.334516 -0.00827642 0.0385415 0.332644 -0.00906016 0.0382958 0.332606 -0.00148739 0.0420121 0.334516 -0.00455083 0.0404796 0.334516 -0.000723234 0.0414777 0.334516 0.0045989 0.0412683 0.334516 0.00953023 0.0393774 0.334516 0.0127302 0.0369516 0.332881 0.0107329 0.0386228 0.334515 0.0152194 0.0340046 0.334515 0.017282 0.0292294 0.334516 0.0178003 0.0250518 0.332953 0.0177939 0.0260007 0.334516 0.0178003 0.00865178 0.332969 0.0178004 0.00865178 0.332632 0.0181338 0.00865398 0.332672 0.0185056 0.00835715 0.332682 0.0185336 0.0258339 0.333116 0.0188002 0.00865178 0.333116 0.0188002 0.0250518 0.333116 -0.00585796 0.00908284 0.333116 -0.00756819 0.0099654 0.333116 -0.0106473 0.0122649 0.333116 -0.0119792 0.0136542 0.333116 -0.0141468 0.0168277 0.333116 -0.0161785 0.0241923 0.333116 -0.0161673 0.0261166 0.333116 -0.0155135 0.0299038 0.333116 -0.0118442 0.0366047 0.333116 -0.0104962 0.0379781 0.333116 -0.00739027 0.0402414 0.333116 -0.00566985 0.0411038 0.333116 -0.0019979 0.0422381 0.333116 -9.09271e-05 0.0424965 0.333116 0.00183295 0.0425436 0.333116 0.00563817 0.0420056 0.333116 0.00747351 0.0414267 0.333116 0.0108989 0.0396845 0.333116 0.0162183 0.0342007 0.333116 0.0171326 0.0325073 0.333116 0.0183782 0.0288716 0.333116 0.0186944 0.0269733 0.332834 -0.00196488 0.0412847 0.33257 0.015742 0.0344748 0.33267 -0.0135202 0.0342921 0.332614 -0.0156793 0.0212313 0.332575 0.017718 0.0302205 0.333116 0.0178556 0.0307238 0.332894 0.0158692 0.0328888 0.333116 0.0151234 0.0357834 0.333116 0.0138615 0.0372364 0.333116 0.0124476 0.038542 0.332661 0.0117207 0.0390508 0.333116 0.00923429 0.0406499 0.332913 0.00614701 0.0408728 0.333116 0.00375031 0.0423794 0.332622 0.00472318 0.0421272 0.332841 0.00288115 0.0415048 0.333116 -0.00386508 0.041772 0.332722 -0.00840504 0.0395933 0.333116 -0.00900556 0.0391953 0.333116 -0.0130334 0.0350915 0.333116 -0.0140491 0.033457 0.333116 -0.0148791 0.0317206 0.332595 -0.0157878 0.0278748 0.333116 -0.0159446 0.0280282 0.333116 -0.0159785 0.0222782 0.333116 -0.0155694 0.0203978 0.333116 -0.0149564 0.0185734 0.333116 -0.0131504 0.0151813 0.334515 -0.0119299 0.0151637 0.332658 -0.0130519 0.0153325 0.333116 -0.00917108 0.0110303 0.332795 -0.00921948 0.0122662 0.334515 -0.00555904 0.00999139 0.333116 -0.00406124 0.00839339 0.332649 -0.00586404 0.00921665 0.333116 -0.00219972 0.00790535 0.333116 -0.00137974 0.00766335 0.333116 -0.000613111 0.00728534 0.333116 7.79892e-05 0.00678216 0.333116 0.000673265 0.00616865 0.333116 0.00133251 0.00507419 0.333116 0.00115524 0.00546269 0.332951 0.0016012 0.0043488 0.350425 0.00162063 0.00432877 0.333116 0.00180022 0.00300632 0.332786 0.00278984 0.00431852 0.332753 0.000115243 0.00822167 0.332877 0.00279598 -0.00350685 0.333116 0.00180022 -0.00290264 0.349427 0.00176887 -0.0034339 0.333116 0.00161491 -0.00418176 0.332982 0.00173716 -0.00370981 0.333116 0.00133251 -0.00497044 0.333116 0.00151001 -0.00458129 0.333116 0.00115524 -0.00535907 0.333116 0.000673265 -0.00606502 0.333116 7.79898e-05 -0.00667853 0.333116 -0.000613111 -0.00718172 0.333116 -0.00137974 -0.00755979 0.333116 -0.00219972 -0.00780172 0.332604 -0.000491044 -0.00753011 0.332606 0.00219022 -0.00420894 0.332838 0.00175832 -0.00646449 0.333116 0.0183782 -0.028768 0.333116 0.0178556 -0.0306201 0.333116 0.0162183 -0.0340971 0.333116 0.0151234 -0.0356797 0.333116 0.0124476 -0.0384383 0.333116 0.00563817 -0.0419019 0.333116 0.00375031 -0.0422757 0.333116 -9.09233e-05 -0.0423928 0.333116 -0.00739027 -0.0401377 0.333116 -0.00900556 -0.0390916 0.333116 -0.0118442 -0.036501 0.333116 -0.0130334 -0.0349878 0.333116 -0.0148791 -0.0316171 0.332695 -0.0148209 -0.0315509 0.333116 -0.0155135 -0.0298001 0.333116 -0.0159446 -0.0279245 0.333116 -0.0161785 -0.0240886 0.333116 -0.0159785 -0.0221745 0.333116 -0.0149564 -0.0184699 0.333116 -0.0106473 -0.0121613 0.333116 -0.00917108 -0.0109267 0.333116 -0.00585796 -0.00897915 0.333116 -0.00406124 -0.00828971 0.332823 -0.0133834 -0.0173892 0.332678 -0.012552 -0.014303 0.332636 -0.000415514 -0.0422964 0.332597 0.0116015 -0.0388375 0.332613 -0.00661422 -0.00944568 0.333116 -0.00756819 -0.00986172 0.333116 -0.0119792 -0.0135505 0.333116 -0.0131504 -0.0150776 0.333116 -0.0141468 -0.016724 0.333116 -0.0155694 -0.0202941 0.332537 -0.015036 -0.0195462 0.333116 -0.0161673 -0.0260131 0.333116 -0.0140491 -0.0333532 0.332863 -0.0127103 -0.0337677 0.333116 -0.0104962 -0.0378745 0.332692 -0.0118193 -0.0364106 0.332791 -0.00674613 -0.0393883 0.333116 -0.00566985 -0.0410001 0.332622 -0.00704707 -0.0401374 0.333116 -0.00386508 -0.0416684 0.333116 -0.0019979 -0.0421345 0.333116 0.00183295 -0.0424399 0.333116 0.00747351 -0.041323 0.332663 0.00486593 -0.0419546 0.333116 0.00923429 -0.0405462 0.333116 0.0108989 -0.0395808 0.333116 0.0138615 -0.0371327 0.332826 0.0126076 -0.0370334 0.332662 0.0150662 -0.0355931 0.333116 0.0171326 -0.0324036 0.333116 0.0186944 -0.0268697 0.332673 0.0180155 -0.0258946 0.332659 0.0185427 -0.0266317 0.333116 0.0188002 -0.0249481 0.33268 0.0180028 -0.00854815 0.333116 0.0188002 -0.00854815 0.332722 0.0186063 -0.0083542 0.396916 0.0188002 0.0250518 0.396916 0.0188002 0.00865177 0.396916 -0.00406124 0.00839339 0.396916 -0.00585796 0.00908283 0.396916 -0.00756808 0.0099654 0.396916 -0.00917108 0.0110303 0.396916 -0.0106473 0.0122649 0.396916 -0.0119792 0.0136542 0.396916 -0.0131504 0.0151813 0.396916 -0.0141468 0.0168277 0.396916 -0.0149564 0.0185734 0.396916 -0.0155694 0.0203978 0.396916 -0.0159785 0.0222782 0.396916 -0.0161785 0.0241922 0.396916 -0.0161673 0.0261166 0.396916 -0.0159446 0.0280282 0.396916 -0.0155135 0.0299038 0.396916 -0.0148791 0.0317206 0.396916 -0.0140491 0.033457 0.396916 -0.0130334 0.0350915 0.396916 -0.0118442 0.0366047 0.396916 -0.0104962 0.0379781 0.396916 -0.00900556 0.0391953 0.396916 -0.00739028 0.0402414 0.396916 -0.00566985 0.0411038 0.396916 -0.00386508 0.041772 0.396916 -0.00199791 0.0422381 0.396916 -9.0927e-05 0.0424965 0.396916 0.00183294 0.0425436 0.396916 0.00375031 0.0423794 0.396916 0.00563816 0.0420056 0.396916 0.00747351 0.0414267 0.396916 0.00923429 0.0406499 0.396916 0.0108989 0.0396844 0.396916 0.0124476 0.0385419 0.396916 0.0138615 0.0372364 0.396916 0.0151234 0.0357834 0.396916 0.0162183 0.0342007 0.396916 0.0171326 0.0325073 0.396916 0.0178556 0.0307238 0.396916 0.0183782 0.0288716 0.396916 0.0186944 0.0269733 0.380429 0.00174866 0.00372527 0.396916 0.00161491 0.00428538 0.351341 0.00147919 0.0047829 0.352917 0.00136225 0.00505273 0.375338 0.00147955 0.004782 0.353681 0.00138353 0.00500731 0.374378 0.0016288 0.00429623 0.35468 0.00147788 0.00478665 0.396916 0.00151001 0.00468497 0.396916 0.0013325 0.00507419 0.377681 0.00138353 0.00500731 0.37868 0.00147788 0.00478683 0.356347 0.00174336 0.0037937 0.37348 0.00176899 0.00362848 0.349408 0.00176899 0.0035579 0.376917 0.00136237 0.00505273 0.396916 0.00115524 0.00546269 0.396916 0.000673266 0.00616864 0.396916 7.79892e-05 0.00678216 0.396916 -0.000613111 0.00728534 0.396916 -0.00137975 0.00766335 0.396916 -0.00219961 0.00790535 0.348056 0.00180022 -0.000583256 0.348085 0.00180022 0.00122867 0.348545 0.00180583 -0.00225235 0.349884 0.00171022 -0.00384559 0.396916 0.0013325 -0.00497045 0.377682 0.00138353 -0.00490351 0.377016 0.00136266 -0.00494816 0.354692 0.00148348 -0.00466074 0.355636 0.00162636 -0.00420411 0.376351 0.00138317 -0.00490369 0.375114 0.00151734 -0.00458331 0.353016 0.00136267 -0.00494815 0.35235 0.00138353 -0.00490369 0.35114 0.00150852 -0.00459476 0.373562 0.00176058 -0.00357546 0.356719 0.0017939 -0.00337161 0.372488 0.00180201 -0.0021313 0.397038 0.0016704 -0.00397273 0.378688 0.00148301 -0.00466241 0.396916 0.00180022 -0.00290264 0.380808 0.00179188 -0.00324436 0.379796 0.00165699 -0.00412573 0.396916 -0.00219961 -0.00780173 0.396916 -0.00137975 -0.00755979 0.396916 -0.000613111 -0.00718172 0.396916 7.79898e-05 -0.00667854 0.396916 0.000673266 -0.00606503 0.396916 0.00115524 -0.00535907 0.353682 0.00138353 -0.00490351 0.396916 0.0186944 -0.0268697 0.396916 0.0183782 -0.028768 0.396916 0.0178556 -0.0306201 0.396916 0.0171326 -0.0324036 0.396916 0.0162183 -0.0340971 0.396916 0.0151234 -0.0356797 0.396916 0.0138615 -0.0371327 0.396916 0.0124476 -0.0384383 0.396916 0.0108989 -0.0395808 0.396916 0.00923429 -0.0405462 0.396916 0.00747351 -0.041323 0.396916 0.00563816 -0.0419019 0.396916 0.00375031 -0.0422757 0.396916 0.00183294 -0.0424399 0.396916 -9.09233e-05 -0.0423928 0.396916 -0.00199791 -0.0421345 0.396916 -0.00386508 -0.0416684 0.396916 -0.00566985 -0.0410001 0.396916 -0.00739022 -0.0401377 0.396916 -0.00900556 -0.0390916 0.396916 -0.0104962 -0.0378745 0.396916 -0.0118442 -0.036501 0.396916 -0.0130334 -0.0349878 0.396916 -0.0140491 -0.0333532 0.396916 -0.0148791 -0.0316171 0.396916 -0.0155135 -0.0298001 0.396916 -0.0159446 -0.0279245 0.396916 -0.0161673 -0.0260131 0.396916 -0.0161785 -0.0240886 0.396916 -0.0159785 -0.0221745 0.396916 -0.0155694 -0.0202941 0.396916 -0.0149564 -0.0184699 0.396916 -0.0141468 -0.016724 0.396916 -0.0131504 -0.0150776 0.396916 -0.0119792 -0.0135505 0.396916 -0.0106473 -0.0121613 0.396916 -0.00917108 -0.0109267 0.396916 -0.00756808 -0.00986172 0.396916 -0.00585796 -0.00897916 0.396916 -0.00406124 -0.00828971 0.397419 0.0181454 -0.00854792 0.397319 0.0185882 -0.00833602 0.396916 0.0188002 -0.00854816 0.381873 0.00180022 -0.00130953 0.381205 0.00180171 0.00278811 0.381924 0.00180022 0.00122009 0.397315 0.0185736 0.0084251 0.397029 0.0178004 -0.00854816 0.396916 0.0178003 -0.0249481 0.397191 0.0178969 -0.0249481 0.397413 0.0184095 -0.0266091 0.397184 0.0187118 -0.0249481 0.396916 0.0188002 -0.0249481 0.397173 0.0176287 -0.027647 0.397137 0.0142938 -0.0351354 0.397254 0.00963656 -0.0393826 0.397087 0.00138382 -0.041538 0.397072 -0.00452598 -0.0404422 0.397195 -0.00914277 -0.0377904 0.397171 -0.0139283 -0.0313511 0.397143 -0.0151682 -0.0263426 0.397199 -0.0106796 -0.0135593 0.397475 -0.00456204 -0.00900461 0.397367 -0.010771 -0.012401 0.397329 -0.0157903 -0.0212431 0.397475 -0.0143196 -0.0175291 0.397384 -0.0156872 -0.0288934 0.397369 -0.0120699 -0.0361327 0.397207 -0.0113614 -0.0355607 0.397473 -0.00566782 -0.0409037 0.39746 0.00322018 -0.0422149 0.397343 0.0117122 -0.0389867 0.397183 0.0155904 -0.0332343 0.397419 0.0156603 -0.0345932 0.397018 0.00173007 0.00384216 0.397215 0.00279747 -0.00343122 0.397299 0.00191931 -0.00622584 0.397281 -0.000450926 -0.00825502 0.396916 0.00180022 0.00300632 0.397464 0.00276325 0.00448756 0.397336 -0.00199814 0.0088434 0.397264 0.0006751 0.00765727 0.397161 -0.0114906 0.0145893 0.397174 -0.0145982 0.0200468 0.397193 -0.0098439 0.0372244 0.397236 0.00351904 0.0414144 0.397176 0.00799201 0.0402409 0.397166 0.0127147 0.0370329 0.39719 0.015888 0.0328722 0.397377 -0.0160562 0.0260815 0.397375 -0.00816746 0.0397042 0.397429 -0.00235154 0.0419728 0.397421 -0.00506605 0.00894908 0.397399 0.0181153 0.00866113 0.396916 0.0178003 0.0250518 0.397174 0.0174877 0.0285669 0.397294 0.0186761 0.0265506 0.397357 0.0166431 0.0333976 0.397365 0.0123787 0.0384673 0.397328 0.00568764 0.0420674 0.397147 -0.00168462 0.0413103 0.39728 -0.00557681 0.0400678 0.397482 -0.0126414 0.0351306 0.397481 -0.0151417 0.0300737 0.397356 -0.0154656 0.0203819 0.397383 -0.0112314 0.0129245 0.397179 -0.00929548 0.0123447 0.397087 -0.0068676 0.0107027 0.397085 0.0178007 0.00865177 0.395516 0.0178003 0.0250518 0.395516 0.0178003 0.00865177 0.395516 0.0175865 0.0276987 0.395516 0.0169511 0.0302769 0.395516 0.0159102 0.0327198 0.395516 0.0137009 0.036011 0.395516 0.00959174 0.0393433 0.395516 0.00477682 0.041234 0.395516 0.000635684 0.0415383 0.395516 -0.00200029 0.0412184 0.395516 -0.00455083 0.0404796 0.395516 -0.0078872 0.0387805 0.395516 -0.0122 0.034629 0.395516 -0.0138794 0.031519 0.395516 -0.0150043 0.0279181 0.395516 -0.0150877 0.0225311 0.395516 -0.0138791 0.0185841 0.395516 -0.0126452 0.0162328 0.395516 -0.0110498 0.0141099 0.395516 -0.00913473 0.0122705 0.395516 -0.00545545 0.00992588 0.395516 -0.000555815 0.008368 0.395516 0.000733507 0.00753729 0.395516 0.00173704 0.0063775 0.395516 0.00258223 0.00452457 0.395516 0.00280021 0.00300632 0.395516 0.00280021 -0.00290264 0.395516 0.00271259 -0.0039248 0.395516 0.00245194 -0.00491692 0.395516 0.0020263 -0.00585033 0.395516 0.00109057 -0.00706555 0.395516 -0.00062004 -0.00834181 0.395516 -0.00543465 -0.00981642 0.395516 -0.00913473 -0.0121668 0.395516 -0.0119096 -0.0150155 0.395516 -0.0138791 -0.0184804 0.395516 -0.0150086 -0.022191 0.395516 -0.0151461 -0.0262756 0.395516 -0.0147203 -0.0288966 0.395516 -0.0138794 -0.0314154 0.395516 -0.0126455 -0.0337665 0.395516 -0.0110503 -0.0358894 0.395516 -0.0091352 -0.037729 0.395516 -0.0069498 -0.0392374 0.395516 -0.00455083 -0.0403758 0.395516 -0.000723189 -0.041374 0.395516 0.00460241 -0.0411394 0.395516 0.00953023 -0.0392736 0.395516 0.0127302 -0.036848 0.395516 0.0144911 -0.0348605 0.395516 0.0159102 -0.032616 0.395516 0.0169511 -0.0301732 0.395516 0.0175865 -0.027595 0.395516 0.0178003 -0.0249481 0.395516 0.0178003 -0.00854816 0.335016 0.00300716 -0.0149933 0.335016 0.00466494 -0.015425 0.335016 0.00622599 -0.0161307 0.334516 0.00565068 -0.0153238 0.335016 0.00764523 -0.01709 0.335016 0.00888203 -0.0182753 0.334516 0.00860838 -0.0173229 0.335016 0.00990073 -0.0196527 0.335016 0.010672 -0.0211822 0.334516 0.0107311 -0.0201931 0.335016 0.0111735 -0.0228203 0.335016 0.0113911 -0.0245195 0.334516 0.0117765 -0.0236065 0.335016 0.0113185 -0.026231 0.335016 0.0109574 -0.0279057 0.334516 0.011625 -0.0271733 0.335016 0.0103187 -0.0294951 0.335016 0.00942062 -0.030954 0.334516 0.0102939 -0.0304857 0.335016 0.00828884 -0.0322399 0.335016 0.00695597 -0.033316 0.334516 0.00793539 -0.0331656 0.335016 0.00546043 -0.0341516 0.334516 0.00397126 -0.035206 0.335016 0.00384526 -0.0347222 0.335016 0.00215678 -0.0350117 0.335016 0.00130026 -0.0350481 0.335016 0.000443744 -0.0350117 0.334516 0.000401324 -0.03551 0.335016 -0.00124468 -0.0347222 0.335016 -0.0028599 -0.0341516 0.334516 -0.00221826 -0.0349067 0.335016 -0.00435544 -0.033316 0.334516 -0.00662811 -0.0319261 0.335016 -0.00568826 -0.0322399 0.335016 -0.0068201 -0.030954 0.335016 -0.00771822 -0.0294951 0.335016 -0.008357 -0.0279057 0.334516 -0.00849987 -0.0288861 0.335016 -0.00871785 -0.026231 0.334516 -0.00917597 -0.0236065 0.335016 -0.00879063 -0.0245195 0.335016 -0.00857301 -0.0228203 0.335016 -0.00807138 -0.0211822 0.335016 -0.00730015 -0.0196527 0.334516 -0.00813062 -0.0201931 0.335016 -0.00628145 -0.0182753 0.335016 -0.00504465 -0.01709 0.334516 -0.0060078 -0.0173229 0.335016 -0.00362535 -0.0161307 0.335016 -0.00206436 -0.015425 0.334516 -0.00305004 -0.0153238 0.335016 -0.000406629 -0.0149933 0.334516 0.00235109 -0.0143652 0.335016 0.00130026 -0.0148482 0.334516 -0.00722207 0.0187487 0.334516 0.00922869 0.0180738 0.334516 0.011625 0.0228267 0.334516 0.0117765 0.0263933 0.334516 0.0107311 0.0298068 0.334516 0.00860838 0.032677 0.334516 -0.00533481 0.0168343 0.334516 -0.00221826 0.0150933 0.334516 0.00645123 0.0158312 0.334516 0.00218628 0.014642 0.334516 -0.00849987 0.0211137 0.334516 -0.00917597 0.0263933 0.334516 -0.00719131 0.0313322 0.334516 -0.00461407 0.0338024 0.334516 0.000404572 0.0355755 0.334516 0.00565068 0.0346761 0.395016 0.00130026 -0.0148482 0.395016 0.00300716 -0.0149933 0.395016 0.00466494 -0.015425 0.395016 0.00622599 -0.0161307 0.395016 0.00764523 -0.01709 0.395016 0.00888203 -0.0182753 0.395016 0.00990073 -0.0196527 0.395016 0.010672 -0.0211822 0.395016 0.0111735 -0.0228203 0.395016 0.0113911 -0.0245195 0.395016 0.0113185 -0.026231 0.395016 0.0109574 -0.0279057 0.395016 0.0103187 -0.0294951 0.395016 0.00942061 -0.030954 0.395016 0.00828884 -0.0322399 0.395016 0.00695596 -0.033316 0.395016 0.00546042 -0.0341516 0.395016 0.00384526 -0.0347222 0.395016 0.00215678 -0.0350117 0.395016 0.00130026 -0.0350481 0.395016 0.000443745 -0.0350117 0.395016 -0.00124468 -0.0347222 0.395016 -0.00285991 -0.0341516 0.395016 -0.00435545 -0.033316 0.395016 -0.00568827 -0.0322399 0.395016 -0.0068201 -0.030954 0.395016 -0.00771822 -0.0294951 0.395016 -0.00835701 -0.0279057 0.395016 -0.00871785 -0.026231 0.395016 -0.00879063 -0.0245195 0.395016 -0.00857295 -0.0228203 0.395016 -0.00807138 -0.0211822 0.395016 -0.00730015 -0.0196527 0.395016 -0.00628145 -0.0182753 0.395016 -0.00504466 -0.01709 0.395016 -0.00362535 -0.0161307 0.395016 -0.00206436 -0.015425 0.395016 -0.000406629 -0.0149933 0.335016 0.00300716 0.0350066 0.335016 0.00466494 0.0345748 0.335016 0.00622599 0.0338692 0.335016 0.00764523 0.0329099 0.335016 0.00888203 0.0317247 0.335016 0.00990073 0.0303473 0.335016 0.010672 0.0288176 0.335016 0.0111735 0.0271796 0.335016 0.0113911 0.0254804 0.335016 0.0113185 0.0237689 0.335016 0.0109574 0.0220942 0.335016 0.0103187 0.0205048 0.335016 0.00942062 0.0190459 0.335016 0.00828884 0.01776 0.335016 0.00695597 0.0166839 0.335016 0.00546043 0.0158483 0.335016 0.00384526 0.0152777 0.335016 0.00215678 0.0149882 0.335016 0.00130026 0.0149517 0.335016 0.000443742 0.0149882 0.335016 -0.00124468 0.0152777 0.335016 -0.0028599 0.0158483 0.335016 -0.00435544 0.0166839 0.335016 -0.00568826 0.01776 0.335016 -0.0068201 0.0190459 0.335016 -0.00771822 0.0205048 0.335016 -0.008357 0.0220942 0.335016 -0.00871791 0.0237689 0.335016 -0.00879063 0.0254804 0.335016 -0.00857301 0.0271796 0.335016 -0.00807138 0.0288176 0.335016 -0.00730015 0.0303473 0.335016 -0.00628145 0.0317247 0.335016 -0.00504465 0.0329099 0.335016 -0.00362535 0.0338692 0.335016 -0.00206436 0.0345748 0.335016 -0.000406631 0.0350066 0.335016 0.00130026 0.0351518 0.395016 0.00130026 0.0351518 0.395016 0.00300716 0.0350066 0.395016 0.00466494 0.0345748 0.395016 0.00622599 0.0338692 0.395016 0.00764523 0.0329099 0.395016 0.00888203 0.0317247 0.395016 0.00990073 0.0303473 0.395016 0.010672 0.0288176 0.395016 0.0111735 0.0271796 0.395016 0.0113911 0.0254804 0.395016 0.0113185 0.0237689 0.395016 0.0109574 0.0220942 0.395016 0.0103187 0.0205048 0.395016 0.00942061 0.0190459 0.395016 0.00828884 0.01776 0.395016 0.00695596 0.0166839 0.395016 0.00546042 0.0158483 0.395016 0.00384526 0.0152777 0.395016 0.00215678 0.0149882 0.395016 0.00130026 0.0149517 0.395016 0.000443742 0.0149882 0.395016 -0.00124468 0.0152777 0.395016 -0.00285991 0.0158483 0.395016 -0.00435545 0.0166839 0.395016 -0.00568827 0.01776 0.395016 -0.0068201 0.0190459 0.395016 -0.00771822 0.0205048 0.395016 -0.00835701 0.0220942 0.395016 -0.00871785 0.0237689 0.395016 -0.00879063 0.0254804 0.395016 -0.00857301 0.0271796 0.395016 -0.00807138 0.0288176 0.395016 -0.00730015 0.0303473 0.395016 -0.00628145 0.0317247 0.395016 -0.00504466 0.0329099 0.395016 -0.00362535 0.0338692 0.395016 -0.00206436 0.0345748 0.395016 -0.000406631 0.0350066 0.395516 -0.00305005 0.034676 0.395516 -0.00719132 0.0313322 0.395516 -0.00879856 0.0281445 0.395516 -0.00925197 0.0246036 0.395516 -0.00849988 0.0211137 0.395516 -0.00533481 0.0168343 0.395516 -0.00137057 0.0147939 0.395516 0.00308518 0.014642 0.395516 0.00645123 0.0158312 0.395516 0.00863479 0.0173991 0.395516 0.00982265 0.0187487 0.395516 0.0111005 0.0211137 0.395516 0.0118525 0.0246036 0.395516 0.0113991 0.0281445 0.395516 0.00860838 0.032677 0.395516 0.00565068 0.034676 0.395516 0.00219594 0.0355755 0.395516 0.00289683 -0.0143707 0.395516 -0.00136103 -0.014727 0.395516 -0.00461407 -0.0161976 0.395516 -0.00719132 -0.0186677 0.395516 -0.00879856 -0.0218554 0.395516 -0.00925197 -0.0253963 0.395516 -0.00849988 -0.0288861 0.395516 0.00721453 -0.0161976 0.395516 0.00925736 -0.017945 0.395516 0.0107311 -0.0201931 0.395516 -0.00662811 -0.0319261 0.395516 -0.0038506 -0.0341687 0.395516 -0.00137057 -0.035206 0.395516 0.0117765 -0.0236065 0.395516 0.0111005 -0.0288861 0.395516 0.00922869 -0.0319261 0.395516 0.00645123 -0.0341687 0.395516 0.00308518 -0.0353581 0.353541 0.00570027 -0.00269903 0.352529 0.00569998 -0.00497515 0.351277 0.00570027 -0.00222237 0.350209 0.00570027 -0.00413765 0.348479 0.00570039 -0.00216807 0.348001 0.00570027 -8.52272e-05 0.350189 0.00570027 9.90958e-05 0.348491 0.00570027 0.00235216 0.350886 0.0057001 0.00467692 0.351031 0.00570027 0.0020241 0.353016 0.00570027 0.00505178 0.352711 0.00570027 0.00283293 0.354744 0.0057001 0.00479744 0.356517 0.00570021 0.00364564 0.354526 0.00570027 0.00240718 0.355763 0.00570027 0.000718531 0.357737 0.00570027 0.00183187 0.358024 0.00570027 -0.000236779 0.355331 0.00570027 -0.00157006 0.357495 0.00570039 -0.00225766 0.355442 0.00570045 -0.00442077 0.357427 0.00180112 0.00244139 0.357981 0.00180022 0.000764271 0.357873 0.00180022 -0.00130953 0.352605 0.00860022 0.0027964 0.35348 0.00860022 0.00276224 0.354638 0.00860022 0.00233118 0.35571 0.00860022 0.000805966 0.355694 0.00860022 -0.000525451 0.355349 0.00860022 -0.00138475 0.354737 0.00860022 -0.00208004 0.353709 0.00860022 -0.00260939 0.35225 0.00860022 -0.00261475 0.350871 0.00860022 -0.00174506 0.350289 0.00860022 -0.000159924 0.35076 0.00860022 0.00181453 0.376529 0.00569998 -0.00497516 0.375711 0.00570027 -0.00242318 0.373741 0.00569998 -0.00385661 0.374234 0.00570027 -0.000625643 0.372161 0.00570027 -0.00132217 0.37205 0.00570027 0.000763995 0.374727 0.00570027 0.00166045 0.37294 0.00569992 0.0030856 0.374577 0.00570027 0.00441681 0.376213 0.00570027 0.00503634 0.376466 0.00570027 0.00282495 0.378744 0.00570009 0.00479744 0.380517 0.00570021 0.00364552 0.378941 0.00570027 0.00217031 0.381737 0.00570027 0.00183169 0.381962 0.00570027 -0.00113328 0.379828 0.00570027 -0.000234975 0.380492 0.00569997 -0.00360318 0.378313 0.00570027 -0.00253476 0.378679 0.00570027 -0.00468214 0.372413 0.00180022 0.002012 0.371971 0.00180022 0.000158132 0.377996 0.00860022 0.00264792 0.379305 0.00860022 0.00166027 0.37975 0.00860022 3.16595e-05 0.379362 0.00860022 -0.00147237 0.377922 0.00860022 -0.0025893 0.376323 0.00860022 -0.00260939 0.375008 0.00860022 -0.00193806 0.374337 0.00860022 -0.000525452 0.374361 0.00860022 0.000935757 0.37512 0.00860022 0.00202994 0.375887 0.00860022 0.00254862 0.376783 0.00860022 0.00278197 0.396992 -0.0012845 -0.0345693 0.395516 -0.00037285 -0.0347323 0.395516 -0.0056804 -0.0320514 0.395516 -0.00736626 -0.029787 0.396992 -0.00762977 -0.0293641 0.395516 -0.00853606 -0.0245303 0.396957 -0.00842793 -0.0228428 0.396962 -0.00728114 -0.0199281 0.395516 -0.00642093 -0.0187107 0.396939 -0.00501628 -0.0172499 0.395516 -0.00189735 -0.015516 0.395516 0.00137208 -0.014953 0.395516 0.00561766 -0.0159097 0.396992 0.00761865 -0.0172457 0.395516 0.00971989 -0.0197588 0.395516 0.0112984 -0.0255681 0.395516 0.010344 -0.0290386 0.395516 0.00677339 -0.0332687 0.395516 0.00208769 -0.0348797 0.395516 0.0170502 0.00905178 0.395516 -0.00509967 0.0107063 0.395516 0.0170502 -0.0249481 0.395516 0.0170502 -0.00894816 0.395516 0.00920026 -0.00894816 0.395516 0.00729428 0.0076112 0.395516 0.00220905 0.00648538 0.395516 -0.00860764 0.023783 0.395516 -0.0143311 0.0246882 0.395516 0.00260995 -0.0059311 0.395516 0.00710021 5.18287e-05 0.395518 0.00319926 -0.00383856 0.395516 -0.010565 0.0147577 0.395516 -0.0129063 -0.0188436 0.395516 0.0170502 0.0250518 0.395516 0.0159806 0.0306411 0.395516 0.0110649 0.0271563 0.395516 -0.0085295 -0.0369872 0.395516 -0.0135293 -0.0296006 0.395516 -0.0119907 0.0327021 0.395516 0.0159806 -0.0305375 0.395516 0.0121248 0.0362048 0.395516 0.00539706 0.040362 0.395516 0.00379704 0.0346587 0.395516 0.00195943 0.0349701 0.396973 0.00322972 -0.0347653 0.396957 -0.00353612 -0.0336072 0.397008 -0.00550659 -0.032216 0.396957 -0.00857361 -0.0262039 0.397004 -0.00297363 -0.0158901 0.397011 0.00124316 -0.0149537 0.397008 0.00450925 -0.0155216 0.397008 0.00971888 -0.01963 0.396957 0.0107835 -0.0220432 0.397008 0.0112434 -0.024411 0.397008 0.0108545 -0.0277541 0.396936 0.00897686 -0.0313373 0.397016 0.00614063 -0.0336127 0.395516 0.000465956 0.0151967 0.395516 -0.00293483 0.0160389 0.395516 -0.00554003 0.0179083 0.396957 -0.0079322 0.028771 0.395516 -0.00642093 0.0312892 0.395516 -0.00357123 0.0337722 0.396957 0.00877772 0.0316213 0.396962 0.010439 0.0289663 0.396957 0.0112451 0.0254656 0.395516 0.0109052 0.0225484 0.396992 0.0108031 0.0220609 0.395516 0.00933127 0.019112 0.396992 0.00813762 0.0178063 0.395516 0.0046113 0.0156942 0.396992 0.00373582 0.0153917 0.397004 -0.000230886 0.0151537 0.397004 -0.0048637 0.0171575 0.396957 -0.00759126 0.0205785 0.397008 -0.00856151 0.0236731 0.396957 -0.00853761 0.026311 0.397016 -0.00667937 0.0309536 0.396957 -0.00494589 0.0328013 0.396988 -0.00171115 0.034562 0.397016 0.00380109 0.0346566 0.396957 0.00616191 0.0337372 0.396957 0.00974623 0.0198523 0.396957 0.00613789 0.0163935 0.395616 0.0171503 0.0250518 0.395616 0.0171503 0.00895182 0.395616 -0.00408806 0.0101459 0.396975 -0.00528874 0.0105771 0.396955 -0.0107151 0.0146409 0.39701 -0.0138801 0.0203904 0.395616 -0.0142169 0.0218206 0.39701 -0.0145792 0.0249423 0.395616 -0.0144914 0.026409 0.39701 -0.0131361 0.0316668 0.395616 -0.0124365 0.0329588 0.396955 -0.0104271 0.0357861 0.395516 -0.00461735 0.0397963 0.395516 -0.00146045 0.0406583 0.395516 0.00218628 0.040914 0.396975 0.00662551 0.0400377 0.396955 0.0123803 0.0364532 0.396955 0.0151858 0.0327946 0.39701 0.016732 0.0287978 0.395616 0.0169828 0.0273501 0.39697 -0.000499805 0.00911538 0.395616 0.00320016 0.00331251 0.395616 0.0171503 -0.0249481 0.395616 0.0164836 -0.0294962 0.396975 0.0161202 -0.0307191 0.395616 0.0145401 -0.0336617 0.396975 0.0138411 -0.0347289 0.395616 0.0114832 -0.0370944 0.396975 0.0105072 -0.0379161 0.395516 0.00756453 -0.0395065 0.395516 0.00407342 -0.0405912 0.395516 -0.000531929 -0.0407292 0.395516 -0.00370391 -0.0399862 0.395616 -0.00582756 -0.0391049 0.39701 -0.00849654 -0.0374459 0.395616 -0.00959005 -0.0364643 0.395616 -0.0111448 -0.0347633 0.395616 -0.0124365 -0.0328551 0.395616 -0.0134379 -0.0307796 0.396975 -0.0139098 -0.0295943 0.395616 -0.0145214 -0.0240011 0.396975 -0.0144478 -0.0227275 0.395616 -0.0135842 -0.019501 0.396975 -0.0131483 -0.0183021 0.39701 -0.0108989 -0.014782 0.395616 -0.00988521 -0.0137183 0.395516 -0.00618757 -0.0109797 0.395516 -0.00144549 -0.00925197 0.395616 0.0171503 -0.00884815 0.395616 0.00920026 -0.00884815 0.395529 0.00720004 -0.00749023 0.395616 0.00720022 0.00695173 0.395616 0.00868253 0.00895129 0.397015 0.00869308 -0.00884719 0.397016 0.0171503 -0.00884815 0.397016 0.00720022 -0.00684817 0.397016 0.00720022 0.00695173 0.397017 0.00827102 0.00895039 0.397016 0.0171503 0.00895182 0.397016 0.0171503 0.0250518 0.397516 0.00557886 0.0155864 0.397516 0.00848774 0.0175525 0.397516 0.0105755 0.0203754 0.397516 0.0116036 0.0237323 0.397516 0.0114546 0.0272403 0.397516 0.0090978 0.0319146 0.397516 0.0051466 0.0346302 0.39751 0.00128536 0.0351383 0.397516 -0.00216009 0.0348458 0.397516 -0.00522526 0.0331335 0.397516 -0.00754489 0.030498 0.397516 -0.00885399 0.0272403 0.397516 -0.009003 0.0237323 0.397516 -0.00797488 0.0203754 0.397516 -0.00588711 0.0175525 0.397516 -0.00297828 0.0155864 0.397516 0.00233356 0.0146436 0.397516 0.00920026 0.00945179 0.397516 0.00313507 0.00585715 0.397516 0.00670026 0.00695173 0.397516 0.0166502 -0.0249481 0.397516 0.0166502 0.0250518 0.397516 0.0166502 0.00945179 0.397516 0.0166502 -0.00934811 0.397516 0.00920026 -0.00934811 0.397516 0.00228516 -0.0072604 0.397511 0.00745622 -0.00817158 0.397516 0.00345181 -0.00493898 0.397516 -0.000455197 -0.01471 0.397516 -0.000648511 -0.00957741 0.397516 0.0109387 -0.021075 0.397516 -0.00868662 0.0134484 0.397516 -0.00493713 0.0110706 0.397516 -0.000648512 0.00968109 0.397516 0.00511412 -0.0151094 0.397516 0.0090978 -0.0180854 0.397516 0.0116783 -0.0245073 0.397516 0.0162463 -0.0282634 0.397516 0.0112323 -0.0279898 0.397516 -0.00689854 -0.0120192 0.397516 -0.0037656 -0.0158798 0.397516 -0.00754489 -0.0195019 0.397516 -0.0102636 -0.0149155 0.397516 -0.0138172 0.0274681 0.397516 -0.0134209 0.0208496 0.397516 -0.0115962 0.0168021 0.397516 0.00175194 0.0080565 0.397516 0.00670026 -0.00684817 0.397516 0.00370024 5.18304e-05 0.397516 0.0162463 0.028367 0.397516 -0.0126561 -0.0186555 0.397516 -0.00885399 -0.0227597 0.397516 -0.0138747 -0.0229249 0.397516 -0.009003 -0.0262674 0.397516 -0.0138172 -0.0273644 0.397516 -0.00797488 -0.0296246 0.397516 -0.0124881 -0.0316007 0.397516 -0.00451638 -0.0335542 0.397516 0.00391768 -0.0350004 0.397516 0.00836186 -0.0385316 0.397516 0.00711695 -0.0335542 0.397516 0.0119626 -0.0359341 0.397516 0.00965176 -0.0311248 0.397516 0.0146665 -0.0324125 0.397516 -0.00999941 -0.0352773 0.397516 -0.00656034 -0.0380854 0.397516 -0.00110431 -0.0402127 0.397516 -0.000270128 -0.0353508 0.397516 0.0041673 -0.0399867 0.397516 0.0146665 0.0325163 0.397516 0.0102569 0.0374677 0.397516 0.0063176 0.0395156 0.397516 -0.000483607 0.0403344 0.397516 -0.00457229 0.03919 0.397516 -0.00999941 0.035381 0.397516 -0.0124881 0.0317043 0.397016 0.0171503 -0.0249481 0.397024 -0.00531973 -0.0105045 0.396955 -0.00814308 -0.01221 0.396955 -0.0144982 -0.0263064 0.397024 -0.0117666 -0.0339869 0.397024 -0.00464554 -0.0396821 0.397024 -0.000167735 -0.0407687 0.397016 0.00312875 -0.0406922 0.397024 0.00665907 -0.0399055 0.396955 0.0169895 -0.0272469 0.397026 -0.00047773 -0.00901385 0.396957 0.00141863 -0.00763728 0.397009 0.00318311 -0.00463243 0.397009 0.00319265 0.00434474 0.396957 0.00181918 0.00734822 0.396955 0.00961737 0.0385523 0.397024 0.00182037 0.0409317 0.397016 -0.0014657 0.0406586 0.397024 -0.00494255 0.0396623 0.396955 -0.00780942 0.0380307 0.396955 -0.0141344 0.0286855 0.396955 -0.0126429 0.0175003 0.396955 -0.00814231 0.012313 0.33304 -0.00128449 0.034673 0.334516 -0.00421275 0.0332086 0.333075 -0.00759126 0.0295251 0.33307 -0.00863959 0.0248543 0.334516 -0.00811334 0.0279347 0.334516 -0.00821389 0.0219199 0.334516 -0.00642092 0.0188144 0.33307 -0.00374313 0.0164842 0.334516 -0.00189735 0.0156195 0.334516 0.00137208 0.0150567 0.334516 0.00475584 0.0157122 0.334515 0.00685494 0.0168253 0.333075 0.00877772 0.0184822 0.334515 0.0101615 0.020579 0.334516 0.0114479 0.0247997 0.33307 0.011221 0.0244053 0.333092 0.00935291 0.0309099 0.33304 0.00813763 0.0322974 0.334516 0.010344 0.0291423 0.333092 0.00547324 0.0340933 0.334516 0.00298218 0.0348345 0.334516 0.000309663 0.0349607 0.334516 -0.0138047 -0.0206363 0.334516 -0.00079411 -0.00920488 0.334516 0.0170502 -0.00894816 0.334516 0.0170502 0.0250518 0.334516 0.00920026 0.00905178 0.334516 0.0170502 0.00905178 0.334516 0.00729428 -0.00750758 0.334516 0.00196795 -0.00702335 0.334516 0.00283502 0.00543629 0.334516 -0.00860764 -0.0236794 0.334516 -0.00053878 0.00913118 0.334516 0.00710021 5.18314e-05 0.334514 0.00319926 0.00394224 0.334515 0.0101604 -0.0203913 0.334516 0.0170502 -0.0249481 0.334516 -0.0118709 0.0169517 0.334516 -0.00618757 0.0110833 0.334516 -0.0085295 0.0370908 0.334516 -0.0136271 0.0285666 0.334516 -0.00711216 -0.0116823 0.334516 0.0150148 0.0327108 0.334516 0.0159806 -0.0305375 0.334516 -0.0140471 -0.0274011 0.334516 -0.0102939 -0.0355466 0.334516 0.0121248 -0.0361013 0.334516 0.00869076 -0.0314525 0.334516 0.00539707 -0.0402583 0.334516 0.00306271 -0.0347537 0.333027 0.0031539 0.0348945 0.333075 -0.00428052 0.0332934 0.333075 -0.00614454 0.031605 0.333075 -0.00839509 0.027142 0.333027 -0.00771548 0.0206893 0.333075 -0.00556292 0.0178917 0.333021 0.000400746 0.015049 0.333027 0.00527601 0.0158589 0.333023 0.0104965 0.0212329 0.333023 0.0108545 0.0278578 0.334516 -0.00223513 -0.0155762 0.334515 -0.004932 -0.0172225 0.33304 -0.00564857 -0.0178095 0.334516 -0.00673069 -0.0190083 0.333134 -0.00827797 -0.022301 0.333075 -0.00864382 -0.0253794 0.334516 -0.00846441 -0.0270526 0.33304 -0.00791462 -0.028734 0.334516 -0.00642092 -0.0311855 0.33304 -0.00612695 -0.0315877 0.334516 -0.00342758 -0.0337125 0.33304 0.00469176 -0.0343153 0.333075 0.00755994 -0.0326867 0.333075 0.00978045 -0.0301594 0.334516 0.0110649 -0.0270526 0.33304 0.0112565 -0.0252938 0.33307 0.0108698 -0.0222525 0.33307 0.00833992 -0.0179279 0.334516 0.00675438 -0.0166162 0.334516 0.00278442 -0.015042 0.333027 0.00146388 -0.0149338 0.333023 -0.00269653 -0.0158278 0.333023 -0.00753899 -0.0203631 0.333023 -0.00365569 -0.0335849 0.333099 -0.000928915 -0.034621 0.33302 0.00124316 -0.0349425 0.333016 0.0107902 -0.0278544 0.333016 0.00975172 -0.0197444 0.333023 0.00550608 -0.0159222 0.334416 0.0171503 -0.0249481 0.334416 0.0171503 -0.00884814 0.334416 -0.00408806 -0.0100422 0.333057 -0.00528873 -0.0104734 0.334416 -0.00813867 -0.0122151 0.333057 -0.009165 -0.0129727 0.333022 -0.0119041 -0.0161269 0.334416 -0.012637 -0.0174003 0.333076 -0.0139902 -0.020594 0.334416 -0.0145214 -0.0240011 0.333057 -0.0146002 -0.0252745 0.333022 -0.0131361 -0.0315632 0.334416 -0.0124365 -0.0328551 0.333076 -0.0104271 -0.0356824 0.334416 -0.00780512 -0.0379216 0.334516 -0.00461741 -0.0396926 0.334516 -0.00146057 -0.0405547 0.334516 0.00218628 -0.0408103 0.333022 0.00834368 -0.0391805 0.334416 0.00961427 -0.0384426 0.334416 0.0114832 -0.0370944 0.333057 0.0124624 -0.0362768 0.334416 0.0145401 -0.0336617 0.333057 0.0152437 -0.0325976 0.333022 0.016732 -0.0286941 0.334416 0.0169828 -0.0272465 0.333057 -0.00061296 -0.00904842 0.333075 0.00288628 -0.00534661 0.334416 0.00320016 -0.00320883 0.333096 0.00165759 0.00751124 0.334416 0.0171503 0.0250518 0.334416 0.0164836 0.0295999 0.333057 0.0161202 0.0308227 0.333022 0.0140852 0.0344708 0.334416 0.0131368 0.0355931 0.333022 0.0108447 0.0377433 0.334416 0.00961427 0.0385462 0.334516 0.00632636 0.0401234 0.334516 0.00312363 0.0407955 0.334516 -0.000531944 0.0408327 0.334516 -0.00370391 0.0400899 0.334416 -0.00582756 0.0392086 0.333022 -0.00849654 0.0375495 0.334416 -0.0095901 0.0365679 0.334416 -0.0111448 0.034867 0.333057 -0.0119371 0.033867 0.333076 -0.013872 0.0298011 0.333165 -0.0146037 0.025397 0.334416 -0.0142169 0.0218206 0.333076 -0.0131887 0.0185078 0.334416 -0.0113954 0.0155628 0.333057 -0.0106337 0.0145393 0.334516 -0.00408293 0.0101451 0.334416 0.0171503 0.00895183 0.334416 0.0087686 0.00895165 0.334516 0.00724839 0.0074241 0.334416 0.00720023 0.00695173 0.334416 0.00720023 -0.00684817 0.334415 0.00868253 -0.00884767 0.333016 0.0171503 0.00895183 0.333016 0.00867574 0.00895123 0.333016 0.00720052 0.00768863 0.333016 0.00720034 -0.00737198 0.333014 0.00842576 -0.00884743 0.333016 0.0171503 -0.00884814 0.333016 0.0171503 -0.0249481 0.332516 0.00557886 -0.0154828 0.332516 0.00848775 -0.0174489 0.332516 0.0112323 -0.0219065 0.332516 0.0116783 -0.025389 0.332516 0.0109387 -0.0288212 0.332516 0.0090978 -0.0318108 0.332516 0.00514661 -0.0345266 0.332516 -0.000455196 -0.0351862 0.332516 -0.0037656 -0.0340164 0.332516 -0.00649722 -0.0318108 0.332516 -0.00833811 -0.0288212 0.332516 -0.0090778 -0.025389 0.332516 -0.00797488 -0.0202716 0.332516 -0.0058871 -0.0174489 0.332516 -0.00297828 -0.0154828 0.332516 0.00233357 -0.0145399 0.332516 0.00920026 -0.00934811 0.332516 0.00313507 -0.00575347 0.332516 0.00670026 -0.00684817 0.332516 0.0166502 0.0250518 0.332516 0.0166502 -0.0249481 0.332516 0.0166502 -0.00934811 0.332516 0.0166502 0.00945179 0.332516 0.00920026 0.00945179 0.332516 -0.000648513 0.00968109 0.332516 0.00511424 0.0152132 0.332516 0.00851367 0.0175255 0.332516 0.0110499 0.0208747 0.332516 0.0160479 0.0288884 0.332516 0.0116036 0.0263712 0.332516 -0.000455198 0.0148138 0.332516 -0.00868662 -0.0133448 0.332516 -0.00493713 -0.0109669 0.332516 -0.000648512 -0.00957741 0.332516 -0.0140077 -0.0251468 0.332516 -0.0134209 -0.0207459 0.332516 -0.0115962 -0.0166984 0.332516 0.00175194 -0.00795282 0.332516 0.00228517 0.00736402 0.332516 0.00670026 0.00695173 0.332516 0.0162463 -0.0282634 0.332516 0.013443 -0.0342718 0.332516 0.00370024 0.00331251 0.332516 0.00370024 -0.00320883 0.332516 -0.0090778 0.024611 0.332516 -0.0140077 0.0252505 0.332516 -0.00863178 0.0280934 0.332516 -0.0133071 0.0296346 0.332516 -0.00705112 0.0312286 0.332516 -0.00493713 0.0110706 0.332516 -0.0037656 0.0159834 0.332516 -0.00754489 0.0196055 0.332516 -0.00868662 0.0134484 0.332516 -0.0126561 0.0187592 0.332516 0.00836186 -0.0385316 0.332516 0.0041673 -0.0399867 0.332516 -0.00168748 -0.0401092 0.332516 -0.00656034 -0.0380854 0.332516 -0.00999941 -0.0352773 0.332516 -0.0133071 -0.029531 0.332516 0.00391768 0.035104 0.332516 0.00848775 0.032551 0.332516 0.00836186 0.0386352 0.332516 0.013443 0.0343755 0.332516 0.0105755 0.0297283 0.332516 -0.0113778 0.0336333 0.332516 -0.00656034 0.038189 0.332516 -0.00297828 0.0345171 0.332516 -0.00246014 0.0398921 0.332516 0.000419357 0.0354019 0.332516 0.00337689 0.0403645 0.333016 0.0171503 0.0250518 0.333008 -0.00531973 0.0106081 0.333077 -0.00814308 0.0123136 0.333008 -0.0144692 0.0231116 0.333008 -0.00464542 0.0397858 0.333008 -0.000167738 0.0408722 0.333008 0.00443356 0.0406282 0.333016 0.00756965 0.0396092 0.333077 0.0169894 0.0273506 0.333005 -0.000477718 0.00911747 0.333023 0.00318311 0.00473611 0.333016 0.00320016 -0.00320883 0.333101 0.00105636 -0.0079921 0.333008 0.00411753 -0.0405849 0.333016 0.000826557 -0.0407911 0.333008 -0.00275804 -0.0403095 0.333008 -0.00699533 -0.0384989 0.333077 -0.0141344 -0.0285819 -0.0324843 0.00130028 0.0170518 0.397516 0.00130026 0.0170517 -0.0324843 0.00265229 0.0171668 0.397516 0.00265227 0.0171668 -0.0324843 0.00396532 0.0175088 0.397516 0.0039653 0.0175088 -0.0324843 0.00520182 0.0180676 0.397516 0.0052018 0.0180676 -0.0324843 0.00632596 0.0188275 0.397516 0.00632594 0.0188275 -0.0324843 0.00730562 0.0197664 0.397516 0.0073056 0.0197664 -0.0324843 0.00811249 0.0208574 0.397516 0.00811247 0.0208574 -0.0324843 0.00872332 0.0220689 0.397516 0.00872336 0.0220689 -0.0324843 0.0091207 0.0233664 0.397516 0.00912068 0.0233664 -0.0324843 0.00929302 0.0247123 0.397516 0.009293 0.0247122 -0.0324843 0.00923544 0.026068 0.397516 0.00923548 0.0260679 -0.0324843 0.00894958 0.0273943 0.397516 0.00894962 0.0273943 -0.0324843 0.00844365 0.0286535 0.397516 0.00844363 0.0286535 -0.0324843 0.00773221 0.0298088 0.397516 0.00773219 0.0298088 -0.0324843 0.00683576 0.0308275 0.397516 0.0068358 0.0308274 -0.0324843 0.00578004 0.0316798 0.397516 0.00578002 0.0316798 -0.0324843 0.00459546 0.0323416 0.397516 0.0045955 0.0323416 -0.0324843 0.0033161 0.0327937 0.397516 0.00331609 0.0327937 -0.0324843 0.0019787 0.0330229 0.397516 0.00197868 0.0330229 -0.0324843 0.00130028 0.0330517 0.397516 0.00130026 0.0330517 -0.0324843 0.000621841 0.0330229 0.397516 0.000621842 0.0330229 -0.0324843 -0.00071553 0.0327937 0.397516 -0.00071553 0.0327937 -0.0324843 -0.00199485 0.0323416 0.397516 -0.00199487 0.0323416 -0.0324843 -0.00317949 0.0316798 0.397516 -0.00317951 0.0316798 -0.0324843 -0.00423521 0.0308275 0.397516 -0.00423516 0.0308274 -0.0324843 -0.0051316 0.0298088 0.397516 -0.00513162 0.0298088 -0.0324843 -0.00584304 0.0286535 0.397516 -0.00584306 0.0286535 -0.0324843 -0.00634902 0.0273943 0.397516 -0.00634904 0.0273943 -0.0324843 -0.00663489 0.026068 0.397516 -0.00663485 0.0260679 -0.0324843 -0.00669247 0.0247123 0.397516 -0.00669249 0.0247122 -0.0324843 -0.00652015 0.0233664 0.397516 -0.00652017 0.0233664 -0.0324843 -0.00612282 0.0220689 0.397516 -0.00612284 0.0220689 -0.0324843 -0.00551194 0.0208574 0.397516 -0.00551184 0.0208574 -0.0324843 -0.00470507 0.0197664 0.397516 -0.00470497 0.0197664 -0.0324843 -0.00372547 0.0188275 0.397516 -0.00372543 0.0188275 -0.0324843 -0.0026012 0.0180676 0.397516 -0.00260122 0.0180676 -0.0324843 -0.00136483 0.0175088 0.397516 -0.00136484 0.0175088 -0.0324843 -5.17109e-05 0.0171668 0.397516 -5.17109e-05 0.0171668 0.397516 0.00130026 0.0350517 0.397516 0.000452225 0.0350157 0.397516 -0.00121947 0.0347292 0.397516 -0.00281866 0.034164 0.397516 -0.00429942 0.0333368 0.397516 -0.00561907 0.0322714 0.397516 -0.00673963 0.0309981 0.397516 -0.00762893 0.0295539 0.397516 -0.00826134 0.02798 0.397516 -0.00861867 0.0263219 0.397516 -0.00869067 0.0246273 0.397516 -0.00847526 0.0229451 0.397516 -0.00797857 0.0213232 0.397516 -0.00721498 0.0198087 0.397516 -0.00620641 0.0184451 0.397516 -0.00498189 0.0172714 0.397516 -0.00357665 0.0163216 0.397516 -0.00203105 0.0156231 0.397516 -0.000389754 0.0151956 0.397516 0.00130026 0.0150519 0.397516 0.00299017 0.0151956 0.397516 0.00463162 0.0156231 0.397516 0.00617723 0.0163216 0.397516 0.00758247 0.0172714 0.397516 0.00880698 0.0184451 0.397516 0.00981555 0.0198087 0.397516 0.0105791 0.0213232 0.397516 0.0110758 0.0229451 0.397516 0.0112912 0.0246273 0.397516 0.0112192 0.0263219 0.397516 0.010862 0.02798 0.397516 0.0102295 0.0295539 0.397516 0.00934021 0.0309981 0.397516 0.00821964 0.0322714 0.397516 0.00689999 0.0333368 0.397516 0.00541924 0.034164 0.397516 0.00381998 0.0347292 0.397516 0.00214831 0.0350157 -0.0324843 0.00214833 0.0350158 -0.0324843 0.00130028 0.0350518 -0.0324843 0.000452225 0.0350158 -0.0324843 -0.00121945 0.0347292 -0.0324843 -0.00281864 0.0341641 -0.0324843 -0.0042994 0.0333368 -0.0324843 -0.00561905 0.0322714 -0.0324843 -0.00673961 0.0309982 -0.0324843 -0.00762897 0.0295539 -0.0324843 -0.00826138 0.02798 -0.0324843 -0.00861871 0.0263219 -0.0324843 -0.00869071 0.0246273 -0.0324843 -0.00847524 0.0229451 -0.0324843 -0.00797862 0.0213233 -0.0324843 -0.00721496 0.0198087 -0.0324843 -0.00620639 0.0184451 -0.0324843 -0.00498187 0.0172714 -0.0324843 -0.00357663 0.0163216 -0.0324843 -0.00203103 0.0156231 -0.0324843 -0.000389755 0.0151956 -0.0324843 0.00130028 0.0150519 -0.0324843 0.00299019 0.0151956 -0.0324843 0.00463164 0.0156231 -0.0324843 0.00617713 0.0163216 -0.0324843 0.00758243 0.0172714 -0.0324843 0.008807 0.0184451 -0.0324843 0.00981557 0.0198087 -0.0324843 0.0105791 0.0213233 -0.0324843 0.0110758 0.0229451 -0.0324843 0.0112912 0.0246273 -0.0324843 0.0112193 0.0263219 -0.0324843 0.0108619 0.02798 -0.0324843 0.0102294 0.0295539 -0.0324843 0.00934017 0.0309982 -0.0324843 0.00821966 0.0322714 -0.0324843 0.00689989 0.0333368 -0.0324843 0.00541925 0.0341641 -0.0324843 0.00382 0.0347292 -0.0324843 0.00130028 -0.0329481 0.397516 0.00130026 -0.0329481 -0.0324843 0.00265229 -0.032833 0.397516 0.00265227 -0.032833 -0.0324843 0.00396532 -0.0324911 0.397516 0.0039653 -0.0324911 -0.0324843 0.00520182 -0.0319323 0.397516 0.0052018 -0.0319323 -0.0324843 0.00632596 -0.0311724 0.397516 0.00632594 -0.0311724 -0.0324843 0.00730562 -0.0302336 0.397516 0.0073056 -0.0302336 -0.0324843 0.00811249 -0.0291425 0.397516 0.00811247 -0.0291425 -0.0324843 0.00872332 -0.027931 0.397516 0.00872336 -0.027931 -0.0324843 0.0091207 -0.0266336 0.397516 0.00912068 -0.0266336 -0.0324843 0.00929302 -0.0252876 0.397516 0.009293 -0.0252876 -0.0324843 0.00923544 -0.023932 0.397516 0.00923548 -0.023932 -0.0324843 0.00894958 -0.0226055 0.397516 0.00894962 -0.0226055 -0.0324843 0.00844365 -0.0213464 0.397516 0.00844363 -0.0213464 -0.0324843 0.00773221 -0.0201911 0.397516 0.00773219 -0.0201911 -0.0324843 0.00683576 -0.0191724 0.397516 0.0068358 -0.0191724 -0.0324843 0.00578004 -0.0183201 0.397516 0.00578002 -0.0183201 -0.0324843 0.00459546 -0.0176583 0.397516 0.0045955 -0.0176583 -0.0324843 0.0033161 -0.0172062 0.397516 0.00331609 -0.0172063 -0.0324843 0.0019787 -0.0169769 0.397516 0.00197868 -0.016977 -0.0324843 0.00130028 -0.0169482 0.397516 0.00130026 -0.0169482 -0.0324843 0.000621844 -0.0169769 0.397516 0.000621844 -0.016977 -0.0324843 -0.000715528 -0.0172062 0.397516 -0.000715527 -0.0172063 -0.0324843 -0.00199485 -0.0176583 0.397516 -0.00199487 -0.0176583 -0.0324843 -0.00317949 -0.0183201 0.397516 -0.00317951 -0.0183201 -0.0324843 -0.00423521 -0.0191724 0.397516 -0.00423516 -0.0191724 -0.0324843 -0.0051316 -0.0201911 0.397516 -0.00513162 -0.0201911 -0.0324843 -0.00584304 -0.0213464 0.397516 -0.00584306 -0.0213464 -0.0324843 -0.00634902 -0.0226055 0.397516 -0.00634898 -0.0226055 -0.0324843 -0.00663489 -0.023932 0.397516 -0.00663485 -0.023932 -0.0324843 -0.00669247 -0.0252876 0.397516 -0.00669249 -0.0252876 -0.0324843 -0.00652015 -0.0266336 0.397516 -0.00652017 -0.0266336 -0.0324843 -0.00612282 -0.027931 0.397516 -0.00612284 -0.027931 -0.0324843 -0.00551194 -0.0291425 0.397516 -0.00551184 -0.0291425 -0.0324843 -0.00470507 -0.0302336 0.397516 -0.00470497 -0.0302336 -0.0324843 -0.00372547 -0.0311724 0.397516 -0.00372543 -0.0311724 -0.0324843 -0.0026012 -0.0319323 0.397516 -0.00260122 -0.0319323 -0.0324843 -0.00136483 -0.0324911 0.397516 -0.00136484 -0.0324911 -0.0324843 -5.17087e-05 -0.032833 0.397516 -5.17087e-05 -0.032833 0.397516 0.00130026 -0.0149481 0.397516 0.000452228 -0.0149842 0.397516 -0.00121947 -0.0152707 0.397516 -0.00281866 -0.0158359 0.397516 -0.00429942 -0.0166631 0.397516 -0.00561907 -0.0177285 0.397516 -0.00673963 -0.0190018 0.397516 -0.00762893 -0.0204461 0.397516 -0.00826134 -0.0220199 0.397516 -0.00861867 -0.023678 0.397516 -0.00869067 -0.0253726 0.397516 -0.0084752 -0.027055 0.397516 -0.00797857 -0.0286766 0.397516 -0.00721498 -0.0301912 0.397516 -0.00620641 -0.0315548 0.397516 -0.00498189 -0.0327285 0.397516 -0.00357665 -0.0336783 0.397516 -0.00203105 -0.0343768 0.397516 -0.000389752 -0.0348043 0.397516 0.00130026 -0.0349482 0.397516 0.00299017 -0.0348043 0.397516 0.00463162 -0.0343768 0.397516 0.00617723 -0.0336783 0.397516 0.00758247 -0.0327285 0.397516 0.00880698 -0.0315548 0.397516 0.00981555 -0.0301912 0.397516 0.0105791 -0.0286766 0.397516 0.0110758 -0.027055 0.397516 0.0112912 -0.0253726 0.397516 0.0112192 -0.023678 0.397516 0.010862 -0.0220199 0.397516 0.0102295 -0.0204461 0.397516 0.00934021 -0.0190018 0.397516 0.00821964 -0.0177285 0.397516 0.00689999 -0.0166631 0.397516 0.00541924 -0.0158359 0.397516 0.00381998 -0.0152707 0.397516 0.00214831 -0.0149842 -0.0324843 0.00214833 -0.0149842 -0.0324843 0.00130028 -0.0149481 -0.0324843 0.000452227 -0.0149842 -0.0324843 -0.00121945 -0.0152707 -0.0324843 -0.00281864 -0.0158359 -0.0324843 -0.0042994 -0.0166631 -0.0324843 -0.00561905 -0.0177285 -0.0324843 -0.00673961 -0.0190018 -0.0324843 -0.00762897 -0.0204461 -0.0324843 -0.00826138 -0.0220199 -0.0324843 -0.00861871 -0.023678 -0.0324843 -0.00869071 -0.0253726 -0.0324843 -0.00847524 -0.027055 -0.0324843 -0.00797862 -0.0286766 -0.0324843 -0.00721496 -0.0301912 -0.0324843 -0.00620639 -0.0315548 -0.0324843 -0.00498187 -0.0327285 -0.0324843 -0.00357663 -0.0336783 -0.0324843 -0.00203103 -0.0343768 -0.0324843 -0.000389752 -0.0348043 -0.0324843 0.00130028 -0.0349482 -0.0324843 0.00299019 -0.0348043 -0.0324843 0.00463164 -0.0343768 -0.0324843 0.00617713 -0.0336783 -0.0324843 0.00758243 -0.0327285 -0.0324843 0.008807 -0.0315548 -0.0324843 0.00981557 -0.0301912 -0.0324843 0.0105791 -0.0286766 -0.0324843 0.0110758 -0.027055 -0.0324843 0.0112912 -0.0253726 -0.0324843 0.0112193 -0.023678 -0.0324843 0.0108619 -0.0220199 -0.0324843 0.0102294 -0.0204461 -0.0324843 0.00934023 -0.0190018 -0.0324843 0.00821966 -0.0177285 -0.0324843 0.00689989 -0.0166631 -0.0324843 0.00541925 -0.0158359 -0.0324843 0.00382 -0.0152707 0.401016 -0.0102436 -0.0218609 0.397516 -0.0102368 -0.0214408 0.401016 -0.00926824 -0.0202834 0.397516 -0.00834467 -0.0197834 0.401016 -0.00756569 -0.0196534 0.397516 -0.00660052 -0.0198861 0.401016 -0.00583537 -0.0202021 0.397516 -0.00544305 -0.0206099 0.401016 -0.00475355 -0.021814 0.397516 -0.00498988 -0.0213473 0.39751 -0.00473388 -0.0252279 0.397516 -0.0133656 -0.0134019 0.401016 -0.0135917 -0.0134009 0.401016 -0.0121555 -0.0140474 0.397516 -0.0121435 -0.0141318 0.401016 -0.0112541 -0.0156229 0.397516 -0.0112465 -0.0155239 0.401016 -0.0117006 -0.0178439 0.397516 -0.0117097 -0.0177134 0.401016 -0.0135484 -0.0188965 0.397516 -0.0132283 -0.0188862 0.401016 -0.0135916 0.00359909 0.401016 -0.0121555 0.0029525 0.397516 -0.0131811 0.00359444 0.397516 -0.0118369 0.00253503 0.397516 -0.0113333 0.00129668 0.401016 -0.0112541 0.00137703 0.401016 -0.0117006 -0.000843956 0.397516 -0.0116223 -0.000434765 0.401016 -0.0135484 -0.0018964 0.397516 -0.0132283 -0.00188633 0.397516 0.0132758 -0.0156205 0.397516 0.00860022 -0.00744809 0.397516 0.0188002 -0.0252481 0.397516 0.00860022 0.00755177 0.397516 0.0185039 -0.0173452 0.397516 0.0188002 -0.00744809 0.397516 0.0187589 -0.0161899 0.397516 0.00200097 0.017401 0.397516 0.0133967 0.0170551 0.397516 0.0188002 0.00755177 0.397516 0.0188002 0.0253519 0.397516 0.0187589 0.0178101 0.397516 0.0184753 -0.0148434 0.397516 0.0152461 0.0205461 0.397516 0.00937526 0.0253519 0.397516 0.0140374 -0.0142092 0.397516 -0.0121435 0.0158354 0.397516 0.0152463 -0.0134538 0.397516 -0.00268491 0.0184337 0.397516 -0.0114076 0.016962 0.397516 0.0122503 -0.0252481 0.397516 0.0122441 -0.0218612 0.397516 0.0169967 -0.0188317 0.397516 0.0184753 0.0191566 0.397516 0.00451664 0.0179705 0.397516 0.013424 0.0190999 0.397517 0.00689475 0.0194278 0.397516 -0.0113176 0.0189449 0.397516 -0.00662466 0.0253519 0.397516 -0.0160497 0.0253519 0.397516 0.0171063 0.0204218 0.397516 -0.000374329 0.017523 0.397516 -0.0102497 -0.0252481 0.397516 -0.0160497 -0.0252481 0.397516 -0.0167996 -0.0244982 0.397516 -0.0167996 -0.018898 0.397516 0.000112882 -0.0203121 0.397516 0.00801579 -0.0200468 0.397516 0.0142823 0.0156434 0.397516 0.016523 0.0151033 0.397516 -0.0167996 0.0206018 0.397516 -0.0167996 0.0246017 0.397516 -0.0133656 0.020598 0.397516 0.0171063 -0.0135781 0.397516 0.00499396 -0.0221529 0.397516 0.00675408 -0.0218142 0.397509 0.00674323 -0.0252507 0.397516 0.0183009 0.016209 0.397516 -0.0167996 0.00360177 0.397516 -0.0167996 0.0151018 0.397516 0.0107332 -0.0198274 0.397516 0.0142376 -0.0184035 0.397516 0.0133485 -0.0168386 0.397516 -0.0134126 0.0151079 0.397518 -0.00302108 -0.0218723 0.397516 -0.0167996 -0.0133982 0.397516 -0.0167996 -0.00189807 0.397516 0.00248514 -0.0203909 0.401016 0.00675021 -0.0252481 0.401016 0.0122503 -0.0252481 0.411766 0.0228002 -0.0252481 0.332516 0.0188002 -0.0252481 0.332516 0.0228002 -0.0252481 0.401016 -0.00474973 -0.0252481 0.401169 -0.00251998 -0.0252481 0.401016 -0.0102497 -0.0252481 0.411766 -0.0160497 -0.0252481 0.402547 0.000303482 -0.0252481 0.402229 0.00261824 -0.0252481 0.332516 0.0188002 -0.00744809 0.332516 0.0188002 0.0253519 0.332516 0.0188002 0.00755177 0.412516 0.0173502 -0.0157967 0.401016 0.0170522 -0.0151878 0.412516 0.01708 -0.0152372 0.401016 0.0162155 -0.01474 0.412516 0.0164988 -0.0148262 0.412516 0.0159194 -0.0147459 0.401016 0.0153913 -0.0148732 0.401016 0.0147739 -0.0154235 0.412516 0.0151149 -0.0150133 0.412516 0.0146308 -0.0158078 0.401016 0.0145863 -0.0163441 0.412516 0.0146622 -0.0165883 0.401016 0.0151149 -0.0172829 0.412516 0.0150855 -0.0172399 0.412516 0.0158509 -0.017553 0.401016 0.0161467 -0.017565 0.412516 0.0166722 -0.017404 0.401016 0.0170042 -0.0171584 0.401016 0.017439 -0.0161853 0.412516 0.0173691 -0.0165925 0.401016 0.0173691 0.0182962 0.412516 0.0173444 0.0183659 0.412516 0.016715 0.0190703 0.401016 0.0165711 0.0191729 0.412516 0.0157807 0.0192741 0.401016 0.0156157 0.0192113 0.401016 0.0150016 0.0188511 0.412516 0.0149597 0.0188073 0.412516 0.014651 0.0182514 0.401016 0.0145998 0.0181194 0.412516 0.0146426 0.017462 0.401016 0.0147401 0.0171876 0.412516 0.0149209 0.016953 0.412516 0.0153913 0.016577 0.401016 0.0153372 0.0166043 0.412516 0.0162155 0.0164437 0.401016 0.0161468 0.016435 0.401016 0.0168183 0.0167101 0.401016 0.0172835 0.0172338 0.412516 0.0170521 0.0168914 0.412516 0.0173647 0.0175184 0.412516 0.0108695 -0.0220559 0.401016 0.0103749 -0.0213238 0.412516 0.0102231 -0.0212035 0.401016 0.00947438 -0.0210239 0.412516 0.0092908 -0.0210509 0.412516 0.00863598 -0.0213306 0.401016 0.00858543 -0.0213564 0.412516 0.00815557 -0.0219868 0.401016 0.00806395 -0.0222976 0.412516 0.00816236 -0.0228886 0.401016 0.00843595 -0.023417 0.412516 0.00850151 -0.0234474 0.412516 0.00899635 -0.0237592 0.401016 0.0092908 -0.0238453 0.412516 0.00946198 -0.0238521 0.412516 0.00993178 -0.0237847 0.401016 0.00999878 -0.02377 0.412516 0.0104562 -0.0234884 0.401016 0.0106606 -0.0232742 0.401016 0.0109245 -0.0222415 0.412516 0.0108422 -0.0228901 0.411766 -0.0115497 -0.0199982 0.409516 -0.0115497 -0.0199982 0.411766 -0.0115497 0.0253519 0.409516 -0.0115497 0.0246017 0.408766 -0.0115497 0.0253519 0.409516 0.0135503 -0.0199982 0.411766 0.0135503 -0.0199982 0.409516 0.0135503 0.0246017 0.411766 0.0135503 0.0253519 0.408766 0.0135503 0.0253519 0.409516 0.00396268 0.00934629 0.409516 -0.00369711 0.011692 0.409516 0.00596426 0.0129292 0.409516 0.00571458 0.011686 0.409516 0.00512783 0.010562 0.409516 -0.00403513 0.0136719 0.409516 0.00458626 0.0169599 0.409516 0.00583492 0.0146891 0.409516 -0.00303395 0.0164506 0.409516 0.000788835 0.00837431 0.409516 -0.000857283 0.00872908 0.409516 0.00245903 0.00858818 0.409516 -0.0022911 0.00961195 0.409516 -0.000940258 0.0179775 0.409516 0.000788835 0.0183292 0.409516 0.00239633 0.0181698 0.401016 -0.0167996 0.0151018 0.411766 -0.0167996 0.0246017 0.401016 -0.0167996 -0.00189807 0.401016 -0.0167996 -0.0133982 0.401016 -0.0167996 0.00360177 0.401016 -0.0167996 0.0206018 0.401016 -0.0167996 -0.018898 0.411766 -0.0167996 -0.0244982 0.411766 -0.0160497 0.0253519 0.332516 0.0228002 0.0253519 0.411766 0.0228002 0.0253519 0.405242 0.00367282 0.0253519 0.405466 0.000749527 0.0253519 0.399988 0.00898371 0.0253519 0.404143 -0.00334992 0.0253517 0.400568 -0.00599297 0.0253519 0.412516 -0.0122996 0.0246017 0.412516 -0.012561 0.0178889 0.412516 -0.0153973 0.017577 0.412516 -0.0128242 0.0170828 0.412516 -0.0138531 0.0192685 0.412516 -0.0129956 0.018862 0.412516 -0.0152597 0.018516 0.412516 -0.0146627 0.0190993 0.412516 -0.0133277 0.0165959 0.412516 -0.014149 0.0164469 0.412516 -0.0149145 0.01676 0.412516 -0.0125986 0.000754274 0.412516 -0.012646 0.00122653 0.412516 -0.0153946 0.000970555 0.412516 -0.0153309 0.00129966 0.412516 -0.012711 0.000292937 0.412516 -0.0129956 0.00186203 0.412516 -0.0131251 -0.000272414 0.412516 -0.0151057 0.00171755 0.412516 -0.0145627 0.00216017 0.412516 -0.0137317 0.00223891 0.412516 -0.0139094 -0.000558061 0.412516 -0.0146086 -0.000422995 0.412516 -0.0152954 0.000225506 0.412516 -0.0126127 -0.0158795 0.412516 -0.015409 -0.0159416 0.412516 -0.0133894 -0.014861 0.412516 -0.012848 -0.0153441 0.412516 -0.012688 -0.0167031 0.412516 -0.0152259 -0.0168727 0.412516 -0.0149663 -0.0151019 0.412516 -0.0134288 -0.0174692 0.412516 -0.0144986 -0.0174823 0.412516 -0.0142092 -0.0147509 0.412516 -0.0122996 -0.0207481 0.412516 -0.00608792 -0.0221683 0.412516 -0.00877436 -0.0230574 0.412516 -0.00890894 -0.0222414 0.412516 -0.00860568 -0.0215824 0.412516 -0.00668074 -0.0212828 0.412516 -0.00630047 -0.0232168 0.412516 -0.00704964 -0.0237994 0.412516 -0.00811435 -0.0237495 0.412516 -0.00806274 -0.0211398 0.412516 -0.00734236 -0.0210524 0.412516 0.0228002 -0.0244981 0.412516 0.0143002 -0.0207481 0.412516 0.0228002 0.0246017 0.412516 0.0143002 0.0246017 0.412516 -0.0160497 0.0246018 0.412516 -0.0160497 -0.0244982 0.407016 0.00599043 0.0140977 0.407016 0.00475721 0.0167814 0.407016 0.00254135 0.0181255 0.407016 0.000466843 0.0183691 0.407016 -0.00261779 0.0170029 0.407016 -0.00401677 0.0138874 0.407016 -0.00364091 0.0113726 0.407016 -0.00208624 0.00936041 0.407016 0.000252285 0.00836192 0.407016 0.00317935 0.00875519 0.407016 0.00558345 0.0111445 0.401016 -0.0128817 0.0187156 0.401016 -0.0135496 0.0192033 0.401016 -0.0144985 0.0191859 0.401016 -0.015153 0.0186677 0.401016 -0.0154235 0.0178864 0.401016 -0.015064 0.0168829 0.401016 -0.0139756 0.0164128 0.401016 -0.0129956 0.0168416 0.401016 -0.012561 0.0178147 0.401016 -0.012857 0.00172667 0.401016 -0.0139016 0.00228761 0.401016 -0.0149145 0.00194357 0.401016 -0.0153973 0.00112657 0.401016 -0.0152597 0.000187627 0.401016 -0.0146627 -0.000395711 0.401016 -0.0138531 -0.000564973 0.401016 -0.0129956 -0.000158445 0.401016 -0.0125838 0.00069649 0.401016 -0.0127516 -0.0154859 0.401016 -0.0134288 -0.014827 0.401016 -0.0144986 -0.0148139 0.401016 -0.0152954 -0.0155218 0.401016 -0.015326 -0.016707 0.401016 -0.0146627 -0.0173957 0.401016 -0.0138532 -0.017565 0.401016 -0.0129957 -0.0171583 0.401016 -0.0125838 -0.0163034 0.401016 -0.00615783 -0.0220061 0.401016 -0.00654383 -0.0214078 0.401016 -0.00728454 -0.0210401 0.401016 -0.00800355 -0.021137 0.401016 -0.00858577 -0.0215267 0.401016 -0.00890447 -0.0222979 0.401016 -0.00879927 -0.0230021 0.401016 -0.00836398 -0.0235656 0.401016 -0.00747569 -0.0238871 0.401016 -0.00658937 -0.0235284 0.401016 -0.00613041 -0.0228405 0.401016 0.0122485 -0.0219969 0.401016 0.0115115 -0.0205067 0.401016 0.00989507 -0.0196807 0.401016 0.00811205 -0.0200218 0.401016 0.00676207 -0.0216768 0.401016 0.0131425 0.0180186 0.401016 0.0187685 0.0174461 0.401016 0.0185039 0.0190487 0.401016 0.0177393 0.0156228 0.401016 0.0141877 0.0156823 0.401016 0.0159419 0.0150773 0.401016 0.014644 0.0203726 0.401016 0.0172077 0.0204081 0.401016 0.0135686 -0.01759 0.401016 0.0187456 -0.0156084 0.401016 0.0171063 -0.0187181 0.401016 0.0152463 -0.0188424 0.401016 0.0184753 -0.0174529 0.401016 0.0172369 -0.0135204 0.401016 0.0144564 -0.0137797 0.401016 0.0132763 -0.0155091 0.401016 -0.0112541 0.018377 0.401016 -0.0117006 0.016156 0.401016 -0.0135484 0.0151034 0.401016 -0.0135917 0.020599 0.401016 -0.0121555 0.0199526 0.332516 0.00860022 -0.00744809 0.332516 0.00860022 0.00755177 0.332516 0.0268003 0.0213519 0.332516 0.0268003 -0.0212482 0.351205 0.0268003 -0.00102527 0.351668 0.0268003 -0.00156714 0.355024 0.0268003 -0.000563095 0.375862 0.0268002 0.001815 0.353881 0.0268003 -0.00186171 0.376838 0.0268002 -0.00204058 0.352284 0.0268003 -0.00192381 0.352988 0.0268003 -0.00205685 0.375341 0.0268002 0.00133012 0.379099 0.0268002 -0.000214909 0.408516 0.0268002 -0.0212482 0.376661 0.0268002 0.00212161 0.376316 0.0268002 0.00203179 0.351341 0.0268003 0.00133 0.353545 0.0268003 -0.00198038 0.354315 0.0268003 -0.00160684 0.354704 0.0268003 -0.00119688 0.376487 0.0268002 -0.00198038 0.376151 0.0268002 -0.00186171 0.408516 0.0268002 0.0213518 0.378911 0.0268002 0.000972104 0.355069 0.0268003 0.000494255 0.354911 0.0268003 0.000972111 0.351011 0.0268003 0.000699065 0.350918 0.0268003 0.000140958 0.35095 0.0268003 -0.000361123 0.378015 0.0268002 -0.00180282 0.379109 0.0268002 0.000288179 0.378497 0.0268002 0.00155042 0.377912 0.0268002 0.00195823 0.375011 0.0268002 0.000699181 0.374918 0.0268002 0.000140957 0.354891 0.0268003 -0.000893595 0.37495 0.0268002 -0.000360997 0.375205 0.0268002 -0.00102516 0.377366 0.0268002 -0.00202365 0.378576 0.0268002 -0.00136395 0.378958 0.0268002 -0.000763174 0.375668 0.0268002 -0.00156714 0.355119 0.0268003 -6.9788e-05 0.377016 0.0268002 0.00215177 0.377371 0.0268002 0.00212161 0.354496 0.0268003 0.00155054 0.35404 0.0268003 0.0018851 0.353715 0.0268003 0.00203179 0.353226 0.0268003 0.00214802 0.352516 0.0268003 0.00209843 0.351862 0.0268003 0.00181501 0.351067 0.00860022 0.000834832 0.378882 0.00860022 0.00102894 0.355082 0.00860022 -0.000360235 0.354826 0.00860022 -0.00102545 0.351073 0.00860022 -0.000763017 0.350933 0.00860022 -0.000214908 0.350922 0.00860022 0.000287977 0.377854 0.00860022 0.00198458 0.355101 0.00860022 0.000351524 0.351303 0.00860022 0.00127874 0.378451 0.00860022 0.00159441 0.354364 0.00860022 -0.00156684 0.353881 0.00860022 -0.00186171 0.35181 0.00860022 0.00177936 0.352454 0.00860022 0.00208239 0.374992 0.00860022 0.000638167 0.375303 0.00860022 0.00127886 0.376151 0.00860022 -0.00186171 0.37584 0.00860022 -0.00168796 0.354964 0.00860022 0.000834831 0.353371 0.00860022 0.00212161 0.353715 0.00860022 0.00203179 0.374918 0.00860022 0.000140956 0.354169 0.00860022 0.00181495 0.375073 0.00860022 -0.000763118 0.374933 0.00860022 -0.000214909 0.35469 0.00860022 0.00133 0.352487 0.00860022 -0.00198038 0.352016 0.00860022 -0.00180264 0.351456 0.00860022 -0.00136395 0.376487 0.00860022 -0.00198038 0.375456 0.00860022 -0.00136395 0.379091 0.00860022 0.000317605 0.379082 0.00860022 -0.000360534 0.378826 0.00860022 -0.00102563 0.378364 0.00860022 -0.00156684 0.353545 0.00860022 -0.00198038 0.352887 0.00860022 -0.00204791 0.37581 0.00860022 0.00177936 0.376316 0.00860022 0.00203179 0.376661 0.00860022 0.00212161 0.377016 0.00860022 0.00215177 0.377371 0.00860022 0.00212161 0.377748 0.00860022 -0.0019237 0.353016 0.00860022 0.00215177 0.377148 0.00860022 -0.00204791 0.412141 0.0231752 0.0249768 0.412141 0.0231752 -0.024873 0.399962 -0.00466891 0.0205443 0.400214 -0.00284155 0.0189668 0.399719 0.0054584 0.0187551 0.39978 -0.000660992 0.017873 0.399827 0.00275652 0.0176959 0.401837 0.000297353 0.0186137 0.402589 0.00323592 0.0193887 0.401407 0.00653635 0.0204043 0.397517 0.00905947 0.0223731 0.40396 -0.000640414 0.0209247 0.403653 0.00137536 0.0201101 0.397517 -0.00651755 0.0228839 0.401427 -0.00543316 0.0234489 0.403824 0.00509689 0.0218832 0.401796 0.0079569 0.0232395 0.403137 -0.00332131 0.0218349 0.405195 0.00248556 0.0229698 0.405017 -0.00106813 0.0235797 0.403837 0.00653396 0.0253516 0.399464 0.000587917 -0.020531 0.399912 0.00295333 -0.0211149 0.399939 -0.00173195 -0.0215018 0.400132 0.00482325 -0.0226715 0.400905 0.00477694 -0.025248 0.40236 0.00101803 -0.0232296 0.4007 -0.00264795 -0.0235153 0.409516 0.00263808 0.00706152 0.409516 0.0105225 -0.013222 0.409516 0.005069 0.0083128 0.409516 0.00386969 0.0193099 0.409516 -0.00538071 0.014871 0.409516 -0.0096987 -0.0131471 0.409516 -0.00533088 0.0119873 0.409516 -0.00451465 0.0099561 0.409516 -0.000885672 0.00719855 0.409516 0.00700979 0.0109369 0.409516 0.00752006 0.0151602 0.409516 -0.0030684 0.0083128 0.409516 -0.00345828 0.0182358 0.409517 -0.00697215 0.0193162 0.409506 8.35954e-05 0.0198565 0.409516 0.0066493 -0.0181472 0.410516 0.00590096 0.0178942 0.410516 0.00761221 0.0132317 0.410516 0.0063564 0.00956551 0.410516 0.00382958 0.00743405 0.410516 -0.000489737 0.00683079 0.410516 -0.00418844 0.00933919 0.410516 -0.00559809 0.0129109 0.410516 -0.00465758 0.0166702 0.410516 -0.00232055 0.0190082 0.410516 0.00140087 0.0199527 0.410516 0.00161914 0.0176773 0.410516 0.0052142 0.0136453 0.410516 0.00320164 0.00983308 0.410498 -0.00083901 0.00935541 0.410216 -0.002602 0.0112637 0.410501 -0.00291027 0.014787 0.410216 0.00112734 0.0178919 0.410216 0.00522385 0.0134166 0.410216 0.00263933 0.0107155 0.410216 0.0037174 0.0148108 0.410216 0.00117682 0.0165311 0.410216 -0.00170131 0.0149178 0.410216 -0.00183071 0.0121286 0.410216 0.00393949 0.0125292 0.410216 4.80652e-05 0.0104185 0.408016 0.00161706 0.0165263 0.408016 -0.00124122 0.0154233 0.408016 -0.00210656 0.0130377 0.408016 0.000357195 0.0101383 0.408016 0.00375031 0.0118723 0.408016 0.00385914 0.0144207 0.408016 0.00272707 0.0130818 0.408016 0.000733297 0.0152238 0.408016 -0.000581644 0.0126084 0.408016 0.00122927 0.0116961 0.410216 0.0022798 0.0145424 0.410216 0.00231991 0.012253 0.410216 4.75738e-05 0.0118952 0.410216 -0.000396541 0.0145135 0.41038 -0.00666972 0.0204361 0.409516 -0.0096987 0.0188508 0.409806 -0.005286 0.0222375 0.410456 0.00665025 0.0236275 0.409559 0.00747399 0.0210992 0.411302 0.00706748 0.024707 0.410993 -0.0050645 0.02436 0.412066 -0.00464966 0.0253519 0.412264 -0.00598194 0.0248007 0.414266 -0.0116996 0.0253519 0.440266 -0.0116996 0.0253519 0.440266 -0.0091997 0.0253519 0.442266 -0.00819971 0.0253519 0.444016 0.0102002 0.0253519 0.442266 0.0102002 0.0253519 0.414266 -0.00919969 0.0253519 0.440266 0.0137002 0.0253519 0.442266 0.0137002 0.0253519 0.440266 0.0112002 0.0253519 0.414266 0.0112002 0.0253519 0.412066 0.00665025 0.0253519 0.414266 0.0137002 0.0253519 0.412266 0.0137002 0.0253519 0.412235 0.00801847 0.0242429 0.412266 0.00869236 0.0204494 0.409517 0.0087748 0.0193219 0.410448 0.00938378 0.0203561 0.412266 0.0128093 0.0203476 0.411016 0.0132003 -0.0136482 0.410698 0.0128212 0.0203436 0.409562 0.0120501 0.0189689 0.409736 0.0124757 0.00285117 0.409516 0.0116991 0.0188508 0.410728 0.0131688 -0.0138111 0.410222 0.0129706 0.019275 0.409876 0.0126747 0.0198244 0.409641 0.0122925 0.00283186 0.409562 0.0120737 -0.013633 0.437766 0.0132003 0.0218268 0.440266 0.0132003 0.0218268 0.416766 0.0132003 0.0218268 0.414266 0.0132003 0.0218268 0.437766 0.0132003 -0.00324811 0.426266 0.0132003 -0.00324811 0.426266 0.0132003 -0.00239815 0.440266 0.0132003 0.0138768 0.440266 0.0132003 0.00482676 0.437766 0.0132003 0.0138768 0.437766 0.0132003 0.00482676 0.437766 0.0132003 -0.012173 0.440266 0.0132003 -0.012173 0.440266 0.0132003 -0.00312312 0.414266 0.0132003 0.00482677 0.414266 0.0132003 0.0138768 0.416766 0.0132003 0.00482677 0.416766 0.0132003 0.0138768 0.416766 0.0132003 0.0177516 0.437766 0.0132003 0.0179521 0.437766 0.0132003 0.0177516 0.416766 0.0132003 0.0179521 0.416766 0.0132003 -0.00239815 0.416766 0.0132003 0.00075157 0.416766 0.0132003 0.000952085 0.437766 0.0132003 0.000952084 0.437766 0.0132003 0.000751569 0.437766 0.0132003 -0.00312312 0.426266 0.0132003 -0.0168982 0.416766 0.0132003 -0.0168982 0.437766 0.0132003 -0.0162484 0.426266 0.0132003 -0.0160482 0.437766 0.0132003 -0.0160481 0.442266 0.0132003 -0.0166482 0.444016 0.0132003 -0.0166482 0.444016 0.0132003 0.0223518 0.442266 0.0132003 0.0223518 0.412266 0.0132003 -0.0136482 0.412266 0.0132003 0.0193518 0.440266 0.0115131 0.0253272 0.414266 0.0115132 0.0253272 0.440266 0.0118182 0.0252539 0.414266 0.0118182 0.0252539 0.414266 0.0121082 0.0251338 0.440266 0.0122241 0.0250763 0.440266 0.0126144 0.024766 0.414266 0.0125239 0.0248584 0.440266 0.0128954 0.0244235 0.414266 0.0129247 0.0243758 0.440266 0.0131023 0.0239698 0.414266 0.0131023 0.0239698 0.440266 0.0131991 0.0235375 0.414266 0.0131996 0.0235125 0.440266 0.0188002 0.00482676 0.440266 0.0188002 0.0138768 0.440266 0.0188002 -0.012173 0.440266 0.0188002 -0.00312312 0.440266 -0.00352468 -0.0252481 0.440266 -0.00352468 -0.0196482 0.440266 0.00552521 -0.0252481 0.440266 0.00552521 -0.0196482 0.440266 0.0180565 -0.0201232 0.440266 0.0134752 -0.0201232 0.440266 0.0134907 -0.0254384 0.440266 -0.0111997 0.00482676 0.440266 -0.0167996 0.00482676 0.440266 -0.0111997 0.0138767 0.440266 -0.0167996 0.0138767 0.440266 -0.0111997 -0.0121731 0.440266 -0.0167996 -0.0121731 0.440266 -0.0111997 -0.00312312 0.440266 -0.0167996 -0.00312312 0.440266 -0.0160559 -0.0201232 0.440266 -0.0114746 -0.0201232 0.440266 -0.0116996 -0.0252481 0.440266 -0.0114746 -0.0252481 0.440266 0.0166964 0.0218268 0.440266 -0.0111997 0.0218268 0.440266 -0.014696 0.0218268 0.440266 -0.00951256 0.0253272 0.440266 -0.00981774 0.0252539 0.440266 -0.0101076 0.0251338 0.440266 -0.0105233 0.0248584 0.440266 -0.0108176 0.0245273 0.440266 -0.011063 0.0240933 0.440266 -0.011199 0.0235128 0.437766 0.0188002 0.0138768 0.439766 0.0188002 0.0153768 0.439766 0.0188002 0.0193518 0.437766 0.0188002 -0.0192481 0.437766 0.0188002 -0.0186232 0.439766 0.0188002 -0.0186232 0.437766 0.0188002 -0.00312312 0.437766 0.0188002 -0.00162311 0.439766 0.0188002 -0.00162311 0.439766 0.0188002 -0.0136731 0.442266 0.0188002 -0.0192481 0.437766 0.0188002 0.00332681 0.437766 0.0188002 0.00482676 0.439766 0.0188002 0.00332681 0.437766 0.0188002 -0.0136731 0.437766 0.0188002 -0.012173 0.442266 0.0188002 0.0193518 0.437766 0.0188002 0.0153768 0.439766 -0.0167996 0.0193518 0.439766 -0.0167996 0.0153768 0.439766 -0.0126211 0.0171817 0.439766 -0.0125707 0.0203268 0.439766 -0.0143018 0.0194825 0.439766 -0.0159709 0.0203268 0.439766 -0.0125707 0.0153768 0.439766 -0.0150489 0.0167383 0.439766 -0.0167996 0.00332681 0.439766 -0.0167996 -0.00162311 0.439766 -0.0152155 0.00187991 0.439766 -0.0125707 0.00332681 0.439766 -0.013146 0.00194601 0.439766 -0.0146916 -0.000419326 0.439766 -0.0126211 0.000181644 0.439766 -0.0125707 -0.00162311 0.439766 -0.00502469 -0.0210192 0.439766 -0.00805267 -0.0209514 0.439766 -0.00997468 -0.0210192 0.439766 -0.00997468 -0.0252481 0.439766 -0.00872191 -0.0232263 0.439766 -0.00502469 -0.0252481 0.439766 -0.0060273 -0.0223638 0.439766 -0.00711926 -0.023822 0.439766 0.00702516 -0.0210192 0.439766 0.00702516 -0.0252481 0.439766 0.00800691 -0.0222791 0.439766 0.0119752 -0.0210192 0.439766 0.0108891 -0.0221265 0.439766 0.00960145 -0.0210027 0.439766 0.0119752 -0.0252481 0.439766 0.0097867 -0.0239857 0.439766 0.0146417 -0.0168579 0.439766 0.0173912 -0.0159476 0.439766 0.0145713 -0.0136731 0.439766 0.0158452 -0.0145918 0.439766 0.0145713 -0.0186232 0.439766 0.0167257 -0.0174023 0.439766 0.0145713 -0.00162311 0.439766 0.0172026 0.00161777 0.439766 0.0145712 0.00332681 0.439766 0.0154884 0.00223486 0.439766 0.0145886 0.000525453 0.439766 0.0166781 -0.00059252 0.439766 0.0179714 0.0203268 0.439766 0.0162567 0.0194866 0.439766 0.0145712 0.0203268 0.439766 0.0145712 0.0153768 0.439766 0.0145886 0.0175255 0.439766 0.0168134 0.0164435 0.439766 -0.0167996 -0.0136731 0.439766 -0.0167996 -0.0186232 0.439766 -0.0125707 -0.0136731 0.439766 -0.0146187 -0.0148393 0.439766 -0.0129441 -0.0151899 0.439766 -0.0125707 -0.0186232 0.439766 -0.0129987 -0.0173483 0.439766 -0.0153858 -0.0167287 0.437766 -0.014696 0.0218268 0.437766 -0.0159709 0.0203268 0.442266 -0.0167996 0.0193518 0.442266 -0.0116996 0.0253519 0.437766 -0.0125707 0.0203268 0.439766 -0.0111417 0.0178517 0.437766 -0.0111997 0.0179521 0.437766 0.0145712 0.0153768 0.437766 0.0166964 0.0218268 0.437766 0.0179714 0.0203268 0.437766 0.0145712 0.0203268 0.437766 0.0145713 -0.00162311 0.437766 0.0145712 0.00332681 0.437766 0.00702516 -0.0252481 0.437766 0.00552521 -0.0252481 0.437766 0.00702516 -0.0210192 0.437766 0.00552521 -0.0196482 0.437766 0.00939999 -0.0196482 0.437766 -0.0111997 0.0218268 0.437766 -0.0167996 0.0138767 0.437766 -0.0167996 0.0153768 0.437766 -0.0111997 0.0138767 0.437766 -0.0125707 0.0153768 0.437766 -0.0111997 0.0177516 0.437766 -0.0167996 0.00332681 0.437766 -0.0167996 0.00482676 0.437766 -0.0125707 0.00332681 0.437766 -0.0111997 0.00482676 0.437766 -0.0111997 0.000952083 0.437766 -0.0167996 -0.00312312 0.437766 -0.0167996 -0.00162311 0.437766 -0.0111997 -0.00312312 0.437766 -0.0125707 -0.00162311 0.437766 -0.0111997 0.000751567 0.437766 -0.00352468 -0.0252481 0.437766 -0.00502469 -0.0252481 0.437766 -0.00352468 -0.0196482 0.437766 -0.00502469 -0.0210192 0.437766 -0.0073994 -0.0196482 0.437766 -0.0111997 -0.00324811 0.437766 -0.0105997 -0.00324811 0.437766 -0.0111997 -0.0121731 0.437766 -0.0105997 -0.0160482 0.437766 -0.0167996 -0.0136731 0.437766 -0.0167996 -0.0121731 0.437766 -0.0125707 -0.0136731 0.437766 -0.0111996 -0.0160481 0.437766 0.0126003 -0.0160482 0.437766 0.0126003 -0.00324811 0.437766 0.0145713 -0.0136731 0.437766 -0.0114746 -0.0201232 0.437766 -0.00997468 -0.0252481 0.437766 -0.0114746 -0.0252481 0.437766 -0.00997468 -0.0210192 0.437766 -0.0160559 -0.0201232 0.437766 -0.0125707 -0.0186232 0.437766 -0.0167996 -0.0192481 0.437766 -0.0167996 -0.0186232 0.437766 -0.0111974 -0.0178398 0.437766 -0.0111997 -0.0162484 0.437766 -0.0102235 -0.0193727 0.437766 -0.00981774 -0.0195503 0.437766 -0.00936254 -0.0196472 0.437766 -0.00759991 -0.0196482 0.437766 -0.0110417 -0.0184414 0.437766 -0.0107064 -0.0189718 0.437766 0.0134752 -0.0252481 0.437766 0.0119752 -0.0252481 0.437766 0.0134752 -0.0201232 0.437766 0.0119752 -0.0210192 0.437766 0.0131023 -0.0182662 0.437766 0.0131983 -0.0178172 0.437766 0.0145713 -0.0186232 0.437766 0.0180565 -0.0201232 0.437766 0.0129248 -0.018672 0.437766 0.0112002 -0.0196482 0.437766 0.0096005 -0.0196482 0.437766 0.0116957 -0.0195915 0.437766 0.012417 -0.0192551 0.439766 0.0131423 0.0178517 0.439766 -0.0111417 0.000851829 0.439766 -0.00749965 -0.0195902 0.439766 0.00950024 -0.0195902 0.439766 0.0131423 0.00085183 0.439766 -0.0111417 -0.0161481 0.439766 0.0131423 -0.0161481 0.414266 -0.0111997 0.0218268 0.416766 -0.0111997 0.0218268 0.416766 -0.0111997 0.000751568 0.416766 -0.0111997 -0.00239815 0.426266 -0.0111997 -0.00239815 0.416766 -0.0111997 0.0179521 0.416766 -0.0111997 0.0177516 0.416766 -0.0111997 0.0138767 0.426266 -0.0111997 -0.00324811 0.414266 -0.0111997 0.0138767 0.414266 -0.0111997 0.00482677 0.416766 -0.0111997 0.00482677 0.416766 -0.0111997 0.000952084 0.426266 -0.0111997 -0.0168982 0.416766 -0.0111997 -0.0168982 0.426266 -0.0111997 -0.0160482 0.442266 -0.0111997 -0.0166482 0.444016 -0.0111997 -0.0166482 0.444016 -0.0111997 0.0223518 0.442266 -0.0111992 0.023 0.412266 -0.0111997 -0.0136482 0.411016 -0.0111997 -0.0136482 0.414266 -0.0111986 0.0235377 0.414266 -0.0110417 0.0241452 0.414266 -0.0107064 0.0246754 0.414266 -0.0102235 0.0250763 0.414266 -0.00981774 0.0252539 0.414266 -0.00951256 0.0253272 0.414266 0.0188002 0.00482677 0.414266 0.0188002 0.0138768 0.414266 -0.00352468 -0.0196482 0.414266 -0.00352468 -0.0252481 0.414266 0.00552521 -0.0196482 0.414266 0.00552521 -0.0252481 0.414266 0.0180564 -0.0201232 0.414266 0.0135217 -0.0254169 0.414266 0.0134752 -0.0201232 0.414266 -0.0167996 0.00482677 0.414266 -0.0167996 0.0138767 0.414266 -0.0114907 -0.0254438 0.414266 -0.0160559 -0.0201232 0.414266 -0.0114746 -0.0201232 0.414266 0.0188002 -0.012173 0.414266 0.0188002 -0.00312312 0.414266 0.0178002 -0.012173 0.414266 0.0178002 -0.00312312 0.414266 -0.0167996 -0.00312312 0.414266 -0.0167996 -0.0121731 0.414266 -0.0157997 -0.00312312 0.414266 -0.0157997 -0.0121731 0.414266 0.0166964 0.0218268 0.414266 -0.014696 0.0218268 0.416766 0.0188002 0.0138768 0.416766 -0.00502469 -0.0252481 0.416766 -0.00352468 -0.0252481 0.416766 -0.00502469 -0.0210192 0.416766 -0.00352468 -0.0196482 0.416766 -0.0073994 -0.0196482 0.416766 -0.0167996 0.00482677 0.416766 -0.0167996 0.00332681 0.416766 -0.0125707 0.00332681 0.416766 -0.0167996 0.0153768 0.416766 -0.0167996 0.0138767 0.416766 -0.0125707 0.0153768 0.416766 -0.014696 0.0218268 0.416766 -0.0159709 0.0203268 0.416766 -0.0125707 0.0203268 0.416766 0.00552521 -0.0252481 0.416766 0.00702516 -0.0252481 0.416766 0.00552521 -0.0196482 0.416766 0.00702516 -0.0210192 0.416766 0.00939999 -0.0196482 0.416766 0.0188002 0.00332681 0.416766 0.0188002 0.00482677 0.416766 0.0145712 0.00332681 0.416766 0.0179714 0.0203268 0.416766 0.0166964 0.0218268 0.416766 0.0145712 0.0203268 0.416766 0.0188002 0.0153768 0.416766 0.0145712 0.0153768 0.416766 0.0178002 -0.00312312 0.416766 0.0188002 -0.00312312 0.416766 0.0178002 -0.00239815 0.416766 0.0188002 -0.00162311 0.416766 0.0145712 -0.00162311 0.416766 -0.0167996 -0.00312312 0.416766 -0.0157997 -0.00312312 0.416766 -0.0167996 -0.00162311 0.416766 -0.0157997 -0.00239815 0.416766 -0.0125707 -0.00162311 0.416766 0.0188002 -0.0136731 0.416766 0.0188002 -0.012173 0.416766 0.0178002 -0.0136731 0.416766 0.0178002 -0.012173 0.416766 -0.0167996 -0.0121731 0.416766 -0.0167996 -0.0136731 0.416766 -0.0157997 -0.0121731 0.416766 -0.0157997 -0.0136731 0.416766 -0.0114746 -0.0252481 0.416766 -0.00997468 -0.0252481 0.416766 -0.0114746 -0.0201232 0.416766 -0.00997468 -0.0210192 0.416766 -0.0110133 -0.0185275 0.416766 -0.0160559 -0.0201232 0.416766 -0.0167996 -0.0192481 0.416766 -0.0125707 -0.0186232 0.416766 -0.0167996 -0.0186232 0.416766 -0.0115748 -0.0168982 0.416766 -0.0111966 -0.017825 0.416766 -0.00938238 -0.0196475 0.416766 -0.00759991 -0.0196482 0.416766 -0.00999297 -0.0194902 0.416766 -0.0105233 -0.0191547 0.416766 0.0134752 -0.0201232 0.416766 0.0126144 -0.0190624 0.416766 0.0119752 -0.0252481 0.416766 0.0134752 -0.0252481 0.416766 0.0119752 -0.0210192 0.416766 0.0180564 -0.0201232 0.416766 0.0145712 -0.0186232 0.416766 0.0188002 -0.0192481 0.416766 0.0188002 -0.0186232 0.416766 0.0135753 -0.0168982 0.416766 0.0131967 -0.0178468 0.416766 0.0122241 -0.0193727 0.416766 0.0118182 -0.0195503 0.416766 0.011363 -0.0196472 0.416766 0.0096005 -0.0196482 0.416766 0.0131023 -0.0182662 0.416766 0.0128954 -0.0187199 0.414766 -0.00749965 -0.0195902 0.414766 -0.00502469 -0.0210192 0.414766 -0.00502469 -0.0252481 0.414766 0.0119752 -0.0252481 0.414766 -0.00997467 -0.0252481 0.414766 0.00702516 -0.0252481 0.412266 0.0137002 -0.0252481 0.414766 -0.0125707 -0.0186232 0.414766 -0.0111417 -0.0161481 0.414766 -0.0167996 -0.0186232 0.414766 -0.0167996 -0.0136731 0.414766 -0.0130266 -0.0172286 0.414766 -0.0147413 -0.017358 0.414766 -0.0128087 -0.015283 0.414766 -0.0125707 -0.0136731 0.414766 -0.0152725 -0.0151921 0.414766 0.0188002 -0.0186232 0.414766 0.0174505 -0.0161063 0.414766 0.0188002 -0.0136731 0.414766 0.0145712 -0.0186232 0.414766 0.0131423 -0.0161481 0.414766 0.0163442 -0.0175556 0.414766 0.0145712 -0.0136731 0.414766 0.0144973 -0.0164494 0.414766 0.0160222 -0.0146453 0.414766 -0.0153761 0.0173222 0.414766 -0.0167996 0.0193518 0.414766 -0.0137813 0.0164414 0.414766 -0.0125707 0.0153768 0.414766 -0.0167996 0.0153768 0.414766 -0.0125707 0.0203268 0.414766 -0.0124549 0.0182935 0.414766 -0.0159709 0.0203268 0.414766 -0.0146916 0.0191229 0.414766 -0.0167996 -0.00162311 0.414766 -0.0125707 -0.00162311 0.414766 -0.0129975 0.00186579 0.414766 -0.0127708 4.79895e-05 0.414766 -0.0167996 0.00332681 0.414766 -0.0146187 -0.000457044 0.414766 -0.0152725 0.00180785 0.414766 -0.0125707 0.00332681 0.414766 -0.00778051 -0.023955 0.414766 -0.00997467 -0.0210192 0.414766 -0.00616314 -0.0228812 0.414766 -0.00891133 -0.0221216 0.414766 -0.00695749 -0.0209811 0.414766 0.0119752 -0.0210192 0.414766 0.00802604 -0.022489 0.414766 0.00702516 -0.0210192 0.414766 0.00935576 -0.0238898 0.414766 0.0108838 -0.0228882 0.414766 0.00978671 -0.0209106 0.414766 0.0174571 0.00089036 0.414766 0.0188002 -0.00162311 0.414766 0.0188002 0.00332681 0.414766 0.0145712 -0.00162311 0.414766 0.0158452 -0.000704495 0.414766 0.0145712 0.00332681 0.414766 0.0145886 0.00117819 0.414766 0.016147 0.00231926 0.414766 0.0188002 0.0193518 0.414766 0.0188002 0.0153768 0.414766 0.0176621 0.0180375 0.414766 0.0147311 0.0188188 0.414766 0.0145712 0.0153768 0.414766 0.0154884 0.0164687 0.414766 0.0145712 0.0203268 0.414766 0.0179714 0.0203268 0.416766 -0.0125707 -0.0136731 0.416766 0.0131423 -0.0161481 0.416766 0.0178002 -0.0168982 0.416766 0.0145712 -0.0136731 0.416766 -0.0111417 -0.0161481 0.416766 -0.0157997 -0.0168982 0.426266 0.0178002 -0.0168982 0.426266 0.0178002 -0.00239815 0.426266 0.0128302 -0.0158582 0.426266 0.0175502 -0.0158582 0.426266 0.0175502 -0.00343813 0.426266 0.0128302 -0.00343813 0.426266 0.0126003 -0.00324811 0.426266 0.0126003 -0.0160482 0.426266 -0.0157997 -0.0168982 0.426266 -0.0157997 -0.00239815 0.426266 -0.0155496 -0.00343813 0.426266 -0.0108296 -0.00343813 0.426266 -0.0155496 -0.0158582 0.426266 -0.0108296 -0.0158582 0.426266 -0.0105997 -0.0160482 0.426266 -0.0105997 -0.00324811 0.412266 -0.0167996 0.0193518 0.414766 -0.0111417 0.0178517 0.414766 -0.0111417 0.000851829 0.414766 0.00950025 -0.0195902 0.414766 0.0131423 0.000851831 0.414766 0.0131423 0.0178517 0.442266 0.0108319 -0.0196487 0.442266 -0.00922461 -0.0196487 0.442266 0.0137002 -0.0252481 0.442266 -0.0116996 -0.0252481 0.442266 -0.0167996 -0.0192481 0.442266 -0.0138536 -0.0146762 0.442266 -0.0155319 -0.0161911 0.442291 -0.0110367 -0.0177921 0.442266 -0.0125829 -0.0159887 0.442266 -0.0136442 -0.0176127 0.442266 -0.0153255 0.00102119 0.442266 -0.0149987 -0.000207938 0.442266 -0.0149431 0.00186966 0.442266 -0.0127707 0.00143943 0.442266 -0.0126546 0.000851825 0.442266 -0.0130407 -0.000247355 0.442266 -0.0136219 0.00222836 0.442266 -0.015295 0.0183963 0.442266 -0.0138536 0.0193237 0.442266 -0.0149987 0.016792 0.442266 -0.0125829 0.0180111 0.442266 -0.0133919 0.0166899 0.442266 -0.00870504 -0.0213565 0.442266 -0.00643023 -0.0215365 0.442266 -0.00625541 -0.0232399 0.442266 -0.00821401 -0.0236818 0.442266 0.00797621 -0.0220968 0.442266 0.00960586 -0.0239472 0.442266 0.0109738 -0.022153 0.442266 0.00964109 -0.0210675 0.442266 0.0172026 -0.0169141 0.442266 0.0148583 -0.017306 0.442266 0.0127905 -0.0180431 0.442266 0.0171022 -0.0152074 0.442266 0.0153126 -0.0148727 0.442266 0.0150119 -0.000147152 0.442266 0.0163793 -0.000395274 0.442266 0.01466 0.000737754 0.442266 0.017306 0.000425865 0.442266 0.0149271 0.00182525 0.442266 0.0167257 0.00210593 0.442266 0.0173527 0.0183717 0.442266 0.0162474 0.0162756 0.442266 0.0145403 0.0180607 0.442266 0.0159011 0.019274 0.442266 0.012892 0.0239147 0.442266 0.0111912 0.0252083 0.444668 0.0113535 0.0251273 0.444909 -0.0035996 0.0247848 0.445016 0.00100027 0.0243517 0.442275 -0.0102096 0.0246451 0.444565 -0.0110389 0.0233895 0.444248 -0.011169 0.0223518 0.444774 -0.0108472 0.0223518 0.445016 -0.000921042 0.0112343 0.445016 -0.0101996 0.00285176 0.445016 0.00334464 0.011715 0.445016 0.0122002 -0.0166482 0.445016 0.00384466 0.0137768 0.445016 0.00374834 0.0126363 0.445016 -0.00163712 0.0123143 0.445016 -0.00185861 0.013395 0.445016 0.0023642 0.0108674 0.445016 0.00314168 0.0153067 0.445016 3.64194e-05 0.0106865 0.445016 0.00136087 0.010535 0.445016 -0.00149586 0.014827 0.445016 0.00187872 0.0160727 0.445016 0.00100027 -0.0186481 0.445016 0.000879761 0.0161889 0.445016 -0.000239134 0.0159471 0.444248 0.0131695 0.0223518 0.444537 0.0130502 0.0223518 0.444774 0.0128476 0.0223518 0.444937 0.0125817 -0.00689812 0.444556 0.0128073 0.0240345 0.444387 -0.00898488 0.025294 0.445003 0.0123566 0.00285176 0.444774 0.0128478 -0.0166482 0.44454 0.0130557 -0.0176135 0.444248 0.0131696 -0.0166482 0.444389 0.0109423 -0.0195911 0.444862 0.0123161 -0.0187889 0.444967 -0.00892206 -0.018956 0.444848 0.00100027 -0.0191808 0.444248 -0.011169 -0.0166482 0.444537 -0.0110496 -0.0166482 0.444774 -0.0108472 -0.0166482 0.444907 -0.0106537 0.00285176 0.444986 -0.0104659 -0.017062 0.444473 -0.00933303 -0.0195516 0.449866 0.00392912 0.0134272 0.449866 0.00327603 0.0115934 0.449866 0.00169102 0.0105046 0.449866 -0.000239126 0.0107565 0.449866 -0.00149586 0.0118766 0.449866 -0.00186988 0.0135342 0.449866 -0.0011663 0.0153239 0.449866 0.00104926 0.0162812 0.449866 0.00304429 0.0154083 0.409983 0.00791977 -0.0193469 0.409573 -0.0050707 -0.0185894 0.409516 -0.00669731 -0.0134962 0.412266 0.00820849 -0.014753 0.410555 -0.00614049 -0.0196459 0.412266 0.00813584 -0.0196475 0.412266 -0.0133739 -0.0174838 0.412266 -0.00618167 -0.0146957 0.412266 -0.0151326 -0.0170134 0.412266 -0.0153496 -0.0161481 0.412266 -0.0149987 -0.0150883 0.412266 -0.0127273 -0.015275 0.412266 -0.0130342 -0.00021231 0.412266 -0.0127257 0.00153277 0.412266 -0.0145108 0.00223563 0.412266 -0.0153732 0.00065263 0.412266 -0.0146435 -0.000402436 0.412266 -0.0116996 0.0253519 0.412266 -0.0128488 0.0188225 0.412266 -0.0132472 0.0165512 0.412266 -0.00680448 0.0203991 0.412266 -0.0151039 0.0188421 0.412266 -0.0151326 0.0169865 0.412266 -0.00514968 -0.0196482 0.412266 -0.00624861 -0.0228838 0.412266 -0.00601162 -0.019103 0.412266 -0.0116996 -0.0252481 0.412266 -0.0167996 -0.0192481 0.412266 -0.00901844 -0.0229371 0.412266 -0.00692483 -0.0209432 0.412266 -0.00701054 -0.0237655 0.412266 0.0188002 -0.0192481 0.412266 0.012806 -0.0146398 0.412266 0.014779 -0.0152722 0.412266 0.0171269 -0.0170696 0.412266 0.0151925 -0.0173821 0.412266 0.0169508 -0.0150069 0.412266 0.0188002 0.0193518 0.412266 0.0146417 0.017142 0.412266 0.0172888 0.018677 0.412266 0.0152859 0.0190856 0.412266 0.0167257 0.0165976 0.412266 0.01466 0.000965904 0.412266 0.0170558 0.00181 0.412266 0.015262 0.00212852 0.412266 0.017326 0.000681744 0.412266 0.0149271 -0.000121667 0.412266 0.0167257 -0.000402353 0.412266 0.00855694 -0.0213145 0.412266 0.0109814 -0.0218355 0.412266 0.0082048 -0.0229927 0.412266 0.00964705 -0.0239155 0.410556 -0.0111274 0.0197323 0.409542 -0.00998058 -0.0134118 0.412265 -0.0112001 0.0203467 0.410728 -0.0111701 0.0028554 0.410431 -0.0110796 -0.013608 0.409956 -0.0107678 -0.0142742 0.409706 -0.0104204 0.0195613 0.412263 -0.0108096 -0.0146526 0.410408 -0.00767876 -0.0146411 0.410051 -0.00605513 -0.0159657 0.410599 0.0125527 -0.0146452 0.41047 0.0086876 -0.0147595 0.427416 0.0128302 -0.0158582 0.427416 0.0128302 -0.00343813 0.427416 0.0175502 -0.00343813 0.427416 0.0175502 -0.0158582 0.427416 -0.0155496 -0.0158582 0.427416 -0.0108296 -0.0158582 0.427416 -0.0155496 -0.00343813 0.427416 -0.0108296 -0.00343813 0.444941 0.00448749 0.0129971 0.445134 -0.000901628 0.00973664 0.444993 -0.00287332 0.014467 0.444939 0.000127385 0.0167463 0.446015 0.00526516 0.01244 0.444924 0.00231306 0.0096976 0.446001 -0.000915427 0.0169973 0.446015 -0.00332125 0.0129345 0.446015 0.00290785 0.017166 0.444952 0.00330589 0.0163107 0.446016 0.000813929 0.00907479 0.445381 -0.0011036 0.0150218 0.446469 0.000415012 0.015858 0.445907 0.00180594 0.0158518 0.446041 0.00276689 0.0152831 0.445505 0.00330333 0.014651 0.446298 0.0035213 0.0139414 0.446036 -0.00152435 0.012762 0.449858 0.00018052 0.0101583 0.445532 -0.00122263 0.011916 0.446169 -0.000691502 0.0113981 0.445706 0.000370957 0.0108118 0.44612 0.00198702 0.0109482 0.446063 0.00322852 0.0119936 0.449857 0.00353906 0.0115428 0.446139 0.00357614 0.0131318 0.449851 0.00387124 0.0146485 0.449856 0.00154934 0.0162303 0.449853 -0.00105156 0.0153817 0.446076 -0.000337702 0.0155666 0.445813 -0.00153371 0.0139685 0.449862 -0.00212463 0.0131241 0.449866 -0.000556105 0.0133565 0.449866 0.00259487 0.0133469 0.450865 0.00157181 0.011835 0.450864 0.000465334 0.0148 0.450865 -0.000579126 0.0171447 0.450862 -0.00266619 0.0150848 0.450865 -0.00298824 0.0127861 0.450863 -0.00157334 0.0100818 0.450863 0.00186757 0.00936899 0.450851 0.00444571 0.0110964 0.450865 0.0049666 0.0144431 0.450858 0.00274638 0.0170657 0.448016 -0.00283368 0.0147186 0.448016 -0.00112255 0.0168274 0.448016 0.00119309 0.017385 0.448016 0.00402508 0.0162474 0.448016 0.0050358 0.0124054 0.448016 0.00247769 0.00951908 0.448016 -0.000550208 0.00958715 0.448016 -0.0027562 0.0116772 0.448015 -0.00778438 0.0123194 0.448014 0.0112606 0.00920204 0.448016 0.00561462 0.0201233 0.448015 0.000887786 0.0218677 0.448009 0.00490389 0.0237828 0.448014 0.00896058 0.0210422 0.448015 -0.00401994 0.0064458 0.448001 0.00622425 0.0184043 0.448014 -0.00438805 0.0230707 0.448011 -0.00739362 0.0204746 0.448013 -0.00950928 0.0169643 0.448014 -0.00810035 0.0069742 0.448014 -0.00208845 0.00278501 0.448013 -0.00470843 0.00391028 0.448007 0.00138668 0.00228945 0.448015 0.0063527 0.00361011 0.447996 0.00940339 0.00623981 0.448008 0.0120309 0.0131378 0.448012 0.0114021 0.0171345 0.446019 -0.00629898 0.0051115 0.446018 -0.00294437 0.00296239 0.446021 0.0016487 0.00233738 0.446026 0.0119177 0.0157026 0.446017 0.00919137 0.0207953 0.446016 0.00431732 0.0238473 0.447986 0.000838324 0.024427 0.446017 -0.00185223 0.0240127 0.446017 -0.00505664 0.0225733 0.446019 -0.00798221 0.0198186 0.448002 -0.0100046 0.0120853 0.446018 0.0117914 0.0111749 0.446018 0.0103438 0.00733481 0.446017 0.00607328 0.00346372 0.446017 -0.00943376 0.00984178 0.446017 -0.00821735 0.00728945 0.446016 -0.00968577 0.0161035 0.446016 0.00832496 0.0133288 0.446016 0.00761233 0.00728188 0.446016 0.00626067 0.00787459 0.446016 0.00696532 0.00907514 0.446016 -0.00322511 0.00726197 0.446016 0.00596623 0.0185862 0.446016 8.52724e-05 0.0204609 0.446016 0.000761105 0.0222802 0.446016 -0.00623139 0.0121215 0.446016 -0.00766065 0.0134039 0.446016 0.000673915 0.00582311 0.446016 -0.00465419 0.0194606 0.446016 -0.00542231 0.0176921 0.446016 0.00998358 0.0140547 0.446016 -0.00458153 0.00806186 0.446016 -0.0050859 0.00687889 0.446016 0.00247262 0.00492022 0.446094 0.00671212 0.020184 0.448015 0.00922779 0.0134045 0.446016 0.00851534 0.0146385 0.448016 0.00632624 0.00748424 0.448015 0.00771395 0.00868449 0.448015 0.00257073 0.00512389 0.448016 0.00056741 0.00562171 0.448005 -0.00441803 0.0082442 0.447992 -0.00596394 0.0126241 0.447957 -0.00538983 0.0176606 0.448016 -0.0046819 0.0195322 1.56596e-05 -0.0274997 0.0240518 0.00270271 -0.0274997 0.0239009 0.00394583 -0.0279996 0.0231834 0.00535607 -0.0274997 0.02345 0.00794232 -0.0274997 0.0227049 0.0104288 -0.0274997 0.021675 0.00899452 -0.0279996 0.0217289 0.0127845 -0.0274997 0.0203732 0.0149794 -0.0274997 0.0188157 0.0156501 -0.0279996 0.0175469 0.0169862 -0.0274997 0.0170224 0.0198088 -0.0279996 0.0128932 0.0187796 -0.0274997 0.0150156 0.020337 -0.0274997 0.0128206 0.0216389 -0.0274997 0.010465 0.0226688 -0.0274997 0.0079785 0.0225616 -0.0279996 0.00654721 0.0234138 -0.0274997 0.00539231 0.0238648 -0.0274997 0.00273889 0.0234973 -0.0279996 0.00161224 0.0240157 -0.0274997 5.18432e-05 0.0238648 -0.0274997 -0.0026353 0.0232558 -0.0279996 -0.00365204 0.0234138 -0.0274997 -0.00528866 0.0214195 -0.0279996 -0.00987542 0.0226688 -0.0274997 -0.00787485 0.0216389 -0.0274997 -0.0103614 0.020337 -0.0274997 -0.0127168 0.0187796 -0.0274997 -0.0149119 0.0175106 -0.0279996 -0.0155827 0.0169862 -0.0274997 -0.0169186 0.0149794 -0.0274997 -0.0187121 0.013593 -0.0279996 -0.0190836 0.0127845 -0.0274997 -0.0202694 0.0104288 -0.0274997 -0.0215713 0.00899452 -0.0279996 -0.0216252 0.00794232 -0.0274997 -0.0226014 0.00535607 -0.0274997 -0.0233464 0.00394582 -0.0279996 -0.0230797 0.00270271 -0.0274997 -0.0237973 1.56575e-05 -0.0274997 -0.0239482 -0.00129986 -0.0279996 -0.0233742 -0.00267142 -0.0274997 -0.0237973 -0.00532472 -0.0274997 -0.0233464 -0.00647968 -0.0279996 -0.0224941 -0.00791103 -0.0274997 -0.0226014 -0.0103975 -0.0274997 -0.0215713 -0.012753 -0.0274997 -0.0202694 -0.0113338 -0.0279996 -0.0204835 -0.0149481 -0.0274997 -0.0187121 -0.0169548 -0.0274997 -0.0169186 -0.0174794 -0.0279996 -0.0155827 -0.0187483 -0.0274997 -0.0149119 -0.0203057 -0.0274997 -0.0127168 -0.0205197 -0.0279996 -0.0112977 -0.0216075 -0.0274997 -0.0103614 -0.0229081 -0.0279996 -0.00553161 -0.0226375 -0.0274997 -0.00787484 -0.0233826 -0.0274997 -0.00528866 -0.0238334 -0.0274997 -0.0026353 -0.0239842 -0.0274997 5.18453e-05 -0.023493 -0.0279996 0.0011301 -0.0238334 -0.0274997 0.00273889 -0.0233826 -0.0274997 0.00539231 -0.0225302 -0.0279996 0.00654721 -0.0226375 -0.0274997 0.0079785 -0.0201419 -0.0279996 0.0123132 -0.0216075 -0.0274997 0.010465 -0.0203057 -0.0274997 0.0128206 -0.0187483 -0.0274997 0.0150156 -0.0150814 -0.0279996 0.0179281 -0.0169548 -0.0274997 0.0170224 -0.0149481 -0.0274997 0.0188157 -0.012753 -0.0274997 0.0203732 -0.0103975 -0.0274997 0.021675 -0.00896323 -0.0279996 0.0217289 -0.00791102 -0.0274997 0.0227049 -0.00532472 -0.0274997 0.02345 -0.00267142 -0.0274997 0.0239009 -0.00391453 -0.0279996 0.0231834 0.0129431 -0.0279996 0.0165524 0.00861859 -0.0279996 0.0191667 0.00379407 -0.0279996 0.0206702 -0.00376272 -0.0279996 0.0206702 -0.00858724 -0.0279996 0.0191667 -0.0148064 -0.0279996 0.014874 -0.0179229 -0.0279996 0.010896 -0.0199969 -0.0279996 0.00628799 -0.0209929 -0.0279996 0.00110477 -0.0206345 -0.0279996 -0.0039534 -0.0185196 -0.0279996 -0.0100258 0.0165163 -0.0279996 -0.0128755 0.0198501 -0.0279996 -0.00713933 0.0210242 -0.0279996 -0.00100106 0.020424 -0.0279996 0.00540089 0.0179542 -0.0279996 0.010896 -0.0148064 -0.0279996 -0.0147702 -0.0108286 -0.0279996 -0.0178867 -0.00376272 -0.0279996 -0.0205665 0.00128126 -0.0279996 -0.0208715 0.00861859 -0.0279996 -0.019063 0.0129431 -0.0279996 -0.0164488 -0.00424552 -0.0247997 -0.0236016 -0.00791103 -0.0247997 -0.0226014 -0.0118185 -0.0247997 -0.020867 -0.0161767 -0.0247997 -0.0177092 -0.0197228 -0.0247997 -0.0136607 -0.0222795 -0.0247997 -0.00892454 -0.0237178 -0.0247997 -0.00373852 -0.0239842 -0.0247997 5.18454e-05 -0.0236378 -0.0247997 0.00431323 -0.0226375 -0.0247997 0.0079785 -0.0209032 -0.0247997 0.0118861 -0.0177454 -0.0247997 0.0162442 -0.0136968 -0.0247997 0.0197905 -0.00896066 -0.0247997 0.022347 -0.0037744 -0.0247997 0.0237853 0.00160181 -0.0247997 0.0240338 0.0068984 -0.0247997 0.0230794 0.01185 -0.0247997 0.0209706 0.0162083 -0.0247997 0.0178126 0.0197543 -0.0247997 0.0137642 0.0223108 -0.0247997 0.00902801 0.0237493 -0.0247997 0.0038417 0.0239976 -0.0247997 -0.0015344 0.0230433 -0.0247997 -0.00683117 0.0216389 -0.0247997 -0.0103614 0.019478 -0.0247997 -0.0140501 0.015852 -0.0247997 -0.0180274 0.0114319 -0.0247997 -0.021098 0.00643927 -0.0247997 -0.0231081 0.00112468 -0.0247997 -0.0239569 0.0259051 -0.0164861 -0.00926679 0.0264732 -0.0164996 -0.00744808 0.025953 -0.0159997 -0.00744808 0.0246582 -0.0159997 -0.010891 0.02453 -0.0164996 -0.0124101 0.0230917 -0.0164996 -0.0149062 0.0218418 -0.0159997 -0.0157791 0.0214 -0.0164996 -0.0172385 0.0194739 -0.0164996 -0.0193806 0.0180698 -0.0159997 -0.0199743 0.0173343 -0.0164996 -0.0213097 0.0150044 -0.0164996 -0.0230043 0.0135074 -0.0159997 -0.0232927 0.0125102 -0.0164996 -0.0244458 0.00987869 -0.0164996 -0.0256185 0.00835448 -0.0159997 -0.0255891 0.00713902 -0.0164996 -0.0265095 0.00432121 -0.0164996 -0.0271089 0.0028364 -0.0159997 -0.0267631 0.00145602 -0.0164996 -0.0274103 -0.00142467 -0.0164996 -0.0274103 -0.00428993 -0.0164996 -0.0271089 -0.00280506 -0.0159997 -0.0267631 -0.00710774 -0.0164996 -0.0265095 -0.0098474 -0.0164996 -0.0256185 -0.00832313 -0.0159997 -0.0255891 -0.0124789 -0.0164996 -0.0244458 -0.0134761 -0.0159997 -0.0232927 -0.0149733 -0.0164996 -0.023004 -0.0173029 -0.0164996 -0.0213095 -0.0180384 -0.0159997 -0.0199743 -0.0194425 -0.0164996 -0.0193807 -0.0213689 -0.0164996 -0.0172383 -0.0230603 -0.0164996 -0.0149063 -0.0218103 -0.0159997 -0.0157791 -0.0264417 -0.0164996 -0.00744808 -0.0256677 -0.0164996 -0.00977713 -0.0259218 -0.0159997 -0.00744808 -0.0246268 -0.0159997 -0.010891 -0.0244986 -0.0164996 -0.0124101 -0.0102779 -0.0159997 -0.0177185 0.00452745 -0.0159997 -0.012629 -0.00538296 -0.0159997 -0.0170111 0.00441187 -0.0159997 -0.0156721 0.00607735 -0.0159997 -0.0108457 -0.00441533 -0.0159997 -0.0154706 -0.00764388 -0.0159997 -0.018307 -0.00422281 -0.0159997 -0.0141278 0.0112378 -0.0159997 -0.0169687 0.0121924 -0.0159997 -0.0151724 0.0120774 -0.0159997 -0.0128122 0.00649976 -0.0159997 -0.0179041 0.0091952 -0.0159997 -0.0181996 -0.0107132 -0.0159997 -0.01101 -0.0121906 -0.0159997 -0.0132837 -0.0119116 -0.0159997 -0.0159808 0.0108336 -0.0159997 -0.0111537 -0.00684035 -0.0159997 -0.0104745 -0.00789505 -0.0159997 -0.0102519 -0.0088526 -0.0159997 -0.0102725 -0.00501823 -0.0159997 -0.0118589 -0.00573045 -0.0159997 -0.0111366 0.00936627 -0.0159997 -0.010354 0.00764721 -0.0159997 -0.0102725 -0.00448847 -0.0159997 -0.0127976 -0.0264417 -0.0164996 0.00755179 -0.0259218 -0.0159997 0.00755179 -0.0259058 -0.0164873 0.00926507 -0.0246268 -0.0159997 0.0109945 -0.0244987 -0.0164996 0.0125135 -0.0213375 -0.0159997 0.0164087 -0.0230604 -0.0164996 0.0150099 -0.0213689 -0.0164996 0.017342 -0.0194425 -0.0164996 0.0194845 -0.0158443 -0.0159997 0.0218569 -0.0173027 -0.0164996 0.0214136 -0.0149731 -0.0164996 0.023108 -0.0124788 -0.0164996 0.0245495 -0.0109599 -0.0159997 0.0246798 -0.0098474 -0.0164996 0.0257223 -0.00710761 -0.0164996 0.0266133 -0.00559491 -0.0159997 0.0264245 -0.00428986 -0.0164996 0.0272126 -0.00142467 -0.0164996 0.0275141 0.00145602 -0.0164996 0.0275141 1.56903e-05 -0.0159997 0.0270148 0.00432122 -0.0164996 0.0272126 0.00713903 -0.0164996 0.0266132 0.0056262 -0.0159997 0.0264245 0.00987869 -0.0164996 0.0257223 0.0125102 -0.0164996 0.0245495 0.0109911 -0.0159997 0.0246798 0.0150044 -0.0164996 0.023108 0.0173344 -0.0164996 0.0214132 0.0158756 -0.0159997 0.0218569 0.0194741 -0.0164996 0.0194841 0.0200658 -0.0159997 0.0180794 0.0214001 -0.0164996 0.0173421 0.0230917 -0.0164996 0.0150099 0.0236651 -0.0159997 0.0128662 0.0264732 -0.0164996 0.00755179 0.025953 -0.0159997 0.00755179 0.025699 -0.0164996 0.00988108 0.0245299 -0.0164996 0.0125139 0.00603378 -0.0159997 0.0110391 -0.00966036 -0.0159997 0.0105651 -0.0120112 -0.0159997 0.012917 -0.0110545 -0.0159997 0.0114863 -0.00795448 -0.0159997 0.0103379 0.00526291 -0.0159997 0.0116986 -0.00634175 -0.0159997 0.010776 0.00434661 -0.0159997 0.0132444 0.00719595 -0.0159997 0.0104734 0.00826561 -0.0159997 0.0103412 0.00921798 -0.0159997 0.0104428 0.0110092 -0.0159997 0.0113355 0.0121924 -0.0159997 0.0134064 -0.0122406 -0.0159997 0.0145723 0.00579196 -0.0159997 0.0175013 -0.004646 -0.0159997 0.0124214 0.00452745 -0.0159997 0.0159498 -0.00495249 -0.0159997 0.0165582 -0.00440961 -0.0159997 0.0155125 0.0121497 -0.0159997 0.0154402 0.0108983 -0.0159997 0.0174445 -0.0116468 -0.0159997 0.0165584 0.00869405 -0.0159997 0.0183549 0.00698614 -0.0159997 0.0181449 -0.00422281 -0.0159997 0.014451 -0.00678575 -0.0159997 0.0181443 -0.00949645 -0.0159997 0.0182102 1.56598e-05 -0.0242997 0.0275518 0.00289011 -0.0242997 0.0274011 0.00573313 -0.0242997 0.0269509 0.00699413 -0.0247997 0.0260961 0.00851363 -0.0242997 0.0262058 0.0112009 -0.0242997 0.0251743 0.0122566 -0.0247997 0.024076 0.0137657 -0.0242997 0.0238674 0.0161798 -0.0242997 0.0222997 0.016984 -0.0247997 0.0210059 0.0184168 -0.0242997 0.0204883 0.0204522 -0.0242997 0.0184529 0.0209698 -0.0247997 0.0170202 0.0222635 -0.0242997 0.0162159 0.0238312 -0.0242997 0.0138019 0.0240399 -0.0247997 0.0122928 0.0251381 -0.0242997 0.0112371 0.0261696 -0.0242997 0.00854981 0.0260599 -0.0247997 0.00703031 0.0269146 -0.0242997 0.00576931 0.0273649 -0.0242997 0.00292629 0.0269973 -0.0247997 0.00172394 0.0275156 -0.0242997 5.18432e-05 0.0273649 -0.0242997 -0.00282264 0.0267554 -0.0247997 -0.00392228 0.0269146 -0.0242997 -0.00566572 0.0261696 -0.0242997 -0.0084461 0.0251878 -0.0247997 -0.00961077 0.0251381 -0.0242997 -0.0111334 0.0238312 -0.0242997 -0.0136982 0.0226287 -0.0247997 -0.0146332 0.0222635 -0.0242997 -0.0161122 0.0204522 -0.0242997 -0.0183492 0.0190813 -0.0247997 -0.0190139 0.0184168 -0.0242997 -0.0203845 0.0161798 -0.0242997 -0.022196 0.0147008 -0.0247997 -0.0225612 0.0137657 -0.0242997 -0.0237639 0.0112009 -0.0242997 -0.0250706 0.0096783 -0.0247997 -0.0251202 0.00851363 -0.0242997 -0.0261022 0.00573313 -0.0242997 -0.0268472 0.00289011 -0.0242997 -0.0272974 0.00423354 -0.0247997 -0.0265792 1.56574e-05 -0.0242997 -0.0274481 -0.00285888 -0.0242997 -0.0272974 -0.00420225 -0.0247997 -0.0265792 -0.0057019 -0.0242997 -0.0268472 -0.00848228 -0.0242997 -0.0261022 -0.00964695 -0.0247997 -0.0251202 -0.0111696 -0.0242997 -0.0250706 -0.0137343 -0.0242997 -0.0237639 -0.0161483 -0.0242997 -0.022196 -0.0146693 -0.0247997 -0.0225612 -0.0183854 -0.0242997 -0.0203845 -0.0204207 -0.0242997 -0.0183492 -0.0209385 -0.0247997 -0.0169164 -0.0222323 -0.0242997 -0.0161122 -0.0238001 -0.0242997 -0.0136982 -0.0240084 -0.0247997 -0.0121891 -0.0251067 -0.0242997 -0.0111334 -0.0261384 -0.0242997 -0.0084461 -0.0260286 -0.0247997 -0.00692659 -0.0268834 -0.0242997 -0.00566572 -0.0273336 -0.0242997 -0.00282264 -0.026966 -0.0247997 -0.00162035 -0.0274842 -0.0242997 5.18456e-05 -0.0273336 -0.0242997 0.00292629 -0.0268834 -0.0242997 0.00576931 -0.0265599 -0.0247998 0.00532711 -0.0261384 -0.0242997 0.00854981 -0.0251067 -0.0242997 0.0112371 -0.0238001 -0.0242997 0.0138019 -0.0240084 -0.0247997 0.0122928 -0.0222323 -0.0242997 0.0162159 -0.0204207 -0.0242997 0.0184529 -0.01905 -0.0247997 0.0191176 -0.0183853 -0.0242997 0.0204883 -0.0161483 -0.0242997 0.0222997 -0.0146693 -0.0247997 0.0226649 -0.0137343 -0.0242997 0.0238674 -0.0111695 -0.0242997 0.0251743 -0.00964695 -0.0247997 0.025224 -0.00848228 -0.0242997 0.0262058 -0.0057019 -0.0242997 0.0269509 -0.00420225 -0.0247997 0.0266828 -0.00285888 -0.0242997 0.0274011 0.00142676 -0.0247997 0.0269778 -0.0267051 -0.00599968 -0.00644815 -0.0264417 -0.00699967 -0.00744808 -0.0268834 -0.00599968 -0.00566572 0.0267364 -0.00599968 0.0065518 0.0264732 -0.00699967 0.00755179 0.0269146 -0.00599968 0.00576931 0.0264732 -0.00699967 -0.00744808 0.0267364 -0.00599968 -0.00644815 0.0269146 -0.00599968 -0.00566572 0.0273649 -0.00599968 -0.00282264 0.0275156 -0.00599968 5.1844e-05 0.0273649 -0.00599968 0.00292629 -0.0264417 -0.00699967 0.00755179 -0.0267051 -0.00599968 0.0065518 -0.0268834 -0.00599968 0.00576931 -0.0273336 -0.00599968 0.00292629 -0.0274842 -0.00599968 5.18464e-05 -0.0273336 -0.00599968 -0.00282264 -0.00245529 -0.0274997 0.0204024 -0.00489026 -0.0274997 0.019956 -0.00725371 -0.0274997 0.0192196 -0.00951111 -0.0274997 0.0182037 -0.0116227 -0.0279667 0.0169794 -0.0135782 -0.0274997 0.0153962 -0.0153288 -0.0274997 0.0136458 -0.0168554 -0.0274997 0.0116972 -0.0181362 -0.0274997 0.00957865 -0.0191522 -0.0274997 0.00732124 -0.0198885 -0.0274997 0.0049578 -0.0203348 -0.0274997 0.00252283 -0.0204694 -0.0274852 -0.00119519 -0.0198885 -0.0274997 -0.00485408 -0.0191522 -0.0274997 -0.00721752 -0.0181362 -0.0274997 -0.00947493 -0.0168554 -0.0274997 -0.0115935 -0.0153288 -0.0274997 -0.0135421 -0.0135782 -0.0274997 -0.0152926 -0.0116297 -0.0274997 -0.0168192 -0.00951111 -0.0274997 -0.0181 -0.00739831 -0.027967 -0.0190961 -0.00489026 -0.0274997 -0.0198524 -0.0024553 -0.0274997 -0.0202986 1.56577e-05 -0.0274997 -0.0204481 0.00248664 -0.0274997 -0.0202986 0.00492161 -0.0274997 -0.0198524 0.00728506 -0.0274997 -0.019116 0.00954246 -0.0274997 -0.0181 0.011661 -0.0274997 -0.0168192 0.0136096 -0.0274997 -0.0152926 0.01536 -0.0274997 -0.0135421 0.0168868 -0.0274997 -0.0115935 0.0181675 -0.0274997 -0.00947493 0.0191834 -0.0274997 -0.00721753 0.01992 -0.0274997 -0.00485408 0.0203662 -0.0274997 -0.00241911 0.0205007 -0.0274852 0.00129926 0.01992 -0.0274997 0.00495779 0.0191834 -0.0274997 0.00732124 0.0181675 -0.0274997 0.00957864 0.0168868 -0.0274997 0.0116972 0.0155069 -0.027975 0.0135324 0.0136096 -0.0274997 0.0153962 0.011661 -0.0274997 0.0169229 0.00954246 -0.0274997 0.0182037 0.00728506 -0.0274997 0.0192196 0.00492161 -0.0274997 0.019956 0.00248665 -0.0274997 0.0204024 0.000194724 -0.0279668 0.0205859 -0.00725377 -0.0247997 -0.019116 -0.00997692 -0.0247997 -0.0178364 -0.0135782 -0.0247997 -0.0152927 -0.0162831 -0.0247997 -0.0124379 -0.0187956 -0.0247997 -0.0082125 -0.0198885 -0.0247997 -0.00485414 -0.0204895 -0.0247997 5.1846e-05 -0.0198885 -0.0247997 0.0049578 -0.0191522 -0.0247997 0.00732124 -0.0172622 -0.0247997 0.0111183 -0.0153288 -0.0247997 0.0136458 -0.0135782 -0.0247997 0.0153963 -0.0100518 -0.0247997 0.017894 -0.00367784 -0.0247997 0.0202643 0.00147504 -0.0247997 0.0205338 0.00576043 -0.0247997 0.0197397 0.00978845 -0.0247997 0.0180755 0.0136096 -0.0247997 0.0153962 0.0163143 -0.0247997 0.0125416 0.0188269 -0.0247997 0.00831657 0.01992 -0.0247997 0.00495779 0.0205208 -0.0247997 5.18423e-05 0.01992 -0.0247997 -0.00485408 0.0191834 -0.0247997 -0.00721753 0.0172937 -0.0247997 -0.0110145 0.01536 -0.0247997 -0.0135421 0.0136096 -0.0247997 -0.0152926 0.00977176 -0.0247997 -0.0179821 0.00728506 -0.0247997 -0.019116 0.00492161 -0.0247997 -0.0198524 0.00248664 -0.0247997 -0.0202986 1.56577e-05 -0.0247997 -0.0204481 -0.0024553 -0.0247997 -0.0202986 -0.00489026 -0.0247997 -0.0198524 0.00372714 -0.00599968 -0.00143957 0.0039258 -0.00599968 -0.000790871 0.00401205 -0.00599968 -0.00011792 -0.00163185 -0.00599968 0.00369668 -0.00222415 -0.00599968 0.00336587 0.00102347 -0.00599968 0.00392276 0.0103808 -0.00599968 0.00191027 0.00166321 -0.00599968 0.00369668 0.00384033 -0.00599968 0.00122309 -0.0125261 -0.0059998 -0.00195068 -0.00339043 -0.00599968 -0.00204533 -0.00355601 -0.00599968 0.00185257 -0.00380897 -0.00599968 0.00122309 -0.00389445 -0.00599968 -0.000790871 -0.00369578 -0.00599968 -0.00143957 -0.0138985 -0.0059998 0.000852886 -0.0135861 -0.00599968 -0.00161934 0.0013482 -0.00599968 -0.00371957 0.00196636 -0.00599968 -0.0034402 0.000691684 -0.00599968 -0.00389051 1.56585e-05 -0.00599968 -0.00394809 -0.00298703 -0.00599968 -0.00259083 -0.0024972 -0.00599968 -0.00306028 -0.00193501 -0.00599968 -0.0034402 0.00323158 -0.00599968 0.00243038 0.00278336 -0.00599968 0.00293964 0.0022555 -0.00599968 0.00336587 0.00252843 -0.00599968 -0.00306028 0.00301826 -0.00599968 -0.00259084 0.00342178 -0.00599968 -0.00204533 0.00979137 -0.00599968 -0.00106961 0.0120157 -0.00599968 -0.00235868 -0.00131685 -0.00599968 -0.00371957 -0.000660336 -0.00599968 -0.00389051 0.0140827 -0.00599968 -0.00099034 0.00398326 -0.00599968 0.000559917 0.00358736 -0.00599968 0.00185257 -0.00275201 -0.00599968 0.00293964 -0.00320023 -0.00599968 0.00243038 -0.000992245 -0.00599968 0.00392276 -0.0039807 -0.00599968 -0.00011792 -0.00395191 -0.00599968 0.000559917 -0.00952637 -0.00599986 -0.00125366 -0.012288 -0.00599968 0.00242782 0.000354892 -0.00599968 0.00403738 0.0120157 -0.00599968 0.00254273 -0.0101144 -0.00599968 0.00169754 -0.000323544 -0.00599968 0.00403738 0.0136683 -0.00599968 0.00178271 -0.0129924 -0.00643271 -0.00175255 -0.0134417 -0.0064348 -0.00142342 -0.0138234 -0.00643271 -0.000875371 -0.0140271 -0.00643271 -0.000209754 -0.0140345 -0.00643271 0.000314393 -0.0136461 -0.00643271 0.00128084 -0.0132624 -0.0064348 0.00168473 -0.0126703 -0.00643271 0.00199366 -0.0121595 -0.00643271 0.00211138 -0.011809 -0.00643271 0.00211138 -0.0112981 -0.00643271 0.00199366 -0.0108267 -0.00643271 0.00176436 -0.0104071 -0.0064348 0.00139815 -0.0101386 -0.00643271 0.000982418 -0.00997096 -0.00643271 0.000485752 -0.00991916 -0.00643271 -3.58809e-05 -0.0100149 -0.00643271 -0.000551237 -0.0103359 -0.0064348 -0.00120622 -0.0108309 -0.00643271 -0.00165445 -0.0114654 -0.00643271 -0.0019412 -0.0119842 -0.00643271 -0.00201505 -0.011755 -0.0247997 -0.00200736 -0.0112956 -0.0247997 -0.00189704 -0.0107972 -0.0247997 -0.00164843 -0.0104327 -0.0247997 -0.00131369 -0.0101187 -0.0247997 -0.000853621 -0.00992364 -0.0247997 -0.000180412 -0.00996399 -0.0247997 0.000519397 -0.0101386 -0.0247997 0.000982417 -0.0104486 -0.0247997 0.00144517 -0.0109799 -0.0247997 0.00184983 -0.0117223 -0.0247997 0.00211263 -0.012505 -0.0247997 0.00205213 -0.0130229 -0.0247997 0.00184667 -0.0134146 -0.0247997 0.00154406 -0.0137663 -0.0247997 0.00111228 -0.0140178 -0.0247997 0.000458081 -0.0140369 -0.0247997 -0.000242714 -0.0138217 -0.0247997 -0.000909623 -0.0135359 -0.0247997 -0.00131369 -0.0131193 -0.0247997 -0.00168353 -0.0124817 -0.0247997 -0.00196075 0.0114967 -0.00643271 -0.0019412 0.0110075 -0.00643271 -0.00175256 0.0105583 -0.0064348 -0.00142348 0.0102555 -0.00643271 -0.00103182 0.0100464 -0.00643271 -0.000551237 0.00994432 -0.00600165 0.000169662 0.0101045 -0.00643271 0.000819764 0.0104798 -0.0064348 0.00144535 0.0110113 -0.00643271 0.00184983 0.0116675 -0.00643271 0.00208169 0.0121909 -0.00643271 0.00211137 0.0125364 -0.00643271 0.00205213 0.01302 -0.00643271 0.00184983 0.0135928 -0.0064348 0.00139815 0.0139267 -0.00643271 0.000819764 0.0140734 -0.00643271 0.000139254 0.0139849 -0.00643271 -0.000551238 0.013664 -0.0064348 -0.00120622 0.013169 -0.00643271 -0.00165445 0.0127042 -0.00643271 -0.00189704 0.012365 -0.00643271 -0.00198537 0.0120157 -0.00643271 -0.00201505 0.0126915 -0.0247997 -0.00190169 0.0132026 -0.0247997 -0.00164843 0.0137013 -0.0247997 -0.00115585 0.0140074 -0.0247997 -0.000525376 0.0140858 -0.0247997 0.000171189 0.0139278 -0.0247997 0.000854103 0.0135515 -0.0247997 0.00144517 0.0129995 -0.0247997 0.00187725 0.0125364 -0.0247997 0.00205213 0.0119194 -0.0248 0.0021227 0.0113296 -0.0247997 0.00199366 0.0106886 -0.0247997 0.00164527 0.0102335 -0.0247997 0.00111216 0.00998205 -0.0247997 0.000457891 0.00995052 -0.0247997 -3.58825e-05 0.0100422 -0.0247997 -0.000585468 0.0106035 -0.0247997 -0.00146675 0.0110075 -0.0247997 -0.00175261 0.0115236 -0.0247997 -0.0019626 0.00890976 -0.0191996 0.0165612 0.00783711 -0.0191996 0.0183549 0.00684321 -0.0191996 0.0162018 0.005934 -0.0191996 0.0176361 0.00462323 -0.0191996 0.0160807 0.00426954 -0.0191996 0.0133716 0.00595289 -0.0191996 0.0143028 0.0057978 -0.0191996 0.011147 0.00664192 -0.0191996 0.0127275 0.00801909 -0.0191996 0.010279 0.00820613 -0.0191996 0.012029 0.0103094 -0.0191996 0.0108604 0.011943 -0.0191996 0.0125979 0.00980902 -0.0191996 0.0126505 0.0105732 -0.0191996 0.0141836 0.0101196 -0.0191996 0.0156519 0.0121651 -0.0191996 0.0156461 0.0101634 -0.0191996 0.0179411 0.0101386 -0.0247997 0.0130251 0.0105356 -0.0247997 0.0142935 0.0100892 -0.0247997 0.015764 0.00820648 -0.0247997 0.0166933 0.00623935 -0.0247997 0.0155158 0.00614232 -0.0247997 0.0134237 0.00701022 -0.0247997 0.0124837 0.0085262 -0.0247997 0.0120137 -0.00738198 -0.0191996 -0.01206 -0.0106239 -0.0191996 -0.010891 -0.00930184 -0.0191996 -0.0122126 -0.0105098 -0.0191996 -0.0136834 -0.0123251 -0.0191996 -0.0138204 -0.0116252 -0.0191996 -0.0164271 -0.0100094 -0.0191996 -0.0157204 -0.0101268 -0.0191996 -0.0178029 -0.00848305 -0.0191996 -0.0165132 -0.00779074 -0.0191996 -0.0182829 -0.00563169 -0.0191996 -0.0173229 -0.00682801 -0.0191996 -0.016074 -0.00602549 -0.0191996 -0.0147635 -0.00445742 -0.0191996 -0.0156618 -0.00427801 -0.0191996 -0.0132837 -0.00609016 -0.0191996 -0.0134359 -0.00575531 -0.0191996 -0.01101 -0.00797832 -0.0191996 -0.0102092 -0.00661075 -0.0247997 -0.0158513 -0.00607806 -0.0247997 -0.0135263 -0.00699532 -0.0247997 -0.0122826 -0.00919694 -0.0247997 -0.0121269 -0.0103784 -0.0247997 -0.0134359 -0.0103575 -0.0247997 -0.015155 -0.00912631 -0.0247997 -0.0163457 -0.0078091 -0.0247997 -0.0164695 0.00978488 -0.0191996 -0.012455 0.00783711 -0.0191996 -0.0102238 0.00774985 -0.0191996 -0.0119802 0.00593406 -0.0191996 -0.0109425 0.00646949 -0.0191996 -0.0128485 0.00445378 -0.0191996 -0.0128123 0.00595289 -0.0191996 -0.014276 0.00440448 -0.0191996 -0.0155235 0.0057978 -0.0191996 -0.0174318 0.00664192 -0.0191996 -0.0158512 0.00783407 -0.0191996 -0.0164666 0.00837153 -0.0191996 -0.0183482 0.0111519 -0.0191996 -0.0171065 0.00952512 -0.0191996 -0.0162122 0.0122288 -0.0191996 -0.015003 0.0105732 -0.0191996 -0.0143952 0.0118886 -0.0191996 -0.0122924 0.00984907 -0.0191996 -0.0105246 0.00773596 -0.0247997 -0.0165189 0.00959325 -0.0247997 -0.0161024 0.0105385 -0.0247997 -0.0146664 0.0103458 -0.0247997 -0.0134016 0.00944721 -0.0247997 -0.0122354 0.00628781 -0.0247997 -0.0130849 0.00600916 -0.0247997 -0.0141758 0.00624734 -0.0247997 -0.0153175 -0.00818092 -0.0191996 0.0166392 -0.00901925 -0.0191996 0.0183344 -0.00979125 -0.0191996 0.0160517 -0.0116023 -0.0191996 0.0167005 -0.0122626 -0.0191996 0.0140833 -0.0105184 -0.0191996 0.014494 -0.0100094 -0.0191996 0.0128584 -0.01125 -0.0191996 0.0115458 -0.00883096 -0.0191996 0.0103491 -0.00848305 -0.0191996 0.0120655 -0.00613707 -0.0191996 0.0108041 -0.0071696 -0.0191996 0.0123357 -0.00611091 -0.0191996 0.0134239 -0.00445741 -0.0191996 0.0129171 -0.004278 -0.0191996 0.0152949 -0.00609016 -0.0191996 0.0151429 -0.00602007 -0.0191996 0.0178063 -0.00692278 -0.0191996 0.0161947 -0.00645924 -0.0247997 0.0128581 -0.00598204 -0.0247997 0.0150984 -0.00857824 -0.0247997 0.0165778 -0.0100329 -0.0247997 0.0158413 -0.0104972 -0.0247997 0.0139954 -0.00949377 -0.0247997 0.0123666 -0.00602627 -0.0247997 -0.0145995 0.00763923 -0.0247997 -0.0120557 -0.00725371 -0.0247997 0.0192196 -0.00741535 -0.0247997 0.0164235 0.0120157 -0.0247997 -0.00201505 0.0013482 -0.0247997 -0.00371957 -0.00195342 -0.0247997 -0.00343013 -0.00131685 -0.0247997 -0.00371957 0.000691684 -0.0247997 -0.00389051 1.56584e-05 -0.0247997 -0.00394809 -0.000660336 -0.0247997 -0.00389051 0.00372714 -0.0247997 -0.00143957 0.00342178 -0.0247997 -0.00204533 0.0102555 -0.0247997 -0.00103182 0.00301826 -0.0247997 -0.00259084 0.00199187 -0.0247997 -0.0034253 0.00323158 -0.0247997 0.00243038 0.00358736 -0.0247997 0.00185257 0.00384033 -0.0247997 0.00122309 0.00398326 -0.0247997 0.000559916 0.00401205 -0.0247997 -0.000117921 0.0039258 -0.0247997 -0.000790872 -0.00774902 -0.0247997 0.012156 0.0022555 -0.0247997 0.00336587 0.00278336 -0.0247997 0.00293964 -0.00222415 -0.0247997 0.00336587 -0.00163186 -0.0247997 0.00369668 -0.000992245 -0.0247997 0.00392276 -0.000323544 -0.0247997 0.00403738 0.000354892 -0.0247997 0.00403738 0.00102347 -0.0247997 0.00392276 0.00166321 -0.0247997 0.00369668 -0.00298703 -0.0247997 -0.00259077 -0.00339043 -0.0247997 -0.00204533 -0.00369579 -0.0247997 -0.00143957 -0.00380898 -0.0247997 0.00122309 -0.00355601 -0.0247997 0.00185257 -0.00389445 -0.0247997 -0.000790872 -0.0039807 -0.0247997 -0.000117921 -0.00395191 -0.0247997 0.000559916 -0.00315601 -0.0247997 0.00249159 0.447966 0.00845192 0.0128004 0.447074 0.0101695 0.0139459 0.446016 0.00774262 0.0136451 0.446916 0.00893555 0.015109</float_array>
                    <technique_common>
                        <accessor count="4914" source="#shape0-lib-positions-array" stride="3">
                            <param name="X" type="float"/>
                            <param name="Y" type="float"/>
                            <param name="Z" type="float"/>
                        </accessor>
                    </technique_common>
                </source>
                <source id="shape0-lib-normals" name="normal">
                    <float_array id="shape0-lib-normals-array" count="29976">0.163876 0.85852 0.48589 -0.0287577 0.717089 0.696388 0.0394533 0.259608 0.964908 4.82896e-07 0.171572 0.985172 -1 0 0 -0.999963 0.0010484 0.00859599 -1 0 0 -1 0 0 -1 0 0 -1 0 0 -1 0 0 -1 0 0 -1 0 0 0 1 0 -0.000149585 1 2.15316e-05 -4.77674e-07 0.224313 -0.974517 0.0760455 0.337454 -0.938265 -0.0348981 0.918849 -0.393063 0 0.90517 -0.42505 -0.163867 0.858521 -0.485891 0.0287612 0.717107 -0.69637 -0.0394557 0.259608 -0.964908 -4.82914e-07 0.17157 -0.985172 1 0 0 1 0 0 1 0 0 1 0 0 1 0 0 1 0 0 1 0 0 1 0 0 0 1 0 0.000149591 1 -2.15317e-05 4.70508e-07 0.280473 0.959862 -0.0495946 0.337982 0.939845 -0.0757188 0.916775 0.392161 0 0.950328 0.311252 0 1 0 -8.1574e-05 1 -6.96394e-06 0 0.996759 -0.0804475 -0.175073 0.984468 0.0131475 -0.0325055 0.970421 -0.239221 0.0274084 0.989779 -0.139954 0.0473785 0.94424 -0.325832 -0.0711716 0.902093 -0.425633 0.0224023 0.765726 -0.642777 -0.098701 0.603168 -0.791484 -0.0862558 0.364169 -0.92733 0.102559 0.261235 -0.959811 -0.0710998 0.0730836 -0.994788 0.233478 -0.12455 -0.964352 -0.0332823 -0.271309 -0.961917 -0.0208739 -0.439847 -0.89783 0.000100313 -0.428713 -0.903441 -0.0140369 -0.568048 -0.822876 -0.0378654 -0.692247 -0.720667 0.0767343 -0.614912 -0.784854 0.0200347 -0.781711 -0.623319 -0.0263686 -0.799171 -0.600525 0.00954439 -0.897789 -0.440323 -0.0325131 -0.884997 -0.46446 -0.0152195 -0.948417 -0.316659 -0.163471 -0.97377 0.158271 -0.0682025 -0.906962 0.415654 0.0840449 -0.83082 0.550159 -0.0137776 -0.799374 0.600675 -0.02211 -0.667485 0.744295 -0.0645195 -0.454898 0.888203 -0.0255203 -0.264427 0.964068 0.00258979 -0.276651 0.960967 0.0277161 -0.442132 0.896522 -0.0506403 -0.588696 0.806767 0.0954452 -0.690199 0.717297 -0.0228168 -0.889677 0.456021 0.0256606 -0.909516 0.414876 0.0167927 -0.989713 0.142081 -0.00128774 -0.999999 0 0.0255833 -0.996013 -0.0854643 -0.0332251 -0.96171 -0.272049 -0.0507635 -0.965968 -0.253632 0.0168475 -0.909707 -0.414909 -0.0119974 -0.806926 -0.59053 0.00986589 -0.792315 -0.610032 0.0467425 -0.576966 -0.815429 -0.0549385 -0.283773 -0.957316 0.0898413 -0.483191 -0.870893 -0.0664931 -0.543587 -0.836715 -0.0182501 -0.712053 -0.701889 0.146343 -0.747992 -0.647373 -0.175138 -0.880065 -0.441375 -0.0356942 -0.9764 -0.212998 0.0133023 -0.999912 0 0.201755 -0.966754 0.157104 -0.0204763 -0.948331 0.316622 0.0139012 -0.875134 0.48368 -0.0994875 -0.697298 0.709844 0.12735 -0.243499 0.961504 -0.103992 0.0391002 0.993809 0.151676 0.128864 0.979994 -0.119648 0.355478 0.926995 -0.783588 0.489476 0.382626 -0.0807099 0.6063 0.79113 -0.072641 0.904525 0.420189 -0.0460676 0.9957 0.0803639 0.137094 0.961766 0.237088 -7.87309e-05 1 0 -0.00461519 0.999989 -0.000418831 -0.559905 0.828553 0.00249176 -0.281029 -0.959699 0 -0.541248 -0.840843 0.0058171 -0.313248 0.435531 0.843913 -0.353173 0.67533 0.647455 -0.209866 0.887 0.411325 -0.182588 0.977864 0.102194 -0.702825 0.71135 -0.00418391 0.0216037 0.974357 -0.22397 -0.22713 0.919439 -0.321005 -0.441663 0.640307 -0.628443 -0.217259 0.236415 -0.947052 -0.67683 0.0988123 -0.729477 -0.272034 0.0235724 -0.961999 -0.298913 -0.185376 -0.936102 -0.752857 -0.197987 -0.627701 -0.708028 -0.419238 -0.568274 -0.38089 -0.760405 -0.526031 -0.436252 0.68728 0.580802 0.133577 -0.842354 0.522108 -0.954978 0.241924 -0.171726 0.150753 -0.945979 -0.287049 -0.974788 -0.208475 -0.0795414 -0.975897 0.218047 -0.00899255 -0.981905 0.189099 -0.0102159 -0.336264 0.939818 0.060565 -0.993462 0.0874412 0.0734009 -0.464611 -0.854884 -0.230889 -0.436794 -0.865755 -0.244293 -0.353517 0.763438 0.540544 -0.443952 -0.830429 -0.336592 -0.840814 0.473638 0.262105 -0.677612 -0.644496 -0.354212 -0.702319 -0.626396 -0.338196 -0.0999737 0.916842 0.386532 -0.217315 -0.736938 -0.640075 -0.387478 -0.625426 -0.677276 -0.25792 0.537326 0.802968 -0.806316 -0.331295 -0.489998 -0.724026 -0.346039 -0.596694 -0.538662 -0.127743 0.832781 -0.674997 -0.297807 -0.675048 -0.729192 -0.215199 -0.649591 -0.969033 0.0930747 0.228718 -0.0798514 -0.0850562 -0.993171 -0.569155 0.0913123 -0.817144 -0.83199 -0.053259 0.552228 -0.297184 0.331545 -0.89541 0.220999 -0.266433 0.938175 -0.986502 -0.0865977 0.138979 -0.666365 0.33647 -0.665392 -0.678468 0.32921 -0.656736 -0.357688 0.507632 -0.783817 -0.316641 -0.437045 0.841861 -0.499272 -0.728773 0.468634 -0.232207 0.615156 -0.753434 -0.751837 0.518418 -0.407412 -0.983037 0.180092 -0.03471 -0.807458 0.51743 -0.283332 -1 0 0 -0.812559 -0.489058 0.317127 -0.996499 -0.0835097 -0.00406748 0.0261644 -0.975321 0.219235 -0.225028 0.967814 -0.112687 -0.889619 0.0467367 -0.454307 -0.546825 0.836732 -0.029357 -0.950288 -0.29719 -0.0928993 -0.264383 0.942378 0.205002 -0.591473 0.766717 0.24961 -0.634035 0.733021 0.246335 -0.209785 0.836471 0.506268 -0.963656 -0.205906 -0.170203 -0.649915 0.585134 0.485004 -0.805067 0.47069 0.360995 -0.987909 -0.111585 -0.107629 0.121923 0.636761 0.761361 0.137528 0.54812 0.825016 -0.99016 -0.0767234 -0.117033 -0.787561 0.22077 0.575334 -0.808892 0.206492 0.550504 -0.443322 0.227289 0.867067 -0.550159 0.236328 0.800921 -0.79639 0.267478 0.54242 -0.860611 0.29975 0.411703 -0.870321 0.353437 0.342964 0.857316 0.425142 0.290283 0.34619 0.853562 0.389339 0.00304393 0.989293 0.145914 -0.959899 0.237734 0.148584 0.000710474 0.938177 0.346156 -0.968478 0.176458 0.175821 -0.767213 0.596021 0.236944 -0.672537 -0.23706 -0.701068 -0.227008 -0.347873 -0.909644 -0.08591 -0.996066 0.021708 -0.903854 -0.42759 -0.0146786 -0.542319 0.840095 -0.0114226 0.897937 0.440124 0 0.000797215 0.996552 -0.0829651 0.493846 0.71812 -0.490327 1 0 0 0.00114467 0.36397 -0.93141 -0.967776 -0.000378762 -0.251813 -0.935117 0.225478 -0.273341 0.912507 0.268149 -0.308912 -0.978236 0.197219 -0.0644855 -0.978362 0.196604 -0.064464 -0.000195608 0.909773 -0.415106 -0.00015611 0.967533 -0.252746 -0.930973 0.207047 -0.300699 -0.886304 0.462515 0.0233533 -1 0 0 -0.324087 -0.832439 0.449459 -0.312351 -0.78126 0.540434 -0.314594 -0.643979 0.697367 -0.00670644 -0.593655 0.804692 -0.788314 -0.185079 0.586777 -0.383589 -0.179398 0.905912 -0.406514 0.122667 0.905373 -0.194865 0.439535 0.876833 0.0898886 0.783085 0.615384 -0.333903 0.850454 0.406494 -0.66946 0.701311 0.244922 -0.363122 0.908062 0.208726 -0.434039 0.900878 0.00529915 -0.482568 0.871115 -0.0910339 -0.366861 0.843939 -0.391383 -0.380379 0.6676 -0.640017 -0.840314 0.248614 -0.481729 -0.968988 -0.200963 0.143793 -0.655205 -0.251012 0.71253 0.130359 0.49596 -0.858505 -0.983153 0.101282 -0.152156 -0.83793 0.166973 -0.51961 1 0 0 -0.819394 0.205362 -0.535181 -0.795292 0.246898 -0.553671 -0.192439 -0.382685 0.903615 -0.396682 0.50798 -0.764591 -0.571692 -0.698052 0.43115 -0.224258 0.62518 -0.747569 -0.909435 -0.310461 0.276662 -0.62228 0.604021 -0.497922 -0.485491 0.693709 -0.532039 -0.244094 0.829631 -0.502127 -0.42917 0.856178 -0.287703 -0.595212 0.749324 -0.290237 -0.9388 -0.327783 0.105892 0.0377403 -0.935985 0.35001 -0.976834 -0.198869 0.0790355 -0.274892 0.939501 -0.204383 -0.178775 -0.96992 0.16521 -0.973088 -0.230367 -0.00559316 -0.643944 0.763712 -0.0456106 -0.446362 -0.889692 -0.095965 -0.24199 0.963769 0.112208 -0.171331 -0.893804 -0.414438 -0.870483 -0.467037 -0.155359 -0.734537 0.635404 0.238153 -0.984243 -0.153625 -0.0875506 0.101161 0.845021 0.525077 -0.987645 -0.122801 -0.097351 -0.361875 0.665278 0.653032 -0.931857 -0.226928 -0.283102 -0.800667 0.378572 0.464345 -0.798596 0.380665 0.466196 -0.92582 -0.235494 -0.295636 -0.484655 0.475489 0.73418 -0.968632 -0.119168 -0.218062 -0.269703 0.334339 0.903038 -0.731668 0.143874 0.666305 -0.623179 0.18942 0.758794 -0.256984 -0.204165 -0.944604 0.00575555 0.0244706 0.999684 -0.849477 0.249172 -0.465083 0.0155092 -0.0852918 0.996235 -0.953646 0.0947267 -0.285633 -0.839486 -0.174985 0.514435 -0.20954 0.251362 -0.944939 -0.585532 -0.327201 0.741682 -0.136216 -0.496998 0.856994 -0.3287 0.637454 -0.696857 -0.944213 0.250157 -0.214206 -0.672853 -0.544616 0.500662 -0.579126 -0.615487 0.534592 -0.408723 0.896639 -0.170247 -0.705724 0.683174 -0.187688 -0.903279 -0.420735 0.0840814 -0.600746 -0.740893 0.300301 -0.400983 -0.893996 0.199961 -0.966677 -0.2097 0.146841 0.963901 0.266056 -0.0104417 -0.998923 0.0464007 0.000786088 -0.338901 -0.939401 0.0516892 0.959784 0.280604 0.00874424 -0.199506 0.979869 -0.00736829 -0.497089 0.867697 0.00219785 -0.442031 -0.897 0 -0.487218 -0.873279 0.00134817 -0.990969 -0.134057 -0.00297196 -5.83902e-08 -1 0 -5.83902e-08 -1 0 5.34658e-08 0.253568 0.967318 3.93453e-08 0.253567 0.967318 4.29462e-08 0.358255 0.933624 3.77165e-08 0.358255 0.933624 3.93327e-08 0.458587 0.88865 -8.25024e-07 0.458612 0.888636 -1.00158e-06 0.553378 0.83293 4.04737e-08 0.553407 0.832911 4.11251e-08 0.641547 0.767083 4.11251e-08 0.641547 0.767083 4.1279e-08 0.721847 0.692053 4.07399e-08 0.721847 0.692053 4.09336e-08 0.793498 0.608573 6.40999e-08 0.793499 0.608572 6.50702e-08 0.855508 0.51779 8.01871e-08 0.855508 0.517789 7.75362e-08 0.907203 0.420694 7.77785e-08 0.907203 0.420694 7.39486e-08 0.947907 0.318548 7.40753e-08 0.947907 0.318548 6.94676e-08 0.977147 0.212566 6.94676e-08 0.977147 0.212566 6.41431e-08 0.994583 0.103941 6.43529e-08 0.994583 0.103941 5.80458e-08 0.999983 -0.00588155 5.80421e-08 0.999983 -0.00588155 5.12454e-08 0.99329 -0.115653 5.12454e-08 0.99329 -0.115653 4.38254e-08 0.974584 -0.224023 4.39813e-08 0.974584 -0.224023 3.58804e-08 0.944113 -0.329621 5.55536e-08 0.944114 -0.32962 5.26788e-08 0.902186 -0.431347 5.27822e-08 0.902186 -0.431347 4.9596e-08 0.849389 -0.527768 4.9596e-08 0.849389 -0.527768 4.59097e-08 0.786257 -0.6179 2.31473e-08 0.786256 -0.617901 2.08362e-08 0.713688 -0.700464 2.03705e-08 0.713688 -0.700464 1.84642e-08 0.632443 -0.774607 1.84642e-08 0.632443 -0.774607 1.58703e-08 0.543596 -0.839347 1.58703e-08 0.543596 -0.839347 1.30832e-08 0.44813 -0.893968 1.29629e-08 0.44813 -0.893968 1.01375e-08 0.347232 -0.937779 1.52062e-08 0.347232 -0.937779 1.06066e-08 0.2422 -0.970226 1.06482e-08 0.2422 -0.970226 5.87831e-09 0.134231 -0.99095 6.01838e-09 0.134231 -0.99095 1.07276e-09 0.0244963 -0.9997 -1.15748e-10 0.0244962 -0.9997 2.33548e-10 -0.0853288 -0.996353 -3.73677e-09 -0.0853287 -0.996353 -8.50705e-09 -0.194258 -0.980951 -8.79641e-09 -0.194258 -0.980951 -1.31732e-08 -0.300808 -0.953685 -1.29634e-08 -0.300808 -0.953685 -1.76761e-08 -0.403631 -0.914922 -1.76761e-08 -0.403631 -0.914922 -2.19695e-08 -0.501671 -0.865059 -1.38887e-08 -0.501671 -0.865059 -1.73322e-08 -0.593667 -0.804711 -1.75926e-08 -0.593667 -0.804711 -1.98067e-08 -0.678426 -0.734669 -1.9445e-08 -0.678426 -0.734669 -2.20418e-08 -0.754981 -0.655747 -2.20418e-08 -0.754981 -0.655747 -2.40104e-08 -0.822411 -0.568894 7.56514e-07 -0.822396 -0.568915 8.09232e-07 -0.879939 -0.475087 7.96266e-07 -0.879939 -0.475086 8.38768e-07 -0.926766 -0.375639 -4.8992e-08 -0.926755 -0.375667 -4.39549e-08 -0.962419 -0.271569 -7.22248e-08 -0.962419 -0.271568 -6.71921e-08 -0.986404 -0.164337 5.53051e-07 -0.986401 -0.164358 -4.75039e-07 -0.998489 -0.0549541 -6.151e-08 -0.99849 -0.0549404 0.00161886 0.999611 0.0278378 0.00283844 0.953138 0.302522 0.00086809 0.981783 0.190006 0.000940359 0.915483 0.402356 0.00141738 0.955091 0.296309 -0.00844845 0.843602 0.536903 -0.00307982 0.914293 0.405043 -0.000909054 0.909826 0.41499 0.00247849 0.967241 0.253846 -0.0121837 0.81121 0.584629 -0.00440893 0.912149 0.409835 0.000688575 0.970659 0.24046 0.000741127 0.963752 0.266797 -0.000504531 0.978831 0.20467 0.00157395 0.995399 0.0958065 5.57061e-08 0.917611 0.397479 5.69956e-08 0.583999 0.811754 6.11238e-08 0.584003 0.811751 5.80175e-08 0.909821 0.415001 5.80175e-08 0.909821 0.415001 6.08604e-08 0.825853 0.563886 6.09734e-08 0.825853 0.563886 6.19252e-08 0.717659 0.696395 6.14906e-08 0.717659 0.696395 6.11794e-08 0.588595 0.808428 6.09687e-08 0.588595 0.808428 5.8645e-08 0.44227 0.896882 5.4456e-08 0.283008 0.959118 0.000502012 0.999995 0.00323389 -2.72718e-08 1 0 -2.71667e-08 1 -4.37115e-10 -0.00149123 0.99992 0.0125562 -0.00106228 0.999425 -0.0338937 -0.000498894 0.973445 -0.22892 -0.00150753 0.967557 -0.252648 -0.00110732 0.922928 -0.38497 -0.000875629 0.900659 -0.434526 -9.84521e-05 0.924543 -0.381077 -0.00128874 0.953669 -0.300854 0.00660365 0.867629 -0.497169 0.00253856 0.918846 -0.394608 0.000910257 0.909498 -0.415707 -0.00246953 0.967164 -0.254143 0.0105454 0.835841 -0.54887 0.00341624 0.922233 -0.386619 -0.000795215 0.972302 -0.233729 0.00151717 0.996836 -0.0794712 -0.000991683 0.973432 -0.228976 -0.00108236 0.999491 -0.0318746 -0.00254113 0.949684 -0.313201 0.000429044 0.999438 -0.0335175 -0.0014629 0.987153 -0.159773 -1.56045e-08 0.283073 -0.959099 -1.99123e-08 0.442215 -0.896909 -9.62714e-09 0.588594 -0.808429 -9.3798e-09 0.588594 -0.808429 9.31262e-10 0.717659 -0.696394 1.04221e-09 0.717659 -0.696394 1.14722e-08 0.825853 -0.563886 1.14651e-08 0.825853 -0.563886 2.16628e-08 0.909773 -0.415106 2.16628e-08 0.909773 -0.415106 -9.03013e-09 0.596449 -0.802651 -5.10881e-09 0.596445 -0.802654 2.30947e-08 0.905746 -0.423821 -5.5094e-08 -0.99849 0.0549404 -5.5094e-08 -0.99849 0.0549404 -4.80007e-08 -0.986404 0.164337 -4.81473e-08 -0.986404 0.164337 -4.03396e-08 -0.962422 0.27156 -1.20371e-08 -0.962422 0.271559 -5.12333e-09 -0.926766 0.37564 -2.7057e-08 -0.926766 0.375639 -2.56897e-08 -0.879931 0.475102 -2.59258e-08 -0.879931 0.475102 -2.40103e-08 -0.822408 0.568898 -2.40103e-08 -0.822408 0.568898 -2.20417e-08 -0.754979 0.655749 -2.20417e-08 -0.754979 0.655749 -1.98067e-08 -0.678426 0.734669 -2.0371e-08 -0.678426 0.734669 -1.73322e-08 -0.593668 0.80471 -1.75926e-08 -0.593668 0.80471 -1.46464e-08 -0.501674 0.865057 -2.22218e-08 -0.501674 0.865057 -1.76759e-08 -0.403628 0.914923 -1.76759e-08 -0.403628 0.914923 -1.31732e-08 -0.300808 0.953685 -1.29634e-08 -0.300808 0.953685 -8.50705e-09 -0.194258 0.980951 -8.33344e-09 -0.194258 0.980951 -3.73561e-09 -0.0853021 0.996355 3.113e-10 -0.0853019 0.996355 -8.93044e-11 0.024471 0.999701 1.07165e-09 0.0244711 0.999701 5.87965e-09 0.134261 0.990946 6.01836e-09 0.134261 0.990946 1.06066e-08 0.2422 0.970226 1.06482e-08 0.2422 0.970226 1.5205e-08 0.347205 0.937789 1.01367e-08 0.347205 0.937789 1.30831e-08 0.448125 0.893971 1.2963e-08 0.448125 0.893971 1.58704e-08 0.543599 0.839345 1.5741e-08 0.543599 0.839345 1.84651e-08 0.632472 0.774583 -1.07093e-06 0.632444 0.774606 -1.20847e-06 0.713673 0.700479 2.03702e-08 0.713644 0.700508 2.29552e-08 0.786269 0.617885 4.62935e-08 0.786268 0.617886 4.95954e-08 0.849378 0.527785 4.95954e-08 0.849378 0.527785 5.26803e-08 0.902211 0.431296 -1.66017e-06 0.902235 0.431244 -1.73648e-06 0.944103 0.329649 7.40767e-08 0.944084 0.329706 6.99866e-08 0.974585 0.224017 7.03682e-08 0.974585 0.224017 6.4751e-08 0.993291 0.115646 6.4751e-08 0.993291 0.115646 5.87327e-08 0.999983 0.0058821 5.8742e-08 0.999983 0.0058821 5.2005e-08 0.994584 -0.103938 5.20826e-08 0.994584 -0.103938 4.46436e-08 0.977145 -0.212572 4.46436e-08 0.977145 -0.212572 3.67499e-08 0.947913 -0.318529 3.70354e-08 0.947913 -0.318529 2.84053e-08 0.907192 -0.420718 2.87056e-08 0.907192 -0.420718 1.97195e-08 0.855508 -0.51779 3.51854e-08 0.855508 -0.517789 2.85652e-08 0.793498 -0.608572 5.39897e-09 0.793499 -0.608572 8.70731e-10 0.721862 -0.692037 9.25886e-10 0.721862 -0.692037 -3.66654e-09 0.641519 -0.767107 -1.10874e-06 0.641547 -0.767083 -9.61368e-07 0.553382 -0.832928 -1.05023e-06 0.553384 -0.832926 -8.76114e-07 0.458587 -0.88865 -1.20374e-08 0.458612 -0.888636 -1.6798e-08 0.358255 -0.933624 -1.20372e-08 0.358255 -0.933624 -1.71351e-08 0.253596 -0.96731 -1.71351e-08 0.253596 -0.96731 -5.83902e-08 -1 0 -5.83902e-08 -1 0 -0.00022879 -0.707095 -0.707119 -7.11399e-08 -0.707152 -0.707061 -6.30017e-08 -0.707152 -0.707062 9.42474e-05 -0.707128 -0.707085 -0.000337855 0.999998 0.0020768 -0.000150969 1 -0.000644057 -2.34666e-08 1 0 -0.464185 -0.731551 0.499365 -1.01694e-08 -0.707173 0.707041 -2.016e-08 -0.707172 0.707041 -0.000207474 -0.707121 0.707093 0.011984 0.999928 0.00111928 0.665999 0.745948 -0.00270068 0.852399 0.522882 0.00307398 -0.986894 0.161294 0.00498073 0.99263 -0.121119 -0.00399368 0.890828 -0.454338 0.00129329 0.383729 -0.923446 0 0.509037 -0.860739 -0.00307131 0.37036 -0.630181 0.682425 0.207134 -0.490794 0.846296 0.458336 -0.267352 0.847615 0.702723 0.172317 0.69028 0.360161 0.507118 0.783017 -0.0912444 0.710696 0.697557 0.354065 0.735335 0.577859 1 0 0 0.287927 0.957636 0.00563301 0.561039 0.823306 -0.0860397 0.235777 0.921189 -0.309549 0.723596 0.590492 -0.35739 0.496916 0.397961 -0.771169 0.588976 0.289524 -0.754509 0.984716 -0.132368 -0.113196 -0.0175925 0.253557 -0.96716 0.222324 -0.22323 0.949074 0.646546 0.255325 -0.71888 0.613852 0.436854 -0.65753 0.690269 0.42076 -0.588633 0.321657 -0.631942 0.705114 0.276344 0.616565 -0.737212 0.996634 -0.0130182 0.080943 -0.099161 0.718304 -0.688626 0.0942688 0.789965 -0.605862 0.996195 -0.0849329 0.0195228 0.687784 0.625253 -0.368798 0.816497 -0.480322 0.320347 0.413731 0.825906 -0.383021 0.774489 -0.517198 0.364244 -0.119823 -0.969984 0.211598 0.383681 0.90236 -0.196303 0.0392958 -0.99914 0.0132665 0.969304 -0.242633 0.0397376 0.648151 0.755274 -0.0972649 0.324195 0.939643 0.1094 0.967028 -0.248931 -0.0537633 0.717648 0.669105 0.193079 0.943767 0.299497 0.14002 -0.880924 -0.429492 -0.198772 0.961241 -0.233013 -0.147381 0.871822 0.429635 0.235245 1 0 0 -0.0887288 0.62995 0.771551 0.798981 0.269483 0.537595 0.717778 0.326389 0.615032 0.949228 -0.117493 -0.291826 0.750912 -0.323961 -0.575482 0.637288 0.267565 0.722684 0.828013 0.0752814 0.555633 0.859689 0.0545513 0.507897 0.790999 -0.0901282 -0.605143 0.579179 -0.0248335 0.814822 1 -4.31983e-07 -1.76475e-05 0.615609 -0.191263 0.76449 0.814847 -0.112606 0.568634 0.797819 -0.0765225 -0.598022 -0.172301 0.443362 -0.879626 0.995445 0.00711179 -0.0950754 0.11555 -0.400924 0.908795 0.919131 0.244717 -0.308727 -0.0581825 0.494707 -0.86711 0.54618 -0.478239 0.687732 0.744312 0.249889 -0.619318 0.461132 -0.52678 0.714045 0.559512 -0.625743 0.5435 0.576157 -0.619671 0.532964 0.26181 -0.793722 0.549055 0.0616529 0.849015 -0.52476 0.981727 0.135425 -0.13369 0.259315 -0.849831 0.45885 0.582414 -0.753361 0.305354 0.768595 -0.591181 -0.244471 -0.0276355 0.979636 -0.198873 0.955721 0.282211 -0.0833937 0.776253 -0.598039 0.199451 0.502989 -0.843452 0.188656 1 0 0 0.383235 -0.922256 0.0507458 0.568989 -0.817973 0.0846811 0.147631 0.279971 -0.948589 0.582123 0.359565 -0.729277 0.670063 0.436916 -0.6001 0.575426 0.586941 -0.569549 0.123119 0.819569 -0.559596 -0.632845 0.704417 -0.321408 -0.00254398 0.990746 -0.135707 0.983959 0.176142 0.0282598 0.969703 0.232755 -0.0741626 -0.00177459 0.94504 -0.326951 -0.610333 0.71829 -0.333996 0.98966 0.06892 -0.125789 0.992525 -0.0781694 0.0937211 0.99409 -0.0604688 0.0901623 0.34208 0.939671 0 -0.587047 0.808031 -0.0496186 0.106975 -0.99385 -0.0286298 0.0258499 -0.86889 0.494329 0.754157 0.597477 0.272521 0.629359 0.641782 0.438204 0.115635 0.712845 0.691723 -0.67322 0.435232 0.597786 0.0112478 -0.651346 0.758697 0.00782208 0.882652 0.469963 0.476034 0.638359 0.604888 0.94098 -0.29104 -0.172776 0.999291 0.0282247 -0.0249138 0.754154 0.597477 0.27253 0.746722 0.64335 0.168843 0.00607759 0.996594 -0.082244 0.999611 0.0245675 0.0132141 0.364408 0.672212 0.644467 0.747048 0.66117 0.0690969 0.360487 0.932748 -0.00548609 0.332729 0.919055 -0.211258 0.683065 0.689541 -0.240741 0.179061 0.773549 -0.607914 0.190572 0.700609 -0.687626 0.280349 0.430159 -0.858119 0.289217 0.23185 -0.928762 0.59413 0.0197041 -0.804128 0.59082 -0.242693 -0.769436 0.228312 -0.488421 -0.842211 0.250249 -0.656839 -0.711293 0.112065 -0.874396 -0.472094 0.648624 -0.732506 -0.206694 0.240938 -0.957345 -0.159496 0.298459 0.128113 -0.945785 0.389601 0.500643 -0.773025 0.975863 -0.0823603 0.202258 0.715653 0.320303 0.620682 0.898199 0.156566 0.410763 0.365772 -0.929299 -0.051134 0.99435 0.106131 -0.00219421 -0.990668 0.135914 0.010263 0.364462 0.922174 0.129474 -0.0260013 0.995225 0.0940783 0.989746 0.138043 0.0367082 0.521664 -0.815152 -0.251781 0.239089 -0.899877 -0.364771 0.995743 0.0872824 0.0296401 -0.142254 0.910066 0.389285 0.412749 -0.749089 -0.518174 0.704672 -0.535684 -0.465274 0.756094 -0.500358 -0.421857 0.97299 0.177297 0.14784 0.964279 0.205434 0.16722 0.00451236 -0.593661 -0.804703 0.992986 0.0287448 0.114687 0.0862338 0.478118 0.874052 -0.341876 0.361148 0.867579 0.68708 -0.293271 -0.664766 0.779822 -0.236688 -0.579532 0.391859 0.162438 0.905572 0.385172 -0.17927 -0.905265 0.430496 -0.0770178 -0.8993 0.805861 0.00559809 0.592079 0.116868 -0.142644 0.98285 0.648524 0.00735612 -0.761159 0.414765 0.106015 0.903732 0.385751 -0.429808 0.816371 0.532811 0.285657 -0.796563 0.576972 0.283607 -0.765944 0.976026 -0.0676515 0.206873 0.575525 0.517202 -0.633461 0.664129 0.461043 -0.588534 0.229444 -0.694779 0.681643 0.985564 -0.0966283 0.139022 0.55533 0.706377 -0.438907 0.906328 0.391028 -0.16021 0.983308 -0.171127 0.0618117 -0.261392 -0.850089 0.45719 0.885967 0.418387 -0.200036 0.978359 0.161065 -0.129893 0.989927 -0.1314 0.0527061 0.166693 0.979392 -0.114035 0.721215 0.688439 0.0768116 0.843388 -0.535277 -0.0466454 0.978054 -0.202488 -0.0490909 0.278494 0.938489 0.204156 -0.0750058 0.945237 0.317651 0.857759 -0.411322 -0.308324 0.521302 0.730067 0.441867 0.0320748 0.906736 0.420477 0.69875 0.567642 0.435352 0.793891 0.495808 0.35201 0.245943 -0.81741 -0.520915 0.520058 -0.326173 -0.789399 0.199538 0.628646 0.751657 0.38375 0.511037 0.769141 0.580151 -0.320941 -0.748613 0.915308 0.189913 0.355167 0.845232 0.191451 0.498928 0.774467 0.16041 0.611939 0.442196 -0.896919 0 -0.998022 0.0628616 -0.000849166 0.553611 -0.832768 -0.00338901 0.990897 -0.134585 0.00328531 0.731634 0.681695 0.00195724 0.367553 0.929995 -0.0037743 0 1 0 0.000338179 1 2.88688e-05 0 0.996759 0.0804493 0.0341548 0.970367 0.239208 0.0728998 0.828081 0.555849 -0.145936 0.910118 0.387798 -0.0741766 0.749056 0.658341 0.152006 0.622555 0.767672 0.0764953 -0.0932019 0.992704 -0.188185 -0.264243 0.945919 0.0303329 -0.428499 0.903033 -0.0127094 -0.568039 0.822903 0.0282052 -0.549398 0.835084 -0.00390735 -0.70698 0.707223 0.0299785 -0.692445 0.720848 0.0111587 -0.810542 0.585574 0.0347272 -0.935812 0.350785 0.0336475 -0.986493 0.160312 -0.0974706 -0.992866 0.0686831 0.0219001 -0.99976 0 0.0440353 -0.976075 -0.212927 -0.119661 -0.952709 -0.279331 0.113604 -0.903191 -0.413933 -0.108459 -0.777 -0.620087 0.0231152 -0.594545 -0.80373 -0.00912976 -0.42864 -0.903429 0.0459072 -0.454681 -0.88947 0.0137178 -0.271923 -0.962221 0.0285497 -0.278102 -0.960127 0.0741346 -0.456424 -0.886669 -0.038347 -0.56245 -0.825942 -0.0189815 -0.756071 -0.654215 0.0786137 -0.816255 -0.572318 -0.0809831 -0.906827 -0.41365 -0.013792 -0.989758 -0.142088 0.00195238 -0.999998 0 -0.0231305 -0.996072 0.0854685 0.0325178 -0.961924 0.271374 0.0522506 -0.965898 0.253598 -0.0347564 -0.909266 0.414762 -0.0221795 -0.825625 0.563782 0.0884328 -0.715894 0.692586 -0.0814013 -0.62328 0.777751 -0.07444 -0.315241 0.946088 0.0789761 -0.709929 0.699831 -0.215222 -0.537299 0.815469 0.145229 -0.884408 0.443543 -0.0994293 -0.831552 0.546475 0.0567714 -0.998387 0 0.0178928 -0.986895 -0.160366 -0.117675 -0.965348 -0.232928 0.0145415 -0.948427 -0.316661 0.00895089 -0.885448 -0.464652 -0.0953411 -0.849851 -0.518327 0.0304003 -0.799058 -0.600485 -0.0126309 -0.692688 -0.721127 0.025596 -0.707366 -0.706384 0.0344494 -0.567767 -0.822468 -0.0954265 -0.495443 -0.863383 0.0299264 -0.428521 -0.903036 0.0363592 -0.252162 -0.967002 0.71755 -0.448445 -0.532935 0.110659 0.0390831 -0.99309 -0.134356 -0.0613098 -0.989035 -0.166393 0.315201 -0.934324 0.016425 0.632375 -0.774489 -0.181253 0.739489 -0.648308 0.0354808 0.840863 -0.540084 0.0182581 0.919818 -0.39192 0.0474086 0.995638 -0.0803571 -0.142209 0.961066 -0.236915 0.000116807 1 0 -0.820825 0.143929 0.552748 -0.770724 0.262448 0.580608 -0.345395 0.525533 0.777507 -0.702704 0.353989 0.617171 -0.705915 0.49007 0.511386 -0.705862 0.490128 0.511403 -0.705869 0.569495 0.421219 -0.455812 0.780655 0.427567 -0.569367 0.73406 0.370103 -0.705886 0.677286 0.207386 -0.569448 0.815367 0.104428 -0.569424 0.815385 0.104423 -0.705904 0.70767 -0.0300668 -0.569425 0.803594 -0.173183 -0.569386 0.803618 -0.1732 -0.705866 0.657267 -0.264108 -0.569353 0.700031 -0.431038 -0.569344 0.700035 -0.431044 -0.70585 0.531741 -0.468004 -0.569393 0.516451 -0.639586 -0.569409 0.516448 -0.639574 -0.705931 0.345421 -0.618342 -0.569542 0.273865 -0.774997 -0.703588 0.274213 -0.65557 -0.705863 0.119709 -0.69816 -0.476679 0.0372745 -0.878287 -0.445635 0.0304938 -0.894695 -0.610404 -0.0335867 -0.791378 -0.705831 -0.119717 -0.69819 -0.569296 -0.273913 -0.77516 -0.569485 -0.273819 -0.775055 -0.705961 -0.345416 -0.618309 -0.569521 -0.516381 -0.639528 -0.56944 -0.516434 -0.639557 -0.705881 -0.531717 -0.467983 -0.569332 -0.70007 -0.431002 -0.569526 -0.699927 -0.430978 -0.70599 -0.657153 -0.264061 -0.569686 -0.803398 -0.17323 -0.569365 -0.803635 -0.173189 -0.705883 -0.707691 -0.0300434 -0.569378 -0.815412 0.104463 -0.569512 -0.815325 0.104414 -0.70595 -0.677218 0.207389 -0.569555 -0.733968 0.369998 -0.235209 -0.827644 0.50959 -0.569477 -0.660879 0.488811 -0.705936 -0.490068 0.511359 -0.569537 -0.460298 0.680994 -0.235353 -0.473999 0.848489 -0.569494 -0.338577 0.749027 -0.70595 -0.178465 0.685409 -0.569574 -0.0697535 0.818975 -0.359607 -0.0251392 0.932765 -0.722234 0.0586961 0.689154 -1 0 0 -1 0 0 -1 0 0 -1 0 0 -1 0 0 -1 0 0 -1 0 0 -1 0 0 -1 2.27152e-07 0 -1 -4.9805e-08 1.38479e-07 -1 0 0 -1 -3.50213e-05 1.93886e-06 -1 0 0 -1 0 0 -1 0 0 -1 1.02609e-07 8.28168e-09 -1 -1.66652e-08 1.19732e-07 -1 0 0 -1 0 0 -1 0 0 -1 0 0 -1 -1.32346e-05 -1.63903e-05 -1 0 0 -1 0 0 -1 0 0 -1 0 0 -1 0 0 -1 0 0 -1 0 0 -1 -6.51126e-06 -1.84293e-05 -1 5.22561e-05 -8.33175e-05 -1 -0.000124193 -5.10503e-05 -1 -5.12102e-05 9.23872e-05 -1 9.31749e-05 0.000141643 -1 0 0 -1 0 0 -1 0 0 -1 0 0 -1 0 0 -1 0 0 -1 0 0 -1 0 0 -1 0 0 -1 0 0 -1 0 0 -1 0 0 -1 2.71748e-06 -7.96942e-05 -1 -0.000187954 7.10074e-05 -1 0 0 -1 1.34042e-06 -8.29517e-07 -1 -1.39899e-06 1.21485e-06 -1 0 0 -1 0 0 -1 0 0 -1 0 0 -1 0.000411905 -4.64638e-05 -1 -6.08394e-05 -0.000172208 -1 -0.000418469 -7.71544e-05 -1 -0.000113894 0.000321261 -1 3.54665e-05 1.78821e-05 -1 -2.10089e-05 5.47015e-05 -1 0 0 -1 0 0 -1 2.84026e-05 5.23668e-06 -1 6.82645e-07 -2.00289e-05 -1 7.5014e-06 -1.91018e-05 -1 7.81004e-06 -1.86717e-05 -1 -1.36342e-05 -3.19535e-05 -1 0 0 -1 0.000145851 0.000103758 -1 9.19522e-05 -5.60065e-05 -1 -3.4855e-05 -0.000158443 -1 0 0 -1 0 0 -1 2.65044e-05 -1.14475e-05 -1 0 0 -1 0 0 -1 0 0 -1 0 0 -1 0 0 -1 0 0 -1 0 0 -1 0 0 -1 0 0 -1 1.93726e-07 2.91681e-07 -1 -4.41025e-05 0.000301427 -1 -0.000137186 3.07022e-05 -1 -3.76221e-05 6.7346e-05 -1 -3.63348e-05 6.99901e-05 -1 -0.000132182 1.3589e-05 -1 0 0 -1 0 0 -1 0 0 -1 2.5749e-05 4.1075e-06 -1 1.22868e-05 1.52172e-05 -1 0.00042687 2.86954e-05 3.45547e-08 0.0848642 0.996393 3.0397e-08 0.084864 0.996393 2.84534e-08 0.251986 0.967731 4.17764e-08 0.251986 0.967731 4.74688e-08 0.411896 0.911231 7.57573e-08 0.411897 0.91123 7.75168e-08 0.559997 0.828495 7.75168e-08 0.559997 0.828495 7.70465e-08 0.691899 0.721994 7.70465e-08 0.691899 0.721994 7.43595e-08 0.803982 0.594654 7.43595e-08 0.803982 0.594654 6.95325e-08 0.892927 0.450201 5.56724e-08 0.892927 0.450202 4.78622e-08 0.956179 0.292783 4.78622e-08 0.956179 0.292783 3.86801e-08 0.991898 0.127037 3.86801e-08 0.991898 0.127037 2.83806e-08 0.999099 -0.0424487 2.83806e-08 0.999099 -0.0424487 1.7267e-08 0.977556 -0.210674 1.7267e-08 0.977556 -0.210674 5.65576e-09 0.92789 -0.372853 2.00585e-08 0.92789 -0.372853 7.09818e-09 0.851523 -0.524318 7.09818e-09 0.851523 -0.524318 -6.06518e-09 0.750664 -0.660684 3.49556e-08 0.750663 -0.660685 2.92538e-08 0.628219 -0.778037 -5.99719e-07 0.628236 -0.778023 -4.65566e-07 0.487704 -0.873009 2.27098e-08 0.487689 -0.873018 1.55151e-08 0.333184 -0.942862 1.42222e-08 0.333184 -0.942862 7.21376e-09 0.168997 -0.985617 -1.06567e-09 0.168997 -0.985617 -2.67381e-10 0.042402 -0.999101 1.80995e-09 0.0424019 -0.999101 -1.80999e-09 -0.0424027 -0.999101 -1.97453e-09 -0.0424027 -0.999101 -7.86977e-09 -0.169002 -0.985616 -7.86977e-09 -0.169002 -0.985616 -1.55146e-08 -0.333173 -0.942866 -1.55146e-08 -0.333173 -0.942866 -2.27105e-08 -0.487704 -0.873009 -2.27105e-08 -0.487704 -0.873009 -2.92538e-08 -0.628219 -0.778037 -1.95025e-08 -0.628219 -0.778037 -2.33037e-08 -0.750664 -0.660684 -6.43245e-08 -0.750663 -0.660685 -5.89865e-08 -0.851555 -0.524265 -5.89865e-08 -0.851555 -0.524265 -5.19553e-08 -0.927891 -0.372851 -5.19553e-08 -0.927891 -0.372851 -4.34335e-08 -0.977534 -0.210777 -4.34335e-08 -0.977534 -0.210777 -3.36497e-08 -0.9991 -0.0424145 -3.36497e-08 -0.9991 -0.0424145 -2.29028e-08 -0.991893 0.127073 -2.29028e-08 -0.991893 0.127073 -1.15078e-08 -0.956189 0.292749 1.90308e-06 -0.95617 0.292813 1.78818e-06 -0.892927 0.450201 2.27666e-10 -0.892956 0.450145 1.19622e-08 -0.803981 0.594655 1.19622e-08 -0.803981 0.594655 2.33464e-08 -0.691917 0.721978 1.26064e-08 -0.691917 0.721977 2.53629e-08 -0.559997 0.828495 2.53629e-08 -0.559997 0.828495 3.73963e-08 -0.411896 0.911231 9.10787e-09 -0.411897 0.91123 1.83089e-08 -0.251976 0.967733 1.83089e-08 -0.251976 0.967733 2.69803e-08 -0.0848645 0.996393 2.73097e-08 -0.0848645 0.996393 -0.56924 0.207207 0.795632 -0.569442 0.207117 0.795512 -0.705918 0.291744 0.645419 -0.569413 0.460347 0.681065 -0.235447 0.61055 0.75617 -0.569392 0.568788 0.593527 -0.705885 0.569481 0.421209 -0.569384 0.734043 0.370112 -0.569355 0.734065 0.370113 -0.705879 0.677291 0.207394 -0.569431 0.81538 0.104422 -0.569378 0.815418 0.104412 -0.705862 0.707711 -0.0300685 -0.569353 0.803641 -0.1732 -0.569371 0.80363 -0.173192 -0.705865 0.657267 -0.264111 -0.569358 0.700029 -0.431034 -0.56937 0.700024 -0.431027 -0.705864 0.531742 -0.467982 -0.569369 0.516448 -0.63961 -0.569408 0.516439 -0.639582 -0.705936 0.345392 -0.618352 -0.569553 0.273832 -0.775001 -0.703667 0.274182 -0.655498 -0.705949 0.119743 -0.698068 -0.476532 0.0372256 -0.878369 -0.445768 0.0305058 -0.894629 -0.610419 -0.033539 -0.791368 -0.705922 -0.11975 -0.698093 -0.569537 -0.273826 -0.775014 -0.569556 -0.273817 -0.775004 -0.705956 -0.345382 -0.618334 -0.569464 -0.516406 -0.639559 -0.569424 -0.516432 -0.639574 -0.705895 -0.531718 -0.467961 -0.569365 -0.700052 -0.430988 -0.569537 -0.699925 -0.430966 -0.705989 -0.657153 -0.264064 -0.569692 -0.803393 -0.173235 -0.569361 -0.803637 -0.173193 -0.705883 -0.707691 -0.0300434 -0.569387 -0.815406 0.104455 -0.569501 -0.815332 0.104414 -0.705902 -0.677276 0.207363 -0.569349 -0.734065 0.370121 -0.235239 -0.827635 0.509591 -0.569479 -0.660877 0.48881 -0.705936 -0.490068 0.511358 -0.569538 -0.460299 0.680993 -0.23535 -0.473999 0.84849 -0.569495 -0.338577 0.749027 -0.705926 -0.178498 0.685425 -0.569419 -0.0697005 0.819088 -0.569358 -0.0696872 0.819131 -0.705822 0.0600633 0.705838 3.61927e-09 0.0847887 0.996399 8.63688e-10 0.0847886 0.996399 2.56721e-09 0.252024 0.967721 1.17358e-08 0.252024 0.967721 1.91805e-08 0.411896 0.911231 1.91805e-08 0.411896 0.911231 2.6077e-08 0.559998 0.828494 2.6077e-08 0.559998 0.828494 3.22192e-08 0.6919 0.721994 3.22192e-08 0.6919 0.721994 3.74384e-08 0.803981 0.594655 7.43595e-08 0.803982 0.594654 6.95321e-08 0.892933 0.45019 -8.31364e-07 0.892919 0.450218 -9.02004e-07 0.956167 0.292823 4.78626e-08 0.956176 0.292792 3.86796e-08 0.991899 0.127028 3.86796e-08 0.991899 0.127028 2.83806e-08 0.999099 -0.0424487 2.83806e-08 0.999099 -0.0424487 1.72665e-08 0.977555 -0.210681 1.72665e-08 0.977555 -0.210681 5.6556e-09 0.92789 -0.372855 2.00583e-08 0.927889 -0.372856 7.0984e-09 0.851524 -0.524315 7.0984e-09 0.851524 -0.524315 -6.0634e-09 0.750679 -0.660667 -6.0634e-09 0.750679 -0.660667 -1.90533e-08 0.628218 -0.778037 -1.90533e-08 0.628218 -0.778037 -3.14974e-08 0.487651 -0.873038 -3.14974e-08 0.487651 -0.873038 -4.30281e-08 0.333148 -0.942875 -1.50502e-08 0.333147 -0.942875 -2.33806e-08 0.169065 -0.985605 -3.16634e-08 0.169065 -0.985605 -3.12833e-08 0.0423425 -0.999103 -2.92089e-08 0.0423423 -0.999103 -3.28238e-08 -0.042343 -0.999103 -3.29881e-08 -0.042343 -0.999103 -3.84702e-08 -0.16907 -0.985604 -3.84702e-08 -0.16907 -0.985604 -4.47838e-08 -0.333137 -0.942879 -7.40546e-08 -0.333136 -0.942879 -7.69136e-08 -0.487652 -0.873038 -7.69136e-08 -0.487652 -0.873038 -7.75608e-08 -0.628218 -0.778037 -6.78095e-08 -0.628218 -0.778037 -6.43239e-08 -0.750679 -0.660667 -6.43239e-08 -0.750679 -0.660667 -5.89864e-08 -0.851557 -0.524262 -5.89864e-08 -0.851557 -0.524262 -5.19554e-08 -0.92789 -0.372854 -5.19554e-08 -0.92789 -0.372854 -4.34339e-08 -0.977533 -0.210785 -4.34339e-08 -0.977533 -0.210785 -3.36497e-08 -0.9991 -0.0424145 -3.36497e-08 -0.9991 -0.0424145 -2.29034e-08 -0.991895 0.127064 -2.29034e-08 -0.991895 0.127064 -1.15072e-08 -0.956187 0.292758 -1.15072e-08 -0.956187 0.292758 2.31148e-10 -0.892933 0.450189 8.73411e-07 -0.892919 0.450217 7.98153e-07 -0.803964 0.594678 -2.49589e-08 -0.803981 0.594655 -2.148e-08 -0.691917 0.721977 -3.222e-08 -0.691917 0.721977 -2.6077e-08 -0.559998 0.828494 -2.6077e-08 -0.559998 0.828494 -1.91805e-08 -0.411896 0.911231 -1.91805e-08 -0.411896 0.911231 -1.17354e-08 -0.252015 0.967723 -1.17354e-08 -0.252015 0.967723 -3.9483e-09 -0.0847889 0.996399 -3.61928e-09 -0.0847889 0.996399 0.5691 -0.207224 0.795729 0.235093 -0.323802 0.916451 0.569197 -0.338662 0.749215 0.705735 -0.396745 0.586968 0.569283 -0.568854 0.593567 0.235134 -0.729616 0.642162 0.569119 -0.661064 0.488977 0.705714 -0.63264 0.318958 0.569144 -0.786213 0.240716 0.569347 -0.786062 0.24073 0.705782 -0.702687 0.0900156 0.569269 -0.821412 -0.0348712 0.569196 -0.821461 -0.0348937 0.705783 -0.692511 -0.149326 0.569414 -0.762773 -0.306505 0.569407 -0.762777 -0.306509 0.705809 -0.603245 -0.371388 0.569307 -0.617152 -0.543151 0.569271 -0.617164 -0.543175 0.705764 -0.445059 -0.551198 0.56922 -0.40094 -0.717799 0.455879 -0.40734 -0.791359 0.705826 -0.235989 -0.667921 0.705821 -0.119767 -0.698192 0.476394 -0.0372293 -0.878443 0.445631 -0.0305079 -0.894697 0.610274 0.0335433 -0.79148 0.705787 0.11977 -0.698226 0.569367 0.273875 -0.775122 0.569397 0.27386 -0.775105 0.705801 0.345457 -0.618469 0.569277 0.516487 -0.63966 0.569236 0.516514 -0.639675 0.705729 0.531843 -0.468071 0.569228 0.700106 -0.431082 0.235137 0.867884 -0.437594 0.569281 0.762858 -0.30654 0.705759 0.692551 -0.149258 0.56927 0.82141 -0.0348992 0.569247 0.821426 -0.0348935 0.705763 0.702709 0.0899926 0.569285 0.786103 0.240742 0.23518 0.901861 0.362405 0.569205 0.734166 0.370144 0.705751 0.569588 0.421289 0.569248 0.568856 0.593598 0.235365 0.610562 0.756186 0.569266 0.460404 0.681149 0.705783 0.291799 0.645542 0.569366 0.207185 0.795548 0.235057 0.164251 0.958003 0.569192 0.0697137 0.819244 0.705687 -0.060075 0.705973 1 0 0 1 0 0 1 0 0 1 -7.57745e-08 -3.45646e-08 1 1.11364e-07 -1.733e-07 1 0 0 1 2.95768e-07 -3.6907e-07 1 0 0 1 0 0 1 0 0 1 0 0 1 0 0 1 0 0 1 0 0 1 0 0 1 3.53073e-08 -1.3123e-07 1 -2.27152e-07 0 1 4.83689e-07 -5.04697e-07 1 -6.80156e-07 2.37929e-07 1 0 0 1 2.70886e-07 -3.32752e-07 1 -1.05759e-07 -9.15111e-08 1 -1.51259e-06 1.04274e-06 1 0 0 1 -1.35818e-05 -1.19535e-05 1 -2.82894e-05 7.52152e-06 1 0 0 1 0 0 1 0 0 1 0 0 1 -4.6474e-07 -1.38929e-07 1 0 0 1 0 0 1 0 0 1 0 0 1 7.53308e-08 -2.2608e-07 1 3.33812e-05 9.9789e-06 1 1.95147e-05 -7.84156e-06 1 -1.39556e-05 -1.84917e-05 1 0 0 1 0 0 1 0 0 1 0 0 1 0 0 1 0 0 1 7.23923e-06 -3.1924e-05 1 -1.24769e-05 -1.54527e-05 1 -1.74891e-05 1.47683e-05 1 -0.000161386 0.000136279 1 2.2654e-05 0.000132131 1 0.000201106 -4.75637e-05 1 -0.000446987 0.000137692 1 -0.000100487 0.000284407 1 0.000715966 -6.77465e-06 1 0 0 1 0 0 1 -2.32867e-07 -2.61227e-07 1 1.99008e-07 -2.07171e-07 1 -9.69095e-05 -4.60373e-05 1 -5.73827e-05 1.75733e-05 1 3.50242e-05 7.44906e-05 1 0 0 1 0 0 1 0 0 1 0 0 1 0 0 1 0 0 1 1.55192e-05 -2.34193e-05 1 0 0 1 0 0 1 0 0 1 0 0 1 0 0 1 0 0 1 0 0 1 0 0 1 0 0 1 0 0 1 0 0 1 0 0 1 0 0 1 -2.72582e-05 1.67675e-05 1 0 0 1 0 0 1 0 0 1 0 0 1 0 0 1 -4.72871e-07 -3.72293e-07 1 -5.58022e-05 -0.000146238 1 0.000165055 6.32031e-05 1 0 0 1 0 0 1 -7.03658e-05 -3.59302e-05 1 1.84911e-05 -3.31015e-05 1 9.31346e-05 1.60733e-05 1 -4.49255e-06 1.95044e-05 1 -8.28786e-07 2.10592e-05 1 1.6855e-06 1.98062e-05 0.705815 -0.178499 0.685539 0.569348 -0.338619 0.74912 0.569237 -0.338679 0.749177 0.705735 -0.396744 0.586969 0.569282 -0.568854 0.593568 0.569265 -0.568866 0.593573 0.705755 -0.569586 0.421287 0.56924 -0.734139 0.370142 0.235125 -0.901877 0.3624 0.569444 -0.786017 0.240649 0.705781 -0.702687 0.0900221 0.569272 -0.821409 -0.0348711 0.569197 -0.82146 -0.0348943 0.705779 -0.692517 -0.149321 0.569392 -0.762788 -0.306508 0.569399 -0.762784 -0.306505 0.70581 -0.603243 -0.37139 0.569289 -0.617149 -0.543173 0.569284 -0.617151 -0.543177 0.705764 -0.44506 -0.551198 0.56928 -0.400963 -0.717739 0.455782 -0.407373 -0.791397 0.705745 -0.236042 -0.667988 0.705736 -0.119733 -0.698284 0.476542 -0.0372784 -0.878361 0.608897 -0.0672622 -0.790392 0.70666 0.0300017 -0.706917 0.705705 0.119735 -0.698316 0.622771 0.175617 -0.76244 0.705686 0.236069 -0.668041 0.569192 0.400992 -0.717792 0.569257 0.400954 -0.717762 0.705764 0.44506 -0.551198 0.569283 0.617152 -0.543176 0.569251 0.617174 -0.543184 0.705736 0.603282 -0.371466 0.569213 0.762902 -0.306557 0.569246 0.762877 -0.306557 0.705755 0.692556 -0.149253 0.56927 0.82141 -0.0348992 0.569249 0.821424 -0.0348941 0.705762 0.702709 0.0899991 0.569346 0.786073 0.240696 0.235078 0.901884 0.362415 0.569183 0.734174 0.370161 0.705721 0.569613 0.421307 0.569188 0.568885 0.593629 0.272933 0.6102 0.74375 0.569269 0.460402 0.681148 0.645132 0.314718 0.696245 0.365819 0.23452 0.900654 0.528407 0.244561 0.813004 0.705735 0.0601243 0.70592 0.569113 -0.0697806 0.819293 0.569346 -0.0697019 0.819138 -4.31169e-08 0 -1 -4.31169e-08 0 -1 0.0122195 0.000575024 -0.999925 -0.0954076 -0.000676264 -0.995438 -4.90165e-07 1.11342e-13 -1 -6.15083e-07 -2.89445e-08 -1 0.000312217 1.61534e-05 1 -0.998623 -0.00635088 0.0520747 0 0 1 4.90165e-07 -8.80361e-08 1 0 0 1 0.999219 -0.00478334 0.0392215 4.90183e-07 0 1 6.02093e-07 -2.59299e-08 1 0.99981 -0.00235908 -0.0193424 -0.00128988 5.19393e-05 -0.999999 -5.93296e-07 1.34769e-13 -1 -4.90183e-07 1.97382e-08 -1 -8.5541e-05 1 -4.71474e-05 -3.09327e-05 1 3.59355e-05 -7.46771e-05 1 3.52079e-05 -3.25168e-05 1 9.3304e-05 1.58958e-05 1 -4.56116e-05 -4.46524e-05 1 -1.23618e-05 -4.52385e-05 1 4.58833e-06 1.07391e-07 1 -1.08922e-08 7.92217e-08 1 -2.99188e-08 -7.30111e-05 1 2.75733e-05 -3.1281e-05 1 4.49426e-05 -3.22783e-05 1 3.97758e-05 -1.85208e-05 1 5.17021e-05 9.32822e-08 1 -2.21121e-08 3.28062e-05 1 6.98408e-05 5.33917e-05 1 5.05771e-05 7.07178e-05 1 5.22773e-05 0.000108736 1 3.38026e-05 -8.8645e-06 1 -5.19976e-05 0.695465 0.0574544 0.71626 0.447503 -0.0257799 0.893911 0.604144 0.000187431 0.796875 0.168158 0.0066288 0.985738 0.17332 0.00413493 0.984857 -0.059315 -0.00114002 0.998239 -0.14557 0.0122477 0.989272 -0.216209 -0.00578543 0.97633 -0.571067 0.0265371 0.820474 -0.496463 -0.00977417 0.868003 -0.709548 -0.0170722 0.70445 -0.902139 0.0115209 0.431293 -0.915197 0.0308879 0.40182 -0.999265 -0.0380074 0.00492925 -0.978802 0.0420413 -0.200446 -0.927962 -0.0220537 -0.372021 -0.724969 0.027986 -0.688213 -0.726744 0.0296569 -0.686268 -0.438622 -0.0268448 -0.89827 -0.575633 -0.0160254 -0.817551 -0.186858 0.0336407 -0.981811 -0.232331 0.0140633 -0.972535 -0.0667222 0.00127892 -0.997771 0.247894 -0.00578031 -0.96877 0.0670822 -0.0137415 -0.997653 0.339376 0.0271261 -0.94026 0.552041 -0.0317838 -0.833211 0.750974 0.0309007 -0.659608 0.797343 -0.000454013 -0.603526 0.868677 -0.051507 0.492694 0.979376 0.0452503 0.196912 0.999741 -0.0161089 0.0160856 0.974609 0.0148199 -0.223423 0.959655 -0.0101988 -0.280997 -0.0390766 -0.00187358 0.999234 -0.348666 0.0421587 0.936299 -0.629238 -0.0531141 0.775396 -0.817324 0.0464889 0.5743 -0.971168 -0.0619414 0.23021 -0.998862 0.0462182 -0.0118069 -0.927265 0.0368208 -0.372591 -0.803006 -0.0529579 -0.593613 -0.750625 -0.0140772 -0.660578 -0.457344 0.037831 -0.888485 -0.167896 -0.0434709 -0.984846 -0.00363553 0.0319689 -0.999482 0.533464 0.00203146 -0.84582 0.651057 -0.0899339 -0.753682 0.934675 0.0928954 -0.343151 0.971567 -0.0482524 0.231796 0.960522 -0.0817715 0.265915 0.468387 0.0756894 0.880276 0.170627 -0.0942933 0.980814 -8.56458e-05 1 -4.71408e-05 -3.10421e-05 1 3.5933e-05 -7.45467e-05 1 3.52093e-05 -3.24111e-05 1 9.32745e-05 1.59969e-05 1 -4.55956e-05 -4.82976e-05 1 -1.0288e-05 -5.58423e-05 1 2.61125e-05 -6.58806e-05 1 3.08065e-05 1.78135e-05 1 4.33131e-05 6.6935e-05 1 -1.30063e-05 -7.08422e-05 1 1.37655e-05 1.77948e-05 1 7.6103e-05 8.09164e-08 1 2.37607e-08 0 1 0 1.68278e-05 1 3.88452e-05 4.41875e-05 1 9.70334e-06 1.53526e-05 1 -8.72988e-05 -0.00011531 1 2.69545e-05 0.000119343 1 6.20236e-05 -1.36697e-05 1 -5.16936e-05 0.75422 0.0234136 0.656204 0.452544 -0.00886896 0.891698 0.592995 0.0331184 0.804525 0.518407 -0.0161165 0.854982 0.169346 -0.00558355 0.985541 0.145768 0.00351483 0.989313 -0.0593197 -0.00114177 0.998238 -0.145565 0.0122409 0.989273 -0.216094 -0.00576784 0.976356 -0.544875 0.00217135 0.838514 -0.524978 -0.0102121 0.851055 -0.813817 -0.00140195 0.58112 -0.829745 0.0126237 0.557999 -0.988395 -0.0146411 0.151199 -0.996661 0.0308353 0.0756064 -0.941644 -0.0386683 -0.334381 -0.858687 0.0405005 -0.510897 -0.786103 -0.00296169 -0.618088 -0.658574 -0.0162051 -0.752342 -0.436287 -0.00327708 -0.899801 -0.511151 0.0229949 -0.859184 -0.135007 0.019641 -0.99065 -0.233502 -0.00404294 -0.972348 -0.066728 0.00128048 -0.99777 0.251239 -0.00565894 -0.967909 0.0670562 -0.0137395 -0.997655 0.339387 0.0267533 -0.940266 0.545862 -0.0288794 -0.837377 0.751049 0.0285029 -0.659632 0.797939 -0.00512245 -0.602717 0.834428 -0.0311501 0.550236 0.97279 -0.000560867 0.231689 0.980173 0.0198599 0.197148 0.974687 -0.00638231 -0.223483 0.974439 -0.00704568 -0.224542 -0.10957 0.0737478 0.991239 -0.601814 -0.041141 0.797576 -0.646733 -0.0876189 0.757667 -0.961644 0.0775219 0.26312 -0.973929 -0.0756391 -0.21387 -0.967062 -0.0490292 -0.249773 -0.610915 0.0813296 -0.787507 -0.255954 -0.096619 -0.961848 -0.0125141 0.0338935 -0.999347 0.454584 0.0201398 -0.890476 0.649815 -0.109268 -0.752198 0.900902 0.0743551 -0.427606 0.999586 0.02358 0.0164715 0.973501 -0.096407 0.207368 0.821023 0.0448928 0.569128 0.559983 0.00544331 0.828486 0.379095 -0.0814897 0.921763 0.251858 -0.00785758 0.967732 -0.00121436 0.999828 0.0185303 -1.54034e-05 1 0.000203279 2.28014e-05 1 5.3992e-06 -2.90175e-08 1 1.43133e-10 0.000103148 0.999999 0.00133048 7.35879e-05 0.999999 0.00167692 -4.56847e-08 -1 1.67724e-08 -3.39202e-08 -1 5.37813e-08 -3.59782e-08 -1 -4.63781e-08 -4.7155e-08 -1 1.29023e-08 -3.49455e-08 -1 -6.78889e-08 -3.92214e-08 -1 -3.45163e-08 -4.18166e-08 -1 -1.68028e-08 -4.01426e-08 -1 -2.78266e-08 -3.66511e-08 -1 -5.42248e-08 6.96728e-10 -1 1.91554e-07 -4.31169e-08 -1 4.42735e-09 -5.2642e-08 -1 3.69893e-08 -3.57498e-08 -1 4.73788e-08 -4.45012e-08 -1 -7.33306e-10 -5.62865e-08 -1 1.10259e-07 -4.59026e-08 -1 7.47198e-09 -2.24156e-09 -1 -1.79004e-07 -3.19879e-08 -1 -6.01175e-08 -4.74606e-08 -1 -1.22582e-08 -5.27204e-08 -1 0 -4.76694e-08 -1 -1.1373e-08 -5.26962e-08 -1 0 -1.43973e-08 -1 1.30247e-07 -4.31169e-08 -1 8.56734e-09 -2.96228e-08 -1 -1.13821e-07 -7.74285e-08 -1 2.07925e-07 -4.46889e-08 -1 2.24267e-10 8.9407e-09 -1 -2.28624e-07 -4.99562e-08 -1 -5.90498e-10 -4.99562e-08 -1 2.37113e-08 4.31169e-08 0 1 4.31169e-08 0 1 0.187217 -0.339665 -0.921726 0.277088 -0.889143 -0.364209 0.251989 -0.899748 -0.356309 -0.0168389 -0.992647 -0.119868 0.31816 -0.932006 0.173604 0.304892 -0.937209 0.169354 0.0859363 -0.749024 0.656946 0.240575 -0.685931 0.686747 0.151792 0.741687 0.653345 0.0879503 0.762714 0.640728 0.273214 0.961735 0.0204799 0.229071 0.849691 -0.474923 0.310288 0.446044 -0.839504 0.0884684 0.39354 -0.915041 -1 0 0 -1 2.37282e-07 0 -1 1.2982e-05 6.36926e-06 -1 -4.61792e-05 0.000173513 1 0.00028441 -0.000284418 -1 -1.67598e-05 7.82703e-06 -1 0 0 -1 0 0 -1 -2.24459e-05 -2.49301e-05 -1 4.44633e-06 -1.09143e-05 -1 2.16771e-05 2.16771e-05 -1 0.00050233 0 -0.999999 -0.000402901 -0.00117327 -1 -6.73812e-06 -1.71844e-05 -1 -5.03629e-05 -0.000128789 -1 5.90889e-05 3.97823e-05 -1 -1.22129e-05 5.28462e-06 1 4.53373e-05 3.99372e-05 -1 -0.000474737 -0.000743018 -1 -0.000124472 0.000276323 -1 -1.46878e-05 -1.40559e-05 -1 0 0 -1 0 0 -1 0 0 -1 0 0 -1 3.71735e-07 -1.08795e-05 -1 4.19349e-06 -8.87102e-06 -1 2.28038e-05 1.23773e-05 -1 0 0 -1 0 0 -1 0 0 -1 -0.000290276 0.000136216 -1 0.000181017 -0.000152206 -1 -3.56364e-08 1.339e-07 -1 0 0 -1 3.18299e-07 2.48671e-07 -1 1.13332e-06 7.61973e-06 -1 -4.39224e-06 8.26669e-06 -1 2.44961e-05 -1.06428e-06 -1 4.34002e-06 1.06703e-05 -1 0 0 -1 0 0 -1 0 0 -1 -1.39367e-05 -1.54854e-06 -1 -9.07896e-05 2.73008e-05 -1 0 0 -1 3.11453e-07 2.29255e-07 -1 2.7117e-07 -1.07431e-08 -1 0 0 -1 -1.61393e-05 -3.00486e-06 -1 0 0 -1 0 0 -1 0 0 -1 0 0 -1 0 0 -1 0 0 -1 1.36925e-05 -4.50074e-06 -1 0 0 -1 0 0 -1 0 0 -1 0 0 -1 0 0 -1 0 0 -0.14697 -0.042269 -0.988238 0.0972984 -0.381408 -0.919272 0.00775662 -0.635557 -0.772015 0.0776298 -0.687555 -0.721971 -0.0742861 -0.796826 -0.599625 -0.0169284 -0.916465 0.399757 -0.105553 -0.504765 0.856779 0.058754 -0.353853 0.933454 -0.0337952 -0.215416 0.975937 0.051486 -0.149547 0.987413 0.0360215 0.194794 0.980182 0.0257723 0.190142 0.981418 -0.0291687 0.484849 0.874111 -0.0711653 0.467276 0.881243 0.0381021 0.927038 0.373026 -0.123768 0.959121 0.254496 0.15379 0.987333 -0.0390125 -0.0791714 0.954013 -0.289121 0.0377226 0.820853 -0.569893 -0.0276594 0.66793 -0.74371 0.0315736 0.0471388 -0.998389 0.150702 -0.79343 -0.58971 0.657825 -0.70192 -0.273085 0.256752 -0.848392 -0.462936 0.0435498 -0.994701 -0.0931324 0.956208 -0.291238 0.0290868 0.208476 -0.769853 0.603211 0.0868618 -0.747943 0.658054 0.0738584 -0.55868 0.826088 0.368345 -0.290759 0.883052 0.366322 -0.291568 0.883627 0.446955 0.612368 0.652101 0.843476 0.467296 0.264921 0.382804 0.686874 0.617791 0.140945 0.989794 0.0210529 0.24072 0.970362 -0.0212611 0.0787991 0.748643 -0.658274 0.136902 -0.239273 -0.961252 -0.076538 -0.347958 -0.934381 0.0482376 -0.585258 -0.809411 -0.0710354 -0.540406 -0.8384 -0.135746 -0.990733 -0.00459531 0.0806579 -0.975398 0.205166 -0.126148 -0.921427 0.367504 -0.116786 0.121746 0.985667 0.0234921 0.202574 0.978985 -0.0272078 0.477122 0.878416 -0.0632555 0.965117 0.254063 -0.105663 0.957255 -0.269254 0.0586447 0.901249 -0.429314 -0.0726671 0.793575 -0.604118 0.0316742 0.528104 -0.848589 -0.130286 0.453702 -0.881578 0.122964 0.204672 -0.971076 -0.138708 0.0691383 -0.987917 -0.707568 -0.706646 0 -0.707568 -0.706646 0 -0.101536 0.247974 0.963431 -0.973196 0.0839516 0.214105 -0.137297 0.468713 0.872615 -0.0307716 0.535117 0.844217 -0.125619 0.590079 0.797513 -0.986217 0.119538 0.114395 -0.23986 0.803324 0.545104 -0.239213 0.875271 0.420332 -0.265236 0.874146 0.40684 -0.994142 0.103934 0.0296685 -0.179016 0.983772 0.0120611 -0.171032 0.985244 0.00656841 -0.306757 0.935855 -0.173425 -0.210125 0.967356 -0.141666 -0.992648 0.116114 -0.0341797 -0.126641 0.859279 -0.495582 -0.127291 0.860834 -0.492709 -0.415091 -0.811414 0.411469 -0.515644 0.521992 -0.679438 -0.388085 0.591391 -0.706857 -0.42594 -0.475572 -0.76968 -0.272095 -0.553778 -0.786952 -0.251961 -0.73025 -0.635021 -0.487201 -0.75293 -0.442416 -0.255268 -0.794696 -0.550723 -0.0577263 -0.939953 -0.336386 -0.125602 -0.950108 -0.285515 -0.964634 -0.258894 -0.0495429 -0.706631 -0.705711 -0.051428 0.121743 0.615215 0.778902 0.24877 0.962518 0.108043 0.868771 0.468905 0.159264 0.00472553 -0.999989 0.000198297 0.363441 0.64035 -0.676655 0.66564 0.419919 -0.616922 -0.642445 -0.641608 0.419051 -0.159135 -0.979254 0.125453 -0.990322 -0.133376 0.0383739 -0.17917 -0.870762 0.457899 -0.391965 -0.873702 0.288111 -0.285257 0.926888 -0.243939 -0.32405 -0.756559 0.567988 -0.994662 -0.0712808 0.0746091 -0.134479 -0.521921 0.842326 -0.949916 0.156869 0.270281 -0.163673 0.578138 0.799354 -0.202469 0.651414 0.731209 -0.949285 0.225125 0.219492 -0.138215 0.8591 0.492792 -0.141654 0.88304 0.447408 -0.340615 0.87426 0.345907 -0.129192 0.953218 0.273286 -0.131136 0.987658 0.0856427 -0.140954 -0.985601 -0.0933936 -0.694545 0.696428 -0.180539 -0.574114 0.801583 -0.166908 -0.129025 0.893619 -0.42988 -0.130685 0.764315 -0.631462 -0.377792 0.640528 -0.668578 -0.165778 0.626702 -0.761421 -0.707568 -0.706646 0 -0.707568 -0.706646 0 -0.708738 -4.0408e-05 -0.705472 -0.707133 0 -0.70708 0.574283 0.0568699 0.816679 0.355114 -0.66102 -0.66102 -0.707554 -0.706659 0 -0.707554 -0.706659 0 -0.336396 -0.33597 -0.879751 0.200718 -0.692707 0.692726 0.276874 -0.712363 0.644887 -0.105918 0.373362 -0.921619 -0.707558 1.67891e-07 0.706656 -0.70735 -4.95843e-06 0.706864 -2.985e-06 -2.17214e-05 -1 -6.65221e-07 -2.13338e-05 -1 -0.0572775 -0.536291 -0.842087 -0.47773 -0.477125 0.737649 -0.000299668 -1 -3.90135e-06 -0.000340657 -1 0 6.65145e-07 -8.28285e-05 1 -0.000420346 -1.44894e-05 1 -6.65201e-07 -1 0 -6.65201e-07 -1 0 0.541594 0.234547 -0.807257 0.771926 0.284634 -0.568432 0.474288 0.493002 -0.729383 0.673441 0.592018 -0.44271 0.658178 0.605287 -0.447694 0.621684 0.751384 -0.221204 0.654418 0.72299 -0.221412 0.594999 0.803565 0.016108 0.233301 0.964529 0.123508 0.648699 0.735666 0.194897 0.593694 0.692479 0.409878 0.207683 0.786463 0.581673 0.640143 0.52037 0.565183 0.582299 0.380383 0.718497 0.419979 0.395427 0.816857 0.851394 0.0798076 0.51842 0.32505 -0.138876 0.935444 0.738698 -0.217144 0.638102 0.466048 -0.431467 0.772422 0.602949 -0.434041 0.669374 0.578508 -0.617829 0.532556 0.612758 -0.59324 0.522106 0.636419 -0.717722 0.282572 0.658216 -0.698537 0.280709 0.618995 -0.785288 0.0129714 0.696606 -0.716807 0.0304497 0.39103 -0.860164 -0.327434 0.654483 -0.722936 -0.221396 0.586567 -0.647295 -0.486774 0.612763 -0.635366 -0.469927 0.636233 -0.447571 -0.628401 0.572095 -0.459293 -0.679527 0.740617 -0.236946 -0.628764 0.105371 -0.173799 -0.979128 0.804031 0.0424244 -0.593072 1 0 0 1 0 0 1 0 0 1 0 0 1 -9.33734e-06 1.18221e-05 1 0.000109904 0.000118815 1 5.52504e-06 -2.11327e-05 1 0 0 1 0 0 1 0 0 1 0 0 0.999993 -0.00359469 0.000974403 0.999988 0.0033553 0.00351671 1 0 0 1 0 0 1 0 0 1 0 0 1 0 0 1 0 0 1 0 0 1 0 0 1 0 0 1 0 0 1 0 0 1 0 0 1 0 0 1 0 0 1 0 0 1 0 0 1 6.01413e-05 3.68639e-05 1 0 0 1 0 0 1 3.37043e-05 0.000111634 1 0 0 1 0 0 1 -9.82862e-08 -9.35272e-07 1 -5.83527e-07 -4.3158e-07 1 0 0 1 -0.000126195 -5.48686e-05 1 0 0 1 0 0 1 0 0 1 -5.94075e-07 -6.14972e-07 1 -6.62367e-07 -4.07814e-07 1 -6.19563e-07 -2.98915e-07 1 0 0 1 0 0 1 0 0 1 0 0 1 0 0 1 0 0 1 -5.85124e-07 -4.49275e-07 1 -4.56388e-07 -6.32654e-07 1 -3.1302e-07 -6.46624e-07 1 -8.02255e-07 2.47506e-07 1 0 0 1 0 0 1 0 0 1 0 0 1 0 0 1 0 0 1 0 0 1 0 0 1 0 0 1 0 0 1 0 0 1 0 0 1 -5.74894e-07 -5.25528e-07 0.999996 -0.00243416 0.0013923 0.999999 -0.000636378 -0.00106356 0.999999 0.00110219 -0.00127039 1 -6.20672e-07 -2.82445e-07 1 0 0 1 0 0 0.666889 0.292151 -0.685498 0.606202 0.3276 -0.724705 0.609627 0.540537 -0.579806 0.246619 0.727476 -0.64028 0.607256 0.644806 -0.464182 0.607993 0.762645 -0.220719 0.658134 0.719897 -0.22047 0.640141 0.766494 -0.0520259 0.288399 0.952691 0.0959425 0.809644 0.565522 0.15704 0.551073 0.637426 0.538523 0.757111 0.520802 0.394396 0.563981 0.464451 0.682796 0.789155 0.294623 0.538917 0.665062 0.0501198 0.745105 0.659725 -0.0656441 0.748634 0.621759 -0.389353 0.679573 0.654467 -0.368724 0.660087 0.586507 -0.61226 0.530234 0.612758 -0.59324 0.522105 0.635951 -0.703843 0.316499 0.536956 -0.782772 0.314559 0.687016 -0.714346 0.133115 0.235488 -0.971001 -0.0412661 0.61276 -0.783741 -0.101365 0.633763 -0.72362 -0.273347 0.20972 -0.832604 -0.512628 0.657103 -0.593507 -0.464721 0.606039 -0.384867 -0.696128 0.426988 -0.403093 -0.809442 0.812659 -0.0286837 -0.582033 0.473228 0.0734854 -0.87787 0.707156 -0.707057 0 0.707156 -0.707057 0 0.685068 0.194457 -0.702046 0.853434 0.189666 -0.485466 0.723958 0.306089 -0.618219 0.768396 0.418421 -0.484243 0.85135 0.370216 -0.371677 0.722339 0.533081 -0.440513 0.720901 0.624564 -0.300371 0.851352 0.492643 -0.180286 0.745259 0.643293 -0.175395 0.725339 0.68832 0.00994191 0.851561 0.522331 0.0448888 0.647549 0.732496 0.210073 0.77102 0.570383 0.283182 0.745559 0.600233 0.289589 0.725418 0.507328 0.465174 0.721414 0.511127 0.467237 0.720097 0.36113 0.592491 0.744659 0.342702 0.572746 0.771326 0.150083 0.618491 0.874702 0.084577 0.477225 0.691501 -0.018426 0.722141 0.809726 -0.125885 0.573146 0.744604 -0.125002 0.655698 0.771342 -0.300024 0.561265 0.745489 -0.307438 0.591378 0.726444 -0.474891 0.496747 0.745543 -0.464167 0.478241 0.726499 -0.597402 0.339574 0.855793 -0.46733 0.221859 0.699637 -0.694054 0.169697 0.809287 -0.584094 0.0623557 0.70284 -0.702742 0.110319 0.345485 0.581645 -0.73643 0.635499 0.531338 -0.560197 0.519797 0.791841 -0.320624 0.789142 0.54113 -0.290574 0.574644 0.817869 -0.0295668 0.709325 0.704881 -0.000148207 0.175159 0.979909 0.0953856 0.665884 0.704161 0.246488 0.467729 0.748227 0.470518 0.769511 0.455662 0.447466 0.437555 0.503971 0.744687 0.704899 -0.7048 -0.0798367 0.725885 -0.682771 -0.0831533 0.768328 -0.597733 -0.228884 0.765332 -0.601509 -0.229031 0.657831 -0.652622 -0.375955 0.813179 -0.46163 -0.354453 0.674116 -0.532775 -0.511584 0.685294 -0.433408 -0.585261 0.721352 -0.405184 -0.561674 0.721634 -0.253594 -0.644154 0.797303 -0.197812 -0.570244 0.681211 -0.116301 -0.72279 0.849455 -0.0110414 -0.527545 0.544593 0.0943798 -0.833373 0.780428 0.251599 -0.57239 0.713685 0.268672 -0.646892 0.768347 0.405743 -0.49499 0.765319 0.407087 -0.498566 0.644597 0.578458 -0.49988 0.821559 0.472136 -0.319574 0.625595 0.709245 -0.324965 0.821521 0.544028 -0.170696 0.666249 0.73597 -0.120248 0.770949 0.636896 -0.00105596 0.745503 0.666446 -0.00863347 0.728052 0.663015 0.174218 0.851367 0.492621 0.180276 0.72235 0.623406 0.299292 0.719551 0.52373 0.456018 0.713785 0.529018 0.458969 0.769407 0.336382 0.54301 0.745533 0.356933 0.562831 0.728189 0.200182 0.655491 0.669629 0.228919 0.706536 0.707156 -0.707057 0 0.707156 -0.707057 0 0.707414 -4.357e-05 0.706799 0.707068 0 0.707146 -0.311374 -0.70461 0.637629 -0.0486038 -0.706263 0.706279 0.706865 -0.707349 -2.50543e-05 0.707233 -0.706981 0 0.723654 0.351757 0.593795 0.0797062 -0.609063 -0.789106 0.475466 -0.472531 -0.742056 0.707107 0 -0.707107 0.70707 -4.80115e-06 -0.707144 -6.65201e-07 -1 0 -6.65201e-07 -1 0 -0.00447968 0.99999 -0.000153314 -0.0993638 0.703477 0.703737 -6.63441e-07 -0.997355 -0.0726813 0.0633046 -0.99182 -0.110841 -0.000499891 -0.349248 -0.93703 -0.00113123 -0.169437 -0.98554 0.0264652 -0.156822 -0.987272 -0.0286596 0.069884 -0.997143 0.0646195 0.112296 -0.991571 -0.0693776 0.262532 -0.962426 0.115784 0.396639 -0.910644 0.0624189 0.762538 -0.643926 0.0827492 0.905998 -0.415114 0.0411353 0.967788 0.248382 0.0906295 0.744171 0.661812 0.0430644 0.294064 0.954815 -0.000463207 0.281314 -0.959616 -0.000917299 0.407157 -0.913358 0.0584337 0.441518 -0.895347 0.0637282 0.997914 0.0102725 0.0635474 0.738369 0.671396 0.073763 0.507163 0.858688 -0.0545488 0.38491 0.921341 0.0538988 0.227669 0.972246 0.0313492 0.2357 0.97132 -0.033518 -0.0298928 0.998991 -0.0527913 -0.0230122 0.99834 0.0709017 -0.216818 0.973634 -0.0744091 -0.295913 0.952312 0.040896 -0.459303 0.887338 0.0590734 -0.689819 0.721567 0.0590918 -0.867849 0.493302 0.0410953 -0.969303 0.242411 -6.60674e-07 -0.997564 0.0697595 0.0533022 0.97018 -0.236454 -0.0721462 0.919432 -0.386575 -0.138009 -0.386474 0.911916 -0.135892 -0.387486 0.911805 -0.00890768 -0.583799 0.81185 -0.318164 -0.746067 0.584941 -0.304915 -0.746313 0.591645 -0.0860527 -0.988009 0.128195 0.0015171 -0.986443 0.164096 -0.158876 -0.946254 -0.281711 -0.0859911 -0.748996 -0.656971 -0.240489 -0.685959 -0.68675 -0.209598 0.635753 -0.742891 -0.151343 0.966034 -0.209459 -0.419008 0.902864 -0.0962717 -0.258444 0.824283 0.503749 -0.249568 0.82797 0.502177 0.0150099 0.685473 0.727943 -0.28781 0.44529 0.847869 1 2.85913e-05 -1.30173e-05 1 0 0 1 -0.000135476 0.000144114 1 -2.37282e-07 0 1 0 0 1 1.34476e-05 3.30097e-05 1 5.87559e-05 -2.89433e-05 1 -0.000123347 0.00024369 1 0 0 1 -3.20401e-05 1.56303e-05 1 1.49981e-06 2.02319e-05 1 0.000118027 -7.39488e-05 1 -9.6032e-05 3.4918e-05 1 8.39328e-05 -8.39351e-05 1 -2.02174e-05 -0.00021204 1 0.000566316 0 1 -0.000113084 0.000880566 1 0.000596749 -0.000365614 1 0.000126411 -5.57812e-05 1 5.20698e-06 8.19586e-06 1 0 0 1 -0.000125024 -5.83882e-05 1 0 0 1 0 0 1 -1.34692e-05 1.69879e-05 1 -1.38019e-05 7.25355e-06 1 0 0 1 2.97718e-06 1.966e-05 1 -1.63315e-05 1.86475e-05 1 -4.14194e-06 1.45133e-05 1 4.67975e-06 1.27481e-05 1 1.98906e-06 1.65726e-05 1 0 1.79467e-05 1 0 0 1 0 0 1 -1.35787e-07 -3.92479e-07 1 -8.86229e-08 -3.6589e-07 1 -3.34844e-05 8.46426e-05 1 -2.04769e-07 -1.86968e-07 1 -2.00888e-07 -2.24618e-07 1 0 0 1 0 0 1 0 0 1 0 0 1 -5.22958e-06 2.11343e-05 1 -8.12673e-05 7.7771e-05 1 0 0 1 0 0 1 -1.41767e-06 -1.61044e-05 1 1.45317e-05 -1.49312e-05 1 3.71655e-06 1.53442e-05 1 2.4762e-05 1.0156e-05 1 0 0 1 -1.86382e-05 2.90161e-06 1 1.2371e-06 1.76478e-05 1 5.0624e-06 1.85609e-05 1 0 0 1 0 0 1 0 0 1 -3.06995e-05 -8.14698e-07 1 4.12905e-06 -1.76289e-05 1 -1.7552e-05 -1.60262e-05 0.0548916 -0.0499436 0.997242 0.0861808 -0.0384731 0.995536 0.01684 -0.90556 0.423883 0.0532309 -0.984668 -0.16612 0.01689 -0.916462 -0.399765 0.105603 -0.504818 -0.856742 -0.0587716 -0.35384 -0.933458 0.0338094 -0.215365 -0.975948 -0.051427 -0.149528 -0.987419 -0.0359645 0.194769 -0.98019 -0.090031 0.218935 -0.971577 0.149787 0.500271 -0.852814 0.131727 0.821007 -0.555513 0.0578121 0.849864 -0.523822 -0.153777 0.987335 0.0390052 0.0715606 0.956934 0.281347 -0.0583804 0.392665 0.917827 -0.366321 -0.869777 0.330602 -0.214878 -0.895141 0.390576 -0.0435487 -0.994702 0.0931205 -0.279809 0.953899 -0.108552 -0.358231 -0.918754 -0.166019 -0.0884754 -0.743746 -0.662582 -0.336917 -0.634934 -0.695231 -0.0129082 -0.479427 -0.877487 -0.336794 -0.156578 -0.928468 -0.166174 0.400273 -0.901204 -0.0794268 0.733729 -0.674784 -0.271892 0.769854 -0.577407 -0.073272 0.864067 -0.498015 -0.074965 0.968505 -0.237442 -0.41252 0.910755 -0.0187795 -0.262 0.962287 -0.0732118 -0.214088 0.866191 0.451531 -0.190389 0.526439 0.828622 -0.131637 0.118129 0.984234 -0.0324633 -0.240691 0.970059 -0.0315042 -0.24027 0.970195 0.027726 -0.550196 0.834575 0.0493215 -0.541037 0.839551 -0.0446014 -0.690967 0.721509 0.0566747 -0.795839 0.60285 0.153163 -0.988192 -0.0041499 0.0241303 -0.924711 -0.379905 -0.271225 -0.138793 -0.952457 0.051928 0.213889 -0.975477 0.0241733 0.494292 -0.86896 0.113065 0.948864 0.294745 0.193817 0.708192 0.678896 0.0526618 0.404296 0.913111 -0.0564531 0.084818 0.994796 0.707107 -0.707107 0 0.707107 -0.707107 0 0.0634543 0.247685 -0.966761 0.973125 0.0840626 -0.214383 0.137287 0.468709 -0.872619 0.0307467 0.53513 -0.84421 0.125572 0.590085 -0.797516 0.986182 0.119689 -0.11454 0.239805 0.803331 -0.545118 0.240149 0.831629 -0.500722 0.184817 -0.835437 0.517578 0.641485 0.746414 -0.177097 0.422928 0.898621 -0.116671 0.629879 0.531016 -0.566811 0.914066 -0.0818703 0.397216 0.228387 0.965812 0.122668 0.623434 -0.777572 -0.08193 0.563462 0.765074 0.311726 0.213616 0.770763 0.600244 0.270217 0.601401 0.751864 0.322621 0.575411 0.751544 0.292194 -0.444917 0.846564 0.992942 -0.0671369 0.0977678 0.137277 -0.740062 0.658379 0.140066 -0.738503 0.659541 0.157608 0.71915 -0.676745 0.240276 -0.847498 0.473301 0.0307552 -0.934039 0.355844 0.125614 -0.950108 0.28551 0.964547 -0.259208 0.049603 0.70617 -0.70617 0.0514614 0.0755074 0.516957 -0.852675 -0.306747 0.651913 -0.693481 0.0430701 0.896085 -0.441789 -0.206649 0.935744 -0.285797 -0.989599 0.143216 -0.0135248 -0.199891 0.671317 0.713706 -0.229466 0.658362 0.716872 0.642072 -0.642072 -0.418911 0.369996 -0.893292 -0.255212 0.446629 -0.867771 -0.217935 0.71644 -0.415278 0.560588 0.981498 -0.167171 -0.0933545 0.271604 0.926353 0.260961 0.676822 -0.525281 -0.515744 0.639578 -0.55861 -0.528104 0.165676 -0.559174 -0.812327 0.949865 0.15693 -0.270426 0.163704 0.57814 -0.799347 0.202496 0.651407 -0.731207 0.985186 0.130712 -0.111005 0.149994 0.864014 -0.480606 0.108071 0.8869 -0.449142 0.179247 0.903388 -0.389565 0.98981 0.138416 -0.033425 0.179064 0.98312 -0.0375695 0.391669 0.901099 -0.186056 0.285241 -0.925039 0.250881 0.487109 0.844854 0.221238 0.497971 0.837974 0.223213 0.129025 0.89362 0.429878 0.130694 0.764313 0.631463 0.377765 0.640534 0.668588 0.165774 0.626699 0.761425 0.139934 0.32492 0.935332 0.707107 -0.707107 0 0.707107 -0.707107 0 0.707491 -1.53941e-05 0.706722 0.706886 -1.67731e-07 0.707327 -0.506144 0.113552 -0.854941 -0.370383 -0.656807 0.656826 0.707094 -0.70712 0 0.707094 -0.70712 0 0.466165 -0.466183 0.751907 -0.339334 -0.665151 -0.665151 -0.590652 0.0543453 0.805094 0.707087 0 -0.707127 0.706677 -9.96727e-06 -0.707536 4.41697e-05 -1.44809e-05 1 6.6526e-07 -7.1051e-06 1 0.00965355 -0.522866 0.85236 0.488785 -0.488803 -0.722607 0.0010302 -1 -5.73732e-05 0.000425802 -1 0 0.0360282 -0.555979 -0.830415 -6.65264e-07 -7.10808e-06 -1 -0.000169314 -3.57141e-05 -1 -6.65259e-07 -1 0 -6.65259e-07 -1 0 -0.52974 0.236631 0.814482 -0.735151 0.274454 0.619861 -0.466126 0.495437 0.732986 -0.776357 0.452373 0.438894 -0.474471 0.707732 0.523443 -0.673058 0.705691 0.221343 -0.654454 0.722956 0.221414 -0.595041 0.803535 -0.0160892 -0.233267 0.964538 -0.123507 -0.608312 0.770878 -0.188954 -0.610569 0.686135 -0.395504 -0.536909 0.718379 -0.442336 -0.69054 0.526219 -0.496234 -0.268408 0.545636 -0.793875 -0.614946 0.389897 -0.685435 -0.456933 0.116746 -0.881806 -0.522751 -0.0730102 -0.849353 -0.634427 -0.370548 -0.678377 -0.606321 -0.387827 -0.694237 -0.608881 -0.59611 -0.523371 -0.612756 -0.593229 -0.52212 -0.636403 -0.71349 -0.293128 -0.612873 -0.733194 -0.294642 -0.636572 -0.771035 -0.016809 -0.69661 -0.716803 -0.0304485 -0.39099 -0.860176 0.327452 -0.654473 -0.72294 0.22141 -0.582217 -0.64259 0.498097 -0.658292 -0.605223 0.447612 -0.62171 -0.431105 0.653931 -0.658265 -0.42155 0.623685 -0.621724 -0.188617 0.760186 -0.303773 -0.166503 0.938082 -0.77141 0.0502364 0.634352 -1 0 0 -1 0 0 -1 0 0 -1 0 0 -1 0 0 -1 3.4124e-05 -0.000113027 -0.999993 -0.00359468 -0.000974387 -0.999988 0.00338699 -0.00352823 -1 0 0 -1 0 0 -1 0 0 -1 0 0 -1 0 0 -1 0 0 -1 0 0 -1 0 0 -1 0 0 -1 0 0 -1 0 0 -1 0 0 -1 0.000109888 -0.000118795 -1 5.52476e-06 2.11337e-05 -1 0 0 -1 0 0 -1 0 0 -1 0 0 -1 0 0 -1 0 0 -1 6.86317e-07 2.75804e-07 -1 2.45145e-07 6.34948e-07 -1 0 0 -1 0 0 -1 0 0 -1 0 0 -1 0 0 -1 0 0 -1 0 0 -1 0 0 -1 -0.000127775 5.55546e-05 -1 0 0 -1 0 0 -1 0 0 -1 0 0 -1 0 0 -1 0 0 -1 0 0 -1 0 0 -1 0 0 -1 0 0 -1 0 0 -1 0 0 -1 3.06369e-07 6.77765e-07 -1 4.27773e-07 6.94332e-07 -1 5.08307e-07 5.30357e-07 -1 6.20508e-07 4.76443e-07 -1 6.73368e-07 2.70581e-07 -1 -3.31696e-07 7.71552e-07 -1 0 0 -1 0 0 -1 0 0 -1 0 0 -1 0 0 -1 9.19777e-07 3.44059e-07 -1 0 0 -1 0 0 -1 0 0 -1 0 0 -0.999999 0.00163806 -0.000599693 -0.999999 -2.05168e-05 -0.00117355 -0.999998 -0.00176026 -0.000154346 -1 2.99226e-07 7.20453e-07 -1 3.58726e-07 6.42142e-07 -1 4.94939e-07 6.06172e-07 -1 5.5171e-07 4.85578e-07 -1 6.46789e-07 4.37784e-07 -0.689092 0.278042 0.669212 -0.606389 0.327531 0.72458 -0.610299 0.534345 0.584817 -0.544162 0.580523 0.605706 -0.61291 0.680305 0.401903 -0.227788 0.903496 0.363054 -0.657233 0.725901 0.20276 -0.640212 0.766436 0.0519985 -0.288478 0.952667 -0.0959444 -0.745667 0.648886 -0.151421 -0.797641 0.503039 -0.332747 -0.638254 0.613724 -0.464731 -0.582235 0.457267 -0.672242 -0.791144 0.300435 -0.532757 -0.665103 0.0501013 -0.745069 -0.659698 -0.0656332 -0.748659 -0.621727 -0.3894 -0.679576 -0.654499 -0.36873 -0.660052 -0.58655 -0.612223 -0.530228 -0.6128 -0.593203 -0.522097 -0.63601 -0.703783 -0.316514 -0.536902 -0.782803 -0.314572 -0.697421 -0.706888 -0.11796 -0.474545 -0.879438 -0.0373589 -0.716443 -0.690984 0.0961779 -0.466001 -0.846002 0.259084 -0.695093 -0.655092 0.296143 -0.508122 -0.677806 0.531404 -0.606394 -0.639309 0.472833 -0.610519 -0.462356 0.643035 -0.343906 -0.479918 0.807098 -0.750221 -0.249899 0.612143 -0.798119 -0.0278424 0.601856 -0.439018 0.0479613 0.897197 -0.707114 -0.7071 0 -0.707114 -0.7071 0 -0.707726 0.205381 0.675976 -0.82712 0.204522 0.523491 -0.720216 0.298473 0.626261 -0.768354 0.41841 0.484319 -0.851426 0.370129 0.37159 -0.722412 0.533031 0.440454 -0.720974 0.624489 0.30035 -0.85143 0.492524 0.18024 -0.745343 0.643205 0.175359 -0.726521 0.687134 -0.00371105 -0.863018 0.503318 -0.0432553 -0.6499 0.730053 -0.21131 -0.771123 0.570263 -0.283142 -0.745619 0.60017 -0.289564 -0.725475 0.507297 -0.46512 -0.721492 0.511076 -0.467173 -0.72015 0.361107 -0.592441 -0.874761 0.217906 -0.432793 -0.642173 0.180764 -0.744942 -0.832905 0.0567031 -0.550504 -0.642221 -0.0406033 -0.765443 -0.832901 -0.103637 -0.543632 -0.623803 -0.270277 -0.733362 -0.874282 -0.254619 -0.41328 -0.764651 -0.377845 -0.522055 -0.657936 -0.531655 -0.53335 -0.81325 -0.461552 -0.354393 -0.589344 -0.707627 -0.389793 -0.821551 -0.532819 -0.202875 -0.666379 -0.727354 -0.163995 -0.751033 -0.656976 -0.065826 -0.704507 -0.704492 -0.0857987 -0.360944 0.578018 0.731857 -0.646212 0.521862 0.556839 -0.548236 0.772834 0.319632 -0.789221 0.541044 0.29052 -0.574736 0.817804 0.0295643 -0.70884 0.70537 0.000283411 -0.173321 0.980232 -0.0954163 -0.760468 0.58726 -0.277154 -0.537675 0.713756 -0.448841 -0.542377 0.470871 -0.695779 -0.683778 0.373288 -0.62698 -0.704857 -0.704843 0.0798303 -0.72589 -0.682766 0.0831542 -0.769349 -0.594602 0.233561 -0.745612 -0.622768 0.237114 -0.726546 -0.548129 0.41435 -0.745583 -0.528569 0.405858 -0.725427 -0.401847 0.558815 -0.851592 -0.274964 0.446303 -0.671997 -0.269615 0.68973 -0.809677 -0.0938749 0.579319 -0.546971 -0.196432 0.81378 -0.799708 0.0108957 0.60029 -0.544789 0.0943742 0.833246 -0.780626 0.251543 0.572144 -0.713678 0.268677 0.646898 -0.771218 0.415897 0.481926 -0.715737 0.441688 0.540954 -0.675212 0.564834 0.474395 -0.821561 0.472137 0.319569 -0.625611 0.709233 0.324959 -0.8743 0.472464 0.111252 -0.71885 0.688498 0.0960502 -0.769361 0.632291 -0.0910594 -0.745656 0.660486 -0.0880666 -0.725527 0.626943 -0.283821 -0.721433 0.631292 -0.284615 -0.719595 0.52368 -0.456007 -0.713686 0.529097 -0.45903 -0.769334 0.336459 -0.543066 -0.745609 0.356881 -0.562763 -0.728239 0.200001 -0.65549 -0.677827 0.226615 -0.699426 -0.707114 -0.7071 0 -0.707114 -0.7071 0 -0.707182 -1.97068e-05 -0.707032 -0.707025 0 -0.707188 -0.442068 -0.498659 -0.745597 0.45679 -0.629032 -0.629017 -0.706927 -0.707287 3.23663e-05 -0.707404 -0.70681 0 -0.745294 0.339829 -0.573631 -0.0162741 -0.610925 0.791521 -0.486875 -0.456705 0.744563 -0.70711 0 0.707103 -0.707031 -1.02406e-05 0.707183 -6.6526e-07 -1 0 -6.6526e-07 -1 0 0.00451373 0.99999 1.46462e-05 0.00558655 0.999984 0.000210145 -6.635e-07 -0.997355 0.0726813 -0.0633071 -0.99182 0.110838 -0.0591159 -0.796326 0.601971 -0.0636008 -0.586004 0.807808 0.000469593 -0.349248 0.93703 0.00109162 -0.169419 0.985543 -0.0264234 -0.156843 0.98727 0.0287084 0.0698991 0.997141 -0.0645526 0.112306 0.991575 0.0694056 0.262499 0.962433 -0.115801 0.396664 0.91063 -0.0827358 0.905999 0.415114 -0.0827678 0.987011 0.137694 -0.0636684 0.91085 -0.407797 -0.0906858 0.744161 -0.661817 -0.0459497 0.291074 -0.955596 0.0256124 0.280475 0.95952 -0.0575739 0.442326 0.895004 -0.0591686 0.998233 -0.00539123 -0.0411366 0.961014 -0.273422 -0.0635798 0.738387 -0.671374 -0.0737596 0.507158 -0.858691 0.0545393 0.384901 -0.921345 -0.0538592 0.227718 -0.972236 -0.031463 0.235695 -0.971318 0.033401 -0.0299204 -0.998994 -0.0314511 -0.0529448 -0.998102 0.0286641 -0.296604 -0.95457 -0.0794939 -0.342692 -0.936078 -0.0661442 -0.871176 -0.486496 -0.0927258 -0.874232 -0.476572 -6.69559e-07 -0.997564 -0.0697606 -0.0616271 0.960738 0.270526 0.0884072 0.918208 0.386107 0 -0.939089 -0.343675 0.14336 -0.861288 -0.487473 -0.0185021 -0.259817 -0.965481 0 -0.282702 -0.959208 -1 0 0 -1 0 0 -1 0 0 -1 0 0 -1 0 0 -1 0 0 -1 0 0 -1 0 0 0 -1 0 0 -1 0 0 -0.252059 0.967712 0.0656343 -0.337679 0.93897 0.022064 -0.919211 0.393146 0 -0.928451 0.371454 0 -0.939093 0.343664 -0.143363 -0.861295 0.487461 0.018514 -0.259766 0.965494 0 -0.282665 0.959219 1 0 0 0.999996 -0.000352331 0.00288881 1 0 0 1 0 0 1 0 0 1 0 0 1 0 0 1 0 0 1 0 0 0 -1 0 0 -1 0 0 -0.252099 -0.967701 -0.0656323 -0.337715 -0.938958 -0.0220645 -0.919206 -0.393159 0 -0.928447 -0.371465 0 -1 0 -8.21952e-05 -1 7.01665e-06 0 -0.99539 0.0959067 -0.0888313 -0.916152 0.390864 0.0648292 -0.892655 0.446054 -0.0303651 -0.759278 0.650057 -0.0858235 -0.741777 0.665133 0.0933886 -0.555257 0.826419 -0.0660436 -0.500831 0.863022 -0.00521672 -0.221643 0.975114 -0.0219287 -0.0402372 0.99895 0.104467 0.0451287 0.993504 -0.0150832 0.120549 0.992593 -0.00777931 0.278218 0.960486 0.103242 0.339449 0.934942 -0.028383 0.428541 0.903076 -0.00101895 0.589633 0.807671 -0.0309484 0.777976 0.627531 -0.0350216 0.884917 0.464431 0.118141 0.919814 0.374147 -0.125556 0.945251 0.301225 -0.0617207 0.998075 0.00614055 -0.040191 0.884748 -0.464333 0.0661377 0.819638 -0.569051 -0.0106576 0.799372 -0.600742 -0.0806653 0.690477 -0.718843 0.140522 0.539123 -0.830422 -0.027514 0.309032 -0.950654 -0.066287 0.591092 -0.803876 -0.132423 0.557912 -0.819267 0.0836489 0.753559 -0.652037 0.058595 0.908256 -0.414291 -0.0610203 0.942104 -0.329722 0.0497724 0.988624 -0.141936 -0.00599456 0.999982 0 -0.00285885 0.999996 0.000751251 0.0587062 0.994628 0.085259 0.0854705 0.963643 0.253154 0.00929726 0.909807 0.414928 -0.166709 0.814024 0.556393 -0.0500889 0.782567 0.620548 0.123786 0.479582 0.868722 -0.0138315 0.293795 0.955769 -0.0285661 0.537266 0.842929 -0.0371299 0.718691 0.694337 -0.13119 0.884409 0.447894 -0.128988 0.968864 0.211338 0.14823 0.984195 0.096891 -0.0130687 0.999915 0 -0.0201914 0.986856 -0.160337 0.237653 0.918969 -0.314671 0.188862 0.874073 -0.447579 -0.0302969 0.799082 -0.600458 0.0186617 0.676434 -0.736267 -0.0663179 0.439316 -0.895882 0.0283719 0.461306 -0.886787 -0.0750292 0.251622 -0.964913 -0.815635 -0.566745 0.116362 -0.100262 -0.0391254 -0.994192 0.0809584 0.0451003 -0.995697 0.0573791 -0.190879 -0.979935 -0.114687 -0.355664 -0.927551 0.0904569 -0.438176 -0.894326 -0.0763302 -0.602339 -0.794583 0.263902 -0.736828 -0.622448 -0.0946279 -0.9139 -0.394755 -0.0705308 -0.989919 -0.122823 -0.000116793 -1 0 0.0038542 -0.999993 -0.000374577 -0.703254 -0.710938 -0.00091756 -0.99539 0.0946318 -0.0155983 -0.994229 0.107279 0.00039772 -0.524839 0.851201 -0.00106353 -0.552911 0.833241 0 -0.254218 -0.346485 -0.902951 -0.241312 -0.445035 -0.862388 -0.677445 -0.667315 -0.30945 -0.351992 -0.930934 -0.0972861 -0.578241 -0.815852 0.00474846 -0.338123 -0.917191 0.210795 -0.698388 -0.675706 0.235956 -0.241912 -0.762915 0.599533 -0.675585 -0.526178 0.516451 0.019424 -0.543494 0.839188 -0.497529 -0.116472 0.859592 -0.702042 -0.017426 0.711923 -0.306841 0.286289 0.907682 -0.285992 0.480773 0.828894 -0.048381 0.592958 0.803779 -0.396376 0.75503 0.522318 -0.337405 -0.612732 -0.714645 -0.978568 -0.163945 -0.12461 -0.307853 0.8982 -0.313788 -0.0149232 -0.999702 -0.0193136 -0.991587 0.129441 -0.000125681 -0.457417 0.887909 0.0488559 -0.237921 -0.970511 -0.0387652 -0.62288 0.771727 0.128287 -0.621811 0.772519 0.128704 -0.445332 0.861719 0.243145 -0.419352 -0.768908 -0.482622 -0.863798 -0.456565 -0.213073 -0.622589 0.710011 0.329039 -0.505046 0.799875 0.324235 -0.467616 0.777799 0.419958 -0.287395 -0.948288 -0.134734 -0.605031 0.592074 0.532341 -0.683977 0.550782 0.478346 -0.25356 0.656223 0.710688 -0.962091 -0.10525 -0.251602 -0.855083 -0.233188 -0.463094 -0.702037 0.289885 0.65047 -0.688665 0.292654 0.663396 -0.117514 0.192906 0.974155 -0.966189 -0.0282877 -0.25628 -0.322542 0.0807458 0.943105 -0.951174 0.0153741 -0.308272 -0.934625 0.00899706 -0.355521 -0.671145 -0.0120073 0.741229 -0.557996 -0.200989 0.805136 -0.762689 -0.22483 0.60643 -0.764251 -0.223913 0.604801 -0.995507 -0.0456934 0.0829317 -0.301597 -0.427259 0.852343 -0.987597 -0.108037 0.113933 -0.178525 -0.622301 0.762149 -0.218923 0.726979 -0.650826 -0.93029 0.242024 -0.275655 -0.684258 -0.521413 0.509823 -0.745683 0.394757 -0.536772 -0.0189345 -0.849226 0.527691 -0.253687 -0.872696 0.417186 -0.641673 -0.720772 0.262191 -0.79416 0.598519 0.105288 -0.908289 0.418322 0.00423488 -0.315973 -0.942396 0.109779 -0.66193 -0.749433 -0.0141385 -0.974569 0.22249 0.0267202 -0.137782 -0.967826 -0.210545 -0.306016 -0.902438 -0.303248 -0.64005 -0.700077 -0.316588 -0.334453 -0.806255 -0.487949 -0.910145 0.380928 0.162879 -0.474972 0.830081 0.292176 -0.348275 -0.743819 -0.570471 -0.297023 0.602995 0.740388 -0.92999 -0.208801 -0.302523 -0.64551 -0.551324 -0.528544 -0.957748 -0.215144 -0.190872 -0.84249 -0.345602 -0.413243 -0.564484 -0.456774 -0.687543 -0.386668 0.610985 0.690786 -0.400487 0.157183 0.90272 -0.445272 -0.273937 -0.852462 1 0 0 1 0 0 1 0 0 0.844125 -0.442791 -0.302306 0.3248 -0.860448 -0.3926 0.00305588 -0.989239 -0.146278 0.740989 -0.671463 -0.00847843 -0.761869 -0.647583 -0.0138557 -0.990145 -0.136682 0.030512 0.000644385 -0.937686 -0.347483 -0.984784 -0.13936 -0.103819 0.977579 -0.138036 -0.159011 -0.949035 -0.274971 -0.154023 -0.941586 -0.0392794 -0.334476 -0.908281 0.418235 -0.010236 0.425837 -0.9048 0 0.000617251 -0.99697 0.0777883 -0.673234 -0.672752 0.306855 -0.374927 -0.765633 0.522719 -0.339189 -0.675146 0.655079 -0.568156 -0.484374 0.665268 -0.582008 -0.35967 0.729318 -0.399347 -0.259444 0.879324 -0.97755 0.164231 -0.132 -0.881976 0.273562 -0.383772 -0.0281305 -0.777765 0.627925 -0.673224 -0.672757 0.306868 -0.74133 -0.649137 0.170443 -0.746756 -0.663891 -0.040044 -0.793289 0.577706 -0.192219 -1 0 0 -0.555168 0.731879 -0.395147 -0.47568 0.596728 -0.646255 -0.329315 0.560538 -0.759835 -0.211989 0.189837 -0.958657 -0.181146 -0.02409 -0.983161 -0.187825 -0.700986 -0.687997 -0.175144 -0.774103 -0.608349 -0.179477 -0.928774 -0.324295 -0.706891 -0.68935 -0.158435 -0.438818 -0.898561 -0.00522936 -0.419231 -0.860585 0.289203 -0.699256 -0.648541 0.300723 -0.238016 -0.701102 0.672164 -0.707982 -0.453071 0.541746 -0.133516 -0.454481 0.880693 -0.311049 -0.340483 0.88731 0.0471 -0.972294 0.228969 -0.424151 -0.606705 -0.672313 -0.987626 0.133462 -0.0823621 -0.884415 0.176763 0.431932 -0.426195 -0.219102 -0.877697 -0.941974 0.0989641 -0.320767 -0.441757 -0.268449 0.856029 -0.683362 -0.18513 0.706217 -0.382502 0.179075 -0.906435 -0.43655 0.618734 -0.653141 -0.339231 -0.520576 0.783532 -0.933928 0.220154 -0.28162 -0.699138 -0.457281 0.549636 -0.00792594 -0.793473 0.608553 -0.245499 -0.82934 0.501921 -0.147108 0.794476 -0.589209 -0.931884 0.336882 -0.134544 -0.57407 -0.733882 0.363126 -0.376297 0.887808 -0.26495 -0.53037 -0.828392 0.180206 -0.00506612 0.99988 -0.0146197 -0.938782 0.339152 -0.0605275 -0.718678 -0.689628 0.0889668 -0.651936 -0.754167 0.0788158 -0.471846 -0.875758 -0.102023 -0.618872 -0.769889 -0.155779 -0.189161 -0.885898 -0.423559 -0.996645 0.0818088 0.0023608 -0.965713 0.220611 0.136856 -0.566928 -0.701018 -0.432626 -0.551496 -0.708541 -0.440252 -0.995556 0.0484572 0.0807515 0.0830857 0.746312 0.660391 -0.917631 -0.251231 0.307954 -0.630902 -0.483262 -0.606976 -0.573812 -0.517976 -0.634382 -0.353705 -0.508455 -0.78509 -0.297718 -0.427809 -0.85343 -0.978713 0.0654004 0.194534 -0.694979 -0.221263 -0.68414 -0.556441 -0.288502 -0.779192 -0.107594 -0.13346 -0.985196 -0.976598 -0.00323913 0.215046 -0.524178 0.0576621 -0.849654 -0.444401 0.0764426 -0.892561 0.143357 -0.277297 0.950029 0.663177 -0.221912 0.714809 -0.989601 -0.0042449 0.143779 -1 0 0 -0.44173 0.316462 -0.83948 -0.782432 -0.267844 0.562191 -0.748175 0.272613 -0.60491 -0.488323 0.437838 -0.754877 -0.952025 -0.199466 0.232083 -0.958416 -0.179568 0.221798 -0.530104 0.584856 -0.613949 -0.983978 -0.13432 0.117242 -0.215079 0.737342 -0.640365 -0.207552 0.804473 -0.556547 -0.844828 0.495849 -0.200996 -0.974145 -0.200549 0.104029 -0.960377 0.271157 -0.064416 -0.964199 0.246122 -0.0987157 -0.401021 0.893979 -0.199961 -0.985085 -0.148263 -0.087327 -0.36027 -0.931843 -0.0432858 -0.338886 0.939406 -0.0516894 0.935562 -0.35297 -0.0116237 -0.999661 -0.0260246 0.000382838 -0.43618 -0.899859 -0.000483441 -0.486985 -0.873408 -0.00216081 -0.441442 0.89729 0 -0.487073 0.87336 -0.00136294 -0.991073 0.133286 0.00295198 2.91951e-08 1 0 2.91951e-08 1 0 4.19463e-07 -0.253604 -0.967308 -5.34664e-08 -0.253589 -0.967312 -5.65747e-08 -0.358255 -0.933624 -5.64821e-08 -0.358255 -0.933624 -5.89995e-08 -0.458612 -0.888637 7.972e-07 -0.458587 -0.88865 9.7325e-07 -0.553368 -0.832937 -6.07095e-08 -0.553339 -0.832956 -6.16875e-08 -0.641534 -0.767095 -6.11126e-08 -0.641534 -0.767095 -6.19183e-08 -0.721862 -0.692037 -6.20344e-08 -0.721862 -0.692037 -6.14003e-08 -0.793498 -0.608572 -6.14003e-08 -0.793498 -0.608572 -6.01399e-08 -0.855522 -0.517766 -5.25818e-08 -0.855522 -0.517766 -5.20109e-08 -0.907203 -0.420692 -5.27819e-08 -0.907203 -0.420692 -5.08111e-08 -0.947913 -0.318529 -5.09237e-08 -0.947913 -0.318529 -4.89978e-08 -0.977145 -0.212572 -3.47339e-08 -0.977145 -0.212572 -3.20714e-08 -0.994584 -0.103938 -3.19439e-08 -0.994584 -0.103938 -2.90247e-08 -0.999983 0.00582015 -2.90238e-08 -0.999983 0.00582015 -2.56209e-08 -0.993283 0.115707 -2.56209e-08 -0.993283 0.115707 -2.1914e-08 -0.974592 0.223987 -3.65732e-08 -0.974592 0.223987 -3.17194e-08 -0.944094 0.329678 -2.12972e-08 -0.944094 0.329677 -1.43268e-08 -0.902211 0.431295 -1.43268e-08 -0.902211 0.431295 -6.37901e-09 -0.849378 0.527785 -6.37901e-09 -0.849378 0.527785 1.64565e-09 -0.786269 0.617885 1.85174e-09 -0.786268 0.617885 9.64748e-09 -0.713673 0.700479 9.64748e-09 -0.713673 0.700479 1.75314e-08 -0.632461 0.774592 1.75314e-08 -0.632461 0.774592 2.5204e-08 -0.543597 0.839346 2.50003e-08 -0.543597 0.839346 3.25745e-08 -0.448126 0.893971 3.33334e-08 -0.448126 0.893971 3.95533e-08 -0.347195 0.937793 3.95533e-08 -0.347195 0.937793 4.60451e-08 -0.2422 0.970226 4.60451e-08 -0.2422 0.970226 5.19814e-08 -0.13427 0.990945 5.78727e-08 -0.13427 0.990945 5.83755e-08 -0.0244701 0.999701 5.72925e-08 -0.02447 0.999701 6.1913e-08 0.0853049 0.996355 6.1913e-08 0.0853049 0.996355 6.57847e-08 0.194252 0.980952 6.57395e-08 0.194251 0.980952 6.88587e-08 0.300799 0.953687 6.85188e-08 0.300799 0.953687 7.10982e-08 0.403616 0.914928 7.10982e-08 0.403616 0.914928 7.2481e-08 0.501729 0.865025 7.22288e-08 0.501729 0.865025 7.29854e-08 0.593653 0.804721 7.22204e-08 0.593653 0.804721 7.26078e-08 0.678394 0.734699 7.31467e-08 0.678394 0.734699 7.13511e-08 0.755009 0.655714 7.13511e-08 0.755009 0.655714 6.9234e-08 0.822393 0.56892 5.64811e-08 0.822393 0.568919 5.34309e-08 0.879931 0.475102 5.37034e-08 0.879931 0.475102 4.89919e-08 0.926755 0.375667 3.80243e-08 0.926755 0.375667 3.60262e-08 0.962422 0.271559 3.61111e-08 0.962422 0.271559 3.3596e-08 0.986404 0.164337 3.33327e-08 0.986404 0.164337 3.0755e-08 0.99849 0.0549404 3.0755e-08 0.99849 0.0549404 0.000682378 -0.998433 -0.0559511 -0.000528299 -0.996501 -0.0835758 0.000685663 -0.967904 -0.25132 0.00283525 -0.953121 -0.302576 0.000873789 -0.981765 -0.190097 0.000939203 -0.91552 -0.402271 0.00141975 -0.955109 -0.296253 -0.00848136 -0.843111 -0.537673 -0.00307575 -0.914352 -0.404908 -0.000913413 -0.90985 -0.414936 0.00247097 -0.967221 -0.253924 -0.0120393 -0.813462 -0.581493 -0.00443103 -0.911923 -0.410337 0.000507611 -0.969173 -0.246382 0.00101367 -0.96649 -0.256701 -0.000510889 -0.978802 -0.204806 0.00109148 -0.999125 -0.0418009 4.49408e-06 -0.917708 -0.397256 2.84974e-06 -0.586355 -0.810054 -6.11181e-08 -0.583543 -0.812083 -5.80199e-08 -0.909773 -0.415106 -5.80199e-08 -0.909773 -0.415106 -6.08598e-08 -0.825879 -0.563848 -2.18885e-08 -0.825877 -0.56385 -2.78763e-08 -0.717692 -0.696361 -3.07466e-08 -0.717692 -0.696361 -3.54029e-08 -0.588603 -0.808423 -3.33508e-08 -0.588603 -0.808423 -3.80669e-08 -0.442244 -0.896895 -5.86444e-08 -0.442243 -0.896895 -5.43985e-08 -0.283091 -0.959093 4.73387e-07 -0.283053 -0.959104 0.00049834 -0.999995 -0.00321029 -4.67532e-08 -1 0 -4.65741e-08 -1 7.45359e-10 -0.00149171 -0.99992 -0.0125608 -0.000925582 -0.999532 0.0305705 0.000267324 -0.965502 0.260395 0.0027373 -0.989571 0.144017 -0.00232977 -0.968208 0.250134 -0.00110676 -0.922766 0.385359 -0.000879105 -0.900872 0.434085 -9.75259e-05 -0.924545 0.381073 -0.00128544 -0.953615 0.301027 0.00670883 -0.866149 0.499741 0.00253968 -0.918846 0.394609 0.000914028 -0.909826 0.414989 -0.00247955 -0.967212 0.25396 0.0106366 -0.834531 0.550858 0.00341221 -0.92228 0.386508 0.000933551 -0.971759 0.235972 -0.00160445 -0.979936 0.199308 -0.00164527 -0.999622 0.0274508 -0.00254948 -0.949701 0.313146 -0.00203574 -0.992747 0.120205 -0.000579455 -0.988391 0.151928 5.57406e-07 -0.283027 0.959112 2.94407e-08 -0.282989 0.959123 1.99068e-08 -0.442298 0.896868 4.06505e-08 -0.442299 0.896868 3.70139e-08 -0.588603 0.808422 3.49141e-08 -0.588603 0.808422 3.05773e-08 -0.717692 0.696361 3.33523e-08 -0.717692 0.696361 2.77063e-08 -0.825879 0.563847 -1.14654e-08 -0.825877 0.56385 -2.16695e-08 -0.909821 0.415001 -2.16695e-08 -0.909821 0.415001 9.18778e-09 -0.594381 0.804183 5.258e-09 -0.594385 0.804181 -2.31224e-08 -0.905966 0.423351 2.7547e-08 0.99849 -0.0549404 2.7547e-08 0.99849 -0.0549404 2.40003e-08 0.986404 -0.164337 2.40737e-08 0.986404 -0.164337 2.01694e-08 0.962419 -0.271568 2.03711e-08 0.962419 -0.271568 1.60891e-08 0.926755 -0.375667 5.12147e-09 0.926755 -0.375666 -2.05048e-09 0.879939 -0.475086 -1.85178e-09 0.879939 -0.475086 -9.21082e-09 0.822381 -0.568937 2.77784e-09 0.822381 -0.568936 -5.22314e-09 0.755012 -0.655711 -5.22314e-09 0.755012 -0.655711 -1.31905e-08 0.678393 -0.734699 -1.38886e-08 0.678394 -0.734699 -2.09903e-08 0.593652 -0.804722 -2.09903e-08 0.593652 -0.804722 -2.85371e-08 0.501726 -0.865026 -2.87064e-08 0.501726 -0.865026 -3.57472e-08 0.40362 -0.914927 -3.57472e-08 0.40362 -0.914927 -4.25132e-08 0.300799 -0.953687 -4.25132e-08 0.300799 -0.953687 -4.87711e-08 0.194251 -0.980952 -4.87711e-08 0.194252 -0.980952 -5.44403e-08 0.0853318 -0.996353 -5.44403e-08 0.0853318 -0.996353 -5.94453e-08 -0.0244953 -0.9997 -5.83922e-08 -0.0244952 -0.9997 -5.78617e-08 -0.134239 -0.990949 -6.34287e-08 -0.13424 -0.990949 -6.72582e-08 -0.2422 -0.970226 -6.72582e-08 -0.2422 -0.970226 -6.99631e-08 -0.347222 -0.937783 -6.99631e-08 -0.347222 -0.937783 -7.18237e-08 -0.44813 -0.893968 3.43579e-07 -0.448143 -0.893962 4.31053e-07 -0.54358 -0.839357 -7.31492e-08 -0.543594 -0.839348 -7.29257e-08 -0.63246 -0.774593 -7.29257e-08 -0.63246 -0.774593 -7.21544e-08 -0.713688 -0.700464 -7.22227e-08 -0.713688 -0.700464 -7.05115e-08 -0.786257 -0.6179 -7.03678e-08 -0.786257 -0.6179 -6.80134e-08 -0.849389 -0.527768 -6.80134e-08 -0.849389 -0.527768 -6.46955e-08 -0.902186 -0.431347 -6.46955e-08 -0.902186 -0.431347 -6.0593e-08 -0.944104 -0.329648 -5.09236e-08 -0.944104 -0.329648 -4.92194e-08 -0.974591 -0.223993 -3.51852e-08 -0.974591 -0.223993 -3.23773e-08 -0.993283 -0.115714 -3.23773e-08 -0.993283 -0.115714 -2.93645e-08 -0.999983 -0.00581961 -2.93682e-08 -0.999983 -0.00581961 -2.60024e-08 -0.994583 0.103941 -2.59263e-08 -0.994583 0.103941 -2.2322e-08 -0.977147 0.212566 -3.65859e-08 -0.977147 0.212566 -3.22113e-08 -0.947907 0.318548 -3.24079e-08 -0.947907 0.318548 -2.74479e-08 -0.907215 0.420668 -2.77784e-08 -0.907215 0.420668 -2.23493e-08 -0.855522 0.517767 -1.48151e-08 -0.855522 0.517766 -8.09838e-09 -0.793498 0.608573 -8.09838e-09 -0.793498 0.608573 -1.30481e-09 -0.721847 0.692052 -9.25907e-10 -0.721847 0.692052 5.49864e-09 -0.641534 0.767095 5.55569e-09 -0.641534 0.767095 1.22414e-08 -0.553391 0.832922 1.04619e-06 -0.553362 0.832941 8.75742e-07 -0.458612 0.888636 1.94439e-08 -0.458587 0.88865 2.51969e-08 -0.358255 0.933624 2.50003e-08 -0.358255 0.933624 3.12566e-08 -0.253575 0.967316 5.04106e-07 -0.25356 0.96732 2.91951e-08 1 0 2.91951e-08 1 0 -0.590103 -0.453056 0.66822 0.775648 0.595903 0.208015 5.08127e-08 0.707173 0.707041 5.16598e-08 0.707173 0.707041 0.000204729 0.707121 0.707092 0.000431561 -0.999992 0.00407546 -0.000107396 -1 0.000900997 -4.6591e-08 -1 0 -4.63341e-08 -1 9.33998e-10 -7.56325e-05 0.70717 -0.707043 -1.01595e-08 0.707152 -0.707062 -1.13403e-08 0.707152 -0.707062 -9.72263e-05 0.707127 -0.707086 0.33168 -0.943389 -0.00227861 0.662567 -0.748999 0.00213395 0.975718 0.219012 0.00287741 0.79212 0.610363 -0.00189398 0.313205 0.949686 0 0.464431 0.885605 0.00281675 1 0 0 0.331371 0.775917 -0.536792 0.219275 0.661884 -0.716818 0.240574 0.486991 -0.839621 0.429744 -0.022118 -0.90268 0.752053 -0.0884775 -0.653137 0.465956 -0.480964 -0.74267 0.209226 -0.697892 -0.68496 0.0721046 -0.972054 -0.22341 0.703532 -0.710652 -0.00413578 0.213679 -0.971613 0.10154 0.219491 -0.924792 0.31078 0.433678 -0.770884 0.466543 0.167415 -0.71166 0.682285 0.225754 -0.624972 0.747292 0.277038 -0.907151 -0.316745 0.689742 -0.653233 -0.312319 0.754568 -0.586392 -0.29457 0.91636 0.35889 0.177432 0.984435 0.127199 0.12128 0.943181 0.292695 -0.157284 0.841944 -0.5064 0.186249 -0.136642 -0.930706 0.339287 -1 0 0 0.686259 -0.222517 0.692485 0.304887 0.184741 -0.934299 0.657669 -0.269876 0.703305 0.741049 -0.307936 0.596676 0.604975 -0.440611 0.663224 0.803001 -0.296702 0.516872 0.988587 0.0587001 -0.138748 -0.109877 0.596754 -0.794866 0.498156 -0.688032 0.527685 0.645746 -0.621452 0.443631 0.97 0.208992 -0.124189 0.0435081 0.737871 -0.673538 0.399224 0.797081 -0.45308 0.224731 -0.908967 0.351106 0.70457 -0.643791 0.298521 0.335801 0.901111 -0.274295 -0.0341745 -0.976576 0.212441 -0.132922 0.987029 -0.090028 0.999296 -0.00547573 -0.0371155 0.701387 -0.712766 -0.00456087 0.927664 0.373232 0.0116955 0.293245 -0.949615 -0.110627 0.979736 0.193079 0.0532731 0.984413 0.146294 0.0976226 0.427404 -0.767899 -0.477134 0.110011 -0.781484 -0.61415 0.615607 -0.498412 -0.610421 0.72922 -0.416467 -0.542949 0.887911 0.26552 0.375651 0.929611 0.201874 0.308335 0.154533 -0.442759 -0.883223 0.161484 -0.342665 -0.925475 0.853782 0.0928174 0.51229 0.480621 -0.212392 -0.850819 0.777568 -0.0906609 -0.622229 0.730247 0.100756 0.675712 0.190911 0.0837623 -0.978027 0.286387 0.186115 -0.939864 0.570849 0.179397 0.801217 0.619014 0.236242 -0.749007 0.21932 -0.38809 0.895145 0.811032 0.217606 -0.543023 0.706897 0.285487 -0.647143 0.953672 -0.0953347 0.285345 -0.0111319 0.593615 -0.804672 0.993759 -0.0604978 0.0937134 0.690024 0.546467 -0.474595 0.556554 0.613153 -0.560617 0.9267 -0.287353 0.242191 0.954189 -0.257432 0.152486 0.50398 0.781415 -0.367961 0.983011 -0.0766184 0.166787 0.558918 0.809227 -0.181004 1 0 0 0.312778 0.948392 -0.0521838 0.527487 0.845673 -0.0812043 0.957529 -0.288302 -0.00453503 -0.996219 -0.085548 0.0151466 0.3303 -0.939463 0.0911659 -1 0 0 -1 0 0 -1 0 0 -0.714055 -0.700081 0.00351496 0.916859 -0.399175 0.00539719 0.989619 -0.14017 -0.0317232 0.986066 -0.165009 0.0211376 -0.00211196 -0.947075 0.321005 -0.879333 -0.407934 0.245688 0.953517 -0.278101 0.116042 0.925841 -0.247739 0.285384 0.928469 -0.245586 0.278627 0.947294 -0.013655 0.320075 -0.566756 -0.823886 0 -0.826078 -0.512752 -0.23384 -1 0 0 0.944436 0.0148547 -0.328359 -1 0 0 0.814669 -0.341336 -0.468832 0.971058 -0.0745289 -0.226916 0.892037 -0.401235 -0.208041 -1 0 0 -0.945162 -0.279769 -0.168516 0.935786 -0.334642 -0.110989 -0.0114052 -0.967161 -0.253909 -0.10801 0.0217339 -0.993912 0.300025 -0.34175 -0.890613 0.435511 -0.412835 -0.799936 0.270687 -0.617584 -0.738457 0.0744908 -0.719857 -0.690114 0.20746 -0.92729 -0.311599 0.57962 -0.810473 -0.0846975 0.234585 -0.972079 0.00565774 0.578813 -0.794741 0.182653 0.462861 -0.836874 0.292236 0.061733 -0.54256 0.837746 0.276252 -0.430687 0.859182 0.317484 -0.22967 0.92003 -0.176391 0.296083 0.938734 0.80209 0.299634 0.516596 0.220731 0.661661 0.716577 0.236877 0.798988 0.552728 0.017542 0.879795 0.475029 0.706965 0.680672 0.19206 0.387173 -0.123798 0.913658 0.457442 0.140017 -0.878147 0.109275 0.99251 0.0546114 0.996249 -0.0861128 0.00854658 -0.560566 -0.827475 -0.0324222 0.225701 0.960952 0.160097 0.68547 0.69968 0.201441 0.260924 0.894651 0.362654 0.970623 -0.228072 -0.0766449 0.983037 -0.170699 -0.0670833 0.983918 -0.144717 -0.1047 0.687063 0.548588 0.476441 0.608366 0.60783 0.510327 0.958796 -0.216658 -0.183763 0.98104 -0.107475 -0.161274 0.219472 0.579179 0.785101 0.644465 0.359531 0.674836 0.310601 0.383654 0.869676 0.951998 -0.149106 -0.267335 -0.168072 0.191488 0.966998 0.995048 -0.012524 -0.0986023 0.333272 0.0804281 0.939394 0.917266 -0.00771904 -0.398201 0.982313 0.0145379 -0.186684 0.716056 0.000782666 0.698043 0.810644 -0.0143282 0.585364 0.951633 0.122468 -0.281774 0.981637 0.0613396 -0.180625 0.633874 -0.286162 0.718551 0.549259 -0.290134 0.783669 0.283758 -0.606464 0.742753 0.380332 0.753001 -0.53697 0.321414 0.588482 -0.741878 0.917992 0.294037 -0.266146 0.649875 -0.535663 0.539191 0.70235 -0.508015 0.498623 0.448556 -0.702731 0.552238 0.483138 -0.743668 0.462099 0.658446 -0.674717 0.333476 0.695712 -0.648076 0.309808 0.481237 0.785747 -0.388602 0.502203 -0.845671 0.180644 0.240761 -0.964066 0.112303 0.999428 0.0161253 -0.0297253 -0.200105 0.977988 0.0591404 0.571536 -0.815988 -0.0866628 0.977073 0.212111 0.018378 0.217456 -0.953762 -0.207485 0.954356 0.25823 0.150077 0.561799 -0.750506 -0.348028 0.802696 -0.519864 -0.292269 0.935906 0.307057 0.172617 0.711829 -0.600878 -0.363654 0.30461 -0.755789 -0.579651 0.976873 0.148901 0.153453 0.683909 -0.403698 -0.607697 0.71453 -0.382233 -0.585957 0.934454 0.188882 0.301859 0.732606 0.400144 0.550612 0.974615 0.034621 0.221193 0.488498 -0.221273 -0.844043 0.35145 -0.265031 -0.897909 0.311893 0.950117 0 0.491982 0.870594 -0.00435471 0.983599 0.180368 0.000118363 0.986016 0.163085 -0.034301 0.707658 -0.706517 0.00727508 0 -1 0 0.000261173 -1 -2.22952e-05 0 -0.996755 -0.0804921 -0.0134782 -0.996068 -0.0875654 0.0673229 -0.968742 -0.238762 -0.0555248 -0.935999 -0.347597 0.0234646 -0.919718 -0.391877 0.0396857 -0.82963 -0.556902 -0.0988131 -0.790967 -0.603827 -0.0939797 -0.559549 -0.823452 0.103981 -0.626446 -0.772498 0.149372 -0.361408 -0.920365 -0.084621 -0.253927 -0.963515 0.0509599 -0.0731851 -0.996016 0.0326082 0.120408 -0.992189 0.000278772 0.278227 -0.960515 -0.0463874 0.302334 -0.952073 0.0558464 0.453084 -0.889717 0.139306 0.686751 -0.713419 0.303725 0.838332 -0.452715 -0.0532342 0.953155 -0.297761 0.0865517 0.996128 -0.0154088 0.154528 0.944696 0.289257 -0.025917 0.885176 0.464534 -0.114517 0.863159 0.491775 0.039092 0.798807 0.600316 -0.0245637 0.6925 0.721 0.037865 0.714278 0.698838 0.0172486 0.560581 0.82792 0.0659221 0.536237 0.841489 -0.133551 0.359467 0.923551 -0.00879846 0.303 0.95295 0.0840746 0.406029 0.909984 -0.039573 0.541191 0.839968 -0.0196423 0.756064 0.654203 0.0990981 0.828082 0.551779 -0.0764357 0.907158 0.41379 -0.0889284 0.985929 0.141549 0.00161405 0.999999 0 0.0160676 0.999864 0.00381465 -0.0249547 0.996036 -0.0853797 0.0390737 0.953616 -0.298481 0.101853 0.962149 -0.252777 -0.0327658 0.909378 -0.414679 -0.0806828 0.789742 -0.608111 0.0556047 0.649088 -0.758678 -0.0178836 0.597893 -0.801376 0.0189515 0.2928 -0.955986 0.11028 0.532921 -0.838948 0.0799629 0.714031 -0.695533 0.0121635 0.99936 -0.033644 0.0199898 0.986858 0.160348 -0.108391 0.965119 0.238321 0.0157071 0.948426 0.316609 0.0080909 0.885431 0.464701 -0.0964105 0.850184 0.517583 0.0303259 0.799083 0.600456 -0.0127033 0.69269 0.721124 0.0289962 0.708637 0.704977 0.0326639 0.567759 0.822546 -0.099911 0.493574 0.863946 0.0316891 0.428498 0.902987 0.0372359 0.252172 0.966966 -0.140938 0.180837 0.973363 0.161182 -0.0434443 0.985968 0.0800702 -0.35295 0.93221 0.0866219 -0.601811 0.793927 -0.126279 -0.670175 0.731382 0.0213495 -0.748318 0.662997 -0.0122506 -0.845161 0.534371 0.0500302 -0.825667 0.561936 -0.0310753 -0.919524 0.391805 0.0322255 -0.97044 0.239181 0 -0.997986 0.063435 0.0279021 -0.996367 0.0804626 8.00209e-05 -1 0 0 -1 7.38245e-06 -0.662717 -0.188726 -0.724699 -0.597108 -0.223796 -0.77031 -0.70586 -0.291779 -0.645467 -0.569385 -0.460351 -0.681086 -0.56942 -0.460329 -0.681071 -0.705849 -0.490128 -0.511421 -0.569349 -0.660967 -0.488841 -0.56935 -0.660965 -0.488841 -0.705799 -0.632555 -0.318939 -0.569204 -0.786176 -0.240696 -0.569423 -0.786012 -0.24071 -0.705832 -0.702637 -0.0900125 -0.569319 -0.821377 0.0348709 -0.569248 -0.821425 0.0348927 -0.705822 -0.692476 0.149307 -0.569392 -0.76278 0.306529 -0.569454 -0.762747 0.306497 -0.705821 -0.603254 0.371351 -0.569179 -0.617194 0.543238 -0.569311 -0.617149 0.54315 -0.705829 -0.445004 0.551161 -0.569426 -0.400937 0.717638 -0.455753 -0.407364 0.791419 -0.705777 -0.235999 0.667969 -0.705773 -0.119719 0.698249 -0.476781 -0.0373415 0.878228 -0.609023 -0.0672958 0.790292 -0.706843 0.0300497 0.706732 -0.705885 0.119704 0.698138 -0.623035 0.175552 0.762239 -0.705857 0.235965 0.667897 -0.569326 0.40097 0.717698 -0.235379 0.544248 0.805227 -0.569361 0.516446 0.639618 -0.705793 0.531761 0.468067 -0.569161 0.70018 0.431049 -0.569363 0.700032 0.431023 -0.705797 0.657315 0.264173 -0.569218 0.803741 0.17318 -0.235292 0.964052 0.123455 -0.569253 0.82142 0.0349295 -0.705813 0.702659 -0.0899895 -0.569369 0.78605 -0.240717 -0.569344 0.786064 -0.240728 -0.705836 0.632521 -0.318923 -0.569404 0.660936 -0.488818 -0.569363 0.660952 -0.488844 -0.705849 0.490128 -0.511421 -0.569413 0.460327 -0.681079 -0.569407 0.460328 -0.681083 -0.705851 0.291792 -0.645471 -0.569417 0.207174 -0.795515 -0.263391 0.168583 -0.949845 -0.617181 0.0666597 -0.783993 -0.751899 -0.055854 -0.656909 -1 0 0 -1 0 0 -1 0 0 -1 0 0 -1 0 0 -1 0 0 -1 0 0 -1 0 0 -1 0 0 -1 0 0 -1 0 0 -1 0 0 -1 0 0 -1 0 0 -1 0 0 -1 0 0 -1 0 0 -1 0 0 -1 0 0 -1 0 0 -1 0 0 -1 -5.39193e-05 -0.000242101 -1 -0.000154294 -4.72514e-05 -1 -0.000156071 -6.74142e-05 -1 -0.000129526 -9.57957e-05 -1 -0.000184488 0.000177889 -1 0 0 -1 0 0 -1 0 0 -1 0 0 -1 -0.000231484 6.83445e-05 -1 0 0 -1 0.00026655 0.000162922 -1 0 0 -1 0 0 -1 0 0 -1 0 0 -1 0 0 -1 0 0 -1 0 0 -1 0 0 -1 0 0 -1 0 0 -1 0 0 -1 0 0 -1 0 0 -1 -0.000138886 -0.000267681 -1 3.05127e-05 -0.000171917 -1 0.000159153 8.10999e-05 -1 0 0 -1 0 0 -1 0 0 -1 0 0 -1 0 0 -1 0 0 -1 0 0 -1 0 0 -1 0 0 -1 0 0 -1 0 0 -1 0 0 -1 0 0 -1 0 0 -1 0 0 -1 0 0 -1 0 0 -1 0 0 -1 0 0 -1 0 0 -1 0 0 -1 0 0 -1 0 0 -1 0.000269489 -7.95653e-05 -1 0.000148007 7.99664e-05 -1 -4.14382e-05 0.000189177 -1 0 0 -1 0 0 -1 0 0 -1 0 0 -1 0 0 -1 0.000280122 -0.000904396 -1 0.000312669 0.000671936 -1 0 0 -1 0 0 -1 0 0 -1 0 0 -1 0 0 -1 0 0 -1 0 0 -1 0 0 -1 0 0 -1 0 0 -1 0 0 -5.00151e-08 -0.0847198 -0.996405 -5.00151e-08 -0.0847198 -0.996405 -5.58206e-08 -0.252015 -0.967723 -5.67985e-08 -0.252015 -0.967723 -6.16133e-08 -0.411912 -0.911224 -4.74693e-08 -0.411912 -0.911223 -5.17966e-08 -0.559989 -0.8285 -5.17966e-08 -0.559989 -0.8285 -5.4633e-08 -0.691917 -0.721977 -5.4633e-08 -0.691917 -0.721977 -5.58989e-08 -0.804001 -0.594627 -5.58989e-08 -0.804001 -0.594627 -5.55564e-08 -0.892919 -0.450217 -5.55564e-08 -0.892919 -0.450217 -5.36142e-08 -0.95619 -0.292748 -5.36142e-08 -0.95619 -0.292748 -5.01334e-08 -0.991894 -0.127068 -5.01334e-08 -0.991894 -0.127068 -4.52075e-08 -0.9991 0.0424159 -4.52075e-08 -0.9991 0.0424159 -3.89769e-08 -0.977536 0.21077 -3.89769e-08 -0.977536 0.21077 -3.16323e-08 -0.927881 0.372876 -3.16323e-08 -0.927881 0.372876 -2.33811e-08 -0.851584 0.524218 -2.33811e-08 -0.851584 0.524218 -1.4444e-08 -0.750649 0.660701 6.06696e-09 -0.750649 0.660702 1.90553e-08 -0.628196 0.778055 1.90553e-08 -0.628196 0.778055 3.14908e-08 -0.487732 0.872993 3.14908e-08 -0.487732 0.872993 4.30294e-08 -0.333127 0.942882 4.43221e-08 -0.333127 0.942882 5.39818e-08 -0.16899 0.985618 5.39818e-08 -0.16899 0.985618 6.02188e-08 -0.0424807 0.999097 6.02188e-08 -0.0424807 0.999097 6.38455e-08 0.042481 0.999097 6.17643e-08 0.0424809 0.999097 6.01295e-08 0.168995 0.985617 6.84089e-08 0.168995 0.985617 7.27614e-08 0.333117 0.942886 7.27614e-08 0.333117 0.942886 7.50217e-08 0.487732 0.872994 7.69144e-08 0.487732 0.872994 7.75606e-08 0.628213 0.778041 7.75606e-08 0.628213 0.778041 7.5977e-08 0.750632 0.66072 5.54655e-08 0.750632 0.660721 5.59289e-08 0.851567 0.524246 5.59289e-08 0.851567 0.524246 5.47839e-08 0.927868 0.372908 5.47839e-08 0.927868 0.372908 5.20604e-08 0.977565 0.210634 5.20604e-08 0.977565 0.210634 4.7843e-08 0.999097 0.0424849 4.7843e-08 0.999097 0.0424849 4.2244e-08 0.991894 -0.127066 -9.27722e-07 0.991899 -0.127032 -8.99601e-07 0.956179 -0.292782 3.5435e-08 0.95617 -0.292813 2.76032e-08 0.892919 -0.450218 2.76032e-08 0.892919 -0.450218 1.89796e-08 0.804001 -0.594627 1.89796e-08 0.804001 -0.594627 9.80681e-09 0.691917 -0.721977 9.80681e-09 0.691917 -0.721977 3.55414e-10 0.559973 -0.828511 -1.81756e-09 0.559973 -0.828511 -1.07046e-08 0.411925 -0.911218 -2.48486e-08 0.411926 -0.911217 -3.43054e-08 0.252022 -0.967722 -4.24959e-08 0.252022 -0.967722 -4.55357e-08 0.0847204 -0.996405 -4.27824e-08 0.0847203 -0.996405 -0.569528 -0.207176 -0.795435 -0.70588 -0.29175 -0.645457 -0.569386 -0.460351 -0.681085 -0.569424 -0.460328 -0.681069 -0.705832 -0.490124 -0.511449 -0.569297 -0.660997 -0.488859 -0.569312 -0.660986 -0.488856 -0.70579 -0.632568 -0.318934 -0.569204 -0.786175 -0.240696 -0.569423 -0.786013 -0.24071 -0.705832 -0.702637 -0.0900125 -0.569317 -0.821378 0.0348724 -0.569249 -0.821424 0.0348934 -0.705817 -0.692481 0.149303 -0.569367 -0.762796 0.306535 -0.235442 -0.867829 0.437538 -0.569179 -0.700186 0.431017 -0.705809 -0.531761 0.468043 -0.56934 -0.516442 0.63964 -0.569413 -0.516426 0.639588 -0.705834 -0.345498 0.618409 -0.569291 -0.273875 0.775178 -0.316368 -0.254784 0.913781 -0.569229 -0.13894 0.810354 -0.570267 -0.034955 0.820716 -0.477466 0.0373886 0.877854 -0.0930285 0.168263 0.981343 -0.492081 0.0887379 0.866015 -0.705776 0.235991 0.667974 -0.569208 0.40101 0.71777 -0.569345 0.40093 0.717705 -0.705816 0.445024 0.55116 -0.569387 0.617071 0.543159 -0.703451 0.506146 0.498973 -0.705745 0.603308 0.371408 -0.622983 0.68821 0.371831 -0.7058 0.657312 0.264172 -0.569249 0.803716 0.173197 -0.235199 0.964074 0.123458 -0.569287 0.821398 0.0349013 -0.705813 0.702659 -0.0899894 -0.569368 0.786051 -0.240717 -0.235209 0.901854 -0.362403 -0.569303 0.734099 -0.370125 -0.7058 0.569565 -0.421238 -0.569231 0.56886 -0.593611 -0.569441 0.568802 -0.593465 -0.705889 0.396642 -0.586852 -0.569435 0.338594 -0.749065 -0.235348 0.323768 -0.916398 -0.569117 0.207254 -0.795708 -0.705736 0.0600726 -0.705923 -0.569241 -0.0697128 -0.81921 -0.235112 -0.164245 -0.957991 -6.5484e-08 -0.0847911 -0.996399 -6.5484e-08 -0.0847911 -0.996399 -7.08425e-08 -0.252047 -0.967715 -7.18205e-08 -0.252047 -0.967715 -7.57569e-08 -0.411883 -0.911237 -7.57569e-08 -0.411883 -0.911237 -7.75166e-08 -0.55999 -0.828499 -7.75166e-08 -0.55999 -0.828499 -7.70465e-08 -0.691895 -0.721998 -7.70465e-08 -0.691895 -0.721999 -7.43585e-08 -0.804004 -0.594624 -5.58989e-08 -0.804004 -0.594624 -5.55563e-08 -0.892926 -0.450203 -5.55563e-08 -0.892926 -0.450203 -5.36142e-08 -0.95619 -0.292748 -5.36142e-08 -0.95619 -0.292748 -5.01334e-08 -0.991894 -0.127068 -5.01334e-08 -0.991894 -0.127068 -4.52074e-08 -0.9991 0.0424177 -4.52074e-08 -0.9991 0.0424177 -3.89772e-08 -0.977537 0.210763 -3.89772e-08 -0.977537 0.210763 -3.16323e-08 -0.927881 0.372876 -3.16323e-08 -0.927881 0.372876 -2.33813e-08 -0.851586 0.524215 -2.33813e-08 -0.851586 0.524215 -1.44439e-08 -0.750648 0.660702 -1.44439e-08 -0.750648 0.660702 -5.09873e-09 -0.628197 0.778054 -5.09873e-09 -0.628197 0.778054 4.38949e-09 -0.487732 0.872993 4.38949e-09 -0.487732 0.872993 1.37585e-08 -0.333127 0.942882 2.96867e-08 -0.333126 0.942882 3.8683e-08 -0.16899 0.985618 3.8683e-08 -0.16899 0.985618 4.47076e-08 -0.0425523 0.999094 4.47076e-08 -0.0425523 0.999094 4.83404e-08 0.0425525 0.999094 4.69574e-08 0.0425524 0.999094 4.76178e-08 0.168995 0.985617 5.31101e-08 0.168996 0.985617 5.81258e-08 0.333116 0.942886 4.34903e-08 0.333116 0.942886 4.79204e-08 0.487732 0.872994 4.98131e-08 0.487732 0.872993 5.34071e-08 0.628214 0.778041 5.34071e-08 0.628214 0.778041 5.54655e-08 0.750631 0.660721 5.54655e-08 0.750631 0.660721 5.59289e-08 0.851569 0.524243 5.59289e-08 0.851569 0.524243 5.47839e-08 0.927868 0.372908 5.47839e-08 0.927868 0.372908 5.20602e-08 0.977567 0.210627 -9.19058e-07 0.977559 0.21066 -9.44671e-07 0.999097 0.0424866 4.78421e-08 0.999099 0.0424519 4.22453e-08 0.991899 -0.127032 4.22453e-08 0.991899 -0.127032 3.5435e-08 0.95617 -0.292813 3.5435e-08 0.95617 -0.292813 2.76039e-08 0.892926 -0.450204 2.76039e-08 0.892926 -0.450204 1.89798e-08 0.804004 -0.594624 5.20259e-10 0.804004 -0.594624 -1.26087e-08 0.691895 -0.721998 -1.26087e-08 0.691895 -0.721998 -2.53649e-08 0.559974 -0.82851 -2.75379e-08 0.559974 -0.82851 -3.89946e-08 0.411896 -0.911231 -3.89946e-08 0.411896 -0.911231 -4.93245e-08 0.252054 -0.967713 -5.73938e-08 0.252055 -0.967713 -6.09598e-08 0.0847915 -0.996399 -5.82452e-08 0.0847914 -0.996399 0.569542 0.207179 -0.795424 0.705893 0.291754 -0.645442 0.569429 0.460321 -0.681069 0.235368 0.610569 -0.75618 0.569254 0.568849 -0.593599 0.705821 0.569548 -0.421226 0.569325 0.734085 -0.370119 0.569341 0.734073 -0.370118 0.705839 0.677324 -0.207421 0.569372 0.81542 -0.104431 0.569313 0.815463 -0.104419 0.705817 0.707754 0.0300973 0.56942 0.803605 0.173145 0.569284 0.803689 0.173202 0.705821 0.657293 0.264164 0.569467 0.700002 0.430935 0.235047 0.781472 0.577975 0.56941 0.617059 0.543149 0.705837 0.445011 0.551144 0.569417 0.40094 0.717644 0.455692 0.407369 0.791451 0.705772 0.235992 0.667977 0.705782 0.119721 0.69824 0.476973 0.0374001 0.878122 0.445381 0.0304991 0.894821 0.610469 -0.0337032 0.791323 0.705758 -0.119721 0.698264 0.569231 -0.27389 0.775216 0.569293 -0.273859 0.775182 0.705855 -0.345488 0.61839 0.569462 -0.516389 0.639574 0.703534 -0.414501 0.57726 0.705814 -0.531757 0.46804 0.705787 -0.531787 0.468046 0.7058 -0.603273 0.37136 0.623111 -0.688121 0.371783 0.705924 -0.657206 0.264103 0.569586 -0.803469 0.173233 0.569309 -0.803673 0.173198 0.705817 -0.707757 0.0300485 0.569319 -0.815453 -0.104465 0.56944 -0.815374 -0.104421 0.705842 -0.677335 -0.207373 0.569292 -0.734106 -0.370128 0.235191 -0.827648 -0.509593 0.569321 -0.660984 -0.48885 0.705853 -0.490109 -0.511433 0.56946 -0.460322 -0.681042 0.569422 -0.460328 -0.68107 0.705901 -0.291741 -0.645438 0.569551 -0.207172 -0.795419 0.569249 -0.207143 -0.795643 0.705757 -0.0600706 -0.705903 0.569264 0.0697117 -0.819194 0.235111 0.164249 -0.95799 1 0 0 1 0 0 1 0 0 1 0 0 1 0 0 1 0 0 1 0 0 1 0 0 1 0 0 1 0 0 1 0 0 1 0 0 1 0 0 1 0 0 1 0 0 1 0 0 1 0 0 1 0 0 1 0 0 1 0 0 1 0 0 1 0 0 1 0 0 1 0 0 1 0 0 1 0 0 1 0 0 1 0 0 1 0 0 1 0 0 1 0 0 1 0 0 1 0 0 1 0 0 1 0 0 1 0 0 1 0 0 1 0 0 1 0 0 1 0 0 1 0 0 1 0 0 1 0 0 1 0 0 1 0 0 1 0 0 1 0 0 1 0 0 1 0 0 1 0 0 1 0 0 1 0 0 1 0 0 1 0 0 1 0 0 1 0 0 1 0 0 1 0 0 1 0 0 1 0 0 1 0 0 1 0 0 1 0 0 1 0 0 1 0 0 1 0 0 1 0 0 1 0 0 1 0 0 1 0 0 1 0 0 1 0 0 1 0 0 1 0 0 1 0 0 1 0 0 1 0 0 1 0 0 1 0 0 1 0 0 1 0 0 1 0 0 1 0 0 1 0 0 1 0 0 1 0 0 1 0 0 1 0 0 1 0 0 1 0 0 1 0 0 1 0 0 1 0 0 1 0 0 1 0 0 1 0 0 1 0 0 1 0 0 0.705866 0.178518 -0.685481 0.569417 0.338622 -0.749065 0.569418 0.338622 -0.749065 0.705868 0.396653 -0.58687 0.569447 0.568775 -0.593485 0.569335 0.568852 -0.593519 0.705823 0.569545 -0.421227 0.569341 0.73407 -0.370125 0.569334 0.734075 -0.370126 0.705859 0.677312 -0.207393 0.569472 0.815348 -0.10445 0.569313 0.815463 -0.104419 0.705816 0.707756 0.0300961 0.569396 0.80362 0.173154 0.569282 0.803691 0.173202 0.705818 0.657296 0.264166 0.569457 0.700006 0.430941 0.569256 0.700095 0.431062 0.705815 0.531745 0.468052 0.569384 0.516436 0.639605 0.569371 0.516439 0.639615 0.705821 0.345505 0.61842 0.569271 0.273872 0.775193 0.703487 0.274237 0.655667 0.70578 0.119721 0.698242 0.476794 0.0373415 0.878222 0.445631 0.0305336 0.894696 0.610592 -0.0336424 0.79123 0.705891 -0.119699 0.698133 0.56943 -0.273844 0.775087 0.569354 -0.273882 0.775129 0.705862 -0.345485 0.618384 0.569472 -0.516384 0.639569 0.569391 -0.516437 0.639599 0.705831 -0.531745 0.468028 0.569207 -0.700167 0.431009 0.569504 -0.699949 0.430972 0.705922 -0.657209 0.264104 0.569591 -0.803464 0.173238 0.235142 -0.96409 0.123447 0.569342 -0.821361 0.0348702 0.705853 -0.702616 -0.0900099 0.569524 -0.785964 -0.240631 0.569304 -0.786092 -0.240735 0.70582 -0.632536 -0.31893 0.569374 -0.660952 -0.48883 0.703525 -0.59434 -0.38963 0.705797 -0.490164 -0.511459 0.622959 -0.508486 -0.594445 0.705809 -0.396698 -0.586911 0.569322 -0.338639 -0.74913 0.491252 -0.339401 -0.802171 0.754424 -0.165419 -0.635202 0.773897 -0.053654 -0.631035 0.562836 0.0700272 -0.823597 0.567886 0.0686305 -0.820241 4.31168e-08 0 1 4.31168e-08 0 1 0.00627663 -0.000270202 0.99998 -0.999881 0.00187122 0.0153433 0 0 1 0 0 1 0 0 -1 -0.998028 0.00760003 -0.0623136 0 0 -1 0 0 -1 0.000584549 2.75863e-05 -1 0 0 -1 0 0 -1 0.999867 0.00197691 0.0162099 -0.0286296 -0.00115555 0.999589 0 0 1 0 0 1 2.52072e-05 -1 0.000119727 -0.000106933 -1 5.96281e-05 -4.19845e-05 -1 2.34114e-05 -4.28284e-05 -1 -2.00722e-05 4.71161e-06 -1 -5.5929e-05 0 -1 0 0 -1 0 -8.79076e-06 -1 -6.80612e-05 3.17026e-05 -1 -6.58476e-05 8.62553e-05 -1 -1.18565e-05 -0.000101692 -1 1.39784e-05 -1.72255e-05 -1 -7.34332e-05 1.74755e-05 -1 -7.65977e-05 -6.85955e-06 -1 -3.74763e-05 -1.6693e-07 -1 -1.2228e-07 -2.18777e-07 -1 -3.03522e-08 -2.25394e-05 -1 -5.28584e-05 5.15643e-05 -1 -9.73306e-06 3.51611e-05 -1 -6.13572e-05 3.86135e-05 -1 -6.12228e-05 0.000151602 -1 6.353e-05 0.695355 -0.0575167 -0.716361 0.447223 0.025764 -0.894051 0.604039 -0.000242792 -0.796955 0.168279 -0.0066083 -0.985717 0.173323 -0.00417211 -0.984856 -0.0593744 0.0011356 -0.998235 -0.145605 -0.0122409 -0.989267 -0.216194 0.00577089 -0.976333 -0.544755 -0.00797374 -0.838558 -0.512895 0.00996591 -0.858394 -0.78156 0.0102376 -0.623746 -0.829567 -0.0212721 -0.558002 -0.9492 0.0264508 -0.313559 -0.990219 -0.024343 -0.137379 -0.99835 0.0243542 0.0519941 -0.966905 -0.0321791 0.253098 -0.87218 0.0341046 0.487995 -0.724337 -0.0521459 0.687471 -0.438592 0.026885 0.898284 -0.610663 0.013027 0.791783 -0.186847 -0.0336148 0.981814 -0.232375 -0.0140148 0.972525 -0.0668408 -0.00129365 0.997763 0.247933 0.00575824 0.96876 0.0670389 0.0137379 0.997656 0.339419 -0.0271472 0.940243 0.514624 0.0208258 0.857163 0.669314 -0.000131854 0.74298 0.750956 -0.0312947 0.659611 0.801361 0.00063788 0.598181 0.868665 0.0515016 -0.492716 0.979381 -0.0452423 -0.196893 0.999742 0.0161381 -0.0159996 0.974556 -0.0148202 0.223653 0.959599 0.01018 0.281186 -0.0389973 -0.0140142 -0.999141 -0.22822 0.036804 -0.972914 -0.348839 -0.0110858 -0.937117 -0.806617 0.0156676 -0.590867 -0.818135 0.00238806 -0.575022 -0.999754 -0.0186301 0.0120172 -0.9811 0.0560986 0.185188 -0.927851 -0.0180447 0.372514 -0.750111 -0.0375344 0.660246 -0.533049 0.0394454 0.845164 -0.457801 -0.000957685 0.889054 -0.00367485 -0.030685 0.999522 0.205611 0.0631497 0.976594 0.532331 -0.0644039 0.844083 0.904025 0.0568288 0.423686 0.938723 -0.0015807 0.344668 0.971275 -0.0541844 -0.231708 0.914723 0.0565643 -0.400104 0.433664 -0.0245688 -0.90074 0.46979 0.00605078 -0.882757 4.89618e-06 -1 0.000118351 5.37675e-05 -1 0.000134016 9.46778e-05 -1 7.77933e-05 -3.26672e-05 -1 9.72239e-05 0 -1 0 -7.88973e-05 -1 -0.000123998 0.00017098 -1 -3.68737e-05 0.00020948 -1 1.14017e-05 0 -1 0 0 -1 0 -7.1793e-05 -1 -8.2134e-06 -1.86071e-05 -1 -6.96368e-05 2.40721e-05 -1 -6.64365e-05 -4.36649e-06 -1 -3.60549e-05 0 -1 0 0 -1 0 4.06168e-05 -1 9.64885e-05 -0.000103379 -1 6.81016e-05 -0.000149243 -1 -2.54373e-05 0.000135257 -1 2.30534e-05 0.452049 0.00432316 -0.891982 0.596158 -0.00535979 -0.802849 0.630795 -0.0204731 -0.77568 0.354093 -0.0170647 -0.935055 0.170665 0.0239749 -0.985037 -0.0589717 -0.013342 -0.99817 -0.0939426 -0.0252539 -0.995257 -0.216024 0.00572859 -0.976371 -0.544805 -0.00479023 -0.838549 -0.519965 0.0100297 -0.854129 -0.770341 0.00428801 -0.637617 -0.829537 -0.02368 -0.55795 -0.908768 0.0217759 -0.416734 -0.996489 -0.0359232 -0.0756221 -0.999557 0.0218969 0.0201489 -0.876046 -0.00180338 0.482224 -0.859101 -0.0225179 0.511311 -0.657886 0.0159374 0.752949 -0.436341 0.00327809 0.899775 -0.511281 -0.0230215 0.859105 -0.13501 -0.0196203 0.99065 -0.233438 0.0040507 0.972363 -0.0668438 -0.00129399 0.997763 0.251292 0.00566143 0.967895 0.0671306 0.0137482 0.997649 0.372069 -0.0389933 0.927386 0.548135 0.0347364 0.835668 0.802491 0.00611935 0.596633 0.834303 0.0386572 -0.549949 0.933379 -0.0276233 -0.357827 0.972605 0.016328 -0.231888 0.998182 -0.0284649 0.0531176 0.974799 0.0360726 0.220149 0.84797 -0.0385965 0.528637 -0.109844 -0.0027219 -0.993945 -0.254974 0.0756768 -0.963982 -0.601037 -0.0646617 -0.796601 -0.93672 0.0568235 -0.345438 -0.964636 -0.0017086 -0.263581 -0.967134 -0.0489519 0.249512 -0.830898 0.100031 0.54736 -0.611491 -0.0676226 0.788356 -0.0125595 0.0171089 0.999775 0.0427779 0.0550256 0.997568 0.454341 -0.0387409 0.889985 0.770109 0.0808364 0.63277 0.90229 -0.0468535 0.428575 0.999255 -0.0349229 -0.0164267 0.975093 0.0705156 -0.210289 0.821061 -0.0386978 -0.569527 0.556156 0.0304535 -0.83052 0.559882 0.0328954 -0.827919 0.251808 -0.0418547 -0.966872 -0.000601835 -0.999821 -0.0189209 0.000285609 -0.999996 0.00290454 -5.93018e-05 -1 1.41387e-05 2.3382e-05 -1 0.000540822 -4.98155e-08 -1 2.59439e-09 7.93884e-05 -1 -0.000763063 0 1 0 2.2633e-07 1 -7.11988e-07 3.59765e-08 1 -4.63821e-08 4.01402e-08 1 -2.78431e-08 3.49478e-08 1 -6.78691e-08 3.92203e-08 1 -3.45216e-08 4.18183e-08 1 -1.67892e-08 4.71601e-08 1 1.28862e-08 3.66539e-08 1 -5.42016e-08 4.45019e-08 1 -7.31562e-10 -7.04358e-10 1 1.91586e-07 4.31168e-08 1 4.42615e-09 1.90184e-07 1 5.91157e-07 0 1 0 0 1 0 3.57487e-08 1 4.73805e-08 1.4395e-08 1 1.30255e-07 4.31168e-08 1 8.56186e-09 2.96291e-08 1 -1.13767e-07 5.26432e-08 1 3.7e-08 4.74644e-08 1 -1.22454e-08 5.27184e-08 1 0 5.62839e-08 1 1.10252e-07 4.59e-08 1 7.46034e-09 2.24837e-09 1 -1.78975e-07 7.74492e-08 1 2.08059e-07 4.46837e-08 1 1.96203e-10 -8.92014e-09 1 -2.28538e-07 4.99556e-08 1 -6.00475e-10 4.99556e-08 1 2.37282e-08 -4.31168e-08 0 -1 -4.31168e-08 0 -1 0.13855 0.387306 0.911481 0.281007 0.432692 0.856629 0.0884163 0.954156 0.285954 0.267598 0.940524 0.209299 -0.0242483 0.998768 -0.0432868 0.338377 0.875472 -0.345037 0.262036 0.90701 -0.329651 0.25985 0.557057 -0.788775 0.258443 -0.661002 -0.704474 0.284331 -0.925181 -0.251388 0.294736 -0.730216 0.616373 0.177728 -0.319954 0.930614 -1 0 0 -1 0 0 -1 0 0 -1 0 0 -0.999996 0.00225577 -0.00169298 -1 0 0 -1 0 0 -1 0 0 -1 0 0 -1 0 0 -1 0 0 -1 0 0 -0.999653 0.0109669 0.0239555 -1 4.19285e-05 -0.000189389 -1 -0.000525315 1.34865e-05 -0.999997 -0.00203508 0.00152735 -1 0 0 -1 0 0 -1 0 0 -1 0 0 -1 0 0 -1 0 0 -1 0 0 -1 0 0 -1 0 0 -1 0 0 -1 0 0 -1 0 0 -1 0 0 -1 0 0 -1 0 0 -1 0 0 -1 0 0 -1 0 0 -1 0 0 -1 0 0 -1 0 0 -1 0 0 -1 0 0 -1 0 0 -1 0 0 -1 0 0 -1 0 0 -1 0 0 -1 0 0 -1 0 0 -1 0 0 -1 0 0 -1 0 0 -1 0 0 -1 0 0 -1 0 0 -1 0 0 -1 0 0 -1 0 0 -1 0 0 -1 0 0 -1 0 0 -0.111373 0.0426489 0.992863 -0.0731181 0.0596391 0.995539 0.0228335 0.577013 0.816415 -0.0275817 0.801885 0.596841 -0.0278903 0.801796 0.596946 -0.0896505 0.760118 -0.643571 0.184633 0.540546 -0.820805 -0.0881654 0.216077 -0.972388 0.0141972 0.169678 -0.985397 -0.0152078 -0.171304 -0.985101 0.0900797 -0.218925 -0.971575 -0.13207 -0.481201 -0.866605 0.0564485 -0.749379 -0.659731 0.0342565 -0.914125 -0.403983 0.109304 -0.976205 -0.187289 -0.125224 -0.98548 0.114662 0.101087 -0.959266 0.2638 -0.0976841 -0.880714 0.463466 -0.0856638 -0.624949 0.775951 0.0574765 -0.368268 0.927941 0.374669 0.82186 0.42915 0.348683 0.910086 -0.223971 0.460045 0.852459 -0.24834 0.117879 0.652355 -0.74869 0.248801 0.205023 -0.946606 0.591592 -0.579078 -0.56097 0.815866 -0.363651 -0.449579 0.284227 -0.813002 -0.508176 0.163379 -0.985972 0.0341677 0.079559 -0.899675 0.429249 0.0478523 -0.908133 0.415939 0.235418 -0.570019 0.787183 0.21349 -0.566204 0.796137 0.13165 -0.118127 0.984233 0.139244 0.238048 0.96122 -0.172739 0.391013 0.90403 0.143453 0.576967 0.804071 -0.0411137 0.781512 0.622534 -0.00745647 0.954139 0.299272 -0.0316163 0.999453 -0.0096671 0.0377668 0.866218 -0.498237 -0.0276041 0.72858 -0.684405 -0.133215 0.474792 -0.869958 0.137793 0.163864 -0.976812 0.0206541 -0.184113 -0.982688 -0.000961505 -0.167062 -0.985946 -0.000354834 -0.362901 -0.931828 -0.139787 -0.964977 -0.221988 -0.0261558 -0.991375 0.128422 -0.0900415 -0.783678 0.614607 -0.0394561 -0.385107 0.922028 0.000786253 -0.0598894 0.998205 -0.707219 0.706995 0 -0.707219 0.706995 0 -0.626496 0.424192 0.653883 -0.138113 -0.469498 -0.872065 -0.141555 -0.513763 -0.846174 -0.340569 -0.559912 -0.755322 -0.129115 -0.665317 -0.735311 -0.130763 -0.822042 -0.554209 -0.515637 -0.791174 -0.328879 -0.245604 -0.862493 -0.442476 -0.994018 -0.102118 -0.0387284 -0.156262 -0.986701 -0.0447638 -0.1495 -0.985263 -0.0831101 -0.424049 0.899127 0.10841 -0.543514 -0.805743 0.235309 -0.44655 -0.845943 0.291503 -0.716413 -0.46184 -0.52293 -0.911756 0.0313446 0.409535 -0.676916 -0.479125 0.55877 -0.547228 -0.580308 0.603145 -0.171809 0.437159 0.882821 -0.426668 0.475411 0.769376 -0.237778 0.587603 0.773424 -0.23877 0.770596 0.590906 -0.370128 0.763547 0.529152 -0.0243118 0.932474 0.360417 -0.125598 0.950109 0.285515 -0.964603 0.259006 0.0495673 -0.706282 0.706058 0.051453 0.718338 -0.419117 -0.555275 0.357833 -0.466998 -0.808621 0.00293278 -0.909438 -0.415829 0.206723 -0.935733 -0.285779 0.989603 -0.143189 -0.0135425 0.365201 -0.589796 0.720257 -0.642162 0.641958 -0.418949 -0.250553 0.950847 -0.181968 -0.415229 -0.802878 0.427752 -0.138139 0.896925 -0.420052 -0.138004 0.897745 -0.418341 -0.140685 -0.900793 0.410827 -0.397437 0.753889 -0.523159 -0.996587 0.0602008 -0.0564893 -0.13448 0.521927 -0.842323 -0.965808 -0.136849 -0.220199 -0.223615 -0.596124 -0.771124 -0.253551 -0.4469 -0.8579 -0.974014 -0.167172 -0.152807 -0.994136 -0.0895501 -0.0606166 -0.994137 -0.0895432 -0.06061 -0.974019 -0.203966 -0.0984133 -0.250808 -0.963272 -0.095931 -0.247897 -0.953376 -0.172111 -0.265223 -0.950204 -0.16361 -0.997118 -0.0757365 0.00438668 -0.21916 -0.932304 0.287711 -0.8482 0.298914 -0.437272 -0.352021 -0.677821 0.645477 -0.322144 -0.796271 0.512032 -0.228712 -0.836687 0.49764 -0.995342 -0.0732947 0.0626206 -0.125161 -0.592683 0.795652 -0.707219 0.706995 0 -0.707219 0.706995 0 -0.707215 0 0.706998 -0.707215 0 0.706998 -0.322782 -0.889768 0.322683 0.143594 0.58353 0.799296 -0.863274 0.504709 0.00519377 0.610642 0.791646 -0.0203241 0.197358 0.673462 -0.71239 0.996059 0.0129557 -0.0877393 -0.707024 4.47236e-05 -0.70719 -0.000640145 0.000112729 1 0 0 1 0.212723 0.532735 0.81911 -0.0708587 0.98394 0.163831 0 1 0 -0.000115506 1 -1.1718e-05 0 0.989982 -0.141196 -0.150587 0.871445 -0.466806 0 0.000161003 -1 -0.000619586 6.32413e-05 -1 0 1 0 0 1 0 0.529621 -0.236646 0.814555 0.695034 -0.268099 0.667121 0.507002 -0.503258 0.699772 0.612735 -0.442551 0.654756 0.635978 -0.601335 0.483661 0.536791 -0.678349 0.501695 0.690392 -0.656768 0.303338 0.465916 -0.84604 0.259111 0.729854 -0.676918 0.0953713 0.453753 -0.890324 -0.0378194 0.734415 -0.661166 -0.153278 0.228005 -0.869404 -0.438349 0.606845 -0.6743 -0.420783 0.609088 -0.498775 -0.616632 0.276602 -0.544316 -0.791967 0.658807 -0.258661 -0.706447 0.287386 -0.125394 -0.949571 0.519756 0.0731635 -0.851176 0.658501 0.354907 -0.663639 0.606339 0.387821 -0.694225 0.609733 0.587665 -0.531861 0.572035 0.615709 -0.541921 0.710036 0.602253 -0.364885 0.453664 0.826907 -0.332285 0.687543 0.705105 -0.173526 0.490557 0.871408 0.00158706 0.657748 0.752559 -0.0319678 0.624202 0.748358 0.224346 0.606383 0.760315 0.232856 0.606047 0.617865 0.500949 0.754105 0.528026 0.390531 0.432782 0.504834 0.746889 0.804495 0.23579 0.545152 0.105031 0.173798 0.979164 0.786951 -0.0345797 0.616045 1 0 0 1 0 0 1 0 0 1 0 0 1 0 0 0.999968 0.00232543 0.00770249 1 0.000889467 -0.000447006 0.999978 -0.00334722 -0.00569521 1 0 0 1 0 0 1 0 0 1 0 0 1 0 0 1 0 0 1 0 0 1 0 0 1 0 0 1 0 0 1 0 0 1 0 0 1 0 0 1 0 0 1 0 0 1 0 0 1 0 0 1 0 0 1 0 0 1 0 0 1 0 0 1 0 0 1 0 0 1 0 0 1 0 0 1 0 0 1 0 0 1 0 0 1 0 0 1 0 0 1 0 0 1 0 0 1 0 0 1 0 0 1 0 0 1 0 0 1 0 0 1 0 0 1 0 0 1 0 0 1 0 0 1 0 0 1 0 0 1 0 0 1 0 0 1 0 0 1 0 0 1 0 0 1 0 0 1 0 0 1 0 0 1 0 0 1 0 0 1 0 0 1 0 0 1 0 0 1 0 0 1 0 0 1 0 0 1 0 0 1 0 0 1 0 0 1 0 0 0.999997 -0.0017918 -0.00176855 0.999998 0.00179376 -0.000547897 1 0 0 1 0 0 1 0 0 1 0 0 1 0 0 0.661138 -0.284622 0.694181 0.572144 -0.337827 0.747345 0.73746 -0.409871 0.536804 0.475632 -0.608653 0.635072 0.658086 -0.672281 0.339058 0.657637 -0.672683 0.339134 0.621045 -0.778523 0.0905818 0.657726 -0.747154 0.0956909 0.629433 -0.76522 -0.135101 0.536832 -0.824757 -0.177729 0.700242 -0.647592 -0.300476 0.484033 -0.745121 -0.458811 0.732372 -0.513373 -0.447302 0.375884 -0.554591 -0.742388 0.788766 -0.294973 -0.539295 0.707947 -0.120357 -0.695935 0.234026 -0.069546 -0.96974 0.766624 0.137981 -0.627096 0.471272 0.29385 -0.831598 0.645486 0.408907 -0.645092 0.209766 0.67654 -0.705898 0.651471 0.582049 -0.486626 0.587132 0.752939 -0.297251 0.606407 0.737815 -0.296478 0.609042 0.792394 -0.0343425 0.606407 0.794438 -0.0337485 0.608886 0.758207 0.233193 0.61271 0.755666 0.231419 0.63644 0.616978 0.462906 0.267123 0.723394 0.636668 0.694062 0.427125 0.579519 0.506843 0.332038 0.795526 0.52648 0.331284 0.782988 0.81261 0.0286963 0.5821 0.473146 -0.0734583 0.877916 0.707153 0.707061 0 0.707153 0.707061 0 0.705824 -0.208695 0.676948 0.861916 -0.184517 0.472286 0.666776 -0.397204 0.630586 0.776319 -0.421737 0.468473 0.713768 -0.456892 0.530834 0.769431 -0.541666 0.338486 0.745487 -0.561465 0.359176 0.726432 -0.659397 0.193629 0.745585 -0.640818 0.182909 0.728124 -0.685422 0.00557839 0.765403 -0.643498 -0.00833605 0.657869 -0.74204 -0.128784 0.813187 -0.555315 -0.174222 0.610145 -0.714713 -0.341919 0.832768 -0.458464 -0.310335 0.623749 -0.566725 -0.538293 0.821583 -0.360565 -0.441582 0.642714 -0.386452 -0.661493 0.84945 -0.191682 -0.491622 0.54456 -0.197785 -0.815068 0.762696 0.0168527 -0.646538 0.797257 0.0258574 -0.603086 0.681117 0.157784 -0.714971 0.832717 0.181467 -0.523118 0.647313 0.356533 -0.673699 0.813189 0.340493 -0.472005 0.619469 0.542465 -0.567442 0.813228 0.461584 -0.354402 0.619619 0.68238 -0.387854 0.813233 0.54385 -0.207076 0.64986 0.738173 -0.18106 0.751024 0.656982 -0.0658657 0.704544 0.704452 -0.0858195 0.5984 -0.456288 0.658574 0.396339 -0.569042 0.72049 0.712668 -0.610233 0.346007 0.597432 -0.716525 0.360093 0.488172 -0.871668 0.0433898 0.710655 -0.703541 0.000747412 0.17334 -0.980228 -0.095429 0.736791 -0.619612 -0.270594 0.496975 -0.734579 -0.461962 0.684324 -0.439534 -0.581817 0.576416 -0.458005 -0.676739 0.704897 0.704805 0.0798197 0.726036 0.682609 0.0831601 0.770627 0.590717 0.239136 0.721353 0.647241 0.246432 0.719629 0.551008 0.422522 0.851499 0.391581 0.348732 0.647561 0.460983 0.606762 0.771091 0.287274 0.568235 0.745544 0.307417 0.591319 0.72634 0.132882 0.674368 0.870061 0.0589196 0.489411 0.630581 -0.0658254 0.773327 0.757342 -0.178258 0.628217 0.748078 -0.178868 0.639051 0.771008 -0.328917 0.545307 0.85142 -0.301305 0.4293 0.722302 -0.45017 0.525002 0.719438 -0.575864 0.388316 0.713717 -0.580045 0.392626 0.768355 -0.611035 0.190437 0.765348 -0.614102 0.192668 0.644624 -0.757991 0.099547 0.874339 -0.484448 -0.0290047 0.719034 -0.68692 -0.105508 0.768493 -0.582807 -0.264111 0.765402 -0.586688 -0.264495 0.648197 -0.631384 -0.42567 0.801053 -0.452144 -0.392275 0.647555 -0.511263 -0.56505 0.771127 -0.334832 -0.541526 0.745479 -0.356963 -0.562884 0.72799 -0.199444 -0.655936 0.669659 -0.228907 -0.706512 0.707153 0.707061 0 0.707153 0.707061 0 0.708609 0.000194468 -0.705601 0.707065 0 -0.707149 -0.518443 0.604663 -0.604649 0.661124 0.661202 -0.354578 0.707065 0.707149 0 0.707065 0.707149 0 0.656206 0.656283 0.372406 0.254888 0.540275 0.801957 0.707044 0 0.70717 0.707064 -2.55986e-06 0.70715 0 1 0 0 1 0 -0.0102678 -0.999947 0.0010623 -0.00554021 -0.999985 0.000200908 0 0.997355 0.0726809 0.0633064 0.99182 0.110839 0.0762421 0.168921 0.982676 0.0328634 0.183151 0.982535 -0.0287112 -0.0699009 0.997141 -0.000448075 -0.0828436 0.996562 -0.00107444 -0.263427 0.964679 0.02598 -0.275299 0.961008 -0.0293312 -0.493901 0.869024 0.0906243 -0.83152 0.548052 0.0624545 -0.990966 0.118681 0.082741 -0.98502 -0.151295 0.0455356 -0.29158 -0.955462 0.0378395 -0.294034 0.955046 -0.0985759 -0.340654 0.935007 0.0282221 -0.517347 0.85531 0.0624993 -0.680305 0.73026 0.0590894 -0.957812 0.281257 0.0411151 -0.999059 0.0138313 0.0661364 -0.898672 -0.433607 0.0756209 -0.896485 -0.436572 -0.0564814 -0.826796 -0.559659 0.046059 -0.737324 -0.673967 0.0856915 -0.72383 -0.684636 0.0671233 -0.501207 -0.86272 -0.0545463 -0.384901 -0.921345 0.0538602 -0.227726 -0.972234 0.0314697 -0.2357 -0.971316 -0.0334052 0.0299204 -0.998994 -0.0527059 0.0230306 -0.998344 0.0709991 0.216811 -0.973628 -0.0742989 0.295901 -0.952325 0.0409829 0.459268 -0.887352 0.0590953 0.689812 -0.721573 0.0589986 0.867866 -0.493282 0.0410489 0.9693 -0.242429 0 0.997564 -0.0697624 0.132662 -0.954082 0.268567 -0.110299 -0.856225 0.504691 0.237476 -0.564967 0.790201 -0.204034 0.353658 -0.912851 -0.0729259 0.416435 -0.906236 -0.0749854 0.669444 -0.739068 -0.421687 0.744369 -0.517778 -0.3429 0.755252 -0.558582 -0.00945736 0.94751 -0.319588 -0.13488 0.985282 -0.105013 -0.311904 0.949981 -0.0158816 -0.140998 0.605465 0.783283 -0.240659 0.55994 0.792812 -0.23467 -0.729434 0.642539 -0.292932 -0.713764 -0.636186 -0.669527 -0.424113 -0.609806 -0.549844 -0.510919 -0.660783 1 0 0 1 0 0 1 0 0 1 0 0 1 0 0 1 0 0 1 0 0 1 0 0 1 0 0 1 1.63872e-05 0.000180253 1 -0.000525315 -1.34864e-05 0.999995 -0.00243732 -0.00193067 1 1.06272e-05 -0.000236251 1 -0.000269639 0.000195406 1 4.64929e-05 4.24526e-05 -0.999998 -0.0015961 0.00140596 0.999999 0.000817136 -0.000657411 1 0 0 1 0 0 1 0 0 1 0 0 1 0 0 1 0 0 1 0 0 1 0 0 1 0 0 1 0 0 1 0 0 1 0.000646025 0.00032234 1 -0.000321854 -0.000270815 1 0 0 1 0 0 1 0 0 1 0 0 1 0 0 1 0 0 0.999999 0.0013712 -0.00083034 1 -0.000423087 9.56907e-05 1 -4.9545e-05 0.000140913 1 0 0 1 0 0 1 0 0 1 0 0 1 0 0 1 0 0 1 0 0 1 0 0 1 0 0 1 0 0 1 0 0 1 0 0 1 0 0 1 0 0 1 0 0 1 0 0 1 0 0 1 0 0 1 0 0 1 0 0 1 0 0 1 0 0 0.139028 0.0497757 -0.989037 0.147453 0.965909 0.212786 -0.12243 0.859515 0.49623 0.0802423 0.789319 0.608717 0.143528 0.325401 0.93462 -0.114563 0.168525 0.979017 0.100929 -0.163163 0.981423 0.0302602 -0.190091 0.9813 -0.0764206 -0.467146 0.880872 0.117196 -0.596463 0.794039 0.0421168 -0.846948 0.530005 -0.0866623 -0.952954 0.290462 0.0922212 -0.971038 0.22041 0.181123 -0.978219 -0.101398 -0.118567 -0.962341 -0.244627 0.0741922 -0.894151 -0.441576 -0.0753479 -0.323695 -0.943157 -0.0456546 -0.0471119 -0.997846 -0.0597612 0.703298 -0.708379 -0.148846 0.917554 -0.368698 0.11612 0.986031 -0.119411 -0.0749226 0.996292 0.0423036 -0.168565 0.883584 0.43688 -0.0794927 0.643033 0.761702 -0.333485 0.149336 0.930853 -0.272595 -0.472547 0.838088 -0.323365 -0.478765 0.816222 0.0242249 -0.751019 0.659837 -0.232784 -0.855885 0.461815 -0.277662 -0.951938 -0.129299 -0.312409 -0.942741 -0.116789 -0.202249 -0.727157 -0.656002 -0.16389 0.104392 -0.98094 0.0993643 0.208959 -0.972863 -0.0322646 0.556938 -0.829927 0.0862444 0.519069 -0.85037 0.104779 0.798975 -0.592166 -0.170388 0.91742 -0.359594 0.12258 0.970075 0.20959 0.0241138 0.847203 0.530721 -0.029517 0.628161 0.777523 0.0257377 0.354455 0.934719 -0.278979 0.130669 0.951365 0.0937352 -0.178679 0.979432 -0.0461119 -0.915422 0.399845 0.0845119 -0.98044 0.177751 0.0738173 -0.911457 -0.404719 -0.0489337 -0.789331 -0.612015 0.104395 -0.575706 -0.810965 -0.12297 -0.3658 -0.922534 0.138574 -0.235106 -0.962041 0.707219 0.706995 0 0.707219 0.706995 0 0.0728348 -0.247788 0.966073 0.973174 -0.0839887 0.214194 0.137246 -0.468717 0.872621 0.139978 -0.466892 0.873166 0.157563 0.442834 -0.882651 0.439278 -0.680704 0.586239 0.2456 -0.699263 0.671351 0.995059 -0.0795262 0.0594403 0.129968 -0.931372 0.340081 0.130963 -0.970421 0.202808 0.986206 -0.165416 0.00592755 0.179091 -0.975105 -0.130754 0.171131 -0.975763 -0.136387 0.306837 -0.900786 -0.307305 0.210132 -0.936592 -0.28043 0.992641 -0.10998 -0.0506753 0.129928 -0.778085 -0.614574 0.130936 -0.681673 -0.719846 0.976193 -0.127931 -0.175158 0.12206 0.39494 -0.910562 0.989114 0.077349 -0.125183 0.974014 0.132506 -0.183683 0.250766 0.801389 -0.54304 0.242201 0.694426 -0.677577 0.184757 -0.69461 0.695257 0.362658 0.765967 -0.530823 0.0307133 0.934037 -0.355854 0.125586 0.95011 -0.285515 0.964603 0.259007 -0.0495673 0.706282 0.706058 -0.051453 0.0241346 -0.535018 0.844496 -0.136668 -0.613996 0.777387 -0.249006 -0.923501 0.291792 -0.992367 -0.122574 0.0135829 -0.349467 -0.691904 -0.631777 0.642161 0.641957 0.418951 0.159067 0.97926 0.125492 0.987267 0.153736 0.0408565 0.137283 0.897405 0.419307 0.0308115 0.872769 0.48716 0.125625 0.829211 0.544636 0.496469 -0.735074 -0.46172 0.245559 0.709356 0.660693 0.994321 0.0690762 0.0809647 0.965804 -0.136859 0.22021 0.223616 -0.596126 0.771123 0.253556 -0.44688 0.857909 0.974022 -0.167151 0.152782 0.184718 0.632532 -0.752185 0.656551 -0.647359 0.387126 0.463824 -0.799118 0.382462 0.299074 -0.940333 0.162263 0.471555 -0.879065 0.0698659 0.998033 -0.0619892 -0.0093729 0.342569 -0.8491 -0.402089 0.427661 -0.845341 -0.320163 0.291622 0.911215 0.290934 0.551419 -0.558337 -0.619836 0.356341 -0.671191 -0.650018 0.707219 0.706995 0 0.707219 0.706995 0 0.707601 1.50748e-05 -0.706613 0.707001 0 -0.707212 -0.655051 -0.0234636 0.755221 -0.154015 0.632803 -0.758841 -0.360617 0.932526 -0.0187431 0.707214 0.707 0 -0.61065 0.79164 0.0203238 -0.125301 0.68431 0.718345 -0.995979 0.013086 0.0886213 0.707193 -4.48113e-05 0.707021 0.000293359 7.03339e-05 -1 0 2.1334e-05 -1 -0.0428655 0.64964 -0.759033 -0.047837 0.994675 -0.0912861 8.92711e-05 1 -1.19039e-05 0.000212875 1 0 -0.0499068 0.989776 0.133612 0.00958016 0.769251 0.638875 0 8.18756e-05 1 0.000159198 5.62932e-05 1 0 1 0 0 1 0 -0.755909 -0.156208 -0.635768 -0.657354 -0.210252 -0.723657 -0.622028 -0.445445 -0.643942 -0.654528 -0.423371 -0.626379 -0.590776 -0.645471 -0.484099 -0.246529 -0.825255 -0.508112 -0.650712 -0.688227 -0.320808 -0.586482 -0.804197 -0.0964682 -0.612787 -0.783845 -0.100392 -0.636274 -0.757909 0.14398 -0.572159 -0.801738 0.172771 -0.71011 -0.651419 0.267202 -0.453745 -0.758815 0.467243 -0.718349 -0.522624 0.459171 -0.257992 -0.547257 0.79621 -0.612416 -0.384675 0.690632 -0.481663 -0.154112 0.8627 -0.0857882 -0.116507 0.989478 -0.65601 0.0871068 0.749708 -0.514656 0.317043 0.796626 -0.658406 0.250762 0.709662 -0.624615 0.488259 0.609474 -0.612673 0.496503 0.614912 -0.636328 0.653738 0.409527 -0.612776 0.672918 0.414352 -0.636379 0.752369 0.170182 -0.606375 0.777332 0.167527 -0.610324 0.787903 -0.0819395 -0.207812 0.956212 -0.206089 -0.6522 0.695112 -0.302415 -0.624671 0.629607 -0.461933 -0.612661 0.635423 -0.469983 -0.636406 0.427391 -0.642124 -0.658487 0.421447 -0.62352 -0.616166 0.166035 -0.769917 -0.419008 0.158692 -0.894007 -1 0 0 -1 0 0 -1 0 0 -1 0 0 -1 0 0 -1 0 0 -1 0 0 -1 0 0 -1 0 0 -1 0 0 -1 0 0 -1 0 0 -1 0 0 -1 0 0 -1 0 0 -1 0 0 -1 0 0 -1 0 0 -1 0 0 -1 0 0 -1 0 0 -1 0 0 -1 0 0 -1 0 0 -1 0 0 -1 0 0 -1 0 0 -1 0 0 -1 0 0 -1 0 0 -1 0 0 -1 0 0 -1 0 0 -1 0 0 -1 0 0 -1 0 0 -1 0 0 -1 0 0 -1 0 0 -1 0 0 -1 0 0 -1 0 0 -1 0 0 -1 0 0 -1 0 0 -1 0 0 -1 0 0 -1 0 0 -1 0 0 -1 0 0 -1 0 0 -1 0 0 -1 0 0 -1 0 0 -1 0 0 -1 0 0 -1 0 0 -1 0 0 -1 0 0 -1 0 0 -1 0 0 -1 0 0 -1 0 0 -1 0 0 -1 0 0 -1 0 0 -1 0 0 -1 0 0 -1 0 0 -1 0 0 -1 0 0 -1 0 0 -1 0 0 -0.646171 -0.23295 -0.726772 -0.210017 -0.476816 -0.853545 -0.614264 -0.449266 -0.648722 -0.633917 -0.569843 -0.522903 -0.437537 -0.722954 -0.534695 -0.726835 -0.622635 -0.28989 -0.484685 -0.836347 -0.256133 -0.743937 -0.663376 -0.0805617 -0.314568 -0.944455 0.0951373 -0.77572 -0.612644 0.151414 -0.79248 -0.523846 0.312347 -0.548901 -0.666382 0.504622 -0.740999 -0.39608 0.542256 -0.654971 -0.424998 0.624812 -0.767009 -0.104229 0.633114 -0.324724 -0.0676545 0.943386 -0.699543 0.226463 0.677757 -0.654533 0.251873 0.712844 -0.595159 0.490643 0.63644 -0.233308 0.672833 0.702042 -0.708176 0.565381 0.422885 -0.288982 0.915371 0.28033 -0.656196 0.735215 0.169899 -0.595193 0.799168 -0.0841196 -0.536801 0.836873 -0.107186 -0.686919 0.688618 -0.232266 -0.453666 0.795759 -0.401192 -0.687575 0.596087 -0.414634 -0.507986 0.578264 -0.638405 -0.233116 0.610901 -0.756609 -0.723386 0.281791 -0.630323 -0.466038 0.222966 -0.856209 -0.77823 0.0290343 -0.627308 -0.471959 -0.0747918 -0.878442 -0.707174 0.70704 0 -0.707174 0.70704 0 -0.706549 -0.208613 -0.676217 -0.750018 -0.203863 -0.629215 -0.771054 -0.342953 -0.536524 -0.765395 -0.344663 -0.543487 -0.657861 -0.498896 -0.564201 -0.858706 -0.410481 -0.306806 -0.72194 -0.58337 -0.372131 -0.720558 -0.665215 -0.195668 -0.874686 -0.474513 -0.0988019 -0.676786 -0.736173 0.00317712 -0.685462 -0.720377 0.105827 -0.721858 -0.683371 0.109203 -0.720619 -0.627356 0.295183 -0.745611 -0.600173 0.289579 -0.725181 -0.506558 0.466381 -0.863351 -0.346711 0.366629 -0.642756 -0.386441 0.661459 -0.832793 -0.21235 0.511237 -0.642002 -0.180769 0.745088 -0.849445 -0.042564 0.525958 -0.544438 0.0444104 0.837624 -0.762623 0.201662 0.614604 -0.797323 0.197804 0.570218 -0.67093 0.367995 0.643765 -0.874343 0.311787 0.371904 -0.718954 0.493894 0.489054 -0.76944 0.560911 0.305519 -0.855777 0.467353 0.22187 -0.699612 0.694073 0.169721 -0.809309 0.584064 0.0623499 -0.702858 0.702724 0.110317 -0.592369 -0.468043 -0.65577 -0.42645 -0.560625 -0.709817 -0.643282 -0.677955 -0.355761 -0.0370469 -0.943425 -0.329511 -0.712861 -0.701305 -0.000876349 -0.70717 -0.707043 0 -0.704671 -0.704544 0.0840031 -0.509625 -0.839929 0.18655 -0.614016 -0.651944 0.44492 -0.696559 -0.607377 0.381967 -0.49251 -0.456059 0.741245 -0.611577 -0.443448 0.655231 -0.704918 0.704784 -0.0798186 -0.726047 0.682599 -0.0831573 -0.769459 0.594463 -0.233553 -0.862967 0.457877 -0.213629 -0.619437 0.626246 -0.473406 -0.858716 0.329226 -0.392706 -0.714755 0.407026 -0.568731 -0.769276 0.203774 -0.605549 -0.744627 0.218757 -0.630615 -0.770229 0.038019 -0.636634 -0.82659 0.0117768 -0.562682 -0.567921 -0.108353 -0.81592 -0.775758 -0.247947 -0.580278 -0.744572 -0.256041 -0.616487 -0.771665 -0.412573 -0.484062 -0.721961 -0.437628 -0.535961 -0.720056 -0.575406 -0.38785 -0.863319 -0.437375 -0.251762 -0.666275 -0.710729 -0.225704 -0.771 -0.629951 -0.0933884 -0.74559 -0.658056 -0.105156 -0.72545 -0.682118 0.0918544 -0.721973 -0.685852 0.0914411 -0.720103 -0.63199 0.286427 -0.713687 -0.638571 0.287886 -0.769391 -0.478058 0.423672 -0.745561 -0.503385 0.436739 -0.726521 -0.372357 0.577509 -0.745498 -0.356959 0.562862 -0.728082 -0.199833 0.655716 -0.673037 -0.227964 0.703601 -0.707174 0.70704 0 -0.707174 0.70704 0 -0.708833 0.000219982 0.705376 -0.707086 0 0.707127 0.485324 0.67293 0.558234 0.0335479 0.706701 0.706717 -0.707174 0.707039 -8.41651e-06 -0.707297 0.706917 0 0.424699 0.588682 -0.687811 0.033883 0.706709 -0.706692 -0.707507 0 -0.706706 -0.707111 4.97333e-05 -0.707103 0 1 0 0 1 0 0.00968641 -0.999951 -0.00215407 0 -1 -0.000124994 0.137981 -0.813919 0.564356 0 -0.989393 0.145267 0 0.997355 -0.0726809 -0.0633093 0.99182 -0.110841 -0.0590631 0.796326 -0.601977 -0.0661738 0.583762 -0.809224 -0.0927981 0.574241 -0.81341 -0.0621065 0.314922 -0.947083 0.0694992 0.169025 -0.983158 -0.0691447 0.0622258 -0.995664 0.050548 -0.0698218 -0.996278 -0.0466336 -0.132911 -0.99003 0.069633 -0.262808 -0.962332 -0.107663 -0.390639 -0.914226 0.0773938 -0.486046 -0.8705 -0.0483839 -0.634244 -0.771618 -0.0906048 -0.831532 -0.548037 -0.0636819 -0.989567 0.129239 -0.0905585 -0.902768 0.420488 -0.0591275 -0.540943 0.838978 -0.0458912 -0.291211 0.955557 -0.00239218 -0.275049 -0.961427 -0.0520332 -0.29386 -0.954431 0.0534133 -0.406566 -0.912059 -0.0282321 -0.51736 -0.855302 -0.0637069 -0.839238 -0.540019 -0.0737983 -0.960519 -0.268249 0.116794 -0.990939 -0.0663266 -0.0659819 -0.736512 0.673199 -0.0927642 -0.727997 0.679276 -0.0671077 -0.501215 0.862716 0.0545642 -0.384921 0.921335 -0.0538769 -0.227674 0.972246 -0.0314611 -0.235658 0.971327 0.0286493 0.0101687 0.999538 -0.0646271 0.0528344 0.99651 0.0696736 0.204862 0.976308 -0.0695926 0.308451 0.948691 0.0505487 0.433205 0.899877 -0.0633034 0.494116 0.867088 -0.0827974 0.70814 0.7012 -0.0411102 0.9693 0.24242 0 0.99756 0.0698102 -0.114749 -0.965162 -0.235149 0.021861 -0.875871 -0.482051 -0.0170179 -0.600585 -0.799379 3.94639e-08 -0.0848244 0.996396 3.94409e-08 -0.0848244 0.996396 3.08657e-08 -0.252022 0.967722 3.10022e-08 -0.252022 0.967722 2.16349e-08 -0.411815 0.911267 2.16349e-08 -0.411815 0.911267 1.16281e-08 -0.560031 0.828472 1.16281e-08 -0.560031 0.828472 1.30125e-09 -0.691927 0.721967 1.30125e-09 -0.691927 0.721967 -9.07018e-09 -0.804008 0.594619 -1.08116e-08 -0.804008 0.594618 -2.11118e-08 -0.892928 0.450199 1.04596e-07 -0.89291 0.450234 1.03805e-07 -0.956159 0.292847 -3.08062e-08 -0.956172 0.292806 -3.96137e-08 -0.991903 0.126997 -3.96137e-08 -0.991903 0.126997 -4.72803e-08 -0.999099 -0.0424326 9.33763e-08 -0.999101 -0.042388 8.40327e-08 -0.977554 -0.210684 8.40328e-08 -0.977554 -0.210684 7.22772e-08 -0.9279 -0.372829 -5.83547e-08 -0.927885 -0.372867 -6.14425e-08 -0.8515 -0.524355 -5.95983e-08 -0.8515 -0.524354 -6.11356e-08 -0.750699 -0.660645 4.29259e-08 -0.75072 -0.66062 2.61604e-08 -0.628179 -0.778069 -6.09147e-08 -0.628157 -0.778086 -5.89427e-08 -0.487717 -0.873002 9.19281e-09 -0.487736 -0.872991 -8.72813e-09 -0.333197 -0.942857 -5.54553e-08 -0.333183 -0.942862 -5.01043e-08 -0.168942 -0.985626 -5.01043e-08 -0.168942 -0.985626 -4.51374e-08 -0.0423863 -0.999101 -4.51259e-08 -0.0423863 -0.999101 -4.14309e-08 0.0423854 -0.999101 -4.32956e-08 0.0423866 -0.999101 -4.27632e-08 0.168947 -0.985625 -4.23745e-08 0.168946 -0.985625 -4.02104e-08 0.333206 -0.942854 -2.62281e-08 0.333202 -0.942856 -1.64267e-08 0.487698 -0.873012 -1.64267e-08 0.487698 -0.873012 -6.15275e-09 0.628178 -0.778069 -9.42496e-08 0.6282 -0.778052 -1.00971e-07 0.75072 -0.66062 3.90088e-09 0.750699 -0.660645 1.4171e-08 0.8515 -0.524355 1.4171e-08 0.8515 -0.524355 2.40419e-08 0.927885 -0.372866 2.40419e-08 0.927885 -0.372866 3.32187e-08 0.977554 -0.210684 -1.03343e-07 0.977563 -0.210642 -9.81323e-08 0.999099 -0.0424326 4.14382e-08 0.999097 -0.0424768 4.84677e-08 0.991903 0.126997 4.84677e-08 0.991903 0.126997 5.41024e-08 0.956172 0.292807 5.41024e-08 0.956172 0.292807 5.81814e-08 0.89291 0.450234 -1.8935e-07 0.892875 0.450304 -1.62311e-07 0.804008 0.594618 -1.62311e-07 0.804008 0.594618 -1.30584e-07 0.691949 0.721946 -3.50464e-08 0.691971 0.721925 -1.77809e-08 0.55999 0.828499 6.04491e-08 0.560011 0.828485 5.75362e-08 0.411848 0.911253 5.74246e-08 0.411848 0.911253 5.29037e-08 0.252007 0.967726 4.1915e-08 0.252003 0.967726 4.31597e-08 0.084826 0.996396 4.68586e-08 0.0848271 0.996396 1 0 0 1 0 0 1 0 0 1 0 0 1 0 0 1 0 0 1 0 0 1 0 0 1 0 0 1 0 0 1 0 0 1 0 0 1 0 0 1 0 0 1 0 0 1 0 0 1 0 0 1 0 0 1 0 0 1 0 0 1 0 0 1 0 0 1 0 0 1 0 0 1 0 0 1 0 0 1 0 0 1 0 0 1 0 0 1 0 0 1 0 0 1 0 0 1 0 0 1 0 0 1 0 0 1 0 0 1 0 0 1 0 0 1 0 0 1 0 0 1 0 0 1 0 0 1 0 0 1 0 0 1 0 0 1 0 0 1 0 0 1 0 0 1 0 0 1 0 0 1 0 0 1 0 0 1 0 0 1 0 0 1 0 0 1 0 0 1 0 0 1 0 0 1 0 0 1 0 0 1 0 0 1 0 0 1 0 0 1 0 0 1 0 0 1 0 0 1 0 0 1 0 0 1 0 0 1 0 0 1 0 0 1 0 0 1 0 0 1 0 0 1 0 0 1 0 0 4.5135e-08 0.0424089 0.9991 4.14298e-08 -0.04241 0.9991 4.3208e-08 -0.0424091 0.9991 4.23857e-08 -0.16897 0.985621 3.53072e-08 -0.168968 0.985622 2.63196e-08 -0.33318 0.942863 2.61878e-08 -0.33318 0.942863 1.64251e-08 -0.487722 0.872999 1.66784e-08 -0.487722 0.872999 6.49273e-09 -0.62818 0.778068 6.39124e-09 -0.62818 0.778068 -3.89842e-09 -0.750672 0.660675 -3.89701e-09 -0.750672 0.660675 -1.41719e-08 -0.851507 0.524343 1.03815e-07 -0.851523 0.524317 1.04577e-07 -0.927895 0.372842 1.02565e-07 -0.927895 0.372842 1.00168e-07 -0.977558 0.210665 1.02251e-07 -0.977558 0.210664 9.7051e-08 -0.999099 0.0424515 9.27102e-08 -0.999099 0.0424526 8.47258e-08 -0.991896 -0.127049 -5.06263e-08 -0.991901 -0.127015 -5.61729e-08 -0.956176 -0.292792 7.84813e-08 -0.956166 -0.292825 6.55912e-08 -0.892919 -0.450218 -5.8141e-08 -0.892933 -0.45019 -6.0585e-08 -0.803987 -0.594647 -6.0482e-08 -0.803987 -0.594647 -6.12462e-08 -0.691962 -0.721934 -6.12585e-08 -0.691962 -0.721934 -6.01455e-08 -0.559985 -0.828503 -6.04808e-08 -0.559985 -0.828503 -5.75356e-08 -0.411824 -0.911264 -5.95456e-08 -0.411824 -0.911263 -5.50694e-08 -0.252053 -0.967713 -4.38815e-08 -0.252051 -0.967714 -4.52795e-08 -0.084722 -0.996405 -4.90239e-08 -0.0847229 -0.996405 -4.16265e-08 0.0847279 -0.996404 -4.15832e-08 0.0847279 -0.996404 -3.29614e-08 0.252027 -0.96772 -3.31224e-08 0.252027 -0.96772 -2.36064e-08 0.41185 -0.911252 -1.3577e-07 0.411824 -0.911263 -1.66873e-07 0.559968 -0.828514 -8.85388e-08 0.559985 -0.828503 -9.64646e-08 0.691945 -0.721951 1.55874e-10 0.691962 -0.721934 1.08094e-08 0.803987 -0.594647 1.07558e-08 0.803987 -0.594647 2.11145e-08 0.892949 -0.450158 2.10434e-08 0.892949 -0.450158 3.0805e-08 0.956166 -0.292827 3.08625e-08 0.956166 -0.292827 3.96129e-08 0.991901 -0.127014 3.95969e-08 0.991901 -0.127014 4.72796e-08 0.9991 0.0424153 4.72904e-08 0.9991 0.0424153 5.3589e-08 0.977551 0.210698 -2.19545e-07 0.977566 0.210631 -2.00892e-07 0.927882 0.372875 -1.98891e-07 0.927881 0.372876 -1.74632e-07 0.851541 0.524288 -5.47135e-08 0.851525 0.524314 -3.96696e-08 0.750689 0.660656 6.28199e-08 0.750672 0.660675 6.22751e-08 0.628146 0.778096 -1.13172e-07 0.62818 0.778068 -7.62764e-08 0.487752 0.872983 5.89201e-08 0.487722 0.872999 5.52745e-08 0.333169 0.942867 5.54134e-08 0.333169 0.942867 5.01053e-08 0.16897 0.985621 5.01166e-08 0.16897 0.985621 4.51383e-08 0.0424089 0.9991 -1 0 0 -1 0 0 -1 0 0 -1 0 0 -1 0 0 -1 0 0 -1 0 0 -1 0 0 -1 0 0 -1 0 0 -1 0 0 -1 0 0 -1 0 0 -1 0 0 -1 0 0 -1 0 0 -1 0 0 -1 0 0 -1 0 0 -1 0 0 -1 0 0 -1 0 0 -1 0 0 -1 0 0 -1 0 0 -1 0 0 -1 0 0 -1 0 0 -1 0 0 -1 0 0 -1 0 0 -1 0 0 -1 0 0 -1 0 0 -1 0 0 -1 0 0 -1 0 0 -1 0 0 -1 0 0 -1 0 0 -1 0 0 -1 0 0 -1 0 0 -1 0 0 -1 0 0 -1 0 0 -1 0 0 -1 0 0 -1 0 0 -1 0 0 -1 0 0 -1 0 0 -1 0 0 -1 0 0 -1 0 0 -1 0 0 -1 0 0 -1 0 0 -1 0 0 -1 0 0 -1 0 0 -1 0 0 -1 0 0 -1 0 0 -1 0 0 -1 0 0 -1 0 0 -1 0 0 -1 0 0 -1 0 0 -1 0 0 -1 0 0 -1 0 0 -1 0 0 -1 0 0 -1 0 0 3.94638e-08 -0.0848258 0.996396 3.94408e-08 -0.0848258 0.996396 3.08658e-08 -0.25202 0.967722 3.10023e-08 -0.25202 0.967722 2.1635e-08 -0.411814 0.911268 2.1635e-08 -0.411814 0.911268 1.1628e-08 -0.560033 0.82847 1.1628e-08 -0.560033 0.82847 1.30355e-09 -0.6919 0.721993 1.30355e-09 -0.6919 0.721993 -9.07206e-09 -0.804026 0.594594 -1.08135e-08 -0.804027 0.594593 -2.11118e-08 -0.892928 0.450199 1.04596e-07 -0.89291 0.450234 1.03806e-07 -0.956155 0.292861 -3.08053e-08 -0.956167 0.292821 -3.9614e-08 -0.991904 0.126991 -3.9614e-08 -0.991904 0.126991 -4.72804e-08 -0.999099 -0.0424347 9.33762e-08 -0.999101 -0.0423902 8.40334e-08 -0.977556 -0.210674 8.40334e-08 -0.977556 -0.210674 7.2277e-08 -0.927899 -0.372831 -5.83548e-08 -0.927884 -0.372869 -6.14425e-08 -0.851502 -0.524351 -5.95982e-08 -0.851502 -0.524351 -6.11356e-08 -0.750695 -0.660649 4.29254e-08 -0.750717 -0.660624 2.6161e-08 -0.628184 -0.778065 -6.09147e-08 -0.628162 -0.778082 -5.89427e-08 -0.487719 -0.873001 9.19306e-09 -0.487738 -0.87299 -8.73345e-09 -0.33315 -0.942874 -5.54539e-08 -0.333136 -0.942879 -5.01058e-08 -0.168985 -0.985619 -5.01058e-08 -0.168985 -0.985619 -4.5138e-08 -0.0424 -0.999101 -4.51265e-08 -0.0424 -0.999101 -4.14302e-08 0.0423993 -0.999101 -4.32037e-08 0.0424004 -0.999101 -4.23969e-08 0.168989 -0.985618 -4.27858e-08 0.168989 -0.985618 -4.1023e-08 0.333158 -0.942871 -2.6231e-08 0.333154 -0.942873 -1.64265e-08 0.4877 -0.873011 -1.64265e-08 0.4877 -0.873011 -6.15236e-09 0.628183 -0.778066 -9.425e-08 0.628205 -0.778048 -1.00971e-07 0.750717 -0.660624 3.90054e-09 0.750695 -0.660649 1.41713e-08 0.851502 -0.524351 1.41713e-08 0.851502 -0.524351 2.40418e-08 0.927884 -0.372869 -1.05582e-07 0.927899 -0.372831 -1.03344e-07 0.977556 -0.210674 -1.03344e-07 0.977556 -0.210674 -9.81323e-08 0.999099 -0.0424347 4.14381e-08 0.999097 -0.0424789 4.84675e-08 0.991904 0.126991 4.84675e-08 0.991904 0.126991 5.41028e-08 0.956167 0.292821 5.41028e-08 0.956167 0.292821 5.81814e-08 0.89291 0.450234 -1.8935e-07 0.892875 0.450304 -1.62316e-07 0.804027 0.594593 -1.62316e-07 0.804027 0.594593 -1.30576e-07 0.691922 0.721972 -3.50426e-08 0.691944 0.721951 -1.77811e-08 0.559992 0.828498 6.04492e-08 0.560013 0.828484 5.75361e-08 0.411847 0.911253 5.74246e-08 0.411847 0.911253 5.29037e-08 0.252005 0.967726 4.19151e-08 0.252002 0.967727 4.31597e-08 0.0848275 0.996396 4.68587e-08 0.0848286 0.996396 1 0 0 1 0 0 1 0 0 1 0 0 1 0 0 1 0 0 1 0 0 1 0 0 1 0 0 1 0 0 1 0 0 1 0 0 1 0 0 1 0 0 1 0 0 1 0 0 1 0 0 1 0 0 1 0 0 1 0 0 1 0 0 1 0 0 1 0 0 1 0 0 1 0 0 1 0 0 1 0 0 1 0 0 1 0 0 1 0 0 1 0 0 1 0 0 1 0 0 1 0 0 1 0 0 1 0 0 1 0 0 1 0 0 1 0 0 1 0 0 1 0 0 1 0 0 1 0 0 1 0 0 1 0 0 1 0 0 1 0 0 1 0 0 1 0 0 1 0 0 1 0 0 1 0 0 1 0 0 1 0 0 1 0 0 1 0 0 1 0 0 1 0 0 1 0 0 1 0 0 1 0 0 1 0 0 1 0 0 1 0 0 1 0 0 1 0 0 1 0 0 1 0 0 1 0 0 1 0 0 1 0 0 1 0 0 1 0 0 1 0 0 1 0 0 1 0 0 4.7286e-08 0.0424944 0.999097 4.35898e-08 -0.0424956 0.999097 4.54661e-08 -0.0424947 0.999097 4.49095e-08 -0.168927 0.985629 3.74898e-08 -0.168925 0.985629 2.83595e-08 -0.333218 0.94285 2.61874e-08 -0.333217 0.94285 1.64272e-08 -0.487691 0.873016 1.66788e-08 -0.487691 0.873016 6.49273e-09 -0.62818 0.778068 6.39124e-09 -0.62818 0.778068 -3.9001e-09 -0.75069 0.660654 -3.89689e-09 -0.75069 0.660655 -1.41719e-08 -0.851507 0.524343 1.03815e-07 -0.851523 0.524317 1.04577e-07 -0.927889 0.372856 1.02569e-07 -0.927889 0.372857 1.00168e-07 -0.977558 0.210665 1.02251e-07 -0.977558 0.210665 9.7051e-08 -0.999099 0.0424515 9.27102e-08 -0.999099 0.0424526 8.47265e-08 -0.991898 -0.127035 8.69008e-08 -0.991898 -0.127036 7.63657e-08 -0.956167 -0.292822 7.84901e-08 -0.956167 -0.292822 6.55912e-08 -0.892919 -0.450218 -5.8141e-08 -0.892933 -0.45019 -6.0585e-08 -0.803988 -0.594646 -6.04819e-08 -0.803988 -0.594646 -6.12462e-08 -0.691962 -0.721934 -6.12586e-08 -0.691962 -0.721934 -6.01455e-08 -0.559985 -0.828503 -6.04808e-08 -0.559985 -0.828503 -5.75357e-08 -0.411829 -0.911261 -5.7519e-08 -0.411829 -0.911261 -5.29733e-08 -0.252048 -0.967715 -4.24006e-08 -0.252045 -0.967716 -4.33219e-08 -0.0848333 -0.996395 -4.68412e-08 -0.0848342 -0.996395 -3.94632e-08 0.0848391 -0.996395 -3.94393e-08 0.0848392 -0.996395 -3.08657e-08 0.252022 -0.967721 -3.10182e-08 0.252022 -0.967722 -2.16324e-08 0.411855 -0.911249 -1.3577e-07 0.411829 -0.911261 -1.66873e-07 0.559968 -0.828514 -8.85388e-08 0.559985 -0.828503 -9.64646e-08 0.691944 -0.721951 1.55874e-10 0.691962 -0.721934 1.08095e-08 0.803988 -0.594646 1.09117e-08 0.803988 -0.594646 2.11145e-08 0.892949 -0.450158 2.10434e-08 0.892949 -0.450158 3.08033e-08 0.956156 -0.292856 3.07877e-08 0.956156 -0.292856 3.96136e-08 0.991903 -0.127001 3.95927e-08 0.991903 -0.127001 4.72796e-08 0.9991 0.0424153 4.72904e-08 0.9991 0.0424153 5.3589e-08 0.977551 0.210699 -2.19467e-07 0.977566 0.210631 -2.0089e-07 0.927876 0.372889 -1.98899e-07 0.927876 0.37289 -1.74636e-07 0.851556 0.524263 6.14163e-08 0.851525 0.524314 6.27615e-08 0.75069 0.660655 6.2662e-08 0.75069 0.660655 6.22751e-08 0.628146 0.778096 -1.13172e-07 0.62818 0.778068 -7.62684e-08 0.487721 0.873 5.90771e-08 0.487691 0.873017 5.52755e-08 0.333207 0.942854 5.75169e-08 0.333206 0.942854 5.22385e-08 0.168928 0.985628 5.22214e-08 0.168928 0.985628 4.73058e-08 0.0424944 0.999097 -1 0 0 -1 0 0 -1 0 0 -1 0 0 -1 0 0 -1 0 0 -1 0 0 -1 0 0 -1 0 0 -1 0 0 -1 0 0 -1 0 0 -1 0 0 -1 0 0 -1 0 0 -1 0 0 -1 0 0 -1 0 0 -1 0 0 -1 0 0 -1 0 0 -1 0 0 -1 0 0 -1 0 0 -1 0 0 -1 0 0 -1 0 0 -1 0 0 -1 0 0 -1 0 0 -1 0 0 -1 0 0 -1 0 0 -1 0 0 -1 0 0 -1 0 0 -1 0 0 -1 0 0 -1 0 0 -1 0 0 -1 0 0 -1 0 0 -1 0 0 -1 0 0 -1 0 0 -1 0 0 -1 0 0 -1 0 0 -1 0 0 -1 0 0 -1 0 0 -1 0 0 -1 0 0 -1 0 0 -1 0 0 -1 0 0 -1 0 0 -1 0 0 -1 0 0 -1 0 0 -1 0 0 -1 0 0 -1 0 0 -1 0 0 -1 0 0 -1 0 0 -1 0 0 -1 0 0 -1 0 0 -1 0 0 -1 0 0 -1 0 0 -1 0 0 -1 0 0 -1 0 0 -1 0 0 -0.0613409 0.848947 -0.524906 0.0662719 0.657459 -0.75057 -0.042362 0.34671 -0.937015 0.0500908 -0.0586733 -0.99702 -0.019989 -0.302199 -0.953035 0.0393179 -0.529781 -0.847223 -0.028138 -0.829997 -0.557058 -0.0122846 -0.851918 -0.52353 0.0584869 -0.996117 -0.0658039 -0.0262273 -0.410343 -0.911554 0.018945 -0.512637 -0.858396 0.0101836 -0.840561 -0.541621 -0.0159224 -0.867865 -0.496545 0.0034541 -0.98038 0.197087 0.0102645 -0.978297 0.206953 0.0310834 -0.610929 0.791075 -0.0426786 -0.494509 0.868124 -0.0468873 -0.410094 -0.910838 0.0373097 -0.618563 -0.784849 -0.0197702 -0.867805 -0.496511 0.0295992 -0.925925 -0.376546 0.0176603 -0.980232 0.197063 -0.00282595 -0.986353 0.164617 0.0715472 -0.668808 0.739984 -0.0427213 -0.494466 0.868147 -1 0 0 -1 0 0 -1 0 0 -1 0 0 -1 0 0 -1 0 0 -1 0 0 -1 0 0 -1 0 0 -1 0 0 -1 0 0 -1 0 0 -1 0 0 -1 0 0 -1 0 0 -1 0 0 -1 0 0 -1 0 0 -1 0 0 -1 0 0 -1 0 0 -1 0 0 -1 0 0 -1 0 0 -1 -0.000107894 0.000850947 -1 -0.000145265 0.000106765 -1 -0.000438105 -0.000283715 -1 0 0 -1 0 0 -1 0 0 -1 0 0 -1 1.37906e-05 0.000232873 -1 0.000513608 -0.000376203 -1 0 0 -1 0 0 -1 0 0 -1 0 0 -1 0 0 -1 0 0 -1 0 0 -1 0 0 -1 0 0 -1 0 0 -1 0 0 -1 0 0 -1 0 0 -1 0 0 -1 0 0 -1 0 0 -1 0 0 -1 0 0 -1 0 0 -1 0 0 -1 0 0 -1 0 0 -1 0 0 -1 0 0 -1 0 0 -1 0 0 -1 0 0 -1 0 0 -0.999998 0.000438208 -0.00216002 -0.999998 0.00145344 0.0016472 -1 0 0 -1 0 0 -0.999998 -0.000392391 0.00203925 -1 0 0 -1 0 0 -1 0 0 -1 0 0 -1 0 0 -1 0 0 -1 0 0 -1 0 0 -1 0 0 -1 0 0 -1 0 0 -1 0 0 -1.73269e-07 0 -1 -2.86561e-08 0 -1 -4.70069e-08 -2.98199e-07 -1 -1.30712e-07 0 -1 0 -1.76556e-07 -1 0.000729968 -0.000102412 -1 -0.00576243 0.000395417 -0.999983 0 0 -1 -7.75126e-07 2.34845e-07 -1 -1.73269e-07 0 -1 -1.73269e-07 0 -1 0 3.21145e-07 -1 -1.30712e-07 0 -1 -1.51318e-07 -2.07874e-08 -1 -1.20468e-07 -3.53655e-08 -1 -0.000175397 -5.1491e-05 -1 -2.86561e-08 -1 0 -2.86561e-08 -1 0 -2.86561e-08 -1 0 -2.86561e-08 -1 0 -0.00691293 -0.999694 -0.0237392 0.0050224 -0.93234 -0.361547 0.000310267 -0.900462 -0.434935 -0.00211122 -0.577302 -0.816528 0.00501173 -0.471834 -0.881673 -0.00404464 -0.13734 -0.990516 0.0036019 0.15955 -0.987183 -0.00398218 0.315482 -0.948923 0.00689379 0.665423 -0.746435 -0.006758 0.853902 -0.520389 0.00552516 0.979839 -0.199714 -0.00573895 0.999175 0.0402084 0.00467003 0.871335 0.490666 0.000111574 0.838575 0.544786 -0.0024895 0.378565 0.925571 0.00577814 0.263691 0.96459 -0.0056165 -0.178504 0.983923 0.00692807 -0.428393 0.903566 -0.00798776 -0.758603 0.651505 0.00889816 -0.912986 0.407894 0.00249413 -0.739528 -0.673121 0.0033822 -0.745648 -0.666331 -0.00605307 -0.213163 -0.976998 0.00603817 -0.0400858 -0.999178 -0.00254176 0.505922 -0.862575 -0.0015063 0.494288 -0.869297 0.00136251 0.876544 -0.48132 0.00167488 0.874307 -0.485371 -0.00433391 0.999933 -0.0107302 0.00483147 0.988841 0.148898 -0.00400745 0.877415 0.479716 0.00360646 0.698806 0.715303 -0.00108144 0.624421 0.781087 0.00136162 0.204663 0.978831 -0.00169989 0.159632 0.987175 0.00156374 -0.379101 0.925354 -0.00430558 -0.471786 0.881702 0.00473417 -0.747601 0.664132 -0.00472186 -0.894978 0.446085 0.00504797 -0.996753 0.0803663 -0.00200108 -0.999714 -0.0238413 0.00419351 -0.857894 -0.513809 -0.00419694 -0.796747 -0.604298 0.00575301 -0.31595 -0.948759 -0.00489635 -0.161514 -0.986858 0.00339226 0.350315 -0.936626 0.000337674 0.39276 -0.919641 -0.00222054 0.806869 -0.590727 0.00612915 0.874686 -0.48465 -0.00816948 0.999938 0.00753421 0.00808653 0.948945 0.315339 -0.00350225 0.85486 0.518847 -0.000802749 0.533089 0.846059 0.00477688 0.447905 0.894069 -0.00232871 0.195698 0.980661 0.00216646 -0.105735 0.994392 0.000439772 -0.142033 0.989862 -0.00175122 -0.491918 0.87064 0.00425244 -0.59957 0.800311 -0.00483536 -0.84029 0.542115 0.0070311 -0.968836 0.247605 -0.00530465 -0.999449 0.032778 0 1 0 0 1 0 0 1 0 0 -1 0 0 -1 0 0 -1 0 1 0 0 1 0 0 1 0 0 1 0 0 1 0 0 1 0 0 1 0 0 1 0 0 1 0 0 1 0 0 1 0 0 1 0 0 1 0 0 1 0 0 1 0 0 1 0 0 1 0 0 1 0 0 1 0 0 1 0 0 0 -1 0 -1.30712e-07 -1 0 0 -1 0 0 -1 0 0 -1 0 -1.73269e-07 -1 0 -1.73269e-07 -1 0 0 -1 -4.65674e-07 0 -1 0 -1.30712e-07 -1 8.16925e-08 -1.73269e-07 -1 0 -1.73269e-07 -1 0 -1.73269e-07 -1 0 -1.73269e-07 -1 0 0 0 1 1.30712e-07 0 1 0 4.13919e-07 1 2.86561e-08 0 1 0 -3.54796e-07 1 1.30712e-07 0 1 4.70069e-08 2.98199e-07 1 0 0 1 0 0 1 -4.84321e-05 -1.29949e-05 1 0 0 1 1.87616e-07 4.72456e-08 1 3.51583e-05 -6.71748e-05 1 -0.000122857 4.3832e-05 1 1.60676e-05 2.33699e-05 1 1.88444e-07 -5.71887e-08 1 1 0 0 1 0 0 -1 0 0 1 0 0 -1 0 0 -1 0 0 1 0 0 -1 0 0 -1 0 0 -1 0 0 1 0 0 1 0 0 1 0 0 1 0 0 1 0 0 1 0 0 -1 0 0 -1 0 0 1 0 0 1 0 0 1 0 0 1 0 0 -1 0 0 -1 0 0 -1 0 0 -1 0 0 1 0 0 1 0 0 1 0 0 1 0 0 -1 0 0 -1 0 0 1 0 0 1 0 0 1 0 0 1 0 0 1 0 0 1 0 0 1 0 0 1 0 0 1 0 0 1 0 0 1 0 0 1 0 0 1 0 0 1 0 0 1 0 0 -1 0 0 -1 0 0 1 0 0 1 0 0 1 0 0 1 0 0 -1 0 0 -1 0 0 -1 0 0 1 0 0 -1 0 0 -1 0 0 1 0 0 1 0 0 -1 0 0 1 0 0 1 0 0 1 0 0 1 0 0 1 0 0 1 0 0 -1 0 0 1 0 0 1 0 0 1 0 0 1 0 0 1 0 0 1 0 0 1 0 0 -1 0 0 1 0 0 -1 0 0 1 0 0 1 0 0 1 0 0 1 0 0 1 0 0 1 0 0 -1 0 0 1 0 0 1 0 0 1 0 0 1 0 0 1 0 0 1 0 0 1 0 0 1 0 0 1 0 0 1 0 0 1 0 0 -0.0446518 -0.996315 -0.0732262 0.042215 -0.907845 -0.417176 -0.0255027 -0.875979 -0.481676 0.0255828 -0.518455 -0.854722 -0.0125234 -0.483554 -0.875225 0.0108514 -0.116646 -0.993114 -0.00315764 -0.0987011 -0.995112 -0.0412708 0.199199 -0.97909 0.0843919 0.40353 -0.911066 -0.080151 0.587336 -0.805365 0.0612423 0.910533 -0.408875 -0.0223177 0.940562 -0.338888 0.0200057 0.988817 0.147788 0.000664217 0.985737 0.16829 -0.0528387 0.827321 0.559238 0.0033302 0.79132 0.611394 -0.0426702 0.523842 0.850746 0.039183 0.392379 0.918969 -0.0500017 0.210416 0.976332 0.023657 -0.133123 0.990817 0.0296565 -0.126952 0.991465 -0.0698917 -0.449098 0.890745 0.0530946 -0.703927 0.708285 0.0296135 -0.721655 0.691619 -0.0536638 -0.885199 0.462106 0.00877505 -0.980385 0.196894 0.0533613 -0.989226 0.136326 1 0 0 1 0 0 1 0 0 1 0 0 1 0 0 1 0 0 1 0 0 1 0 0 1 0 0 0.00216589 -0.942081 -0.335379 -0.00385271 -0.913045 -0.407841 0.00443901 -0.589677 -0.807627 -0.00617658 -0.428423 -0.903557 0.00615661 0.0182707 -0.999814 -0.00445078 0.204593 -0.978837 0.0029596 0.62078 -0.783979 -0.00294767 0.698842 -0.71527 0.00445226 0.944942 -0.327208 -0.00616034 0.989419 -0.144955 0.00692187 0.941376 0.337289 -0.00575841 0.8609 0.508741 0.00465419 0.396539 0.918006 0.00296802 0.378668 0.925528 -0.00560904 -0.178527 0.983919 0.00799569 -0.400859 0.916105 -0.00472071 -0.695215 0.718786 0.00504972 -0.913049 0.407818 -0.00200497 -0.950584 0.310462 -0.000776569 -0.994992 -0.0999511 0.0065835 -0.966574 -0.256304 -0.00488955 -0.876169 -0.481979 0.00466678 -0.473079 -0.881008 0.00296289 -0.455729 -0.890114 -0.00560902 0.0943257 -0.995526 0.00799712 0.321612 -0.946838 -0.00472725 0.631862 -0.775066 0.00431534 0.860906 -0.508745 0.0020573 0.880317 -0.474382 -0.00280523 0.981736 -0.190227 0.00156452 0.991244 0.132033 0.00259401 0.989433 0.144967 -0.000186334 0.698876 0.715243 -0.00150586 0.686532 0.727098 0.00135921 0.204641 0.978836 0.000338733 0.189674 0.981847 -0.00224069 -0.342204 0.939623 0.00413229 -0.428391 0.903584 -0.00322599 -0.806748 0.590887 0.00526417 -0.900917 0.433959 -0.00243819 -0.971572 0.236734 0.00495142 -0.979558 -0.201101 -0.00271105 -0.915472 -0.402374 0.00299238 -0.697386 -0.71669 7.31199e-05 -0.665798 -0.746132 -0.00247682 -0.133101 -0.991099 0.00578493 -0.0122068 -0.999909 -0.00561562 0.420588 -0.907234 0.00828849 0.664138 -0.747564 -0.00828556 0.884556 -0.46636 0.00893398 0.999627 -0.0257911 -0.00575867 0.981191 0.192953 0.00372738 0.720255 0.6937 -0.00339348 0.642358 0.766397 0.00445134 0.20469 0.978817 -0.00787286 -0.0122075 0.999894 0.00828984 -0.428444 0.903531 -0.00828217 -0.718844 0.695122 0.00692315 -0.900877 0.43402 -0.00585886 -0.995832 0.0910147 0 0 1 0 0 1 0.00561286 -0.999445 -0.0328434 -0.00253953 -0.840299 -0.542118 -0.003847 -0.830974 -0.556298 0.00444124 -0.44464 -0.895699 -0.00266218 -0.328907 -0.944359 -0.000454448 0.120496 -0.992714 0.000445101 0.133574 -0.991039 0.00265958 0.556234 -0.831022 -0.00265855 0.631812 -0.775117 -0.000451192 0.908421 -0.418056 0.00223756 0.924192 -0.381922 -0.000342229 0.989023 0.14776 -0.00135474 0.98667 0.162727 0.00122627 0.791384 0.611319 -0.00467318 0.723665 0.690135 0.00764773 0.340317 0.94028 -0.00935122 0.0468504 0.998858 0.00683105 -0.375141 0.926943 -0.00596668 -0.61389 0.789369 0.00586057 -0.831855 0.554962 -0.00799004 -0.980032 0.19868 -1 0 0 -1 0 0 -1 0 0 -1 0 0 -1 0 0 -1 0 0 -1 0 0 -1 0 0 -1 0 0 -1 0 0 -1 0 0 -1 0 0 -1 0 0 -1 0 0 -1 0 0 -1 0 0 -1 0 0 -1 0 0 -1 0 0 -1 0 0 -1 0 0 -1 0 0 -1 0 0 -1 0 0 -1 0 0 -1 0 0 -1 0 0 -1 0 0 -1 0 0 -1 0 0 -1 0 0 -1 0 0 -1 0 0 -1 0 0 0.0209455 0.813719 -0.580881 -0.0167987 0.774796 -0.631988 0.00184284 0.187877 -0.982191 0.0609174 0.0803323 -0.994905 -0.071469 -0.453862 -0.888201 0.0626404 -0.801142 -0.595187 -0.0160667 -0.896255 -0.443249 -1 0 0 -1 0 0 -1 0 0 -1 0 0 -1 0 0 -1 0 0 -1 0 0 -1 0 0 -1 0 0 -1 0 0 -1 0 0 -1 0 0 -1 0 0 -1 0 0 -1 0 0 -1 0 0 -1 0 0 -1 0 0 -0.0978485 0.839043 -0.535193 0.0679661 0.62025 -0.781454 -0.0471375 0.0138191 -0.998793 -0.00197623 -0.0666909 -0.997772 0.0167828 -0.67863 -0.734289 -0.0153297 -0.723609 -0.69004 0.00306541 -0.986646 -0.162848 -0.01875 -0.978358 -0.206066 0.0312183 -0.960979 0.274854 -0.0573286 -0.869406 0.490762 0.0573675 -0.527253 0.84777 -0.0410977 -0.290171 0.956092 0.0610223 0.325406 0.943603 -0.00446738 0.234332 0.972146 0.0169748 0.846985 0.531345 -0.0460909 0.911847 0.407935 0.076072 0.997013 -0.0133351 -1 0 0 -1 0 0 -1 0 0 -1 0 0 -1 0 0 -1 0 0 -1 0 0 -1 0 0 -1 0 0 -1 0 0 -1 0 0 -1 0 0 -1 0 0 -1 0 0 -1 0 0 -1 0 0 -1 0 0 0.0149806 0.879939 -0.474849 -0.0297156 0.825649 -0.563402 0.0405826 0.529485 -0.847348 -0.0715786 0.0926105 -0.993126 0.0189342 -0.0666829 -0.997595 0.0374052 -0.678268 -0.733862 -0.0652759 -0.808819 -0.584423 0.0305097 -0.978075 -0.206006 -0.0278353 -0.989048 0.144946 -0.00136855 -0.976509 0.215473 0.0161555 -0.702085 0.71191 -0.00258351 -0.678706 0.734406 -0.0302853 -0.0666637 0.997316 0.0794621 0.152854 0.985049 -0.0717378 0.596666 0.799277 0.0513116 0.86834 0.493307 -0.0323893 0.989761 0.139009 -0.00204775 0.998221 0.059588 -1 0 0 -1 0 0 -1 0 0 -1 0 0 -1 0 0 -1 0 0 -1 0 0 -1 0 0 -1 0 0 -1 0 0 -1 0 0 -1 0 0 -1 0 0 -1 0 0 -1 0 0 -1 0 0 -1 0 0 -1 0 0 -1 0 0 -1 0 0 -1 0 0 -1 0 0 -1 0 0 -1 0 0 -1 0 0 -1 0 0 -1 0 0 -1 0 0 -1 0 0 -1 0 0 -1 0 0 -1 0 0 -1 0 0 -1 0 0 -1 0 0 -1 0 0 -1 0 0 -1 0 0 -1 0 0 -1 0 0 -1 0 0 -1 0 0 -1 0 0 -1 0 0 -1 0 0 -1 0 0 -1 0 0 -1 0 0 -0.026239 -0.41028 -0.911582 0.0734722 -0.62638 -0.776048 -0.0646906 -0.866165 -0.495554 0.0496962 -0.979174 0.196844 -0.0729976 -0.996306 0.0452201 0.0557682 -0.835884 0.546066 -0.0165105 -0.497303 0.86742 -0.0180875 -0.4949 0.868762 -1 0 0 -1 0 0 -1 0 0 -1 0 0 -1 0 0 -1 0 0 -1 0 0 -1 0 0 0 1 0 0 1 0 0 1 0 8.00739e-08 1 -1.36356e-07 0 1 0 1.0188e-07 1 -1.09469e-07 9.63765e-08 1 -5.04079e-08 5.34826e-08 1 -1.37568e-08 8.81932e-08 1 -1.69805e-08 1.64461e-07 1 -6.31654e-07 1.17462e-07 1 -2.46001e-07 0 1 0 0 1 0 7.93851e-08 1 -2.24758e-07 8.12158e-08 1 -7.70594e-08 1.08201e-07 1 6.30887e-07 9.52045e-08 1 2.69546e-07 5.24611e-08 1 1.51883e-08 4.21472e-08 1 3.01709e-08 6.17343e-08 1 2.04136e-08 5.46016e-08 1 3.91744e-08 0 1 0 0 1 0 0 1 0 2.12514e-08 1 -6.24549e-08 3.36475e-08 1 -4.3011e-08 6.33187e-08 1 0 6.42533e-08 1 -1.27511e-09 3.1882e-08 1 4.57331e-08 9.41835e-08 1 -1.56831e-08 9.49812e-08 1 -3.82245e-08 9.27016e-08 1 5.90572e-09 9.4404e-08 1 -5.82115e-08 9.05651e-08 1 3.47704e-08 0 1 0 7.97411e-08 1 -8.70299e-08 4.9017e-08 1 -1.61334e-08 2.95283e-09 1 -9.21042e-08 4.37421e-08 1 -2.78115e-08 9.02109e-08 1 7.70607e-08 9.14997e-08 1 1.50034e-07 8.56934e-08 1 7.59308e-09 7.64391e-07 1 -8.99745e-06 8.85105e-08 1 -4.81994e-08 7.23359e-09 1 8.51448e-08 1.96433e-08 1 6.50462e-08 4.5986e-08 1 6.26787e-08 4.9017e-08 1 5.41971e-08 0 1 0 0 1 0 0 1 0 0 1 0 -4.29841e-08 0 -1 -4.29841e-08 0 -1 4.29841e-08 0 1 4.29841e-08 0 1 0 -1 0 -4.12439e-08 -1 1.58723e-08 0 -1 0 0 -1 0 0 -1 0 0 -1 0 -4.64201e-07 -1 -1.39023e-06 -3.30487e-08 -1 -5.05676e-08 -3.94533e-08 -1 -3.00713e-08 -4.4009e-08 -1 1.69394e-08 -3.86676e-08 -1 3.29971e-08 -3.52868e-08 -1 5.78021e-08 -2.95082e-08 -1 6.27107e-08 -4.06412e-08 -1 1.9725e-08 -5.6925e-08 -1 -1.01889e-07 -6.67064e-08 -1 -2.55472e-07 -5.40081e-08 -1 -1.13078e-07 -4.72728e-08 -1 -1.20682e-08 -4.80357e-08 -1 -2.65805e-08 -4.61555e-08 -1 -1.94427e-09 -4.91447e-08 -1 -5.27961e-08 -1.77878e-08 -1 -1.05361e-07 -2.70263e-08 -1 -7.16169e-08 -4.83638e-07 -1 1.50557e-06 0 -1 0 -4.49373e-08 -1 -1.27382e-08 -6.87199e-08 -1 -1.94562e-07 -5.20697e-08 -1 -6.17108e-08 -4.87851e-08 -1 -3.10997e-08 -4.53186e-08 -1 -1.33155e-08 -5.05466e-08 -1 0 -5.02655e-08 -1 6.67127e-10 -3.85282e-08 -1 3.28891e-08 -3.13306e-08 -1 8.87043e-08 -4.29841e-08 -1 -5.01293e-09 2.88813e-08 -1 -2.81409e-07 -3.79039e-08 -1 3.83959e-08 -3.39494e-08 -1 6.8055e-08 -2.86557e-08 -1 1.10059e-07 -1.72368e-08 -1 2.0289e-07 -4.29841e-08 -1 -9.28658e-09 -1.1079e-08 -1 -1.30408e-07 -2.37074e-08 -1 -8.35587e-08 -3.17814e-08 -1 5.48597e-08 -2.00487e-08 -1 9.68429e-08 -1.44975e-08 -1 1.1743e-07 2.16274e-08 -1 2.54571e-07 -4.25088e-08 -1 8.25075e-09 -4.26395e-08 -1 6.34597e-09 2.86647e-08 -1 2.80577e-07 -4.31903e-08 -1 4.2199e-09 -4.3422e-08 -1 1.15815e-09 0.101635 0.00133045 0.994821 -0.0320436 -0.000948392 0.999486 -0.202724 0.00112305 0.979235 -0.322129 -0.00156189 0.946695 -0.501278 0.00160697 0.865285 -0.616156 -0.00160275 0.787622 -0.760572 0.00162212 0.649251 -0.843873 -0.0016172 0.53654 -0.933253 0.00158817 0.359216 -0.968475 -0.00108769 0.24911 -0.999803 0.000776065 0.0198411 -0.999911 0.00101041 0.0132709 -0.960554 0.000500401 -0.278095 -0.959443 0.000648358 -0.281904 -0.813133 -0.000522104 -0.582078 -0.795318 0.000545672 -0.606192 -0.571881 -0.00053681 -0.820336 -0.547078 0.000532448 -0.837081 -0.289095 -0.000464077 -0.9573 -0.272949 0 -0.962029 -0.0846514 0 -0.996411 -0.0846514 0 -0.996411 0.0846514 0 -0.996411 0.0846514 0 -0.996411 0.251966 0 -0.967736 0.251966 0 -0.967736 0.430885 0 -0.902407 0.446391 0.000476979 -0.894838 0.681276 -0.000513044 -0.732026 0.702532 0.000537608 -0.711652 0.886115 -0.000544687 -0.463465 0.899639 0.000526859 -0.436635 0.986418 -0.000476647 -0.164255 0.989106 8.12131e-09 -0.147207 0.997977 -3.50755e-09 0.0635779 0.999114 -0.000594717 0.042087 0.968924 0.00108111 0.247356 0.93356 -0.00161171 0.358419 0.843233 0.00162255 0.537546 0.760349 -0.00160473 0.649512 0.644879 0.00102155 0.764284 0.520672 -0.000746359 0.853757 0.487738 0 0.87299 0.33304 0 0.942913 0.33304 0 0.942913 0.169039 0 0.985609 0.166471 -0.000439405 0.986046 -0.102095 0.00105527 0.994774 -0.136017 0 0.990707 -0.333039 0 0.942913 -0.333039 0 0.942913 -0.506383 0 0.862309 -0.521056 0.000472942 0.853523 -0.725426 -0.00044031 0.6883 -0.760679 0.00101453 0.649127 -0.851188 -0.000762679 0.524861 -0.927693 0.00060828 0.373343 -0.933275 0.00102931 0.359161 -0.981964 -0.00102175 0.189065 -0.999643 0.0016059 0.0266625 -0.996097 -0.00105799 -0.0882617 -0.949439 0.000793914 -0.31395 -0.962093 -0.000743995 -0.272721 -0.874975 0.00110455 -0.484167 -0.812512 -0.00159634 -0.582943 -0.681341 0.0016075 -0.731965 -0.591544 -0.00108536 -0.806272 -0.41139 0.00059716 -0.911459 -0.430982 0 -0.90236 -0.231246 0 -0.972895 -0.25264 -0.000608877 -0.96756 -0.0846514 0.000771241 -0.99641 0.0696758 -0.00100984 -0.997569 0.122526 0.000457024 -0.992465 0.39764 -0.000546015 -0.917541 0.425765 0.000555494 -0.904834 0.681366 -0.000513464 -0.731943 0.702617 0.000537197 -0.711568 0.886114 -0.000544682 -0.463467 0.88297 -0.000785051 -0.469429 0.96659 0.00106193 -0.256326 0.986395 -0.0011115 -0.164391 0.997974 0.000732905 0.0636209 0.999761 -0.000759142 0.0218627 0.968888 0.00108242 0.247497 0.933558 -0.0016058 0.358423 0.843292 0.00162862 0.537453 0.760258 -0.00160373 0.649619 0.616671 0.00160516 0.787219 0.501072 -0.00161687 0.865404 0.353069 0.00102995 0.935597 0.18569 -0.000982919 0.982608 7.75212e-05 0.707133 0.707081 6.76952e-08 0.707102 0.707112 6.64777e-08 0.707102 0.707112 0.707112 0.707102 0 0.707121 0.707092 -2.32671e-05 0.707121 0.707092 2.32729e-05 0.707112 0.707102 0 -9.90593e-13 0.707096 -0.707117 0 0.707096 -0.707117 8.33165e-05 0.70713 -0.707083 0.707194 0 0.70702 0.707194 0 0.70702 0.707109 0.000177339 -0.707104 0.707109 1.11874e-06 -0.707104 0.70708 0 -0.707133 -1.84855e-07 -0.707111 -0.707102 -1.84297e-07 -0.707111 -0.707102 0.577319 -0.577369 -0.577362 0.707076 -0.707138 0 0.707076 -0.707138 0 -3.07565e-11 -0.707224 0.706989 0 -0.707224 0.706989 0.57732 -0.577462 0.577269 0.707205 2.24747e-05 0.707009 0.707138 0 0.707076 0.707076 0.707138 0 0.707076 0.707138 0 0.707075 0 0.707138 0.707075 0 0.707138 0.707076 -0.707138 0 0.707076 -0.707138 0 0.707194 0 0.70702 0.707194 0 0.70702 0.707194 8.78731e-06 0.70702 -0.0800828 -0.520787 0.849922 -0.169683 -0.365568 0.915187 -0.0521925 -0.220482 0.973994 -0.142715 0.0507529 0.988462 -0.145977 0.0531937 0.987857 -0.096933 0.364962 0.925963 -0.15258 0.418692 0.895218 -0.108987 0.65815 0.744957 0.0514403 0.756728 0.651704 -0.360172 0.0532123 0.931367 -0.236155 -0.684858 0.689348 -0.217573 -0.786472 0.578035 -0.451261 0.326745 0.830422 -0.508013 -0.0957488 0.856011 -0.426694 -0.402106 0.810088 -0.546875 -0.324432 0.771798 -0.307727 -0.833087 0.459641 -0.297797 0.875492 0.380566 -0.506455 0.602423 0.616919 -0.601122 0.416171 0.682243 -0.595409 0.387061 0.704039 -0.686963 0.179887 0.704076 -0.617723 -0.0489122 0.784873 -0.497239 0.743883 0.446532 -0.791084 -0.233097 0.565555 -0.64309 -0.426119 0.636285 -0.887103 0.0503024 0.458822 -0.823046 -0.213027 0.526512 -0.639083 -0.648948 0.412843 -0.832487 0.38938 0.394143 -0.916958 0.111679 0.383035 -0.680816 0.704484 0.20048 -0.82886 0.504789 0.241204 -0.899854 -0.401768 0.169837 -0.721724 -0.638505 0.267257 -0.283834 -0.93522 0.211664 -0.202498 0.978365 0.0423801 -0.284313 0.946891 0.150212 -0.594187 0.803698 -0.031785 -0.949081 0.306292 -0.0736953 -0.982552 0.0781844 0.168757 -0.995419 -0.0762729 0.0576547 -0.873351 -0.428846 0.230973 -0.536282 -0.84259 -0.0494363 -0.155592 -0.982322 0.104086 -0.0997963 0.44339 -0.890756 -0.187729 0.346228 -0.919176 -0.103657 -0.0330409 -0.994064 -0.250464 -0.187039 -0.949886 -0.109968 -0.628221 -0.770224 -0.195854 -0.563602 -0.802492 -0.152446 -0.86073 -0.4857 -0.348517 0.796501 -0.494088 -0.676532 -0.0531761 -0.734491 -0.685659 0.157065 -0.710776 -0.320963 0.843867 -0.429966 -0.756723 -0.363358 -0.543453 -0.786517 0.39325 -0.476178 -0.496505 -0.857699 -0.133545 -0.827698 -0.50764 -0.239202 -0.841532 -0.448575 -0.301006 -0.989755 -0.135968 -0.0435656 -0.874158 0.426635 -0.232015 -0.884697 0.416859 -0.208662 -0.516453 0.852865 -0.0767956 0.000232073 -0.000872701 -1 0 -0.00110923 -0.999999 0 -0.000492122 1 0.00121027 -0.00179498 0.999998 0.00123022 -0.000836017 -0.999999 0 -0.00202593 -0.999998 6.65233e-08 -0.00051332 1 0.0025774 -0.00328782 0.999991 0.00025177 -0.00083554 -1 0 -0.00109215 -0.999999 0 -0.000476654 1 0.00262934 -0.00330715 0.999991 0 -1 -0.000550557 0.00117239 -0.999998 -0.00181264 -0.0021515 0.999992 -0.00332115 -0.00198621 0.999993 -0.00315269 0.00174168 0.999997 -0.00179488 0 0.999994 -0.00339596 -0.00452868 -0.999989 -0.00111094 -1 0 0 0.999992 -0.00302959 -0.00266506 -1 0 0 -1 0 0 -1 0 0 -1 0 0 -1 0 0 -1 0 0 -1 0 0 -1 -0.000284423 0.000322073 -1 0 0 -1 0 0 -1 0 0 -0.999999 0.00125654 -0.000142528 -1 0 0 -0.999999 0.000132021 0.00133976 -0.999994 -0.00130358 -0.00332966 -1 0 0 -1 0 0 0.271044 -0.138252 -0.952587 -0.404605 -0.380421 -0.83161 0.508196 -0.646649 -0.568842 -0.500415 -0.812772 -0.298306 0.307209 -0.944771 0.11415 -0.171162 -0.932077 0.319275 0.278664 -0.772147 0.571083 -0.126432 -0.639601 0.758238 0.209341 -0.447524 0.869424 -0.200014 -0.135528 0.970375 0.332117 0.0366528 0.942526 0.145954 0.449799 0.881123 -0.215622 0.548079 0.808156 0.160576 0.74094 0.652092 -0.0767353 0.927433 0.366033 -0.0959887 0.923601 0.371144 0.243644 0.96972 0.0167567 -0.256012 0.937772 -0.234611 0.255859 0.83938 -0.479559 -0.250403 0.684719 -0.68444 0.222407 0.406191 -0.886309 -0.222798 0.239833 -0.944903 -0.999955 -0.00533591 -0.00786793 -0.999983 -0.0053639 -0.00211699 -0.999988 -0.00471023 -0.00124202 -0.999976 -0.00675707 0.00169047 -0.999983 -0.00412985 0.00412816 -0.999994 0.00114561 0.00339119 -1 0 0 -1 0 0 -1 0 0 -1 0 0 -1 0 0 -1 0 0 -1 0 0 -1 0 0 -0.999966 0.00521233 -0.00640869 0.959707 -0.262384 -0.100589 0.830155 -0.301861 0.468746 -0.598759 0.597804 0.533027 -0.440855 0.662085 0.606045 0.358872 0.825426 -0.435756 -0.959091 0.204547 -0.195719 -0.953455 0.0395856 -0.298927 -1 0 0 -0.940085 -0.247044 0.234969 -1 0 0 -1 0 0 -1 0 0 -0.973006 -0.230533 0.0106951 -0.993931 -0.0820997 0.0732159 -1 0 0 -0.976664 -0.0652631 -0.204616 -1 0 0 -0.959073 0.0322443 -0.281316 -0.0738841 -0.359033 0.930396 0.0976861 -0.48661 0.86814 -0.117436 -0.933561 0.338633 0.142919 -0.988671 0.0458673 -0.169537 -0.751004 -0.638162 -0.000396395 -0.673133 -0.739521 0.141109 0.112734 -0.983554 -0.231936 0.442665 -0.866172 0.10351 0.80839 -0.579475 -0.0729783 0.996425 -0.0425569 0.0468925 0.994201 0.0967758 -0.0848495 0.682102 0.726317 0.109717 0.557297 0.823032 -1 0 0 -1 0 0 -1 0 0 -1 0 0 -1 0 0 -1 0 0 -1 0 0 -1 0 0 -1 0 0 -1 0 0 -0.302455 0.0103171 -0.953108 0.29045 -0.700436 -0.651942 -0.188218 -0.981977 -0.0172048 0.149165 -0.6715 0.725836 -0.170417 -0.153246 0.973383 0.158787 0.444203 0.881743 -0.22208 0.961298 0.163057 0.299402 0.852455 -0.428578 -1 0 0 -1 0 0 -0.361895 -0.791434 0.492609 -0.995443 -0.00882318 0.0949466 -0.994513 -0.00996075 0.104141 -0.645008 0 0.764176 -0.787544 0.00243447 0.616253 -0.539676 -0.389059 0.746581 -0.0664893 -0.980814 0.183257 -0.587106 -0.72148 0.367116 -0.872332 -0.00942072 0.488823 -0.677993 -0.00375328 0.735059 -0.622558 -0.662063 0.417245 0 0 1 0 0 1 0 0 1 0 0 1 0 0 1 0 0 1 0 0 1 0 0 1 0 0 1 0 0 1 0 0 1 0 0 1 0 0 1 0 0 1 0 0 1 -0.774719 0.466495 0.426841 -0.572352 0.736978 0.35955 -0.274586 0.625695 0.730143 -0.999665 0.00284707 0.0257193 -0.657091 0.600802 0.455267 -0.941149 0.0119155 0.337782 -0.788274 0.369342 0.492149 0.34299 0.924373 0.167009 -0.966069 0.0407635 0.255049 -0.737453 -0.0191001 0.675129 -0.0418568 0.0246981 0.998818 -0.00247772 0.00380206 0.99999 -0.229784 0.973203 0.00870393 0.00612469 0.930809 0.365454 -0.538973 0.0422434 0.841263 -0.991531 0.129867 9.37703e-05 -0.894708 0.446645 0.00232906 -0.88776 0.460302 0.00192587 -0.181489 0.983344 0.00985053 -0.11402 0.993428 0.0100125 0.654996 -0.755612 0.00548984 -0.948314 0.0468581 0.313856 -0.946086 0.323916 0.000233883 -0.999569 0.0293466 -0.00107664 1.75477e-05 1 0.000635266 0 1 0.00066091 3.72529e-07 1 0.00039173 8.09848e-08 1 0 0 1 0 0 1 0 0 1 0 0 1 0 3.72529e-07 1 0 3.72529e-07 1 0 4.43487e-08 1 0 4.43487e-08 1 0.000391243 4.43487e-08 1 0 4.43487e-08 1 0 4.43487e-08 1 0 4.43487e-08 1 0 4.43487e-08 1 0 4.43487e-08 1 0 0 1 0 0 1 0 4.43487e-08 1 0 4.43488e-08 1 0 4.43487e-08 1 0 0 1 0 0 1 0 8.46362e-08 1 4.9404e-08 4.43487e-08 1 0 0 1 0 -7.22953e-05 0.999995 -0.00304992 0 0.999993 -0.00377392 7.10551e-05 0.999999 -0.00125618 8.09848e-08 1 0 8.09848e-08 1 0 0 1 0 0 1 0 0 1 0 5.63153e-09 0.0786086 0.996906 5.65788e-09 0.0786086 0.996906 1.67267e-08 0.233482 0.972361 1.65506e-08 0.233482 0.972361 2.87212e-08 0.40091 0.916118 0.000334543 0.382849 0.923811 -0.000619579 0.552185 0.833722 0.000616168 0.62233 0.782755 -0.000436357 0.773048 0.634348 -0.000308583 0.76935 0.638827 0.000260463 0.909869 0.414895 6.53689e-08 0.916102 0.400946 6.99086e-08 0.97583 0.218532 -0.000182988 0.978122 0.208034 -1 0 0 -1 0 0 -1 0 0 -1 0 0 -1 0 0 -1 0 0 -1 0 0 -1 0 0 -1 0 0 -1 0 0 -1 0 0 -1 0 0 -1 0 0 -1 0 0 -1 0 0 -1 0 0 -1 0 0 -1 0 0 -1 0 0 -1 0 0 -1 0 0 -1 0 0 -1 0 0 -1 0 0 -1 0 0 -1 0 0 -1 0 0 -1 0 0 -1 0 0 -1 0 0 -1 0 0 0 0 -1 0 0 -1 0 1 0 0 1 0 0 1 0 0 1 0 0 1 0 0 1 0 0 1 0 0 1 0 0 1 0 0 1 0 0 1 0 0 1 0 0 1 0 0 1 0 0 1 0 0 1 0 0 1 0 0 1 0 0 -1 0 0 1 0 -1 0 0 -1 0 0 -1 0 0 -1 0 0 -1 0 0 -1 0 0 -1 0 0 -1 0 0 -1 0 0 -1 0 0 -1 0 0 -1 0 0 -1 0 0 -1 0 0 -1 0 0 -1 0 0 -1 0 0 -1 0 0 -1 0 0 -1 0 0 -1 0 0 -1 0 0 -1 0 0 -1 0 0 -1 0 0 -1 0 0 -1 0 0 -1 0 0 -1 0 0 -1 0 0 -1 0 0 -1 0 0 -1 0 0 -1 0 0 -1 0 0 -1 0 0 -1 0 0 -1 0 0 -1 0 0 -1 0 0 -1 0 0 -1 0 0 -1 0 0 -1 0 0 -1 0 0 -1 0 0 -1 0 0 -1 0 0 -1 0 0 -1 0 0 -1 0 0 -1 0 0 -1 0 0 -1 0 0 -1 0 0 -1 0 0 -1 0 0 -1 0 0 -1 0 0 -1 0 0 -1 0 0 -1 0 0 -1 0 0 -1 0 0 -1 0 0 -1 0 0 -1 0 0 -1 0 0 -1 0 0 -1 0 0 -1 0 0 -1 0 0 0 -0.761985 0.647595 0 -0.761985 0.647595 0 -0.761927 0.647663 -4.03323e-05 -0.761978 0.647603 5.24937e-05 -0.761941 0.647647 0 -0.761926 0.647664 0 0 -1 0 0 -1 -4.26873e-06 -0.866021 -0.500008 0 -0.866019 -0.500011 -1 0 0 -1 0 0 -1 0 0 -1 0 0 -1 0 0 -1 0 0 -1 0 0 -1 0 0 -1 0 0 -1 0 0 -1 0 0 -1 0 0 -1 0 0 -1 0 0 -1 0 0 -1 0 0 -1 0 0 -1 0 0 -1 0 0 -1 0 0 -1 0 0 -1 0 0 -1 0 0 -1 0 0 -1 0 0 -1 0 0 -1 0 0 -1 0 0 -1 0 0 -1 0 0 -1 0 0 -1 0 0 -1 0 0 -1 0 0 -1 0 0 -1 0 0 -1 0 0 -1 0 0 -1 0 0 -1 0 0 -1 0 0 -1 0 0 -1 0 0 -1 0 0 -1 0 0 -1 0 0 -1 0 0 -1 0 0 -1 0 0 -1 0 0 -1 0 0 -1 0 0 -1 0 0 -1 0 0 -1 0 0 -1 0 0 -1 0 0 -1 0 0 -1 0 0 -1 0 0 -1 0 0 -1 0 0 -1 0 0 -1 0 0 -1 0 0 -1 0 0 -1 0 0 -1 0 0 -1 0 0 -1 0 0 0 0 1 0 0 1 7.96945e-05 0.866024 0.500002 0 0.866053 0.499952 0 0.866047 -0.499962 2.36513e-05 0.866039 -0.499977 0.028958 -0.999581 0 0.0289882 0 -0.99958 0.0289882 0 -0.99958 0.0289877 0.99958 0 0.0289877 0.99958 0 0.028958 -0.999581 0 0.0289428 -0.999581 0.000302056 0.0289877 0.99958 0 -3.7253e-07 -1 0.000625459 0 -1 0 0 -1 0 -4.43487e-08 -1 0 -4.43487e-08 -1 0 -4.43487e-08 -1 0 -4.43487e-08 -1 0 -8.46362e-08 -1 -4.94042e-08 -8.09848e-08 -1 0 -4.43487e-08 -1 0 -1.52527e-05 -1 0.000603715 -4.43502e-08 -1 0.000391726 0 -1 0.00039166 0 -1 0 0 -1 0 -4.43487e-08 -1 0 -4.43487e-08 -1 0 -4.43488e-08 -1 0 0 -1 0 0 -1 0 -4.43487e-08 -1 0 -4.43487e-08 -1 0 -4.43487e-08 -1 0 -3.72529e-07 -1 0 -3.72529e-07 -1 0 0 -1 0 0 -1 0 0 -1 0 0 -0.999994 -0.00334504 5.17989e-06 -1 0.000302182 -8.09848e-08 -1 0 8.05327e-05 -0.999999 -0.00142679 -4.1613e-05 -0.999996 -0.00291852 0 -1 0 -0.000236089 -1 1.05938e-05 0 -1 -1.38076e-05 0.000203566 -0.973655 0.228026 -0.000295615 -0.968229 0.250063 0.000267637 -0.870462 0.492235 -0.000571813 -0.845164 0.534507 0.000585306 -0.747454 0.664314 -0.000919441 -0.638789 0.769381 0.000618313 -0.552184 0.833722 -0.00033506 -0.382916 0.923783 -2.83801e-08 -0.401008 0.916074 -1.67206e-08 -0.233397 0.972382 -1.65446e-08 -0.233397 0.972382 -5.63376e-09 -0.0786398 0.996903 -5.66013e-09 -0.0786398 0.996903 1 0 0 1 0 0 1 0 0 1 0 0 1 0 0 1 0 0 1 0 0 1 0 0 1 0 0 1 0 0 1 0 0 1 0 0 1 0 0 1 0 0 1 0 0 1 0 0 1 0 0 1 0 0 1 0 0 1 0 0 1 0 0 1 0 0 1 0 0 1 0 0 1 0 0 1 0 0 1 0 0 1 0 0 1 0 0 -3.72529e-07 0 -1 -3.72529e-07 0 -1 1 0 0 1 0 0 1 0 0 1 0 0 1 0 0 1 0 0 1 0 0 1 0 0 1 0 0 1 0 0 1 0 0 1 0 0 1 0 0 1 0 0 1 0 0 1 0 0 1 0 0 1 0 0 1 0 0 1 0 0 1 0 0 1 0 0 1 0 0 1 0 0 1 0 0 1 0 0 1 0 0 1 0 0 1 0 0 1 0 0 1 0 0 1 0 0 1 0 0 1 0 0 1 0 0 1 0 0 1 0 0 1 0 0 1 0 0 1 0 0 1 0 0 1 0 0 1 0 0 1 0 0 1 0 0 1 0 0 1 0 0 1 0 0 1 0 0 1 0 0 1 0 0 1 0 0 1 0 0 1 0 0 1 0 0 1 0 0 1 0 0 1 0 0 1 0 0 1 0 0 1 0 0 1 0 0 1 0 0 1 0 0 1 0 0 1 0 0 1 0 0 1 0 0 -5.04968e-05 -0.500013 -0.866018 0 -0.499981 -0.866036 0 -1 0 0 -1 0 0.0673424 0 -0.99773 -4.56762e-08 -0.10847 -0.9941 0 0 -1 0.0769647 0.102622 -0.991738 -0.112989 0.163759 -0.980008 0 0 -1 -0.0955241 -0.138446 -0.985753 0 0 -1 0 0 -1 0 0 -1 0 0 -1 0 0 -1 0 0 -1 0 0 -1 0 0 -1 0 0 -1 1 0 0 1 0 0 1 0 0 1 0 0 1 0 0 1 0 0 1 0 0 1 0 0 1 0 0 1 0 0 1 0 0 1 0 0 1 0 0 1 0 0 1 0 0 1 0 0 1 0 0 1 0 0 1 0 0 1 0 0 1 0 0 1 0 0 1 0 0 1 0 0 1 0 0 1 0 0 1 0 0 1 0 0 1 0 0 1 0 0 1 0 0 1 0 0 1 0 0 1 0 0 1 0 0 1 0 0 1 0 0 1 0 0 1 0 0 1 0 0 1 0 0 1 0 0 1 0 0 1 0 0 1 0 0 1 0 0 1 0 0 1 0 0 1 0 0 1 0 0 1 0 0 1 0 0 1 0 0 1 0 0 1 0 0 1 0 0 1 0 0 1 0 0 1 0 0 1 0 0 1 0 0 1 0 0 1 0 0 1 0 0 1 0 0 1 0 0 1 0 0 1 0 0 1 0 0 1 0 0 1 0 0 1 0 0 1 0 0 -4.65667e-07 0 -1 -4.65667e-07 0 -1 -4.65667e-07 0 -1 -1 0 0 -1 0 0 -1 0 0 -1 0 0 -1 0 0 -1 0 0 0 1 0 0 1 0 0 1 0 0 1 0 0 1 0 0 1 0 0 1 0 0 0 -1 0 0 -1 0 0 -1 1 0 0 1 0 0 1 0 0 1 0 0 1 0 0 1 0 0 1 0 0 1 0 0 1 0 0 1 0 0 1 0 0 1 0 0 1 0 0 1 0 0 1 0 0 1 0 0 1 0 0 1 0 0 1 0 0 1 0 0 1 0 0 1 0 0 1 0 0 1 0 0 -1.60908e-11 -0.000198689 1 -1.03661e-05 0 1 8.09848e-08 1 0 8.09848e-08 1 0 -4.04924e-08 0 -1 -4.04924e-08 0 -1 4.90168e-08 0 1 4.90168e-08 0 1 0 0 -1 0 0 -1 0 0 -1 0 -1 0 0 -1 0 0 -1 0 0 -1 0 0 -1 0 0 -1 0 0 -1 0 3.72529e-07 0 1 3.72529e-07 0 1 0 -1 0 0 -1 0 0 -1 0 0 -1 0 0 -1 0 0 -1 0 0 -1 0 0 -1 0 0 -1 0 0 -1 0 0 -1 0 0 -1 0 0 -1 0 0 -1 0 0 -1 0 0 -1 0 0 1 0 0 -1 0 0 -1 0 0 -1 0 4.65667e-07 0 1 4.65667e-07 0 1 -5.2163e-05 -0.866006 0.500034 -1.65838e-07 -0.866025 0.500001 -4.03277e-07 -0.866019 -0.500011 3.86354e-06 -0.866021 -0.500008 -0.0289589 -0.999581 0 -0.0289589 -0.999581 0 -0.0289886 0 -0.99958 -0.0289886 0 -0.99958 -0.0289877 0.99958 0 -0.0289877 0.99958 0 -2.20758e-05 -0.866008 0.500029 -3.73146e-07 -0.866016 0.500016 0 0 1 0 0 1 -4.03278e-07 -0.866021 -0.500008 -2.40894e-05 -0.866012 -0.500023 0 0 -1 0 0 -1 -4.37128e-05 0.000573853 -1 0 0 -1 0 0 -1 0 0 -1 0 0 -1 0 0 -1 0 0 -1 0 0 -1 0 0 -1 0 0 -1 1.72174e-05 -0.000573811 -1 -1.64519e-11 -0.000370966 -1 0 0 -1 0 0 -1 0 0 -1 0 0 -1 0 0 -1 0 0 -1 -0.00135587 4.97714e-05 -0.999999 0.000213136 -0.208247 -0.978076 -0.000688053 -0.249547 -0.968363 0.000724176 -0.400878 -0.916131 -0.00114068 -0.534563 -0.845128 0.00113352 -0.638787 -0.769383 -0.00150654 -0.788027 -0.615639 0.00104805 -0.845224 -0.534412 -0.000281667 -0.968115 -0.250505 -0.000215909 -0.967628 -0.252382 9.31312e-08 1 0 9.31312e-08 1 0 0 0 -1 0 0 -1 0 0 -1 0 0 -1 0 0 -1 0 0 -1 0 0 -1 0 0 -1 0 0 -1 0 0 -1 0 0 -1 0 0 -1 0 0 -1 0 0 -1 0 0 -1 -0.0749084 -0.0998775 -0.992176 0.110057 -0.159506 -0.981043 0 1 0 0 1 0 5.10943e-05 0.500004 -0.866023 0 0.499972 -0.866042 0 -0.499981 -0.866036 5.0496e-05 -0.500013 -0.866018 0 -1 0 0 -1 0 0 -1 0 0 -1 0 0 0 -1 0 0 -1 0 -0.761934 -0.647655 2.43124e-05 -0.761938 -0.64765 0 -0.761966 -0.647617 0 -0.761966 -0.647617 0 -1 0 0 -1 0 0 -1 0 0 -1 0 0 -1 0 0 -1 0 0 1 0 0 -1 0 0 -1 0 0 -1 0 0 -1 0 0 -1 0 0 -1 0 0 -1 0 0 -1 0 0 -1 0 0 -1 0 0 -1 0 0 -1 0 0 -1 0 1 0 0 1 0 0 1 0 0 1 0 0 1 0 0 1 0 0 0.999663 0.0111766 0.0234429 0.99994 -0.00917607 0.0059968 0.999637 -0.0112689 -0.024462 -1 0 0 1 0 0 -1 0 0 -1 0 0 1 0 0 1 0 0 -1 0 0 1 0 0 1 0 0 1 0 0 1 0 0 1 0 0 1 0 0 1 0 0 0.999976 -0.00671836 -0.00142938 1 0 0 1 0 0 0.999919 0 0.012733 1 0 0 1 0 0 -1 0 0 -1 0 0 1 0 0 1 0 0 1 0 0 1 0 0 -1 0 0 1 0 0 1 0 0 1 0 0 1 0 0 1 0 0 1 0 0 1 0 0 1 0 0 1 0 0 -1 0 0 -1 0 0 1 0 0 1 0 0 1 0 0 1 0 0 1 0 0 1 0 0 1 0 0 1 0 0 1 0 0 1 0 0 1 0 0 -1 0 0 -1 0 0 1 0 0 1 0 0 1 0 0 1 0 0 1 0 0 1 0 0 1 0 0 1 0 0 1 0 0 1 0 0 1 0 0 1 0 0 1 0 0 0.136806 -0.177977 0.974479 -0.1582 -0.842094 0.515607 0.203691 -0.790566 -0.577507 0.0843548 -0.71592 -0.693068 -0.148735 0.535079 -0.831606 0.259952 0.931716 -0.253633 -0.0236372 0.983089 0.181597 -0.0227034 0.06336 0.997732 0.117204 -0.276829 0.953745 -0.100958 -0.938677 0.329687 0.0387649 -0.980313 -0.193608 0.0858038 -0.954951 -0.284088 -0.0465201 -0.679003 -0.73266 0.118126 0.0317008 -0.992492 -0.0324956 0.261884 -0.964552 -0.100528 0.907059 -0.408826 0.129671 0.958263 0.254791 0.100465 0.970075 0.221048 -0.0817909 0.0200596 0.996448 -0.159075 0.965966 0.203974 0.0995191 0.346698 0.932683 -0.149395 -0.217645 0.964527 0.135743 -0.793041 0.593852 -0.125543 -0.986904 -0.10129 0.176423 -0.56303 -0.807386 -0.179167 -0.0776302 -0.980751 0.200458 0.939874 -0.2765 -0.132826 0.716332 0.685 0.15743 0.431903 0.888074 -0.166577 -0.872202 0.459909 0.33119 -0.928162 -0.169792 -0.145747 -0.522268 -0.840235 0.0311811 0.665219 -0.745997 0.151618 0.752921 -0.640408 -0.0578255 0.927667 0.368905 0.155432 0.466017 0.871016 -0.0562036 0.178251 0.982379 -0.137012 -0.65695 0.74138 0.148636 -0.962171 0.228331 -0.115795 -0.938845 -0.324286 0.118271 -0.336314 -0.934294 -0.126246 0.152951 -0.980137 0.121456 0.878345 -0.46234 -0.00748573 0.971114 -0.238497 -0.0441008 0.691435 0.721091 0.0440784 0.749737 0.660267 -0.0667008 -0.793463 0.604952 0.0345217 -0.859636 0.509739 0.0142983 -0.657461 -0.753353 -0.0100847 -0.631469 -0.775336 -0.0303701 0.525599 -0.85019 0.0644765 0.623617 -0.779066 -0.156335 -0.826799 0.540335 0.150775 -0.988252 0.0249992 -0.117623 -0.713478 -0.690735 0.125581 -0.203294 -0.971031 -0.154733 0.661981 -0.733375 0.133828 0.91821 -0.3728 -0.135373 0.596051 0.791453 0.16495 0.247791 0.954668 0.149828 0.249905 0.956608 -0.159086 -0.162783 0.973752 0.0918686 -0.905515 0.414249 -0.0975377 -0.993511 -0.0584951 0.144839 -0.652407 -0.7439 -0.147982 -0.181785 -0.97214 0.134196 0.875182 -0.464809 -0.117278 0.97623 -0.182267 0.0473276 -0.990589 0.128429 -0.0275851 -0.85651 0.515393 -0.0967793 -0.330566 0.938808 0.720474 -0.00426817 0.693469 -0.00542797 -0.0936114 -0.995594 0.160309 -0.663621 0.73069 0.988271 -0.0485931 0.144776 0.130482 -0.987885 0.0840163 -0.668373 0.743821 0.00282132 -0.592256 0.805732 0.00525014 0.999221 -0.0382196 0.00985769 -0.999994 -0.00296921 0.00154674 1 0 0 1 0 0 1 0 0 1 0 0 1 0 0 1 0 0 0.999995 -0.00282059 -0.00146932 -1 0 0 1 0 0 1 0 0 1 0 0 0.999896 -0.00451219 -0.0137002 1 0 0 1 0 0 1 0 0 1 0 0 1 0 0 0.997391 0.0126887 -0.0710593 1 0 0 1 0 0 1 0 0 0.129154 0.974018 0.186034 0.378483 0.916707 0.128057 0.646296 0.756256 0.101874 0.257759 -0.966155 0.0102212 0.846708 0.532017 0.00654865 -0.544154 -0.838961 0.00636631 0.999173 0.0392154 0.0107125 0.997922 0.03747 -0.0524276 0.3204 0.00334062 0.947276 0.947776 0.0079746 0.318837 0.0263244 -0.00250372 0.99965 0 0.191148 0.981561 0.023673 0.143367 0.989386 -0.0135982 0.600146 0.799775 -0.0192485 0.605261 0.795794 0.0245664 0.975218 0.219878 0 0.981095 0.193528 0.852707 0.52239 1.60932e-06 0.664168 0.747584 2.30295e-06 0.649676 0.760211 0.000152879 0.363842 0.931461 0.000155089 0.381625 0.924317 1.4348e-06 0.131195 0.991357 1.53879e-06 0.131449 0.991323 0 0.848037 0.0172937 -0.529655 0.953656 0.00923562 -0.300758 0.130805 0.988409 -0.077058 0.84939 0.519316 -0.0940619 0.97864 0.2053 -0.010757 0.999926 0.0102279 -0.00653395 0.650294 0.759662 -0.00565956 0 0.988966 -0.148145 -0.0585177 0.957824 -0.281333 0.00184408 0.846617 -0.532199 -0.105706 0.630412 -0.76903 -0.00283379 0.504983 -0.863125 0.953686 0.00462454 -0.300767 0.683229 0.00140775 -0.730203 0.0438669 -0.00176551 -0.999036 0.027112 0 -0.999632 0.124024 -0.938995 -0.320791 0.303958 -0.73583 -0.605115 0.399132 -0.467179 -0.788947 0.313198 -0.772967 -0.551751 0.873485 -0.486851 -0.0011274 0.299417 -0.843676 -0.445601 0.815867 -0.444175 -0.370229 0.771421 -0.00516227 -0.636304 -0.00442784 -0.715649 -0.698447 0 -0.990005 -0.141032 0.824062 -0.5665 0 0.676018 -0.736885 0 0.649564 -0.760307 -0.000250258 0.379769 -0.925081 -1.75258e-05 0.38179 -0.924249 0 0.130945 -0.99139 0 0.130945 -0.99139 0 -0.023413 0.99618 -0.0841301 0.0195938 0.941856 -0.335445 0.0028937 0.915914 -0.401364 -0.00971323 0.653986 -0.756444 0.0169318 0.566154 -0.824126 -0.0273568 0.314328 -0.94892 0.00149366 -0.113608 -0.993524 0.00696589 -0.129433 -0.991564 -0.0156757 -0.496521 -0.867883 0.0200081 -0.665204 -0.746394 -0.0255897 -0.833179 -0.552412 0.00854644 -0.975441 -0.220097 0.00348305 -0.979633 -0.200766 -0.00929455 -0.969339 0.245553 0.0257493 -0.930362 0.365737 -0.0312551 -0.665015 0.746176 0.0420916 -0.396269 0.917169 -0.0112119 -0.211225 0.977373 -0.0229276 0.115473 0.993046 0.0291666 0.400658 0.915763 -0.00749072 0.518559 0.855009 0.00979567 0.913027 0.407783 0.0142736 0.908577 0.417473 1 0 0 1 0 0 1 0 0 1 0 0 1 0 0 1 0 0 1 0 0 0 0.761941 0.647647 -6.70971e-05 0.761927 0.647663 0 0.761939 0.647649 0.000131321 0.761976 0.647606 0 0.761954 0.647631 0 0.761954 0.647631 0 0 1 0 0 1 0 0 -1 0 0 -1 0 0.762017 -0.647557 0 0.762017 -0.647557 -0.0174336 0.758441 -0.651508 6.98764e-05 0.761938 -0.64765 0 0 -1 0 0 -1 -0.00619981 0.999981 0 0 0.999996 0.00291613 0 0 1 0 0 1 0 -0.866025 0.500001 1.11007e-05 -0.866021 0.500008 5.59553e-05 -0.866011 -0.500025 0 -0.866031 -0.49999 0 0 -1 0 0 -1 0 0 1 0 0 1 -9.31312e-08 0 -1 -9.31312e-08 0 -1 5.82075e-08 0 1 5.82075e-08 0 1 2.91047e-08 -0.866016 0.500016 2.14788e-05 -0.866009 0.500029 2.38777e-05 -0.866012 -0.500023 -4.14594e-08 -0.866021 -0.500008 -1.16415e-07 0 -1 -1.16415e-07 0 -1 0 0 1 0 0 1 0 0 -1 0 0 -1 0 0 1 0 0 1 0 -0.866025 0.500001 5.17793e-05 -0.866006 0.500034 0 -1 0 0 -1 0 0 -0.499983 -0.866035 5.04017e-05 -0.500015 -0.866017 5.1705e-05 0.499995 -0.866028 0 0.499962 -0.866047 0 1 0 0 1 0 0 -1 0 0 -1 0 0.000219381 0.977917 -0.208995 4.32858e-08 0.975621 -0.21946 4.06293e-08 0.916132 -0.400876 -0.000324854 0.909849 -0.414941 0.000443722 0.754144 -0.656709 0.00144434 0.773047 -0.634347 -0.00133349 0.622403 -0.782696 0.0011931 0.422669 -0.906283 0.000539196 0.400779 -0.916175 -0.000705981 0.208243 -0.978077 0.00083342 0.113649 -0.993521 0 -1 0 0 -1 0 0 1 0 0 1 0 -0.999911 -0.00438651 -0.0125878 -0.132006 0.0157088 -0.991125 -0.934979 0.00883492 -0.354594 -0.0961394 0.995258 -0.0147743 -0.992787 0.0281608 -0.116534 -0.999995 -0.00223528 0.00209901 -1 0 0 -0.999998 -0.00171718 0.000502636 -0.999999 0.000628856 -0.00162222 -1 0 0 1 0 0 -1 0 0 -1 0 0 -1 0 0 -1 0 0 1 0 0 -1 0 0 -1 0 0 -0.959911 -0.027228 -0.278979 -1 -0.000426781 -2.89361e-05 -1 -0.000711981 0.000124886 -1 0 0 -1 -0.000386001 -0.000381508 -1 0.000221133 0.00021856 -1 0 0 -1 -0.00071245 0.000125393 -1 0 0 -1 0 0 -1 0 0 -1 0 0 -1 0 0 -1 0 0 -1 0 0 -1 0 0 -1 0 0 -1 0 0 1 0 0 -1 0 0 -1 0 0 -1 0 0 -1 0 0 -1 0 0 -1 0 0 -1 0 0 -1 0 0 -1 0 0 -1 0 0 -1 0 0 -1 0 0 -1 0 0 -1 0 0 -1 0 0 1 0 0 1 0 0 -0.999953 0.00681326 -0.00695961 -1 0 0 -1 0 0 -1 0 0 -1 0 0 -1 0 0 -1 0 0 -1 0 0 1 0 0 -1 0 0 1 0 0 -1 0 0 -1 0 0 -1 0 0 -1 0 0 -1 0 0 -1 0 0 -1 0 0 -1 0 0 1 0 0 -1 0 0 -1 0 0 -1 0 0 -1 0 0 -1 0 0 -1 0 0 -0.142183 -0.344151 -0.928086 0.188308 -0.967341 0.169678 -0.146523 -0.804231 0.575971 0.0904711 0.224003 0.97038 -0.0702878 0.482233 0.873219 0.0989693 0.994972 -0.0153731 -0.113524 0.928701 -0.353025 0.113012 -0.00861254 -0.993556 -0.161164 0.0251254 -0.986608 0.0838082 -0.365072 -0.927199 -0.0910365 -0.988191 -0.123255 0.0853082 -0.98114 0.173454 -0.0724695 -0.262937 0.962088 0.02285 -0.117293 0.992834 0.00426575 0.822458 0.568809 -0.164572 0.947671 0.273561 0.182579 0.863377 -0.470368 -0.203369 0.833335 0.513997 0.18431 0.374848 0.908581 -0.106602 -0.549971 0.828352 0.0251757 -0.7564 0.653625 0.0326123 -0.94381 -0.328875 -0.0179001 -0.922471 -0.38565 -0.00650941 0.504121 -0.863608 0.202387 0.675389 -0.709147 -0.23314 0.925576 0.298252 0.172359 0.248951 0.953056 -0.240548 -0.568033 0.787068 0.206427 -0.944439 0.25578 -0.20431 -0.252137 -0.945877 -0.147293 -0.197697 -0.969134 0.174362 0.934678 -0.309797 0.0074887 0.971118 0.238482 -0.173371 0.819145 0.546757 0.171151 0.151914 0.973463 -0.15972 -0.694311 0.701727 0.00546465 -0.874827 0.484404 0.0702688 -0.970099 -0.232316 -0.129183 -0.730904 -0.670142 0.135742 -0.173218 -0.975484 -0.145994 0.584438 -0.798197 0.0642755 0.88618 -0.458861 -0.0865477 0.722554 0.685876 0.0540432 0.53816 0.841108 -0.0722954 -0.546777 0.834151 0.190921 -0.826219 0.530011 -0.231893 -0.850621 -0.471878 0.252827 -0.203275 -0.945916 -0.203681 0.653521 -0.728989 0.110674 0.972674 -0.204097 0.104068 -0.954519 0.279397 -0.0319695 -0.993278 0.111248 -0.00438967 -0.0368648 -0.999311 -0.090947 -0.0749388 0.993032 0.092332 0.257278 0.961916 -0.118341 0.964393 0.236518 -0.122033 0.962708 0.241456 0.0905508 0.945402 -0.313073 -0.0502801 -0.0818132 -0.995379 0.159699 -0.983587 -0.0839848 -0.162302 -0.705559 -0.689815 0.185327 0.119159 -0.975426 -0.212922 0.746206 -0.630746 0.197188 0.962061 0.188561 -0.174449 0.505954 0.844735 0.140562 -0.157872 0.977404 -0.129803 -0.788134 0.601661 0.0187675 -0.01192 0.999753 -0.792091 -2.91828e-05 0.610403 -0.974246 -0.0375976 0.222329 -0.0431047 -0.999069 0.00156993 0.101458 -0.994834 0.00355289 -0.549599 -0.835428 0.000863918 -0.639833 -0.768508 0.00316345 -0.967397 -0.253262 0.00143345 -0.333175 -0.156972 0.929706 -0.339412 -0.184919 0.922282 -0.273494 -0.961874 -0.000352276 -0.995777 -0.0918074 0 -0.162786 -0.0928417 -0.982284 -0.201143 -0.97956 -0.00175473 -0.203011 -0.801061 -0.563106 -0.0784193 -0.923226 -0.37617 -0.885872 -0.463926 -0.00178205 0 -0.932183 -0.361987 -0.0218879 -0.00929641 -0.999717 -0.772356 0.0377041 -0.63407 -0.996154 -0.0101237 -0.087036 -0.907667 -0.0179707 -0.419306 -0.853044 -0.429439 -0.296475 -0.264973 -0.917686 -0.296044 0.400686 -0.524674 -0.751111 -0.0651542 -0.997774 0.014218 -0.740299 -0.0158227 -0.672092 -0.777158 -0.622545 -0.0919955 0.294737 -0.510818 -0.807586 0.0871621 -0.995453 -0.0384088 0 -0.761984 0.647595 -3.23395e-07 -0.761984 0.647596 0 -0.761926 0.647664 -0.000501247 -0.762066 0.647499 1.09951e-05 -0.761941 0.647647 0 -0.761927 0.647663 0 0 1 0 0 1 0 0 -1 0 0 -1 0 -0.761966 -0.647617 0 -0.761966 -0.647617 -0.00268578 -0.758925 -0.651172 0.0162202 -0.761838 -0.647565 0 0 -1 0 0 -1 0.00643941 -0.999979 0 -3.72857e-07 -0.999995 0.00302591 0 0.761966 -0.647617 0 0.761966 -0.647617 -2.44275e-05 0.761938 -0.64765 0.0128945 0.759381 -0.650518 0 0 -1 0 0 -1 3.72529e-07 1 0 0.0179808 0.9998 0.00877107 0 1 0 0 1 0 0 1 0 0 1 0 0 1 0 0 1 0 0 1 0 0 1 0 0 1 0 0 1 0 0 1 0 0 1 0 0 -1 0 0 1 0 0 1 0 0 1 0 0 1 0 0 1 0 0 -1 0 0 1 0 -4.65667e-07 0 -1 -4.65667e-07 0 -1 -4.65667e-07 0 -1 4.03282e-07 0.866029 -0.499993 1.59125e-07 0.866029 -0.499993 4.03293e-07 0.866054 0.499951 -2.98946e-05 0.866039 0.499977 4.10195e-07 0.866004 0.500037 0 0 1 0 0 1 3.72529e-07 0 1 3.72529e-07 0 1 0 0 -1 0 0 -1 0 0 1 0 0 1 4.03289e-07 0.866045 0.499966 -4.92247e-05 0.866027 0.499997 -5.1427e-05 0.86603 -0.499991 4.14614e-07 0.866049 -0.499959 0 0 -1 0 0 -1 0 0 1 0 0 1 4.65667e-07 0 1 4.65667e-07 0 1 6.36104e-07 0.866053 0.499952 -7.92755e-05 0.866024 0.500003 -2.32489e-05 0.866039 -0.499977 3.73155e-07 0.866047 -0.499962 0 0 -1 0 0 -1 0 0.761941 0.647647 -1.08124e-05 0.761939 0.647649 0 0.761927 0.647663 1.89285e-05 0.761951 0.647635 0 0.761954 0.647631 0 0.761954 0.647631 0 0 1 0 0 1 0 0.981913 -0.189334 0.0201523 0.929051 -0.369404 -0.120774 0.807314 -0.577631 -0.685103 0.728421 -0.00611321 -0.656712 0.754105 -0.00738265 0.983766 -0.179355 -0.00601093 -0.887597 0.460617 -0.00186397 -0.70827 0.0444654 -0.70454 -0.664492 0.646525 -0.374774 -0.891288 -0.0912386 -0.444164 0.253889 0.949214 -0.18583 0.458295 0.698645 -0.549419 -0.926608 0.374329 0.0357146 -0.000489305 0.0246126 -0.999697 0.0113987 0.0291697 -0.99951 2.32821e-07 0.499972 -0.866042 -5.10876e-05 0.500004 -0.866023 4.65667e-07 1 0 4.65667e-07 1 0 -5.06362e-05 -0.500015 -0.866017 -2.07306e-07 -0.499983 -0.866035 -4.65667e-07 -1 0 -4.65667e-07 -1 0 0 0.499962 -0.866047 -5.1482e-05 0.499995 -0.866028 0 1 0 0 1 0 -3.72529e-07 0 -1 -3.72529e-07 0 -1 0 0 1 0 0 1 0 0 -1 0 0 -1 0 0 1 0 0 1 -4.0327e-07 -0.866004 0.500037 -1.49371e-05 -0.866021 0.500008 -3.99532e-07 -0.866028 0.499996 -6.36118e-07 -0.866011 -0.500025 -3.97804e-07 -0.866011 -0.500025 4.90168e-08 0 1 4.90168e-08 0 1 -4.04924e-08 0 -1 -4.04924e-08 0 -1 -8.09848e-08 -1 0 -8.09848e-08 -1 0 -1.03671e-05 0.000198709 1 0 0 1 0 -1 0 0 -1 0 0 0 1 0 0 1 0 1 0 0 1 0 0 0 -1 0 0 -1 1 0 0 1 0 0 1 0 0 1 0 0 0 0 1 0 0 1 0 1 0 0 1 0 0 0 -1 0 0 -1 0 -1 0 0 -1 0 0 0 1 0 0 1 4.75597e-05 0.866009 0.500029 0 0.866026 0.499999 5.82075e-08 0 1 5.82075e-08 0 1 -5.82027e-08 0.866049 -0.499959 5.17867e-05 0.86603 -0.499991 -1.16415e-07 0 -1 -1.16415e-07 0 -1 3.69095e-05 0.866021 0.500008 0 0.866034 0.499985 0 0 1 0 0 1 0 0.86605 -0.499957 0.000107975 0.866011 -0.500025 0 0 -1 0 0 -1 -9.31312e-08 0 -1 -9.31312e-08 0 -1 0 0 1 0 0 1 0 0 1 0 0 1 -0.856165 -0.0496876 0.514308 -0.945804 0.248296 0.209292 -0.835716 0.322557 -0.444451 -0.664793 0.62533 -0.408672 -0.712358 -0.640001 -0.288002 -0.61959 -0.48182 0.619643 -0.268247 -0.0414799 0.962457 0.362252 -0.801467 0.475841 -0.0240608 0.894599 0.446222 0.34952 0.565083 -0.74734 -0.54137 -0.0455639 -0.839549 0.614491 -0.538392 -0.576658 -0.597373 0.111287 0.794204 -0.451935 0.839751 0.300953 0.210688 0.541101 0.814138 -0.451456 -0.890958 -0.0487894 -0.513105 0.797583 0.31715 -0.867255 0.472582 -0.156638 -0.819921 0.327058 -0.469854 -0.32837 0.726955 -0.603084 0.0612156 0.541055 -0.838756 -0.565231 -0.10973 -0.817602 -0.573586 -0.796833 -0.189886 -0.868016 0.403162 -0.289842 0.178356 -0.978736 -0.101318 -0.562059 -0.779635 -0.276151 -0.404375 -0.762715 0.504725 -0.692236 -0.483161 0.536065 0.151603 0.987797 0.0356839 -0.0067536 0.789528 0.613677 0.155588 0.528394 0.834621 0.0111707 -0.381076 0.924476 0.142216 -0.633733 0.760367 -0.15844 -0.981801 0.104705 0.337818 0.312928 -0.887668 0.112029 0.355252 -0.928033 -0.210501 -0.55071 -0.807718 -0.291469 0.935632 -0.199093 0.171287 0.961688 -0.214048 -0.343087 -0.54264 -0.766703 0.000606332 0.310154 -0.950686 0.0422853 0.90243 -0.428757 0.115275 -0.98928 -0.0896438 -0.999993 0.00210418 0.00298204 -0.999979 0.00337427 -0.00559029 -0.999979 0.00301013 -0.00567937 -0.999994 -1.04842e-05 -0.00346639 -0.999966 -0.00599635 -0.00563685 -0.99994 -0.0109742 -0.000754916 -0.99999 -0.00193961 0.00397347 -0.999997 7.5587e-06 0.00249913 -0.825778 0.528494 0.196939 0.834841 0.00166497 0.550489 -0.830174 -0.522228 -0.195166 0.823133 -0.00171747 -0.567846 0.999988 0.00481414 -0.000232324 0.999982 0.00365207 -0.00475371 1 -0.00017286 -0.000828813 1 -0.000172009 -0.000830339 1 7.72905e-05 0.000370585 0.999987 0.0022139 0.00454452 0.999994 -0.00317344 0.00175403 1 0.000432951 -0.000239301 1 -0.000204046 0.000265597 1 -0.000268883 -0.000551942 -0.0713248 -0.99713 -0.0254036 0.0403914 -0.989513 0.138681 -0.0353424 -0.776039 0.629694 0.0546619 -0.701454 0.710616 -0.0634845 -0.233633 0.97025 0.0987437 0.023832 0.994828 -0.0989841 0.370919 0.923375 0.155292 0.753774 0.63852 -0.156516 0.955176 0.251279 0.133186 0.979216 -0.152965 -0.148815 0.740045 -0.655887 0.0753352 0.555286 -0.828241 -0.0574248 -0.0224374 -0.998098 0.0967775 -0.201897 -0.974614 -0.120162 -0.682787 -0.720669 0.10767 -0.880867 -0.460956 1 -0.000226067 -0.000238609 1 -0.000196231 -4.99932e-06 1 0 0 1 0 0 1 0.000164573 -0.000145857 1 0.000268871 0.000508524 1 0.000254025 -8.14737e-05 1 0.000220767 5.80774e-05 1 0 0 1 0.000154425 -6.33308e-05 1 0 0 1 0 0 1 -0.000167488 -6.4309e-05 1 0 0 0.999997 0.00243997 -0.000615348 0.999996 0.00259499 0.00101414 0.999976 0.00129049 -0.00688564 1 0.000299729 -9.61323e-05 1 -0.000101888 -0.000254554 1 0.000922816 -0.000247554 0.999965 0.00810714 -0.00217482 0.999997 -0.00096991 -0.00242319 1 -0.000225823 -6.36458e-05 1 -0.000291768 -0.000430733 1 0.000256363 -0.000943919 0.999993 0.00152137 -0.00346388 1 -0.000639077 -0.000613978 1 -0.000338407 -0.000695622 1 -0.000252722 -3.39347e-05 1 -0.000203013 -0.000177569 0.999687 0.00871288 0.0234293 0.999983 -0.00586886 0.000157355 0.999983 -0.0056754 -0.00167767 1 -0.000706473 0.000167527 0.999998 -0.00135403 0.00138491 0.999999 -0.00159326 0.000696594 0.999998 0.000533449 0.0020093 0.999929 -0.00387517 0.0112546 0.999932 0.00240191 0.011376 1 -6.22132e-05 0.000569453 0.999998 6.97097e-05 0.00191923 1 0.00062914 -0.000117892 1 0.000277619 -0.000858382 0.99998 -0.0044355 0.0045861 1 0.000850684 0.000311093 1 -2.80116e-05 0.00048789 -0.481554 -0.827324 -0.289207 0.123825 -0.929955 -0.346194 -0.0150242 -0.902619 -0.430178 -0.0602725 -0.749018 -0.659802 0.0872991 -0.667743 -0.739255 -0.0767093 -0.537864 -0.839534 0.0872519 -0.393161 -0.915321 -0.027408 -0.141173 -0.989605 -0.0416593 -0.134691 -0.990012 0.00916472 0.246696 -0.96905 0.0348506 0.256798 -0.965837 -0.0396119 0.671088 -0.740319 -0.108626 0.648659 -0.753288 0.107706 0.842026 -0.528575 -0.0993295 0.931093 -0.350997 0.07106 0.978921 -0.191478 -0.0925574 0.995325 -0.0276033 0.143031 0.977715 0.153672 -0.110582 0.876289 0.468923 0.0324747 0.847638 0.529581 -0.0377367 0.559427 0.82802 -0.014122 0.156579 0.987565 0.137242 -0.248124 0.958957 -0.0896862 -0.408099 0.908522 0.0480807 -0.684706 0.727232 -0.0560058 -0.652615 0.755617 0.0827718 -0.85351 0.51446 -0.0988803 -0.904505 0.41484 0.0443845 -0.993915 0.100811 -0.127718 0.526386 0.840599 -0.235093 -0.971185 -0.0391227 -0.239735 0.0259796 0.970491 -1 0.000233111 0.000116275 -1 0.000345757 -5.02594e-05 -1 0.000275714 -0.000161826 -1 0 0 -1 0.000365052 -0.000116686 -1 0 0 -1 -5.13749e-05 -0.00023315 -1 7.9568e-05 -0.000177281 -1 0 0 -0.999935 0.00318135 0.010926 -0.99999 -0.00452391 -0.000768732 -1 0.000254886 0.000164584 -0.999996 0.00291537 -0.000206582 -1 0 0 -1 0.000251047 7.86821e-05 -1 -0.000165943 6.16421e-05 -1 -0.000150266 0.000341018 -1 -0.000152004 0.000338396 -1 -6.49134e-05 0.000307565 -1 -0.000873655 0.000203 -1 0 0 -0.999999 -0.000771146 0.0011558 -1 -0.00022124 -0.000165965 -1 -0.000171247 -0.00019085 -1 -0.00022931 -0.000109287 -0.999999 -0.000203031 -0.00109564 -1 -0.000197674 -0.000122289 -1 -0.000616478 -0.000504659 -0.999999 0.000472542 -0.00129567 -0.999999 -0.000503273 -0.00156855 -1 -9.59843e-05 -0.000218889 -1 8.31716e-05 -0.000226501 -1 0.000741811 -0.000556594 -1 0.000732699 -8.63494e-05 -0.999997 0.00164361 0.00171816 -1 0.000466709 -0.000175937 -0.998991 0.0259946 0.0366277 -1 -5.49678e-05 0.000260442 -1 -0.000250408 9.30178e-05 -1 0.000200272 0.000282194 -1 -0.000221606 0.000110003 -1 -0.00026552 -0.000295913 -1 -0.000312687 -0.000127079 1 0 0 0.99999 0.00449236 -0.000653011 -1 0.000211429 0.000136523 -1 -0.000106403 -0.000180433 -1 0 0 1 0 0 -1 0 0 -1 -0.000175612 -0.000475873 0.13015 -0.929441 0.345255 0.154466 -0.898125 0.411719 -0.0914096 0.938288 0.333557 0.445778 0.802581 -0.396417 0.144853 -0.396717 0.90644 -0.403888 0.905294 -0.131594 -0.404235 -0.337934 -0.849938 -0.445284 -0.585921 0.677066 0.163358 0.396198 0.903516 -0.126055 0.855545 -0.502148 -0.365579 0.608744 -0.704118 0.274935 -0.904398 -0.326306 -0.110041 0.239647 0.964604 0.11316 0.445738 0.887982 -0.109905 -0.239752 -0.964593 0.112359 -0.445779 -0.888063 0.30454 -0.192062 0.932935 -0.428811 0.882543 0.192976 -0.0396304 0.919157 -0.391893 0.119848 -0.504301 -0.855171 -0.430728 -0.880642 -0.197341 -0.222311 -0.163682 0.961138 0.406688 0.610125 0.679965 0.269365 -0.643164 -0.716786 -0.465439 0.140384 -0.873876 -0.0256387 -0.934752 0.354376 0.0218049 -0.917004 0.398282 0.124723 0.955721 0.266535 0.114425 0.619761 0.776404 -0.404042 -0.902156 0.15121 0.155083 0.537847 0.828656 0.142735 -0.536041 0.832037 0.127856 -0.979147 -0.157875 0.0934895 -0.718557 -0.689156 0.306761 -0.669665 0.676348 0.0512637 -0.492532 -0.868783 0.0190809 0.928333 -0.371259 0.0343009 -0.791108 0.610714 0.118556 -0.706483 0.697729 0.16934 -0.791099 0.587781 0.169349 -0.791086 0.587795 0.27081 -0.706502 0.653848 0.29586 -0.791122 0.535343 0.26544 -0.866648 0.422448 0.353961 -0.791118 0.498842 0.471556 -0.706532 0.527681 0.456056 -0.791152 0.407544 0.456 -0.791201 0.407511 0.643839 -0.613829 0.456821 0.665433 -0.649569 0.367775 0.526904 -0.818615 0.228563 0.565016 -0.791191 0.234039 0.679967 -0.706595 0.195877 0.615426 -0.77951 0.116686 0.662408 -0.740635 0.112581 0.756895 -0.652153 0.0424945 0.646227 -0.762569 -0.029648 0.670858 -0.740629 -0.0376627 0.747393 -0.652126 -0.127028 0.605145 -0.775833 -0.178557 0.587692 -0.791175 -0.169296 0.729394 -0.613762 -0.302127 0.66545 -0.649536 -0.367804 0.473917 -0.818567 -0.324578 0.498808 -0.791165 -0.353906 0.527665 -0.706533 -0.471572 0.40757 -0.791123 -0.456082 0.407526 -0.791195 -0.455997 0.409472 -0.706605 -0.577097 0.295844 -0.791173 -0.535277 0.295862 -0.791116 -0.535351 0.270831 -0.706558 -0.653779 0.169315 -0.79117 -0.587693 0.169317 -0.791106 -0.587778 0.11856 -0.706547 -0.697664 0.0342815 -0.791176 -0.610627 0.0342932 -0.791221 -0.610569 -0.0396776 -0.706657 -0.706443 -0.102435 -0.791208 -0.602907 -0.102474 -0.791137 -0.602994 -0.195869 -0.706596 -0.679969 -0.234034 -0.791201 -0.565004 -0.234082 -0.791142 -0.565067 -0.34231 -0.706566 -0.619345 -0.353926 -0.791125 -0.498856 -0.311054 -0.86666 -0.39006 -0.407642 -0.79107 -0.456111 -0.527669 -0.706515 -0.471594 -0.498812 -0.791155 -0.353921 -0.498848 -0.791126 -0.353935 -0.61936 -0.706553 -0.34231 -0.565066 -0.791148 -0.23406 -0.565058 -0.791155 -0.234059 -0.758613 -0.613787 -0.218568 -0.749583 -0.649544 -0.127349 -0.596659 -0.800783 -0.0523867 -0.670966 -0.74053 -0.0376688 -0.756933 -0.652109 0.0424966 -0.620052 -0.776782 0.110204 -0.602852 -0.791252 0.102418 -0.679881 -0.706677 0.195885 -0.564995 -0.79121 0.234025 -0.565026 -0.791181 0.234046 -0.690905 -0.613886 0.381831 -0.620033 -0.649632 0.439929 -0.403046 -0.840002 0.363251 -0.39753 -0.846021 0.355272 -0.438072 -0.753526 0.490195 -0.353878 -0.791202 0.498768 -0.267944 -0.861498 0.431309 -0.295866 -0.791143 0.53531 -0.27081 -0.706502 0.653848 -0.169343 -0.79109 0.587792 -0.169343 -0.791092 0.58779 -0.118559 -0.70648 0.697732 -0.0343005 -0.791108 0.610713 0 -0.866629 0.498953 0.00228762 -0.999978 -0.00622694 0 -1 0 0 -1 0 0 -1 0 0 -1 0 -0.00913649 -0.999958 0.000551677 0 -0.99992 -0.012642 0.00830876 -0.999965 0.000501895 0 -1 0 0 -1 0 -0.00980152 -0.999951 -0.00143833 0.00659839 -0.999922 -0.0106214 0.00975269 -0.999952 0.000878229 0 -1 0 0 -1 0 0 -1 0 -7.37076e-07 -1 -1.77393e-08 -7.21083e-07 -1 1.38561e-07 -7.43683e-07 -1 1.32177e-07 -7.45558e-07 -1 -5.28269e-08 -7.72181e-07 -1 -6.77975e-08 -6.59745e-07 -1 -2.29776e-07 -1.62596e-07 -1 2.55684e-07 0 -1 0 0 -1 0 -3.1018e-07 -1 -1.13927e-07 -5.89528e-07 -1 3.42622e-07 -7.83706e-07 -1 2.31244e-07 -6.80138e-07 -1 1.30099e-07 -7.91549e-07 -1 3.63152e-08 -6.85282e-07 -1 -6.4249e-08 -7.90951e-07 -1 -1.49966e-07 -7.02141e-07 -1 -3.15575e-07 -2.15442e-07 -1 2.00061e-07 -0.00503931 -0.999976 0.00467955 -0.00661256 -0.999961 -0.00590915 0 -1 0 0 -1 0 0 -1 0 0.00890957 -0.999959 -0.00173337 0.00448285 -0.999931 0.0108225 -0.00572142 -0.999951 0.00806407 0 -1 0 0 -1 0 0 -1 0 0 -1 0 0 -1 0 0 -1 0 0 -1 0 0 -1 0 -0.0659683 0.0337937 -0.997249 -0.167482 -0.026239 -0.985526 -0.276747 0.0197786 -0.960739 -0.263265 0 -0.964724 -0.382716 0 -0.923866 -0.405565 0.02491 -0.913727 -0.483563 -0.0262662 -0.874916 -0.578525 0.019767 -0.815425 -0.586404 0.0337766 -0.809314 -0.666149 -0.0262697 -0.745355 -0.745469 0.0197541 -0.666248 -0.751806 0.0338 -0.658517 -0.815294 -0.0262167 -0.578454 -0.87505 0.0198349 -0.483627 -0.87947 0.0337595 -0.474757 -0.923558 -0.0262788 -0.382557 -0.960724 0.0197656 -0.276799 -0.963078 0.0337968 -0.267094 -0.985535 -0.0262078 -0.167436 -0.998231 0.0198521 -0.0560418 -0.997538 0 -0.0701342 -0.998428 -2.03929e-09 0.0560549 -0.996401 0.0249536 0.0810147 -0.985535 -0.0262231 0.167432 -0.960723 0.0198322 0.2768 -0.964719 0 0.263281 -0.923877 0 0.382689 -0.913734 0.0249197 0.405547 -0.874931 -0.0262493 0.483535 -0.815405 0.0198113 0.578551 -0.80931 0.0337855 0.58641 -0.745368 -0.0262434 0.666136 -0.666222 0.0198022 0.74549 -0.658527 0.0337834 0.751799 -0.578453 -0.0262486 0.815293 -0.483637 0.0197897 0.875045 -0.474734 0.0337667 0.879481 -0.382524 -0.0262767 0.923572 -0.276787 0.0197549 0.960728 -0.267104 0.0337545 0.963076 -0.167462 -0.0262482 0.985529 -0.0560653 0.0198027 0.998231 -0.0461332 0.033758 0.998365 0.0560575 -0.026278 0.998082 0.167483 0.019766 0.985677 0.177222 0.0337575 0.983592 0.276752 -0.0262559 0.960583 0.382581 0.0197772 0.92371 0.391617 0.0337773 0.919508 0.483536 -0.0262379 0.874931 0.578572 0.01983 0.81539 0.586415 0.0337755 0.809306 0.66611 -0.0262461 0.745391 0.745492 0.0197967 0.66622 0.751806 0.0337877 0.658519 0.815285 -0.026234 0.578466 0.87505 0.0198079 0.483626 0.879484 0.033775 0.474728 0.92356 -0.0262527 0.382554 0.960736 0.0198008 0.276758 0.963075 0.033746 0.267111 0.985523 -0.0262524 0.167497 0.998232 0.0198145 0.0560439 0.998365 0.033769 0.0461118 0.998084 -0.0262438 -0.0560336 0.985668 0.0198271 -0.167526 0.983593 0.0337499 -0.177216 0.960593 -0.0262525 -0.276717 0.923698 0.0197976 -0.382611 0.929172 0 -0.369647 0.875211 0 -0.483741 0.862579 0.024906 -0.505309 0.815293 -0.0262588 -0.578453 0.74548 0.0198167 -0.666233 0.738564 0.0337474 -0.673338 0.666137 -0.0262579 -0.745367 0.578558 0.0198083 -0.815401 0.570213 0.0337747 -0.820802 0.483533 -0.0262609 -0.874932 0.382641 0.0197688 -0.923685 0.37326 0.0338012 -0.927111 0.276711 -0.0262305 -0.960595 0.167504 0.0197958 -0.985673 0.157628 0.0337818 -0.986921 0.0560582 -0.0262416 -0.998083 -0.056066 0.0198132 -0.99823 0.67806 0.705388 -0.20655 0.592233 0.77437 -0.222736 0.6486 0.705039 -0.286773 0.529639 0.791427 -0.305164 0.529706 0.791358 -0.305228 0.572797 0.7066 -0.415476 0.454595 0.791377 -0.408736 0.454603 0.791366 -0.408748 0.473807 0.70663 -0.525529 0.359561 0.791415 -0.494346 0.359566 0.791405 -0.494358 0.354045 0.706656 -0.612609 0.248829 0.791405 -0.558357 0.248818 0.79145 -0.558299 0.218802 0.706687 -0.672844 0.127205 0.791411 -0.597902 0.127203 0.791376 -0.59795 0.0740307 0.706617 -0.703713 0 0.791391 -0.61131 0 0.791391 -0.61131 -0.074029 0.706619 -0.703711 -0.12721 0.791393 -0.597925 -0.127189 0.791428 -0.597883 -0.218798 0.7067 -0.672832 -0.248807 0.791446 -0.558309 -0.248845 0.791399 -0.558358 -0.35408 0.706634 -0.612614 -0.359584 0.791384 -0.494378 -0.359604 0.791365 -0.494395 -0.473813 0.706598 -0.525567 -0.454606 0.791369 -0.40874 -0.454518 0.791444 -0.408692 -0.572762 0.706662 -0.415419 -0.529679 0.791389 -0.305194 -0.675402 0.702459 -0.224461 -0.609828 0.758619 -0.229364 -0.646701 0.706624 -0.28716 -0.52964 0.79142 -0.305183 0 1 0 0 1 0 0 1 0 0 1 0 0 1 0 0 1 0 0 1 0 0 1 0 0 1 0 0 1 0 0 1 0 0 1 0 0 1 0 2.09129e-07 1 2.55966e-07 1.86284e-07 1 -1.07332e-07 1.46962e-07 1 7.15889e-09 1.57077e-07 1 -5.90758e-08 0 1 0 0 1 0 0 1 0 0 1 0 0 1 0 0 1 0 0 1 0 0 1 0 1.06297e-07 1 -6.90689e-08 1.61459e-07 1 6.07268e-08 1.68449e-07 1 9.70583e-08 1.88567e-07 1 1.95067e-08 1.82465e-07 1 -2.79943e-07 1.04066e-07 1 7.80503e-08 8.49807e-08 1 1.5592e-07 7.69869e-08 1 -1.94214e-07 3.95173e-08 1 1.87263e-07 7.18131e-08 1 -2.02611e-07 1.25391e-08 1 -5.83699e-07 5.27359e-08 1 5.19961e-08 4.91895e-08 1 8.24588e-08 2.39121e-08 1 5.04498e-07 -4.38978e-07 1 3.50461e-06 0 1 0 -0.678069 0.705233 0.207047 -0.597368 0.769849 0.224685 -0.653661 0.700748 0.285796 -0.506652 0.805328 0.307816 -0.461465 0.846381 0.265874 -0.532001 0.753705 0.385881 -0.454543 0.791429 0.408693 -0.357213 0.861789 0.360164 -0.409321 0.791401 0.454028 -0.416194 0.706659 0.572202 -0.305873 0.791414 0.529251 -0.305884 0.791382 0.529291 -0.288033 0.70666 0.646273 -0.189043 0.79143 0.581292 -0.189041 0.791444 0.581274 -0.147198 0.706671 0.692061 -0.0639619 0.791382 0.607966 -0.0639682 0.791418 0.607919 0 0.706647 0.707567 0.0639597 0.791406 0.607935 0.0639742 0.791374 0.607976 0.147229 0.706643 0.692083 0.189054 0.791407 0.58132 0.189023 0.791452 0.58127 0.288016 0.706688 0.64625 0.305866 0.791415 0.529252 0.305878 0.791403 0.529265 0.416227 0.706619 0.572228 0.409332 0.791384 0.454047 0.409407 0.791315 0.454099 0.52618 0.706597 0.473134 0.494839 0.791403 0.358908 0.458099 0.830728 0.316284 0.675323 0.70254 0.224447 0.54009 0.80885 0.232516 0.558637 0.791447 0.248067 0.56943 0.753721 0.328106 4.76137e-08 1 9.78173e-08 4.79024e-08 1 3.59633e-07 8.26516e-08 1 -1.65844e-07 1.06447e-07 1 7.11811e-08 8.94578e-08 1 1.35378e-07 -2.04788e-07 1 1.98921e-06 5.16943e-08 1 6.04265e-08 0 1 0 0 1 0 0 1 0 3.28187e-08 1 2.65524e-07 7.18131e-08 1 -2.12393e-07 4.25002e-08 1 -3.98262e-07 1.0889e-07 1 -6.22161e-08 1.65714e-07 1 7.13419e-08 1.50421e-07 1 -2.53438e-07 1.56622e-07 1 -5.89096e-08 1.44592e-07 1 2.00394e-08 1.82386e-07 1 -1.10809e-07 0 1 0 0 1 0 0 1 0 0 1 0 0 1 0 0 1 0 0 1 0 0 1 0 0 1 0 0 1 0 0 1 0 1.89886e-07 1 1.50428e-07 1.93101e-07 1 -5.773e-08 0 1 0 0 1 0 0 1 0 0 1 0 0 1 0 0 1 0 0 1 0 0 1 0 0 1 0 0 1 0 0.0370459 -0.706582 0.706661 0.0956587 -0.79122 0.604003 0.0956341 -0.791269 0.603944 0.183155 -0.706582 0.683517 0.219148 -0.791244 0.570883 0.219144 -0.791249 0.570877 0.321251 -0.706603 0.630484 0.33304 -0.791258 0.512831 0.333018 -0.79128 0.51281 0.445282 -0.706649 0.549882 0.432359 -0.791281 0.432366 0.432344 -0.791294 0.432356 0.549934 -0.706609 0.445283 0.512874 -0.791216 0.333072 0.512905 -0.791191 0.333083 0.630527 -0.706542 0.321301 0.570883 -0.791248 0.219133 0.57092 -0.79122 0.219137 0.683517 -0.706582 0.183155 0.616762 -0.779571 0.108961 0.663664 -0.74061 0.105104 0.757143 -0.652042 0.0396925 0.646343 -0.762544 -0.0276945 0.671027 -0.740598 -0.0351775 0.748864 -0.652026 -0.118595 0.607155 -0.776768 -0.167316 0.590729 -0.79119 -0.158298 0.660659 -0.706559 -0.253582 0.544841 -0.79125 -0.277617 0.544899 -0.791193 -0.277667 0.593487 -0.706566 -0.385406 0.475242 -0.79123 -0.384836 0.475178 -0.79131 -0.384752 0.500338 -0.706608 -0.500367 0.384838 -0.791233 -0.475237 0.384822 -0.791261 -0.475204 0.385395 -0.706628 -0.59342 0.277578 -0.791296 -0.544795 0.277592 -0.79125 -0.544853 0.253577 -0.706645 -0.660569 0.158266 -0.791277 -0.590621 0.158268 -0.791226 -0.590688 0.110692 -0.70656 -0.698942 0.0320137 -0.791208 -0.610708 0 -0.866735 -0.498769 -0.0320126 -0.791211 -0.610705 -0.110691 -0.706567 -0.698936 -0.158276 -0.791251 -0.590652 -0.158254 -0.791286 -0.590611 -0.253576 -0.706645 -0.660569 -0.277598 -0.791272 -0.544819 -0.277557 -0.791319 -0.544772 -0.385396 -0.706642 -0.593404 -0.384823 -0.791251 -0.475219 -0.333727 -0.866746 -0.370644 -0.432361 -0.791275 -0.432374 -0.549888 -0.706632 -0.445302 -0.512809 -0.791279 -0.333023 -0.512754 -0.791323 -0.333004 -0.630472 -0.706637 -0.321199 -0.570893 -0.791236 -0.219149 -0.570833 -0.791282 -0.219142 -0.683489 -0.706614 -0.18314 -0.616745 -0.779586 -0.108954 -0.663633 -0.740638 -0.105098 -0.757124 -0.652065 -0.0396728 -0.629811 -0.775876 0.036807 -0.610682 -0.791229 0.0319997 -0.77985 -0.613662 0.123505 -0.734646 -0.649269 0.196839 -0.539364 -0.818568 0.197568 -0.570906 -0.791221 0.21917 -0.630472 -0.706638 0.321199 -0.512745 -0.791329 0.333004 -0.403499 -0.866745 0.293156 -0.475254 -0.79121 0.384865 -0.500395 -0.706548 0.500395 -0.384837 -0.791225 0.47525 -0.384841 -0.791219 0.475258 -0.385414 -0.70657 0.593477 -0.277632 -0.791224 0.544872 -0.27763 -0.791233 0.54486 -0.253604 -0.706562 0.660647 -0.15827 -0.791232 0.590681 -0.158268 -0.791279 0.590617 -0.110673 -0.706588 0.698917 -0.0320025 -0.79122 0.610693 -0.0320114 -0.791257 0.610645 0.954394 -0.0141249 -0.298217 0.965906 0.00551309 -0.258835 0.933574 -0.00603248 -0.358335 0.890978 -0.0048487 -0.45402 0.916145 0.00582379 -0.400805 0.838667 -0.00483807 -0.544623 0.866439 0.00482061 -0.49926 0.777169 -0.00482297 -0.629273 0.809468 0.00483623 -0.587144 0.707078 -0.00481904 -0.707119 0.743606 0.00485555 -0.668601 0.629323 -0.00483439 -0.777129 0.669605 0.00483931 -0.742701 0.544656 -0.00482458 -0.838646 0.5882 0.00483998 -0.808701 0.453954 -0.00482313 -0.891012 0.50037 0.00485245 -0.865798 0.358374 -0.00483369 -0.933566 0.40707 0.00483867 -0.913384 0.258806 -0.00482615 -0.965917 0.309245 0.00484328 -0.95097 0.156419 -0.00482633 -0.987679 0.208074 0.00484534 -0.978101 0.0523482 -0.00482835 -0.998617 0.104622 0.00484202 -0.9945 -0.0523466 -0.00482784 -0.998617 0 0.00484494 -0.999988 -0.156419 -0.00482512 -0.987679 -0.104619 0.00484322 -0.994501 -0.258816 -0.00482613 -0.965915 -0.208074 0.00484695 -0.978101 -0.358374 -0.00483635 -0.933566 -0.309245 0.00484094 -0.95097 -0.453962 -0.0048278 -0.891008 -0.407071 0.00483587 -0.913384 -0.544667 -0.00482218 -0.838638 -0.500404 0.00485257 -0.865778 -0.629311 -0.00483015 -0.777139 -0.588212 0.00483969 -0.808692 -0.707088 -0.00482617 -0.707109 -0.669583 0.00484014 -0.742721 -0.777129 -0.00483192 -0.629323 -0.74359 0.00484151 -0.668619 -0.838648 -0.00481636 -0.544653 -0.809489 0.00484381 -0.587115 -0.891021 -0.00483188 -0.453937 -0.866444 0.00485199 -0.499251 -0.933559 -0.00482815 -0.358392 -0.913939 0.0048303 -0.405824 -0.974427 -0.034587 -0.222027 -0.97065 1.92255e-07 -0.240496 -0.954264 -0.0142156 0.298627 -0.965916 0.00506118 0.258806 -0.933558 -0.00501965 0.358391 -0.891021 -0.00482804 0.453937 -0.917587 0.0064813 0.397482 -0.838643 -0.00482667 0.54466 -0.866464 0.00485012 0.499215 -0.777127 -0.00483244 0.629325 -0.80947 0.00483814 0.587141 -0.707099 -0.00483532 0.707099 -0.743608 0.0048353 0.668598 -0.629298 -0.00484349 0.777149 -0.669586 0.00483288 0.742719 -0.544639 -0.00484832 0.838657 -0.588209 0.00482126 0.808695 -0.453997 -0.00483748 0.89099 -0.50036 0.00482715 0.865804 -0.358371 -0.00484292 0.933567 -0.407079 0.00483153 0.91338 -0.258835 -0.00484064 0.965909 -0.309271 0.00482875 0.950962 -0.156399 -0.00482769 0.987682 -0.208039 0.00484189 0.978109 -0.0523498 -0.00484394 0.998617 -0.104646 0.0048315 0.994498 0.0523514 -0.00484445 0.998617 0 0.00482942 0.999988 0.156399 -0.00483009 0.987682 0.104646 0.0048299 0.994498 0.258825 -0.00482987 0.965912 0.208074 0.00484534 0.978101 0.358371 -0.00484027 0.933567 0.309245 0.004836 0.95097 0.453989 -0.00483627 0.890994 0.40707 0.00483278 0.913384 0.544627 -0.00483744 0.838664 0.500371 0.0048326 0.865798 0.62931 -0.00482904 0.77714 0.588221 0.00483842 0.808686 0.707088 -0.00481637 0.707109 0.669606 0.00484643 0.742701 0.777168 -0.00483639 0.629274 0.743586 0.00484851 0.668623 0.838662 -0.00483986 0.544631 0.809485 0.00482706 0.587121 0.890978 -0.00484208 0.45402 0.866446 0.00482334 0.499247 0.93358 -0.00483582 0.358338 0.913932 0.00483492 0.405839 0.974446 -0.034606 0.22194 0.970669 0 0.240419 0.967043 -1.89607e-07 -0.254612 0.975021 -0.00329754 -0.222088 0.970665 -9.81142e-08 -0.240434 0.987691 -1.00531e-07 -0.156417 0.987691 -1.01435e-07 -0.156417 0.998629 -1.01644e-07 -0.0523514 0.998629 -9.98195e-08 -0.0523514 0.998629 -1.03934e-07 0.0523521 0.998629 -1.01439e-07 0.0523521 0.987691 -1.00531e-07 0.156421 0.987691 0 0.15642 0.970669 0 0.240419 0.965914 -0.00447554 0.258826 0.948956 0.0034219 0.31539 -0.967032 0 0.254654 -0.975009 -0.00329634 0.222142 -0.970654 0 0.240481 -0.987691 0 0.156421 -0.98769 1.01437e-07 0.156421 -0.99863 1.01644e-07 0.0523282 -0.99863 9.87418e-08 0.0523282 -0.99863 1.03933e-07 -0.0523275 -0.99863 1.01978e-07 -0.0523276 -0.987691 1.00531e-07 -0.156417 -0.987691 1.01435e-07 -0.156417 -0.97065 9.87966e-08 -0.240495 -0.965916 -0.00445442 -0.258817 -0.948961 0.00344173 -0.315375 -2.3118e-07 -1 -1.04963e-07 -5.47838e-07 -1 3.96953e-07 -6.25883e-07 -1 -1.98889e-07 1.2509e-05 -1 3.97502e-06 1.86334e-05 -1 -5.08524e-06 1.98382e-05 -1 -1.61299e-06 4.9745e-06 -1 -8.87012e-06 0 -1 0 0 -1 0 0 -1 0 0 -1 0 -3.67746e-07 -1 1.94763e-07 0 -1 0 0 -1 0 0 -1 0 0 -1 0 0 -1 0 0 -1 0 0 -1 0 0 -1 0 0 -1 0 0 -1 0 0 -1 0 0 -1 0 0 -1 0 0 -1 0 0 -1 0 0 -1 0 0 -1 0 -5.8257e-07 -1 4.65479e-08 -6.17671e-07 -1 -1.43114e-07 0 -1 0 0 -1 0 0 -1 0 0 -1 0 0 -1 0 0 -1 0 0 -1 0 0 -1 0 0 -1 0 -3.67766e-07 -1 1.94767e-07 -3.85259e-07 -1 1.43817e-07 -3.85232e-07 -1 1.4384e-07 0 -1 0 0 -1 0 0 -1 0 0 -1 0 0 -1 0 0 -1 0 0 -1 0 0 -1 0 0 -1 0 0 -1 0 0 -1 0 0 -1 0 0 -1 0 0 -1 0 0 -1 0 0.127592 -0.706519 -0.696097 0.244532 -0.569477 -0.784793 0.244596 -0.569314 -0.784891 0.290473 -0.706445 -0.645415 0.520998 -0.442821 -0.729706 0.49756 -0.443597 -0.745423 0.500411 -0.7065 -0.500446 0.647168 -0.569304 -0.507017 0.647142 -0.569344 -0.507006 0.605663 -0.706468 -0.366164 0.749721 -0.56927 -0.337417 0.749679 -0.569328 -0.337411 0.675657 -0.706522 -0.21051 0.80851 -0.569517 -0.148193 0.782872 -0.603722 -0.150434 0.639869 -0.768039 -0.0261416 0.817544 -0.572946 0.0579275 0.637481 -0.763385 0.104218 0.713678 -0.664245 0.222355 0.790866 -0.546501 0.275442 0.59794 -0.755016 0.269107 0.540833 -0.774978 0.326969 0.648986 -0.565955 0.508441 0.647826 -0.568553 0.50702 0.500455 -0.70645 0.500473 0.507021 -0.569342 0.647132 0.507037 -0.569282 0.647172 0.366147 -0.706461 0.605681 0.302831 -0.436615 0.847148 0.333407 -0.439414 0.83412 0.127561 -0.706523 0.696099 0.0496384 -0.569424 0.820544 0.0496291 -0.569364 0.820586 -0.0427347 -0.70649 0.706431 -0.14818 -0.569366 0.808619 -0.232879 -0.230318 0.944839 -0.244576 -0.56925 0.784944 -0.29048 -0.706464 0.645391 -0.425321 -0.569319 0.703547 -0.425277 -0.569403 0.703505 -0.436448 -0.706528 0.557075 -0.581295 -0.5694 0.581275 -0.581294 -0.569402 0.581274 -0.557101 -0.706469 0.436509 -0.703579 -0.569267 0.425337 -0.753645 -0.490073 0.438004 -0.597842 -0.755121 0.269031 -0.603282 -0.775047 0.188021 -0.810994 -0.565865 0.148612 -0.782043 -0.605004 0.149592 -0.639872 -0.768036 0.0261397 -0.855334 -0.511833 -0.0801923 -0.651542 -0.751115 -0.106392 -0.603394 -0.774952 -0.188056 -0.751763 -0.566047 -0.338296 -0.750383 -0.568492 -0.337258 -0.605716 -0.706416 -0.366176 -0.661919 -0.435066 -0.610394 -0.683261 -0.43878 -0.583632 -0.436514 -0.706441 -0.557133 -0.425346 -0.569243 -0.703593 -0.425342 -0.569261 -0.703581 -0.290473 -0.706446 -0.645415 -0.244577 -0.569259 -0.784937 -0.244574 -0.569421 -0.78482 -0.127592 -0.706519 -0.696097 0.0170689 -0.437053 -0.899274 -0.0154625 -0.440395 -0.897671 0.288716 0 0.957415 0.297462 -0.00757356 0.954704 0.423933 -0.0136539 0.905591 0.425218 -0.0149624 0.904967 0.517329 0.00573097 0.855767 0.576339 -0.0453927 0.815949 0.616738 3.50412e-05 0.787169 0.707095 3.14647e-05 0.707119 0.725694 -0.0247 0.687574 0.786921 0.026007 0.616505 0.8556 -0.019588 0.517267 0.859162 -0.0290431 0.510879 0.91147 0.0308002 0.410213 0.954605 -0.0164627 0.297419 0.950913 6.77194e-06 0.309458 0.98763 3.43448e-06 0.1568 0.99139 -0.0489937 0.121434 0.999056 0.0242014 -0.0360711 0.991114 -0.0543473 -0.121402 0.983614 -6.63357e-07 -0.180289 0.954734 -6.58649e-07 -0.29746 0.954735 0 -0.297459 0.911902 0 -0.410408 0.894669 -0.0356614 -0.445304 0.855625 0.0180238 -0.517282 0.787115 -0.0136026 -0.616657 0.794254 0 -0.607587 0.707082 0 -0.707131 0.707094 1.56141e-05 -0.707119 0.629246 1.72087e-05 -0.777206 0.577239 -0.0509786 -0.814982 0.501367 0.00116787 -0.865234 0.428072 -0.0179058 -0.903567 0.410407 0 -0.911902 0.280428 0 -0.959875 0.297392 -0.0245703 -0.954439 0.180204 0.0313289 -0.98313 0.0653102 -0.0214367 -0.997635 0.0521889 -0.0375111 -0.997933 -0.0833063 0.0172891 -0.996374 -0.180257 -0.0196664 -0.983423 -0.182162 -0.022184 -0.983018 -0.297444 0.0159085 -0.954607 -0.381583 -0.0375811 -0.92357 -0.4104 -0.00591095 -0.911887 -0.517335 0.00649688 -0.855758 -0.573423 -0.0485982 -0.817817 -0.616744 2.04116e-07 -0.787164 -0.70079 2.41729e-07 -0.713367 -0.725575 -0.0299995 -0.687489 -0.801269 0.0171534 -0.598059 -0.855611 -0.0196458 -0.517246 -0.859141 -0.0290143 -0.510916 -0.911486 0.0308609 -0.410172 -0.954579 -0.0163623 -0.297507 -0.95091 6.43729e-07 -0.309467 -0.987635 6.81346e-07 -0.156768 -0.991393 -0.0489792 -0.121411 -0.999057 0.0242188 0.0360487 -0.991118 -0.054328 0.121379 -0.983622 0 0.180246 -0.954707 0 0.297548 -0.954707 0 0.297548 -0.91192 0 0.410367 -0.894689 -0.0356607 0.445265 -0.855638 0.0180301 0.517261 -0.787077 -0.0136281 0.616704 -0.794229 0 0.607619 -0.707119 0 0.707095 -0.707119 0 0.707095 -0.616726 0 0.787178 -0.573209 -0.0488077 0.817954 -0.517338 0.00656731 0.855756 -0.410423 -0.00496347 0.911882 -0.414894 0 0.90987 -0.297478 0 0.954729 -0.297478 0 0.954729 -0.180249 0 0.983621 -0.180249 1.55437e-08 0.983621 -0.0603833 5.20713e-09 0.998175 -0.0603833 4.06807e-10 0.998175 0.0603841 -4.06812e-10 0.998175 0.0603841 -5.2072e-09 0.998175 0.180249 -1.55437e-08 0.983621 0.180249 0 0.983621 -2.18635e-12 0.707086 -0.707128 0 0.707086 -0.707128 0.000343692 1 -0.000105254 0.00033372 1 -4.27708e-05 9.49718e-08 1 -1.70042e-07 -1.67014e-05 1 -5.86124e-05 1.2714e-07 1 3.59766e-07 6.08472e-05 1 -0.000165118 -1.15882e-05 1 0.000136054 7.16837e-08 1 -2.88065e-08 -3.09707e-05 1 -9.4847e-06 -3.11692e-05 1 -1.57119e-05 8.51762e-06 1 -1.94062e-06 8.72898e-06 1 -1.38241e-06 8.87059e-06 1 -4.64819e-07 8.81594e-06 1 4.61949e-07 -4.10739e-06 1 4.77003e-05 6.68186e-08 1 1.05819e-08 6.54974e-08 1 1.49238e-08 1.8052e-07 1 -3.99439e-07 2.49132e-08 1 -2.92507e-07 5.22809e-08 1 3.11611e-13 -1.30982e-05 1 -9.68621e-06 -8.79476e-06 1 5.44398e-05 5.03547e-08 1 5.25413e-08 4.78073e-08 1 7.07435e-08 4.83734e-08 1 -5.36086e-08 4.45648e-08 1 -6.73184e-08 6.95906e-08 1 6.12501e-08 7.36499e-08 1 9.121e-08 8.43724e-08 1 1.51064e-07 1.07846e-07 1 -1.59552e-07 8.9795e-08 1 -9.36943e-08 -0.000366572 0.999999 0.00163243 0.000402826 1 -0.000297981 0.000363933 1 -0.000183453 2.68559e-07 -1 -1.03139e-06 3.33395e-08 1 5.75283e-08 4.44534e-08 1 9.83628e-08 3.89487e-08 1 1.49581e-07 2.49138e-08 1 2.92501e-07 6.70165e-08 1 -1.52648e-08 6.86188e-08 1 -1.08669e-08 6.96145e-08 1 -3.64942e-09 6.90505e-08 1 3.6199e-09 6.69895e-08 1 1.06091e-08 6.7282e-08 1 1.0054e-08 6.57976e-08 1 1.49861e-08 0.000330965 1 1.40565e-05 0.000334769 1 7.21522e-05 0.000122015 0.999999 -0.00116063 6.83126e-08 1 2.74519e-08 6.81892e-08 1 4.19869e-08 7.99541e-08 1 -9.90175e-08 7.42785e-08 1 -6.53761e-08 7.20515e-08 1 -4.43652e-08 1.64738e-07 1 -4.66064e-07 -3.14192e-05 1 -4.02682e-06 -3.25268e-05 1 1.38148e-06 -3.44962e-05 1 7.43494e-06 -4.56561e-06 1 -6.16576e-05 1.58251e-07 1 9.23079e-07 3.19832e-08 1 -8.26755e-08 1.2064e-07 -1 -7.03819e-07 2.77921e-08 1 8.27208e-08 3.97355e-08 1 8.6401e-08 4.74008e-08 1 5.82549e-08 0 1 5.55589e-07 5.22809e-08 1 -7.05315e-09 4.7134e-08 1 -6.1054e-08 7.39363e-08 0.707106 0.707107 5.01345e-08 0.707107 0.707107 0 0 1 3.52008e-08 2.03378e-09 1 3.59066e-08 -2.07504e-09 1 0 0 1 0.296392 0.114689 0.948155 0.514273 0.48819 0.70512 0.726055 0.467885 0.503912 0.956002 -0.0211716 0.292596 0.849851 -0.515967 0.107383 0.949097 -0.3147 0.0133815 0.701177 -0.250896 -0.667385 0.66097 -0.325988 -0.675907 0.415428 0.434443 -0.799174 0.177184 0.6144 -0.768842 0 0.590013 -0.807394 -0.20368 0.420743 -0.884019 -0.310885 0.217095 -0.925322 -0.378241 0.502216 -0.777633 -0.472249 0.692745 -0.545055 -0.614351 0.683978 -0.393379 -0.819263 0.502365 -0.276473 -0.957401 0.216776 -0.190766 -0.84384 0.530013 -0.083792 -0.569757 0.814962 0.105896 -0.451877 0.864872 0.218644 -0.40254 0.798103 0.448323 -0.382728 0.369463 0.846768 -0.199719 -0.470539 0.85948 -0.134069 -0.307878 0.941932 -0.140914 -0.00134429 0.990021 -0.233532 0.000179759 0.972349 -0.411869 -0.00161548 0.911242 -0.44636 -0.000526413 0.894853 -0.671167 -0.000989583 0.741305 -0.676359 -0.00074518 0.736572 -0.825959 0.0010548 0.563729 -0.898003 -0.00217307 0.439985 -0.960508 0.000842566 0.278252 -0.983162 -0.00119858 0.182732 -0.995106 0.00101981 -0.0988124 -0.998342 -0.000484462 -0.0575676 -0.947502 -0.00094543 -0.319749 -0.935697 6.53352e-08 -0.352803 -0.840013 7.01055e-08 -0.542566 -0.830809 0.000451357 -0.556557 -0.657541 -0.000444119 -0.753419 -0.605892 0.00135129 -0.795546 -0.437403 -0.000536665 -0.899265 -0.333681 0.00160044 -0.942685 -0.22452 -0.00112661 -0.974469 0 -6.8162e-05 -1 0.0770623 0.00176639 -0.997025 0.224569 -0.0010814 -0.974458 0.368791 0.000359492 -0.929512 0.462569 -0.00178417 -0.886582 0.611396 0.000997188 -0.791324 0.725012 -0.000729649 -0.688736 0.77532 0.000723857 -0.631568 0.8609 -0.000962976 -0.508773 0.933381 0.00161509 -0.358884 0.969773 -0.00102826 -0.244007 0.9999 0.0010183 0.0140978 0.999628 -0.000486597 -0.0272865 0.956216 -0.00103749 0.292662 0.951643 -0.000483293 0.307207 0.82058 -0.000988564 0.571531 0.816464 -0.000739317 0.577396 0.663915 0.00106164 0.747807 0.590958 -0.0010531 0.806702 0.390463 0.000760795 0.920618 0.398704 0.000450446 0.917079 0.117768 -0.000253883 0.993041 0.0640092 0.00121667 0.997949 0.325863 0.424041 0.844987 0.574155 -0.24198 0.782171 0.493474 0.177273 0.851503 0.588731 0.670431 0.451572 0.642679 0.713256 0.279697 0.90895 0.401707 -0.111541 0.96995 -0.00631543 -0.243221 0.689195 0.59643 -0.411438 0.428722 0.703366 -0.566986 0.301746 0.548218 -0.780004 0.268324 0.592741 -0.759381 0.0396863 0.713199 -0.699837 -0.124803 0.674418 -0.727726 -0.369653 0.466156 -0.803776 -0.353899 0.39867 -0.84606 -0.481555 0.625809 -0.61357 -0.746461 0.508652 -0.429034 -0.971177 -0.113972 -0.209346 -0.92928 -0.342279 -0.138863 -0.935392 0.332688 0.119834 -0.754511 0.543444 0.367944 -0.646207 0.267095 0.714897 -0.432108 -0.357806 0.827803 -0.551969 0.0112015 0.833789 -0.213086 0.533661 0.818413 -0.0664233 0.620227 0.781605 0.110769 0.617775 0.778514 -0.0846779 4.29371e-09 0.996408 -0.165444 0.00155238 0.986218 -0.251964 -6.98879e-05 0.967737 -0.462743 9.71211e-05 0.886492 -0.443992 -0.000518774 0.896031 -0.671212 -0.000985288 0.741265 -0.702751 0.00052535 0.711435 -0.898006 -0.000615252 0.439983 -0.899571 -0.000485472 0.436775 -0.991893 -0.0010345 0.127073 -0.993719 -0.000478969 0.111902 -0.977546 -0.00102895 -0.210719 -0.974261 -0.000481323 -0.225421 -0.866074 -0.000987869 -0.499915 -0.843529 0.000524438 -0.537083 -0.619201 -0.000616236 -0.785232 -0.616374 -0.000485505 -0.787453 -0.385892 -0.000945178 -0.922544 -0.353299 1.7194e-08 -0.935511 -0.169029 8.57084e-09 -0.985611 -0.113644 0.00106727 -0.993521 0.0566169 -0.00145248 -0.998395 0.213724 0.000750507 -0.976894 0.333159 -0.00160985 -0.942869 0.477539 0.00139538 -0.878609 0.605597 -0.00177717 -0.79577 0.760527 0.00157868 -0.649304 0.857537 -0.0021698 -0.514417 0.933456 0.000842263 -0.35869 0.970681 -0.00173724 -0.240366 0.997967 0.00102588 -0.063729 0.990029 -0.0012138 0.140862 0.986355 -0.000527597 0.164634 0.916928 -0.000948946 0.399051 0.9023 -4.57523e-08 0.431108 0.791146 -4.01161e-08 0.611627 0.780849 0.000448949 0.624719 0.590989 -0.000446876 0.80668 0.577608 -2.65252e-06 0.816314 0.359814 -3.01653e-06 0.933024 0.376861 -0.00052639 0.92627 0.140863 -0.000946804 0.990029 0.105988 -5.37426e-09 0.994367 0 1 0 0 1 0 0 1 0 0 1 0 0 1 0 0 1 0 0 1 0 0 1 0 0 1 0 0 1 0 0 1 0 0 1 0 0 1 0 0 1 0 0 1 0 0 1 0 0 1 0 0 1 0 -0.106105 -0.0111619 0.994292 -0.245823 0.0425116 0.968382 -0.445768 -0.0353313 0.894451 -0.727356 0.057525 0.683845 -0.866827 -0.0575636 0.495276 -0.995601 0.0592772 0.0725554 -0.99976 -0.00617229 -0.0210046 -0.847634 -0.0381362 -0.529209 -0.751727 0.0708939 -0.655653 -0.381164 -0.0556783 -0.922829 -0.174954 0.0468524 -0.983461 0.122002 -0.0326719 -0.991992 0.35316 0.0325424 -0.934997 0.474376 -0.0160299 -0.880176 0.775133 0.00778751 -0.63175 0.764673 -0.00348166 -0.644409 0.99129 0.0243765 -0.129418 0.997418 -0.0266727 -0.0666718 0.860223 -0.000450153 0.509917 0.823579 0.0401317 0.56578 0.649905 -0.022327 0.759687 0.437665 -0.00197654 0.899136 0.363703 0.037 0.93078 0.122616 -0.0287389 0.992038 -0.361411 -0.0232066 0.932118 -0.531226 0.025389 0.84685 -0.894746 -0.0228189 0.445991 -0.954269 0.0122711 0.298698 -0.956884 0.000725457 -0.290469 -0.955448 -0.000722409 -0.295159 -0.600773 -0.0127407 -0.799318 -0.442372 0.0344083 -0.896171 0.171151 -0.0447175 -0.984229 0.512986 0.0496683 -0.856959 0.904494 -0.0455828 -0.424044 0.998085 0.0410273 -0.046293 0.915726 -0.031902 0.400535 0.734581 0.018785 0.678261 0.407711 -0.0129313 0.91302 0.296117 0.014312 0.955044 0 1 0 0 1 0 0 1 0 0 1 0 0 1 0 0 1 0 0 1 0 0 1 0 0 1 0 0 1 0 0 1 0 0 1 0 0 1 0 0 1 0 0 1 0 0 1 0 0 1 0 0 1 0 -0.406154 0.0255151 0.913448 -0.496748 -0.0458345 0.866684 -0.816549 0.00722679 0.577231 -0.846634 -0.0206422 0.531775 -0.989867 0.00453679 0.141925 -0.996483 0.0370184 0.0751788 -0.980042 -0.0347264 -0.195736 -0.870753 0.0173752 -0.491414 -0.837553 0.0485559 -0.544194 -0.711908 -0.0222276 -0.701921 -0.512074 -0.0299683 -0.858418 -0.338625 0.0424927 -0.939961 -0.206473 -0.0076925 -0.978422 0.021475 -0.0139079 -0.999673 0.249269 0.0489721 -0.967195 0.368397 -0.0242839 -0.929352 0.838526 0.0031441 -0.544852 0.863761 0.0478198 -0.501627 0.992961 -0.0589703 0.102719 0.964578 0.0501962 0.258979 0.728241 -0.0303158 0.68465 0.676274 0.0125068 0.736544 0.218012 -0.0154434 0.975824 0.201268 -0.00186628 0.979535 -0.256434 -0.0233225 0.96628 -0.458407 0.0175502 0.888569 -0.852743 -0.0123176 0.522186 -0.906027 0.0125118 0.423034 -0.998815 -0.00128636 -0.0486561 -0.998837 -0.00138031 -0.0482052 -0.804761 0.00783832 -0.593547 -0.728844 -0.0231201 -0.68429 -0.0705197 0.0347608 -0.996905 0.079222 -0.0137714 -0.996762 0.772786 0.00476283 -0.634648 0.742294 -0.0122013 -0.669963 0.999638 0.0239861 0.0121708 0.970491 -0.036254 0.238398 0.694896 0.0293507 0.718511 0.46078 -0.026395 0.887122 0.0935583 0.0190251 0.995432 0 1 0 0 1 0 0 1 0 0 1 0 0 1 0 0 1 0 0 1 0 0 1 0 0 1 0 0 1 0 0 1 0 0 1 0 0 1 0 0 1 0 0 1 0 0 1 0 0 1 0 0 1 0 -0.406993 0.0624284 0.911295 -0.515987 -0.0230099 0.856287 -0.883048 0.00350398 0.469269 -0.890041 0.0140006 0.455665 -0.998719 -0.0139227 -0.0486501 -0.991487 0.0383116 -0.124444 -0.798989 -0.0501805 -0.599249 -0.654068 0.0528754 -0.754586 -0.478409 -0.0253866 -0.87777 -0.14778 0.0304037 -0.988553 -0.047337 -0.0180087 -0.998717 0.342952 0.00605674 -0.939334 0.353277 0.0124927 -0.935435 0.754701 -0.0139425 -0.655921 0.783921 0.01751 -0.620614 0.999063 -0.0208273 -0.037943 0.99983 -0.00315345 -0.0181781 0.807372 0.0255085 0.589491 0.729008 -0.059268 0.681934 0.334721 0.065324 0.94005 0.108663 -0.0740213 0.991319 -0.148791 -0.00663539 0.988846 -0.218829 0.0164649 0.975624 -0.835266 0.000618269 0.549846 -0.866063 -0.0188286 0.499581 -0.988503 0.0134167 -0.150603 -0.926057 -0.0291559 -0.376256 -0.791906 0.0238235 -0.610178 -0.227121 -0.0244788 -0.973559 -0.0988662 0.0153708 -0.994982 0.561253 7.39908e-05 -0.827644 0.605791 0.0139268 -0.795502 0.9402 -0.0161394 -0.340239 0.968877 0.0053043 -0.247486 0.978836 0.0134902 0.2042 0.915862 -0.0263511 0.400627 0.627774 0.0298948 0.777821 0.45865 -0.016339 0.888467 0 1 0 0 1 0 0 1 0 0 1 0 0 1 0 0 1 0 0 1 0 0 1 0 0 1 0 0 1 0 0 1 0 0 1 0 0 1 0 0 1 0 0 1 0 0 1 0 0 1 0 0 1 0 -0.166349 0.0490144 0.984848 -0.262143 -0.00828451 0.964994 -0.695872 -0.0382065 0.717149 -0.781818 0.0501934 0.621483 -0.978613 -0.0260664 0.204051 -0.996482 0.0370161 0.0751869 -0.98446 -0.028707 -0.173244 -0.887512 -0.00516676 -0.460755 -0.820568 0.0517575 -0.5692 -0.652369 -0.0764498 -0.754036 -0.173072 0.0624146 -0.98293 -0.0242712 -0.0423892 -0.998806 0.533989 0.0468639 -0.844192 0.60895 -0.0267323 -0.792758 0.958099 0.000609957 -0.286435 0.96916 0.0306979 -0.244513 0.99015 -0.0277753 0.137228 0.926996 0.0619974 0.369912 0.830591 -0.0404207 0.555414 0.551215 -0.0181709 0.834165 0.442765 0.0543458 0.894989 0.131961 -0.0326744 0.990716 -0.201516 -0.0105804 0.979428 -0.478025 0.0212808 0.878089 -0.716516 -0.0258571 0.697091 -0.977284 0.0397568 0.208172 -0.999739 -0.0193982 0.0120634 -0.784023 -0.0102033 -0.620648 -0.678537 0.0297007 -0.733966 -0.333087 -0.00921723 -0.942851 -0.131524 0.0201962 -0.991107 0.342684 -0.014016 -0.939346 0.451641 0.0140241 -0.89209 0.905897 -0.0232105 -0.422862 0.969492 0.0253805 -0.243805 0.954589 -0.0228306 0.29705 0.850963 0.0323203 0.524231 0.460705 -0.0354536 0.886845 0.119803 0.0317443 0.99229 0 0 -1 -3.52008e-08 2.03426e-09 -1 -3.59065e-08 -2.07455e-09 -1 0 0 -1 0 -1 0 0 -1 0 0 -1 0 0 -1 0 0 1 0 0 -1 0 0 -1 0 0 -1 0 0 -1 0 0 -1 0 0 -1 0 0 1 0 0 -1 0 0 -1 0 0 -1 0 0 -1 0 0 -1 0 0 -1 0 0 -1 0 0 -1 0 0 -1 0 0 -1 0 0 -1 0 0 -1 0 0 1 0 0 -1 0 0 -1 0 0 -1 0 0 -1 0 0 -1 0 0 -1 0 0 -1 0 0 -1 0 0 -1 0 0 -1 0 0 -1 0 0 -1 0 0 -1 0 0 -1 0 0 -1 0 0 -1 0 0 -1 0 0 -1 0 0 1 0 0 1 0 0 -1 0 0 1 0 0 -1 0 0 -1 0 0 -1 0 0 -1 0 0 -1 0 0 -1 0 0 1 0 0 -1 0 0 -1 0 0 -1 0 0 -1 0 0 -1 0 0 -1 0 0 -1 0 0 1 0 0 -1 0 0 -1 0 0 -1 0 0 -1 0 0 -1 0 0 -1 0 0 -1 0 0 -1 0 0 1 0 0 -1 0 0 1 0 0 1 0 0 -1 0 0 -1 0 0 -1 0 0 -1 0 0 -1 0 0 -1 0 0 -1 0 0 -1 0 0 -1 0 0 -1 0 0 -1 0 0 -1 0 0 -1 0 0 -1 0 0 -1 0 0 -1 0 0 -1 0 0 -1 0 0 -1 0 0 1 0 0 1 0 0 1 0 0 -1 0 0 -1 0 0 -1 0 0 -1 0 0 -1 0 0 1 0 0 -1 0 0 -1 0 0 -1 0 0 -1 0 0 -1 0 0 -1 0 0 1 0 0 1 0 0 -1 0 0 1 0 0 1 0 0 -1 0 0 -1 0 0 -1 0 0 -1 0 0 -1 0 0 -1 0 0 1 0 0 1 0 0 1 0 0 1 0 0 1 0 0 -1 0 0 -1 0 0 -1 0 0 -1 0 -0.000144627 0.999996 0.00298496 0 -1 0 0 -1 0 0 -1 0 0 1 0 0 1 0 0 -1 0 0 -1 0 0 1 0 0 1 0 0 -1 0 0 -1 0 0 -1 0 0 -1 0 0 -1 0 0 1 0 0 1 0 0 1 0 0 -1 0 0 -1 0 0 -1 0 0 -1 0 0 -1 0 0 1 0 0 -1 0 0 -1 0 0 -1 0 0 -1 0 0 -1 0 0.628235 -3.11217e-08 -0.778024 0.684215 0.00267698 -0.729276 0.750658 -0.000385395 -0.66069 0.851522 0.000295913 -0.524319 0.84763 -3.14927e-08 -0.530589 0.927882 -3.44743e-08 -0.372875 0.927882 -3.44743e-08 -0.372875 0.977553 -3.63198e-08 -0.210691 0.977553 -1.31236e-08 -0.21069 0.999099 -2.25134e-08 -0.0424337 0.999099 -2.24806e-08 -0.0424337 0.991887 -3.13578e-08 0.127125 0.991887 -5.62212e-08 0.127124 0.956166 -6.36862e-08 0.292824 0.956166 -4.73669e-08 0.292824 0.892964 -4.4236e-08 0.450128 0.892964 -3.3177e-08 0.450128 0.80403 -2.98728e-08 0.594588 -0.628235 2.33413e-08 -0.778024 -0.628235 3.11218e-08 -0.778024 -0.487619 2.41559e-08 -0.873057 -0.487619 2.11364e-08 -0.873057 -0.333201 1.4443e-08 -0.942856 -0.333201 1.4443e-08 -0.942856 -0.168973 7.32434e-09 -0.985621 -0.168974 -1.83109e-09 -0.985621 0 0 -1 0 0 -1 0.168943 1.56922e-09 -0.985626 0.168943 2.0923e-09 -0.985626 0.33326 4.12729e-09 -0.942835 0.333259 -1.44455e-08 -0.942835 0.487618 -2.11364e-08 -0.873057 0.487618 -2.41558e-08 -0.873057 -0.691924 2.5625e-08 0.72197 -0.803947 2.98697e-08 0.594701 -0.803947 2.98697e-08 0.594701 -0.892963 3.3177e-08 0.450129 -0.892964 4.4236e-08 0.450129 -0.956167 4.7367e-08 0.292822 -0.956167 7.36425e-09 0.292823 -0.991887 1.74835e-08 0.127124 -0.991887 1.77787e-08 0.127124 -0.999099 2.70132e-08 -0.042433 -0.999099 2.69803e-08 -0.042433 -0.977553 3.53028e-08 -0.21069 -0.977553 3.63198e-08 -0.21069 -0.927882 3.44743e-08 -0.372875 -0.927882 3.44743e-08 -0.372875 -0.851523 3.16373e-08 -0.524318 -0.851523 3.16373e-08 -0.524318 -0.750658 2.78898e-08 -0.660691 -0.750658 2.78898e-08 -0.660691 0.803999 1.86965e-06 0.59463 0.691924 2.28115e-06 0.72197 0.630386 0.00296187 0.776276 0.559919 -0.000104633 0.828547 0.411829 8.47715e-05 0.911261 0.413905 -1.79412e-08 0.91032 0.251984 -1.09225e-08 0.967731 0.251984 1.56036e-09 0.967732 0.0848681 5.25528e-10 0.996392 0.0848681 -9.85366e-11 0.996392 -0.0848643 9.85322e-11 0.996393 -0.0848643 -5.25505e-10 0.996393 -0.251983 -1.56035e-09 0.967732 -0.251983 1.09225e-08 0.967732 -0.411829 1.78512e-08 0.911261 -0.415781 0.000156668 0.909465 -0.560001 -0.000103208 0.828492 -0.630827 0.00293899 0.775918 0.47021 -0.307508 0.827249 -0.456344 0.806242 -0.376463</float_array>
                    <technique_common>
                        <accessor count="9992" source="#shape0-lib-normals-array" stride="3">
                            <param name="X" type="float"/>
                            <param name="Y" type="float"/>
                            <param name="Z" type="float"/>
                        </accessor>
                    </technique_common>
                </source>
                <vertices id="shape0-lib-vertices">
                    <input semantic="POSITION" source="#shape0-lib-positions"/>
                </vertices>
                <triangles count="9992">
                    <input offset="0" semantic="VERTEX" source="#shape0-lib-vertices"/>
                    <input offset="1" semantic="NORMAL" source="#shape0-lib-normals"/>
                    <p>0 0 1 0 2 0 2 1 1 1 3 1 2 2 3 2 5 2 5 3 3 3 4 3 6 4 7 4 8 4 106 5 9 5 7 5 7 6 9 6 8 6 10 7 1 7 8 7 8 8 1 8 11 8 4 9 10 9 12 9 4 10 3 10 10 10 8 11 11 11 6 11 10 12 3 12 1 12 15 13 11 13 0 13 0 14 11 14 1 14 13 15 7 15 6 15 13 16 6 16 14 16 14 17 6 17 15 17 15 18 6 18 11 18 16 19 17 19 18 19 18 20 17 20 19 20 18 21 19 21 21 21 21 22 19 22 20 22 28 23 22 23 23 23 23 24 22 24 25 24 26 25 17 25 23 25 23 26 17 26 27 26 26 27 24 27 20 27 26 28 20 28 19 28 27 29 28 29 23 29 26 30 19 30 17 30 31 31 27 31 16 31 16 32 27 32 17 32 29 33 22 33 28 33 29 34 28 34 30 34 30 35 28 35 31 35 31 36 28 36 27 36 32 37 33 37 34 37 34 38 33 38 35 38 32 39 34 39 36 39 36 40 34 40 37 40 39 41 38 41 36 41 39 42 36 42 37 42 39 43 40 43 38 43 38 44 40 44 41 44 41 45 237 45 42 45 237 46 43 46 42 46 43 47 234 47 44 47 234 48 46 48 44 48 44 49 46 49 45 49 46 50 47 50 45 50 48 51 47 51 49 51 48 52 49 52 50 52 48 53 50 53 51 53 51 54 50 54 52 54 224 55 53 55 52 55 224 56 52 56 50 56 53 57 224 57 56 57 53 58 56 58 54 58 57 59 55 59 56 59 56 60 55 60 54 60 55 61 57 61 58 61 60 62 61 62 59 62 61 63 217 63 62 63 217 64 212 64 62 64 62 65 212 65 63 65 63 66 212 66 64 66 65 67 64 67 210 67 66 68 65 68 210 68 65 69 66 69 67 69 67 70 66 70 68 70 68 71 66 71 187 71 68 72 187 72 69 72 69 73 187 73 175 73 69 74 175 74 70 74 70 75 175 75 71 75 72 76 71 76 73 76 72 77 73 77 74 77 74 78 73 78 173 78 74 79 173 79 75 79 75 80 173 80 76 80 76 81 173 81 77 81 76 82 77 82 78 82 78 83 77 83 174 83 79 84 174 84 80 84 82 85 79 85 80 85 79 86 82 86 81 86 82 87 83 87 81 87 82 88 160 88 83 88 160 89 84 89 83 89 84 90 132 90 85 90 85 91 132 91 86 91 86 92 130 92 87 92 87 93 130 93 88 93 88 94 130 94 89 94 89 95 149 95 90 95 91 96 145 96 92 96 145 97 94 97 92 97 145 98 93 98 94 98 96 99 95 99 94 99 96 100 94 100 93 100 95 101 93 101 97 101 98 102 136 102 99 102 104 103 101 103 100 103 104 104 100 104 99 104 102 105 101 105 103 105 103 106 101 106 104 106 103 107 104 107 105 107 129 108 107 108 108 108 129 109 108 109 106 109 109 110 110 110 163 110 111 111 112 111 163 111 113 112 157 112 158 112 154 113 114 113 155 113 114 114 115 114 153 114 152 115 116 115 153 115 116 116 151 116 153 116 117 117 118 117 146 117 143 118 121 118 144 118 121 119 122 119 142 119 122 120 123 120 142 120 141 121 124 121 142 121 124 122 125 122 93 122 126 123 139 123 131 123 137 124 127 124 131 124 98 125 97 125 131 125 89 126 130 126 149 126 148 127 149 127 153 127 84 128 160 128 132 128 132 129 160 129 158 129 105 130 104 130 106 130 106 131 104 131 129 131 104 132 99 132 133 132 104 133 133 133 129 133 129 134 133 134 134 134 133 135 135 135 134 135 99 136 136 136 133 136 133 137 128 137 135 137 133 138 136 138 131 138 133 139 131 139 128 139 128 140 131 140 127 140 131 141 136 141 98 141 137 142 131 142 138 142 131 143 139 143 138 143 97 144 93 144 131 144 131 145 93 145 126 145 93 146 140 146 126 146 96 147 93 147 95 147 140 148 93 148 125 148 93 149 142 149 124 149 93 150 145 150 142 150 141 151 142 151 123 151 144 152 121 152 142 152 144 153 142 153 145 153 144 154 120 154 143 154 145 155 91 155 146 155 145 156 146 156 144 156 144 157 146 157 120 157 120 158 146 158 119 158 147 159 119 159 146 159 90 160 146 160 91 160 90 161 149 161 146 161 147 162 146 162 118 162 146 163 148 163 117 163 146 164 149 164 148 164 153 165 151 165 148 165 148 166 151 166 150 166 149 167 130 167 153 167 155 168 153 168 130 168 155 169 130 169 86 169 152 170 153 170 115 170 86 171 132 171 155 171 153 172 155 172 114 172 155 173 132 173 158 173 154 174 155 174 156 174 158 175 157 175 155 175 155 176 157 176 156 176 159 177 113 177 158 177 163 178 158 178 160 178 158 179 163 179 159 179 159 180 163 180 112 180 160 181 82 181 163 181 161 182 111 182 163 182 161 183 163 183 110 183 82 184 80 184 163 184 162 185 109 185 163 185 162 186 163 186 77 186 162 187 77 187 164 187 311 188 164 188 77 188 165 189 311 189 77 189 166 190 165 190 77 190 167 191 166 191 77 191 169 192 167 192 170 192 168 193 169 193 170 193 172 194 305 194 170 194 172 195 170 195 173 195 171 196 168 196 170 196 170 197 77 197 173 197 170 198 167 198 77 198 77 199 163 199 80 199 77 200 80 200 174 200 73 201 71 201 175 201 73 202 175 202 173 202 173 203 178 203 172 203 172 204 178 204 176 204 316 205 176 205 178 205 182 206 181 206 180 206 184 207 182 207 183 207 186 208 185 208 183 208 210 209 183 209 66 209 66 210 183 210 187 210 183 211 182 211 180 211 183 212 180 212 187 212 187 213 180 213 175 213 181 214 179 214 180 214 180 215 177 215 178 215 180 216 178 216 175 216 175 217 178 217 173 217 242 218 188 218 189 218 241 219 190 219 240 219 190 220 191 220 240 220 238 221 192 221 239 221 192 222 236 222 239 222 233 223 193 223 231 223 193 224 194 224 231 224 195 225 230 225 231 225 227 226 196 226 228 226 225 227 198 227 222 227 223 228 199 228 222 228 199 229 200 229 221 229 200 230 201 230 221 230 220 231 202 231 221 231 202 232 203 232 219 232 204 233 216 233 209 233 214 234 205 234 213 234 211 235 207 235 210 235 212 236 217 236 209 236 49 237 47 237 228 237 43 238 237 238 234 238 234 239 237 239 239 239 183 240 210 240 208 240 183 241 208 241 186 241 208 242 210 242 207 242 213 243 211 243 210 243 213 244 210 244 64 244 213 245 206 245 211 245 64 246 212 246 213 246 206 247 213 247 205 247 212 248 209 248 213 248 213 249 209 249 214 249 214 250 209 250 215 250 209 251 216 251 215 251 219 252 218 252 204 252 219 253 204 253 209 253 60 254 209 254 217 254 60 255 217 255 61 255 209 256 60 256 219 256 218 257 219 257 203 257 60 258 59 258 221 258 60 259 221 259 219 259 219 260 221 260 202 260 59 261 58 261 221 261 220 262 221 262 201 262 58 263 57 263 221 263 221 264 57 264 222 264 222 265 199 265 221 265 56 266 222 266 57 266 223 267 222 267 198 267 56 268 224 268 222 268 222 269 226 269 225 269 224 270 50 270 222 270 222 271 228 271 197 271 222 272 197 272 226 272 222 273 50 273 228 273 197 274 228 274 196 274 49 275 228 275 50 275 227 276 228 276 229 276 231 277 230 277 228 277 228 278 230 278 229 278 228 279 47 279 231 279 232 280 195 280 231 280 46 281 231 281 47 281 232 282 231 282 194 282 46 283 239 283 231 283 233 284 231 284 239 284 234 285 239 285 46 285 233 286 239 286 235 286 239 287 236 287 235 287 237 288 41 288 240 288 237 289 240 289 239 289 239 290 240 290 238 290 238 291 240 291 191 291 40 292 240 292 41 292 40 293 39 293 240 293 240 294 39 294 189 294 240 295 189 295 241 295 244 296 242 296 189 296 244 297 189 297 39 297 37 298 243 298 39 298 39 299 243 299 244 299 244 300 245 300 242 300 243 301 12 301 244 301 243 302 37 302 34 302 243 303 34 303 35 303 245 304 247 304 246 304 245 305 244 305 247 305 247 306 244 306 12 306 248 307 249 307 107 307 107 308 249 308 108 308 164 309 312 309 162 309 162 310 312 310 250 310 162 311 250 311 109 311 109 312 250 312 251 312 109 313 251 313 252 313 109 314 252 314 110 314 110 315 252 315 161 315 161 316 252 316 253 316 161 317 253 317 111 317 111 318 253 318 254 318 111 319 254 319 255 319 111 320 255 320 112 320 112 321 255 321 159 321 159 322 255 322 256 322 159 323 256 323 113 323 113 324 256 324 257 324 113 325 257 325 258 325 113 326 258 326 157 326 157 327 258 327 259 327 157 328 259 328 156 328 156 329 259 329 154 329 154 330 259 330 260 330 154 331 260 331 261 331 154 332 261 332 114 332 114 333 261 333 262 333 114 334 262 334 115 334 115 335 262 335 152 335 152 336 262 336 263 336 152 337 263 337 264 337 152 338 264 338 116 338 116 339 264 339 265 339 116 340 265 340 151 340 151 341 265 341 266 341 151 342 266 342 150 342 150 343 266 343 148 343 148 344 266 344 267 344 148 345 267 345 268 345 148 346 268 346 117 346 117 347 268 347 269 347 117 348 269 348 118 348 118 349 269 349 147 349 147 350 269 350 270 350 147 351 270 351 119 351 119 352 270 352 271 352 119 353 271 353 272 353 119 354 272 354 120 354 120 355 272 355 143 355 143 356 272 356 273 356 143 357 273 357 274 357 143 358 274 358 121 358 121 359 274 359 275 359 121 360 275 360 122 360 122 361 275 361 276 361 122 362 276 362 123 362 123 363 276 363 141 363 141 364 276 364 277 364 141 365 277 365 278 365 141 366 278 366 124 366 124 367 278 367 279 367 124 368 279 368 125 368 125 369 279 369 140 369 140 370 279 370 280 370 140 371 280 371 281 371 140 372 281 372 126 372 126 373 281 373 282 373 126 374 282 374 139 374 139 375 282 375 283 375 139 376 283 376 138 376 138 377 283 377 137 377 137 378 283 378 284 378 137 379 284 379 285 379 137 380 285 380 127 380 127 381 285 381 286 381 127 382 286 382 128 382 128 383 286 383 135 383 135 384 286 384 287 384 135 385 287 385 288 385 135 386 288 386 134 386 134 387 288 387 289 387 134 388 289 388 129 388 129 389 289 389 107 389 107 390 289 390 248 390 385 391 417 391 301 391 291 392 168 392 171 392 171 393 170 393 305 393 168 394 291 394 292 394 293 395 292 395 295 395 295 396 292 396 294 396 295 397 294 397 296 397 306 398 297 398 298 398 297 399 306 399 290 399 290 400 306 400 299 400 290 401 299 401 300 401 290 402 300 402 301 402 296 403 303 403 295 403 295 404 303 404 302 404 303 405 304 405 302 405 293 406 306 406 292 406 292 407 306 407 168 407 168 408 306 408 298 408 168 409 298 409 169 409 169 410 298 410 307 410 169 411 307 411 308 411 169 412 308 412 167 412 167 413 308 413 309 413 167 414 309 414 166 414 166 415 309 415 310 415 166 416 310 416 165 416 165 417 310 417 311 417 311 418 312 418 164 418 176 419 315 419 313 419 176 420 313 420 172 420 172 421 313 421 314 421 172 422 314 422 305 422 315 423 176 423 316 423 177 424 326 424 316 424 316 425 178 425 177 425 332 426 318 426 317 426 317 427 318 427 319 427 319 428 320 428 341 428 320 429 319 429 321 429 321 430 319 430 322 430 321 431 322 431 323 431 324 432 180 432 179 432 180 433 324 433 177 433 177 434 324 434 325 434 325 435 326 435 177 435 327 436 328 436 323 436 328 437 327 437 330 437 321 438 323 438 328 438 330 439 327 439 329 439 317 440 335 440 332 440 333 441 384 441 334 441 331 442 334 442 335 442 186 443 336 443 185 443 183 444 185 444 337 444 183 445 337 445 338 445 183 446 338 446 184 446 184 447 338 447 339 447 184 448 339 448 182 448 182 449 339 449 340 449 182 450 340 450 181 450 181 451 340 451 179 451 179 452 340 452 317 452 179 453 317 453 324 453 324 454 317 454 319 454 324 455 319 455 341 455 245 456 342 456 242 456 242 457 342 457 343 457 242 458 343 458 398 458 242 459 398 459 188 459 188 460 398 460 344 460 188 461 344 461 189 461 189 462 344 462 241 462 241 463 344 463 345 463 241 464 345 464 346 464 241 465 346 465 190 465 190 466 346 466 191 466 191 467 346 467 347 467 191 468 347 468 238 468 238 469 347 469 348 469 238 470 348 470 349 470 238 471 349 471 192 471 192 472 349 472 350 472 192 473 350 473 236 473 236 474 350 474 351 474 236 475 351 475 235 475 235 476 351 476 233 476 233 477 351 477 352 477 233 478 352 478 353 478 233 479 353 479 193 479 193 480 353 480 354 480 193 481 354 481 194 481 194 482 354 482 232 482 232 483 354 483 355 483 232 484 355 484 195 484 195 485 355 485 356 485 195 486 356 486 357 486 195 487 357 487 230 487 230 488 357 488 358 488 230 489 358 489 229 489 229 490 358 490 227 490 227 491 358 491 359 491 227 492 359 492 360 492 227 493 360 493 196 493 196 494 360 494 361 494 196 495 361 495 197 495 197 496 361 496 226 496 226 497 361 497 362 497 226 498 362 498 363 498 226 499 363 499 225 499 225 500 363 500 364 500 225 501 364 501 198 501 198 502 364 502 223 502 223 503 364 503 365 503 223 504 365 504 366 504 223 505 366 505 199 505 199 506 366 506 367 506 199 507 367 507 200 507 200 508 367 508 368 508 200 509 368 509 201 509 201 510 368 510 220 510 220 511 368 511 369 511 220 512 369 512 370 512 220 513 370 513 202 513 202 514 370 514 371 514 202 515 371 515 203 515 203 516 371 516 218 516 218 517 371 517 372 517 218 518 372 518 373 518 218 519 373 519 204 519 204 520 373 520 374 520 204 521 374 521 216 521 216 522 374 522 375 522 216 523 375 523 215 523 215 524 375 524 214 524 214 525 375 525 376 525 214 526 376 526 377 526 214 527 377 527 205 527 205 528 377 528 206 528 206 529 377 529 378 529 206 530 378 530 211 530 211 531 378 531 379 531 211 532 379 532 380 532 211 533 380 533 207 533 207 534 380 534 381 534 207 535 381 535 208 535 208 536 381 536 186 536 186 537 381 537 336 537 383 538 342 538 246 538 246 539 342 539 245 539 382 540 383 540 25 540 25 541 383 541 12 541 12 542 383 542 246 542 12 543 246 543 247 543 384 544 333 544 386 544 417 545 385 545 386 545 417 546 386 546 333 546 106 547 108 547 9 547 9 548 108 548 24 548 24 549 108 549 249 549 24 550 249 550 387 550 388 551 505 551 414 551 388 552 414 552 389 552 389 553 414 553 390 553 389 554 390 554 25 554 25 555 390 555 382 555 382 556 390 556 391 556 391 557 342 557 383 557 391 558 383 558 382 558 349 559 348 559 412 559 351 560 350 560 411 560 353 561 352 561 411 561 358 562 357 562 394 562 361 563 360 563 409 563 363 564 362 564 409 564 364 565 363 565 409 565 368 566 367 566 366 566 370 567 369 567 406 567 371 568 370 568 406 568 373 569 372 569 404 569 375 570 374 570 404 570 380 571 379 571 401 571 381 572 380 572 401 572 407 573 409 573 395 573 336 574 381 574 400 574 416 575 401 575 483 575 381 576 401 576 400 576 379 577 378 577 401 577 401 578 378 578 402 578 401 579 403 579 483 579 378 580 377 580 402 580 401 581 402 581 403 581 376 582 402 582 377 582 376 583 375 583 402 583 403 584 402 584 404 584 402 585 375 585 404 585 403 586 404 586 396 586 374 587 373 587 404 587 396 588 404 588 487 588 396 589 487 589 486 589 372 590 371 590 404 590 405 591 487 591 404 591 405 592 404 592 406 592 406 593 404 593 371 593 369 594 368 594 406 594 397 595 405 595 406 595 366 596 406 596 368 596 406 597 366 597 409 597 406 598 409 598 397 598 407 599 397 599 409 599 409 600 366 600 364 600 364 601 366 601 365 601 362 602 361 602 409 602 409 603 360 603 359 603 409 604 359 604 394 604 409 605 394 605 395 605 395 606 394 606 408 606 359 607 358 607 394 607 394 608 357 608 356 608 394 609 356 609 410 609 410 610 393 610 394 610 410 611 356 611 354 611 354 612 356 612 355 612 410 613 354 613 411 613 354 614 353 614 411 614 393 615 410 615 498 615 392 616 498 616 410 616 392 617 410 617 411 617 351 618 411 618 352 618 411 619 412 619 392 619 498 620 392 620 499 620 411 621 350 621 412 621 501 622 392 622 412 622 349 623 412 623 350 623 348 624 347 624 412 624 412 625 347 625 399 625 347 626 346 626 399 626 412 627 413 627 501 627 399 628 413 628 412 628 345 629 399 629 346 629 345 630 344 630 399 630 413 631 399 631 503 631 414 632 503 632 399 632 414 633 399 633 390 633 390 634 399 634 344 634 390 635 344 635 343 635 343 636 344 636 398 636 343 637 342 637 391 637 343 638 391 638 390 638 185 639 336 639 400 639 337 640 185 640 400 640 338 641 337 641 400 641 339 642 338 642 400 642 340 643 339 643 400 643 317 644 340 644 400 644 333 645 334 645 331 645 420 646 331 646 418 646 418 647 331 647 415 647 335 648 317 648 331 648 331 649 317 649 400 649 331 650 400 650 415 650 415 651 400 651 416 651 416 652 400 652 401 652 417 653 333 653 420 653 420 654 333 654 331 654 422 655 418 655 476 655 290 656 301 656 420 656 298 657 297 657 420 657 308 658 307 658 420 658 309 659 308 659 420 659 310 660 309 660 420 660 312 661 311 661 419 661 311 662 310 662 419 662 419 663 310 663 420 663 419 664 420 664 421 664 421 665 420 665 422 665 307 666 298 666 420 666 297 667 290 667 420 667 420 668 301 668 417 668 420 669 418 669 422 669 255 670 254 670 445 670 261 671 260 671 425 671 262 672 261 672 443 672 264 673 263 673 443 673 265 674 264 674 443 674 268 675 267 675 439 675 269 676 268 676 439 676 272 677 271 677 427 677 274 678 273 678 426 678 276 679 275 679 426 679 279 680 278 680 436 680 281 681 280 681 434 681 283 682 282 682 434 682 286 683 285 683 433 683 288 684 287 684 433 684 289 685 288 685 431 685 275 686 274 686 426 686 427 687 271 687 270 687 438 688 427 688 440 688 445 689 252 689 251 689 445 690 251 690 447 690 248 691 289 691 431 691 431 692 424 692 428 692 428 693 424 693 429 693 429 694 424 694 430 694 430 695 424 695 451 695 433 696 424 696 431 696 433 697 431 697 288 697 287 698 286 698 433 698 424 699 433 699 432 699 424 700 432 700 452 700 284 701 433 701 285 701 284 702 283 702 434 702 284 703 434 703 433 703 433 704 434 704 432 704 432 705 434 705 435 705 282 706 281 706 434 706 435 707 434 707 436 707 435 708 436 708 456 708 435 709 456 709 455 709 280 710 279 710 434 710 434 711 279 711 436 711 457 712 456 712 436 712 436 713 278 713 277 713 277 714 276 714 436 714 436 715 426 715 437 715 436 716 437 716 457 716 426 717 436 717 276 717 437 718 426 718 458 718 438 719 458 719 426 719 427 720 426 720 272 720 272 721 426 721 273 721 426 722 427 722 438 722 270 723 269 723 439 723 270 724 439 724 427 724 441 725 440 725 427 725 441 726 427 726 439 726 267 727 266 727 439 727 439 728 266 728 442 728 439 729 442 729 441 729 441 730 442 730 463 730 266 731 265 731 443 731 266 732 443 732 442 732 423 733 442 733 443 733 262 734 443 734 263 734 443 735 261 735 425 735 443 736 425 736 423 736 444 737 423 737 425 737 259 738 425 738 260 738 425 739 259 739 258 739 445 740 444 740 425 740 256 741 425 741 257 741 257 742 425 742 258 742 256 743 255 743 445 743 256 744 445 744 425 744 444 745 445 745 469 745 446 746 469 746 445 746 253 747 445 747 254 747 253 748 252 748 445 748 445 749 447 749 446 749 419 750 447 750 251 750 419 751 251 751 250 751 250 752 312 752 419 752 248 753 387 753 249 753 428 754 24 754 431 754 387 755 248 755 431 755 387 756 431 756 24 756 428 757 429 757 448 757 448 758 429 758 430 758 449 759 450 759 430 759 430 760 450 760 448 760 449 761 430 761 451 761 424 762 452 762 451 762 432 763 454 763 453 763 432 764 453 764 452 764 454 765 432 765 435 765 435 766 455 766 454 766 457 767 437 767 458 767 459 768 458 768 438 768 459 769 438 769 460 769 460 770 438 770 461 770 461 771 438 771 440 771 441 772 462 772 440 772 440 773 462 773 461 773 462 774 441 774 463 774 463 775 442 775 464 775 442 776 465 776 464 776 442 777 423 777 465 777 465 778 423 778 466 778 423 779 467 779 466 779 423 780 444 780 467 780 467 781 444 781 468 781 468 782 444 782 469 782 469 783 446 783 470 783 470 784 446 784 471 784 471 785 446 785 447 785 419 786 472 786 447 786 447 787 472 787 471 787 472 788 419 788 421 788 472 789 421 789 473 789 473 790 421 790 474 790 474 791 421 791 422 791 474 792 422 792 475 792 475 793 422 793 476 793 477 794 476 794 418 794 477 795 418 795 478 795 478 796 418 796 415 796 478 797 415 797 479 797 479 798 415 798 480 798 480 799 415 799 481 799 481 800 415 800 416 800 481 801 416 801 482 801 482 802 416 802 483 802 403 803 485 803 484 803 403 804 484 804 483 804 396 805 486 805 485 805 396 806 485 806 403 806 487 807 405 807 488 807 488 808 405 808 489 808 405 809 397 809 489 809 489 810 397 810 490 810 490 811 397 811 491 811 491 812 397 812 407 812 491 813 407 813 492 813 492 814 407 814 493 814 493 815 407 815 395 815 395 816 494 816 493 816 395 817 408 817 494 817 494 818 408 818 495 818 408 819 496 819 495 819 408 820 394 820 496 820 393 821 497 821 496 821 393 822 496 822 394 822 498 823 497 823 393 823 499 824 392 824 500 824 392 825 501 825 500 825 502 826 501 826 413 826 502 827 413 827 503 827 414 828 505 828 504 828 414 829 504 829 503 829 506 830 505 830 388 830 507 831 561 831 508 831 508 832 561 832 509 832 509 833 561 833 510 833 510 834 561 834 511 834 510 835 511 835 512 835 512 836 511 836 513 836 512 837 513 837 514 837 514 838 513 838 515 838 514 839 515 839 516 839 516 840 515 840 517 840 517 841 515 841 518 841 518 842 515 842 520 842 518 843 520 843 519 843 519 844 520 844 521 844 521 845 520 845 523 845 521 846 523 846 522 846 522 847 523 847 524 847 524 848 523 848 526 848 524 849 526 849 525 849 525 850 526 850 527 850 527 851 526 851 529 851 527 852 529 852 528 852 528 853 529 853 530 853 530 854 529 854 532 854 530 855 532 855 531 855 531 856 532 856 533 856 533 857 532 857 536 857 533 858 536 858 534 858 534 859 536 859 535 859 535 860 536 860 537 860 537 861 536 861 539 861 537 862 539 862 538 862 538 863 539 863 540 863 540 864 539 864 542 864 540 865 542 865 541 865 541 866 542 866 543 866 543 867 542 867 545 867 543 868 545 868 544 868 544 869 545 869 546 869 546 870 545 870 548 870 546 871 548 871 547 871 547 872 548 872 549 872 549 873 548 873 551 873 549 874 551 874 550 874 550 875 551 875 552 875 552 876 551 876 553 876 552 877 553 877 554 877 554 878 553 878 555 878 555 879 553 879 556 879 556 880 553 880 557 880 556 881 557 881 558 881 558 882 557 882 559 882 559 883 557 883 560 883 560 884 557 884 561 884 560 885 561 885 507 885 74 886 14 886 15 886 69 887 70 887 32 887 32 888 70 888 2 888 2 889 70 889 0 889 74 890 15 890 72 890 72 891 15 891 71 891 71 892 15 892 0 892 71 893 0 893 70 893 102 894 13 894 101 894 101 895 13 895 14 895 67 896 561 896 557 896 67 897 557 897 65 897 36 898 520 898 515 898 32 899 2 899 5 899 32 900 5 900 33 900 100 901 101 901 78 901 78 902 101 902 14 902 78 903 14 903 76 903 76 904 14 904 75 904 75 905 14 905 74 905 36 906 515 906 513 906 571 907 562 907 79 907 32 908 36 908 69 908 69 909 36 909 513 909 69 910 513 910 68 910 68 911 513 911 511 911 68 912 511 912 67 912 67 913 511 913 561 913 567 914 570 914 100 914 79 915 562 915 563 915 79 916 563 916 174 916 65 917 557 917 64 917 64 918 557 918 553 918 64 919 553 919 63 919 63 920 553 920 62 920 62 921 553 921 61 921 61 922 553 922 551 922 61 923 551 923 59 923 59 924 551 924 548 924 59 925 548 925 58 925 58 926 548 926 545 926 58 927 545 927 55 927 55 928 545 928 54 928 54 929 545 929 542 929 54 930 542 930 53 930 53 931 542 931 52 931 563 932 564 932 174 932 174 933 564 933 78 933 78 934 564 934 565 934 565 935 566 935 78 935 78 936 566 936 100 936 100 937 566 937 567 937 52 938 542 938 51 938 51 939 542 939 539 939 51 940 539 940 48 940 48 941 539 941 47 941 47 942 539 942 536 942 47 943 536 943 45 943 568 944 97 944 98 944 568 945 98 945 569 945 569 946 98 946 99 946 569 947 99 947 100 947 569 948 100 948 570 948 45 949 536 949 44 949 44 950 536 950 532 950 44 951 532 951 43 951 43 952 532 952 529 952 43 953 529 953 42 953 42 954 529 954 526 954 42 955 526 955 41 955 41 956 526 956 523 956 41 957 523 957 38 957 38 958 523 958 36 958 36 959 523 959 520 959 79 960 81 960 571 960 571 961 81 961 83 961 571 962 83 962 572 962 572 963 83 963 84 963 572 964 84 964 573 964 573 965 84 965 85 965 573 966 85 966 86 966 573 967 86 967 574 967 574 968 86 968 87 968 574 969 87 969 88 969 574 970 88 970 575 970 575 971 88 971 89 971 575 972 89 972 90 972 575 973 90 973 576 973 576 974 90 974 91 974 576 975 91 975 92 975 576 976 92 976 577 976 577 977 92 977 94 977 577 978 94 978 578 978 578 979 94 979 95 979 578 980 95 980 568 980 568 981 95 981 97 981 579 982 560 982 580 982 580 983 560 983 507 983 580 984 507 984 581 984 581 985 507 985 508 985 581 986 508 986 582 986 582 987 508 987 509 987 582 988 509 988 583 988 583 989 509 989 510 989 583 990 510 990 584 990 584 991 510 991 512 991 584 992 512 992 585 992 585 993 512 993 514 993 585 994 514 994 586 994 586 995 514 995 516 995 586 996 516 996 587 996 587 997 516 997 517 997 587 998 517 998 588 998 588 999 517 999 518 999 588 1000 518 1000 589 1000 589 1001 518 1001 519 1001 589 1002 519 1002 590 1002 590 1003 519 1003 521 1003 590 1004 521 1004 591 1004 591 1005 521 1005 522 1005 591 1006 522 1006 592 1006 592 1007 522 1007 524 1007 592 1008 524 1008 593 1008 593 1009 524 1009 525 1009 593 1010 525 1010 594 1010 594 1011 525 1011 527 1011 594 1012 527 1012 595 1012 595 1013 527 1013 528 1013 595 1014 528 1014 596 1014 596 1015 528 1015 530 1015 596 1016 530 1016 597 1016 597 1017 530 1017 531 1017 597 1018 531 1018 598 1018 598 1019 531 1019 533 1019 598 1020 533 1020 599 1020 599 1021 533 1021 534 1021 599 1022 534 1022 600 1022 600 1023 534 1023 535 1023 600 1024 535 1024 601 1024 601 1025 535 1025 537 1025 601 1026 537 1026 602 1026 602 1027 537 1027 538 1027 602 1028 538 1028 603 1028 603 1029 538 1029 540 1029 603 1030 540 1030 604 1030 604 1031 540 1031 541 1031 604 1032 541 1032 605 1032 605 1033 541 1033 543 1033 605 1034 543 1034 606 1034 606 1035 543 1035 544 1035 606 1036 544 1036 607 1036 607 1037 544 1037 546 1037 607 1038 546 1038 608 1038 608 1039 546 1039 547 1039 608 1040 547 1040 609 1040 609 1041 547 1041 549 1041 609 1042 549 1042 610 1042 610 1043 549 1043 550 1043 610 1044 550 1044 611 1044 611 1045 550 1045 552 1045 611 1046 552 1046 612 1046 612 1047 552 1047 554 1047 612 1048 554 1048 613 1048 613 1049 554 1049 555 1049 613 1050 555 1050 614 1050 614 1051 555 1051 556 1051 614 1052 556 1052 615 1052 615 1053 556 1053 558 1053 615 1054 558 1054 616 1054 616 1055 558 1055 559 1055 616 1056 559 1056 579 1056 579 1057 559 1057 560 1057 617 1058 577 1058 618 1058 618 1059 577 1059 578 1059 618 1060 578 1060 619 1060 619 1061 578 1061 620 1061 620 1062 578 1062 568 1062 620 1063 568 1063 621 1063 621 1064 568 1064 622 1064 622 1065 568 1065 623 1065 623 1066 568 1066 569 1066 623 1067 569 1067 624 1067 624 1068 569 1068 625 1068 625 1069 569 1069 570 1069 625 1070 570 1070 626 1070 626 1071 570 1071 627 1071 627 1072 570 1072 567 1072 627 1073 567 1073 628 1073 628 1074 567 1074 629 1074 629 1075 567 1075 566 1075 629 1076 566 1076 630 1076 630 1077 566 1077 631 1077 631 1078 566 1078 565 1078 631 1079 565 1079 632 1079 632 1080 565 1080 633 1080 633 1081 565 1081 564 1081 633 1082 564 1082 634 1082 634 1083 564 1083 635 1083 635 1084 564 1084 563 1084 635 1085 563 1085 636 1085 636 1086 563 1086 637 1086 637 1087 563 1087 638 1087 638 1088 563 1088 562 1088 638 1089 562 1089 639 1089 639 1090 562 1090 640 1090 640 1091 562 1091 571 1091 640 1092 571 1092 641 1092 641 1093 571 1093 642 1093 642 1094 571 1094 572 1094 642 1095 572 1095 643 1095 643 1096 572 1096 644 1096 644 1097 572 1097 573 1097 644 1098 573 1098 645 1098 645 1099 573 1099 646 1099 646 1100 573 1100 574 1100 646 1101 574 1101 647 1101 647 1102 574 1102 648 1102 648 1103 574 1103 575 1103 648 1104 575 1104 649 1104 649 1105 575 1105 650 1105 650 1106 575 1106 651 1106 651 1107 575 1107 576 1107 651 1108 576 1108 652 1108 652 1109 576 1109 653 1109 653 1110 576 1110 654 1110 654 1111 576 1111 577 1111 654 1112 577 1112 617 1112 655 1113 654 1113 656 1113 656 1114 654 1114 617 1114 656 1115 617 1115 657 1115 657 1116 617 1116 618 1116 657 1117 618 1117 658 1117 658 1118 618 1118 619 1118 658 1119 619 1119 659 1119 659 1120 619 1120 620 1120 659 1121 620 1121 660 1121 660 1122 620 1122 621 1122 660 1123 621 1123 661 1123 661 1124 621 1124 622 1124 661 1125 622 1125 662 1125 662 1126 622 1126 623 1126 662 1127 623 1127 663 1127 663 1128 623 1128 624 1128 663 1129 624 1129 664 1129 664 1130 624 1130 625 1130 664 1131 625 1131 665 1131 665 1132 625 1132 626 1132 665 1133 626 1133 666 1133 666 1134 626 1134 627 1134 666 1135 627 1135 667 1135 667 1136 627 1136 628 1136 667 1137 628 1137 668 1137 668 1138 628 1138 629 1138 668 1139 629 1139 669 1139 669 1140 629 1140 630 1140 669 1141 630 1141 670 1141 670 1142 630 1142 631 1142 670 1143 631 1143 671 1143 671 1144 631 1144 632 1144 671 1145 632 1145 672 1145 672 1146 632 1146 633 1146 672 1147 633 1147 673 1147 673 1148 633 1148 634 1148 673 1149 634 1149 674 1149 674 1150 634 1150 635 1150 674 1151 635 1151 675 1151 675 1152 635 1152 636 1152 675 1153 636 1153 676 1153 676 1154 636 1154 637 1154 676 1155 637 1155 677 1155 677 1156 637 1156 638 1156 677 1157 638 1157 678 1157 678 1158 638 1158 639 1158 678 1159 639 1159 679 1159 679 1160 639 1160 640 1160 679 1161 640 1161 680 1161 680 1162 640 1162 641 1162 680 1163 641 1163 681 1163 681 1164 641 1164 642 1164 681 1165 642 1165 682 1165 682 1166 642 1166 643 1166 682 1167 643 1167 683 1167 683 1168 643 1168 644 1168 683 1169 644 1169 684 1169 684 1170 644 1170 645 1170 684 1171 645 1171 685 1171 685 1172 645 1172 646 1172 685 1173 646 1173 686 1173 686 1174 646 1174 647 1174 686 1175 647 1175 687 1175 687 1176 647 1176 648 1176 687 1177 648 1177 688 1177 688 1178 648 1178 649 1178 688 1179 649 1179 689 1179 689 1180 649 1180 650 1180 689 1181 650 1181 690 1181 690 1182 650 1182 651 1182 690 1183 651 1183 691 1183 691 1184 651 1184 652 1184 691 1185 652 1185 692 1185 692 1186 652 1186 653 1186 692 1187 653 1187 655 1187 655 1188 653 1188 654 1188 692 1189 707 1189 691 1189 691 1190 707 1190 693 1190 691 1191 693 1191 690 1191 690 1192 693 1192 689 1192 689 1193 693 1193 688 1193 688 1194 693 1194 694 1194 688 1195 694 1195 687 1195 687 1196 694 1196 686 1196 686 1197 694 1197 685 1197 685 1198 694 1198 695 1198 685 1199 695 1199 684 1199 684 1200 695 1200 683 1200 683 1201 695 1201 696 1201 683 1202 696 1202 682 1202 682 1203 696 1203 681 1203 681 1204 696 1204 697 1204 681 1205 697 1205 680 1205 680 1206 697 1206 679 1206 679 1207 697 1207 698 1207 679 1208 698 1208 678 1208 678 1209 698 1209 677 1209 677 1210 698 1210 699 1210 677 1211 699 1211 676 1211 676 1212 699 1212 675 1212 675 1213 699 1213 674 1213 674 1214 699 1214 700 1214 674 1215 700 1215 673 1215 673 1216 700 1216 672 1216 672 1217 700 1217 671 1217 671 1218 700 1218 701 1218 671 1219 701 1219 670 1219 670 1220 701 1220 669 1220 669 1221 701 1221 702 1221 669 1222 702 1222 668 1222 668 1223 702 1223 667 1223 667 1224 702 1224 703 1224 667 1225 703 1225 666 1225 666 1226 703 1226 665 1226 665 1227 703 1227 664 1227 664 1228 703 1228 704 1228 664 1229 704 1229 663 1229 663 1230 704 1230 662 1230 662 1231 704 1231 705 1231 662 1232 705 1232 661 1232 661 1233 705 1233 660 1233 660 1234 705 1234 659 1234 659 1235 705 1235 706 1235 659 1236 706 1236 658 1236 658 1237 706 1237 657 1237 657 1238 706 1238 656 1238 656 1239 706 1239 707 1239 656 1240 707 1240 655 1240 655 1241 707 1241 692 1241 30 1242 478 1242 479 1242 30 1243 479 1243 480 1243 478 1244 30 1244 31 1244 474 1245 475 1245 449 1245 449 1246 475 1246 18 1246 18 1247 475 1247 16 1247 482 1248 708 1248 481 1248 478 1249 31 1249 477 1249 477 1250 31 1250 476 1250 476 1251 31 1251 16 1251 476 1252 16 1252 475 1252 716 1253 710 1253 506 1253 700 1254 472 1254 701 1254 701 1255 472 1255 473 1255 449 1256 704 1256 703 1256 449 1257 18 1257 21 1257 449 1258 21 1258 450 1258 708 1259 709 1259 481 1259 481 1260 709 1260 714 1260 449 1261 703 1261 702 1261 474 1262 449 1262 702 1262 474 1263 702 1263 473 1263 473 1264 702 1264 701 1264 506 1265 710 1265 505 1265 697 1266 469 1266 698 1266 698 1267 469 1267 470 1267 698 1268 470 1268 699 1268 699 1269 470 1269 471 1269 699 1270 471 1270 472 1270 699 1271 472 1271 700 1271 483 1272 484 1272 708 1272 704 1273 449 1273 451 1273 704 1274 451 1274 705 1274 705 1275 451 1275 452 1275 705 1276 452 1276 453 1276 708 1277 482 1277 483 1277 484 1278 485 1278 708 1278 708 1279 485 1279 711 1279 711 1280 485 1280 486 1280 711 1281 486 1281 487 1281 711 1282 487 1282 712 1282 712 1283 487 1283 488 1283 712 1284 488 1284 489 1284 712 1285 489 1285 713 1285 713 1286 489 1286 490 1286 453 1287 454 1287 705 1287 705 1288 454 1288 706 1288 706 1289 454 1289 455 1289 706 1290 455 1290 456 1290 706 1291 456 1291 707 1291 707 1292 456 1292 457 1292 707 1293 457 1293 458 1293 707 1294 458 1294 693 1294 693 1295 458 1295 459 1295 693 1296 459 1296 460 1296 693 1297 460 1297 461 1297 693 1298 461 1298 694 1298 694 1299 461 1299 462 1299 694 1300 462 1300 463 1300 694 1301 463 1301 695 1301 695 1302 463 1302 464 1302 695 1303 464 1303 465 1303 695 1304 465 1304 696 1304 696 1305 465 1305 466 1305 696 1306 466 1306 467 1306 696 1307 467 1307 697 1307 697 1308 467 1308 468 1308 697 1309 468 1309 469 1309 481 1310 714 1310 715 1310 481 1311 715 1311 480 1311 480 1312 715 1312 30 1312 30 1313 715 1313 716 1313 30 1314 716 1314 29 1314 29 1315 716 1315 506 1315 490 1316 491 1316 713 1316 713 1317 491 1317 492 1317 713 1318 492 1318 717 1318 717 1319 492 1319 493 1319 717 1320 493 1320 494 1320 717 1321 494 1321 718 1321 718 1322 494 1322 495 1322 718 1323 495 1323 496 1323 710 1324 719 1324 505 1324 505 1325 719 1325 504 1325 504 1326 719 1326 720 1326 504 1327 720 1327 503 1327 503 1328 720 1328 502 1328 502 1329 720 1329 721 1329 502 1330 721 1330 501 1330 501 1331 721 1331 500 1331 500 1332 721 1332 722 1332 500 1333 722 1333 499 1333 499 1334 722 1334 498 1334 498 1335 722 1335 723 1335 498 1336 723 1336 497 1336 497 1337 723 1337 724 1337 497 1338 724 1338 496 1338 496 1339 724 1339 718 1339 616 1340 714 1340 615 1340 615 1341 714 1341 614 1341 614 1342 714 1342 709 1342 614 1343 709 1343 613 1343 613 1344 709 1344 612 1344 612 1345 709 1345 708 1345 612 1346 708 1346 611 1346 611 1347 708 1347 610 1347 610 1348 708 1348 711 1348 610 1349 711 1349 609 1349 609 1350 711 1350 608 1350 608 1351 711 1351 607 1351 607 1352 711 1352 712 1352 607 1353 712 1353 606 1353 606 1354 712 1354 605 1354 605 1355 712 1355 713 1355 605 1356 713 1356 604 1356 604 1357 713 1357 603 1357 603 1358 713 1358 717 1358 603 1359 717 1359 602 1359 602 1360 717 1360 601 1360 601 1361 717 1361 718 1361 601 1362 718 1362 600 1362 600 1363 718 1363 599 1363 599 1364 718 1364 598 1364 598 1365 718 1365 724 1365 598 1366 724 1366 597 1366 597 1367 724 1367 596 1367 596 1368 724 1368 723 1368 596 1369 723 1369 595 1369 595 1370 723 1370 594 1370 594 1371 723 1371 722 1371 594 1372 722 1372 593 1372 593 1373 722 1373 592 1373 592 1374 722 1374 721 1374 592 1375 721 1375 591 1375 591 1376 721 1376 590 1376 590 1377 721 1377 720 1377 590 1378 720 1378 589 1378 589 1379 720 1379 588 1379 588 1380 720 1380 719 1380 588 1381 719 1381 587 1381 587 1382 719 1382 586 1382 586 1383 719 1383 710 1383 586 1384 710 1384 585 1384 585 1385 710 1385 584 1385 584 1386 710 1386 583 1386 583 1387 710 1387 716 1387 583 1388 716 1388 582 1388 582 1389 716 1389 581 1389 581 1390 716 1390 580 1390 580 1391 716 1391 715 1391 580 1392 715 1392 579 1392 579 1393 715 1393 616 1393 616 1394 715 1394 714 1394 10 1395 23 1395 12 1395 12 1396 23 1396 25 1396 7 1397 103 1397 105 1397 105 1398 106 1398 7 1398 13 1399 102 1399 7 1399 7 1400 102 1400 103 1400 4 1401 243 1401 35 1401 243 1402 4 1402 12 1402 33 1403 5 1403 35 1403 35 1404 5 1404 4 1404 388 1405 389 1405 22 1405 22 1406 389 1406 25 1406 29 1407 506 1407 22 1407 22 1408 506 1408 388 1408 428 1409 20 1409 24 1409 20 1410 428 1410 448 1410 450 1411 21 1411 448 1411 448 1412 21 1412 20 1412 726 1413 725 1413 727 1413 727 1414 725 1414 729 1414 727 1415 729 1415 728 1415 728 1416 729 1416 730 1416 730 1417 729 1417 731 1417 731 1418 729 1418 733 1418 731 1419 733 1419 732 1419 732 1420 733 1420 734 1420 734 1421 733 1421 735 1421 734 1422 735 1422 736 1422 736 1423 735 1423 737 1423 737 1424 735 1424 738 1424 737 1425 738 1425 740 1425 740 1426 738 1426 739 1426 740 1427 739 1427 741 1427 741 1428 739 1428 743 1428 743 1429 739 1429 742 1429 743 1430 742 1430 726 1430 726 1431 742 1431 725 1431 732 1432 305 1432 731 1432 732 1433 291 1433 171 1433 732 1434 171 1434 305 1434 291 1435 732 1435 292 1435 292 1436 732 1436 734 1436 292 1437 734 1437 294 1437 294 1438 734 1438 736 1438 294 1439 736 1439 296 1439 737 1440 303 1440 736 1440 736 1441 303 1441 296 1441 737 1442 304 1442 303 1442 304 1443 737 1443 744 1443 744 1444 737 1444 740 1444 744 1445 740 1445 745 1445 745 1446 740 1446 741 1446 745 1447 741 1447 330 1447 743 1448 330 1448 741 1448 743 1449 328 1449 330 1449 320 1450 321 1450 743 1450 743 1451 321 1451 328 1451 726 1452 341 1452 743 1452 743 1453 341 1453 320 1453 726 1454 324 1454 341 1454 726 1455 326 1455 325 1455 726 1456 325 1456 324 1456 727 1457 326 1457 726 1457 326 1458 727 1458 316 1458 316 1459 727 1459 728 1459 316 1460 728 1460 315 1460 731 1461 305 1461 314 1461 731 1462 314 1462 730 1462 730 1463 314 1463 313 1463 730 1464 313 1464 728 1464 728 1465 313 1465 315 1465 735 1466 746 1466 747 1466 735 1467 747 1467 748 1467 735 1468 748 1468 738 1468 738 1469 748 1469 749 1469 738 1470 749 1470 739 1470 739 1471 749 1471 750 1471 739 1472 750 1472 751 1472 739 1473 751 1473 742 1473 742 1474 751 1474 752 1474 742 1475 752 1475 753 1475 742 1476 753 1476 725 1476 725 1477 753 1477 754 1477 725 1478 754 1478 755 1478 725 1479 755 1479 729 1479 729 1480 755 1480 756 1480 729 1481 756 1481 757 1481 729 1482 757 1482 733 1482 733 1483 757 1483 746 1483 733 1484 746 1484 735 1484 759 1485 758 1485 760 1485 760 1486 758 1486 762 1486 760 1487 762 1487 761 1487 761 1488 762 1488 763 1488 763 1489 762 1489 764 1489 764 1490 762 1490 767 1490 764 1491 767 1491 765 1491 765 1492 767 1492 766 1492 766 1493 767 1493 769 1493 766 1494 769 1494 768 1494 768 1495 769 1495 770 1495 770 1496 769 1496 771 1496 771 1497 769 1497 772 1497 771 1498 772 1498 773 1498 773 1499 772 1499 774 1499 774 1500 772 1500 777 1500 774 1501 777 1501 775 1501 775 1502 777 1502 776 1502 776 1503 777 1503 759 1503 759 1504 777 1504 758 1504 765 1505 302 1505 764 1505 766 1506 293 1506 295 1506 766 1507 295 1507 302 1507 766 1508 302 1508 765 1508 293 1509 766 1509 306 1509 306 1510 766 1510 768 1510 306 1511 768 1511 299 1511 299 1512 768 1512 770 1512 299 1513 770 1513 300 1513 771 1514 301 1514 770 1514 770 1515 301 1515 300 1515 385 1516 301 1516 771 1516 385 1517 771 1517 773 1517 385 1518 773 1518 386 1518 386 1519 773 1519 774 1519 386 1520 774 1520 384 1520 384 1521 774 1521 775 1521 775 1522 334 1522 384 1522 775 1523 335 1523 334 1523 332 1524 335 1524 776 1524 776 1525 335 1525 775 1525 759 1526 318 1526 776 1526 776 1527 318 1527 332 1527 759 1528 319 1528 318 1528 759 1529 323 1529 322 1529 759 1530 322 1530 319 1530 760 1531 323 1531 759 1531 323 1532 760 1532 327 1532 327 1533 760 1533 761 1533 327 1534 761 1534 329 1534 764 1535 302 1535 778 1535 764 1536 778 1536 779 1536 764 1537 779 1537 763 1537 763 1538 779 1538 761 1538 761 1539 779 1539 329 1539 769 1540 791 1540 780 1540 769 1541 780 1541 781 1541 769 1542 781 1542 772 1542 772 1543 781 1543 782 1543 772 1544 782 1544 777 1544 777 1545 782 1545 783 1545 777 1546 783 1546 784 1546 777 1547 784 1547 758 1547 758 1548 784 1548 785 1548 758 1549 785 1549 786 1549 758 1550 786 1550 762 1550 762 1551 786 1551 787 1551 762 1552 787 1552 788 1552 762 1553 788 1553 767 1553 767 1554 788 1554 789 1554 767 1555 789 1555 790 1555 767 1556 790 1556 769 1556 769 1557 790 1557 791 1557 778 1558 302 1558 304 1558 304 1559 744 1559 779 1559 304 1560 779 1560 778 1560 779 1561 744 1561 745 1561 779 1562 745 1562 329 1562 329 1563 745 1563 330 1563 756 1564 755 1564 10 1564 10 1565 755 1565 754 1565 784 1566 783 1566 23 1566 782 1567 781 1567 26 1567 752 1568 23 1568 753 1568 752 1569 751 1569 23 1569 23 1570 751 1570 750 1570 789 1571 788 1571 8 1571 8 1572 790 1572 789 1572 10 1573 754 1573 753 1573 10 1574 753 1574 23 1574 749 1575 748 1575 787 1575 26 1576 781 1576 780 1576 8 1577 788 1577 787 1577 786 1578 785 1578 750 1578 750 1579 785 1579 23 1579 23 1580 785 1580 784 1580 8 1581 746 1581 757 1581 23 1582 783 1582 782 1582 23 1583 782 1583 26 1583 8 1584 757 1584 756 1584 8 1585 756 1585 10 1585 26 1586 780 1586 791 1586 26 1587 791 1587 8 1587 8 1588 791 1588 790 1588 787 1589 748 1589 747 1589 787 1590 747 1590 8 1590 8 1591 747 1591 746 1591 750 1592 749 1592 787 1592 787 1593 786 1593 750 1593 26 1594 8 1594 24 1594 24 1595 8 1595 9 1595 792 1596 816 1596 793 1596 795 1597 794 1597 798 1597 795 1598 798 1598 796 1598 796 1599 798 1599 797 1599 797 1600 798 1600 848 1600 848 1601 798 1601 799 1601 800 1602 799 1602 801 1602 801 1603 799 1603 802 1603 807 1604 806 1604 808 1604 807 1605 808 1605 851 1605 810 1606 809 1606 811 1606 812 1607 811 1607 813 1607 814 1608 813 1608 815 1608 814 1609 815 1609 846 1609 818 1610 819 1610 820 1610 822 1611 832 1611 823 1611 824 1612 819 1612 818 1612 904 1613 822 1613 829 1613 829 1614 822 1614 828 1614 855 1615 825 1615 826 1615 826 1616 825 1616 841 1616 826 1617 841 1617 859 1617 827 1618 805 1618 804 1618 811 1619 809 1619 818 1619 821 1620 819 1620 824 1620 829 1621 828 1621 821 1621 829 1622 821 1622 824 1622 855 1623 817 1623 830 1623 809 1624 808 1624 818 1624 818 1625 808 1625 824 1625 824 1626 808 1626 827 1626 827 1627 808 1627 806 1627 827 1628 806 1628 805 1628 832 1629 831 1629 868 1629 855 1630 830 1630 825 1630 827 1631 804 1631 803 1631 798 1632 836 1632 799 1632 799 1633 836 1633 833 1633 799 1634 833 1634 802 1634 802 1635 833 1635 927 1635 802 1636 927 1636 803 1636 803 1637 927 1637 827 1637 794 1638 834 1638 835 1638 794 1639 835 1639 798 1639 798 1640 835 1640 836 1640 869 1641 831 1641 904 1641 904 1642 831 1642 832 1642 904 1643 832 1643 822 1643 811 1644 818 1644 837 1644 811 1645 837 1645 813 1645 813 1646 837 1646 914 1646 813 1647 914 1647 815 1647 817 1648 855 1648 854 1648 832 1649 868 1649 866 1649 832 1650 866 1650 838 1650 838 1651 866 1651 839 1651 839 1652 866 1652 840 1652 871 1653 870 1653 904 1653 904 1654 870 1654 869 1654 859 1655 841 1655 843 1655 859 1656 843 1656 842 1656 842 1657 843 1657 896 1657 842 1658 896 1658 845 1658 815 1659 914 1659 915 1659 815 1660 915 1660 816 1660 816 1661 915 1661 916 1661 816 1662 916 1662 793 1662 793 1663 916 1663 917 1663 793 1664 917 1664 834 1664 793 1665 834 1665 794 1665 817 1666 854 1666 871 1666 817 1667 871 1667 904 1667 839 1668 840 1668 844 1668 844 1669 840 1669 898 1669 898 1670 840 1670 845 1670 898 1671 845 1671 897 1671 897 1672 845 1672 896 1672 846 1673 816 1673 792 1673 1009 1674 792 1674 793 1674 1009 1675 793 1675 847 1675 847 1676 793 1676 794 1676 847 1677 794 1677 795 1677 800 1678 848 1678 799 1678 801 1679 802 1679 849 1679 849 1680 802 1680 803 1680 849 1681 803 1681 970 1681 970 1682 803 1682 804 1682 970 1683 804 1683 850 1683 850 1684 804 1684 805 1684 850 1685 805 1685 807 1685 807 1686 805 1686 806 1686 851 1687 808 1687 809 1687 851 1688 809 1688 810 1688 852 1689 810 1689 811 1689 852 1690 811 1690 812 1690 853 1691 812 1691 813 1691 853 1692 813 1692 814 1692 846 1693 815 1693 816 1693 856 1694 855 1694 857 1694 857 1695 855 1695 874 1695 874 1696 855 1696 826 1696 874 1697 826 1697 858 1697 858 1698 826 1698 859 1698 860 1699 859 1699 842 1699 860 1700 842 1700 861 1700 861 1701 842 1701 862 1701 862 1702 842 1702 876 1702 876 1703 842 1703 845 1703 863 1704 840 1704 864 1704 864 1705 840 1705 865 1705 865 1706 840 1706 866 1706 878 1707 866 1707 867 1707 867 1708 866 1708 868 1708 880 1709 831 1709 869 1709 872 1710 871 1710 854 1710 872 1711 854 1711 873 1711 873 1712 854 1712 856 1712 856 1713 854 1713 855 1713 874 1714 858 1714 875 1714 875 1715 858 1715 859 1715 875 1716 859 1716 860 1716 876 1717 845 1717 877 1717 877 1718 845 1718 840 1718 877 1719 840 1719 863 1719 865 1720 866 1720 878 1720 867 1721 868 1721 879 1721 879 1722 868 1722 831 1722 879 1723 831 1723 880 1723 880 1724 869 1724 870 1724 880 1725 870 1725 881 1725 881 1726 870 1726 871 1726 881 1727 871 1727 872 1727 882 1728 883 1728 832 1728 832 1729 883 1729 823 1729 817 1730 1027 1730 884 1730 817 1731 884 1731 830 1731 830 1732 884 1732 885 1732 830 1733 885 1733 886 1733 830 1734 886 1734 887 1734 830 1735 887 1735 825 1735 825 1736 887 1736 888 1736 825 1737 888 1737 1034 1737 825 1738 1034 1738 889 1738 825 1739 889 1739 841 1739 841 1740 889 1740 890 1740 841 1741 890 1741 1033 1741 841 1742 1033 1742 891 1742 841 1743 891 1743 892 1743 841 1744 892 1744 843 1744 843 1745 892 1745 893 1745 843 1746 893 1746 894 1746 843 1747 894 1747 1032 1747 843 1748 1032 1748 895 1748 843 1749 895 1749 896 1749 844 1750 899 1750 839 1750 839 1751 899 1751 900 1751 839 1752 900 1752 901 1752 839 1753 901 1753 1028 1753 839 1754 1028 1754 838 1754 838 1755 1028 1755 902 1755 838 1756 902 1756 903 1756 838 1757 903 1757 832 1757 832 1758 903 1758 882 1758 1027 1759 817 1759 904 1759 1026 1760 904 1760 829 1760 1026 1761 829 1761 1025 1761 1025 1762 829 1762 905 1762 1023 1763 824 1763 906 1763 906 1764 824 1764 827 1764 818 1765 907 1765 1022 1765 818 1766 1022 1766 908 1766 818 1767 908 1767 837 1767 837 1768 908 1768 909 1768 837 1769 909 1769 910 1769 837 1770 910 1770 911 1770 837 1771 911 1771 912 1771 837 1772 912 1772 914 1772 914 1773 912 1773 913 1773 917 1774 918 1774 834 1774 834 1775 918 1775 919 1775 834 1776 919 1776 920 1776 834 1777 920 1777 835 1777 835 1778 920 1778 921 1778 835 1779 921 1779 1017 1779 835 1780 1017 1780 836 1780 836 1781 1017 1781 922 1781 836 1782 922 1782 923 1782 836 1783 923 1783 924 1783 836 1784 924 1784 1016 1784 836 1785 1016 1785 833 1785 833 1786 1016 1786 925 1786 833 1787 925 1787 1015 1787 833 1788 1015 1788 927 1788 927 1789 1015 1789 926 1789 818 1790 820 1790 907 1790 907 1791 820 1791 928 1791 929 1792 928 1792 819 1792 819 1793 928 1793 820 1793 929 1794 819 1794 936 1794 936 1795 819 1795 821 1795 930 1796 821 1796 931 1796 931 1797 821 1797 828 1797 931 1798 828 1798 932 1798 932 1799 828 1799 822 1799 932 1800 822 1800 937 1800 937 1801 822 1801 933 1801 822 1802 823 1802 933 1802 933 1803 823 1803 883 1803 934 1804 935 1804 929 1804 929 1805 935 1805 928 1805 934 1806 929 1806 936 1806 936 1807 821 1807 930 1807 932 1808 936 1808 931 1808 931 1809 936 1809 930 1809 938 1810 937 1810 883 1810 883 1811 937 1811 933 1811 939 1812 938 1812 882 1812 882 1813 938 1813 883 1813 881 1814 955 1814 940 1814 881 1815 940 1815 880 1815 880 1816 940 1816 941 1816 880 1817 941 1817 879 1817 879 1818 941 1818 942 1818 879 1819 942 1819 867 1819 867 1820 942 1820 943 1820 867 1821 943 1821 878 1821 878 1822 943 1822 944 1822 878 1823 944 1823 865 1823 865 1824 944 1824 864 1824 864 1825 944 1825 945 1825 864 1826 945 1826 863 1826 863 1827 945 1827 877 1827 877 1828 945 1828 946 1828 877 1829 946 1829 876 1829 876 1830 946 1830 947 1830 876 1831 947 1831 862 1831 862 1832 947 1832 948 1832 862 1833 948 1833 861 1833 861 1834 948 1834 860 1834 860 1835 948 1835 949 1835 860 1836 949 1836 875 1836 875 1837 949 1837 950 1837 875 1838 950 1838 874 1838 874 1839 950 1839 951 1839 874 1840 951 1840 857 1840 857 1841 951 1841 952 1841 857 1842 952 1842 856 1842 856 1843 952 1843 953 1843 856 1844 953 1844 873 1844 873 1845 953 1845 954 1845 873 1846 954 1846 872 1846 872 1847 954 1847 955 1847 872 1848 955 1848 881 1848 977 1849 957 1849 960 1849 960 1850 957 1850 956 1850 960 1851 956 1851 961 1851 962 1852 963 1852 959 1852 964 1853 965 1853 978 1853 966 1854 967 1854 959 1854 959 1855 967 1855 969 1855 959 1856 969 1856 968 1856 968 1857 969 1857 1005 1857 943 1858 942 1858 960 1858 960 1859 942 1859 941 1859 988 1860 970 1860 964 1860 964 1861 970 1861 965 1861 952 1862 976 1862 953 1862 953 1863 976 1863 971 1863 953 1864 971 1864 954 1864 954 1865 971 1865 972 1865 954 1866 972 1866 955 1866 955 1867 972 1867 973 1867 955 1868 973 1868 940 1868 949 1869 1000 1869 950 1869 950 1870 1000 1870 974 1870 950 1871 974 1871 951 1871 951 1872 974 1872 975 1872 951 1873 975 1873 952 1873 952 1874 975 1874 976 1874 977 1875 960 1875 941 1875 977 1876 941 1876 973 1876 973 1877 941 1877 940 1877 965 1878 966 1878 978 1878 978 1879 966 1879 959 1879 978 1880 959 1880 963 1880 978 1881 963 1881 979 1881 943 1882 960 1882 944 1882 944 1883 960 1883 980 1883 944 1884 980 1884 993 1884 944 1885 993 1885 945 1885 957 1886 958 1886 956 1886 979 1887 981 1887 982 1887 982 1888 981 1888 958 1888 982 1889 958 1889 957 1889 983 1890 992 1890 984 1890 984 1891 992 1891 985 1891 984 1892 985 1892 986 1892 986 1893 985 1893 1007 1893 988 1894 964 1894 987 1894 988 1895 987 1895 989 1895 989 1896 987 1896 990 1896 989 1897 990 1897 991 1897 991 1898 990 1898 983 1898 983 1899 990 1899 992 1899 945 1900 993 1900 994 1900 945 1901 994 1901 995 1901 945 1902 995 1902 946 1902 946 1903 995 1903 996 1903 946 1904 996 1904 997 1904 946 1905 997 1905 947 1905 947 1906 997 1906 998 1906 947 1907 998 1907 948 1907 948 1908 998 1908 999 1908 948 1909 999 1909 949 1909 949 1910 999 1910 1000 1910 1001 1911 1002 1911 1003 1911 1003 1912 1002 1912 1004 1912 1003 1913 1004 1913 1005 1913 1005 1914 1004 1914 1006 1914 1005 1915 1006 1915 968 1915 986 1916 1007 1916 1008 1916 986 1917 1008 1917 1009 1917 1009 1918 1008 1918 1010 1918 1009 1919 1010 1919 1012 1919 1012 1920 1010 1920 1011 1920 1012 1921 1011 1921 1001 1921 1001 1922 1011 1922 1002 1922 846 1923 1001 1923 814 1923 814 1924 1001 1924 1003 1924 814 1925 1003 1925 853 1925 853 1926 1003 1926 1005 1926 853 1927 1005 1927 812 1927 812 1928 1005 1928 852 1928 852 1929 1005 1929 969 1929 852 1930 969 1930 810 1930 810 1931 969 1931 967 1931 810 1932 967 1932 851 1932 851 1933 967 1933 807 1933 807 1934 967 1934 966 1934 807 1935 966 1935 965 1935 807 1936 965 1936 850 1936 850 1937 965 1937 970 1937 849 1938 970 1938 988 1938 849 1939 988 1939 801 1939 801 1940 988 1940 989 1940 801 1941 989 1941 800 1941 800 1942 989 1942 991 1942 800 1943 991 1943 848 1943 848 1944 991 1944 983 1944 848 1945 983 1945 797 1945 797 1946 983 1946 984 1946 797 1947 984 1947 796 1947 796 1948 984 1948 795 1948 795 1949 984 1949 986 1949 795 1950 986 1950 847 1950 847 1951 986 1951 1009 1951 792 1952 1009 1952 1012 1952 792 1953 1012 1953 846 1953 846 1954 1012 1954 1001 1954 1013 1955 935 1955 959 1955 959 1956 935 1956 962 1956 964 1957 906 1957 1014 1957 964 1958 1014 1958 987 1958 987 1959 1014 1959 926 1959 987 1960 926 1960 1015 1960 987 1961 1015 1961 990 1961 990 1962 1015 1962 925 1962 990 1963 925 1963 1016 1963 990 1964 1016 1964 992 1964 992 1965 1016 1965 924 1965 992 1966 924 1966 922 1966 992 1967 922 1967 985 1967 985 1968 922 1968 1017 1968 985 1969 1017 1969 921 1969 985 1970 921 1970 1007 1970 1007 1971 921 1971 919 1971 1007 1972 919 1972 1008 1972 1008 1973 919 1973 1018 1973 1008 1974 1018 1974 1010 1974 1010 1975 1018 1975 1019 1975 1010 1976 1019 1976 1011 1976 1011 1977 1019 1977 1020 1977 1011 1978 1020 1978 1021 1978 1011 1979 1021 1979 1002 1979 1002 1980 1021 1980 913 1980 1002 1981 913 1981 1004 1981 1004 1982 913 1982 911 1982 1004 1983 911 1983 1006 1983 1006 1984 911 1984 909 1984 1006 1985 909 1985 968 1985 968 1986 909 1986 1022 1986 968 1987 1022 1987 1013 1987 968 1988 1013 1988 959 1988 906 1989 964 1989 978 1989 906 1990 978 1990 1023 1990 1023 1991 978 1991 1024 1991 1024 1992 978 1992 979 1992 1024 1993 979 1993 982 1993 1024 1994 982 1994 1025 1994 1025 1995 982 1995 957 1995 1025 1996 957 1996 1026 1996 1026 1997 957 1997 977 1997 1026 1998 977 1998 1027 1998 1027 1999 977 1999 973 1999 960 2000 939 2000 902 2000 960 2001 902 2001 980 2001 980 2002 902 2002 1028 2002 980 2003 1028 2003 993 2003 993 2004 1028 2004 901 2004 993 2005 901 2005 994 2005 994 2006 901 2006 900 2006 994 2007 900 2007 899 2007 994 2008 899 2008 995 2008 995 2009 899 2009 1029 2009 995 2010 1029 2010 996 2010 996 2011 1029 2011 1030 2011 996 2012 1030 2012 997 2012 997 2013 1030 2013 1031 2013 997 2014 1031 2014 895 2014 997 2015 895 2015 998 2015 998 2016 895 2016 1032 2016 998 2017 1032 2017 999 2017 999 2018 1032 2018 893 2018 999 2019 893 2019 1000 2019 1000 2020 893 2020 891 2020 1000 2021 891 2021 974 2021 974 2022 891 2022 1033 2022 974 2023 1033 2023 890 2023 974 2024 890 2024 975 2024 975 2025 890 2025 1034 2025 975 2026 1034 2026 976 2026 976 2027 1034 2027 888 2027 976 2028 888 2028 886 2028 976 2029 886 2029 971 2029 971 2030 886 2030 885 2030 971 2031 885 2031 972 2031 972 2032 885 2032 1027 2032 972 2033 1027 2033 973 2033 960 2034 961 2034 939 2034 939 2035 961 2035 938 2035 937 2036 938 2036 956 2036 956 2037 938 2037 961 2037 937 2038 956 2038 932 2038 932 2039 956 2039 958 2039 932 2040 958 2040 936 2040 936 2041 958 2041 981 2041 936 2042 981 2042 979 2042 936 2043 979 2043 963 2043 936 2044 963 2044 934 2044 963 2045 962 2045 934 2045 934 2046 962 2046 935 2046 935 2047 1013 2047 928 2047 928 2048 1013 2048 907 2048 1024 2049 1025 2049 829 2049 1026 2050 1027 2050 904 2050 939 2051 882 2051 903 2051 939 2052 903 2052 902 2052 899 2053 844 2053 1029 2053 1029 2054 844 2054 898 2054 1029 2055 898 2055 1030 2055 1030 2056 898 2056 897 2056 1030 2057 897 2057 1031 2057 1031 2058 897 2058 896 2058 1031 2059 896 2059 895 2059 1032 2060 894 2060 893 2060 893 2061 892 2061 891 2061 890 2062 889 2062 1034 2062 888 2063 887 2063 886 2063 885 2064 884 2064 1027 2064 906 2065 827 2065 1014 2065 1014 2066 827 2066 927 2066 1014 2067 927 2067 926 2067 924 2068 923 2068 922 2068 921 2069 920 2069 919 2069 919 2070 918 2070 1018 2070 1018 2071 918 2071 917 2071 1018 2072 917 2072 916 2072 1018 2073 916 2073 1019 2073 1019 2074 916 2074 915 2074 1019 2075 915 2075 1020 2075 1020 2076 915 2076 1021 2076 1021 2077 915 2077 914 2077 1021 2078 914 2078 913 2078 913 2079 912 2079 911 2079 911 2080 910 2080 909 2080 909 2081 908 2081 1022 2081 1022 2082 907 2082 1013 2082 1024 2083 829 2083 824 2083 1024 2084 824 2084 1023 2084 1036 2085 1035 2085 1037 2085 1036 2086 1037 2086 1088 2086 1088 2087 1037 2087 1089 2087 1089 2088 1037 2088 1090 2088 1090 2089 1037 2089 1038 2089 1039 2090 1038 2090 1040 2090 1040 2091 1038 2091 1041 2091 1091 2092 1041 2092 1042 2092 1043 2093 1042 2093 1044 2093 1044 2094 1042 2094 1045 2094 1094 2095 1048 2095 1049 2095 1051 2096 1050 2096 1052 2096 1052 2097 1050 2097 1053 2097 1054 2098 1053 2098 1055 2098 1055 2099 1053 2099 1056 2099 1055 2100 1056 2100 1057 2100 1057 2101 1056 2101 1058 2101 1112 2102 1111 2102 1059 2102 1059 2103 1111 2103 1076 2103 1061 2104 1060 2104 1066 2104 1063 2105 1062 2105 1064 2105 1066 2106 1075 2106 1068 2106 1062 2107 1053 2107 1050 2107 1064 2108 1062 2108 1067 2108 1062 2109 1050 2109 1049 2109 1102 2110 1070 2110 1071 2110 1067 2111 1048 2111 1047 2111 1067 2112 1047 2112 1074 2112 1067 2113 1062 2113 1049 2113 1067 2114 1049 2114 1048 2114 1065 2115 1064 2115 1067 2115 1066 2116 1068 2116 1069 2116 1069 2117 1068 2117 1065 2117 1069 2118 1065 2118 1067 2118 1066 2119 1060 2119 1098 2119 1066 2120 1098 2120 1097 2120 1059 2121 1114 2121 1112 2121 1071 2122 1070 2122 1072 2122 1072 2123 1070 2123 1060 2123 1041 2124 1083 2124 1042 2124 1042 2125 1083 2125 1073 2125 1042 2126 1073 2126 1045 2126 1045 2127 1073 2127 1173 2127 1045 2128 1173 2128 1046 2128 1074 2129 1047 2129 1046 2129 1074 2130 1046 2130 1173 2130 1097 2131 1096 2131 1066 2131 1066 2132 1096 2132 1075 2132 1075 2133 1096 2133 1114 2133 1075 2134 1114 2134 1059 2134 1076 2135 1111 2135 1078 2135 1076 2136 1078 2136 1077 2136 1077 2137 1078 2137 1079 2137 1079 2138 1078 2138 1107 2138 1060 2139 1061 2139 1080 2139 1037 2140 1081 2140 1082 2140 1037 2141 1082 2141 1038 2141 1038 2142 1082 2142 1083 2142 1038 2143 1083 2143 1041 2143 1102 2144 1071 2144 1084 2144 1102 2145 1084 2145 1085 2145 1085 2146 1084 2146 1140 2146 1060 2147 1080 2147 1072 2147 1062 2148 1086 2148 1053 2148 1053 2149 1086 2149 1056 2149 1056 2150 1086 2150 1159 2150 1056 2151 1159 2151 1058 2151 1079 2152 1107 2152 1143 2152 1143 2153 1107 2153 1105 2153 1143 2154 1105 2154 1142 2154 1142 2155 1105 2155 1085 2155 1142 2156 1085 2156 1141 2156 1141 2157 1085 2157 1140 2157 1058 2158 1159 2158 1160 2158 1058 2159 1160 2159 1161 2159 1058 2160 1161 2160 1035 2160 1035 2161 1161 2161 1037 2161 1037 2162 1161 2162 1162 2162 1037 2163 1162 2163 1081 2163 1087 2164 1058 2164 1036 2164 1036 2165 1058 2165 1035 2165 1039 2166 1090 2166 1038 2166 1040 2167 1041 2167 1091 2167 1043 2168 1091 2168 1042 2168 1044 2169 1045 2169 1092 2169 1092 2170 1045 2170 1046 2170 1092 2171 1046 2171 1213 2171 1213 2172 1046 2172 1047 2172 1213 2173 1047 2173 1093 2173 1093 2174 1047 2174 1048 2174 1093 2175 1048 2175 1094 2175 1094 2176 1049 2176 1051 2176 1051 2177 1049 2177 1050 2177 1095 2178 1052 2178 1053 2178 1095 2179 1053 2179 1054 2179 1087 2180 1057 2180 1058 2180 1099 2181 1060 2181 1119 2181 1119 2182 1060 2182 1070 2182 1119 2183 1070 2183 1100 2183 1100 2184 1070 2184 1101 2184 1101 2185 1070 2185 1102 2185 1103 2186 1102 2186 1120 2186 1120 2187 1102 2187 1085 2187 1120 2188 1085 2188 1104 2188 1104 2189 1085 2189 1105 2189 1106 2190 1105 2190 1107 2190 1108 2191 1107 2191 1121 2191 1121 2192 1107 2192 1078 2192 1121 2193 1078 2193 1109 2193 1109 2194 1078 2194 1122 2194 1122 2195 1078 2195 1110 2195 1110 2196 1078 2196 1111 2196 1123 2197 1111 2197 1112 2197 1112 2198 1114 2198 1113 2198 1115 2199 1114 2199 1096 2199 1116 2200 1096 2200 1117 2200 1117 2201 1096 2201 1097 2201 1117 2202 1097 2202 1118 2202 1118 2203 1097 2203 1098 2203 1118 2204 1098 2204 1060 2204 1118 2205 1060 2205 1099 2205 1119 2206 1100 2206 1101 2206 1103 2207 1101 2207 1102 2207 1193 2208 1104 2208 1105 2208 1193 2209 1105 2209 1106 2209 1108 2210 1106 2210 1107 2210 1110 2211 1111 2211 1123 2211 1123 2212 1112 2212 1113 2212 1115 2213 1113 2213 1114 2213 1116 2214 1115 2214 1096 2214 1124 2215 1125 2215 1076 2215 1076 2216 1125 2216 1059 2216 1061 2217 1274 2217 1126 2217 1061 2218 1126 2218 1080 2218 1080 2219 1126 2219 1127 2219 1080 2220 1127 2220 1128 2220 1080 2221 1128 2221 1129 2221 1080 2222 1129 2222 1072 2222 1072 2223 1129 2223 1130 2223 1072 2224 1130 2224 1131 2224 1072 2225 1131 2225 1132 2225 1072 2226 1132 2226 1071 2226 1071 2227 1132 2227 1133 2227 1071 2228 1133 2228 1134 2228 1071 2229 1134 2229 1135 2229 1071 2230 1135 2230 1136 2230 1071 2231 1136 2231 1137 2231 1071 2232 1137 2232 1084 2232 1084 2233 1137 2233 1138 2233 1084 2234 1138 2234 1139 2234 1084 2235 1139 2235 1140 2235 1143 2236 1144 2236 1145 2236 1143 2237 1145 2237 1079 2237 1079 2238 1145 2238 1146 2238 1079 2239 1146 2239 1147 2239 1079 2240 1147 2240 1148 2240 1079 2241 1148 2241 1077 2241 1077 2242 1148 2242 1149 2242 1077 2243 1149 2243 1150 2243 1077 2244 1150 2244 1076 2244 1076 2245 1150 2245 1124 2245 1274 2246 1061 2246 1273 2246 1273 2247 1061 2247 1066 2247 1273 2248 1066 2248 1272 2248 1272 2249 1066 2249 1151 2249 1151 2250 1066 2250 1069 2250 1152 2251 1067 2251 1270 2251 1270 2252 1067 2252 1074 2252 1062 2253 1153 2253 1269 2253 1062 2254 1269 2254 1086 2254 1086 2255 1269 2255 1154 2255 1086 2256 1154 2256 1155 2256 1086 2257 1155 2257 1156 2257 1086 2258 1156 2258 1157 2258 1086 2259 1157 2259 1268 2259 1086 2260 1268 2260 1159 2260 1159 2261 1268 2261 1158 2261 1162 2262 1163 2262 1081 2262 1081 2263 1163 2263 1164 2263 1081 2264 1164 2264 1165 2264 1081 2265 1165 2265 1082 2265 1082 2266 1165 2266 1166 2266 1082 2267 1166 2267 1264 2267 1082 2268 1264 2268 1167 2268 1082 2269 1167 2269 1083 2269 1083 2270 1167 2270 1168 2270 1083 2271 1168 2271 1169 2271 1083 2272 1169 2272 1170 2272 1083 2273 1170 2273 1263 2273 1083 2274 1263 2274 1073 2274 1073 2275 1263 2275 1171 2275 1073 2276 1171 2276 1262 2276 1073 2277 1262 2277 1173 2277 1173 2278 1262 2278 1172 2278 1173 2279 1261 2279 1074 2279 1062 2280 1063 2280 1153 2280 1153 2281 1063 2281 1174 2281 1175 2282 1174 2282 1064 2282 1064 2283 1174 2283 1063 2283 1175 2284 1064 2284 1181 2284 1181 2285 1064 2285 1065 2285 1176 2286 1065 2286 1177 2286 1177 2287 1065 2287 1068 2287 1177 2288 1068 2288 1182 2288 1182 2289 1068 2289 1075 2289 1182 2290 1075 2290 1178 2290 1075 2291 1059 2291 1178 2291 1178 2292 1059 2292 1125 2292 1179 2293 1180 2293 1175 2293 1175 2294 1180 2294 1174 2294 1179 2295 1175 2295 1181 2295 1181 2296 1065 2296 1176 2296 1182 2297 1181 2297 1177 2297 1177 2298 1181 2298 1176 2298 1182 2299 1178 2299 1183 2299 1184 2300 1183 2300 1125 2300 1125 2301 1183 2301 1178 2301 1185 2302 1184 2302 1124 2302 1124 2303 1184 2303 1125 2303 1115 2304 1202 2304 1186 2304 1115 2305 1186 2305 1113 2305 1113 2306 1186 2306 1187 2306 1113 2307 1187 2307 1123 2307 1123 2308 1187 2308 1188 2308 1123 2309 1188 2309 1110 2309 1110 2310 1188 2310 1189 2310 1110 2311 1189 2311 1122 2311 1122 2312 1189 2312 1190 2312 1122 2313 1190 2313 1109 2313 1109 2314 1190 2314 1121 2314 1121 2315 1190 2315 1191 2315 1121 2316 1191 2316 1108 2316 1108 2317 1191 2317 1192 2317 1108 2318 1192 2318 1106 2318 1106 2319 1192 2319 1193 2319 1104 2320 1193 2320 1194 2320 1104 2321 1194 2321 1120 2321 1120 2322 1194 2322 1195 2322 1120 2323 1195 2323 1103 2323 1103 2324 1195 2324 1196 2324 1103 2325 1196 2325 1101 2325 1101 2326 1196 2326 1197 2326 1101 2327 1197 2327 1119 2327 1119 2328 1197 2328 1198 2328 1119 2329 1198 2329 1099 2329 1099 2330 1198 2330 1199 2330 1099 2331 1199 2331 1118 2331 1118 2332 1199 2332 1200 2332 1118 2333 1200 2333 1117 2333 1117 2334 1200 2334 1201 2334 1117 2335 1201 2335 1116 2335 1116 2336 1201 2336 1202 2336 1116 2337 1202 2337 1115 2337 1231 2338 1204 2338 1207 2338 1207 2339 1204 2339 1203 2339 1207 2340 1203 2340 1208 2340 1209 2341 1210 2341 1206 2341 1211 2342 1206 2342 1210 2342 1211 2343 1210 2343 1212 2343 1224 2344 1213 2344 1214 2344 1213 2345 1218 2345 1214 2345 1214 2346 1218 2346 1211 2346 1199 2347 1230 2347 1200 2347 1200 2348 1230 2348 1215 2348 1200 2349 1215 2349 1201 2349 1201 2350 1215 2350 1216 2350 1201 2351 1216 2351 1202 2351 1202 2352 1216 2352 1217 2352 1202 2353 1217 2353 1186 2353 1189 2354 1188 2354 1207 2354 1207 2355 1188 2355 1187 2355 1211 2356 1218 2356 1219 2356 1211 2357 1219 2357 1206 2357 1206 2358 1219 2358 1220 2358 1206 2359 1220 2359 1222 2359 1206 2360 1222 2360 1221 2360 1224 2361 1214 2361 1223 2361 1224 2362 1223 2362 1225 2362 1225 2363 1223 2363 1226 2363 1225 2364 1226 2364 1227 2364 1227 2365 1226 2365 1236 2365 1196 2366 1259 2366 1197 2366 1197 2367 1259 2367 1228 2367 1197 2368 1228 2368 1198 2368 1198 2369 1228 2369 1229 2369 1198 2370 1229 2370 1199 2370 1199 2371 1229 2371 1230 2371 1231 2372 1207 2372 1187 2372 1231 2373 1187 2373 1217 2373 1217 2374 1187 2374 1186 2374 1204 2375 1205 2375 1203 2375 1212 2376 1232 2376 1233 2376 1233 2377 1232 2377 1205 2377 1233 2378 1205 2378 1204 2378 1189 2379 1207 2379 1190 2379 1190 2380 1207 2380 1234 2380 1190 2381 1234 2381 1252 2381 1190 2382 1252 2382 1191 2382 1226 2383 1235 2383 1236 2383 1236 2384 1235 2384 1238 2384 1238 2385 1235 2385 1237 2385 1238 2386 1237 2386 1239 2386 1239 2387 1237 2387 1246 2387 1239 2388 1246 2388 1247 2388 1240 2389 1241 2389 1243 2389 1243 2390 1241 2390 1242 2390 1243 2391 1242 2391 1244 2391 1244 2392 1242 2392 1245 2392 1244 2393 1245 2393 1222 2393 1222 2394 1245 2394 1221 2394 1247 2395 1246 2395 1248 2395 1247 2396 1248 2396 1250 2396 1250 2397 1248 2397 1249 2397 1250 2398 1249 2398 1251 2398 1250 2399 1251 2399 1240 2399 1240 2400 1251 2400 1241 2400 1191 2401 1252 2401 1253 2401 1191 2402 1253 2402 1192 2402 1192 2403 1253 2403 1254 2403 1192 2404 1254 2404 1255 2404 1192 2405 1255 2405 1193 2405 1193 2406 1255 2406 1256 2406 1193 2407 1256 2407 1194 2407 1194 2408 1256 2408 1257 2408 1194 2409 1257 2409 1195 2409 1195 2410 1257 2410 1258 2410 1195 2411 1258 2411 1196 2411 1196 2412 1258 2412 1259 2412 1087 2413 1240 2413 1057 2413 1057 2414 1240 2414 1243 2414 1057 2415 1243 2415 1055 2415 1055 2416 1243 2416 1244 2416 1055 2417 1244 2417 1054 2417 1054 2418 1244 2418 1222 2418 1054 2419 1222 2419 1095 2419 1095 2420 1222 2420 1052 2420 1052 2421 1222 2421 1220 2421 1052 2422 1220 2422 1051 2422 1051 2423 1220 2423 1094 2423 1094 2424 1220 2424 1219 2424 1094 2425 1219 2425 1218 2425 1094 2426 1218 2426 1093 2426 1093 2427 1218 2427 1213 2427 1092 2428 1213 2428 1224 2428 1092 2429 1224 2429 1044 2429 1044 2430 1224 2430 1225 2430 1044 2431 1225 2431 1043 2431 1043 2432 1225 2432 1227 2432 1043 2433 1227 2433 1091 2433 1091 2434 1227 2434 1236 2434 1091 2435 1236 2435 1040 2435 1040 2436 1236 2436 1238 2436 1040 2437 1238 2437 1039 2437 1039 2438 1238 2438 1239 2438 1039 2439 1239 2439 1090 2439 1090 2440 1239 2440 1089 2440 1089 2441 1239 2441 1247 2441 1089 2442 1247 2442 1088 2442 1088 2443 1247 2443 1250 2443 1088 2444 1250 2444 1036 2444 1036 2445 1250 2445 1087 2445 1087 2446 1250 2446 1240 2446 1260 2447 1180 2447 1206 2447 1206 2448 1180 2448 1209 2448 1214 2449 1270 2449 1261 2449 1214 2450 1261 2450 1223 2450 1223 2451 1261 2451 1172 2451 1223 2452 1172 2452 1262 2452 1223 2453 1262 2453 1226 2453 1226 2454 1262 2454 1171 2454 1226 2455 1171 2455 1263 2455 1226 2456 1263 2456 1235 2456 1235 2457 1263 2457 1170 2457 1235 2458 1170 2458 1168 2458 1235 2459 1168 2459 1237 2459 1237 2460 1168 2460 1264 2460 1237 2461 1264 2461 1166 2461 1237 2462 1166 2462 1246 2462 1246 2463 1166 2463 1164 2463 1246 2464 1164 2464 1248 2464 1248 2465 1164 2465 1265 2465 1248 2466 1265 2466 1249 2466 1249 2467 1265 2467 1266 2467 1249 2468 1266 2468 1251 2468 1251 2469 1266 2469 1267 2469 1251 2470 1267 2470 1241 2470 1241 2471 1267 2471 1158 2471 1241 2472 1158 2472 1242 2472 1242 2473 1158 2473 1268 2473 1242 2474 1268 2474 1157 2474 1242 2475 1157 2475 1245 2475 1245 2476 1157 2476 1154 2476 1245 2477 1154 2477 1221 2477 1221 2478 1154 2478 1269 2478 1221 2479 1269 2479 1260 2479 1221 2480 1260 2480 1206 2480 1270 2481 1214 2481 1211 2481 1270 2482 1211 2482 1152 2482 1152 2483 1211 2483 1271 2483 1271 2484 1211 2484 1212 2484 1271 2485 1212 2485 1233 2485 1271 2486 1233 2486 1272 2486 1272 2487 1233 2487 1204 2487 1272 2488 1204 2488 1273 2488 1273 2489 1204 2489 1231 2489 1273 2490 1231 2490 1217 2490 1273 2491 1217 2491 1274 2491 1207 2492 1185 2492 1149 2492 1207 2493 1149 2493 1234 2493 1234 2494 1149 2494 1148 2494 1234 2495 1148 2495 1252 2495 1252 2496 1148 2496 1146 2496 1252 2497 1146 2497 1253 2497 1253 2498 1146 2498 1144 2498 1253 2499 1144 2499 1254 2499 1254 2500 1144 2500 1275 2500 1254 2501 1275 2501 1276 2501 1254 2502 1276 2502 1255 2502 1255 2503 1276 2503 1256 2503 1256 2504 1276 2504 1277 2504 1256 2505 1277 2505 1139 2505 1256 2506 1139 2506 1257 2506 1257 2507 1139 2507 1138 2507 1257 2508 1138 2508 1258 2508 1258 2509 1138 2509 1137 2509 1258 2510 1137 2510 1259 2510 1259 2511 1137 2511 1135 2511 1259 2512 1135 2512 1228 2512 1228 2513 1135 2513 1133 2513 1228 2514 1133 2514 1132 2514 1228 2515 1132 2515 1229 2515 1229 2516 1132 2516 1130 2516 1229 2517 1130 2517 1230 2517 1230 2518 1130 2518 1128 2518 1230 2519 1128 2519 1215 2519 1215 2520 1128 2520 1127 2520 1215 2521 1127 2521 1216 2521 1216 2522 1127 2522 1274 2522 1216 2523 1274 2523 1217 2523 1207 2524 1208 2524 1185 2524 1185 2525 1208 2525 1184 2525 1183 2526 1184 2526 1203 2526 1203 2527 1184 2527 1208 2527 1183 2528 1203 2528 1182 2528 1182 2529 1203 2529 1205 2529 1182 2530 1205 2530 1181 2530 1181 2531 1205 2531 1232 2531 1181 2532 1232 2532 1212 2532 1181 2533 1212 2533 1210 2533 1181 2534 1210 2534 1179 2534 1210 2535 1209 2535 1179 2535 1179 2536 1209 2536 1180 2536 1180 2537 1260 2537 1174 2537 1174 2538 1260 2538 1153 2538 1271 2539 1272 2539 1069 2539 1069 2540 1272 2540 1151 2540 1185 2541 1124 2541 1150 2541 1185 2542 1150 2542 1149 2542 1148 2543 1147 2543 1146 2543 1146 2544 1145 2544 1144 2544 1144 2545 1143 2545 1275 2545 1275 2546 1143 2546 1142 2546 1275 2547 1142 2547 1276 2547 1276 2548 1142 2548 1141 2548 1276 2549 1141 2549 1277 2549 1277 2550 1141 2550 1140 2550 1277 2551 1140 2551 1139 2551 1137 2552 1136 2552 1135 2552 1135 2553 1134 2553 1133 2553 1132 2554 1131 2554 1130 2554 1130 2555 1129 2555 1128 2555 1127 2556 1126 2556 1274 2556 1270 2557 1074 2557 1261 2557 1261 2558 1173 2558 1172 2558 1170 2559 1169 2559 1168 2559 1168 2560 1167 2560 1264 2560 1166 2561 1165 2561 1164 2561 1164 2562 1163 2562 1265 2562 1265 2563 1163 2563 1162 2563 1265 2564 1162 2564 1161 2564 1265 2565 1161 2565 1266 2565 1266 2566 1161 2566 1160 2566 1266 2567 1160 2567 1267 2567 1267 2568 1160 2568 1159 2568 1267 2569 1159 2569 1158 2569 1157 2570 1156 2570 1155 2570 1157 2571 1155 2571 1154 2571 1269 2572 1153 2572 1260 2572 1271 2573 1069 2573 1067 2573 1271 2574 1067 2574 1152 2574 1278 2575 1279 2575 1281 2575 1278 2576 1281 2576 1280 2576 1280 2577 1281 2577 1283 2577 1283 2578 1281 2578 1282 2578 1284 2579 1285 2579 1286 2579 1286 2580 1285 2580 1287 2580 1281 2581 1279 2581 1288 2581 1288 2582 1279 2582 1286 2582 1286 2583 1279 2583 1290 2583 1282 2584 1288 2584 1289 2584 1282 2585 1281 2585 1288 2585 1286 2586 1290 2586 1284 2586 1293 2587 1290 2587 1278 2587 1278 2588 1290 2588 1279 2588 1291 2589 1285 2589 1284 2589 1291 2590 1284 2590 1292 2590 1292 2591 1284 2591 1293 2591 1293 2592 1284 2592 1290 2592 1294 2593 1295 2593 1297 2593 1294 2594 1297 2594 1296 2594 1296 2595 1297 2595 1299 2595 1299 2596 1297 2596 1298 2596 1300 2597 1301 2597 1302 2597 1662 2598 1304 2598 1301 2598 1301 2599 1304 2599 1302 2599 1297 2600 1295 2600 1305 2600 1305 2601 1295 2601 1302 2601 1302 2602 1295 2602 1306 2602 1305 2603 1303 2603 1298 2603 1305 2604 1298 2604 1297 2604 1302 2605 1306 2605 1300 2605 1309 2606 1306 2606 1294 2606 1294 2607 1306 2607 1295 2607 1307 2608 1301 2608 1300 2608 1307 2609 1300 2609 1308 2609 1308 2610 1300 2610 1309 2610 1309 2611 1300 2611 1306 2611 1310 2612 1311 2612 1312 2612 1312 2613 1311 2613 1313 2613 1310 2614 1312 2614 1314 2614 1314 2615 1315 2615 1317 2615 1316 2616 1317 2616 1315 2616 1317 2617 1316 2617 1519 2617 1317 2618 1519 2618 1318 2618 1519 2619 1320 2619 1318 2619 1318 2620 1320 2620 1319 2620 1319 2621 1322 2621 1321 2621 1321 2622 1322 2622 1323 2622 1322 2623 1324 2623 1323 2623 1323 2624 1324 2624 1325 2624 1325 2625 1324 2625 1326 2625 1326 2626 1324 2626 1508 2626 1326 2627 1508 2627 1327 2627 1327 2628 1508 2628 1328 2628 1328 2629 1505 2629 1329 2629 1505 2630 1330 2630 1329 2630 1505 2631 1331 2631 1330 2631 1330 2632 1331 2632 1332 2632 1332 2633 1333 2633 1334 2633 1336 2634 1335 2634 1492 2634 1336 2635 1492 2635 1338 2635 1336 2636 1338 2636 1337 2636 1337 2637 1338 2637 1339 2637 1339 2638 1338 2638 1340 2638 1341 2639 1342 2639 1340 2639 1342 2640 1341 2640 1468 2640 1342 2641 1468 2641 1343 2641 1343 2642 1468 2642 1344 2642 1344 2643 1468 2643 1345 2643 1345 2644 1468 2644 1453 2644 1345 2645 1453 2645 1346 2645 1347 2646 1346 2646 1451 2646 1451 2647 1346 2647 1453 2647 1347 2648 1451 2648 1348 2648 1348 2649 1451 2649 1349 2649 1349 2650 1451 2650 1350 2650 1350 2651 1451 2651 1452 2651 1350 2652 1452 2652 1351 2652 1351 2653 1452 2653 1352 2653 1352 2654 1452 2654 1438 2654 1438 2655 1437 2655 1353 2655 1437 2656 1434 2656 1353 2656 1355 2657 1354 2657 1434 2657 1354 2658 1355 2658 1356 2658 1355 2659 1359 2659 1356 2659 1356 2660 1359 2660 1357 2660 1357 2661 1359 2661 1358 2661 1359 2662 1360 2662 1358 2662 1361 2663 1360 2663 1362 2663 1361 2664 1362 2664 1363 2664 1363 2665 1362 2665 1364 2665 1364 2666 1365 2666 1366 2666 1364 2667 1366 2667 1367 2667 1406 2668 1368 2668 1367 2668 1406 2669 1367 2669 1366 2669 1421 2670 1369 2670 1368 2670 1421 2671 1368 2671 1406 2671 1369 2672 1421 2672 1418 2672 1418 2673 1370 2673 1369 2673 1418 2674 1372 2674 1370 2674 1370 2675 1372 2675 1371 2675 1372 2676 1373 2676 1371 2676 1373 2677 1412 2677 1374 2677 1376 2678 1375 2678 1374 2678 1377 2679 1375 2679 1378 2679 1378 2680 1375 2680 1376 2680 1378 2681 1376 2681 1379 2681 1287 2682 1379 2682 1380 2682 1380 2683 1379 2683 1381 2683 1380 2684 1381 2684 1383 2684 1383 2685 1382 2685 1380 2685 1439 2686 1384 2686 1440 2686 1384 2687 1385 2687 1440 2687 1388 2688 1432 2688 1409 2688 1430 2689 1389 2689 1409 2689 1389 2690 1390 2690 1428 2690 1429 2691 1391 2691 1428 2691 1391 2692 1427 2692 1408 2692 1425 2693 1392 2693 1408 2693 1392 2694 1393 2694 1423 2694 1424 2695 1394 2695 1423 2695 1396 2696 1397 2696 1366 2696 1397 2697 1398 2697 1420 2697 1399 2698 1400 2698 1420 2698 1417 2699 1401 2699 1416 2699 1401 2700 1415 2700 1416 2700 1413 2701 1402 2701 1407 2701 1373 2702 1372 2702 1407 2702 1407 2703 1372 2703 1416 2703 1360 2704 1428 2704 1408 2704 1376 2705 1410 2705 1379 2705 1379 2706 1410 2706 1381 2706 1383 2707 1381 2707 1405 2707 1376 2708 1374 2708 1410 2708 1381 2709 1410 2709 1405 2709 1405 2710 1410 2710 1404 2710 1410 2711 1411 2711 1404 2711 1374 2712 1412 2712 1410 2712 1410 2713 1412 2713 1407 2713 1410 2714 1407 2714 1403 2714 1410 2715 1403 2715 1411 2715 1403 2716 1407 2716 1402 2716 1373 2717 1407 2717 1412 2717 1407 2718 1416 2718 1413 2718 1413 2719 1416 2719 1414 2719 1416 2720 1415 2720 1414 2720 1420 2721 1416 2721 1372 2721 1372 2722 1418 2722 1420 2722 1416 2723 1420 2723 1417 2723 1417 2724 1420 2724 1400 2724 1420 2725 1419 2725 1399 2725 1421 2726 1420 2726 1418 2726 1419 2727 1420 2727 1398 2727 1421 2728 1406 2728 1366 2728 1421 2729 1366 2729 1420 2729 1420 2730 1366 2730 1397 2730 1422 2731 1396 2731 1366 2731 1366 2732 1423 2732 1422 2732 1422 2733 1423 2733 1395 2733 1366 2734 1365 2734 1423 2734 1395 2735 1423 2735 1394 2735 1365 2736 1408 2736 1423 2736 1424 2737 1423 2737 1393 2737 1364 2738 1362 2738 1365 2738 1365 2739 1362 2739 1408 2739 1423 2740 1408 2740 1392 2740 1362 2741 1360 2741 1408 2741 1425 2742 1408 2742 1426 2742 1408 2743 1427 2743 1426 2743 1408 2744 1428 2744 1391 2744 1359 2745 1428 2745 1360 2745 1428 2746 1359 2746 1409 2746 1429 2747 1428 2747 1390 2747 1428 2748 1409 2748 1389 2748 1355 2749 1409 2749 1359 2749 1430 2750 1409 2750 1431 2750 1409 2751 1432 2751 1431 2751 1388 2752 1409 2752 1435 2752 1433 2753 1388 2753 1435 2753 1435 2754 1409 2754 1355 2754 1355 2755 1434 2755 1435 2755 1435 2756 1387 2756 1433 2756 1434 2757 1437 2757 1435 2757 1435 2758 1437 2758 1386 2758 1435 2759 1386 2759 1387 2759 1437 2760 1440 2760 1386 2760 1386 2761 1440 2761 1436 2761 1436 2762 1440 2762 1385 2762 1437 2763 1438 2763 1440 2763 1452 2764 1440 2764 1438 2764 1440 2765 1443 2765 1439 2765 1439 2766 1443 2766 1441 2766 1442 2767 1441 2767 1443 2767 1445 2768 1444 2768 1443 2768 1447 2769 1445 2769 1448 2769 1446 2770 1447 2770 1448 2770 1450 2771 1585 2771 1448 2771 1450 2772 1448 2772 1457 2772 1457 2773 1448 2773 1467 2773 1467 2774 1448 2774 1451 2774 1449 2775 1446 2775 1448 2775 1451 2776 1448 2776 1452 2776 1448 2777 1445 2777 1443 2777 1448 2778 1443 2778 1452 2778 1443 2779 1440 2779 1452 2779 1451 2780 1453 2780 1467 2780 1450 2781 1457 2781 1454 2781 1455 2782 1454 2782 1457 2782 1458 2783 1459 2783 1467 2783 1461 2784 1460 2784 1467 2784 1462 2785 1461 2785 1466 2785 1463 2786 1462 2786 1466 2786 1464 2787 1463 2787 1466 2787 1465 2788 1464 2788 1466 2788 1466 2789 1467 2789 1468 2789 1466 2790 1468 2790 1341 2790 1466 2791 1461 2791 1467 2791 1460 2792 1458 2792 1467 2792 1459 2793 1456 2793 1467 2793 1467 2794 1456 2794 1457 2794 1468 2795 1467 2795 1453 2795 1522 2796 1469 2796 1470 2796 1521 2797 1471 2797 1520 2797 1518 2798 1473 2798 1495 2798 1473 2799 1517 2799 1495 2799 1474 2800 1475 2800 1515 2800 1513 2801 1476 2801 1494 2801 1506 2802 1479 2802 1507 2802 1479 2803 1480 2803 1507 2803 1481 2804 1483 2804 1482 2804 1483 2805 1484 2805 1331 2805 1503 2806 1485 2806 1331 2806 1501 2807 1487 2807 1502 2807 1487 2808 1500 2808 1493 2808 1498 2809 1488 2809 1493 2809 1488 2810 1489 2810 1496 2810 1497 2811 1490 2811 1496 2811 1490 2812 1491 2812 1496 2812 1315 2813 1314 2813 1523 2813 1333 2814 1332 2814 1331 2814 1338 2815 1492 2815 1493 2815 1508 2816 1324 2816 1494 2816 1494 2817 1512 2817 1511 2817 1466 2818 1341 2818 1496 2818 1466 2819 1496 2819 1465 2819 1465 2820 1496 2820 1491 2820 1341 2821 1340 2821 1496 2821 1340 2822 1338 2822 1496 2822 1497 2823 1496 2823 1489 2823 1496 2824 1338 2824 1493 2824 1496 2825 1493 2825 1488 2825 1498 2826 1493 2826 1499 2826 1493 2827 1500 2827 1499 2827 1492 2828 1335 2828 1502 2828 1492 2829 1502 2829 1493 2829 1493 2830 1502 2830 1487 2830 1335 2831 1334 2831 1502 2831 1502 2832 1486 2832 1501 2832 1334 2833 1333 2833 1502 2833 1502 2834 1333 2834 1331 2834 1502 2835 1331 2835 1486 2835 1486 2836 1331 2836 1485 2836 1503 2837 1331 2837 1484 2837 1331 2838 1482 2838 1483 2838 1504 2839 1481 2839 1482 2839 1505 2840 1482 2840 1331 2840 1482 2841 1505 2841 1507 2841 1482 2842 1507 2842 1504 2842 1504 2843 1507 2843 1480 2843 1510 2844 1507 2844 1505 2844 1510 2845 1505 2845 1328 2845 1328 2846 1508 2846 1510 2846 1507 2847 1510 2847 1478 2847 1507 2848 1478 2848 1506 2848 1478 2849 1510 2849 1477 2849 1509 2850 1477 2850 1510 2850 1510 2851 1508 2851 1494 2851 1510 2852 1494 2852 1511 2852 1510 2853 1511 2853 1509 2853 1512 2854 1494 2854 1476 2854 1322 2855 1494 2855 1324 2855 1494 2856 1515 2856 1513 2856 1513 2857 1515 2857 1475 2857 1322 2858 1319 2858 1320 2858 1322 2859 1320 2859 1494 2859 1494 2860 1320 2860 1515 2860 1514 2861 1474 2861 1516 2861 1516 2862 1474 2862 1515 2862 1320 2863 1495 2863 1515 2863 1515 2864 1495 2864 1516 2864 1495 2865 1517 2865 1516 2865 1520 2866 1495 2866 1519 2866 1519 2867 1495 2867 1320 2867 1520 2868 1518 2868 1495 2868 1519 2869 1316 2869 1520 2869 1520 2870 1472 2870 1518 2870 1472 2871 1520 2871 1471 2871 1470 2872 1521 2872 1520 2872 1315 2873 1520 2873 1316 2873 1520 2874 1315 2874 1470 2874 1470 2875 1315 2875 1523 2875 1524 2876 1522 2876 1470 2876 1524 2877 1470 2877 1523 2877 1314 2878 1312 2878 1523 2878 1524 2879 1525 2879 1522 2879 1526 2880 1289 2880 1524 2880 1524 2881 1523 2881 1526 2881 1526 2882 1523 2882 1312 2882 1526 2883 1312 2883 1313 2883 1525 2884 1528 2884 1527 2884 1525 2885 1524 2885 1528 2885 1528 2886 1524 2886 1289 2886 1529 2887 1530 2887 1383 2887 1383 2888 1530 2888 1382 2888 1441 2889 1592 2889 1439 2889 1439 2890 1592 2890 1531 2890 1439 2891 1531 2891 1532 2891 1439 2892 1532 2892 1384 2892 1384 2893 1532 2893 1533 2893 1384 2894 1533 2894 1385 2894 1385 2895 1533 2895 1436 2895 1436 2896 1533 2896 1534 2896 1436 2897 1534 2897 1535 2897 1436 2898 1535 2898 1386 2898 1386 2899 1535 2899 1536 2899 1386 2900 1536 2900 1387 2900 1387 2901 1536 2901 1433 2901 1433 2902 1536 2902 1537 2902 1433 2903 1537 2903 1388 2903 1388 2904 1537 2904 1538 2904 1388 2905 1538 2905 1539 2905 1388 2906 1539 2906 1432 2906 1432 2907 1539 2907 1540 2907 1432 2908 1540 2908 1431 2908 1431 2909 1540 2909 1430 2909 1430 2910 1540 2910 1541 2910 1430 2911 1541 2911 1542 2911 1430 2912 1542 2912 1389 2912 1389 2913 1542 2913 1543 2913 1389 2914 1543 2914 1390 2914 1390 2915 1543 2915 1429 2915 1429 2916 1543 2916 1544 2916 1429 2917 1544 2917 1545 2917 1429 2918 1545 2918 1391 2918 1391 2919 1545 2919 1546 2919 1391 2920 1546 2920 1427 2920 1427 2921 1546 2921 1426 2921 1426 2922 1546 2922 1547 2922 1426 2923 1547 2923 1425 2923 1425 2924 1547 2924 1548 2924 1425 2925 1548 2925 1549 2925 1425 2926 1549 2926 1392 2926 1392 2927 1549 2927 1393 2927 1393 2928 1549 2928 1550 2928 1393 2929 1550 2929 1424 2929 1424 2930 1550 2930 1551 2930 1424 2931 1551 2931 1552 2931 1424 2932 1552 2932 1394 2932 1394 2933 1552 2933 1553 2933 1394 2934 1553 2934 1395 2934 1395 2935 1553 2935 1422 2935 1422 2936 1553 2936 1554 2936 1422 2937 1554 2937 1396 2937 1396 2938 1554 2938 1555 2938 1396 2939 1555 2939 1556 2939 1396 2940 1556 2940 1397 2940 1397 2941 1556 2941 1557 2941 1397 2942 1557 2942 1398 2942 1398 2943 1557 2943 1419 2943 1419 2944 1557 2944 1558 2944 1419 2945 1558 2945 1559 2945 1419 2946 1559 2946 1399 2946 1399 2947 1559 2947 1560 2947 1399 2948 1560 2948 1400 2948 1400 2949 1560 2949 1417 2949 1417 2950 1560 2950 1561 2950 1417 2951 1561 2951 1562 2951 1417 2952 1562 2952 1401 2952 1401 2953 1562 2953 1563 2953 1401 2954 1563 2954 1415 2954 1415 2955 1563 2955 1564 2955 1415 2956 1564 2956 1414 2956 1414 2957 1564 2957 1413 2957 1413 2958 1564 2958 1565 2958 1413 2959 1565 2959 1566 2959 1413 2960 1566 2960 1402 2960 1402 2961 1566 2961 1567 2961 1402 2962 1567 2962 1403 2962 1403 2963 1567 2963 1411 2963 1411 2964 1567 2964 1568 2964 1411 2965 1568 2965 1569 2965 1411 2966 1569 2966 1404 2966 1404 2967 1569 2967 1570 2967 1404 2968 1570 2968 1405 2968 1405 2969 1570 2969 1383 2969 1383 2970 1570 2970 1529 2970 1666 2971 1700 2971 1571 2971 1571 2972 1700 2972 1696 2972 1571 2973 1696 2973 1572 2973 1573 2974 1446 2974 1449 2974 1449 2975 1448 2975 1585 2975 1446 2976 1573 2976 1574 2976 1575 2977 1574 2977 1577 2977 1577 2978 1574 2978 1576 2978 1577 2979 1576 2979 1578 2979 1586 2980 1579 2980 1580 2980 1579 2981 1586 2981 1572 2981 1572 2982 1586 2982 1581 2982 1572 2983 1581 2983 1582 2983 1572 2984 1582 2984 1571 2984 1578 2985 1583 2985 1577 2985 1577 2986 1583 2986 1584 2986 1583 2987 2027 2987 1584 2987 1575 2988 1586 2988 1574 2988 1574 2989 1586 2989 1446 2989 1446 2990 1586 2990 1580 2990 1446 2991 1580 2991 1447 2991 1447 2992 1580 2992 1587 2992 1447 2993 1587 2993 1588 2993 1447 2994 1588 2994 1445 2994 1445 2995 1588 2995 1589 2995 1445 2996 1589 2996 1444 2996 1444 2997 1589 2997 1590 2997 1444 2998 1590 2998 1443 2998 1443 2999 1590 2999 1442 2999 1442 3000 1590 3000 1591 3000 1442 3001 1591 3001 1592 3001 1442 3002 1592 3002 1441 3002 1454 3003 1595 3003 1593 3003 1454 3004 1593 3004 1450 3004 1450 3005 1593 3005 1594 3005 1450 3006 1594 3006 1585 3006 1595 3007 1454 3007 1455 3007 1456 3008 1606 3008 1596 3008 1456 3009 1596 3009 1455 3009 1455 3010 1457 3010 1456 3010 1611 3011 1598 3011 1597 3011 1597 3012 1598 3012 1599 3012 1599 3013 1600 3013 1621 3013 1600 3014 1599 3014 1601 3014 1601 3015 1599 3015 1602 3015 1601 3016 1602 3016 1603 3016 1604 3017 1459 3017 1458 3017 1459 3018 1604 3018 1456 3018 1456 3019 1604 3019 1605 3019 1605 3020 1606 3020 1456 3020 1607 3021 1608 3021 1603 3021 1601 3022 1603 3022 1608 3022 1609 3023 1608 3023 1607 3023 1597 3024 1614 3024 1611 3024 1612 3025 1613 3025 1610 3025 1610 3026 1613 3026 1614 3026 1465 3027 1615 3027 1616 3027 1465 3028 1616 3028 1464 3028 1464 3029 1616 3029 1617 3029 1464 3030 1617 3030 1463 3030 1463 3031 1617 3031 1618 3031 1463 3032 1618 3032 1462 3032 1462 3033 1618 3033 1619 3033 1462 3034 1619 3034 1461 3034 1461 3035 1619 3035 1620 3035 1461 3036 1620 3036 1460 3036 1460 3037 1620 3037 1458 3037 1458 3038 1620 3038 1597 3038 1458 3039 1597 3039 1604 3039 1604 3040 1597 3040 1599 3040 1604 3041 1599 3041 1621 3041 1525 3042 1674 3042 1522 3042 1522 3043 1674 3043 1622 3043 1522 3044 1622 3044 1623 3044 1522 3045 1623 3045 1469 3045 1469 3046 1623 3046 1624 3046 1469 3047 1624 3047 1470 3047 1470 3048 1624 3048 1521 3048 1521 3049 1624 3049 1625 3049 1521 3050 1625 3050 1626 3050 1521 3051 1626 3051 1471 3051 1471 3052 1626 3052 1627 3052 1471 3053 1627 3053 1472 3053 1472 3054 1627 3054 1518 3054 1518 3055 1627 3055 1628 3055 1518 3056 1628 3056 1629 3056 1518 3057 1629 3057 1473 3057 1473 3058 1629 3058 1517 3058 1517 3059 1629 3059 1630 3059 1517 3060 1630 3060 1631 3060 1517 3061 1631 3061 1516 3061 1516 3062 1631 3062 1514 3062 1514 3063 1631 3063 1632 3063 1514 3064 1632 3064 1474 3064 1474 3065 1632 3065 1633 3065 1474 3066 1633 3066 1475 3066 1475 3067 1633 3067 1634 3067 1475 3068 1634 3068 1513 3068 1513 3069 1634 3069 1635 3069 1513 3070 1635 3070 1636 3070 1513 3071 1636 3071 1476 3071 1476 3072 1636 3072 1637 3072 1476 3073 1637 3073 1512 3073 1512 3074 1637 3074 1511 3074 1511 3075 1637 3075 1638 3075 1511 3076 1638 3076 1509 3076 1509 3077 1638 3077 1639 3077 1509 3078 1639 3078 1477 3078 1477 3079 1639 3079 1640 3079 1477 3080 1640 3080 1641 3080 1477 3081 1641 3081 1478 3081 1478 3082 1641 3082 1506 3082 1506 3083 1641 3083 1642 3083 1506 3084 1642 3084 1643 3084 1506 3085 1643 3085 1479 3085 1479 3086 1643 3086 1644 3086 1479 3087 1644 3087 1480 3087 1480 3088 1644 3088 1504 3088 1504 3089 1644 3089 1645 3089 1504 3090 1645 3090 1481 3090 1481 3091 1645 3091 1646 3091 1481 3092 1646 3092 1647 3092 1481 3093 1647 3093 1483 3093 1483 3094 1647 3094 1648 3094 1483 3095 1648 3095 1484 3095 1484 3096 1648 3096 1503 3096 1503 3097 1648 3097 1649 3097 1503 3098 1649 3098 1650 3098 1503 3099 1650 3099 1485 3099 1485 3100 1650 3100 1651 3100 1485 3101 1651 3101 1486 3101 1486 3102 1651 3102 1501 3102 1501 3103 1651 3103 1652 3103 1501 3104 1652 3104 1653 3104 1501 3105 1653 3105 1487 3105 1487 3106 1653 3106 1654 3106 1487 3107 1654 3107 1500 3107 1500 3108 1654 3108 1655 3108 1500 3109 1655 3109 1499 3109 1499 3110 1655 3110 1498 3110 1498 3111 1655 3111 1656 3111 1498 3112 1656 3112 1657 3112 1498 3113 1657 3113 1488 3113 1488 3114 1657 3114 1658 3114 1488 3115 1658 3115 1489 3115 1489 3116 1658 3116 1497 3116 1497 3117 1658 3117 1659 3117 1497 3118 1659 3118 1660 3118 1497 3119 1660 3119 1490 3119 1490 3120 1660 3120 1661 3120 1490 3121 1661 3121 1491 3121 1491 3122 1661 3122 1465 3122 1465 3123 1661 3123 1615 3123 1664 3124 1674 3124 1527 3124 1527 3125 1674 3125 1525 3125 1662 3126 1663 3126 1664 3126 1662 3127 1664 3127 1304 3127 1304 3128 1664 3128 1289 3128 1289 3129 1664 3129 1527 3129 1289 3130 1527 3130 1528 3130 1613 3131 1612 3131 1665 3131 1667 3132 1700 3132 1666 3132 1700 3133 1667 3133 1612 3133 1612 3134 1667 3134 1665 3134 1380 3135 1382 3135 1287 3135 1287 3136 1382 3136 1303 3136 1303 3137 1382 3137 1530 3137 1303 3138 1530 3138 1668 3138 1669 3139 1670 3139 1671 3139 1669 3140 1671 3140 1662 3140 1662 3141 1672 3141 1663 3141 1663 3142 1672 3142 1673 3142 1674 3143 1664 3143 1673 3143 1673 3144 1664 3144 1663 3144 1626 3145 1625 3145 1624 3145 1627 3146 1626 3146 1695 3146 1629 3147 1628 3147 1693 3147 1631 3148 1630 3148 1693 3148 1636 3149 1635 3149 1692 3149 1637 3150 1636 3150 1692 3150 1641 3151 1640 3151 1691 3151 1643 3152 1642 3152 1689 3152 1648 3153 1647 3153 1688 3153 1650 3154 1649 3154 1688 3154 1651 3155 1650 3155 1686 3155 1653 3156 1652 3156 1686 3156 1655 3157 1654 3157 1687 3157 1657 3158 1656 3158 1685 3158 1658 3159 1657 3159 1685 3159 1647 3160 1646 3160 1688 3160 1688 3161 1646 3161 1645 3161 1688 3162 1645 3162 1689 3162 1688 3163 1689 3163 1681 3163 1690 3164 1689 3164 1680 3164 1694 3165 1624 3165 1672 3165 1694 3166 1672 3166 1675 3166 1694 3167 1675 3167 1782 3167 1615 3168 1661 3168 1617 3168 1617 3169 1661 3169 1684 3169 1699 3170 1684 3170 1763 3170 1684 3171 1661 3171 1660 3171 1659 3172 1684 3172 1660 3172 1659 3173 1658 3173 1685 3173 1659 3174 1685 3174 1684 3174 1684 3175 1685 3175 1683 3175 1684 3176 1683 3176 1764 3176 1656 3177 1655 3177 1685 3177 1685 3178 1655 3178 1687 3178 1683 3179 1685 3179 1687 3179 1683 3180 1687 3180 1765 3180 1687 3181 1766 3181 1765 3181 1686 3182 1687 3182 1654 3182 1654 3183 1653 3183 1686 3183 1766 3184 1687 3184 1767 3184 1652 3185 1651 3185 1686 3185 1682 3186 1767 3186 1687 3186 1682 3187 1687 3187 1686 3187 1686 3188 1650 3188 1688 3188 1686 3189 1688 3189 1682 3189 1649 3190 1648 3190 1688 3190 1681 3191 1682 3191 1688 3191 1690 3192 1681 3192 1689 3192 1689 3193 1645 3193 1644 3193 1689 3194 1644 3194 1643 3194 1642 3195 1641 3195 1689 3195 1689 3196 1641 3196 1691 3196 1689 3197 1691 3197 1680 3197 1679 3198 1680 3198 1691 3198 1691 3199 1640 3199 1639 3199 1639 3200 1638 3200 1691 3200 1678 3201 1679 3201 1691 3201 1637 3202 1691 3202 1638 3202 1691 3203 1637 3203 1692 3203 1691 3204 1692 3204 1678 3204 1634 3205 1692 3205 1635 3205 1634 3206 1633 3206 1692 3206 1678 3207 1692 3207 1777 3207 1692 3208 1633 3208 1632 3208 1692 3209 1677 3209 1777 3209 1693 3210 1692 3210 1632 3210 1693 3211 1632 3211 1631 3211 1692 3212 1693 3212 1677 3212 1630 3213 1629 3213 1693 3213 1676 3214 1677 3214 1693 3214 1628 3215 1627 3215 1693 3215 1693 3216 1627 3216 1695 3216 1693 3217 1695 3217 1676 3217 1695 3218 1694 3218 1676 3218 1624 3219 1695 3219 1626 3219 1695 3220 1624 3220 1694 3220 1672 3221 1624 3221 1622 3221 1622 3222 1624 3222 1623 3222 1622 3223 1674 3223 1673 3223 1622 3224 1673 3224 1672 3224 1675 3225 1672 3225 1662 3225 1675 3226 1662 3226 1671 3226 1675 3227 1671 3227 1670 3227 1616 3228 1615 3228 1617 3228 1619 3229 1618 3229 1617 3229 1597 3230 1620 3230 1619 3230 1612 3231 1610 3231 1696 3231 1696 3232 1610 3232 1701 3232 1701 3233 1610 3233 1697 3233 1610 3234 1619 3234 1697 3234 1614 3235 1597 3235 1610 3235 1610 3236 1597 3236 1619 3236 1697 3237 1619 3237 1698 3237 1619 3238 1617 3238 1698 3238 1698 3239 1617 3239 1699 3239 1617 3240 1684 3240 1699 3240 1700 3241 1612 3241 1696 3241 1580 3242 1579 3242 1696 3242 1590 3243 1589 3243 1588 3243 1714 3244 1591 3244 1702 3244 1591 3245 1590 3245 1588 3245 1591 3246 1588 3246 1702 3246 1702 3247 1588 3247 1703 3247 1703 3248 1588 3248 1701 3248 1587 3249 1580 3249 1588 3249 1588 3250 1580 3250 1696 3250 1588 3251 1696 3251 1701 3251 1579 3252 1572 3252 1696 3252 1722 3253 1739 3253 1707 3253 1532 3254 1531 3254 1714 3254 1533 3255 1532 3255 1714 3255 1535 3256 1534 3256 1727 3256 1536 3257 1535 3257 1727 3257 1540 3258 1539 3258 1726 3258 1542 3259 1541 3259 1726 3259 1543 3260 1542 3260 1711 3260 1545 3261 1544 3261 1711 3261 1546 3262 1545 3262 1725 3262 1552 3263 1551 3263 1712 3263 1553 3264 1552 3264 1712 3264 1555 3265 1554 3265 1713 3265 1560 3266 1559 3266 1721 3266 1562 3267 1561 3267 1721 3267 1564 3268 1563 3268 1720 3268 1566 3269 1565 3269 1719 3269 1567 3270 1566 3270 1719 3270 1569 3271 1568 3271 1719 3271 1556 3272 1555 3272 1713 3272 1723 3273 1712 3273 1742 3273 1529 3274 1570 3274 1718 3274 1715 3275 1718 3275 1717 3275 1715 3276 1717 3276 1716 3276 1718 3277 1570 3277 1569 3277 1719 3278 1718 3278 1569 3278 1568 3279 1567 3279 1719 3279 1718 3280 1719 3280 1717 3280 1717 3281 1719 3281 1710 3281 1709 3282 1710 3282 1719 3282 1565 3283 1564 3283 1719 3283 1719 3284 1564 3284 1720 3284 1719 3285 1720 3285 1709 3285 1708 3286 1709 3286 1720 3286 1563 3287 1562 3287 1720 3287 1720 3288 1562 3288 1721 3288 1561 3289 1560 3289 1721 3289 1720 3290 1721 3290 1708 3290 1721 3291 1559 3291 1558 3291 1721 3292 1707 3292 1708 3292 1558 3293 1557 3293 1721 3293 1722 3294 1707 3294 1713 3294 1713 3295 1707 3295 1721 3295 1713 3296 1721 3296 1556 3296 1556 3297 1721 3297 1557 3297 1723 3298 1722 3298 1713 3298 1723 3299 1713 3299 1712 3299 1712 3300 1713 3300 1553 3300 1553 3301 1713 3301 1554 3301 1551 3302 1550 3302 1712 3302 1712 3303 1706 3303 1742 3303 1743 3304 1706 3304 1724 3304 1724 3305 1706 3305 1712 3305 1724 3306 1712 3306 1549 3306 1549 3307 1712 3307 1550 3307 1724 3308 1549 3308 1548 3308 1548 3309 1547 3309 1724 3309 1725 3310 1724 3310 1546 3310 1546 3311 1724 3311 1547 3311 1724 3312 1725 3312 1745 3312 1725 3313 1545 3313 1711 3313 1543 3314 1711 3314 1544 3314 1725 3315 1711 3315 1705 3315 1725 3316 1705 3316 1746 3316 1711 3317 1542 3317 1726 3317 1711 3318 1726 3318 1705 3318 1540 3319 1726 3319 1541 3319 1726 3320 1727 3320 1705 3320 1726 3321 1539 3321 1538 3321 1726 3322 1538 3322 1727 3322 1727 3323 1704 3323 1705 3323 1727 3324 1538 3324 1537 3324 1537 3325 1536 3325 1727 3325 1704 3326 1727 3326 1728 3326 1534 3327 1533 3327 1727 3327 1727 3328 1533 3328 1714 3328 1728 3329 1727 3329 1714 3329 1728 3330 1714 3330 1729 3330 1702 3331 1729 3331 1714 3331 1531 3332 1592 3332 1714 3332 1714 3333 1592 3333 1591 3333 1718 3334 1530 3334 1529 3334 1718 3335 1668 3335 1530 3335 1668 3336 1718 3336 1715 3336 1668 3337 1715 3337 1303 3337 1730 3338 1715 3338 1716 3338 1731 3339 1732 3339 1716 3339 1716 3340 1732 3340 1730 3340 1731 3341 1716 3341 1733 3341 1733 3342 1716 3342 1717 3342 1717 3343 1734 3343 1733 3343 1734 3344 1717 3344 1710 3344 1734 3345 1710 3345 1735 3345 1710 3346 1736 3346 1735 3346 1710 3347 1709 3347 1736 3347 1708 3348 1737 3348 1709 3348 1709 3349 1737 3349 1736 3349 1737 3350 1708 3350 1738 3350 1738 3351 1708 3351 1707 3351 1738 3352 1707 3352 1739 3352 1739 3353 1722 3353 1740 3353 1740 3354 1722 3354 1741 3354 1741 3355 1722 3355 1723 3355 1741 3356 1723 3356 1742 3356 1706 3357 1743 3357 1742 3357 1743 3358 1724 3358 1744 3358 1744 3359 1724 3359 1745 3359 1745 3360 1725 3360 1746 3360 1746 3361 1705 3361 1747 3361 1747 3362 1705 3362 1748 3362 1748 3363 1705 3363 1704 3363 1748 3364 1704 3364 1749 3364 1749 3365 1704 3365 1750 3365 1750 3366 1704 3366 1728 3366 1750 3367 1728 3367 1729 3367 1750 3368 1729 3368 1751 3368 1702 3369 1751 3369 1729 3369 1751 3370 1702 3370 1752 3370 1752 3371 1702 3371 1703 3371 1752 3372 1703 3372 1753 3372 1753 3373 1703 3373 1754 3373 1754 3374 1703 3374 1701 3374 1754 3375 1701 3375 1755 3375 1755 3376 1701 3376 1756 3376 1757 3377 1756 3377 1697 3377 1697 3378 1756 3378 1701 3378 1757 3379 1697 3379 1758 3379 1758 3380 1697 3380 1698 3380 1758 3381 1698 3381 1759 3381 1759 3382 1698 3382 1760 3382 1760 3383 1698 3383 1761 3383 1761 3384 1698 3384 1699 3384 1761 3385 1699 3385 1762 3385 1762 3386 1699 3386 1763 3386 1763 3387 1684 3387 1764 3387 1683 3388 1765 3388 1764 3388 1767 3389 1682 3389 1768 3389 1768 3390 1682 3390 1769 3390 1682 3391 1681 3391 1769 3391 1769 3392 1681 3392 1770 3392 1770 3393 1681 3393 1771 3393 1771 3394 1681 3394 1690 3394 1771 3395 1690 3395 1772 3395 1772 3396 1690 3396 1773 3396 1773 3397 1690 3397 1680 3397 1680 3398 1774 3398 1773 3398 1680 3399 1679 3399 1774 3399 1774 3400 1679 3400 1775 3400 1679 3401 1776 3401 1775 3401 1679 3402 1678 3402 1776 3402 1678 3403 1777 3403 1776 3403 1677 3404 1778 3404 1777 3404 1778 3405 1677 3405 1779 3405 1677 3406 1676 3406 1779 3406 1779 3407 1676 3407 1780 3407 1780 3408 1676 3408 1781 3408 1781 3409 1676 3409 1694 3409 1694 3410 1782 3410 1781 3410 1783 3411 1782 3411 1675 3411 1670 3412 1784 3412 1675 3412 1675 3413 1784 3413 1783 3413 1785 3414 1784 3414 1669 3414 1669 3415 1784 3415 1670 3415 1786 3416 1839 3416 1787 3416 1787 3417 1839 3417 1789 3417 1787 3418 1789 3418 1788 3418 1788 3419 1789 3419 1790 3419 1790 3420 1789 3420 1792 3420 1790 3421 1792 3421 1791 3421 1791 3422 1792 3422 1793 3422 1793 3423 1792 3423 1795 3423 1793 3424 1795 3424 1794 3424 1794 3425 1795 3425 1796 3425 1796 3426 1795 3426 1798 3426 1796 3427 1798 3427 1797 3427 1797 3428 1798 3428 1799 3428 1799 3429 1798 3429 1801 3429 1799 3430 1801 3430 1800 3430 1800 3431 1801 3431 1802 3431 1802 3432 1801 3432 1804 3432 1802 3433 1804 3433 1803 3433 1803 3434 1804 3434 1805 3434 1805 3435 1804 3435 1807 3435 1805 3436 1807 3436 1806 3436 1806 3437 1807 3437 1808 3437 1808 3438 1807 3438 1809 3438 1808 3439 1809 3439 1810 3439 1810 3440 1809 3440 1811 3440 1811 3441 1809 3441 1812 3441 1812 3442 1809 3442 1814 3442 1812 3443 1814 3443 1813 3443 1813 3444 1814 3444 1815 3444 1815 3445 1814 3445 1817 3445 1815 3446 1817 3446 1816 3446 1816 3447 1817 3447 1818 3447 1818 3448 1817 3448 1819 3448 1818 3449 1819 3449 1820 3449 1820 3450 1819 3450 1821 3450 1821 3451 1819 3451 1822 3451 1822 3452 1819 3452 1824 3452 1822 3453 1824 3453 1823 3453 1823 3454 1824 3454 1825 3454 1825 3455 1824 3455 1826 3455 1825 3456 1826 3456 1827 3456 1827 3457 1826 3457 1828 3457 1828 3458 1826 3458 1829 3458 1829 3459 1826 3459 1831 3459 1829 3460 1831 3460 1830 3460 1830 3461 1831 3461 1832 3461 1832 3462 1831 3462 1834 3462 1832 3463 1834 3463 1833 3463 1833 3464 1834 3464 1835 3464 1835 3465 1834 3465 1837 3465 1835 3466 1837 3466 1836 3466 1836 3467 1837 3467 1838 3467 1838 3468 1837 3468 1839 3468 1838 3469 1839 3469 1840 3469 1840 3470 1839 3470 1786 3470 1292 3471 1348 3471 1349 3471 1292 3472 1349 3472 1350 3472 1348 3473 1292 3473 1293 3473 1344 3474 1345 3474 1310 3474 1310 3475 1345 3475 1280 3475 1280 3476 1345 3476 1278 3476 1351 3477 1841 3477 1847 3477 1348 3478 1293 3478 1347 3478 1347 3479 1293 3479 1346 3479 1346 3480 1293 3480 1278 3480 1346 3481 1278 3481 1345 3481 1849 3482 1842 3482 1377 3482 1343 3483 1789 3483 1342 3483 1342 3484 1789 3484 1839 3484 1798 3485 1795 3485 1310 3485 1310 3486 1795 3486 1792 3486 1310 3487 1280 3487 1283 3487 1310 3488 1283 3488 1311 3488 1377 3489 1842 3489 1375 3489 1375 3490 1842 3490 1843 3490 1375 3491 1843 3491 1844 3491 1375 3492 1844 3492 1374 3492 1374 3493 1844 3493 1845 3493 1374 3494 1845 3494 1373 3494 1373 3495 1845 3495 1846 3495 1373 3496 1846 3496 1371 3496 1344 3497 1310 3497 1792 3497 1344 3498 1792 3498 1343 3498 1343 3499 1792 3499 1789 3499 1351 3500 1847 3500 1848 3500 1438 3501 1353 3501 1841 3501 1841 3502 1351 3502 1352 3502 1841 3503 1352 3503 1438 3503 1819 3504 1328 3504 1329 3504 1819 3505 1329 3505 1824 3505 1824 3506 1329 3506 1330 3506 1824 3507 1330 3507 1332 3507 1824 3508 1332 3508 1826 3508 1826 3509 1332 3509 1334 3509 1826 3510 1334 3510 1831 3510 1831 3511 1334 3511 1335 3511 1831 3512 1335 3512 1336 3512 1831 3513 1336 3513 1834 3513 1834 3514 1336 3514 1337 3514 1834 3515 1337 3515 1339 3515 1834 3516 1339 3516 1837 3516 1837 3517 1339 3517 1340 3517 1837 3518 1340 3518 1839 3518 1839 3519 1340 3519 1342 3519 1328 3520 1819 3520 1327 3520 1327 3521 1819 3521 1326 3521 1326 3522 1819 3522 1817 3522 1326 3523 1817 3523 1325 3523 1325 3524 1817 3524 1323 3524 1292 3525 1849 3525 1291 3525 1291 3526 1849 3526 1377 3526 1817 3527 1814 3527 1323 3527 1323 3528 1814 3528 1321 3528 1321 3529 1814 3529 1809 3529 1321 3530 1809 3530 1319 3530 1319 3531 1809 3531 1318 3531 1318 3532 1809 3532 1807 3532 1318 3533 1807 3533 1317 3533 1317 3534 1807 3534 1804 3534 1317 3535 1804 3535 1314 3535 1314 3536 1804 3536 1801 3536 1314 3537 1801 3537 1310 3537 1310 3538 1801 3538 1798 3538 1848 3539 1850 3539 1351 3539 1351 3540 1850 3540 1350 3540 1350 3541 1850 3541 1292 3541 1292 3542 1850 3542 1849 3542 1353 3543 1434 3543 1841 3543 1841 3544 1434 3544 1851 3544 1851 3545 1434 3545 1354 3545 1851 3546 1354 3546 1852 3546 1852 3547 1354 3547 1356 3547 1852 3548 1356 3548 1357 3548 1852 3549 1357 3549 1358 3549 1852 3550 1358 3550 1853 3550 1853 3551 1358 3551 1360 3551 1853 3552 1360 3552 1361 3552 1853 3553 1361 3553 1363 3553 1853 3554 1363 3554 1854 3554 1854 3555 1363 3555 1364 3555 1854 3556 1364 3556 1855 3556 1855 3557 1364 3557 1367 3557 1855 3558 1367 3558 1368 3558 1855 3559 1368 3559 1856 3559 1856 3560 1368 3560 1369 3560 1856 3561 1369 3561 1370 3561 1856 3562 1370 3562 1846 3562 1846 3563 1370 3563 1371 3563 1857 3564 1840 3564 1858 3564 1858 3565 1840 3565 1786 3565 1858 3566 1786 3566 1859 3566 1859 3567 1786 3567 1787 3567 1859 3568 1787 3568 1860 3568 1860 3569 1787 3569 1788 3569 1860 3570 1788 3570 1861 3570 1861 3571 1788 3571 1790 3571 1861 3572 1790 3572 1862 3572 1862 3573 1790 3573 1791 3573 1862 3574 1791 3574 1863 3574 1863 3575 1791 3575 1793 3575 1863 3576 1793 3576 1864 3576 1864 3577 1793 3577 1794 3577 1864 3578 1794 3578 1865 3578 1865 3579 1794 3579 1796 3579 1865 3580 1796 3580 1866 3580 1866 3581 1796 3581 1797 3581 1866 3582 1797 3582 1867 3582 1867 3583 1797 3583 1799 3583 1867 3584 1799 3584 1868 3584 1868 3585 1799 3585 1800 3585 1868 3586 1800 3586 1869 3586 1869 3587 1800 3587 1802 3587 1869 3588 1802 3588 1870 3588 1870 3589 1802 3589 1803 3589 1870 3590 1803 3590 1871 3590 1871 3591 1803 3591 1805 3591 1871 3592 1805 3592 1872 3592 1872 3593 1805 3593 1806 3593 1872 3594 1806 3594 1873 3594 1873 3595 1806 3595 1808 3595 1873 3596 1808 3596 1874 3596 1874 3597 1808 3597 1810 3597 1874 3598 1810 3598 1875 3598 1875 3599 1810 3599 1811 3599 1875 3600 1811 3600 1876 3600 1876 3601 1811 3601 1812 3601 1876 3602 1812 3602 1877 3602 1877 3603 1812 3603 1813 3603 1877 3604 1813 3604 1878 3604 1878 3605 1813 3605 1815 3605 1878 3606 1815 3606 1879 3606 1879 3607 1815 3607 1816 3607 1879 3608 1816 3608 1880 3608 1880 3609 1816 3609 1818 3609 1880 3610 1818 3610 1881 3610 1881 3611 1818 3611 1820 3611 1881 3612 1820 3612 1882 3612 1882 3613 1820 3613 1821 3613 1882 3614 1821 3614 1883 3614 1883 3615 1821 3615 1822 3615 1883 3616 1822 3616 1884 3616 1884 3617 1822 3617 1823 3617 1884 3618 1823 3618 1885 3618 1885 3619 1823 3619 1825 3619 1885 3620 1825 3620 1886 3620 1886 3621 1825 3621 1827 3621 1886 3622 1827 3622 1887 3622 1887 3623 1827 3623 1828 3623 1887 3624 1828 3624 1888 3624 1888 3625 1828 3625 1829 3625 1888 3626 1829 3626 1889 3626 1889 3627 1829 3627 1830 3627 1889 3628 1830 3628 1890 3628 1890 3629 1830 3629 1832 3629 1890 3630 1832 3630 1891 3630 1891 3631 1832 3631 1833 3631 1891 3632 1833 3632 1892 3632 1892 3633 1833 3633 1835 3633 1892 3634 1835 3634 1893 3634 1893 3635 1835 3635 1836 3635 1893 3636 1836 3636 1894 3636 1894 3637 1836 3637 1838 3637 1894 3638 1838 3638 1857 3638 1857 3639 1838 3639 1840 3639 1895 3640 1856 3640 1896 3640 1896 3641 1856 3641 1897 3641 1897 3642 1856 3642 1898 3642 1898 3643 1856 3643 1846 3643 1898 3644 1846 3644 1899 3644 1899 3645 1846 3645 1900 3645 1900 3646 1846 3646 1845 3646 1900 3647 1845 3647 1901 3647 1901 3648 1845 3648 1902 3648 1902 3649 1845 3649 1844 3649 1902 3650 1844 3650 1903 3650 1903 3651 1844 3651 1904 3651 1904 3652 1844 3652 1843 3652 1904 3653 1843 3653 1905 3653 1905 3654 1843 3654 1906 3654 1906 3655 1843 3655 1842 3655 1906 3656 1842 3656 1907 3656 1907 3657 1842 3657 1908 3657 1908 3658 1842 3658 1909 3658 1909 3659 1842 3659 1849 3659 1909 3660 1849 3660 1910 3660 1910 3661 1849 3661 1911 3661 1911 3662 1849 3662 1850 3662 1911 3663 1850 3663 1912 3663 1912 3664 1850 3664 1913 3664 1913 3665 1850 3665 1914 3665 1914 3666 1850 3666 1915 3666 1915 3667 1850 3667 1848 3667 1915 3668 1848 3668 1916 3668 1916 3669 1848 3669 1917 3669 1917 3670 1848 3670 1847 3670 1917 3671 1847 3671 1918 3671 1918 3672 1847 3672 1919 3672 1919 3673 1847 3673 1841 3673 1919 3674 1841 3674 1920 3674 1920 3675 1841 3675 1851 3675 1920 3676 1851 3676 1921 3676 1921 3677 1851 3677 1922 3677 1922 3678 1851 3678 1852 3678 1922 3679 1852 3679 1923 3679 1923 3680 1852 3680 1924 3680 1924 3681 1852 3681 1925 3681 1925 3682 1852 3682 1853 3682 1925 3683 1853 3683 1926 3683 1926 3684 1853 3684 1927 3684 1927 3685 1853 3685 1928 3685 1928 3686 1853 3686 1854 3686 1928 3687 1854 3687 1929 3687 1929 3688 1854 3688 1930 3688 1930 3689 1854 3689 1855 3689 1930 3690 1855 3690 1931 3690 1931 3691 1855 3691 1932 3691 1932 3692 1855 3692 1895 3692 1895 3693 1855 3693 1856 3693 1933 3694 1932 3694 1934 3694 1934 3695 1932 3695 1895 3695 1934 3696 1895 3696 1935 3696 1935 3697 1895 3697 1896 3697 1935 3698 1896 3698 1936 3698 1936 3699 1896 3699 1897 3699 1936 3700 1897 3700 1937 3700 1937 3701 1897 3701 1898 3701 1937 3702 1898 3702 1938 3702 1938 3703 1898 3703 1899 3703 1938 3704 1899 3704 1939 3704 1939 3705 1899 3705 1900 3705 1939 3706 1900 3706 1940 3706 1940 3707 1900 3707 1901 3707 1940 3708 1901 3708 1941 3708 1941 3709 1901 3709 1902 3709 1941 3710 1902 3710 1942 3710 1942 3711 1902 3711 1903 3711 1942 3712 1903 3712 1943 3712 1943 3713 1903 3713 1904 3713 1943 3714 1904 3714 1944 3714 1944 3715 1904 3715 1905 3715 1944 3716 1905 3716 1945 3716 1945 3717 1905 3717 1906 3717 1945 3718 1906 3718 1946 3718 1946 3719 1906 3719 1907 3719 1946 3720 1907 3720 1947 3720 1947 3721 1907 3721 1908 3721 1947 3722 1908 3722 1948 3722 1948 3723 1908 3723 1909 3723 1948 3724 1909 3724 1949 3724 1949 3725 1909 3725 1910 3725 1949 3726 1910 3726 1950 3726 1950 3727 1910 3727 1911 3727 1950 3728 1911 3728 1951 3728 1951 3729 1911 3729 1912 3729 1951 3730 1912 3730 1952 3730 1952 3731 1912 3731 1913 3731 1952 3732 1913 3732 1953 3732 1953 3733 1913 3733 1914 3733 1953 3734 1914 3734 1954 3734 1954 3735 1914 3735 1915 3735 1954 3736 1915 3736 1955 3736 1955 3737 1915 3737 1916 3737 1955 3738 1916 3738 1956 3738 1956 3739 1916 3739 1917 3739 1956 3740 1917 3740 1957 3740 1957 3741 1917 3741 1918 3741 1957 3742 1918 3742 1958 3742 1958 3743 1918 3743 1919 3743 1958 3744 1919 3744 1959 3744 1959 3745 1919 3745 1920 3745 1959 3746 1920 3746 1960 3746 1960 3747 1920 3747 1921 3747 1960 3748 1921 3748 1961 3748 1961 3749 1921 3749 1922 3749 1961 3750 1922 3750 1962 3750 1962 3751 1922 3751 1923 3751 1962 3752 1923 3752 1963 3752 1963 3753 1923 3753 1924 3753 1963 3754 1924 3754 1964 3754 1964 3755 1924 3755 1925 3755 1964 3756 1925 3756 1965 3756 1965 3757 1925 3757 1926 3757 1965 3758 1926 3758 1966 3758 1966 3759 1926 3759 1927 3759 1966 3760 1927 3760 1967 3760 1967 3761 1927 3761 1928 3761 1967 3762 1928 3762 1968 3762 1968 3763 1928 3763 1929 3763 1968 3764 1929 3764 1969 3764 1969 3765 1929 3765 1930 3765 1969 3766 1930 3766 1970 3766 1970 3767 1930 3767 1931 3767 1970 3768 1931 3768 1933 3768 1933 3769 1931 3769 1932 3769 1970 3770 1971 3770 1969 3770 1969 3771 1971 3771 1968 3771 1968 3772 1971 3772 1967 3772 1967 3773 1971 3773 1972 3773 1967 3774 1972 3774 1966 3774 1966 3775 1972 3775 1965 3775 1965 3776 1972 3776 1964 3776 1964 3777 1972 3777 1973 3777 1964 3778 1973 3778 1963 3778 1963 3779 1973 3779 1962 3779 1962 3780 1973 3780 1974 3780 1962 3781 1974 3781 1961 3781 1961 3782 1974 3782 1960 3782 1960 3783 1974 3783 1975 3783 1960 3784 1975 3784 1959 3784 1959 3785 1975 3785 1958 3785 1958 3786 1975 3786 1976 3786 1958 3787 1976 3787 1957 3787 1957 3788 1976 3788 1956 3788 1956 3789 1976 3789 1955 3789 1955 3790 1976 3790 1977 3790 1955 3791 1977 3791 1954 3791 1954 3792 1977 3792 1953 3792 1953 3793 1977 3793 1952 3793 1952 3794 1977 3794 1978 3794 1952 3795 1978 3795 1951 3795 1951 3796 1978 3796 1950 3796 1950 3797 1978 3797 1949 3797 1949 3798 1978 3798 1979 3798 1949 3799 1979 3799 1948 3799 1948 3800 1979 3800 1947 3800 1947 3801 1979 3801 1980 3801 1947 3802 1980 3802 1946 3802 1946 3803 1980 3803 1981 3803 1946 3804 1981 3804 1945 3804 1945 3805 1981 3805 1982 3805 1945 3806 1982 3806 1944 3806 1944 3807 1982 3807 1943 3807 1943 3808 1982 3808 1983 3808 1943 3809 1983 3809 1942 3809 1942 3810 1983 3810 1941 3810 1941 3811 1983 3811 1984 3811 1941 3812 1984 3812 1940 3812 1940 3813 1984 3813 1939 3813 1939 3814 1984 3814 1985 3814 1939 3815 1985 3815 1938 3815 1938 3816 1985 3816 1937 3816 1937 3817 1985 3817 1936 3817 1936 3818 1985 3818 1986 3818 1936 3819 1986 3819 1935 3819 1935 3820 1986 3820 1934 3820 1934 3821 1986 3821 1987 3821 1934 3822 1987 3822 1933 3822 1933 3823 1987 3823 1970 3823 1970 3824 1987 3824 1971 3824 1761 3825 1308 3825 1760 3825 1760 3826 1308 3826 1759 3826 1759 3827 1308 3827 1758 3827 1758 3828 1308 3828 1309 3828 1754 3829 1755 3829 1731 3829 1731 3830 1755 3830 1296 3830 1296 3831 1755 3831 1294 3831 1307 3832 1784 3832 1785 3832 1733 3833 1753 3833 1731 3833 1731 3834 1753 3834 1754 3834 1758 3835 1309 3835 1757 3835 1757 3836 1309 3836 1756 3836 1756 3837 1309 3837 1294 3837 1756 3838 1294 3838 1755 3838 1752 3839 1980 3839 1979 3839 1731 3840 1296 3840 1299 3840 1731 3841 1299 3841 1732 3841 1980 3842 1752 3842 1753 3842 1980 3843 1753 3843 1981 3843 1981 3844 1753 3844 1733 3844 1752 3845 1979 3845 1978 3845 1761 3846 1762 3846 1988 3846 1988 3847 1762 3847 1989 3847 1989 3848 1762 3848 1763 3848 1989 3849 1763 3849 1990 3849 1990 3850 1763 3850 1764 3850 1990 3851 1764 3851 1991 3851 1991 3852 1764 3852 1765 3852 1991 3853 1765 3853 1992 3853 1992 3854 1765 3854 1766 3854 1992 3855 1766 3855 1767 3855 1992 3856 1767 3856 1993 3856 1993 3857 1767 3857 1768 3857 1993 3858 1768 3858 1994 3858 1994 3859 1768 3859 1769 3859 1994 3860 1769 3860 1770 3860 1994 3861 1770 3861 1998 3861 1976 3862 1749 3862 1750 3862 1976 3863 1750 3863 1751 3863 1976 3864 1751 3864 1977 3864 1977 3865 1751 3865 1752 3865 1977 3866 1752 3866 1978 3866 1761 3867 1988 3867 1995 3867 1996 3868 1997 3868 1783 3868 1783 3869 1997 3869 2001 3869 1735 3870 1985 3870 1734 3870 1734 3871 1985 3871 1984 3871 1734 3872 1984 3872 1733 3872 1733 3873 1984 3873 1983 3873 1983 3874 1982 3874 1733 3874 1733 3875 1982 3875 1981 3875 1995 3876 1996 3876 1761 3876 1761 3877 1996 3877 1783 3877 1761 3878 1783 3878 1784 3878 1761 3879 1784 3879 1308 3879 1308 3880 1784 3880 1307 3880 1770 3881 1771 3881 1998 3881 1998 3882 1771 3882 1772 3882 1998 3883 1772 3883 1773 3883 1998 3884 1773 3884 1999 3884 1999 3885 1773 3885 1774 3885 1999 3886 1774 3886 1775 3886 1999 3887 1775 3887 2000 3887 2000 3888 1775 3888 1776 3888 1783 3889 2001 3889 1782 3889 1782 3890 2001 3890 2002 3890 1782 3891 2002 3891 1781 3891 1781 3892 2002 3892 1780 3892 1780 3893 2002 3893 2003 3893 1780 3894 2003 3894 1779 3894 1779 3895 2003 3895 1778 3895 1778 3896 2003 3896 2004 3896 1778 3897 2004 3897 1777 3897 1777 3898 2004 3898 2005 3898 1777 3899 2005 3899 1776 3899 1776 3900 2005 3900 2000 3900 1735 3901 1736 3901 1985 3901 1985 3902 1736 3902 1737 3902 1985 3903 1737 3903 1986 3903 1986 3904 1737 3904 1738 3904 1986 3905 1738 3905 1987 3905 1987 3906 1738 3906 1739 3906 1987 3907 1739 3907 1971 3907 1971 3908 1739 3908 1740 3908 1971 3909 1740 3909 1741 3909 1971 3910 1741 3910 1742 3910 1971 3911 1742 3911 1972 3911 1972 3912 1742 3912 1743 3912 1972 3913 1743 3913 1973 3913 1973 3914 1743 3914 1744 3914 1973 3915 1744 3915 1745 3915 1973 3916 1745 3916 1974 3916 1974 3917 1745 3917 1746 3917 1974 3918 1746 3918 1975 3918 1975 3919 1746 3919 1747 3919 1975 3920 1747 3920 1976 3920 1976 3921 1747 3921 1748 3921 1976 3922 1748 3922 1749 3922 1894 3923 1989 3923 1893 3923 1893 3924 1989 3924 1892 3924 1892 3925 1989 3925 1990 3925 1892 3926 1990 3926 1891 3926 1891 3927 1990 3927 1890 3927 1890 3928 1990 3928 1991 3928 1890 3929 1991 3929 1889 3929 1889 3930 1991 3930 1888 3930 1888 3931 1991 3931 1992 3931 1888 3932 1992 3932 1887 3932 1887 3933 1992 3933 1886 3933 1886 3934 1992 3934 1993 3934 1886 3935 1993 3935 1885 3935 1885 3936 1993 3936 1884 3936 1884 3937 1993 3937 1994 3937 1884 3938 1994 3938 1883 3938 1883 3939 1994 3939 1882 3939 1882 3940 1994 3940 1998 3940 1882 3941 1998 3941 1881 3941 1881 3942 1998 3942 1880 3942 1880 3943 1998 3943 1999 3943 1880 3944 1999 3944 1879 3944 1879 3945 1999 3945 1878 3945 1878 3946 1999 3946 2000 3946 1878 3947 2000 3947 1877 3947 1877 3948 2000 3948 1876 3948 1876 3949 2000 3949 2005 3949 1876 3950 2005 3950 1875 3950 1875 3951 2005 3951 1874 3951 1874 3952 2005 3952 1873 3952 1873 3953 2005 3953 2004 3953 1873 3954 2004 3954 1872 3954 1872 3955 2004 3955 1871 3955 1871 3956 2004 3956 2003 3956 1871 3957 2003 3957 1870 3957 1870 3958 2003 3958 1869 3958 1869 3959 2003 3959 2002 3959 1869 3960 2002 3960 1868 3960 1868 3961 2002 3961 1867 3961 1867 3962 2002 3962 2001 3962 1867 3963 2001 3963 1866 3963 1866 3964 2001 3964 1865 3964 1865 3965 2001 3965 1864 3965 1864 3966 2001 3966 1997 3966 1864 3967 1997 3967 1863 3967 1863 3968 1997 3968 1862 3968 1862 3969 1997 3969 1996 3969 1862 3970 1996 3970 1861 3970 1861 3971 1996 3971 1995 3971 1861 3972 1995 3972 1860 3972 1860 3973 1995 3973 1859 3973 1859 3974 1995 3974 1988 3974 1859 3975 1988 3975 1858 3975 1858 3976 1988 3976 1857 3976 1857 3977 1988 3977 1894 3977 1894 3978 1988 3978 1989 3978 1288 3979 1302 3979 1289 3979 1289 3980 1302 3980 1304 3980 1378 3981 1379 3981 1285 3981 1285 3982 1379 3982 1287 3982 1291 3983 1377 3983 1285 3983 1285 3984 1377 3984 1378 3984 1282 3985 1526 3985 1313 3985 1526 3986 1282 3986 1289 3986 1311 3987 1283 3987 1313 3987 1313 3988 1283 3988 1282 3988 1301 3989 1669 3989 1662 3989 1307 3990 1785 3990 1301 3990 1301 3991 1785 3991 1669 3991 1715 3992 1298 3992 1303 3992 1298 3993 1715 3993 1730 3993 1732 3994 1299 3994 1730 3994 1730 3995 1299 3995 1298 3995 2007 3996 2006 3996 2008 3996 2007 3997 2008 3997 2009 3997 2009 3998 2008 3998 2010 3998 2010 3999 2008 3999 2012 3999 2010 4000 2012 4000 2011 4000 2011 4001 2012 4001 2013 4001 2013 4002 2012 4002 2015 4002 2013 4003 2015 4003 2014 4003 2014 4004 2015 4004 2017 4004 2014 4005 2017 4005 2016 4005 2016 4006 2017 4006 2018 4006 2018 4007 2017 4007 2020 4007 2018 4008 2020 4008 2019 4008 2019 4009 2020 4009 2022 4009 2022 4010 2020 4010 2021 4010 2022 4011 2021 4011 2023 4011 2023 4012 2021 4012 2025 4012 2025 4013 2021 4013 2024 4013 2025 4014 2024 4014 2026 4014 2026 4015 2024 4015 2006 4015 2026 4016 2006 4016 2007 4016 2014 4017 1585 4017 2013 4017 2014 4018 1573 4018 1449 4018 2014 4019 1449 4019 1585 4019 1573 4020 2014 4020 1574 4020 1574 4021 2014 4021 2016 4021 1574 4022 2016 4022 1576 4022 1576 4023 2016 4023 2018 4023 1576 4024 2018 4024 1578 4024 2019 4025 1583 4025 2018 4025 2018 4026 1583 4026 1578 4026 2027 4027 1583 4027 2019 4027 2027 4028 2019 4028 2022 4028 2027 4029 2022 4029 2028 4029 2028 4030 2022 4030 2023 4030 2028 4031 2023 4031 2029 4031 2029 4032 2023 4032 2025 4032 2029 4033 2025 4033 1608 4033 2026 4034 1608 4034 2025 4034 1600 4035 1601 4035 2026 4035 2026 4036 1601 4036 1608 4036 2007 4037 1621 4037 2026 4037 2026 4038 1621 4038 1600 4038 2007 4039 1604 4039 1621 4039 2007 4040 1606 4040 1605 4040 2007 4041 1605 4041 1604 4041 2009 4042 1606 4042 2007 4042 1606 4043 2009 4043 1596 4043 2009 4044 1455 4044 1596 4044 1455 4045 2009 4045 2010 4045 1455 4046 2010 4046 1595 4046 2013 4047 1585 4047 1594 4047 2013 4048 1594 4048 2011 4048 2011 4049 1594 4049 1593 4049 2011 4050 1593 4050 2010 4050 2010 4051 1593 4051 1595 4051 2017 4052 2030 4052 2031 4052 2017 4053 2031 4053 2020 4053 2020 4054 2031 4054 2032 4054 2020 4055 2032 4055 2021 4055 2021 4056 2032 4056 2033 4056 2021 4057 2033 4057 2034 4057 2021 4058 2034 4058 2024 4058 2024 4059 2034 4059 2035 4059 2024 4060 2035 4060 2036 4060 2024 4061 2036 4061 2006 4061 2006 4062 2036 4062 2037 4062 2006 4063 2037 4063 2038 4063 2006 4064 2038 4064 2008 4064 2008 4065 2038 4065 2039 4065 2008 4066 2039 4066 2012 4066 2012 4067 2039 4067 2040 4067 2012 4068 2040 4068 2041 4068 2012 4069 2041 4069 2015 4069 2015 4070 2041 4070 2017 4070 2017 4071 2041 4071 2030 4071 2042 4072 2060 4072 2043 4072 2042 4073 2043 4073 2044 4073 2044 4074 2043 4074 2045 4074 2044 4075 2045 4075 2046 4075 2046 4076 2045 4076 2047 4076 2047 4077 2045 4077 2049 4077 2049 4078 2045 4078 2048 4078 2049 4079 2048 4079 2050 4079 2050 4080 2048 4080 2052 4080 2050 4081 2052 4081 2051 4081 2051 4082 2052 4082 2053 4082 2053 4083 2052 4083 2055 4083 2053 4084 2055 4084 2054 4084 2054 4085 2055 4085 2056 4085 2056 4086 2055 4086 2058 4086 2056 4087 2058 4087 2057 4087 2057 4088 2058 4088 2059 4088 2059 4089 2058 4089 2060 4089 2059 4090 2060 4090 2061 4090 2061 4091 2060 4091 2042 4091 2050 4092 1575 4092 1577 4092 2050 4093 1577 4093 1584 4093 2050 4094 1584 4094 2049 4094 1575 4095 2050 4095 2051 4095 1575 4096 2051 4096 1586 4096 1586 4097 2051 4097 1581 4097 1581 4098 2051 4098 2053 4098 1581 4099 2053 4099 1582 4099 2054 4100 1571 4100 2053 4100 2053 4101 1571 4101 1582 4101 1666 4102 1571 4102 2054 4102 1666 4103 2054 4103 2056 4103 1666 4104 2056 4104 1667 4104 1667 4105 2056 4105 2057 4105 1667 4106 2057 4106 1665 4106 1665 4107 2057 4107 1613 4107 1613 4108 2057 4108 2059 4108 2059 4109 1614 4109 1613 4109 1611 4110 1614 4110 2061 4110 2061 4111 1614 4111 2059 4111 2042 4112 1598 4112 2061 4112 2061 4113 1598 4113 1611 4113 2042 4114 1599 4114 1598 4114 2042 4115 1603 4115 1602 4115 2042 4116 1602 4116 1599 4116 2044 4117 1603 4117 2042 4117 1603 4118 2044 4118 1607 4118 1607 4119 2044 4119 1609 4119 2049 4120 1584 4120 2062 4120 2049 4121 2062 4121 2047 4121 2047 4122 2062 4122 2063 4122 2047 4123 2063 4123 2046 4123 2046 4124 2063 4124 1609 4124 2046 4125 1609 4125 2044 4125 2052 4126 2075 4126 2064 4126 2052 4127 2064 4127 2055 4127 2055 4128 2064 4128 2065 4128 2055 4129 2065 4129 2058 4129 2058 4130 2065 4130 2066 4130 2058 4131 2066 4131 2067 4131 2058 4132 2067 4132 2060 4132 2060 4133 2067 4133 2068 4133 2060 4134 2068 4134 2069 4134 2060 4135 2069 4135 2043 4135 2043 4136 2069 4136 2070 4136 2043 4137 2070 4137 2045 4137 2045 4138 2070 4138 2071 4138 2045 4139 2071 4139 2072 4139 2045 4140 2072 4140 2048 4140 2048 4141 2072 4141 2073 4141 2048 4142 2073 4142 2052 4142 2052 4143 2073 4143 2074 4143 2052 4144 2074 4144 2075 4144 2062 4145 1584 4145 2027 4145 1608 4146 1609 4146 2029 4146 2027 4147 2063 4147 2062 4147 2027 4148 2028 4148 2063 4148 2063 4149 2028 4149 2029 4149 2063 4150 2029 4150 1609 4150 1288 4151 2040 4151 2039 4151 2039 4152 2038 4152 1288 4152 2068 4153 2067 4153 1302 4153 2073 4154 2072 4154 1286 4154 2036 4155 1302 4155 2037 4155 2036 4156 2035 4156 1302 4156 1302 4157 2035 4157 2034 4157 2066 4158 2065 4158 1305 4158 1286 4159 2074 4159 2073 4159 1286 4160 2072 4160 2071 4160 1288 4161 2038 4161 2037 4161 1288 4162 2037 4162 1302 4162 2030 4163 2041 4163 1286 4163 1286 4164 2041 4164 2040 4164 1286 4165 2040 4165 1288 4165 1305 4166 2065 4166 2064 4166 1305 4167 2064 4167 2075 4167 1305 4168 2075 4168 1286 4168 1286 4169 2075 4169 2074 4169 2033 4170 2032 4170 2071 4170 1302 4171 2067 4171 2066 4171 1302 4172 2066 4172 1305 4172 2070 4173 2069 4173 2034 4173 2034 4174 2069 4174 1302 4174 1302 4175 2069 4175 2068 4175 2071 4176 2032 4176 2031 4176 2071 4177 2031 4177 1286 4177 1286 4178 2031 4178 2030 4178 2034 4179 2033 4179 2071 4179 2071 4180 2070 4180 2034 4180 1305 4181 1286 4181 1303 4181 1303 4182 1286 4182 1287 4182 2076 4183 2077 4183 2121 4183 2121 4184 2077 4184 2078 4184 2080 4185 2079 4185 2123 4185 2123 4186 2079 4186 2081 4186 2123 4187 2081 4187 2082 4187 2082 4188 2081 4188 2083 4188 2083 4189 2081 4189 2084 4189 2085 4190 2084 4190 2086 4190 2089 4191 2088 4191 2090 4191 2128 4192 2090 4192 2091 4192 2131 4193 2092 4193 2093 4193 2093 4194 2094 4194 2120 4194 2144 4195 2142 4195 2095 4195 2095 4196 2142 4196 2109 4196 2096 4197 2135 4197 2101 4197 2098 4198 2097 4198 2099 4198 2104 4199 2105 4199 2210 4199 2092 4200 2091 4200 2097 4200 2099 4201 2097 4201 2104 4201 2091 4202 2090 4202 2097 4202 2104 4203 2088 4203 2087 4203 2104 4204 2087 4204 2207 4204 2104 4205 2097 4205 2090 4205 2104 4206 2090 4206 2088 4206 2210 4207 2099 4207 2104 4207 2101 4208 2100 4208 2106 4208 2106 4209 2100 4209 2105 4209 2106 4210 2105 4210 2104 4210 2101 4211 2135 4211 2134 4211 2095 4212 2146 4212 2144 4212 2103 4213 2102 4213 2107 4213 2107 4214 2102 4214 2135 4214 2081 4215 2108 4215 2084 4215 2084 4216 2108 4216 2206 4216 2084 4217 2206 4217 2086 4217 2207 4218 2087 4218 2086 4218 2207 4219 2086 4219 2206 4219 2134 4220 2133 4220 2101 4220 2101 4221 2133 4221 2100 4221 2100 4222 2133 4222 2146 4222 2100 4223 2146 4223 2095 4223 2109 4224 2142 4224 2111 4224 2109 4225 2111 4225 2110 4225 2110 4226 2111 4226 2116 4226 2078 4227 2112 4227 2079 4227 2079 4228 2112 4228 2113 4228 2079 4229 2113 4229 2081 4229 2081 4230 2113 4230 2108 4230 2103 4231 2114 4231 2102 4231 2102 4232 2114 4232 2137 4232 2137 4233 2114 4233 2138 4233 2138 4234 2114 4234 2172 4234 2138 4235 2172 4235 2119 4235 2096 4236 2107 4236 2135 4236 2097 4237 2115 4237 2092 4237 2092 4238 2115 4238 2093 4238 2093 4239 2115 4239 2189 4239 2093 4240 2189 4240 2094 4240 2116 4241 2111 4241 2117 4241 2117 4242 2111 4242 2118 4242 2117 4243 2118 4243 2174 4243 2174 4244 2118 4244 2119 4244 2174 4245 2119 4245 2173 4245 2173 4246 2119 4246 2172 4246 2094 4247 2189 4247 2190 4247 2094 4248 2190 4248 2191 4248 2094 4249 2191 4249 2077 4249 2077 4250 2191 4250 2192 4250 2077 4251 2192 4251 2078 4251 2078 4252 2192 4252 2112 4252 2120 4253 2094 4253 2076 4253 2076 4254 2094 4254 2077 4254 2122 4255 2121 4255 2078 4255 2122 4256 2078 4256 2080 4256 2080 4257 2078 4257 2079 4257 2083 4258 2084 4258 2085 4258 2124 4259 2085 4259 2086 4259 2124 4260 2086 4260 2125 4260 2125 4261 2086 4261 2087 4261 2125 4262 2087 4262 2126 4262 2126 4263 2087 4263 2088 4263 2126 4264 2088 4264 2089 4264 2127 4265 2089 4265 2090 4265 2127 4266 2090 4266 2128 4266 2129 4267 2128 4267 2091 4267 2129 4268 2091 4268 2130 4268 2130 4269 2091 4269 2092 4269 2130 4270 2092 4270 2131 4270 2131 4271 2093 4271 2132 4271 2132 4272 2093 4272 2120 4272 2150 4273 2135 4273 2102 4273 2152 4274 2102 4274 2136 4274 2136 4275 2102 4275 2137 4275 2154 4276 2137 4276 2138 4276 2155 4277 2138 4277 2119 4277 2157 4278 2118 4278 2111 4278 2157 4279 2111 4279 2139 4279 2139 4280 2111 4280 2140 4280 2141 4281 2111 4281 2142 4281 2143 4282 2142 4282 2158 4282 2158 4283 2142 4283 2144 4283 2145 4284 2144 4284 2146 4284 2145 4285 2146 4285 2159 4285 2147 4286 2146 4286 2133 4286 2148 4287 2133 4287 2134 4287 2148 4288 2134 4288 2149 4288 2149 4289 2134 4289 2135 4289 2149 4290 2135 4290 2150 4290 2151 4291 2150 4291 2102 4291 2151 4292 2102 4292 2152 4292 2153 4293 2136 4293 2137 4293 2153 4294 2137 4294 2154 4294 2155 4295 2154 4295 2138 4295 2227 4296 2155 4296 2119 4296 2227 4297 2119 4297 2156 4297 2156 4298 2119 4298 2118 4298 2156 4299 2118 4299 2157 4299 2140 4300 2111 4300 2141 4300 2143 4301 2141 4301 2142 4301 2145 4302 2158 4302 2144 4302 2147 4303 2159 4303 2146 4303 2148 4304 2147 4304 2133 4304 2160 4305 2161 4305 2109 4305 2109 4306 2161 4306 2095 4306 2096 4307 2180 4307 2162 4307 2096 4308 2162 4308 2163 4308 2096 4309 2163 4309 2318 4309 2096 4310 2318 4310 2107 4310 2107 4311 2318 4311 2164 4311 2107 4312 2164 4312 2317 4312 2107 4313 2317 4313 2165 4313 2107 4314 2165 4314 2166 4314 2107 4315 2166 4315 2103 4315 2103 4316 2166 4316 2167 4316 2103 4317 2167 4317 2168 4317 2103 4318 2168 4318 2316 4318 2103 4319 2316 4319 2114 4319 2114 4320 2316 4320 2169 4320 2114 4321 2169 4321 2170 4321 2114 4322 2170 4322 2171 4322 2114 4323 2171 4323 2315 4323 2114 4324 2315 4324 2172 4324 2117 4325 2175 4325 2311 4325 2117 4326 2311 4326 2116 4326 2116 4327 2311 4327 2176 4327 2116 4328 2176 4328 2177 4328 2116 4329 2177 4329 2110 4329 2110 4330 2177 4330 2178 4330 2110 4331 2178 4331 2179 4331 2110 4332 2179 4332 2109 4332 2109 4333 2179 4333 2160 4333 2180 4334 2096 4334 2310 4334 2310 4335 2096 4335 2101 4335 2310 4336 2101 4336 2309 4336 2309 4337 2101 4337 2181 4337 2181 4338 2101 4338 2106 4338 2307 4339 2104 4339 2207 4339 2097 4340 2182 4340 2305 4340 2097 4341 2305 4341 2115 4341 2115 4342 2305 4342 2183 4342 2115 4343 2183 4343 2184 4343 2115 4344 2184 4344 2185 4344 2115 4345 2185 4345 2186 4345 2115 4346 2186 4346 2187 4346 2115 4347 2187 4347 2189 4347 2189 4348 2187 4348 2188 4348 2192 4349 2193 4349 2112 4349 2112 4350 2193 4350 2194 4350 2112 4351 2194 4351 2195 4351 2112 4352 2195 4352 2196 4352 2112 4353 2196 4353 2197 4353 2112 4354 2197 4354 2113 4354 2113 4355 2197 4355 2198 4355 2113 4356 2198 4356 2199 4356 2113 4357 2199 4357 2299 4357 2113 4358 2299 4358 2200 4358 2113 4359 2200 4359 2108 4359 2108 4360 2200 4360 2201 4360 2108 4361 2201 4361 2202 4361 2108 4362 2202 4362 2203 4362 2108 4363 2203 4363 2204 4363 2108 4364 2204 4364 2205 4364 2108 4365 2205 4365 2206 4365 2206 4366 2205 4366 2298 4366 2097 4367 2098 4367 2182 4367 2182 4368 2098 4368 2208 4368 2209 4369 2208 4369 2099 4369 2099 4370 2208 4370 2098 4370 2209 4371 2099 4371 2213 4371 2213 4372 2099 4372 2210 4372 2210 4373 2105 4373 2211 4373 2211 4374 2105 4374 2100 4374 2217 4375 2100 4375 2212 4375 2212 4376 2100 4376 2095 4376 2212 4377 2095 4377 2161 4377 2213 4378 2214 4378 2209 4378 2209 4379 2214 4379 2208 4379 2246 4380 2213 4380 2210 4380 2246 4381 2210 4381 2215 4381 2216 4382 2215 4382 2211 4382 2211 4383 2215 4383 2210 4383 2216 4384 2211 4384 2100 4384 2216 4385 2100 4385 2217 4385 2218 4386 2217 4386 2161 4386 2161 4387 2217 4387 2212 4387 2219 4388 2218 4388 2160 4388 2160 4389 2218 4389 2161 4389 2147 4390 2236 4390 2220 4390 2147 4391 2220 4391 2159 4391 2159 4392 2220 4392 2145 4392 2145 4393 2220 4393 2221 4393 2145 4394 2221 4394 2158 4394 2158 4395 2221 4395 2222 4395 2158 4396 2222 4396 2143 4396 2143 4397 2222 4397 2223 4397 2143 4398 2223 4398 2141 4398 2141 4399 2223 4399 2224 4399 2141 4400 2224 4400 2140 4400 2140 4401 2224 4401 2225 4401 2140 4402 2225 4402 2139 4402 2139 4403 2225 4403 2157 4403 2157 4404 2225 4404 2226 4404 2157 4405 2226 4405 2156 4405 2156 4406 2226 4406 2227 4406 2155 4407 2227 4407 2228 4407 2155 4408 2228 4408 2154 4408 2154 4409 2228 4409 2229 4409 2154 4410 2229 4410 2153 4410 2153 4411 2229 4411 2230 4411 2153 4412 2230 4412 2136 4412 2136 4413 2230 4413 2231 4413 2136 4414 2231 4414 2152 4414 2152 4415 2231 4415 2151 4415 2151 4416 2231 4416 2232 4416 2151 4417 2232 4417 2150 4417 2150 4418 2232 4418 2233 4418 2150 4419 2233 4419 2149 4419 2149 4420 2233 4420 2234 4420 2149 4421 2234 4421 2235 4421 2149 4422 2235 4422 2148 4422 2148 4423 2235 4423 2236 4423 2148 4424 2236 4424 2147 4424 2266 4425 2238 4425 2241 4425 2241 4426 2238 4426 2237 4426 2241 4427 2237 4427 2242 4427 2243 4428 2244 4428 2240 4428 2245 4429 2240 4429 2244 4429 2245 4430 2244 4430 2246 4430 2245 4431 2246 4431 2247 4431 2247 4432 2246 4432 2267 4432 2248 4433 2254 4433 2249 4433 2249 4434 2254 4434 2245 4434 2233 4435 2265 4435 2234 4435 2234 4436 2265 4436 2251 4436 2234 4437 2251 4437 2235 4437 2235 4438 2251 4438 2252 4438 2235 4439 2252 4439 2236 4439 2236 4440 2252 4440 2253 4440 2236 4441 2253 4441 2220 4441 2223 4442 2222 4442 2241 4442 2241 4443 2222 4443 2221 4443 2245 4444 2254 4444 2255 4444 2245 4445 2255 4445 2240 4445 2240 4446 2255 4446 2250 4446 2250 4447 2256 4447 2240 4447 2240 4448 2256 4448 2257 4448 2257 4449 2256 4449 2258 4449 2248 4450 2249 4450 2259 4450 2248 4451 2259 4451 2260 4451 2260 4452 2259 4452 2261 4452 2261 4453 2259 4453 2262 4453 2261 4454 2262 4454 2270 4454 2261 4455 2270 4455 2271 4455 2230 4456 2295 4456 2231 4456 2231 4457 2295 4457 2263 4457 2231 4458 2263 4458 2232 4458 2232 4459 2263 4459 2264 4459 2232 4460 2264 4460 2233 4460 2233 4461 2264 4461 2265 4461 2266 4462 2241 4462 2221 4462 2266 4463 2221 4463 2253 4463 2253 4464 2221 4464 2220 4464 2238 4465 2239 4465 2237 4465 2247 4466 2267 4466 2268 4466 2268 4467 2267 4467 2239 4467 2268 4468 2239 4468 2238 4468 2223 4469 2241 4469 2224 4469 2224 4470 2241 4470 2269 4470 2224 4471 2269 4471 2225 4471 2225 4472 2269 4472 2289 4472 2271 4473 2270 4473 2272 4473 2271 4474 2272 4474 2273 4474 2273 4475 2272 4475 2274 4475 2273 4476 2274 4476 2275 4476 2275 4477 2274 4477 2276 4477 2275 4478 2276 4478 2277 4478 2278 4479 2288 4479 2279 4479 2278 4480 2279 4480 2280 4480 2280 4481 2279 4481 2281 4481 2280 4482 2281 4482 2282 4482 2282 4483 2281 4483 2283 4483 2282 4484 2283 4484 2258 4484 2258 4485 2283 4485 2257 4485 2276 4486 2284 4486 2277 4486 2277 4487 2284 4487 2285 4487 2277 4488 2285 4488 2287 4488 2287 4489 2285 4489 2286 4489 2287 4490 2286 4490 2278 4490 2278 4491 2286 4491 2288 4491 2225 4492 2289 4492 2290 4492 2225 4493 2290 4493 2226 4493 2226 4494 2290 4494 2291 4494 2226 4495 2291 4495 2292 4495 2226 4496 2292 4496 2227 4496 2227 4497 2292 4497 2228 4497 2228 4498 2292 4498 2293 4498 2228 4499 2293 4499 2229 4499 2229 4500 2293 4500 2294 4500 2229 4501 2294 4501 2230 4501 2230 4502 2294 4502 2295 4502 2120 4503 2278 4503 2132 4503 2132 4504 2278 4504 2280 4504 2132 4505 2280 4505 2131 4505 2131 4506 2280 4506 2282 4506 2131 4507 2282 4507 2130 4507 2130 4508 2282 4508 2258 4508 2130 4509 2258 4509 2129 4509 2129 4510 2258 4510 2256 4510 2129 4511 2256 4511 2128 4511 2128 4512 2256 4512 2250 4512 2128 4513 2250 4513 2127 4513 2127 4514 2250 4514 2255 4514 2127 4515 2255 4515 2089 4515 2089 4516 2255 4516 2254 4516 2089 4517 2254 4517 2126 4517 2126 4518 2254 4518 2125 4518 2125 4519 2254 4519 2248 4519 2125 4520 2248 4520 2124 4520 2124 4521 2248 4521 2260 4521 2124 4522 2260 4522 2085 4522 2085 4523 2260 4523 2261 4523 2085 4524 2261 4524 2083 4524 2083 4525 2261 4525 2082 4525 2082 4526 2261 4526 2271 4526 2082 4527 2271 4527 2123 4527 2123 4528 2271 4528 2273 4528 2123 4529 2273 4529 2080 4529 2080 4530 2273 4530 2275 4530 2080 4531 2275 4531 2122 4531 2122 4532 2275 4532 2277 4532 2122 4533 2277 4533 2121 4533 2121 4534 2277 4534 2076 4534 2076 4535 2277 4535 2287 4535 2076 4536 2287 4536 2120 4536 2120 4537 2287 4537 2278 4537 2296 4538 2214 4538 2240 4538 2240 4539 2214 4539 2243 4539 2249 4540 2306 4540 2297 4540 2249 4541 2297 4541 2259 4541 2259 4542 2297 4542 2298 4542 2259 4543 2298 4543 2204 4543 2259 4544 2204 4544 2262 4544 2262 4545 2204 4545 2203 4545 2262 4546 2203 4546 2270 4546 2270 4547 2203 4547 2201 4547 2270 4548 2201 4548 2272 4548 2272 4549 2201 4549 2299 4549 2272 4550 2299 4550 2274 4550 2274 4551 2299 4551 2199 4551 2274 4552 2199 4552 2276 4552 2276 4553 2199 4553 2300 4553 2276 4554 2300 4554 2284 4554 2284 4555 2300 4555 2194 4555 2284 4556 2194 4556 2285 4556 2285 4557 2194 4557 2301 4557 2285 4558 2301 4558 2286 4558 2286 4559 2301 4559 2302 4559 2286 4560 2302 4560 2303 4560 2286 4561 2303 4561 2288 4561 2288 4562 2303 4562 2304 4562 2288 4563 2304 4563 2279 4563 2279 4564 2304 4564 2188 4564 2279 4565 2188 4565 2281 4565 2281 4566 2188 4566 2186 4566 2281 4567 2186 4567 2283 4567 2283 4568 2186 4568 2184 4568 2283 4569 2184 4569 2257 4569 2257 4570 2184 4570 2305 4570 2257 4571 2305 4571 2296 4571 2257 4572 2296 4572 2240 4572 2306 4573 2249 4573 2307 4573 2307 4574 2249 4574 2245 4574 2307 4575 2245 4575 2308 4575 2308 4576 2245 4576 2247 4576 2308 4577 2247 4577 2268 4577 2308 4578 2268 4578 2309 4578 2309 4579 2268 4579 2238 4579 2309 4580 2238 4580 2310 4580 2310 4581 2238 4581 2266 4581 2310 4582 2266 4582 2180 4582 2180 4583 2266 4583 2253 4583 2241 4584 2219 4584 2178 4584 2241 4585 2178 4585 2269 4585 2269 4586 2178 4586 2177 4586 2269 4587 2177 4587 2289 4587 2289 4588 2177 4588 2176 4588 2289 4589 2176 4589 2290 4589 2290 4590 2176 4590 2311 4590 2290 4591 2311 4591 2175 4591 2290 4592 2175 4592 2291 4592 2291 4593 2175 4593 2312 4593 2291 4594 2312 4594 2292 4594 2292 4595 2312 4595 2313 4595 2292 4596 2313 4596 2314 4596 2292 4597 2314 4597 2293 4597 2293 4598 2314 4598 2315 4598 2293 4599 2315 4599 2294 4599 2294 4600 2315 4600 2171 4600 2294 4601 2171 4601 2169 4601 2294 4602 2169 4602 2295 4602 2295 4603 2169 4603 2316 4603 2295 4604 2316 4604 2263 4604 2263 4605 2316 4605 2167 4605 2263 4606 2167 4606 2264 4606 2264 4607 2167 4607 2165 4607 2264 4608 2165 4608 2317 4608 2264 4609 2317 4609 2265 4609 2265 4610 2317 4610 2164 4610 2265 4611 2164 4611 2251 4611 2251 4612 2164 4612 2318 4612 2251 4613 2318 4613 2163 4613 2251 4614 2163 4614 2252 4614 2252 4615 2163 4615 2180 4615 2252 4616 2180 4616 2253 4616 2241 4617 2242 4617 2219 4617 2219 4618 2242 4618 2218 4618 2217 4619 2218 4619 2237 4619 2237 4620 2218 4620 2242 4620 2217 4621 2237 4621 2239 4621 2217 4622 2239 4622 2216 4622 2216 4623 2239 4623 2215 4623 2215 4624 2239 4624 2267 4624 2215 4625 2267 4625 2246 4625 2246 4626 2244 4626 2213 4626 2244 4627 2243 4627 2213 4627 2213 4628 2243 4628 2214 4628 2214 4629 2296 4629 2208 4629 2208 4630 2296 4630 2182 4630 2308 4631 2309 4631 2106 4631 2106 4632 2309 4632 2181 4632 2219 4633 2160 4633 2179 4633 2219 4634 2179 4634 2178 4634 2175 4635 2117 4635 2174 4635 2175 4636 2174 4636 2312 4636 2312 4637 2174 4637 2173 4637 2312 4638 2173 4638 2313 4638 2313 4639 2173 4639 2172 4639 2313 4640 2172 4640 2314 4640 2314 4641 2172 4641 2315 4641 2171 4642 2170 4642 2169 4642 2316 4643 2168 4643 2167 4643 2167 4644 2166 4644 2165 4644 2163 4645 2162 4645 2180 4645 2306 4646 2207 4646 2297 4646 2297 4647 2207 4647 2206 4647 2297 4648 2206 4648 2298 4648 2298 4649 2205 4649 2204 4649 2203 4650 2202 4650 2201 4650 2201 4651 2200 4651 2299 4651 2199 4652 2198 4652 2197 4652 2199 4653 2197 4653 2300 4653 2300 4654 2197 4654 2196 4654 2300 4655 2196 4655 2195 4655 2300 4656 2195 4656 2194 4656 2194 4657 2193 4657 2301 4657 2301 4658 2193 4658 2192 4658 2301 4659 2192 4659 2191 4659 2301 4660 2191 4660 2302 4660 2302 4661 2191 4661 2190 4661 2302 4662 2190 4662 2303 4662 2303 4663 2190 4663 2304 4663 2304 4664 2190 4664 2189 4664 2304 4665 2189 4665 2188 4665 2188 4666 2187 4666 2186 4666 2186 4667 2185 4667 2184 4667 2184 4668 2183 4668 2305 4668 2305 4669 2182 4669 2296 4669 2308 4670 2106 4670 2104 4670 2308 4671 2104 4671 2307 4671 2306 4672 2307 4672 2207 4672 2319 4673 2340 4673 2320 4673 2319 4674 2320 4674 2370 4674 2370 4675 2320 4675 2371 4675 2371 4676 2320 4676 2321 4676 2321 4677 2320 4677 2323 4677 2321 4678 2323 4678 2372 4678 2372 4679 2323 4679 2322 4679 2322 4680 2323 4680 2324 4680 2374 4681 2325 4681 2326 4681 2326 4682 2325 4682 2327 4682 2331 4683 2330 4683 2332 4683 2335 4684 2337 4684 2336 4684 2336 4685 2337 4685 2338 4685 2338 4686 2337 4686 2339 4686 2360 4687 2341 4687 2382 4687 2344 4688 2345 4688 2346 4688 2349 4689 2352 4689 2463 4689 2349 4690 2345 4690 2344 4690 2382 4691 2341 4691 2350 4691 2350 4692 2341 4692 2363 4692 2350 4693 2363 4693 2385 4693 2351 4694 2329 4694 2328 4694 2463 4695 2345 4695 2349 4695 2348 4696 2347 4696 2353 4696 2353 4697 2347 4697 2352 4697 2353 4698 2352 4698 2349 4698 2333 4699 2332 4699 2344 4699 2344 4700 2332 4700 2349 4700 2349 4701 2332 4701 2351 4701 2351 4702 2332 4702 2330 4702 2351 4703 2330 4703 2329 4703 2382 4704 2342 4704 2360 4704 2351 4705 2328 4705 2327 4705 2351 4706 2327 4706 2460 4706 2324 4707 2356 4707 2325 4707 2325 4708 2356 4708 2327 4708 2327 4709 2356 4709 2357 4709 2327 4710 2357 4710 2460 4710 2320 4711 2358 4711 2323 4711 2323 4712 2358 4712 2359 4712 2323 4713 2359 4713 2324 4713 2324 4714 2359 4714 2356 4714 2397 4715 2354 4715 2348 4715 2348 4716 2354 4716 2355 4716 2348 4717 2355 4717 2347 4717 2347 4718 2355 4718 2343 4718 2333 4719 2344 4719 2337 4719 2337 4720 2344 4720 2361 4720 2337 4721 2361 4721 2339 4721 2339 4722 2361 4722 2445 4722 2342 4723 2382 4723 2380 4723 2342 4724 2380 4724 2379 4724 2355 4725 2354 4725 2393 4725 2355 4726 2393 4726 2362 4726 2362 4727 2393 4727 2366 4727 2362 4728 2366 4728 2365 4728 2348 4729 2398 4729 2397 4729 2385 4730 2363 4730 2387 4730 2387 4731 2363 4731 2364 4731 2387 4732 2364 4732 2389 4732 2389 4733 2364 4733 2423 4733 2389 4734 2423 4734 2368 4734 2339 4735 2445 4735 2446 4735 2339 4736 2446 4736 2340 4736 2340 4737 2446 4737 2447 4737 2340 4738 2447 4738 2320 4738 2320 4739 2447 4739 2448 4739 2320 4740 2448 4740 2358 4740 2342 4741 2379 4741 2348 4741 2348 4742 2379 4742 2398 4742 2365 4743 2366 4743 2367 4743 2367 4744 2366 4744 2368 4744 2367 4745 2368 4745 2425 4745 2425 4746 2368 4746 2424 4746 2424 4747 2368 4747 2423 4747 2369 4748 2340 4748 2319 4748 2322 4749 2324 4749 2373 4749 2373 4750 2324 4750 2325 4750 2373 4751 2325 4751 2374 4751 2326 4752 2327 4752 2375 4752 2375 4753 2327 4753 2328 4753 2375 4754 2328 4754 2376 4754 2376 4755 2328 4755 2329 4755 2376 4756 2329 4756 2330 4756 2376 4757 2330 4757 2331 4757 2377 4758 2331 4758 2332 4758 2377 4759 2332 4759 2333 4759 2377 4760 2333 4760 2334 4760 2334 4761 2333 4761 2378 4761 2378 4762 2333 4762 2337 4762 2378 4763 2337 4763 2335 4763 2369 4764 2338 4764 2339 4764 2369 4765 2339 4765 2340 4765 2381 4766 2380 4766 2382 4766 2383 4767 2382 4767 2350 4767 2383 4768 2350 4768 2384 4768 2384 4769 2350 4769 2385 4769 2386 4770 2385 4770 2387 4770 2388 4771 2387 4771 2389 4771 2403 4772 2389 4772 2368 4772 2390 4773 2368 4773 2391 4773 2391 4774 2368 4774 2366 4774 2391 4775 2366 4775 2392 4775 2392 4776 2366 4776 2393 4776 2394 4777 2393 4777 2354 4777 2394 4778 2354 4778 2395 4778 2396 4779 2354 4779 2397 4779 2399 4780 2398 4780 2379 4780 2399 4781 2379 4781 2400 4781 2400 4782 2379 4782 2381 4782 2381 4783 2379 4783 2380 4783 2401 4784 2381 4784 2382 4784 2401 4785 2382 4785 2383 4785 2386 4786 2384 4786 2385 4786 2388 4787 2386 4787 2387 4787 2402 4788 2388 4788 2389 4788 2402 4789 2389 4789 2403 4789 2404 4790 2403 4790 2368 4790 2404 4791 2368 4791 2390 4791 2405 4792 2392 4792 2393 4792 2405 4793 2393 4793 2394 4793 2395 4794 2354 4794 2406 4794 2406 4795 2354 4795 2396 4795 2396 4796 2397 4796 2407 4796 2407 4797 2397 4797 2398 4797 2407 4798 2398 4798 2399 4798 2408 4799 2409 4799 2355 4799 2355 4800 2409 4800 2343 4800 2342 4801 2434 4801 2410 4801 2342 4802 2410 4802 2360 4802 2360 4803 2410 4803 2411 4803 2360 4804 2411 4804 2412 4804 2360 4805 2412 4805 2413 4805 2360 4806 2413 4806 2414 4806 2360 4807 2414 4807 2415 4807 2360 4808 2415 4808 2341 4808 2341 4809 2415 4809 2416 4809 2341 4810 2416 4810 2417 4810 2341 4811 2417 4811 2363 4811 2363 4812 2417 4812 2418 4812 2363 4813 2418 4813 2562 4813 2363 4814 2562 4814 2419 4814 2363 4815 2419 4815 2420 4815 2363 4816 2420 4816 2364 4816 2364 4817 2420 4817 2421 4817 2364 4818 2421 4818 2422 4818 2364 4819 2422 4819 2423 4819 2367 4820 2426 4820 2427 4820 2367 4821 2427 4821 2365 4821 2365 4822 2427 4822 2428 4822 2365 4823 2428 4823 2429 4823 2365 4824 2429 4824 2430 4824 2365 4825 2430 4825 2431 4825 2365 4826 2431 4826 2362 4826 2362 4827 2431 4827 2432 4827 2362 4828 2432 4828 2433 4828 2362 4829 2433 4829 2355 4829 2355 4830 2433 4830 2408 4830 2434 4831 2342 4831 2557 4831 2557 4832 2342 4832 2348 4832 2435 4833 2348 4833 2436 4833 2436 4834 2348 4834 2353 4834 2437 4835 2349 4835 2351 4835 2344 4836 2438 4836 2553 4836 2344 4837 2553 4837 2439 4837 2344 4838 2439 4838 2361 4838 2361 4839 2439 4839 2440 4839 2361 4840 2440 4840 2441 4840 2361 4841 2441 4841 2442 4841 2361 4842 2442 4842 2443 4842 2361 4843 2443 4843 2444 4843 2361 4844 2444 4844 2445 4844 2448 4845 2449 4845 2358 4845 2358 4846 2449 4846 2450 4846 2358 4847 2450 4847 2451 4847 2358 4848 2451 4848 2452 4848 2358 4849 2452 4849 2453 4849 2358 4850 2453 4850 2359 4850 2359 4851 2453 4851 2454 4851 2359 4852 2454 4852 2455 4852 2359 4853 2455 4853 2456 4853 2359 4854 2456 4854 2356 4854 2356 4855 2456 4855 2457 4855 2356 4856 2457 4856 2458 4856 2356 4857 2458 4857 2459 4857 2356 4858 2459 4858 2547 4858 2356 4859 2547 4859 2357 4859 2344 4860 2346 4860 2438 4860 2438 4861 2346 4861 2461 4861 2462 4862 2461 4862 2345 4862 2345 4863 2461 4863 2346 4863 2462 4864 2345 4864 2469 4864 2469 4865 2345 4865 2463 4865 2464 4866 2463 4866 2352 4866 2464 4867 2352 4867 2465 4867 2465 4868 2352 4868 2347 4868 2471 4869 2347 4869 2466 4869 2466 4870 2347 4870 2343 4870 2466 4871 2343 4871 2409 4871 2468 4872 2467 4872 2462 4872 2462 4873 2467 4873 2461 4873 2468 4874 2462 4874 2469 4874 2469 4875 2463 4875 2464 4875 2470 4876 2469 4876 2465 4876 2465 4877 2469 4877 2464 4877 2470 4878 2465 4878 2347 4878 2470 4879 2347 4879 2471 4879 2472 4880 2471 4880 2409 4880 2409 4881 2471 4881 2466 4881 2473 4882 2472 4882 2408 4882 2408 4883 2472 4883 2409 4883 2399 4884 2489 4884 2407 4884 2407 4885 2489 4885 2474 4885 2407 4886 2474 4886 2396 4886 2396 4887 2474 4887 2475 4887 2396 4888 2475 4888 2406 4888 2406 4889 2475 4889 2476 4889 2406 4890 2476 4890 2395 4890 2395 4891 2476 4891 2394 4891 2394 4892 2476 4892 2477 4892 2394 4893 2477 4893 2405 4893 2405 4894 2477 4894 2478 4894 2405 4895 2478 4895 2392 4895 2392 4896 2478 4896 2479 4896 2392 4897 2479 4897 2391 4897 2391 4898 2479 4898 2480 4898 2391 4899 2480 4899 2390 4899 2390 4900 2480 4900 2404 4900 2404 4901 2480 4901 2481 4901 2404 4902 2481 4902 2403 4902 2403 4903 2481 4903 2402 4903 2402 4904 2481 4904 2482 4904 2402 4905 2482 4905 2388 4905 2388 4906 2482 4906 2483 4906 2388 4907 2483 4907 2386 4907 2386 4908 2483 4908 2484 4908 2386 4909 2484 4909 2384 4909 2384 4910 2484 4910 2485 4910 2384 4911 2485 4911 2383 4911 2383 4912 2485 4912 2486 4912 2383 4913 2486 4913 2401 4913 2401 4914 2486 4914 2381 4914 2381 4915 2486 4915 2487 4915 2381 4916 2487 4916 2400 4916 2400 4917 2487 4917 2488 4917 2400 4918 2488 4918 2399 4918 2399 4919 2488 4919 2489 4919 2494 4920 2477 4920 2476 4920 2511 4921 2491 4921 2494 4921 2494 4922 2491 4922 2490 4922 2494 4923 2490 4923 2495 4923 2496 4924 2497 4924 2493 4924 2498 4925 2499 4925 2512 4925 2500 4926 2501 4926 2493 4926 2493 4927 2501 4927 2503 4927 2493 4928 2503 4928 2502 4928 2502 4929 2503 4929 2538 4929 2494 4930 2476 4930 2475 4930 2498 4931 2504 4931 2499 4931 2486 4932 2510 4932 2487 4932 2487 4933 2510 4933 2505 4933 2487 4934 2505 4934 2488 4934 2488 4935 2505 4935 2506 4935 2488 4936 2506 4936 2489 4936 2489 4937 2506 4937 2507 4937 2489 4938 2507 4938 2474 4938 2484 4939 2533 4939 2485 4939 2485 4940 2533 4940 2508 4940 2485 4941 2508 4941 2486 4941 2486 4942 2508 4942 2509 4942 2486 4943 2509 4943 2510 4943 2511 4944 2494 4944 2475 4944 2511 4945 2475 4945 2507 4945 2507 4946 2475 4946 2474 4946 2499 4947 2500 4947 2512 4947 2512 4948 2500 4948 2493 4948 2512 4949 2493 4949 2497 4949 2512 4950 2497 4950 2513 4950 2512 4951 2513 4951 2516 4951 2477 4952 2494 4952 2514 4952 2477 4953 2514 4953 2478 4953 2478 4954 2514 4954 2515 4954 2478 4955 2515 4955 2479 4955 2491 4956 2492 4956 2490 4956 2516 4957 2513 4957 2517 4957 2517 4958 2513 4958 2492 4958 2517 4959 2492 4959 2491 4959 2518 4960 2519 4960 2520 4960 2520 4961 2519 4961 2521 4961 2520 4962 2521 4962 2522 4962 2522 4963 2521 4963 2539 4963 2504 4964 2498 4964 2523 4964 2504 4965 2523 4965 2524 4965 2524 4966 2523 4966 2526 4966 2524 4967 2526 4967 2525 4967 2525 4968 2526 4968 2527 4968 2525 4969 2527 4969 2518 4969 2518 4970 2527 4970 2519 4970 2479 4971 2515 4971 2528 4971 2479 4972 2528 4972 2480 4972 2480 4973 2528 4973 2529 4973 2480 4974 2529 4974 2481 4974 2481 4975 2529 4975 2530 4975 2481 4976 2530 4976 2482 4976 2482 4977 2530 4977 2531 4977 2482 4978 2531 4978 2483 4978 2483 4979 2531 4979 2532 4979 2483 4980 2532 4980 2484 4980 2484 4981 2532 4981 2533 4981 2534 4982 2544 4982 2536 4982 2534 4983 2536 4983 2535 4983 2535 4984 2536 4984 2537 4984 2535 4985 2537 4985 2538 4985 2538 4986 2537 4986 2502 4986 2522 4987 2539 4987 2540 4987 2522 4988 2540 4988 2541 4988 2541 4989 2540 4989 2542 4989 2541 4990 2542 4990 2543 4990 2543 4991 2542 4991 2544 4991 2543 4992 2544 4992 2534 4992 2369 4993 2534 4993 2338 4993 2338 4994 2534 4994 2535 4994 2338 4995 2535 4995 2336 4995 2336 4996 2535 4996 2335 4996 2335 4997 2535 4997 2538 4997 2335 4998 2538 4998 2378 4998 2378 4999 2538 4999 2503 4999 2378 5000 2503 5000 2334 5000 2334 5001 2503 5001 2501 5001 2334 5002 2501 5002 2377 5002 2377 5003 2501 5003 2331 5003 2331 5004 2501 5004 2500 5004 2331 5005 2500 5005 2376 5005 2376 5006 2500 5006 2499 5006 2376 5007 2499 5007 2375 5007 2375 5008 2499 5008 2504 5008 2375 5009 2504 5009 2326 5009 2326 5010 2504 5010 2524 5010 2326 5011 2524 5011 2374 5011 2374 5012 2524 5012 2525 5012 2374 5013 2525 5013 2373 5013 2373 5014 2525 5014 2518 5014 2373 5015 2518 5015 2322 5015 2322 5016 2518 5016 2372 5016 2372 5017 2518 5017 2520 5017 2372 5018 2520 5018 2321 5018 2321 5019 2520 5019 2522 5019 2321 5020 2522 5020 2371 5020 2371 5021 2522 5021 2370 5021 2370 5022 2522 5022 2541 5022 2370 5023 2541 5023 2319 5023 2319 5024 2541 5024 2543 5024 2319 5025 2543 5025 2369 5025 2369 5026 2543 5026 2534 5026 2545 5027 2467 5027 2493 5027 2493 5028 2467 5028 2496 5028 2498 5029 2554 5029 2546 5029 2498 5030 2546 5030 2523 5030 2523 5031 2546 5031 2547 5031 2523 5032 2547 5032 2526 5032 2526 5033 2547 5033 2459 5033 2526 5034 2459 5034 2527 5034 2527 5035 2459 5035 2457 5035 2527 5036 2457 5036 2548 5036 2527 5037 2548 5037 2519 5037 2519 5038 2548 5038 2455 5038 2519 5039 2455 5039 2454 5039 2519 5040 2454 5040 2521 5040 2521 5041 2454 5041 2453 5041 2521 5042 2453 5042 2539 5042 2539 5043 2453 5043 2450 5043 2539 5044 2450 5044 2540 5044 2540 5045 2450 5045 2549 5045 2540 5046 2549 5046 2542 5046 2542 5047 2549 5047 2550 5047 2542 5048 2550 5048 2544 5048 2544 5049 2550 5049 2551 5049 2544 5050 2551 5050 2552 5050 2544 5051 2552 5051 2536 5051 2536 5052 2552 5052 2443 5052 2536 5053 2443 5053 2537 5053 2537 5054 2443 5054 2441 5054 2537 5055 2441 5055 2440 5055 2537 5056 2440 5056 2502 5056 2502 5057 2440 5057 2553 5057 2502 5058 2553 5058 2545 5058 2502 5059 2545 5059 2493 5059 2554 5060 2498 5060 2437 5060 2437 5061 2498 5061 2512 5061 2437 5062 2512 5062 2555 5062 2555 5063 2512 5063 2516 5063 2555 5064 2516 5064 2556 5064 2556 5065 2516 5065 2517 5065 2556 5066 2517 5066 2435 5066 2435 5067 2517 5067 2491 5067 2435 5068 2491 5068 2557 5068 2557 5069 2491 5069 2511 5069 2557 5070 2511 5070 2434 5070 2434 5071 2511 5071 2507 5071 2494 5072 2473 5072 2432 5072 2494 5073 2432 5073 2514 5073 2514 5074 2432 5074 2431 5074 2514 5075 2431 5075 2515 5075 2515 5076 2431 5076 2429 5076 2515 5077 2429 5077 2528 5077 2528 5078 2429 5078 2426 5078 2528 5079 2426 5079 2558 5079 2528 5080 2558 5080 2529 5080 2529 5081 2558 5081 2559 5081 2529 5082 2559 5082 2530 5082 2530 5083 2559 5083 2560 5083 2530 5084 2560 5084 2561 5084 2530 5085 2561 5085 2531 5085 2531 5086 2561 5086 2421 5086 2531 5087 2421 5087 2532 5087 2532 5088 2421 5088 2419 5088 2532 5089 2419 5089 2533 5089 2533 5090 2419 5090 2562 5090 2533 5091 2562 5091 2418 5091 2533 5092 2418 5092 2508 5092 2508 5093 2418 5093 2416 5093 2508 5094 2416 5094 2509 5094 2509 5095 2416 5095 2414 5095 2509 5096 2414 5096 2510 5096 2510 5097 2414 5097 2413 5097 2510 5098 2413 5098 2505 5098 2505 5099 2413 5099 2411 5099 2505 5100 2411 5100 2506 5100 2506 5101 2411 5101 2434 5101 2506 5102 2434 5102 2507 5102 2494 5103 2495 5103 2473 5103 2473 5104 2495 5104 2472 5104 2471 5105 2472 5105 2490 5105 2490 5106 2472 5106 2495 5106 2471 5107 2490 5107 2470 5107 2470 5108 2490 5108 2492 5108 2470 5109 2492 5109 2469 5109 2469 5110 2492 5110 2513 5110 2469 5111 2513 5111 2468 5111 2468 5112 2513 5112 2497 5112 2497 5113 2496 5113 2468 5113 2468 5114 2496 5114 2467 5114 2467 5115 2545 5115 2461 5115 2461 5116 2545 5116 2438 5116 2555 5117 2556 5117 2353 5117 2353 5118 2556 5118 2436 5118 2557 5119 2348 5119 2435 5119 2556 5120 2435 5120 2436 5120 2473 5121 2408 5121 2433 5121 2473 5122 2433 5122 2432 5122 2431 5123 2430 5123 2429 5123 2429 5124 2428 5124 2427 5124 2429 5125 2427 5125 2426 5125 2426 5126 2367 5126 2558 5126 2558 5127 2367 5127 2425 5127 2558 5128 2425 5128 2559 5128 2559 5129 2425 5129 2424 5129 2559 5130 2424 5130 2560 5130 2560 5131 2424 5131 2423 5131 2560 5132 2423 5132 2561 5132 2561 5133 2423 5133 2422 5133 2561 5134 2422 5134 2421 5134 2421 5135 2420 5135 2419 5135 2418 5136 2417 5136 2416 5136 2416 5137 2415 5137 2414 5137 2413 5138 2412 5138 2411 5138 2411 5139 2410 5139 2434 5139 2554 5140 2351 5140 2460 5140 2554 5141 2460 5141 2546 5141 2546 5142 2460 5142 2357 5142 2546 5143 2357 5143 2547 5143 2459 5144 2458 5144 2457 5144 2457 5145 2456 5145 2548 5145 2548 5146 2456 5146 2455 5146 2453 5147 2452 5147 2451 5147 2453 5148 2451 5148 2450 5148 2450 5149 2449 5149 2549 5149 2549 5150 2449 5150 2448 5150 2549 5151 2448 5151 2447 5151 2549 5152 2447 5152 2550 5152 2550 5153 2447 5153 2446 5153 2550 5154 2446 5154 2551 5154 2551 5155 2446 5155 2445 5155 2551 5156 2445 5156 2552 5156 2552 5157 2445 5157 2444 5157 2552 5158 2444 5158 2443 5158 2443 5159 2442 5159 2441 5159 2440 5160 2439 5160 2553 5160 2553 5161 2438 5161 2545 5161 2555 5162 2353 5162 2349 5162 2555 5163 2349 5163 2437 5163 2554 5164 2437 5164 2351 5164 2563 5165 2564 5165 2565 5165 2565 5166 2564 5166 2566 5166 2565 5167 2566 5167 2567 5167 2567 5168 2566 5168 2568 5168 2567 5169 2568 5169 2569 5169 2569 5170 2568 5170 2570 5170 2569 5171 2570 5171 2571 5171 2571 5172 2570 5172 2572 5172 2571 5173 2572 5173 2573 5173 2573 5174 2572 5174 2574 5174 2573 5175 2574 5175 2575 5175 2575 5176 2574 5176 2576 5176 2575 5177 2576 5177 2577 5177 2577 5178 2576 5178 2578 5178 2577 5179 2578 5179 2579 5179 2579 5180 2578 5180 2580 5180 2579 5181 2580 5181 2581 5181 2581 5182 2580 5182 2582 5182 2581 5183 2582 5183 2583 5183 2583 5184 2582 5184 2584 5184 2583 5185 2584 5185 2585 5185 2585 5186 2584 5186 2586 5186 2585 5187 2586 5187 2587 5187 2587 5188 2586 5188 2588 5188 2587 5189 2588 5189 2589 5189 2589 5190 2588 5190 2590 5190 2589 5191 2590 5191 2591 5191 2591 5192 2590 5192 2592 5192 2591 5193 2592 5193 2593 5193 2593 5194 2592 5194 2594 5194 2593 5195 2594 5195 2595 5195 2595 5196 2594 5196 2596 5196 2595 5197 2596 5197 2597 5197 2597 5198 2596 5198 2598 5198 2597 5199 2598 5199 2599 5199 2599 5200 2598 5200 2600 5200 2599 5201 2600 5201 2601 5201 2601 5202 2600 5202 2602 5202 2601 5203 2602 5203 2603 5203 2603 5204 2602 5204 2604 5204 2603 5205 2604 5205 2605 5205 2605 5206 2604 5206 2606 5206 2605 5207 2606 5207 2607 5207 2607 5208 2606 5208 2608 5208 2607 5209 2608 5209 2609 5209 2609 5210 2608 5210 2610 5210 2609 5211 2610 5211 2611 5211 2611 5212 2610 5212 2612 5212 2611 5213 2612 5213 2613 5213 2613 5214 2612 5214 2614 5214 2613 5215 2614 5215 2615 5215 2615 5216 2614 5216 2616 5216 2615 5217 2616 5217 2617 5217 2617 5218 2616 5218 2618 5218 2617 5219 2618 5219 2619 5219 2619 5220 2618 5220 2620 5220 2619 5221 2620 5221 2621 5221 2621 5222 2620 5222 2622 5222 2621 5223 2622 5223 2623 5223 2623 5224 2622 5224 2624 5224 2623 5225 2624 5225 2625 5225 2625 5226 2624 5226 2626 5226 2625 5227 2626 5227 2627 5227 2627 5228 2626 5228 2628 5228 2627 5229 2628 5229 2629 5229 2629 5230 2628 5230 2630 5230 2629 5231 2630 5231 2631 5231 2631 5232 2630 5232 2632 5232 2631 5233 2632 5233 2633 5233 2633 5234 2632 5234 2634 5234 2633 5235 2634 5235 2635 5235 2635 5236 2634 5236 2636 5236 2635 5237 2636 5237 2637 5237 2637 5238 2636 5238 2638 5238 2637 5239 2638 5239 2563 5239 2563 5240 2638 5240 2564 5240 2602 5241 2639 5241 2604 5241 2604 5242 2639 5242 2640 5242 2604 5243 2640 5243 2606 5243 2606 5244 2640 5244 2641 5244 2606 5245 2641 5245 2608 5245 2608 5246 2641 5246 2642 5246 2608 5247 2642 5247 2610 5247 2610 5248 2642 5248 2643 5248 2610 5249 2643 5249 2612 5249 2612 5250 2643 5250 2644 5250 2612 5251 2644 5251 2614 5251 2614 5252 2644 5252 2645 5252 2614 5253 2645 5253 2616 5253 2616 5254 2645 5254 2646 5254 2616 5255 2646 5255 2618 5255 2618 5256 2646 5256 2647 5256 2618 5257 2647 5257 2620 5257 2620 5258 2647 5258 2648 5258 2620 5259 2648 5259 2622 5259 2622 5260 2648 5260 2649 5260 2622 5261 2649 5261 2624 5261 2624 5262 2649 5262 2650 5262 2624 5263 2650 5263 2626 5263 2626 5264 2650 5264 2651 5264 2626 5265 2651 5265 2628 5265 2628 5266 2651 5266 2652 5266 2628 5267 2652 5267 2630 5267 2630 5268 2652 5268 2653 5268 2630 5269 2653 5269 2632 5269 2632 5270 2653 5270 2654 5270 2632 5271 2654 5271 2634 5271 2634 5272 2654 5272 2655 5272 2634 5273 2655 5273 2636 5273 2636 5274 2655 5274 2656 5274 2636 5275 2656 5275 2638 5275 2638 5276 2656 5276 2657 5276 2638 5277 2657 5277 2564 5277 2564 5278 2657 5278 2658 5278 2564 5279 2658 5279 2566 5279 2566 5280 2658 5280 2659 5280 2566 5281 2659 5281 2568 5281 2568 5282 2659 5282 2660 5282 2568 5283 2660 5283 2570 5283 2570 5284 2660 5284 2661 5284 2570 5285 2661 5285 2572 5285 2572 5286 2661 5286 2662 5286 2572 5287 2662 5287 2574 5287 2574 5288 2662 5288 2663 5288 2574 5289 2663 5289 2576 5289 2576 5290 2663 5290 2664 5290 2576 5291 2664 5291 2578 5291 2578 5292 2664 5292 2665 5292 2578 5293 2665 5293 2580 5293 2580 5294 2665 5294 2666 5294 2580 5295 2666 5295 2582 5295 2582 5296 2666 5296 2667 5296 2582 5297 2667 5297 2584 5297 2584 5298 2667 5298 2668 5298 2584 5299 2668 5299 2586 5299 2586 5300 2668 5300 2669 5300 2586 5301 2669 5301 2588 5301 2588 5302 2669 5302 2670 5302 2588 5303 2670 5303 2590 5303 2590 5304 2670 5304 2671 5304 2590 5305 2671 5305 2592 5305 2592 5306 2671 5306 2672 5306 2592 5307 2672 5307 2594 5307 2594 5308 2672 5308 2673 5308 2594 5309 2673 5309 2596 5309 2596 5310 2673 5310 2674 5310 2596 5311 2674 5311 2598 5311 2598 5312 2674 5312 2675 5312 2598 5313 2675 5313 2600 5313 2600 5314 2675 5314 2676 5314 2600 5315 2676 5315 2602 5315 2602 5316 2676 5316 2639 5316 2677 5317 2678 5317 2639 5317 2639 5318 2678 5318 2640 5318 2678 5319 2679 5319 2640 5319 2640 5320 2679 5320 2680 5320 2640 5321 2680 5321 2641 5321 2641 5322 2680 5322 2681 5322 2641 5323 2681 5323 2642 5323 2642 5324 2681 5324 2682 5324 2642 5325 2682 5325 2643 5325 2643 5326 2682 5326 2683 5326 2643 5327 2683 5327 2644 5327 2644 5328 2683 5328 2684 5328 2644 5329 2684 5329 2645 5329 2645 5330 2684 5330 2685 5330 2645 5331 2685 5331 2646 5331 2646 5332 2685 5332 2686 5332 2646 5333 2686 5333 2647 5333 2647 5334 2686 5334 2687 5334 2647 5335 2687 5335 2648 5335 2648 5336 2687 5336 2688 5336 2648 5337 2688 5337 2649 5337 2649 5338 2688 5338 2689 5338 2649 5339 2689 5339 2650 5339 2650 5340 2689 5340 2690 5340 2650 5341 2690 5341 2651 5341 2651 5342 2690 5342 2691 5342 2651 5343 2691 5343 2652 5343 2652 5344 2691 5344 2692 5344 2652 5345 2692 5345 2653 5345 2653 5346 2692 5346 2693 5346 2653 5347 2693 5347 2654 5347 2654 5348 2693 5348 2694 5348 2654 5349 2694 5349 2655 5349 2655 5350 2694 5350 2695 5350 2655 5351 2695 5351 2656 5351 2656 5352 2695 5352 2696 5352 2656 5353 2696 5353 2657 5353 2657 5354 2696 5354 2697 5354 2657 5355 2697 5355 2658 5355 2658 5356 2697 5356 2698 5356 2658 5357 2698 5357 2659 5357 2659 5358 2698 5358 2699 5358 2659 5359 2699 5359 2660 5359 2660 5360 2699 5360 2700 5360 2660 5361 2700 5361 2661 5361 2661 5362 2700 5362 2701 5362 2661 5363 2701 5363 2662 5363 2662 5364 2701 5364 2702 5364 2662 5365 2702 5365 2663 5365 2663 5366 2702 5366 2703 5366 2663 5367 2703 5367 2664 5367 2664 5368 2703 5368 2704 5368 2664 5369 2704 5369 2665 5369 2665 5370 2704 5370 2705 5370 2665 5371 2705 5371 2666 5371 2666 5372 2705 5372 2706 5372 2666 5373 2706 5373 2667 5373 2667 5374 2706 5374 2707 5374 2667 5375 2707 5375 2668 5375 2668 5376 2707 5376 2708 5376 2668 5377 2708 5377 2669 5377 2669 5378 2708 5378 2709 5378 2669 5379 2709 5379 2670 5379 2670 5380 2709 5380 2710 5380 2670 5381 2710 5381 2671 5381 2671 5382 2710 5382 2711 5382 2671 5383 2711 5383 2672 5383 2672 5384 2711 5384 2712 5384 2672 5385 2712 5385 2673 5385 2673 5386 2712 5386 2713 5386 2673 5387 2713 5387 2674 5387 2674 5388 2713 5388 2714 5388 2674 5389 2714 5389 2675 5389 2675 5390 2714 5390 2677 5390 2675 5391 2677 5391 2676 5391 2676 5392 2677 5392 2639 5392 2601 5393 2678 5393 2599 5393 2599 5394 2678 5394 2677 5394 2599 5395 2677 5395 2597 5395 2597 5396 2677 5396 2714 5396 2597 5397 2714 5397 2595 5397 2595 5398 2714 5398 2713 5398 2595 5399 2713 5399 2593 5399 2593 5400 2713 5400 2712 5400 2593 5401 2712 5401 2591 5401 2591 5402 2712 5402 2711 5402 2591 5403 2711 5403 2589 5403 2589 5404 2711 5404 2710 5404 2589 5405 2710 5405 2587 5405 2587 5406 2710 5406 2709 5406 2587 5407 2709 5407 2585 5407 2585 5408 2709 5408 2708 5408 2585 5409 2708 5409 2583 5409 2583 5410 2708 5410 2707 5410 2583 5411 2707 5411 2581 5411 2581 5412 2707 5412 2706 5412 2581 5413 2706 5413 2579 5413 2579 5414 2706 5414 2705 5414 2579 5415 2705 5415 2577 5415 2577 5416 2705 5416 2704 5416 2577 5417 2704 5417 2575 5417 2575 5418 2704 5418 2703 5418 2575 5419 2703 5419 2573 5419 2573 5420 2703 5420 2702 5420 2573 5421 2702 5421 2571 5421 2571 5422 2702 5422 2701 5422 2571 5423 2701 5423 2569 5423 2569 5424 2701 5424 2700 5424 2569 5425 2700 5425 2567 5425 2567 5426 2700 5426 2699 5426 2567 5427 2699 5427 2565 5427 2565 5428 2699 5428 2698 5428 2565 5429 2698 5429 2563 5429 2563 5430 2698 5430 2697 5430 2563 5431 2697 5431 2637 5431 2637 5432 2697 5432 2696 5432 2637 5433 2696 5433 2635 5433 2635 5434 2696 5434 2695 5434 2635 5435 2695 5435 2633 5435 2633 5436 2695 5436 2694 5436 2633 5437 2694 5437 2631 5437 2631 5438 2694 5438 2693 5438 2631 5439 2693 5439 2629 5439 2629 5440 2693 5440 2692 5440 2629 5441 2692 5441 2627 5441 2627 5442 2692 5442 2691 5442 2627 5443 2691 5443 2625 5443 2625 5444 2691 5444 2690 5444 2625 5445 2690 5445 2623 5445 2623 5446 2690 5446 2689 5446 2623 5447 2689 5447 2621 5447 2621 5448 2689 5448 2688 5448 2621 5449 2688 5449 2619 5449 2619 5450 2688 5450 2687 5450 2619 5451 2687 5451 2617 5451 2617 5452 2687 5452 2686 5452 2617 5453 2686 5453 2615 5453 2615 5454 2686 5454 2685 5454 2615 5455 2685 5455 2613 5455 2613 5456 2685 5456 2684 5456 2613 5457 2684 5457 2611 5457 2611 5458 2684 5458 2683 5458 2611 5459 2683 5459 2609 5459 2609 5460 2683 5460 2682 5460 2609 5461 2682 5461 2607 5461 2607 5462 2682 5462 2681 5462 2607 5463 2681 5463 2605 5463 2605 5464 2681 5464 2680 5464 2605 5465 2680 5465 2603 5465 2603 5466 2680 5466 2679 5466 2603 5467 2679 5467 2601 5467 2601 5468 2679 5468 2678 5468 2715 5469 2716 5469 2717 5469 2717 5470 2716 5470 2718 5470 2717 5471 2718 5471 2719 5471 2719 5472 2718 5472 2720 5472 2719 5473 2720 5473 2721 5473 2721 5474 2720 5474 2722 5474 2721 5475 2722 5475 2723 5475 2723 5476 2722 5476 2724 5476 2723 5477 2724 5477 2725 5477 2725 5478 2724 5478 2726 5478 2725 5479 2726 5479 2727 5479 2727 5480 2726 5480 2728 5480 2727 5481 2728 5481 2729 5481 2729 5482 2728 5482 2730 5482 2729 5483 2730 5483 2731 5483 2731 5484 2730 5484 2732 5484 2731 5485 2732 5485 2733 5485 2733 5486 2732 5486 2734 5486 2733 5487 2734 5487 2735 5487 2735 5488 2734 5488 2736 5488 2735 5489 2736 5489 2737 5489 2737 5490 2736 5490 2738 5490 2737 5491 2738 5491 2739 5491 2739 5492 2738 5492 2740 5492 2739 5493 2740 5493 2741 5493 2741 5494 2740 5494 2742 5494 2741 5495 2742 5495 2743 5495 2743 5496 2742 5496 2744 5496 2743 5497 2744 5497 2745 5497 2745 5498 2744 5498 2746 5498 2745 5499 2746 5499 2747 5499 2747 5500 2746 5500 2748 5500 2747 5501 2748 5501 2749 5501 2749 5502 2748 5502 2750 5502 2749 5503 2750 5503 2751 5503 2751 5504 2750 5504 2752 5504 2751 5505 2752 5505 2753 5505 2753 5506 2752 5506 2754 5506 2753 5507 2754 5507 2755 5507 2755 5508 2754 5508 2756 5508 2755 5509 2756 5509 2757 5509 2757 5510 2756 5510 2758 5510 2757 5511 2758 5511 2759 5511 2759 5512 2758 5512 2760 5512 2759 5513 2760 5513 2761 5513 2761 5514 2760 5514 2762 5514 2761 5515 2762 5515 2763 5515 2763 5516 2762 5516 2764 5516 2763 5517 2764 5517 2765 5517 2765 5518 2764 5518 2766 5518 2765 5519 2766 5519 2767 5519 2767 5520 2766 5520 2768 5520 2767 5521 2768 5521 2769 5521 2769 5522 2768 5522 2770 5522 2769 5523 2770 5523 2771 5523 2771 5524 2770 5524 2772 5524 2771 5525 2772 5525 2773 5525 2773 5526 2772 5526 2774 5526 2773 5527 2774 5527 2775 5527 2775 5528 2774 5528 2776 5528 2775 5529 2776 5529 2777 5529 2777 5530 2776 5530 2778 5530 2777 5531 2778 5531 2779 5531 2779 5532 2778 5532 2780 5532 2779 5533 2780 5533 2781 5533 2781 5534 2780 5534 2782 5534 2781 5535 2782 5535 2783 5535 2783 5536 2782 5536 2784 5536 2783 5537 2784 5537 2785 5537 2785 5538 2784 5538 2786 5538 2785 5539 2786 5539 2787 5539 2787 5540 2786 5540 2788 5540 2787 5541 2788 5541 2789 5541 2789 5542 2788 5542 2790 5542 2789 5543 2790 5543 2715 5543 2715 5544 2790 5544 2716 5544 2754 5545 2791 5545 2756 5545 2756 5546 2791 5546 2792 5546 2756 5547 2792 5547 2758 5547 2758 5548 2792 5548 2793 5548 2758 5549 2793 5549 2760 5549 2760 5550 2793 5550 2794 5550 2760 5551 2794 5551 2762 5551 2762 5552 2794 5552 2795 5552 2762 5553 2795 5553 2764 5553 2764 5554 2795 5554 2796 5554 2764 5555 2796 5555 2766 5555 2766 5556 2796 5556 2797 5556 2766 5557 2797 5557 2768 5557 2768 5558 2797 5558 2798 5558 2768 5559 2798 5559 2770 5559 2770 5560 2798 5560 2799 5560 2770 5561 2799 5561 2772 5561 2772 5562 2799 5562 2800 5562 2772 5563 2800 5563 2774 5563 2774 5564 2800 5564 2801 5564 2774 5565 2801 5565 2776 5565 2776 5566 2801 5566 2802 5566 2776 5567 2802 5567 2778 5567 2778 5568 2802 5568 2803 5568 2778 5569 2803 5569 2780 5569 2780 5570 2803 5570 2804 5570 2780 5571 2804 5571 2782 5571 2782 5572 2804 5572 2805 5572 2782 5573 2805 5573 2784 5573 2784 5574 2805 5574 2806 5574 2784 5575 2806 5575 2786 5575 2786 5576 2806 5576 2807 5576 2786 5577 2807 5577 2788 5577 2788 5578 2807 5578 2808 5578 2788 5579 2808 5579 2790 5579 2790 5580 2808 5580 2809 5580 2790 5581 2809 5581 2716 5581 2716 5582 2809 5582 2810 5582 2716 5583 2810 5583 2718 5583 2718 5584 2810 5584 2811 5584 2718 5585 2811 5585 2720 5585 2720 5586 2811 5586 2812 5586 2720 5587 2812 5587 2722 5587 2722 5588 2812 5588 2813 5588 2722 5589 2813 5589 2724 5589 2724 5590 2813 5590 2814 5590 2724 5591 2814 5591 2726 5591 2726 5592 2814 5592 2815 5592 2726 5593 2815 5593 2728 5593 2728 5594 2815 5594 2816 5594 2728 5595 2816 5595 2730 5595 2730 5596 2816 5596 2817 5596 2730 5597 2817 5597 2732 5597 2732 5598 2817 5598 2818 5598 2732 5599 2818 5599 2734 5599 2734 5600 2818 5600 2819 5600 2734 5601 2819 5601 2736 5601 2736 5602 2819 5602 2820 5602 2736 5603 2820 5603 2738 5603 2738 5604 2820 5604 2821 5604 2738 5605 2821 5605 2740 5605 2740 5606 2821 5606 2822 5606 2740 5607 2822 5607 2742 5607 2742 5608 2822 5608 2823 5608 2742 5609 2823 5609 2744 5609 2744 5610 2823 5610 2824 5610 2744 5611 2824 5611 2746 5611 2746 5612 2824 5612 2825 5612 2746 5613 2825 5613 2748 5613 2748 5614 2825 5614 2826 5614 2748 5615 2826 5615 2750 5615 2750 5616 2826 5616 2827 5616 2750 5617 2827 5617 2752 5617 2752 5618 2827 5618 2828 5618 2752 5619 2828 5619 2754 5619 2754 5620 2828 5620 2791 5620 2829 5621 2830 5621 2791 5621 2791 5622 2830 5622 2792 5622 2830 5623 2831 5623 2792 5623 2792 5624 2831 5624 2832 5624 2792 5625 2832 5625 2793 5625 2793 5626 2832 5626 2833 5626 2793 5627 2833 5627 2794 5627 2794 5628 2833 5628 2834 5628 2794 5629 2834 5629 2795 5629 2795 5630 2834 5630 2835 5630 2795 5631 2835 5631 2796 5631 2796 5632 2835 5632 2836 5632 2796 5633 2836 5633 2797 5633 2797 5634 2836 5634 2837 5634 2797 5635 2837 5635 2798 5635 2798 5636 2837 5636 2838 5636 2798 5637 2838 5637 2799 5637 2799 5638 2838 5638 2839 5638 2799 5639 2839 5639 2800 5639 2800 5640 2839 5640 2840 5640 2800 5641 2840 5641 2801 5641 2801 5642 2840 5642 2841 5642 2801 5643 2841 5643 2802 5643 2802 5644 2841 5644 2842 5644 2802 5645 2842 5645 2803 5645 2803 5646 2842 5646 2843 5646 2803 5647 2843 5647 2804 5647 2804 5648 2843 5648 2844 5648 2804 5649 2844 5649 2805 5649 2805 5650 2844 5650 2845 5650 2805 5651 2845 5651 2806 5651 2806 5652 2845 5652 2846 5652 2806 5653 2846 5653 2807 5653 2807 5654 2846 5654 2847 5654 2807 5655 2847 5655 2808 5655 2808 5656 2847 5656 2848 5656 2808 5657 2848 5657 2809 5657 2809 5658 2848 5658 2849 5658 2809 5659 2849 5659 2810 5659 2810 5660 2849 5660 2850 5660 2810 5661 2850 5661 2811 5661 2811 5662 2850 5662 2851 5662 2811 5663 2851 5663 2812 5663 2812 5664 2851 5664 2852 5664 2812 5665 2852 5665 2813 5665 2813 5666 2852 5666 2853 5666 2813 5667 2853 5667 2814 5667 2814 5668 2853 5668 2854 5668 2814 5669 2854 5669 2815 5669 2815 5670 2854 5670 2855 5670 2815 5671 2855 5671 2816 5671 2816 5672 2855 5672 2856 5672 2816 5673 2856 5673 2817 5673 2817 5674 2856 5674 2857 5674 2817 5675 2857 5675 2818 5675 2818 5676 2857 5676 2858 5676 2818 5677 2858 5677 2819 5677 2819 5678 2858 5678 2859 5678 2819 5679 2859 5679 2820 5679 2820 5680 2859 5680 2860 5680 2820 5681 2860 5681 2821 5681 2821 5682 2860 5682 2861 5682 2821 5683 2861 5683 2822 5683 2822 5684 2861 5684 2862 5684 2822 5685 2862 5685 2823 5685 2823 5686 2862 5686 2863 5686 2823 5687 2863 5687 2824 5687 2824 5688 2863 5688 2864 5688 2824 5689 2864 5689 2825 5689 2825 5690 2864 5690 2865 5690 2825 5691 2865 5691 2826 5691 2826 5692 2865 5692 2866 5692 2826 5693 2866 5693 2827 5693 2827 5694 2866 5694 2829 5694 2827 5695 2829 5695 2828 5695 2828 5696 2829 5696 2791 5696 2753 5697 2830 5697 2751 5697 2751 5698 2830 5698 2829 5698 2751 5699 2829 5699 2749 5699 2749 5700 2829 5700 2866 5700 2749 5701 2866 5701 2747 5701 2747 5702 2866 5702 2865 5702 2747 5703 2865 5703 2745 5703 2745 5704 2865 5704 2864 5704 2745 5705 2864 5705 2743 5705 2743 5706 2864 5706 2863 5706 2743 5707 2863 5707 2741 5707 2741 5708 2863 5708 2862 5708 2741 5709 2862 5709 2739 5709 2739 5710 2862 5710 2861 5710 2739 5711 2861 5711 2737 5711 2737 5712 2861 5712 2860 5712 2737 5713 2860 5713 2735 5713 2735 5714 2860 5714 2859 5714 2735 5715 2859 5715 2733 5715 2733 5716 2859 5716 2858 5716 2733 5717 2858 5717 2731 5717 2731 5718 2858 5718 2857 5718 2731 5719 2857 5719 2729 5719 2729 5720 2857 5720 2856 5720 2729 5721 2856 5721 2727 5721 2727 5722 2856 5722 2855 5722 2727 5723 2855 5723 2725 5723 2725 5724 2855 5724 2854 5724 2725 5725 2854 5725 2723 5725 2723 5726 2854 5726 2853 5726 2723 5727 2853 5727 2721 5727 2721 5728 2853 5728 2852 5728 2721 5729 2852 5729 2719 5729 2719 5730 2852 5730 2851 5730 2719 5731 2851 5731 2717 5731 2717 5732 2851 5732 2850 5732 2717 5733 2850 5733 2715 5733 2715 5734 2850 5734 2849 5734 2715 5735 2849 5735 2789 5735 2789 5736 2849 5736 2848 5736 2789 5737 2848 5737 2787 5737 2787 5738 2848 5738 2847 5738 2787 5739 2847 5739 2785 5739 2785 5740 2847 5740 2846 5740 2785 5741 2846 5741 2783 5741 2783 5742 2846 5742 2845 5742 2783 5743 2845 5743 2781 5743 2781 5744 2845 5744 2844 5744 2781 5745 2844 5745 2779 5745 2779 5746 2844 5746 2843 5746 2779 5747 2843 5747 2777 5747 2777 5748 2843 5748 2842 5748 2777 5749 2842 5749 2775 5749 2775 5750 2842 5750 2841 5750 2775 5751 2841 5751 2773 5751 2773 5752 2841 5752 2840 5752 2773 5753 2840 5753 2771 5753 2771 5754 2840 5754 2839 5754 2771 5755 2839 5755 2769 5755 2769 5756 2839 5756 2838 5756 2769 5757 2838 5757 2767 5757 2767 5758 2838 5758 2837 5758 2767 5759 2837 5759 2765 5759 2765 5760 2837 5760 2836 5760 2765 5761 2836 5761 2763 5761 2763 5762 2836 5762 2835 5762 2763 5763 2835 5763 2761 5763 2761 5764 2835 5764 2834 5764 2761 5765 2834 5765 2759 5765 2759 5766 2834 5766 2833 5766 2759 5767 2833 5767 2757 5767 2757 5768 2833 5768 2832 5768 2757 5769 2832 5769 2755 5769 2755 5770 2832 5770 2831 5770 2755 5771 2831 5771 2753 5771 2753 5772 2831 5772 2830 5772 2867 5773 2868 5773 2869 5773 2869 5774 2868 5774 2870 5774 2869 5775 2870 5775 2871 5775 2871 5776 2870 5776 2872 5776 2871 5777 2872 5777 2873 5777 2873 5778 2872 5778 2874 5778 2873 5779 2874 5779 2875 5779 2875 5780 2874 5780 2876 5780 2875 5781 2876 5781 2877 5781 2879 5782 2878 5782 2880 5782 2880 5783 2878 5783 2881 5783 2880 5784 2881 5784 2883 5784 2880 5785 2883 5785 2882 5785 2882 5786 2883 5786 2884 5786 2884 5787 2883 5787 2885 5787 2884 5788 2885 5788 2887 5788 2884 5789 2887 5789 2886 5789 2888 5790 2890 5790 2889 5790 2889 5791 2890 5791 2891 5791 2889 5792 2891 5792 2893 5792 2893 5793 2891 5793 2892 5793 2893 5794 2892 5794 2894 5794 2894 5795 2892 5795 2895 5795 2894 5796 2895 5796 2897 5796 2894 5797 2897 5797 2896 5797 2885 5798 2883 5798 2899 5798 2920 5799 2902 5799 2900 5799 2900 5800 2902 5800 2904 5800 2900 5801 2904 5801 2903 5801 2903 5802 2904 5802 2910 5802 2906 5803 2905 5803 2922 5803 2906 5804 2922 5804 2923 5804 2907 5805 2945 5805 2909 5805 2907 5806 2909 5806 2908 5806 2908 5807 2909 5807 2921 5807 2892 5808 2901 5808 2899 5808 2892 5809 2899 5809 2895 5809 2912 5810 2911 5810 2923 5810 2874 5811 2899 5811 2876 5811 2876 5812 2899 5812 2913 5812 2876 5813 2913 5813 2898 5813 2910 5814 2941 5814 2903 5814 2885 5815 2872 5815 2870 5815 2899 5816 2874 5816 2872 5816 2899 5817 2872 5817 2885 5817 2914 5818 2917 5818 2901 5818 2901 5819 2917 5819 2916 5819 2915 5820 2913 5820 2899 5820 2918 5821 2919 5821 2949 5821 2923 5822 2922 5822 2924 5822 2923 5823 2924 5823 3308 5823 2923 5824 3308 5824 2912 5824 2892 5825 2891 5825 2901 5825 2901 5826 2891 5826 2914 5826 2914 5827 2891 5827 2890 5827 2917 5828 2925 5828 2916 5828 2916 5829 2925 5829 3311 5829 3311 5830 2925 5830 2926 5830 2925 5831 2940 5831 2926 5831 2926 5832 2940 5832 2927 5832 2921 5833 2928 5833 2908 5833 2908 5834 2928 5834 2911 5834 2908 5835 2911 5835 2912 5835 2916 5836 2929 5836 2901 5836 2901 5837 2929 5837 2905 5837 2868 5838 2887 5838 2885 5838 2868 5839 2885 5839 2870 5839 2930 5840 2931 5840 2868 5840 2868 5841 2931 5841 2932 5841 2868 5842 2932 5842 2933 5842 2868 5843 2933 5843 2887 5843 2955 5844 2934 5844 2950 5844 2918 5845 2949 5845 2900 5845 2900 5846 2949 5846 2920 5846 2905 5847 2906 5847 2901 5847 2901 5848 2906 5848 2936 5848 2901 5849 2936 5849 2937 5849 2901 5850 2937 5850 2907 5850 2907 5851 2937 5851 2945 5851 2914 5852 2890 5852 2951 5852 2938 5853 2939 5853 2940 5853 2940 5854 2939 5854 2927 5854 2903 5855 2941 5855 2915 5855 2903 5856 2915 5856 2899 5856 2898 5857 2950 5857 2876 5857 2876 5858 2950 5858 2934 5858 2876 5859 2934 5859 2952 5859 2876 5860 2952 5860 2877 5860 2943 5861 2942 5861 2955 5861 2943 5862 2955 5862 2935 5862 2942 5863 2943 5863 2944 5863 2949 5864 2919 5864 2948 5864 2878 5865 2895 5865 2881 5865 2881 5866 2895 5866 2899 5866 2881 5867 2899 5867 2883 5867 2895 5868 2878 5868 2897 5868 2890 5869 2946 5869 2947 5869 2949 5870 2948 5870 2950 5870 2950 5871 2948 5871 2935 5871 2947 5872 2951 5872 2890 5872 2953 5873 2954 5873 2878 5873 2878 5874 2954 5874 2897 5874 2950 5875 2935 5875 2955 5875 2956 5876 2957 5876 2958 5876 2959 5877 2960 5877 2900 5877 2900 5878 2960 5878 2958 5878 2900 5879 2958 5879 2918 5879 2918 5880 2958 5880 2957 5880 2956 5881 3323 5881 2944 5881 2961 5882 2877 5882 2962 5882 2962 5883 2965 5883 2961 5883 2961 5884 2965 5884 2958 5884 2961 5885 2958 5885 2963 5885 2963 5886 2958 5886 2964 5886 2963 5887 2964 5887 2930 5887 2930 5888 2964 5888 2931 5888 2958 5889 2965 5889 2966 5889 2958 5890 2966 5890 2956 5890 2956 5891 2966 5891 3323 5891 2959 5892 2900 5892 2967 5892 2967 5893 2900 5893 2903 5893 2908 5894 2968 5894 2907 5894 2907 5895 2968 5895 2969 5895 2988 5896 2989 5896 2970 5896 2988 5897 2970 5897 2971 5897 2971 5898 2970 5898 2972 5898 2971 5899 2972 5899 2974 5899 2971 5900 2974 5900 2973 5900 2973 5901 2974 5901 2975 5901 2973 5902 2975 5902 2976 5902 2976 5903 2975 5903 2978 5903 2976 5904 2978 5904 2977 5904 2977 5905 2978 5905 2979 5905 2977 5906 2979 5906 2980 5906 2980 5907 2979 5907 2981 5907 2980 5908 2981 5908 2982 5908 2982 5909 2981 5909 2983 5909 2982 5910 2983 5910 2984 5910 2982 5911 2984 5911 2985 5911 2985 5912 2984 5912 2986 5912 2985 5913 2986 5913 2987 5913 2987 5914 2986 5914 2989 5914 2987 5915 2989 5915 2988 5915 2990 5916 2991 5916 2993 5916 2993 5917 2991 5917 2992 5917 2993 5918 2992 5918 2994 5918 2993 5919 2994 5919 2995 5919 2995 5920 2994 5920 2996 5920 2996 5921 2994 5921 2997 5921 2996 5922 2997 5922 2999 5922 2999 5923 2997 5923 2998 5923 2999 5924 2998 5924 3000 5924 2999 5925 3000 5925 3001 5925 3001 5926 3000 5926 3002 5926 3001 5927 3002 5927 3004 5927 3004 5928 3002 5928 3003 5928 3004 5929 3003 5929 3006 5929 3006 5930 3003 5930 3005 5930 3006 5931 3005 5931 3007 5931 3007 5932 3005 5932 3009 5932 3007 5933 3009 5933 3008 5933 3008 5934 3009 5934 3010 5934 3008 5935 3010 5935 2990 5935 2990 5936 3010 5936 2991 5936 3030 5937 3011 5937 3012 5937 3012 5938 3011 5938 3013 5938 3012 5939 3013 5939 3014 5939 3014 5940 3013 5940 3015 5940 3014 5941 3015 5941 3017 5941 3017 5942 3015 5942 3016 5942 3017 5943 3016 5943 3018 5943 3017 5944 3018 5944 3019 5944 3019 5945 3018 5945 3020 5945 3019 5946 3020 5946 3021 5946 3021 5947 3020 5947 3022 5947 3021 5948 3022 5948 3023 5948 3021 5949 3023 5949 3024 5949 3024 5950 3023 5950 3025 5950 3024 5951 3025 5951 3027 5951 3027 5952 3025 5952 3026 5952 3027 5953 3026 5953 3028 5953 3027 5954 3028 5954 3029 5954 3029 5955 3028 5955 3031 5955 3029 5956 3031 5956 3030 5956 3030 5957 3031 5957 3011 5957 3032 5958 3033 5958 3034 5958 3034 5959 3033 5959 3035 5959 3034 5960 3035 5960 3036 5960 3037 5961 3038 5961 3039 5961 3039 5962 3038 5962 3040 5962 3039 5963 3040 5963 3041 5963 3049 5964 3044 5964 3039 5964 3035 5965 3047 5965 3050 5965 3039 5966 3044 5966 3037 5966 3037 5967 3044 5967 3045 5967 3045 5968 3046 5968 3037 5968 3037 5969 3046 5969 3042 5969 3033 5970 3043 5970 3035 5970 3035 5971 3043 5971 3047 5971 3039 5972 3048 5972 3049 5972 3035 5973 3050 5973 3055 5973 3051 5974 3033 5974 3037 5974 3051 5975 3052 5975 3033 5975 3033 5976 3052 5976 3054 5976 3042 5977 3053 5977 3037 5977 3037 5978 3053 5978 3051 5978 3033 5979 3054 5979 3043 5979 3035 5980 3055 5980 3056 5980 3035 5981 3056 5981 3039 5981 3039 5982 3056 5982 3057 5982 3039 5983 3057 5983 3048 5983 3058 5984 2947 5984 2946 5984 3059 5985 2939 5985 2938 5985 2954 5986 2953 5986 3060 5986 3060 5987 2953 5987 3061 5987 2946 5988 3062 5988 3058 5988 3058 5989 3062 5989 3059 5989 3058 5990 3059 5990 3063 5990 3063 5991 3059 5991 2938 5991 2933 5992 2932 5992 3064 5992 3064 5993 2932 5993 3065 5993 3064 5994 3065 5994 3061 5994 3061 5995 3065 5995 3059 5995 3061 5996 3059 5996 3060 5996 3060 5997 3059 5997 3062 5997 3073 5998 2926 5998 2927 5998 3066 5999 3034 5999 2927 5999 2927 6000 3034 6000 3036 6000 3067 6001 2968 6001 2908 6001 3041 6002 3040 6002 2908 6002 2908 6003 3040 6003 3068 6003 2908 6004 3068 6004 3067 6004 3041 6005 3069 6005 3070 6005 3041 6006 3070 6006 3036 6006 3036 6007 3070 6007 3072 6007 2912 6008 3071 6008 2908 6008 2908 6009 3071 6009 3041 6009 3041 6010 3071 6010 3318 6010 3041 6011 3318 6011 3069 6011 3036 6012 3072 6012 3073 6012 3036 6013 3073 6013 2927 6013 3079 6014 3075 6014 3074 6014 3076 6015 3080 6015 3123 6015 3074 6016 3075 6016 3077 6016 3079 6017 3074 6017 3078 6017 3077 6018 3082 6018 3074 6018 3083 6019 3084 6019 3123 6019 3123 6020 3080 6020 3081 6020 3074 6021 3082 6021 3083 6021 3074 6022 3083 6022 3123 6022 3123 6023 3084 6023 3076 6023 3123 6024 3081 6024 3078 6024 3123 6025 3078 6025 3074 6025 3090 6026 3086 6026 3074 6026 3088 6027 3092 6027 3123 6027 3085 6028 3074 6028 3086 6028 3123 6029 3087 6029 3088 6029 3085 6030 3089 6030 3074 6030 3074 6031 3089 6031 3091 6031 3090 6032 3074 6032 3094 6032 3123 6033 3092 6033 3093 6033 3123 6034 3093 6034 3074 6034 3074 6035 3093 6035 3094 6035 3091 6036 3095 6036 3074 6036 3074 6037 3095 6037 3087 6037 3095 6038 3096 6038 3087 6038 3096 6039 3097 6039 3087 6039 3101 6040 3098 6040 3074 6040 3099 6041 3104 6041 3087 6041 3074 6042 3098 6042 3108 6042 3108 6043 3098 6043 3102 6043 3103 6044 3099 6044 3106 6044 3106 6045 3099 6045 3087 6045 3074 6046 3100 6046 3101 6046 3108 6047 3102 6047 3105 6047 3104 6048 3107 6048 3087 6048 3087 6049 3107 6049 3074 6049 3074 6050 3107 6050 3100 6050 3108 6051 3105 6051 3106 6051 3108 6052 3106 6052 3124 6052 3108 6053 3124 6053 3110 6053 3120 6054 3109 6054 3023 6054 3110 6055 3111 6055 3108 6055 3109 6056 3114 6056 3023 6056 3108 6057 3111 6057 3112 6057 3120 6058 3113 6058 3109 6058 3023 6059 3114 6059 3115 6059 3112 6060 3117 6060 3108 6060 3023 6061 3115 6061 3110 6061 3110 6062 3115 6062 3116 6062 3108 6063 3117 6063 3118 6063 3108 6064 3118 6064 3120 6064 3120 6065 3118 6065 3113 6065 3011 6066 3031 6066 3119 6066 3023 6067 3020 6067 3120 6067 3120 6068 3020 6068 3018 6068 3120 6069 3018 6069 3016 6069 3119 6070 3031 6070 3028 6070 3023 6071 3022 6071 3020 6071 3120 6072 3016 6072 3015 6072 3119 6073 3028 6073 3026 6073 3119 6074 3026 6074 3025 6074 3119 6075 3025 6075 3023 6075 3120 6076 3015 6076 3013 6076 3120 6077 3013 6077 3011 6077 2972 6078 2970 6078 3121 6078 3121 6079 2970 6079 3119 6079 3119 6080 2970 6080 2989 6080 2979 6081 3120 6081 2981 6081 3120 6082 2979 6082 2978 6082 3120 6083 2986 6083 2984 6083 2974 6084 2972 6084 3121 6084 3120 6085 2983 6085 2981 6085 3119 6086 2989 6086 2986 6086 3119 6087 2986 6087 3120 6087 3119 6088 3120 6088 3011 6088 3120 6089 2984 6089 2983 6089 3120 6090 2978 6090 2975 6090 3121 6091 3120 6091 2974 6091 2974 6092 3120 6092 2975 6092 3121 6093 2991 6093 3010 6093 3120 6094 3000 6094 3122 6094 3122 6095 3000 6095 2998 6095 2998 6096 2997 6096 3122 6096 2992 6097 2991 6097 3121 6097 3010 6098 3009 6098 3121 6098 3121 6099 3009 6099 3005 6099 3121 6100 3005 6100 3120 6100 3005 6101 3003 6101 3120 6101 3003 6102 3002 6102 3120 6102 3120 6103 3002 6103 3000 6103 2997 6104 2994 6104 3122 6104 3122 6105 2994 6105 3121 6105 3121 6106 2994 6106 2992 6106 3119 6107 3023 6107 3124 6107 3124 6108 3023 6108 3110 6108 3087 6109 3123 6109 3124 6109 3087 6110 3124 6110 3106 6110 3125 6111 3044 6111 3049 6111 3125 6112 3049 6112 3126 6112 3126 6113 3049 6113 3048 6113 3126 6114 3048 6114 3127 6114 3127 6115 3048 6115 3057 6115 3127 6116 3057 6116 3128 6116 3128 6117 3057 6117 3056 6117 3128 6118 3056 6118 3055 6118 3128 6119 3055 6119 3129 6119 3129 6120 3055 6120 3050 6120 3129 6121 3050 6121 3130 6121 3130 6122 3050 6122 3047 6122 3130 6123 3047 6123 3131 6123 3131 6124 3047 6124 3043 6124 3131 6125 3043 6125 3054 6125 3131 6126 3054 6126 3132 6126 3132 6127 3054 6127 3052 6127 3132 6128 3052 6128 3133 6128 3133 6129 3052 6129 3051 6129 3133 6130 3051 6130 3134 6130 3134 6131 3051 6131 3053 6131 3134 6132 3053 6132 3042 6132 3134 6133 3042 6133 3135 6133 3135 6134 3042 6134 3046 6134 3135 6135 3046 6135 3045 6135 3135 6136 3045 6136 3044 6136 3135 6137 3044 6137 3125 6137 3126 6138 3135 6138 3125 6138 3126 6139 3134 6139 3135 6139 3133 6140 3134 6140 3126 6140 3132 6141 3133 6141 3126 6141 3131 6142 3132 6142 3126 6142 3130 6143 3131 6143 3126 6143 3129 6144 3130 6144 3126 6144 3126 6145 3128 6145 3129 6145 3126 6146 3127 6146 3128 6146 3144 6147 3075 6147 3136 6147 3136 6148 3075 6148 3079 6148 3136 6149 3079 6149 3137 6149 3137 6150 3079 6150 3078 6150 3137 6151 3078 6151 3138 6151 3138 6152 3078 6152 3081 6152 3138 6153 3081 6153 3139 6153 3139 6154 3081 6154 3080 6154 3139 6155 3080 6155 3140 6155 3140 6156 3080 6156 3076 6156 3140 6157 3076 6157 3141 6157 3141 6158 3076 6158 3084 6158 3141 6159 3084 6159 3142 6159 3142 6160 3084 6160 3083 6160 3142 6161 3083 6161 3082 6161 3142 6162 3082 6162 3143 6162 3143 6163 3082 6163 3077 6163 3143 6164 3077 6164 3144 6164 3144 6165 3077 6165 3075 6165 3153 6166 3085 6166 3086 6166 3153 6167 3086 6167 3145 6167 3145 6168 3086 6168 3090 6168 3145 6169 3090 6169 3146 6169 3146 6170 3090 6170 3094 6170 3146 6171 3094 6171 3093 6171 3146 6172 3093 6172 3147 6172 3147 6173 3093 6173 3092 6173 3147 6174 3092 6174 3148 6174 3148 6175 3092 6175 3088 6175 3148 6176 3088 6176 3087 6176 3148 6177 3087 6177 3097 6177 3148 6178 3097 6178 3149 6178 3149 6179 3097 6179 3150 6179 3150 6180 3097 6180 3096 6180 3150 6181 3096 6181 3151 6181 3151 6182 3096 6182 3095 6182 3151 6183 3095 6183 3091 6183 3151 6184 3091 6184 3152 6184 3152 6185 3091 6185 3089 6185 3152 6186 3089 6186 3153 6186 3153 6187 3089 6187 3085 6187 3162 6188 3098 6188 3154 6188 3154 6189 3098 6189 3101 6189 3154 6190 3101 6190 3155 6190 3155 6191 3101 6191 3100 6191 3155 6192 3100 6192 3107 6192 3155 6193 3107 6193 3156 6193 3156 6194 3107 6194 3104 6194 3156 6195 3104 6195 3157 6195 3157 6196 3104 6196 3099 6196 3157 6197 3099 6197 3158 6197 3158 6198 3099 6198 3103 6198 3158 6199 3103 6199 3159 6199 3159 6200 3103 6200 3106 6200 3159 6201 3106 6201 3160 6201 3160 6202 3106 6202 3105 6202 3160 6203 3105 6203 3161 6203 3161 6204 3105 6204 3102 6204 3161 6205 3102 6205 3162 6205 3162 6206 3102 6206 3098 6206 3038 6207 3037 6207 3032 6207 3032 6208 3037 6208 3033 6208 3173 6209 3109 6209 3163 6209 3163 6210 3109 6210 3164 6210 3164 6211 3109 6211 3113 6211 3164 6212 3113 6212 3165 6212 3165 6213 3113 6213 3118 6213 3165 6214 3118 6214 3117 6214 3165 6215 3117 6215 3166 6215 3166 6216 3117 6216 3167 6216 3167 6217 3117 6217 3112 6217 3167 6218 3112 6218 3111 6218 3167 6219 3111 6219 3168 6219 3168 6220 3111 6220 3169 6220 3169 6221 3111 6221 3110 6221 3169 6222 3110 6222 3170 6222 3170 6223 3110 6223 3116 6223 3170 6224 3116 6224 3171 6224 3171 6225 3116 6225 3115 6225 3171 6226 3115 6226 3172 6226 3172 6227 3115 6227 3114 6227 3172 6228 3114 6228 3173 6228 3173 6229 3114 6229 3109 6229 2867 6230 3169 6230 2963 6230 3172 6231 2961 6231 3171 6231 3173 6232 2875 6232 2961 6232 2961 6233 3172 6233 3173 6233 3169 6234 3170 6234 2963 6234 3170 6235 3171 6235 2963 6235 2963 6236 3171 6236 2961 6236 2875 6237 3173 6237 3163 6237 2875 6238 3163 6238 2873 6238 2873 6239 3163 6239 3164 6239 2873 6240 3164 6240 3165 6240 2873 6241 3165 6241 2871 6241 2871 6242 3165 6242 3166 6242 2871 6243 3166 6243 2869 6243 2869 6244 3166 6244 3167 6244 2869 6245 3167 6245 2867 6245 2867 6246 3167 6246 3168 6246 2867 6247 3168 6247 3169 6247 3178 6248 3019 6248 2956 6248 2956 6249 3019 6249 3021 6249 2957 6250 3027 6250 3029 6250 3029 6251 3174 6251 2957 6251 3021 6252 3024 6252 2956 6252 2956 6253 3024 6253 2957 6253 2957 6254 3024 6254 3027 6254 3029 6255 3030 6255 3174 6255 3174 6256 3030 6256 3175 6256 3175 6257 3030 6257 3012 6257 3175 6258 3012 6258 3176 6258 3176 6259 3012 6259 3014 6259 3176 6260 3014 6260 3177 6260 3177 6261 3014 6261 3017 6261 3177 6262 3017 6262 3178 6262 3178 6263 3017 6263 3019 6263 3178 6264 2943 6264 2935 6264 3178 6265 2935 6265 3177 6265 3177 6266 2935 6266 3176 6266 3176 6267 2935 6267 2948 6267 3176 6268 2948 6268 3175 6268 3175 6269 2948 6269 2919 6269 3175 6270 2919 6270 3174 6270 3179 6271 3001 6271 3183 6271 3180 6272 3008 6272 2990 6272 3180 6273 2990 6273 3181 6273 3181 6274 2990 6274 3186 6274 3179 6275 2999 6275 3001 6275 3007 6276 3182 6276 3006 6276 3008 6277 3180 6277 3182 6277 3008 6278 3182 6278 3007 6278 3183 6279 3001 6279 3004 6279 3183 6280 3004 6280 3184 6280 3004 6281 3006 6281 3184 6281 3184 6282 3006 6282 3182 6282 2999 6283 3179 6283 2996 6283 2996 6284 3179 6284 3185 6284 2996 6285 3185 6285 2995 6285 2995 6286 3185 6286 2993 6286 2993 6287 3185 6287 3186 6287 2993 6288 3186 6288 2990 6288 3179 6289 2923 6289 3185 6289 3185 6290 2923 6290 2911 6290 3185 6291 2911 6291 3186 6291 3186 6292 2911 6292 2928 6292 3186 6293 2928 6293 2921 6293 3186 6294 2921 6294 3181 6294 3181 6295 2921 6295 3180 6295 3180 6296 2921 6296 2909 6296 3180 6297 2909 6297 2945 6297 3180 6298 2945 6298 3182 6298 3182 6299 2945 6299 2937 6299 3182 6300 2937 6300 3184 6300 3184 6301 2937 6301 3183 6301 3183 6302 2937 6302 2936 6302 3183 6303 2936 6303 2906 6303 3183 6304 2906 6304 3179 6304 3179 6305 2906 6305 2923 6305 3187 6306 2980 6306 2982 6306 3194 6307 2977 6307 2980 6307 3194 6308 2980 6308 3187 6308 3188 6309 2988 6309 2971 6309 3188 6310 2971 6310 3192 6310 2985 6311 3189 6311 3190 6311 2985 6312 3190 6312 2982 6312 2982 6313 3190 6313 3187 6313 3188 6314 3191 6314 2988 6314 2988 6315 3191 6315 2987 6315 2987 6316 3191 6316 3189 6316 2987 6317 3189 6317 2985 6317 3192 6318 2971 6318 2973 6318 3192 6319 2973 6319 3193 6319 3193 6320 2973 6320 2976 6320 3193 6321 2976 6321 2977 6321 3193 6322 2977 6322 3194 6322 3194 6323 2898 6323 2913 6323 3194 6324 2913 6324 3193 6324 3193 6325 2913 6325 2915 6325 3193 6326 2915 6326 3192 6326 3192 6327 2915 6327 2941 6327 3192 6328 2941 6328 2910 6328 3192 6329 2910 6329 3188 6329 3188 6330 2910 6330 2904 6330 3188 6331 2904 6331 3191 6331 3191 6332 2904 6332 2902 6332 3191 6333 2902 6333 2920 6333 3191 6334 2920 6334 3189 6334 3189 6335 2920 6335 3190 6335 3190 6336 2920 6336 2949 6336 3190 6337 2949 6337 3187 6337 3187 6338 2949 6338 2950 6338 3187 6339 2950 6339 3194 6339 3194 6340 2950 6340 2898 6340 3061 6341 3157 6341 3064 6341 3064 6342 3157 6342 3158 6342 3156 6343 3157 6343 3061 6343 3158 6344 3159 6344 3064 6344 3064 6345 3159 6345 2886 6345 3159 6346 3160 6346 2886 6346 2886 6347 3160 6347 2884 6347 2884 6348 3160 6348 3161 6348 2884 6349 3161 6349 3162 6349 2884 6350 3162 6350 2882 6350 2879 6351 3156 6351 3061 6351 2882 6352 3162 6352 3154 6352 2882 6353 3154 6353 2880 6353 2880 6354 3154 6354 3155 6354 2880 6355 3155 6355 2879 6355 2879 6356 3155 6356 3156 6356 3062 6357 3148 6357 3060 6357 3060 6358 3148 6358 3149 6358 3146 6359 2888 6359 3145 6359 3145 6360 2888 6360 2889 6360 3145 6361 2889 6361 2893 6361 3145 6362 2893 6362 3153 6362 2888 6363 3146 6363 3062 6363 3062 6364 3146 6364 3147 6364 3153 6365 2893 6365 2894 6365 3153 6366 2894 6366 3152 6366 3152 6367 2894 6367 3151 6367 3151 6368 2894 6368 2896 6368 3062 6369 3147 6369 3148 6369 3149 6370 3150 6370 3060 6370 3060 6371 3150 6371 2896 6371 2896 6372 3150 6372 3151 6372 3139 6373 3140 6373 3063 6373 3063 6374 3140 6374 3058 6374 3140 6375 3141 6375 3058 6375 3144 6376 3195 6376 3196 6376 3144 6377 3196 6377 3143 6377 3143 6378 3196 6378 3142 6378 3142 6379 3196 6379 3197 6379 3137 6380 3198 6380 3199 6380 3137 6381 3199 6381 3136 6381 3136 6382 3199 6382 3144 6382 3144 6383 3199 6383 3195 6383 3138 6384 3139 6384 3063 6384 3058 6385 3141 6385 3197 6385 3197 6386 3141 6386 3142 6386 3137 6387 3138 6387 3198 6387 3198 6388 3138 6388 3063 6388 3198 6389 2940 6389 3199 6389 3199 6390 2940 6390 2925 6390 3199 6391 2925 6391 3195 6391 3195 6392 2925 6392 3196 6392 3196 6393 2925 6393 2917 6393 3196 6394 2917 6394 2914 6394 3196 6395 2914 6395 2951 6395 3196 6396 2951 6396 3197 6396 3200 6397 3201 6397 2967 6397 2967 6398 3201 6398 2969 6398 2968 6399 3067 6399 2969 6399 2969 6400 3067 6400 3202 6400 2969 6401 3202 6401 2967 6401 2967 6402 3202 6402 3203 6402 2967 6403 3203 6403 2959 6403 2959 6404 3203 6404 2960 6404 3204 6405 3203 6405 3229 6405 3204 6406 3205 6406 3203 6406 3203 6407 3205 6407 3210 6407 3208 6408 3219 6408 3209 6408 3203 6409 3210 6409 3211 6409 3207 6410 3212 6410 3206 6410 3206 6411 3212 6411 3234 6411 3241 6412 3213 6412 3214 6412 3243 6413 3215 6413 3206 6413 3206 6414 3215 6414 3216 6414 3206 6415 3216 6415 3207 6415 3251 6416 3217 6416 3202 6416 3202 6417 3217 6417 3227 6417 3208 6418 3209 6418 3218 6418 3209 6419 3219 6419 3220 6419 3209 6420 3220 6420 3221 6420 3221 6421 3220 6421 3222 6421 3231 6422 3224 6422 3223 6422 3223 6423 3224 6423 3232 6423 3225 6424 3226 6424 3223 6424 3223 6425 3226 6425 3246 6425 3202 6426 3227 6426 3228 6426 3202 6427 3228 6427 3203 6427 3203 6428 3228 6428 3229 6428 3239 6429 3230 6429 3214 6429 3214 6430 3230 6430 3240 6430 3214 6431 3213 6431 3223 6431 3223 6432 3213 6432 3231 6432 3223 6433 3232 6433 3233 6433 3206 6434 3234 6434 3235 6434 3206 6435 3235 6435 3236 6435 3236 6436 3235 6436 3237 6436 3236 6437 3237 6437 3220 6437 3220 6438 3237 6438 3238 6438 3211 6439 3218 6439 3203 6439 3203 6440 3218 6440 3209 6440 3203 6441 3209 6441 3214 6441 3214 6442 3209 6442 3239 6442 3214 6443 3240 6443 3241 6443 3238 6444 3242 6444 3220 6444 3220 6445 3242 6445 3222 6445 3215 6446 3243 6446 3225 6446 3215 6447 3225 6447 3244 6447 3244 6448 3225 6448 3223 6448 3244 6449 3223 6449 3245 6449 3245 6450 3223 6450 3233 6450 3223 6451 3246 6451 3247 6451 3223 6452 3247 6452 3202 6452 3202 6453 3247 6453 3248 6453 3248 6454 3249 6454 3202 6454 3202 6455 3249 6455 3250 6455 3202 6456 3250 6456 3251 6456 2899 6457 3200 6457 2903 6457 2903 6458 3200 6458 2967 6458 3201 6459 2901 6459 2969 6459 2969 6460 2901 6460 2907 6460 3258 6461 3252 6461 3201 6461 2899 6462 3254 6462 3255 6462 3200 6463 3256 6463 3257 6463 3200 6464 3257 6464 3201 6464 3201 6465 3257 6465 3258 6465 3252 6466 3261 6466 3201 6466 3201 6467 3261 6467 3265 6467 3259 6468 3262 6468 2901 6468 2901 6469 3262 6469 3253 6469 3285 6470 3286 6470 2899 6470 3255 6471 3263 6471 2899 6471 2899 6472 3263 6472 3264 6472 3201 6473 3265 6473 3266 6473 3201 6474 3267 6474 3268 6474 3269 6475 3270 6475 3271 6475 3272 6476 3273 6476 3274 6476 3274 6477 3273 6477 3275 6477 3271 6478 3276 6478 3277 6478 3271 6479 3277 6479 3278 6479 3278 6480 3277 6480 3274 6480 3278 6481 3274 6481 3275 6481 3289 6482 3279 6482 3200 6482 3200 6483 3279 6483 3280 6483 3280 6484 3281 6484 3200 6484 3200 6485 3281 6485 3256 6485 3260 6486 3282 6486 3271 6486 3271 6487 3282 6487 3269 6487 3270 6488 3283 6488 3271 6488 3271 6489 3283 6489 3276 6489 3253 6490 3284 6490 2901 6490 2901 6491 3284 6491 2899 6491 2899 6492 3284 6492 3285 6492 2899 6493 3286 6493 3287 6493 3264 6494 3288 6494 2899 6494 2899 6495 3288 6495 3200 6495 3200 6496 3288 6496 3289 6496 3268 6497 3290 6497 3201 6497 3201 6498 3290 6498 3291 6498 3291 6499 3292 6499 3201 6499 3201 6500 3292 6500 3293 6500 3201 6501 3293 6501 2901 6501 2901 6502 3293 6502 3294 6502 2901 6503 3294 6503 3259 6503 3287 6504 3295 6504 2899 6504 2899 6505 3295 6505 3297 6505 3266 6506 3296 6506 3201 6506 3201 6507 3296 6507 3272 6507 3201 6508 3272 6508 3267 6508 3267 6509 3272 6509 3274 6509 2899 6510 3297 6510 3282 6510 2899 6511 3282 6511 3254 6511 3254 6512 3282 6512 3260 6512 3209 6513 3282 6513 3297 6513 3209 6514 3297 6514 3239 6514 3239 6515 3297 6515 3295 6515 3239 6516 3295 6516 3230 6516 3230 6517 3295 6517 3287 6517 3230 6518 3287 6518 3240 6518 3240 6519 3287 6519 3286 6519 3240 6520 3286 6520 3241 6520 3241 6521 3286 6521 3285 6521 3241 6522 3285 6522 3213 6522 3213 6523 3285 6523 3231 6523 3231 6524 3285 6524 3284 6524 3231 6525 3284 6525 3224 6525 3224 6526 3284 6526 3253 6526 3224 6527 3253 6527 3232 6527 3232 6528 3253 6528 3262 6528 3232 6529 3262 6529 3233 6529 3233 6530 3262 6530 3259 6530 3233 6531 3259 6531 3245 6531 3245 6532 3259 6532 3294 6532 3245 6533 3294 6533 3244 6533 3244 6534 3294 6534 3293 6534 3244 6535 3293 6535 3215 6535 3215 6536 3293 6536 3292 6536 3215 6537 3292 6537 3216 6537 3216 6538 3292 6538 3291 6538 3216 6539 3291 6539 3207 6539 3207 6540 3291 6540 3290 6540 3207 6541 3290 6541 3212 6541 3212 6542 3290 6542 3268 6542 3212 6543 3268 6543 3234 6543 3234 6544 3268 6544 3267 6544 3234 6545 3267 6545 3235 6545 3235 6546 3267 6546 3274 6546 3235 6547 3274 6547 3237 6547 3237 6548 3274 6548 3277 6548 3237 6549 3277 6549 3276 6549 3237 6550 3276 6550 3238 6550 3238 6551 3276 6551 3283 6551 3238 6552 3283 6552 3242 6552 3242 6553 3283 6553 3270 6553 3242 6554 3270 6554 3222 6554 3222 6555 3270 6555 3269 6555 3222 6556 3269 6556 3221 6556 3221 6557 3269 6557 3282 6557 3221 6558 3282 6558 3209 6558 3279 6559 3289 6559 3211 6559 3211 6560 3289 6560 3288 6560 3211 6561 3288 6561 3218 6561 3218 6562 3288 6562 3208 6562 3208 6563 3288 6563 3264 6563 3208 6564 3264 6564 3219 6564 3219 6565 3264 6565 3263 6565 3219 6566 3263 6566 3220 6566 3220 6567 3263 6567 3255 6567 3220 6568 3255 6568 3236 6568 3236 6569 3255 6569 3206 6569 3206 6570 3255 6570 3254 6570 3206 6571 3254 6571 3243 6571 3243 6572 3254 6572 3260 6572 3243 6573 3260 6573 3225 6573 3225 6574 3260 6574 3226 6574 3226 6575 3260 6575 3271 6575 3226 6576 3271 6576 3278 6576 3226 6577 3278 6577 3246 6577 3246 6578 3278 6578 3275 6578 3246 6579 3275 6579 3247 6579 3247 6580 3275 6580 3248 6580 3248 6581 3275 6581 3273 6581 3248 6582 3273 6582 3249 6582 3249 6583 3273 6583 3272 6583 3249 6584 3272 6584 3296 6584 3249 6585 3296 6585 3250 6585 3250 6586 3296 6586 3266 6586 3250 6587 3266 6587 3251 6587 3251 6588 3266 6588 3265 6588 3251 6589 3265 6589 3217 6589 3217 6590 3265 6590 3261 6590 3217 6591 3261 6591 3227 6591 3227 6592 3261 6592 3252 6592 3227 6593 3252 6593 3258 6593 3227 6594 3258 6594 3228 6594 3228 6595 3258 6595 3229 6595 3229 6596 3258 6596 3257 6596 3229 6597 3257 6597 3256 6597 3229 6598 3256 6598 3204 6598 3204 6599 3256 6599 3281 6599 3204 6600 3281 6600 3205 6600 3205 6601 3281 6601 3280 6601 3205 6602 3280 6602 3210 6602 3210 6603 3280 6603 3279 6603 3210 6604 3279 6604 3211 6604 3298 6605 3223 6605 3068 6605 3068 6606 3223 6606 3202 6606 3068 6607 3202 6607 3067 6607 3121 6608 3214 6608 3223 6608 3121 6609 3223 6609 3298 6609 3119 6610 3299 6610 3214 6610 3119 6611 3214 6611 3121 6611 2960 6612 3203 6612 2958 6612 2958 6613 3203 6613 3214 6613 2958 6614 3214 6614 3299 6614 3036 6615 3035 6615 3041 6615 3041 6616 3035 6616 3039 6616 2958 6617 3299 6617 3119 6617 2958 6618 3119 6618 3124 6618 2958 6619 3124 6619 2964 6619 2964 6620 3065 6620 2931 6620 2931 6621 3065 6621 2932 6621 2964 6622 3124 6622 3065 6622 3065 6623 3124 6623 3059 6623 3059 6624 3124 6624 3123 6624 3059 6625 3066 6625 2939 6625 2939 6626 3066 6626 2927 6626 3059 6627 3123 6627 3066 6627 3074 6628 3034 6628 3123 6628 3123 6629 3034 6629 3066 6629 3108 6630 3032 6630 3074 6630 3074 6631 3032 6631 3034 6631 3032 6632 3108 6632 3120 6632 3032 6633 3120 6633 3038 6633 3038 6634 3120 6634 3040 6634 3040 6635 3120 6635 3122 6635 3040 6636 3122 6636 3068 6636 3068 6637 3122 6637 3121 6637 3068 6638 3121 6638 3298 6638 2924 6639 2922 6639 3302 6639 3302 6640 2922 6640 3304 6640 3304 6641 2922 6641 2905 6641 3304 6642 2905 6642 2929 6642 3304 6643 2929 6643 3303 6643 3303 6644 2929 6644 2916 6644 3303 6645 2916 6645 3301 6645 3301 6646 2916 6646 3300 6646 3300 6647 2916 6647 3311 6647 3303 6648 3305 6648 3304 6648 3302 6649 3307 6649 2924 6649 2924 6650 3307 6650 3308 6650 3301 6651 3305 6651 3303 6651 3305 6652 3306 6652 3304 6652 3304 6653 3306 6653 3307 6653 3304 6654 3307 6654 3302 6654 3307 6655 3314 6655 3308 6655 3311 6656 3312 6656 3300 6656 3300 6657 3315 6657 3301 6657 3301 6658 3315 6658 3309 6658 3301 6659 3309 6659 3305 6659 3305 6660 3309 6660 3310 6660 3305 6661 3310 6661 3306 6661 3312 6662 3315 6662 3300 6662 3306 6663 3310 6663 3313 6663 3306 6664 3313 6664 3307 6664 3309 6665 3316 6665 3310 6665 3310 6666 3316 6666 3313 6666 3313 6667 3314 6667 3307 6667 3315 6668 3317 6668 3309 6668 3309 6669 3317 6669 3316 6669 3312 6670 3072 6670 3315 6670 3315 6671 3072 6671 3317 6671 3316 6672 3318 6672 3313 6672 3313 6673 3318 6673 3314 6673 3314 6674 3071 6674 3308 6674 2926 6675 3073 6675 3311 6675 3311 6676 3073 6676 3312 6676 3312 6677 3073 6677 3072 6677 3317 6678 3072 6678 3070 6678 3317 6679 3070 6679 3316 6679 3316 6680 3070 6680 3069 6680 3316 6681 3069 6681 3318 6681 3314 6682 3318 6682 3071 6682 3308 6683 3071 6683 2912 6683 3321 6684 2952 6684 2934 6684 3321 6685 2934 6685 3319 6685 3319 6686 2934 6686 2955 6686 3319 6687 2955 6687 3320 6687 3320 6688 2955 6688 3322 6688 3322 6689 2955 6689 2942 6689 3322 6690 2942 6690 2944 6690 3321 6691 3325 6691 2952 6691 3320 6692 3324 6692 3319 6692 3319 6693 3324 6693 3321 6693 3325 6694 2877 6694 2952 6694 3322 6695 3324 6695 3320 6695 3321 6696 3324 6696 3325 6696 3322 6697 2944 6697 3323 6697 3322 6698 3323 6698 2966 6698 3322 6699 2966 6699 3324 6699 3324 6700 2966 6700 2965 6700 3324 6701 2965 6701 2962 6701 3324 6702 2962 6702 3325 6702 3325 6703 2962 6703 2877 6703 3198 6704 3063 6704 2940 6704 2940 6705 3063 6705 2938 6705 3058 6706 3197 6706 2947 6706 2947 6707 3197 6707 2951 6707 2888 6708 3062 6708 2890 6708 2890 6709 3062 6709 2946 6709 3060 6710 2896 6710 2954 6710 2954 6711 2896 6711 2897 6711 2879 6712 3061 6712 2878 6712 2878 6713 3061 6713 2953 6713 3064 6714 2886 6714 2933 6714 2933 6715 2886 6715 2887 6715 2957 6716 3174 6716 2918 6716 2918 6717 3174 6717 2919 6717 3178 6718 2956 6718 2943 6718 2943 6719 2956 6719 2944 6719 2867 6720 2963 6720 2868 6720 2868 6721 2963 6721 2930 6721 2961 6722 2875 6722 2877 6722 3326 6723 3328 6723 3327 6723 3336 6724 3329 6724 3340 6724 3382 6725 3330 6725 3332 6725 3382 6726 3332 6726 3331 6726 3331 6727 3332 6727 3333 6727 3996 6728 3331 6728 3334 6728 3328 6729 3335 6729 3327 6729 3327 6730 3335 6730 3413 6730 3413 6731 3335 6731 3336 6731 3413 6732 3336 6732 3406 6732 3333 6733 3337 6733 3331 6733 3331 6734 3337 6734 3334 6734 3327 6735 3341 6735 3326 6735 3336 6736 3340 6736 3406 6736 3330 6737 3382 6737 3338 6737 3338 6738 3382 6738 3339 6738 3338 6739 3339 6739 3340 6739 3334 6740 3326 6740 3996 6740 3996 6741 3326 6741 3341 6741 3351 6742 3340 6742 3329 6742 3351 6743 3329 6743 3342 6743 3342 6744 3329 6744 3336 6744 3342 6745 3336 6745 3343 6745 3343 6746 3336 6746 3335 6746 3343 6747 3335 6747 3344 6747 3344 6748 3335 6748 3328 6748 3344 6749 3328 6749 3345 6749 3345 6750 3328 6750 3326 6750 3345 6751 3326 6751 3346 6751 3346 6752 3326 6752 3334 6752 3346 6753 3334 6753 3337 6753 3346 6754 3337 6754 3347 6754 3347 6755 3337 6755 3333 6755 3347 6756 3333 6756 3348 6756 3348 6757 3333 6757 3332 6757 3348 6758 3332 6758 3330 6758 3348 6759 3330 6759 3349 6759 3349 6760 3330 6760 3338 6760 3349 6761 3338 6761 3350 6761 3350 6762 3338 6762 3340 6762 3350 6763 3340 6763 3351 6763 3355 6764 3346 6764 3347 6764 3355 6765 3347 6765 3348 6765 3355 6766 3348 6766 3357 6766 3357 6767 3348 6767 3349 6767 3357 6768 3349 6768 3350 6768 3357 6769 3350 6769 3352 6769 3352 6770 3350 6770 3351 6770 3352 6771 3351 6771 3342 6771 3352 6772 3342 6772 3353 6772 3353 6773 3342 6773 3343 6773 3353 6774 3343 6774 3344 6774 3353 6775 3344 6775 3354 6775 3354 6776 3344 6776 3345 6776 3354 6777 3345 6777 3346 6777 3354 6778 3346 6778 3355 6778 3356 6779 3355 6779 3357 6779 3358 6780 3357 6780 3352 6780 3358 6781 3352 6781 3353 6781 3358 6782 3353 6782 3359 6782 3359 6783 3353 6783 3354 6783 3359 6784 3354 6784 3360 6784 3360 6785 3354 6785 3355 6785 3358 6786 3362 6786 3363 6786 3358 6787 3363 6787 3357 6787 3361 6788 3358 6788 3359 6788 3361 6789 3359 6789 3365 6789 3358 6790 3361 6790 3362 6790 3357 6791 3363 6791 3364 6791 3357 6792 3364 6792 3356 6792 3356 6793 3364 6793 3366 6793 3356 6794 3366 6794 3355 6794 3365 6795 3359 6795 3360 6795 3360 6796 3355 6796 3366 6796 3362 6797 3367 6797 3368 6797 3362 6798 3368 6798 3363 6798 3363 6799 3368 6799 3369 6799 3363 6800 3369 6800 3364 6800 3364 6801 3369 6801 3370 6801 3364 6802 3370 6802 3366 6802 3366 6803 3370 6803 3360 6803 3360 6804 3370 6804 3371 6804 3360 6805 3371 6805 3365 6805 3365 6806 3371 6806 3372 6806 3365 6807 3372 6807 3361 6807 3361 6808 3372 6808 3367 6808 3361 6809 3367 6809 3362 6809 3375 6810 3369 6810 3374 6810 3374 6811 3369 6811 3368 6811 3374 6812 3368 6812 3367 6812 3370 6813 3376 6813 3371 6813 3371 6814 3376 6814 3373 6814 3371 6815 3373 6815 3372 6815 3372 6816 3373 6816 3374 6816 3372 6817 3374 6817 3367 6817 3369 6818 3375 6818 3370 6818 3370 6819 3375 6819 3376 6819 3380 6820 3374 6820 3377 6820 3377 6821 3374 6821 3373 6821 3377 6822 3373 6822 3378 6822 3378 6823 3373 6823 3376 6823 3378 6824 3376 6824 3379 6824 3379 6825 3376 6825 3375 6825 3379 6826 3375 6826 3380 6826 3380 6827 3375 6827 3374 6827 3380 6828 3378 6828 3379 6828 3377 6829 3378 6829 3380 6829 3339 6830 3381 6830 3383 6830 3385 6831 3340 6831 3339 6831 3385 6832 3339 6832 3383 6832 3388 6833 3401 6833 3386 6833 3387 6834 3386 6834 3384 6834 3389 6835 3388 6835 3387 6835 3389 6836 3381 6836 4014 6836 3389 6837 3383 6837 3381 6837 3383 6838 3387 6838 3384 6838 3388 6839 3386 6839 3387 6839 3387 6840 3383 6840 3389 6840 3388 6841 4011 6841 3390 6841 3391 6842 3584 6842 3392 6842 3392 6843 3584 6843 3393 6843 3393 6844 3394 6844 3395 6844 3393 6845 3395 6845 3392 6845 3392 6846 3395 6846 3396 6846 3398 6847 3397 6847 3399 6847 3398 6848 3399 6848 3395 6848 3395 6849 3399 6849 3400 6849 3401 6850 3395 6850 3400 6850 3401 6851 3400 6851 3403 6851 3403 6852 3400 6852 3402 6852 3390 6853 3396 6853 3388 6853 3388 6854 3396 6854 3395 6854 3395 6855 3401 6855 3388 6855 3384 6856 3386 6856 3385 6856 3386 6857 3404 6857 3385 6857 3401 6858 3404 6858 3386 6858 3406 6859 3340 6859 3385 6859 3404 6860 3406 6860 3385 6860 3384 6861 3385 6861 3383 6861 3407 6862 3406 6862 3404 6862 3405 6863 3407 6863 3404 6863 3411 6864 3413 6864 3406 6864 3407 6865 3416 6865 3406 6865 3405 6866 3408 6866 3407 6866 3407 6867 3408 6867 3410 6867 3457 6868 3409 6868 3410 6868 3457 6869 3410 6869 3408 6869 3410 6870 3416 6870 3407 6870 3411 6871 3418 6871 3413 6871 3417 6872 3411 6872 3416 6872 3416 6873 3412 6873 3417 6873 3410 6874 3414 6874 3416 6874 3409 6875 3414 6875 3410 6875 3416 6876 3414 6876 3415 6876 3416 6877 3411 6877 3406 6877 3411 6878 3417 6878 3418 6878 3413 6879 3418 6879 3327 6879 3471 6880 3470 6880 3419 6880 3419 6881 3470 6881 3420 6881 3421 6882 3422 6882 3471 6882 3423 6883 3424 6883 3425 6883 3426 6884 3427 6884 3428 6884 3428 6885 3427 6885 3429 6885 3430 6886 3423 6886 3431 6886 3431 6887 3423 6887 3432 6887 3433 6888 3434 6888 3435 6888 3435 6889 3434 6889 3436 6889 3436 6890 3437 6890 3429 6890 3471 6891 3419 6891 3421 6891 3421 6892 3419 6892 3438 6892 3421 6893 3438 6893 3439 6893 3437 6894 3440 6894 3429 6894 3429 6895 3440 6895 3421 6895 3429 6896 3421 6896 3428 6896 3428 6897 3421 6897 3439 6897 3441 6898 3442 6898 3425 6898 3425 6899 3442 6899 3443 6899 3429 6900 3444 6900 3436 6900 3436 6901 3444 6901 3445 6901 3436 6902 3445 6902 3446 6902 3443 6903 3435 6903 3425 6903 3425 6904 3435 6904 3436 6904 3425 6905 3436 6905 3423 6905 3423 6906 3436 6906 3446 6906 3423 6907 3446 6907 3432 6907 3652 6908 3790 6908 3447 6908 3447 6909 3790 6909 3448 6909 3652 6910 3447 6910 3449 6910 3449 6911 3447 6911 3450 6911 3449 6912 3450 6912 3451 6912 3453 6913 3452 6913 3455 6913 3453 6914 3455 6914 3454 6914 3456 6915 3409 6915 3457 6915 3400 6916 3399 6916 3458 6916 3400 6917 3458 6917 3459 6917 3459 6918 3458 6918 3460 6918 3459 6919 3460 6919 3461 6919 3461 6920 3460 6920 3463 6920 3461 6921 3463 6921 3462 6921 3462 6922 3463 6922 3465 6922 3465 6923 3463 6923 3464 6923 3465 6924 3464 6924 3466 6924 3465 6925 3466 6925 3467 6925 3467 6926 3466 6926 3468 6926 3467 6927 3468 6927 3469 6927 3469 6928 3468 6928 3470 6928 3469 6929 3470 6929 3471 6929 3472 6930 3427 6930 3473 6930 3473 6931 3427 6931 3426 6931 3474 6932 3431 6932 3475 6932 3475 6933 3431 6933 3432 6933 3476 6934 3477 6934 3478 6934 3478 6935 3477 6935 3479 6935 3480 6936 3482 6936 3481 6936 3483 6937 3484 6937 3485 6937 3485 6938 3484 6938 3486 6938 3487 6939 3488 6939 3489 6939 3489 6940 3488 6940 3490 6940 3491 6941 3492 6941 3493 6941 3493 6942 3492 6942 3494 6942 3458 6943 3399 6943 3397 6943 3397 6944 3466 6944 3464 6944 3397 6945 3464 6945 3463 6945 3420 6946 3470 6946 3495 6946 3495 6947 3470 6947 3397 6947 3397 6948 3470 6948 3468 6948 3397 6949 3468 6949 3466 6949 3397 6950 3463 6950 3460 6950 3397 6951 3460 6951 3458 6951 3504 6952 3496 6952 3497 6952 3392 6953 3498 6953 3391 6953 3391 6954 3498 6954 3499 6954 3391 6955 3499 6955 3500 6955 3500 6956 3501 6956 3391 6956 3391 6957 3501 6957 3502 6957 3502 6958 3503 6958 3391 6958 3391 6959 3503 6959 3497 6959 3497 6960 3503 6960 3504 6960 3505 6961 3473 6961 3428 6961 3428 6962 3473 6962 3426 6962 3506 6963 3507 6963 3521 6963 3508 6964 3509 6964 3510 6964 3511 6965 3512 6965 3475 6965 3475 6966 3512 6966 3513 6966 3514 6967 3515 6967 3510 6967 3510 6968 3515 6968 3508 6968 3516 6969 3517 6969 3518 6969 3518 6970 3517 6970 3472 6970 3519 6971 3520 6971 3514 6971 3514 6972 3520 6972 3474 6972 3514 6973 3474 6973 3515 6973 3515 6974 3474 6974 3475 6974 3515 6975 3475 6975 3521 6975 3521 6976 3475 6976 3513 6976 3473 6977 3505 6977 3522 6977 3522 6978 3506 6978 3473 6978 3473 6979 3506 6979 3521 6979 3473 6980 3521 6980 3472 6980 3472 6981 3521 6981 3518 6981 3518 6982 3521 6982 3513 6982 3523 6983 3527 6983 3530 6983 3523 6984 3530 6984 3524 6984 3586 6985 3525 6985 3526 6985 3526 6986 3525 6986 3527 6986 3526 6987 3527 6987 3528 6987 3528 6988 3527 6988 3523 6988 3529 6989 3525 6989 3586 6989 3530 6990 3525 6990 3529 6990 3524 6991 3530 6991 3529 6991 3532 6992 3533 6992 3536 6992 3531 6993 3533 6993 3532 6993 3661 6994 3537 6994 3534 6994 3534 6995 3537 6995 3535 6995 3538 6996 3537 6996 3661 6996 3535 6997 3533 6997 3534 6997 3534 6998 3533 6998 3531 6998 3536 6999 3537 6999 3538 6999 3532 7000 3536 7000 3538 7000 3543 7001 3542 7001 3541 7001 3543 7002 3541 7002 3540 7002 3539 7003 3545 7003 3540 7003 3539 7004 3540 7004 3662 7004 3544 7005 3545 7005 3539 7005 3544 7006 3546 7006 3545 7006 3662 7007 3540 7007 3541 7007 3543 7008 3546 7008 3542 7008 3542 7009 3546 7009 3544 7009 3549 7010 3548 7010 3547 7010 3550 7011 3551 7011 3552 7011 3550 7012 3552 7012 3663 7012 3663 7013 3552 7013 3547 7013 3547 7014 3552 7014 3549 7014 3553 7015 3554 7015 3551 7015 3553 7016 3551 7016 3550 7016 3549 7017 3554 7017 3548 7017 3548 7018 3554 7018 3553 7018 3556 7019 3514 7019 3510 7019 3556 7020 3558 7020 3514 7020 3558 7021 3557 7021 3514 7021 3510 7022 3560 7022 3556 7022 3557 7023 3558 7023 3666 7023 3666 7024 3558 7024 3555 7024 3666 7025 3555 7025 3559 7025 3559 7026 3555 7026 3560 7026 3559 7027 3560 7027 3510 7027 3565 7028 3561 7028 3664 7028 3562 7029 3518 7029 3566 7029 3566 7030 3518 7030 3513 7030 3563 7031 3564 7031 3664 7031 3664 7032 3564 7032 3565 7032 3561 7033 3565 7033 3566 7033 3562 7034 3564 7034 3518 7034 3518 7035 3564 7035 3563 7035 3561 7036 3566 7036 3513 7036 3572 7037 3568 7037 3507 7037 3506 7038 3572 7038 3507 7038 3507 7039 3568 7039 3567 7039 3569 7040 3568 7040 3660 7040 3660 7041 3568 7041 3571 7041 3572 7042 3570 7042 3571 7042 3660 7043 3571 7043 3570 7043 3567 7044 3568 7044 3569 7044 3570 7045 3572 7045 3506 7045 3576 7046 3580 7046 3573 7046 3577 7047 3576 7047 3575 7047 3575 7048 3576 7048 3573 7048 3573 7049 3580 7049 3574 7049 3579 7050 3577 7050 3665 7050 3665 7051 3577 7051 3575 7051 3578 7052 3579 7052 3665 7052 3574 7053 3580 7053 3579 7053 3574 7054 3579 7054 3578 7054 3581 7055 3582 7055 3497 7055 3497 7056 3582 7056 3528 7056 3523 7057 3583 7057 3528 7057 3528 7058 3583 7058 3497 7058 3497 7059 3583 7059 3584 7059 3497 7060 3584 7060 3391 7060 3585 7061 3526 7061 3582 7061 3582 7062 3526 7062 3528 7062 3587 7063 3586 7063 3526 7063 3587 7064 3526 7064 3585 7064 3522 7065 3505 7065 3588 7065 3588 7066 3505 7066 3428 7066 3588 7067 3428 7067 3439 7067 3589 7068 3590 7068 3419 7068 3419 7069 3590 7069 3591 7069 3419 7070 3591 7070 3438 7070 3512 7071 3511 7071 3592 7071 3592 7072 3511 7072 3446 7072 3592 7073 3446 7073 3445 7073 3517 7074 3516 7074 3429 7074 3429 7075 3516 7075 3593 7075 3429 7076 3593 7076 3444 7076 3594 7077 3595 7077 3596 7077 3596 7078 3595 7078 3597 7078 3596 7079 3597 7079 3598 7079 3582 7080 3581 7080 3585 7080 3585 7081 3581 7081 3599 7081 3585 7082 3599 7082 3587 7082 3600 7083 3601 7083 3602 7083 3602 7084 3601 7084 3603 7084 3602 7085 3603 7085 3604 7085 3605 7086 3606 7086 3607 7086 3607 7087 3606 7087 3608 7087 3607 7088 3608 7088 3609 7088 3610 7089 3611 7089 3612 7089 3612 7090 3611 7090 3613 7090 3612 7091 3613 7091 3614 7091 3615 7092 3616 7092 3617 7092 3617 7093 3616 7093 3618 7093 3617 7094 3618 7094 3619 7094 3620 7095 3621 7095 3622 7095 3622 7096 3621 7096 3623 7096 3624 7097 3625 7097 3626 7097 3626 7098 3625 7098 3622 7098 3626 7099 3622 7099 3627 7099 3627 7100 3622 7100 3623 7100 3628 7101 3629 7101 3430 7101 3430 7102 3629 7102 3423 7102 3451 7103 3628 7103 3630 7103 3630 7104 3628 7104 3430 7104 3630 7105 3430 7105 3519 7105 3519 7106 3430 7106 3520 7106 3631 7107 3646 7107 3641 7107 3632 7108 3633 7108 3634 7108 3634 7109 3633 7109 3631 7109 3631 7110 3635 7110 3636 7110 3636 7111 3635 7111 3637 7111 3636 7112 3637 7112 3638 7112 3639 7113 3636 7113 3640 7113 3631 7114 3641 7114 3634 7114 3634 7115 3641 7115 3642 7115 3642 7116 3643 7116 3634 7116 3634 7117 3643 7117 3644 7117 3639 7118 3645 7118 3636 7118 3636 7119 3645 7119 3631 7119 3631 7120 3645 7120 3646 7120 3647 7121 3648 7121 3649 7121 3649 7122 3648 7122 3650 7122 3649 7123 3659 7123 3655 7123 3651 7124 3652 7124 3653 7124 3653 7125 3652 7125 3449 7125 3654 7126 3649 7126 3508 7126 3508 7127 3649 7127 3653 7127 3508 7128 3653 7128 3509 7128 3649 7129 3655 7129 3653 7129 3653 7130 3655 7130 3651 7130 3658 7131 3650 7131 3656 7131 3656 7132 3650 7132 3657 7132 3650 7133 3658 7133 3659 7133 3650 7134 3659 7134 3649 7134 3588 7135 3570 7135 3522 7135 3522 7136 3570 7136 3506 7136 3439 7137 3660 7137 3570 7137 3439 7138 3570 7138 3588 7138 3591 7139 3569 7139 3438 7139 3438 7140 3569 7140 3660 7140 3614 7141 3661 7141 3609 7141 3619 7142 3662 7142 3644 7142 3657 7143 3663 7143 3598 7143 3444 7144 3664 7144 3445 7144 3439 7145 3438 7145 3660 7145 3587 7146 3604 7146 3586 7146 3640 7147 3665 7147 3627 7147 3451 7148 3666 7148 3449 7148 3689 7149 3667 7149 3668 7149 3620 7150 3622 7150 3487 7150 3669 7151 3670 7151 3671 7151 3668 7152 3672 7152 3608 7152 3608 7153 3672 7153 3673 7153 3608 7154 3673 7154 3609 7154 3673 7155 3674 7155 3620 7155 3620 7156 3674 7156 3671 7156 3620 7157 3671 7157 3675 7157 3587 7158 3599 7158 3668 7158 3689 7159 3668 7159 3504 7159 3504 7160 3668 7160 3599 7160 3504 7161 3599 7161 3496 7161 3487 7162 3489 7162 3620 7162 3620 7163 3489 7163 3612 7163 3620 7164 3612 7164 3673 7164 3673 7165 3612 7165 3614 7165 3673 7166 3614 7166 3609 7166 3483 7167 3485 7167 3608 7167 3608 7168 3485 7168 3602 7168 3608 7169 3602 7169 3668 7169 3668 7170 3602 7170 3604 7170 3668 7171 3604 7171 3587 7171 3676 7172 3677 7172 3674 7172 3674 7173 3677 7173 3678 7173 3674 7174 3678 7174 3671 7174 3671 7175 3678 7175 3679 7175 3671 7176 3679 7176 3669 7176 3680 7177 3681 7177 3775 7177 3627 7178 3682 7178 3640 7178 3640 7179 3682 7179 3680 7179 3640 7180 3680 7180 3639 7180 3639 7181 3680 7181 3775 7181 3683 7182 3684 7182 3685 7182 3683 7183 3685 7183 3686 7183 3688 7184 3687 7184 4048 7184 3689 7185 3504 7185 3503 7185 3689 7186 3503 7186 3690 7186 3690 7187 3503 7187 3502 7187 3690 7188 3502 7188 3691 7188 3691 7189 3502 7189 3501 7189 3691 7190 3501 7190 3692 7190 3692 7191 3501 7191 3500 7191 3692 7192 3500 7192 3499 7192 3692 7193 3499 7193 3693 7193 3693 7194 3499 7194 3498 7194 3693 7195 3498 7195 3694 7195 3694 7196 3498 7196 3392 7196 3694 7197 3392 7197 3396 7197 3433 7198 3695 7198 3434 7198 3434 7199 3695 7199 3696 7199 3697 7200 3698 7200 3699 7200 3699 7201 3698 7201 3700 7201 3702 7202 3701 7202 3703 7202 3704 7203 3677 7203 3705 7203 3705 7204 3677 7204 3676 7204 3707 7205 3706 7205 3708 7205 3709 7206 3710 7206 3711 7206 3711 7207 3710 7207 3712 7207 3713 7208 3714 7208 3715 7208 3715 7209 3714 7209 3716 7209 3471 7210 3422 7210 3717 7210 3402 7211 3465 7211 3467 7211 3400 7212 3459 7212 3402 7212 3402 7213 3459 7213 3461 7213 3461 7214 3462 7214 3402 7214 3402 7215 3462 7215 3465 7215 3402 7216 3467 7216 3469 7216 3402 7217 3469 7217 3717 7217 3717 7218 3469 7218 3471 7218 3692 7219 3693 7219 3390 7219 3390 7220 3693 7220 3694 7220 3390 7221 3694 7221 3396 7221 3690 7222 3691 7222 3390 7222 3390 7223 3691 7223 3692 7223 3667 7224 3689 7224 3718 7224 3718 7225 3689 7225 3390 7225 3390 7226 3689 7226 3690 7226 3696 7227 3719 7227 3434 7227 3434 7228 3719 7228 3436 7228 3720 7229 3721 7229 3722 7229 3722 7230 3721 7230 3723 7230 3722 7231 3723 7231 3724 7231 3725 7232 3726 7232 3678 7232 3678 7233 3726 7233 3727 7233 3678 7234 3727 7234 3679 7234 3728 7235 3729 7235 3730 7235 3730 7236 3729 7236 3674 7236 3730 7237 3674 7237 3673 7237 3731 7238 3732 7238 3668 7238 3668 7239 3732 7239 3733 7239 3668 7240 3733 7240 3672 7240 3734 7241 3735 7241 3736 7241 3736 7242 3735 7242 3737 7242 3736 7243 3737 7243 3738 7243 3739 7244 3740 7244 3741 7244 3741 7245 3740 7245 3435 7245 3741 7246 3435 7246 3443 7246 3742 7247 3743 7247 3744 7247 3744 7248 3743 7248 3421 7248 3744 7249 3421 7249 3440 7249 3719 7250 3745 7250 3436 7250 3436 7251 3745 7251 3746 7251 3436 7252 3746 7252 3437 7252 3747 7253 3748 7253 3749 7253 3749 7254 3748 7254 3750 7254 3749 7255 3750 7255 3441 7255 3441 7256 3750 7256 3751 7256 3441 7257 3751 7257 3442 7257 3752 7258 3753 7258 3754 7258 3754 7259 3753 7259 3755 7259 3754 7260 3755 7260 3756 7260 3756 7261 3755 7261 3670 7261 3756 7262 3670 7262 3669 7262 3757 7263 3758 7263 3759 7263 3759 7264 3758 7264 3760 7264 3761 7265 3762 7265 3763 7265 3763 7266 3762 7266 3764 7266 3765 7267 3766 7267 3767 7267 3767 7268 3766 7268 3768 7268 3767 7269 3779 7269 3769 7269 3770 7270 3767 7270 3771 7270 3771 7271 3767 7271 3772 7271 3771 7272 3772 7272 3773 7272 3681 7273 3774 7273 3775 7273 3775 7274 3774 7274 3772 7274 3775 7275 3772 7275 3769 7275 3776 7276 3768 7276 3777 7276 3767 7277 3769 7277 3772 7277 3776 7278 3778 7278 3768 7278 3768 7279 3778 7279 3767 7279 3767 7280 3778 7280 3779 7280 3780 7281 3781 7281 3791 7281 3782 7282 3783 7282 3784 7282 3784 7283 3783 7283 3780 7283 3780 7284 3785 7284 3786 7284 3786 7285 3785 7285 3787 7285 3786 7286 3787 7286 3788 7286 3789 7287 3448 7287 3786 7287 3786 7288 3448 7288 3790 7288 3780 7289 3791 7289 3784 7289 3784 7290 3791 7290 3792 7290 3792 7291 3793 7291 3784 7291 3784 7292 3793 7292 3794 7292 3790 7293 3795 7293 3786 7293 3786 7294 3795 7294 3796 7294 3786 7295 3796 7295 3780 7295 3780 7296 3796 7296 3781 7296 3724 7297 3797 7297 3798 7297 3724 7298 3798 7298 3722 7298 3722 7299 3798 7299 3720 7299 3720 7300 3798 7300 3799 7300 3783 7301 3782 7301 3702 7301 3702 7302 3782 7302 3800 7302 3766 7303 3765 7303 3801 7303 3801 7304 3765 7304 3706 7304 3801 7305 3706 7305 4020 7305 3802 7306 3803 7306 3800 7306 3800 7307 3803 7307 3702 7307 3721 7308 3720 7308 3698 7308 3698 7309 3720 7309 3799 7309 3735 7310 3734 7310 3802 7310 3802 7311 3734 7311 3700 7311 3802 7312 3700 7312 3803 7312 3803 7313 3700 7313 3698 7313 3803 7314 3698 7314 4020 7314 4020 7315 3698 7315 3799 7315 4020 7316 3799 7316 3801 7316 3810 7317 3808 7317 3805 7317 3805 7318 3808 7318 3804 7318 3804 7319 3808 7319 3809 7319 3804 7320 3809 7320 3806 7320 3809 7321 3812 7321 3806 7321 3806 7322 3812 7322 3807 7322 3811 7323 3810 7323 3805 7323 3812 7324 3810 7324 3811 7324 3807 7325 3812 7325 3811 7325 3815 7326 3814 7326 3813 7326 3813 7327 3814 7327 3818 7327 3816 7328 3818 7328 3820 7328 3813 7329 3818 7329 3816 7329 3816 7330 3820 7330 3817 7330 3820 7331 3819 7331 3817 7331 3815 7332 3821 7332 3814 7332 3820 7333 3821 7333 3819 7333 3819 7334 3821 7334 3815 7334 3828 7335 3824 7335 3825 7335 3889 7336 3828 7336 3825 7336 3825 7337 3824 7337 3826 7337 3826 7338 3824 7338 3822 7338 3826 7339 3822 7339 3823 7339 3827 7340 3828 7340 3889 7340 3828 7341 3827 7341 3830 7341 3822 7342 3830 7342 3823 7342 3823 7343 3830 7343 3829 7343 3829 7344 3830 7344 3827 7344 3836 7345 3837 7345 3831 7345 3890 7346 3833 7346 3834 7346 3834 7347 3832 7347 3890 7347 3834 7348 3836 7348 3832 7348 3832 7349 3836 7349 3831 7349 3831 7350 3837 7350 3835 7350 3838 7351 3833 7351 3890 7351 3833 7352 3838 7352 3837 7352 3835 7353 3837 7353 3838 7353 3798 7354 3841 7354 3799 7354 3839 7355 3842 7355 3801 7355 3801 7356 3842 7356 3840 7356 3798 7357 3843 7357 3841 7357 3799 7358 3841 7358 3839 7358 3799 7359 3839 7359 3801 7359 3843 7360 3797 7360 3840 7360 3843 7361 3840 7361 3842 7361 3797 7362 3843 7362 3798 7362 3847 7363 3802 7363 3800 7363 3844 7364 3848 7364 3800 7364 3800 7365 3848 7365 3847 7365 3802 7366 3845 7366 3846 7366 3844 7367 3849 7367 3848 7367 3802 7368 3847 7368 3845 7368 3845 7369 3849 7369 3846 7369 3846 7370 3849 7370 3891 7370 3891 7371 3849 7371 3844 7371 3850 7372 3854 7372 3851 7372 3850 7373 3851 7373 3852 7373 3851 7374 3854 7374 3853 7374 3853 7375 3854 7375 3892 7375 3892 7376 3854 7376 3856 7376 3857 7377 3855 7377 3856 7377 3892 7378 3856 7378 3855 7378 3852 7379 3857 7379 3850 7379 3855 7380 3857 7380 3852 7380 3858 7381 3860 7381 3859 7381 3863 7382 3862 7382 3859 7382 3863 7383 3859 7383 3860 7383 3862 7384 3863 7384 3893 7384 3893 7385 3863 7385 3861 7385 3893 7386 3861 7386 3864 7386 3865 7387 3860 7387 3858 7387 3864 7388 3861 7388 3865 7388 3865 7389 3861 7389 3860 7389 3762 7390 3807 7390 3764 7390 3764 7391 3807 7391 3811 7391 3764 7392 3811 7392 3866 7392 3789 7393 3867 7393 3868 7393 3868 7394 3867 7394 3869 7394 3868 7395 3869 7395 3759 7395 3870 7396 3774 7396 3866 7396 3866 7397 3774 7397 3871 7397 3866 7398 3871 7398 3764 7398 3872 7399 3868 7399 3759 7399 3711 7400 3712 7400 3760 7400 3760 7401 3712 7401 3747 7401 3749 7402 3873 7402 3747 7402 3747 7403 3873 7403 3872 7403 3747 7404 3872 7404 3760 7404 3760 7405 3872 7405 3759 7405 3868 7406 3872 7406 3789 7406 3789 7407 3872 7407 3447 7407 3789 7408 3447 7408 3448 7408 3450 7409 3447 7409 3872 7409 3874 7410 3450 7410 3875 7410 3875 7411 3450 7411 3872 7411 3875 7412 3872 7412 3876 7412 3876 7413 3872 7413 3873 7413 3873 7414 3425 7414 3876 7414 3876 7415 3425 7415 3424 7415 3876 7416 3424 7416 3877 7416 3877 7417 3424 7417 3878 7417 3877 7418 3878 7418 3874 7418 3874 7419 3878 7419 3879 7419 3874 7420 3879 7420 3450 7420 3880 7421 3680 7421 3682 7421 3675 7422 3671 7422 3881 7422 3675 7423 3882 7423 3883 7423 3675 7424 3881 7424 3882 7424 3882 7425 3881 7425 3880 7425 3882 7426 3880 7426 3884 7426 3884 7427 3880 7427 3682 7427 3884 7428 3682 7428 3885 7428 3885 7429 3682 7429 3886 7429 3885 7430 3886 7430 3883 7430 3883 7431 3886 7431 3887 7431 3883 7432 3887 7432 3675 7432 3628 7433 3451 7433 3879 7433 3879 7434 3451 7434 3450 7434 3629 7435 3628 7435 3878 7435 3878 7436 3628 7436 3879 7436 3423 7437 3629 7437 3424 7437 3424 7438 3629 7438 3878 7438 3873 7439 3749 7439 3425 7439 3425 7440 3749 7440 3441 7440 3681 7441 3680 7441 3774 7441 3774 7442 3680 7442 3880 7442 3774 7443 3880 7443 3871 7443 3881 7444 3755 7444 3880 7444 3880 7445 3755 7445 3753 7445 3715 7446 3716 7446 3753 7446 3753 7447 3716 7447 3763 7447 3753 7448 3763 7448 3880 7448 3880 7449 3763 7449 3764 7449 3880 7450 3764 7450 3871 7450 3714 7451 3761 7451 3716 7451 3716 7452 3761 7452 3763 7452 3771 7453 3773 7453 3806 7453 3807 7454 4021 7454 3806 7454 3806 7455 4021 7455 3771 7455 3752 7456 3754 7456 3713 7456 3713 7457 3754 7457 3831 7457 3705 7458 3729 7458 3728 7458 3762 7459 3761 7459 3807 7459 3807 7460 3761 7460 3714 7460 3807 7461 3714 7461 4021 7461 4021 7462 3714 7462 3713 7462 4021 7463 3713 7463 3888 7463 3888 7464 3713 7464 3831 7464 3888 7465 3831 7465 3835 7465 3823 7466 3888 7466 3826 7466 3726 7467 3725 7467 3835 7467 3835 7468 3725 7468 3704 7468 3835 7469 3704 7469 3888 7469 3888 7470 3704 7470 3705 7470 3888 7471 3705 7471 3826 7471 3826 7472 3705 7472 3728 7472 3730 7473 3825 7473 3728 7473 3728 7474 3825 7474 3826 7474 3673 7475 3889 7475 3825 7475 3673 7476 3825 7476 3730 7476 3733 7477 3827 7477 3672 7477 3672 7478 3827 7478 3889 7478 3679 7479 3890 7479 3669 7479 3672 7480 3889 7480 3673 7480 3777 7481 3797 7481 3724 7481 3738 7482 3891 7482 3794 7482 3442 7483 3892 7483 3443 7483 3437 7484 3893 7484 3440 7484 3669 7485 3890 7485 3832 7485 3669 7486 3832 7486 3756 7486 3756 7487 3832 7487 3754 7487 3754 7488 3832 7488 3831 7488 3727 7489 3838 7489 3679 7489 3679 7490 3838 7490 3890 7490 3838 7491 3727 7491 3835 7491 3835 7492 3727 7492 3726 7492 3794 7493 3793 7493 3656 7493 3479 7494 3477 7494 3597 7494 3597 7495 3477 7495 3617 7495 3598 7496 3723 7496 3657 7496 3657 7497 3723 7497 3656 7497 3697 7498 3699 7498 3723 7498 3723 7499 3699 7499 3736 7499 3723 7500 3736 7500 3656 7500 3656 7501 3736 7501 3738 7501 3656 7502 3738 7502 3794 7502 3643 7503 3776 7503 3644 7503 3644 7504 3776 7504 3777 7504 3644 7505 3777 7505 3619 7505 3619 7506 3777 7506 3724 7506 3619 7507 3724 7507 3617 7507 3617 7508 3724 7508 3723 7508 3617 7509 3723 7509 3597 7509 3597 7510 3723 7510 3598 7510 4017 7511 3998 7511 3999 7511 3776 7512 3643 7512 3642 7512 3776 7513 3642 7513 3778 7513 3778 7514 3642 7514 3641 7514 3778 7515 3641 7515 3779 7515 3779 7516 3641 7516 3646 7516 3779 7517 3646 7517 3769 7517 3769 7518 3646 7518 3645 7518 3769 7519 3645 7519 3639 7519 3769 7520 3639 7520 3775 7520 3476 7521 3615 7521 3477 7521 3477 7522 3615 7522 3617 7522 3494 7523 3897 7523 3493 7523 3544 7524 3897 7524 3542 7524 3542 7525 3897 7525 3494 7525 3542 7526 3494 7526 3632 7526 3632 7527 3494 7527 3633 7527 3595 7528 3594 7528 3478 7528 3478 7529 3594 7529 3548 7529 3616 7530 3615 7530 3544 7530 3544 7531 3615 7531 3476 7531 3544 7532 3476 7532 3897 7532 3897 7533 3476 7533 3478 7533 3897 7534 3478 7534 3896 7534 3896 7535 3478 7535 3548 7535 3896 7536 3548 7536 3553 7536 3648 7537 3647 7537 3553 7537 3553 7538 3647 7538 3482 7538 3553 7539 3482 7539 3896 7539 3634 7540 3541 7540 3632 7540 3632 7541 3541 7541 3542 7541 3644 7542 3662 7542 3541 7542 3644 7543 3541 7543 3634 7543 3618 7544 3539 7544 3619 7544 3619 7545 3539 7545 3662 7545 3539 7546 3618 7546 3544 7546 3544 7547 3618 7547 3616 7547 3631 7548 3633 7548 3492 7548 3492 7549 3633 7549 3494 7549 3635 7550 3631 7550 3491 7550 3491 7551 3631 7551 3492 7551 3493 7552 3897 7552 3491 7552 3491 7553 3897 7553 3898 7553 3637 7554 3635 7554 3898 7554 3898 7555 3635 7555 3491 7555 3484 7556 3606 7556 3605 7556 3601 7557 3600 7557 3524 7557 3524 7558 3600 7558 3486 7558 3524 7559 3486 7559 3523 7559 3583 7560 3531 7560 3532 7560 3605 7561 3531 7561 3484 7561 3484 7562 3531 7562 3583 7562 3484 7563 3583 7563 3486 7563 3486 7564 3583 7564 3523 7564 3611 7565 3610 7565 3532 7565 3532 7566 3610 7566 3490 7566 3532 7567 3490 7567 3583 7567 3583 7568 3490 7568 3488 7568 3583 7569 3488 7569 3898 7569 3638 7570 3637 7570 3574 7570 3574 7571 3637 7571 3898 7571 3574 7572 3898 7572 3573 7572 3573 7573 3898 7573 3488 7573 3573 7574 3488 7574 3624 7574 3624 7575 3488 7575 3625 7575 3515 7576 3926 7576 3922 7576 3904 7577 3900 7577 3899 7577 3899 7578 3909 7578 3904 7578 3903 7579 3900 7579 3898 7579 3899 7580 3683 7580 3909 7580 3902 7581 3683 7581 3899 7581 3683 7582 3902 7582 3901 7582 3901 7583 3902 7583 3903 7583 3903 7584 3895 7584 3901 7584 3909 7585 3905 7585 3904 7585 3910 7586 3915 7586 3904 7586 3910 7587 3904 7587 3906 7587 3683 7588 3907 7588 3908 7588 3683 7589 3908 7589 3909 7589 3915 7590 3910 7590 3683 7590 3683 7591 3910 7591 3907 7591 3904 7592 3913 7592 3583 7592 3583 7593 3913 7593 3911 7593 3583 7594 3911 7594 3912 7594 3583 7595 3912 7595 3584 7595 3913 7596 3904 7596 3915 7596 3584 7597 3912 7597 3914 7597 3914 7598 3915 7598 3683 7598 3686 7599 3944 7599 3584 7599 3686 7600 3584 7600 3914 7600 3686 7601 3914 7601 3683 7601 3584 7602 3944 7602 3393 7602 3919 7603 3916 7603 3897 7603 3897 7604 3916 7604 3898 7604 3895 7605 3917 7605 3918 7605 3895 7606 3918 7606 3919 7606 3895 7607 3916 7607 3917 7607 3903 7608 3916 7608 3895 7608 3919 7609 3920 7609 3895 7609 3919 7610 3921 7610 3920 7610 3922 7611 3921 7611 3919 7611 3895 7612 3920 7612 3894 7612 3894 7613 3920 7613 3923 7613 3926 7614 3894 7614 3922 7614 3922 7615 3894 7615 3923 7615 3927 7616 3924 7616 3515 7616 3924 7617 3925 7617 3515 7617 3515 7618 3925 7618 3926 7618 3925 7619 3452 7619 3926 7619 3452 7620 3925 7620 3928 7620 3452 7621 3928 7621 3515 7621 3515 7622 3928 7622 3927 7622 3521 7623 3932 7623 3515 7623 3932 7624 3930 7624 3515 7624 3930 7625 3452 7625 3515 7625 3452 7626 3930 7626 3929 7626 3929 7627 3931 7627 3452 7627 3452 7628 3931 7628 3455 7628 3455 7629 3931 7629 3933 7629 3521 7630 3934 7630 3932 7630 3455 7631 3933 7631 3934 7631 3455 7632 3934 7632 3521 7632 3936 7633 3521 7633 3935 7633 3455 7634 3936 7634 3937 7634 3521 7635 3936 7635 3455 7635 3398 7636 3938 7636 3521 7636 3521 7637 3938 7637 3935 7637 3455 7638 3937 7638 3938 7638 3455 7639 3938 7639 3939 7639 3939 7640 3938 7640 3398 7640 3395 7641 3940 7641 3398 7641 3940 7642 3939 7642 3398 7642 3903 7643 3898 7643 3916 7643 3900 7644 3904 7644 3898 7644 3904 7645 3583 7645 3898 7645 3919 7646 3897 7646 3896 7646 3919 7647 3896 7647 3922 7647 3922 7648 3896 7648 3515 7648 3530 7649 3915 7649 3525 7649 3525 7650 3915 7650 3914 7650 3525 7651 3914 7651 3527 7651 3527 7652 3914 7652 3912 7652 3527 7653 3912 7653 3911 7653 3527 7654 3911 7654 3530 7654 3530 7655 3911 7655 3913 7655 3530 7656 3913 7656 3915 7656 3536 7657 3909 7657 3537 7657 3537 7658 3909 7658 3908 7658 3537 7659 3908 7659 3907 7659 3537 7660 3907 7660 3535 7660 3535 7661 3907 7661 3910 7661 3535 7662 3910 7662 3533 7662 3533 7663 3910 7663 3906 7663 3533 7664 3906 7664 3904 7664 3533 7665 3904 7665 3905 7665 3533 7666 3905 7666 3536 7666 3536 7667 3905 7667 3909 7667 3543 7668 3916 7668 3919 7668 3543 7669 3919 7669 3546 7669 3546 7670 3919 7670 3918 7670 3546 7671 3918 7671 3545 7671 3545 7672 3918 7672 3917 7672 3545 7673 3917 7673 3540 7673 3540 7674 3917 7674 3916 7674 3540 7675 3916 7675 3543 7675 3571 7676 3937 7676 3936 7676 3571 7677 3936 7677 3572 7677 3572 7678 3936 7678 3935 7678 3572 7679 3935 7679 3568 7679 3568 7680 3935 7680 3938 7680 3568 7681 3938 7681 3937 7681 3568 7682 3937 7682 3571 7682 3565 7683 3931 7683 3929 7683 3565 7684 3929 7684 3566 7684 3566 7685 3929 7685 3930 7685 3566 7686 3930 7686 3932 7686 3566 7687 3932 7687 3562 7687 3562 7688 3932 7688 3934 7688 3562 7689 3934 7689 3564 7689 3564 7690 3934 7690 3933 7690 3564 7691 3933 7691 3565 7691 3565 7692 3933 7692 3931 7692 3549 7693 3920 7693 3554 7693 3554 7694 3920 7694 3921 7694 3554 7695 3921 7695 3922 7695 3554 7696 3922 7696 3551 7696 3551 7697 3922 7697 3552 7697 3552 7698 3922 7698 3923 7698 3552 7699 3923 7699 3920 7699 3552 7700 3920 7700 3549 7700 3579 7701 3903 7701 3902 7701 3579 7702 3902 7702 3577 7702 3577 7703 3902 7703 3899 7703 3577 7704 3899 7704 3576 7704 3576 7705 3899 7705 3900 7705 3576 7706 3900 7706 3580 7706 3580 7707 3900 7707 3903 7707 3580 7708 3903 7708 3579 7708 3555 7709 3925 7709 3560 7709 3560 7710 3925 7710 3924 7710 3560 7711 3924 7711 3556 7711 3556 7712 3924 7712 3927 7712 3556 7713 3927 7713 3558 7713 3558 7714 3927 7714 3928 7714 3558 7715 3928 7715 3555 7715 3555 7716 3928 7716 3925 7716 3686 7717 3685 7717 3945 7717 3686 7718 3945 7718 3944 7718 3944 7719 3970 7719 3393 7719 3941 7720 3970 7720 3942 7720 3942 7721 3970 7721 3943 7721 3970 7722 3944 7722 3945 7722 3970 7723 3945 7723 3943 7723 3945 7724 3685 7724 3946 7724 3945 7725 3947 7725 3982 7725 3945 7726 3982 7726 3983 7726 3945 7727 3983 7727 3943 7727 3943 7728 3983 7728 3949 7728 3955 7729 3960 7729 3949 7729 3949 7730 3948 7730 3954 7730 3956 7731 3951 7731 3950 7731 3951 7732 3952 7732 3953 7732 3951 7733 3953 7733 3950 7733 3949 7734 3954 7734 3955 7734 3949 7735 3983 7735 3962 7735 3951 7736 3957 7736 3952 7736 3948 7737 3949 7737 3958 7737 3958 7738 3949 7738 3962 7738 3958 7739 3962 7739 3959 7739 3962 7740 3983 7740 3977 7740 3949 7741 3960 7741 3943 7741 3957 7742 3943 7742 3961 7742 3951 7743 3943 7743 3957 7743 3959 7744 3962 7744 3956 7744 3956 7745 3962 7745 3951 7745 3951 7746 3962 7746 3976 7746 3964 7747 3943 7747 3960 7747 3943 7748 3963 7748 3961 7748 3943 7749 3964 7749 3963 7749 3454 7750 3969 7750 3965 7750 3965 7751 3969 7751 3966 7751 3966 7752 3969 7752 3967 7752 3967 7753 3969 7753 3968 7753 3968 7754 3969 7754 3971 7754 3971 7755 3969 7755 3951 7755 3951 7756 3969 7756 3943 7756 3969 7757 3941 7757 3943 7757 3941 7758 3394 7758 3970 7758 3941 7759 3942 7759 3943 7759 3970 7760 3394 7760 3393 7760 3395 7761 3394 7761 3941 7761 3395 7762 3941 7762 3940 7762 3940 7763 3941 7763 3969 7763 3940 7764 3969 7764 3939 7764 3939 7765 3969 7765 3454 7765 3939 7766 3454 7766 3455 7766 3968 7767 3972 7767 3967 7767 3967 7768 3972 7768 3973 7768 3967 7769 3973 7769 3966 7769 3966 7770 3973 7770 3974 7770 3966 7771 3974 7771 3965 7771 3965 7772 3974 7772 3453 7772 3965 7773 3453 7773 3454 7773 3978 7774 3975 7774 3976 7774 3978 7775 3976 7775 3962 7775 3973 7776 3453 7776 3974 7776 3973 7777 3972 7777 3976 7777 3976 7778 3972 7778 3968 7778 3976 7779 3968 7779 3971 7779 3976 7780 3971 7780 3951 7780 3452 7781 3453 7781 3973 7781 3452 7782 3973 7782 3926 7782 3926 7783 3973 7783 3976 7783 3926 7784 3976 7784 3894 7784 3894 7785 3976 7785 3975 7785 3962 7786 3977 7786 3978 7786 3978 7787 3984 7787 3975 7787 3975 7788 3984 7788 3895 7788 3975 7789 3895 7789 3894 7789 3684 7790 3901 7790 3979 7790 3979 7791 3901 7791 3980 7791 3980 7792 3901 7792 3981 7792 3981 7793 3901 7793 3983 7793 3981 7794 3983 7794 3982 7794 3901 7795 3984 7795 3983 7795 3983 7796 3984 7796 3977 7796 3977 7797 3984 7797 3978 7797 3895 7798 3984 7798 3901 7798 3901 7799 3684 7799 3683 7799 3982 7800 3947 7800 3981 7800 3981 7801 3947 7801 3945 7801 3981 7802 3945 7802 3980 7802 3980 7803 3945 7803 3946 7803 3980 7804 3946 7804 3979 7804 3979 7805 3946 7805 3685 7805 3979 7806 3685 7806 3684 7806 3952 7807 3985 7807 3953 7807 3953 7808 3985 7808 3986 7808 3953 7809 3986 7809 3950 7809 3950 7810 3986 7810 3956 7810 3956 7811 3986 7811 3987 7811 3956 7812 3987 7812 3959 7812 3959 7813 3987 7813 3958 7813 3958 7814 3987 7814 3988 7814 3958 7815 3988 7815 3948 7815 3948 7816 3988 7816 3989 7816 3948 7817 3989 7817 3954 7817 3954 7818 3989 7818 3990 7818 3954 7819 3990 7819 3955 7819 3955 7820 3990 7820 3960 7820 3960 7821 3990 7821 3991 7821 3960 7822 3991 7822 3964 7822 3964 7823 3991 7823 3992 7823 3964 7824 3992 7824 3963 7824 3963 7825 3992 7825 3961 7825 3961 7826 3992 7826 3993 7826 3961 7827 3993 7827 3957 7827 3957 7828 3993 7828 3985 7828 3957 7829 3985 7829 3952 7829 3986 7830 3985 7830 3991 7830 3987 7831 3986 7831 3991 7831 3991 7832 3988 7832 3987 7832 3991 7833 3989 7833 3988 7833 3990 7834 3989 7834 3991 7834 3991 7835 3993 7835 3992 7835 3991 7836 3985 7836 3993 7836 3521 7837 3507 7837 3398 7837 3398 7838 3507 7838 3567 7838 3397 7839 3398 7839 3495 7839 3495 7840 3398 7840 3567 7840 3495 7841 3567 7841 3589 7841 3589 7842 3567 7842 3590 7842 3495 7843 3589 7843 3420 7843 3420 7844 3589 7844 3419 7844 3569 7845 3591 7845 3567 7845 3567 7846 3591 7846 3590 7846 3654 7847 3508 7847 3480 7847 3480 7848 3508 7848 3515 7848 3896 7849 3482 7849 3480 7849 3896 7850 3480 7850 3515 7850 3649 7851 3654 7851 3481 7851 3481 7852 3654 7852 3480 7852 3647 7853 3649 7853 3482 7853 3482 7854 3649 7854 3481 7854 3574 7855 3578 7855 3638 7855 3638 7856 3578 7856 3636 7856 3636 7857 3578 7857 3640 7857 3640 7858 3578 7858 3665 7858 3627 7859 3665 7859 3575 7859 3627 7860 3575 7860 3626 7860 3626 7861 3575 7861 3624 7861 3624 7862 3575 7862 3573 7862 3625 7863 3488 7863 3622 7863 3622 7864 3488 7864 3487 7864 3490 7865 3610 7865 3489 7865 3489 7866 3610 7866 3612 7866 3538 7867 3613 7867 3532 7867 3532 7868 3613 7868 3611 7868 3613 7869 3538 7869 3614 7869 3614 7870 3538 7870 3661 7870 3609 7871 3661 7871 3534 7871 3609 7872 3534 7872 3607 7872 3607 7873 3534 7873 3605 7873 3605 7874 3534 7874 3531 7874 3606 7875 3484 7875 3608 7875 3608 7876 3484 7876 3483 7876 3486 7877 3600 7877 3485 7877 3485 7878 3600 7878 3602 7878 3529 7879 3603 7879 3524 7879 3524 7880 3603 7880 3601 7880 3603 7881 3529 7881 3604 7881 3604 7882 3529 7882 3586 7882 3550 7883 3650 7883 3553 7883 3553 7884 3650 7884 3648 7884 3650 7885 3550 7885 3657 7885 3657 7886 3550 7886 3663 7886 3598 7887 3663 7887 3547 7887 3598 7888 3547 7888 3596 7888 3596 7889 3547 7889 3594 7889 3594 7890 3547 7890 3548 7890 3595 7891 3478 7891 3597 7891 3597 7892 3478 7892 3479 7892 3790 7893 3652 7893 3651 7893 3790 7894 3651 7894 3795 7894 3795 7895 3651 7895 3655 7895 3795 7896 3655 7896 3796 7896 3796 7897 3655 7897 3659 7897 3796 7898 3659 7898 3781 7898 3781 7899 3659 7899 3791 7899 3791 7900 3659 7900 3658 7900 3791 7901 3658 7901 3792 7901 3792 7902 3658 7902 3793 7902 3793 7903 3658 7903 3656 7903 3700 7904 3734 7904 3699 7904 3699 7905 3734 7905 3736 7905 3721 7906 3698 7906 3723 7906 3723 7907 3698 7907 3697 7907 3341 7908 3995 7908 3996 7908 3994 7909 3999 7909 3998 7909 3994 7910 3995 7910 3341 7910 3997 7911 3999 7911 3994 7911 3404 7912 3401 7912 3403 7912 3687 7913 4053 7913 4005 7913 4000 7914 4001 7914 4019 7914 4053 7915 4000 7915 4005 7915 4000 7916 4053 7916 4001 7916 4002 7917 4021 7917 4003 7917 4004 7918 4003 7918 4005 7918 4021 7919 4002 7919 4000 7919 4005 7920 4010 7920 4006 7920 4006 7921 4007 7921 3687 7921 4005 7922 4006 7922 3687 7922 3687 7923 4007 7923 4008 7923 4010 7924 4003 7924 4009 7924 4003 7925 4010 7925 4005 7925 4011 7926 3388 7926 3389 7926 3687 7927 4013 7927 4048 7927 4048 7928 4013 7928 4012 7928 4013 7929 3687 7929 4008 7929 3389 7930 4014 7930 4011 7930 4011 7931 4014 7931 4048 7931 4015 7932 4011 7932 4012 7932 4012 7933 4011 7933 4048 7933 4016 7934 4013 7934 4009 7934 4011 7935 4015 7935 3888 7935 4009 7936 4013 7936 4008 7936 4019 7937 4017 7937 4018 7937 4019 7938 4018 7938 4023 7938 4019 7939 4023 7939 4000 7939 4000 7940 4023 7940 4022 7940 4021 7941 4000 7941 4022 7941 4021 7942 4022 7942 4020 7942 4020 7943 4022 7943 4024 7943 4020 7944 4024 7944 4018 7944 4043 7945 4029 7945 3803 7945 4025 7946 4028 7946 4030 7946 4025 7947 4030 7947 4031 7947 4026 7948 4027 7948 4029 7948 4030 7949 4027 7949 4026 7949 3803 7950 4028 7950 4025 7950 4026 7951 3456 7951 4030 7951 4030 7952 3456 7952 4031 7952 3803 7953 4029 7953 4028 7953 4031 7954 4035 7954 4033 7954 4031 7955 4033 7955 3403 7955 4034 7956 3408 7956 3403 7956 4034 7957 3403 7957 4033 7957 3408 7958 4034 7958 3457 7958 3457 7959 4034 7959 4032 7959 3457 7960 4032 7960 4035 7960 3457 7961 4035 7961 4031 7961 3403 7962 3405 7962 3404 7962 3408 7963 3405 7963 3403 7963 4039 7964 4037 7964 4031 7964 4038 7965 4036 7965 3457 7965 3457 7966 4036 7966 3456 7966 3456 7967 4036 7967 4040 7967 4031 7968 4037 7968 4038 7968 4031 7969 4038 7969 3457 7969 4031 7970 4041 7970 4039 7970 3456 7971 4040 7971 4041 7971 3456 7972 4041 7972 4031 7972 3997 7973 4026 7973 4029 7973 4029 7974 3999 7974 3997 7974 4042 7975 4044 7975 4018 7975 3999 7976 4042 7976 4018 7976 3999 7977 4018 7977 4017 7977 4029 7978 4043 7978 3999 7978 3999 7979 4043 7979 4042 7979 4018 7980 4044 7980 4045 7980 4018 7981 4045 7981 4043 7981 3803 7982 4020 7982 4018 7982 3803 7983 4018 7983 4043 7983 4015 7984 4016 7984 3888 7984 3888 7985 4016 7985 4009 7985 3888 7986 4009 7986 4003 7986 3888 7987 4003 7987 4021 7987 3830 7988 4012 7988 3828 7988 3828 7989 4012 7989 4013 7989 3828 7990 4013 7990 3824 7990 3824 7991 4013 7991 4016 7991 3824 7992 4016 7992 3822 7992 3822 7993 4016 7993 4015 7993 3822 7994 4015 7994 3830 7994 3830 7995 4015 7995 4012 7995 3837 7996 4008 7996 3833 7996 3833 7997 4008 7997 4007 7997 3833 7998 4007 7998 3834 7998 3834 7999 4007 7999 4006 7999 3834 8000 4006 8000 3836 8000 3836 8001 4006 8001 4010 8001 3836 8002 4010 8002 4009 8002 3836 8003 4009 8003 3837 8003 3837 8004 4009 8004 4008 8004 4022 8005 3842 8005 3839 8005 4022 8006 3839 8006 4024 8006 4024 8007 3839 8007 3841 8007 4024 8008 3841 8008 4018 8008 4018 8009 3841 8009 4023 8009 4023 8010 3841 8010 3843 8010 4023 8011 3843 8011 3842 8011 4023 8012 3842 8012 4022 8012 4032 8013 3861 8013 3863 8013 4032 8014 3863 8014 4035 8014 4035 8015 3863 8015 3860 8015 4035 8016 3860 8016 4033 8016 4033 8017 3860 8017 3861 8017 4033 8018 3861 8018 4034 8018 4034 8019 3861 8019 4032 8019 4036 8020 3856 8020 4040 8020 4040 8021 3856 8021 3854 8021 4040 8022 3854 8022 4041 8022 4041 8023 3854 8023 3850 8023 4041 8024 3850 8024 4039 8024 4039 8025 3850 8025 4037 8025 4037 8026 3850 8026 3857 8026 4037 8027 3857 8027 4038 8027 4038 8028 3857 8028 3856 8028 4038 8029 3856 8029 4036 8029 4044 8030 3845 8030 3847 8030 4044 8031 3847 8031 4045 8031 4045 8032 3847 8032 3848 8032 4045 8033 3848 8033 4043 8033 4043 8034 3848 8034 3849 8034 4043 8035 3849 8035 4042 8035 4042 8036 3849 8036 3845 8036 4042 8037 3845 8037 4044 8037 4000 8038 3808 8038 4005 8038 4005 8039 3808 8039 3810 8039 3812 8040 4005 8040 3810 8040 3808 8041 4000 8041 3809 8041 3809 8042 4000 8042 4002 8042 3809 8043 4002 8043 3812 8043 3812 8044 4002 8044 4003 8044 3812 8045 4003 8045 4004 8045 3812 8046 4004 8046 4005 8046 4028 8047 3814 8047 4030 8047 4030 8048 3814 8048 3821 8048 4030 8049 3821 8049 4027 8049 4027 8050 3821 8050 3820 8050 4027 8051 3820 8051 4029 8051 4029 8052 3820 8052 3818 8052 4029 8053 3818 8053 4028 8053 4028 8054 3818 8054 3814 8054 4048 8055 4014 8055 3381 8055 4052 8056 3381 8056 3339 8056 3339 8057 3382 8057 4052 8057 4048 8058 4046 8058 3688 8058 3688 8059 4046 8059 4049 8059 4050 8060 4046 8060 4051 8060 4051 8061 4046 8061 4052 8061 3382 8062 4047 8062 4052 8062 3381 8063 4052 8063 4048 8063 4046 8064 4048 8064 4052 8064 4050 8065 4049 8065 4046 8065 3382 8066 3331 8066 4047 8066 4054 8067 4053 8067 4051 8067 3688 8068 4049 8068 4050 8068 4050 8069 4053 8069 3688 8069 4050 8070 4051 8070 4053 8070 4051 8071 4052 8071 4047 8071 3687 8072 3688 8072 4053 8072 4054 8073 4001 8073 4053 8073 3996 8074 4054 8074 4051 8074 3996 8075 4047 8075 3331 8075 3996 8076 4051 8076 4047 8076 4055 8077 4054 8077 3996 8077 4055 8078 3996 8078 3995 8078 4055 8079 4001 8079 4054 8079 3998 8080 4001 8080 4055 8080 3995 8081 3994 8081 3998 8081 3998 8082 4055 8082 3995 8082 3998 8083 4017 8083 4019 8083 4001 8084 3998 8084 4019 8084 3732 8085 3731 8085 3829 8085 3829 8086 3731 8086 3718 8086 3390 8087 4011 8087 3718 8087 3718 8088 4011 8088 3829 8088 3829 8089 4011 8089 3888 8089 3829 8090 3888 8090 3823 8090 3718 8091 3731 8091 3667 8091 3667 8092 3731 8092 3668 8092 3827 8093 3733 8093 3829 8093 3829 8094 3733 8094 3732 8094 3770 8095 3771 8095 3707 8095 3707 8096 3771 8096 4021 8096 3707 8097 4021 8097 3706 8097 3706 8098 4021 8098 4020 8098 3767 8099 3770 8099 3708 8099 3708 8100 3770 8100 3707 8100 3765 8101 3767 8101 3706 8101 3706 8102 3767 8102 3708 8102 3787 8103 3785 8103 4025 8103 4025 8104 3785 8104 3701 8104 4025 8105 3701 8105 3803 8105 3803 8106 3701 8106 3702 8106 3785 8107 3780 8107 3701 8107 3701 8108 3780 8108 3703 8108 3780 8109 3783 8109 3703 8109 3703 8110 3783 8110 3702 8110 4031 8111 3858 8111 3859 8111 3750 8112 3748 8112 3851 8112 3851 8113 3748 8113 3710 8113 3851 8114 3710 8114 4031 8114 3758 8115 3757 8115 3709 8115 3709 8116 3757 8116 3815 8116 3740 8117 3739 8117 3695 8117 3695 8118 3739 8118 3852 8118 3745 8119 3719 8119 3859 8119 3859 8120 3719 8120 3696 8120 3859 8121 3696 8121 4031 8121 4031 8122 3696 8122 3695 8122 4031 8123 3695 8123 3852 8123 4031 8124 3852 8124 3851 8124 3788 8125 3787 8125 3813 8125 3813 8126 3787 8126 4025 8126 3813 8127 4025 8127 3815 8127 3815 8128 4025 8128 4031 8128 3815 8129 4031 8129 3709 8129 3709 8130 4031 8130 3710 8130 3869 8131 3819 8131 3759 8131 3759 8132 3819 8132 3815 8132 3759 8133 3815 8133 3757 8133 3817 8134 3819 8134 3867 8134 3867 8135 3819 8135 3869 8135 3786 8136 3816 8136 3789 8136 3789 8137 3816 8137 3817 8137 3789 8138 3817 8138 3867 8138 3816 8139 3786 8139 3813 8139 3813 8140 3786 8140 3788 8140 3758 8141 3709 8141 3760 8141 3760 8142 3709 8142 3711 8142 3710 8143 3748 8143 3712 8143 3712 8144 3748 8144 3747 8144 3853 8145 3751 8145 3851 8145 3851 8146 3751 8146 3750 8146 3751 8147 3853 8147 3442 8147 3442 8148 3853 8148 3892 8148 3443 8149 3892 8149 3855 8149 3443 8150 3855 8150 3741 8150 3741 8151 3855 8151 3739 8151 3739 8152 3855 8152 3852 8152 3740 8153 3695 8153 3435 8153 3435 8154 3695 8154 3433 8154 3862 8155 3746 8155 3859 8155 3859 8156 3746 8156 3745 8156 3746 8157 3862 8157 3437 8157 3437 8158 3862 8158 3893 8158 3440 8159 3893 8159 3864 8159 3440 8160 3864 8160 3744 8160 3744 8161 3864 8161 3742 8161 3742 8162 3864 8162 3865 8162 3403 8163 3402 8163 4031 8163 4031 8164 3402 8164 3717 8164 3858 8165 4031 8165 3865 8165 3865 8166 4031 8166 3717 8166 3865 8167 3717 8167 3742 8167 3742 8168 3717 8168 3743 8168 3743 8169 3717 8169 3421 8169 3421 8170 3717 8170 3422 8170 3409 8171 3456 8171 3414 8171 3414 8172 3456 8172 4026 8172 4026 8173 4056 8173 3414 8173 3415 8174 3414 8174 3418 8174 3415 8175 3418 8175 3416 8175 3418 8176 3412 8176 3416 8176 3418 8177 3417 8177 3412 8177 4056 8178 4057 8178 3418 8178 3418 8179 3414 8179 4056 8179 3418 8180 4057 8180 3327 8180 4057 8181 3997 8181 3994 8181 3327 8182 4057 8182 3341 8182 3341 8183 4057 8183 3994 8183 4026 8184 3997 8184 4056 8184 4056 8185 3997 8185 4057 8185 3768 8186 3840 8186 3777 8186 3777 8187 3840 8187 3797 8187 3840 8188 3768 8188 3801 8188 3801 8189 3768 8189 3766 8189 3794 8190 3891 8190 3844 8190 3794 8191 3844 8191 3784 8191 3784 8192 3844 8192 3782 8192 3782 8193 3844 8193 3800 8193 3737 8194 3846 8194 3738 8194 3738 8195 3846 8195 3891 8195 3846 8196 3737 8196 3802 8196 3802 8197 3737 8197 3735 8197 3729 8198 3705 8198 3674 8198 3674 8199 3705 8199 3676 8199 3704 8200 3725 8200 3677 8200 3677 8201 3725 8201 3678 8201 3752 8202 3713 8202 3753 8202 3753 8203 3713 8203 3715 8203 3772 8204 3804 8204 3773 8204 3773 8205 3804 8205 3806 8205 3870 8206 3805 8206 3774 8206 3774 8207 3805 8207 3804 8207 3774 8208 3804 8208 3772 8208 3811 8209 3805 8209 3866 8209 3866 8210 3805 8210 3870 8210 3755 8211 3881 8211 3670 8211 3670 8212 3881 8212 3671 8212 3621 8213 3620 8213 3887 8213 3887 8214 3620 8214 3675 8214 3623 8215 3621 8215 3886 8215 3886 8216 3621 8216 3887 8216 3627 8217 3623 8217 3682 8217 3682 8218 3623 8218 3886 8218 4058 8219 4059 8219 3874 8219 3874 8220 4059 8220 3877 8220 4059 8221 4060 8221 3877 8221 3877 8222 4060 8222 3876 8222 4060 8223 4061 8223 3876 8223 3876 8224 4061 8224 3875 8224 4061 8225 4058 8225 3875 8225 3875 8226 4058 8226 3874 8226 4061 8227 4060 8227 4058 8227 4058 8228 4060 8228 4059 8228 4062 8229 4063 8229 4064 8229 4064 8230 4063 8230 4065 8230 4064 8231 4065 8231 3882 8231 3882 8232 4065 8232 3883 8232 4065 8233 4063 8233 3883 8233 3883 8234 4063 8234 3885 8234 4063 8235 4062 8235 3885 8235 3885 8236 4062 8236 3884 8236 4062 8237 4064 8237 3884 8237 3884 8238 4064 8238 3882 8238 3581 8239 3497 8239 3599 8239 3599 8240 3497 8240 3496 8240 3445 8241 3664 8241 3561 8241 3445 8242 3561 8242 3592 8242 3592 8243 3561 8243 3512 8243 3512 8244 3561 8244 3513 8244 3593 8245 3563 8245 3444 8245 3444 8246 3563 8246 3664 8246 3563 8247 3593 8247 3518 8247 3518 8248 3593 8248 3516 8248 3449 8249 3666 8249 3559 8249 3449 8250 3559 8250 3653 8250 3559 8251 3510 8251 3653 8251 3653 8252 3510 8252 3509 8252 3630 8253 3557 8253 3451 8253 3451 8254 3557 8254 3666 8254 3557 8255 3630 8255 3514 8255 3514 8256 3630 8256 3519 8256 3511 8257 3475 8257 3446 8257 3446 8258 3475 8258 3432 8258 3472 8259 3517 8259 3427 8259 3427 8260 3517 8260 3429 8260 3474 8261 3520 8261 3431 8261 3431 8262 3520 8262 3430 8262 4071 8263 4067 8263 4087 8263 4087 8264 4067 8264 4085 8264 4077 8265 4068 8265 4069 8265 4066 8266 4070 8266 4071 8266 4067 8267 4073 8267 4068 8267 4069 8268 4068 8268 4072 8268 4074 8269 4069 8269 4072 8269 4072 8270 4068 8270 4073 8270 4074 8271 4070 8271 4075 8271 4076 8272 4071 8272 4070 8272 4076 8273 4067 8273 4071 8273 4073 8274 4067 8274 4076 8274 4069 8275 4074 8275 4075 8275 4070 8276 4066 8276 4075 8276 4085 8277 4086 8277 4087 8277 4083 8278 4085 8278 4067 8278 4068 8279 4083 8279 4067 8279 4096 8280 4083 8280 4068 8280 4077 8281 4096 8281 4068 8281 4069 8282 4095 8282 4077 8282 4095 8283 4094 8283 4077 8283 4079 8284 4069 8284 4075 8284 4080 8285 4075 8285 4081 8285 4075 8286 4091 8286 4081 8286 4081 8287 4091 8287 4082 8287 4066 8288 4091 8288 4075 8288 4071 8289 4089 8289 4066 8289 4088 8290 4089 8290 4071 8290 4097 8291 4083 8291 4096 8291 4084 8292 4085 8292 4097 8292 4084 8293 4087 8293 4086 8293 4090 8294 4088 8294 4084 8294 4090 8295 4089 8295 4088 8295 4066 8296 4090 8296 4092 8296 4092 8297 4091 8297 4066 8297 4079 8298 4075 8298 4093 8298 4093 8299 4075 8299 4092 8299 4093 8300 4078 8300 4069 8300 4095 8301 4069 8301 4094 8301 4094 8302 4069 8302 4078 8302 4094 8303 4078 8303 4093 8303 4097 8304 4096 8304 4094 8304 4082 8305 4091 8305 4092 8305 4098 8306 4084 8306 4097 8306 4098 8307 4097 8307 4094 8307 4098 8308 4094 8308 4093 8308 4098 8309 4093 8309 4099 8309 4099 8310 4093 8310 4092 8310 4099 8311 4092 8311 4090 8311 4099 8312 4090 8312 4084 8312 4099 8313 4084 8313 4098 8313 4101 8314 4100 8314 4098 8314 4098 8315 4100 8315 4099 8315 4100 8316 4101 8316 4099 8316 4099 8317 4101 8317 4098 8317 4107 8318 4100 8318 4106 8318 4108 8319 4100 8319 4107 8319 4100 8320 4104 8320 4105 8320 4100 8321 4105 8321 4106 8321 4100 8322 4101 8322 4104 8322 4109 8323 4102 8323 4108 8323 4102 8324 4103 8324 4104 8324 4102 8325 4104 8325 4101 8325 4101 8326 4100 8326 4108 8326 4102 8327 4101 8327 4108 8327 4110 8328 4117 8328 4104 8328 4110 8329 4104 8329 4103 8329 4110 8330 4103 8330 4111 8330 4111 8331 4103 8331 4102 8331 4111 8332 4102 8332 4112 8332 4102 8333 4109 8333 4112 8333 4112 8334 4109 8334 4113 8334 4109 8335 4108 8335 4113 8335 4108 8336 4114 8336 4113 8336 4108 8337 4107 8337 4114 8337 4114 8338 4107 8338 4115 8338 4107 8339 4106 8339 4115 8339 4115 8340 4106 8340 4116 8340 4116 8341 4106 8341 4105 8341 4116 8342 4105 8342 4117 8342 4117 8343 4105 8343 4104 8343 4116 8344 4117 8344 4118 8344 4117 8345 4110 8345 4118 8345 4174 8346 4115 8346 4177 8346 4177 8347 4115 8347 4116 8347 4175 8348 4114 8348 4115 8348 4174 8349 4175 8349 4115 8349 4114 8350 4175 8350 4172 8350 4172 8351 4113 8351 4114 8351 4112 8352 4113 8352 4120 8352 4120 8353 4113 8353 4172 8353 4181 8354 4111 8354 4112 8354 4181 8355 4112 8355 4120 8355 4118 8356 4110 8356 4181 8356 4181 8357 4110 8357 4111 8357 4136 8358 4172 8358 4135 8358 4172 8359 4119 8359 4135 8359 4175 8360 4134 8360 4119 8360 4175 8361 4119 8361 4172 8361 4133 8362 4174 8362 4176 8362 4174 8363 4133 8363 4175 8363 4175 8364 4133 8364 4134 8364 4176 8365 4132 8365 4133 8365 4116 8366 4124 8366 4177 8366 4177 8367 4124 8367 4130 8367 4177 8368 4130 8368 4176 8368 4176 8369 4130 8369 4132 8369 4124 8370 4131 8370 4130 8370 4124 8371 4129 8371 4131 8371 4116 8372 4129 8372 4124 8372 4129 8373 4116 8373 4118 8373 4116 8374 4179 8374 4118 8374 4129 8375 4118 8375 4147 8375 4147 8376 4118 8376 4128 8376 4128 8377 4118 8377 4181 8377 4181 8378 4127 8378 4128 8378 4181 8379 4126 8379 4127 8379 4122 8380 4121 8380 4120 8380 4143 8381 4121 8381 4122 8381 4126 8382 4121 8382 4143 8382 4126 8383 4181 8383 4121 8383 4120 8384 4123 8384 4122 8384 4120 8385 4136 8385 4123 8385 4177 8386 4176 8386 4174 8386 4116 8387 4178 8387 4124 8387 4136 8388 4120 8388 4172 8388 4181 8389 4120 8389 4121 8389 4120 8390 4171 8390 4125 8390 4147 8391 4151 8391 4129 8391 4129 8392 4151 8392 4152 8392 4129 8393 4152 8393 4137 8393 4129 8394 4137 8394 4131 8394 4131 8395 4137 8395 4138 8395 4131 8396 4138 8396 4130 8396 4130 8397 4138 8397 4132 8397 4132 8398 4138 8398 4139 8398 4132 8399 4139 8399 4150 8399 4132 8400 4150 8400 4133 8400 4133 8401 4150 8401 4149 8401 4133 8402 4149 8402 4134 8402 4134 8403 4149 8403 4119 8403 4119 8404 4149 8404 4148 8404 4119 8405 4148 8405 4135 8405 4135 8406 4148 8406 4140 8406 4135 8407 4140 8407 4136 8407 4136 8408 4140 8408 4141 8408 4136 8409 4141 8409 4123 8409 4123 8410 4141 8410 4122 8410 4122 8411 4142 8411 4143 8411 4143 8412 4144 8412 4126 8412 4126 8413 4144 8413 4145 8413 4126 8414 4145 8414 4146 8414 4126 8415 4146 8415 4127 8415 4127 8416 4146 8416 4128 8416 4128 8417 4146 8417 4153 8417 4128 8418 4153 8418 4147 8418 4142 8419 4122 8419 4141 8419 4147 8420 4153 8420 4151 8420 4142 8421 4144 8421 4143 8421 4070 8422 4074 8422 4173 8422 4154 8423 4070 8423 4173 8423 4157 8424 4156 8424 4070 8424 4155 8425 4157 8425 4154 8425 4154 8426 4157 8426 4070 8426 4164 8427 4076 8427 4156 8427 4156 8428 4076 8428 4070 8428 4158 8429 4073 8429 4076 8429 4158 8430 4076 8430 4164 8430 4074 8431 4072 8431 4165 8431 4165 8432 4072 8432 4073 8432 4173 8433 4074 8433 4159 8433 4141 8434 4140 8434 4154 8434 4161 8435 4142 8435 4159 8435 4159 8436 4142 8436 4141 8436 4161 8437 4160 8437 4145 8437 4142 8438 4161 8438 4144 8438 4144 8439 4161 8439 4145 8439 4145 8440 4160 8440 4165 8440 4165 8441 4146 8441 4145 8441 4163 8442 4153 8442 4165 8442 4165 8443 4153 8443 4146 8443 4153 8444 4163 8444 4151 8444 4163 8445 4162 8445 4151 8445 4162 8446 4152 8446 4151 8446 4158 8447 4137 8447 4152 8447 4158 8448 4152 8448 4162 8448 4158 8449 4138 8449 4137 8449 4164 8450 4139 8450 4138 8450 4164 8451 4150 8451 4139 8451 4150 8452 4156 8452 4155 8452 4156 8453 4150 8453 4164 8453 4155 8454 4149 8454 4150 8454 4155 8455 4154 8455 4149 8455 4154 8456 4140 8456 4148 8456 4154 8457 4148 8457 4149 8457 4171 8458 4159 8458 4161 8458 4165 8459 4160 8459 4074 8459 4074 8460 4160 8460 4161 8460 4074 8461 4161 8461 4159 8461 4163 8462 4165 8462 4073 8462 4163 8463 4073 8463 4162 8463 4162 8464 4073 8464 4168 8464 4154 8465 4167 8465 4173 8465 4154 8466 4173 8466 4141 8466 4141 8467 4173 8467 4159 8467 4168 8468 4073 8468 4158 8468 4169 8469 4162 8469 4168 8469 4162 8470 4169 8470 4158 8470 4156 8471 4170 8471 4164 8471 4138 8472 4158 8472 4164 8472 4121 8473 4161 8473 4160 8473 4171 8474 4159 8474 4125 8474 4125 8475 4159 8475 4120 8475 4120 8476 4159 8476 4171 8476 4172 8477 4167 8477 4154 8477 4172 8478 4154 8478 4173 8478 4173 8479 4167 8479 4172 8479 4175 8480 4155 8480 4174 8480 4174 8481 4155 8481 4156 8481 4174 8482 4156 8482 4157 8482 4174 8483 4157 8483 4175 8483 4175 8484 4157 8484 4155 8484 4176 8485 4170 8485 4177 8485 4177 8486 4170 8486 4164 8486 4177 8487 4164 8487 4176 8487 4176 8488 4164 8488 4170 8488 4124 8489 4158 8489 4169 8489 4124 8490 4169 8490 4178 8490 4178 8491 4169 8491 4168 8491 4178 8492 4168 8492 4158 8492 4178 8493 4158 8493 4124 8493 4179 8494 4162 8494 4118 8494 4118 8495 4162 8495 4163 8495 4179 8496 4163 8496 4162 8496 4163 8497 4179 8497 4118 8497 4181 8498 4165 8498 4180 8498 4180 8499 4165 8499 4166 8499 4085 8500 4083 8500 4097 8500 4086 8501 4085 8501 4084 8501 4088 8502 4071 8502 4084 8502 4084 8503 4071 8503 4087 8503 4090 8504 4066 8504 4089 8504 4092 8505 4081 8505 4082 8505 4092 8506 4080 8506 4081 8506 4075 8507 4080 8507 4092 8507 4079 8508 4093 8508 4069 8508 4096 8509 4077 8509 4094 8509 4182 8510 4184 8510 4183 8510 4183 8511 4184 8511 4185 8511 4185 8512 4184 8512 4188 8512 4185 8513 4188 8513 4186 8513 4186 8514 4188 8514 4187 8514 4187 8515 4188 8515 4189 8515 4189 8516 4188 8516 4191 8516 4189 8517 4191 8517 4190 8517 4190 8518 4191 8518 4192 8518 4192 8519 4191 8519 4193 8519 4192 8520 4193 8520 4194 8520 4194 8521 4193 8521 4195 8521 4195 8522 4193 8522 4196 8522 4196 8523 4193 8523 4198 8523 4196 8524 4198 8524 4197 8524 4197 8525 4198 8525 4199 8525 4199 8526 4198 8526 4201 8526 4199 8527 4201 8527 4200 8527 4200 8528 4201 8528 4202 8528 4202 8529 4201 8529 4204 8529 4202 8530 4204 8530 4203 8530 4203 8531 4204 8531 4205 8531 4205 8532 4204 8532 4206 8532 4205 8533 4206 8533 4207 8533 4207 8534 4206 8534 4208 8534 4208 8535 4206 8535 4209 8535 4209 8536 4206 8536 4211 8536 4209 8537 4211 8537 4210 8537 4210 8538 4211 8538 4212 8538 4212 8539 4211 8539 4214 8539 4212 8540 4214 8540 4213 8540 4213 8541 4214 8541 4215 8541 4215 8542 4214 8542 4217 8542 4215 8543 4217 8543 4216 8543 4216 8544 4217 8544 4218 8544 4218 8545 4217 8545 4220 8545 4218 8546 4220 8546 4219 8546 4219 8547 4220 8547 4221 8547 4221 8548 4220 8548 4223 8548 4221 8549 4223 8549 4222 8549 4222 8550 4223 8550 4224 8550 4224 8551 4223 8551 4226 8551 4224 8552 4226 8552 4225 8552 4225 8553 4226 8553 4227 8553 4227 8554 4226 8554 4230 8554 4227 8555 4230 8555 4228 8555 4228 8556 4230 8556 4229 8556 4229 8557 4230 8557 4231 8557 4231 8558 4230 8558 4233 8558 4231 8559 4233 8559 4232 8559 4232 8560 4233 8560 4234 8560 4234 8561 4233 8561 4236 8561 4234 8562 4236 8562 4235 8562 4235 8563 4236 8563 4237 8563 4237 8564 4236 8564 4238 8564 4237 8565 4238 8565 4239 8565 4239 8566 4238 8566 4240 8566 4240 8567 4238 8567 4241 8567 4241 8568 4238 8568 4243 8568 4241 8569 4243 8569 4242 8569 4242 8570 4243 8570 4244 8570 4244 8571 4243 8571 4246 8571 4244 8572 4246 8572 4245 8572 4245 8573 4246 8573 4247 8573 4247 8574 4246 8574 4248 8574 4247 8575 4248 8575 4249 8575 4249 8576 4248 8576 4250 8576 4250 8577 4248 8577 4251 8577 4251 8578 4248 8578 4252 8578 4251 8579 4252 8579 4253 8579 4253 8580 4252 8580 4254 8580 4254 8581 4252 8581 4255 8581 4255 8582 4252 8582 4257 8582 4255 8583 4257 8583 4256 8583 4256 8584 4257 8584 4258 8584 4258 8585 4257 8585 4261 8585 4258 8586 4261 8586 4259 8586 4259 8587 4261 8587 4260 8587 4260 8588 4261 8588 4182 8588 4182 8589 4261 8589 4184 8589 4593 8590 4191 8590 4262 8590 4262 8591 4191 8591 4188 8591 4262 8592 4188 8592 4263 8592 4263 8593 4188 8593 4264 8593 4264 8594 4188 8594 4184 8594 4264 8595 4184 8595 4600 8595 4600 8596 4184 8596 4261 8596 4600 8597 4261 8597 4265 8597 4265 8598 4261 8598 4266 8598 4266 8599 4261 8599 4257 8599 4266 8600 4257 8600 4555 8600 4555 8601 4257 8601 4252 8601 4555 8602 4252 8602 4267 8602 4267 8603 4252 8603 4248 8603 4267 8604 4248 8604 4268 8604 4268 8605 4248 8605 4269 8605 4269 8606 4248 8606 4246 8606 4269 8607 4246 8607 4270 8607 4270 8608 4246 8608 4243 8608 4270 8609 4243 8609 4271 8609 4271 8610 4243 8610 4238 8610 4271 8611 4238 8611 4272 8611 4272 8612 4238 8612 4236 8612 4272 8613 4236 8613 4278 8613 4283 8614 4211 8614 4273 8614 4273 8615 4211 8615 4206 8615 4273 8616 4206 8616 4274 8616 4274 8617 4206 8617 4204 8617 4274 8618 4204 8618 4275 8618 4275 8619 4204 8619 4201 8619 4275 8620 4201 8620 4276 8620 4276 8621 4201 8621 4198 8621 4276 8622 4198 8622 4277 8622 4277 8623 4198 8623 4193 8623 4277 8624 4193 8624 4593 8624 4593 8625 4193 8625 4191 8625 4236 8626 4233 8626 4278 8626 4278 8627 4233 8627 4230 8627 4278 8628 4230 8628 4279 8628 4279 8629 4230 8629 4572 8629 4572 8630 4230 8630 4226 8630 4572 8631 4226 8631 4280 8631 4280 8632 4226 8632 4223 8632 4280 8633 4223 8633 4281 8633 4281 8634 4223 8634 4220 8634 4281 8635 4220 8635 4282 8635 4282 8636 4220 8636 4217 8636 4282 8637 4217 8637 4283 8637 4283 8638 4217 8638 4214 8638 4283 8639 4214 8639 4211 8639 4313 8640 4224 8640 4284 8640 4284 8641 4224 8641 4225 8641 4284 8642 4225 8642 4227 8642 4284 8643 4227 8643 4285 8643 4285 8644 4227 8644 4228 8644 4285 8645 4228 8645 4286 8645 4286 8646 4228 8646 4229 8646 4286 8647 4229 8647 4231 8647 4286 8648 4231 8648 4287 8648 4287 8649 4231 8649 4232 8649 4287 8650 4232 8650 4234 8650 4287 8651 4234 8651 4288 8651 4288 8652 4234 8652 4235 8652 4288 8653 4235 8653 4237 8653 4288 8654 4237 8654 4289 8654 4289 8655 4237 8655 4239 8655 4289 8656 4239 8656 4240 8656 4289 8657 4240 8657 4290 8657 4290 8658 4240 8658 4241 8658 4290 8659 4241 8659 4242 8659 4290 8660 4242 8660 4291 8660 4291 8661 4242 8661 4244 8661 4291 8662 4244 8662 4292 8662 4292 8663 4244 8663 4245 8663 4292 8664 4245 8664 4247 8664 4292 8665 4247 8665 4293 8665 4293 8666 4247 8666 4249 8666 4293 8667 4249 8667 4294 8667 4294 8668 4249 8668 4250 8668 4294 8669 4250 8669 4251 8669 4294 8670 4251 8670 4295 8670 4295 8671 4251 8671 4253 8671 4295 8672 4253 8672 4254 8672 4295 8673 4254 8673 4296 8673 4296 8674 4254 8674 4255 8674 4296 8675 4255 8675 4256 8675 4296 8676 4256 8676 4297 8676 4297 8677 4256 8677 4258 8677 4297 8678 4258 8678 4259 8678 4297 8679 4259 8679 4298 8679 4298 8680 4259 8680 4260 8680 4298 8681 4260 8681 4182 8681 4298 8682 4182 8682 4299 8682 4299 8683 4182 8683 4183 8683 4299 8684 4183 8684 4185 8684 4299 8685 4185 8685 4300 8685 4300 8686 4185 8686 4186 8686 4300 8687 4186 8687 4187 8687 4300 8688 4187 8688 4301 8688 4301 8689 4187 8689 4189 8689 4301 8690 4189 8690 4190 8690 4301 8691 4190 8691 4302 8691 4302 8692 4190 8692 4192 8692 4302 8693 4192 8693 4194 8693 4302 8694 4194 8694 4303 8694 4303 8695 4194 8695 4195 8695 4303 8696 4195 8696 4196 8696 4303 8697 4196 8697 4304 8697 4304 8698 4196 8698 4197 8698 4304 8699 4197 8699 4199 8699 4304 8700 4199 8700 4305 8700 4305 8701 4199 8701 4200 8701 4305 8702 4200 8702 4202 8702 4305 8703 4202 8703 4306 8703 4306 8704 4202 8704 4203 8704 4306 8705 4203 8705 4205 8705 4306 8706 4205 8706 4307 8706 4307 8707 4205 8707 4207 8707 4307 8708 4207 8708 4208 8708 4307 8709 4208 8709 4308 8709 4308 8710 4208 8710 4209 8710 4308 8711 4209 8711 4309 8711 4309 8712 4209 8712 4210 8712 4309 8713 4210 8713 4212 8713 4309 8714 4212 8714 4310 8714 4310 8715 4212 8715 4213 8715 4310 8716 4213 8716 4215 8716 4310 8717 4215 8717 4311 8717 4311 8718 4215 8718 4216 8718 4311 8719 4216 8719 4218 8719 4311 8720 4218 8720 4312 8720 4312 8721 4218 8721 4219 8721 4312 8722 4219 8722 4221 8722 4312 8723 4221 8723 4313 8723 4313 8724 4221 8724 4222 8724 4313 8725 4222 8725 4224 8725 4315 8726 4314 8726 4316 8726 4316 8727 4314 8727 4317 8727 4317 8728 4314 8728 4318 8728 4317 8729 4318 8729 4320 8729 4318 8730 4319 8730 4320 8730 4320 8731 4319 8731 4321 8731 4320 8732 4321 8732 4323 8732 4323 8733 4321 8733 4322 8733 4322 8734 4324 8734 4323 8734 4323 8735 4324 8735 4326 8735 4326 8736 4324 8736 4325 8736 4325 8737 4327 8737 4326 8737 4326 8738 4327 8738 4329 8738 4329 8739 4327 8739 4328 8739 4328 8740 4330 8740 4329 8740 4329 8741 4330 8741 4332 8741 4332 8742 4330 8742 4331 8742 4332 8743 4331 8743 4333 8743 4332 8744 4333 8744 4336 8744 4333 8745 4334 8745 4336 8745 4336 8746 4334 8746 4335 8746 4336 8747 4335 8747 4339 8747 4335 8748 4337 8748 4339 8748 4339 8749 4337 8749 4338 8749 4339 8750 4338 8750 4341 8750 4338 8751 4340 8751 4341 8751 4340 8752 4342 8752 4341 8752 4341 8753 4342 8753 4344 8753 4342 8754 4343 8754 4344 8754 4343 8755 4345 8755 4344 8755 4344 8756 4345 8756 4348 8756 4345 8757 4346 8757 4348 8757 4348 8758 4346 8758 4347 8758 4348 8759 4347 8759 4352 8759 4350 8760 4349 8760 4351 8760 4350 8761 4351 8761 4352 8761 4350 8762 4352 8762 4353 8762 4353 8763 4352 8763 4347 8763 4344 8764 4369 8764 4341 8764 4341 8765 4369 8765 4354 8765 4341 8766 4354 8766 4339 8766 4339 8767 4354 8767 4360 8767 4361 8768 4355 8768 4359 8768 4359 8769 4355 8769 4357 8769 4359 8770 4357 8770 4356 8770 4358 8771 4355 8771 4361 8771 4339 8772 4360 8772 4336 8772 4329 8773 4366 8773 4326 8773 4358 8774 4361 8774 4378 8774 4358 8775 4378 8775 4377 8775 4323 8776 4362 8776 4363 8776 4323 8777 4363 8777 4320 8777 4320 8778 4363 8778 4317 8778 4317 8779 4363 8779 4364 8779 4317 8780 4364 8780 4316 8780 4360 8781 4356 8781 4336 8781 4336 8782 4356 8782 4357 8782 4336 8783 4357 8783 4365 8783 4336 8784 4365 8784 4332 8784 4332 8785 4365 8785 4329 8785 4329 8786 4365 8786 4366 8786 4326 8787 4366 8787 4362 8787 4326 8788 4362 8788 4323 8788 4351 8789 4367 8789 4368 8789 4351 8790 4368 8790 4352 8790 4352 8791 4368 8791 4348 8791 4348 8792 4368 8792 4369 8792 4348 8793 4369 8793 4344 8793 4316 8794 4364 8794 4370 8794 4316 8795 4370 8795 4376 8795 4373 8796 4367 8796 4351 8796 4316 8797 4371 8797 4372 8797 4316 8798 4372 8798 4351 8798 4351 8799 4372 8799 4373 8799 4374 8800 4375 8800 4316 8800 4316 8801 4375 8801 4371 8801 4316 8802 4376 8802 4377 8802 4316 8803 4377 8803 4374 8803 4374 8804 4377 8804 4378 8804 4379 8805 4381 8805 4380 8805 4380 8806 4381 8806 4382 8806 4381 8807 4383 8807 4382 8807 4382 8808 4383 8808 4384 8808 4384 8809 4383 8809 4385 8809 4385 8810 4386 8810 4384 8810 4384 8811 4386 8811 4387 8811 4384 8812 4387 8812 4388 8812 4388 8813 4387 8813 4389 8813 4388 8814 4389 8814 4390 8814 4388 8815 4390 8815 4392 8815 4390 8816 4391 8816 4392 8816 4392 8817 4391 8817 4393 8817 4392 8818 4393 8818 4395 8818 4393 8819 4394 8819 4395 8819 4395 8820 4394 8820 4396 8820 4395 8821 4396 8821 4399 8821 4399 8822 4396 8822 4397 8822 4399 8823 4397 8823 4398 8823 4399 8824 4398 8824 4402 8824 4398 8825 4400 8825 4402 8825 4402 8826 4400 8826 4401 8826 4402 8827 4401 8827 4405 8827 4401 8828 4403 8828 4405 8828 4405 8829 4403 8829 4404 8829 4405 8830 4404 8830 4408 8830 4404 8831 4406 8831 4408 8831 4408 8832 4406 8832 4407 8832 4408 8833 4407 8833 4410 8833 4407 8834 4409 8834 4410 8834 4409 8835 4411 8835 4410 8835 4410 8836 4411 8836 4412 8836 4410 8837 4412 8837 4413 8837 4416 8838 4414 8838 4415 8838 4416 8839 4415 8839 4413 8839 4416 8840 4413 8840 4417 8840 4417 8841 4413 8841 4412 8841 4418 8842 4426 8842 4380 8842 4422 8843 4380 8843 4419 8843 4428 8844 4429 8844 4415 8844 4380 8845 4420 8845 4421 8845 4380 8846 4421 8846 4419 8846 4380 8847 4422 8847 4423 8847 4380 8848 4423 8848 4418 8848 4425 8849 4424 8849 4433 8849 4422 8850 4424 8850 4423 8850 4423 8851 4424 8851 4425 8851 4380 8852 4426 8852 4427 8852 4380 8853 4427 8853 4415 8853 4415 8854 4427 8854 4428 8854 4415 8855 4429 8855 4430 8855 4415 8856 4430 8856 4413 8856 4413 8857 4430 8857 4410 8857 4380 8858 4382 8858 4420 8858 4420 8859 4382 8859 4431 8859 4431 8860 4382 8860 4384 8860 4441 8861 4432 8861 4442 8861 4425 8862 4433 8862 4434 8862 4434 8863 4433 8863 4442 8863 4432 8864 4434 8864 4442 8864 4435 8865 4405 8865 4436 8865 4436 8866 4405 8866 4408 8866 4408 8867 4438 8867 4440 8867 4430 8868 4437 8868 4410 8868 4410 8869 4437 8869 4408 8869 4408 8870 4437 8870 4438 8870 4392 8871 4395 8871 4443 8871 4388 8872 4439 8872 4384 8872 4384 8873 4439 8873 4431 8873 4408 8874 4440 8874 4441 8874 4408 8875 4441 8875 4436 8875 4436 8876 4441 8876 4442 8876 4443 8877 4395 8877 4399 8877 4443 8878 4399 8878 4435 8878 4435 8879 4399 8879 4402 8879 4435 8880 4402 8880 4405 8880 4443 8881 4444 8881 4392 8881 4392 8882 4444 8882 4388 8882 4388 8883 4444 8883 4439 8883 4445 8884 4532 8884 4446 8884 4446 8885 4532 8885 4448 8885 4446 8886 4448 8886 4447 8886 4447 8887 4448 8887 4449 8887 4449 8888 4448 8888 4451 8888 4449 8889 4451 8889 4450 8889 4450 8890 4451 8890 4452 8890 4452 8891 4451 8891 4454 8891 4452 8892 4454 8892 4453 8892 4453 8893 4454 8893 4455 8893 4455 8894 4454 8894 4457 8894 4455 8895 4457 8895 4456 8895 4456 8896 4457 8896 4458 8896 4458 8897 4457 8897 4460 8897 4458 8898 4460 8898 4459 8898 4459 8899 4460 8899 4461 8899 4461 8900 4460 8900 4463 8900 4461 8901 4463 8901 4462 8901 4462 8902 4463 8902 4464 8902 4464 8903 4463 8903 4466 8903 4464 8904 4466 8904 4465 8904 4465 8905 4466 8905 4467 8905 4467 8906 4466 8906 4469 8906 4467 8907 4469 8907 4468 8907 4468 8908 4469 8908 4470 8908 4470 8909 4469 8909 4472 8909 4470 8910 4472 8910 4471 8910 4471 8911 4472 8911 4473 8911 4473 8912 4472 8912 4475 8912 4473 8913 4475 8913 4474 8913 4474 8914 4475 8914 4476 8914 4476 8915 4475 8915 4478 8915 4476 8916 4478 8916 4477 8916 4477 8917 4478 8917 4479 8917 4479 8918 4478 8918 4481 8918 4479 8919 4481 8919 4480 8919 4480 8920 4481 8920 4482 8920 4482 8921 4481 8921 4484 8921 4482 8922 4484 8922 4483 8922 4483 8923 4484 8923 4485 8923 4485 8924 4484 8924 4488 8924 4485 8925 4488 8925 4486 8925 4486 8926 4488 8926 4487 8926 4487 8927 4488 8927 4489 8927 4489 8928 4488 8928 4491 8928 4489 8929 4491 8929 4490 8929 4490 8930 4491 8930 4492 8930 4492 8931 4491 8931 4494 8931 4492 8932 4494 8932 4493 8932 4493 8933 4494 8933 4495 8933 4495 8934 4494 8934 4498 8934 4495 8935 4498 8935 4496 8935 4496 8936 4498 8936 4497 8936 4497 8937 4498 8937 4499 8937 4499 8938 4498 8938 4501 8938 4499 8939 4501 8939 4500 8939 4500 8940 4501 8940 4502 8940 4502 8941 4501 8941 4504 8941 4502 8942 4504 8942 4503 8942 4503 8943 4504 8943 4505 8943 4505 8944 4504 8944 4507 8944 4505 8945 4507 8945 4506 8945 4506 8946 4507 8946 4508 8946 4508 8947 4507 8947 4510 8947 4508 8948 4510 8948 4509 8948 4509 8949 4510 8949 4511 8949 4511 8950 4510 8950 4514 8950 4511 8951 4514 8951 4512 8951 4512 8952 4514 8952 4513 8952 4513 8953 4514 8953 4515 8953 4515 8954 4514 8954 4518 8954 4515 8955 4518 8955 4516 8955 4516 8956 4518 8956 4517 8956 4517 8957 4518 8957 4519 8957 4519 8958 4518 8958 4521 8958 4519 8959 4521 8959 4520 8959 4520 8960 4521 8960 4522 8960 4522 8961 4521 8961 4524 8961 4522 8962 4524 8962 4523 8962 4523 8963 4524 8963 4525 8963 4525 8964 4524 8964 4527 8964 4525 8965 4527 8965 4526 8965 4526 8966 4527 8966 4528 8966 4528 8967 4527 8967 4530 8967 4528 8968 4530 8968 4529 8968 4529 8969 4530 8969 4531 8969 4531 8970 4530 8970 4532 8970 4531 8971 4532 8971 4445 8971 4315 8972 4470 8972 4314 8972 4314 8973 4470 8973 4471 8973 4314 8974 4471 8974 4473 8974 4474 8975 4318 8975 4473 8975 4473 8976 4318 8976 4314 8976 4476 8977 4319 8977 4474 8977 4474 8978 4319 8978 4318 8978 4477 8979 4321 8979 4476 8979 4476 8980 4321 8980 4319 8980 4479 8981 4322 8981 4477 8981 4477 8982 4322 8982 4321 8982 4480 8983 4324 8983 4479 8983 4479 8984 4324 8984 4322 8984 4482 8985 4325 8985 4480 8985 4480 8986 4325 8986 4324 8986 4483 8987 4327 8987 4482 8987 4482 8988 4327 8988 4325 8988 4485 8989 4328 8989 4483 8989 4483 8990 4328 8990 4327 8990 4486 8991 4330 8991 4485 8991 4485 8992 4330 8992 4328 8992 4487 8993 4331 8993 4486 8993 4486 8994 4331 8994 4330 8994 4489 8995 4333 8995 4487 8995 4487 8996 4333 8996 4331 8996 4490 8997 4334 8997 4489 8997 4489 8998 4334 8998 4333 8998 4492 8999 4335 8999 4490 8999 4490 9000 4335 9000 4334 9000 4493 9001 4337 9001 4492 9001 4492 9002 4337 9002 4335 9002 4495 9003 4338 9003 4493 9003 4493 9004 4338 9004 4337 9004 4496 9005 4340 9005 4495 9005 4495 9006 4340 9006 4338 9006 4497 9007 4342 9007 4496 9007 4496 9008 4342 9008 4340 9008 4499 9009 4343 9009 4497 9009 4497 9010 4343 9010 4342 9010 4500 9011 4345 9011 4499 9011 4499 9012 4345 9012 4343 9012 4502 9013 4346 9013 4500 9013 4500 9014 4346 9014 4345 9014 4503 9015 4347 9015 4502 9015 4502 9016 4347 9016 4346 9016 4505 9017 4353 9017 4503 9017 4503 9018 4353 9018 4347 9018 4506 9019 4350 9019 4505 9019 4505 9020 4350 9020 4353 9020 4533 9021 4534 9021 4535 9021 4535 9022 4534 9022 4349 9022 4379 9023 4513 9023 4381 9023 4381 9024 4513 9024 4515 9024 4381 9025 4515 9025 4516 9025 4517 9026 4383 9026 4516 9026 4516 9027 4383 9027 4381 9027 4519 9028 4385 9028 4517 9028 4517 9029 4385 9029 4383 9029 4520 9030 4386 9030 4519 9030 4519 9031 4386 9031 4385 9031 4522 9032 4387 9032 4520 9032 4520 9033 4387 9033 4386 9033 4523 9034 4389 9034 4522 9034 4522 9035 4389 9035 4387 9035 4525 9036 4390 9036 4523 9036 4523 9037 4390 9037 4389 9037 4526 9038 4391 9038 4525 9038 4525 9039 4391 9039 4390 9039 4528 9040 4393 9040 4526 9040 4526 9041 4393 9041 4391 9041 4529 9042 4394 9042 4528 9042 4528 9043 4394 9043 4393 9043 4531 9044 4396 9044 4529 9044 4529 9045 4396 9045 4394 9045 4445 9046 4397 9046 4531 9046 4531 9047 4397 9047 4396 9047 4446 9048 4398 9048 4445 9048 4445 9049 4398 9049 4397 9049 4447 9050 4400 9050 4446 9050 4446 9051 4400 9051 4398 9051 4449 9052 4401 9052 4447 9052 4447 9053 4401 9053 4400 9053 4450 9054 4403 9054 4449 9054 4449 9055 4403 9055 4401 9055 4452 9056 4404 9056 4450 9056 4450 9057 4404 9057 4403 9057 4453 9058 4406 9058 4452 9058 4452 9059 4406 9059 4404 9059 4455 9060 4407 9060 4453 9060 4453 9061 4407 9061 4406 9061 4456 9062 4409 9062 4455 9062 4455 9063 4409 9063 4407 9063 4458 9064 4411 9064 4456 9064 4456 9065 4411 9065 4409 9065 4459 9066 4412 9066 4458 9066 4458 9067 4412 9067 4411 9067 4461 9068 4417 9068 4459 9068 4459 9069 4417 9069 4412 9069 4462 9070 4416 9070 4461 9070 4461 9071 4416 9071 4417 9071 4536 9072 4537 9072 4538 9072 4538 9073 4537 9073 4414 9073 4539 9074 4540 9074 4315 9074 4315 9075 4540 9075 4541 9075 4315 9076 4541 9076 4470 9076 4470 9077 4541 9077 4542 9077 4470 9078 4542 9078 4468 9078 4468 9079 4542 9079 4543 9079 4468 9080 4543 9080 4467 9080 4467 9081 4543 9081 4544 9081 4467 9082 4544 9082 4465 9082 4465 9083 4544 9083 4538 9083 4465 9084 4538 9084 4464 9084 4464 9085 4538 9085 4414 9085 4464 9086 4414 9086 4462 9086 4462 9087 4414 9087 4416 9087 4545 9088 4546 9088 4379 9088 4379 9089 4546 9089 4547 9089 4379 9090 4547 9090 4513 9090 4513 9091 4547 9091 4548 9091 4513 9092 4548 9092 4512 9092 4512 9093 4548 9093 4549 9093 4512 9094 4549 9094 4511 9094 4511 9095 4549 9095 4550 9095 4511 9096 4550 9096 4509 9096 4509 9097 4550 9097 4535 9097 4509 9098 4535 9098 4508 9098 4508 9099 4535 9099 4349 9099 4508 9100 4349 9100 4506 9100 4506 9101 4349 9101 4350 9101 4295 9102 4521 9102 4518 9102 4295 9103 4518 9103 4294 9103 4294 9104 4518 9104 4293 9104 4293 9105 4518 9105 4514 9105 4293 9106 4514 9106 4292 9106 4292 9107 4514 9107 4291 9107 4291 9108 4514 9108 4510 9108 4291 9109 4510 9109 4290 9109 4290 9110 4510 9110 4507 9110 4290 9111 4507 9111 4289 9111 4289 9112 4507 9112 4504 9112 4289 9113 4504 9113 4288 9113 4303 9114 4457 9114 4302 9114 4302 9115 4457 9115 4454 9115 4302 9116 4454 9116 4301 9116 4301 9117 4454 9117 4451 9117 4301 9118 4451 9118 4300 9118 4300 9119 4451 9119 4448 9119 4300 9120 4448 9120 4299 9120 4299 9121 4448 9121 4532 9121 4299 9122 4532 9122 4298 9122 4298 9123 4532 9123 4530 9123 4298 9124 4530 9124 4297 9124 4297 9125 4530 9125 4527 9125 4297 9126 4527 9126 4296 9126 4296 9127 4527 9127 4524 9127 4296 9128 4524 9128 4295 9128 4295 9129 4524 9129 4521 9129 4310 9130 4478 9130 4309 9130 4309 9131 4478 9131 4475 9131 4309 9132 4475 9132 4308 9132 4308 9133 4475 9133 4472 9133 4308 9134 4472 9134 4307 9134 4307 9135 4472 9135 4469 9135 4307 9136 4469 9136 4306 9136 4306 9137 4469 9137 4466 9137 4306 9138 4466 9138 4305 9138 4305 9139 4466 9139 4463 9139 4305 9140 4463 9140 4304 9140 4304 9141 4463 9141 4460 9141 4304 9142 4460 9142 4303 9142 4303 9143 4460 9143 4457 9143 4504 9144 4501 9144 4288 9144 4288 9145 4501 9145 4287 9145 4287 9146 4501 9146 4498 9146 4287 9147 4498 9147 4286 9147 4286 9148 4498 9148 4494 9148 4286 9149 4494 9149 4285 9149 4285 9150 4494 9150 4284 9150 4284 9151 4494 9151 4491 9151 4284 9152 4491 9152 4313 9152 4313 9153 4491 9153 4488 9153 4313 9154 4488 9154 4312 9154 4312 9155 4488 9155 4484 9155 4312 9156 4484 9156 4311 9156 4311 9157 4484 9157 4481 9157 4311 9158 4481 9158 4310 9158 4310 9159 4481 9159 4478 9159 4551 9160 4265 9160 4552 9160 4552 9161 4265 9161 4553 9161 4553 9162 4265 9162 4266 9162 4553 9163 4266 9163 4554 9163 4554 9164 4266 9164 4555 9164 4556 9165 4555 9165 4267 9165 4556 9166 4267 9166 4557 9166 4557 9167 4267 9167 4558 9167 4558 9168 4267 9168 4268 9168 4558 9169 4268 9169 4559 9169 4559 9170 4268 9170 4560 9170 4560 9171 4268 9171 4269 9171 4560 9172 4269 9172 4561 9172 4561 9173 4269 9173 4562 9173 4562 9174 4269 9174 4270 9174 4562 9175 4270 9175 4563 9175 4563 9176 4270 9176 4271 9176 4563 9177 4271 9177 4564 9177 4564 9178 4271 9178 4565 9178 4565 9179 4271 9179 4272 9179 4565 9180 4272 9180 4566 9180 4566 9181 4272 9181 4567 9181 4567 9182 4272 9182 4568 9182 4568 9183 4272 9183 4278 9183 4568 9184 4278 9184 4569 9184 4569 9185 4278 9185 4570 9185 4570 9186 4278 9186 4279 9186 4570 9187 4279 9187 4571 9187 4571 9188 4279 9188 4572 9188 4573 9189 4572 9189 4280 9189 4573 9190 4280 9190 4574 9190 4574 9191 4280 9191 4575 9191 4575 9192 4280 9192 4281 9192 4575 9193 4281 9193 4576 9193 4576 9194 4281 9194 4577 9194 4577 9195 4281 9195 4282 9195 4577 9196 4282 9196 4578 9196 4578 9197 4282 9197 4579 9197 4579 9198 4282 9198 4580 9198 4580 9199 4282 9199 4283 9199 4580 9200 4283 9200 4581 9200 4581 9201 4283 9201 4582 9201 4582 9202 4283 9202 4273 9202 4582 9203 4273 9203 4583 9203 4583 9204 4273 9204 4584 9204 4584 9205 4273 9205 4274 9205 4584 9206 4274 9206 4585 9206 4585 9207 4274 9207 4586 9207 4586 9208 4274 9208 4587 9208 4587 9209 4274 9209 4275 9209 4587 9210 4275 9210 4588 9210 4588 9211 4275 9211 4276 9211 4588 9212 4276 9212 4589 9212 4589 9213 4276 9213 4590 9213 4590 9214 4276 9214 4591 9214 4591 9215 4276 9215 4277 9215 4591 9216 4277 9216 4592 9216 4592 9217 4277 9217 4593 9217 4594 9218 4593 9218 4262 9218 4594 9219 4262 9219 4595 9219 4595 9220 4262 9220 4596 9220 4596 9221 4262 9221 4263 9221 4596 9222 4263 9222 4597 9222 4597 9223 4263 9223 4598 9223 4598 9224 4263 9224 4264 9224 4598 9225 4264 9225 4599 9225 4599 9226 4264 9226 4600 9226 4551 9227 4600 9227 4265 9227 4572 9228 4573 9228 4634 9228 4634 9229 4601 9229 4572 9229 4572 9230 4601 9230 4571 9230 4571 9231 4601 9231 4602 9231 4571 9232 4602 9232 4570 9232 4570 9233 4602 9233 4603 9233 4570 9234 4603 9234 4569 9234 4569 9235 4603 9235 4568 9235 4568 9236 4603 9236 4604 9236 4568 9237 4604 9237 4567 9237 4567 9238 4604 9238 4566 9238 4604 9239 4605 9239 4566 9239 4566 9240 4605 9240 4565 9240 4565 9241 4605 9241 4564 9241 4605 9242 4606 9242 4564 9242 4564 9243 4606 9243 4563 9243 4563 9244 4606 9244 4607 9244 4563 9245 4607 9245 4562 9245 4562 9246 4607 9246 4608 9246 4562 9247 4608 9247 4561 9247 4561 9248 4608 9248 4560 9248 4608 9249 4609 9249 4560 9249 4560 9250 4609 9250 4559 9250 4559 9251 4609 9251 4610 9251 4559 9252 4610 9252 4558 9252 4558 9253 4610 9253 4557 9253 4557 9254 4610 9254 4611 9254 4557 9255 4611 9255 4556 9255 4611 9256 4612 9256 4556 9256 4556 9257 4612 9257 4555 9257 4555 9258 4612 9258 4613 9258 4555 9259 4613 9259 4554 9259 4554 9260 4613 9260 4871 9260 4554 9261 4871 9261 4553 9261 4553 9262 4871 9262 4614 9262 4553 9263 4614 9263 4552 9263 4552 9264 4614 9264 4551 9264 4551 9265 4614 9265 4600 9265 4600 9266 4614 9266 4615 9266 4600 9267 4615 9267 4599 9267 4599 9268 4615 9268 4598 9268 4615 9269 4616 9269 4598 9269 4598 9270 4616 9270 4597 9270 4597 9271 4616 9271 4617 9271 4597 9272 4617 9272 4596 9272 4596 9273 4617 9273 4595 9273 4595 9274 4617 9274 4618 9274 4595 9275 4618 9275 4594 9275 4594 9276 4618 9276 4593 9276 4593 9277 4618 9277 4619 9277 4593 9278 4619 9278 4592 9278 4592 9279 4619 9279 4591 9279 4619 9280 4620 9280 4591 9280 4591 9281 4620 9281 4590 9281 4590 9282 4620 9282 4589 9282 4620 9283 4621 9283 4589 9283 4589 9284 4621 9284 4588 9284 4588 9285 4621 9285 4622 9285 4588 9286 4622 9286 4587 9286 4587 9287 4622 9287 4623 9287 4587 9288 4623 9288 4586 9288 4586 9289 4623 9289 4585 9289 4623 9290 4624 9290 4585 9290 4585 9291 4624 9291 4584 9291 4584 9292 4624 9292 4625 9292 4584 9293 4625 9293 4583 9293 4583 9294 4625 9294 4582 9294 4582 9295 4625 9295 4626 9295 4582 9296 4626 9296 4581 9296 4626 9297 4627 9297 4581 9297 4581 9298 4627 9298 4580 9298 4580 9299 4627 9299 4628 9299 4580 9300 4628 9300 4579 9300 4579 9301 4628 9301 4578 9301 4628 9302 4629 9302 4578 9302 4578 9303 4629 9303 4630 9303 4578 9304 4630 9304 4577 9304 4577 9305 4630 9305 4576 9305 4576 9306 4630 9306 4631 9306 4576 9307 4631 9307 4575 9307 4575 9308 4631 9308 4632 9308 4575 9309 4632 9309 4574 9309 4574 9310 4632 9310 4633 9310 4574 9311 4633 9311 4573 9311 4573 9312 4633 9312 4634 9312 4540 9313 4539 9313 4533 9313 4533 9314 4539 9314 4534 9314 4635 9315 4636 9315 4731 9315 4731 9316 4636 9316 4637 9316 4638 9317 4639 9317 4681 9317 4678 9318 4650 9318 4546 9318 4640 9319 4641 9319 4642 9319 4533 9320 4651 9320 4644 9320 4644 9321 4677 9321 4645 9321 4646 9322 4647 9322 4681 9322 4648 9323 4649 9323 4677 9323 4677 9324 4649 9324 4645 9324 4546 9325 4650 9325 4547 9325 4547 9326 4650 9326 4548 9326 4548 9327 4650 9327 4549 9327 4549 9328 4650 9328 4550 9328 4550 9329 4650 9329 4651 9329 4550 9330 4651 9330 4535 9330 4535 9331 4651 9331 4533 9331 4665 9332 4652 9332 4653 9332 4654 9333 4540 9333 4655 9333 4655 9334 4540 9334 4533 9334 4644 9335 4645 9335 4656 9335 4644 9336 4656 9336 4533 9336 4533 9337 4656 9337 4657 9337 4533 9338 4657 9338 4658 9338 4654 9339 4666 9339 4540 9339 4540 9340 4666 9340 4669 9340 4659 9341 4660 9341 4641 9341 4641 9342 4660 9342 4661 9342 4641 9343 4661 9343 4642 9343 4653 9344 4662 9344 4665 9344 4665 9345 4662 9345 4663 9345 4665 9346 4663 9346 4731 9346 4731 9347 4663 9347 4664 9347 4731 9348 4664 9348 4635 9348 4652 9349 4665 9349 4654 9349 4654 9350 4665 9350 4666 9350 4658 9351 4667 9351 4533 9351 4533 9352 4667 9352 4668 9352 4533 9353 4668 9353 4655 9353 4540 9354 4669 9354 4541 9354 4541 9355 4669 9355 4542 9355 4542 9356 4669 9356 4543 9356 4543 9357 4669 9357 4544 9357 4544 9358 4669 9358 4538 9358 4538 9359 4669 9359 4683 9359 4538 9360 4683 9360 4536 9360 4731 9361 4637 9361 4670 9361 4731 9362 4670 9362 4643 9362 4731 9363 4643 9363 4641 9363 4641 9364 4643 9364 4671 9364 4641 9365 4671 9365 4659 9365 4639 9366 4672 9366 4681 9366 4681 9367 4672 9367 4673 9367 4681 9368 4673 9368 4646 9368 4638 9369 4681 9369 4674 9369 4648 9370 4677 9370 4675 9370 4675 9371 4677 9371 4676 9371 4676 9372 4677 9372 4647 9372 4647 9373 4677 9373 4681 9373 4679 9374 4680 9374 4640 9374 4640 9375 4680 9375 4641 9375 4674 9376 4681 9376 4682 9376 4682 9377 4681 9377 4678 9377 4536 9378 4683 9378 4680 9378 4680 9379 4679 9379 4536 9379 4536 9380 4679 9380 4682 9380 4536 9381 4682 9381 4546 9381 4546 9382 4682 9382 4678 9382 4546 9383 4545 9383 4536 9383 4536 9384 4545 9384 4537 9384 4545 9385 4379 9385 4380 9385 4545 9386 4380 9386 4537 9386 4537 9387 4380 9387 4415 9387 4537 9388 4415 9388 4414 9388 4644 9389 4651 9389 4684 9389 4684 9390 4651 9390 4685 9390 4685 9391 4651 9391 4686 9391 4686 9392 4651 9392 4687 9392 4687 9393 4651 9393 4650 9393 4687 9394 4650 9394 4688 9394 4689 9395 4650 9395 4690 9395 4690 9396 4650 9396 4678 9396 4690 9397 4678 9397 4691 9397 4691 9398 4678 9398 4692 9398 4692 9399 4678 9399 4693 9399 4693 9400 4678 9400 4694 9400 4694 9401 4678 9401 4681 9401 4694 9402 4681 9402 4695 9402 4695 9403 4681 9403 4696 9403 4696 9404 4681 9404 4697 9404 4697 9405 4681 9405 4698 9405 4698 9406 4681 9406 4677 9406 4698 9407 4677 9407 4699 9407 4699 9408 4677 9408 4700 9408 4700 9409 4677 9409 4701 9409 4701 9410 4677 9410 4702 9410 4702 9411 4677 9411 4703 9411 4703 9412 4677 9412 4644 9412 4703 9413 4644 9413 4704 9413 4704 9414 4705 9414 4703 9414 4703 9415 4705 9415 4706 9415 4703 9416 4706 9416 4702 9416 4702 9417 4706 9417 4707 9417 4702 9418 4707 9418 4701 9418 4701 9419 4707 9419 4708 9419 4701 9420 4708 9420 4709 9420 4701 9421 4709 9421 4700 9421 4700 9422 4709 9422 4710 9422 4700 9423 4710 9423 4699 9423 4699 9424 4710 9424 4698 9424 4698 9425 4710 9425 4711 9425 4698 9426 4711 9426 4697 9426 4697 9427 4711 9427 4712 9427 4697 9428 4712 9428 4696 9428 4696 9429 4712 9429 4713 9429 4696 9430 4713 9430 4695 9430 4695 9431 4713 9431 4714 9431 4695 9432 4714 9432 4694 9432 4694 9433 4714 9433 4715 9433 4694 9434 4715 9434 4693 9434 4693 9435 4715 9435 4692 9435 4692 9436 4715 9436 4716 9436 4692 9437 4716 9437 4691 9437 4691 9438 4716 9438 4717 9438 4691 9439 4717 9439 4690 9439 4690 9440 4717 9440 4718 9440 4690 9441 4718 9441 4689 9441 4689 9442 4718 9442 4719 9442 4689 9443 4719 9443 4650 9443 4650 9444 4719 9444 4720 9444 4650 9445 4720 9445 4688 9445 4688 9446 4720 9446 4687 9446 4687 9447 4720 9447 4721 9447 4687 9448 4721 9448 4686 9448 4686 9449 4721 9449 4722 9449 4686 9450 4722 9450 4685 9450 4685 9451 4722 9451 4723 9451 4685 9452 4723 9452 4724 9452 4685 9453 4724 9453 4684 9453 4684 9454 4724 9454 4644 9454 4644 9455 4724 9455 4725 9455 4644 9456 4725 9456 4704 9456 4704 9457 4725 9457 4705 9457 4726 9458 4666 9458 4727 9458 4727 9459 4666 9459 4728 9459 4728 9460 4666 9460 4665 9460 4728 9461 4665 9461 4729 9461 4729 9462 4665 9462 4730 9462 4730 9463 4665 9463 4731 9463 4732 9464 4731 9464 4641 9464 4732 9465 4641 9465 4733 9465 4733 9466 4641 9466 4734 9466 4734 9467 4641 9467 4680 9467 4734 9468 4680 9468 4735 9468 4735 9469 4680 9469 4736 9469 4736 9470 4680 9470 4737 9470 4737 9471 4680 9471 4683 9471 4737 9472 4683 9472 4738 9472 4738 9473 4683 9473 4739 9473 4739 9474 4683 9474 4740 9474 4740 9475 4683 9475 4741 9475 4741 9476 4683 9476 4669 9476 4741 9477 4669 9477 4742 9477 4742 9478 4669 9478 4743 9478 4743 9479 4669 9479 4744 9479 4744 9480 4669 9480 4745 9480 4745 9481 4669 9481 4666 9481 4745 9482 4666 9482 4746 9482 4746 9483 4666 9483 4747 9483 4747 9484 4666 9484 4726 9484 4747 9485 4873 9485 4746 9485 4746 9486 4873 9486 4748 9486 4746 9487 4748 9487 4745 9487 4745 9488 4748 9488 4744 9488 4744 9489 4748 9489 4749 9489 4744 9490 4749 9490 4743 9490 4743 9491 4749 9491 4750 9491 4743 9492 4750 9492 4742 9492 4742 9493 4750 9493 4751 9493 4742 9494 4751 9494 4741 9494 4741 9495 4751 9495 4752 9495 4741 9496 4752 9496 4740 9496 4740 9497 4752 9497 4753 9497 4740 9498 4753 9498 4739 9498 4739 9499 4753 9499 4754 9499 4739 9500 4754 9500 4738 9500 4738 9501 4754 9501 4755 9501 4738 9502 4755 9502 4737 9502 4755 9503 4756 9503 4737 9503 4737 9504 4756 9504 4736 9504 4756 9505 4757 9505 4736 9505 4736 9506 4757 9506 4735 9506 4735 9507 4757 9507 4758 9507 4735 9508 4758 9508 4734 9508 4734 9509 4758 9509 4759 9509 4734 9510 4759 9510 4733 9510 4733 9511 4759 9511 4760 9511 4733 9512 4760 9512 4732 9512 4732 9513 4760 9513 4761 9513 4732 9514 4761 9514 4731 9514 4731 9515 4761 9515 4762 9515 4731 9516 4762 9516 4730 9516 4730 9517 4762 9517 4763 9517 4730 9518 4763 9518 4729 9518 4729 9519 4763 9519 4882 9519 4729 9520 4882 9520 4728 9520 4728 9521 4882 9521 4764 9521 4728 9522 4764 9522 4727 9522 4727 9523 4764 9523 4765 9523 4727 9524 4765 9524 4726 9524 4726 9525 4765 9525 4766 9525 4726 9526 4766 9526 4747 9526 4747 9527 4766 9527 4873 9527 4768 9528 4767 9528 4769 9528 4768 9529 4769 9529 4770 9529 4770 9530 4769 9530 4771 9530 4771 9531 4769 9531 4773 9531 4771 9532 4773 9532 4772 9532 4772 9533 4773 9533 4775 9533 4772 9534 4775 9534 4774 9534 4774 9535 4775 9535 4776 9535 4776 9536 4775 9536 4777 9536 4776 9537 4777 9537 4778 9537 4778 9538 4777 9538 4780 9538 4778 9539 4780 9539 4779 9539 4779 9540 4780 9540 4781 9540 4779 9541 4781 9541 4783 9541 4783 9542 4781 9542 4782 9542 4783 9543 4782 9543 4784 9543 4784 9544 4782 9544 4767 9544 4784 9545 4767 9545 4768 9545 4427 9546 4776 9546 4428 9546 4428 9547 4776 9547 4778 9547 4428 9548 4778 9548 4429 9548 4429 9549 4778 9549 4779 9549 4429 9550 4779 9550 4430 9550 4430 9551 4779 9551 4783 9551 4430 9552 4783 9552 4437 9552 4437 9553 4783 9553 4438 9553 4438 9554 4783 9554 4784 9554 4438 9555 4784 9555 4440 9555 4440 9556 4784 9556 4768 9556 4440 9557 4768 9557 4441 9557 4441 9558 4768 9558 4770 9558 4441 9559 4770 9559 4432 9559 4432 9560 4770 9560 4434 9560 4434 9561 4770 9561 4771 9561 4434 9562 4771 9562 4772 9562 4434 9563 4772 9563 4425 9563 4425 9564 4772 9564 4423 9564 4423 9565 4772 9565 4774 9565 4423 9566 4774 9566 4418 9566 4418 9567 4774 9567 4426 9567 4426 9568 4774 9568 4776 9568 4426 9569 4776 9569 4427 9569 4777 9570 4792 9570 4780 9570 4780 9571 4792 9571 4785 9571 4780 9572 4785 9572 4781 9572 4781 9573 4785 9573 4786 9573 4781 9574 4786 9574 4787 9574 4781 9575 4787 9575 4782 9575 4782 9576 4787 9576 4767 9576 4767 9577 4787 9577 4788 9577 4767 9578 4788 9578 4769 9578 4769 9579 4788 9579 4789 9579 4769 9580 4789 9580 4773 9580 4773 9581 4789 9581 4790 9581 4773 9582 4790 9582 4775 9582 4775 9583 4790 9583 4791 9583 4775 9584 4791 9584 4777 9584 4777 9585 4791 9585 4792 9585 4810 9586 4793 9586 4794 9586 4794 9587 4793 9587 4795 9587 4794 9588 4795 9588 4796 9588 4794 9589 4796 9589 4797 9589 4797 9590 4796 9590 4798 9590 4798 9591 4796 9591 4799 9591 4798 9592 4799 9592 4800 9592 4800 9593 4799 9593 4801 9593 4800 9594 4801 9594 4802 9594 4802 9595 4801 9595 4804 9595 4802 9596 4804 9596 4803 9596 4803 9597 4804 9597 4806 9597 4806 9598 4804 9598 4805 9598 4806 9599 4805 9599 4807 9599 4807 9600 4805 9600 4808 9600 4807 9601 4808 9601 4809 9601 4809 9602 4808 9602 4793 9602 4809 9603 4793 9603 4810 9603 4360 9604 4802 9604 4803 9604 4360 9605 4803 9605 4356 9605 4356 9606 4803 9606 4806 9606 4356 9607 4806 9607 4359 9607 4359 9608 4806 9608 4361 9608 4361 9609 4806 9609 4807 9609 4361 9610 4807 9610 4378 9610 4378 9611 4807 9611 4374 9611 4374 9612 4807 9612 4809 9612 4374 9613 4809 9613 4375 9613 4375 9614 4809 9614 4371 9614 4371 9615 4809 9615 4810 9615 4371 9616 4810 9616 4372 9616 4372 9617 4810 9617 4373 9617 4373 9618 4810 9618 4794 9618 4373 9619 4794 9619 4367 9619 4367 9620 4794 9620 4368 9620 4368 9621 4794 9621 4797 9621 4368 9622 4797 9622 4369 9622 4369 9623 4797 9623 4798 9623 4369 9624 4798 9624 4354 9624 4354 9625 4798 9625 4800 9625 4354 9626 4800 9626 4360 9626 4360 9627 4800 9627 4802 9627 4801 9628 4818 9628 4804 9628 4804 9629 4818 9629 4811 9629 4804 9630 4811 9630 4805 9630 4805 9631 4811 9631 4869 9631 4805 9632 4869 9632 4808 9632 4808 9633 4869 9633 4812 9633 4808 9634 4812 9634 4813 9634 4808 9635 4813 9635 4793 9635 4793 9636 4813 9636 4814 9636 4793 9637 4814 9637 4795 9637 4795 9638 4814 9638 4796 9638 4796 9639 4814 9639 4815 9639 4796 9640 4815 9640 4816 9640 4796 9641 4816 9641 4799 9641 4799 9642 4816 9642 4817 9642 4799 9643 4817 9643 4801 9643 4801 9644 4817 9644 4818 9644 4819 9645 4821 9645 4820 9645 4820 9646 4821 9646 4822 9646 4822 9647 4821 9647 4823 9647 4822 9648 4823 9648 4824 9648 4824 9649 4823 9649 4825 9649 4824 9650 4825 9650 4826 9650 4826 9651 4825 9651 4828 9651 4826 9652 4828 9652 4827 9652 4827 9653 4828 9653 4830 9653 4830 9654 4828 9654 4829 9654 4830 9655 4829 9655 4832 9655 4830 9656 4832 9656 4831 9656 4831 9657 4832 9657 4833 9657 4833 9658 4832 9658 4834 9658 4833 9659 4834 9659 4835 9659 4835 9660 4834 9660 4819 9660 4835 9661 4819 9661 4836 9661 4836 9662 4819 9662 4820 9662 4366 9663 4830 9663 4831 9663 4366 9664 4831 9664 4362 9664 4362 9665 4831 9665 4363 9665 4363 9666 4831 9666 4833 9666 4363 9667 4833 9667 4364 9667 4364 9668 4833 9668 4835 9668 4364 9669 4835 9669 4370 9669 4370 9670 4835 9670 4836 9670 4370 9671 4836 9671 4376 9671 4376 9672 4836 9672 4820 9672 4376 9673 4820 9673 4377 9673 4377 9674 4820 9674 4358 9674 4358 9675 4820 9675 4822 9675 4358 9676 4822 9676 4355 9676 4355 9677 4822 9677 4824 9677 4355 9678 4824 9678 4357 9678 4357 9679 4824 9679 4826 9679 4357 9680 4826 9680 4827 9680 4357 9681 4827 9681 4365 9681 4365 9682 4827 9682 4830 9682 4365 9683 4830 9683 4366 9683 4829 9684 4837 9684 4832 9684 4832 9685 4837 9685 4838 9685 4832 9686 4838 9686 4839 9686 4832 9687 4839 9687 4834 9687 4834 9688 4839 9688 4840 9688 4834 9689 4840 9689 4819 9689 4819 9690 4840 9690 4841 9690 4819 9691 4841 9691 4821 9691 4821 9692 4841 9692 4870 9692 4821 9693 4870 9693 4823 9693 4823 9694 4870 9694 4842 9694 4823 9695 4842 9695 4825 9695 4825 9696 4842 9696 4843 9696 4825 9697 4843 9697 4844 9697 4825 9698 4844 9698 4828 9698 4828 9699 4844 9699 4837 9699 4828 9700 4837 9700 4829 9700 4846 9701 4845 9701 4847 9701 4846 9702 4847 9702 4848 9702 4848 9703 4847 9703 4850 9703 4848 9704 4850 9704 4849 9704 4849 9705 4850 9705 4852 9705 4852 9706 4850 9706 4851 9706 4852 9707 4851 9707 4853 9707 4853 9708 4851 9708 4854 9708 4853 9709 4854 9709 4855 9709 4855 9710 4854 9710 4856 9710 4855 9711 4856 9711 4857 9711 4855 9712 4857 9712 4858 9712 4858 9713 4857 9713 4859 9713 4859 9714 4857 9714 4860 9714 4859 9715 4860 9715 4861 9715 4861 9716 4860 9716 4862 9716 4861 9717 4862 9717 4845 9717 4861 9718 4845 9718 4846 9718 4422 9719 4853 9719 4855 9719 4422 9720 4855 9720 4424 9720 4424 9721 4855 9721 4433 9721 4433 9722 4855 9722 4858 9722 4433 9723 4858 9723 4442 9723 4442 9724 4858 9724 4859 9724 4442 9725 4859 9725 4436 9725 4436 9726 4859 9726 4435 9726 4435 9727 4859 9727 4861 9727 4435 9728 4861 9728 4443 9728 4443 9729 4861 9729 4846 9729 4443 9730 4846 9730 4444 9730 4444 9731 4846 9731 4848 9731 4444 9732 4848 9732 4439 9732 4439 9733 4848 9733 4431 9733 4431 9734 4848 9734 4849 9734 4431 9735 4849 9735 4420 9735 4420 9736 4849 9736 4852 9736 4420 9737 4852 9737 4421 9737 4421 9738 4852 9738 4419 9738 4419 9739 4852 9739 4853 9739 4419 9740 4853 9740 4422 9740 4854 9741 4891 9741 4856 9741 4856 9742 4891 9742 4863 9742 4856 9743 4863 9743 4857 9743 4857 9744 4863 9744 4864 9744 4857 9745 4864 9745 4860 9745 4860 9746 4864 9746 4862 9746 4862 9747 4864 9747 4872 9747 4862 9748 4872 9748 4845 9748 4845 9749 4872 9749 4865 9749 4845 9750 4865 9750 4847 9750 4847 9751 4865 9751 4866 9751 4847 9752 4866 9752 4850 9752 4850 9753 4866 9753 4867 9753 4850 9754 4867 9754 4851 9754 4851 9755 4867 9755 4868 9755 4851 9756 4868 9756 4854 9756 4854 9757 4868 9757 4891 9757 4539 9758 4315 9758 4316 9758 4539 9759 4316 9759 4534 9759 4534 9760 4316 9760 4351 9760 4534 9761 4351 9761 4349 9761 4869 9762 4634 9762 4633 9762 4869 9763 4633 9763 4870 9763 4870 9764 4633 9764 4632 9764 4870 9765 4632 9765 4631 9765 4869 9766 4813 9766 4812 9766 4634 9767 4869 9767 4811 9767 4634 9768 4811 9768 4601 9768 4601 9769 4811 9769 4818 9769 4603 9770 4816 9770 4815 9770 4817 9771 4602 9771 4818 9771 4818 9772 4602 9772 4601 9772 4815 9773 4814 9773 4813 9773 4602 9774 4817 9774 4816 9774 4602 9775 4816 9775 4603 9775 4605 9776 4604 9776 4815 9776 4815 9777 4604 9777 4603 9777 4725 9778 4606 9778 4605 9778 4725 9779 4605 9779 4815 9779 4724 9780 4723 9780 4606 9780 4606 9781 4725 9781 4724 9781 4723 9782 4722 9782 4606 9782 4606 9783 4722 9783 4607 9783 4607 9784 4722 9784 4721 9784 4608 9785 4719 9785 4718 9785 4714 9786 4717 9786 4716 9786 4607 9787 4721 9787 4720 9787 4607 9788 4720 9788 4608 9788 4608 9789 4720 9789 4719 9789 4609 9790 4714 9790 4867 9790 4609 9791 4867 9791 4610 9791 4718 9792 4717 9792 4608 9792 4608 9793 4717 9793 4714 9793 4608 9794 4714 9794 4609 9794 4612 9795 4611 9795 4867 9795 4867 9796 4611 9796 4610 9796 4613 9797 4866 9797 4865 9797 4613 9798 4865 9798 4871 9798 4867 9799 4866 9799 4612 9799 4612 9800 4866 9800 4613 9800 4872 9801 4614 9801 4871 9801 4872 9802 4615 9802 4614 9802 4617 9803 4616 9803 4791 9803 4788 9804 4787 9804 4617 9804 4789 9805 4788 9805 4791 9805 4791 9806 4788 9806 4617 9806 4617 9807 4787 9807 4618 9807 4790 9808 4789 9808 4791 9808 4787 9809 4786 9809 4618 9809 4618 9810 4786 9810 4785 9810 4620 9811 4619 9811 4785 9811 4785 9812 4619 9812 4618 9812 4758 9813 4621 9813 4620 9813 4758 9814 4620 9814 4785 9814 4749 9815 4748 9815 4873 9815 4751 9816 4623 9816 4622 9816 4751 9817 4622 9817 4752 9817 4621 9818 4754 9818 4753 9818 4621 9819 4753 9819 4622 9819 4622 9820 4753 9820 4752 9820 4751 9821 4750 9821 4623 9821 4623 9822 4750 9822 4749 9822 4758 9823 4756 9823 4755 9823 4758 9824 4755 9824 4621 9824 4621 9825 4755 9825 4754 9825 4840 9826 4624 9826 4873 9826 4623 9827 4749 9827 4873 9827 4623 9828 4873 9828 4624 9828 4626 9829 4840 9829 4627 9829 4626 9830 4625 9830 4840 9830 4840 9831 4625 9831 4624 9831 4870 9832 4841 9832 4840 9832 4631 9833 4630 9833 4870 9833 4870 9834 4630 9834 4843 9834 4870 9835 4843 9835 4842 9835 4627 9836 4840 9836 4839 9836 4837 9837 4629 9837 4628 9837 4837 9838 4628 9838 4838 9838 4627 9839 4839 9839 4628 9839 4839 9840 4838 9840 4628 9840 4837 9841 4844 9841 4630 9841 4629 9842 4837 9842 4630 9842 4630 9843 4844 9843 4843 9843 4884 9844 4874 9844 4870 9844 4875 9845 4869 9845 4876 9845 4874 9846 4877 9846 4870 9846 4870 9847 4877 9847 4878 9847 4870 9848 4878 9848 4869 9848 4869 9849 4878 9849 4879 9849 4869 9850 4879 9850 4876 9850 4880 9851 4881 9851 4882 9851 4881 9852 4883 9852 4882 9852 4882 9853 4883 9853 4870 9853 4870 9854 4883 9854 4884 9854 4893 9855 4885 9855 4886 9855 4887 9856 4888 9856 4886 9856 4886 9857 4888 9857 4889 9857 4886 9858 4889 9858 4882 9858 4882 9859 4889 9859 4890 9859 4882 9860 4890 9860 4880 9860 4891 9861 4714 9861 4894 9861 4791 9862 4892 9862 4886 9862 4886 9863 4892 9863 4893 9863 4891 9864 4894 9864 4895 9864 4891 9865 4895 9865 4896 9865 4897 9866 4898 9866 4791 9866 4898 9867 4899 9867 4791 9867 4791 9868 4899 9868 4900 9868 4791 9869 4900 9869 4892 9869 4875 9870 4901 9870 4902 9870 4875 9871 4902 9871 4903 9871 4714 9872 4904 9872 4905 9872 4903 9873 4906 9873 4875 9873 4875 9874 4906 9874 4907 9874 4875 9875 4907 9875 4714 9875 4714 9876 4907 9876 4908 9876 4714 9877 4908 9877 4904 9877 4905 9878 4909 9878 4714 9878 4714 9879 4909 9879 4894 9879 4865 9880 4872 9880 4871 9880 4872 9881 4864 9881 4891 9881 4891 9882 4864 9882 4863 9882 4882 9883 4766 9883 4765 9883 4882 9884 4765 9884 4764 9884 4882 9885 4763 9885 4762 9885 4882 9886 4762 9886 4886 9886 4762 9887 4761 9887 4886 9887 4886 9888 4761 9888 4760 9888 4886 9889 4760 9889 4759 9889 4758 9890 4757 9890 4756 9890 4710 9891 4875 9891 4711 9891 4711 9892 4875 9892 4714 9892 4875 9893 4710 9893 4709 9893 4713 9894 4712 9894 4714 9894 4714 9895 4712 9895 4711 9895 4709 9896 4708 9896 4875 9896 4875 9897 4708 9897 4707 9897 4706 9898 4705 9898 4725 9898 4716 9899 4715 9899 4714 9899 4725 9900 4815 9900 4875 9900 4725 9901 4875 9901 4706 9901 4706 9902 4875 9902 4707 9902 4870 9903 4840 9903 4882 9903 4882 9904 4840 9904 4873 9904 4882 9905 4873 9905 4766 9905 4868 9906 4867 9906 4891 9906 4815 9907 4813 9907 4869 9907 4815 9908 4869 9908 4875 9908 4867 9909 4714 9909 4891 9909 4759 9910 4758 9910 4886 9910 4886 9911 4758 9911 4791 9911 4791 9912 4758 9912 4785 9912 4791 9913 4785 9913 4792 9913 4896 9914 4897 9914 4891 9914 4891 9915 4897 9915 4791 9915 4891 9916 4791 9916 4872 9916 4872 9917 4791 9917 4615 9917 4615 9918 4791 9918 4616 9918 4639 9919 4894 9919 4672 9919 4672 9920 4894 9920 4909 9920 4672 9921 4909 9921 4673 9921 4673 9922 4909 9922 4646 9922 4646 9923 4909 9923 4905 9923 4646 9924 4905 9924 4647 9924 4647 9925 4905 9925 4904 9925 4647 9926 4904 9926 4676 9926 4676 9927 4904 9927 4908 9927 4676 9928 4908 9928 4675 9928 4675 9929 4908 9929 4907 9929 4675 9930 4907 9930 4648 9930 4648 9931 4907 9931 4906 9931 4648 9932 4906 9932 4649 9932 4649 9933 4906 9933 4903 9933 4649 9934 4903 9934 4645 9934 4645 9935 4903 9935 4902 9935 4645 9936 4902 9936 4656 9936 4660 9937 4893 9937 4661 9937 4661 9938 4893 9938 4892 9938 4661 9939 4892 9939 4642 9939 4642 9940 4892 9940 4900 9940 4642 9941 4900 9941 4640 9941 4640 9942 4900 9942 4899 9942 4640 9943 4899 9943 4679 9943 4679 9944 4899 9944 4898 9944 4679 9945 4898 9945 4682 9945 4682 9946 4898 9946 4897 9946 4682 9947 4897 9947 4674 9947 4674 9948 4897 9948 4896 9948 4674 9949 4896 9949 4638 9949 4638 9950 4896 9950 4895 9950 4638 9951 4895 9951 4639 9951 4639 9952 4895 9952 4894 9952 4662 9953 4883 9953 4663 9953 4663 9954 4883 9954 4664 9954 4664 9955 4883 9955 4881 9955 4664 9956 4881 9956 4635 9956 4635 9957 4881 9957 4880 9957 4635 9958 4880 9958 4636 9958 4636 9959 4880 9959 4890 9959 4636 9960 4890 9960 4637 9960 4637 9961 4890 9961 4889 9961 4637 9962 4889 9962 4670 9962 4670 9963 4889 9963 4888 9963 4670 9964 4888 9964 4643 9964 4643 9965 4888 9965 4887 9965 4643 9966 4887 9966 4671 9966 4671 9967 4887 9967 4886 9967 4671 9968 4886 9968 4659 9968 4659 9969 4886 9969 4885 9969 4659 9970 4885 9970 4660 9970 4660 9971 4885 9971 4893 9971 4902 9972 4901 9972 4656 9972 4656 9973 4901 9973 4657 9973 4657 9974 4901 9974 4875 9974 4657 9975 4875 9975 4658 9975 4658 9976 4875 9976 4667 9976 4667 9977 4875 9977 4876 9977 4667 9978 4876 9978 4668 9978 4668 9979 4876 9979 4879 9979 4668 9980 4879 9980 4655 9980 4655 9981 4879 9981 4878 9981 4655 9982 4878 9982 4654 9982 4654 9983 4878 9983 4877 9983 4654 9984 4877 9984 4652 9984 4652 9985 4877 9985 4874 9985 4652 9986 4874 9986 4653 9986 4653 9987 4874 9987 4884 9987 4653 9988 4884 9988 4662 9988 4662 9989 4884 9989 4883 9989 4910 9990 4911 9990 4912 9990 4910 9991 4912 9991 4913 9991</p>
                </triangles>
            </mesh>
        </geometry>
    </library_geometries>
    <library_visual_scenes>
        <visual_scene id="VisualSceneNode" name="VisualScene">
            <node id="node" name="node">
                <instance_geometry url="#shape0-lib">
                    <bind_material>
                        <technique_common/>
                    </bind_material>
                </instance_geometry>
            </node>
        </visual_scene>
    </library_visual_scenes>
    <scene>
        <instance_visual_scene url="#VisualSceneNode"/>
    </scene>
</COLLADA>
