<?xml version="1.0" encoding="UTF-8"?>
<COLLADA xmlns="http://www.collada.org/2005/11/COLLADASchema" version="1.4.1">
    <asset>
        <contributor>
            <author>VCGLab</author>
            <authoring_tool>VCGLib | MeshLab</authoring_tool>
        </contributor>
        <up_axis>Y_UP</up_axis>
        <created>Mo. Sep 10 16:01:20 2018</created>
        <modified>Mo. Sep 10 16:01:20 2018</modified>
    </asset>
    <library_images/>
    <library_materials/>
    <library_effects/>
    <library_geometries>
        <geometry id="shape0-lib" name="shape0">
            <mesh>
                <source id="shape0-lib-positions" name="position">
                    <float_array id="shape0-lib-positions-array" count="2721">0.0021913 0.0178199 -0.00617057 0.00540733 0.0178199 -0.00322479 0.0263102 0.0178199 -0.0109465 0.00547588 0.0178199 0.00260579 0.0263102 0.0178199 0.0104515 -0.00394482 0.0178199 -0.00599289 -0.00833607 0.0177743 -0.00726557 0.00222605 0.0178199 0.00576204 -0.00568771 0.0178199 0.0104515 -0.00199729 0.0178199 0.00627232 0.0313102 0.0178199 0.00540149 -0.00692183 0.0178227 0.00109422 -0.00641876 0.0168199 0.00180453 -0.00339431 0.0168199 0.00571096 0.00266492 0.0168199 0.00579458 0.0057289 0.0168199 0.00258183 0.00633222 0.0168199 -0.00173748 0.00297213 0.0168199 -0.00613463 -0.00197107 0.0168199 -0.00661582 -0.00627786 0.0168199 -0.00319725 0.00321257 0.0168508 -0.00266224 -0.00371999 0.016852 -0.00254917 0.0029872 0.0168414 0.00282371 -0.000250674 0.0168317 -0.00451493 -0.00224882 0.0171199 -0.00272191 0.00129068 0.0171199 -0.00299752 0.00301069 0.0171199 0.00011354 0.000348617 0.0171199 0.00289464 -0.0030368 0.0168583 0.00137097 -0.00336808 0.0193199 -0.000424055 -0.00140381 0.0193199 -0.00263107 0.00190747 0.0193199 -0.00276655 0.00228584 0.0193199 0.00199538 -0.00175476 0.0193199 0.00245422 -0.00086831 0.0193199 0.00159228 0.00155157 0.0193199 -0.000909108 -0.000604154 0.0171199 0.0014503 0.00168049 0.0171199 -0.000196151 -0.0015862 0.0171199 -0.00166482 -0.00709647 0.0177852 -0.00841522 -0.00839031 0.0177017 0.00625181 -0.0106461 0.0167996 0.00586575 -0.0114931 0.0160943 -0.00627732 -0.00724113 0.0150703 -0.00812083 -0.0121888 -0.0129302 -0.0129475 -0.0121888 -0.0129302 -0.0104475 -0.0121888 -0.0149302 0.0089525 -0.0121888 0.0130697 -0.0104475 -0.0121888 0.0130699 -0.0129475 -0.0121888 -0.0129302 0.0124525 -0.0121888 -0.0149302 0.0124525 -0.0121888 -0.0129302 0.00995249 -0.0121888 0.0130697 0.00995249 -0.0121888 0.0152697 -0.000247466 -0.0121888 0.0130697 0.0124525 -0.0121888 0.0150698 0.0124525 -0.00736809 0.0150744 0.0076856 -0.00713849 0.0178027 0.00785184 -0.00625807 0.0177122 0.0110025 -0.00618875 0.0163199 0.0119524 0.0269558 0.0176812 0.0110798 0.027793 0.0169266 0.0118461 0.0266272 0.0174762 0.0114004 -0.00866371 -0.0129302 0.0119524 -0.00866371 -0.0104301 0.0119524 0.0155612 0.00106984 0.0119524 0.0155612 0.0105699 0.0119524 -0.000713755 -0.0104301 0.0119524 -0.00866371 0.0105698 0.0119524 -0.00866371 0.0130697 0.0119524 -0.000713755 -0.0129302 0.0119524 0.00833619 -0.0129302 0.0119524 0.00833619 -0.0104301 0.0119524 0.00833619 0.0105699 0.0119524 -0.00468874 -0.0104301 0.0119523 0.0123112 0.0105699 0.0119522 0.00833619 0.0130699 0.0119524 -0.000713758 0.0130697 0.0119524 -0.000713758 0.0105698 0.0119524 -0.00468874 0.0105698 0.0119521 0.0253362 -0.0129301 0.0119524 0.0253362 -0.0104301 0.0119524 0.0162862 -0.0129301 0.0119524 0.0162998 -0.0104301 0.0119524 0.0164112 0.00106984 0.0119524 0.0123112 -0.0104301 0.0119511 0.0300612 0.00106984 0.0119524 0.0292112 0.00106984 0.0119524 0.029236 -0.0104301 0.0119406 0.0298113 -0.0149301 0.0119524 -0.00918871 -0.0166802 0.0119524 -0.00918871 -0.0149302 0.0119524 -0.00720459 0.0150699 0.0119524 -0.0121274 -0.0129302 0.010418 -0.0121274 0.0130697 0.010418 -0.0119133 -0.0129302 0.0109764 -0.0117957 0.0130697 0.0111694 -0.0115124 -0.0129302 0.0114592 -0.0112126 0.0130697 0.011677 -0.0109821 -0.0129302 0.0117944 -0.0104703 0.0130697 0.0119508 -0.0103747 -0.0129302 0.0119514 0.00833619 -0.0129302 0.0175525 -0.000713755 -0.0129302 0.0175525 0.0253362 -0.0129301 0.0175525 0.0162862 -0.0129301 0.0175525 0.0384112 -0.0129301 -0.00477243 0.0328112 -0.0129301 -0.00477243 0.0384112 -0.0129301 0.00427753 0.0328112 -0.0129301 0.00427753 0.0332862 -0.0129301 0.0168087 0.0332862 -0.0129301 0.0122275 0.0386016 -0.0129301 0.0122431 0.00833619 -0.0129301 -0.0124475 0.00833619 -0.0129301 -0.0180475 -0.000713756 -0.0129302 -0.0124475 -0.000713756 -0.0129302 -0.0180475 0.0253362 -0.0129301 -0.0124475 0.0253362 -0.0129301 -0.0180475 0.0162862 -0.0129301 -0.0124475 0.0162862 -0.0129301 -0.0180475 0.0332862 -0.0129301 -0.0173037 0.0332862 -0.0129301 -0.0127225 0.0384112 -0.0129301 -0.0129475 0.0384112 -0.0129301 -0.0127225 -0.00866371 -0.0129302 0.0154487 -0.00866371 -0.0129302 -0.0124475 -0.00866371 -0.0129302 -0.0159437 -0.0121274 -0.0129302 -0.0109129 -0.0117023 -0.0129302 -0.0118 -0.0105938 -0.0129302 -0.0124436 -0.000713755 -0.0104301 0.0175525 -0.00221371 -0.0124302 0.0175525 -0.00618875 -0.0124302 0.0175525 0.0318283 -0.0104301 0.0178735 0.0317862 -0.0124301 0.0175525 0.0268362 -0.0124301 0.0175525 -0.00618875 -0.0149302 0.0175525 0.0162862 -0.0104301 0.0175525 0.0147862 -0.0104301 0.0175525 0.0147862 -0.0124302 0.0175525 0.0268362 -0.0104301 0.0175525 0.0253362 -0.0104301 0.0175525 0.0098362 -0.0104301 0.0175525 0.00833619 -0.0104301 0.0175525 0.0098362 -0.0124302 0.0175525 -0.00221371 -0.0104301 0.0175525 -0.0071637 -0.0124302 -0.0138185 -0.0071637 -0.0124302 -0.0172186 -0.00618875 -0.0124302 -0.0180475 -0.00221372 -0.0124302 -0.0180475 -0.00221372 -0.0124302 -0.0138185 -0.00572014 -0.0124302 -0.0138886 -0.00365919 -0.0124302 -0.0166058 0.0098362 -0.0124301 -0.0138185 0.0098362 -0.0124301 -0.0180475 0.0147862 -0.0124301 -0.0138185 0.0111739 -0.0124301 -0.0139887 0.0134441 -0.0124301 -0.0165023 0.0147862 -0.0124301 -0.0180475 0.0384112 -0.0124301 -0.00627244 0.0339936 -0.0124301 -0.00820142 0.0341823 -0.0124301 -0.0112225 0.0384112 -0.0124301 -0.0112225 0.0341823 -0.0124301 -0.00627244 0.0372296 -0.0124301 -0.00929374 0.0341714 -0.0124301 0.00742143 0.0384112 -0.0124301 0.00577748 0.0384112 -0.0124301 0.0107275 0.0370656 -0.0124301 0.00909221 0.0341823 -0.0124301 0.0107275 0.0341823 -0.0124301 0.00577748 0.0268362 -0.0124301 0.0133236 0.0282014 -0.0124301 0.0134551 0.0317862 -0.0124301 0.0133236 0.0304216 -0.0124301 0.0160506 0.0098362 -0.0124302 0.0133236 0.0137421 -0.0124302 0.0139797 0.0147862 -0.0124302 0.0133236 0.0123531 -0.0124302 0.0162548 0.0108145 -0.0124302 0.0141995 -0.0071637 -0.0124302 0.0167238 -0.0071637 -0.0124302 0.0133236 -0.00539517 -0.0124302 0.0133009 -0.00221371 -0.0124302 0.0133236 -0.00396478 -0.0124302 0.0162406 0.0268361 -0.0124301 -0.0138185 0.0268361 -0.0124301 -0.0180475 0.0282052 -0.0124301 -0.0163493 0.0317862 -0.0124301 -0.0138185 0.0288318 -0.0124301 -0.0137587 0.0317862 -0.0124301 -0.0180475 0.0308638 -0.0124301 -0.0156264 -0.00866371 -0.0104301 -0.0159437 -0.0071637 -0.0104301 -0.0172186 -0.00618875 -0.0149302 -0.0180475 -0.0121888 -0.0149302 -0.0129475 -0.0071637 -0.0104301 -0.0138185 -0.00468874 -0.0124301 -0.0123896 -0.00221372 -0.0104301 0.0133236 -0.00866371 -0.0104301 0.0154487 -0.0071637 -0.0104301 0.0167238 -0.0071637 -0.0104301 0.0133236 0.0147862 -0.0104301 0.0133236 0.0098362 -0.0104301 0.0133236 0.0384112 -0.0104301 0.00577748 0.0384112 -0.0104301 0.00427753 0.0341823 -0.0104301 0.00577748 0.0328112 -0.0104301 0.00427753 -0.00866371 -0.0104301 -0.0124475 -0.000713756 -0.0104301 -0.0180475 -0.00221372 -0.0104301 -0.0180475 -0.000713756 -0.0104301 -0.0124475 -0.00221372 -0.0104301 -0.0138185 -0.00468874 -0.0104301 -0.012447 0.0098362 -0.0104301 -0.0180475 0.00833619 -0.0104301 -0.0180475 0.0098362 -0.0104301 -0.0138185 0.00833619 -0.0104301 -0.0124475 0.0162862 -0.0104301 -0.0180475 0.0147862 -0.0104301 -0.0180475 0.0147862 -0.0104301 -0.0138185 0.0123112 -0.0104301 -0.0124471 0.0384112 -0.0104301 -0.00477243 0.0384112 -0.0104301 -0.00627244 0.0328112 -0.0104301 -0.00477243 0.0341823 -0.0104301 -0.00627244 0.0163271 -0.0104301 -0.0124475 0.0164112 -0.0104301 -0.0118475 0.0253362 -0.0104301 -0.0124475 0.0292112 -0.0104301 -0.0118475 0.0268361 -0.0104301 -0.0180475 0.0253362 -0.0104301 -0.0180475 0.0268361 -0.0104301 -0.0138185 0.0292112 -0.0104301 0.0113525 0.0164112 -0.0104301 0.0113525 0.0268362 -0.0104301 0.0133236 0.0384112 -0.0104301 -0.0112225 0.0384112 -0.0104301 -0.0127225 0.0341823 -0.0104301 -0.0112225 0.0332862 -0.0104301 -0.0127225 0.0317862 -0.0104301 -0.0138185 0.0325653 -0.0104301 -0.0114689 0.0332862 -0.0104301 -0.0173037 0.0318059 -0.0104301 -0.018348 0.0317616 -0.0104301 -0.0122249 0.0328103 -0.0104301 -0.0106104 0.0328106 -0.0104301 -0.00874746 0.029251 -0.0104301 -0.0124356 0.0310031 -0.0104301 -0.0124453 0.0384112 -0.0104301 0.0122275 0.0384112 -0.0104301 0.0107275 0.0332862 -0.0104301 0.0122275 0.0341823 -0.0104301 0.0107275 0.0332862 -0.0104301 0.0168087 0.0317862 -0.0104301 0.0133236 0.0312365 -0.0104301 0.0119412 0.0327155 -0.0104301 0.0106132 0.0328112 -0.0104301 0.00995248 0.0328109 -0.0104301 0.0082525 0.032208 -0.0104301 0.0114056 -0.00468874 -0.0124301 0.0118946 0.0123112 -0.0124301 -0.0123896 0.0327533 -0.0124301 -0.00874746 0.0327533 -0.0124301 0.0082525 0.0123112 -0.0124301 0.0118946 0.0293112 -0.0124301 -0.0123896 0.0293112 -0.0124301 0.0118946 -0.00866371 0.0130699 -0.0124475 -0.00866371 0.0105699 -0.0124475 0.0155612 0.0105699 -0.0124475 0.0155612 0.00106984 -0.0124475 -0.00478899 0.0105699 -0.0124475 -0.00458848 0.0105699 -0.0124475 -0.000713759 0.0105699 -0.0124475 0.0164112 0.00106984 -0.0124475 -0.000713759 0.0130699 -0.0124475 0.00833619 0.0130699 -0.0124475 0.00833619 0.0105699 -0.0124475 0.0123112 0.0105699 -0.0124452 0.0300612 0.00106984 -0.0124475 0.0292112 0.00106984 -0.0124475 0.0298113 -0.0149301 -0.0124475 0.0298113 -0.0166802 -0.0124475 -0.00983685 -0.0149302 -0.012447 0.0268112 0.0150699 -0.0124475 0.0278019 0.0165729 -0.0124463 -0.00719333 0.01507 -0.0124473 -0.0103748 0.0130699 -0.0124463 -0.0109821 0.0130699 -0.0122895 -0.0115124 0.0130699 -0.0119542 -0.0119133 0.0130699 -0.0114714 -0.0121275 0.0130699 -0.0109129 0.00833619 0.0130699 0.0175525 -0.000713758 0.0130697 0.0175525 0.0328112 0.0130699 -0.00477243 0.0384112 0.0130699 -0.00477243 0.0328112 0.0130699 0.00427753 0.0384112 0.0130699 0.00427753 0.0332862 0.0130699 0.0168087 0.0385799 0.0130699 0.0122738 0.0332862 0.0130699 0.0122275 0.00833619 0.0130699 -0.0180475 -0.000713759 0.0130699 -0.0180475 0.0386069 0.0130699 -0.0127385 0.0332862 0.0130699 -0.0173037 0.0332862 0.0130699 -0.0127225 0.0253362 0.0130699 0.0175525 0.0162862 0.0130699 0.0175525 0.0253362 0.0130699 0.0165524 0.0162862 0.0130699 0.0165524 0.0162862 0.0130699 -0.0180475 0.0253362 0.0130699 -0.0180475 0.0162862 0.0130699 -0.0170475 0.0253362 0.0130699 -0.0170475 -0.00866371 0.0130697 0.0154487 -0.00866371 0.0130699 -0.0159437 -0.000713758 0.0105698 0.0175525 0.0384112 0.0105699 -0.00627244 0.0384112 0.0105699 -0.00477243 0.0341823 0.0105699 -0.00627244 0.0328112 0.0105699 -0.00477243 0.00833619 0.0105699 -0.0180475 0.0098362 0.0105699 -0.0180475 0.0098362 0.0105699 -0.0138185 -0.00221372 0.0105699 -0.0180475 -0.000713759 0.0105699 -0.0180475 -0.00221372 0.0105699 -0.0138185 -0.00866371 0.0105699 -0.0159437 -0.0071637 0.0105699 -0.0172186 -0.0071637 0.0105699 -0.0138185 0.0384112 0.0105699 0.00427753 0.0384112 0.0105699 0.00577748 0.0328112 0.0105699 0.00427753 0.0341823 0.0105699 0.00577748 0.0098362 0.0105699 0.0175525 0.00833619 0.0105699 0.0175525 0.0098362 0.0105699 0.0133236 -0.0071637 0.0105698 0.0167238 -0.00866371 0.0105698 0.0154487 -0.0071637 0.0105698 0.0133236 -0.00221372 0.0105698 0.0175525 -0.00221372 0.0105698 0.0133236 0.0162862 0.0105699 0.0175525 0.0155623 0.0105699 0.0165524 0.0147862 0.0105699 0.0175525 0.0147862 0.0105699 0.0133236 0.0162862 0.0105699 -0.0180475 0.0147862 0.0105699 -0.0180475 0.0155612 0.0105699 -0.0170475 0.0147862 0.0105699 -0.0138185 0.0259216 0.0105699 0.0175525 0.0268361 0.0105699 0.0165524 0.0253362 0.0105699 0.0165524 0.0256998 0.0105699 -0.0180475 0.0253362 0.0105699 -0.0170475 0.0268361 0.0105699 -0.0170475 0.0384112 0.0105699 -0.0127225 0.0384112 0.0105699 -0.0112225 0.0332862 0.0105699 -0.0127225 0.0341823 0.0105699 -0.0112225 0.0317862 0.0105699 -0.0138185 0.03327 0.0105699 -0.0175177 0.0317862 0.0105699 -0.0180475 0.0320923 0.0105699 -0.0119905 0.0328109 0.0105699 -0.00874746 0.0326687 0.0105699 -0.0112661 0.0300599 0.0105699 -0.0126093 0.0312522 0.0105699 -0.0124303 0.0332862 0.0105699 0.0122275 0.0384112 0.0105699 0.0107275 0.0384112 0.0105699 0.0122275 0.0341823 0.0105699 0.0107275 0.0332862 0.0105699 0.0168087 0.0317862 0.0105699 0.0133236 0.0318244 0.0105699 0.0178439 0.0324963 0.0105699 0.0111166 0.0328103 0.0105699 0.0101155 0.0328106 0.0105699 0.0082525 0.0300599 0.0105699 0.0121143 0.0312927 0.0105699 0.0119322 0.0327533 0.0125698 -0.00874746 0.0342237 0.0125699 -0.00630909 0.0384112 0.0125699 -0.00627244 0.0384112 0.0150699 0.0124525 0.0384112 0.0125699 0.0107275 0.0384112 0.0125699 -0.0112225 0.0384112 0.0125699 0.00577748 0.0384112 0.0150699 -0.0129475 0.0317871 0.0125699 -0.0139077 0.0268361 0.0125699 -0.0180475 0.0282708 0.0125699 -0.0164109 0.0268361 0.0125699 -0.0138185 0.0317862 0.0125699 -0.0180475 0.0292511 0.0125699 -0.0125214 0.0317077 0.0125699 0.0134165 0.0317862 0.0125699 0.0175525 0.0268361 0.0125699 0.0133236 0.0268361 0.0125699 0.0175525 0.0288654 0.0125699 0.0162873 0.0293112 0.0125699 0.0118947 0.0281283 0.0125699 0.0138256 -0.00221372 0.0125699 -0.0138185 -0.00221372 0.0125699 -0.0180475 -0.00384343 0.0125699 -0.0166747 -0.00618875 0.0125699 -0.0180475 -0.0071637 0.0125699 -0.0138185 -0.0071637 0.0125699 -0.0172186 -0.00554055 0.0125699 -0.0137979 0.0147862 0.0125699 -0.0138185 0.0110829 0.0125699 -0.0160599 0.0098362 0.0125699 -0.0180475 0.0147862 0.0125699 -0.0180475 0.0098362 0.0125699 -0.0138185 0.0134173 0.0125699 -0.0163493 0.0341823 0.0125699 -0.0112225 0.0341292 0.0125699 -0.00924725 0.0370443 0.0125699 -0.00957489 0.0341823 0.0125699 0.0107275 0.0341823 0.0125699 0.00577748 0.0339238 0.0125699 0.00798762 0.036844 0.0125699 0.00739282 0.0364151 0.0125699 0.00948143 0.0130619 0.0125699 0.0162012 0.0147862 0.0125699 0.0133236 0.0147862 0.0125699 0.0175525 0.00987583 0.0125699 0.0133974 0.0098362 0.0125699 0.0175525 0.013096 0.0125699 0.0134358 -0.0071637 0.0125698 0.0167238 -0.00222063 0.0125698 0.0133497 -0.00221372 0.0125698 0.0175525 -0.00618875 0.0125698 0.0175525 -0.00562036 0.0125698 0.0160451 -0.0071637 0.0125698 0.0133236 0.0268361 0.0105699 -0.0138185 0.0293112 0.0105699 0.0118947 0.0300612 0.0105699 0.0165524 0.0268361 0.0105699 0.0133236 0.0293112 0.0105699 -0.0123896 0.0300612 0.0105699 -0.0170475 0.0155612 0.00106984 0.0165524 0.0300612 0.00106984 0.0165524 0.0290212 0.00106984 0.0115825 0.0290212 0.00106984 0.0163025 0.0166012 0.00106984 0.0163025 0.0166012 0.00106984 0.0115825 0.0164112 0.00106984 0.0113525 0.0292112 0.00106984 0.0113525 0.0290212 0.00106984 -0.0167975 0.0290212 0.00106984 -0.0120775 0.0292112 0.00106984 -0.0118475 0.0166012 0.00106984 -0.0120775 0.0155612 0.00106984 -0.0170475 0.0164112 0.00106984 -0.0118475 0.0166012 0.00106984 -0.0167975 0.0300612 0.00106984 -0.0170475 0.0324112 0.0150699 -0.0180475 -0.00618875 0.0150699 -0.0180475 -0.00468874 0.0125698 -0.0123896 0.0123004 0.0125698 -0.0125614 0.0327533 0.0125698 0.0082525 0.0123112 0.0125698 0.0118947 -0.00467515 0.0125698 0.0120755 0.0328196 0.0150734 0.0069021 0.0384112 -0.0149301 -0.0129475 0.0384112 -0.0149301 0.0124525 0.0324112 -0.0149301 -0.0180475 0.0324113 -0.0149301 0.0175525 0.0287073 -0.0149301 -0.0166902 0.0308946 -0.0149301 -0.0150009 0.0283108 -0.0149301 -0.0140527 0.030913 -0.0149301 -0.0122859 0.0109947 -0.0149301 -0.0147572 0.0118412 -0.0149301 -0.0167065 0.0138116 -0.0149301 -0.0153947 0.0123956 -0.0149301 -0.0137751 -0.00362897 -0.0149301 -0.0162465 -0.00640148 -0.0149302 -0.0153679 -0.00365603 -0.0149301 -0.0141795 0.0345195 -0.0149301 -0.00995278 0.036845 -0.0149301 -0.00946176 0.0357049 -0.0149301 -0.00709528 0.0353161 -0.0149301 0.00972611 0.0342767 -0.0149301 0.00737804 0.037179 -0.0149301 0.00782037 0.0310487 -0.0149301 0.0117373 0.0282612 -0.0149301 0.0135934 0.0283704 -0.0149301 0.0158543 0.0309887 -0.0149301 0.0150158 0.0131337 -0.0149302 0.016046 0.0134994 -0.0149302 0.0139233 0.0115047 -0.0149301 0.0134843 0.0110571 -0.0149301 0.0154781 -0.00391149 -0.0149302 0.0162413 -0.00613749 -0.0149302 0.0147743 -0.00437492 -0.0149302 0.0131882 -0.0113711 -0.0149305 0.0112717 -0.0121884 -0.014948 -0.0105976 -0.0120897 -0.017132 -0.0102464 -0.00918871 -0.0166802 -0.0124475 -0.00988209 -0.0170739 -0.0123698 0.0298113 -0.0175302 -0.0119684 0.0103112 -0.0176802 -0.0114475 -0.00278395 -0.0176802 -0.0014869 -0.00918871 -0.0176802 0.0109525 0.00262797 -0.0176802 0.000113228 0.00239253 -0.0176802 -0.00163341 0.000848583 -0.0176802 -0.00288492 -0.00125104 -0.0176802 -0.00301737 0.0020597 -0.0176802 0.0016309 -0.00288117 -0.0176802 0.00120401 -4.35574e-05 -0.0176802 0.00254875 -0.00918871 -0.0169129 0.0119219 -0.0117389 -0.0175339 0.0105306 -0.0121153 -0.0170953 0.00957561 -0.0111888 -0.0176802 -0.00944745 0.0321312 -0.0176493 0.0112038 0.0103112 -0.0175302 0.0114734 -0.0102498 -0.0172764 0.0117655 0.0305047 -0.0170739 0.0118748 0.0298113 -0.0166802 0.0119524 0.0328112 -0.0166802 0.0089525 0.0326445 -0.0172791 0.00997245 0.0328025 -0.0149311 0.0102888 0.0318112 -0.0176802 -0.000247472 0.0327403 -0.0170886 -0.010117 0.0306802 -0.0170668 -0.012386 -0.0105123 -0.0174061 -0.0121439 0.0103112 -0.0176495 -0.0116802 0.0328116 -0.0149302 -0.0106272 0.00073663 -0.0225301 0.00261641 0.00274277 -0.0225301 0.00020743 0.00189227 -0.0225301 -0.0023098 -0.000118356 -0.0225301 -0.00314617 -0.00255912 -0.0225301 -0.00210202 -0.00269699 -0.0225301 0.00150317 0.0325361 0.0172969 0.00661599 0.0304012 0.0150698 -0.0141871 0.0284631 0.0150699 -0.0162978 0.0277933 0.0150699 -0.0147389 0.0299151 0.0150699 -0.0166902 0.0133754 0.0150699 -0.014282 0.0113405 0.0150699 -0.0140966 0.0112514 0.0150699 -0.0162465 0.0133471 0.0150699 -0.0163458 -0.0121888 0.0150699 -0.0129475 -0.00302112 0.0150699 -0.0155069 -0.00633729 0.0150699 -0.0150376 0.0339922 0.0150699 -0.0091936 0.0369875 0.0150699 -0.00949049 0.0360164 0.0150699 -0.0073238 0.0285286 0.0150699 0.013245 0.0280704 0.0150699 0.0156203 0.0309034 0.0150699 0.0152275 0.0324113 0.0150699 0.0175525 -0.00625563 0.0150698 0.0153946 -0.0034346 0.0150699 0.0154781 -0.00618875 0.0150698 0.0175525 -0.00397891 0.0150698 0.0133939 0.0131428 0.0150699 0.0161534 0.0107427 0.0150699 0.0144604 0.0131178 0.0150699 0.0134843 0.0278616 0.0150699 0.00709283 0.0344987 0.0150699 0.00947076 0.0372179 0.0150699 0.00800049 0.035128 0.0150699 0.00705361 0.00620764 0.0173495 -0.0120138 -0.00606269 0.0177364 -0.0114183 0.0269084 0.0177183 -0.0114889 0.0278562 0.0150705 -0.00834614 0.0328103 0.0150699 -0.00736368 0.0276683 0.0175664 -0.00708705 0.0320375 0.017818 -0.00737757 0.0283006 0.0171672 0.00694322 0.0290212 -8.01477e-05 0.0115825 0.0166012 -8.01494e-05 0.0115825 0.0166012 -8.01496e-05 0.0163025 0.0290212 -8.01479e-05 0.0163025 0.0290212 -8.01465e-05 -0.0167975 0.0290212 -8.01467e-05 -0.0120775 0.0166012 -8.01481e-05 -0.0167975 0.0166012 -8.01483e-05 -0.0120775 -0.00220644 0.0201199 -0.0029195 -0.00277859 0.0201199 0.00170738 0.00203544 0.0201199 -0.0024879 0.00180787 0.0200832 -0.00559521 0.00272596 0.0201199 0.00107014 -0.000813986 0.0200704 -0.00547361 0.000253367 0.0201199 0.00278014 0.00386447 0.0200916 0.00385839 0.000139281 0.0200949 0.00546438 -0.00209677 0.0195199 0.00467044 -0.00452727 0.0200995 0.00359601 -0.00586778 0.0200939 -0.00145817 -0.00450266 0.0195199 -0.00313473 0.00540721 0.0200929 -0.00216234 -0.00513154 0.0195199 0.00108683 0.00499082 0.0195199 0.000383963 0.0025602 0.0195199 0.00407165 0.00352323 0.0195199 -0.00377345 -0.00546306 0.0171199 0.000976439 -0.00140464 0.0171199 0.00472575 0.00292337 0.0171199 0.00391775 0.00501013 0.0171199 -0.00176001 0.00101775 0.0171199 -0.00518948 -0.00306672 0.0171199 -0.00457782 0.00165361 0.0171199 -0.00286233 -0.00214022 0.0171199 0.00214481 0.00287884 0.0171199 0.000100848 -0.00333267 0.0171199 -0.000837073 0.00101495 0.0171199 0.00271612 -0.00134474 0.0171199 -0.00308037 0.0056287 0.0172393 0.00242007 -0.00361252 0.0172346 0.00510144 -0.00447929 0.0172357 0.00264978 0.00143158 0.0172382 0.00600821 0.00529706 0.0172017 -0.00247699 0.00289404 0.0172342 -0.00586247 -0.00132352 0.0171813 -0.00568819 0.00522458 0.0182698 -0.00369513 -0.000326441 0.0182698 0.0061484 -0.00661242 0.0173748 0.000526282 -0.000872613 0.0182698 -0.00691032 0.0054487 0.0182698 -0.00587755 -0.0049628 0.0182698 -0.00530374 -0.0075767 0.0182698 -0.00155735 -0.0045771 0.0182711 -0.0106572 -0.00809199 0.0182692 0.00747031 -0.00477743 0.0182698 0.00441498 0.00477338 0.0182698 0.00462645 -0.000188761 0.0182698 0.00775248 0.0081712 0.0182698 -0.000602299 0.00633359 0.0182698 0.000358598 -0.000188762 0.0182698 -0.00824744 -0.00999814 0.0182707 -0.00548905 -0.0112658 0.0182706 0.000895675 -0.00119895 0.0182739 0.010817 0.00222814 0.0182704 -0.0110468 0.00669676 0.018279 -0.00895309 0.0105529 0.0182704 -0.00351471 0.00984496 0.0182708 0.00494575 0.00437963 0.0182711 0.00987899 0.00918329 0.0202679 -0.00655359 0.0108789 0.0202688 0.00121111 0.00800395 0.0202533 0.00733399 0.00366056 0.0202691 0.0100909 -0.0063349 0.0201991 0.00898838 -0.0108694 0.0202689 0.00343663 -0.0106826 0.0202685 -0.00389326 -0.00828719 0.0202593 -0.0077377 -0.00359839 0.0202679 -0.010941 -0.00139105 0.0202694 0.0108529 0.00318831 0.0202684 -0.0108302 0.0052802 0.0202716 -0.00430345 0.00461805 0.0202691 -0.00648326 -0.00583559 0.0202678 -0.00589061 -0.00583565 0.020268 0.00540847 0.000433743 0.0202694 -0.00763136 -0.000188762 0.020269 0.00775248 -0.00818872 0.0202687 -0.000247467 -0.00121808 0.0200677 -0.00627291 -0.00589973 0.0202629 -0.00247699 -0.00166523 0.0195165 0.00489873 0.00392485 0.0200828 0.00440788 0.00506633 0.0195045 -0.000742447 0.00348091 0.0195202 -0.00511223 0.00303632 0.0194928 0.00380134 -0.00490654 0.0199891 0.00241786 -0.00456601 0.0195065 -0.00342446 -0.0003812 0.0194841 -0.00536406 0.00292587 0.0194819 -0.00425649 -0.00525278 0.0172191 -0.00395864 -0.00482875 0.0172708 -0.00276869 -0.000864808 0.0172334 0.00482976 0.0032109 0.0172348 0.00365257 0.00382757 0.0172419 -0.00348741 0.00876307 0.0202697 -0.000393428 0.00693679 0.0202631 -0.000112074 0.00466001 0.0202682 0.00618291 0.00621265 0.0202691 0.00469988 -0.000441728 0.0202668 -0.00840372 -0.000280263 -0.0186198 -0.0045895 0.00242841 -0.0178527 0.000863433 0.00351334 -0.0177112 -0.00209725 -0.00436801 -0.0186777 -0.00132829 -0.00334728 -0.0186776 0.00250304 0.00091165 -0.0186793 0.00394428 0.00409555 -0.0186798 -0.000660269 -0.00284189 -0.0183601 -0.000282723 -0.00140047 -0.0178586 0.00224304 0.00112152 -0.0178889 0.00212592 -0.00268102 -0.0225167 -0.00162351 0.0001313 -0.0181166 -0.00291556 0.00252301 -0.0225218 -0.00161463 0.00212717 -0.018295 -0.00149804 -5.56046e-05 -0.022523 0.00278425 -0.00257289 -0.0225054 0.00127029 -0.00172174 -0.0188171 -0.00234681 0.00179583 -0.0225243 0.00214207 -0.00133186 -0.0225227 -0.00323111 -0.000237152 -0.0225298 -6.23581e-05 -0.000114848 -0.0235252 -0.000529992 0.00156802 -0.0235287 -0.00397712 -0.00320083 -0.0235253 -0.00338924 0.00363481 -0.0235286 -0.00162572 0.0035795 -0.0235294 0.00139004 -0.000296196 -0.0235296 0.00379223 -0.00397485 -0.0235294 0.00145745 -0.00117981 -0.0206801 -0.00419605 -0.00320971 -0.0206802 -0.00293261 -0.0042969 -0.0206801 -0.000460244 -0.00284451 -0.0206819 0.00297517 0.00146556 -0.0206809 0.00358355 0.00397098 -0.0206801 -3.0847e-05 0.00216967 -0.0206801 -0.00367886 0.00546807 -0.0206798 0.00543177 -0.000703946 -0.0206795 -0.0090543 -0.000604639 -0.0206786 -0.0114078 -0.00843382 -0.0206793 0.000259988 0.000789103 -0.0206765 0.0109432 0.0050804 -0.02068 -0.00686079 0.000286392 -0.0206797 0.00827664 -0.0100891 -0.0206793 0.00466663 -0.00997662 -0.020677 -0.0054155 -0.00657952 -0.0206754 -0.00933921 0.00498426 -0.0206787 -0.0100318 0.00927299 -0.0206774 -0.00617981 0.0108718 -0.0206704 -0.000657876 0.00987488 -0.0206778 0.00443202 0.00664806 -0.0206787 0.00845635 -0.00728285 -0.020677 0.00824827 -0.0113503 -0.0206786 0.000143378 0.000801885 -0.0186861 -0.0113162 0.0106795 -0.0186846 -0.00337195 -0.0112313 -0.0186826 0.000497637 -0.0100059 -0.0186824 -0.00570393 -0.00486737 -0.0186817 -0.0103271 -0.00836628 -0.0186804 0.00728279 0.00648248 -0.0186822 0.00864059 0.0100799 -0.0186806 0.00408405 0.00619459 -0.018681 -0.00934553 0.00546807 -0.0186801 0.00543141 -0.0040074 -0.0186834 0.0101313 -0.00808 -0.0186801 -0.00043996 -1.61822e-05 -0.0186803 -0.00795627 -0.00584561 -0.0186801 -0.0058822 -0.0058456 -0.0186801 0.00543141 -0.000645784 -0.0186801 0.00692731 0.000830577 -0.0186807 0.0107571 0.00583112 -0.0186801 -0.006782 0.00514114 -0.0186803 -0.00512046 0.00781119 -0.0186801 -0.000225405 -0.00584775 -0.0206787 0.00543886 0.00781119 -0.0206796 -0.000225043 0.00622159 -0.02068 -0.00542772 -0.00584561 -0.0206787 -0.00588184 0.0330112 0.0165699 -0.0137475 0.0398946 0.0165693 -0.0125793 0.0343515 0.0165699 -0.015456 0.0330112 0.0165699 0.00975251 0.0342808 0.0165699 -0.00951582 0.0372421 0.0165699 -0.015694 0.0360354 0.0165699 -0.0108414 0.0346522 0.0165699 0.00313043 0.0360562 0.0165699 -0.00721729 0.036629 0.0165699 0.00414485 0.0396112 0.0165699 0.0117525 0.0338265 0.0165699 0.011738 0.034874 0.0165699 0.0063203 0.0365701 0.0165699 0.00958794 0.0366934 0.0150699 0.00349211 0.034426 0.0150699 0.00332325 0.0396112 0.0150699 -0.0129544 0.0372226 0.0150699 -0.0157147 0.0330118 0.0150699 -0.015394 0.034286 0.0150699 -0.00946295 0.0330112 0.0150699 0.00975251 0.0360982 0.0150699 -0.0108113 0.0345423 0.0150699 0.0117162 0.0351104 0.0150699 -0.014304 0.0369102 0.0150699 0.00895369 0.0359689 0.0150699 -0.00719464 0.0353387 0.0150699 0.00621921 0.0416093 0.014971 0.0117525 0.0412475 0.0157199 0.0117525 0.0410254 0.0159841 0.0117525 0.0407613 0.0162062 0.0117525 0.0404628 0.0163795 0.0117525 0.0398471 0.0150696 0.0117525 0.0401389 0.016499 0.0117525 0.0397995 0.016561 0.0117525 0.0407635 0.0161846 -0.0125601 0.0413424 0.0155874 -0.0123752 0.0416101 0.0148504 -0.0122476 0.0416027 0.00357527 0.00656402 0.0416112 -0.00901145 0.00662076 0.0416112 -0.00763207 0.00890291 0.0415439 -0.00865984 -0.00930357 0.0416112 -0.00645792 -0.00696427 0.0416112 0.00829369 -0.00951481 0.0416101 0.00617063 0.00667745 0.0401116 0.00764042 0.0089547 0.0416107 0.00682718 0.00378495 0.0416102 0.00399196 0.00902355 0.0416092 -0.0041765 0.000574533 0.0416101 0.000902149 0.00378501 0.0416112 0.00950813 0.00278991 0.0416112 0.00283885 -0.0096243 0.0416112 -0.00741213 -0.0053066 0.0401137 -0.00641197 -0.00450742 0.0416112 -0.00466203 0.00871771 0.0416111 -0.00299471 0.00648606 0.0416108 0.00592738 -0.00442213 0.0416111 0.000630438 -0.00721818 0.0416109 -0.00874227 0.00229603 0.0401375 0.00652707 0.00461781 0.0416108 0.00726807 -0.0054211 0.0416104 -0.00397515 -0.00637907 0.0416102 -0.00669229 0.0049324 0.0416112 -0.00855738 -0.00198186 0.0415425 9.31667e-05 0.00648147 0.0416112 -7.06757e-05 0.00898856 0.0416112 0.00686091 8.55369e-05 0.0416112 -0.00734913 0.000667092 0.0414864 -0.000299438 -0.00929779 0.0401108 0.0148262 -0.0122476 0.0401174 0.00444365 0.00536364 0.0401112 -0.00776154 0.00912171 0.0401112 -0.00693035 0.00483215 0.0401112 -0.00418705 0.00614494 0.0401112 -0.00833714 0.00618833 0.0401112 0.00936365 -0.00790119 0.0401112 0.00638342 -0.00824297 0.0401112 0.00870943 0.00191957 0.0401112 0.00322157 -0.00963855 0.040112 0.00279498 -0.0068782 0.0401112 -0.00907934 -0.00476933 0.0401112 0.0145699 0.0117525 0.0401112 -0.00364625 0.00931787 0.0401112 0.00833094 0.00541299 0.0416093 0.00529325 -0.00703377 0.0401112 0.00476486 -0.00683165 0.0401112 0.00451213 -0.000295895 0.0401112 0.00096004 -0.00432325 0.0401113 -0.0040214 -0.00203538 0.0401112 0.000866554 -0.00731588 0.0401112 -0.00417828 -0.0065496 0.0401112 -0.0059219 -0.00720394 0.0401112 -0.00108284 -0.00809616 0.0410308 -0.00283026 -0.00929999 0.0401112 -0.00924152 -0.00829297 0.0401112 0.00817311 -0.00351018 0.0401112 0.00932747 -0.000229703 0.0401112 0.00681597 -0.000265109 0.0401112 -0.00715226 3.96935e-05 0.0401112 -0.00841427 -0.00214559 0.0401112 -0.00249636 0.00671625 0.0401112 -0.00887155 0.00327933 0.0401112 0.00338709 0.00905174 0.0401112 0.00149179 0.00735479 0.0401112 -0.00057629 0.00876921 0.0416073 -0.0148268 0.0117525 0.0401112 -0.0145172 0.0117525 0.0412541 -0.0155707 0.0117525 0.0410321 -0.0158377 0.0117525 0.0400048 -0.0164286 0.0117525 0.0407672 -0.0160622 0.0117525 0.041609 -0.0147459 -0.0122477 0.0411863 -0.0156779 -0.0124434 0.0401679 -0.0163489 -0.0127481 0.0396112 -0.0164302 -0.0129544 0.0398289 -0.0149299 0.0117522 0.0407175 -0.0160978 -0.0125785 0.0401103 -0.0147239 -0.0122481 0.0352719 -0.0149301 -0.010743 0.0330112 -0.0149301 -0.0137475 0.0330112 -0.0149301 0.00975251 0.0341554 -0.0149301 -0.00825638 0.036836 -0.0149301 0.00433749 0.0342837 -0.0149301 -0.0154786 0.0372437 -0.0149301 -0.0156904 0.0347078 -0.0149301 0.0064637 0.0368853 -0.0149301 -0.00791442 0.0370201 -0.0149301 -0.0133603 0.0342055 -0.0149301 0.00459671 0.0338265 -0.0149301 0.011738 0.0355698 -0.0149301 0.00277698 0.0365701 -0.0149301 0.00959044 0.036887 -0.0164302 0.0040434 0.0340641 -0.0164302 0.00400984 0.0361035 -0.0164302 0.00297093 0.0371928 -0.0164302 -0.0157466 0.0359768 -0.0164302 -0.0107765 0.0330112 -0.0164302 -0.0137475 0.0330112 -0.0164302 0.00975251 0.034497 -0.0164302 -0.00782436 0.0341596 -0.0164302 -0.014936 0.0365536 -0.0164302 -0.00792754 0.0346408 -0.0164302 0.00868135 0.033784 -0.0164302 0.0117442 0.0362801 -0.0164302 0.00609106 0.0401119 -0.000625707 0.00411469 0.0416057 0.00451094 0.000218016 0.0416108 0.00199461 -0.00384468 0.0416096 -0.00171256 -0.00410611 0.0416113 0.00912696 -0.00157166</float_array>
                    <technique_common>
                        <accessor count="907" source="#shape0-lib-positions-array" stride="3">
                            <param name="X" type="float"/>
                            <param name="Y" type="float"/>
                            <param name="Z" type="float"/>
                        </accessor>
                    </technique_common>
                </source>
                <source id="shape0-lib-normals" name="normal">
                    <float_array id="shape0-lib-normals-array" count="5931">-6.35002e-08 1 6.93257e-08 1.32277e-08 1 4.56813e-07 -0.00915463 0.999949 -0.0042405 -0.0100067 0.999949 -0.00130064 -0.00193286 0.999928 -0.011805 -8.87242e-08 1 1.04306e-09 -7.45677e-08 1 2.28065e-08 0.000411845 1 -0.000125962 -6.44232e-08 1 -6.63333e-08 -5.82115e-08 1 -9.82358e-08 0 1 0 -0.00459885 0.999981 -0.00406102 -6.51221e-08 1 -6.44774e-08 -0.00246492 0.999993 0.00288487 0.886352 0.462338 0.0249693 0.790172 -0.0369369 -0.611772 0.614303 -0.530077 -0.584509 0.0121323 0.47653 -0.879075 -0.11952 -0.0846471 -0.989217 -0.661784 -0.312615 -0.681405 -0.713829 -0.164305 -0.680773 -0.961428 -0.240047 -0.134291 -0.740531 -0.671966 0.00870582 -0.783567 0.165843 0.598764 -0.603918 -0.44786 0.659322 -0.0968088 -0.0398471 0.994505 0.0251944 -0.492273 0.870076 0.499948 0.594429 0.629847 0.630377 -0.729626 0.265085 0.0127915 0.99987 -0.00977462 -0.000779377 0.999961 -0.00883571 0.000594088 0.999981 -0.006103 -0.00270194 0.999991 -0.00340397 -0.00685632 0.999725 -0.0224089 -0.0126889 0.999919 0.000601701 -0.0113888 0.999935 -0.000320831 -0.0103228 0.999915 0.00799219 0.000662971 0.99996 0.00889755 -9.95388e-05 0.999974 0.00721232 0.00854555 0.99993 0.00814983 0.00792451 0.999968 0.00110689 0.0092734 0.999955 0.00209618 -0.0885945 -0.930071 0.356537 -0.17579 0.983999 0.0290521 -0.208628 0.9022 -0.377505 -0.0134961 0.984773 -0.173321 0.191539 0.910122 -0.367412 0.951467 0.305192 0.0396102 0.152602 0.98468 -0.0843691 0.10715 0.988939 0.102564 -0.941686 -0.271592 -0.198657 -0.712609 0.299897 -0.634232 -0.0408147 0.0568649 -0.997547 -0.0770193 0.125434 -0.989108 0.859045 -0.190978 -0.474941 0.926771 0.368339 -0.0736388 0.681101 -0.333259 0.651951 0.107869 0.293295 0.949917 -0.390274 -0.192909 0.900262 -0.848391 0.232587 0.475537 0 1 0 0 1 0 0 1 0 0 1 0 0 1 0 0 1 0 0.945291 0.132733 -0.298004 -0.584564 -0.017841 -0.811152 -0.694318 -0.258364 -0.671693 -0.395722 0.262053 0.880189 -0.463953 0.388191 0.796276 0.982811 -0.136211 -0.124616 0 1 0 -0.297215 -0.940806 -0.162933 -0.364379 0.143484 -0.920131 -0.474094 0.880289 -0.0180589 -1 0 0 -1 -0.000221336 0.000177072 -1 -0.00020658 -2.12492e-05 -1 -3.58203e-08 4.43135e-08 -1 0 0 -1 0 0 -1 0 0 -1 -3.58202e-08 7.16426e-08 -1 0 0 -1 -5.78744e-08 1.24827e-08 -1 -3.62433e-08 8.34893e-08 -1 -8.98947e-08 7.19173e-08 -1 0 0 -0.724879 0.688795 0.010557 -0.577105 -0.745999 0.332318 -0.064308 0.997917 0.00510166 -0.0808572 0.996726 0.000361767 -0.297196 0.365702 0.882007 -0.371834 0.928293 0.00349372 -0.78815 0.0288653 0.614806 -0.125594 0.990046 0.0635284 -0.995941 0.0814823 0.0382478 -0.876887 0.406411 0.25671 0.000467658 0.981333 0.192318 -0.000467714 0.842701 0.538382 -0.00747204 0.56332 0.826205 -0.553974 0.450211 0.700302 -0.00498763 0.623409 0.78188 -5.03836e-08 0.976493 0.215548 -0.000624893 0 1 5.72244e-08 5.60992e-15 1 8.78612e-05 3.99006e-12 1 -0.000654559 2.0303e-05 1 -0.000918662 -3.51174e-11 1 -0.000918662 0 1 0 0 1 0 0 1 0 8.09846e-08 1 4.2642e-05 -3.45194e-05 1 7.31005e-05 -5.34109e-05 1 -4.26419e-05 4.02847e-05 1 -8.91204e-05 6.91122e-05 1 0 0 1 0 0 1 0 0 1 -8.7861e-05 3.32616e-05 1 0 0 1 0 0 1 -0.000328294 3.18011e-06 1 0 -0.000113864 1 0.000329655 -0.000207028 1 0.0134213 0.000392625 0.99991 0.146146 -0.0168355 0.98912 -0.000270014 -0.0010067 0.999999 0 -0.00102608 1 2.38801e-08 0 1 2.38801e-08 0 1 -0.99143 -3.55133e-08 0.130643 -0.99143 -3.55047e-08 0.130643 -0.933683 -3.34447e-08 0.358102 -0.914797 0.00113939 0.403913 -0.769389 -0.00126173 0.638779 -0.656612 0.00125366 0.754227 -0.534342 -0.000918873 0.845268 -0.346066 0.0011706 0.938209 -0.250151 -0.000897913 0.968206 0 1 0 0 1 0 0 1 0 0 1 0 0 1 0 0 1 0 0 1 0 -6.6891e-06 1 0 -6.6891e-06 1 2.78113e-13 0 1 0 0 1 0 0 1 0 0 1 0 0 1 0 0 1 0 -4.52258e-07 1 2.21249e-07 -1.04033e-06 1 -1.90773e-06 0 1 0 0 1 0 0 1 0 0 1 0 0 1 0 0 1 0 -6.74193e-07 1 2.85835e-07 -4.97268e-07 1 -2.74208e-07 1 4.65661e-08 -4.15766e-08 1 4.65661e-08 -4.15766e-08 0 0 1 0 7.45025e-07 1 4.8255e-08 1.20652e-08 1 -0.505374 -0.126358 0.853599 0 0 1 0 0 1 0 0 1 0 0 1 -7.29704e-08 2.18869e-07 -1 2.05817e-07 -2.31283e-06 1 0 0 1 0 0 1 0 0 1 0 0 1 0 0 1 0 0 1 0 0 1 0 0 -1 0 0 1 0 1 0 1.62443e-06 1 -8.12654e-05 0 1 0 0 1 0 0 1 0 0 1 0 0 1 0 -3.76567e-06 1 -7.75567e-05 -1.86138e-07 1 -1.68111e-07 -6.9621e-07 1 0 0 1 0 0 1 0 0 1 0 -6.38447e-07 1 4.54064e-07 -1.88147e-07 1 -1.6342e-07 0 1 0 0 1 0 0 1 0 0 1 0 0 1 0 0 1 0 0 1 0 0 1 0 0 1 0 0 1 0 0 1 0 0 1 0 0 1 0 0 1 0 0 1 0 0 1 0 0 1 0 0 1 0 0 1 0 0 1 0 0 1 0 4.11442e-06 1 5.47953e-05 -9.51938e-07 1 0 0 1 0 -3.01123e-05 1 3.25713e-05 0 1 0 -1.88147e-07 1 3.52763e-07 -2.66986e-07 1 1.99856e-07 2.52968e-05 1 4.02586e-05 0 1 0 1.10119e-06 1 8.59792e-05 0 1 0 -6.06031e-07 1 8.51216e-05 0 1 0 0 1 0 0 1 0 0 1 0 0 1 0 0 1 0 0 1 0 0 1 0 0 1 0 0 1 0 0 1 0 0 1 0 -0.647628 0 -0.761957 -0.647628 -1.73244e-07 -0.761957 -0.647694 -1.20643e-07 -0.761901 -0.647636 3.90041e-05 -0.76195 -0.647643 2.33877e-05 -0.761944 -0.647635 0 -0.761951 1 0 -1.36954e-07 1 2.32826e-07 0 0.499841 -0.024869 -0.86576 0.484689 0 -0.874686 0 1 0 0 1 0 0 1 0 0 1 0 0 1 0 0 1 0 -3.97361e-05 1 0 -3.94661e-05 1 -9.57741e-08 -1.49525e-05 1 2.69646e-05 0 1 0 0 1 0 -2.34212e-07 1 2.56223e-07 0 1 0 0 1 0 0 1 0 0 1 0 0 1 0 -1.49932e-05 1 -1.64037e-05 0 1 0 0 1 0 0 1 0 0 1 0 0 1 0 -2.3427e-07 1 -2.56308e-07 0 1 0 0 1 0 0 1 0 0 1 0 0 1 0 0 1 0 0 1 0 0 1 0 0 1 0 0 1 0 0 1 0 0 1 0 0 1 0 0 1 0 0 1 0 0 1 0 0 1 0 0 1 0 0 1 0 0 1 0 -6.20902e-07 1 0 -6.27231e-07 1 -2.72379e-09 0 1 0 -6.13988e-07 1 -9.46259e-09 -7.52073e-07 1 -4.32485e-07 0 1 0 0 1 0 0 1 0 0 1 0 0 1 0 0 1 0 -6.38824e-07 1 0 -6.16734e-07 1 5.70407e-09 0 1 0 -3.16991e-07 1 4.15873e-07 -7.8628e-07 1 3.12677e-07 0 1 0 0 1 0 0 1 0 0 1 0 -1 -1.16413e-07 5.50572e-08 -1 -1.16413e-07 5.50572e-08 -0.499862 -0.0249778 0.865745 -0.484645 -4.01778e-08 0.874711 0.484654 0 0.874706 0.499871 -0.0249776 0.86574 -0.000695607 0 -1 0 0 -1 -0.000713823 0 -1 0.000105668 3.99004e-12 -1 0 0 -1 0 0 -1 0.000105433 6.48902e-05 -1 0 4.43488e-08 -1 -5.95391e-08 -3.96544e-09 -1 0 0 -1 -0.00083589 -9.60139e-05 -1 -0.00200493 -8.76535e-11 -0.999998 -0.00200493 0 -0.999998 0 0 -1 0 0 -1 0 9.80337e-08 -1 0.000583398 0.000443785 -1 0 0 -1 -0.00010459 -0.000104126 -1 0 0 -1 0 0 -1 0 0 -1 -0.000105668 -4.00026e-05 -1 0.148482 -0.016823 -0.988772 0 -0.00103653 -0.999999 -0.00554773 -0.000645655 -0.999984 0.00966763 0.000600523 -0.999953 -2.38801e-08 0 -1 -1.06181e-05 0.000236083 -1 -5.31194e-06 0.000795409 -1 -0.25002 0.00200606 -0.968238 -0.502107 -0.00237219 -0.864802 -0.534395 -0.00110945 -0.845234 -0.769336 0.00183049 -0.638842 -0.901779 -0.00185604 -0.432195 -0.933708 -3.38093e-08 -0.358035 -0.991425 -3.55129e-08 -0.130675 -0.991425 -3.55134e-08 -0.130675 1.32753e-05 -1 0 1.32753e-05 -1 -5.51941e-13 0 -1 0 0 -1 0 0 -1 0 0 -1 0 0 -1 0 0 -1 0 0 -1 0 0 -1 0 0 -1 0 0 -1 0 0 -1 0 0 -1 0 0 -1 0 0 -1 0 8.56751e-07 -1 1.07839e-06 4.7093e-07 -1 -2.43217e-07 0 -1 0 0 -1 0 4.52269e-07 -1 2.21267e-07 1.04071e-06 -1 -1.90847e-06 0 -1 0 0 -1 0 0.00159398 -0.999999 -4.80564e-05 1 4.65663e-08 -4.15766e-08 1 4.65663e-08 -4.15766e-08 0 -1 0 0 -1 0 0 -1 0 0 -1 0 0 -1 0 2.34147e-07 -1 2.56175e-07 0 -1 0 0 -1 0 0 -1 0 0 -1 0 0 -1 0 0 -1 0 0 -1 0 0 -1 0 0 -1 0 0 -1 0 0 -1 0 2.34278e-07 -1 -2.56295e-07 0 -1 0 0 -1 0 0 -1 0 0 -1 0 0 -1 0 0 -1 0 0 -1 0 0 -1 0 0 -1 0 0 -1 0 0 -1 0 0 -1 0 0 -1 0 0 -1 0 0 -1 0 0 -1 0 0 -1 0 0 -1 0 6.22434e-07 -1 -2.09622e-09 6.2766e-07 -1 0 9.22828e-07 -1 3.54971e-07 2.8328e-07 -1 4.62056e-07 0 -1 0 0 -1 0 0 -1 0 0 -1 0 0 -1 0 0 -1 0 6.20902e-07 -1 0 6.33322e-07 -1 -5.34515e-09 0 -1 0 0 -1 0 0 -1 0 0 -1 0 4.9309e-07 -1 -1.74898e-07 5.22179e-07 -1 -3.7128e-07 0.856099 0.0246218 -0.516226 0.874382 -0.026987 -0.484488 -1.10094e-07 -0.0183251 -0.999832 0.00875336 0 -0.999962 0.997732 -0.0673197 0 0.994103 0 -0.108438 1 0 0 0.991738 -0.0769694 0.102627 0.980007 0.112996 0.163762 1 0 0 1 0 0 0.985761 0.0955 -0.138404 1 0 0 1 0 0 1 0 0 1 0 0 -1 0 0 1 0 0 1 0 0 1 0 0 0 -1 0 0 -1 0 0 -1 0 0 -1 0 0 -1 0 0 -1 0 0 -1 0 0 -1 0 0 -1 0 0 -1 0 0 -1 0 0 -1 0 1.0842e-06 -1 -8.53053e-05 -5.22951e-07 -1 -8.43332e-05 0 -1 0 0 -1 0 0 -1 0 0 -1 0 0 -1 0 -3.72243e-05 -1 -2.11203e-05 3.76555e-05 -1 -2.03678e-05 7.4704e-07 -1 0 5.38947e-08 -1 4.34766e-07 1.88147e-07 -1 1.51661e-07 0 -1 0 8.74973e-05 -1 2.35004e-06 8.56433e-05 -1 -2.75367e-06 0 -1 0 0 -1 0 0 -1 0 9.97195e-05 -1 -9.40655e-06 0.000104617 -1 1.22337e-05 0 -1 0 0 -1 0 0 -1 0 0 -1 0 0 -1 0 0 -1 0 0 -1 0 2.89879e-07 -1 2.76527e-09 0 -1 0 4.96618e-06 -1 7.48253e-05 -6.36835e-07 -1 7.76787e-05 1.88147e-07 -1 -2.40081e-07 0 -1 0 0 -1 0 0 -1 0 0 -1 0 0 -1 0 0.618513 -0.351402 -0.702822 1 0 0 1 0 0 0 1 0 0 1 0 0 1 0 0 1 0 0 1 0 0 1 0 2.05817e-07 0 1 1.90574e-07 -5.51784e-08 1 1.90574e-07 -2.38578e-11 1 0 1.96067e-07 1 1.28458e-07 4.36084e-08 1 0 0 1 1 0 -0.000295045 1 0.000137835 0 0 -1 0 0 -1 0 0 -1 0 4.6866e-08 -1 -1.94975e-07 4.01432e-08 -1 1.67015e-07 0 -1 0 0 -1 0 0 -1 0 0 -1 0 4.68661e-08 -1 -3.87161e-08 4.54748e-08 -1 3.7555e-08 0 -1 0 0 -1 0 0 -1 0 4.68661e-08 -1 -3.87141e-08 0 -1 0 4.54748e-08 -1 3.75767e-08 0 -1 0 0 -1 0 0 -1 0 4.6866e-08 -1 -1.94986e-07 4.01432e-08 -1 1.67006e-07 0 -1 0 0 -1 0 -0.999113 -1.61826e-07 0.0421095 -0.999998 -0.00215582 0 0 0 1 0 0 1 0.983152 -0.00952358 0.182543 1 1.6197e-07 0 -1 0.000125189 0 -1 -9.80337e-08 0.000258746 1 0.000138031 0 1 1.96057e-07 0.000295041 -1.28458e-07 0 -1 -2.05817e-07 5.96896e-08 -1 -1.90551e-07 0 -1 -1.90551e-07 -9.47735e-08 -1 0 0 -1 0 0 -1 -0.989586 -0.143946 0 -0.939788 0 -0.341757 0 0 -1 0.336247 0 -0.941774 0 0 -1 0.257475 -0.0643637 -0.964139 0 0 -1 0 0 -1 0 0 -1 0 0 -1 -2.05817e-07 7.28057e-07 -1 -4.82552e-08 -5.42255e-07 -1 0 0 -1 0 0 -1 0 0 -1 0 0 -1 0 0 -1 0 0 -1 0 0 -1 0 0 1 0 0 -1 -1 0 0 -1 -1.16414e-07 5.50564e-08 -0.499985 -4.51026e-06 -0.866034 -0.499988 0 -0.866032 0.499998 0 -0.866027 0.499994 -5.1021e-06 -0.866029 0 0.028924 -0.999582 -0.450625 -0.0542176 -0.891065 -0.485194 0 -0.874406 -1 0 0 -1 0 0 0.485203 0 -0.874402 0.453884 -0.0492584 -0.889698 1 0 0 1 0 0 1 4.11867e-05 0.00015597 1 -1.41916e-05 -0.000155975 1 0 0 1 0 0 1 0 0 1 4.07752e-05 0.000150887 1 0 0 1 0 0 1 1.4369e-05 0 1 -1.41916e-05 -0.000150885 1 6.14526e-05 7.59121e-05 1 -6.14516e-05 -7.59109e-05 1 -0.000124461 -0.000177501 0.999989 0.004642 0.00043619 0.998397 0.00497299 -0.0563733 0.961615 -0.00208202 -0.274395 0.782556 0.00216326 -0.622576 0.685138 -0.00265974 -0.728409 0.463735 0.00258411 -0.88597 0.279025 -0.0026236 -0.96028 8.31532e-08 0 1 8.31532e-08 0 1 1 0 0 1 0 0 1 0 0 1 0 0 1 0 0 1 0 0 1 0 0 1 0 0 1 0 0 1 0 0 1 0 0 1 0 0 1 0 0 1 0 0 1 0 0 0.992172 0.0749277 -0.0999018 0.981034 -0.110084 -0.15954 0 0 1 0 0 1 0.865766 -0.02477 0.499835 0.874655 0 0.484745 0.874656 0 -0.484745 0.865767 -0.02477 -0.499834 -1.10113e-07 0 -1 -1.10113e-07 0 -1 0 0 -1 0 0 -1 1 0 0 1 0 0 0.647641 0 -0.761945 0.647642 4.77874e-06 -0.761945 0.576297 0.0229608 -0.816918 0.647649 0 -0.761939 0 0 -1 0 0 -1 0 0 -1 0 0 -1 0 0 -1 0 0 -1 0 0 -1 0 0 1 0 0 -1 0 0 -1 0 0 -1 0 0 -1 -2.05817e-07 2.31276e-06 -1 -4.82546e-08 -1.70702e-07 -1 -0.496765 -0.124182 -0.858955 0 0 -1 0 0 -1 0 0 -1 0 0 -1 3.93947e-07 -1 1.46214e-07 1.70533e-07 -1 -2.20804e-07 -9.4749e-05 -1 6.44899e-07 0 -1 0 0 -1 0 0 -1 0 0 -1 0 0 1 0 0 -1 0 4.81128e-08 -1 -3.91967e-07 0 1 0 0 -1 0 6.36013e-08 -1 8.32622e-10 1.66451e-07 -1 1.32143e-08 -7.86944e-06 -1 7.78944e-05 4.44511e-05 -1 3.52891e-06 0.00160944 -0.99997 -0.00756209 3.16718e-07 -1 3.72515e-07 2.8997e-05 -1 3.41054e-05 3.05304e-06 -1 -5.84563e-05 0.000125857 -1 -5.22086e-05 0 -1 0 0 -1 0 0.000146789 -1 -0.000105222 -3.9119e-05 1 -1.88465e-05 0 1 0 0.00061299 -1 -3.98961e-05 0 -1 0 4.26835e-05 -1 6.50982e-06 -0.000589856 -1 -1.07879e-05 0.000496617 -1 0.000406095 0.000369137 -1 -0.000163401 3.49503e-06 -1 -1.68804e-07 3.1607e-06 -1 -6.97277e-06 9.96804e-08 -1 3.11238e-07 0 -1 0 0 -1 0 3.28255e-06 1 4.27218e-05 3.94243e-06 -1 3.72419e-06 7.52177e-06 -1 1.29571e-06 3.10441e-06 -1 3.70985e-05 -1.65939e-05 -1 -0.000198302 -1.27957e-05 -1 -0.000164742 5.75512e-06 -1 1.29199e-06 6.59538e-06 -1 -3.53317e-06 0 1 0 0 1 0 1.52823e-07 -1 2.81967e-09 0 -1 0 0 -1 0 0.000249218 -1 -0.000269479 -9.21656e-05 -1 0.000240614 -0.000439625 -1 0 4.03154e-07 -1 -1.05005e-07 2.55789e-06 -1 2.34382e-05 3.16071e-06 -1 7.93925e-06 0 -1 0 0 -1 0 0 -1 0 -0.686948 -0.506579 -0.521038 0.364287 0.398713 -0.841619 0.690785 -0.498291 0.523949 0.29915 0.139293 0.943985 -0.999817 -0.0139674 -0.0130889 -0.698463 -0.373196 -0.610634 -0.684248 -0.387174 -0.617982 0.561726 0.20603 -0.801259 0.901421 -0.184953 0.391448 0.65557 -0.468686 0.592082 -0.532602 0.276134 0.800053 -0.206476 -0.0339506 0.977863 -0.888477 0.165484 -0.428045 -0.269601 -0.537939 -0.798709 0.838285 0.419947 -0.34774 0.274667 -0.51227 0.813718 -0.914693 -0.379552 0.138841 -0.899036 -0.0190466 0.43746 0.460222 -0.5482 -0.698335 0.650521 0.232871 0.722907 -0.214904 -0.00116508 0.976634 -0.980642 0.0990154 -0.168927 -0.833041 -0.217657 -0.508595 0.260392 0.1608 -0.952019 0.78038 -0.223066 -0.584165 0.955518 0.202414 0.214509 0.0723851 -0.255795 0.964017 -0.150622 -0.023496 0.988312 -0.453645 -0.420358 0.785815 -0.680439 0.307519 -0.665157 0.434454 -0.494857 -0.752573 0.913471 0.0454799 -0.404355 -0.664515 -0.189075 -0.72296 -0.33891 0.179276 -0.92358 0.957437 -0.172288 -0.231587 0.973528 0.175569 0.146351 -0.25803 -0.181243 0.948984 -0.600453 0.187121 0.777458 -0.46207 0.0379382 0.886032 -0.695182 -0.403849 0.594666 -0.290075 0.309086 -0.905717 0.65949 -0.496814 -0.564135 0.998611 0.0212122 -0.0482312 -0.0922765 -0.0339373 -0.995155 -0.324551 -0.027244 -0.945476 -0.61691 0.072323 -0.783704 -0.759076 -0.651002 0.000222242 -0.514695 -0.857337 -0.00789492 -0.383408 -0.904222 -0.1881 -0.771452 -0.134873 -0.621828 -0.00962846 -0.994582 -0.103505 -0.000888784 -0.901315 -0.433164 -0.00867506 -0.991377 -0.130753 0 -1 0 0 -1 0 0 -1 0 6.777e-08 -1 8.17785e-08 6.41227e-08 -1 2.40098e-08 6.37198e-08 -1 -8.58914e-09 6.09965e-08 -1 4.92161e-08 0 -1 0 0.0276176 -0.998212 -0.0530157 0 -1 0 0.000730905 -0.999996 0.00267547 0 -1 0 0 -1 0 0 -1 0 -0.10099 -0.12959 0.986411 -0.00900803 -0.97668 0.214512 -0.00417492 -0.994823 0.101542 -0.0027853 0.939489 0.342567 -0.61898 -0.132893 0.774082 -0.0582025 -0.998289 0.00570641 -0.998971 -0.0453444 -0.00121063 -0.999425 -0.0338982 9.38636e-06 -0.941181 0.0635852 0.331866 -0.92628 0.023817 0.376084 -0.225068 0.0965282 0.96955 -0.297801 0 0.954628 -0.000508738 -0.393948 0.919132 0.000380897 -0.192746 0.981249 2.99361e-08 -0.130256 0.991481 0.92873 -0.110189 0.354003 0.431235 0.190375 0.881926 0.00200647 -0.75673 0.653724 0.0105124 -0.2598 0.965605 0.111211 0 0.993797 0.171286 0.0197495 0.985023 0.632805 -0.111391 0.766257 0.990128 -0.08195 0.113716 0.964284 -0.26486 0.00208967 0.999427 -0.0337159 -0.00299208 0.00116435 -0.670614 -0.741806 0.00702548 0.662092 0.74939 0.0238242 -0.991133 -0.13072 0.727328 -0.180521 -0.662122 -0.000179987 -0.999955 -0.00947951 0.499043 -0.865013 -0.0520569 0.632119 0.77462 -0.0197538 0.657508 -0.0364126 -0.752567 0.0869993 0.0371463 -0.995516 0.145109 0 -0.989416 -0.000232303 -0.561969 -0.827159 -0.000358366 -0.193072 -0.981184 -1.61734e-08 -0.157133 -0.987577 0.398785 0.0768978 0.913815 0.766009 -0.079345 0.637914 0.93611 0.0289662 0.350512 0.990821 0.020859 -0.133558 0.946054 -0.0530049 -0.319644 0.62911 0.0433481 -0.776107 0.383934 -0.0268288 -0.922971 0.0629 0.0411734 -0.99717 -0.392427 -0.0672877 -0.917319 -0.705397 0.0569089 -0.706524 -0.998478 -0.0417118 -0.0360722 -0.998459 -0.0402725 -0.0381818 -0.427912 0.0394468 0.902959 -0.308208 -0.0363202 0.950625 0 -1 0 0 -1 0 0 -1 0 0 -1 0 -0.647646 0 0.761941 -0.647662 6.25482e-05 0.761928 -0.647641 0 0.761945 -0.64766 5.62699e-05 0.76193 -0.647649 0 0.761939 -0.647649 0 0.761939 -1 0 0 -1 0 0 1 0 -1.36953e-07 1 0 -1.36953e-07 0.589783 0 0.807562 0.615678 0.0235829 0.787645 0.65148 0.0173968 0.758466 0.647653 3.43032e-05 0.761935 1 0 0 1 0 0 0 0.00624794 0.999981 -0.00293863 0 0.999996 -0.999952 0.00983439 0 -0.999991 0 -0.00434253 -0.478878 0 -0.877881 -0.499681 -0.034928 -0.865505 0.499978 -0.00484494 -0.866024 0.496966 0 -0.86777 1 0 0 1 0 0 -1 0 0 -1 0 0 1 0 0 0.99984 -0.0163529 -0.00730043 -1 0 0 -1 0 0 -0.484681 0 -0.874691 -0.499831 -0.0248692 -0.865766 0.499839 -0.024869 -0.865761 0.484689 0 -0.874687 1 0 0 1 0 0 -1 0 0 -1 0 0 1 4.6565e-08 -4.1577e-08 1 4.6565e-08 -4.1577e-08 -1 -1.1641e-07 5.50564e-08 -1 0 0 -0.48468 -5.64214e-08 -0.874691 -0.499832 -0.0248692 -0.865766 0 0 -1 0 0 -1 0.874695 0 -0.484674 0.865758 -0.0248988 -0.499843 0.865764 -0.024899 0.499833 0.8747 0 0.484665 1.10113e-07 0 1 1.10113e-07 0 1 -8.31532e-08 0 -1 -8.31532e-08 0 -1 0.482768 -0.000916813 0.875748 0.56098 0.00369381 0.827821 0.842086 -0.00413688 0.539327 0.954158 0.00278662 0.299289 0.989678 -0.00107048 0.143307 -8.31532e-08 0 -1 -8.31532e-08 0 -1 8.31532e-08 0 1 8.31532e-08 0 1 0.0721592 0.136332 0.988032 0.374521 0.926977 0.0211764 0.0146141 0.999769 0.0157421 -5.18454e-05 -1 -3.793e-05 -0.000145724 1 -0.000106611 0.000126625 1 -3.94065e-05 4.22386e-05 1 1.81048e-05 0 1 0 0 1 0 0 1 0 1.72537e-06 1 -1.61864e-05 0 1 0 0 -1 0 0.0152767 0.99976 -0.0157324 1.62995e-06 1 -1.72587e-05 -5.38727e-06 1 -6.72213e-05 -3.416e-06 1 -2.41396e-05 -9.49975e-06 1 -2.61502e-05 -1.62015e-07 1 -7.99539e-09 -6.51129e-08 1 2.69694e-09 3.68685e-07 1 1.36419e-06 0 1 0 -1.04421e-07 1 -6.74432e-08 -3.40102e-07 1 6.07315e-08 0 1 0 0 1 0 -8.3533e-08 1 1.09609e-07 -2.19493e-07 1 -2.58223e-07 -2.58827e-08 1 -4.99256e-09 -2.30055e-06 1 2.18707e-05 -5.09586e-08 1 -3.67529e-07 -3.1607e-06 1 6.61905e-06 -2.02297e-05 1 4.04798e-05 2.46897e-05 1 2.8096e-05 -1.59419e-07 1 4.94055e-09 -7.13287e-05 -1 7.62717e-05 2.41619e-05 -1 -2.58362e-05 -4.26266e-05 1 1.32104e-06 8.0519e-05 0.999999 0.00104462 4.58598e-08 -1 -4.29032e-10 -3.12914e-06 1 2.2021e-05 4.64923e-06 -1 -2.22967e-05 -5.68014e-06 1 8.05247e-06 -3.87239e-08 1 -9.42331e-08 0 1 0 -0.00068609 1 0.000256548 0.00105052 0.999999 0.000656243 0 -1 0 0 1 0 0.00146921 0.999999 0.000382542 0.00151025 0.999999 -0.000242794 0 1 0 0 -1 0 0 1 0 0 1 0 0 1 0 -6.12924e-08 1 7.64199e-08 -1.49699e-09 1 -5.02629e-07 -4.82552e-08 1 4.23391e-07 -0.123511 -0.472177 -0.872808 -0.763953 0.461814 -0.45067 0.124887 -0.45336 0.882535 0.762138 0.46584 0.449599 0.932469 0.158752 -0.324498 -0.0762144 -0.542829 -0.836378 -0.937202 0.212805 -0.276346 -0.999511 -0.0280929 0.0137149 0.0473591 -2.87299e-05 0.998878 0.122756 0.0656446 0.990264 0.996673 -0.0702813 -0.0412817 0.0985865 -0.0313394 0.994635 -0.912518 -0.00692496 -0.408978 -0.729267 0.267305 -0.629855 0.533799 -0.617338 -0.577886 0.997949 0.055387 -0.0320868 0.111681 -0.0151996 0.993628 -0.958698 0.134962 0.250366 -0.329176 -0.699674 0.634113 -0.583526 0.343233 -0.735995 0.0286991 -0.244886 -0.969127 0.929842 0.293892 0.221406 0.571016 -0.501701 0.649797 -0.99992 0.00854554 0.00935456 -0.999409 0.0320972 -0.01232 0.576077 -0.0342524 -0.816677 0.657971 0.0897687 -0.747673 -0.0109865 -0.388041 0.921577 0.380009 -0.0212827 0.924738 0.192691 0.260615 0.946018 -0.407545 -0.157679 0.899469 -0.961384 0.191766 -0.1974 -0.446314 -0.345651 -0.825427 0.479016 0.363786 -0.798877 0.907004 -0.348674 0.236159 -0.450717 -0.342047 -0.824535 0.915624 0.329206 -0.230774 0.165801 -0.598514 -0.783767 -0.869901 -0.463413 0.168884 -0.524356 0.427189 0.736587 0.260371 -0.0636218 0.96341 0.91522 -0.0881841 0.393188 -0.131257 -0.294278 -0.946664 0.933972 0.222413 -0.279694 0.975664 -0.112523 0.188198 0.11108 0.207891 0.971824 -0.509655 -0.606243 0.610509 -0.684124 0.270576 -0.677321 -0.679165 -0.0432618 -0.73271 -0.998586 0.0520109 -0.0110367 -0.0105497 0.246297 -0.969137 -0.033291 0.372092 -0.927599 -0.000731599 0.831639 -0.555317 -0.0023307 0.999852 -0.0170567 -0.833651 0.467174 -0.294574 0.000146275 0.982924 -0.184009 0.00789123 0.644952 -0.764183 0.816748 -0.53819 -0.208024 0.171361 0.985198 0.00440861 0.73978 0.664641 -0.10478 0.997545 0.0689803 0.0120654 0.0517476 -0.995157 -0.0835762 0.173379 0.453948 -0.873997 -0.0649906 -0.0233172 -0.997613 0.991989 0.122512 -0.0307821 0.962662 0.270706 -0.000692413 -0.647628 0 -0.761957 -0.647628 0 -0.761956 -0.647635 0 -0.761951 -0.647618 5.17927e-05 -0.761965 -0.647643 -3.40484e-05 -0.761944 -0.647694 0 -0.761901 -1 0 0 -1 0 0 1 0 -1.36954e-07 1 0 -1.36954e-07 0.716542 0.0548909 -0.695381 0.651169 0.00265944 -0.758929 0.647557 -0.0162676 -0.761844 0.999994 0 -0.00336776 0.999979 -0.00645954 0 0 -0.00638765 -0.99998 -0.00300134 0 -0.999996 0.577766 -0.0225204 0.815892 0.647699 0 0.761896 0.650576 0.00217287 0.759438 0.647595 -0.0134313 0.761866 1 0 0 1 0 0 0 0 1 -0.0087576 -0.0179533 0.999801 -0.472791 0.118211 0.87321 0 0 1 0 0 1 0 0 1 0 0 1 0 0 1 0 0 1 0 0 1 0 0 -1 0 0 1 0 0 1 0 0 1 0 0 1 0 0 1 2.05817e-07 2.31296e-06 1 4.82556e-08 -1.70702e-07 1 0 0 1 0 0 1 1 0 0 1 0 0 0.699205 -0.319731 0.639441 0.499984 0 0.866034 0.499984 0 0.866034 -0.572678 -0.0604351 0.81755 -0.532951 -0.107333 0.839311 -0.281503 0 0.959561 -0.999016 -0.0400908 0.0189607 -0.999805 -0.0178419 0.00843822 -0.845921 -0.198075 0.49516 -1 0 0 1 0 0 0.788668 -0.228349 -0.570842 -1 0 0 -1 0 0 -0.484678 0 0.874692 -0.499832 0.0248745 0.865765 0.524962 0.0244438 0.850775 0.484263 -0.0418399 0.873922 0.999804 -0.0198144 0 0.999955 0 0.00953895 -1 0 0 -1 0 0 -0.999993 -0.00347842 0.0016451 -1 0 0 -0.484653 -0.0130671 0.874609 -0.46012 -0.0515521 0.886359 0.447561 -0.0580902 0.892365 0.484703 0 0.874679 1 0 -1.36953e-07 1 2.32827e-07 0 -0.647646 0 0.761941 -0.647641 -2.71285e-05 0.761945 -0.647662 0 0.761928 -0.64765 -7.50222e-06 0.761938 -0.647649 -1.5079e-07 0.761939 -0.647649 0 0.761939 -1 0 0 -1 0 0 0.00317541 -0.00258063 0.999992 -0.0290783 0.594152 0.803827 0.948884 0.298391 -0.102871 0.125929 0.772151 0.622837 0.246968 0.968197 -0.0400231 0.975984 -0.197775 0.091329 0.612931 0.783539 0.101897 0.374154 -0.850162 0.370449 0.00225911 0.919276 0.393608 0.0383214 0.0631193 0.99727 0.8747 0 0.484665 0.865763 0.0248998 0.499834 0 0 1 0 0 1 0.865761 0.0247707 -0.499845 0.87465 0 -0.484755 0 0 -1 0 0 -1 0.874655 0 0.484745 0.865766 0.0247709 0.499836 1.10113e-07 0 1 1.10113e-07 0 1 1 4.65663e-08 -4.1577e-08 1 4.65663e-08 -4.1577e-08 -1 0 0 -1 0 0 0.809596 0 0.586987 0.960426 -0.278536 0 -1 0.000474967 0 -1 0 0.000229468 -0.280852 -0.0714992 -0.957084 -0.47396 -0.153546 -0.867056 -0.57333 -0.0362212 -0.818523 0.473185 0 -0.880963 0.499543 -0.0420028 -0.86527 -1 0 0 -1 0 0 0.990318 0 -0.138815 0.999973 -0.00731292 0 0 0 -1 0 0 -1 -0.99771 -0.00352387 -0.0675428 -1 0 0 0 0 -1 0 0 -1 -1 0 0 -1 0 0 1.49971e-07 0 1 1.49971e-07 0 1 1 0 0 1 0 0 1.31811e-07 -1 -4.16212e-08 1.31811e-07 -1 -4.16212e-08 1.23609e-07 -1 -4.16207e-08 1.24195e-07 -1 -4.31622e-08 -1 0 0 -1 0 0 0 0 1 0 0 1 1 0 0 1 0 0 -1.49971e-07 0 -1 -1.49971e-07 0 -1 -1 0 0 -1 0 0 -0.499868 -0.0244846 0.865755 -0.484954 0 0.87454 -1 0 0 -1 0 0 0.484963 0 0.874535 0.499877 -0.0244845 0.86575 1 0 0 1 0 0 -0.499643 -0.0387281 0.865365 -0.476701 0 0.879066 -1 0 0 -0.999766 0.0195518 0.00924667 0.499303 0 0.866428 0.500016 -0.00114038 0.866016 1 0 0 1 0 0 0.999997 0 0.00242674 0.999985 -0.00543573 0 -1 0 0 -1 0 0 -1 0 0 -1 0 0 -0.0074838 0.999972 -0.000925424 0.00120935 0.999929 -0.0118859 0.0149316 0.99988 0.00403394 -0.0100175 0.999949 0.0015473 -0.0189739 0.999378 -0.0297242 0.00921057 0.99988 -0.0124713 -0.00595674 0.999726 -0.0226343 -0.00244372 0.99996 0.00855994 -0.00325029 0.999953 0.00918631 0.00816 0.999965 -0.00158363 0.00546389 0.999954 0.00790057 0.00497553 0.999942 0.00953583 -0.366714 0.160854 0.916323 -0.479624 0.633313 -0.607352 0.89958 0.370925 0.230585 -0.340992 -0.894616 0.288768 -0.961504 -0.102068 0.255131 -0.456524 -0.887108 -0.0680087 0.423468 -0.861841 0.279115 0.34513 -0.488299 0.801529 0.0602542 -0.881345 0.468616 -0.00865581 -0.957595 -0.287987 0.671965 -0.23018 -0.703904 0.395512 -0.907787 -0.139618 -0.979069 0.141952 -0.145853 -0.760949 0.0754726 0.644407 -0.667991 -0.175977 0.723063 0.182998 0.0753661 0.98022 0.127404 -0.04426 0.990863 0.831508 0.0906816 0.548061 0.898875 -0.287892 0.330366 0.901964 0.291691 -0.318398 0.634651 -0.226633 -0.738821 0.377054 0.146006 -0.914611 -0.145574 -0.183989 -0.972089 -0.545638 0.167291 -0.821153 -0.876725 -0.297112 -0.378257 0 -1 0 0 -1 0 0 -1 0 0 -1 0 0 -1 0 0 -1 0 0 -1 0 0 -1 0 0 -1 0 0 -1 0 0 -1 0 0 -1 0 0.953834 -0.276204 0.117948 0.919103 0.141981 -0.367548 0.177189 -0.104982 -0.978562 0.331739 0.104221 -0.937596 -0.564285 -0.125838 -0.815934 -0.8058 0.144486 -0.574291 -0.975629 -0.110896 0.189343 -0.921866 0.0697552 0.381178 -0.100603 -0.110604 0.98876 -0.072327 -0.0741104 0.994624 0.736659 0.176587 0.652802 -0.040525 -0.998995 0.0191626 0.00557144 -0.999958 0.00730259 0.00419948 -0.999981 0.00461113 0.000980571 -0.999997 0.00217977 -2.40781e-05 -0.999991 0.00413747 -0.000462598 -1 -0.000297619 0.0124802 -0.999921 -0.00166824 -0.0993317 -0.994451 0.0346596 -0.0626466 -0.998033 -0.00242638 0.0132824 -0.999162 0.0387119 0.693976 -0.520389 -0.497587 0.938873 -0.229223 -0.256854 0.777277 -0.627338 -0.0478211 0.938283 0.0443721 0.343011 0.439916 -0.736146 0.514357 0.26931 0.336322 0.902419 -0.161981 -0.398718 0.902655 -0.355183 0.205093 0.912021 -0.725698 -0.51148 0.460163 -0.952951 -0.102294 -0.285344 -0.247075 -0.737077 -0.629025 -0.311513 -0.649613 -0.693515 -0.0183068 -0.743265 -0.668747 0.363957 0.625431 -0.690197 0 -1 0 6.60839e-05 -1 -0.0001572 0.00278872 -0.999994 -0.00185348 0.000112173 -1 1.15191e-05 -0.00016524 -1 -0.000267984 7.85678e-05 -1 -0.000108021 0 -1 0 0 -1 0 0.000172573 -1 0.000273935 2.63985e-05 -0.999999 0.00135318 -0.000282414 -0.999999 0.00125138 0.000183964 -1 0.000274789 0 -1 0 0.00034831 -1 7.89004e-05 8.30955e-05 -1 0.000158911 0.000196737 -1 7.19215e-05 0.000116316 -1 -0.000110817 0.00126228 -0.999996 -0.00247291 -0.00013211 -1 -0.000328318 -0.000168797 -1 -0.00026824 -0.000174196 -1 -0.000121539 -0.000258039 -1 -6.99015e-05 -0.00016129 -1 7.55977e-05 -9.73454e-06 -1 -0.000203815 0 -1 0 0 -1 0 -0.453104 0.891416 0.00864231 0 -1 0 -0.416988 -0.296263 0.859272 0.0162348 0.100047 -0.99485 0.422078 -0.105222 -0.900432 0.562598 0.248076 -0.788633 0.776412 -0.305909 -0.551003 0.923485 0.326334 -0.201698 0.937677 -0.338531 0.0784762 0.859933 0.311205 0.404556 0.646543 -0.262493 0.716296 0.533318 0.102895 0.839634 0.148956 -0.0511174 0.987522 0.165814 -0.00176827 0.986155 -0.351788 -0.0506726 0.934707 -0.757449 0.200997 0.621185 -0.843511 -0.350354 0.407114 -0.97409 0.224794 -0.0248354 -0.96526 -0.177612 -0.191644 -0.841305 0.130739 -0.524513 -0.673215 -0.219305 -0.706178 -0.557277 0.157283 -0.815294 -0.0567978 -0.113132 -0.991955 0.000809703 1 -0.000235343 -0.000579174 1 2.72374e-05 0.000241916 0.999999 -0.00122023 0.000256899 1 -0.000247755 0.00332225 0.999993 0.00149529 -0.00261946 0.999996 -0.00113676 0.00667662 0.995847 -0.0907939 0.00311313 0.999988 0.00389981 0.00303336 0.999988 0.00395405 0.00024989 1 0.000231184 -0.0715524 0.994668 -0.0742741 -0.0763065 0.996356 -0.038104 -0.0202433 0.999624 0.0185175 -0.000919909 0.999999 -0.000867305 0.0114669 -0.997791 0.0654368 0.00399373 0.999991 0.0015079 0.127272 0.99046 -0.0528253 0.0474993 0.997803 0.0461797 -9.6548e-05 1 0.000565731 -7.97033e-05 1 0.000544773 -0.00154292 0.999997 -0.00164425 0.00428898 -0.999983 0.00400895 -0.00197029 0.999997 -0.00115983 0.000613821 1 -0.000248706 8.71847e-05 1 -0.000220783 0.00417197 0.999991 0.000823889 2.87675e-05 1 -0.00012462 -0.000105447 1 -0.000176666 -0.0204036 0.999657 0.016394 -0.0069796 0.999809 0.018269 -3.07408e-09 1 -4.90446e-05 0.000152593 1 6.1989e-05 -0.00113431 0.999995 -0.00310795 9.84516e-05 1 -0.000116391 1.08074e-05 1 -0.00045673 0.190435 -0.888252 -0.418022 0.6267 0.146249 0.765414 -0.105811 0.992582 -0.0598672 -0.887092 -0.437393 -0.147498 -0.441857 0.882065 0.163477 -0.262712 -0.342017 0.902223 -0.0405595 0.99901 0.0183003 -0.0117423 0.999246 0.0370018 -0.0447485 0.821353 0.568663 0.190347 0.896371 0.400359 0.468114 0.88249 -0.0456159 -0.132421 0.800445 -0.584596 -0.445548 0.873357 -0.196811 0.384366 -0.281055 0.879358 0.395298 -0.912965 -0.101164 0.411924 0.211568 0.886317 0.993063 -0.0973695 0.0659245 0.987016 0.147876 -0.062699 0.610125 0.0279784 -0.791811 0.505839 0.202668 -0.838482 -0.227251 -0.0502958 -0.972537 -0.27726 0.0418071 -0.959885 -0.91211 -0.0436653 -0.407613 -0.936176 0.146793 -0.319416 -0.480551 -0.557837 0.676675 -0.842219 -0.162532 0.514053 -0.389692 0.154823 0.907838 -0.317574 -0.00351399 0.948227 -0.462279 -0.0688582 -0.884057 0.151132 -0.146822 0.977549 0.611981 -0.464061 0.640411 0.677756 -0.0066336 0.735257 0.5182 -0.352095 0.779421 -0.725731 -0.465749 -0.506352 -0.661314 -0.0251011 0.749689 -0.913999 -0.295521 0.27798 -0.116522 0.98477 -0.129037 -0.426946 0.897116 -0.113576 -0.116693 0.984782 -0.12879 0.369011 0.836064 0.40599 0.608709 0.749963 0.2589 -0.0481373 0.959769 -0.276634 0.702125 0.520932 0.485438 0.539663 -0.580369 -0.609865 -0.374501 0.921844 0.0997592 -0.219516 0.727967 0.649521 0.0296513 0.915454 0.401329 -0.203807 0.893829 0.399416 -0.394491 0.90224 -0.174187 0.82145 -0.265684 0.504611 -0.689624 -0.102816 -0.716832 -0.327312 -0.0509012 -0.943545 0.515021 0.0491989 -0.855765 0.763834 -0.0726751 0.641308 -0.0475495 -0.128643 -0.99055 -0.385972 0.0622576 0.920407 -0.978586 0.0806785 -0.189368 0.998009 0.050718 -0.0374862 -8.72536e-05 0.999997 -0.00238342 -0.00281874 0.999996 0.000135635 -0.0013689 0.999995 0.00271366 0.00505226 0.999987 0.000495318 0.00804603 0.999959 -0.00419143 0.00875585 0.999957 -0.00294731 -0.000987985 -1 -0.000276911 0.000570216 -0.999999 -0.000996556 0.00214943 -0.999996 0.00207059 -0.000832488 -0.999999 -0.000970751 -0.000588698 -0.999999 -0.00104518 -0.000709911 -1 0.000674681 0.509437 -0.254852 0.821903 -0.521397 -0.230878 0.821487 -0.523703 0.133406 -0.841391 -0.913663 0.0616314 -0.401774 -0.964825 -0.212876 -0.154263 -0.90975 0.156092 0.384696 -0.138069 0.157023 0.977896 0.810055 0.168736 0.561551 0.99171 -0.127203 0.0181563 0.887733 0.14066 -0.438344 0.748111 -0.0891577 -0.657556 0.152214 0.0710668 -0.985789 -0.120234 -0.190853 -0.974227 0.00010944 -0.999999 0.00114242 7.14627e-06 -1 -4.62815e-05 1.16474e-06 1 9.62244e-05 0.000295285 -1 -2.77332e-05 0.000119725 -1 -5.91177e-05 0.00012369 -1 1.92943e-05 0.000176549 -1 0.000310673 0.000142923 -1 0.000302224 -6.39435e-05 -0.999999 0.00120504 -0.000479703 -1 0.000698237 -0.000425 -1 -0.000341368 0.000485572 -1 0.00016919 0.000481164 -1 0.000149759 0.00289175 -0.999995 -0.000897063 5.04471e-05 -1 5.40419e-05 0.000781144 -1 -0.000169211 0.00307429 -0.999995 0.000393723 6.17498e-05 -1 -0.00038075 0.000663684 -1 -0.000399 6.09065e-05 -1 -0.000379696 -0.000386111 -1 -0.000398558 -0.000816883 -0.999999 -0.000807114 -0.000476384 -1 -0.000405549 -0.000528624 -1 -0.000868305 -0.000238983 -1 -0.000188658 -0.000242345 -1 -0.000104559 4.02957e-05 -1 0.000632536 -0.000129987 -1 0.000545552 0.000687845 -1 -0.000547747 0.000133651 -1 0.000285336 -0.000761115 -0.999999 0.00130654 2.00649e-05 -1 -1.59782e-05 -3.38625e-05 -1 -0.000129787 -0.000283266 -1 -0.000231874 -0.000201966 -1 -8.93909e-05 -0.000192766 -1 -3.65496e-05 -0.000301937 -1 -0.000215187 -0.296433 -0.351665 0.887952 0.237246 -0.123169 -0.96361 0.340898 0.114007 -0.933162 0.660905 -0.147667 -0.735798 0.769889 0.270823 -0.577863 0.923464 -0.275528 -0.267017 0.976305 0.201697 0.0784076 0.979162 -0.0670983 0.191675 0.784574 0.0273992 0.61943 0.780153 0.00697666 0.62555 0.390155 -0.0524693 0.919253 0.349593 0.0797729 0.9335 -0.127756 0.0947059 0.987274 -0.543829 0.107368 0.832299 -0.780665 -0.127811 0.61174 -0.963212 0.00974551 0.268566 -0.97683 0.0924821 -0.193005 -0.969635 -0.0489051 -0.239619 -0.751803 -0.105182 -0.650945 -0.655094 0.201809 -0.728097 -0.321663 -0.183994 -0.928805 -0.169411 0.164266 -0.97176 -0.885991 0.274098 0.374019 0.00024719 1 0.000427526 7.25457e-05 1 0.000336345 0.000179452 1 8.79647e-06 7.69775e-05 1 3.1885e-05 9.08273e-05 1 -8.64526e-05 0.0114102 0.999932 0.00256712 -0.0146915 -0.999238 -0.0361494 -0.000776339 1 0.000191273 -0.000187969 1 0.000693237 -0.000213317 1 0.000781348 0.00028742 1 0.000585501 -0.000790383 1 9.53209e-06 -0.000117289 1 3.44836e-05 -0.000828047 1 -0.000117057 -0.00055506 1 -0.000216936 -0.000566622 1 -0.000486763 -0.000106135 1 -0.00038542 0.000488115 0.999999 -0.00160137 -0.000275958 0.999998 -0.00178741 0.000771308 1 1.02397e-05 8.80441e-05 1 -0.000160121 0.00106552 0.999999 -0.00044942 0.000269567 1 0.000566013 0.000276544 1 3.44375e-05 0.000138849 1 0.000607333 -0.00074387 1 -0.000294455 -0.00061942 1 0.000225574 -0.000143123 1 -0.000489378 0.000159745 1 -0.00029052 -0.000602299 1 0.000373228 -4.86772e-05 1 8.85264e-05 0.000949745 0.999999 -0.000554957 0.000118549 1 4.91044e-05 -0.916293 -0.188828 0.353201 -0.845293 -0.40278 -0.351067 -0.755395 0.259864 0.601539 0.868457 -0.340215 0.360605 0.6945 0.460226 -0.553047 -0.581887 -0.076825 0.809633 -0.98494 -0.0962012 0.143664 0.872294 -0.120902 -0.4738 0.859896 -0.126264 0.494607 0.350821 -0.182284 0.91853 1.48159e-05 1 0.000179944 0.000133478 1 -4.8707e-05 0 1 0 0 1 0 0 1 0 0 1 0 0 1 0 0 1 0 1.67272e-05 1 -3.25965e-05 0 1 0 0 1 0 6.10673e-05 1 -2.39384e-05 0.000155011 1 -8.90078e-07 0.000192797 1 2.61589e-05 0 1 0 0 1 0 0 1 0 -0.0735553 0.138062 0.987689 -0.422906 -0.376797 0.82412 -0.885 0.153299 -0.43963 -0.763364 -0.19501 -0.61583 0.909489 0.301106 -0.286644 0.985161 -0.157373 -0.0684976 0 -1 0 0 -1 0 0 -1 0 0 -1 0 0 -1 0 0 -1 0 0 -1 0 0 -1 0 0 -1 0 -6.49223e-05 -1 -1.15179e-05 -5.62018e-05 -1 -4.81732e-05 0 -1 0 0 -1 0 0 -1 0 0 -1 0 -0.000106124 -1 4.21222e-06 0 -1 0 -0.927137 -0.267693 0.262217 -0.938915 -0.0324521 0.342615 -0.848702 -0.292643 0.440529 -0.802978 -0.377198 0.461464 -0.755257 0.10249 -0.647366 0.421415 -0.880092 -0.21874 0.948718 0.284678 0.137454 0.602279 0.0412254 0.797221 -0.999112 -0.0417338 0.00573692 -0.99771 0.0574724 -0.0356505 0.790205 -0.0551623 -0.610355 0.802957 -0.018221 -0.595759 0.596645 0.0303302 0.801932 -0.788627 0 0.614872 -0.844534 -0.40805 0.346782 -0.00683136 -0.0010742 0.999976 -0.00250272 -0.0156999 0.999874 0 0 1 0 0 1 0 0 1 0 0 1 0 0 1 0 0 1 0 0 1 0 0 1 0.0471046 0.99889 0.000524059 0.346215 0.938155 -0.000767703 0.404846 0.914382 -0.0023223 0.179626 0.983734 0.00103702 0.502023 0.864854 -0.000723101 0.643623 0.765343 -0.000621358 0.76551 0.643424 -0.000523078 0.718366 0.695663 -0.00200116 0.900437 0.434985 0.00115232 0.940015 0.34113 -0.0016834 -0.999738 0.0211041 0.00889272 -0.791089 -0.596492 -0.135555 -1 0.000137023 -0.000173677 0.999999 -0.000890707 0.000831204 0.999998 0.00197289 0.000760511 0.999999 -0.0010934 0.000308409 1 3.15736e-05 -0.000329591 -0.627199 -0.736396 -0.253659 1 3.01808e-06 -5.11625e-05 0.999999 -6.37912e-05 0.00108139 1 0.0002663 3.11031e-05 1 -1.29316e-05 -0.000118595 -0.977194 0.038208 0.208881 1 -0.000113356 5.17043e-05 1 8.72318e-05 0.000223256 0.999997 0.000225865 0.00262781 0.999995 0.000275194 -0.00310012 0.999993 -0.00273309 -0.00259044 -0.488373 0.298281 0.820073 0.588142 -0.613724 -0.526719 0.999761 -0.0189584 -0.0109131 1 -3.6374e-05 -0.000598262 1 -0.000147847 3.64774e-05 1 -1.59676e-05 -0.000205564 1 -6.77605e-05 0.000602969 1 7.72961e-05 1.93803e-05 1 -2.61923e-05 0.000198833 -1 0.00071389 0.000423235 1 -0.00044075 0.000266398 -0.999418 -0.0221648 0.025946 1 -0.000401916 -5.11353e-05 1 -0.000166178 -0.000177573 1 0.000125425 -0.000194189 0.999997 0.00250325 0.000250356 1 -9.97723e-05 0.000274041 1 -0.000767389 -0.000103753 1 0.000413275 -3.02678e-05 1 0.000382215 -1.9737e-05 1 -8.21558e-05 -7.63728e-05 0.904674 -0.424484 0.0371093 0.674491 0.609497 0.416625 1 0.000298229 0.000181142 1 0.000643948 0.000137524 1 0.000631532 -0.000288056 1 0.000385878 0.00013292 1 -0.00011458 -0.000300374 1 0.000165987 0.000177313 0.999999 0.000169569 0.00115486 1 -8.08926e-05 -0.000550926 1 0.000386939 -6.70233e-05 1 0.000240717 0.000163139 1 -0.000336462 0.000225504 1 -7.79467e-05 0.000420133 0.998418 -0.0102281 -0.0552916 1 0.000368936 0.000388165 1 -1.50952e-05 0.000752015 1 7.93627e-06 -0.000395372 1 -0.000116997 -5.78391e-05 -1 -0.000304372 -0.000128254 0.999633 -0.0256297 -0.00882842 1 -0.000555477 3.25956e-05 1 -0.000473278 7.01176e-05 -6.55195e-08 4.05931e-06 -1 0.00027369 1.79287e-05 -1 0.815069 -0.00915112 -0.579292 0.0027381 -0.169642 -0.985502 -0.176932 -0.44352 -0.878627 0.0127781 -0.185396 -0.982581 0.756028 0.0207515 -0.65421 0.761331 -0.000928393 -0.648362 -0.0820495 0.0148443 -0.996518 -0.0759231 0.0266127 -0.996759 -0.651474 0.560713 -0.51106 -1 -0.000439599 0 -1 0 -2.62214e-05 -0.884107 -0.467259 -0.00497442 -0.443271 -0.896378 0.0042216 -1 2.7536e-05 -1.59021e-05 -1 0 0 -1 0 0 -1 0 0 -1 0 0 0.623158 -0.243791 0.743128 -1 0 0 -1 -9.70788e-06 8.46519e-05 -1 -0.000100803 9.92039e-05 -1 0 0 -1 -2.28838e-05 1.98335e-05 -1 -2.89112e-05 1.72311e-05 -0.86986 -0.372773 0.323083 -0.999999 0.000831275 0.00107808 -1 0 0 1 0 0 -0.80791 -0.247522 0.534804 -0.129027 0.651711 0.747412 -0.862468 0.278573 0.422547 -0.136705 0.427611 -0.893566 -1 0.000115878 3.1725e-05 -0.999999 0.00081092 0.00110511 -1 -1.16169e-05 2.68112e-05 -1 -0.000135441 0.000412853 -1 1.58803e-05 0.000231981 -1 -2.40333e-05 5.44501e-05 -1 0 0 -1 0.000325072 0.000329599 -1 4.32388e-05 4.38409e-05 1 -0.000272423 0.000680596 0.715068 -0.259774 0.648996 -0.896229 -0.198261 -0.396821 -1 2.46227e-05 0.000133544 0.852657 0.0947358 0.51381 -1 0 0 -0.999999 0.000160322 0.00105549 -1 9.97373e-05 -0.000230189 -1 -0.000377918 -0.000573236 -1 -4.22773e-05 1.5987e-05 -1 5.25712e-05 -0.00101379 -0.999999 -0.00106122 6.32872e-05 1 4.90642e-07 -3.48032e-05 -1 0 0 -1 -4.32744e-05 1.52278e-05 0.567408 0.795605 -0.212275 1 0 0 -0.999892 -0.0146805 0.000259669 -0.999917 0.0116379 0.00558963 -0.999999 0.000971982 0.00110706 -1 0 0 -1 0 0 0.881902 -0.276151 -0.382086 -1 9.06989e-05 -0.000189531 -1 0 0 -1 3.69419e-05 -1.71055e-06 -1 7.39648e-05 -0.000218885 -0.999999 0.00135522 -0.00110412 -0.999998 0.000698601 -0.00207754 -1 3.90638e-05 -0.00024398 -1 0 0 -1 0 0 -0.85533 0.121625 -0.503606 0.65369 0.010649 -0.756688 -0.999997 -0.00161482 0.00158921 0.687899 -0.231334 0.687953 -1 0 0 1 0 0 1 0 0 -0.820143 0.417877 -0.390826 0.408851 -0.144279 0.901124 -1 0.000167979 -7.73164e-06 -1 0.0002375 -6.02019e-05 -1 0.000124329 1.04802e-05 -1 5.49657e-05 3.66234e-05 -1 0 0 0 0 1 0 0 1 0 0 1 -0.000410753 -0.000445608 1 -0.00015315 0.000127375 1 -9.10266e-05 0.00018942 1 -0.000131892 0.000155552 1 0.903374 -0.428853 -0.000633172 0.910795 -0.412856 -0.00132497 0.768838 -0.639444 0.00067666 0.646717 -0.76273 -0.000207509 0.667321 -0.74477 -0.000665927 0.433138 -0.901328 0.000432051 0.415694 -0.909505 -0.000190054 0.145216 -0.989397 -0.00224943 0.0504431 0.254574 -0.965737 0.294921 0.29051 -0.910289 0.155675 0.295509 -0.942571 0.00327144 0.204074 -0.97895 -0.825418 0.564502 -0.00483129 0 1 0 0 1 0 0 1 0 0 1 0 -2.10621e-05 1 -2.02042e-06 0 1 0 0 1 0 0 1 0 -3.2033e-05 1 -7.93366e-07 0 1 0 0 1 0 0 1 0 -3.63562e-05 1 -1.46294e-07 0 1 0 -1.82535e-05 1 -2.33197e-05 0 1 0 -3.26271e-05 1 -1.65151e-06 0 1 0 -0.762226 -0.191188 0.618433 -0.799324 -0.141671 0.583961 -0.958519 0.0230888 -0.284092 -0.61534 -0.49195 -0.615908 0.657171 0.732712 -0.176804 0.668508 0.215441 -0.711816 0.764192 -0.296198 0.572956 0.437475 0.266656 0.858784 0 -1 0 0.000297873 -1 8.82857e-05 0 -1 0 0 -1 0 0.000369675 -1 5.92465e-05 0 -1 0 0 -1 0 0 -1 0 0 -1 0 0 -1 0 0 -1 0 0 -1 0 0 -1 0 0 -1 0 0.000258602 -1 7.23473e-05 0.000220228 -1 0.00013937 0 -1 0 0 -1 0 -0.580141 0.319069 0.749421 -0.551527 0.798601 0.240945 -0.777753 -0.353849 -0.51951 0.838914 0.402373 -0.366495 0.967381 -0.153068 -0.201854 0.675088 0.601444 0.427225 -0.599187 -0.716669 0.356876 -0.488656 0.815834 -0.309242 0.672589 -0.622213 -0.400594 -0.801085 -0.386618 0.456935 -0.958221 0.21018 0.194004 -0.0500947 0.0198052 -0.998548 0.120365 -0.249319 -0.960912 0.848278 0.315619 0.425217 0.841234 0.386843 0.377728 -0.924694 0.0277678 0.379697 -0.932284 0 0.361727 -1 0 0 -1 0 0 -0.80572 0 -0.592297 -0.706263 -0.188377 -0.682428 -0.245327 -0.311713 -0.91796 -0.0713274 0.0397646 -0.99666 -0.0808211 0.9967 0.00760977 0.768495 -0.00210165 -0.639852 0.754957 0.0498085 -0.65388 -0.00133093 4.38468e-05 0.999999 -0.00236233 0.00419973 0.999988 0.682177 0.640071 -0.353474 0.252003 -0.630321 -0.734295 0.488587 -0.613056 -0.620843 0.29288 -0.717085 0.632464 -0.178764 -0.836548 0.517911 -0.26055 -0.0678316 0.963075 0.522471 0.355878 0.774838 -0.584267 0.718159 0.377994 -0.590144 0.431446 -0.682338 0.296958 -0.53906 -0.788181 -0.706966 -0.70674 -0.0268083 -0.327869 0.942085 0.0705538 0.0978173 -0.385538 0.917493 0.000138954 0.387375 -0.921922 0.00822433 -0.431649 0.902004 -0.281169 -0.873121 0.398251 -0.135934 -0.85793 0.495458 0.130965 0.901989 -0.411418 0.307218 0.824089 -0.475914 0.645462 0.661954 0.381045 0.307435 0.936283 0.169877 -0.265288 -0.338762 0.902697 -0.0793738 -0.228719 0.970251 0.172738 -0.664512 -0.727039 -0.578091 -0.243183 -0.778892 -0.16783 -0.896158 0.410772 -0.647422 0.70946 -0.278409 0.118135 0.369005 -0.921889 -0.735456 -0.428238 0.525087 -0.350776 0.910064 -0.220773 0.868443 -0.296231 -0.397561 0.227214 0.0137274 -0.973748 -0.625176 -0.460711 -0.63 0.665918 -0.0105161 0.745951 -0.202115 0.578124 0.79052 0.639412 0.0317535 -0.768208 -0.798583 0.401484 -0.448415 -0.372227 0.915288 -0.153933 0.0469251 -0.623972 0.780037 0.425773 -0.714239 0.5555 0.166969 -0.90626 -0.388349 -0.808407 0.475594 0.346826 0.0587873 0.350744 -0.934624 0.476515 0.58478 -0.65648 0.0106535 -0.900452 0.434825 0.81024 0.35019 0.469978 -0.343656 -0.858937 -0.379642 -0.615996 -0.631086 -0.471465 0.514705 0.845179 -0.144052 -0.611556 0.63382 0.473573 0.038999 -0.319889 0.946652 -0.682661 0.690896 0.237986 0.422048 -0.0889801 0.902196 -0.00218762 -0.762774 -0.646661 0.118463 0.962518 -0.243981 -0.78847 0.446205 -0.423338 0.243179 0.958612 0.148078 -0.222439 -0.85433 0.469725 0.329347 -0.685302 0.649532 -0.141747 0.0233315 -0.989628 -0.589235 0.281241 0.757434 0.509339 -0.85556 -0.0926939 -0.807038 -0.205326 -0.553652 -0.766105 -0.630854 -0.122905 0.78169 0.612159 0.119259 0.773015 0.618616 0.140573 0.874419 0.0552771 -0.482012 -0.690054 -0.702043 -0.175957 0.702632 -0.0810695 0.70692 -0.156283 0.62948 0.761138 -0.612656 0.584226 -0.532291 0.254539 0.301448 -0.918879 -0.345949 -0.678217 0.648337 -0.147682 0.846436 -0.511602 0.0503229 -0.971877 -0.230048 0.166288 -0.968071 -0.187583 0.444799 0.87887 -0.172456 -0.156423 0.685496 0.711074 0.0315031 0.588276 0.808046</float_array>
                    <technique_common>
                        <accessor count="1977" source="#shape0-lib-normals-array" stride="3">
                            <param name="X" type="float"/>
                            <param name="Y" type="float"/>
                            <param name="Z" type="float"/>
                        </accessor>
                    </technique_common>
                </source>
                <vertices id="shape0-lib-vertices">
                    <input semantic="POSITION" source="#shape0-lib-positions"/>
                </vertices>
                <triangles count="1977">
                    <input offset="0" semantic="VERTEX" source="#shape0-lib-vertices"/>
                    <input offset="1" semantic="NORMAL" source="#shape0-lib-normals"/>
                    <p>2 0 0 0 1 0 2 1 5 1 0 1 11 2 5 2 6 2 5 3 39 3 6 3 5 4 2 4 39 4 1 5 3 5 2 5 2 6 3 6 10 6 2 7 10 7 573 7 3 8 7 8 4 8 4 9 7 9 8 9 8 10 7 10 9 10 9 11 57 11 8 11 4 12 10 12 3 12 9 13 11 13 57 13 19 14 11 14 12 14 12 15 11 15 13 15 13 16 11 16 9 16 13 17 9 17 14 17 14 18 9 18 7 18 14 19 7 19 3 19 14 20 3 20 15 20 15 21 3 21 16 21 16 22 3 22 1 22 16 23 1 23 17 23 17 24 1 24 0 24 17 25 0 25 18 25 18 26 0 26 5 26 18 27 5 27 19 27 19 28 5 28 11 28 20 29 16 29 17 29 20 30 17 30 23 30 23 31 17 31 18 31 23 32 18 32 19 32 23 33 19 33 21 33 21 34 19 34 28 34 28 35 19 35 12 35 28 36 12 36 13 36 28 37 13 37 22 37 22 38 13 38 14 38 22 39 14 39 15 39 22 40 15 40 16 40 22 41 16 41 20 41 27 42 28 42 22 42 21 43 28 43 24 43 21 44 24 44 23 44 23 45 24 45 25 45 23 46 25 46 20 46 26 47 22 47 20 47 26 48 20 48 25 48 22 49 26 49 27 49 28 50 29 50 24 50 24 51 29 51 30 51 24 52 30 52 31 52 24 53 31 53 25 53 25 54 31 54 26 54 26 55 31 55 32 55 26 56 32 56 27 56 27 57 32 57 33 57 27 58 33 58 28 58 28 59 33 59 29 59 30 60 29 60 34 60 34 61 29 61 33 61 31 62 35 62 32 62 35 63 31 63 30 63 32 64 35 64 34 64 32 65 34 65 33 65 38 66 34 66 36 66 36 67 34 67 37 67 37 68 34 68 35 68 37 69 35 69 38 69 38 70 35 70 30 70 38 71 30 71 34 71 36 72 37 72 38 72 43 73 53 73 42 73 43 74 42 74 6 74 42 75 41 75 6 75 44 76 196 76 45 76 45 77 196 77 498 77 498 78 46 78 45 78 45 79 46 79 47 79 53 80 546 80 48 80 50 81 49 81 51 81 50 82 51 82 46 82 46 83 51 83 52 83 48 84 47 84 53 84 53 85 47 85 46 85 53 86 46 86 52 86 53 87 52 87 55 87 55 88 52 88 54 88 41 89 42 89 53 89 53 90 56 90 41 90 6 91 40 91 11 91 57 92 11 92 40 92 56 93 40 93 41 93 6 94 41 94 40 94 57 95 40 95 56 95 8 96 57 96 58 96 56 97 92 97 57 97 92 98 58 98 57 98 60 99 8 99 58 99 58 100 62 100 60 100 59 101 61 101 58 101 59 102 58 102 92 102 62 103 58 103 61 103 60 104 4 104 8 104 101 105 63 105 64 105 65 106 66 106 67 106 79 107 68 107 64 107 101 108 64 108 100 108 100 109 64 109 68 109 100 110 68 110 69 110 70 111 71 111 67 111 67 112 71 112 72 112 67 113 72 113 65 113 64 114 74 114 73 114 73 115 74 115 75 115 75 116 74 116 67 116 75 117 67 117 66 117 76 118 77 118 73 118 73 119 77 119 78 119 73 120 78 120 64 120 64 121 78 121 79 121 80 122 81 122 82 122 82 123 81 123 83 123 83 124 84 124 85 124 85 125 84 125 65 125 85 126 65 126 72 126 256 127 380 127 86 127 86 128 380 128 379 128 256 129 86 129 88 129 88 130 86 130 87 130 521 131 89 131 91 131 521 132 91 132 90 132 52 133 51 133 93 133 52 134 93 134 94 134 94 135 93 135 95 135 94 136 95 136 96 136 96 137 95 137 97 137 96 138 97 138 98 138 98 139 97 139 99 139 98 140 99 140 100 140 100 141 99 141 101 141 102 142 71 142 103 142 103 143 71 143 70 143 104 144 80 144 105 144 105 145 80 145 82 145 106 146 107 146 108 146 108 147 107 147 109 147 110 148 112 148 111 148 113 149 114 149 115 149 115 150 114 150 116 150 117 151 118 151 119 151 119 152 118 152 120 152 121 153 122 153 123 153 123 154 122 154 124 154 99 155 97 155 49 155 63 156 101 156 125 156 125 157 101 157 49 157 49 158 101 158 99 158 49 159 97 159 95 159 95 160 93 160 49 160 49 161 93 161 51 161 130 162 126 162 127 162 45 163 128 163 44 163 44 164 128 164 129 164 129 165 130 165 44 165 44 166 130 166 127 166 131 167 103 167 67 167 67 168 103 168 70 168 132 169 133 169 137 169 136 170 137 170 135 170 135 171 137 171 468 171 135 172 468 172 134 172 138 173 139 173 105 173 105 174 139 174 140 174 141 175 142 175 136 175 136 176 142 176 104 176 136 177 104 177 137 177 137 178 104 178 105 178 137 179 105 179 140 179 143 180 144 180 145 180 145 181 144 181 102 181 103 182 131 182 146 182 146 183 132 183 103 183 103 184 132 184 137 184 103 185 137 185 102 185 102 186 137 186 145 186 145 187 137 187 140 187 147 188 152 188 148 188 152 189 198 189 151 189 152 190 151 190 153 190 148 191 152 191 153 191 148 192 153 192 149 192 150 193 153 193 151 193 149 194 153 194 150 194 198 195 152 195 147 195 158 196 155 196 157 196 154 197 157 197 155 197 157 198 262 198 156 198 157 199 156 199 158 199 159 200 158 200 156 200 262 201 157 201 154 201 155 202 158 202 159 202 263 203 161 203 162 203 163 204 165 204 160 204 164 205 161 205 263 205 161 206 165 206 162 206 162 207 165 207 163 207 160 208 165 208 161 208 160 209 161 209 164 209 167 210 169 210 168 210 170 211 166 211 264 211 264 212 166 212 171 212 167 213 166 213 169 213 171 214 166 214 167 214 168 215 169 215 170 215 170 216 169 216 166 216 173 217 172 217 136 217 172 218 173 218 267 218 175 219 174 219 173 219 174 220 175 220 135 220 135 221 175 221 136 221 136 222 175 222 173 222 267 223 173 223 174 223 265 224 180 224 177 224 180 225 176 225 145 225 177 226 179 226 140 226 176 227 180 227 265 227 178 228 177 228 140 228 140 229 179 229 145 229 145 230 179 230 180 230 265 231 177 231 178 231 183 232 182 232 181 232 182 233 183 233 261 233 132 234 185 234 133 234 261 235 183 235 184 235 184 236 183 236 185 236 184 237 185 237 132 237 133 238 185 238 181 238 181 239 185 239 183 239 186 240 188 240 187 240 190 241 266 241 189 241 190 242 189 242 192 242 186 243 190 243 188 243 191 244 192 244 189 244 266 245 190 245 186 245 187 246 188 246 191 246 191 247 188 247 192 247 193 248 194 248 127 248 127 249 194 249 148 249 149 250 195 250 148 250 148 251 195 251 127 251 127 252 195 252 196 252 127 253 196 253 44 253 197 254 147 254 194 254 194 255 147 255 148 255 214 256 198 256 147 256 214 257 147 257 197 257 146 258 131 258 199 258 199 259 131 259 67 259 199 260 67 260 74 260 200 261 201 261 64 261 64 262 201 262 202 262 64 263 202 263 74 263 139 264 138 264 203 264 203 265 138 265 83 265 203 266 83 266 85 266 144 267 143 267 72 267 72 268 143 268 204 268 72 269 204 269 85 269 205 270 206 270 207 270 207 271 206 271 208 271 207 272 208 272 259 272 194 273 193 273 197 273 197 274 193 274 209 274 197 275 209 275 214 275 210 276 211 276 212 276 212 277 211 277 213 277 212 278 213 278 214 278 215 279 216 279 217 279 217 280 216 280 218 280 217 281 218 281 222 281 219 282 220 282 227 282 227 283 220 283 221 283 227 284 221 284 222 284 223 285 224 285 225 285 225 286 224 286 226 286 225 287 226 287 247 287 227 288 228 288 229 288 229 289 228 289 230 289 231 290 232 290 233 290 233 291 232 291 229 291 233 292 229 292 248 292 248 293 229 293 230 293 234 294 235 294 81 294 81 295 235 295 83 295 88 296 234 296 236 296 236 297 234 297 81 297 236 298 81 298 141 298 141 299 81 299 142 299 237 300 238 300 239 300 239 301 238 301 240 301 240 302 243 302 241 302 241 303 243 303 244 303 242 304 239 304 240 304 241 305 245 305 240 305 240 306 245 306 242 306 242 307 246 307 239 307 239 308 246 308 247 308 248 309 249 309 241 309 241 310 249 310 245 310 250 311 251 311 252 311 252 312 251 312 253 312 254 313 252 313 134 313 134 314 252 314 255 314 255 315 256 315 88 315 252 316 260 316 255 316 255 317 260 317 256 317 257 318 253 318 258 318 258 319 253 319 259 319 253 320 257 320 252 320 252 321 257 321 260 321 199 322 184 322 146 322 146 323 184 323 132 323 74 324 261 324 184 324 74 325 184 325 199 325 202 326 182 326 74 326 74 327 182 327 261 327 288 328 268 328 269 328 227 329 229 329 117 329 279 330 270 330 271 330 214 331 209 331 269 331 269 332 272 332 218 332 218 333 272 333 273 333 218 334 273 334 222 334 273 335 274 335 227 335 227 336 274 336 271 336 227 337 271 337 275 337 288 338 269 338 130 338 130 339 269 339 209 339 130 340 209 340 126 340 276 341 277 341 274 341 274 342 277 342 278 342 274 343 278 343 271 343 271 344 278 344 279 344 117 345 119 345 227 345 273 346 227 346 222 346 113 347 115 347 218 347 218 348 115 348 212 348 218 349 212 349 269 349 269 350 212 350 214 350 280 351 367 351 368 351 248 352 281 352 280 352 248 353 280 353 249 353 249 354 280 354 368 354 282 355 283 355 500 355 282 356 500 356 284 356 286 357 285 357 287 357 288 358 130 358 289 358 289 359 130 359 129 359 289 360 129 360 290 360 290 361 129 361 291 361 291 362 129 362 128 362 291 363 128 363 292 363 292 364 128 364 45 364 292 365 45 365 47 365 76 366 293 366 77 366 77 367 293 367 294 367 295 368 296 368 297 368 297 369 296 369 298 369 300 370 299 370 301 370 302 371 277 371 303 371 303 372 277 372 276 372 305 373 304 373 306 373 307 374 308 374 309 374 309 375 308 375 310 375 311 376 312 376 313 376 313 377 312 377 314 377 100 378 69 378 315 378 52 379 94 379 54 379 54 380 94 380 96 380 54 381 96 381 98 381 54 382 98 382 100 382 54 383 100 383 315 383 48 384 289 384 290 384 268 385 288 385 316 385 316 386 288 386 48 386 48 387 288 387 289 387 48 388 290 388 291 388 291 389 292 389 48 389 48 390 292 390 47 390 294 391 317 391 77 391 77 392 317 392 78 392 318 393 319 393 320 393 320 394 319 394 321 394 320 395 321 395 365 395 322 396 323 396 278 396 278 397 323 397 324 397 278 398 324 398 279 398 325 399 326 399 327 399 327 400 326 400 274 400 327 401 274 401 273 401 328 402 329 402 269 402 269 403 329 403 330 403 269 404 330 404 272 404 331 405 332 405 333 405 333 406 332 406 334 406 333 407 334 407 378 407 335 408 336 408 337 408 337 409 336 409 73 409 337 410 73 410 75 410 338 411 339 411 340 411 340 412 339 412 68 412 340 413 68 413 79 413 317 414 341 414 78 414 78 415 341 415 342 415 78 416 342 416 79 416 344 417 343 417 345 417 344 418 345 418 66 418 66 419 345 419 346 419 66 420 346 420 75 420 347 421 349 421 348 421 348 422 349 422 350 422 350 423 349 423 270 423 350 424 270 424 279 424 352 425 351 425 353 425 355 426 354 426 356 426 357 427 358 427 359 427 359 428 358 428 360 428 362 429 359 429 361 429 362 430 361 430 363 430 368 431 361 431 364 431 364 432 361 432 359 432 360 433 366 433 359 433 359 434 366 434 364 434 360 435 365 435 366 435 368 436 367 436 361 436 370 437 371 437 372 437 372 438 371 438 369 438 369 439 373 439 374 439 374 440 373 440 375 440 369 441 376 441 372 441 376 442 377 442 372 442 372 443 377 443 378 443 374 444 379 444 380 444 374 445 380 445 369 445 369 446 380 446 376 446 365 447 381 447 382 447 365 448 382 448 320 448 320 449 382 449 318 449 318 450 382 450 383 450 371 451 370 451 300 451 300 452 370 452 385 452 358 453 357 453 386 453 386 454 357 454 304 454 386 455 304 455 388 455 387 456 388 456 385 456 385 457 388 457 384 457 385 458 384 458 300 458 319 459 318 459 296 459 296 460 318 460 383 460 332 461 331 461 387 461 387 462 331 462 298 462 387 463 298 463 388 463 388 464 298 464 296 464 388 465 296 465 383 465 388 466 383 466 386 466 391 467 394 467 392 467 390 468 391 468 392 468 393 469 389 469 391 469 393 470 391 470 390 470 398 471 399 471 396 471 399 472 395 472 396 472 397 473 401 473 398 473 398 474 401 474 399 474 400 475 395 475 401 475 400 476 401 476 397 476 408 477 404 477 402 477 402 478 404 478 403 478 406 479 408 479 459 479 459 480 408 480 402 480 407 481 404 481 408 481 407 482 408 482 406 482 403 483 404 483 405 483 405 484 404 484 407 484 409 485 414 485 412 485 410 486 460 486 413 486 409 487 460 487 414 487 411 488 410 488 413 488 414 489 410 489 411 489 412 490 414 490 411 490 417 491 416 491 415 491 415 492 416 492 381 492 381 493 416 493 382 493 386 494 417 494 415 494 383 495 417 495 386 495 383 496 382 496 417 496 461 497 420 497 418 497 419 498 420 498 461 498 387 499 421 499 419 499 419 500 421 500 420 500 385 501 422 501 421 501 385 502 421 502 387 502 418 503 420 503 422 503 418 504 422 504 385 504 423 505 424 505 425 505 427 506 426 506 423 506 423 507 428 507 424 507 424 508 428 508 462 508 462 509 428 509 426 509 427 510 423 510 425 510 431 511 433 511 430 511 429 512 433 512 432 512 434 513 463 513 433 513 434 514 433 514 429 514 432 515 433 515 431 515 354 516 390 516 356 516 356 517 390 517 392 517 356 518 392 518 435 518 379 519 436 519 437 519 437 520 436 520 438 520 437 521 438 521 352 521 439 522 367 522 435 522 435 523 367 523 440 523 435 524 440 524 356 524 353 525 309 525 310 525 310 526 344 526 353 526 353 527 344 527 441 527 353 528 441 528 352 528 352 529 441 529 442 529 352 530 442 530 437 530 437 531 442 531 379 531 379 532 442 532 86 532 87 533 86 533 442 533 443 534 87 534 444 534 444 535 87 535 442 535 444 536 442 536 445 536 445 537 442 537 441 537 441 538 65 538 445 538 445 539 65 539 84 539 445 540 84 540 446 540 446 541 84 541 447 541 446 542 447 542 443 542 443 543 447 543 448 543 443 544 448 544 87 544 449 545 281 545 450 545 450 546 281 546 451 546 450 547 451 547 452 547 275 548 271 548 453 548 451 549 454 549 452 549 452 550 454 550 275 550 452 551 275 551 455 551 455 552 275 552 453 552 455 553 453 553 449 553 449 554 453 554 456 554 449 555 456 555 281 555 281 556 456 556 280 556 234 557 88 557 448 557 448 558 88 558 87 558 235 559 234 559 447 559 447 560 234 560 448 560 83 561 235 561 84 561 84 562 235 562 447 562 441 563 344 563 65 563 65 564 344 564 66 564 367 565 280 565 456 565 367 566 456 566 440 566 453 567 349 567 456 567 313 568 314 568 349 568 349 569 314 569 355 569 349 570 355 570 456 570 456 571 355 571 356 571 456 572 356 572 440 572 312 573 354 573 314 573 314 574 354 574 355 574 403 575 405 575 458 575 362 576 363 576 393 576 390 577 457 577 393 577 393 578 457 578 362 578 347 579 348 579 311 579 311 580 348 580 412 580 390 581 354 581 312 581 390 582 312 582 457 582 457 583 312 583 311 583 457 584 311 584 458 584 458 585 311 585 412 585 323 586 322 586 411 586 411 587 322 587 302 587 303 588 326 588 325 588 325 589 403 589 303 589 303 590 403 590 458 590 303 591 458 591 302 591 302 592 458 592 411 592 411 593 458 593 412 593 327 594 402 594 325 594 325 595 402 595 403 595 273 596 459 596 402 596 273 597 402 597 327 597 330 598 406 598 272 598 272 599 406 599 459 599 272 600 459 600 273 600 279 601 460 601 409 601 279 602 409 602 350 602 350 603 409 603 348 603 348 604 409 604 412 604 324 605 413 605 279 605 279 606 413 606 460 606 413 607 324 607 411 607 411 608 324 608 323 608 378 609 377 609 258 609 247 610 246 610 365 610 295 611 297 611 321 611 321 612 297 612 333 612 321 613 333 613 258 613 258 614 333 614 378 614 109 615 107 615 208 615 208 616 107 616 225 616 208 617 225 617 365 617 365 618 225 618 247 618 208 619 365 619 259 619 259 620 365 620 321 620 259 621 321 621 258 621 524 622 522 622 530 622 365 623 246 623 366 623 366 624 246 624 242 624 366 625 242 625 364 625 364 626 242 626 245 626 364 627 245 627 368 627 368 628 245 628 249 628 106 629 223 629 107 629 107 630 223 630 225 630 124 631 465 631 123 631 160 632 465 632 163 632 163 633 465 633 124 633 163 634 124 634 237 634 237 635 124 635 238 635 206 636 205 636 108 636 108 637 205 637 167 637 224 638 223 638 160 638 160 639 223 639 106 639 160 640 106 640 465 640 465 641 106 641 108 641 465 642 108 642 466 642 466 643 108 643 167 643 466 644 167 644 168 644 251 645 250 645 168 645 168 646 250 646 112 646 168 647 112 647 466 647 239 648 162 648 237 648 237 649 162 649 163 649 247 650 263 650 162 650 247 651 162 651 239 651 226 652 164 652 247 652 247 653 164 653 263 653 164 654 226 654 160 654 160 655 226 655 224 655 240 656 238 656 122 656 122 657 238 657 124 657 243 658 240 658 121 658 121 659 240 659 122 659 123 660 465 660 121 660 121 661 465 661 467 661 244 662 243 662 467 662 467 663 243 663 121 663 195 664 149 664 150 664 216 665 215 665 114 665 114 666 215 666 155 666 211 667 210 667 150 667 150 668 210 668 116 668 150 669 116 669 195 669 195 670 116 670 114 670 195 671 114 671 155 671 195 672 155 672 159 672 220 673 219 673 159 673 159 674 219 674 120 674 159 675 120 675 195 675 195 676 120 676 118 676 195 677 118 677 467 677 191 678 244 678 467 678 191 679 467 679 187 679 187 680 467 680 118 680 187 681 118 681 231 681 231 682 118 682 232 682 468 683 489 683 483 683 467 684 470 684 469 684 470 685 530 685 472 685 470 686 472 686 471 686 471 687 472 687 282 687 469 688 471 688 475 688 469 689 475 689 474 689 469 690 474 690 473 690 282 691 476 691 475 691 479 692 473 692 282 692 282 693 473 693 476 693 282 694 475 694 471 694 479 695 477 695 473 695 195 696 478 696 196 696 473 697 477 697 195 697 195 698 477 698 478 698 284 699 498 699 196 699 478 700 284 700 196 700 284 701 478 701 479 701 284 702 479 702 282 702 530 703 480 703 482 703 465 704 481 704 480 704 465 705 480 705 467 705 470 706 480 706 530 706 530 707 482 707 481 707 485 708 481 708 483 708 530 709 484 709 524 709 481 710 485 710 484 710 481 711 484 711 530 711 524 712 489 712 486 712 489 713 524 713 483 713 483 714 524 714 484 714 487 715 488 715 137 715 137 716 488 716 468 716 468 717 488 717 489 717 487 718 89 718 489 718 489 719 89 719 486 719 490 720 89 720 137 720 137 721 89 721 487 721 490 722 491 722 89 722 492 723 91 723 89 723 89 724 491 724 492 724 493 725 490 725 137 725 91 726 492 726 493 726 91 727 493 727 137 727 137 728 494 728 91 728 494 729 496 729 91 729 50 730 495 730 137 730 137 731 495 731 494 731 91 732 496 732 495 732 91 733 495 733 497 733 497 734 495 734 50 734 50 735 46 735 497 735 470 736 467 736 480 736 473 737 195 737 469 737 469 738 195 738 467 738 481 739 465 739 466 739 481 740 466 740 483 740 483 741 466 741 468 741 153 742 479 742 152 742 152 743 479 743 478 743 152 744 478 744 153 744 153 745 478 745 477 745 153 746 477 746 479 746 158 747 475 747 476 747 158 748 476 748 157 748 157 749 476 749 473 749 157 750 473 750 474 750 157 751 474 751 158 751 158 752 474 752 475 752 165 753 480 753 481 753 165 754 481 754 482 754 165 755 482 755 161 755 161 756 482 756 480 756 161 757 480 757 165 757 183 758 496 758 494 758 183 759 494 759 185 759 183 760 494 760 495 760 183 761 495 761 496 761 177 762 492 762 491 762 177 763 491 763 490 763 177 764 490 764 179 764 179 765 490 765 493 765 179 766 493 766 180 766 180 767 493 767 492 767 180 768 492 768 177 768 166 769 484 769 485 769 166 770 485 770 169 770 169 771 485 771 483 771 169 772 483 772 166 772 166 773 483 773 484 773 192 774 470 774 190 774 190 775 470 775 471 775 190 776 471 776 188 776 188 777 471 777 469 777 188 778 469 778 192 778 192 779 469 779 470 779 173 780 487 780 489 780 173 781 489 781 175 781 175 782 489 782 488 782 175 783 488 783 173 783 173 784 488 784 487 784 284 785 500 785 501 785 284 786 501 786 528 786 284 787 528 787 498 787 515 788 499 788 514 788 514 789 499 789 516 789 499 790 528 790 516 790 499 791 498 791 528 791 516 792 528 792 503 792 528 793 502 793 529 793 528 794 529 794 503 794 507 795 508 795 503 795 516 796 504 796 511 796 509 797 516 797 503 797 525 798 505 798 510 798 510 799 506 799 525 799 525 800 506 800 507 800 525 801 507 801 503 801 504 802 516 802 509 802 525 803 503 803 527 803 503 804 508 804 509 804 525 805 517 805 505 805 505 806 511 806 512 806 511 807 505 807 516 807 505 808 512 808 510 808 90 809 519 809 513 809 518 810 519 810 514 810 518 811 514 811 517 811 517 812 514 812 505 812 519 813 497 813 514 813 505 814 514 814 516 814 499 815 515 815 498 815 46 816 498 816 515 816 46 817 515 817 497 817 497 818 515 818 514 818 497 819 519 819 90 819 497 820 90 820 91 820 519 821 520 821 513 821 513 822 520 822 521 822 513 823 521 823 90 823 523 824 524 824 517 824 524 825 520 825 517 825 520 826 519 826 517 826 517 827 519 827 518 827 89 828 521 828 520 828 89 829 520 829 486 829 486 830 520 830 524 830 524 831 523 831 522 831 523 832 526 832 522 832 522 833 526 833 530 833 528 834 527 834 502 834 502 835 527 835 529 835 529 836 527 836 503 836 530 837 526 837 527 837 526 838 523 838 527 838 527 839 523 839 517 839 527 840 517 840 525 840 472 841 530 841 527 841 472 842 527 842 283 842 472 843 283 843 282 843 527 844 528 844 501 844 527 845 501 845 500 845 527 846 500 846 283 846 512 847 531 847 510 847 510 848 531 848 532 848 510 849 532 849 506 849 506 850 532 850 507 850 507 851 532 851 533 851 507 852 533 852 508 852 508 853 533 853 534 853 508 854 534 854 509 854 509 855 534 855 535 855 509 856 535 856 504 856 504 857 535 857 511 857 511 858 535 858 536 858 511 859 536 859 512 859 512 860 536 860 531 860 533 861 532 861 531 861 531 862 534 862 533 862 535 863 534 863 531 863 531 864 536 864 535 864 137 865 133 865 50 865 50 866 133 866 181 866 49 867 50 867 125 867 125 868 50 868 181 868 125 869 181 869 200 869 200 870 181 870 201 870 125 871 200 871 63 871 63 872 200 872 64 872 182 873 202 873 181 873 181 874 202 874 201 874 254 875 134 875 110 875 110 876 134 876 468 876 466 877 112 877 110 877 466 878 110 878 468 878 252 879 254 879 111 879 111 880 254 880 110 880 250 881 252 881 112 881 112 882 252 882 111 882 191 883 189 883 244 883 244 884 189 884 241 884 241 885 189 885 248 885 248 886 189 886 266 886 248 887 266 887 186 887 248 888 186 888 233 888 233 889 186 889 231 889 231 890 186 890 187 890 232 891 118 891 229 891 229 892 118 892 117 892 120 893 219 893 119 893 119 894 219 894 227 894 156 895 221 895 159 895 159 896 221 896 220 896 221 897 156 897 222 897 222 898 156 898 262 898 222 899 262 899 154 899 222 900 154 900 217 900 217 901 154 901 215 901 215 902 154 902 155 902 216 903 114 903 218 903 218 904 114 904 113 904 116 905 210 905 115 905 115 906 210 906 212 906 151 907 213 907 150 907 150 908 213 908 211 908 213 909 151 909 214 909 214 910 151 910 198 910 170 911 253 911 168 911 168 912 253 912 251 912 253 913 170 913 259 913 259 914 170 914 264 914 259 915 264 915 171 915 259 916 171 916 207 916 207 917 171 917 205 917 205 918 171 918 167 918 206 919 108 919 208 919 208 920 108 920 109 920 380 921 256 921 260 921 380 922 260 922 376 922 376 923 260 923 257 923 376 924 257 924 377 924 377 925 257 925 258 925 298 926 331 926 297 926 297 927 331 927 333 927 319 928 296 928 321 928 321 929 296 929 295 929 574 930 464 930 537 930 10 931 537 931 573 931 56 932 53 932 55 932 538 933 285 933 541 933 541 934 285 934 570 934 541 935 570 935 571 935 285 936 538 936 540 936 540 937 545 937 542 937 540 938 542 938 285 938 542 939 543 939 285 939 285 940 543 940 287 940 539 941 545 941 540 941 544 942 545 942 539 942 43 943 546 943 53 943 543 944 547 944 287 944 546 945 43 945 287 945 287 946 547 946 548 946 548 947 546 947 287 947 546 948 548 948 458 948 544 949 547 949 543 949 541 950 457 950 539 950 551 951 549 951 571 951 571 952 549 952 541 952 457 953 541 953 549 953 457 954 549 954 550 954 457 955 550 955 388 955 564 956 554 956 384 956 384 957 554 957 555 957 552 958 92 958 553 958 553 959 92 959 558 959 555 960 554 960 553 960 555 961 553 961 558 961 92 962 55 962 556 962 92 963 556 963 559 963 558 964 556 964 55 964 92 965 559 965 557 965 92 966 557 966 558 966 558 967 557 967 556 967 55 968 92 968 56 968 562 969 560 969 92 969 558 970 561 970 92 970 92 971 560 971 558 971 560 972 561 972 558 972 561 973 562 973 92 973 554 974 563 974 552 974 554 975 464 975 563 975 564 976 464 976 554 976 550 977 565 977 564 977 550 978 566 978 565 978 464 979 564 979 566 979 464 980 566 980 571 980 571 981 566 981 550 981 571 982 550 982 551 982 388 983 550 983 384 983 384 984 550 984 564 984 548 985 547 985 458 985 458 986 547 986 544 986 458 987 544 987 539 987 458 988 539 988 457 988 408 989 548 989 547 989 408 990 547 990 404 990 404 991 547 991 548 991 404 992 548 992 408 992 410 993 543 993 460 993 460 994 543 994 542 994 460 995 542 995 414 995 414 996 542 996 545 996 414 997 545 997 544 997 414 998 544 998 410 998 410 999 544 999 543 999 549 1000 417 1000 550 1000 550 1001 417 1001 551 1001 551 1002 417 1002 382 1002 551 1003 382 1003 549 1003 549 1004 382 1004 416 1004 549 1005 416 1005 417 1005 559 1006 463 1006 557 1006 557 1007 463 1007 430 1007 557 1008 430 1008 433 1008 557 1009 433 1009 556 1009 556 1010 433 1010 463 1010 556 1011 463 1011 559 1011 562 1012 428 1012 560 1012 560 1013 428 1013 423 1013 560 1014 423 1014 561 1014 561 1015 423 1015 426 1015 561 1016 426 1016 428 1016 561 1017 428 1017 562 1017 566 1018 420 1018 421 1018 566 1019 421 1019 565 1019 565 1020 421 1020 422 1020 565 1021 422 1021 564 1021 564 1022 422 1022 420 1022 564 1023 420 1023 566 1023 389 1024 394 1024 538 1024 391 1025 540 1025 394 1025 394 1026 540 1026 538 1026 389 1027 538 1027 541 1027 389 1028 541 1028 391 1028 391 1029 541 1029 539 1029 391 1030 539 1030 540 1030 554 1031 399 1031 553 1031 553 1032 399 1032 401 1032 553 1033 401 1033 552 1033 552 1034 401 1034 395 1034 552 1035 395 1035 554 1035 554 1036 395 1036 399 1036 43 1037 6 1037 39 1037 287 1038 43 1038 39 1038 287 1039 567 1039 286 1039 567 1040 287 1040 568 1040 568 1041 569 1041 567 1041 568 1042 39 1042 2 1042 287 1043 39 1043 568 1043 569 1044 568 1044 2 1044 286 1045 567 1045 569 1045 286 1046 570 1046 285 1046 572 1047 569 1047 2 1047 572 1048 286 1048 569 1048 570 1049 286 1049 572 1049 573 1050 572 1050 2 1050 572 1051 571 1051 570 1051 572 1052 573 1052 571 1052 537 1053 464 1053 573 1053 571 1054 573 1054 464 1054 329 1055 328 1055 407 1055 407 1056 328 1056 316 1056 48 1057 546 1057 316 1057 316 1058 546 1058 407 1058 407 1059 546 1059 458 1059 407 1060 458 1060 405 1060 316 1061 328 1061 268 1061 268 1062 328 1062 269 1062 406 1063 330 1063 407 1063 407 1064 330 1064 329 1064 305 1065 362 1065 457 1065 305 1066 457 1066 304 1066 304 1067 457 1067 388 1067 359 1068 362 1068 306 1068 306 1069 362 1069 305 1069 357 1070 359 1070 304 1070 304 1071 359 1071 306 1071 375 1072 373 1072 555 1072 555 1073 373 1073 299 1073 555 1074 299 1074 300 1074 555 1075 300 1075 384 1075 373 1076 369 1076 299 1076 299 1077 369 1077 301 1077 369 1078 371 1078 301 1078 301 1079 371 1079 300 1079 396 1080 375 1080 555 1080 558 1081 432 1081 431 1081 336 1082 335 1082 293 1082 293 1083 335 1083 427 1083 341 1084 317 1084 431 1084 431 1085 317 1085 294 1085 431 1086 294 1086 558 1086 558 1087 294 1087 293 1087 558 1088 293 1088 427 1088 558 1089 427 1089 425 1089 307 1090 351 1090 398 1090 345 1091 343 1091 425 1091 425 1092 343 1092 308 1092 425 1093 308 1093 558 1093 558 1094 308 1094 307 1094 558 1095 307 1095 555 1095 555 1096 307 1096 398 1096 555 1097 398 1097 396 1097 438 1098 397 1098 352 1098 352 1099 397 1099 398 1099 352 1100 398 1100 351 1100 400 1101 397 1101 436 1101 436 1102 397 1102 438 1102 374 1103 395 1103 379 1103 379 1104 395 1104 400 1104 379 1105 400 1105 436 1105 395 1106 374 1106 396 1106 396 1107 374 1107 375 1107 351 1108 307 1108 353 1108 353 1109 307 1109 309 1109 308 1110 343 1110 310 1110 310 1111 343 1111 344 1111 424 1112 346 1112 425 1112 425 1113 346 1113 345 1113 346 1114 424 1114 75 1114 75 1115 424 1115 462 1115 75 1116 462 1116 426 1116 75 1117 426 1117 337 1117 337 1118 426 1118 335 1118 335 1119 426 1119 427 1119 336 1120 293 1120 73 1120 73 1121 293 1121 76 1121 430 1122 342 1122 431 1122 431 1123 342 1123 341 1123 342 1124 430 1124 79 1124 79 1125 430 1125 463 1125 79 1126 463 1126 434 1126 79 1127 434 1127 340 1127 340 1128 434 1128 338 1128 338 1129 434 1129 429 1129 55 1130 54 1130 558 1130 558 1131 54 1131 315 1131 432 1132 558 1132 429 1132 429 1133 558 1133 315 1133 429 1134 315 1134 338 1134 338 1135 315 1135 339 1135 339 1136 315 1136 68 1136 68 1137 315 1137 69 1137 59 1138 92 1138 61 1138 61 1139 92 1139 552 1139 563 1140 61 1140 552 1140 61 1141 60 1141 62 1141 60 1142 574 1142 4 1142 61 1143 563 1143 574 1143 574 1144 60 1144 61 1144 10 1145 4 1145 574 1145 10 1146 574 1146 537 1146 563 1147 464 1147 574 1147 360 1148 415 1148 365 1148 365 1149 415 1149 381 1149 415 1150 360 1150 386 1150 386 1151 360 1151 358 1151 378 1152 461 1152 418 1152 378 1153 418 1153 372 1153 372 1154 418 1154 370 1154 370 1155 418 1155 385 1155 334 1156 419 1156 378 1156 378 1157 419 1157 461 1157 419 1158 334 1158 387 1158 387 1159 334 1159 332 1159 326 1160 303 1160 274 1160 274 1161 303 1161 276 1161 302 1162 322 1162 277 1162 277 1163 322 1163 278 1163 347 1164 311 1164 349 1164 349 1165 311 1165 313 1165 361 1166 389 1166 363 1166 363 1167 389 1167 393 1167 439 1168 394 1168 367 1168 367 1169 394 1169 389 1169 367 1170 389 1170 361 1170 392 1171 394 1171 435 1171 435 1172 394 1172 439 1172 349 1173 453 1173 270 1173 270 1174 453 1174 271 1174 228 1175 227 1175 454 1175 454 1176 227 1176 275 1176 230 1177 228 1177 451 1177 451 1178 228 1178 454 1178 248 1179 230 1179 281 1179 281 1180 230 1180 451 1180 575 1181 576 1181 443 1181 443 1182 576 1182 446 1182 576 1183 577 1183 446 1183 446 1184 577 1184 445 1184 577 1185 578 1185 445 1185 445 1186 578 1186 444 1186 578 1187 575 1187 444 1187 444 1188 575 1188 443 1188 578 1189 577 1189 575 1189 575 1190 577 1190 576 1190 579 1191 580 1191 581 1191 581 1192 580 1192 582 1192 581 1193 582 1193 455 1193 455 1194 582 1194 452 1194 582 1195 580 1195 452 1195 452 1196 580 1196 450 1196 580 1197 579 1197 450 1197 450 1198 579 1198 449 1198 579 1199 581 1199 449 1199 449 1200 581 1200 455 1200 193 1201 127 1201 209 1201 209 1202 127 1202 126 1202 85 1203 265 1203 178 1203 85 1204 178 1204 203 1204 203 1205 178 1205 139 1205 139 1206 178 1206 140 1206 204 1207 176 1207 85 1207 85 1208 176 1208 265 1208 176 1209 204 1209 145 1209 145 1210 204 1210 143 1210 88 1211 267 1211 174 1211 88 1212 174 1212 255 1212 174 1213 135 1213 255 1213 255 1214 135 1214 134 1214 236 1215 172 1215 88 1215 88 1216 172 1216 267 1216 172 1217 236 1217 136 1217 136 1218 236 1218 141 1218 138 1219 105 1219 83 1219 83 1220 105 1220 82 1220 102 1221 144 1221 71 1221 71 1222 144 1222 72 1222 104 1223 142 1223 80 1223 80 1224 142 1224 81 1224 583 1225 594 1225 584 1225 585 1226 586 1226 583 1226 587 1227 590 1227 596 1227 584 1228 594 1228 593 1228 583 1229 588 1229 594 1229 585 1230 596 1230 586 1230 583 1231 586 1231 588 1231 584 1232 593 1232 591 1232 584 1233 591 1233 589 1233 587 1234 596 1234 585 1234 589 1235 590 1235 587 1235 589 1236 591 1236 590 1236 592 1237 591 1237 593 1237 595 1238 594 1238 588 1238 598 1239 596 1239 590 1239 592 1240 593 1240 597 1240 597 1241 593 1241 594 1241 597 1242 594 1242 595 1242 598 1243 590 1243 599 1243 599 1244 590 1244 591 1244 599 1245 591 1245 592 1245 588 1246 586 1246 600 1246 600 1247 586 1247 596 1247 600 1248 596 1248 598 1248 595 1249 601 1249 597 1249 597 1250 601 1250 592 1250 592 1251 601 1251 602 1251 592 1252 602 1252 603 1252 592 1253 603 1253 599 1253 599 1254 603 1254 598 1254 598 1255 603 1255 604 1255 598 1256 604 1256 600 1256 600 1257 604 1257 605 1257 600 1258 605 1258 588 1258 588 1259 605 1259 606 1259 588 1260 606 1260 595 1260 595 1261 606 1261 601 1261 607 1262 605 1262 604 1262 608 1263 601 1263 610 1263 609 1264 604 1264 603 1264 609 1265 603 1265 611 1265 607 1266 604 1266 609 1266 610 1267 606 1267 612 1267 610 1268 601 1268 606 1268 612 1269 605 1269 607 1269 612 1270 606 1270 605 1270 611 1271 602 1271 608 1271 608 1272 602 1272 601 1272 611 1273 603 1273 602 1273 610 1274 583 1274 584 1274 610 1275 584 1275 608 1275 608 1276 584 1276 611 1276 611 1277 584 1277 589 1277 611 1278 589 1278 587 1278 611 1279 587 1279 609 1279 609 1280 587 1280 585 1280 609 1281 585 1281 607 1281 607 1282 585 1282 583 1282 607 1283 583 1283 612 1283 612 1284 583 1284 610 1284 676 1285 618 1285 617 1285 617 1286 613 1286 675 1286 675 1287 613 1287 616 1287 675 1288 616 1288 674 1288 674 1289 616 1289 614 1289 674 1290 614 1290 615 1290 619 1291 618 1291 676 1291 615 1292 614 1292 622 1292 615 1293 622 1293 673 1293 673 1294 622 1294 672 1294 618 1295 620 1295 617 1295 617 1296 620 1296 633 1296 617 1297 633 1297 613 1297 613 1298 633 1298 630 1298 613 1299 630 1299 616 1299 616 1300 630 1300 621 1300 616 1301 621 1301 614 1301 614 1302 621 1302 629 1302 614 1303 629 1303 622 1303 622 1304 625 1304 672 1304 672 1305 625 1305 623 1305 672 1306 623 1306 619 1306 619 1307 623 1307 618 1307 618 1308 623 1308 620 1308 623 1309 624 1309 620 1309 634 1310 638 1310 624 1310 639 1311 624 1311 638 1311 620 1312 624 1312 640 1312 634 1313 625 1313 627 1313 631 1314 628 1314 629 1314 624 1315 623 1315 634 1315 623 1316 625 1316 634 1316 642 1317 631 1317 630 1317 628 1318 631 1318 637 1318 637 1319 631 1319 642 1319 630 1320 641 1320 642 1320 620 1321 632 1321 633 1321 641 1322 632 1322 640 1322 633 1323 632 1323 641 1323 633 1324 641 1324 630 1324 640 1325 632 1325 620 1325 640 1326 624 1326 639 1326 638 1327 634 1327 627 1327 625 1328 635 1328 627 1328 626 1329 635 1329 625 1329 635 1330 626 1330 636 1330 629 1331 636 1331 626 1331 629 1332 628 1332 636 1332 621 1333 630 1333 631 1333 621 1334 631 1334 629 1334 625 1335 622 1335 629 1335 625 1336 629 1336 626 1336 628 1337 637 1337 647 1337 638 1338 651 1338 653 1338 653 1339 639 1339 638 1339 643 1340 639 1340 653 1340 643 1341 640 1341 639 1341 644 1342 640 1342 643 1342 644 1343 641 1343 640 1343 645 1344 641 1344 644 1344 645 1345 642 1345 641 1345 646 1346 642 1346 645 1346 652 1347 642 1347 646 1347 652 1348 637 1348 642 1348 652 1349 647 1349 637 1349 648 1350 628 1350 647 1350 648 1351 636 1351 628 1351 649 1352 636 1352 648 1352 649 1353 635 1353 636 1353 650 1354 635 1354 649 1354 650 1355 627 1355 635 1355 651 1356 627 1356 650 1356 638 1357 627 1357 651 1357 643 1358 654 1358 677 1358 662 1359 655 1359 653 1359 654 1360 643 1360 655 1360 653 1361 655 1361 643 1361 651 1362 656 1362 662 1362 650 1363 656 1363 651 1363 668 1364 657 1364 679 1364 680 1365 679 1365 645 1365 680 1366 645 1366 644 1366 680 1367 644 1367 677 1367 664 1368 679 1368 680 1368 664 1369 680 1369 677 1369 677 1370 654 1370 664 1370 654 1371 655 1371 662 1371 654 1372 662 1372 661 1372 662 1373 656 1373 660 1373 657 1374 668 1374 660 1374 660 1375 668 1375 662 1375 662 1376 681 1376 651 1376 651 1377 681 1377 653 1377 653 1378 681 1378 658 1378 653 1379 658 1379 662 1379 681 1380 662 1380 658 1380 643 1381 677 1381 644 1381 659 1382 646 1382 679 1382 679 1383 646 1383 645 1383 646 1384 659 1384 652 1384 657 1385 652 1385 659 1385 657 1386 647 1386 652 1386 657 1387 648 1387 647 1387 648 1388 660 1388 649 1388 657 1389 660 1389 648 1389 656 1390 650 1390 649 1390 656 1391 649 1391 660 1391 657 1392 659 1392 679 1392 679 1393 663 1393 668 1393 669 1394 661 1394 662 1394 679 1395 664 1395 663 1395 664 1396 654 1396 665 1396 665 1397 654 1397 666 1397 654 1398 661 1398 666 1398 671 1399 665 1399 666 1399 671 1400 666 1400 670 1400 670 1401 666 1401 661 1401 670 1402 661 1402 669 1402 669 1403 662 1403 668 1403 663 1404 664 1404 667 1404 667 1405 664 1405 665 1405 619 1406 670 1406 672 1406 672 1407 670 1407 673 1407 673 1408 670 1408 669 1408 673 1409 669 1409 668 1409 673 1410 668 1410 615 1410 615 1411 668 1411 663 1411 615 1412 663 1412 674 1412 674 1413 663 1413 667 1413 674 1414 667 1414 675 1414 675 1415 667 1415 665 1415 675 1416 665 1416 617 1416 617 1417 665 1417 676 1417 676 1418 665 1418 671 1418 676 1419 671 1419 619 1419 619 1420 671 1420 670 1420 678 1421 632 1421 633 1421 678 1422 632 1422 677 1422 679 1423 630 1423 680 1423 657 1424 628 1424 629 1424 660 1425 636 1425 626 1425 656 1426 625 1426 626 1426 681 1427 634 1427 658 1427 655 1428 624 1428 654 1428 689 1429 685 1429 690 1429 683 1430 684 1430 695 1430 682 1431 685 1431 689 1431 691 1432 687 1432 683 1432 683 1433 688 1433 684 1433 684 1434 682 1434 693 1434 688 1435 683 1435 687 1435 682 1436 684 1436 688 1436 685 1437 686 1437 690 1437 690 1438 686 1438 687 1438 687 1439 691 1439 690 1439 684 1440 693 1440 695 1440 682 1441 698 1441 693 1441 682 1442 689 1442 698 1442 691 1443 683 1443 699 1443 699 1444 696 1444 691 1444 690 1445 696 1445 697 1445 700 1446 698 1446 692 1446 690 1447 691 1447 696 1447 694 1448 693 1448 700 1448 699 1449 683 1449 694 1449 692 1450 689 1450 697 1450 701 1451 696 1451 699 1451 701 1452 699 1452 694 1452 701 1453 694 1453 700 1453 701 1454 700 1454 692 1454 701 1455 692 1455 697 1455 701 1456 697 1456 696 1456 702 1457 705 1457 706 1457 707 1458 708 1458 702 1458 703 1459 702 1459 708 1459 703 1460 708 1460 704 1460 702 1461 706 1461 707 1461 703 1462 705 1462 702 1462 706 1463 713 1463 707 1463 707 1464 712 1464 708 1464 709 1465 704 1465 710 1465 710 1466 704 1466 711 1466 704 1467 708 1467 711 1467 711 1468 708 1468 712 1468 707 1469 713 1469 712 1469 713 1470 706 1470 714 1470 706 1471 705 1471 714 1471 714 1472 705 1472 715 1472 715 1473 705 1473 703 1473 715 1474 703 1474 709 1474 709 1475 703 1475 704 1475 730 1476 720 1476 722 1476 755 1477 715 1477 709 1477 755 1478 709 1478 710 1478 716 1479 713 1479 714 1479 754 1480 714 1480 715 1480 716 1481 714 1481 754 1481 722 1482 712 1482 713 1482 722 1483 713 1483 716 1483 723 1484 712 1484 753 1484 753 1485 712 1485 722 1485 711 1486 712 1486 723 1486 729 1487 716 1487 754 1487 716 1488 729 1488 730 1488 754 1489 728 1489 729 1489 715 1490 755 1490 754 1490 754 1491 755 1491 727 1491 754 1492 727 1492 728 1492 718 1493 726 1493 721 1493 721 1494 726 1494 727 1494 721 1495 717 1495 718 1495 718 1496 717 1496 756 1496 725 1497 718 1497 756 1497 756 1498 732 1498 724 1498 756 1499 724 1499 725 1499 732 1500 756 1500 719 1500 732 1501 719 1501 723 1501 753 1502 731 1502 723 1502 720 1503 731 1503 753 1503 727 1504 755 1504 721 1504 722 1505 716 1505 730 1505 720 1506 753 1506 722 1506 721 1507 755 1507 710 1507 721 1508 710 1508 717 1508 717 1509 710 1509 756 1509 711 1510 723 1510 719 1510 711 1511 719 1511 710 1511 710 1512 719 1512 756 1512 743 1513 731 1513 720 1513 718 1514 733 1514 726 1514 726 1515 733 1515 741 1515 726 1516 741 1516 727 1516 727 1517 741 1517 734 1517 727 1518 734 1518 728 1518 728 1519 734 1519 740 1519 728 1520 740 1520 729 1520 729 1521 740 1521 739 1521 729 1522 739 1522 730 1522 730 1523 739 1523 720 1523 720 1524 739 1524 749 1524 720 1525 749 1525 743 1525 731 1526 743 1526 738 1526 731 1527 738 1527 723 1527 732 1528 723 1528 735 1528 732 1529 735 1529 736 1529 732 1530 736 1530 724 1530 724 1531 736 1531 725 1531 725 1532 736 1532 737 1532 725 1533 737 1533 718 1533 718 1534 737 1534 733 1534 735 1535 723 1535 738 1535 687 1536 686 1536 748 1536 748 1537 742 1537 687 1537 742 1538 688 1538 687 1538 752 1539 688 1539 742 1539 751 1540 688 1540 752 1540 751 1541 682 1541 688 1541 685 1542 682 1542 751 1542 747 1543 686 1543 685 1543 748 1544 686 1544 747 1544 748 1545 747 1545 743 1545 743 1546 747 1546 738 1546 735 1547 738 1547 744 1547 744 1548 738 1548 747 1548 735 1549 744 1549 736 1549 746 1550 736 1550 744 1550 746 1551 737 1551 736 1551 745 1552 737 1552 746 1552 737 1553 745 1553 733 1553 733 1554 745 1554 741 1554 751 1555 734 1555 741 1555 751 1556 741 1556 745 1556 752 1557 740 1557 734 1557 742 1558 739 1558 740 1558 749 1559 739 1559 748 1559 748 1560 739 1560 742 1560 746 1561 744 1561 685 1561 685 1562 744 1562 747 1562 745 1563 746 1563 685 1563 745 1564 685 1564 751 1564 743 1565 749 1565 748 1565 745 1566 751 1566 750 1566 734 1567 751 1567 752 1567 740 1568 752 1568 742 1568 722 1569 749 1569 748 1569 755 1570 751 1570 750 1570 755 1571 750 1571 721 1571 721 1572 750 1572 751 1572 751 1573 755 1573 721 1573 693 1574 694 1574 695 1574 683 1575 695 1575 694 1575 690 1576 697 1576 689 1576 698 1577 689 1577 692 1577 700 1578 693 1578 698 1578 762 1579 759 1579 758 1579 758 1580 759 1580 763 1580 760 1581 761 1581 757 1581 760 1582 765 1582 761 1582 761 1583 763 1583 757 1583 757 1584 763 1584 759 1584 769 1585 764 1585 760 1585 760 1586 764 1586 765 1586 764 1587 766 1587 758 1587 768 1588 770 1588 760 1588 760 1589 770 1589 769 1589 758 1590 766 1590 767 1590 763 1591 765 1591 758 1591 758 1592 765 1592 764 1592 770 1593 767 1593 766 1593 770 1594 766 1594 769 1594 767 1595 770 1595 768 1595 764 1596 772 1596 771 1596 764 1597 771 1597 766 1597 766 1598 771 1598 783 1598 766 1599 783 1599 769 1599 769 1600 783 1600 772 1600 769 1601 772 1601 764 1601 774 1602 773 1602 778 1602 774 1603 780 1603 775 1603 775 1604 776 1604 777 1604 776 1605 782 1605 777 1605 778 1606 780 1606 774 1606 783 1607 779 1607 777 1607 775 1608 780 1608 778 1608 775 1609 778 1609 776 1609 782 1610 772 1610 777 1610 789 1611 771 1611 773 1611 779 1612 781 1612 789 1612 772 1613 782 1613 771 1613 772 1614 783 1614 777 1614 771 1615 782 1615 773 1615 773 1616 782 1616 778 1616 789 1617 781 1617 771 1617 771 1618 781 1618 783 1618 759 1619 780 1619 778 1619 759 1620 778 1620 763 1620 769 1621 783 1621 770 1621 770 1622 783 1622 781 1622 770 1623 781 1623 779 1623 770 1624 779 1624 769 1624 769 1625 779 1625 783 1625 761 1626 778 1626 763 1626 763 1627 778 1627 765 1627 765 1628 778 1628 782 1628 765 1629 782 1629 761 1629 761 1630 782 1630 776 1630 761 1631 776 1631 778 1631 760 1632 777 1632 779 1632 760 1633 779 1633 768 1633 789 1634 767 1634 779 1634 779 1635 767 1635 768 1635 838 1636 784 1636 789 1636 789 1637 784 1637 785 1637 789 1638 785 1638 786 1638 789 1639 786 1639 787 1639 789 1640 787 1640 788 1640 789 1641 788 1641 790 1641 789 1642 790 1642 791 1642 789 1643 791 1643 767 1643 758 1644 767 1644 791 1644 758 1645 790 1645 788 1645 758 1646 788 1646 792 1646 790 1647 758 1647 791 1647 787 1648 792 1648 788 1648 792 1649 787 1649 786 1649 785 1650 793 1650 786 1650 786 1651 793 1651 792 1651 793 1652 785 1652 784 1652 794 1653 793 1653 784 1653 799 1654 798 1654 820 1654 801 1655 802 1655 803 1655 803 1656 801 1656 807 1656 906 1657 903 1657 813 1657 806 1658 903 1658 795 1658 795 1659 903 1659 906 1659 812 1660 805 1660 806 1660 820 1661 810 1661 809 1661 811 1662 812 1662 822 1662 862 1663 811 1663 822 1663 784 1664 906 1664 794 1664 794 1665 906 1665 817 1665 818 1666 814 1666 850 1666 824 1667 815 1667 820 1667 815 1668 824 1668 819 1668 822 1669 804 1669 862 1669 822 1670 795 1670 804 1670 804 1671 795 1671 801 1671 816 1672 827 1672 795 1672 807 1673 801 1673 816 1673 799 1674 809 1674 798 1674 794 1675 808 1675 868 1675 868 1676 814 1676 818 1676 868 1677 818 1677 820 1677 862 1678 804 1678 784 1678 784 1679 804 1679 801 1679 784 1680 801 1680 803 1680 819 1681 862 1681 797 1681 797 1682 862 1682 796 1682 822 1683 821 1683 812 1683 811 1684 862 1684 819 1684 811 1685 819 1685 812 1685 812 1686 806 1686 822 1686 822 1687 806 1687 795 1687 784 1688 803 1688 807 1688 796 1689 862 1689 815 1689 796 1690 815 1690 819 1690 784 1691 807 1691 906 1691 813 1692 906 1692 823 1692 807 1693 816 1693 906 1693 906 1694 816 1694 795 1694 818 1695 805 1695 809 1695 819 1696 824 1696 805 1696 805 1697 824 1697 820 1697 805 1698 820 1698 809 1698 812 1699 819 1699 805 1699 905 1700 805 1700 818 1700 903 1701 904 1701 813 1701 813 1702 904 1702 841 1702 841 1703 904 1703 814 1703 794 1704 817 1704 800 1704 904 1705 905 1705 814 1705 814 1706 905 1706 818 1706 818 1707 825 1707 814 1707 808 1708 841 1708 814 1708 841 1709 808 1709 800 1709 800 1710 808 1710 794 1710 814 1711 868 1711 808 1711 818 1712 799 1712 820 1712 809 1713 820 1713 798 1713 815 1714 862 1714 820 1714 820 1715 862 1715 868 1715 826 1716 794 1716 868 1716 826 1717 868 1717 874 1717 826 1718 773 1718 758 1718 793 1719 794 1719 826 1719 758 1720 792 1720 793 1720 758 1721 793 1721 826 1721 774 1722 758 1722 773 1722 758 1723 774 1723 762 1723 762 1724 774 1724 759 1724 759 1725 774 1725 775 1725 759 1726 775 1726 757 1726 757 1727 775 1727 760 1727 760 1728 775 1728 777 1728 789 1729 826 1729 838 1729 773 1730 826 1730 789 1730 845 1731 856 1731 855 1731 838 1732 828 1732 863 1732 830 1733 829 1733 828 1733 830 1734 828 1734 838 1734 863 1735 828 1735 831 1735 851 1736 798 1736 848 1736 837 1737 848 1737 851 1737 833 1738 832 1738 826 1738 838 1739 840 1739 802 1739 838 1740 834 1740 840 1740 854 1741 834 1741 826 1741 826 1742 834 1742 838 1742 803 1743 834 1743 854 1743 848 1744 837 1744 810 1744 857 1745 839 1745 838 1745 838 1746 839 1746 830 1746 816 1747 801 1747 840 1747 842 1748 841 1748 833 1748 842 1749 844 1749 817 1749 812 1750 829 1750 830 1750 902 1751 845 1751 829 1751 827 1752 843 1752 902 1752 847 1753 845 1753 844 1753 874 1754 851 1754 848 1754 874 1755 835 1755 826 1755 826 1756 835 1756 833 1756 833 1757 835 1757 842 1757 836 1758 835 1758 846 1758 846 1759 835 1759 874 1759 874 1760 849 1760 846 1760 846 1761 849 1761 825 1761 849 1762 850 1762 847 1762 874 1763 848 1763 849 1763 849 1764 848 1764 850 1764 849 1765 847 1765 846 1765 846 1766 847 1766 836 1766 847 1767 844 1767 836 1767 836 1768 844 1768 842 1768 826 1769 833 1769 852 1769 810 1770 856 1770 845 1770 810 1771 845 1771 847 1771 826 1772 853 1772 854 1772 852 1773 854 1773 853 1773 852 1774 853 1774 826 1774 840 1775 803 1775 854 1775 840 1776 854 1776 852 1776 816 1777 840 1777 852 1777 827 1778 816 1778 852 1778 827 1779 852 1779 843 1779 843 1780 852 1780 833 1780 843 1781 833 1781 844 1781 844 1782 833 1782 817 1782 830 1783 902 1783 829 1783 858 1784 829 1784 855 1784 855 1785 829 1785 845 1785 830 1786 857 1786 902 1786 827 1787 902 1787 860 1787 827 1788 860 1788 838 1788 902 1789 857 1789 860 1789 858 1790 831 1790 829 1790 858 1791 855 1791 856 1791 795 1792 859 1792 838 1792 840 1793 801 1793 827 1793 840 1794 827 1794 838 1794 860 1795 795 1795 838 1795 860 1796 861 1796 838 1796 838 1797 859 1797 860 1797 838 1798 861 1798 857 1798 861 1799 821 1799 857 1799 857 1800 821 1800 860 1800 851 1801 874 1801 837 1801 837 1802 874 1802 856 1802 856 1803 874 1803 858 1803 858 1804 874 1804 863 1804 858 1805 863 1805 831 1805 863 1806 862 1806 838 1806 784 1807 838 1807 862 1807 862 1808 863 1808 864 1808 864 1809 863 1809 872 1809 864 1810 872 1810 865 1810 872 1811 866 1811 867 1811 872 1812 867 1812 865 1812 864 1813 869 1813 862 1813 862 1814 869 1814 868 1814 865 1815 869 1815 864 1815 867 1816 873 1816 865 1816 873 1817 869 1817 865 1817 873 1818 867 1818 866 1818 873 1819 866 1819 870 1819 871 1820 870 1820 866 1820 874 1821 869 1821 873 1821 874 1822 870 1822 871 1822 874 1823 873 1823 870 1823 874 1824 868 1824 869 1824 863 1825 874 1825 872 1825 878 1826 876 1826 877 1826 887 1827 879 1827 883 1827 878 1828 875 1828 876 1828 875 1829 880 1829 876 1829 881 1830 884 1830 872 1830 877 1831 885 1831 878 1831 881 1832 880 1832 884 1832 882 1833 885 1833 877 1833 872 1834 884 1834 883 1834 883 1835 884 1835 875 1835 886 1836 888 1836 877 1836 877 1837 888 1837 882 1837 872 1838 883 1838 879 1838 887 1839 883 1839 878 1839 872 1840 888 1840 886 1840 885 1841 887 1841 878 1841 888 1842 872 1842 879 1842 888 1843 879 1843 882 1843 887 1844 891 1844 879 1844 879 1845 891 1845 889 1845 879 1846 889 1846 901 1846 879 1847 901 1847 882 1847 882 1848 901 1848 885 1848 885 1849 901 1849 890 1849 885 1850 890 1850 887 1850 887 1851 890 1851 891 1851 892 1852 871 1852 893 1852 901 1853 889 1853 866 1853 893 1854 896 1854 894 1854 894 1855 896 1855 895 1855 866 1856 889 1856 871 1856 895 1857 896 1857 890 1857 898 1858 889 1858 891 1858 893 1859 897 1859 892 1859 895 1860 890 1860 899 1860 898 1861 891 1861 896 1861 891 1862 890 1862 896 1862 889 1863 898 1863 871 1863 871 1864 898 1864 893 1864 895 1865 899 1865 900 1865 900 1866 899 1866 866 1866 866 1867 899 1867 901 1867 894 1868 897 1868 893 1868 901 1869 899 1869 890 1869 880 1870 897 1870 884 1870 884 1871 897 1871 893 1871 884 1872 893 1872 875 1872 875 1873 893 1873 897 1873 875 1874 897 1874 880 1874 882 1875 899 1875 901 1875 882 1876 901 1876 888 1876 888 1877 901 1877 899 1877 888 1878 899 1878 882 1878 875 1879 893 1879 883 1879 883 1880 893 1880 898 1880 883 1881 898 1881 896 1881 883 1882 896 1882 878 1882 878 1883 896 1883 893 1883 878 1884 893 1884 875 1884 900 1885 886 1885 877 1885 900 1886 877 1886 895 1886 876 1887 894 1887 877 1887 877 1888 894 1888 895 1888 894 1889 876 1889 880 1889 894 1890 880 1890 897 1890 897 1891 880 1891 892 1891 881 1892 892 1892 880 1892 881 1893 872 1893 874 1893 881 1894 874 1894 892 1894 892 1895 874 1895 871 1895 866 1896 872 1896 900 1896 900 1897 872 1897 886 1897 902 1898 805 1898 845 1898 843 1899 903 1899 902 1899 902 1900 903 1900 806 1900 844 1901 904 1901 843 1901 843 1902 904 1902 903 1902 844 1903 905 1903 904 1903 845 1904 905 1904 844 1904 845 1905 805 1905 905 1905 805 1906 902 1906 806 1906 822 1907 861 1907 860 1907 822 1908 860 1908 821 1908 821 1909 861 1909 822 1909 830 1910 819 1910 812 1910 812 1911 819 1911 829 1911 829 1912 819 1912 830 1912 824 1913 855 1913 820 1913 820 1914 855 1914 856 1914 820 1915 856 1915 824 1915 824 1916 856 1916 855 1916 810 1917 809 1917 799 1917 810 1918 799 1918 848 1918 848 1919 799 1919 847 1919 847 1920 799 1920 818 1920 847 1921 818 1921 810 1921 810 1922 818 1922 809 1922 814 1923 846 1923 825 1923 825 1924 849 1924 814 1924 814 1925 849 1925 846 1925 817 1926 833 1926 841 1926 841 1927 842 1927 813 1927 813 1928 842 1928 817 1928 823 1929 854 1929 853 1929 823 1930 853 1930 906 1930 906 1931 853 1931 854 1931 906 1932 854 1932 823 1932 795 1933 827 1933 801 1933 795 1934 860 1934 859 1934 795 1935 859 1935 804 1935 819 1936 829 1936 858 1936 819 1937 858 1937 815 1937 818 1938 847 1938 850 1938 850 1939 848 1939 818 1939 818 1940 848 1940 847 1940 813 1941 852 1941 906 1941 906 1942 852 1942 817 1942 817 1943 852 1943 813 1943 857 1944 812 1944 839 1944 839 1945 812 1945 811 1945 811 1946 830 1946 839 1946 830 1947 811 1947 812 1947 812 1948 857 1948 830 1948 837 1949 820 1949 809 1949 809 1950 810 1950 837 1950 810 1951 820 1951 856 1951 856 1952 820 1952 837 1952 841 1953 808 1953 836 1953 836 1954 808 1954 835 1954 835 1955 808 1955 842 1955 842 1956 808 1956 841 1956 842 1957 841 1957 836 1957 834 1958 803 1958 807 1958 834 1959 807 1959 840 1959 840 1960 807 1960 803 1960 840 1961 803 1961 802 1961 802 1962 801 1962 840 1962 803 1963 840 1963 801 1963 817 1964 833 1964 832 1964 817 1965 832 1965 800 1965 800 1966 832 1966 833 1966 800 1967 833 1967 841 1967 798 1968 851 1968 799 1968 799 1969 851 1969 848 1969 799 1970 848 1970 798 1970 796 1971 828 1971 797 1971 797 1972 828 1972 819 1972 819 1973 828 1973 829 1973 796 1974 831 1974 828 1974 819 1975 829 1975 831 1975 819 1976 831 1976 796 1976</p>
                </triangles>
            </mesh>
        </geometry>
    </library_geometries>
    <library_visual_scenes>
        <visual_scene id="VisualSceneNode" name="VisualScene">
            <node id="node" name="node">
                <instance_geometry url="#shape0-lib">
                    <bind_material>
                        <technique_common/>
                    </bind_material>
                </instance_geometry>
            </node>
        </visual_scene>
    </library_visual_scenes>
    <scene>
        <instance_visual_scene url="#VisualSceneNode"/>
    </scene>
</COLLADA>
