<?xml version="1.0" encoding="UTF-8"?>
<COLLADA xmlns="http://www.collada.org/2005/11/COLLADASchema" version="1.4.1">
    <asset>
        <contributor>
            <author>VCGLab</author>
            <authoring_tool>VCGLib | MeshLab</authoring_tool>
        </contributor>
        <up_axis>Y_UP</up_axis>
        <created>Mo. Sep 10 16:13:19 2018</created>
        <modified>Mo. Sep 10 16:13:19 2018</modified>
    </asset>
    <library_images/>
    <library_materials/>
    <library_effects/>
    <library_geometries>
        <geometry id="shape0-lib" name="shape0">
            <mesh>
                <source id="shape0-lib-positions" name="position">
                    <float_array id="shape0-lib-positions-array" count="2679">0.0448441 0.00665194 0.017764 0.0448441 -0.00664937 0.017764 0.0448441 0.00665194 -0.0162359 0.0448441 -0.00664937 -0.0162359 0.0448829 0.00697374 0.017764 0.0448829 0.00697374 -0.0162359 0.0450354 0.00737691 0.017764 0.0450354 0.00737691 -0.0162359 0.042838 0.00781572 -0.0212362 0.0432052 0.0072822 -0.0162359 0.0432435 0.00718087 0.017764 0.0433051 0.00697374 -0.0162359 0.0433441 0.00665194 0.017764 0.0433441 0.00665194 -0.0162359 0.0433441 -0.00664937 -0.0162359 0.0645525 0.00514353 0.0227637 0.0649167 0.00463778 0.017764 0.0649692 0.00454307 -0.0162359 0.06506 0.00434697 0.017764 0.0651216 0.0041399 -0.0162359 0.0651605 0.00381804 0.017764 0.0651605 0.00381804 -0.0162359 0.0666605 0.00381804 0.017764 0.0666605 -0.00381326 0.017764 0.0666605 0.00381804 -0.0162359 0.0666605 -0.00381326 -0.0162359 0.0651605 -0.00381326 0.017764 0.0873105 -0.00366872 -0.0212341 0.0873987 -0.00370568 0.0227595 0.0870708 -0.00340515 0.017764 0.0869571 -0.00320607 -0.021231 0.086945 -0.00313001 0.017764 0.0869478 -0.00279349 0.000764042 0.0870707 -0.00251805 0.017764 0.0871302 -0.00241071 -0.0212089 0.0873383 -0.00226557 0.017764 0.0874615 -0.00220984 -0.0162359 0.087727 -0.0021643 0.000764042 0.0879926 -0.00220984 -0.0162359 0.0882855 -0.00240248 0.000764042 0.0884058 -0.00254351 -0.0162359 0.0885234 -0.0029276 -0.0162359 0.0885062 -0.00279349 0.017764 0.0885177 -0.00306266 0.017764 0.088464 -0.00325757 0.000764042 0.0883493 -0.00347477 0.0227629 0.0882842 -0.0035538 -0.0212172 0.0880553 -0.00368779 0.017764 0.0877946 -0.00375568 -0.0162359 0.0877946 -0.00375568 0.017764 0.0661114 -0.00502616 -0.0162359 0.0662389 -0.00507122 0.017764 0.0664621 -0.00522208 0.017764 0.0665401 -0.00526899 -0.0212207 0.0666619 -0.00549406 0.0227412 0.0666983 -0.00576412 -0.0162359 0.06667 -0.00603014 0.000764043 0.0665893 -0.00621551 0.017764 0.0664112 -0.00641775 0.017764 0.0660453 -0.00658321 -0.0162359 0.066176 -0.00654918 0.017764 0.0657758 -0.00658321 -0.0162359 0.0654098 -0.00641775 0.017764 0.0652318 -0.00621551 0.017764 0.0653301 -0.00637978 -0.0212066 0.0651313 -0.00596553 0.017764 0.0650973 -0.00582885 -0.0212324 0.0651279 -0.00557893 0.0227489 0.0651988 -0.00543874 -0.0162359 0.0654763 -0.00510722 0.0227527 0.0654808 -0.00510674 -0.0212247 0.0658767 -0.00500619 0.017764 0.0658429 -0.00500333 -0.0162359 0.0439434 -0.00941229 0.000764046 0.0436476 -0.00929415 -0.0162359 0.0436476 -0.00929415 0.017764 0.0433823 -0.00899255 0.017764 0.0433077 -0.00876856 0.0227474 0.0433538 -0.00897479 -0.0212314 0.0433148 -0.00846576 0.000764046 0.0434152 -0.00821578 0.017764 0.0434771 -0.00810063 -0.021226 0.0439594 -0.00784808 -0.0162359 0.0437801 -0.00788218 0.0227497 0.0442288 -0.00784808 0.017764 0.0443262 -0.00787639 -0.0162359 0.0445948 -0.00801354 0.017764 0.0445948 -0.00801354 -0.0162359 0.0447728 -0.00821578 0.000764046 0.0448789 -0.00860035 0.017764 0.0448733 -0.00846576 -0.0162359 0.0448847 -0.00873494 -0.0162359 0.044735 -0.00910771 -0.0162359 0.0448058 -0.00899255 0.017764 0.0446455 -0.00920921 0.017764 0.0444224 -0.00936007 -0.0162359 0.0443896 -0.0093686 0.017764 0.0441617 -0.00942796 -0.0162359 0.0876266 0.00217283 0.017764 0.0875262 0.00218708 -0.0162359 0.0871895 0.00234855 0.0227492 0.0869648 0.00272507 0.017764 0.0870152 0.00259966 -0.0162359 0.0869203 0.00294715 -0.0212167 0.0869514 0.0031752 0.0227598 0.0870356 0.00334496 -0.0162359 0.0871286 0.00348515 0.017764 0.0873461 0.0036766 -0.0212326 0.0874273 0.00371445 0.0227626 0.0878937 0.00373286 0.017764 0.087727 0.00375563 -0.0162359 0.088138 0.00365919 -0.0212345 0.0883218 0.0035128 0.0227341 0.0884892 0.00324005 -0.021233 0.0885399 0.00299853 0.0227604 0.0884935 0.00275874 -0.0162359 0.0884388 0.00259966 0.017764 0.0882711 0.00235462 -0.021218 0.0881086 0.00224406 0.0227468 0.0879279 0.00218708 0.000764042 0.0659781 0.00659663 -0.0162359 0.0662389 0.00652874 0.017764 0.0664621 0.00637782 0.017764 0.0666628 0.00611925 -0.0212327 0.0666854 0.00604409 0.0227604 0.06667 0.00556982 0.000764045 0.0665893 0.00538445 0.017764 0.0664063 0.00515866 -0.0212097 0.0660453 0.00501669 -0.0162359 0.0660453 0.00501669 0.017764 0.0657758 0.00501669 -0.0162359 0.0655834 0.00507862 0.000764045 0.0652967 0.00526768 0.022751 0.0652414 0.00539047 -0.0162359 0.0651313 0.00563443 0.017764 0.0651213 0.00586975 -0.0162359 0.0651988 0.00616121 0.000764045 0.0654418 0.00645858 -0.0212035 0.0654102 0.00643778 0.0227626 0.0655821 0.00652874 0.017764 0.0657097 0.00657374 -0.0162359 0.0437348 0.00790686 -0.0212273 0.0436476 0.00797582 0.017764 0.0433823 0.00827736 -0.0162359 0.0433472 0.00837255 0.017764 0.043281 0.00869066 -0.0212113 0.0433117 0.00881136 0.0227613 0.0434376 0.00907964 0.017764 0.0434152 0.00905418 -0.0162359 0.0437053 0.00933212 -0.0162359 0.0437373 0.00934345 0.017764 0.0440941 0.00943333 -0.0162359 0.0440941 0.00943333 0.017764 0.0444828 0.00933212 0.017764 0.0447102 0.009134 0.017764 0.044666 0.00918418 -0.0162359 0.0448733 0.00880414 0.017764 0.0448748 0.00850254 0.017764 0.0448847 0.00853497 -0.0162359 0.044735 0.00816226 -0.0162359 0.0444224 0.00790989 0.017764 0.0441617 0.00784201 -0.0162359 0.0279 -0.000418283 0.00501996 0.0279001 -0.00362545 0.00291365 0.0279001 -0.00371194 -0.00159901 0.0279001 0.00152803 -0.00336248 0.0279001 0.00419432 0.000306115 0.0279001 0.00311703 0.00360113 0.0666995 0.0041399 0.017764 0.0666995 0.0041399 -0.0162359 0.0668518 0.00454307 0.017764 0.0668518 0.00454307 -0.0162359 0.0426276 0.00827152 -0.0212358 0.0644026 0.00571752 0.022764 0.0643999 0.00569344 -0.0212359 0.0445015 0.0079391 -0.0212226 0.0448615 0.00889147 -0.0212322 0.0443596 0.00938779 -0.0162359 0.0663494 0.00647921 -0.0212338 0.0664393 -0.00640934 -0.0212348 0.0645944 0.00507164 -0.0212366 0.0646164 0.00747842 -0.0162359 0.0644696 0.00621909 -0.0162359 0.0647673 0.00676531 -0.0162359 0.0651471 0.00708747 -0.0162359 0.0656117 0.00726694 -0.0162359 0.0659852 0.0073005 -0.0162359 0.0457749 0.00992781 -0.0162359 0.0455081 0.00912154 -0.0162359 0.0443727 0.0101101 -0.0162359 0.0449282 0.00987691 -0.0162359 0.04528 0.00954664 -0.0162359 0.0455883 0.00876737 -0.0162359 0.0455674 0.00827628 0.0227572 0.045568 0.00888705 0.017764 0.0454687 0.0092364 0.017764 0.04528 0.00954664 0.017764 0.0449282 0.00987691 0.017764 0.0443727 0.0101101 0.017764 0.0644494 0.00612867 0.017764 0.0646164 0.00747842 0.017764 0.0647673 0.00676531 0.017764 0.0645592 0.00645334 0.017764 0.0659852 0.0073005 0.017764 0.0656117 0.00726694 0.017764 0.0651471 0.00708747 0.017764 0.0457749 0.00992781 0.017764 0.0452298 0.00765812 0.0227641 0.0428007 0.00787222 0.0227638 0.0425847 0.00855684 0.022764 0.0426109 0.00886041 0.017764 0.0442015 0.0101324 -0.0162359 0.0427999 0.0103146 -0.0162359 0.0426207 0.00895488 -0.0212101 0.0428154 0.00941026 -0.0162359 0.0431443 0.00979036 -0.0162359 0.0435806 0.0100399 -0.0162359 0.0429638 0.00961423 0.017764 0.0427999 0.0103146 0.017764 0.0427034 0.00918424 0.017764 0.0442015 0.0101324 0.017764 0.0435806 0.0100399 0.017764 0.043242 0.00987077 0.017764 0.0427999 -0.0103146 0.017764 0.0435368 -0.0100205 0.017764 0.0439036 -0.0101216 0.017764 0.0426848 -0.00913161 0.017764 0.0429312 -0.00957262 0.017764 0.0432021 -0.00983971 0.017764 0.0427999 -0.0103146 -0.0162359 0.0442874 -0.0101212 0.017764 0.0439036 -0.0101216 -0.0162359 0.0435368 -0.0100205 -0.0162359 0.0432021 -0.00983971 -0.0162359 0.0429312 -0.00957262 -0.0162359 0.0426425 -0.00901168 -0.0162359 0.0433441 -0.00664937 0.017764 0.0433051 -0.00697124 -0.0162359 0.0432435 -0.00717836 0.017764 0.0431527 -0.0073744 -0.0162359 0.0431002 -0.00746917 0.017764 0.0450879 -0.00746917 0.017764 0.0439165 0.00705362 0.017764 0.0448829 -0.00697124 0.017764 0.0441992 -0.00709527 0.017764 0.0450354 -0.0073744 -0.0162359 0.0448829 -0.00697124 -0.0162359 0.0436926 -0.00711882 -0.0162359 0.0439598 0.0070405 -0.0162359 0.0457749 -0.00992781 0.017764 0.0447669 -0.00996828 0.017764 0.0455404 -0.00901031 0.017764 0.0455941 -0.00863373 0.017764 0.0450851 -0.00975972 0.017764 0.0453324 -0.00947064 0.017764 0.0457749 -0.00992781 -0.0162359 0.0455941 -0.00863373 -0.0162359 0.0446533 -0.0100256 -0.0162359 0.0455404 -0.00901031 -0.0162359 0.0453324 -0.00947064 -0.0162359 0.0449828 -0.00983536 -0.0162359 0.0654118 -0.00429529 0.0227635 0.0649692 -0.00453829 0.017764 0.0666995 -0.00413513 0.017764 0.0660043 -0.00417888 0.017764 0.0651216 -0.00413513 0.017764 0.0668722 -0.00459128 0.0227272 0.0660717 0.00426913 0.017764 0.0668518 -0.00453829 -0.0162359 0.0666995 -0.00413513 -0.0162359 0.0651605 -0.00381326 -0.0162359 0.06506 -0.0043422 -0.0162359 0.0649167 -0.00463301 -0.0162359 0.0658168 -0.00417888 -0.0162359 0.0661781 0.00423473 -0.0162359 0.0646164 -0.00747841 0.017764 0.0645187 -0.00635689 0.017764 0.0647089 -0.00668633 0.017764 0.0649682 -0.00696462 0.017764 0.0652949 -0.00715947 0.017764 0.0657838 -0.00728678 0.017764 0.0646164 -0.00747841 -0.0162359 0.0661039 -0.00728506 -0.0162359 0.0657838 -0.00728678 -0.0162359 0.0652949 -0.00715947 -0.0162359 0.0648764 -0.00687658 -0.0162359 0.064576 -0.00647044 -0.0162359 0.0644442 -0.00611359 -0.0162359 0.0662854 0.00509262 0.0227578 0.0651199 0.0059036 0.017764 0.0439309 0.00784332 0.0227556 0.0443508 0.00945842 0.0227631 0.0299001 0.00691563 -0.00117678 0.0309001 0.00875175 -0.00388634 0.0299001 0.00934196 -0.00306165 0.0299001 0.00772154 -0.00408656 0.0309001 0.00677568 -0.00378126 0.0309001 0.00783223 -0.00129813 0.0309001 0.00271976 0.00915491 0.0299001 0.00425834 0.00999564 0.0309001 0.00478077 0.00923228 0.0299001 0.00480855 0.00782627 0.0309001 0.00443697 0.00755942 0.0299001 0.00218606 0.00757384 0.0299001 0.00276947 0.00995725 0.0309001 -0.00664693 0.00462001 0.0299001 -0.00794297 0.00560516 0.0299001 -0.00750536 0.00328773 0.0299001 -0.00945866 0.00481874 0.0309001 -0.00831032 0.00282401 0.0309001 -0.00865137 0.00547439 0.0309001 -0.00530708 -0.00777036 0.0299001 -0.00492024 -0.00666899 0.0309001 -0.00254953 -0.00594705 0.0299001 -0.00225347 -0.00705594 0.0309001 -0.00242078 -0.00798339 0.0299001 -0.00393814 -0.00853974 0.0299001 0.000773683 0.00486445 0.0299001 -0.00443369 0.00139844 0.0299001 -0.00211674 -0.00288069 0.0299001 0.000927287 -0.00324339 0.0299001 0.00368995 -0.00118125 0.0299001 0.00387347 0.00267893 0.0674038 -0.00573414 0.017764 0.0675914 -0.0070917 0.017764 0.066134 -0.00728053 0.017764 0.0664103 -0.00721192 0.017764 0.0667475 -0.00703585 0.017764 0.0671122 -0.00668633 0.017764 0.0673396 -0.00623524 0.017764 0.0664103 -0.00721192 -0.0162359 0.0675914 -0.0070917 -0.0162359 0.0669447 -0.00687658 -0.0162359 0.067393 -0.0059874 -0.0162359 0.0672451 -0.00647044 -0.0162359 0.0675914 0.0070917 0.017764 0.0671603 0.0066216 0.017764 0.0668067 0.00699818 0.017764 0.0662213 0.0072698 0.017764 0.067348 0.00537348 0.0227641 0.06741 0.00576067 0.017764 0.0673646 0.00614709 0.017764 0.0674023 0.00589055 -0.0162359 0.0675914 0.0070917 -0.0162359 0.0662213 0.0072698 -0.0162359 0.0668067 0.00699818 -0.0162359 0.067089 0.00673044 -0.0162359 0.0672831 0.00639326 -0.0162359 0.067178 0.00499052 -0.0212361 0.0675914 -0.0070917 -0.0212359 0.0646163 -0.00747847 -0.0212359 0.0457749 -0.00992781 -0.0212359 0.0427999 -0.0103146 -0.0212359 0.0427999 0.0103146 -0.0212359 0.0453088 0.00775457 -0.0212358 0.0439954 0.00700748 -0.0212363 0.0455456 0.00820166 -0.0212359 0.0646164 0.00747842 -0.0212359 0.0658159 0.00417197 -0.0212363 0.0673827 0.00549525 -0.0212359 0.0675914 0.0070917 -0.0212359 0.0864329 0.00464231 -0.0212359 0.0864329 0.00464231 -0.0162359 0.088139 0.00143445 -0.0212365 0.0877426 0.00131876 -0.0162359 0.0894079 0.00425554 -0.0162359 0.0437456 0.00937522 -0.0212359 0.065193 0.00520122 -0.0212359 0.0872351 0.00231797 -0.0212195 0.0444838 -0.00939357 -0.0212349 0.0446947 -0.00805407 -0.0212246 0.0882292 -0.00225073 -0.0212333 0.0675926 0.00709153 0.0227641 0.0671734 0.00498826 0.0227642 0.0658613 0.00415969 0.0227644 0.0646164 0.00747842 0.0227641 0.0457749 0.00992781 -0.0212359 0.0457749 0.00992781 0.0227641 0.0444109 0.00709874 0.0227641 0.0430885 0.00748813 0.0227474 0.0427999 0.0103146 0.0227641 0.032029 0.0117148 -0.0212359 0.032029 0.0117148 0.0227641 0.0309417 0.0110392 0.0227641 0.0309001 0.0107232 -0.0212359 0.03103 0.0112346 -0.0212359 0.0311659 0.0114069 0.0227641 0.0313166 0.0115393 -0.0212359 0.031436 0.0116127 0.0227641 0.0317101 0.0117143 -0.0212359 0.0317592 0.0117165 0.0227641 0.0309001 -0.0108722 -0.0212359 0.0309001 -0.0108899 0.0227641 0.0309001 0.0107232 0.0227641 0.032029 -0.0117147 0.0227641 0.032029 -0.0117147 -0.0212359 0.0317592 -0.0117165 -0.0212359 0.0317101 -0.0117143 0.0227641 0.0313536 -0.0115716 -0.0212359 0.0313166 -0.0115393 0.0227641 0.0310779 -0.0112981 0.0227641 0.0310607 -0.0112728 -0.0212359 0.111515 -0.00138163 0.0227641 0.0894079 -0.00425553 0.017764 0.0894079 -0.00425553 -0.0162359 0.0894079 -0.00425553 -0.0212359 0.0864329 -0.0046423 -0.0162359 0.0864329 -0.0046423 0.017764 0.0675914 -0.0070917 0.0227641 0.0879204 -0.00444895 -0.0162359 0.0427999 -0.0103146 0.0227641 0.0457749 -0.00992781 0.0227641 0.0440482 -0.00696939 0.0227647 0.0441632 -0.00700652 -0.0212359 0.0454036 -0.00790214 0.0227641 0.0454036 -0.00790214 -0.0212359 0.0455084 -0.00813401 0.0227641 0.0455084 -0.00813401 -0.0212359 0.0425995 -0.00850653 -0.0212359 0.0425995 -0.00850653 0.0227641 0.0426425 -0.00825578 -0.0212359 0.0427272 -0.00801587 0.0227641 0.0427893 -0.00790482 -0.0212359 0.0646163 -0.00747847 0.0227641 0.0671165 -0.00490564 -0.0212359 0.0659815 -0.00410783 -0.0212363 0.067398 -0.00560414 -0.0212359 0.0646379 -0.00501394 -0.0212359 0.0645711 -0.0051223 0.0227641 0.0644763 -0.00535834 -0.0212359 0.0644763 -0.00535834 0.0227641 0.0644227 -0.00560707 -0.0212359 0.0644173 -0.00573414 0.0227641 0.0672974 -0.00524032 -0.0212359 0.0673064 -0.00521612 0.0227641 0.111515 -0.00138163 -0.0212359 0.111843 -0.00128889 0.0227641 0.11188 -0.00126266 -0.0212359 0.112234 -0.000949267 -0.0212359 0.112149 -0.00104105 0.0227641 0.112315 -0.000767547 0.0227641 0.112386 -0.000484723 -0.0212359 0.112385 -0.000476159 0.0227641 0.112386 0.000484726 0.0227641 0.112383 0.000540569 -0.0212359 0.112243 0.000911038 -0.0212359 0.112234 0.00094928 0.0227641 0.111919 0.00125444 -0.0212359 0.11188 0.00126261 0.0227641 0.111515 0.00138164 -0.0212359 0.111515 0.00138164 0.0227641 0.0880765 -0.00223284 0.0227523 0.0870159 -0.0025236 0.022752 0.0666605 -0.0061714 0.0227606 0.0656665 -0.00656938 0.0227632 0.0440079 -0.00949835 0.0227641 0.0449529 -0.00856358 0.0227606 0.0660176 0.00659931 0.0227316 0.0447318 0.00814182 0.022748 0.0299001 0.0107232 0.0227641 0.0299289 0.0110615 0.0227641 0.0299289 0.0110615 -0.0212359 0.0299001 0.0107232 -0.0212359 0.0300146 0.0113901 0.0227641 0.0300146 0.0113901 -0.0212359 0.0301546 0.0116996 0.0227641 0.0301546 0.0116996 -0.0212359 0.030345 0.0119808 0.0227641 0.030345 0.0119808 -0.0212359 0.0305802 0.0122257 0.0227641 0.0305802 0.0122257 -0.0212359 0.0308534 0.0124274 0.0227641 0.0308534 0.0124274 -0.0212359 0.0311568 0.0125799 0.0227641 0.0311568 0.01258 -0.0212359 0.0314817 0.0126789 0.0227641 0.0314817 0.0126789 -0.0212359 0.0318186 0.0127215 0.0227641 0.0318186 0.0127215 -0.0212359 0.0321579 0.0127065 0.0227641 0.0321579 0.0127065 -0.0212359 0.114644 0.00198329 0.0227641 0.114644 0.00198329 -0.0212359 0.115109 0.00187165 0.0227641 0.115165 0.001849 -0.0212359 0.115577 0.00160647 -0.0212359 0.11569 0.00152463 0.0227641 0.115967 0.00123537 -0.0212359 0.116124 0.00100345 0.0227641 0.116209 0.000822783 -0.0212359 0.116322 0.000503308 0.0227641 0.116379 0.000169391 0.0227641 0.116343 0.000417244 -0.0212359 0.116379 -0.000169381 -0.0212359 0.116379 -0.000169385 0.0227641 0.116288 -0.00063895 0.0227641 0.116268 -0.00069609 -0.0212359 0.115967 -0.0012353 0.0227641 0.115929 -0.00128251 -0.0212359 0.115577 -0.00160646 0.0227641 0.115415 -0.00172287 -0.0212359 0.115165 -0.00184899 0.0227641 0.114975 -0.00191128 -0.0212359 0.114644 -0.00198328 0.0227641 0.114644 -0.00198328 -0.0212359 0.0321579 -0.0127064 -0.0212359 0.0321579 -0.0127064 0.0227641 0.0318186 -0.0127215 0.0227641 0.0299004 -0.0109364 0.0227641 0.0299001 -0.0107232 -0.0212359 0.0318186 -0.0127215 -0.0212359 0.0314817 -0.0126789 0.0227641 0.0314817 -0.0126789 -0.0212359 0.0311568 -0.01258 0.0227641 0.0311568 -0.0125798 -0.0212359 0.0308534 -0.0124274 0.0227641 0.0308534 -0.0124274 -0.0212359 0.0305802 -0.0122257 0.0227641 0.0305802 -0.0122257 -0.0212359 0.030345 -0.0119808 0.0227641 0.030345 -0.0119808 -0.0212359 0.0301546 -0.0116995 0.0227641 0.0301546 -0.0116995 -0.0212359 0.0300146 -0.0113901 0.0227641 0.0300146 -0.0113901 -0.0212359 0.0299289 -0.0110615 -0.0212359 0.0299001 -0.00170672 0.00446683 0.0864329 0.00464231 0.017764 0.0864329 0.00464231 0.0227641 0.0862133 0.00290174 0.0227635 0.0894079 0.00425554 0.017764 0.0894079 0.00425554 -0.0212359 0.0894079 0.00425554 0.0227641 0.0863873 0.00363314 -0.0162359 0.0866046 0.00394553 -0.0162359 0.0869978 0.00426311 -0.0162359 0.08621 0.00291837 -0.0212333 0.0891141 0.00351501 -0.0162359 0.089215 0.00314808 -0.0162359 0.0874743 0.00443155 -0.0162359 0.0878543 0.00445307 -0.0162359 0.0882251 0.00436765 -0.0162359 0.0886663 0.00412107 -0.0162359 0.0889334 0.00384993 -0.0162359 0.089215 0.00314808 0.017764 0.0869978 0.00426311 0.017764 0.0882251 0.00436765 0.017764 0.0878543 0.00445307 0.017764 0.0874743 0.00443155 0.017764 0.0866046 0.00394553 0.017764 0.0863399 0.00351501 0.017764 0.0891141 0.00351501 0.017764 0.0889334 0.00384993 0.017764 0.0886663 0.00412107 0.017764 0.0877974 -0.00127875 -0.0212366 0.0887208 -0.0017969 -0.0162359 0.0885775 -0.00150609 -0.0162359 0.0867332 -0.0017969 -0.0162359 0.0884769 -0.000977158 -0.0162359 0.0873789 -0.00143176 -0.0162359 0.0884769 0.000974215 -0.0162359 0.086977 -0.000977158 -0.0162359 0.0868765 -0.00150609 -0.0162359 0.086977 0.000974215 -0.0162359 0.0868765 0.00150311 -0.0162359 0.0891487 0.00238079 -0.0212356 0.0886683 0.00169921 -0.0162359 0.0885129 0.00131643 -0.0162359 0.0864476 0.00217527 -0.0212359 0.0867345 0.00179422 -0.0212338 0.0863352 -0.00352072 0.017764 0.0865254 -0.00385016 0.017764 0.0867847 -0.00412851 0.017764 0.0871113 -0.00432336 0.017764 0.0876003 -0.00445067 0.017764 0.0862607 -0.00327748 -0.0162359 0.0876003 -0.00445067 -0.0162359 0.0866928 -0.00404048 -0.0162359 0.0871113 -0.00432336 -0.0162359 0.0863924 -0.00363433 -0.0162359 0.0864327 -0.0046423 -0.0212359 0.0862392 -0.0027709 -0.0212359 0.0862928 -0.00252223 -0.0212359 0.0864543 -0.00217783 -0.0212359 0.088933 -0.00206947 -0.0212359 0.0891523 -0.00246906 -0.0212359 0.0892095 -0.00315129 -0.0162359 0.0890616 -0.00363433 -0.0162359 0.0887612 -0.00404048 -0.0162359 0.0882267 -0.00437575 -0.0162359 0.0879505 -0.00444442 0.017764 0.0883426 -0.00432336 0.017764 0.0887612 -0.00404048 0.017764 0.0890616 -0.00363433 0.017764 0.0891933 -0.00327748 0.017764 0.0892203 -0.00289803 0.017764 0.089409 -0.00425541 0.0227641 0.0887344 0.00181568 0.0227556 0.087426 0.00140876 0.0227646 0.0863922 0.00225634 0.0227645 0.0864327 -0.0046423 0.0227641 0.0862284 -0.00302511 0.0227641 0.086266 -0.00264656 0.0227641 0.0863876 -0.00228613 0.0227641 0.0890664 -0.00228613 0.0227641 0.0891613 -0.00252223 0.0227641 0.086977 -0.000977159 0.017764 0.0868765 -0.00150609 0.017764 0.086977 0.000974213 0.017764 0.0867332 0.00179392 0.017764 0.0869411 0.00131643 0.017764 0.0876961 0.0013476 0.017764 0.0891778 0.00252867 0.0227638 0.0884769 0.000974213 0.017764 0.0885775 0.00150311 0.017764 0.0887208 -0.0017969 0.017764 0.0885775 -0.00150609 0.017764 0.0884769 -0.000977159 0.017764 0.0877147 -0.0012564 0.022755 0.0878973 -0.00142884 0.017764 0.0867332 -0.0017969 0.017764 0.0284001 0.00873858 0.00698006 0.0284001 0.00745732 0.00987243 0.0298965 0.00916994 0.00811398 0.0284001 -0.0115 -0.018736 0.0284001 -0.00932228 0.0088014 0.0284001 -0.00898302 -0.00638354 0.0284001 -0.00795519 -0.00851375 0.0284001 0.0078252 -0.0084762 0.0284001 0.00573003 -0.00628167 0.0284001 0.00909716 -0.0067355 0.0284001 -0.00391495 -0.0152241 0.0284001 -0.00387859 -0.010897 0.0284001 0.00387859 -0.0150748 0.0284001 0.00391495 -0.0107478 0.0284001 -0.00310969 0.0122654 0.0284001 -0.00279641 0.0167639 0.0290459 -0.00401735 0.0159303 0.0284001 0.00395376 0.0124419 0.0284001 0.00899607 0.0187063 0.0284015 0.00667101 0.0178228 0.0284005 0.00690711 -0.0159277 0.0284001 0.011 -0.019736 0.0284001 0.00943989 -0.0161991 0.0284001 0.00723004 -0.0180331 0.0284001 0.0115 -0.018736 0.0284001 -0.00830161 -0.0040766 0.0284001 -0.00922382 -0.00185496 0.0284001 -0.0029028 0.0102331 0.0284001 -0.00475752 0.00803119 0.0284001 0.00180692 -0.00721443 0.0284001 -0.00160014 -0.00676465 0.0284005 0.00452262 0.00679612 0.0291244 0.00677896 0.00715148 0.0298985 -0.00631678 0.00516104 0.0284001 -0.00543737 -0.00366068 0.0284001 -0.00623095 -0.00612277 0.0284001 -0.00174492 -0.0030365 0.0284001 -0.00426262 0.00192517 0.0284001 1.24141e-09 0.00492847 0.0284 0.00399894 0.00237125 0.0284001 0.00264293 -0.00254309 0.0284001 -0.0114869 0.0202619 0.0284001 -0.00898081 0.0171274 0.0298989 -0.00652796 0.0186367 0.0284001 -0.00872046 0.0193958 0.0284001 -0.0087713 -0.0178066 0.0284001 -0.00660652 -0.0172682 0.0284001 -0.00702685 0.00157273 0.0284001 -0.00897264 -4.42031e-05 0.0284001 -0.00678986 0.00713306 0.0284001 -0.00894326 0.00514287 0.0284001 -0.00469434 -0.00752962 0.0284001 -0.00462615 0.00690204 0.0284001 -0.00134229 0.0088411 0.0284001 0.00119048 0.00847202 0.0284052 0.00269604 0.00978732 0.0284001 0.00894326 -0.00361472 0.0284001 0.0078547 0.00245654 0.0284001 0.00892025 -9.33281e-05 0.0249001 0.0115 -0.016736 0.0249001 0.0115 0.018264 0.0254754 0.0116185 -0.0183285 0.0284001 0.0115 0.0202671 0.0284001 0.013 -0.018736 0.0298362 0.0119643 -0.018736 0.0288955 0.0129282 -0.018736 0.02949 0.0125476 -0.018736 0.0298769 0.0109488 -0.0201105 0.0293625 0.011 -0.0209154 0.0286149 0.011 -0.0212354 -0.00160503 0.0109988 -0.0212359 -9.9996e-05 0.011 -0.019736 -0.00240332 -0.0109432 -0.0212359 -0.00250322 0.0103981 -0.019736 0.00670159 -0.00552767 -0.0197359 0.00435924 -0.00579304 -0.019736 -9.99951e-05 -0.011 -0.019736 -0.000879169 -0.00701094 -0.019736 0.00067626 -0.00898963 -0.019736 -0.00257224 -0.0104426 -0.019736 0.0199426 0.00498492 -0.019736 0.0238964 0.004969 -0.019736 0.0199013 -0.00496888 -0.019736 0.0238981 -0.00498378 -0.019736 0.0119012 0.0049895 -0.019736 0.0119735 -0.00432032 -0.019736 0.0158338 -0.00500506 -0.019736 0.0158996 0.00461107 -0.019736 0.00279874 -0.00299579 -0.019736 0.00390988 0.00146258 -0.019736 -0.00252944 0.00470662 -0.019736 0.0284001 -0.011 -0.019736 0.0182106 -0.00698578 -0.0212359 0.0175615 -0.00830889 -0.019736 0.00663674 7.15172e-05 -0.019736 0.00860125 6.20539e-05 -0.019736 0.00522077 0.00443697 -0.019736 0.00589269 0.00687605 -0.019736 0.0179015 0.00817603 -0.019736 0.0158988 0.00498372 -0.0212359 0.0158256 -0.00497281 -0.0212359 0.0119426 -0.00498491 -0.0212359 0.0119012 0.00496888 -0.0212359 0.00191158 -0.00369143 -0.0212359 0.00438625 -0.00582391 -0.0212359 0.00663137 -0.00550425 -0.0212359 0.028726 -0.011 -0.0212355 0.0182935 0.00746828 -0.0212356 0.0239 0.00399995 -0.0212359 0.0199014 0.00498998 -0.0212359 0.0238988 -0.00496888 -0.0212359 0.0199426 -0.00498491 -0.0212359 0.00141716 0.00373381 -0.0212359 0.0041061 0.000237056 -0.0212359 -0.00179809 -0.00423872 -0.0197431 -0.00254619 -0.00796652 -0.0212359 0.00104493 -0.00764787 -0.0212359 -0.00260162 0.00663126 -0.0212359 0.00093468 0.00738305 -0.0212359 -4.54803e-05 0.00829136 -0.0197373 0.00659627 0.00631714 -0.0212359 0.00450689 0.00498962 -0.0212359 0.0079 3.4532e-10 -0.0212359 0.017895 -0.00872457 -0.0212359 0.0299001 -0.011 -0.019736 0.0297208 -0.011 -0.020542 0.0291499 -0.0110125 -0.0189275 0.0299001 -0.0115 -0.018736 0.0298816 -0.0117346 -0.018736 0.0297331 -0.0122129 -0.018736 0.0292642 -0.0127404 -0.018736 0.0287307 -0.0129673 -0.018736 0.0284001 -0.0129999 -0.018736 0.0269 -0.0115 -0.018736 0.0249001 -0.0115 0.018264 0.0249001 -0.0115 -0.016736 0.0259457 -0.0115 0.0202125 0.0254869 -0.0126541 -0.0183306 0.0284001 -0.0129999 0.020264 0.0298363 -0.0119641 0.020264 0.0288956 -0.0129282 0.020264 0.02949 -0.0125475 0.020264 0.0298963 -0.011 0.0214234 0.0296799 -0.011 0.0220883 0.0289791 -0.011 0.0226683 0.0284001 -0.011 0.0227641 0.0284001 -0.011 0.0212639 -0.00100291 -0.0109972 0.0212641 -0.000120037 0.00796688 0.0212641 0.0035038 -0.002065 0.0212641 0.00681573 -0.00590676 0.0212641 0.00432325 -0.00540942 0.0212641 0.00110686 -0.00762558 0.0212641 0.0199013 0.00496888 0.0212641 0.0238575 0.00498492 0.0212641 0.0199136 -0.00459689 0.0212639 0.0238987 -0.00498998 0.0212639 0.0158575 0.00498492 0.0212641 0.0119013 0.00496888 0.0212641 0.0119426 -0.00498491 0.0212641 0.0158988 -0.00496888 0.0212641 -0.0026043 0.00979447 0.0212641 0.00361222 0.00185019 0.0212641 -0.00136244 0.00440621 0.0212641 -0.00251818 -0.00471568 0.0212641 -0.00248474 -0.00893903 0.0212641 0.0176664 -0.00895238 0.0212639 0.0178431 -0.00748539 0.0212639 0.0078724 3.44114e-10 0.0212641 0.00575691 0.00570536 0.0212657 0.0177689 0.00762946 0.0212641 0.0284001 0.0109999 0.0212639 -9.99925e-05 0.011 0.0212641 0.011902 0.00498378 0.0227641 0.0119036 -0.004969 0.0227641 0.0158988 0.00496888 0.0227641 -0.000120037 0.00796688 0.0227641 0.00238347 -0.00349909 0.0227641 0.00450742 -0.00498945 0.0227641 0.00660676 -0.00631928 0.0227641 -0.000398489 -0.00679314 0.0227641 0.000140408 -0.00921214 0.0227641 0.0199426 0.00498492 0.0227641 0.0238988 0.00496888 0.0227641 0.0287279 0.011 0.0227635 0.0158575 -0.00498491 0.0227641 0.0174882 -0.00742835 0.0227641 0.0199002 -0.00447196 0.0227641 0.0238485 -0.00499773 0.0227641 -0.00248229 -0.0108998 0.0227641 -0.00254154 -0.00457883 0.0227641 0.00390989 0.00146258 0.0227641 -0.00253928 0.0047226 0.0227641 0.0180045 0.00829089 0.0227638 -0.00187713 0.0109975 0.0227641 0.00512654 0.00557035 0.0227641 0.0078724 3.44114e-10 0.0227641 0.018362 -0.00872224 0.0227641 0.02949 0.011 0.0223116 0.0299001 0.0115 0.020264 0.0284001 0.013 0.020264 0.0298816 0.0117346 0.020264 0.0297332 0.0122129 0.020264 0.0292642 0.0127404 0.020264 0.0287307 0.0129673 0.020264 0.0260318 0.0129328 0.0202027 0.0249001 0.013 0.018264 0.0249001 0.013 -0.016736 0.0299001 0.0115 -0.018736 0.0299001 0.00790322 0.0100562 0.0299001 -0.00684845 0.00725215 0.0298896 -0.0068056 0.00951415 0.0299001 -0.00919062 0.00906402 0.0299001 -0.00721442 -0.00848293 0.0299001 -0.00903237 -0.00628889 0.0299001 0.00918681 -0.00707352 0.0299001 -0.00394231 -0.0152238 0.0299001 0.00387859 -0.010897 0.0299001 0.00393903 -0.0149827 0.0299001 -0.00385362 0.01228 0.0299002 0.00340611 0.0122692 0.0292944 0.00393766 0.0164068 0.0298702 -0.00660223 -0.00225282 0.0299001 -0.00935972 -0.00211638 0.0299001 -0.00706011 -0.00420922 0.0299001 -0.00460553 0.00860536 0.0299001 -0.00156289 0.00990283 0.0299001 0.0094223 0.00383043 0.0284544 0.00664896 0.00461381 0.0298996 0.00160784 -0.00784856 0.0298992 -0.00403529 -0.00828528 0.0298948 -0.00216716 -0.00695729 0.0299001 -0.00673544 0.00074625 0.0298923 0.00920504 -0.0021714 0.0298988 0.00326789 -0.00182897 0.0299001 0.00644308 0.0052945 0.0299001 -0.00410938 0.00702303 0.0299001 -0.00471979 -0.00418806 0.028401 0.00672859 -0.0041697 0.0298993 0.00443798 -0.00481653 0.0298943 -0.0029825 0.00359821 0.0298987 -0.00407922 -0.000412122 0.0298865 -0.000654808 -0.00338185 0.0298995 0.00396681 0.00207019 0.0298914 0.000680446 0.00494671 0.0299001 0.00790089 0.0166708 0.0299001 0.00886106 0.0193928 0.0299001 0.00735504 -0.0179685 0.0299001 0.00945133 -0.0161026 0.0284034 -0.00869381 -0.0154003 0.0299001 -0.00685996 -0.0168789 0.0299001 -0.00907224 -0.0176929 0.0299001 -0.009188 0.0190922 0.0299001 -0.00831479 0.0168708 0.0298938 0.0068118 0.00122213 0.0299001 0.00913531 0.000747627 0.0298996 0.00701434 -0.00126249 0.0299001 0.00557667 -0.00735849 0.0299001 -0.00109577 -0.00660336 0.0299051 0.000185649 0.00756687 0.0299001 -0.00341922 -0.0107404 0.0299001 1.30697e-09 0.016764 0.0298831 0.0109539 0.0215989 0.0299001 -0.00926512 0.000781896 0.0256328 -0.0129999 0.0201968 0.0249001 -0.0129999 0.018264 0.0249001 -0.0129999 -0.016736 0.0299021 0.00715387 -0.00510174 0.0298745 0.00329977 0.00799638 0.0284329 -0.00797033 0.00319612 0.0298977 -0.00917107 0.004857 0.0299025 -0.00561356 -0.00650984</float_array>
                    <technique_common>
                        <accessor count="893" source="#shape0-lib-positions-array" stride="3">
                            <param name="X" type="float"/>
                            <param name="Y" type="float"/>
                            <param name="Z" type="float"/>
                        </accessor>
                    </technique_common>
                </source>
                <source id="shape0-lib-normals" name="normal">
                    <float_array id="shape0-lib-normals-array" count="5943">1 0 0 1 0 0 0.992809 -0.119713 0 0.992809 -0.119713 0 0.935326 -0.353786 0 0.935326 -0.353786 0 0.82258 -0.56865 0 0.811116 -0.584885 0.0001742 -0.825954 -0.563737 0.000505344 -0.894916 -0.446234 -0.000321818 -0.951353 -0.308104 0.000153425 -0.98239 -0.186842 -0.000641544 -0.992736 -0.120313 0 -1 0 0 -1 0 0 -0.809682 -0.586868 0.000384605 -0.897013 -0.442004 -0.000153769 -0.935401 -0.353589 0.000458697 -0.982423 -0.186668 -0.000643099 -0.992776 -0.119985 0 1 0 0 1 0 0 -1 0 0 -1 0 0 0.125299 0.992119 0 0.171971 0.985102 0.000482833 0.681876 0.731468 -0.000752527 0.794681 0.607026 0.000781867 0.909443 0.415828 -0.000528883 0.999978 0.00669078 0.000297232 0.907831 -0.419335 0.000230881 0.686266 -0.72735 -0.000955682 0.513459 -0.858114 0.00045403 0.218964 -0.975733 -0.0008059 -0.180859 -0.983509 -0.000190991 -0.580248 -0.814439 0.000768216 -0.841911 -0.539614 -0.00148141 -0.956185 -0.292763 0.000670967 -0.999088 -0.0426987 -0.000337101 -0.97756 0.210656 0.000672927 -0.867428 0.497563 0.000389801 -0.579961 0.814644 -0.000605461 -0.372465 0.928046 0.00100279 -0.252014 0.967724 0 -0.0847209 -0.996405 4.12799e-07 -0.176715 -0.984262 -0.000641753 -0.486963 -0.873422 0.000668593 -0.559987 -0.828501 -0.000123481 -0.798227 -0.602356 -0.000872268 -0.95584 -0.293885 0.00114369 -0.999476 0.032351 -0.00115744 -0.879415 0.476054 0.00101646 -0.750465 0.66091 -0.000398284 -0.487807 0.872952 -0.00016328 -0.397256 0.917708 0.000608561 -0.0476151 0.998865 -0.000816716 0 1 -0.000354627 0.407656 0.913135 0.000818687 0.511613 0.859216 -0.000209146 0.750657 0.660692 -0.000891441 0.927824 0.373018 0.00076807 0.921129 0.389258 0.000561287 0.999816 0.0191596 -0.000804485 0.965187 -0.261559 0.000814767 0.804389 -0.594102 -0.0006735 0.762695 -0.646758 7.09919e-05 0.244823 -0.969568 1.4478e-05 0.279169 -0.960242 -0.000358331 0.370898 0.928674 0 0.735946 0.67704 0 0.750847 0.660476 -0.00024792 0.945089 0.326813 -0.00054184 0.999229 0.0392504 0.000863378 0.920541 -0.390646 0.000307715 0.6827 -0.730698 -0.00107416 0.453255 -0.89138 0.00130494 0.0696769 -0.99757 -0.000552085 -0.0769507 -0.997035 0.000609718 -0.411938 -0.911212 -0.000421399 -0.454762 -0.890613 0 -0.750658 -0.660691 0 -0.950869 -0.309591 -0.00106893 -0.999104 -0.0423108 -2.9551e-06 -0.983069 0.183232 -0.000893041 -0.927967 0.372662 0.000670105 -0.803894 0.594773 -0.00034056 -0.62815 0.778092 0.000669327 -0.528697 0.848811 -0.000297047 -0.252009 0.967725 -3.10762e-07 -0.0421279 0.999111 -0.00146194 0.366205 0.930534 -0.000691347 0.413008 0.910728 -0.000205098 0.791637 0.610992 0.000396022 0.862132 0.506683 -0.000591042 0.963074 0.269238 0.000434403 0.999204 0.0398917 -0.000913471 0.957698 -0.287776 0.000815073 0.865994 -0.500055 -0.000307048 0.735818 -0.677179 0.000779366 0.61369 -0.789547 -0.000453452 0.197118 -0.98038 0.00047961 0.0306687 -0.999529 -0.000819756 -0.223343 -0.97474 0.00044225 -0.446955 -0.894556 -0.00110998 -0.766498 -0.642246 0.00106582 -0.920609 -0.390484 -0.00108275 -0.999994 0.00320037 0.00117004 -0.968184 0.25024 -0.000386869 -0.88024 0.474528 0.000804025 -0.740043 0.672559 -0.00104394 -0.393911 0.919148 0.000855498 -0.020266 0.999795 0.000478873 -0.296342 -0.955082 0.000366041 -0.296975 -0.954885 0.00037129 -0.56014 -0.828398 -0.000535032 -0.754199 -0.656646 0.000472305 -0.827396 -0.561619 -0.000534496 -0.999968 0.00801312 0.000527336 -0.870458 0.492242 0.00123549 -0.699881 0.714259 -0.000851683 -0.312248 0.950001 0.000568311 -0.365981 0.930622 0 0 1 0 0.185999 0.982549 -0.00147433 0.630628 0.776084 0.0015497 0.911572 0.41114 1.76148e-06 0.97001 0.243061 0.00139701 0.999104 0.0423122 -9.64929e-07 0.961743 -0.273952 0.000312365 0.784021 -0.620735 0.000269932 0.465799 -0.884891 -8.37945e-05 0.391013 -0.920385 0.000249362 0.167469 -0.985877 -0.000676311 0.084975 -0.996383 -1.76029e-05 0.14102 0.990006 0.000801461 0.432695 0.90154 -0.000626784 0.727255 0.686367 0.000412538 0.797239 0.603663 -0.000867047 0.970341 0.241738 0.000324933 0.99582 0.0913312 -0.000945941 0.908893 -0.417029 0.000510144 0.93972 -0.341945 -0.000363064 0.691812 -0.722078 8.49141e-05 0.660733 -0.750621 -0.000371749 0.251917 -0.967749 8.53753e-05 0.244274 -0.969706 0 -0.169057 -0.985606 0 -0.251978 -0.967733 -0.000671447 -0.553463 -0.832874 0.000641832 -0.656899 -0.753978 -0.000258797 -0.829568 -0.558405 0.000254318 -0.896407 -0.443232 -0.000721309 -0.999988 -0.00496535 0.000291514 -0.997552 -0.0699273 -0.000357216 -0.927946 0.372714 8.52537e-05 -0.92906 0.36993 0.000117697 -0.694483 0.719509 0.00032024 -0.593581 0.804774 -0.000601342 -0.272453 0.962169 0.000168114 -0.142984 0.989725 -0.00087962 -1 -2.03745e-05 -1.673e-05 -1 0 0 -1 0 0 -1 2.6064e-05 -5.94745e-06 0.99274 -0.12028 0 0.99274 -0.12028 0 0.935475 -0.353393 0 0.935475 -0.353393 0 0.810618 -0.585575 0 0.808352 -0.5887 5.43552e-05 -0.907936 -0.419109 -0.00023153 -0.954396 -0.298544 -0.000421106 -0.81648 -0.577374 0.000165802 0.86538 0.500543 0.0239605 -0.934943 0.353695 0.0279503 -0.927503 0.372537 0.0308885 -0.553259 -0.832567 0.0271279 0.250584 -0.962628 0.102739 0.69141 -0.721658 0.0340777 -0.966086 0.258131 0.00676364 0 0.999593 0.0285319 0.57315 0.819443 0.00350142 0.891145 -0.453703 0.003716 0.0849604 -0.996212 0.0185125 0.0235593 -0.999404 0.0252301 0.894242 0.447359 0.0141726 -0.0353813 0.998973 0.0283039 -0.190658 0.981646 0.00450513 -0.0219347 -0.999607 0.0174823 -0.998584 -0.0422887 0.0322607 -0.918997 -0.394266 0.000364621 -0.548801 -0.835942 -0.00419847 -0.454761 -0.890611 -0.00187112 -0.0769165 -0.996592 0.0298136 0.990182 -0.139695 0.00498859 0.347342 0.936908 0.0394681 0.143811 0.989596 0.00437475 0.14951 -0.988756 0.0028313 -0.251997 0.967681 -0.00957985 -0.628097 0.778027 -0.0129284 -0.92767 0.372543 0.0253122 -0.986197 0.154822 0.0586911 -0.151437 -0.987844 0.0350981 -0.0846904 -0.996047 0.0267936 0.882942 -0.46911 0.0186904 0.0275966 0.998881 0.0384056 0 0.999396 0.0347606 -0.938005 0.3466 0.00386234 0.977092 -0.212773 0.00440423 0.144643 -0.98902 0.0303124 -0.0325015 -0.999467 0.00318501 0.170939 0.985282 3.12589e-05 -0.289271 -0.957229 -0.00586319 -0.844495 -0.535561 -0.00153333 -0.956053 -0.292722 0.016636 -0.942382 0.334522 0.00320011 0 0 1 0 0 1 0 0 1 0 0 1 0 0 1 0 0 1 0 0 1 0 0 1 0.987272 -0.158754 0.00953063 0.8837 -0.468053 0.000355994 0.997405 -0.071994 -0.00037214 0.999993 0.00378983 0.00058369 0.975308 0.220848 -0.000195093 0.961896 0.273415 0.000191076 0.88116 0.472819 -0.000576124 0.854371 0.519664 0 0.684447 0.729062 0 0.684447 0.729062 0 0.387063 0.922053 0 0.387063 0.922053 0 0 0 -1 0 0 -1 0 0 -1 0 0 -1 0 0 -1 -0.831899 0.554925 -0.00163096 -0.878055 0.47856 0 -0.646866 0.762604 0 -0.646866 0.762604 0 -0.360342 0.93282 0 -0.360342 0.93282 0 -0.0894903 0.995988 0 -0.0894903 0.995988 0 -0.991309 0.131551 -1.1062e-05 -0.993987 0.109496 -0.00029931 -0.947295 0.320363 0.000289213 -0.967551 -0.252677 0.000197758 0.980531 -0.194926 -0.0237256 0 0 -1 0 0 -1 0 0 -1 0 0 -1 0.877646 -0.47931 0.000525075 -0.999026 -0.0171198 0.0406708 0 0 1 0 0 1 0 0 1 0 0 -1 0 0 -1 0 0 -1 0 0 -1 0 0 -1 -0.917951 0.396695 -0.000386675 -0.855376 0.518008 0.000625896 -0.756198 0.654342 -0.000624877 -0.677908 0.735147 0.000209349 -0.446855 0.894606 -0.000831712 -0.496479 0.868049 0 -0.147351 0.989084 0 -0.147351 0.989084 0 -0.996358 0.085269 -4.38806e-05 -0.96154 0.274666 0.000423955 -0.999949 -0.0100613 -0.000909721 -0.800265 -0.599647 9.15786e-05 0 0 -1 0 0 -1 0 0 -1 0 0 -1 0 0 -1 -0.172252 0.985051 0.00193284 0 0 1 0 0 1 0 0 1 0 0 1 -0.992739 0.120287 0 -0.982394 0.186821 -0.00064173 -0.935401 0.35359 0.000459325 -0.897008 0.442014 -0.000153051 -0.826248 0.563306 0.000294296 0 0 1 0 0 1 0 0 -1 0 0 1 0 0 1 0 0 1 -0.185508 -0.981118 0.0547225 0 0 1 0 0 1 0 0 1 0 0 1 0 0 1 0.821543 0.570147 0.000320629 0.924698 0.380701 -0.000366711 0.935323 0.353794 0 0.992812 0.119687 0 0.992812 0.119687 0 0 0 -1 -0.42697 0.901952 -0.0646504 0 0 -1 0 0 -1 0 0 -1 0 0 -1 0 0 -1 0 0 1 -0.304084 -0.949367 -0.0789644 0 0 -1 0 0 -1 0 0 -1 0 0 -1 0 0 -1 0 0 -1 0 0 -1 0 0 -1 0 0 -1 0 0 -1 0 0 1 -0.0868582 0.996219 0.0018664 0 0 1 0 0 1 0 0 1 -0.327965 0.944539 -0.0168748 0 0 1 0 0 1 0 0 1 0 0 1 0 0 1 -0.062532 0.993654 0.0934991 0 0 -1 0 0 1 0 0 1 0 0 1 0 0 1 0 0 1 0.813667 0.581331 0.000364605 0.935243 0.354006 -8.21074e-06 0.935472 0.3534 0 0.992741 0.120276 0 0.992741 0.120276 0 0 0 -1 0 0 -1 0.327943 0.944387 0.0242203 0.574817 0.817745 -0.0296492 0 0 -1 -0.450035 0.891981 -0.0428625 0 0 -1 0 0 -1 0 0 -1 0 0 -1 0 0 -1 0 0 -1 0 0 -1 0 0 -1 0 0 -1 0.415553 -0.907956 -0.05414 -0.992776 0.119982 0 -0.982423 0.186665 0.00064312 -0.935398 0.353597 -0.000458748 -0.897013 0.442004 0.000153642 -0.804365 0.594135 -0.000413227 -0.996183 -0.0867809 -0.00939284 0 0 -1 0 0 -1 0 0 -1 0 0 -1 0 0 -1 0 0 1 0 0 1 0 0 1 0 0 1 0 0 1 0.688913 -0.724813 0.00676307 0.686251 -0.727334 0.00673101 0.264257 -0.963895 -0.0327821 0.0730739 -0.997317 -0.00427025 -0.80687 -0.590721 -0.0031118 -0.998398 -0.0426692 -0.0371522 -0.930899 0.365275 -0.00124724 -0.235864 0.971396 -0.0275226 -0.251903 0.967298 -0.0296454 0.907617 0.414992 -0.0633531 0.994866 -0.101189 -0.00183913 0.750529 0.660579 -0.0185016 0.927453 0.372869 -0.0282855 -0.176301 -0.981954 -0.068439 -0.559842 -0.828286 -0.0227879 -0.999998 0.00205596 -0.000418658 -0.720408 0.693538 0.00414273 -0.750456 0.660902 0.00485901 -0.487721 0.872799 -0.0186973 -0.371556 0.927784 -0.0341188 0.750719 0.660364 -0.0184436 0.0998338 0.994991 -0.00517744 -0.52713 0.846296 -0.0769232 -0.803592 0.59455 -0.0273857 -0.982984 0.183216 0.0132096 0.882482 -0.470306 -0.00619299 -0.613008 0.790036 -0.00799691 -0.41091 -0.908937 -0.070609 -0.829466 -0.558554 -0.00204026 -0.961429 0.274784 0.0122166 0.74973 -0.661586 -0.0144527 -0.867774 0.496468 -0.0220753 -0.131079 0.991371 -0.00149219 0.11286 0.993293 -0.0251165 0.960615 0.27698 -0.022379 -0.638563 -0.76923 -0.0228411 -0.560092 -0.828326 -0.0131846 -0.986211 0.165466 -0.00287719 -0.921302 0.387408 -0.0334271 0.256576 -0.966484 -0.00876366 0.889391 -0.457139 -0.00279938 0.998654 0.0422932 -0.0300119 0.291242 0.956639 -0.00442825 -0.999566 -0.00496326 -0.0290384 -0.349337 0.936741 -0.0219048 0.7969 0.603405 -0.0292113 0.528367 -0.848404 -0.032235 0.659391 -0.749097 -0.063694 0.244267 -0.969678 -0.00767618 -0.251938 -0.96758 0.0177929 -0.656898 -0.753977 0.00170332 -0.893235 -0.441663 -0.0840522 0.422749 -0.555963 -0.715673 -0.639687 -0.724284 -0.257318 0.356427 -0.49944 0.789632 -0.246768 0.051459 0.967707 0.638694 0.741544 0.205383 -0.665218 0.687043 -0.292331 -0.625072 0.02012 -0.780308 -0.616217 0.0295446 -0.787022 0.303678 -0.923534 -0.234233 -0.29632 -0.935536 0.192268 0.224166 -0.0933745 0.970067 -0.835675 0.373839 0.402359 -0.141055 0.961612 -0.235383 0.205685 0.450704 -0.868654 -0.369843 -0.364307 -0.854691 0.7371 -0.664048 -0.125395 -0.265586 -0.707325 0.655099 0.652711 0.467362 0.596272 -0.66247 0.742963 0.0956043 0.649609 0.673147 0.353386 -0.57639 0.450707 -0.681643 0.725734 -0.0987911 -0.680845 -0.219975 -0.973561 -0.0615546 0.505202 -0.570402 0.647621 -0.554621 0.0612488 0.829846 -0.148158 0.368348 0.917807 0.156939 0.569091 0.807159 -0.211321 0.929024 0.30374 0.16865 -0.156017 0.97325 -0.121562 -0.544881 0.829655 0.197255 -0.732782 0.651246 -0.362964 -0.931632 0.0178557 0.368389 -0.817526 -0.442652 -0.332837 -0.300777 -0.893729 0.0235819 -0.118282 -0.9927 0.22173 0.583279 -0.781423 -0.227129 0.787781 -0.57255 0.211677 0.976237 -0.0464121 0 0 -1 0 0 -1 0 0 -1 0 0 -1 0 0 -1 0 0 1 0 0 1 0 0 1 0 0 1 0 0 -1 0 0 -1 0 0 -1 0.990839 -0.135036 0.00182867 0 0 -1 0 0 1 0 0 1 0 0 1 0 0 1 0.987799 -0.155508 0.0084218 0.92669 -0.375826 -0.000309337 0.910807 -0.412832 7.41094e-05 0.998348 -0.0574537 0.00062827 0.98561 -0.169034 -0.000868821 0.99317 0.116677 0.000220887 0.97302 0.230721 -0.000661954 0.918484 0.395457 0.000661516 0.866657 0.498904 -0.000220407 0.688145 0.725573 0.000879568 0.728995 0.684519 0 0.420891 0.907111 0 0.420891 0.907111 0 0.991595 0.12892 0.0108735 0.984241 0.176831 0 -0.992135 -0.125177 2.0723e-05 0.990381 0.138369 0 -0.992782 -0.119934 0 -0.991427 0.130663 0 -0.572539 -0.819876 0.00133802 0.494072 -0.868564 -0.0385893 0.298495 -0.954374 0.00842723 0.991292 -0.131682 0 -0.992724 0.120407 0.00118024 -0.993274 0.115785 0 -0.59254 -0.804516 -0.0406269 -0.247034 -0.968541 0.0300496 0.514914 -0.856831 -0.0265428 0.991563 -0.129624 0 -0.991745 0.128229 0 -0.248001 -0.967847 -0.0420505 0.683349 -0.729138 0.0373007 0.990577 -0.136955 0 -0.0421097 0.998975 0.0165805 0.825503 -0.562088 -0.0510051 -0.169012 -0.98534 0.0232317 -0.397365 -0.916237 0.0510997 0.0343285 0.99887 0.032863 0.57277 0.818901 -0.0365397 0.969843 0.243019 -0.0185861 0.979992 -0.194953 0.0401189 -0.970605 0.239486 0.0239033 0.863645 -0.503693 0.0202373 0.0381152 -0.998175 0.0468339 -0.995351 0.0874841 0.0402782 -0.997727 -0.0414559 0.053122 -0.117653 0.992641 0.0286655 0.990017 -0.140947 -0.000242302 0.533493 -0.844815 0.040905 0.331316 -0.943496 -0.00670916 -0.303894 -0.952112 -0.0336249 -0.600476 -0.798784 0.0370607 -0.992433 0.122788 0 -0.99271 0.120527 0.000619739 -0.128918 -0.991655 0 -0.128918 -0.991655 0 -0.128915 -0.991656 0 -0.128915 -0.991656 0 -0.128915 -0.991656 0 -0.128915 -0.991656 0 -0.128915 -0.991656 0 -0.128898 -0.991658 9.68975e-06 -0.128915 -0.991656 -7.03944e-07 -0.128898 -0.991658 0 0.992199 -0.12466 0 0.563882 -0.825492 0.024503 0.277532 -0.960533 -0.0187741 -0.282702 -0.958509 0.0366023 -0.95366 -0.300883 0.00102127 -0.992586 0.121522 0.00217696 -0.991659 0.128887 0 -0.128909 -0.991656 0 -0.128909 -0.991656 0 -0.128914 -0.991656 0 -0.128914 -0.991656 0 -0.128914 -0.991656 0 -0.128914 -0.991656 0 0.991446 -0.13052 0 0.969222 -0.246189 0.000851723 0.853805 -0.520593 -0.000598501 0.728409 -0.685143 0.000433165 0.60606 -0.795419 -0.000317709 0.406355 -0.913715 0.000421556 0.30578 -0.952102 -0.000293618 -0.00629958 -0.99998 5.70238e-05 0.00156827 -0.999999 0 1 0 0 1 0 0 1 0 0 1 0 0 1 0 0 1 0 0 1 0 0 1 0 0 1 0 0 1 0 0 1 0 0 1 0 0 1 0 0 1 0 0 1 0 0 1 0 0 1 0 0 1 0 0 1 0 0 1 0 0 1 0 0 1 0 0 0.00125286 0.999999 0 -0.00667236 0.999978 -5.74396e-05 0.336425 0.94171 0.000328334 0.406355 0.913715 -0.000329048 0.71078 0.703414 8.13229e-05 0.714121 0.700022 0.000123337 0.916805 0.399335 -0.000128799 0.92819 0.372108 0.000149687 -0.128905 0.991657 0 -0.128532 0.991705 0 -0.128917 0.991655 0 -0.128915 0.991656 4.60289e-06 -0.128914 0.991656 0 -0.128914 0.991656 0 -0.128914 0.991656 0 -0.128913 0.991656 9.41639e-06 -0.128915 0.991656 0 -0.128905 0.991657 0 -0.128916 0.991656 -4.99448e-06 -0.128917 0.991655 0 -0.128916 0.991656 -2.07674e-06 -0.128916 0.991656 -9.42043e-06 -0.128913 0.991656 0 -0.128916 0.991656 -1.45248e-06 -0.129295 0.991606 -0.000249103 -0.128899 0.991658 -8.28348e-06 -0.128492 0.99171 0.000256654 -0.128945 0.991652 -1.84037e-05 -0.128916 0.991656 5.47668e-07 -0.129295 0.991606 -3.32627e-05 -0.128905 0.991657 0 -0.128908 0.991657 -1.03006e-06 0.128908 -0.991657 -7.76657e-07 -0.128899 0.991658 1.17437e-05 -0.128931 0.991654 -9.2732e-06 -0.128899 0.991658 1.06018e-05 -0.128925 0.991654 -6.49123e-06 -0.128905 0.991657 5.53718e-06 -0.128916 0.991656 -1.20515e-06 -0.128916 0.991656 5.01657e-06 -0.9953 -0.0968389 0 0.985611 0.169029 0 0.989141 0.146954 0.00226674 -0.993909 -0.110162 -0.00318428 -0.997166 -0.0752309 0.000975248 -0.99391 -0.110163 -0.0025819 -0.889149 -0.457618 -0.000507962 -0.872984 -0.487749 0 -0.702083 -0.712095 0 -0.702083 -0.712095 0 -0.475252 -0.87985 0 -0.475252 -0.87985 0 -0.265718 -0.964051 0 -0.265718 -0.964051 0 0.00104101 -0.999999 0 0.989985 -0.141171 0 0.989985 -0.141171 0 0.911288 -0.411769 0 0.911288 -0.411769 0 0.759885 -0.650058 0 0.721912 -0.691984 -0.000632667 0.548181 -0.83636 0.000211254 0.500009 -0.86602 -0.000210592 0.303839 -0.952723 0.000591015 -0.620483 0.783232 0.0393495 -0.321907 0.946177 -0.0335377 0.387776 0.921682 -0.011492 0.566559 0.823256 0.0355158 0.808014 0.589163 0 -0.546948 0.836528 -0.0326904 0.18683 0.981593 0.0396311 0.584867 0.810019 -0.0424262 0.911246 0.411861 0 0.911246 0.411861 0 0.985611 0.169029 0 0.989141 0.146954 -0.00226678 -0.990817 -0.135212 0 -0.985612 0.169022 0 -0.967761 0.25187 0.000489583 -0.922548 0.385882 -0.00032815 -0.824932 0.565232 0.000262279 0.990381 0.138369 0 -0.993555 -0.113347 -2.06079e-05 -0.701004 0.71263 0.0274221 -0.825746 0.564042 0.000135412 0.199533 0.97879 0.0464375 -0.985756 -0.168178 0.000956458 -0.998992 -0.0448972 -0.000252134 -0.994672 -0.102903 -0.00614688 -0.938062 -0.346469 -0.000423873 -0.866021 -0.500007 0.000210317 -0.803978 -0.594659 -0.000633222 -0.731635 -0.681696 0.000210189 -0.560021 -0.828478 -0.000633245 -0.512232 -0.858847 0 -0.251997 -0.967728 0 -0.251997 -0.967728 0 0.0178444 -0.999841 0 0.00537373 -0.999986 0.000128475 0.232181 -0.972673 -7.59576e-05 0.240994 -0.970527 0 0.462856 -0.886434 0 0.531525 -0.847042 -0.000885025 0.691923 -0.721971 0.000631186 0.803978 -0.594659 -0.000633222 0.892954 -0.450148 0.000632189 0.956186 -0.292759 -0.000632314 0.991892 -0.127083 0.000631449 0.999877 -0.0156651 -0.00020102 -0.559114 0.829064 -0.00663602 -0.905292 0.42479 -0.000328295 -0.927954 0.372695 0 -0.97756 0.210657 0 -0.987902 0.155082 0.000326759 0.963834 0.266504 -0.000343734 0.879715 0.475501 -0.000441478 0.821184 0.570664 0.000482649 0.983567 0.180541 0.000455428 0.988645 0.150227 0.00369485 0.990587 0.136887 0 -0.27208 0.962275 0 -0.309901 0.950769 0.000306192 -0.662858 0.748745 -0.000111043 -0.629388 0.777091 0.000405185 -0.854866 0.518849 -0.000569065 -0.950413 0.310991 0.000465288 -0.972338 0.233578 -6.76901e-05 -0.999999 0.00104677 -2.30635e-05 -0.999996 -0.0029285 6.45235e-05 -0.950415 -0.310985 -0.000329833 -0.935431 -0.353509 0.000115902 -0.72736 -0.686256 0.000447666 -0.662783 -0.748811 -0.000448485 -0.310043 -0.950723 -9.83074e-05 -0.300317 -0.953839 0 -0.974857 -0.214643 -0.0598509 0.950523 0.307538 -0.04389 -0.310272 -0.949623 -0.0441345 0.877971 0.476815 -0.0425909 0.721651 0.69185 -0.023747 0.0997793 0.994448 0.0334224 -0.702879 0.710437 -0.0352213 -0.501358 -0.863734 -0.0510284 -0.220584 -0.975068 -0.0241731 0.994251 -0.0959673 -0.0474861 0.174457 0.984388 -0.0233554 0.841579 0.538552 -0.0413119 -0.959494 -0.277075 -0.0510001 -0.996396 0.0848253 0 -0.996396 0.0848253 0 -0.967633 0.252362 0 -0.967633 0.252362 0 -0.911121 0.412139 0 -0.911121 0.412139 0 -0.828043 0.560665 0 -0.828043 0.560665 0 -0.721246 0.692679 0 -0.721246 0.692679 0 -0.593953 0.8045 0 -0.593953 0.8045 0 -0.449097 0.893483 0 -0.449332 0.893365 2.02325e-06 -0.291479 0.956577 2.16646e-06 -0.29121 0.956659 0 -0.12545 0.9921 0 -0.12545 0.9921 0 0.0441675 0.999024 0 0.0441675 0.999024 0 0.128915 0.991656 0 0.128915 0.991656 0 0.233453 0.972368 0 0.249595 0.96835 -0.00018078 0.512776 0.858523 0.00021075 0.5073 0.861769 0.000300018 0.689334 0.724443 -0.000422919 0.768453 0.639906 0.000630925 0.862569 0.505939 -0.000411021 0.929785 0.368103 0.000284798 0.94951 0.313738 -0.000160589 0.985743 0.168258 0.000141259 0.998122 0.0612548 -0.000471623 1 0 0 0.981734 -0.190259 -1.7304e-08 0.978508 -0.206211 -0.000176924 0.880539 -0.473973 0.000215327 0.865749 -0.500478 -0.000210662 0.689393 -0.724388 0.000181882 0.650611 -0.759411 -0.000386239 0.5073 -0.861769 0.000412206 0.393633 -0.919268 -0.000398431 0.249595 -0.96835 0.000293054 0.212553 -0.97715 0 0.128914 -0.991656 0 0.128914 -0.991656 0 0.0444603 -0.999011 0 0.0444603 -0.999011 0 -0.12545 -0.9921 0 -0.12545 -0.9921 0 -0.29121 -0.956659 0 -0.29175 -0.956495 -4.35267e-06 -0.449332 -0.893365 -4.06551e-06 -0.448861 -0.893602 0 -0.593953 -0.8045 0 -0.593953 -0.8045 0 -0.721246 -0.692679 0 -0.721246 -0.692679 0 -0.828136 -0.560528 0 -0.828136 -0.560528 0 -0.911071 -0.41225 0 -0.911071 -0.41225 0 -0.969751 -0.244096 0 -0.967633 -0.252362 9.07425e-05 -0.996396 -0.0848253 -0.000404227 -1 -6.2859e-05 6.51101e-06 -1 -1.38454e-05 1.50616e-05 1 0 0 -1 0 0 -1 0 0 -1 0 0 -1 0 0 -1 0 0 -1 0 0 -1 0 0 -1 0 0 -1 0 0 -1 0 0 -1 0 0 -1 0 0 -1 0 0 -1 0 0 -1 0 0 -1 0 0 -1 0 0 -1 0 0 -1 0 0 -1 0 0 -1 0 0 -1 0 0 1 0 0 1 0 0 1 0 0 -1 0 0 -1 0 0 -1 0 0 -1 0 0 -0.992135 0.125172 0 -0.128914 -0.991656 0 -0.128914 -0.991656 -2.78192e-06 -0.128906 -0.991657 0 -0.128906 -0.991657 0 -0.128915 -0.991656 0 -0.128915 -0.991656 0 -0.128915 -0.991656 0 -0.128915 -0.991656 0 -0.128922 -0.991655 3.76278e-06 -0.128915 -0.991656 -5.94129e-07 -0.128922 -0.991655 0 -0.128914 -0.991656 0 -0.128914 -0.991656 0 -0.128914 -0.991656 0 0.985081 -0.17158 0.0132684 0 0 1 0 0 1 0 0 1 -0.998561 0.0451182 0.0289745 0 0 1 0 0 1 0 0 1 0 0 1 0 0 1 0 0 1 0 0 1 0.985072 -0.171578 -0.0139269 0 0 -1 0 0 -1 0 0 -1 0 0 -1 0 0 -1 0 0 -1 0 0 -1 0 0 -1 -0.9965 0.0822076 -0.0151499 0 0 -1 0 0 -1 0.571314 0.820476 -0.0204809 0 0 1 -0.491871 0.869802 -0.0388305 0 0 -1 0 0 -1 0 0 -1 0 0 -1 0 0 -1 0 0 -1 0 0 -1 0 0 -1 0 0 -1 0.378617 -0.921244 -0.0892083 0 0 -1 -0.952496 -0.304549 -0.000638035 -0.207916 -0.976817 -0.0509891 0 0 -1 -0.996147 -0.0867732 -0.0126757 0 0 -1 0 0 -1 0 0 -1 0 0 -1 0 0 1 0 0 1 0 0 1 0 0 1 0 0 1 -0.992135 -0.125177 3.84383e-05 0 0 -1 -0.00291515 0.00447647 -0.999986 0.011939 0.0457355 -0.998882 0.0072826 0.000753036 -0.999973 0.00603727 -0.00130148 -0.999981 0.0293761 0.0213749 -0.99934 0.034367 -0.0161156 -0.999279 0.0261666 -0.0398674 -0.998862 -0.0203838 -0.0124502 -0.999715 -0.00253048 -0.00451987 -0.999987 -0.00323704 -0.00177653 -0.999993 -0.00291553 -0.00041714 -0.999996 -0.0250052 -0.013405 -0.999597 -0.000272153 0.00209352 -0.999998 0 0 -1 0 0 -1 0 0 -1 0 0 -1 0 0 -1 -0.0124547 0.013462 -0.999832 -0.00103521 -0.000134591 -0.999999 -0.013731 -0.0200362 -0.999705 -0.0196629 -0.0106281 -0.99975 -0.0198581 -0.00549086 -0.999788 0.0683733 -0.0178202 -0.997501 -0.0242622 0.0423986 -0.998806 -0.000171979 0.00132289 -0.999999 0.00185397 -0.0125416 -0.99992 0.00537067 0.000555616 -0.999985 0.0048448 -0.00104402 -0.999988 0.00415769 -0.00195091 -0.999989 0.0136614 0.00340714 -0.999901 0.0113785 -0.0173142 -0.999785 0 0 -1 -0.00160636 0.00402286 -0.999991 0.00153307 -0.0100093 -0.999949 0.0100258 -0.015334 -0.999832 0.0128608 -0.00537939 -0.999903 0.0122516 -0.00210102 -0.999923 0.01073 0.00118929 -0.999942 -0.000185222 0.00142464 -0.999999 0.0022599 0.00733372 -0.999971 -0.0140923 -0.00209365 -0.999899 -0.0103468 0.00763603 -0.999917 -0.0122897 -0.0170208 -0.99978 -0.0145315 -0.00656788 -0.999873 0 0 -1 0 0 -1 0 0 -1 0 0 -1 0 0 -1 0 0 -1 0 0 -1 0 0 -1 0 0 -1 0 0 -1 0 0 -1 0 0 -1 0 0 -1 0 0 -1 0 0 -1 0 0 -1 0 0 -1 0 0 -1 0 0 -1 0 0 -1 0 0 -1 0 0 -1 0 0 -1 0 0 -1 0 0 -1 0 0 -1 0 0 -1 0 0 -1 0 0 -1 0 0 -1 0 0 -1 0 0 -1 -0.016661 -0.016773 -0.999721 0.00127893 -0.00469666 -0.999988 -0.0047686 0.000633454 -0.999988 -0.0112735 -0.00581795 -0.99992 -0.0146275 0.00752253 -0.999865 -0.01155 0.0209756 -0.999713 -0.0127314 -0.0272785 -0.999547 0.0132748 0.0377107 -0.999201 0.0284798 0.0140246 -0.999496 0.00741062 0.0246973 -0.999668 0.00865106 0.0125128 -0.999884 0.00563946 0.0116405 -0.999916 0 0 -1 0 0 -1 0 0 -1 -0.000127359 -0.00316905 -0.999995 0.0570275 0.0144397 -0.998268 0 0 -1 0.00096 0.000970083 -0.999999 0.000867437 0.00139768 -0.999999 -0.0320045 -0.0576041 -0.997826 0.0220687 0.013745 -0.999662 -0.0250373 0.0419085 -0.998808 -0.0313346 0.0131026 -0.999423 -0.0204551 -0.0184724 -0.99962 -0.00399266 0.000521946 -0.999992 -0.000352579 -0.00271236 -0.999996 0 0 -1 0 0 -1 0 0 -1 0.00177638 -0.00173799 -0.999997 -0.00252679 -0.00580714 -0.99998 0.000414035 -0.00323046 -0.999995 0.0248169 -0.0362619 -0.999034 0.022924 0.0108278 -0.999679 0.0183508 0.0136299 -0.999739 0.0191998 0.00894853 -0.999776 0.00407399 0.0234042 -0.999718 0.000739701 0.0199945 -0.9998 -0.0207331 0.0230715 -0.999519 -0.019689 -0.0120864 -0.999733 -0.00351751 0.000326362 -0.999994 0 0 -1 0 0 -1 0 0 -1 0 0 -1 0 0 -1 0 0 -1 0 0 -1 0 0 -1 0 0 -1 0 0 -1 0 0 -1 -0.000239152 -0.00183954 -0.999998 0 0 -1 0 0 -1 0 0 -1 0 0 -1 0 0 -1 0 0 -1 0 0 -1 0 0 -1 0 0 -1 0.989888 0.141628 0.00800068 0.98424 0.176841 0 0 0 1 0 0 1 0 0 1 0 0 1 0 0 -1 0 0 -1 0 0 -1 0 0 -1 0 0 -1 -0.990586 -0.136894 0.000221486 0.990586 0.136893 -0.000221744 -0.00182962 -0.00357683 0.999992 -0.0484429 0.0305131 0.99836 0.00539141 -0.00102478 0.999985 0.0170757 -0.0652682 0.997722 -0.00496906 0.000488445 0.999988 -0.013092 -0.0105406 0.999859 -0.015384 -0.0019315 0.99988 0.000336364 0.0210317 0.999779 0.00460634 0.0175435 0.999835 0.0167992 0.0206087 0.999646 0.0184162 0.00665442 0.999808 0.00882053 -0.0102814 0.999908 -0.000244102 -0.00187761 0.999998 0 0 1 0 0 1 0 0 1 0.00156495 -0.000247124 0.999999 0.00910576 -0.0107964 0.9999 -0.0267646 0.0196514 0.999449 -0.00605219 0.00982459 0.999933 -0.00717383 0.000283079 0.999974 -0.003646 0.00191368 0.999992 -0.00487968 0.00069471 0.999988 -0.00520636 0.00944015 0.999942 0.0164334 0.00376922 0.999858 0.0138643 0.0191553 0.99972 0 0 1 -0.000207923 -0.00159947 0.999999 0.243256 -0.81327 0.528601 0 0 1 0.00389962 -0.000534653 0.999992 -0.000471862 -0.002023 0.999998 0.00421996 0.014134 0.999891 -0.013344 0.0195349 0.99972 -0.0140354 0.0188231 0.999724 -0.00875528 -0.0139999 0.999864 -0.0114383 0.00404016 0.999926 0.00627866 -0.0379636 0.999259 0.00722216 -0.00126811 0.999973 0.00343495 0.000792626 0.999994 0.000703686 -0.00426585 0.999991 -0.00019868 -0.00152815 0.999999 0 0 1 0 0 1 0 0 1 0 0 1 0 0 1 0 0 1 0 0 1 0 0 1 0 0 1 0 0 1 0 0 1 0 0 1 0 0 1 0 0 1 0 0 1 0 0 1 0 0 1 0 0 1 0 0 1 0 0 1 0 0 1 0 0 1 0 0 1 0 0 1 0 0 1 0 0 1 0 0 1 0 0 1 0 0 1 0 0 1 0 0 1 0 0 1 0 0 1 0 0 1 0 0 1 0.000730502 0.00300563 0.999995 0.0163679 -0.0212346 0.999641 0.0150202 -0.0105999 0.999831 0.0215049 -0.00559688 0.999753 0.0245825 0.00272466 0.999694 -0.00937967 0.0138813 0.99986 -0.00217768 -0.00380744 0.99999 -0.016092 -0.0117033 0.999802 -0.00466863 -0.00211011 0.999987 0 0 1 -0.00565112 -0.000839571 0.999984 0 0 1 0 0 1 0 0 1 -0.0478499 0.028695 0.998442 -0.046865 0.0264019 0.998552 0.0137145 0.0123099 0.99983 0.000778136 0.00459007 0.999989 -0.000151389 0.00116451 0.999999 -0.00791444 0.0101324 0.999917 0.0208646 0.00238029 0.999779 0.0221431 -0.00347607 0.999749 0.0205288 -0.00824502 0.999755 0.0152076 -0.0147343 0.999776 0.00641214 -0.0127904 0.999898 -0.00442431 -0.000672286 0.99999 0.0225152 -0.0115083 0.99968 -0.00636221 0.0114714 0.999914 -0.00105917 0.00600237 0.999981 0.0142193 0.00179634 0.999897 0.0164002 -0.00162911 0.999864 0.0170773 -0.00576115 0.999838 0.0151931 -0.0107459 0.999827 0.000431685 -0.00260604 0.999997 -0.0123135 -0.00732826 0.999897 -0.0121828 -0.00489678 0.999914 -0.0113079 -0.0016161 0.999935 0.00615056 0.00988577 0.999932 -0.000169785 0.00130613 0.999999 0 0 1 0 0 1 0 0 1 0 0 1 0 0 1 0 0 1 0 0 1 0 0 1 0 0 1 0 0 1 0 0 1 0 0 1 0 0 1 0 0 1 0 0 1 0 0 1 0 0 1 0 0 1 0 0 1 0 0 1 0 0 1 0 0 1 -0.992114 -0.125336 -3.84367e-05 -0.982423 0.186668 5.75234e-09 -0.982423 0.186667 0 -0.897013 0.442004 0 -0.897013 0.442004 0 -0.806861 0.590742 0 -1 0 0 -1 0 0 -0.898556 -0.438858 -3.34184e-05 -0.916862 -0.399205 -0.000449728 -0.98242 -0.18668 0.000841734 -0.994543 -0.104323 -6.07344e-09 0.297034 -0.954465 0.0277173 0.849178 -0.528106 0.00121328 -0.633768 -0.773007 0.0282652 -0.420509 -0.907214 -0.0116174 0.991239 -0.132077 0 0.997979 -0.0635412 -0.000446521 0.996287 -0.0860907 0 0.964207 0.26515 0 0.964207 0.26515 0 0.880079 0.474828 0 0.880079 0.474828 0 0.71239 0.701784 0 0.71239 0.701784 0 0.487862 0.872921 0 0.487862 0.872921 0 0.224491 0.974476 0 0.224491 0.974476 0 -0.0565409 0.9984 0 -0.0565409 0.9984 0 -0.333283 0.942827 0 -0.333283 0.942827 0 -0.628335 0.777943 0 -0.628335 0.777943 0 -0.820919 0.571045 0 -0.851862 0.523766 0.000632166 -0.969756 0.244075 -0.000503955 -0.979107 0.203347 0.000150314 -0.963662 -0.267125 -2.86762e-05 -0.80441 -0.594074 8.18448e-05 -0.798872 -0.601501 -3.13367e-05 0.994512 -0.104623 -6.08989e-09 0.982385 -0.186866 -0.000840643 0.926551 -0.376169 0.000304834 0.894896 -0.446275 -0.000184051 0.818506 -0.574499 0.000328464 1 0 0 1 0 0 0.78907 0.614303 0 0.897013 0.442004 0 0.897013 0.442004 0 0.982388 0.186855 0 0.982388 0.186854 5.75809e-09 -0.612503 0.789696 0.0349314 -0.815862 0.578247 0.000186411 -0.301175 0.952557 -0.0439297 0.605448 0.795073 0.0359451 0.262212 0.963639 0.0514296 -0.976316 -0.216349 0.000591451 -0.99887 -0.0475274 -0.000519674 -0.994678 -0.102852 -0.00614293 -0.938144 -0.346244 -0.00042148 -0.866021 -0.500007 0.000213664 -0.803985 -0.594649 -0.000629795 -0.731708 -0.681618 0.000212879 -0.560007 -0.828488 -0.000631462 -0.512344 -0.858781 0 -0.251951 -0.96774 0 -0.251951 -0.96774 0 0.0178444 -0.999841 0 0.00537373 -0.999986 0.000128475 0.232434 -0.972612 -7.61905e-05 0.295005 -0.955495 0.00046668 0.531371 -0.847139 -0.000506026 0.559911 -0.828552 0 0.803985 -0.59465 0 0.803985 -0.59465 0 0.956186 -0.292759 0 0.93815 -0.346227 -0.00083808 0.997478 -0.0709785 0.000211763 0.989941 0.14148 -3.15293e-05 0.997026 0.0770618 -0.000890823 -0.556159 0.830808 -0.0211239 -0.905397 0.424566 -0.000327592 -0.947533 0.319657 0.000326121 -0.977544 0.210733 5.93556e-08 -0.995103 0.098848 0.000326935 0.927855 0.372942 0.000260871 0.876655 0.48112 -0.000288831 0.81491 0.579587 0.00038323 0.112793 0.99316 -0.0301873 0.889188 0.438149 0.131795 0 0 1 0 0 1 0 0 1 0 0 -1 0 0 1 0 0 1 0 0 1 0 0 1 0.173477 -0.983238 0.0561166 0 0 1 0 0 1 -1 0 0 -1 8.28802e-05 4.27773e-05 -0.886519 0.334731 -0.319437 0.495513 -0.794168 -0.3518 0.799087 -0.330752 -0.502058 1 0 0 -1 0 0 -1 0 0 1 0 0 -1 0 0 -1 0 0 -1 0 0 -0.635697 -0.767969 -0.07818 0.881758 0.47164 -0.00768325 0.967229 -0.129014 -0.218686 -0.956317 0.140592 0.256303 -1 1.75976e-06 -7.04252e-05 -1 0 0 -1 0 0 -1 0 0 0.649651 -0.741587 0.167338 -0.854834 0.436868 -0.280009 1 0 0 -1 0 0 -1 0 0 -1 0 0 -1 0 0 -0.935949 0.263487 0.233612 -0.913497 -0.31513 0.257326 0.0880635 0.402638 -0.911113 -0.822227 -0.565346 -0.0657747 -1 0 0 -1 0 0 -1 0.000191061 -7.31866e-05 -1 0 0 -1 0 0 -1 0 0 -0.999999 -0.0004721 0.00138608 -0.411417 0.293862 -0.862775 -1 0 0 0.999999 0.000396738 -0.00132268 -0.636911 -0.504591 0.582866 1 0 0 -0.999667 -0.0252016 0.00555084 -0.999475 -0.0323719 0.00137974 -0.99961 0.027753 -0.00297155 1 0 0 1 0 0 0.278996 0.863941 0.419246 -1 0 0 -1 0 0 -1 0 0 -1 0 0 -1 0 0 -1 0 0 -1 0 0 -1 0 0 -1 0 0 -1 0 0 -1 0 0 -1 0 0 -1 0 0 -1 0 0 0.400152 0.119944 0.908566 -1 0 0 -1 0 0 -1 0 0 -0.77081 -0.635373 -0.0464101 -1 0 0 -0.999994 0.000484244 0.00332307 -1 0 0 -1 0.000328043 0.000270878 0.767458 0.579455 -0.274299 -1 0 0 -1 4.36835e-05 0.000107644 -1 4.47847e-05 0.000104978 -1 4.27315e-05 -7.23672e-05 -0.999998 0.000782629 0.00204963 -1 0 0 -1 0 0 -1 0 0 1 0.000153239 6.00227e-05 1 -9.18848e-05 -0.000203419 -1 0.000496081 5.41035e-05 -1 -0.000242728 -9.45211e-05 -0.988732 0.11869 0.0912252 0.833921 -0.548284 0.0629278 1 0 0 -1 0 0 -1 0 0 -1 0 0 -1 -4.96259e-05 -4.7379e-05 -1 -0.000581921 0.000701118 0.667089 0.181342 -0.72257 -1 -0.000405562 -2.65e-06 0.693601 0.664659 0.277751 -1 -0.000230971 -9.65191e-05 -1 -0.000166166 2.8944e-05 -1 7.79558e-05 -6.27478e-05 -1 0 0 -1 0 0 -1 0 0 -1 0 0 1 0 0 -1 0 0 -1 -0.000111124 -3.98019e-05 1 0.000172379 0.000139981 -1 0 0 -1 0 0 0 -1 0 -0.0532717 -0.994219 -0.0932256 0 -1 0 -0.391279 -0.616023 0.683679 0 0 -1 0 0 -1 0 0 -1 0 0 -1 0 0.92815 -0.372206 -0.0821204 0.891406 -0.445703 0.0436465 0.998412 0.0356159 0 1 0 0 1 0 -3.96812e-05 1 -0.000759931 -0.210619 -0.934162 0.288062 -0.236081 0.942606 0.236135 0 0 1 0.000526912 -2.42742e-06 1 0.000119614 -0.000477585 1 1.59201e-05 1.22506e-05 1 -3.96404e-05 -2.21142e-05 1 -1.13376e-05 2.15141e-05 1 0 0 1 -4.8473e-05 5.58486e-05 1 0 0 1 0 0 1 0 0 -1 0 0 1 0 0 1 0 0 1 0 0 1 -0.00191883 0.00138395 0.999997 0 0 1 0.000135436 0.000268836 1 0 0 1 -1.83607e-06 -2.53201e-05 1 0 0 -1 0 0 1 0 0 1 1.19791e-05 2.9459e-05 1 0 0 1 0 0 1 0 0 1 -0.000205454 5.65987e-05 1 0 0 1 -0.000186666 8.22686e-05 1 0 0 1 0 0 1 0 0 1 0 0 1 -0.000334953 -0.000486734 1 0 0 1 0 0 1 0 0 1 0 0 -1 0 0 1 0.00371177 -0.999899 0.0137462 -0.091469 -0.966439 -0.240063 -0.999957 0.00735165 0.00562569 -0.999974 0.00684247 0.00223399 -0.00311547 0.999764 0.0215136 0.15987 0.901287 -0.402644 0.999991 0.00415919 -5.71787e-05 0.999681 0.00776356 -0.024035 0 0 -1 0 0 -1 3.56162e-05 -6.46451e-06 -1 1.65182e-05 8.15806e-06 -1 0 0 -1 0 0 -1 0 0 -1 0 0 -1 0 0 -1 0 0 -1 0 0 -1 0 0 -1 0 0 -1 -0.391965 0.408714 -0.824206 0 0 -1 0 0 -1 0 0 -1 1.28402e-05 -1.3436e-05 -1 0.168046 -0.790459 0.589012 0 0 -1 0 0 -1 0 0 -1 0 0 -1 0 0 -1 3.11578e-05 9.06689e-05 -1 3.56938e-05 0.000144162 -1 -6.61643e-06 7.57687e-05 -1 0 0 -1 0 0 -1 0 0 -1 0 0 -1 0 0 -1 0 0 -1 -1.89054e-07 0.000120882 -1 0 0 -1 -5.55496e-05 -8.8418e-05 1 5.11461e-06 -5.23065e-05 -1 1.09968e-05 -2.86584e-05 -1 1.83393e-05 -5.17219e-05 -1 9.84743e-05 4.98458e-06 -1 8.2947e-05 -1.10938e-08 -1 -0.00402646 -0.999987 -0.00326283 -0.203662 -0.822565 0.530951 -1 -0.000170866 -0.000468631 -0.999997 0.000133745 -0.00248689 -0.00405162 0.999942 0.00993137 0.00372769 0.999937 -0.010584 0.999614 -0.00414761 -0.0274718 0.999614 0.00412876 0.0274807 -0.950322 0.172488 -0.259105 -0.998533 0.00460013 0.0539554 -0.410914 -0.56994 -0.71156 -0.250037 0.92634 -0.281737 -0.838431 0.468362 0.278693 -0.922934 0.230019 -0.308682 -0.737444 -0.567081 0.366871 -0.385015 -0.764244 -0.517393 -0.975277 0.121911 0.184315 -0.994233 -0.0477196 -0.0960446 -0.873847 0.199395 -0.443432 0 -1 0 -0.00182306 -0.999384 -0.0350459 0 -1 0 0 -1 0 0 -0.99988 -0.0154591 0 -0.365624 -0.930763 0 0 -1 0 0 -1 0 0 -1 0 0 -1 0 0 -1 0 0 -1 -0.00533051 0.999986 -0.00033591 0 1 0 0 1 0 0 1 0 -0.601676 0.525364 -0.601647 -0.0200896 -0.00627423 0.999779 -0.0242766 0.00138703 0.999704 -0.24642 -0.738877 0.627167 -0.000200766 0.00138744 0.999999 -0.000764498 0.00119364 0.999999 -0.00122085 0.000724684 0.999999 -0.0465417 -0.898458 0.436586 0 -1 0 0 -1 0 0 -1 0 -9.52132e-05 -1 0 -0.00323839 -0.998095 0.0616161 0 0 -1 0 0 -1 -6.84126e-06 4.28088e-06 -1 0 0 -1 0 0 -1 -7.06021e-05 1.98756e-05 -1 -2.07463e-06 -2.10324e-05 1 0 0 -1 0 0 -1 0 0 -1 0 0 -1 0 0 -1 0 0 -1 0 0 -1 0 0 -1 0 0 -1 0 0 -1 0 0 -1 0 0 -1 0 0 -1 -5.22495e-06 1.73541e-05 -1 0 0 -1 -0.000124923 -0.000375238 1 -3.2289e-07 7.96889e-05 -1 -4.03053e-06 2.24158e-05 -1 0 0 -1 -0.000237336 0.000192438 -1 0.000145172 0.000334269 -1 -1.09382e-05 -2.51834e-05 -1 0 0 -1 -2.51193e-05 1.0117e-05 -1 -2.49861e-05 6.06337e-05 -1 0 0 -1 0.000197487 -0.000524895 1 0 0 -1 0 0 -1 -7.05855e-06 -3.74209e-05 -1 -0.00372769 -0.999937 -0.0105898 0.00405409 -0.999942 0.00993072 0.999655 0.00414769 0.0259471 1 0.00016076 -0.000467879 0.00402368 0.999937 -0.0105016 -0.00405159 0.999936 0.0105744 -0.999614 0.00414761 -0.0274787 -0.999614 -0.00414761 0.0274786 0 0 1 0 0 1 0 0 1 0 0 1 0 0 1 0 0 1 -3.58967e-07 9.05e-05 1 3.35735e-07 9.00596e-05 1 0 0 1 0 0 1 0 0 1 0 0 1 0 0 1 9.18606e-05 2.58936e-05 1 0 0 1 0 0 1 0 0 1 0 0 1 0 0 1 4.01882e-07 9.91244e-05 1 4.39759e-06 9.32885e-05 1 2.19214e-05 5.02282e-05 1 1.95945e-05 3.31351e-05 1 0 0 1 0 0 1 0.827799 0.408057 0.385018 0 0 1 0 0 1 0 0 1 0 0 1 0 0 1 0 0 1 0 0 1 0 0 1 0 0 1 0 0 1 0 0 1 0 0 -1 -0.00405406 -0.999936 -0.0105808 0.00405406 -0.999936 0.0105808 0.99996 0.00128569 0.00882463 0.999612 -0.00448171 -0.027475 0.131564 0.987985 -0.0810998 0.09816 0.995135 0.00842549 -0.999429 0.00504404 -0.0334171 -0.999614 -0.00412931 0.0274788 0.965537 -0.116299 0.232837 0.749982 0.506484 -0.425443 -0.908076 0.109378 0.40427 -0.816349 -0.551303 -0.17216 -0.924005 0.0975044 0.369739 -0.386021 0.801901 -0.456006 -0.791873 -0.182507 -0.582777 -0.349377 0.793736 0.497915 -0.87718 0.269858 -0.397154 -0.979151 0.0271148 0.201316 -0.452651 -0.880972 -0.137822 -0.445064 -0.880452 -0.163469 -0.213241 0.972653 -0.0920592 -0.999931 -0.00791735 -0.00871614 -0.999848 -0.00937214 -0.0147159 -0.645359 -0.464642 -0.606317 -8.16443e-05 0.999999 0.00156972 3.49606e-06 1 -6.72162e-05 0.0405048 0.998286 -0.0422311 -3.48825e-05 1 -5.8827e-05 -0.0733753 0.891407 0.447224 0.00078239 0.925542 0.378644 0.000204383 0.00206629 0.999998 0.00206629 0.000162941 0.999998 0.00199412 0.000618709 0.999998 0.00157577 0.00140101 0.999998 0.000819826 0.00192762 0.999998 -0.0259332 0.0020656 0.999662 -0.863625 0 0.504134 -1 0 0 -1 0 0 -0.94051 0 -0.339765 -0.137997 0 -0.990433 0 1 0 0 1 0 -0.0296681 0.99821 0.0519191 -0.388507 0.621943 -0.679889 0.990662 0.136341 0 0.996905 0.0786126 -0.000697495 0.955085 0.296331 0.000633491 0.859941 0.510392 -0.000982295 0.747331 0.664451 0.00104207 0.539174 0.842194 -0.00104179 0.391378 0.92023 0.000731232 0.143436 0.98966 -0.000386084 0.0984328 0.995144 0 0.999999 0.00157238 0.000667053 0.999998 0.00184539 -0.000650234 0.97014 -0.107074 -0.217632 1 -0.00100624 -2.66503e-05 -1 -0.000268208 -0.000346707 1 0 0 0.999999 0.000377631 -0.00152229 1 0 0 -0.999999 -0.00121843 -0.000241669 1 0 0 -0.946421 0.244916 -0.210485 -0.979189 -0.161742 -0.122588 -1 0.000692854 -0.000137358 0.999999 -0.00111601 0.000341091 1 0 0 0.999985 -0.00283284 0.00469538 0.999998 -0.00220983 -0.00020346 0.867274 -0.352917 0.35112 1 0 0 -1 0 0 1 -0.0001337 6.41607e-05 1 -0.000156052 0.000245182 0.999993 -0.000367343 0.00382968 0.999997 0.00225516 0.000165168 0.705728 -0.705294 0.0671397 0.126149 0.85342 0.505727 -0.999999 0.00103635 2.99743e-05 0.97803 0.208173 -0.0110637 0.999977 0.00287828 -0.00608644 0.999926 0.00863835 0.00860608 0.999811 0.00733989 0.0180122 0.999994 0.00342721 0.000945753 -0.999993 -0.00374353 -0.000989577 1 -0.000225685 7.86986e-05 0.999999 -0.000966807 0.000615946 0.0989573 0.991052 0.0895786 0.80472 -0.426214 0.41324 -0.0759645 0.650322 0.755851 1 0 0 1 -0.000193854 -0.000814437 0.999999 -0.00104769 -0.000154233 -0.506952 -0.0895083 -0.857315 0.999994 0.00338577 -0.000203426 0.999996 -0.00277174 -0.000918476 0.999925 0.000924923 0.0122032 0.999998 -0.00157141 0.00102082 0.99993 -0.00370383 0.0112192 1 0 0 0.21811 -0.194303 -0.956386 0.810407 -0.0561564 0.58317 -1 0 0 0.999836 -0.0143137 -0.0111355 0.999983 0.00386632 -0.00434371 0.999956 0.000897838 -0.00932382 0.794326 -0.239813 0.558153 0.600884 -0.581389 0.548567 1 0 0 0.440782 0.354343 -0.824714 0.99999 -0.00424256 -0.00166771 1 -0.000211079 -2.56183e-05 -0.999996 0.00278008 0.000337413 -0.999998 -0.00202913 0.000685471 0.999993 0.0027665 0.00255997 0.999998 0.00158508 -0.00140336 1 0 0 1 0 0 1 1.90611e-05 -6.71628e-06 1 2.66348e-07 2.25794e-05 -0.999999 -0.00117041 0.00117234 1 -0.000191826 -0.000145232 -0.999975 0.00280306 0.00648695 1 -7.90797e-05 0.000104847 1 7.90585e-06 0.000368425 0.99999 -0.00220269 -0.00394399 1 8.86133e-05 1.68074e-05 0.999998 -0.00131074 0.00115903 0.999992 -0.000656498 -0.00400784 0.999977 -0.00110327 -0.00673532 0.999998 0.00126233 -0.00127825 1 -1.38748e-05 -1.33703e-05 0.768383 0.194046 -0.609864 0.999999 0.000550859 -0.00151235 1 0 0 -1 0 0 1 0 0 1 0.000256209 0.000430733 -1 0 0 1 0.000658164 0.000300006 0.999941 -0.00389557 -0.0101419 0.99991 -0.0131986 0.00261 0.999883 -0.000138457 0.0153134 -1 -0.000487421 -0.00021299 1 0 0 -0.717365 0.65702 -0.23176 -0.999986 0.00478963 0.00209294 1 -0.000278777 0.000157369 0.999997 0.000583748 0.00219363 0.999937 -0.00318136 0.0107236 1 0 0 1 0 0 -0.808217 0.218816 -0.546722 1 2.59697e-06 0.000184303 -0.999941 -0.0107736 0.00138743 0.99937 0.0344776 -0.00843181 1 0 0 1 -0.000927137 0.000106161 -1 9.69995e-05 -0.000777431 1 -0.000575679 9.255e-06 0.999979 -0.0058568 -0.00262532 0.999991 0.0042275 0.000926333 0.976135 -0.00267332 -0.217148 0.842744 0.00458891 -0.538294 0.571873 -0.00460953 -0.82033 0.393503 0.00199134 -0.919321 0.998003 -0.0631687 0.000880904 0.996905 -0.0786126 0.000695326 0.955029 -0.296511 -0.000635563 0.859914 -0.510438 0.000980868 0.7474 -0.664373 -0.00104116 0.539338 -0.842088 0.00104246 0.391378 -0.92023 -0.000732241 0.143211 -0.989692 0.000386699 0.098133 -0.995173 0 0 -1 0 0 -1 0 0 -1 0 -0.14961 -0.953451 -0.261818 -0.154109 -0.15413 -0.975958 -0.938474 0 -0.345351 -1 0 0 -1 0 0 -0.935066 0 0.354472 -0.867382 0.176076 0.465453 0.163237 -0.00240534 0.986584 0.51004 0.00210164 0.860148 0.637584 -0.00231579 0.770377 0.875706 0.00265817 0.482837 0.950903 -0.00190226 0.309483 -0.291198 0.626185 0.723254 0.512358 0.765819 0.3886 -0.468493 0.852045 -0.233526 -0.144574 0.341748 -0.928605 0.388699 0.530674 -0.753192 0.248108 -0.52189 -0.816133 -0.163014 -0.64959 -0.742603 0.265367 -0.929414 0.256458 0.0143311 -0.984211 0.176416 -0.278549 -0.352755 0.893294 0.298568 -0.106648 0.948411 -0.294637 -0.657313 0.693635 0.329049 -0.871296 -0.364101 -0.688021 -0.143411 -0.711379 0.799768 0.59817 0.0506284 -0.661076 0.0790384 0.746144 0.462356 -0.801686 0.378848 0.231826 -0.406901 -0.883566 0.429868 -0.842467 0.324752 0.49071 -0.829309 0.267302 -0.335296 0.00851781 -0.942074 0.676049 0.701327 -0.226051 -0.206293 0.82845 0.520686 0.480526 -0.560496 0.674492 -0.480703 -0.012355 -0.876796 0.480701 0.560435 -0.674418 -0.480525 0.0123564 0.876894 0.158477 -0.636688 0.754661 0.108454 -0.0828661 -0.990642 0.0182902 0.969006 0.246358 0.568716 0.118609 0.813937 -0.666918 -0.59584 -0.447432 0.561866 -0.119285 -0.818582 -0.292677 0.765809 0.572606 0.596818 -0.0655297 -0.799696 0.845706 -0.336552 0.414143 0.557255 -0.201624 0.80549 -0.252252 0.967029 0.0349806 0.881636 -0.178343 -0.436934 -0.379306 -0.758616 0.529744 -0.401136 0.915792 -0.020379 0.273277 0.821161 0.501013 -0.171129 0.104406 -0.979701 -0.763114 0.438638 -0.474609 0.566147 -0.788265 0.241074 0.216489 0.871832 0.439364 0.627431 0.186882 -0.755913 -0.174093 -0.127167 -0.976484 -0.114084 -0.575787 0.809601 0.511241 -0.206266 0.834318 0.00632119 0.747379 0.664368 -0.374129 0.113695 -0.920381 -0.559337 0.191744 -0.806459 -0.870592 0.358706 -0.336749 0.33852 -0.415008 -0.844496 -0.807141 0.506444 0.303378 0.647659 -0.747789 0.146115 -0.483882 0.343274 -0.804998 0.166735 0.754123 -0.635215 0.395271 -0.611458 -0.685479 -0.501102 -0.648287 0.573254 0.601876 -0.184272 0.777039 -0.206651 0.933596 0.292735 0.636253 -0.748967 0.185014 -0.175916 -0.0505513 -0.983106 0.148818 0.913304 0.379115 -0.441241 0.60401 0.663686 -0.244484 -0.163767 -0.955724 0.397923 -0.644745 0.652657 -0.330897 0.87825 0.345231 0.275492 0.955034 -0.109611 -0.230728 -0.917603 0.32368 0.710554 -0.249567 0.657898 0.417735 0.322952 -0.849235 0.0804941 -0.664625 -0.742829 -0.289028 -0.330575 0.898434 -0.121085 -0.239581 0.963296 0.198925 0.979498 -0.0318157 -0.0445904 -0.637998 0.768746 0.02323 -0.664688 0.74676 -0.0885505 0.984555 0.15103 0.0646442 -0.106312 -0.992229 -0.518283 0.278037 -0.808751 0.130039 -0.0697178 -0.989055 -0.334761 -0.939572 0.0716914 0.10538 -0.0248409 0.994122 -0.00899529 0.0014878 0.999959 0.438667 0.887288 0.14245 0.0980445 0.0190484 -0.995 -0.0994685 -0.0213472 -0.994812 -0.28037 0.953425 -0.111239 0.018238 0.999798 -0.00840116 -0.0600304 -0.0305218 0.99773 -0.000549245 -0.0191534 0.999816 -0.0257001 -0.99956 -0.0147866 0.0397448 -0.999175 0.00839612 -0.119273 -0.691317 -0.712639 0.178305 -0.794473 0.580535 -0.652383 -0.0596392 0.755539 0.671074 -0.0990309 -0.734746 0.494991 0.628466 0.600012 -0.311045 0.779133 -0.544246 0.433803 -0.699938 0.567365 0.362163 -0.756033 0.545209 0.0657796 0.0941274 -0.993385 -0.224763 -0.0626861 -0.972395 -0.366073 0.716567 0.593736 0.00221011 0.90064 0.43456 -0.0405086 -0.999003 0.0187364 0.153831 0.183905 -0.970832 -0.188733 0.600876 0.776742 -0.0447658 0.549588 0.834236 0.301217 -0.798442 -0.521304 -0.239014 0.925337 -0.29432 -0.57187 -0.140673 0.808193 0.0778889 -0.877791 0.47267 0.486952 0.382788 -0.785081 -0.0667036 0.751736 0.656082 -0.630122 -0.495333 -0.59799 0.259646 -0.709996 0.654591 -0.740454 -0.164956 -0.65155 -0.271856 0.743384 0.611126 0.50175 0.111778 -0.85776 0.140921 -0.989756 0.0229079 0.112549 -0.993429 -0.0207795 -0.187499 -0.939673 0.286111 -0.511577 -0.807603 -0.293371 0.187583 0.940093 0.284671 0.512241 0.80865 -0.289299 -0.0048125 -0.999038 0.043582 0.842348 -0.232051 -0.486418 0.46669 -0.734522 0.492623 -0.844318 0.232594 -0.482728 -0.466658 0.734472 0.492728</float_array>
                    <technique_common>
                        <accessor count="1981" source="#shape0-lib-normals-array" stride="3">
                            <param name="X" type="float"/>
                            <param name="Y" type="float"/>
                            <param name="Z" type="float"/>
                        </accessor>
                    </technique_common>
                </source>
                <vertices id="shape0-lib-vertices">
                    <input semantic="POSITION" source="#shape0-lib-positions"/>
                </vertices>
                <triangles count="1981">
                    <input offset="0" semantic="VERTEX" source="#shape0-lib-vertices"/>
                    <input offset="1" semantic="NORMAL" source="#shape0-lib-normals"/>
                    <p>0 0 1 0 2 0 2 1 1 1 3 1 0 2 2 2 4 2 4 3 2 3 5 3 4 4 5 4 6 4 6 5 5 5 7 5 6 6 7 6 207 6 207 7 7 7 354 7 379 8 8 8 9 8 379 9 9 9 10 9 10 10 9 10 11 10 10 11 11 11 12 11 12 12 11 12 13 12 236 13 12 13 14 13 14 14 12 14 13 14 15 15 17 15 16 15 16 16 17 16 18 16 18 17 17 17 19 17 18 18 19 18 20 18 20 19 19 19 21 19 22 20 23 20 24 20 24 21 23 21 25 21 26 22 20 22 270 22 270 23 20 23 21 23 49 24 48 24 28 24 28 25 48 25 27 25 28 26 27 26 29 26 29 27 27 27 30 27 29 28 30 28 31 28 31 29 30 29 32 29 33 30 32 30 34 30 33 31 34 31 35 31 35 32 34 32 36 32 35 33 36 33 37 33 451 34 37 34 38 34 451 35 38 35 39 35 39 36 40 36 42 36 42 37 40 37 41 37 42 38 41 38 43 38 43 39 41 39 44 39 44 40 46 40 45 40 45 41 46 41 47 41 47 42 46 42 48 42 47 43 48 43 49 43 71 44 72 44 50 44 71 45 50 45 51 45 51 46 50 46 53 46 51 47 53 47 52 47 52 48 53 48 54 48 54 49 53 49 55 49 54 50 55 50 56 50 57 51 56 51 179 51 57 52 179 52 58 52 58 53 179 53 60 53 60 54 179 54 59 54 60 55 59 55 454 55 454 56 59 56 61 56 454 57 61 57 64 57 454 58 64 58 62 58 62 59 64 59 63 59 63 60 64 60 65 60 65 61 64 61 66 61 65 62 66 62 67 62 67 63 66 63 68 63 67 64 68 64 69 64 69 65 68 65 70 65 69 66 70 66 71 66 71 67 70 67 72 67 75 68 73 68 74 68 75 69 74 69 78 69 75 70 78 70 76 70 76 71 78 71 77 71 77 72 78 72 79 72 80 73 79 73 81 73 80 74 81 74 83 74 83 75 81 75 82 75 83 76 82 76 84 76 84 77 82 77 85 77 84 78 85 78 86 78 86 79 85 79 87 79 86 80 87 80 88 80 89 81 88 81 90 81 89 82 90 82 91 82 89 83 91 83 93 83 93 84 91 84 92 84 93 85 92 85 94 85 94 86 92 86 95 86 94 87 95 87 96 87 96 88 95 88 97 88 96 89 97 89 73 89 98 90 99 90 100 90 100 91 99 91 368 91 100 92 368 92 102 92 100 93 102 93 101 93 101 94 102 94 103 94 101 95 103 95 104 95 104 96 103 96 105 96 104 97 105 97 106 97 106 98 105 98 107 98 106 99 107 99 108 99 108 100 107 100 110 100 108 101 110 101 109 101 109 102 110 102 111 102 109 103 111 103 112 103 112 104 111 104 113 104 112 105 113 105 114 105 114 106 113 106 115 106 114 107 115 107 116 107 116 108 115 108 117 108 116 109 117 109 118 109 118 110 117 110 119 110 98 111 119 111 99 111 457 112 120 112 121 112 121 113 120 113 178 113 121 114 178 114 122 114 122 115 178 115 123 115 122 116 123 116 124 116 124 117 123 117 125 117 126 118 125 118 127 118 126 119 127 119 288 119 288 120 127 120 129 120 129 121 127 121 128 121 129 122 128 122 130 122 129 123 130 123 131 123 132 124 131 124 133 124 132 125 133 125 134 125 134 126 133 126 135 126 134 127 135 127 289 127 289 128 135 128 136 128 138 129 136 129 137 129 138 130 137 130 139 130 139 131 137 131 140 131 139 132 140 132 457 132 457 133 140 133 120 133 290 134 161 134 141 134 290 135 141 135 142 135 142 136 141 136 143 136 142 137 143 137 144 137 144 138 143 138 145 138 144 139 145 139 146 139 146 140 145 140 147 140 147 141 145 141 148 141 147 142 148 142 149 142 147 143 149 143 150 143 150 144 149 144 151 144 150 145 151 145 152 145 152 146 151 146 177 146 152 147 177 147 153 147 153 148 177 148 155 148 153 149 155 149 154 149 154 150 155 150 176 150 154 151 176 151 156 151 156 152 176 152 157 152 157 153 176 153 158 153 157 154 158 154 159 154 157 155 159 155 458 155 458 156 159 156 175 156 458 157 175 157 160 157 160 158 175 158 161 158 160 159 161 159 290 159 165 160 163 160 162 160 164 161 163 161 165 161 167 162 166 162 165 162 165 163 162 163 167 163 22 164 24 164 168 164 168 165 24 165 169 165 168 166 169 166 170 166 170 167 169 167 171 167 170 168 171 168 373 168 373 169 171 169 348 169 172 170 8 170 208 170 174 171 180 171 15 171 15 172 180 172 17 172 141 173 145 173 143 173 175 174 159 174 176 174 176 175 159 175 158 175 176 176 155 176 177 176 151 177 149 177 145 177 145 178 149 178 148 178 125 179 123 179 127 179 128 180 127 180 130 180 131 181 130 181 133 181 136 182 135 182 137 182 140 183 137 183 120 183 120 184 137 184 178 184 368 185 103 185 102 185 368 186 99 186 117 186 117 187 99 187 119 187 110 188 107 188 111 188 91 189 90 189 370 189 370 190 90 190 88 190 370 191 88 191 87 191 370 192 87 192 85 192 370 193 85 193 82 193 81 194 79 194 78 194 78 195 74 195 369 195 369 196 74 196 73 196 369 197 73 197 97 197 369 198 97 198 95 198 369 199 95 199 92 199 369 200 92 200 91 200 369 201 91 201 370 201 53 202 50 202 70 202 70 203 50 203 72 203 70 204 68 204 66 204 64 205 61 205 179 205 179 206 61 206 59 206 179 207 56 207 55 207 30 208 34 208 32 208 36 209 34 209 371 209 36 210 371 210 37 210 37 211 371 211 38 211 38 212 371 212 39 212 39 213 371 213 40 213 40 214 371 214 41 214 41 215 46 215 44 215 181 216 182 216 183 216 181 217 183 217 184 217 184 218 185 218 181 218 181 219 185 219 186 219 192 220 187 220 188 220 187 221 189 221 190 221 190 222 191 222 187 222 187 223 191 223 188 223 356 224 187 224 192 224 193 225 354 225 356 225 356 226 192 226 193 226 193 227 192 227 194 227 194 228 192 228 188 228 194 229 188 229 195 229 195 230 188 230 191 230 195 231 191 231 196 231 196 232 191 232 190 232 196 233 190 233 197 233 197 234 190 234 189 234 197 235 189 235 198 235 200 236 201 236 202 236 200 237 202 237 199 237 203 238 204 238 200 238 204 239 205 239 200 239 200 240 205 240 201 240 182 241 202 241 201 241 182 242 201 242 183 242 183 243 201 243 205 243 183 244 205 244 184 244 184 245 205 245 204 245 184 246 204 246 185 246 185 247 204 247 203 247 185 248 203 248 186 248 174 249 173 249 182 249 182 250 173 250 199 250 182 251 199 251 202 251 173 252 174 252 15 252 193 253 194 253 206 253 206 254 194 254 195 254 195 255 196 255 206 255 206 256 196 256 197 256 206 257 197 257 198 257 354 258 193 258 207 258 214 259 212 259 213 259 212 260 214 260 215 260 215 261 216 261 212 261 212 262 216 262 211 262 217 263 219 263 218 263 218 264 219 264 210 264 218 265 220 265 221 265 218 266 221 266 222 266 218 267 222 267 217 267 213 268 219 268 214 268 214 269 219 269 217 269 214 270 217 270 215 270 215 271 217 271 222 271 215 272 222 272 221 272 215 273 221 273 216 273 216 274 221 274 220 274 216 275 220 275 211 275 213 276 209 276 210 276 213 277 210 277 219 277 209 278 213 278 172 278 208 279 8 279 379 279 224 280 225 280 223 280 223 281 225 281 230 281 223 282 226 282 227 282 223 283 227 283 228 283 223 284 228 284 224 284 229 285 230 285 231 285 229 286 231 286 232 286 232 287 233 287 229 287 229 288 233 288 234 288 234 289 235 289 229 289 236 290 14 290 237 290 236 291 237 291 238 291 238 292 237 292 239 292 238 293 239 293 240 293 240 294 239 294 422 294 12 295 236 295 244 295 244 296 236 296 240 296 240 297 236 297 238 297 243 298 244 298 241 298 0 299 4 299 242 299 242 300 4 300 6 300 379 301 10 301 242 301 244 302 243 302 1 302 244 303 1 303 0 303 244 304 0 304 242 304 244 305 242 305 12 305 12 306 242 306 10 306 241 307 415 307 245 307 241 308 245 308 243 308 243 309 245 309 246 309 243 310 246 310 1 310 1 311 246 311 3 311 237 312 247 312 239 312 239 313 247 313 422 313 7 314 5 314 248 314 248 315 5 315 2 315 247 316 248 316 2 316 247 317 2 317 3 317 247 318 3 318 245 318 245 319 3 319 246 319 248 320 9 320 8 320 247 321 237 321 14 321 247 322 14 322 13 322 247 323 13 323 248 323 248 324 13 324 11 324 248 325 11 325 9 325 249 326 230 326 250 326 249 327 254 327 251 327 249 328 251 328 252 328 250 329 253 329 249 329 249 330 253 330 254 330 258 331 255 331 256 331 230 332 255 332 257 332 255 333 258 333 259 333 259 334 260 334 255 334 255 335 260 335 257 335 264 336 262 336 261 336 264 337 265 337 262 337 264 338 20 338 26 338 264 339 26 339 265 339 264 340 263 340 23 340 264 341 23 341 22 341 263 342 264 342 266 342 18 343 20 343 16 343 16 344 20 344 267 344 267 345 20 345 264 345 267 346 168 346 170 346 267 347 264 347 22 347 267 348 22 348 168 348 266 349 424 349 268 349 266 350 268 350 263 350 263 351 268 351 269 351 263 352 269 352 23 352 23 353 269 353 25 353 271 354 270 354 273 354 273 355 270 355 21 355 273 356 268 356 425 356 425 357 268 357 424 357 271 358 273 358 272 358 272 359 273 359 427 359 273 360 269 360 268 360 273 361 24 361 25 361 273 362 25 362 269 362 273 363 21 363 274 363 274 364 21 364 19 364 274 365 19 365 17 365 273 366 274 366 24 366 24 367 274 367 169 367 169 368 274 368 171 368 171 369 274 369 348 369 26 370 270 370 265 370 265 371 270 371 271 371 265 372 271 372 262 372 262 373 271 373 272 373 262 374 272 374 427 374 275 375 432 375 276 375 275 376 276 376 277 376 277 377 278 377 275 377 275 378 278 378 279 378 279 379 280 379 275 379 275 380 280 380 325 380 281 381 282 381 283 381 281 382 283 382 284 382 284 383 285 383 281 383 281 384 285 384 286 384 281 385 286 385 287 385 452 386 32 386 33 386 452 387 33 387 35 387 452 388 35 388 451 388 451 389 35 389 37 389 451 390 39 390 42 390 42 391 43 391 45 391 45 392 43 392 44 392 45 393 47 393 28 393 28 394 47 394 49 394 452 395 29 395 31 395 452 396 31 396 32 396 63 397 454 397 62 397 67 398 63 398 65 398 71 399 51 399 54 399 54 400 51 400 52 400 453 401 54 401 56 401 453 402 56 402 57 402 453 403 57 403 58 403 453 404 58 404 60 404 453 405 60 405 454 405 76 406 77 406 75 406 73 407 75 407 96 407 94 408 96 408 456 408 94 409 456 409 93 409 93 410 456 410 89 410 77 411 79 411 83 411 83 412 79 412 80 412 84 413 86 413 456 413 456 414 86 414 88 414 456 415 88 415 89 415 108 416 104 416 106 416 114 417 116 417 118 417 118 418 119 418 98 418 118 419 98 419 100 419 100 420 101 420 104 420 122 421 124 421 457 421 122 422 457 422 121 422 124 423 125 423 126 423 124 424 126 424 288 424 457 425 138 425 139 425 136 426 138 426 289 426 134 427 289 427 132 427 131 428 132 428 129 428 156 429 157 429 458 429 290 430 458 430 160 430 290 431 142 431 144 431 146 432 147 432 291 432 291 433 147 433 150 433 291 434 150 434 152 434 291 435 152 435 153 435 291 436 153 436 154 436 154 437 156 437 458 437 297 438 292 438 294 438 297 439 294 439 293 439 293 440 294 440 295 440 293 441 295 441 296 441 296 442 295 442 292 442 296 443 292 443 297 443 298 444 304 444 299 444 298 445 299 445 300 445 300 446 299 446 301 446 300 447 301 447 302 447 302 448 301 448 303 448 302 449 303 449 298 449 298 450 303 450 304 450 310 451 308 451 306 451 310 452 306 452 305 452 305 453 306 453 307 453 305 454 307 454 309 454 309 455 307 455 308 455 309 456 308 456 310 456 311 457 316 457 312 457 311 458 312 458 313 458 312 459 314 459 313 459 313 460 314 460 315 460 315 461 314 461 316 461 315 462 316 462 311 462 162 463 317 463 167 463 167 464 317 464 322 464 167 465 322 465 166 465 317 466 162 466 526 466 526 467 162 467 163 467 526 468 163 468 318 468 318 469 163 469 164 469 318 470 164 470 319 470 319 471 164 471 165 471 319 472 165 472 320 472 320 473 165 473 321 473 321 474 165 474 166 474 321 475 166 475 322 475 324 476 325 476 326 476 324 477 326 477 327 477 324 478 327 478 328 478 328 479 329 479 324 479 324 480 329 480 323 480 330 481 331 481 332 481 331 482 330 482 282 482 333 483 334 483 331 483 331 484 334 484 332 484 341 485 336 485 335 485 335 486 336 486 337 486 335 487 337 487 338 487 339 488 340 488 335 488 335 489 340 489 341 489 347 490 342 490 343 490 343 491 344 491 345 491 345 492 346 492 343 492 343 493 346 493 347 493 343 494 342 494 359 494 359 495 339 495 348 495 373 496 348 496 339 496 339 497 359 497 342 497 339 498 342 498 340 498 340 499 342 499 341 499 341 500 342 500 347 500 341 501 347 501 336 501 336 502 347 502 346 502 336 503 346 503 345 503 336 504 345 504 337 504 337 505 345 505 344 505 337 506 344 506 338 506 349 507 426 507 333 507 349 508 333 508 331 508 281 509 287 509 350 509 256 510 255 510 351 510 229 511 235 511 352 511 212 512 353 512 213 512 8 513 355 513 248 513 354 514 7 514 355 514 355 515 7 515 248 515 187 516 356 516 376 516 174 517 182 517 357 517 357 518 182 518 181 518 17 519 180 519 358 519 17 520 358 520 274 520 348 521 274 521 358 521 343 522 359 522 360 522 361 523 536 523 362 523 363 524 364 524 569 524 363 525 565 525 364 525 565 526 531 526 365 526 161 527 175 527 141 527 145 528 366 528 151 528 151 529 366 529 177 529 177 530 366 530 176 530 127 531 367 531 130 531 130 532 367 532 133 532 133 533 367 533 135 533 135 534 367 534 137 534 115 535 113 535 117 535 105 536 103 536 107 536 82 537 81 537 370 537 55 538 53 538 179 538 41 539 371 539 46 539 48 540 46 540 27 540 339 541 335 541 372 541 170 542 373 542 374 542 170 543 374 543 267 543 267 544 374 544 16 544 374 545 15 545 16 545 375 546 200 546 199 546 375 547 199 547 173 547 198 548 189 548 206 548 206 549 189 549 187 549 376 550 357 550 181 550 200 551 375 551 206 551 206 552 375 552 377 552 187 553 376 553 181 553 187 554 181 554 206 554 206 555 181 555 186 555 206 556 186 556 200 556 200 557 186 557 203 557 193 558 206 558 377 558 6 559 207 559 378 559 6 560 378 560 242 560 379 561 242 561 378 561 209 562 172 562 208 562 210 563 209 563 380 563 210 564 380 564 218 564 211 565 220 565 212 565 212 566 220 566 218 566 218 567 380 567 381 567 381 568 380 568 382 568 218 569 381 569 212 569 212 570 381 570 353 570 393 571 384 571 383 571 383 572 384 572 385 572 383 573 385 573 386 573 386 574 385 574 387 574 386 575 387 575 388 575 388 576 387 576 389 576 388 577 389 577 390 577 390 578 389 578 382 578 382 579 389 579 381 579 313 580 293 580 296 580 302 581 298 581 310 581 391 582 305 582 309 582 302 583 310 583 305 583 391 584 309 584 392 584 392 585 309 585 310 585 300 586 393 586 298 586 298 587 393 587 392 587 293 588 313 588 315 588 384 589 315 589 391 589 391 590 315 590 311 590 315 591 384 591 293 591 310 592 298 592 392 592 305 593 391 593 311 593 302 594 305 594 297 594 393 595 300 595 297 595 300 596 302 596 297 596 393 597 297 597 293 597 393 598 293 598 384 598 305 599 311 599 313 599 296 600 297 600 313 600 313 601 297 601 305 601 394 602 395 602 397 602 397 603 395 603 396 603 397 604 396 604 398 604 397 605 398 605 399 605 399 606 398 606 400 606 400 607 398 607 401 607 400 608 401 608 392 608 392 609 401 609 391 609 352 610 395 610 394 610 590 611 403 611 404 611 580 612 349 612 331 612 403 613 596 613 402 613 403 614 402 614 404 614 404 615 402 615 435 615 404 616 435 616 405 616 423 617 275 617 411 617 249 618 411 618 406 618 410 619 223 619 394 619 600 620 407 620 324 620 600 621 324 621 408 621 394 622 281 622 255 622 255 623 281 623 350 623 255 624 350 624 351 624 411 625 275 625 406 625 406 626 275 626 325 626 406 627 325 627 409 627 409 628 325 628 324 628 409 629 324 629 404 629 404 630 324 630 407 630 404 631 407 631 590 631 229 632 352 632 394 632 229 633 394 633 230 633 230 634 394 634 255 634 394 635 223 635 281 635 281 636 223 636 230 636 281 637 230 637 282 637 282 638 230 638 249 638 282 639 249 639 331 639 331 640 249 640 406 640 331 641 406 641 580 641 226 642 223 642 410 642 252 643 256 643 416 643 252 644 416 644 411 644 226 645 410 645 419 645 235 646 226 646 418 646 235 647 418 647 352 647 226 648 235 648 234 648 226 649 234 649 227 649 227 650 234 650 233 650 227 651 233 651 228 651 228 652 233 652 232 652 228 653 232 653 224 653 224 654 232 654 231 654 224 655 231 655 225 655 225 656 231 656 230 656 256 657 252 657 251 657 256 658 251 658 258 658 258 659 251 659 254 659 258 660 254 660 259 660 259 661 254 661 253 661 259 662 253 662 260 662 260 663 253 663 250 663 260 664 250 664 257 664 257 665 250 665 230 665 421 666 412 666 240 666 240 667 412 667 244 667 244 668 412 668 241 668 241 669 412 669 414 669 241 670 414 670 415 670 422 671 247 671 413 671 413 672 247 672 245 672 413 673 245 673 415 673 415 674 414 674 416 674 415 675 416 675 417 675 417 676 416 676 256 676 417 677 256 677 351 677 226 678 419 678 418 678 418 679 419 679 420 679 420 680 419 680 421 680 420 681 421 681 422 681 422 682 421 682 240 682 249 683 252 683 411 683 432 684 275 684 423 684 261 685 262 685 428 685 428 686 262 686 427 686 264 687 261 687 266 687 276 688 432 688 287 688 287 689 432 689 431 689 287 690 431 690 350 690 276 691 287 691 286 691 276 692 286 692 277 692 277 693 286 693 285 693 277 694 285 694 278 694 278 695 285 695 284 695 278 696 284 696 279 696 279 697 284 697 283 697 279 698 283 698 280 698 280 699 283 699 325 699 325 700 283 700 282 700 282 701 330 701 325 701 325 702 330 702 326 702 326 703 330 703 327 703 327 704 330 704 332 704 327 705 332 705 328 705 328 706 332 706 334 706 328 707 334 707 329 707 329 708 334 708 333 708 329 709 333 709 323 709 323 710 333 710 426 710 273 711 425 711 427 711 428 712 427 712 429 712 428 713 429 713 430 713 430 714 429 714 431 714 430 715 431 715 432 715 426 716 433 716 434 716 434 717 433 717 424 717 434 718 424 718 266 718 426 719 434 719 323 719 323 720 434 720 408 720 323 721 408 721 324 721 435 722 402 722 436 722 435 723 436 723 437 723 437 724 436 724 438 724 438 725 436 725 439 725 438 726 439 726 440 726 438 727 440 727 441 727 441 728 440 728 442 728 441 729 442 729 443 729 441 730 443 730 444 730 444 731 443 731 446 731 444 732 446 732 445 732 445 733 446 733 447 733 447 734 446 734 448 734 447 735 448 735 450 735 447 736 450 736 449 736 42 737 45 737 451 737 29 738 452 738 28 738 71 739 54 739 69 739 63 740 67 740 454 740 75 741 77 741 455 741 75 742 455 742 96 742 96 743 455 743 456 743 84 744 456 744 83 744 109 745 112 745 108 745 289 746 138 746 132 746 129 747 132 747 288 747 144 748 146 748 290 748 458 749 291 749 154 749 461 750 462 750 459 750 459 751 460 751 461 751 461 752 460 752 463 752 461 753 463 753 464 753 464 754 463 754 465 754 464 755 465 755 466 755 466 756 465 756 467 756 466 757 467 757 468 757 468 758 467 758 469 758 468 759 469 759 470 759 470 760 469 760 471 760 470 761 471 761 472 761 472 762 471 762 473 762 472 763 473 763 474 763 474 764 473 764 475 764 474 765 475 765 476 765 476 766 475 766 477 766 476 767 477 767 478 767 478 768 477 768 479 768 478 769 479 769 480 769 481 770 482 770 479 770 479 771 482 771 480 771 482 772 481 772 483 772 482 773 483 773 484 773 484 774 483 774 486 774 484 775 486 775 485 775 485 776 486 776 487 776 487 777 486 777 488 777 487 778 488 778 489 778 489 779 488 779 490 779 489 780 490 780 492 780 492 781 490 781 491 781 492 782 491 782 493 782 493 783 491 783 494 783 493 784 494 784 495 784 493 785 495 785 496 785 496 786 495 786 497 786 496 787 497 787 498 787 498 788 497 788 499 788 498 789 499 789 500 789 500 790 499 790 501 790 500 791 501 791 502 791 502 792 501 792 503 792 502 793 503 793 504 793 504 794 503 794 505 794 505 795 503 795 506 795 505 796 506 796 507 796 505 797 507 797 510 797 510 798 507 798 511 798 510 799 511 799 512 799 512 800 511 800 513 800 512 801 513 801 514 801 514 802 513 802 515 802 514 803 515 803 516 803 516 804 515 804 517 804 516 805 517 805 518 805 518 806 517 806 519 806 518 807 519 807 520 807 520 808 519 808 521 808 520 809 521 809 522 809 522 810 521 810 523 810 522 811 523 811 524 811 524 812 523 812 508 812 524 813 508 813 525 813 525 814 508 814 509 814 508 815 306 815 509 815 459 816 306 816 508 816 306 817 308 817 509 817 526 818 307 818 306 818 526 819 306 819 459 819 509 820 308 820 307 820 312 821 307 821 526 821 509 822 312 822 316 822 307 823 312 823 509 823 316 824 462 824 509 824 462 825 295 825 294 825 314 826 312 826 526 826 462 827 294 827 459 827 459 828 322 828 317 828 314 829 318 829 319 829 316 830 314 830 462 830 459 831 294 831 292 831 459 832 317 832 526 832 314 833 320 833 462 833 462 834 320 834 295 834 295 835 320 835 321 835 295 836 321 836 292 836 322 837 459 837 292 837 314 838 319 838 320 838 322 839 292 839 321 839 318 840 314 840 526 840 526 841 303 841 459 841 459 842 303 842 301 842 459 843 301 843 299 843 459 844 304 844 526 844 526 845 304 845 303 845 459 846 299 846 304 846 528 847 527 847 529 847 449 848 450 848 532 848 372 849 335 849 528 849 338 850 344 850 335 850 335 851 344 851 343 851 361 852 362 852 343 852 361 853 343 853 360 853 528 854 335 854 527 854 527 855 335 855 343 855 527 856 343 856 530 856 530 857 343 857 362 857 530 858 362 858 365 858 365 859 531 859 449 859 365 860 449 860 530 860 530 861 449 861 532 861 538 862 565 862 365 862 362 863 533 863 534 863 534 864 535 864 362 864 362 865 535 865 539 865 533 866 362 866 536 866 365 867 537 867 538 867 541 868 542 868 365 868 362 869 539 869 540 869 362 870 540 870 365 870 365 871 540 871 541 871 365 872 542 872 543 872 365 873 543 873 537 873 544 874 530 874 612 874 545 875 527 875 548 875 530 876 546 876 547 876 530 877 547 877 527 877 527 878 547 878 548 878 545 879 549 879 527 879 527 880 549 880 550 880 544 881 551 881 530 881 530 882 551 882 552 882 550 883 529 883 527 883 552 884 553 884 530 884 530 885 553 885 546 885 584 886 554 886 555 886 556 887 555 887 558 887 559 888 583 888 557 888 558 889 555 889 559 889 558 890 559 890 560 890 560 891 559 891 567 891 567 892 559 892 364 892 559 893 561 893 563 893 559 894 557 894 562 894 559 895 562 895 561 895 364 896 559 896 563 896 364 897 563 897 564 897 364 898 565 898 566 898 364 899 566 899 567 899 536 900 568 900 599 900 569 901 364 901 564 901 574 902 590 902 407 902 601 903 570 903 407 903 407 904 570 904 571 904 407 905 571 905 572 905 407 906 572 906 573 906 407 907 573 907 574 907 576 908 406 908 409 908 576 909 578 909 406 909 406 910 578 910 577 910 577 911 579 911 406 911 406 912 579 912 575 912 580 913 406 913 575 913 405 914 435 914 504 914 580 915 30 915 27 915 405 916 27 916 46 916 30 917 580 917 581 917 30 918 581 918 582 918 30 919 582 919 34 919 34 920 582 920 583 920 34 921 583 921 554 921 34 922 554 922 371 922 371 923 554 923 584 923 371 924 584 924 585 924 371 925 585 925 405 925 46 926 371 926 405 926 27 927 405 927 580 927 580 928 405 928 504 928 505 929 351 929 350 929 505 930 350 930 504 930 504 931 350 931 349 931 504 932 349 932 580 932 179 933 53 933 426 933 349 934 179 934 426 934 53 935 425 935 424 935 424 936 433 936 53 936 53 937 433 937 426 937 66 938 64 938 350 938 350 939 64 939 179 939 350 940 179 940 349 940 53 941 70 941 425 941 66 942 350 942 431 942 66 943 431 943 429 943 66 944 429 944 427 944 66 945 427 945 70 945 70 946 427 946 425 946 505 947 352 947 351 947 352 948 78 948 369 948 413 949 370 949 81 949 413 950 81 950 422 950 422 951 81 951 420 951 420 952 81 952 418 952 418 953 81 953 352 953 352 954 369 954 351 954 351 955 369 955 370 955 351 956 370 956 417 956 352 957 81 957 78 957 370 958 413 958 415 958 370 959 415 959 417 959 352 960 505 960 395 960 395 961 505 961 396 961 396 962 505 962 510 962 396 963 510 963 512 963 396 964 512 964 398 964 398 965 512 965 514 965 398 966 514 966 516 966 398 967 516 967 518 967 398 968 518 968 401 968 401 969 518 969 520 969 401 970 520 970 522 970 401 971 522 971 391 971 391 972 522 972 524 972 391 973 524 973 525 973 391 974 525 974 509 974 391 975 509 975 384 975 384 976 509 976 462 976 384 977 462 977 461 977 384 978 461 978 385 978 385 979 461 979 464 979 385 980 464 980 466 980 385 981 466 981 468 981 385 982 468 982 387 982 387 983 468 983 470 983 387 984 470 984 472 984 387 985 472 985 389 985 389 986 472 986 474 986 389 987 474 987 476 987 389 988 476 988 478 988 389 989 478 989 381 989 381 990 478 990 480 990 381 991 480 991 353 991 366 992 213 992 353 992 376 993 176 993 366 993 176 994 376 994 356 994 176 995 356 995 175 995 175 996 356 996 354 996 175 997 354 997 355 997 366 998 145 998 213 998 213 999 145 999 172 999 172 1000 145 1000 8 1000 8 1001 145 1001 141 1001 8 1002 141 1002 355 1002 355 1003 141 1003 175 1003 366 1004 353 1004 376 1004 376 1005 353 1005 480 1005 376 1006 480 1006 357 1006 178 1007 360 1007 123 1007 357 1008 137 1008 367 1008 357 1009 367 1009 174 1009 367 1010 358 1010 180 1010 367 1011 180 1011 174 1011 178 1012 137 1012 357 1012 358 1013 367 1013 127 1013 358 1014 127 1014 348 1014 348 1015 127 1015 359 1015 359 1016 127 1016 123 1016 359 1017 123 1017 360 1017 178 1018 357 1018 360 1018 360 1019 357 1019 480 1019 360 1020 480 1020 361 1020 361 1021 480 1021 482 1021 361 1022 107 1022 536 1022 111 1023 107 1023 361 1023 531 1024 113 1024 111 1024 107 1025 103 1025 536 1025 536 1026 103 1026 568 1026 568 1027 103 1027 368 1027 568 1028 368 1028 569 1028 569 1029 368 1029 363 1029 363 1030 368 1030 117 1030 363 1031 117 1031 565 1031 565 1032 117 1032 113 1032 565 1033 113 1033 531 1033 492 1034 441 1034 444 1034 444 1035 487 1035 489 1035 444 1036 489 1036 492 1036 445 1037 482 1037 444 1037 445 1038 447 1038 482 1038 482 1039 484 1039 444 1039 444 1040 484 1040 485 1040 444 1041 485 1041 487 1041 482 1042 447 1042 449 1042 482 1043 449 1043 531 1043 482 1044 531 1044 361 1044 361 1045 531 1045 111 1045 435 1046 437 1046 504 1046 504 1047 437 1047 438 1047 504 1048 438 1048 502 1048 502 1049 438 1049 500 1049 500 1050 438 1050 441 1050 500 1051 441 1051 498 1051 441 1052 496 1052 498 1052 492 1053 493 1053 441 1053 441 1054 493 1054 496 1054 405 1055 585 1055 586 1055 405 1056 586 1056 404 1056 404 1057 586 1057 587 1057 587 1058 588 1058 404 1058 404 1059 588 1059 589 1059 404 1060 589 1060 409 1060 403 1061 591 1061 592 1061 403 1062 590 1062 591 1062 403 1063 592 1063 593 1063 593 1064 594 1064 403 1064 403 1065 594 1065 595 1065 585 1066 596 1066 595 1066 595 1067 596 1067 403 1067 104 1068 108 1068 528 1068 532 1069 112 1069 114 1069 529 1070 104 1070 528 1070 532 1071 108 1071 112 1071 532 1072 114 1072 612 1072 612 1073 114 1073 118 1073 612 1074 118 1074 597 1074 597 1075 118 1075 598 1075 598 1076 118 1076 100 1076 598 1077 100 1077 599 1077 599 1078 100 1078 529 1078 529 1079 100 1079 104 1079 108 1080 532 1080 528 1080 528 1081 532 1081 481 1081 528 1082 481 1082 372 1082 372 1083 481 1083 479 1083 138 1084 375 1084 173 1084 138 1085 173 1085 132 1085 372 1086 457 1086 124 1086 288 1087 374 1087 373 1087 288 1088 373 1088 124 1088 124 1089 373 1089 339 1089 124 1090 339 1090 372 1090 374 1091 288 1091 132 1091 132 1092 173 1092 15 1092 132 1093 15 1093 374 1093 479 1094 375 1094 372 1094 372 1095 375 1095 138 1095 372 1096 138 1096 457 1096 479 1097 377 1097 375 1097 209 1098 146 1098 380 1098 380 1099 146 1099 291 1099 290 1100 378 1100 458 1100 458 1101 378 1101 207 1101 458 1102 207 1102 193 1102 458 1103 193 1103 291 1103 378 1104 290 1104 379 1104 379 1105 290 1105 208 1105 208 1106 290 1106 146 1106 208 1107 146 1107 209 1107 377 1108 291 1108 193 1108 291 1109 377 1109 380 1109 380 1110 377 1110 479 1110 380 1111 479 1111 382 1111 382 1112 479 1112 390 1112 390 1113 479 1113 477 1113 390 1114 477 1114 475 1114 390 1115 475 1115 388 1115 388 1116 475 1116 473 1116 388 1117 473 1117 471 1117 388 1118 471 1118 386 1118 386 1119 471 1119 469 1119 386 1120 469 1120 467 1120 386 1121 467 1121 383 1121 383 1122 467 1122 465 1122 383 1123 465 1123 463 1123 383 1124 463 1124 460 1124 383 1125 460 1125 393 1125 393 1126 460 1126 459 1126 393 1127 459 1127 392 1127 392 1128 459 1128 508 1128 392 1129 508 1129 523 1129 392 1130 523 1130 400 1130 400 1131 523 1131 521 1131 400 1132 521 1132 519 1132 400 1133 519 1133 399 1133 399 1134 519 1134 517 1134 399 1135 517 1135 515 1135 399 1136 515 1136 397 1136 397 1137 515 1137 513 1137 397 1138 513 1138 511 1138 397 1139 511 1139 507 1139 397 1140 507 1140 394 1140 394 1141 507 1141 506 1141 394 1142 506 1142 410 1142 410 1143 506 1143 411 1143 411 1144 506 1144 423 1144 411 1145 456 1145 455 1145 83 1146 412 1146 421 1146 83 1147 421 1147 77 1147 77 1148 421 1148 419 1148 77 1149 419 1149 410 1149 77 1150 410 1150 455 1150 414 1151 412 1151 456 1151 456 1152 412 1152 83 1152 414 1153 456 1153 416 1153 411 1154 455 1154 410 1154 456 1155 411 1155 416 1155 503 1156 600 1156 408 1156 503 1157 408 1157 506 1157 506 1158 408 1158 423 1158 453 1159 434 1159 54 1159 54 1160 434 1160 266 1160 54 1161 266 1161 69 1161 408 1162 453 1162 454 1162 408 1163 454 1163 423 1163 423 1164 454 1164 67 1164 423 1165 67 1165 432 1165 432 1166 67 1166 430 1166 430 1167 67 1167 428 1167 428 1168 67 1168 261 1168 261 1169 67 1169 69 1169 434 1170 453 1170 408 1170 69 1171 266 1171 261 1171 45 1172 28 1172 600 1172 600 1173 28 1173 452 1173 600 1174 452 1174 601 1174 601 1175 452 1175 602 1175 602 1176 452 1176 603 1176 603 1177 452 1177 618 1177 618 1178 452 1178 451 1178 618 1179 451 1179 604 1179 604 1180 451 1180 605 1180 605 1181 451 1181 596 1181 596 1182 451 1182 45 1182 45 1183 600 1183 596 1183 596 1184 600 1184 503 1184 596 1185 503 1185 402 1185 402 1186 503 1186 436 1186 503 1187 440 1187 439 1187 439 1188 436 1188 503 1188 494 1189 443 1189 442 1189 442 1190 497 1190 495 1190 442 1191 495 1191 494 1191 503 1192 501 1192 440 1192 440 1193 501 1193 442 1193 442 1194 501 1194 499 1194 442 1195 499 1195 497 1195 450 1196 448 1196 481 1196 481 1197 448 1197 446 1197 443 1198 486 1198 446 1198 481 1199 446 1199 483 1199 483 1200 446 1200 486 1200 443 1201 488 1201 486 1201 443 1202 494 1202 491 1202 443 1203 491 1203 490 1203 443 1204 490 1204 488 1204 481 1205 532 1205 450 1205 600 1206 601 1206 407 1206 606 1207 561 1207 607 1207 607 1208 561 1208 562 1208 607 1209 562 1209 620 1209 620 1210 562 1210 557 1210 620 1211 557 1211 583 1211 606 1212 608 1212 561 1212 561 1213 608 1213 563 1213 609 1214 569 1214 564 1214 609 1215 564 1215 610 1215 610 1216 564 1216 563 1216 610 1217 563 1217 608 1217 598 1218 611 1218 597 1218 597 1219 565 1219 612 1219 599 1220 609 1220 598 1220 598 1221 609 1221 611 1221 530 1222 532 1222 612 1222 612 1223 565 1223 544 1223 565 1224 538 1224 544 1224 544 1225 538 1225 537 1225 544 1226 537 1226 551 1226 551 1227 537 1227 543 1227 551 1228 543 1228 552 1228 552 1229 543 1229 542 1229 552 1230 542 1230 553 1230 553 1231 542 1231 541 1231 553 1232 541 1232 546 1232 546 1233 541 1233 540 1233 546 1234 540 1234 547 1234 547 1235 540 1235 539 1235 547 1236 539 1236 548 1236 548 1237 539 1237 535 1237 548 1238 535 1238 545 1238 545 1239 535 1239 534 1239 545 1240 534 1240 549 1240 549 1241 534 1241 533 1241 549 1242 533 1242 550 1242 550 1243 533 1243 536 1243 550 1244 536 1244 529 1244 536 1245 599 1245 529 1245 599 1246 568 1246 609 1246 609 1247 568 1247 569 1247 613 1248 560 1248 567 1248 613 1249 567 1249 614 1249 614 1250 567 1250 566 1250 614 1251 566 1251 597 1251 597 1252 566 1252 565 1252 613 1253 617 1253 560 1253 560 1254 617 1254 558 1254 615 1255 584 1255 555 1255 615 1256 555 1256 616 1256 616 1257 555 1257 556 1257 616 1258 556 1258 617 1258 617 1259 556 1259 558 1259 618 1260 620 1260 603 1260 603 1261 620 1261 583 1261 618 1262 619 1262 620 1262 604 1263 615 1263 618 1263 555 1264 554 1264 559 1264 570 1265 601 1265 575 1265 575 1266 601 1266 581 1266 575 1267 581 1267 580 1267 570 1268 575 1268 579 1268 570 1269 579 1269 571 1269 571 1270 579 1270 577 1270 571 1271 577 1271 572 1271 572 1272 577 1272 578 1272 572 1273 578 1273 573 1273 573 1274 578 1274 576 1274 573 1275 576 1275 574 1275 574 1276 576 1276 590 1276 590 1277 576 1277 409 1277 409 1278 589 1278 590 1278 590 1279 589 1279 591 1279 591 1280 589 1280 588 1280 591 1281 588 1281 592 1281 592 1282 588 1282 587 1282 592 1283 587 1283 593 1283 593 1284 587 1284 586 1284 593 1285 586 1285 594 1285 594 1286 586 1286 595 1286 605 1287 596 1287 585 1287 595 1288 586 1288 585 1288 559 1289 554 1289 583 1289 603 1290 583 1290 582 1290 603 1291 582 1291 602 1291 602 1292 582 1292 581 1292 602 1293 581 1293 601 1293 605 1294 585 1294 604 1294 604 1295 585 1295 584 1295 604 1296 584 1296 615 1296 619 1297 618 1297 616 1297 616 1298 618 1298 615 1298 619 1299 616 1299 617 1299 619 1300 617 1300 613 1300 619 1301 606 1301 620 1301 620 1302 606 1302 607 1302 619 1303 610 1303 608 1303 619 1304 608 1304 606 1304 611 1305 619 1305 613 1305 611 1306 613 1306 614 1306 611 1307 614 1307 597 1307 619 1308 611 1308 610 1308 610 1309 611 1309 609 1309 792 1310 683 1310 639 1310 652 1311 674 1311 635 1311 652 1312 622 1312 653 1312 621 1313 623 1313 622 1313 670 1314 832 1314 625 1314 670 1315 625 1315 624 1315 624 1316 626 1316 627 1316 646 1317 656 1317 624 1317 624 1318 656 1318 626 1318 672 1319 627 1319 656 1319 712 1320 631 1320 642 1320 642 1321 631 1321 633 1321 648 1322 637 1322 635 1322 636 1323 637 1323 648 1323 638 1324 842 1324 767 1324 767 1325 842 1325 636 1325 652 1326 635 1326 638 1326 642 1327 644 1327 643 1327 643 1328 645 1328 642 1328 624 1329 647 1329 646 1329 646 1330 843 1330 668 1330 843 1331 647 1331 668 1331 668 1332 647 1332 624 1332 648 1333 635 1333 674 1333 673 1334 649 1334 674 1334 678 1335 621 1335 683 1335 650 1336 661 1336 629 1336 652 1337 653 1337 849 1337 653 1338 621 1338 849 1338 649 1339 831 1339 670 1339 831 1340 649 1340 673 1340 655 1341 656 1341 646 1341 658 1342 657 1342 655 1342 859 1343 661 1343 660 1343 662 1344 767 1344 665 1344 662 1345 665 1345 663 1345 662 1346 663 1346 624 1346 624 1347 870 1347 666 1347 624 1348 666 1348 747 1348 667 1349 712 1349 666 1349 667 1350 870 1350 624 1350 666 1351 712 1351 747 1351 668 1352 669 1352 624 1352 624 1353 890 1353 668 1353 668 1354 890 1354 670 1354 624 1355 671 1355 890 1355 624 1356 670 1356 671 1356 712 1357 667 1357 632 1357 654 1358 658 1358 670 1358 670 1359 658 1359 668 1359 668 1360 658 1360 646 1360 646 1361 658 1361 655 1361 632 1362 631 1362 712 1362 670 1363 624 1363 663 1363 670 1364 663 1364 649 1364 649 1365 663 1365 648 1365 648 1366 663 1366 636 1366 667 1367 624 1367 627 1367 667 1368 627 1368 632 1368 632 1369 627 1369 672 1369 632 1370 672 1370 634 1370 634 1371 672 1371 651 1371 634 1372 651 1372 650 1372 650 1373 651 1373 850 1373 672 1374 656 1374 651 1374 651 1375 656 1375 661 1375 651 1376 661 1376 650 1376 654 1377 673 1377 658 1377 658 1378 673 1378 659 1378 676 1379 675 1379 674 1379 661 1380 656 1380 657 1380 629 1381 661 1381 859 1381 629 1382 859 1382 860 1382 656 1383 655 1383 657 1383 660 1384 659 1384 652 1384 652 1385 659 1385 673 1385 652 1386 673 1386 674 1386 674 1387 676 1387 652 1387 639 1388 767 1388 792 1388 642 1389 633 1389 634 1389 642 1390 634 1390 629 1390 642 1391 629 1391 641 1391 642 1392 641 1392 644 1392 660 1393 652 1393 859 1393 859 1394 652 1394 678 1394 678 1395 652 1395 849 1395 663 1396 664 1396 665 1396 663 1397 665 1397 767 1397 663 1398 767 1398 636 1398 767 1399 639 1399 638 1399 634 1400 650 1400 629 1400 641 1401 629 1401 628 1401 629 1402 859 1402 677 1402 854 1403 859 1403 677 1403 677 1404 859 1404 679 1404 679 1405 678 1405 875 1405 679 1406 859 1406 678 1406 622 1407 652 1407 639 1407 652 1408 638 1408 639 1408 678 1409 683 1409 679 1409 679 1410 683 1410 645 1410 679 1411 645 1411 677 1411 677 1412 645 1412 629 1412 629 1413 645 1413 630 1413 630 1414 645 1414 628 1414 628 1415 645 1415 641 1415 641 1416 645 1416 643 1416 639 1417 683 1417 622 1417 622 1418 683 1418 621 1418 680 1419 645 1419 681 1419 645 1420 680 1420 682 1420 681 1421 645 1421 683 1421 681 1422 683 1422 826 1422 645 1423 685 1423 829 1423 645 1424 684 1424 686 1424 645 1425 686 1425 687 1425 645 1426 687 1426 685 1426 645 1427 829 1427 688 1427 688 1428 642 1428 645 1428 688 1429 689 1429 642 1429 642 1430 689 1430 690 1430 642 1431 690 1431 692 1431 692 1432 690 1432 691 1432 697 1433 700 1433 693 1433 694 1434 692 1434 691 1434 703 1435 714 1435 712 1435 711 1436 740 1436 694 1436 692 1437 694 1437 740 1437 716 1438 695 1438 706 1438 696 1439 695 1439 709 1439 709 1440 695 1440 716 1440 699 1441 696 1441 709 1441 695 1442 696 1442 699 1442 698 1443 700 1443 699 1443 697 1444 699 1444 700 1444 709 1445 700 1445 698 1445 709 1446 698 1446 699 1446 719 1447 703 1447 701 1447 716 1448 706 1448 705 1448 703 1449 708 1449 707 1449 709 1450 735 1450 700 1450 710 1451 709 1451 716 1451 740 1452 711 1452 710 1452 697 1453 712 1453 699 1453 699 1454 712 1454 695 1454 712 1455 714 1455 706 1455 706 1456 714 1456 707 1456 712 1457 704 1457 703 1457 712 1458 706 1458 695 1458 704 1459 712 1459 642 1459 704 1460 642 1460 702 1460 716 1461 717 1461 710 1461 717 1462 718 1462 740 1462 716 1463 718 1463 717 1463 710 1464 717 1464 740 1464 716 1465 705 1465 718 1465 707 1466 714 1466 703 1466 708 1467 703 1467 719 1467 708 1468 719 1468 705 1468 740 1469 718 1469 692 1469 692 1470 718 1470 705 1470 692 1471 705 1471 719 1471 719 1472 701 1472 702 1472 692 1473 719 1473 702 1473 692 1474 702 1474 642 1474 723 1475 720 1475 705 1475 720 1476 708 1476 705 1476 721 1477 707 1477 720 1477 720 1478 707 1478 708 1478 721 1479 722 1479 707 1479 722 1480 706 1480 707 1480 723 1481 705 1481 722 1481 722 1482 705 1482 706 1482 724 1483 726 1483 725 1483 725 1484 726 1484 737 1484 727 1485 744 1485 713 1485 728 1486 691 1486 690 1486 713 1487 721 1487 732 1487 732 1488 721 1488 720 1488 713 1489 722 1489 721 1489 713 1490 732 1490 731 1490 720 1491 730 1491 732 1491 742 1492 733 1492 738 1492 726 1493 724 1493 734 1493 743 1494 734 1494 733 1494 726 1495 734 1495 743 1495 736 1496 735 1496 724 1496 736 1497 724 1497 725 1497 736 1498 725 1498 737 1498 736 1499 737 1499 693 1499 693 1500 737 1500 727 1500 740 1501 738 1501 739 1501 738 1502 739 1502 742 1502 691 1503 739 1503 738 1503 691 1504 741 1504 739 1504 739 1505 741 1505 742 1505 720 1506 723 1506 691 1506 720 1507 691 1507 728 1507 729 1508 730 1508 728 1508 729 1509 728 1509 690 1509 743 1510 742 1510 741 1510 733 1511 742 1511 743 1511 691 1512 723 1512 741 1512 741 1513 723 1513 743 1513 723 1514 722 1514 743 1514 743 1515 722 1515 726 1515 730 1516 720 1516 728 1516 713 1517 744 1517 722 1517 722 1518 744 1518 727 1518 722 1519 727 1519 726 1519 726 1520 727 1520 737 1520 713 1521 731 1521 727 1521 729 1522 690 1522 727 1522 729 1523 727 1523 731 1523 701 1524 730 1524 702 1524 729 1525 702 1525 730 1525 731 1526 704 1526 702 1526 731 1527 702 1527 729 1527 731 1528 732 1528 704 1528 704 1529 732 1529 703 1529 730 1530 701 1530 703 1530 730 1531 703 1531 732 1531 744 1532 714 1532 713 1532 738 1533 711 1533 694 1533 711 1534 738 1534 733 1534 724 1535 735 1535 709 1535 724 1536 709 1536 734 1536 734 1537 709 1537 710 1537 734 1538 710 1538 733 1538 733 1539 710 1539 711 1539 736 1540 700 1540 735 1540 700 1541 736 1541 693 1541 738 1542 694 1542 691 1542 727 1543 712 1543 697 1543 727 1544 697 1544 693 1544 712 1545 746 1545 745 1545 712 1546 727 1546 746 1546 712 1547 745 1547 747 1547 624 1548 747 1548 748 1548 624 1549 748 1549 749 1549 749 1550 750 1550 624 1550 750 1551 751 1551 624 1551 751 1552 752 1552 624 1552 624 1553 752 1553 753 1553 753 1554 754 1554 624 1554 757 1555 662 1555 624 1555 624 1556 755 1556 757 1556 755 1557 624 1557 756 1557 756 1558 624 1558 754 1558 756 1559 754 1559 758 1559 757 1560 885 1560 662 1560 662 1561 885 1561 759 1561 662 1562 760 1562 763 1562 662 1563 759 1563 761 1563 662 1564 761 1564 762 1564 662 1565 762 1565 760 1565 763 1566 767 1566 662 1566 765 1567 766 1567 767 1567 767 1568 763 1568 764 1568 767 1569 764 1569 765 1569 767 1570 766 1570 768 1570 768 1571 766 1571 810 1571 773 1572 772 1572 771 1572 768 1573 786 1573 773 1573 768 1574 773 1574 767 1574 775 1575 774 1575 791 1575 792 1576 767 1576 777 1576 777 1577 775 1577 792 1577 777 1578 774 1578 776 1578 791 1579 778 1579 779 1579 791 1580 781 1580 778 1580 789 1581 779 1581 780 1581 769 1582 782 1582 793 1582 784 1583 782 1583 769 1583 783 1584 784 1584 769 1584 771 1585 770 1585 789 1585 772 1586 770 1586 771 1586 770 1587 783 1587 789 1587 773 1588 785 1588 772 1588 772 1589 785 1589 770 1589 786 1590 785 1590 773 1590 787 1591 788 1591 767 1591 767 1592 773 1592 771 1592 767 1593 788 1593 777 1593 788 1594 767 1594 780 1594 788 1595 780 1595 781 1595 780 1596 767 1596 771 1596 780 1597 771 1597 789 1597 779 1598 789 1598 790 1598 783 1599 790 1599 789 1599 792 1600 775 1600 791 1600 791 1601 774 1601 781 1601 781 1602 774 1602 777 1602 781 1603 777 1603 788 1603 783 1604 769 1604 779 1604 783 1605 779 1605 790 1605 769 1606 793 1606 779 1606 779 1607 793 1607 791 1607 791 1608 793 1608 792 1608 796 1609 794 1609 778 1609 778 1610 794 1610 779 1610 795 1611 780 1611 779 1611 795 1612 779 1612 794 1612 795 1613 806 1613 780 1613 780 1614 806 1614 781 1614 781 1615 806 1615 796 1615 781 1616 796 1616 778 1616 798 1617 799 1617 817 1617 817 1618 799 1618 800 1618 801 1619 799 1619 798 1619 800 1620 799 1620 801 1620 810 1621 802 1621 801 1621 766 1622 802 1622 810 1622 796 1623 803 1623 814 1623 794 1624 796 1624 814 1624 817 1625 795 1625 794 1625 803 1626 796 1626 806 1626 808 1627 803 1627 806 1627 808 1628 807 1628 809 1628 807 1629 808 1629 806 1629 805 1630 804 1630 766 1630 766 1631 804 1631 809 1631 811 1632 810 1632 801 1632 801 1633 798 1633 811 1633 817 1634 812 1634 798 1634 797 1635 813 1635 812 1635 804 1636 805 1636 803 1636 803 1637 805 1637 814 1637 794 1638 814 1638 815 1638 815 1639 814 1639 805 1639 815 1640 813 1640 797 1640 816 1641 812 1641 817 1641 816 1642 817 1642 790 1642 812 1643 816 1643 797 1643 815 1644 797 1644 816 1644 815 1645 816 1645 794 1645 794 1646 816 1646 817 1646 817 1647 800 1647 795 1647 806 1648 795 1648 807 1648 809 1649 807 1649 766 1649 807 1650 818 1650 766 1650 801 1651 802 1651 766 1651 801 1652 766 1652 800 1652 800 1653 766 1653 795 1653 795 1654 766 1654 807 1654 804 1655 803 1655 775 1655 775 1656 803 1656 774 1656 808 1657 776 1657 774 1657 808 1658 774 1658 803 1658 776 1659 808 1659 809 1659 776 1660 809 1660 777 1660 777 1661 809 1661 804 1661 777 1662 804 1662 775 1662 788 1663 807 1663 787 1663 787 1664 807 1664 818 1664 787 1665 818 1665 788 1665 788 1666 818 1666 807 1666 782 1667 813 1667 815 1667 782 1668 815 1668 793 1668 784 1669 813 1669 782 1669 785 1670 798 1670 770 1670 770 1671 798 1671 812 1671 770 1672 812 1672 783 1672 783 1673 812 1673 784 1673 784 1674 812 1674 813 1674 811 1675 798 1675 785 1675 786 1676 810 1676 785 1676 785 1677 810 1677 811 1677 768 1678 810 1678 786 1678 793 1679 815 1679 805 1679 793 1680 805 1680 792 1680 819 1681 883 1681 792 1681 792 1682 805 1682 819 1682 792 1683 883 1683 683 1683 683 1684 883 1684 820 1684 825 1685 821 1685 683 1685 820 1686 822 1686 683 1686 683 1687 822 1687 823 1687 683 1688 823 1688 824 1688 683 1689 824 1689 825 1689 826 1690 683 1690 821 1690 826 1691 827 1691 681 1691 827 1692 828 1692 681 1692 681 1693 828 1693 680 1693 680 1694 828 1694 682 1694 682 1695 684 1695 645 1695 684 1696 828 1696 821 1696 821 1697 828 1697 827 1697 821 1698 827 1698 826 1698 682 1699 828 1699 684 1699 820 1700 829 1700 685 1700 820 1701 685 1701 822 1701 822 1702 685 1702 823 1702 823 1703 685 1703 687 1703 823 1704 687 1704 824 1704 824 1705 687 1705 686 1705 824 1706 686 1706 825 1706 825 1707 686 1707 684 1707 825 1708 684 1708 821 1708 862 1709 861 1709 654 1709 820 1710 830 1710 623 1710 841 1711 653 1711 830 1711 891 1712 831 1712 763 1712 831 1713 833 1713 763 1713 748 1714 834 1714 835 1714 834 1715 851 1715 892 1715 829 1716 836 1716 878 1716 888 1717 836 1717 829 1717 745 1718 839 1718 837 1718 882 1719 840 1719 637 1719 882 1720 842 1720 841 1720 835 1721 892 1721 748 1721 748 1722 892 1722 845 1722 748 1723 845 1723 844 1723 832 1724 831 1724 846 1724 829 1725 848 1725 875 1725 875 1726 848 1726 849 1726 820 1727 856 1727 829 1727 829 1728 856 1728 848 1728 850 1729 838 1729 878 1729 850 1730 878 1730 860 1730 850 1731 852 1731 851 1731 858 1732 892 1732 852 1732 654 1733 890 1733 853 1733 853 1734 890 1734 891 1734 853 1735 891 1735 763 1735 841 1736 889 1736 653 1736 889 1737 841 1737 847 1737 880 1738 889 1738 847 1738 856 1739 889 1739 880 1739 829 1740 854 1740 888 1740 877 1741 854 1741 829 1741 860 1742 877 1742 855 1742 888 1743 877 1743 860 1743 875 1744 849 1744 856 1744 653 1745 856 1745 623 1745 856 1746 652 1746 889 1746 831 1747 857 1747 846 1747 891 1748 654 1748 831 1748 888 1749 860 1749 878 1749 888 1750 860 1750 859 1750 862 1751 858 1751 863 1751 855 1752 863 1752 860 1752 860 1753 863 1753 858 1753 856 1754 865 1754 864 1754 867 1755 820 1755 883 1755 820 1756 867 1756 866 1756 839 1757 641 1757 869 1757 745 1758 868 1758 641 1758 839 1759 869 1759 829 1759 829 1760 869 1760 688 1760 688 1761 869 1761 868 1761 688 1762 868 1762 745 1762 872 1763 870 1763 748 1763 745 1764 872 1764 747 1764 745 1765 871 1765 872 1765 872 1766 748 1766 747 1766 874 1767 873 1767 763 1767 829 1768 876 1768 877 1768 875 1769 876 1769 829 1769 820 1770 623 1770 856 1770 877 1771 875 1771 864 1771 864 1772 875 1772 856 1772 878 1773 839 1773 829 1773 878 1774 838 1774 839 1774 841 1775 830 1775 820 1775 882 1776 841 1776 866 1776 866 1777 841 1777 820 1777 855 1778 877 1778 864 1778 852 1779 879 1779 850 1779 838 1780 850 1780 851 1780 838 1781 851 1781 881 1781 858 1782 852 1782 850 1782 858 1783 850 1783 860 1783 857 1784 880 1784 847 1784 880 1785 857 1785 856 1785 856 1786 857 1786 865 1786 865 1787 857 1787 861 1787 841 1788 840 1788 847 1788 641 1789 839 1789 745 1789 857 1790 654 1790 861 1790 837 1791 881 1791 745 1791 882 1792 846 1792 840 1792 840 1793 846 1793 847 1793 851 1794 834 1794 881 1794 881 1795 871 1795 745 1795 654 1796 853 1796 862 1796 862 1797 853 1797 843 1797 862 1798 843 1798 858 1798 858 1799 843 1799 845 1799 873 1800 664 1800 846 1800 882 1801 866 1801 867 1801 867 1802 866 1802 640 1802 763 1803 873 1803 846 1803 763 1804 846 1804 882 1804 763 1805 882 1805 883 1805 883 1806 882 1806 867 1806 834 1807 748 1807 881 1807 881 1808 748 1808 871 1808 871 1809 748 1809 870 1809 763 1810 884 1810 853 1810 748 1811 844 1811 843 1811 748 1812 843 1812 853 1812 748 1813 853 1813 884 1813 748 1814 884 1814 763 1814 664 1815 874 1815 763 1815 664 1816 763 1816 846 1816 846 1817 763 1817 832 1817 832 1818 763 1818 833 1818 745 1819 746 1819 688 1819 688 1820 746 1820 689 1820 689 1821 746 1821 727 1821 689 1822 727 1822 690 1822 763 1823 760 1823 748 1823 748 1824 760 1824 749 1824 749 1825 760 1825 750 1825 750 1826 760 1826 762 1826 750 1827 762 1827 751 1827 751 1828 762 1828 761 1828 751 1829 761 1829 752 1829 752 1830 761 1830 759 1830 752 1831 759 1831 753 1831 885 1832 886 1832 759 1832 759 1833 886 1833 753 1833 753 1834 886 1834 887 1834 753 1835 887 1835 758 1835 754 1836 753 1836 758 1836 756 1837 758 1837 887 1837 887 1838 886 1838 756 1838 756 1839 886 1839 755 1839 755 1840 886 1840 885 1840 755 1841 885 1841 757 1841 766 1842 765 1842 805 1842 805 1843 765 1843 819 1843 819 1844 765 1844 764 1844 819 1845 764 1845 883 1845 883 1846 764 1846 763 1846 657 1847 862 1847 863 1847 658 1848 862 1848 657 1848 658 1849 861 1849 862 1849 659 1850 865 1850 861 1850 659 1851 861 1851 658 1851 660 1852 865 1852 659 1852 660 1853 864 1853 865 1853 661 1854 855 1854 660 1854 660 1855 855 1855 864 1855 661 1856 863 1856 855 1856 657 1857 863 1857 661 1857 679 1858 877 1858 876 1858 679 1859 876 1859 678 1859 678 1860 876 1860 875 1860 679 1861 875 1861 877 1861 629 1862 860 1862 888 1862 629 1863 888 1863 859 1863 651 1864 850 1864 879 1864 656 1865 892 1865 858 1865 656 1866 858 1866 655 1866 655 1867 858 1867 845 1867 655 1868 845 1868 656 1868 656 1869 845 1869 892 1869 669 1870 853 1870 668 1870 668 1871 853 1871 884 1871 668 1872 884 1872 669 1872 669 1873 884 1873 853 1873 654 1874 857 1874 673 1874 673 1875 857 1875 831 1875 670 1876 831 1876 654 1876 674 1877 880 1877 675 1877 675 1878 880 1878 847 1878 675 1879 847 1879 674 1879 674 1880 847 1880 880 1880 653 1881 889 1881 652 1881 652 1882 856 1882 653 1882 888 1883 677 1883 859 1883 888 1884 859 1884 877 1884 877 1885 859 1885 854 1885 854 1886 677 1886 888 1886 676 1887 841 1887 889 1887 889 1888 652 1888 676 1888 891 1889 671 1889 654 1889 654 1890 671 1890 670 1890 654 1891 670 1891 890 1891 891 1892 890 1892 671 1892 892 1893 672 1893 651 1893 892 1894 651 1894 852 1894 852 1895 651 1895 851 1895 851 1896 651 1896 672 1896 851 1897 672 1897 892 1897 850 1898 650 1898 878 1898 878 1899 650 1899 629 1899 621 1900 848 1900 849 1900 849 1901 848 1901 856 1901 848 1902 678 1902 849 1902 848 1903 621 1903 678 1903 648 1904 847 1904 846 1904 648 1905 846 1905 649 1905 847 1906 648 1906 674 1906 847 1907 674 1907 857 1907 857 1908 674 1908 649 1908 857 1909 649 1909 846 1909 646 1910 845 1910 843 1910 647 1911 843 1911 844 1911 647 1912 844 1912 646 1912 646 1913 844 1913 845 1913 873 1914 665 1914 664 1914 874 1915 664 1915 663 1915 874 1916 663 1916 873 1916 873 1917 663 1917 665 1917 867 1918 639 1918 866 1918 866 1919 639 1919 640 1919 867 1920 640 1920 639 1920 871 1921 870 1921 667 1921 871 1922 667 1922 872 1922 872 1923 667 1923 666 1923 872 1924 666 1924 870 1924 869 1925 643 1925 644 1925 869 1926 644 1926 868 1926 868 1927 644 1927 641 1927 869 1928 641 1928 643 1928 637 1929 636 1929 882 1929 882 1930 636 1930 842 1930 842 1931 638 1931 841 1931 841 1932 638 1932 635 1932 841 1933 635 1933 840 1933 840 1934 635 1934 637 1934 881 1935 632 1935 634 1935 881 1936 634 1936 838 1936 837 1937 632 1937 881 1937 837 1938 631 1938 632 1938 839 1939 633 1939 837 1939 837 1940 633 1940 631 1940 838 1941 634 1941 839 1941 839 1942 634 1942 633 1942 888 1943 630 1943 836 1943 836 1944 630 1944 628 1944 836 1945 628 1945 878 1945 888 1946 629 1946 630 1946 878 1947 628 1947 629 1947 878 1948 629 1948 888 1948 892 1949 656 1949 834 1949 834 1950 656 1950 627 1950 835 1951 626 1951 656 1951 835 1952 656 1952 892 1952 834 1953 627 1953 835 1953 835 1954 627 1954 626 1954 670 1955 831 1955 832 1955 625 1956 832 1956 833 1956 625 1957 833 1957 831 1957 625 1958 831 1958 670 1958 623 1959 830 1959 622 1959 622 1960 830 1960 653 1960 621 1961 653 1961 623 1961 737 1962 698 1962 736 1962 736 1963 698 1963 699 1963 736 1964 699 1964 737 1964 737 1965 699 1965 698 1965 801 1966 786 1966 773 1966 801 1967 773 1967 802 1967 802 1968 773 1968 786 1968 802 1969 786 1969 801 1969 696 1970 725 1970 726 1970 696 1971 726 1971 695 1971 799 1972 772 1972 771 1972 799 1973 771 1973 800 1973 800 1974 771 1974 772 1974 800 1975 772 1975 799 1975 715 1976 743 1976 716 1976 717 1977 742 1977 718 1977 718 1978 742 1978 741 1978 718 1979 741 1979 717 1979 717 1980 741 1980 742 1980</p>
                </triangles>
            </mesh>
        </geometry>
    </library_geometries>
    <library_visual_scenes>
        <visual_scene id="VisualSceneNode" name="VisualScene">
            <node id="node" name="node">
                <instance_geometry url="#shape0-lib">
                    <bind_material>
                        <technique_common/>
                    </bind_material>
                </instance_geometry>
            </node>
        </visual_scene>
    </library_visual_scenes>
    <scene>
        <instance_visual_scene url="#VisualSceneNode"/>
    </scene>
</COLLADA>
